contract,ticker,expiry,dte,type,strike,moneyness_pct,spot,bid,ask,mid,last,spread_pct,iv,delta,gamma,theta,vega,theo,prob_itm,volume,oi
GEV261009C00720000,GEV,2026-10-09,15,C,720.0,-24.68,955.965,233.2,241.7,237.45,234.7,3.6,0.0,0.9958,0.0001,0.0,0.0249,,,1,1
GEV261009P00720000,GEV,2026-10-09,15,P,720.0,-24.68,955.965,0.0,1.3,0.58,0.58,,0.659,-0.0043,0.0001,-0.0387,0.025,0.6503,1.9,0,6
GEV261009C00725000,GEV,2026-10-09,15,C,725.0,-24.16,955.965,228.1,236.3,232.2,219.2,3.5,0.0,0.9952,0.0001,0.0,0.0282,,,0,4
GEV261009P00725000,GEV,2026-10-09,15,P,725.0,-24.16,955.965,0.0,1.2,0.65,0.65,,0.6376,-0.0049,0.0001,-0.0436,0.0282,0.6003,1.8,0,1
GEV261009C00730000,GEV,2026-10-09,15,C,730.0,-23.64,955.965,223.5,231.4,227.45,216.29,3.5,0.0,0.9945,0.0001,0.0,0.0318,,,5,0
GEV261009P00730000,GEV,2026-10-09,15,P,730.0,-23.64,955.965,0.05,2.9,1.475,0.55,193.2,0.7179,-0.0056,0.0001,-0.0491,0.0318,1.4695,3.7,0,4
GEV261009C00735000,GEV,2026-10-09,15,C,735.0,-23.11,955.965,218.2,226.3,222.25,0.0,3.6,0.0,0.9937,0.0002,0.0,0.0357,,,0,0
GEV261009P00735000,GEV,2026-10-09,15,P,735.0,-23.11,955.965,0.0,4.5,0.71,0.71,,0.7585,-0.0064,0.0002,-0.0552,0.0357,2.2371,5.0,0,6
GEV261009C00740000,GEV,2026-10-09,15,C,740.0,-22.59,955.965,213.2,221.8,217.5,0.0,4.0,0.0,0.9928,0.0002,0.0,0.0402,,,0,0
GEV261009P00740000,GEV,2026-10-09,15,P,740.0,-22.59,955.965,0.0,4.5,0.71,0.71,,0.7423,-0.0073,0.0002,-0.062,0.0403,2.2377,5.1,0,26
GEV261009C00745000,GEV,2026-10-09,15,C,745.0,-22.07,955.965,208.6,216.4,212.5,0.0,3.7,0.0,0.9918,0.0002,0.0,0.0451,,,0,0
GEV261009P00745000,GEV,2026-10-09,15,P,745.0,-22.07,955.965,0.05,1.1,0.575,0.87,182.6,0.5791,-0.0084,0.0002,-0.0696,0.0452,0.5755,1.9,0,75
GEV261009C00750000,GEV,2026-10-09,15,C,750.0,-21.55,955.965,203.3,211.5,207.4,0.0,4.0,0.0,0.9906,0.0002,0.0,0.0506,,,0,0
GEV261009P00750000,GEV,2026-10-09,15,P,750.0,-21.55,955.965,0.0,4.6,1.2,1.2,,0.7131,-0.0095,0.0002,-0.078,0.0506,2.2879,5.3,5,49
GEV261009C00755000,GEV,2026-10-09,15,C,755.0,-21.02,955.965,198.7,206.6,202.65,0.0,3.9,0.4204,0.9893,0.0003,-0.0099,0.0566,202.2623,99.7,0,0
GEV261009P00755000,GEV,2026-10-09,15,P,755.0,-21.02,955.965,0.25,0.75,0.5,0.9,100.0,0.5413,-0.0108,0.0003,-0.0872,0.0568,0.501,1.7,0,7
GEV261009C00760000,GEV,2026-10-09,15,C,760.0,-20.5,955.965,193.4,202.0,197.7,0.0,4.4,0.4323,0.9878,0.0003,-0.022,0.0633,197.3104,99.5,0,0
GEV261009P00760000,GEV,2026-10-09,15,P,760.0,-20.5,955.965,0.0,4.6,0.8,0.8,,0.681,-0.0123,0.0003,-0.0974,0.0635,2.2883,5.4,0,17
GEV261009C00765000,GEV,2026-10-09,15,C,765.0,-19.98,955.965,188.5,196.6,192.55,0.0,4.2,0.0,0.9861,0.0004,-0.0351,0.0708,,,0,0
GEV261009P00765000,GEV,2026-10-09,15,P,765.0,-19.98,955.965,0.2,0.95,0.575,0.5,130.4,0.5254,-0.014,0.0004,-0.1087,0.0709,0.5756,2.0,0,16
GEV261009C00770000,GEV,2026-10-09,15,C,770.0,-19.45,955.965,183.7,192.0,187.85,0.0,4.4,0.4519,0.9842,0.0004,-0.0493,0.0788,187.4568,99.0,0,0
GEV261009P00770000,GEV,2026-10-09,15,P,770.0,-19.45,955.965,0.0,1.1,2.1,2.1,,0.5089,-0.0159,0.0004,-0.121,0.0789,0.5514,2.0,0,42
GEV261009C00775000,GEV,2026-10-09,15,C,775.0,-18.93,955.965,180.0,186.6,183.3,0.0,3.6,0.5099,0.9821,0.0004,-0.0646,0.0876,182.9037,97.7,0,0
GEV261009P00775000,GEV,2026-10-09,15,P,775.0,-18.93,955.965,0.1,1.2,0.65,2.0,169.2,0.5082,-0.0181,0.0004,-0.1345,0.088,0.6513,2.3,1,80
GEV261009C00780000,GEV,2026-10-09,15,C,780.0,-18.41,955.965,173.7,181.5,177.6,0.0,4.4,0.0,0.9797,0.0005,-0.0813,0.0974,,,0,0
GEV261009P00780000,GEV,2026-10-09,15,P,780.0,-18.41,955.965,0.3,1.8,1.05,1.4,142.9,0.5342,-0.0204,0.0005,-0.1493,0.0976,1.0488,3.3,0,57
GEV261009C00785000,GEV,2026-10-09,15,C,785.0,-17.88,955.965,168.9,177.5,173.2,0.0,5.0,0.4688,0.977,0.0006,-0.0992,0.1081,172.7999,97.9,0,0
GEV261009P00785000,GEV,2026-10-09,15,P,785.0,-17.88,955.965,0.0,5.0,2.63,2.63,,0.6122,-0.0231,0.0006,-0.1654,0.1082,2.4878,6.2,1,18
GEV261009C00790000,GEV,2026-10-09,15,C,790.0,-17.36,955.965,164.4,172.0,168.2,0.0,4.5,0.4545,0.9741,0.0006,-0.1185,0.1195,167.7978,97.9,0,0
GEV261009P00790000,GEV,2026-10-09,15,P,790.0,-17.36,955.965,0.0,5.1,2.72,2.72,,0.5988,-0.0261,0.0006,-0.1829,0.1197,2.5378,6.4,1,41
GEV261009C00795000,GEV,2026-10-09,15,C,795.0,-16.84,955.965,159.1,167.0,163.05,0.0,4.8,0.4196,0.9707,0.0007,-0.1393,0.1319,162.6463,98.4,0,0
GEV261009P00795000,GEV,2026-10-09,15,P,795.0,-16.84,955.965,0.0,1.7,1.48,1.48,,0.4748,-0.0294,0.0007,-0.2019,0.1324,0.8503,3.0,0,94
GEV261009C00800000,GEV,2026-10-09,15,C,800.0,-16.31,955.965,154.3,162.3,158.3,138.3,5.1,0.4378,0.967,0.0008,-0.1616,0.1456,157.8935,97.6,0,4
GEV261009P00800000,GEV,2026-10-09,15,P,800.0,-16.31,955.965,0.25,4.5,2.375,1.63,178.9,0.5585,-0.0332,0.0008,-0.2224,0.1458,2.3644,6.3,0,52
GEV261009C00805000,GEV,2026-10-09,15,C,805.0,-15.79,955.965,149.4,157.9,153.65,131.0,5.5,0.4563,0.963,0.0008,-0.1854,0.1601,153.2404,96.6,0,1
GEV261009P00805000,GEV,2026-10-09,15,P,805.0,-15.79,955.965,0.35,4.3,2.325,1.85,169.9,0.5404,-0.0373,0.0008,-0.2444,0.1602,2.315,6.3,0,12
GEV261009C00810000,GEV,2026-10-09,15,C,810.0,-15.27,955.965,144.6,152.9,148.75,84.25,5.6,0.4496,0.9584,0.0009,-0.2109,0.1756,148.3392,96.3,0,1
GEV261009P00810000,GEV,2026-10-09,15,P,810.0,-15.27,955.965,0.7,4.6,2.65,1.8,147.2,0.54,-0.0418,0.0009,-0.2681,0.1765,2.6392,7.0,3,37
GEV261009C00815000,GEV,2026-10-09,15,C,815.0,-14.75,955.965,140.0,148.6,144.3,0.0,6.0,0.4708,0.9534,0.001,-0.238,0.1924,143.8843,95.0,0,0
GEV261009P00815000,GEV,2026-10-09,15,P,815.0,-14.75,955.965,0.2,5.8,3.0,2.4,186.7,0.539,-0.0469,0.001,-0.2935,0.1929,2.9854,7.8,0,43
GEV261009C00820000,GEV,2026-10-09,15,C,820.0,-14.22,955.965,135.2,144.0,139.6,119.5,6.3,0.4719,0.9479,0.0011,-0.2667,0.2104,139.1824,94.2,0,4
GEV261009P00820000,GEV,2026-10-09,15,P,820.0,-14.22,955.965,1.0,4.2,2.6,2.63,123.1,0.5061,-0.0524,0.0011,-0.3204,0.2106,2.5894,7.2,3,48
GEV261009C00825000,GEV,2026-10-09,15,C,825.0,-13.7,955.965,130.8,138.8,134.8,93.86,5.9,0.4662,0.9418,0.0012,-0.2971,0.2291,134.3786,93.7,0,3
GEV261009P00825000,GEV,2026-10-09,15,P,825.0,-13.7,955.965,0.05,4.1,2.075,3.8,195.2,0.4667,-0.0585,0.0012,-0.349,0.23,2.0689,6.3,1,35
GEV261009C00830000,GEV,2026-10-09,15,C,830.0,-13.18,955.965,126.0,134.0,130.0,113.51,6.2,0.4598,0.9351,0.0014,-0.3291,0.2491,129.578,93.1,0,1
GEV261009P00830000,GEV,2026-10-09,15,P,830.0,-13.18,955.965,1.5,4.2,2.85,3.66,94.7,0.4848,-0.0652,0.0014,-0.3793,0.25,2.8394,8.0,12,94
GEV261009C00835000,GEV,2026-10-09,15,C,835.0,-12.65,955.965,121.0,129.3,125.15,73.0,6.6,0.4504,0.9278,0.0015,-0.3626,0.2705,124.7249,92.7,0,2
GEV261009P00835000,GEV,2026-10-09,15,P,835.0,-12.65,955.965,1.65,4.3,2.975,2.75,89.1,0.4736,-0.0725,0.0015,-0.4112,0.2709,2.9629,8.4,25,111
GEV261009C00840000,GEV,2026-10-09,15,C,840.0,-12.13,955.965,116.4,125.4,120.9,77.5,7.4,0.4636,0.9199,0.0016,-0.3977,0.2924,120.4723,91.1,0,4
GEV261009P00840000,GEV,2026-10-09,15,P,840.0,-12.13,955.965,1.9,5.1,3.5,3.53,91.4,0.4764,-0.0805,0.0016,-0.4445,0.2929,3.4875,9.5,4,25
GEV261009C00845000,GEV,2026-10-09,15,C,845.0,-11.61,955.965,112.0,120.3,116.15,58.17,7.1,0.4557,0.9113,0.0017,-0.4342,0.3154,115.7183,90.4,0,2
GEV261009P00845000,GEV,2026-10-09,15,P,845.0,-11.61,955.965,2.6,4.7,3.65,5.4,57.5,0.4649,-0.0892,0.0018,-0.4794,0.3167,3.6374,10.0,1,35
GEV261009C00850000,GEV,2026-10-09,15,C,850.0,-11.08,955.965,108.2,115.2,111.7,98.75,6.3,0.4568,0.9019,0.0019,-0.472,0.3397,111.2663,89.3,8,13
GEV261009P00850000,GEV,2026-10-09,15,P,850.0,-11.08,955.965,3.3,5.3,4.3,5.05,46.5,0.4684,-0.0986,0.0019,-0.5155,0.3404,4.2818,11.4,2,158
GEV261009C00855000,GEV,2026-10-09,15,C,855.0,-10.56,955.965,103.8,111.0,107.4,64.9,6.7,0.4603,0.8918,0.002,-0.511,0.3645,106.9626,87.8,0,1
GEV261009P00855000,GEV,2026-10-09,15,P,855.0,-10.56,955.965,3.6,6.9,5.25,6.0,62.9,0.478,-0.1087,0.002,-0.5528,0.365,5.2287,13.1,0,20
GEV261009C00860000,GEV,2026-10-09,15,C,860.0,-10.04,955.965,99.4,106.8,103.1,82.14,7.2,0.4617,0.8809,0.0022,-0.551,0.3898,102.6628,86.5,0,3
GEV261009P00860000,GEV,2026-10-09,15,P,860.0,-10.04,955.965,4.3,5.6,4.95,7.4,26.3,0.4522,-0.1197,0.0022,-0.5911,0.3916,4.9304,13.0,10,234
GEV261009C00865000,GEV,2026-10-09,15,C,865.0,-9.52,955.965,95.1,101.7,98.4,91.35,6.7,0.4512,0.8692,0.0023,-0.5918,0.4162,97.96,85.7,0,15
GEV261009P00865000,GEV,2026-10-09,15,P,865.0,-9.52,955.965,5.1,7.3,6.2,9.2,35.5,0.466,-0.1315,0.0024,-0.6303,0.4171,6.1718,15.2,10,44
GEV261009C00870000,GEV,2026-10-09,15,C,870.0,-8.99,955.965,90.8,97.9,94.35,82.15,7.5,0.4556,0.8567,0.0025,-0.6331,0.4428,93.9081,83.9,4,19
GEV261009P00870000,GEV,2026-10-09,15,P,870.0,-8.99,955.965,6.1,8.1,7.1,6.41,28.2,0.4684,-0.144,0.0025,-0.67,0.4433,7.0721,16.8,12,30
GEV261009C00875000,GEV,2026-10-09,15,C,875.0,-8.47,955.965,86.6,94.0,90.3,86.63,8.2,0.4578,0.8434,0.0027,-0.6748,0.4693,89.8579,82.2,0,22
GEV261009P00875000,GEV,2026-10-09,15,P,875.0,-8.47,955.965,6.1,9.7,7.9,16.8,45.6,0.4667,-0.1575,0.0027,-0.7101,0.4715,7.8694,18.3,8,10
GEV261009C00880000,GEV,2026-10-09,15,C,880.0,-7.95,955.965,81.8,89.7,85.75,87.62,9.2,0.4478,0.8292,0.0028,-0.7165,0.4964,85.3079,81.2,0,17
GEV261009P00880000,GEV,2026-10-09,15,P,880.0,-7.95,955.965,6.8,11.7,9.25,11.0,53.0,0.4745,-0.1718,0.0028,-0.7503,0.4976,9.2118,20.3,0,102
GEV261009C00885000,GEV,2026-10-09,15,C,885.0,-7.42,955.965,77.6,86.0,81.8,83.78,10.3,0.4489,0.8141,0.003,-0.758,0.5234,81.3542,79.4,0,16
GEV261009P00885000,GEV,2026-10-09,15,P,885.0,-7.42,955.965,7.6,11.7,9.65,11.0,42.5,0.462,-0.1869,0.003,-0.7902,0.524,9.6114,21.4,1,33
GEV261009C00890000,GEV,2026-10-09,15,C,890.0,-6.9,955.965,73.8,82.0,77.9,65.2,10.5,0.4493,0.7982,0.0032,-0.799,0.5497,77.4574,77.6,0,10
GEV261009P00890000,GEV,2026-10-09,15,P,890.0,-6.9,955.965,9.6,12.5,11.05,10.3,26.2,0.4672,-0.2028,0.0032,-0.8295,0.5522,11.008,23.4,7,21
GEV261009C00895000,GEV,2026-10-09,15,C,895.0,-6.38,955.965,69.9,78.2,74.05,76.95,11.2,0.4488,0.7815,0.0033,-0.839,0.5758,73.604,75.7,10,2
GEV261009P00895000,GEV,2026-10-09,15,P,895.0,-6.38,955.965,9.8,13.6,11.7,11.5,32.5,0.4574,-0.2196,0.0033,-0.8681,0.5771,11.659,24.8,7,13
GEV261009C00900000,GEV,2026-10-09,15,C,900.0,-5.85,955.965,66.0,74.6,70.3,73.06,12.2,0.4485,0.764,0.0035,-0.8779,0.6013,69.8556,73.8,10,11
GEV261009P00900000,GEV,2026-10-09,15,P,900.0,-5.85,955.965,11.9,15.1,13.5,12.5,23.7,0.4659,-0.2372,0.0035,-0.9054,0.602,13.4542,27.1,30,79
GEV261009C00905000,GEV,2026-10-09,15,C,905.0,-5.33,955.965,63.1,70.0,66.55,71.43,10.4,0.4466,0.7458,0.0036,-0.9153,0.6254,66.1061,71.8,0,15
GEV261009P00905000,GEV,2026-10-09,15,P,905.0,-5.33,955.965,12.0,18.0,15.0,25.15,40.0,0.4673,-0.2556,0.0036,-0.9412,0.628,14.9455,29.2,0,2
GEV261009C00907500,GEV,2026-10-09,15,C,907.5,-5.07,955.965,61.3,69.0,65.15,0.0,11.8,0.4526,0.7364,0.0037,-0.9333,0.6371,64.7053,70.5,0,0
GEV261009P00907500,GEV,2026-10-09,15,P,907.5,-5.07,955.965,12.6,19.2,15.9,0.0,41.5,0.4698,-0.2651,0.0037,-0.9585,0.639,15.8464,30.3,0,0
GEV261009C00910000,GEV,2026-10-09,15,C,910.0,-4.81,955.965,58.7,67.0,62.85,53.37,13.2,0.4441,0.7268,0.0038,-0.9508,0.6486,62.4115,69.9,0,18
GEV261009P00910000,GEV,2026-10-09,15,P,910.0,-4.81,955.965,12.6,17.8,15.2,15.0,34.2,0.4472,-0.2748,0.0038,-0.9752,0.6499,15.1509,30.3,1,35
GEV261009C00912500,GEV,2026-10-09,15,C,912.5,-4.55,955.965,57.1,65.5,61.3,0.0,13.7,0.4469,0.717,0.0038,-0.9678,0.6598,60.8641,68.7,0,0
GEV261009P00912500,GEV,2026-10-09,15,P,912.5,-4.55,955.965,12.9,20.5,16.7,0.0,45.5,0.4582,-0.2846,0.0039,-0.9914,0.6609,16.6425,31.8,0,0
GEV261009C00915000,GEV,2026-10-09,15,C,915.0,-4.29,955.965,56.1,64.0,60.05,48.92,13.2,0.4536,0.7071,0.0039,-0.9841,0.6706,59.6105,67.3,0,11
GEV261009P00915000,GEV,2026-10-09,15,P,915.0,-4.29,955.965,14.4,20.9,17.65,18.3,36.8,0.4604,-0.2946,0.0039,-1.007,0.6713,17.5978,33.0,0,7
GEV261009C00917500,GEV,2026-10-09,15,C,917.5,-4.02,955.965,54.3,61.0,57.65,0.0,11.6,0.4428,0.697,0.004,-0.9999,0.6809,57.2131,66.7,0,0
GEV261009P00917500,GEV,2026-10-09,15,P,917.5,-4.02,955.965,15.3,22.0,18.65,0.0,35.9,0.4627,-0.3047,0.004,-1.0219,0.6817,18.5911,34.1,0,0
GEV261009C00920000,GEV,2026-10-09,15,C,920.0,-3.76,955.965,52.7,60.4,56.55,58.81,13.6,0.4508,0.6867,0.004,-1.015,0.6907,56.1122,65.2,0,7
GEV261009P00920000,GEV,2026-10-09,15,P,920.0,-3.76,955.965,15.7,21.4,18.55,20.1,30.7,0.4488,-0.315,0.0041,-1.0363,0.6929,18.4986,34.7,1,11
GEV261009C00922500,GEV,2026-10-09,15,C,922.5,-3.5,955.965,51.0,58.0,54.5,0.0,12.8,0.4446,0.6763,0.0041,-1.0294,0.7,54.0656,64.4,0,0
GEV261009P00922500,GEV,2026-10-09,15,P,922.5,-3.5,955.965,15.8,23.6,19.7,23.38,39.6,0.4526,-0.3255,0.0041,-1.0499,0.7017,19.6429,35.9,0,1
GEV261009C00925000,GEV,2026-10-09,15,C,925.0,-3.24,955.965,49.0,57.0,53.0,43.34,15.1,0.446,0.6658,0.0042,-1.043,0.7091,52.5716,63.2,2,15
GEV261009P00925000,GEV,2026-10-09,15,P,925.0,-3.24,955.965,17.5,23.5,20.5,70.55,29.3,0.451,-0.3361,0.0042,-1.0628,0.7102,20.4403,37.0,0,30
GEV261009C00927500,GEV,2026-10-09,15,C,927.5,-2.98,955.965,47.7,55.0,51.35,0.0,14.2,0.4448,0.6552,0.0042,-1.056,0.7177,50.9225,62.1,0,0
GEV261009P00927500,GEV,2026-10-09,15,P,927.5,-2.98,955.965,17.6,25.0,21.3,0.0,34.7,0.449,-0.3469,0.0042,-1.0749,0.7186,21.2342,38.0,0,0
GEV261009C00930000,GEV,2026-10-09,15,C,930.0,-2.72,955.965,46.1,53.0,49.55,53.72,13.9,0.4412,0.6444,0.0043,-1.068,0.7257,49.1266,61.1,0,24
GEV261009P00930000,GEV,2026-10-09,15,P,930.0,-2.72,955.965,18.7,25.3,22.0,25.7,30.0,0.4454,-0.3577,0.0043,-1.0863,0.7264,21.9374,39.0,0,56
GEV261009C00932500,GEV,2026-10-09,15,C,932.5,-2.45,955.965,44.6,51.7,48.15,37.45,14.7,0.4427,0.6335,0.0043,-1.0793,0.7332,47.7259,59.9,1,0
GEV261009P00932500,GEV,2026-10-09,15,P,932.5,-2.45,955.965,20.3,27.0,23.65,0.0,28.3,0.4544,-0.3686,0.0043,-1.0968,0.7338,23.5839,40.5,0,0
GEV261009C00935000,GEV,2026-10-09,15,C,935.0,-2.19,955.965,43.4,51.0,47.2,40.4,16.1,0.45,0.6225,0.0044,-1.0898,0.74,46.7838,58.5,0,17
GEV261009P00935000,GEV,2026-10-09,15,P,935.0,-2.19,955.965,21.1,28.0,24.55,28.54,28.1,0.4527,-0.3797,0.0044,-1.1065,0.7415,24.4823,41.5,0,3
GEV261009C00937500,GEV,2026-10-09,15,C,937.5,-1.93,955.965,43.9,47.9,45.9,43.85,8.7,0.4486,0.6114,0.0044,-1.0994,0.7463,45.2331,57.4,4,0
GEV261009P00937500,GEV,2026-10-09,15,P,937.5,-1.93,955.965,22.1,28.7,25.4,0.0,26.0,0.45,-0.3909,0.0044,-1.1153,0.7473,25.3324,42.6,0,0
GEV261009C00940000,GEV,2026-10-09,15,C,940.0,-1.67,955.965,40.3,46.6,43.45,43.7,14.5,0.4383,0.6003,0.0044,-1.1081,0.7521,43.0426,56.5,0,8
GEV261009P00940000,GEV,2026-10-09,15,P,940.0,-1.67,955.965,23.0,29.4,26.2,39.3,24.4,0.446,-0.4024,0.0045,-1.1233,0.7528,26.1105,43.7,1,25
GEV261009C00942500,GEV,2026-10-09,15,C,942.5,-1.41,955.965,38.0,45.6,41.8,41.9,18.2,0.435,0.589,0.0045,-1.1159,0.7573,41.3983,55.4,3,51
GEV261009P00942500,GEV,2026-10-09,15,P,942.5,-1.41,955.965,24.2,30.7,27.45,32.49,23.7,0.4479,-0.4137,0.0045,-1.1303,0.7578,27.3584,44.9,2,1
GEV261009C00945000,GEV,2026-10-09,15,C,945.0,-1.15,955.965,37.9,43.8,40.85,30.8,14.4,0.4405,0.5778,0.0045,-1.1227,0.7619,40.4481,54.1,1,78
GEV261009P00945000,GEV,2026-10-09,15,P,945.0,-1.15,955.965,25.0,32.0,28.5,26.47,24.6,0.4468,-0.425,0.0045,-1.1364,0.7622,28.4092,46.0,2,2
GEV261009C00947500,GEV,2026-10-09,15,C,947.5,-0.89,955.965,36.0,42.4,39.2,44.4,16.3,0.4364,0.5664,0.0045,-1.1286,0.7659,38.7997,53.0,0,1
GEV261009P00947500,GEV,2026-10-09,15,P,947.5,-0.89,955.965,26.2,32.9,29.55,0.0,22.7,0.4453,-0.4365,0.0046,-1.1415,0.7661,29.4575,47.1,0,0
GEV261009C00950000,GEV,2026-10-09,15,C,950.0,-0.62,955.965,35.2,41.8,38.5,25.5,17.1,0.4444,0.555,0.0046,-1.1336,0.7692,38.1051,51.7,1,65
GEV261009P00950000,GEV,2026-10-09,15,P,950.0,-0.62,955.965,27.4,33.8,30.6,36.13,20.9,0.4435,-0.4479,0.0046,-1.1458,0.7692,30.5108,48.3,0,22
GEV261009C00952500,GEV,2026-10-09,15,C,952.5,-0.36,955.965,33.8,39.9,36.85,36.6,16.6,0.4396,0.5436,0.0046,-1.1376,0.7719,36.4601,50.6,3,0
GEV261009P00952500,GEV,2026-10-09,15,P,952.5,-0.36,955.965,28.4,35.3,31.85,36.4,21.7,0.4438,-0.4595,0.0046,-1.1489,0.7718,31.7536,49.5,0,2
GEV261009C00955000,GEV,2026-10-09,15,C,955.0,-0.1,955.965,32.6,38.7,35.65,28.28,17.1,0.4403,0.5322,0.0046,-1.1407,0.774,35.2662,49.4,2,7
GEV261009P00955000,GEV,2026-10-09,15,P,955.0,-0.1,955.965,29.1,36.5,32.8,39.0,22.6,0.4399,-0.471,0.0046,-1.1512,0.7737,32.7018,50.6,0,4
GEV261009C00957500,GEV,2026-10-09,15,C,957.5,0.16,955.965,30.5,38.0,34.25,35.85,21.9,0.438,0.5207,0.0046,-1.1428,0.7755,33.8701,48.2,3,0
GEV261009P00957500,GEV,2026-10-09,15,P,957.5,0.16,955.965,31.3,38.0,34.65,0.0,19.3,0.4472,-0.4826,0.0046,-1.1525,0.7751,34.5429,51.8,0,0
GEV261009C00960000,GEV,2026-10-09,15,C,960.0,0.42,955.965,31.8,35.4,33.6,25.52,10.7,0.445,0.5093,0.0046,-1.1439,0.7763,33.2216,47.1,7,53
GEV261009P00960000,GEV,2026-10-09,15,P,960.0,0.42,955.965,32.0,39.4,35.7,41.1,20.7,0.4439,-0.4941,0.0046,-1.1528,0.7759,35.5948,52.9,0,12
GEV261009C00962500,GEV,2026-10-09,15,C,962.5,0.68,955.965,28.2,34.9,31.55,0.0,21.2,0.4336,0.4979,0.0046,-1.1441,0.7765,31.1798,45.9,0,0
GEV261009P00962500,GEV,2026-10-09,15,P,962.5,0.68,955.965,32.5,40.4,36.45,0.0,21.7,0.4364,-0.5056,0.0046,-1.1523,0.776,36.3504,54.1,0,0
GEV261009C00965000,GEV,2026-10-09,15,C,965.0,0.95,955.965,29.0,33.1,31.05,31.56,13.2,0.4418,0.4865,0.0046,-1.1433,0.7761,30.682,44.8,0,17
GEV261009P00965000,GEV,2026-10-09,15,P,965.0,0.95,955.965,34.3,41.8,38.05,56.31,19.7,0.4394,-0.5171,0.0046,-1.1508,0.775,37.9466,55.2,0,4
GEV261009C00967500,GEV,2026-10-09,15,C,967.5,1.21,955.965,26.1,32.1,29.1,30.4,20.6,0.431,0.4751,0.0046,-1.1416,0.7751,28.7461,43.6,15,0
GEV261009P00967500,GEV,2026-10-09,15,P,967.5,1.21,955.965,35.5,43.2,39.35,0.0,19.6,0.4381,-0.5286,0.0046,-1.1482,0.7731,39.2394,56.4,0,0
GEV261009C00970000,GEV,2026-10-09,15,C,970.0,1.47,955.965,25.9,31.9,28.9,28.9,20.8,0.4423,0.4638,0.0046,-1.1389,0.7734,28.5425,42.5,2,36
GEV261009P00970000,GEV,2026-10-09,15,P,970.0,1.47,955.965,37.7,44.5,41.1,47.1,16.5,0.4423,-0.54,0.0046,-1.1447,0.7714,40.9843,57.5,1,18
GEV261009C00975000,GEV,2026-10-09,15,C,975.0,1.99,955.965,22.8,30.0,26.4,20.4,27.3,0.4368,0.4413,0.0046,-1.1308,0.7682,26.0568,40.2,2,20
GEV261009P00975000,GEV,2026-10-09,15,P,975.0,1.99,955.965,40.6,47.6,44.1,47.91,15.9,0.4432,-0.5627,0.0046,-1.1351,0.7664,43.9791,59.7,0,13
GEV261009C00980000,GEV,2026-10-09,15,C,980.0,2.51,955.965,21.7,28.0,24.85,23.35,25.4,0.442,0.4193,0.0045,-1.1193,0.7607,24.4988,38.1,2,28
GEV261009P00980000,GEV,2026-10-09,15,P,980.0,2.51,955.965,44.0,50.5,47.25,61.7,13.8,0.4447,-0.5851,0.0046,-1.1221,0.7582,47.1282,61.9,0,2
GEV261009C00985000,GEV,2026-10-09,15,C,985.0,3.04,955.965,19.6,25.4,22.5,23.0,25.8,0.4355,0.3975,0.0045,-1.1043,0.7511,22.168,35.8,0,9
GEV261009P00985000,GEV,2026-10-09,15,P,985.0,3.04,955.965,45.5,54.0,49.75,70.0,17.1,0.4359,-0.6072,0.0045,-1.1054,0.7466,49.6149,64.2,0,2
GEV261009C00990000,GEV,2026-10-09,15,C,990.0,3.56,955.965,17.3,22.5,19.9,16.0,26.1,0.4239,0.376,0.0044,-1.0862,0.7392,19.5885,33.3,1,6
GEV261009P00990000,GEV,2026-10-09,15,P,990.0,3.56,955.965,50.2,55.8,53.0,115.34,10.6,0.4357,-0.6288,0.0044,-1.0857,0.7353,52.8587,66.3,0,1
GEV261009C00995000,GEV,2026-10-09,15,C,995.0,4.08,955.965,17.9,21.0,19.45,13.0,15.9,0.4404,0.355,0.0043,-1.0648,0.725,19.1579,31.8,18,22
GEV261009P00995000,GEV,2026-10-09,15,P,995.0,4.08,955.965,52.4,60.4,56.4,67.25,14.2,0.4361,-0.65,0.0044,-1.0633,0.7216,56.2503,68.4,0,13
GEV261009C01000000,GEV,2026-10-09,15,C,1000.0,4.61,955.965,16.3,19.0,17.65,17.5,15.3,0.4366,0.3348,0.0042,-1.0413,0.7098,17.356,29.7,56,128
GEV261009P01000000,GEV,2026-10-09,15,P,1000.0,4.61,955.965,55.5,63.9,59.7,71.45,14.1,0.4335,-0.6706,0.0043,-1.0377,0.7022,59.5317,70.5,0,11
GEV261009C01005000,GEV,2026-10-09,15,C,1005.0,5.13,955.965,13.2,17.9,15.55,22.5,30.2,0.4271,0.315,0.0041,-1.0151,0.6924,15.2788,27.4,0,22
GEV261009P01005000,GEV,2026-10-09,15,P,1005.0,5.13,955.965,59.4,67.4,63.4,74.75,12.6,0.4354,-0.6906,0.0042,-1.0101,0.6861,63.2266,72.3,0,10
GEV261009C01010000,GEV,2026-10-09,15,C,1010.0,5.65,955.965,11.5,16.1,13.8,14.61,33.3,0.4208,0.296,0.004,-0.9867,0.6735,13.5481,25.2,3,16
GEV261009P01010000,GEV,2026-10-09,15,P,1010.0,5.65,955.965,62.8,71.0,66.9,0.0,12.3,0.4329,-0.7099,0.004,-0.9804,0.6675,66.7179,74.3,0,0
GEV261009C01015000,GEV,2026-10-09,15,C,1015.0,6.18,955.965,10.2,15.8,13.0,14.36,43.1,0.4274,0.2775,0.0039,-0.9564,0.6536,12.7524,23.7,0,11
GEV261009P01015000,GEV,2026-10-09,15,P,1015.0,6.18,955.965,66.4,74.7,70.55,0.0,11.8,0.4309,-0.7286,0.0039,-0.9486,0.6419,70.3427,76.1,0,0
GEV261009C01020000,GEV,2026-10-09,15,C,1020.0,6.7,955.965,9.9,14.4,12.15,10.5,37.0,0.4324,0.2598,0.0037,-0.9246,0.6327,11.9189,22.2,2,26
GEV261009P01020000,GEV,2026-10-09,15,P,1020.0,6.7,955.965,70.2,78.2,74.2,78.7,10.8,0.4275,-0.7466,0.0038,-0.9152,0.6223,73.9782,78.0,0,12
GEV261009C01025000,GEV,2026-10-09,15,C,1025.0,7.22,955.965,8.1,12.7,10.4,14.0,44.2,0.4211,0.2428,0.0036,-0.8916,0.6104,10.188,20.0,0,15
GEV261009P01025000,GEV,2026-10-09,15,P,1025.0,7.22,955.965,73.7,83.0,78.35,0.0,11.9,0.431,-0.7638,0.0037,-0.8808,0.6012,78.1193,79.5,0,0
GEV261009C01030000,GEV,2026-10-09,15,C,1030.0,7.74,955.965,8.8,11.1,9.95,7.4,23.1,0.4304,0.2266,0.0035,-0.8575,0.5877,9.7482,19.0,2,9
GEV261009P01030000,GEV,2026-10-09,15,P,1030.0,7.74,955.965,77.7,87.0,82.35,96.25,11.3,0.4304,-0.7804,0.0035,-0.8453,0.5755,82.0914,81.0,0,3
GEV261009C01035000,GEV,2026-10-09,15,C,1035.0,8.27,955.965,5.6,10.9,8.25,11.6,64.2,0.416,0.2111,0.0033,-0.8226,0.5648,8.0726,16.7,0,6
GEV261009P01035000,GEV,2026-10-09,15,P,1035.0,8.27,955.965,81.6,91.0,86.3,0.0,10.9,0.4275,-0.7961,0.0034,-0.8086,0.549,86.0181,82.7,0,0
GEV261009C01040000,GEV,2026-10-09,15,C,1040.0,8.79,955.965,7.2,9.1,8.15,8.06,23.3,0.4299,0.1964,0.0032,-0.7874,0.541,7.9756,16.1,2,112
GEV261009P01040000,GEV,2026-10-09,15,P,1040.0,8.79,955.965,85.8,95.0,90.4,111.3,10.2,0.4259,-0.8111,0.0032,-0.7717,0.5274,90.0979,84.1,0,3
GEV261009C01045000,GEV,2026-10-09,15,C,1045.0,9.31,955.965,3.8,8.9,6.35,12.1,80.3,0.4088,0.1824,0.003,-0.7518,0.517,6.2029,13.7,0,1
GEV261009P01045000,GEV,2026-10-09,15,P,1045.0,9.31,955.965,90.3,99.0,94.65,0.0,9.2,0.4257,-0.8254,0.0031,-0.735,0.5034,94.3209,85.5,0,0
GEV261009C01050000,GEV,2026-10-09,15,C,1050.0,9.84,955.965,4.5,8.1,6.3,6.5,57.1,0.4224,0.1692,0.0029,-0.7163,0.4934,6.1568,13.2,0,43
GEV261009P01050000,GEV,2026-10-09,15,P,1050.0,9.84,955.965,94.6,104.0,99.3,133.8,9.5,0.4284,-0.8388,0.003,-0.6974,0.4733,98.7413,86.5,0,1
GEV261009C01055000,GEV,2026-10-09,15,C,1055.0,10.36,955.965,2.05,8.9,5.475,12.8,125.1,0.418,0.1567,0.0028,-0.681,0.4698,5.3426,11.8,0,1
GEV261009P01055000,GEV,2026-10-09,15,P,1055.0,10.36,955.965,99.5,107.9,103.7,179.2,8.1,0.4337,-0.8515,0.0028,-0.66,0.4503,103.3224,87.4,0,1
GEV261009C01060000,GEV,2026-10-09,15,C,1060.0,10.88,955.965,3.1,6.6,4.85,4.75,72.2,0.4167,0.145,0.0026,-0.646,0.446,4.7304,10.6,0,11
GEV261009P01060000,GEV,2026-10-09,15,P,1060.0,10.88,955.965,105.0,112.8,108.9,0.0,7.2,0.4526,-0.8635,0.0027,-0.6233,0.4276,108.5229,87.6,0,0
GEV261009C01065000,GEV,2026-10-09,15,C,1065.0,11.41,955.965,2.85,6.2,4.525,5.8,74.0,0.4218,0.134,0.0025,-0.6117,0.4228,4.4139,9.9,0,25
GEV261009P01065000,GEV,2026-10-09,15,P,1065.0,11.41,955.965,108.4,116.9,112.65,0.0,7.5,0.4352,-0.8748,0.0025,-0.5869,0.4008,112.2154,89.4,0,0
GEV261009C01070000,GEV,2026-10-09,15,C,1070.0,11.93,955.965,2.3,5.9,4.1,7.32,87.8,0.4234,0.1236,0.0023,-0.578,0.4004,3.9989,9.1,0,17
GEV261009P01070000,GEV,2026-10-09,15,P,1070.0,11.93,955.965,113.8,120.3,117.05,118.87,5.6,0.4317,-0.8854,0.0024,-0.5507,0.3747,116.5746,90.5,1,1
GEV261009C01075000,GEV,2026-10-09,15,C,1075.0,12.45,955.965,1.3,6.0,3.65,19.3,128.8,0.423,0.1139,0.0022,-0.5452,0.3782,3.5547,8.2,0,1
GEV261009P01075000,GEV,2026-10-09,15,P,1075.0,12.45,955.965,117.4,126.0,121.7,0.0,7.1,0.434,-0.8952,0.0022,-0.5152,0.3541,121.1948,91.3,0,0
GEV261009C01080000,GEV,2026-10-09,15,C,1080.0,12.97,955.965,1.65,4.6,3.125,2.06,94.4,0.419,0.1049,0.0021,-0.5133,0.3563,3.0443,7.2,2,11
GEV261009P01080000,GEV,2026-10-09,15,P,1080.0,12.97,955.965,122.0,130.9,126.45,0.0,7.0,0.4386,-0.9045,0.0021,-0.4808,0.3316,125.9219,91.9,0,0
GEV261009C01085000,GEV,2026-10-09,15,C,1085.0,13.5,955.965,1.2,4.4,2.8,3.8,114.3,0.4199,0.0964,0.0019,-0.4824,0.3355,2.7271,6.5,0,3
GEV261009P01085000,GEV,2026-10-09,15,P,1085.0,13.5,955.965,126.7,135.0,130.85,0.0,6.3,0.4296,-0.9131,0.002,-0.447,0.3056,130.2582,93.0,0,0
GEV261009C01090000,GEV,2026-10-09,15,C,1090.0,14.02,955.965,0.0,7.4,14.8,14.8,,0.4613,0.0886,0.0018,-0.4527,0.3155,3.6076,7.6,0,8
GEV261009P01090000,GEV,2026-10-09,15,P,1090.0,14.02,955.965,132.8,139.9,136.35,0.0,5.2,0.4595,-0.921,0.0018,-0.4139,0.284,135.7957,92.5,0,0
GEV261009C01095000,GEV,2026-10-09,15,C,1095.0,14.54,955.965,0.0,7.1,2.3,2.3,,0.4685,0.0813,0.0017,-0.4241,0.2959,3.4611,7.2,0,12
GEV261009P01095000,GEV,2026-10-09,15,P,1095.0,14.54,955.965,137.6,144.5,141.05,144.31,4.9,0.4606,-0.9285,0.0017,-0.3818,0.2668,140.461,93.1,0,1
GEV261009C01100000,GEV,2026-10-09,15,C,1100.0,15.07,955.965,0.55,4.0,2.275,2.98,151.6,0.4342,0.0745,0.0016,-0.3965,0.2768,2.2174,5.3,0,51
GEV261009P01100000,GEV,2026-10-09,15,P,1100.0,15.07,955.965,141.4,149.9,145.65,151.28,5.8,0.4566,-0.9356,0.0016,-0.3507,0.2462,145.0154,93.9,0,5
GEV261009C01105000,GEV,2026-10-09,15,C,1105.0,15.59,955.965,0.0,6.6,3.01,3.01,,0.4836,0.0683,0.0015,-0.3706,0.2593,3.2198,6.6,0,4
GEV261009P01105000,GEV,2026-10-09,15,P,1105.0,15.59,955.965,147.2,154.7,150.95,0.0,5.0,0.48,-0.9421,0.0016,-0.3208,0.2245,150.338,93.6,0,0
GEV261009C01110000,GEV,2026-10-09,15,C,1110.0,16.11,955.965,0.0,6.3,7.4,7.4,,0.4897,0.0625,0.0014,-0.3457,0.2424,3.0723,6.2,0,8
GEV261009P01110000,GEV,2026-10-09,15,P,1110.0,16.11,955.965,152.1,159.6,155.85,148.15,4.8,0.4874,-0.9481,0.0015,-0.2918,0.2066,155.2213,93.9,0,2
GEV261009C01115000,GEV,2026-10-09,15,C,1115.0,16.64,955.965,0.0,6.1,1.89,1.89,,0.4973,0.0572,0.0013,-0.322,0.2261,2.9751,5.9,0,10
GEV261009P01115000,GEV,2026-10-09,15,P,1115.0,16.64,955.965,156.0,164.0,160.0,0.0,5.0,0.4592,-0.9537,0.0014,-0.2639,0.1925,159.2538,95.4,0,0
GEV261009C01120000,GEV,2026-10-09,15,C,1120.0,17.16,955.965,0.0,5.7,2.55,2.55,,0.5008,0.0523,0.0012,-0.2997,0.2106,2.7799,5.5,0,21
GEV261009P01120000,GEV,2026-10-09,15,P,1120.0,17.16,955.965,160.7,169.0,164.85,0.0,5.0,0.4612,-0.9594,0.0013,-0.2439,0.1676,164.0667,95.8,0,0
GEV261009C01125000,GEV,2026-10-09,15,C,1125.0,17.68,955.965,0.6,5.6,3.1,1.1,161.3,0.5212,0.0477,0.0011,-0.2785,0.1961,3.0241,5.7,2,31
GEV261009P01125000,GEV,2026-10-09,15,P,1125.0,17.68,955.965,165.6,174.0,169.8,192.0,4.9,0.4685,-0.9647,0.0013,-0.2263,0.1498,168.9986,95.9,0,1
GEV261009C01130000,GEV,2026-10-09,15,C,1130.0,18.21,955.965,0.0,5.6,3.3,3.3,,0.5205,0.0436,0.001,-0.2585,0.1825,2.7329,5.2,0,8
GEV261009P01130000,GEV,2026-10-09,15,P,1130.0,18.21,955.965,171.7,179.0,175.35,0.0,4.2,0.5088,-0.9695,0.0012,-0.2088,0.137,174.6335,95.1,0,0
GEV261009C01135000,GEV,2026-10-09,15,C,1135.0,18.73,955.965,0.0,5.5,3.1,3.1,,0.5291,0.0397,0.001,-0.2397,0.1694,2.684,5.1,0,5
GEV261009P01135000,GEV,2026-10-09,15,P,1135.0,18.73,955.965,176.7,183.9,180.3,0.0,4.0,0.5168,-0.9738,0.0012,-0.1918,0.1267,179.5691,95.3,0,0
GEV261009C01140000,GEV,2026-10-09,15,C,1140.0,19.25,955.965,0.1,2.35,1.225,2.16,183.7,0.4622,0.0362,0.0009,-0.222,0.157,1.1923,2.8,0,1
GEV261009P01140000,GEV,2026-10-09,15,P,1140.0,19.25,955.965,181.7,189.0,185.35,0.0,3.9,0.5297,-0.978,0.0011,-0.1904,0.0971,184.6177,95.3,0,0
GEV261009C01145000,GEV,2026-10-09,15,C,1145.0,19.77,955.965,0.0,5.1,2.12,2.12,,0.5415,0.033,0.0008,-0.2054,0.1456,2.4886,4.6,0,6
GEV261009P01145000,GEV,2026-10-09,15,P,1145.0,19.77,955.965,186.6,193.6,190.1,0.0,3.7,0.5269,-0.982,0.001,-0.1974,0.0744,189.3276,95.8,0,0
GEV261009C01150000,GEV,2026-10-09,15,C,1150.0,20.3,955.965,0.0,3.5,1.5,1.5,,0.5127,0.03,0.0008,-0.1899,0.135,1.7069,3.5,0,4
GEV261009P01150000,GEV,2026-10-09,15,P,1150.0,20.3,955.965,191.6,199.0,195.3,0.0,3.8,0.5478,-0.9855,0.0009,-0.2024,0.0679,194.5486,95.6,0,0
GEV261009C01155000,GEV,2026-10-09,15,C,1155.0,20.82,955.965,0.0,5.1,3.4,3.4,,0.5619,0.0274,0.0007,-0.1754,0.1249,2.489,4.4,0,2
GEV261009P01155000,GEV,2026-10-09,15,P,1155.0,20.82,955.965,195.3,203.6,199.45,0.0,4.2,0.5017,-0.9886,0.0008,-0.2053,0.0616,198.5019,97.1,0,0
GEV261009C01160000,GEV,2026-10-09,15,C,1160.0,21.34,955.965,0.0,5.0,2.25,2.25,,0.5698,0.0249,0.0006,-0.1619,0.1154,2.4425,4.3,0,9
GEV261009P01160000,GEV,2026-10-09,15,P,1160.0,21.34,955.965,201.6,208.6,205.1,0.0,3.4,0.5571,-0.9913,0.0007,-0.2118,0.0498,204.3087,96.0,0,0
GEV261009C01165000,GEV,2026-10-09,15,C,1165.0,21.87,955.965,0.0,4.9,2.15,2.15,,0.5774,0.0226,0.0006,-0.1493,0.1065,2.3928,4.1,0,46
GEV261009P01165000,GEV,2026-10-09,15,P,1165.0,21.87,955.965,206.6,214.0,210.3,0.0,3.5,0.578,-0.9932,0.0006,-0.2347,0.0198,209.5269,95.8,0,0
GEV261009C01170000,GEV,2026-10-09,15,C,1170.0,22.39,955.965,0.0,4.9,2.75,2.75,,0.5873,0.0206,0.0005,-0.1376,0.0984,2.3937,4.1,0,20
GEV261009P01170000,GEV,2026-10-09,15,P,1170.0,22.39,955.965,210.3,218.6,214.45,0.0,3.9,0.5298,-0.995,0.0004,-0.2544,0.0166,213.4821,97.3,0,0
GEV261009C01175000,GEV,2026-10-09,15,C,1175.0,22.91,955.965,0.0,4.8,4.2,4.2,,0.5947,0.0187,0.0005,-0.1267,0.0909,2.3453,3.9,0,30
GEV261009P01175000,GEV,2026-10-09,15,P,1175.0,22.91,955.965,216.6,224.0,220.3,0.0,3.4,0.5978,-0.9965,0.0003,-0.2704,0.015,219.5136,96.0,0,0
GEV261009C01180000,GEV,2026-10-09,15,C,1180.0,23.44,955.965,0.0,4.7,2.35,2.35,,0.6019,0.017,0.0005,-0.1166,0.0837,2.296,3.8,0,15
GEV261009P01180000,GEV,2026-10-09,15,P,1180.0,23.44,955.965,221.6,229.0,225.3,0.0,3.3,0.6076,-0.9979,0.0002,-0.2844,0.0138,224.5072,96.1,0,0
GEV261009C01185000,GEV,2026-10-09,15,C,1185.0,23.96,955.965,0.0,4.7,2.65,2.65,,0.6115,0.0154,0.0004,-0.1072,0.077,2.2964,3.7,0,47
GEV261009P01185000,GEV,2026-10-09,15,P,1185.0,23.96,955.965,226.6,234.0,230.3,0.0,3.2,0.6174,-0.9986,0.0002,-0.2985,0.0073,229.5022,96.1,0,0
GEV261009C01190000,GEV,2026-10-09,15,C,1190.0,24.48,955.965,0.0,4.5,3.62,3.62,,0.6159,0.014,0.0004,-0.0986,0.071,2.1986,3.6,0,10
GEV261009P01190000,GEV,2026-10-09,15,P,1190.0,24.48,955.965,231.6,239.0,235.3,0.0,3.1,0.6271,-0.999,0.0001,-0.3136,0.0,234.4966,96.2,0,0
GEV261016C00720000,GEV,2026-10-16,22,C,720.0,-24.68,955.965,234.6,242.9,238.75,187.52,3.5,0.5766,0.9873,0.0003,-0.0059,0.079,238.642,97.4,0,25
GEV261016P00720000,GEV,2026-10-16,22,P,720.0,-24.68,955.965,0.5,0.65,0.575,0.56,26.1,0.5362,-0.013,0.0003,-0.0892,0.0801,0.5766,1.8,3,309
GEV261016C00730000,GEV,2026-10-16,22,C,730.0,-23.64,955.965,224.0,233.1,228.55,360.7,4.0,0.5299,0.9843,0.0003,-0.0261,0.0951,228.4405,97.9,0,3
GEV261016P00730000,GEV,2026-10-16,22,P,730.0,-23.64,955.965,0.5,0.8,0.65,0.81,46.2,0.5224,-0.016,0.0003,-0.106,0.096,0.6511,2.0,3,894
GEV261016C00740000,GEV,2026-10-16,22,C,740.0,-22.59,955.965,214.4,223.0,218.7,163.9,3.9,0.5193,0.9807,0.0004,-0.0489,0.1123,218.5903,97.5,0,11
GEV261016P00740000,GEV,2026-10-16,22,P,740.0,-22.59,955.965,0.3,1.45,0.875,0.87,131.4,0.5222,-0.0196,0.0004,-0.1254,0.1137,0.8741,2.5,3,141
GEV261016C00750000,GEV,2026-10-16,22,C,750.0,-21.55,955.965,205.3,212.9,209.1,191.0,3.6,0.5265,0.9764,0.0005,-0.0746,0.1341,208.9905,96.6,0,11
GEV261016P00750000,GEV,2026-10-16,22,P,750.0,-21.55,955.965,0.65,1.5,1.075,1.05,79.1,0.5154,-0.024,0.0005,-0.1477,0.1352,1.0731,3.1,2,422
GEV261016C00760000,GEV,2026-10-16,22,C,760.0,-20.5,955.965,195.6,202.8,199.2,177.6,3.6,0.5074,0.9712,0.0006,-0.1035,0.157,199.09,96.4,0,9
GEV261016P00760000,GEV,2026-10-16,22,P,760.0,-20.5,955.965,0.45,1.95,1.2,1.3,125.0,0.5006,-0.0292,0.0006,-0.1732,0.1585,1.1971,3.4,4,784
GEV261016C00770000,GEV,2026-10-16,22,C,770.0,-19.45,955.965,185.9,193.3,189.6,161.9,3.9,0.5058,0.965,0.0006,-0.1356,0.1853,189.4893,95.5,0,14
GEV261016P00770000,GEV,2026-10-16,22,P,770.0,-19.45,955.965,0.8,2.6,1.7,1.75,105.9,0.5071,-0.0354,0.0006,-0.202,0.1868,1.6933,4.5,12,958
GEV261016C00780000,GEV,2026-10-16,22,C,780.0,-18.41,955.965,176.3,183.8,180.05,168.79,4.2,0.5023,0.9576,0.0008,-0.1714,0.2148,179.9364,94.6,0,18
GEV261016P00780000,GEV,2026-10-16,22,P,780.0,-18.41,955.965,1.05,2.85,1.95,2.89,92.3,0.4948,-0.0428,0.0008,-0.2344,0.2163,1.9393,5.1,7,230
GEV261016C00790000,GEV,2026-10-16,22,C,790.0,-17.36,955.965,166.8,174.0,170.4,105.0,4.2,0.491,0.949,0.0009,-0.2107,0.2502,170.2851,93.8,0,14
GEV261016P00790000,GEV,2026-10-16,22,P,790.0,-17.36,955.965,1.7,3.1,2.4,2.6,58.3,0.4897,-0.0515,0.0009,-0.2702,0.2521,2.3872,6.1,7,221
GEV261016C00800000,GEV,2026-10-16,22,C,800.0,-16.31,955.965,157.4,165.0,161.2,149.48,4.7,0.4943,0.9389,0.001,-0.2536,0.2867,161.0829,92.3,0,62
GEV261016P00800000,GEV,2026-10-16,22,P,800.0,-16.31,955.965,2.5,3.7,3.1,3.13,38.7,0.4903,-0.0616,0.001,-0.3099,0.2884,3.0795,7.5,43,1540
GEV261016C00810000,GEV,2026-10-16,22,C,810.0,-15.27,955.965,148.1,155.5,151.8,142.6,4.9,0.4859,0.9272,0.0012,-0.3001,0.3294,151.6786,91.1,0,20
GEV261016P00810000,GEV,2026-10-16,22,P,810.0,-15.27,955.965,2.95,4.6,3.775,3.5,43.7,0.4855,-0.0734,0.0012,-0.3529,0.3318,3.7504,8.8,12,277
GEV261016C00820000,GEV,2026-10-16,22,C,820.0,-14.22,955.965,139.0,145.9,142.45,115.0,4.8,0.4763,0.9137,0.0014,-0.3498,0.373,142.3253,89.9,1,45
GEV261016P00820000,GEV,2026-10-16,22,P,820.0,-14.22,955.965,3.4,5.4,4.4,4.2,45.5,0.4758,-0.0869,0.0014,-0.3993,0.3746,4.3679,10.1,10,401
GEV261016C00830000,GEV,2026-10-16,22,C,830.0,-13.18,955.965,129.9,137.2,133.55,121.24,5.5,0.4755,0.8982,0.0016,-0.4024,0.4219,133.4232,88.0,7,11
GEV261016P00830000,GEV,2026-10-16,22,P,830.0,-13.18,955.965,4.9,6.5,5.7,5.53,28.1,0.4804,-0.1024,0.0016,-0.4485,0.4246,5.6609,12.3,25,280
GEV261016C00840000,GEV,2026-10-16,22,C,840.0,-12.13,955.965,121.0,128.6,124.8,112.58,6.1,0.4736,0.8807,0.0018,-0.4574,0.472,124.6683,85.9,4,26
GEV261016P00840000,GEV,2026-10-16,22,P,840.0,-12.13,955.965,6.0,7.6,6.8,8.0,23.5,0.4751,-0.12,0.0018,-0.5002,0.4726,6.7498,14.2,2,470
GEV261016C00850000,GEV,2026-10-16,22,C,850.0,-11.08,955.965,112.4,120.0,116.2,105.17,6.5,0.4705,0.8611,0.002,-0.514,0.5243,116.0596,83.7,2,111
GEV261016P00850000,GEV,2026-10-16,22,P,850.0,-11.08,955.965,6.8,8.8,7.8,7.7,25.6,0.4646,-0.1397,0.002,-0.5534,0.527,7.7467,16.0,35,612
GEV261016C00860000,GEV,2026-10-16,22,C,860.0,-10.04,955.965,104.0,111.5,107.75,97.43,7.0,0.4663,0.8391,0.0022,-0.5714,0.5775,107.6048,81.3,47,46
GEV261016P00860000,GEV,2026-10-16,22,P,860.0,-10.04,955.965,8.5,10.3,9.4,10.12,19.1,0.4622,-0.1617,0.0022,-0.6076,0.578,9.3375,18.5,5,433
GEV261016C00865000,GEV,2026-10-16,22,C,865.0,-9.52,955.965,99.9,107.3,103.6,93.53,7.1,0.4641,0.8273,0.0023,-0.6001,0.6044,103.4548,80.0,58,1
GEV261016P00865000,GEV,2026-10-16,22,P,865.0,-9.52,955.965,9.0,11.6,10.3,11.02,25.2,0.4611,-0.1735,0.0023,-0.6346,0.6049,10.2294,19.8,23,31
GEV261016C00870000,GEV,2026-10-16,22,C,870.0,-8.99,955.965,95.9,103.3,99.6,89.5,7.4,0.4633,0.8149,0.0024,-0.6286,0.6308,99.4504,78.6,5,155
GEV261016P00870000,GEV,2026-10-16,22,P,870.0,-8.99,955.965,10.1,12.5,11.3,13.35,21.2,0.4606,-0.1859,0.0024,-0.6614,0.6334,11.2231,21.2,9,346
GEV261016C00875000,GEV,2026-10-16,22,C,875.0,-8.47,955.965,91.8,99.3,95.55,84.94,7.8,0.4607,0.802,0.0025,-0.6568,0.6572,95.3983,77.3,3,2
GEV261016P00875000,GEV,2026-10-16,22,P,875.0,-8.47,955.965,10.5,14.8,12.65,15.3,34.0,0.4644,-0.1989,0.0025,-0.688,0.6582,12.5662,23.0,0,10
GEV261016C00880000,GEV,2026-10-16,22,C,880.0,-7.95,955.965,87.9,94.8,91.35,86.5,7.6,0.4549,0.7885,0.0026,-0.6845,0.6833,91.1936,76.0,0,225
GEV261016P00880000,GEV,2026-10-16,22,P,880.0,-7.95,955.965,12.2,15.3,13.75,12.8,22.5,0.4631,-0.2124,0.0026,-0.714,0.6837,13.6615,24.4,9,548
GEV261016C00885000,GEV,2026-10-16,22,C,885.0,-7.42,955.965,84.1,91.4,87.75,0.0,8.3,0.4571,0.7745,0.0028,-0.7115,0.7089,87.5949,74.3,0,0
GEV261016P00885000,GEV,2026-10-16,22,P,885.0,-7.42,955.965,12.6,17.1,14.85,17.1,30.3,0.4608,-0.2265,0.0028,-0.7395,0.7115,14.7578,25.9,0,34
GEV261016C00890000,GEV,2026-10-16,22,C,890.0,-6.9,955.965,80.1,87.6,83.85,83.0,8.9,0.4538,0.7599,0.0028,-0.7378,0.7335,83.6906,72.8,0,90
GEV261016P00890000,GEV,2026-10-16,22,P,890.0,-6.9,955.965,14.7,17.3,16.0,15.7,16.3,0.4582,-0.2412,0.0029,-0.7642,0.7356,15.9012,27.4,37,359
GEV261016C00895000,GEV,2026-10-16,22,C,895.0,-6.38,955.965,76.7,83.9,80.3,74.3,9.0,0.4543,0.7448,0.003,-0.7632,0.7576,80.1373,71.1,0,2
GEV261016P00895000,GEV,2026-10-16,22,P,895.0,-6.38,955.965,15.4,19.7,17.55,28.0,24.5,0.46,-0.2563,0.003,-0.7879,0.7584,17.445,29.2,1,12
GEV261016C00900000,GEV,2026-10-16,22,C,900.0,-5.85,955.965,73.9,80.9,77.4,67.43,9.0,0.462,0.7293,0.0031,-0.7875,0.7806,77.2303,69.0,40,370
GEV261016P00900000,GEV,2026-10-16,22,P,900.0,-5.85,955.965,17.5,19.3,18.4,18.1,9.8,0.4514,-0.2721,0.0031,-0.8109,0.7812,18.2769,30.5,59,1050
GEV261016C00905000,GEV,2026-10-16,22,C,905.0,-5.33,955.965,69.5,77.1,73.3,61.3,10.4,0.4532,0.7132,0.0032,-0.8106,0.8027,73.1287,67.7,0,1
GEV261016P00905000,GEV,2026-10-16,22,P,905.0,-5.33,955.965,18.0,21.9,19.95,19.7,19.5,0.4514,-0.2879,0.0032,-0.8322,0.8055,19.8412,32.3,8,27
GEV261016C00907500,GEV,2026-10-16,22,C,907.5,-5.07,955.965,67.8,74.6,71.2,0.0,9.6,0.448,0.705,0.0032,-0.8216,0.8131,71.0331,67.0,0,0
GEV261016P00907500,GEV,2026-10-16,22,P,907.5,-5.07,955.965,18.8,23.0,20.9,24.1,20.1,0.4529,-0.2962,0.0032,-0.8424,0.8152,20.7777,33.2,0,1
GEV261016C00910000,GEV,2026-10-16,22,C,910.0,-4.81,955.965,66.7,73.2,69.95,61.3,9.3,0.453,0.6968,0.0032,-0.8323,0.8234,69.7818,65.9,2,61
GEV261016P00910000,GEV,2026-10-16,22,P,910.0,-4.81,955.965,19.9,23.4,21.65,21.7,16.2,0.4518,-0.3045,0.0032,-0.8523,0.8247,21.5274,34.1,37,343
GEV261016C00912500,GEV,2026-10-16,22,C,912.5,-4.55,955.965,64.8,71.0,67.9,67.3,9.1,0.4479,0.6884,0.0033,-0.8426,0.8331,67.7283,65.2,0,1
GEV261016P00912500,GEV,2026-10-16,22,P,912.5,-4.55,955.965,19.7,25.9,22.8,26.34,27.2,0.4552,-0.3129,0.0033,-0.8618,0.834,22.67,35.1,0,9
GEV261016C00915000,GEV,2026-10-16,22,C,915.0,-4.29,955.965,62.9,69.4,66.15,58.0,9.8,0.4463,0.6799,0.0033,-0.8525,0.8425,65.9805,64.3,4,1
GEV261016P00915000,GEV,2026-10-16,22,P,915.0,-4.29,955.965,20.8,25.2,23.0,22.6,19.1,0.447,-0.3214,0.0033,-0.871,0.8431,22.8707,35.7,2,31
GEV261016C00917500,GEV,2026-10-16,22,C,917.5,-4.02,955.965,61.2,68.0,64.6,67.2,10.5,0.4468,0.6713,0.0034,-0.862,0.8516,64.4304,63.4,71,26
GEV261016P00917500,GEV,2026-10-16,22,P,917.5,-4.02,955.965,21.5,26.7,24.1,26.2,21.6,0.4493,-0.33,0.0034,-0.8798,0.852,23.9675,36.7,0,74
GEV261016C00920000,GEV,2026-10-16,22,C,920.0,-3.76,955.965,59.6,66.7,63.15,58.5,11.2,0.4482,0.6627,0.0034,-0.8711,0.8604,62.9815,62.4,6,67
GEV261016P00920000,GEV,2026-10-16,22,P,920.0,-3.76,955.965,23.1,27.3,25.2,24.4,16.7,0.4513,-0.3387,0.0034,-0.8881,0.8607,25.0663,37.7,29,252
GEV261016C00922500,GEV,2026-10-16,22,C,922.5,-3.5,955.965,58.1,65.8,61.95,59.7,12.4,0.4521,0.6539,0.0034,-0.8798,0.8688,61.7747,61.3,0,9
GEV261016P00922500,GEV,2026-10-16,22,P,922.5,-3.5,955.965,22.9,28.9,25.9,29.18,23.2,0.4484,-0.3475,0.0034,-0.8961,0.8703,25.7684,38.6,1,2
GEV261016C00925000,GEV,2026-10-16,22,C,925.0,-3.24,955.965,56.0,62.9,59.45,62.0,11.6,0.4409,0.6451,0.0035,-0.888,0.8768,59.2808,60.7,8,10
GEV261016P00925000,GEV,2026-10-16,22,P,925.0,-3.24,955.965,25.0,30.4,27.7,34.82,19.5,0.4577,-0.3563,0.0035,-0.9035,0.8784,27.5542,39.8,0,3
GEV261016C00927500,GEV,2026-10-16,22,C,927.5,-2.98,955.965,55.1,61.1,58.1,52.4,10.3,0.4426,0.6362,0.0035,-0.8958,0.8842,57.9275,59.7,0,3
GEV261016P00927500,GEV,2026-10-16,22,P,927.5,-2.98,955.965,24.7,30.3,27.5,32.28,20.4,0.444,-0.3653,0.0035,-0.9104,0.8853,27.3522,40.3,2,0
GEV261016C00930000,GEV,2026-10-16,22,C,930.0,-2.72,955.965,54.1,59.8,56.95,58.6,10.0,0.4463,0.6273,0.0035,-0.9031,0.8911,56.7783,58.6,39,298
GEV261016P00930000,GEV,2026-10-16,22,P,930.0,-2.72,955.965,26.6,31.3,28.95,28.4,16.2,0.4488,-0.3743,0.0036,-0.917,0.8919,28.7957,41.4,61,416
GEV261016C00932500,GEV,2026-10-16,22,C,932.5,-2.45,955.965,52.1,58.1,55.1,47.81,10.9,0.4418,0.6182,0.0036,-0.9099,0.8976,54.9253,57.8,0,41
GEV261016P00932500,GEV,2026-10-16,22,P,932.5,-2.45,955.965,27.8,32.0,29.9,30.1,14.0,0.4478,-0.3833,0.0036,-0.9231,0.8981,29.7512,42.3,1,7
GEV261016C00935000,GEV,2026-10-16,22,C,935.0,-2.19,955.965,50.6,57.5,54.05,54.7,12.8,0.446,0.6092,0.0036,-0.9162,0.9037,53.8737,56.7,2,21
GEV261016P00935000,GEV,2026-10-16,22,P,935.0,-2.19,955.965,28.2,33.7,30.95,30.9,17.8,0.4475,-0.3924,0.0036,-0.9288,0.9041,30.7922,43.3,1,17
GEV261016C00937500,GEV,2026-10-16,22,C,937.5,-1.93,955.965,49.3,55.8,52.55,53.5,12.4,0.445,0.6,0.0036,-0.9221,0.9094,52.3799,55.8,1,9
GEV261016P00937500,GEV,2026-10-16,22,P,937.5,-1.93,955.965,29.8,35.2,32.5,38.2,16.6,0.4526,-0.4016,0.0036,-0.9339,0.9096,32.3464,44.4,0,2
GEV261016C00940000,GEV,2026-10-16,22,C,940.0,-1.67,955.965,48.7,53.6,51.15,51.2,9.6,0.4447,0.5909,0.0036,-0.9274,0.9146,50.9729,54.8,51,204
GEV261016P00940000,GEV,2026-10-16,22,P,940.0,-1.67,955.965,31.0,35.7,33.35,31.8,14.1,0.4493,-0.411,0.0037,-0.9386,0.9148,33.1637,45.2,36,178
GEV261016C00942500,GEV,2026-10-16,22,C,942.5,-1.41,955.965,47.2,53.7,50.45,50.5,12.9,0.4519,0.5817,0.0037,-0.9322,0.9193,50.2771,53.7,3,11
GEV261016P00942500,GEV,2026-10-16,22,P,942.5,-1.41,955.965,31.7,37.2,34.45,33.7,16.0,0.4488,-0.4203,0.0037,-0.9427,0.9202,34.2583,46.2,1,7
GEV261016C00945000,GEV,2026-10-16,22,C,945.0,-1.15,955.965,45.6,51.4,48.5,47.85,12.0,0.4451,0.5724,0.0037,-0.9366,0.9235,48.3222,52.9,13,100
GEV261016P00945000,GEV,2026-10-16,22,P,945.0,-1.15,955.965,32.9,38.3,35.6,33.7,15.2,0.4486,-0.4296,0.0037,-0.9462,0.924,35.4039,47.1,16,66
GEV261016C00947500,GEV,2026-10-16,22,C,947.5,-0.89,955.965,44.3,49.0,46.65,45.0,10.1,0.4393,0.5632,0.0037,-0.9403,0.9272,46.4783,52.0,0,111
GEV261016P00947500,GEV,2026-10-16,22,P,947.5,-0.89,955.965,32.8,39.8,36.3,40.5,19.3,0.4433,-0.4389,0.0037,-0.9492,0.9274,36.1015,48.0,0,47
GEV261016C00950000,GEV,2026-10-16,22,C,950.0,-0.62,955.965,43.3,48.9,46.1,47.7,12.1,0.4472,0.5539,0.0037,-0.9436,0.9303,45.9259,51.0,66,535
GEV261016P00950000,GEV,2026-10-16,22,P,950.0,-0.62,955.965,36.3,39.9,38.1,38.5,9.4,0.4496,-0.4483,0.0037,-0.9518,0.9304,37.896,49.1,85,563
GEV261016C00952500,GEV,2026-10-16,22,C,952.5,-0.36,955.965,41.6,48.8,45.2,38.13,15.9,0.451,0.5446,0.0037,-0.9464,0.933,45.0205,50.0,21,40
GEV261016P00952500,GEV,2026-10-16,22,P,952.5,-0.36,955.965,36.0,41.6,38.8,37.3,14.4,0.4438,-0.4576,0.0037,-0.9538,0.933,38.5918,50.0,6,5
GEV261016C00955000,GEV,2026-10-16,22,C,955.0,-0.1,955.965,40.7,47.7,44.2,36.85,15.8,0.4536,0.5353,0.0037,-0.9486,0.9352,44.0287,49.0,3,4
GEV261016P00955000,GEV,2026-10-16,22,P,955.0,-0.1,955.965,38.0,42.8,40.4,38.5,11.9,0.4474,-0.467,0.0038,-0.9554,0.9351,40.1856,50.9,5,16
GEV261016C00957500,GEV,2026-10-16,22,C,957.5,0.16,955.965,38.8,44.7,41.75,0.0,14.1,0.4403,0.5259,0.0037,-0.9503,0.9368,41.5753,48.1,0,0
GEV261016P00957500,GEV,2026-10-16,22,P,957.5,0.16,955.965,39.0,44.0,41.5,39.7,12.0,0.4455,-0.4764,0.0038,-0.9564,0.9366,41.2905,51.9,2,0
GEV261016C00960000,GEV,2026-10-16,22,C,960.0,0.42,955.965,38.5,43.2,40.85,43.0,11.5,0.4434,0.5166,0.0038,-0.9514,0.938,40.6767,47.2,26,258
GEV261016P00960000,GEV,2026-10-16,22,P,960.0,0.42,955.965,40.4,45.3,42.85,40.9,11.4,0.4459,-0.4858,0.0038,-0.957,0.9378,42.6339,52.8,36,364
GEV261016C00962500,GEV,2026-10-16,22,C,962.5,0.68,955.965,37.4,42.5,39.95,33.25,12.8,0.4462,0.5073,0.0038,-0.9521,0.9386,39.7742,46.2,4,0
GEV261016P00962500,GEV,2026-10-16,22,P,962.5,0.68,955.965,41.2,47.0,44.1,0.0,13.2,0.445,-0.4951,0.0038,-0.9569,0.9377,43.8791,53.8,0,0
GEV261016C00965000,GEV,2026-10-16,22,C,965.0,0.95,955.965,36.0,41.0,38.5,29.2,13.0,0.4429,0.498,0.0038,-0.9522,0.9388,38.3243,45.3,1,9
GEV261016P00965000,GEV,2026-10-16,22,P,965.0,0.95,955.965,41.4,48.2,44.8,51.1,15.2,0.438,-0.5045,0.0038,-0.9562,0.9379,44.5768,54.7,0,9
GEV261016C00967500,GEV,2026-10-16,22,C,967.5,1.21,955.965,35.0,41.5,38.25,39.6,17.0,0.4522,0.4888,0.0038,-0.9518,0.9384,38.0772,44.4,7,0
GEV261016P00967500,GEV,2026-10-16,22,P,967.5,1.21,955.965,44.3,49.9,47.1,0.0,11.9,0.4477,-0.5138,0.0038,-0.9551,0.9373,46.8613,55.7,0,0
GEV261016C00970000,GEV,2026-10-16,22,C,970.0,1.47,955.965,34.1,38.5,36.3,38.3,12.1,0.4431,0.4795,0.0038,-0.9508,0.9376,36.1316,43.4,7,130
GEV261016P00970000,GEV,2026-10-16,22,P,970.0,1.47,955.965,44.4,51.2,47.8,47.2,14.2,0.4402,-0.5232,0.0038,-0.9535,0.9366,47.5597,56.6,2,65
GEV261016C00975000,GEV,2026-10-16,22,C,975.0,1.99,955.965,31.0,38.2,34.6,29.16,20.8,0.4476,0.4611,0.0037,-0.9474,0.9344,34.4322,41.6,58,15
GEV261016P00975000,GEV,2026-10-16,22,P,975.0,1.99,955.965,47.1,54.0,50.55,57.3,13.6,0.4389,-0.5417,0.0038,-0.9489,0.9336,50.3092,58.5,0,12
GEV261016C00980000,GEV,2026-10-16,22,C,980.0,2.51,955.965,30.9,34.0,32.45,33.7,9.6,0.4463,0.4429,0.0037,-0.9421,0.9292,32.2826,39.8,28,253
GEV261016P00980000,GEV,2026-10-16,22,P,980.0,2.51,955.965,50.1,57.7,53.9,61.4,14.1,0.443,-0.5601,0.0038,-0.9424,0.9261,53.6522,60.3,1,334
GEV261016C00985000,GEV,2026-10-16,22,C,985.0,3.04,955.965,28.6,34.0,31.3,25.4,17.3,0.4546,0.4251,0.0037,-0.9349,0.9223,31.1063,38.1,1,6
GEV261016P00985000,GEV,2026-10-16,22,P,985.0,3.04,955.965,53.7,61.1,57.4,0.0,12.9,0.4477,-0.5783,0.0037,-0.9337,0.919,57.1353,62.0,0,0
GEV261016C00990000,GEV,2026-10-16,22,C,990.0,3.56,955.965,27.7,32.4,30.05,29.43,15.6,0.4613,0.4073,0.0037,-0.9258,0.9137,29.8582,36.5,1,208
GEV261016P00990000,GEV,2026-10-16,22,P,990.0,3.56,955.965,57.7,63.1,60.4,68.4,8.9,0.4461,-0.5963,0.0037,-0.9232,0.911,60.1254,63.8,2,72
GEV261016C00995000,GEV,2026-10-16,22,C,995.0,4.08,955.965,25.3,29.3,27.3,22.0,14.7,0.4506,0.3898,0.0036,-0.9149,0.9032,27.1142,34.6,2,13
GEV261016P00995000,GEV,2026-10-16,22,P,995.0,4.08,955.965,60.5,67.2,63.85,74.3,10.5,0.4485,-0.6139,0.0037,-0.9112,0.9007,63.5644,65.4,0,9
GEV261016C01000000,GEV,2026-10-16,22,C,1000.0,4.61,955.965,24.0,26.8,25.4,26.3,11.0,0.4483,0.3726,0.0036,-0.9024,0.8909,25.2244,32.9,24,854
GEV261016P01000000,GEV,2026-10-16,22,P,1000.0,4.61,955.965,64.1,69.9,67.0,67.3,8.7,0.4467,-0.6313,0.0036,-0.8977,0.8845,66.7096,67.1,5,1343
GEV261016C01005000,GEV,2026-10-16,22,C,1005.0,5.13,955.965,21.6,25.3,23.45,23.8,15.8,0.4444,0.3558,0.0035,-0.8882,0.8772,23.2835,31.2,0,5
GEV261016P01005000,GEV,2026-10-16,22,P,1005.0,5.13,955.965,66.7,74.4,70.55,79.0,10.9,0.4483,-0.6484,0.0036,-0.8822,0.8708,70.2382,68.7,0,1
GEV261016C01020000,GEV,2026-10-16,22,C,1020.0,6.7,955.965,17.3,20.0,18.65,19.21,14.5,0.4386,0.3076,0.0033,-0.8378,0.8283,18.4966,26.3,7,413
GEV261016P01020000,GEV,2026-10-16,22,P,1020.0,6.7,955.965,78.5,85.0,81.75,103.5,8.0,0.4548,-0.6972,0.0034,-0.8288,0.8195,81.4041,73.1,0,96
GEV261016C01040000,GEV,2026-10-16,22,C,1040.0,8.79,955.965,13.6,16.0,14.8,14.9,16.2,0.4503,0.2496,0.003,-0.7562,0.7488,14.6715,21.3,5,357
GEV261016P01040000,GEV,2026-10-16,22,P,1040.0,8.79,955.965,92.8,100.4,96.6,106.0,7.9,0.45,-0.7563,0.0031,-0.7432,0.7377,96.1799,78.7,3,135
GEV261016C01060000,GEV,2026-10-16,22,C,1060.0,10.88,955.965,10.0,12.4,11.2,8.78,21.4,0.4533,0.1994,0.0026,-0.6653,0.6601,11.0921,16.8,12,542
GEV261016P01060000,GEV,2026-10-16,22,P,1060.0,10.88,955.965,108.5,116.0,112.25,119.5,6.7,0.4401,-0.8076,0.0027,-0.6485,0.6441,111.7245,83.8,0,75
GEV261016C01080000,GEV,2026-10-16,22,C,1080.0,12.97,955.965,7.0,9.4,8.2,6.71,29.3,0.4529,0.1572,0.0022,-0.5722,0.569,8.1178,12.9,11,341
GEV261016P01080000,GEV,2026-10-16,22,P,1080.0,12.97,955.965,126.4,133.3,129.85,134.8,5.3,0.4468,-0.8512,0.0023,-0.5514,0.5456,129.2152,87.4,0,82
GEV261016C01100000,GEV,2026-10-16,22,C,1100.0,15.07,955.965,5.0,6.5,5.75,5.96,26.1,0.449,0.1224,0.0019,-0.4825,0.4808,5.6901,9.6,33,580
GEV261016P01100000,GEV,2026-10-16,22,P,1100.0,15.07,955.965,144.2,152.3,148.25,153.98,5.5,0.458,-0.8873,0.002,-0.4564,0.453,147.4947,90.0,0,84
GEV261016C01120000,GEV,2026-10-16,22,C,1120.0,17.16,955.965,3.5,4.9,4.2,4.15,33.3,0.4521,0.0944,0.0016,-0.3999,0.3992,4.1552,7.2,3,257
GEV261016P01120000,GEV,2026-10-16,22,P,1120.0,17.16,955.965,162.3,170.8,166.55,239.1,5.1,0.4552,-0.9166,0.0016,-0.366,0.3603,165.6107,92.7,0,48
GEV261016C01140000,GEV,2026-10-16,22,C,1140.0,19.25,955.965,2.15,3.8,2.975,2.9,55.5,0.4529,0.0721,0.0013,-0.3266,0.3265,2.9439,5.3,4,587
GEV261016P01140000,GEV,2026-10-16,22,P,1140.0,19.25,955.965,182.3,190.0,186.15,241.9,4.1,0.4803,-0.9398,0.0013,-0.2818,0.2804,185.119,93.7,0,28
GEV261016C01160000,GEV,2026-10-16,22,C,1160.0,21.34,955.965,2.2,3.8,3.0,2.0,53.3,0.4885,0.0548,0.001,-0.2636,0.2639,2.9769,4.9,1,311
GEV261016P01160000,GEV,2026-10-16,22,P,1160.0,21.34,955.965,201.5,209.0,205.25,283.85,3.7,0.482,-0.9591,0.0012,-0.2025,0.2067,204.0338,95.3,0,38
GEV261016C01180000,GEV,2026-10-16,22,C,1180.0,23.44,955.965,0.0,5.6,1.51,1.51,,0.5147,0.0413,0.0008,-0.2103,0.2112,2.7812,4.4,0,452
GEV261016P01180000,GEV,2026-10-16,22,P,1180.0,23.44,955.965,220.0,229.0,224.5,238.2,4.0,0.4734,-0.9754,0.001,-0.1668,0.1291,222.9922,96.8,0,0
GEV261023C00720000,GEV,2026-10-23,29,C,720.0,-24.68,955.965,235.4,244.2,239.8,0.0,3.7,0.5432,0.9764,0.0004,-0.0376,0.1531,239.7529,96.4,0,0
GEV261023P00720000,GEV,2026-10-23,29,P,720.0,-24.68,955.965,0.3,4.4,2.35,1.4,174.5,0.5886,-0.0238,0.0004,-0.1324,0.1539,2.3422,5.0,0,21
GEV261023C00725000,GEV,2026-10-23,29,C,725.0,-24.16,955.965,231.0,239.4,235.2,0.0,3.6,0.5537,0.9743,0.0004,-0.0493,0.1646,235.1492,95.7,0,0
GEV261023P00725000,GEV,2026-10-23,29,P,725.0,-24.16,955.965,0.0,5.4,1.35,1.35,,0.5924,-0.026,0.0004,-0.1422,0.1658,2.6886,5.6,0,14
GEV261023C00730000,GEV,2026-10-23,29,C,730.0,-23.64,955.965,226.1,234.6,230.35,0.0,3.7,0.5489,0.9719,0.0004,-0.0615,0.1771,230.2949,95.4,0,0
GEV261023P00730000,GEV,2026-10-23,29,P,730.0,-23.64,955.965,0.0,5.5,1.55,1.55,,0.5824,-0.0284,0.0005,-0.1525,0.1778,2.7378,5.7,0,7
GEV261023C00735000,GEV,2026-10-23,29,C,735.0,-23.11,955.965,221.2,229.7,225.45,0.0,3.8,0.5413,0.9693,0.0005,-0.0743,0.1904,225.391,95.2,0,0
GEV261023P00735000,GEV,2026-10-23,29,P,735.0,-23.11,955.965,0.0,5.7,3.46,3.46,,0.5745,-0.031,0.0005,-0.1634,0.1908,2.8385,5.9,0,7
GEV261023C00740000,GEV,2026-10-23,29,C,740.0,-22.59,955.965,216.4,223.9,220.15,0.0,3.4,0.5138,0.9666,0.0005,-0.0876,0.2043,220.0895,95.7,0,0
GEV261023P00740000,GEV,2026-10-23,29,P,740.0,-22.59,955.965,0.0,5.8,8.06,8.06,,0.5644,-0.0338,0.0005,-0.1748,0.2047,2.888,6.1,0,8
GEV261023C00745000,GEV,2026-10-23,29,C,745.0,-22.07,955.965,211.6,219.0,215.3,0.0,3.4,0.5092,0.9636,0.0006,-0.1016,0.2187,215.2364,95.4,0,0
GEV261023P00745000,GEV,2026-10-23,29,P,745.0,-22.07,955.965,0.05,5.3,2.675,1.9,196.3,0.5433,-0.0368,0.0006,-0.1868,0.2204,2.664,5.8,20,10
GEV261023C00750000,GEV,2026-10-23,29,C,750.0,-21.55,955.965,206.8,214.3,210.55,0.0,3.6,0.5087,0.9604,0.0006,-0.1161,0.234,210.4808,95.0,0,0
GEV261023P00750000,GEV,2026-10-23,29,P,750.0,-21.55,955.965,1.2,6.1,3.65,2.86,134.2,0.5674,-0.04,0.0006,-0.1996,0.2354,3.6312,7.3,3,19
GEV261023C00755000,GEV,2026-10-23,29,C,755.0,-21.02,955.965,202.0,209.5,205.75,0.0,3.6,0.5052,0.957,0.0007,-0.1313,0.2502,205.6772,94.6,0,0
GEV261023P00755000,GEV,2026-10-23,29,P,755.0,-21.02,955.965,0.0,5.0,3.45,3.45,,0.5125,-0.0434,0.0007,-0.2128,0.2511,2.4895,5.7,0,10
GEV261023C00760000,GEV,2026-10-23,29,C,760.0,-20.5,955.965,196.6,204.8,200.7,0.0,4.1,0.4908,0.9533,0.0007,-0.147,0.2674,200.6262,94.7,0,0
GEV261023P00760000,GEV,2026-10-23,29,P,760.0,-20.5,955.965,1.5,6.6,4.05,2.45,125.9,0.5554,-0.0471,0.0007,-0.2267,0.268,4.0251,8.0,2,3
GEV261023C00765000,GEV,2026-10-23,29,C,765.0,-19.98,955.965,192.0,200.9,196.45,0.0,4.5,0.5078,0.9494,0.0008,-0.1634,0.2851,196.3702,93.4,0,0
GEV261023P00765000,GEV,2026-10-23,29,P,765.0,-19.98,955.965,0.0,6.8,5.3,5.3,,0.522,-0.0511,0.0008,-0.2411,0.2857,3.3822,7.2,0,230
GEV261023C00770000,GEV,2026-10-23,29,C,770.0,-19.45,955.965,187.1,195.3,191.2,0.0,4.3,0.4861,0.9451,0.0008,-0.1803,0.3034,191.1183,93.7,0,0
GEV261023P00770000,GEV,2026-10-23,29,P,770.0,-19.45,955.965,0.5,7.1,3.8,3.4,173.7,0.5227,-0.0553,0.0008,-0.2562,0.306,3.7776,7.8,0,15
GEV261023C00775000,GEV,2026-10-23,29,C,775.0,-18.93,955.965,182.3,190.6,186.45,0.0,4.5,0.4827,0.9406,0.0009,-0.1978,0.3226,186.3639,93.3,0,0
GEV261023P00775000,GEV,2026-10-23,29,P,775.0,-18.93,955.965,0.0,7.3,3.69,3.69,,0.5057,-0.0599,0.0009,-0.2719,0.324,3.6282,7.7,4,27
GEV261023C00780000,GEV,2026-10-23,29,C,780.0,-18.41,955.965,178.0,186.8,182.4,0.0,4.8,0.5009,0.9358,0.0009,-0.2159,0.3428,182.3096,91.8,0,0
GEV261023P00780000,GEV,2026-10-23,29,P,780.0,-18.41,955.965,3.0,7.7,5.35,4.41,87.9,0.5412,-0.0648,0.0009,-0.2882,0.3438,5.3175,10.1,1440,13
GEV261023C00785000,GEV,2026-10-23,29,C,785.0,-17.88,955.965,173.0,182.0,177.5,124.14,5.1,0.491,0.9307,0.001,-0.2346,0.3639,177.4064,91.6,0,1
GEV261023P00785000,GEV,2026-10-23,29,P,785.0,-17.88,955.965,0.05,6.0,3.025,4.4,196.7,0.4615,-0.0699,0.001,-0.3049,0.3646,3.0095,7.0,0,13
GEV261023C00790000,GEV,2026-10-23,29,C,790.0,-17.36,955.965,168.6,176.7,172.65,0.0,4.7,0.4824,0.9252,0.001,-0.2538,0.3853,172.5515,91.3,0,0
GEV261023P00790000,GEV,2026-10-23,29,P,790.0,-17.36,955.965,3.5,6.6,5.05,5.99,61.4,0.5077,-0.0754,0.001,-0.3223,0.3873,5.0177,10.0,1,1471
GEV261023C00795000,GEV,2026-10-23,29,C,795.0,-16.84,955.965,164.0,173.0,168.5,0.0,5.3,0.4921,0.9194,0.0011,-0.2736,0.4073,168.3939,90.0,0,0
GEV261023P00795000,GEV,2026-10-23,29,P,795.0,-16.84,955.965,0.6,8.7,4.65,5.82,174.2,0.4847,-0.0812,0.0011,-0.3402,0.4098,4.6207,9.6,1,7
GEV261023C00800000,GEV,2026-10-23,29,C,800.0,-16.31,955.965,159.4,167.5,163.45,0.0,5.0,0.4777,0.9133,0.0012,-0.2938,0.4302,163.342,90.0,0,0
GEV261023P00800000,GEV,2026-10-23,29,P,800.0,-16.31,955.965,2.15,8.8,5.475,6.0,121.5,0.4924,-0.0874,0.0012,-0.3586,0.4318,5.4363,10.8,5,27
GEV261023C00805000,GEV,2026-10-23,29,C,805.0,-15.79,955.965,155.0,163.0,159.0,114.1,5.0,0.4779,0.9068,0.0012,-0.3144,0.4541,158.8876,89.1,0,1
GEV261023P00805000,GEV,2026-10-23,29,P,805.0,-15.79,955.965,2.2,9.1,5.65,6.73,122.1,0.4836,-0.094,0.0013,-0.3774,0.4551,5.6115,11.2,0,22
GEV261023C00810000,GEV,2026-10-23,29,C,810.0,-15.27,955.965,150.3,158.5,154.4,0.0,5.3,0.4738,0.8999,0.0013,-0.3355,0.4783,154.2853,88.4,0,0
GEV261023P00810000,GEV,2026-10-23,29,P,810.0,-15.27,955.965,4.6,9.1,6.85,8.6,65.7,0.4967,-0.1009,0.0013,-0.3966,0.4794,6.8033,12.8,1,31
GEV261023C00815000,GEV,2026-10-23,29,C,815.0,-14.75,955.965,146.0,154.4,150.2,0.0,5.6,0.4776,0.8926,0.0014,-0.357,0.5027,150.0797,87.3,0,0
GEV261023P00815000,GEV,2026-10-23,29,P,815.0,-14.75,955.965,4.7,9.4,7.05,9.7,66.7,0.4874,-0.1082,0.0014,-0.4162,0.5068,7.0024,13.2,1,26
GEV261023C00820000,GEV,2026-10-23,29,C,820.0,-14.22,955.965,141.5,150.0,145.75,0.0,5.8,0.4751,0.8849,0.0015,-0.3787,0.5277,145.6263,86.5,0,0
GEV261023P00820000,GEV,2026-10-23,29,P,820.0,-14.22,955.965,6.0,9.6,7.8,9.9,46.2,0.4885,-0.116,0.0015,-0.4362,0.53,7.7429,14.3,2,50
GEV261023C00825000,GEV,2026-10-23,29,C,825.0,-13.7,955.965,137.2,146.0,141.6,123.5,6.2,0.4775,0.8769,0.0015,-0.4008,0.5536,141.4681,85.3,0,1
GEV261023P00825000,GEV,2026-10-23,29,P,825.0,-13.7,955.965,6.3,11.6,8.95,9.24,59.2,0.4958,-0.1241,0.0016,-0.4565,0.5552,8.8822,15.7,0,26
GEV261023C00830000,GEV,2026-10-23,29,C,830.0,-13.18,955.965,133.0,141.3,137.15,89.8,6.1,0.4735,0.8684,0.0016,-0.423,0.5798,137.0177,84.5,0,2
GEV261023P00830000,GEV,2026-10-23,29,P,830.0,-13.18,955.965,6.9,12.3,9.6,10.15,56.3,0.493,-0.1326,0.0016,-0.4769,0.5809,9.5275,16.6,2,18
GEV261023C00835000,GEV,2026-10-23,29,C,835.0,-12.65,955.965,128.7,137.0,132.85,0.0,6.2,0.4714,0.8595,0.0017,-0.4454,0.6058,132.7102,83.5,0,0
GEV261023P00835000,GEV,2026-10-23,29,P,835.0,-12.65,955.965,6.6,13.4,10.0,11.95,68.0,0.4857,-0.1413,0.0017,-0.4971,0.6085,9.9406,17.3,2,33
GEV261023C00840000,GEV,2026-10-23,29,C,840.0,-12.13,955.965,124.5,132.8,128.65,129.52,6.5,0.4703,0.8502,0.0018,-0.4679,0.6319,128.5076,82.5,0,2
GEV261023P00840000,GEV,2026-10-23,29,P,840.0,-12.13,955.965,7.7,13.7,10.7,9.9,56.1,0.4823,-0.1509,0.0018,-0.5181,0.6352,10.6174,18.2,2,47
GEV261023C00845000,GEV,2026-10-23,29,C,845.0,-11.61,955.965,121.0,129.2,125.1,0.0,6.6,0.4784,0.8406,0.0019,-0.4904,0.6585,124.9477,80.8,0,0
GEV261023P00845000,GEV,2026-10-23,29,P,845.0,-11.61,955.965,6.7,14.9,10.8,11.9,75.9,0.4693,-0.1606,0.0019,-0.5388,0.6607,10.7167,18.7,0,59
GEV261023C00850000,GEV,2026-10-23,29,C,850.0,-11.08,955.965,117.0,124.8,120.9,121.47,6.5,0.4754,0.8304,0.0019,-0.5128,0.6854,120.7474,79.8,0,57
GEV261023P00850000,GEV,2026-10-23,29,P,850.0,-11.08,955.965,11.2,13.8,12.5,11.7,20.8,0.4804,-0.1706,0.002,-0.5591,0.6863,12.4234,20.5,4,36
GEV261023C00855000,GEV,2026-10-23,29,C,855.0,-10.56,955.965,112.3,121.0,116.65,0.0,7.5,0.471,0.8199,0.002,-0.5351,0.7119,116.495,78.8,0,0
GEV261023P00855000,GEV,2026-10-23,29,P,855.0,-10.56,955.965,12.2,14.9,13.55,12.2,19.9,0.4802,-0.1813,0.002,-0.5797,0.7132,13.4628,21.8,4,8
GEV261023C00860000,GEV,2026-10-23,29,C,860.0,-10.04,955.965,108.3,117.0,112.65,69.0,7.7,0.4694,0.809,0.0021,-0.5572,0.7379,112.4855,77.6,0,15
GEV261023P00860000,GEV,2026-10-23,29,P,860.0,-10.04,955.965,13.2,16.0,14.6,13.7,19.2,0.4793,-0.1922,0.0021,-0.5998,0.7418,14.5131,23.0,23,205
GEV261023C00865000,GEV,2026-10-23,29,C,865.0,-9.52,955.965,104.5,113.1,108.8,93.5,7.9,0.4692,0.7976,0.0022,-0.579,0.7637,108.6379,76.2,0,1
GEV261023P00865000,GEV,2026-10-23,29,P,865.0,-9.52,955.965,12.5,18.8,15.65,16.7,40.3,0.4772,-0.2039,0.0022,-0.6201,0.7664,15.5324,24.2,0,23
GEV261023C00870000,GEV,2026-10-23,29,C,870.0,-8.99,955.965,100.6,109.3,104.95,0.0,8.3,0.468,0.7859,0.0023,-0.6004,0.7896,104.7786,74.9,0,0
GEV261023P00870000,GEV,2026-10-23,29,P,870.0,-8.99,955.965,11.8,19.8,15.8,18.1,50.6,0.4632,-0.2157,0.0023,-0.6397,0.7914,15.6808,24.8,0,20
GEV261023C00875000,GEV,2026-10-23,29,C,875.0,-8.47,955.965,96.8,105.5,101.15,91.86,8.6,0.4668,0.7737,0.0024,-0.6213,0.8149,100.9821,73.6,2,3
GEV261023P00875000,GEV,2026-10-23,29,P,875.0,-8.47,955.965,13.3,21.0,17.15,19.62,44.9,0.464,-0.2279,0.0024,-0.6588,0.8166,17.016,26.3,0,19
GEV261023C00880000,GEV,2026-10-23,29,C,880.0,-7.95,955.965,93.1,101.7,97.4,100.12,8.8,0.4653,0.7612,0.0024,-0.6416,0.8393,97.2252,72.2,0,7
GEV261023P00880000,GEV,2026-10-23,29,P,880.0,-7.95,955.965,14.4,22.3,18.35,20.0,43.1,0.4622,-0.2405,0.0024,-0.6774,0.8445,18.2113,27.6,0,16
GEV261023C00885000,GEV,2026-10-23,29,C,885.0,-7.42,955.965,89.8,98.2,94.0,89.27,8.9,0.4672,0.7483,0.0025,-0.6614,0.8628,93.8235,70.7,0,4
GEV261023P00885000,GEV,2026-10-23,29,P,885.0,-7.42,955.965,16.6,23.6,20.1,23.0,34.8,0.466,-0.2535,0.0025,-0.6953,0.8658,19.9478,29.3,0,4
GEV261023C00890000,GEV,2026-10-23,29,C,890.0,-6.9,955.965,87.0,95.0,91.0,76.19,8.8,0.4726,0.7351,0.0026,-0.6804,0.8859,90.8138,68.9,0,4
GEV261023P00890000,GEV,2026-10-23,29,P,890.0,-6.9,955.965,18.1,25.0,21.55,29.8,32.0,0.4654,-0.2669,0.0026,-0.7125,0.8881,21.3906,30.7,1,15
GEV261023C00895000,GEV,2026-10-23,29,C,895.0,-6.38,955.965,82.8,91.9,87.35,76.1,10.4,0.4698,0.7215,0.0026,-0.6986,0.9083,87.1619,67.6,0,0
GEV261023P00895000,GEV,2026-10-23,29,P,895.0,-6.38,955.965,20.1,26.3,23.2,26.3,26.7,0.4662,-0.2806,0.0027,-0.729,0.9097,23.0318,32.3,2,3
GEV261023C00900000,GEV,2026-10-23,29,C,900.0,-5.85,955.965,79.1,88.0,83.55,84.7,10.7,0.4647,0.7076,0.0027,-0.716,0.9294,83.3609,66.3,0,87
GEV261023P00900000,GEV,2026-10-23,29,P,900.0,-5.85,955.965,21.3,28.1,24.7,24.3,27.5,0.4645,-0.2946,0.0027,-0.7445,0.931,24.5216,33.7,6,37
GEV261023C00905000,GEV,2026-10-23,29,C,905.0,-5.33,955.965,75.8,84.5,80.15,0.0,10.9,0.4632,0.6933,0.0028,-0.7324,0.9492,79.9559,64.8,0,0
GEV261023P00905000,GEV,2026-10-23,29,P,905.0,-5.33,955.965,22.4,30.2,26.3,27.52,29.7,0.4631,-0.3089,0.0028,-0.759,0.9523,26.1099,35.2,0,2
GEV261023C00910000,GEV,2026-10-23,29,C,910.0,-4.81,955.965,72.9,81.7,77.3,69.64,11.4,0.4667,0.6788,0.0028,-0.7478,0.9679,77.1053,63.0,0,4
GEV261023P00910000,GEV,2026-10-23,29,P,910.0,-4.81,955.965,26.9,30.9,28.9,26.6,13.8,0.4716,-0.3232,0.0028,-0.7724,0.9698,28.7261,37.1,2,63
GEV261023C00915000,GEV,2026-10-23,29,C,915.0,-4.29,955.965,69.3,78.0,73.65,80.4,11.8,0.4611,0.6641,0.0029,-0.7622,0.9856,73.4525,61.7,0,1
GEV261023P00915000,GEV,2026-10-23,29,P,915.0,-4.29,955.965,26.1,33.2,29.65,33.96,23.9,0.46,-0.338,0.0029,-0.785,0.9867,29.4763,38.3,0,5
GEV261023C00920000,GEV,2026-10-23,29,C,920.0,-3.76,955.965,66.2,75.0,70.6,61.59,12.5,0.461,0.6491,0.003,-0.7753,1.0019,70.4097,60.0,2,2
GEV261023P00920000,GEV,2026-10-23,29,P,920.0,-3.76,955.965,27.8,36.0,31.9,36.4,25.7,0.4629,-0.3531,0.003,-0.7964,1.0029,31.7152,40.0,3,19
GEV261023C00925000,GEV,2026-10-23,29,C,925.0,-3.24,955.965,63.2,72.0,67.6,60.0,13.0,0.4605,0.6339,0.003,-0.7873,1.0165,67.4064,58.4,0,6
GEV261023P00925000,GEV,2026-10-23,29,P,925.0,-3.24,955.965,30.3,38.0,34.15,38.16,22.5,0.4649,-0.3684,0.003,-0.8066,1.019,33.9525,41.7,0,7
GEV261023C00930000,GEV,2026-10-23,29,C,930.0,-2.72,955.965,60.4,68.7,64.55,62.0,12.9,0.4587,0.6185,0.003,-0.7981,1.0297,64.3491,56.9,0,15
GEV261023P00930000,GEV,2026-10-23,29,P,930.0,-2.72,955.965,32.1,40.0,36.05,40.7,21.9,0.4627,-0.384,0.0031,-0.8154,1.031,35.8441,43.2,10,21
GEV261023C00935000,GEV,2026-10-23,29,C,935.0,-2.19,955.965,57.5,66.0,61.75,54.4,13.8,0.4587,0.603,0.0031,-0.8076,1.0414,61.5557,55.2,0,4
GEV261023P00935000,GEV,2026-10-23,29,P,935.0,-2.19,955.965,34.4,41.8,38.1,37.1,19.4,0.4612,-0.3996,0.0031,-0.8232,1.0422,37.8837,44.8,5,19
GEV261023C00940000,GEV,2026-10-23,29,C,940.0,-1.67,955.965,55.4,63.0,59.2,57.0,12.8,0.4602,0.5873,0.0031,-0.8157,1.0516,59.0012,53.6,0,25
GEV261023P00940000,GEV,2026-10-23,29,P,940.0,-1.67,955.965,38.1,43.5,40.8,39.2,13.2,0.465,-0.4156,0.0031,-0.8296,1.0521,40.5574,46.5,5,21
GEV261023C00945000,GEV,2026-10-23,29,C,945.0,-1.15,955.965,52.6,61.0,56.8,49.0,14.8,0.4624,0.5715,0.0031,-0.8226,1.06,56.6048,51.9,0,7
GEV261023P00945000,GEV,2026-10-23,29,P,945.0,-1.15,955.965,41.1,45.5,43.3,40.23,10.2,0.4664,-0.4313,0.0032,-0.8346,1.0603,43.0646,48.2,2,2
GEV261023C00950000,GEV,2026-10-23,29,C,950.0,-0.62,955.965,49.5,58.0,53.75,46.3,15.8,0.4577,0.5557,0.0032,-0.828,1.0667,53.5577,50.3,50,41
GEV261023P00950000,GEV,2026-10-23,29,P,950.0,-0.62,955.965,41.4,49.0,45.2,45.66,16.8,0.4612,-0.4473,0.0032,-0.8382,1.0671,44.951,49.7,2,64
GEV261023C00955000,GEV,2026-10-23,29,C,955.0,-0.1,955.965,49.2,54.4,51.8,40.6,10.0,0.4625,0.5398,0.0032,-0.8321,1.0718,51.6025,48.7,1,8
GEV261023P00955000,GEV,2026-10-23,29,P,955.0,-0.1,955.965,43.6,52.0,47.8,54.6,17.6,0.4618,-0.4633,0.0032,-0.8405,1.0716,47.5323,51.3,11,7
GEV261023C00960000,GEV,2026-10-23,29,C,960.0,0.42,955.965,47.3,52.1,49.7,43.2,9.7,0.4652,0.5239,0.0032,-0.8349,1.0752,49.5057,47.1,1,17
GEV261023P00960000,GEV,2026-10-23,29,P,960.0,0.42,955.965,45.8,54.0,49.9,57.1,16.4,0.4571,-0.4794,0.0032,-0.8415,1.0749,49.6253,52.9,6,22
GEV261023C00965000,GEV,2026-10-23,29,C,965.0,0.95,955.965,42.8,50.0,46.4,40.62,15.5,0.4557,0.5082,0.0032,-0.8362,1.077,46.1777,45.5,4,5
GEV261023P00965000,GEV,2026-10-23,29,P,965.0,0.95,955.965,48.8,57.0,52.9,53.64,15.5,0.4598,-0.4956,0.0032,-0.841,1.0761,52.5914,54.5,1,5
GEV261023C00970000,GEV,2026-10-23,29,C,970.0,1.47,955.965,40.6,48.0,44.3,40.0,16.7,0.4569,0.4923,0.0032,-0.8363,1.077,44.078,43.9,0,18
GEV261023P00970000,GEV,2026-10-23,29,P,970.0,1.47,955.965,51.2,60.0,55.6,63.95,15.8,0.4591,-0.5116,0.0032,-0.8392,1.0749,55.2716,56.1,0,2
GEV261023C00975000,GEV,2026-10-23,29,C,975.0,1.99,955.965,38.3,46.0,42.15,41.4,18.3,0.457,0.4765,0.0032,-0.8349,1.0754,41.9386,42.4,0,8
GEV261023P00975000,GEV,2026-10-23,29,P,975.0,1.99,955.965,54.0,63.0,58.5,64.9,15.4,0.4596,-0.5275,0.0032,-0.836,1.073,58.1589,57.6,0,1
GEV261023C00980000,GEV,2026-10-23,29,C,980.0,2.51,955.965,38.4,43.2,40.8,39.1,11.8,0.4638,0.4608,0.0032,-0.8323,1.072,40.5934,40.9,45,29
GEV261023P00980000,GEV,2026-10-23,29,P,980.0,2.51,955.965,56.9,65.0,60.95,67.0,13.3,0.4551,-0.5434,0.0032,-0.8316,1.0699,60.5885,59.2,67,5
GEV261023C00985000,GEV,2026-10-23,29,C,985.0,3.04,955.965,34.2,42.0,38.1,34.83,20.5,0.4572,0.4453,0.0032,-0.8284,1.067,37.8918,39.3,0,17
GEV261023P00985000,GEV,2026-10-23,29,P,985.0,3.04,955.965,59.7,68.0,63.85,61.5,13.0,0.4542,-0.5591,0.0032,-0.8259,1.0652,63.4822,60.8,2,0
GEV261023C00990000,GEV,2026-10-23,29,C,990.0,3.56,955.965,32.2,39.5,35.85,30.1,20.4,0.4541,0.4298,0.0032,-0.8232,1.0605,35.6437,37.7,0,6
GEV261023P00990000,GEV,2026-10-23,29,P,990.0,3.56,955.965,62.8,71.0,66.9,0.0,12.3,0.4539,-0.5747,0.0032,-0.8191,1.0574,66.5162,62.3,0,0
GEV261023C00995000,GEV,2026-10-23,29,C,995.0,4.08,955.965,30.3,38.4,34.35,35.5,23.6,0.4574,0.4146,0.0032,-0.8168,1.0527,34.1462,36.3,0,2
GEV261023P00995000,GEV,2026-10-23,29,P,995.0,4.08,955.965,66.1,75.0,70.55,0.0,12.6,0.4586,-0.5901,0.0032,-0.8109,1.0478,70.1499,63.7,0,0
GEV261023C01000000,GEV,2026-10-23,29,C,1000.0,4.61,955.965,28.8,35.2,32.0,32.0,20.0,0.452,0.3995,0.0031,-0.8093,1.0433,31.8119,34.7,6,32
GEV261023P01000000,GEV,2026-10-23,29,P,1000.0,4.61,955.965,69.4,78.0,73.7,78.12,11.7,0.4578,-0.6053,0.0032,-0.8016,1.0378,73.2763,65.1,0,5
GEV261023C01005000,GEV,2026-10-23,29,C,1005.0,5.13,955.965,27.0,34.5,30.75,32.25,24.4,0.4563,0.3847,0.0031,-0.8007,1.0323,30.5577,33.4,0,1
GEV261023P01005000,GEV,2026-10-23,29,P,1005.0,5.13,955.965,72.7,81.0,76.85,0.0,10.8,0.4564,-0.6203,0.0031,-0.7912,1.0279,76.4141,66.6,0,0
GEV261023C01010000,GEV,2026-10-23,29,C,1010.0,5.65,955.965,25.0,34.0,29.5,30.85,30.5,0.4601,0.3701,0.0031,-0.791,1.0199,29.3132,32.1,0,2
GEV261023P01010000,GEV,2026-10-23,29,P,1010.0,5.65,955.965,75.9,84.0,79.95,100.6,10.1,0.4538,-0.6351,0.0031,-0.7798,1.0146,79.5037,68.0,0,2
GEV261023C01015000,GEV,2026-10-23,29,C,1015.0,6.18,955.965,23.5,31.4,27.45,26.45,28.8,0.4558,0.3554,0.003,-0.7799,1.0061,27.3152,30.6,0,3
GEV261023P01015000,GEV,2026-10-23,29,P,1015.0,6.18,955.965,79.3,88.0,83.65,115.99,10.4,0.4563,-0.6496,0.0031,-0.7676,0.996,83.1796,69.3,0,2
GEV261023C01020000,GEV,2026-10-23,29,C,1020.0,6.7,955.965,23.1,29.9,26.5,26.09,25.7,0.4609,0.3417,0.003,-0.7687,0.9921,26.3245,29.5,2,7
GEV261023P01020000,GEV,2026-10-23,29,P,1020.0,6.7,955.965,82.8,91.0,86.9,89.05,9.4,0.4536,-0.6639,0.003,-0.7544,0.9839,86.4027,70.8,0,1
GEV261023C01025000,GEV,2026-10-23,29,C,1025.0,7.22,955.965,20.7,28.4,24.55,24.99,31.4,0.4557,0.3279,0.0029,-0.7562,0.9764,24.3825,28.0,0,3
GEV261023P01025000,GEV,2026-10-23,29,P,1025.0,7.22,955.965,86.4,94.8,90.6,0.0,9.3,0.4549,-0.6779,0.003,-0.7403,0.9676,90.0876,72.0,0,0
GEV261023C01030000,GEV,2026-10-23,29,C,1030.0,7.74,955.965,18.8,27.1,22.95,24.0,36.2,0.4533,0.3144,0.0029,-0.743,0.9594,22.7893,26.7,0,12
GEV261023P01030000,GEV,2026-10-23,29,P,1030.0,7.74,955.965,89.5,99.0,94.25,155.28,10.1,0.455,-0.6915,0.0029,-0.7254,0.9522,93.7178,73.3,0,5
GEV261023C01035000,GEV,2026-10-23,29,C,1035.0,8.27,955.965,17.4,25.7,21.55,12.6,38.5,0.4523,0.3012,0.0028,-0.729,0.9415,21.3975,25.4,0,5
GEV261023P01035000,GEV,2026-10-23,29,P,1035.0,8.27,955.965,93.6,102.0,97.8,0.0,8.6,0.4534,-0.7049,0.0029,-0.7099,0.9311,97.251,74.6,0,0
GEV261023C01040000,GEV,2026-10-23,29,C,1040.0,8.79,955.965,17.3,24.4,20.85,20.17,34.1,0.4582,0.2884,0.0028,-0.7143,0.9231,20.7013,24.4,0,20
GEV261023P01040000,GEV,2026-10-23,29,P,1040.0,8.79,955.965,97.3,106.0,101.65,154.7,8.6,0.4542,-0.718,0.0028,-0.6938,0.9076,101.07,75.7,0,1
GEV261023C01045000,GEV,2026-10-23,29,C,1045.0,9.31,955.965,15.9,23.2,19.55,16.5,37.3,0.457,0.2759,0.0027,-0.6991,0.9041,19.4045,23.2,0,12
GEV261023P01045000,GEV,2026-10-23,29,P,1045.0,9.31,955.965,101.1,109.5,105.3,136.25,8.0,0.4522,-0.7307,0.0028,-0.6772,0.89,104.6942,77.0,0,2
GEV261023C01050000,GEV,2026-10-23,29,C,1050.0,9.84,955.965,15.3,21.4,18.35,15.4,33.2,0.4563,0.2637,0.0026,-0.6834,0.8841,18.2129,22.1,1,38
GEV261023P01050000,GEV,2026-10-23,29,P,1050.0,9.84,955.965,105.0,114.0,109.5,127.7,8.2,0.4558,-0.7431,0.0027,-0.66,0.8708,108.8725,77.9,0,8
GEV261023C01055000,GEV,2026-10-23,29,C,1055.0,10.36,955.965,13.5,21.0,17.25,24.0,43.5,0.456,0.2519,0.0026,-0.6672,0.8632,17.1133,21.0,0,3
GEV261023P01055000,GEV,2026-10-23,29,P,1055.0,10.36,955.965,108.6,117.2,112.9,0.0,7.6,0.4495,-0.7551,0.0026,-0.6424,0.8519,112.2476,79.3,0,0
GEV261023C01060000,GEV,2026-10-23,29,C,1060.0,10.88,955.965,11.2,19.9,15.55,17.4,55.9,0.4479,0.2404,0.0025,-0.6506,0.842,15.422,19.6,0,9
GEV261023P01060000,GEV,2026-10-23,29,P,1060.0,10.88,955.965,112.2,121.5,116.85,0.0,8.0,0.4488,-0.7668,0.0026,-0.6243,0.8251,116.1678,80.4,0,0
GEV261023C01065000,GEV,2026-10-23,29,C,1065.0,11.41,955.965,10.4,19.0,14.7,14.5,58.5,0.4493,0.2294,0.0024,-0.6337,0.8206,14.5831,18.6,0,8
GEV261023P01065000,GEV,2026-10-23,29,P,1065.0,11.41,955.965,116.2,125.6,120.9,0.0,7.8,0.4486,-0.7782,0.0025,-0.6061,0.7982,120.1826,81.4,0,0
GEV261023C01070000,GEV,2026-10-23,29,C,1070.0,11.93,955.965,10.1,18.7,14.4,12.8,59.7,0.457,0.2186,0.0024,-0.6166,0.7991,14.2824,18.0,0,2
GEV261023P01070000,GEV,2026-10-23,29,P,1070.0,11.93,955.965,120.3,129.4,124.85,0.0,7.3,0.4464,-0.7892,0.0024,-0.5878,0.7781,124.0925,82.5,0,0
GEV261023C01075000,GEV,2026-10-23,29,C,1075.0,12.45,955.965,8.7,17.4,13.05,14.87,66.7,0.4509,0.2082,0.0023,-0.5992,0.777,12.9424,16.8,0,2
GEV261023P01075000,GEV,2026-10-23,29,P,1075.0,12.45,955.965,124.4,133.6,129.0,0.0,7.1,0.4463,-0.7999,0.0024,-0.5692,0.7573,128.2188,83.4,0,0
GEV261023C01080000,GEV,2026-10-23,29,C,1080.0,12.97,955.965,10.1,16.6,13.35,7.8,48.7,0.4658,0.1982,0.0022,-0.5818,0.7544,13.2386,16.6,1,15
GEV261023P01080000,GEV,2026-10-23,29,P,1080.0,12.97,955.965,129.0,137.8,133.4,131.98,6.6,0.449,-0.8102,0.0023,-0.5505,0.7368,132.596,84.2,0,1
GEV261023C01085000,GEV,2026-10-23,29,C,1085.0,13.5,955.965,7.3,16.1,11.7,9.6,75.2,0.4543,0.1886,0.0022,-0.5642,0.7317,11.5994,15.2,1,2
GEV261023P01085000,GEV,2026-10-23,29,P,1085.0,13.5,955.965,133.3,142.2,137.75,0.0,6.5,0.4504,-0.8201,0.0022,-0.5314,0.7071,136.9131,85.0,0,0
GEV261023C01090000,GEV,2026-10-23,29,C,1090.0,14.02,955.965,7.0,14.9,10.95,8.55,72.1,0.4542,0.1792,0.0021,-0.5466,0.7094,10.8557,14.4,1,9
GEV261023P01090000,GEV,2026-10-23,29,P,1090.0,14.02,955.965,137.2,146.5,141.85,0.0,6.6,0.4473,-0.8297,0.0022,-0.5126,0.6773,140.9571,86.0,0,0
GEV261023C01095000,GEV,2026-10-23,29,C,1095.0,14.54,955.965,6.9,14.2,10.55,9.7,69.2,0.4586,0.1703,0.002,-0.529,0.6873,10.4562,13.8,0,3
GEV261023P01095000,GEV,2026-10-23,29,P,1095.0,14.54,955.965,142.0,150.9,146.45,0.0,6.1,0.4514,-0.839,0.0021,-0.494,0.6573,145.5331,86.6,0,0
GEV261023C01100000,GEV,2026-10-23,29,C,1100.0,15.07,955.965,8.0,11.0,9.5,10.0,31.6,0.4529,0.1617,0.002,-0.5115,0.6649,9.4184,12.7,13,33
GEV261023P01100000,GEV,2026-10-23,29,P,1100.0,15.07,955.965,147.0,155.3,151.15,0.0,5.5,0.4567,-0.8479,0.002,-0.4754,0.636,150.2094,87.1,0,0
GEV261023C01105000,GEV,2026-10-23,29,C,1105.0,15.59,955.965,4.9,13.2,9.05,9.25,91.7,0.4556,0.1534,0.0019,-0.4942,0.6424,8.9697,12.1,0,11
GEV261023P01105000,GEV,2026-10-23,29,P,1105.0,15.59,955.965,151.0,159.7,155.35,0.0,5.6,0.4535,-0.8565,0.002,-0.457,0.6166,154.3673,87.9,0,0
GEV261023C01110000,GEV,2026-10-23,29,C,1110.0,16.11,955.965,4.1,12.6,8.35,8.3,101.8,0.4538,0.1455,0.0018,-0.4769,0.62,8.2733,11.4,0,3
GEV261023P01110000,GEV,2026-10-23,29,P,1110.0,16.11,955.965,156.0,164.2,160.1,0.0,5.1,0.4589,-0.8647,0.0019,-0.4381,0.5871,159.0947,88.4,0,0
GEV261023C01115000,GEV,2026-10-23,29,C,1115.0,16.64,955.965,3.7,11.7,7.7,13.25,103.9,0.4522,0.138,0.0018,-0.4599,0.5982,7.631,10.6,0,9
GEV261023P01115000,GEV,2026-10-23,29,P,1115.0,16.64,955.965,159.2,168.0,163.6,0.0,5.4,0.4406,-0.8726,0.0018,-0.4196,0.5541,162.4731,89.9,0,0
GEV261023C01120000,GEV,2026-10-23,29,C,1120.0,17.16,955.965,4.3,10.0,7.15,6.3,79.7,0.4516,0.1307,0.0017,-0.4431,0.5769,7.0836,10.0,0,16
GEV261023P01120000,GEV,2026-10-23,29,P,1120.0,17.16,955.965,165.0,173.3,169.15,0.0,4.9,0.4603,-0.8802,0.0018,-0.4016,0.535,168.0513,89.6,0,0
GEV261023C01125000,GEV,2026-10-23,29,C,1125.0,17.68,955.965,2.6,11.3,6.95,7.85,125.2,0.457,0.1238,0.0016,-0.4265,0.5558,6.8897,9.6,0,5
GEV261023P01125000,GEV,2026-10-23,29,P,1125.0,17.68,955.965,168.3,177.0,172.65,0.0,5.0,0.4393,-0.8875,0.0017,-0.3839,0.5139,171.4297,91.2,0,0
GEV261023C01130000,GEV,2026-10-23,29,C,1130.0,18.21,955.965,2.1,10.0,6.05,14.1,130.6,0.4486,0.1171,0.0016,-0.4102,0.5347,5.9967,8.7,0,4
GEV261023P01130000,GEV,2026-10-23,29,P,1130.0,18.21,955.965,174.0,182.3,178.15,0.0,4.7,0.4586,-0.8945,0.0017,-0.3664,0.4973,176.9573,90.9,0,0
GEV261023C01135000,GEV,2026-10-23,29,C,1135.0,18.73,955.965,2.05,10.6,6.325,0.0,135.2,0.4626,0.1108,0.0015,-0.3943,0.5139,6.2686,8.7,0,0
GEV261023P01135000,GEV,2026-10-23,29,P,1135.0,18.73,955.965,178.4,187.0,182.7,0.0,4.7,0.4578,-0.9011,0.0016,-0.3488,0.4734,181.4612,91.5,0,0
GEV261023C01140000,GEV,2026-10-23,29,C,1140.0,19.25,955.965,1.65,10.0,5.825,6.0,143.3,0.4611,0.1048,0.0014,-0.3787,0.4937,5.7738,8.1,0,4
GEV261023P01140000,GEV,2026-10-23,29,P,1140.0,19.25,955.965,183.0,191.5,187.25,0.0,4.5,0.4558,-0.9075,0.0015,-0.331,0.4408,185.9382,92.1,0,0
GEV261023C01145000,GEV,2026-10-23,29,C,1145.0,19.77,955.965,1.1,9.3,5.2,5.6,157.7,0.4562,0.099,0.0014,-0.3634,0.4742,5.1558,7.5,0,2
GEV261023P01145000,GEV,2026-10-23,29,P,1145.0,19.77,955.965,188.0,196.1,192.05,0.0,4.2,0.4593,-0.9136,0.0015,-0.3137,0.4163,190.6991,92.4,0,0
GEV261023C01150000,GEV,2026-10-23,29,C,1150.0,20.3,955.965,0.65,9.0,4.825,5.5,173.1,0.4559,0.0935,0.0013,-0.3484,0.4552,4.783,7.0,0,22
GEV261023P01150000,GEV,2026-10-23,29,P,1150.0,20.3,955.965,192.4,201.0,196.7,274.1,4.4,0.4587,-0.9194,0.0014,-0.2967,0.3976,195.2909,92.9,0,1
GEV261023C01155000,GEV,2026-10-23,29,C,1155.0,20.82,955.965,0.5,8.8,4.65,0.0,178.5,0.4598,0.0883,0.0013,-0.3339,0.4364,4.6089,6.7,0,0
GEV261023P01155000,GEV,2026-10-23,29,P,1155.0,20.82,955.965,197.1,205.6,201.35,0.0,4.2,0.4575,-0.925,0.0014,-0.2801,0.382,199.8829,93.4,0,0
GEV261023C01160000,GEV,2026-10-23,29,C,1160.0,21.34,955.965,0.2,9.0,4.6,5.1,191.3,0.4665,0.0834,0.0012,-0.3198,0.4179,4.5596,6.5,0,38
GEV261023P01160000,GEV,2026-10-23,29,P,1160.0,21.34,955.965,201.3,210.1,205.7,0.0,4.3,0.446,-0.9302,0.0013,-0.2638,0.3663,204.1044,94.3,0,0
GEV261023C01165000,GEV,2026-10-23,29,C,1165.0,21.87,955.965,0.1,8.0,4.05,4.32,195.1,0.4606,0.0787,0.0012,-0.306,0.3999,4.0148,5.9,0,5
GEV261023P01165000,GEV,2026-10-23,29,P,1165.0,21.87,955.965,207.0,215.3,211.15,233.0,3.9,0.4677,-0.9352,0.0012,-0.2474,0.3428,209.631,93.8,0,1
GEV261023C01170000,GEV,2026-10-23,29,C,1170.0,22.39,955.965,0.0,8.0,4.1,4.1,,0.467,0.0742,0.0011,-0.2927,0.3827,3.9689,5.7,0,9
GEV261023P01170000,GEV,2026-10-23,29,P,1170.0,22.39,955.965,211.5,220.0,215.75,0.0,3.9,0.4629,-0.9401,0.0012,-0.2308,0.311,214.1378,94.4,0,0
GEV261023C01175000,GEV,2026-10-23,29,C,1175.0,22.91,955.965,0.0,7.8,10.5,10.5,,0.4718,0.07,0.0011,-0.2797,0.3661,3.8671,5.5,0,10
GEV261023P01175000,GEV,2026-10-23,29,P,1175.0,22.91,955.965,216.3,224.6,220.45,0.0,3.8,0.46,-0.9449,0.0012,-0.2142,0.2923,218.7502,94.9,0,0
GEV261023C01180000,GEV,2026-10-23,29,C,1180.0,23.44,955.965,0.0,7.5,9.8,9.8,,0.4752,0.0659,0.001,-0.2672,0.3501,3.7203,5.3,0,5
GEV261023P01180000,GEV,2026-10-23,29,P,1180.0,23.44,955.965,221.1,229.4,225.25,0.0,3.7,0.46,-0.9495,0.0012,-0.198,0.2764,223.4866,95.2,0,0
GEV261023C01185000,GEV,2026-10-23,29,C,1185.0,23.96,955.965,0.0,7.3,,0.0,,0.4797,0.0621,0.001,-0.2551,0.3344,3.6197,5.1,0,0
GEV261023P01185000,GEV,2026-10-23,29,P,1185.0,23.96,955.965,226.0,234.3,230.15,0.0,3.6,0.4634,-0.9538,0.0011,-0.1822,0.2653,228.3474,95.4,0,0
GEV261023C01190000,GEV,2026-10-23,29,C,1190.0,24.48,955.965,0.0,7.1,6.6,6.6,,0.4844,0.0584,0.0009,-0.243,0.3186,3.5312,5.0,0,5
GEV261023P01190000,GEV,2026-10-23,29,P,1190.0,24.48,955.965,231.0,239.5,235.25,0.0,3.6,0.4745,-0.9579,0.0011,-0.167,0.2529,233.4598,95.4,0,0
GEV261030C00720000,GEV,2026-10-30,36,C,720.0,-24.68,955.965,237.7,245.3,241.5,0.0,3.1,0.5282,0.9617,0.0005,-0.1072,0.2547,241.1128,95.0,0,0
GEV261030P00720000,GEV,2026-10-30,36,P,720.0,-24.68,955.965,0.0,6.5,3.55,3.55,,0.5652,-0.0389,0.0005,-0.1844,0.256,3.2547,6.3,0,14
GEV261030C00730000,GEV,2026-10-30,36,C,730.0,-23.64,955.965,228.2,235.8,232.0,0.0,3.3,0.5251,0.9557,0.0006,-0.1318,0.2864,231.6076,94.3,0,0
GEV261030P00730000,GEV,2026-10-30,36,P,730.0,-23.64,955.965,2.25,2.95,2.6,3.5,26.9,0.5188,-0.045,0.0006,-0.206,0.2873,2.6054,5.5,0,747
GEV261030C00735000,GEV,2026-10-30,36,C,735.0,-23.11,955.965,223.5,231.0,227.25,0.0,3.3,0.5225,0.9524,0.0006,-0.1447,0.3031,226.8525,93.9,0,0
GEV261030P00735000,GEV,2026-10-30,36,P,735.0,-23.11,955.965,0.8,7.3,4.05,3.7,160.5,0.5574,-0.0483,0.0006,-0.2174,0.3039,4.0504,7.5,0,28
GEV261030C00740000,GEV,2026-10-30,36,C,740.0,-22.59,955.965,218.8,227.3,223.05,0.0,3.8,0.5374,0.9489,0.0007,-0.158,0.3203,222.6511,92.7,0,0
GEV261030P00740000,GEV,2026-10-30,36,P,740.0,-22.59,955.965,0.1,4.8,2.45,4.0,191.8,0.4916,-0.0518,0.0007,-0.2292,0.3229,2.4576,5.4,0,42
GEV261030C00745000,GEV,2026-10-30,36,C,745.0,-22.07,955.965,214.1,222.6,218.35,0.0,3.9,0.5345,0.9452,0.0007,-0.1718,0.3381,217.9484,92.3,0,0
GEV261030P00745000,GEV,2026-10-30,36,P,745.0,-22.07,955.965,2.45,5.5,3.975,4.2,76.7,0.5323,-0.0555,0.0007,-0.2415,0.3403,3.9763,7.6,0,50
GEV261030C00750000,GEV,2026-10-30,36,C,750.0,-21.55,955.965,209.6,218.0,213.8,0.0,3.9,0.5353,0.9413,0.0007,-0.186,0.3568,213.3954,91.7,0,0
GEV261030P00750000,GEV,2026-10-30,36,P,750.0,-21.55,955.965,0.2,4.7,2.45,4.7,183.7,0.4704,-0.0595,0.0007,-0.2543,0.3581,2.4551,5.5,0,36
GEV261030C00755000,GEV,2026-10-30,36,C,755.0,-21.02,955.965,205.0,213.0,209.0,0.0,3.8,0.5286,0.9371,0.0008,-0.2006,0.3764,208.5928,91.3,0,0
GEV261030P00755000,GEV,2026-10-30,36,P,755.0,-21.02,955.965,0.35,8.4,4.375,4.97,184.0,0.521,-0.0637,0.0008,-0.2674,0.3777,4.3762,8.3,0,3
GEV261030C00760000,GEV,2026-10-30,36,C,760.0,-20.5,955.965,200.3,208.7,204.5,0.0,4.1,0.5293,0.9327,0.0008,-0.2155,0.3966,204.0871,90.7,0,0
GEV261030P00760000,GEV,2026-10-30,36,P,760.0,-20.5,955.965,0.55,8.9,4.725,5.5,176.7,0.5189,-0.0681,0.0008,-0.2809,0.3978,4.7253,8.8,0,10
GEV261030C00765000,GEV,2026-10-30,36,C,765.0,-19.98,955.965,195.8,203.0,199.4,0.0,3.6,0.5145,0.9281,0.0009,-0.2309,0.4172,198.9827,90.7,0,0
GEV261030P00765000,GEV,2026-10-30,36,P,765.0,-19.98,955.965,1.0,7.3,4.15,5.91,151.8,0.492,-0.0728,0.0009,-0.2948,0.4196,4.149,8.2,0,10
GEV261030C00770000,GEV,2026-10-30,36,C,770.0,-19.45,955.965,191.2,198.8,195.0,0.0,3.9,0.5168,0.9232,0.0009,-0.2467,0.4382,194.5798,89.9,0,0
GEV261030P00770000,GEV,2026-10-30,36,P,770.0,-19.45,955.965,4.5,7.0,5.75,7.0,43.5,0.5206,-0.0777,0.0009,-0.3091,0.4413,5.7459,10.3,1,13
GEV261030C00775000,GEV,2026-10-30,36,C,775.0,-18.93,955.965,186.7,193.3,190.0,0.0,3.5,0.5045,0.918,0.001,-0.2628,0.4599,189.5777,89.8,0,0
GEV261030P00775000,GEV,2026-10-30,36,P,775.0,-18.93,955.965,4.9,7.8,6.35,7.15,45.7,0.522,-0.0829,0.001,-0.3238,0.4618,6.34,11.1,0,15
GEV261030C00780000,GEV,2026-10-30,36,C,780.0,-18.41,955.965,182.9,189.3,186.1,165.2,3.4,0.5163,0.9126,0.001,-0.2793,0.4826,185.6737,88.5,0,1
GEV261030P00780000,GEV,2026-10-30,36,P,780.0,-18.41,955.965,5.5,8.4,6.95,7.0,41.7,0.5226,-0.0884,0.001,-0.3388,0.4843,6.9397,11.9,10,233
GEV261030C00785000,GEV,2026-10-30,36,C,785.0,-17.88,955.965,177.9,184.5,181.2,0.0,3.6,0.5058,0.9069,0.0011,-0.296,0.5058,180.7704,88.2,0,0
GEV261030P00785000,GEV,2026-10-30,36,P,785.0,-17.88,955.965,5.9,9.2,7.55,8.05,43.7,0.5223,-0.0942,0.0011,-0.3542,0.5076,7.5352,12.6,0,11
GEV261030C00790000,GEV,2026-10-30,36,C,790.0,-17.36,955.965,173.4,181.3,177.35,181.13,4.5,0.5159,0.9009,0.0011,-0.3131,0.5293,176.9211,86.9,0,10
GEV261030P00790000,GEV,2026-10-30,36,P,790.0,-17.36,955.965,6.4,8.6,7.5,8.59,29.3,0.5092,-0.1001,0.0011,-0.3696,0.5309,7.4961,12.8,0,19
GEV261030C00795000,GEV,2026-10-30,36,C,795.0,-16.84,955.965,169.0,176.1,172.55,0.0,4.1,0.5068,0.8946,0.0012,-0.3305,0.553,172.1185,86.5,0,0
GEV261030P00795000,GEV,2026-10-30,36,P,795.0,-16.84,955.965,6.5,12.5,9.5,8.97,63.2,0.5328,-0.1066,0.0012,-0.3858,0.5572,9.475,14.9,0,6
GEV261030C00800000,GEV,2026-10-30,36,C,800.0,-16.31,955.965,165.5,171.1,168.3,147.23,3.3,0.5074,0.888,0.0012,-0.3481,0.5772,167.8656,85.6,0,1
GEV261030P00800000,GEV,2026-10-30,36,P,800.0,-16.31,955.965,7.7,10.4,9.05,10.8,29.8,0.5122,-0.1133,0.0012,-0.402,0.5798,9.0247,14.7,1,45
GEV261030C00805000,GEV,2026-10-30,36,C,805.0,-15.79,955.965,160.5,168.3,164.4,143.35,4.7,0.513,0.8811,0.0013,-0.3659,0.6022,163.9599,84.4,0,1
GEV261030P00805000,GEV,2026-10-30,36,P,805.0,-15.79,955.965,8.2,13.8,11.0,11.6,50.9,0.5316,-0.1202,0.0013,-0.4183,0.6044,10.9699,16.6,0,12
GEV261030C00810000,GEV,2026-10-30,36,C,810.0,-15.27,955.965,156.3,163.6,159.95,149.93,4.6,0.5087,0.8738,0.0014,-0.3838,0.6276,159.5104,83.7,2,0
GEV261030P00810000,GEV,2026-10-30,36,P,810.0,-15.27,955.965,9.1,12.7,10.9,12.21,33.0,0.5169,-0.1275,0.0014,-0.4349,0.63,10.8725,16.8,0,15
GEV261030C00815000,GEV,2026-10-30,36,C,815.0,-14.75,955.965,152.1,160.0,156.05,0.0,5.1,0.5124,0.8663,0.0014,-0.4019,0.6531,155.6082,82.5,0,0
GEV261030P00815000,GEV,2026-10-30,36,P,815.0,-14.75,955.965,9.8,15.6,12.7,14.0,45.7,0.5307,-0.1351,0.0014,-0.4516,0.655,12.6574,18.5,0,9
GEV261030C00820000,GEV,2026-10-30,36,C,820.0,-14.22,955.965,148.0,154.9,151.45,0.0,4.6,0.5048,0.8585,0.0015,-0.4201,0.6784,151.0068,81.9,0,0
GEV261030P00820000,GEV,2026-10-30,36,P,820.0,-14.22,955.965,11.6,14.3,12.95,11.6,20.8,0.5208,-0.143,0.0015,-0.4684,0.6834,12.9084,18.9,12,222
GEV261030C00825000,GEV,2026-10-30,36,C,825.0,-13.7,955.965,143.9,151.1,147.5,0.0,4.9,0.5063,0.8503,0.0015,-0.4384,0.704,147.0565,80.8,0,0
GEV261030P00825000,GEV,2026-10-30,36,P,825.0,-13.7,955.965,11.4,17.1,14.25,14.68,40.0,0.5253,-0.1512,0.0016,-0.4852,0.7071,14.2027,20.2,0,1
GEV261030C00830000,GEV,2026-10-30,36,C,830.0,-13.18,955.965,139.8,147.3,143.55,140.0,5.2,0.5069,0.8418,0.0016,-0.4567,0.73,143.1006,79.8,0,4
GEV261030P00830000,GEV,2026-10-30,36,P,830.0,-13.18,955.965,12.3,15.7,14.0,15.07,24.3,0.5081,-0.1598,0.0016,-0.5021,0.7327,13.9555,20.3,1,55
GEV261030C00835000,GEV,2026-10-30,36,C,835.0,-12.65,955.965,135.9,143.3,139.6,0.0,5.3,0.5068,0.833,0.0017,-0.4749,0.7562,139.1479,78.7,0,0
GEV261030P00835000,GEV,2026-10-30,36,P,835.0,-12.65,955.965,13.2,19.3,16.25,16.89,37.5,0.5237,-0.1686,0.0017,-0.5189,0.759,16.1947,22.2,0,52
GEV261030C00840000,GEV,2026-10-30,36,C,840.0,-12.13,955.965,132.0,139.1,135.55,0.0,5.2,0.5048,0.8239,0.0017,-0.493,0.7821,135.1,77.7,0,0
GEV261030P00840000,GEV,2026-10-30,36,P,840.0,-12.13,955.965,14.2,18.0,16.1,17.02,23.6,0.5076,-0.1778,0.0017,-0.5357,0.7845,16.0476,22.5,6,13
GEV261030C00845000,GEV,2026-10-30,36,C,845.0,-11.61,955.965,128.1,135.2,131.65,0.0,5.4,0.504,0.8145,0.0018,-0.511,0.8076,131.1947,76.6,0,0
GEV261030P00845000,GEV,2026-10-30,36,P,845.0,-11.61,955.965,15.5,20.8,18.15,19.8,29.2,0.5184,-0.1874,0.0018,-0.5523,0.8131,18.0803,24.2,0,3
GEV261030C00850000,GEV,2026-10-30,36,C,850.0,-11.08,955.965,124.3,131.6,127.95,85.0,5.7,0.5051,0.8048,0.0018,-0.5289,0.8329,127.5013,75.4,0,2
GEV261030P00850000,GEV,2026-10-30,36,P,850.0,-11.08,955.965,16.6,20.4,18.5,18.5,20.5,0.508,-0.1972,0.0019,-0.5688,0.8363,18.433,24.8,7,20
GEV261030C00855000,GEV,2026-10-30,36,C,855.0,-10.56,955.965,120.5,128.4,124.45,0.0,6.3,0.5077,0.7947,0.0019,-0.5465,0.8582,124.0019,74.1,0,0
GEV261030P00855000,GEV,2026-10-30,36,P,855.0,-10.56,955.965,17.5,23.1,20.3,19.9,27.6,0.5141,-0.2074,0.0019,-0.585,0.8612,20.2268,26.3,2,0
GEV261030C00860000,GEV,2026-10-30,36,C,860.0,-10.04,955.965,116.8,124.6,120.7,73.82,6.5,0.5066,0.7844,0.002,-0.5638,0.8834,120.2454,72.9,0,0
GEV261030P00860000,GEV,2026-10-30,36,P,860.0,-10.04,955.965,19.2,23.4,21.3,20.0,19.7,0.5103,-0.2178,0.002,-0.6009,0.8864,21.2245,27.3,5,16
GEV261030C00865000,GEV,2026-10-30,36,C,865.0,-9.52,955.965,113.1,119.7,116.4,0.0,5.7,0.499,0.7737,0.002,-0.5807,0.908,115.9508,72.1,0,0
GEV261030P00865000,GEV,2026-10-30,36,P,865.0,-9.52,955.965,19.9,26.6,23.25,24.67,28.8,0.5162,-0.2285,0.002,-0.6165,0.9105,23.1561,28.8,0,4
GEV261030C00870000,GEV,2026-10-30,36,C,870.0,-8.99,955.965,109.5,117.6,113.55,94.3,7.1,0.5065,0.7628,0.0021,-0.5973,0.9317,113.0953,70.5,0,24
GEV261030P00870000,GEV,2026-10-30,36,P,870.0,-8.99,955.965,20.8,27.4,24.1,25.97,27.4,0.5097,-0.2396,0.0021,-0.6317,0.9371,24.0058,29.7,0,17
GEV261030C00875000,GEV,2026-10-30,36,C,875.0,-8.47,955.965,106.0,113.4,109.7,99.0,6.7,0.5027,0.7516,0.0022,-0.6135,0.9548,109.252,69.4,0,7
GEV261030P00875000,GEV,2026-10-30,36,P,875.0,-8.47,955.965,22.4,27.7,25.05,27.0,21.2,0.5038,-0.2509,0.0022,-0.6464,0.9582,24.9475,30.7,0,5
GEV261030C00880000,GEV,2026-10-30,36,C,880.0,-7.95,955.965,102.4,109.0,105.7,121.07,6.2,0.4968,0.7401,0.0022,-0.6291,0.9775,105.2495,68.4,0,3
GEV261030P00880000,GEV,2026-10-30,36,P,880.0,-7.95,955.965,24.5,29.1,26.8,29.9,17.2,0.5057,-0.2625,0.0022,-0.6607,0.9805,26.6938,32.0,0,9
GEV261030C00885000,GEV,2026-10-30,36,C,885.0,-7.42,955.965,99.2,105.8,102.5,94.95,6.4,0.4985,0.7283,0.0023,-0.6442,0.9996,102.0474,67.0,2,5
GEV261030P00885000,GEV,2026-10-30,36,P,885.0,-7.42,955.965,25.4,31.2,28.3,31.9,20.5,0.5044,-0.2744,0.0023,-0.6744,1.0025,28.1903,33.3,0,5
GEV261030C00890000,GEV,2026-10-30,36,C,890.0,-6.9,955.965,96.1,102.9,99.5,98.0,6.8,0.5015,0.7164,0.0023,-0.6588,1.0208,99.0511,65.6,1,22
GEV261030P00890000,GEV,2026-10-30,36,P,890.0,-6.9,955.965,27.1,32.7,29.9,39.1,18.7,0.5034,-0.2865,0.0023,-0.6876,1.0233,29.7767,34.5,1,10
GEV261030C00895000,GEV,2026-10-30,36,C,895.0,-6.38,955.965,92.4,100.5,96.45,54.0,8.4,0.5032,0.7041,0.0024,-0.6726,1.0409,95.997,64.2,0,2
GEV261030P00895000,GEV,2026-10-30,36,P,895.0,-6.38,955.965,28.8,34.6,31.7,33.67,18.3,0.5038,-0.2988,0.0024,-0.7001,1.0456,31.5707,35.9,0,3
GEV261030C00900000,GEV,2026-10-30,36,C,900.0,-5.85,955.965,90.5,96.0,93.25,86.0,5.9,0.5029,0.6917,0.0024,-0.6859,1.0599,92.8022,62.9,0,10
GEV261030P00900000,GEV,2026-10-30,36,P,900.0,-5.85,955.965,30.2,36.7,33.45,45.0,19.4,0.503,-0.3114,0.0024,-0.7119,1.0629,33.3042,37.2,1,29
GEV261030C00905000,GEV,2026-10-30,36,C,905.0,-5.33,955.965,86.0,93.0,89.5,79.22,7.8,0.4969,0.6791,0.0024,-0.6984,1.0781,89.0565,61.7,0,32
GEV261030P00905000,GEV,2026-10-30,36,P,905.0,-5.33,955.965,32.6,38.7,35.65,35.35,17.1,0.5059,-0.3242,0.0025,-0.723,1.0807,35.5015,38.6,1,2
GEV261030C00910000,GEV,2026-10-30,36,C,910.0,-4.81,955.965,82.9,90.0,86.45,65.1,8.2,0.4969,0.6662,0.0025,-0.7101,1.0954,86.0159,60.4,0,3
GEV261030P00910000,GEV,2026-10-30,36,P,910.0,-4.81,955.965,34.6,39.4,37.0,39.13,13.0,0.5003,-0.3371,0.0025,-0.7334,1.0977,36.841,39.7,0,2
GEV261030C00915000,GEV,2026-10-30,36,C,915.0,-4.29,955.965,79.8,87.4,83.6,73.25,9.1,0.498,0.6532,0.0025,-0.7211,1.1114,83.1654,59.0,0,12
GEV261030P00915000,GEV,2026-10-30,36,P,915.0,-4.29,955.965,35.6,42.5,39.05,47.93,17.7,0.501,-0.3499,0.0026,-0.7428,1.1131,38.9316,41.1,0,1
GEV261030C00920000,GEV,2026-10-30,36,C,920.0,-3.76,955.965,78.2,84.0,81.1,76.49,7.2,0.5013,0.6402,0.0026,-0.7312,1.126,80.6338,57.5,0,14
GEV261030P00920000,GEV,2026-10-30,36,P,920.0,-3.76,955.965,38.5,43.6,41.05,43.0,12.4,0.5001,-0.3632,0.0026,-0.7516,1.1292,40.9111,42.4,0,7
GEV261030C00925000,GEV,2026-10-30,36,C,925.0,-3.24,955.965,73.9,81.1,77.5,80.4,9.3,0.4946,0.6269,0.0026,-0.7405,1.1393,77.0384,56.3,0,12
GEV261030P00925000,GEV,2026-10-30,36,P,925.0,-3.24,955.965,40.4,45.7,43.05,47.36,12.3,0.4988,-0.3766,0.0026,-0.7594,1.1413,42.91,43.8,0,41
GEV261030C00930000,GEV,2026-10-30,36,C,930.0,-2.72,955.965,72.5,79.0,75.75,74.1,8.6,0.5036,0.6135,0.0026,-0.7489,1.1515,75.3031,54.8,0,2
GEV261030P00930000,GEV,2026-10-30,36,P,930.0,-2.72,955.965,42.9,48.9,45.9,51.23,13.1,0.5042,-0.3902,0.0027,-0.7664,1.1529,45.7454,45.2,0,22
GEV261030C00935000,GEV,2026-10-30,36,C,935.0,-2.19,955.965,68.3,75.6,71.95,62.7,10.1,0.4941,0.6,0.0027,-0.7564,1.1625,71.5045,53.6,0,15
GEV261030P00935000,GEV,2026-10-30,36,P,935.0,-2.19,955.965,45.0,50.3,47.65,52.5,11.1,0.4996,-0.4038,0.0027,-0.7726,1.1636,47.4972,46.5,0,23
GEV261030C00940000,GEV,2026-10-30,36,C,940.0,-1.67,955.965,65.7,72.9,69.3,61.8,10.4,0.494,0.5865,0.0027,-0.763,1.1721,68.8566,52.2,0,3
GEV261030P00940000,GEV,2026-10-30,36,P,940.0,-1.67,955.965,46.7,52.8,49.75,55.87,12.3,0.4974,-0.4175,0.0027,-0.7778,1.1728,49.5887,47.8,0,7
GEV261030C00945000,GEV,2026-10-30,36,C,945.0,-1.15,955.965,63.3,70.6,66.95,59.15,10.9,0.4959,0.5728,0.0027,-0.7687,1.1802,66.5124,50.9,4,2
GEV261030P00945000,GEV,2026-10-30,36,P,945.0,-1.15,955.965,49.4,54.6,52.0,55.5,10.0,0.4958,-0.4313,0.0027,-0.782,1.1811,51.8148,49.1,1,10
GEV261030C00950000,GEV,2026-10-30,36,C,950.0,-0.62,955.965,60.4,67.4,63.9,62.07,11.0,0.4913,0.5592,0.0027,-0.7734,1.1869,63.4679,49.6,3,24
GEV261030P00950000,GEV,2026-10-30,36,P,950.0,-0.62,955.965,51.2,57.5,54.35,55.5,11.6,0.4946,-0.4451,0.0028,-0.7853,1.1872,54.1535,50.5,0,8
GEV261030C00955000,GEV,2026-10-30,36,C,955.0,-0.1,955.965,58.2,64.9,61.55,55.85,10.9,0.4921,0.5455,0.0027,-0.7772,1.1922,61.1286,48.2,2,8
GEV261030P00955000,GEV,2026-10-30,36,P,955.0,-0.1,955.965,54.1,59.8,56.95,62.54,10.0,0.495,-0.459,0.0028,-0.7876,1.192,56.7487,51.8,0,9
GEV261030C00960000,GEV,2026-10-30,36,C,960.0,0.42,955.965,56.3,62.1,59.2,56.52,9.8,0.4923,0.5318,0.0028,-0.7801,1.1962,58.7857,46.9,0,24
GEV261030P00960000,GEV,2026-10-30,36,P,960.0,0.42,955.965,56.4,63.0,59.7,63.35,11.1,0.496,-0.4728,0.0028,-0.7891,1.1954,59.4827,53.2,0,11
GEV261030C00965000,GEV,2026-10-30,36,C,965.0,0.95,955.965,53.7,59.3,56.5,52.4,9.9,0.489,0.5181,0.0028,-0.782,1.1987,56.0908,45.5,0,3
GEV261030P00965000,GEV,2026-10-30,36,P,965.0,0.95,955.965,58.7,66.5,62.6,0.0,12.5,0.4978,-0.4866,0.0028,-0.7897,1.1974,62.3792,54.5,0,0
GEV261030C00970000,GEV,2026-10-30,36,C,970.0,1.47,955.965,52.0,57.7,54.85,48.0,10.4,0.4939,0.5045,0.0028,-0.783,1.1998,54.4434,44.2,0,4
GEV261030P00970000,GEV,2026-10-30,36,P,970.0,1.47,955.965,62.5,67.1,64.8,67.44,7.1,0.4931,-0.5004,0.0028,-0.7892,1.1972,64.5633,55.8,0,2
GEV261030C00975000,GEV,2026-10-30,36,C,975.0,1.99,955.965,49.9,54.8,52.35,43.23,9.4,0.4912,0.4909,0.0028,-0.783,1.1996,51.9518,42.9,0,3
GEV261030P00975000,GEV,2026-10-30,36,P,975.0,1.99,955.965,64.8,71.9,68.35,68.54,10.4,0.4991,-0.5142,0.0028,-0.7877,1.1973,68.0937,57.1,2,1
GEV261030C00980000,GEV,2026-10-30,36,C,980.0,2.51,955.965,47.2,53.1,50.15,53.5,11.8,0.4905,0.4774,0.0028,-0.7822,1.198,49.7648,41.6,0,11
GEV261030P00980000,GEV,2026-10-30,36,P,980.0,2.51,955.965,67.3,74.8,71.05,78.97,10.6,0.4973,-0.528,0.0028,-0.7854,1.1957,70.7542,58.4,3,0
GEV261030C00985000,GEV,2026-10-30,36,C,985.0,3.04,955.965,44.9,51.9,48.4,41.75,14.5,0.493,0.464,0.0028,-0.7804,1.195,48.0241,40.3,0,4
GEV261030P00985000,GEV,2026-10-30,36,P,985.0,3.04,955.965,70.4,76.3,73.35,0.0,8.0,0.4921,-0.5414,0.0028,-0.7824,1.192,73.0734,59.7,0,0
GEV261030C00990000,GEV,2026-10-30,36,C,990.0,3.56,955.965,43.0,49.8,46.4,46.0,14.7,0.4928,0.4507,0.0028,-0.7778,1.1907,46.0239,39.1,0,11
GEV261030P00990000,GEV,2026-10-30,36,P,990.0,3.56,955.965,73.1,81.0,77.05,0.0,10.3,0.4978,-0.5549,0.0028,-0.7784,1.1864,76.7553,60.9,0,0
GEV261030C00995000,GEV,2026-10-30,36,C,995.0,4.08,955.965,41.0,47.5,44.25,40.74,14.7,0.4909,0.4375,0.0027,-0.7744,1.1851,43.8852,37.8,0,3
GEV261030P00995000,GEV,2026-10-30,36,P,995.0,4.08,955.965,76.1,83.4,79.75,100.2,9.2,0.4944,-0.5685,0.0028,-0.7735,1.1806,79.4166,62.2,0,1
GEV261030C01000000,GEV,2026-10-30,36,C,1000.0,4.61,955.965,39.7,45.5,42.6,42.42,13.6,0.4927,0.4244,0.0027,-0.7701,1.1784,42.2458,36.6,13,68
GEV261030P01000000,GEV,2026-10-30,36,P,1000.0,4.61,955.965,80.0,86.4,83.2,0.0,7.7,0.4972,-0.5815,0.0028,-0.7677,1.1718,82.873,63.4,0,0
GEV261030C01005000,GEV,2026-10-30,36,C,1005.0,5.13,955.965,37.0,43.9,40.45,25.75,17.1,0.4897,0.4115,0.0027,-0.765,1.1706,40.1033,35.3,0,2
GEV261030P01005000,GEV,2026-10-30,36,P,1005.0,5.13,955.965,82.4,89.6,86.0,106.8,8.4,0.4937,-0.5946,0.0027,-0.7611,1.1646,85.6487,64.6,0,1
GEV261030C01010000,GEV,2026-10-30,36,C,1010.0,5.65,955.965,35.8,42.5,39.15,39.94,17.1,0.4939,0.3985,0.0027,-0.759,1.161,38.8608,34.2,0,7
GEV261030P01010000,GEV,2026-10-30,36,P,1010.0,5.65,955.965,85.3,92.9,89.1,131.0,8.5,0.4923,-0.6075,0.0027,-0.754,1.1549,88.7334,65.8,0,1
GEV261030C01015000,GEV,2026-10-30,36,C,1015.0,6.18,955.965,34.2,40.3,37.25,40.34,16.4,0.492,0.3859,0.0027,-0.7524,1.1506,36.9673,33.0,0,1
GEV261030P01015000,GEV,2026-10-30,36,P,1015.0,6.18,955.965,89.0,96.7,92.85,134.9,8.3,0.4958,-0.6204,0.0027,-0.7461,1.1427,92.443,66.9,0,1
GEV261030C01020000,GEV,2026-10-30,36,C,1020.0,6.7,955.965,32.0,39.1,35.55,35.1,20.0,0.4913,0.3735,0.0026,-0.7451,1.1392,35.2719,31.9,0,12
GEV261030P01020000,GEV,2026-10-30,36,P,1020.0,6.7,955.965,92.2,99.5,95.85,117.1,7.6,0.4925,-0.633,0.0027,-0.7375,1.1307,95.4274,68.1,0,1
GEV261030C01025000,GEV,2026-10-30,36,C,1025.0,7.22,955.965,30.0,37.3,33.65,33.42,21.7,0.4883,0.3614,0.0026,-0.7372,1.1269,33.3757,30.7,0,5
GEV261030P01025000,GEV,2026-10-30,36,P,1025.0,7.22,955.965,96.0,103.4,99.7,120.6,7.4,0.4961,-0.6453,0.0026,-0.7281,1.1145,99.2541,69.2,0,1
GEV261030C01030000,GEV,2026-10-30,36,C,1030.0,7.74,955.965,29.0,36.0,32.5,28.5,21.5,0.4915,0.3494,0.0026,-0.7287,1.1139,32.2328,29.6,0,7
GEV261030P01030000,GEV,2026-10-30,36,P,1030.0,7.74,955.965,98.2,107.0,102.6,0.0,8.6,0.4907,-0.6575,0.0026,-0.7181,1.1035,102.1231,70.4,0,0
GEV261030C01035000,GEV,2026-10-30,36,C,1035.0,8.27,955.965,27.0,34.4,30.7,30.0,24.1,0.488,0.338,0.0025,-0.7199,1.1004,30.3989,28.5,0,7
GEV261030P01035000,GEV,2026-10-30,36,P,1035.0,8.27,955.965,102.0,110.5,106.25,0.0,8.0,0.4916,-0.6694,0.0026,-0.7077,1.0893,105.7544,71.4,0,0
GEV261030C01040000,GEV,2026-10-30,36,C,1040.0,8.79,955.965,26.3,33.3,29.8,26.45,23.5,0.4926,0.3264,0.0025,-0.7103,1.0854,29.507,27.5,0,12
GEV261030P01040000,GEV,2026-10-30,36,P,1040.0,8.79,955.965,106.0,114.0,110.0,0.0,7.3,0.493,-0.6811,0.0025,-0.6967,1.0726,109.4905,72.4,0,0
GEV261030C01045000,GEV,2026-10-30,36,C,1045.0,9.31,955.965,25.2,31.4,28.3,18.66,21.9,0.4913,0.3152,0.0025,-0.7001,1.0695,28.0217,26.5,0,27
GEV261030P01045000,GEV,2026-10-30,36,P,1045.0,9.31,955.965,109.0,116.9,112.95,0.0,7.0,0.4863,-0.6926,0.0025,-0.6853,1.0546,112.4078,73.7,0,0
GEV261030C01050000,GEV,2026-10-30,36,C,1050.0,9.84,955.965,23.5,30.7,27.1,25.27,26.6,0.4922,0.3041,0.0024,-0.6895,1.053,26.8231,25.5,0,38
GEV261030P01050000,GEV,2026-10-30,36,P,1050.0,9.84,955.965,113.0,121.3,117.15,0.0,7.1,0.4909,-0.7039,0.0025,-0.6734,1.0383,116.5867,74.5,0,0
GEV261030C01055000,GEV,2026-10-30,36,C,1055.0,10.36,955.965,22.4,29.0,25.7,26.46,25.7,0.4908,0.2933,0.0024,-0.6785,1.0361,25.4321,24.5,0,16
GEV261030P01055000,GEV,2026-10-30,36,P,1055.0,10.36,955.965,117.0,125.0,121.0,0.0,6.6,0.4917,-0.7148,0.0024,-0.661,1.017,120.4065,75.5,0,0
GEV261030C01060000,GEV,2026-10-30,36,C,1060.0,10.88,955.965,21.0,27.1,24.05,0.0,25.4,0.4865,0.2828,0.0023,-0.667,1.0188,23.7992,23.4,0,0
GEV261030P01060000,GEV,2026-10-30,36,P,1060.0,10.88,955.965,120.2,128.8,124.5,177.1,6.9,0.4886,-0.7255,0.0024,-0.6482,1.0016,123.8741,76.6,0,1
GEV261030C01065000,GEV,2026-10-30,36,C,1065.0,11.41,955.965,20.5,26.4,23.45,23.1,25.2,0.4919,0.2725,0.0023,-0.6553,1.0008,23.1987,22.6,0,2
GEV261030P01065000,GEV,2026-10-30,36,P,1065.0,11.41,955.965,124.2,132.7,128.45,0.0,6.6,0.4895,-0.736,0.0024,-0.6352,0.9827,127.8,77.5,0,0
GEV261030C01070000,GEV,2026-10-30,36,C,1070.0,11.93,955.965,19.1,25.3,22.2,22.05,27.9,0.4906,0.2625,0.0022,-0.6432,0.982,21.966,21.7,0,10
GEV261030P01070000,GEV,2026-10-30,36,P,1070.0,11.93,955.965,128.1,136.4,132.25,0.0,6.3,0.4884,-0.7463,0.0023,-0.622,0.961,131.572,78.4,0,0
GEV261030C01075000,GEV,2026-10-30,36,C,1075.0,12.45,955.965,18.1,25.1,21.6,24.1,32.4,0.4954,0.2527,0.0022,-0.6309,0.9627,21.3719,21.0,0,7
GEV261030P01075000,GEV,2026-10-30,36,P,1075.0,12.45,955.965,132.0,140.5,136.25,0.0,6.2,0.4889,-0.7563,0.0023,-0.6085,0.9398,135.5465,79.3,0,0
GEV261030C01080000,GEV,2026-10-30,36,C,1080.0,12.97,955.965,16.0,23.5,19.75,28.14,38.0,0.4868,0.2432,0.0022,-0.6183,0.9433,19.5349,19.8,0,1
GEV261030P01080000,GEV,2026-10-30,36,P,1080.0,12.97,955.965,136.4,144.5,140.45,0.0,5.8,0.491,-0.766,0.0022,-0.5948,0.9189,139.7134,80.0,0,0
GEV261030C01085000,GEV,2026-10-30,36,C,1085.0,13.5,955.965,15.0,22.6,18.8,20.0,40.4,0.487,0.234,0.0021,-0.6055,0.9238,18.5877,19.0,0,6
GEV261030P01085000,GEV,2026-10-30,36,P,1085.0,13.5,955.965,140.6,148.6,144.6,0.0,5.5,0.4917,-0.7755,0.0022,-0.5808,0.8969,143.7846,80.8,0,0
GEV261030C01090000,GEV,2026-10-30,36,C,1090.0,14.02,955.965,14.0,21.3,17.65,21.76,41.4,0.4846,0.225,0.0021,-0.5926,0.9042,17.4467,18.1,0,4
GEV261030P01090000,GEV,2026-10-30,36,P,1090.0,14.02,955.965,144.0,152.7,148.35,0.0,5.9,0.488,-0.7847,0.0021,-0.5667,0.879,147.4957,81.8,0,0
GEV261030C01095000,GEV,2026-10-30,36,C,1095.0,14.54,955.965,13.0,19.5,16.25,15.4,40.0,0.4788,0.2162,0.002,-0.5795,0.8843,16.0597,17.1,0,2
GEV261030P01095000,GEV,2026-10-30,36,P,1095.0,14.54,955.965,149.0,156.6,152.8,0.0,5.0,0.4923,-0.7936,0.0021,-0.5526,0.8577,151.9682,82.4,0,0
GEV261030C01100000,GEV,2026-10-30,36,C,1100.0,15.07,955.965,13.6,18.4,16.0,14.0,30.0,0.4857,0.2078,0.002,-0.5664,0.8639,15.8174,16.6,1,38
GEV261030P01100000,GEV,2026-10-30,36,P,1100.0,15.07,955.965,153.0,160.7,156.85,0.0,4.9,0.4911,-0.8024,0.002,-0.5383,0.8342,155.9861,83.2,0,0
GEV261030C01105000,GEV,2026-10-30,36,C,1105.0,15.59,955.965,12.0,19.5,15.75,18.0,47.6,0.4924,0.1996,0.0019,-0.5531,0.8432,15.5729,16.1,0,1
GEV261030P01105000,GEV,2026-10-30,36,P,1105.0,15.59,955.965,157.4,164.9,161.15,0.0,4.7,0.4923,-0.8108,0.002,-0.5241,0.81,160.2486,83.9,0,0
GEV261030C01110000,GEV,2026-10-30,36,C,1110.0,16.11,955.965,11.0,18.2,14.6,0.0,49.3,0.488,0.1916,0.0019,-0.5399,0.8227,14.4251,15.3,0,0
GEV261030P01110000,GEV,2026-10-30,36,P,1110.0,16.11,955.965,161.0,169.3,165.15,0.0,5.0,0.4894,-0.819,0.0019,-0.51,0.7894,164.2043,84.7,0,0
GEV261030C01115000,GEV,2026-10-30,36,C,1115.0,16.64,955.965,10.0,17.9,13.95,0.0,56.6,0.4893,0.184,0.0018,-0.5266,0.8024,13.7863,14.6,0,0
GEV261030P01115000,GEV,2026-10-30,36,P,1115.0,16.64,955.965,165.5,173.5,169.5,0.0,4.7,0.4904,-0.8269,0.0019,-0.4957,0.7649,168.5191,85.3,0,0
GEV261030C01120000,GEV,2026-10-30,36,C,1120.0,17.16,955.965,9.0,17.1,13.05,19.63,62.1,0.487,0.1765,0.0018,-0.5133,0.7824,12.8957,13.9,0,1
GEV261030P01120000,GEV,2026-10-30,36,P,1120.0,17.16,955.965,170.0,177.8,173.9,0.0,4.5,0.4916,-0.8346,0.0018,-0.4815,0.7475,172.8789,85.9,0,0
GEV261030C01125000,GEV,2026-10-30,36,C,1125.0,17.68,955.965,8.8,16.7,12.75,13.7,62.0,0.492,0.1693,0.0017,-0.5,0.7623,12.5997,13.4,0,1
GEV261030P01125000,GEV,2026-10-30,36,P,1125.0,17.68,955.965,174.5,182.2,178.35,0.0,4.3,0.4931,-0.8421,0.0018,-0.4673,0.7249,177.289,86.5,0,0
GEV261030C01130000,GEV,2026-10-30,36,C,1130.0,18.21,955.965,8.0,14.3,11.15,12.93,56.5,0.4792,0.1624,0.0017,-0.4869,0.742,11.0104,12.3,0,1
GEV261030P01130000,GEV,2026-10-30,36,P,1130.0,18.21,955.965,178.6,186.6,182.6,0.0,4.4,0.4915,-0.8493,0.0018,-0.4532,0.702,181.4939,87.2,0,0
GEV261030C01140000,GEV,2026-10-30,36,C,1140.0,19.25,955.965,7.0,14.5,10.75,13.2,69.8,0.4905,0.1492,0.0016,-0.4608,0.7015,10.6203,11.6,0,4
GEV261030P01140000,GEV,2026-10-30,36,P,1140.0,19.25,955.965,187.4,195.5,191.45,0.0,4.2,0.4918,-0.8631,0.0017,-0.4254,0.655,190.2574,88.3,0,0
GEV261030C01150000,GEV,2026-10-30,36,C,1150.0,20.3,955.965,6.0,13.4,9.7,12.68,76.3,0.4915,0.1369,0.0015,-0.4352,0.6625,9.5829,10.6,0,5
GEV261030P01150000,GEV,2026-10-30,36,P,1150.0,20.3,955.965,196.5,204.7,200.6,0.0,4.1,0.495,-0.8759,0.0016,-0.3984,0.6139,199.3213,89.3,0,0
GEV261030C01160000,GEV,2026-10-30,36,C,1160.0,21.34,955.965,5.0,12.3,8.65,13.0,84.4,0.4909,0.1255,0.0014,-0.4102,0.6246,8.5413,9.6,0,1
GEV261030P01160000,GEV,2026-10-30,36,P,1160.0,21.34,955.965,205.6,213.7,209.65,0.0,3.9,0.4952,-0.8879,0.0015,-0.3717,0.5719,208.2759,90.3,0,0
GEV261030C01170000,GEV,2026-10-30,36,C,1170.0,22.39,955.965,4.0,11.2,7.6,10.24,94.7,0.4887,0.115,0.0013,-0.386,0.587,7.5073,8.6,0,11
GEV261030P01170000,GEV,2026-10-30,36,P,1170.0,22.39,955.965,215.0,223.1,219.05,0.0,3.7,0.5,-0.8991,0.0014,-0.345,0.5247,217.5956,91.0,0,0
GEV261030C01180000,GEV,2026-10-30,36,C,1180.0,23.44,955.965,3.3,10.5,6.9,0.0,104.3,0.4909,0.1052,0.0012,-0.3626,0.551,6.8137,7.8,0,0
GEV261030P01180000,GEV,2026-10-30,36,P,1180.0,23.44,955.965,224.0,232.4,228.2,0.0,3.7,0.4985,-0.9094,0.0013,-0.3199,0.4829,226.6182,91.9,0,0
GEV261030C01190000,GEV,2026-10-30,36,C,1190.0,24.48,955.965,5.2,8.1,6.65,6.6,43.6,0.5006,0.0962,0.0012,-0.34,0.5169,6.5704,7.4,1,61
GEV261030P01190000,GEV,2026-10-30,36,P,1190.0,24.48,955.965,233.1,241.7,237.4,0.0,3.6,0.4961,-0.919,0.0012,-0.295,0.4489,235.687,92.8,0,0
GEV261106C00870000,GEV,2026-11-06,43,C,870.0,-8.99,955.965,113.9,122.1,118.0,0.0,6.9,0.4986,0.7475,0.0019,-0.5472,1.0534,117.2109,68.9,0,0
GEV261106P00870000,GEV,2026-11-06,43,P,870.0,-8.99,955.965,23.6,30.0,26.8,31.0,23.9,0.4949,-0.2555,0.002,-0.6021,1.0588,26.7677,30.9,2,0
GEV261106C00875000,GEV,2026-11-06,43,C,875.0,-8.47,955.965,110.5,118.7,114.6,106.08,7.2,0.4986,0.737,0.002,-0.5612,1.0758,113.8125,67.7,2,0
GEV261106P00875000,GEV,2026-11-06,43,P,875.0,-8.47,955.965,25.0,32.6,28.8,0.0,26.4,0.4988,-0.2661,0.002,-0.6136,1.0794,28.7554,32.3,0,0
GEV261106C00880000,GEV,2026-11-06,43,C,880.0,-7.95,955.965,107.0,115.3,111.15,0.0,7.5,0.4976,0.7264,0.002,-0.5747,1.0976,110.3642,66.5,0,0
GEV261106P00880000,GEV,2026-11-06,43,P,880.0,-7.95,955.965,26.7,34.4,30.55,0.0,25.2,0.4998,-0.2769,0.002,-0.6248,1.1001,30.5031,33.6,0,0
GEV261106C00885000,GEV,2026-11-06,43,C,885.0,-7.42,955.965,103.7,111.4,107.55,0.0,7.2,0.4948,0.7155,0.0021,-0.5878,1.1182,106.7712,65.4,0,0
GEV261106P00885000,GEV,2026-11-06,43,P,885.0,-7.42,955.965,28.4,35.6,32.0,0.0,22.5,0.4976,-0.2878,0.0021,-0.6354,1.1212,31.958,34.7,0,0
GEV261106C00890000,GEV,2026-11-06,43,C,890.0,-6.9,955.965,100.4,108.5,104.45,0.0,7.8,0.496,0.7045,0.0021,-0.6004,1.1379,103.6819,64.2,0,0
GEV261106P00890000,GEV,2026-11-06,43,P,890.0,-6.9,955.965,29.8,37.5,33.65,0.0,22.9,0.4966,-0.299,0.0021,-0.6456,1.1415,33.6009,35.9,0,0
GEV261106C00895000,GEV,2026-11-06,43,C,895.0,-6.38,955.965,97.1,105.2,101.15,0.0,8.0,0.4948,0.6933,0.0022,-0.6125,1.1567,100.3815,63.0,0,0
GEV261106P00895000,GEV,2026-11-06,43,P,895.0,-6.38,955.965,31.2,39.5,35.35,0.0,23.5,0.4956,-0.3104,0.0022,-0.6553,1.1624,35.3012,37.1,0,0
GEV261106C00900000,GEV,2026-11-06,43,C,900.0,-5.85,955.965,93.9,102.0,97.95,0.0,8.3,0.4941,0.6819,0.0022,-0.624,1.1748,97.197,61.7,0,0
GEV261106P00900000,GEV,2026-11-06,43,P,900.0,-5.85,955.965,33.3,40.9,37.1,0.0,20.5,0.4944,-0.3219,0.0022,-0.6643,1.1785,37.0361,38.3,0,0
GEV261106C00905000,GEV,2026-11-06,43,C,905.0,-5.33,955.965,90.8,98.9,94.85,0.0,8.5,0.4936,0.6704,0.0022,-0.6349,1.1921,94.096,60.5,0,0
GEV261106P00905000,GEV,2026-11-06,43,P,905.0,-5.33,955.965,35.2,42.9,39.05,0.0,19.7,0.4944,-0.3335,0.0022,-0.6728,1.1947,38.9716,39.5,0,0
GEV261106C00910000,GEV,2026-11-06,43,C,910.0,-4.81,955.965,87.7,96.0,91.85,0.0,9.0,0.4935,0.6588,0.0022,-0.6452,1.2083,91.1041,59.3,0,0
GEV261106P00910000,GEV,2026-11-06,43,P,910.0,-4.81,955.965,37.1,45.1,41.1,0.0,19.5,0.4949,-0.3453,0.0023,-0.6807,1.2102,41.03,40.8,0,0
GEV261106C00915000,GEV,2026-11-06,43,C,915.0,-4.29,955.965,84.7,92.5,88.6,0.0,8.8,0.4908,0.6471,0.0023,-0.6548,1.2233,87.8569,58.1,0,0
GEV261106P00915000,GEV,2026-11-06,43,P,915.0,-4.29,955.965,39.1,47.0,43.05,0.0,18.4,0.4939,-0.3571,0.0023,-0.688,1.2253,42.969,42.0,0,0
GEV261106C00920000,GEV,2026-11-06,43,C,920.0,-3.76,955.965,81.8,90.0,85.9,0.0,9.5,0.4922,0.6352,0.0023,-0.6639,1.237,85.1715,56.8,0,0
GEV261106P00920000,GEV,2026-11-06,43,P,920.0,-3.76,955.965,41.3,49.1,45.2,0.0,17.3,0.4941,-0.3691,0.0023,-0.6946,1.2393,45.1162,43.3,0,0
GEV261106C00925000,GEV,2026-11-06,43,C,925.0,-3.24,955.965,78.9,86.7,82.8,0.0,9.4,0.4898,0.6233,0.0023,-0.6723,1.2498,82.0784,55.6,0,0
GEV261106P00925000,GEV,2026-11-06,43,P,925.0,-3.24,955.965,43.4,51.2,47.3,0.0,16.5,0.4933,-0.3813,0.0024,-0.7005,1.2525,47.2018,44.5,0,0
GEV261106C00930000,GEV,2026-11-06,43,C,930.0,-2.72,955.965,76.1,84.2,80.15,0.0,10.1,0.4905,0.6113,0.0024,-0.68,1.2615,79.4333,54.3,0,0
GEV261106P00930000,GEV,2026-11-06,43,P,930.0,-2.72,955.965,45.8,53.2,49.5,55.17,14.9,0.4932,-0.3932,0.0024,-0.7058,1.2631,49.4364,45.8,11,0
GEV261106C00935000,GEV,2026-11-06,43,C,935.0,-2.19,955.965,73.4,81.6,77.5,0.0,10.6,0.4908,0.5992,0.0024,-0.687,1.272,76.8019,53.0,0,0
GEV261106P00935000,GEV,2026-11-06,43,P,935.0,-2.19,955.965,47.9,55.7,51.8,0.0,15.1,0.4931,-0.4054,0.0024,-0.7104,1.273,51.7335,47.0,0,0
GEV261106C00940000,GEV,2026-11-06,43,C,940.0,-1.67,955.965,70.7,78.5,74.6,0.0,10.5,0.4885,0.5871,0.0024,-0.6933,1.2813,73.9011,51.8,0,0
GEV261106P00940000,GEV,2026-11-06,43,P,940.0,-1.67,955.965,50.3,58.0,54.15,0.0,14.2,0.4929,-0.4176,0.0024,-0.7143,1.2822,54.0801,48.3,0,0
GEV261106C00945000,GEV,2026-11-06,43,C,945.0,-1.15,955.965,68.6,75.9,72.25,64.0,10.1,0.4901,0.5749,0.0024,-0.6989,1.2894,71.5616,50.5,2,0
GEV261106P00945000,GEV,2026-11-06,43,P,945.0,-1.15,955.965,52.8,60.4,56.6,0.0,13.4,0.493,-0.4299,0.0024,-0.7175,1.2896,56.5274,49.5,0,0
GEV261106C00950000,GEV,2026-11-06,43,C,950.0,-0.62,955.965,66.4,73.3,69.85,0.0,9.9,0.4908,0.5627,0.0024,-0.7038,1.2962,69.1703,49.2,0,0
GEV261106P00950000,GEV,2026-11-06,43,P,950.0,-0.62,955.965,55.1,62.8,58.95,0.0,13.1,0.4917,-0.4423,0.0025,-0.72,1.2957,58.8557,50.8,0,0
GEV261106C00955000,GEV,2026-11-06,43,C,955.0,-0.1,955.965,63.4,70.9,67.15,0.0,11.2,0.4888,0.5506,0.0024,-0.708,1.3018,66.491,48.0,0,0
GEV261106P00955000,GEV,2026-11-06,43,P,955.0,-0.1,955.965,57.8,65.3,61.55,0.0,12.2,0.4919,-0.4547,0.0025,-0.7217,1.301,61.4393,52.0,0,0
GEV261106C00960000,GEV,2026-11-06,43,C,960.0,0.42,955.965,60.9,68.5,64.7,0.0,11.7,0.4882,0.5384,0.0024,-0.7115,1.3062,64.0541,46.8,0,0
GEV261106P00960000,GEV,2026-11-06,43,P,960.0,0.42,955.965,60.4,67.9,64.15,0.0,11.7,0.4917,-0.4671,0.0025,-0.7228,1.3053,64.0324,53.2,0,0
GEV261106C00965000,GEV,2026-11-06,43,C,965.0,0.95,955.965,58.3,66.2,62.25,0.0,12.7,0.4871,0.5262,0.0025,-0.7143,1.3093,61.613,45.6,0,0
GEV261106P00965000,GEV,2026-11-06,43,P,965.0,0.95,955.965,62.7,70.6,66.65,0.0,11.9,0.4902,-0.4794,0.0025,-0.7232,1.3083,66.5165,54.5,0,0
GEV261106C00970000,GEV,2026-11-06,43,C,970.0,1.47,955.965,56.3,64.4,60.35,0.0,13.4,0.4897,0.5141,0.0025,-0.7163,1.3113,59.7168,44.3,0,0
GEV261106P00970000,GEV,2026-11-06,43,P,970.0,1.47,955.965,66.0,73.3,69.65,0.0,10.5,0.4922,-0.4917,0.0025,-0.7228,1.3098,69.5187,55.7,0,0
GEV261106C00975000,GEV,2026-11-06,43,C,975.0,1.99,955.965,53.9,62.2,58.05,52.31,14.3,0.4888,0.502,0.0025,-0.7177,1.3121,57.4231,43.1,2,0
GEV261106P00975000,GEV,2026-11-06,43,P,975.0,1.99,955.965,69.0,76.1,72.55,80.0,9.8,0.4929,-0.5039,0.0025,-0.7218,1.309,72.4111,56.9,5,0
GEV261106C00980000,GEV,2026-11-06,43,C,980.0,2.51,955.965,52.2,60.1,56.15,0.0,14.1,0.4906,0.49,0.0025,-0.7184,1.3117,55.5425,41.9,0,0
GEV261106P00980000,GEV,2026-11-06,43,P,980.0,2.51,955.965,71.9,78.9,75.4,0.0,9.3,0.4926,-0.5162,0.0025,-0.72,1.3057,75.2319,58.1,0,0
GEV261106C00985000,GEV,2026-11-06,43,C,985.0,3.04,955.965,49.9,57.6,53.75,0.0,14.3,0.488,0.478,0.0025,-0.7184,1.3101,53.1456,40.7,0,0
GEV261106P00985000,GEV,2026-11-06,43,P,985.0,3.04,955.965,74.5,82.3,78.4,86.2,9.9,0.4931,-0.5283,0.0025,-0.7175,1.3049,78.216,59.2,5,0
GEV261106C00990000,GEV,2026-11-06,43,C,990.0,3.56,955.965,48.0,55.6,51.8,0.0,14.7,0.4885,0.4662,0.0024,-0.7178,1.3073,51.2125,39.6,0,0
GEV261106P00990000,GEV,2026-11-06,43,P,990.0,3.56,955.965,77.4,84.8,81.1,0.0,9.1,0.4908,-0.5404,0.0025,-0.7144,1.3029,80.8929,60.4,0,0
GEV261106C00995000,GEV,2026-11-06,43,C,995.0,4.08,955.965,46.1,53.7,49.9,0.0,15.2,0.4893,0.4541,0.0024,-0.7164,1.3031,49.3757,38.4,0,0
GEV261106P00995000,GEV,2026-11-06,43,P,995.0,4.08,955.965,80.8,88.4,84.6,0.0,9.0,0.4944,-0.5523,0.0025,-0.7107,1.2993,84.3954,61.5,0,0
GEV261106C01000000,GEV,2026-11-06,43,C,1000.0,4.61,955.965,44.4,51.8,48.1,0.0,15.4,0.4901,0.4424,0.0024,-0.7144,1.2981,47.595,37.3,0,0
GEV261106P01000000,GEV,2026-11-06,43,P,1000.0,4.61,955.965,83.9,91.0,87.45,0.0,8.1,0.4924,-0.5642,0.0025,-0.7064,1.2934,87.2262,62.7,0,0
GEV261106C01005000,GEV,2026-11-06,43,C,1005.0,5.13,955.965,43.3,50.0,46.65,0.0,14.4,0.4931,0.4309,0.0024,-0.7119,1.2921,46.1525,36.2,0,0
GEV261106P01005000,GEV,2026-11-06,43,P,1005.0,5.13,955.965,87.0,94.7,90.85,0.0,8.5,0.4943,-0.5759,0.0025,-0.7014,1.285,90.6172,63.8,0,0
GEV261106C01010000,GEV,2026-11-06,43,C,1010.0,5.65,955.965,40.7,48.2,44.45,0.0,16.9,0.4898,0.4194,0.0024,-0.7088,1.2852,43.9546,35.1,0,0
GEV261106P01010000,GEV,2026-11-06,43,P,1010.0,5.65,955.965,89.9,97.9,93.9,0.0,8.5,0.4929,-0.5876,0.0025,-0.6958,1.2731,93.638,64.9,0,0
GEV261120C00720000,GEV,2026-11-20,57,C,720.0,-24.68,955.965,243.4,250.8,247.1,219.83,3.0,0.5297,0.9311,0.0007,-0.1291,0.5045,246.9975,90.0,0,1
GEV261120P00720000,GEV,2026-11-20,57,P,720.0,-24.68,955.965,4.7,7.8,6.25,6.0,49.6,0.5234,-0.0691,0.0007,-0.2274,0.5062,6.2391,9.7,1,29
GEV261120C00730000,GEV,2026-11-20,57,C,730.0,-23.64,955.965,234.3,240.5,237.4,0.0,2.6,0.5141,0.923,0.0007,-0.152,0.5488,237.2843,89.6,0,0
GEV261120P00730000,GEV,2026-11-20,57,P,730.0,-23.64,955.965,5.4,8.2,6.8,0.0,41.2,0.5143,-0.0773,0.0007,-0.2466,0.5515,6.7839,10.5,0,0
GEV261120C00740000,GEV,2026-11-20,57,C,740.0,-22.59,955.965,225.4,232.1,228.75,0.0,2.9,0.5172,0.9142,0.0008,-0.1757,0.5958,228.6247,88.1,0,0
GEV261120P00740000,GEV,2026-11-20,57,P,740.0,-22.59,955.965,7.0,9.3,8.15,9.04,28.2,0.5185,-0.0862,0.0008,-0.2664,0.5983,8.1269,11.9,2,57
GEV261120C00750000,GEV,2026-11-20,57,C,750.0,-21.55,955.965,217.3,223.4,220.35,215.4,2.8,0.5216,0.9046,0.0009,-0.2,0.6445,220.213,86.5,0,6
GEV261120P00750000,GEV,2026-11-20,57,P,750.0,-21.55,955.965,8.3,9.8,9.05,8.8,16.6,0.5128,-0.0958,0.0009,-0.2869,0.6468,9.0227,13.0,7,64
GEV261120C00760000,GEV,2026-11-20,57,C,760.0,-20.5,955.965,207.7,214.9,211.3,0.0,3.4,0.5138,0.8943,0.0009,-0.2249,0.694,211.1495,85.5,0,0
GEV261120P00760000,GEV,2026-11-20,57,P,760.0,-20.5,955.965,9.6,11.0,10.3,10.4,13.6,0.5112,-0.1061,0.0009,-0.3078,0.6964,10.2758,14.3,8,101
GEV261120C00770000,GEV,2026-11-20,57,C,770.0,-19.45,955.965,199.1,206.0,202.55,201.8,3.4,0.5092,0.8831,0.001,-0.2502,0.7456,202.3887,84.3,1,0
GEV261120P00770000,GEV,2026-11-20,57,P,770.0,-19.45,955.965,10.8,12.5,11.65,12.9,14.6,0.5089,-0.1175,0.001,-0.3296,0.7489,11.607,15.7,0,21
GEV261120C00780000,GEV,2026-11-20,57,C,780.0,-18.41,955.965,191.1,197.6,194.35,146.0,3.3,0.5103,0.8712,0.0011,-0.2757,0.7983,194.1793,82.6,0,1
GEV261120P00780000,GEV,2026-11-20,57,P,780.0,-18.41,955.965,12.4,14.2,13.3,12.7,13.5,0.5089,-0.1295,0.0011,-0.3514,0.8012,13.2472,17.3,3,1766
GEV261120C00790000,GEV,2026-11-20,57,C,790.0,-17.36,955.965,182.4,190.0,186.2,0.0,4.1,0.5099,0.8585,0.0012,-0.3015,0.8508,186.0183,81.0,0,0
GEV261120P00790000,GEV,2026-11-20,57,P,790.0,-17.36,955.965,14.3,16.1,15.2,16.5,11.8,0.5101,-0.1422,0.0012,-0.3733,0.8538,15.1507,19.0,1,18
GEV261120C00800000,GEV,2026-11-20,57,C,800.0,-16.31,955.965,174.3,180.7,177.5,178.2,3.6,0.5015,0.8449,0.0012,-0.3272,0.9042,177.3076,79.7,0,11
GEV261120P00800000,GEV,2026-11-20,57,P,800.0,-16.31,955.965,15.6,17.9,16.75,16.45,13.7,0.505,-0.156,0.0012,-0.3955,0.9083,16.6724,20.5,11,285
GEV261120C00810000,GEV,2026-11-20,57,C,810.0,-15.27,955.965,166.4,172.6,169.5,0.0,3.7,0.4996,0.8306,0.0013,-0.3528,0.958,169.2971,78.0,0,0
GEV261120P00810000,GEV,2026-11-20,57,P,810.0,-15.27,955.965,17.6,20.1,18.85,24.0,13.3,0.5046,-0.1705,0.0013,-0.4174,0.9615,18.7609,22.3,1,31
GEV261120C00820000,GEV,2026-11-20,57,C,820.0,-14.22,955.965,158.7,164.9,161.8,160.12,3.8,0.4991,0.8154,0.0014,-0.3781,1.0104,161.589,76.1,58,6
GEV261120P00820000,GEV,2026-11-20,57,P,820.0,-14.22,955.965,20.3,21.3,20.8,20.5,4.8,0.5011,-0.1856,0.0014,-0.4388,1.0139,20.7176,24.0,6,152
GEV261120C00830000,GEV,2026-11-20,57,C,830.0,-13.18,955.965,151.2,157.4,154.3,153.5,4.0,0.4987,0.7996,0.0015,-0.4029,1.0624,154.0762,74.2,1,0
GEV261120P00830000,GEV,2026-11-20,57,P,830.0,-13.18,955.965,22.5,24.7,23.6,29.7,9.3,0.504,-0.2017,0.0015,-0.46,1.0668,23.5022,26.1,1,9
GEV261120C00840000,GEV,2026-11-20,57,C,840.0,-12.13,955.965,144.7,151.8,148.25,139.33,4.8,0.5097,0.7829,0.0016,-0.427,1.1137,148.0224,71.6,2,5
GEV261120P00840000,GEV,2026-11-20,57,P,840.0,-12.13,955.965,24.3,27.6,25.95,28.42,12.7,0.5006,-0.2186,0.0016,-0.4807,1.1176,25.8141,27.9,5,232
GEV261120C00850000,GEV,2026-11-20,57,C,850.0,-11.08,955.965,136.4,143.1,139.75,131.0,4.8,0.4969,0.7656,0.0016,-0.4503,1.1624,139.5157,70.3,0,38
GEV261120P00850000,GEV,2026-11-20,57,P,850.0,-11.08,955.965,27.8,30.1,28.95,28.5,7.9,0.5018,-0.236,0.0016,-0.5002,1.1665,28.8252,30.0,5,273
GEV261120C00860000,GEV,2026-11-20,57,C,860.0,-10.04,955.965,129.3,137.2,133.25,125.46,5.9,0.5,0.7476,0.0017,-0.4726,1.2094,133.0111,68.0,3,22
GEV261120P00860000,GEV,2026-11-20,57,P,860.0,-10.04,955.965,29.7,34.0,31.85,31.55,13.5,0.4999,-0.2544,0.0017,-0.5191,1.2145,31.6787,32.0,4,80
GEV261120C00870000,GEV,2026-11-20,57,C,870.0,-8.99,955.965,122.6,129.5,126.05,115.95,5.5,0.4956,0.729,0.0018,-0.4937,1.2546,125.8058,66.1,0,1
GEV261120P00870000,GEV,2026-11-20,57,P,870.0,-8.99,955.965,33.1,36.0,34.55,37.61,8.4,0.4952,-0.2731,0.0018,-0.5366,1.2585,34.3732,33.9,3,13
GEV261120C00880000,GEV,2026-11-20,57,C,880.0,-7.95,955.965,116.2,122.7,119.45,111.12,5.4,0.4944,0.7098,0.0018,-0.5136,1.2962,119.1893,64.0,10,94
GEV261120P00880000,GEV,2026-11-20,57,P,880.0,-7.95,955.965,36.0,39.7,37.85,38.7,9.8,0.4936,-0.2926,0.0018,-0.553,1.3003,37.641,36.0,6,165
GEV261120C00890000,GEV,2026-11-20,57,C,890.0,-6.9,955.965,110.5,115.6,113.05,113.5,4.5,0.493,0.6902,0.0019,-0.5319,1.3346,112.7524,61.9,0,14
GEV261120P00890000,GEV,2026-11-20,57,P,890.0,-6.9,955.965,40.1,43.8,41.95,47.1,8.8,0.4965,-0.3126,0.0019,-0.5679,1.3397,41.7118,38.3,0,21
GEV261120C00900000,GEV,2026-11-20,57,C,900.0,-5.85,955.965,103.8,110.2,107.0,95.5,6.0,0.4928,0.6701,0.0019,-0.5488,1.3704,106.6876,59.7,2,64
GEV261120P00900000,GEV,2026-11-20,57,P,900.0,-5.85,955.965,43.5,47.9,45.7,46.2,9.6,0.4951,-0.3329,0.002,-0.5812,1.3738,45.433,40.4,14,111
GEV261120C00910000,GEV,2026-11-20,57,C,910.0,-4.81,955.965,97.7,104.3,101.0,102.4,6.5,0.4915,0.6496,0.002,-0.564,1.402,100.6868,57.5,0,11
GEV261120P00910000,GEV,2026-11-20,57,P,910.0,-4.81,955.965,48.3,51.5,49.9,54.6,6.4,0.4957,-0.3534,0.002,-0.5929,1.4045,49.6435,42.6,0,5
GEV261120C00920000,GEV,2026-11-20,57,C,920.0,-3.76,955.965,92.5,98.4,95.45,87.06,6.2,0.4919,0.6289,0.002,-0.5775,1.4296,95.1413,55.3,0,54
GEV261120P00920000,GEV,2026-11-20,57,P,920.0,-3.76,955.965,52.5,54.5,53.5,52.8,3.7,0.4902,-0.3746,0.002,-0.6029,1.4332,53.2045,44.7,7,286
GEV261120C00930000,GEV,2026-11-20,57,C,930.0,-2.72,955.965,87.2,92.8,90.0,81.65,6.2,0.4914,0.6079,0.0021,-0.5892,1.4535,89.6869,53.1,0,24
GEV261120P00930000,GEV,2026-11-20,57,P,930.0,-2.72,955.965,55.7,61.0,58.35,57.9,9.1,0.4918,-0.3961,0.0021,-0.6111,1.4552,57.9888,46.9,1,106
GEV261120C00940000,GEV,2026-11-20,57,C,940.0,-1.67,955.965,82.1,87.3,84.7,87.1,6.1,0.4905,0.5867,0.0021,-0.599,1.4732,84.3902,50.9,3,59
GEV261120P00940000,GEV,2026-11-20,57,P,940.0,-1.67,955.965,60.3,65.7,63.0,70.9,8.6,0.4907,-0.4176,0.0021,-0.6174,1.4742,62.6011,49.1,1,175
GEV261120C00950000,GEV,2026-11-20,57,C,950.0,-0.62,955.965,77.3,81.5,79.4,79.71,5.3,0.4882,0.5655,0.0021,-0.607,1.4884,79.0996,48.7,5,145
GEV261120P00950000,GEV,2026-11-20,57,P,950.0,-0.62,955.965,64.4,70.4,67.4,66.75,8.9,0.4866,-0.4391,0.0022,-0.6219,1.4884,66.9808,51.2,2,908
GEV261120C00960000,GEV,2026-11-20,57,C,960.0,0.42,955.965,72.3,77.8,75.05,68.0,7.3,0.4908,0.5442,0.0021,-0.613,1.4994,74.7534,46.6,3,109
GEV261120P00960000,GEV,2026-11-20,57,P,960.0,0.42,955.965,71.0,75.3,73.15,76.89,5.9,0.4903,-0.4605,0.0022,-0.6245,1.4987,72.7354,53.4,0,56
GEV261120C00970000,GEV,2026-11-20,57,C,970.0,1.47,955.965,67.6,72.4,70.0,71.3,6.9,0.4877,0.5228,0.0022,-0.6171,1.506,69.7659,44.4,3,26
GEV261120P00970000,GEV,2026-11-20,57,P,970.0,1.47,955.965,75.4,78.8,77.1,77.76,4.4,0.4801,-0.4822,0.0022,-0.6252,1.5042,76.6168,55.5,2,7
GEV261120C00980000,GEV,2026-11-20,57,C,980.0,2.51,955.965,64.6,66.7,65.65,67.5,3.2,0.4876,0.5018,0.0022,-0.6195,1.5086,65.4379,42.4,14,86
GEV261120P00980000,GEV,2026-11-20,57,P,980.0,2.51,955.965,82.6,87.2,84.9,84.5,5.4,0.4945,-0.5035,0.0022,-0.6241,1.5051,84.4103,57.6,3,26
GEV261120C00990000,GEV,2026-11-20,57,C,990.0,3.56,955.965,59.4,63.5,61.45,60.55,6.7,0.4869,0.4808,0.0022,-0.6199,1.5068,61.2257,40.3,0,23
GEV261120P00990000,GEV,2026-11-20,57,P,990.0,3.56,955.965,86.3,93.1,89.7,96.11,7.6,0.4873,-0.5248,0.0022,-0.6211,1.5015,89.156,59.7,0,15
GEV261120C01000000,GEV,2026-11-20,57,C,1000.0,4.61,955.965,56.1,58.7,57.4,57.6,4.5,0.4861,0.4603,0.0021,-0.6187,1.5011,57.2009,38.3,23,246
GEV261120P01000000,GEV,2026-11-20,57,P,1000.0,4.61,955.965,92.9,96.7,94.8,94.6,4.0,0.4807,-0.5458,0.0022,-0.6163,1.495,94.1997,61.8,1,607
GEV261120C01010000,GEV,2026-11-20,57,C,1010.0,5.65,955.965,51.4,57.1,54.25,55.4,10.5,0.4897,0.4399,0.0021,-0.6157,1.4914,54.03,36.4,13,4
GEV261120P01010000,GEV,2026-11-20,57,P,1010.0,5.65,955.965,98.9,105.7,102.3,118.85,6.6,0.4889,-0.5665,0.0022,-0.6099,1.4847,101.6565,63.6,0,7
GEV261120C01020000,GEV,2026-11-20,57,C,1020.0,6.7,955.965,47.8,52.6,50.2,52.6,9.6,0.4862,0.42,0.0021,-0.6112,1.4785,49.994,34.4,4,70
GEV261120P01020000,GEV,2026-11-20,57,P,1020.0,6.7,955.965,105.0,112.2,108.6,123.64,6.6,0.4875,-0.587,0.0022,-0.6018,1.4662,107.869,65.6,0,9
GEV261120C01040000,GEV,2026-11-20,57,C,1040.0,8.79,955.965,41.3,46.6,43.95,44.4,12.1,0.4878,0.3814,0.0021,-0.5977,1.4416,43.7482,30.8,59,38
GEV261120P01040000,GEV,2026-11-20,57,P,1040.0,8.79,955.965,118.6,125.3,121.95,132.49,5.5,0.4865,-0.6264,0.0021,-0.5812,1.4285,121.1203,69.2,1,5
GEV261120C01050000,GEV,2026-11-20,57,C,1050.0,9.84,955.965,38.4,43.1,40.75,40.89,11.5,0.4863,0.3628,0.002,-0.589,1.419,40.56,29.1,19,86
GEV261120P01050000,GEV,2026-11-20,57,P,1050.0,9.84,955.965,126.0,132.7,129.35,138.0,5.2,0.4889,-0.6456,0.0021,-0.5689,1.4011,128.4241,70.9,0,2
GEV261120C01060000,GEV,2026-11-20,57,C,1060.0,10.88,955.965,37.2,39.5,38.35,38.39,6.0,0.489,0.3449,0.002,-0.5793,1.3944,38.1306,27.5,17,175
GEV261120P01060000,GEV,2026-11-20,57,P,1060.0,10.88,955.965,133.0,139.9,136.45,0.0,5.1,0.4881,-0.6642,0.002,-0.5552,1.3709,135.4399,72.6,0,0
GEV261120C01080000,GEV,2026-11-20,57,C,1080.0,12.97,955.965,30.9,35.8,33.35,28.49,14.7,0.4902,0.3104,0.0019,-0.5564,1.336,33.1468,24.4,1,22
GEV261120P01080000,GEV,2026-11-20,57,P,1080.0,12.97,955.965,148.0,154.9,151.45,0.0,4.6,0.489,-0.6996,0.002,-0.5252,1.3123,150.2971,75.7,0,0
GEV261120C01100000,GEV,2026-11-20,57,C,1100.0,15.07,955.965,26.6,30.1,28.35,25.5,12.3,0.4868,0.2782,0.0018,-0.5303,1.2713,28.1636,21.4,81,214
GEV261120P01100000,GEV,2026-11-20,57,P,1100.0,15.07,955.965,164.4,170.5,167.45,172.4,3.6,0.493,-0.7327,0.0019,-0.4914,1.236,166.1312,78.4,0,4
GEV261120C01120000,GEV,2026-11-20,57,C,1120.0,17.16,955.965,23.1,26.1,24.6,22.55,12.2,0.4889,0.2485,0.0017,-0.5016,1.1998,24.4281,18.8,2,55
GEV261120P01120000,GEV,2026-11-20,57,P,1120.0,17.16,955.965,178.8,186.6,182.7,0.0,4.3,0.4863,-0.7635,0.0018,-0.4558,1.163,181.1806,81.3,0,0
GEV261120C01140000,GEV,2026-11-20,57,C,1140.0,19.25,955.965,20.2,22.8,21.5,22.0,12.1,0.4927,0.2212,0.0016,-0.4714,1.1263,21.347,16.6,1,16
GEV261120P01140000,GEV,2026-11-20,57,P,1140.0,19.25,955.965,197.1,202.6,199.85,0.0,2.8,0.4913,-0.7918,0.0016,-0.4181,1.0754,198.127,83.4,0,0
GEV261120C01150000,GEV,2026-11-20,57,C,1150.0,20.3,955.965,18.0,21.6,19.8,18.88,18.2,0.4919,0.2084,0.0015,-0.4559,1.088,19.6647,15.5,0,73
GEV261120P01150000,GEV,2026-11-20,57,P,1150.0,20.3,955.965,205.8,211.8,208.8,247.3,2.9,0.4961,-0.8051,0.0016,-0.3993,1.0357,206.9919,84.3,0,2
GEV261120C01160000,GEV,2026-11-20,57,C,1160.0,21.34,955.965,16.6,20.3,18.45,18.1,20.1,0.4933,0.1963,0.0015,-0.4403,1.0495,18.3227,14.5,0,13
GEV261120P01160000,GEV,2026-11-20,57,P,1160.0,21.34,955.965,212.6,221.0,216.8,288.27,3.9,0.4906,-0.8178,0.0016,-0.3803,0.9967,214.8546,85.6,0,1
GEV261120C01180000,GEV,2026-11-20,57,C,1180.0,23.44,955.965,14.6,17.5,16.05,15.55,18.1,0.4964,0.1737,0.0014,-0.4089,0.9741,15.9308,12.7,0,60
GEV261120P01180000,GEV,2026-11-20,57,P,1180.0,23.44,955.965,230.1,238.1,234.1,0.0,3.4,0.4888,-0.8414,0.0014,-0.342,0.9029,231.8899,87.6,0,0
GEV261218C00720000,GEV,2026-12-18,85,C,720.0,-24.68,955.965,250.9,258.5,254.7,241.15,3.0,0.5105,0.9035,0.0007,-0.1669,0.7929,254.2669,85.7,0,20
GEV261218P00720000,GEV,2026-12-18,85,P,720.0,-24.68,955.965,9.3,14.8,12.05,12.1,45.6,0.5161,-0.097,0.0007,-0.2348,0.7964,12.0655,14.7,0,198
GEV261218C00730000,GEV,2026-12-18,85,C,730.0,-23.64,955.965,242.1,250.0,246.05,230.93,3.2,0.5076,0.8946,0.0008,-0.1841,0.8452,245.6024,84.5,0,16
GEV261218P00730000,GEV,2026-12-18,85,P,730.0,-23.64,955.965,11.0,13.5,12.25,13.42,20.4,0.5002,-0.1061,0.0008,-0.2495,0.8512,12.2601,15.0,1,93
GEV261218C00740000,GEV,2026-12-18,85,C,740.0,-22.59,955.965,233.7,241.5,237.6,231.87,3.3,0.5059,0.8851,0.0008,-0.2015,0.8995,237.1437,83.3,0,30
GEV261218P00740000,GEV,2026-12-18,85,P,740.0,-22.59,955.965,12.1,17.5,14.8,14.73,36.5,0.5114,-0.1157,0.0008,-0.2645,0.9045,14.808,17.1,0,192
GEV261218C00750000,GEV,2026-12-18,85,C,750.0,-21.55,955.965,225.2,233.0,229.1,223.62,3.4,0.5024,0.875,0.0009,-0.2191,0.9545,228.6335,82.1,0,100
GEV261218P00750000,GEV,2026-12-18,85,P,750.0,-21.55,955.965,14.4,19.6,17.0,16.92,30.6,0.5159,-0.1259,0.0009,-0.2796,0.9588,16.9996,18.7,0,1231
GEV261218C00760000,GEV,2026-12-18,85,C,760.0,-20.5,955.965,217.1,224.9,221.0,294.47,3.5,0.5019,0.8643,0.0009,-0.2368,1.0091,220.5249,80.6,0,25
GEV261218P00760000,GEV,2026-12-18,85,P,760.0,-20.5,955.965,16.4,19.5,17.95,20.3,17.3,0.5062,-0.1366,0.0009,-0.2949,1.0139,17.944,19.6,2,271
GEV261218C00770000,GEV,2026-12-18,85,C,770.0,-19.45,955.965,209.1,216.8,212.95,167.11,3.6,0.5005,0.8531,0.001,-0.2544,1.0647,212.463,79.2,0,15
GEV261218P00770000,GEV,2026-12-18,85,P,770.0,-19.45,955.965,16.7,20.8,18.75,20.87,21.9,0.4946,-0.148,0.001,-0.3102,1.072,18.7395,20.4,0,159
GEV261218C00780000,GEV,2026-12-18,85,C,780.0,-18.41,955.965,201.1,208.8,204.95,155.21,3.8,0.4984,0.8413,0.001,-0.272,1.121,204.4596,77.8,0,34
GEV261218P00780000,GEV,2026-12-18,85,P,780.0,-18.41,955.965,20.3,22.7,21.5,22.6,11.2,0.5003,-0.16,0.001,-0.3254,1.1268,21.474,22.3,2,443
GEV261218C00790000,GEV,2026-12-18,85,C,790.0,-17.36,955.965,193.4,201.0,197.2,137.12,3.9,0.4972,0.829,0.0011,-0.2895,1.1763,196.6943,76.2,0,31
GEV261218P00790000,GEV,2026-12-18,85,P,790.0,-17.36,955.965,21.6,25.0,23.3,26.87,14.6,0.496,-0.1725,0.0011,-0.3405,1.1808,23.2645,23.7,1,147
GEV261218C00800000,GEV,2026-12-18,85,C,800.0,-16.31,955.965,186.8,193.9,190.35,188.22,3.7,0.5023,0.8161,0.0012,-0.3067,1.2306,189.8511,74.3,0,79
GEV261218P00800000,GEV,2026-12-18,85,P,800.0,-16.31,955.965,25.0,27.4,26.2,25.2,9.2,0.4998,-0.1855,0.0012,-0.3554,1.2375,26.1607,25.6,18,453
GEV261218C00810000,GEV,2026-12-18,85,C,810.0,-15.27,955.965,178.2,186.0,182.1,160.0,4.3,0.4944,0.8027,0.0012,-0.3236,1.2849,181.5601,73.0,0,27
GEV261218P00810000,GEV,2026-12-18,85,P,810.0,-15.27,955.965,25.0,31.9,28.45,30.04,24.3,0.4968,-0.1992,0.0012,-0.3699,1.2918,28.3923,27.1,0,150
GEV261218C00820000,GEV,2026-12-18,85,C,820.0,-14.22,955.965,170.8,178.9,174.85,175.25,4.6,0.4936,0.7887,0.0013,-0.3401,1.3383,174.3016,71.4,0,21
GEV261218P00820000,GEV,2026-12-18,85,P,820.0,-14.22,955.965,29.0,32.6,30.8,31.1,11.7,0.4936,-0.2133,0.0013,-0.3841,1.3448,30.7337,28.6,0,100
GEV261218C00830000,GEV,2026-12-18,85,C,830.0,-13.18,955.965,163.6,171.2,167.4,123.52,4.5,0.4902,0.7743,0.0013,-0.3561,1.3895,166.8468,69.8,0,42
GEV261218P00830000,GEV,2026-12-18,85,P,830.0,-13.18,955.965,31.3,35.3,33.3,35.98,12.0,0.4904,-0.2279,0.0013,-0.3979,1.396,33.2139,30.2,1,149
GEV261218C00840000,GEV,2026-12-18,85,C,840.0,-12.13,955.965,156.8,164.7,160.75,149.7,4.9,0.4914,0.7594,0.0014,-0.3716,1.439,160.1932,67.9,2,80
GEV261218P00840000,GEV,2026-12-18,85,P,840.0,-12.13,955.965,35.4,38.3,36.85,39.27,7.9,0.4938,-0.2429,0.0014,-0.411,1.4477,36.7851,32.2,12,538
GEV261218C00860000,GEV,2026-12-18,85,C,860.0,-10.04,955.965,143.5,150.0,146.75,130.0,4.4,0.4855,0.7283,0.0015,-0.4006,1.5331,146.1859,64.6,0,125
GEV261218P00860000,GEV,2026-12-18,85,P,860.0,-10.04,955.965,41.4,44.5,42.95,43.85,7.2,0.4892,-0.2746,0.0015,-0.4356,1.539,42.8135,35.6,5,3357
GEV261218C00880000,GEV,2026-12-18,85,C,880.0,-7.95,955.965,130.9,137.7,134.3,125.98,5.1,0.4854,0.6958,0.0016,-0.4265,1.6161,133.7396,60.9,4,76
GEV261218P00880000,GEV,2026-12-18,85,P,880.0,-7.95,955.965,48.0,52.2,50.1,49.76,8.4,0.4873,-0.3077,0.0016,-0.4571,1.6234,49.9225,39.2,2,207
GEV261218C00900000,GEV,2026-12-18,85,C,900.0,-5.85,955.965,118.3,125.7,122.0,114.5,6.1,0.4819,0.6621,0.0016,-0.4489,1.6884,121.4554,57.3,6,226
GEV261218P00900000,GEV,2026-12-18,85,P,900.0,-5.85,955.965,55.9,59.9,57.9,61.7,6.9,0.485,-0.342,0.0016,-0.4751,1.6928,57.6692,42.8,1,401
GEV261218C00920000,GEV,2026-12-18,85,C,920.0,-3.76,955.965,107.9,114.7,111.3,110.8,6.1,0.4835,0.6276,0.0017,-0.4674,1.7469,110.7583,53.5,3,203
GEV261218P00920000,GEV,2026-12-18,85,P,920.0,-3.76,955.965,63.2,69.4,66.3,69.5,9.4,0.482,-0.3772,0.0017,-0.4894,1.751,66.001,46.5,0,122
GEV261218C00930000,GEV,2026-12-18,85,C,930.0,-2.72,955.965,102.3,109.0,105.65,93.5,6.3,0.481,0.6101,0.0017,-0.4752,1.7713,105.1072,51.7,10,122
GEV261218P00930000,GEV,2026-12-18,85,P,930.0,-2.72,955.965,68.5,73.7,71.1,75.8,7.3,0.4824,-0.3951,0.0018,-0.4949,1.774,70.7675,48.3,3,107
GEV261218C00940000,GEV,2026-12-18,85,C,940.0,-1.67,955.965,97.3,104.0,100.65,92.0,6.7,0.4813,0.5925,0.0017,-0.4819,1.792,100.1298,49.9,14,131
GEV261218P00940000,GEV,2026-12-18,85,P,940.0,-1.67,955.965,73.3,79.1,76.2,76.42,7.6,0.4834,-0.413,0.0018,-0.4995,1.7935,75.8258,50.2,1,144
GEV261218C00950000,GEV,2026-12-18,85,C,950.0,-0.62,955.965,92.6,98.9,95.75,87.36,6.6,0.481,0.5749,0.0018,-0.4875,1.809,95.2259,48.0,1,329
GEV261218P00950000,GEV,2026-12-18,85,P,950.0,-0.62,955.965,78.3,83.7,81.0,81.03,6.7,0.4817,-0.431,0.0018,-0.5031,1.8096,80.5794,52.0,10,193
GEV261218C00960000,GEV,2026-12-18,85,C,960.0,0.42,955.965,87.2,95.0,91.1,83.95,8.6,0.4812,0.5573,0.0018,-0.4921,1.8224,90.5913,46.3,1,62
GEV261218P00960000,GEV,2026-12-18,85,P,960.0,0.42,955.965,84.8,88.6,86.7,92.3,4.4,0.4843,-0.4488,0.0018,-0.5056,1.8217,86.2905,53.8,10,92
GEV261218C00970000,GEV,2026-12-18,85,C,970.0,1.47,955.965,83.0,90.0,86.5,83.0,8.1,0.4807,0.5397,0.0018,-0.4956,1.8322,86.0054,44.5,0,33
GEV261218P00970000,GEV,2026-12-18,85,P,970.0,1.47,955.965,88.1,94.9,91.5,99.5,7.4,0.4804,-0.4671,0.0018,-0.507,1.8293,90.9917,55.5,0,291
GEV261218C00980000,GEV,2026-12-18,85,C,980.0,2.51,955.965,78.5,84.1,81.3,81.88,6.9,0.4759,0.5222,0.0018,-0.4981,1.8385,80.8022,42.8,1,48
GEV261218P00980000,GEV,2026-12-18,85,P,980.0,2.51,955.965,95.3,98.1,96.7,100.3,2.9,0.4782,-0.4849,0.0018,-0.5075,1.8347,96.1736,57.2,0,159
GEV261218C00990000,GEV,2026-12-18,85,C,990.0,3.56,955.965,74.7,79.9,77.3,72.8,6.7,0.4769,0.5048,0.0018,-0.4996,1.8412,76.8353,41.0,0,53
GEV261218P00990000,GEV,2026-12-18,85,P,990.0,3.56,955.965,98.5,104.1,101.3,101.78,5.5,0.4717,-0.5026,0.0018,-0.5071,1.8354,100.7342,59.0,1,35
GEV261218C01000000,GEV,2026-12-18,85,C,1000.0,4.61,955.965,72.7,75.3,74.0,73.63,3.5,0.4807,0.4876,0.0018,-0.5001,1.8405,73.5525,39.4,15,262
GEV261218P01000000,GEV,2026-12-18,85,P,1000.0,4.61,955.965,105.6,112.0,108.8,108.19,5.9,0.4796,-0.5206,0.0018,-0.5054,1.8318,108.1134,60.6,1,500
GEV261218C01010000,GEV,2026-12-18,85,C,1010.0,5.65,955.965,69.4,72.4,70.9,64.2,4.2,0.4846,0.4706,0.0018,-0.4996,1.8364,70.4501,37.7,0,58
GEV261218P01010000,GEV,2026-12-18,85,P,1010.0,5.65,955.965,110.5,117.7,114.1,122.0,6.3,0.4749,-0.5381,0.0018,-0.5029,1.8258,113.3412,62.3,1,29
GEV261218C01020000,GEV,2026-12-18,85,C,1020.0,6.7,955.965,63.1,70.0,66.55,60.0,10.4,0.4808,0.4538,0.0018,-0.4982,1.829,66.0956,36.1,0,50
GEV261218P01020000,GEV,2026-12-18,85,P,1020.0,6.7,955.965,116.7,124.0,120.35,170.3,6.1,0.4748,-0.5553,0.0018,-0.4995,1.8165,119.5777,63.9,0,35
GEV261218C01030000,GEV,2026-12-18,85,C,1030.0,7.74,955.965,59.4,66.0,62.7,57.41,10.5,0.4793,0.437,0.0018,-0.4958,1.8184,62.3227,34.5,0,75
GEV261218P01030000,GEV,2026-12-18,85,P,1030.0,7.74,955.965,123.2,130.7,126.95,109.43,5.9,0.4755,-0.5724,0.0018,-0.4952,1.8044,126.1182,65.5,0,28
GEV261218C01040000,GEV,2026-12-18,85,C,1040.0,8.79,955.965,56.3,62.8,59.55,54.07,10.9,0.4801,0.4208,0.0018,-0.4928,1.8056,59.1211,33.0,2,73
GEV261218P01040000,GEV,2026-12-18,85,P,1040.0,8.79,955.965,131.5,138.6,135.05,136.8,5.3,0.4836,-0.5893,0.0018,-0.49,1.7847,134.1441,66.9,0,72
GEV261218C01050000,GEV,2026-12-18,85,C,1050.0,9.84,955.965,53.6,58.0,55.8,56.0,7.9,0.4771,0.4048,0.0017,-0.4888,1.7893,55.3882,31.5,3,218
GEV261218P01050000,GEV,2026-12-18,85,P,1050.0,9.84,955.965,138.0,145.0,141.5,143.5,4.9,0.4817,-0.6059,0.0018,-0.484,1.7671,140.5085,68.4,0,31
GEV261218C01060000,GEV,2026-12-18,85,C,1060.0,10.88,955.965,50.0,56.5,53.25,48.94,12.2,0.4803,0.3889,0.0017,-0.484,1.7697,52.9055,30.1,0,22
GEV261218P01060000,GEV,2026-12-18,85,P,1060.0,10.88,955.965,145.0,150.7,147.85,157.9,3.9,0.4784,-0.6222,0.0018,-0.4773,1.7447,146.7772,69.9,0,65
GEV261218C01070000,GEV,2026-12-18,85,C,1070.0,11.93,955.965,46.4,53.5,49.95,52.01,14.2,0.4779,0.3738,0.0017,-0.4787,1.7491,49.5744,28.7,0,106
GEV261218P01070000,GEV,2026-12-18,85,P,1070.0,11.93,955.965,152.0,158.9,155.45,162.0,4.4,0.4814,-0.6381,0.0018,-0.4698,1.7207,154.2984,71.3,0,8
GEV261218C01080000,GEV,2026-12-18,85,C,1080.0,12.97,955.965,44.1,49.7,46.9,47.4,11.9,0.4763,0.3587,0.0017,-0.4726,1.726,46.5288,27.3,5,64
GEV261218P01080000,GEV,2026-12-18,85,P,1080.0,12.97,955.965,159.2,166.5,162.85,180.5,4.5,0.4824,-0.6538,0.0018,-0.4616,1.6914,161.598,72.6,0,36
GEV261218C01090000,GEV,2026-12-18,85,C,1090.0,14.02,955.965,41.2,47.9,44.55,45.8,15.0,0.4781,0.3441,0.0017,-0.466,1.7004,44.1983,26.0,0,154
GEV261218P01090000,GEV,2026-12-18,85,P,1090.0,14.02,955.965,166.6,173.8,170.2,196.25,4.2,0.4823,-0.669,0.0017,-0.4528,1.6632,168.8376,73.9,0,11
GEV261218C01100000,GEV,2026-12-18,85,C,1100.0,15.07,955.965,39.2,45.4,42.3,37.79,14.7,0.4797,0.3298,0.0016,-0.4588,1.6725,41.9526,24.8,3,455
GEV261218P01100000,GEV,2026-12-18,85,P,1100.0,15.07,955.965,174.3,181.0,177.65,199.1,3.8,0.4819,-0.684,0.0017,-0.4434,1.6288,176.1547,75.2,0,84
GEV261218C01120000,GEV,2026-12-18,85,C,1120.0,17.16,955.965,33.4,40.3,36.85,38.2,18.7,0.475,0.3024,0.0016,-0.4428,1.6127,36.5339,22.2,0,304
GEV261218P01120000,GEV,2026-12-18,85,P,1120.0,17.16,955.965,189.7,196.6,193.15,258.5,3.6,0.4828,-0.7126,0.0016,-0.4231,1.5636,191.4323,77.5,0,28
GEV261218C01140000,GEV,2026-12-18,85,C,1140.0,19.25,955.965,31.8,35.5,33.65,29.78,11.0,0.4816,0.2767,0.0015,-0.4254,1.5474,33.3657,20.2,12,100
GEV261218P01140000,GEV,2026-12-18,85,P,1140.0,19.25,955.965,204.3,212.1,208.2,267.0,3.7,0.4774,-0.7396,0.0016,-0.4011,1.4842,206.1871,79.9,0,12
GEV261218C01160000,GEV,2026-12-18,85,C,1160.0,21.34,955.965,26.6,31.6,29.1,26.7,17.2,0.4766,0.2526,0.0014,-0.4067,1.4773,28.8339,18.0,2,134
GEV261218P01160000,GEV,2026-12-18,85,P,1160.0,21.34,955.965,220.7,229.0,224.85,225.0,3.7,0.4798,-0.7651,0.0015,-0.3777,1.4073,222.5801,81.9,1,34
GEV261218C01180000,GEV,2026-12-18,85,C,1180.0,23.44,955.965,22.6,28.2,25.4,26.2,22.0,0.4745,0.2301,0.0014,-0.3872,1.4059,25.1688,16.0,0,53
GEV261218P01180000,GEV,2026-12-18,85,P,1180.0,23.44,955.965,238.0,245.9,241.95,231.4,3.3,0.4827,-0.7889,0.0014,-0.3534,1.316,239.3973,83.7,0,2
GEV270115C00720000,GEV,2027-01-15,113,C,720.0,-24.68,955.965,258.0,266.3,262.15,261.0,3.2,0.4998,0.8842,0.0007,-0.1761,1.0436,261.6116,82.2,0,169
GEV270115P00720000,GEV,2027-01-15,113,P,720.0,-24.68,955.965,14.4,20.1,17.25,16.9,33.0,0.505,-0.1166,0.0007,-0.2283,1.0488,17.3237,18.1,0,351
GEV270115C00730000,GEV,2027-01-15,113,C,730.0,-23.64,955.965,250.4,258.1,254.25,189.81,3.0,0.5012,0.8751,0.0008,-0.1897,1.1003,253.7059,80.8,0,37
GEV270115P00730000,GEV,2027-01-15,113,P,730.0,-23.64,955.965,16.0,22.2,19.1,19.0,32.5,0.505,-0.1259,0.0008,-0.2401,1.1046,19.1741,19.4,0,189
GEV270115C00740000,GEV,2027-01-15,113,C,740.0,-22.59,955.965,242.5,250.0,246.25,195.4,3.0,0.5004,0.8655,0.0008,-0.2032,1.1568,245.6959,79.5,0,37
GEV270115P00740000,GEV,2027-01-15,113,P,740.0,-22.59,955.965,18.1,21.4,19.75,19.0,16.7,0.4934,-0.1356,0.0008,-0.2519,1.1613,19.8206,20.0,1,260
GEV270115C00750000,GEV,2027-01-15,113,C,750.0,-21.55,955.965,234.3,241.8,238.05,221.74,3.2,0.4969,0.8554,0.0009,-0.2168,1.215,237.4849,78.4,0,72
GEV270115P00750000,GEV,2027-01-15,113,P,750.0,-21.55,955.965,19.3,26.0,22.65,23.2,29.6,0.5005,-0.1457,0.0009,-0.2638,1.226,22.7261,21.9,0,492
GEV270115C00760000,GEV,2027-01-15,113,C,760.0,-20.5,955.965,226.0,234.0,230.0,241.36,3.5,0.4938,0.8449,0.0009,-0.2304,1.2733,229.4234,77.1,0,45
GEV270115P00760000,GEV,2027-01-15,113,P,760.0,-20.5,955.965,20.4,27.8,24.1,24.42,30.7,0.4943,-0.1564,0.0009,-0.2755,1.2798,24.1682,22.9,0,197
GEV270115C00770000,GEV,2027-01-15,113,C,770.0,-19.45,955.965,218.3,226.9,222.6,219.75,3.9,0.4949,0.834,0.0009,-0.2438,1.3306,222.0249,75.6,0,67
GEV270115P00770000,GEV,2027-01-15,113,P,770.0,-19.45,955.965,24.3,30.1,27.2,31.3,21.3,0.5,-0.1674,0.001,-0.2872,1.336,27.2629,24.7,0,118
GEV270115C00780000,GEV,2027-01-15,113,C,780.0,-18.41,955.965,211.5,218.6,215.05,187.08,3.3,0.4937,0.8226,0.001,-0.257,1.3869,214.4669,74.2,0,49
GEV270115P00780000,GEV,2027-01-15,113,P,780.0,-18.41,955.965,26.7,32.0,29.35,29.5,18.1,0.4973,-0.1789,0.001,-0.2988,1.3923,29.4024,26.1,0,235
GEV270115C00790000,GEV,2027-01-15,113,C,790.0,-17.36,955.965,203.7,210.9,207.3,148.15,3.5,0.4902,0.8109,0.001,-0.2701,1.4434,206.7124,72.8,0,38
GEV270115P00790000,GEV,2027-01-15,113,P,790.0,-17.36,955.965,28.9,32.6,30.75,32.0,12.0,0.4886,-0.1909,0.001,-0.3102,1.4557,30.7945,27.1,5,523
GEV270115C00800000,GEV,2027-01-15,113,C,800.0,-16.31,955.965,196.4,203.7,200.05,199.3,3.6,0.4893,0.7987,0.0011,-0.2829,1.4993,199.4591,71.3,6,147
GEV270115P00800000,GEV,2027-01-15,113,P,800.0,-16.31,955.965,32.0,35.3,33.65,33.5,9.8,0.4896,-0.2032,0.0011,-0.3213,1.5068,33.6932,28.7,3,2243
GEV270115C00810000,GEV,2027-01-15,113,C,810.0,-15.27,955.965,188.9,196.5,192.7,175.85,3.9,0.4868,0.7861,0.0011,-0.2953,1.5534,192.1018,69.9,0,51
GEV270115P00810000,GEV,2027-01-15,113,P,810.0,-15.27,955.965,34.5,37.5,36.0,43.4,8.3,0.4859,-0.216,0.0011,-0.3321,1.5596,36.0285,30.0,0,152
GEV270115C00820000,GEV,2027-01-15,113,C,820.0,-14.22,955.965,182.2,190.0,186.1,134.43,4.2,0.488,0.7733,0.0012,-0.3074,1.6053,185.4675,68.3,0,62
GEV270115P00820000,GEV,2027-01-15,113,P,820.0,-14.22,955.965,36.4,41.7,39.05,39.5,13.6,0.4859,-0.2291,0.0012,-0.3426,1.6116,39.0735,31.6,0,89
GEV270115C00830000,GEV,2027-01-15,113,C,830.0,-13.18,955.965,175.3,183.0,179.15,176.7,4.3,0.4862,0.76,0.0012,-0.3192,1.6563,178.5068,66.7,0,52
GEV270115P00830000,GEV,2027-01-15,113,P,830.0,-13.18,955.965,39.2,45.6,42.4,43.47,15.1,0.4867,-0.2426,0.0012,-0.3528,1.667,42.4096,33.3,0,306
GEV270115C00840000,GEV,2027-01-15,113,C,840.0,-12.13,955.965,168.3,175.9,172.1,153.11,4.4,0.4831,0.7464,0.0012,-0.3304,1.706,171.4658,65.3,0,87
GEV270115P00840000,GEV,2027-01-15,113,P,840.0,-12.13,955.965,43.8,47.3,45.55,46.47,7.7,0.4853,-0.2564,0.0013,-0.3624,1.7143,45.538,34.8,0,121
GEV270115C00850000,GEV,2027-01-15,113,C,850.0,-11.08,955.965,161.6,168.8,165.2,149.55,4.4,0.48,0.7326,0.0013,-0.3412,1.7532,164.5562,63.8,0,228
GEV270115P00850000,GEV,2027-01-15,113,P,850.0,-11.08,955.965,46.6,50.4,48.5,52.4,7.8,0.482,-0.2706,0.0013,-0.3717,1.7602,48.4805,36.3,7,409
GEV270115C00860000,GEV,2027-01-15,113,C,860.0,-10.04,955.965,155.3,163.1,159.2,141.18,4.9,0.4812,0.7184,0.0013,-0.3515,1.7976,158.5536,62.1,0,123
GEV270115P00860000,GEV,2027-01-15,113,P,860.0,-10.04,955.965,50.6,53.9,52.25,52.4,6.3,0.4823,-0.285,0.0013,-0.3804,1.8039,52.2023,38.0,1,187
GEV270115C00870000,GEV,2027-01-15,113,C,870.0,-8.99,955.965,150.1,156.1,153.1,143.7,3.9,0.4809,0.704,0.0013,-0.3612,1.8398,152.4487,60.4,0,250
GEV270115P00870000,GEV,2027-01-15,113,P,870.0,-8.99,955.965,53.9,58.1,56.0,56.1,7.5,0.4818,-0.2997,0.0014,-0.3886,1.8461,55.9422,39.6,1,110
GEV270115C00880000,GEV,2027-01-15,113,C,880.0,-7.95,955.965,143.0,150.4,146.7,132.8,5.0,0.4782,0.6894,0.0014,-0.3704,1.8799,146.0531,58.9,1,196
GEV270115P00880000,GEV,2027-01-15,113,P,880.0,-7.95,955.965,57.8,60.9,59.35,59.6,5.2,0.4782,-0.3146,0.0014,-0.3962,1.8877,59.2578,41.1,2,275
GEV270115C00890000,GEV,2027-01-15,113,C,890.0,-6.9,955.965,137.1,144.4,140.75,142.1,5.2,0.4771,0.6745,0.0014,-0.3789,1.9172,140.1076,57.3,1,61
GEV270115P00890000,GEV,2027-01-15,113,P,890.0,-6.9,955.965,61.0,65.3,63.15,65.22,6.8,0.4763,-0.3298,0.0014,-0.4032,1.9234,63.0357,42.7,0,146
GEV270115C00900000,GEV,2027-01-15,113,C,900.0,-5.85,955.965,131.8,138.9,135.35,129.8,5.2,0.478,0.6595,0.0014,-0.3868,1.9511,134.7088,55.6,0,286
GEV270115P00900000,GEV,2027-01-15,113,P,900.0,-5.85,955.965,65.9,69.5,67.7,68.0,5.3,0.4774,-0.3451,0.0015,-0.4097,1.9563,67.5501,44.4,4,521
GEV270115C00910000,GEV,2027-01-15,113,C,910.0,-4.81,955.965,126.6,133.0,129.8,121.6,4.9,0.4773,0.6444,0.0015,-0.394,1.9821,129.1613,54.0,2,48
GEV270115P00910000,GEV,2027-01-15,113,P,910.0,-4.81,955.965,68.8,74.6,71.7,74.9,8.1,0.475,-0.3606,0.0015,-0.4155,1.9866,71.5401,46.0,0,83
GEV270115C00920000,GEV,2027-01-15,113,C,920.0,-3.76,955.965,121.2,127.6,124.4,118.5,5.1,0.4766,0.6292,0.0015,-0.4005,2.0103,123.7718,52.3,0,60
GEV270115P00920000,GEV,2027-01-15,113,P,920.0,-3.76,955.965,74.9,78.6,76.75,80.7,4.8,0.4766,-0.3762,0.0015,-0.4206,2.0157,76.4842,47.7,2,147
GEV270115C00930000,GEV,2027-01-15,113,C,930.0,-2.72,955.965,116.9,122.6,119.75,120.4,4.8,0.4788,0.6138,0.0015,-0.4064,2.0356,119.131,50.7,0,114
GEV270115P00930000,GEV,2027-01-15,113,P,930.0,-2.72,955.965,78.9,83.3,81.1,94.44,5.4,0.4745,-0.392,0.0015,-0.425,2.0389,80.8437,49.2,0,361
GEV270115C00940000,GEV,2027-01-15,113,C,940.0,-1.67,955.965,111.6,117.3,114.45,113.7,5.0,0.477,0.5985,0.0015,-0.4116,2.0574,113.8353,49.1,5,60
GEV270115P00940000,GEV,2027-01-15,113,P,940.0,-1.67,955.965,84.2,89.5,86.85,98.75,6.1,0.4782,-0.4078,0.0016,-0.4288,2.0593,86.5488,50.9,1,368
GEV270115C00950000,GEV,2027-01-15,113,C,950.0,-0.62,955.965,105.8,112.2,109.0,102.5,5.9,0.4738,0.583,0.0015,-0.416,2.076,108.3993,47.6,5,638
GEV270115P00950000,GEV,2027-01-15,113,P,950.0,-0.62,955.965,88.1,95.0,91.55,97.48,7.5,0.4761,-0.4236,0.0016,-0.4319,2.0766,91.2206,52.5,1,488
GEV270115C00960000,GEV,2027-01-15,113,C,960.0,0.42,955.965,101.5,108.0,104.75,104.84,6.2,0.4758,0.5675,0.0016,-0.4201,2.0913,104.1984,46.0,4,177
GEV270115P00960000,GEV,2027-01-15,113,P,960.0,0.42,955.965,93.8,98.3,96.05,101.5,4.7,0.4722,-0.4396,0.0016,-0.4344,2.0901,95.6646,54.0,0,124
GEV270115C00970000,GEV,2027-01-15,113,C,970.0,1.47,955.965,96.5,103.1,99.8,100.0,6.6,0.4735,0.5522,0.0016,-0.4231,2.1035,99.2516,44.4,0,72
GEV270115P00970000,GEV,2027-01-15,113,P,970.0,1.47,955.965,98.6,104.1,101.35,118.0,5.4,0.4713,-0.4554,0.0016,-0.436,2.101,100.8853,55.5,0,168
GEV270115C00980000,GEV,2027-01-15,113,C,980.0,2.51,955.965,92.4,100.0,96.2,97.5,7.9,0.4769,0.5368,0.0016,-0.4255,2.1125,95.6579,42.9,10,174
GEV270115P00980000,GEV,2027-01-15,113,P,980.0,2.51,955.965,104.6,111.1,107.85,110.0,6.0,0.4756,-0.4712,0.0016,-0.4371,2.1082,107.357,57.1,0,82
GEV270115C00990000,GEV,2027-01-15,113,C,990.0,3.56,955.965,87.8,94.4,91.1,90.4,7.2,0.4725,0.5216,0.0016,-0.4272,2.1185,90.5648,41.4,0,281
GEV270115P00990000,GEV,2027-01-15,113,P,990.0,3.56,955.965,109.4,116.6,113.0,123.6,6.4,0.4725,-0.4869,0.0016,-0.4377,2.1121,112.4156,58.6,0,66
GEV270115C01000000,GEV,2027-01-15,113,C,1000.0,4.61,955.965,85.4,90.5,87.95,88.0,5.8,0.4766,0.5065,0.0016,-0.4283,2.1214,87.4197,39.9,4,1074
GEV270115P01000000,GEV,2027-01-15,113,P,1000.0,4.61,955.965,115.5,123.0,119.25,123.0,6.3,0.4742,-0.5026,0.0016,-0.4373,2.1122,118.6383,60.1,0,937
GEV270115C01010000,GEV,2027-01-15,113,C,1010.0,5.65,955.965,80.0,87.0,83.5,83.6,8.4,0.474,0.4915,0.0016,-0.4287,2.1212,82.9979,38.5,0,66
GEV270115P01010000,GEV,2027-01-15,113,P,1010.0,5.65,955.965,121.4,129.0,125.2,139.48,6.1,0.4736,-0.5182,0.0016,-0.4364,2.1072,124.5178,61.5,0,84
GEV270115C01020000,GEV,2027-01-15,113,C,1020.0,6.7,955.965,77.1,82.9,80.0,79.4,7.3,0.4751,0.4766,0.0016,-0.4285,2.1179,79.5024,37.0,0,57
GEV270115P01020000,GEV,2027-01-15,113,P,1020.0,6.7,955.965,128.7,135.1,131.9,131.75,4.9,0.4758,-0.5336,0.0016,-0.4349,2.1026,131.1323,62.9,1,59
GEV270115C01030000,GEV,2027-01-15,113,C,1030.0,7.74,955.965,73.1,78.5,75.8,80.0,7.1,0.4722,0.462,0.0016,-0.4276,2.1118,75.2999,35.6,0,137
GEV270115P01030000,GEV,2027-01-15,113,P,1030.0,7.74,955.965,133.8,140.6,137.2,139.77,5.0,0.4707,-0.5489,0.0016,-0.4328,2.095,136.342,64.4,0,42
GEV270115C01040000,GEV,2027-01-15,113,C,1040.0,8.79,955.965,69.8,75.5,72.65,71.86,7.8,0.4737,0.4475,0.0016,-0.4262,2.1034,72.1626,34.3,2,403
GEV270115P01040000,GEV,2027-01-15,113,P,1040.0,8.79,955.965,140.3,148.0,144.15,157.6,5.3,0.4726,-0.5639,0.0016,-0.4302,2.0838,143.167,65.7,0,51
GEV270115C01050000,GEV,2027-01-15,113,C,1050.0,9.84,955.965,67.0,72.8,69.9,63.0,8.3,0.4765,0.4332,0.0016,-0.4243,2.0923,69.4262,33.0,2,469
GEV270115P01050000,GEV,2027-01-15,113,P,1050.0,9.84,955.965,146.8,155.0,150.9,165.7,5.4,0.4733,-0.5789,0.0016,-0.4269,2.0676,149.87,67.0,0,308
GEV270115C01060000,GEV,2027-01-15,113,C,1060.0,10.88,955.965,63.1,69.4,66.25,61.62,9.5,0.4744,0.4191,0.0016,-0.4218,2.0785,65.7941,31.7,0,77
GEV270115P01060000,GEV,2027-01-15,113,P,1060.0,10.88,955.965,153.8,162.0,157.9,157.93,5.2,0.4744,-0.5936,0.0016,-0.4231,2.0461,156.7834,68.3,2,38
GEV270115C01070000,GEV,2027-01-15,113,C,1070.0,11.93,955.965,59.9,65.3,62.6,57.6,8.6,0.4716,0.4053,0.0015,-0.4188,2.062,62.1506,30.4,4,57
GEV270115P01070000,GEV,2027-01-15,113,P,1070.0,11.93,955.965,161.5,168.2,164.85,209.93,4.1,0.4745,-0.6081,0.0016,-0.4188,2.0275,163.6134,69.6,0,24
GEV270115C01080000,GEV,2027-01-15,113,C,1080.0,12.97,955.965,57.5,62.7,60.1,63.01,8.7,0.4737,0.3918,0.0015,-0.4152,2.0436,59.6386,29.2,0,431
GEV270115P01080000,GEV,2027-01-15,113,P,1080.0,12.97,955.965,168.5,176.0,172.25,223.2,4.4,0.4763,-0.6224,0.0016,-0.4141,2.0071,170.912,70.8,0,13
GEV270115C01090000,GEV,2027-01-15,113,C,1090.0,14.02,955.965,54.5,60.3,57.4,58.1,10.1,0.4745,0.3784,0.0015,-0.4113,2.0231,56.9753,28.0,1,744
GEV270115P01090000,GEV,2027-01-15,113,P,1090.0,14.02,955.965,175.2,183.0,179.1,205.7,4.4,0.4747,-0.6364,0.0016,-0.4089,1.9828,177.6358,72.0,0,108
GEV270115C01100000,GEV,2027-01-15,113,C,1100.0,15.07,955.965,51.1,56.4,53.75,54.5,9.9,0.4699,0.3653,0.0015,-0.4069,2.001,53.3482,26.8,3,488
GEV270115P01100000,GEV,2027-01-15,113,P,1100.0,15.07,955.965,183.2,190.0,186.6,236.64,3.6,0.4759,-0.6502,0.0016,-0.4032,1.9535,185.0408,73.1,0,207
GEV270115C01110000,GEV,2027-01-15,113,C,1110.0,16.11,955.965,49.1,53.4,51.25,44.8,8.4,0.4704,0.3525,0.0015,-0.4022,1.9767,50.8595,25.6,1,99
GEV270115P01110000,GEV,2027-01-15,113,P,1110.0,16.11,955.965,190.5,197.9,194.2,234.6,3.8,0.4767,-0.6638,0.0016,-0.397,1.9176,192.4733,74.2,0,18
GEV270115C01120000,GEV,2027-01-15,113,C,1120.0,17.16,955.965,47.0,52.2,49.6,50.09,10.5,0.4747,0.34,0.0014,-0.3971,1.9502,49.2149,24.7,0,259
GEV270115P01120000,GEV,2027-01-15,113,P,1120.0,17.16,955.965,198.4,205.0,201.7,199.62,3.3,0.4766,-0.677,0.0015,-0.3906,1.8891,199.835,75.3,205,449
GEV270115C01130000,GEV,2027-01-15,113,C,1130.0,18.21,955.965,43.9,49.7,46.8,44.7,12.4,0.4726,0.3278,0.0014,-0.3916,1.9222,46.4282,23.6,0,79
GEV270115P01130000,GEV,2027-01-15,113,P,1130.0,18.21,955.965,204.8,213.0,208.9,165.86,3.9,0.4743,-0.6898,0.0015,-0.3838,1.8575,206.8811,76.4,0,34
GEV270115C01140000,GEV,2027-01-15,113,C,1140.0,19.25,955.965,41.0,47.1,44.05,45.6,13.8,0.4702,0.316,0.0014,-0.3859,1.8934,43.7004,22.5,0,58
GEV270115P01140000,GEV,2027-01-15,113,P,1140.0,19.25,955.965,212.5,220.6,216.55,251.0,3.7,0.4738,-0.7025,0.0015,-0.3766,1.8231,214.3821,77.4,0,5
GEV270115C01150000,GEV,2027-01-15,113,C,1150.0,20.3,955.965,38.7,44.9,41.8,39.3,14.8,0.4698,0.3044,0.0014,-0.3798,1.8636,41.4564,21.5,0,102
GEV270115P01150000,GEV,2027-01-15,113,P,1150.0,20.3,955.965,220.7,228.7,224.7,223.05,3.6,0.4755,-0.715,0.0015,-0.3692,1.7878,222.3924,78.3,0,8
GEV270115C01160000,GEV,2027-01-15,113,C,1160.0,21.34,955.965,37.2,42.8,40.0,39.6,14.0,0.4714,0.2931,0.0014,-0.3736,1.8324,39.6735,20.6,1,134
GEV270115P01160000,GEV,2027-01-15,113,P,1160.0,21.34,955.965,228.3,236.7,232.5,299.0,3.6,0.4747,-0.727,0.0015,-0.3614,1.7476,230.032,79.3,0,29
GEV270115C01170000,GEV,2027-01-15,113,C,1170.0,22.39,955.965,35.4,40.4,37.9,35.2,13.2,0.4708,0.2821,0.0013,-0.3671,1.7997,37.5808,19.6,0,71
GEV270115P01170000,GEV,2027-01-15,113,P,1170.0,22.39,955.965,237.1,244.6,240.85,228.1,3.1,0.4765,-0.7388,0.0014,-0.3535,1.7034,238.234,80.2,0,34
GEV270115C01180000,GEV,2027-01-15,113,C,1180.0,23.44,955.965,33.3,39.1,36.2,37.31,16.0,0.472,0.2714,0.0013,-0.3604,1.7657,35.8958,18.8,0,74
GEV270115P01180000,GEV,2027-01-15,113,P,1180.0,23.44,955.965,244.6,252.5,248.55,237.1,3.2,0.4738,-0.7503,0.0014,-0.3453,1.6645,245.7231,81.2,0,9
GEV270115C01190000,GEV,2027-01-15,113,C,1190.0,24.48,955.965,32.0,38.0,35.0,34.47,17.1,0.4756,0.2611,0.0013,-0.3535,1.7314,34.7005,18.1,0,95
GEV270115P01190000,GEV,2027-01-15,113,P,1190.0,24.48,955.965,252.9,261.0,256.95,275.7,3.2,0.4748,-0.7614,0.0014,-0.3369,1.6256,253.9525,82.0,0,139
GEV270319C00720000,GEV,2027-03-19,176,C,720.0,-24.68,955.965,278.6,286.7,282.65,276.11,2.9,0.5129,0.8506,0.0007,-0.1864,1.5531,281.5926,74.9,0,10
GEV270319P00720000,GEV,2027-03-19,176,P,720.0,-24.68,955.965,27.9,34.0,30.95,46.53,19.7,0.5083,-0.1517,0.0007,-0.2228,1.5622,31.1577,24.8,0,68
GEV270319C00730000,GEV,2027-03-19,176,C,730.0,-23.64,955.965,270.5,279.2,274.85,269.65,3.2,0.5097,0.8418,0.0007,-0.1955,1.6119,273.7864,73.9,0,5
GEV270319P00730000,GEV,2027-03-19,176,P,730.0,-23.64,955.965,29.8,36.5,33.15,35.3,20.2,0.5065,-0.1606,0.0007,-0.2308,1.6212,33.3599,25.9,0,53
GEV270319C00740000,GEV,2027-03-19,176,C,740.0,-22.59,955.965,263.3,271.9,267.6,203.4,3.2,0.5093,0.8327,0.0007,-0.2044,1.6699,266.5349,72.6,0,21
GEV270319P00740000,GEV,2027-03-19,176,P,740.0,-22.59,955.965,32.4,40.0,36.2,35.9,21.0,0.5092,-0.1698,0.0008,-0.2388,1.6793,36.417,27.4,0,88
GEV270319C00750000,GEV,2027-03-19,176,C,750.0,-21.55,955.965,256.6,263.6,260.1,239.85,2.7,0.5067,0.8234,0.0008,-0.2133,1.7276,259.0214,71.5,0,21
GEV270319P00750000,GEV,2027-03-19,176,P,750.0,-21.55,955.965,34.6,41.4,38.0,43.7,17.9,0.5037,-0.1793,0.0008,-0.2467,1.7418,38.21,28.3,0,307
GEV270319C00760000,GEV,2027-03-19,176,C,760.0,-20.5,955.965,249.7,256.5,253.1,228.83,2.7,0.5065,0.8138,0.0008,-0.222,1.7864,252.0338,70.2,0,9
GEV270319P00760000,GEV,2027-03-19,176,P,760.0,-20.5,955.965,38.3,45.0,41.65,42.4,16.1,0.5082,-0.1891,0.0008,-0.2544,1.8,41.8558,29.9,1,108
GEV270319C00770000,GEV,2027-03-19,176,C,770.0,-19.45,955.965,242.3,250.2,246.25,240.0,3.2,0.5063,0.804,0.0008,-0.2306,1.8432,245.171,68.9,0,12
GEV270319P00770000,GEV,2027-03-19,176,P,770.0,-19.45,955.965,41.4,47.6,44.5,45.6,13.9,0.5074,-0.1991,0.0008,-0.262,1.854,44.7006,31.1,1,74
GEV270319C00780000,GEV,2027-03-19,176,C,780.0,-18.41,955.965,235.3,243.4,239.35,240.11,3.4,0.5052,0.794,0.0008,-0.2389,1.8982,238.262,67.7,0,3
GEV270319P00780000,GEV,2027-03-19,176,P,780.0,-18.41,955.965,43.9,50.8,47.35,48.4,14.6,0.506,-0.2094,0.0009,-0.2694,1.9095,47.5494,32.3,0,81
GEV270319C00790000,GEV,2027-03-19,176,C,790.0,-17.36,955.965,228.0,236.5,232.25,228.47,3.7,0.5026,0.7837,0.0009,-0.2471,1.9517,231.1754,66.5,0,7
GEV270319P00790000,GEV,2027-03-19,176,P,790.0,-17.36,955.965,46.2,53.8,50.0,51.9,15.2,0.503,-0.2198,0.0009,-0.2767,1.9624,50.1976,33.5,0,84
GEV270319C00800000,GEV,2027-03-19,176,C,800.0,-16.31,955.965,221.8,229.7,225.75,220.9,3.5,0.5024,0.7732,0.0009,-0.2551,2.0046,224.6735,65.2,0,31
GEV270319P00800000,GEV,2027-03-19,176,P,800.0,-16.31,955.965,49.2,56.3,52.75,53.6,13.5,0.5,-0.2305,0.0009,-0.2837,2.0192,52.9433,34.6,0,681
GEV270319C00810000,GEV,2027-03-19,176,C,810.0,-15.27,955.965,215.3,222.5,218.9,215.9,3.3,0.4999,0.7626,0.0009,-0.2628,2.0564,217.8244,64.0,0,22
GEV270319P00810000,GEV,2027-03-19,176,P,810.0,-15.27,955.965,53.3,59.2,56.25,58.5,10.5,0.5,-0.2414,0.001,-0.2905,2.071,56.4067,36.0,8,41
GEV270319C00820000,GEV,2027-03-19,176,C,820.0,-14.22,955.965,209.0,217.0,213.0,209.07,3.8,0.5014,0.7518,0.001,-0.2702,2.1064,211.926,62.6,0,19
GEV270319P00820000,GEV,2027-03-19,176,P,820.0,-14.22,955.965,56.1,62.0,59.05,63.17,10.0,0.4962,-0.2525,0.001,-0.2971,2.1181,59.1978,37.1,2,86
GEV270319C00830000,GEV,2027-03-19,176,C,830.0,-13.18,955.965,202.6,209.0,205.8,203.42,3.1,0.4962,0.7408,0.001,-0.2774,2.1542,204.7238,61.6,0,42
GEV270319P00830000,GEV,2027-03-19,176,P,830.0,-13.18,955.965,59.8,66.9,63.35,65.6,11.2,0.4989,-0.2638,0.001,-0.3035,2.1659,63.487,38.6,0,74
GEV270319C00840000,GEV,2027-03-19,176,C,840.0,-12.13,955.965,196.3,202.8,199.55,180.77,3.3,0.4949,0.7296,0.001,-0.2844,2.1998,198.4647,60.3,0,16
GEV270319P00840000,GEV,2027-03-19,176,P,840.0,-12.13,955.965,63.5,68.5,66.0,72.42,7.6,0.4934,-0.2752,0.001,-0.3095,2.2109,66.1224,39.6,1,164
GEV270319C00850000,GEV,2027-03-19,176,C,850.0,-11.08,955.965,190.2,196.8,193.5,192.65,3.4,0.494,0.7183,0.001,-0.291,2.2437,192.4147,59.0,0,43
GEV270319P00850000,GEV,2027-03-19,176,P,850.0,-11.08,955.965,67.5,72.9,70.2,74.2,7.7,0.4943,-0.2869,0.001,-0.3154,2.2583,70.2798,41.0,4,121
GEV270319C00860000,GEV,2027-03-19,176,C,860.0,-10.04,955.965,184.1,191.4,187.75,188.5,3.9,0.4939,0.7069,0.001,-0.2973,2.2861,186.6711,57.7,1,47
GEV270319P00860000,GEV,2027-03-19,176,P,860.0,-10.04,955.965,70.7,77.9,74.3,103.06,9.7,0.4943,-0.2986,0.0011,-0.3208,2.2996,74.3694,42.4,0,115
GEV270319C00870000,GEV,2027-03-19,176,C,870.0,-8.99,955.965,178.3,185.0,181.65,168.38,3.7,0.4918,0.6954,0.0011,-0.3033,2.3264,180.5901,56.4,0,134
GEV270319P00870000,GEV,2027-03-19,176,P,870.0,-8.99,955.965,75.3,82.0,78.65,81.2,8.5,0.4947,-0.3104,0.0011,-0.326,2.3375,78.6825,43.7,0,27
GEV270319C00880000,GEV,2027-03-19,176,C,880.0,-7.95,955.965,172.7,179.4,176.05,168.0,3.8,0.4912,0.6838,0.0011,-0.309,2.3642,174.9784,55.1,0,131
GEV270319P00880000,GEV,2027-03-19,176,P,880.0,-7.95,955.965,79.2,85.4,82.3,84.9,7.5,0.4916,-0.3224,0.0011,-0.3309,2.3737,82.2977,44.9,8,123
GEV270319C00890000,GEV,2027-03-19,176,C,890.0,-6.9,955.965,168.3,173.9,171.1,164.31,3.3,0.4929,0.6721,0.0011,-0.3143,2.3994,170.0452,53.7,0,36
GEV270319P00890000,GEV,2027-03-19,176,P,890.0,-6.9,955.965,84.0,90.3,87.15,91.8,7.2,0.4931,-0.3345,0.0011,-0.3355,2.4086,87.1268,46.3,0,51
GEV270319C00900000,GEV,2027-03-19,176,C,900.0,-5.85,955.965,161.9,168.6,165.25,163.0,4.1,0.4903,0.6603,0.0011,-0.3193,2.4323,164.2021,52.5,0,100
GEV270319P00900000,GEV,2027-03-19,176,P,900.0,-5.85,955.965,88.5,94.8,91.65,95.6,6.9,0.4926,-0.3466,0.0012,-0.3398,2.4404,91.6059,47.5,7,526
GEV270319C00910000,GEV,2027-03-19,176,C,910.0,-4.81,955.965,156.5,163.4,159.95,118.0,4.3,0.4895,0.6485,0.0011,-0.324,2.4632,158.9147,51.3,0,12
GEV270319P00910000,GEV,2027-03-19,176,P,910.0,-4.81,955.965,93.0,99.6,96.3,96.7,6.9,0.4921,-0.3589,0.0012,-0.3437,2.4717,96.2087,48.8,0,25
GEV270319C00920000,GEV,2027-03-19,176,C,920.0,-3.76,955.965,151.3,159.9,155.6,151.23,5.5,0.492,0.6366,0.0012,-0.3283,2.4918,154.574,49.9,0,27
GEV270319P00920000,GEV,2027-03-19,176,P,920.0,-3.76,955.965,97.5,104.4,100.95,102.1,6.8,0.4911,-0.3712,0.0012,-0.3473,2.4991,100.8093,50.1,0,19
GEV270319C00930000,GEV,2027-03-19,176,C,930.0,-2.72,955.965,147.0,153.9,150.45,139.3,4.6,0.4906,0.6248,0.0012,-0.3323,2.518,149.3862,48.7,0,280
GEV270319P00930000,GEV,2027-03-19,176,P,930.0,-2.72,955.965,102.4,109.2,105.8,107.3,6.4,0.4904,-0.3835,0.0012,-0.3506,2.5234,105.605,51.3,0,86
GEV270319C00940000,GEV,2027-03-19,176,C,940.0,-1.67,955.965,141.5,148.6,145.05,136.71,4.9,0.4879,0.6129,0.0012,-0.3359,2.5416,143.9836,47.5,0,251
GEV270319P00940000,GEV,2027-03-19,176,P,940.0,-1.67,955.965,107.9,113.2,110.55,116.84,4.8,0.4888,-0.3958,0.0012,-0.3535,2.5453,110.2913,52.5,0,106
GEV270319C00950000,GEV,2027-03-19,176,C,950.0,-0.62,955.965,136.8,143.9,140.35,133.9,5.1,0.4876,0.601,0.0012,-0.3392,2.5627,139.3085,46.3,5,65
GEV270319P00950000,GEV,2027-03-19,176,P,950.0,-0.62,955.965,112.5,119.0,115.75,119.6,5.6,0.4886,-0.4082,0.0012,-0.3561,2.5647,115.4528,53.8,1,113
GEV270319C00960000,GEV,2027-03-19,176,C,960.0,0.42,955.965,132.4,139.3,135.85,138.0,5.1,0.4876,0.5891,0.0012,-0.3421,2.5814,134.831,45.0,0,26
GEV270319P00960000,GEV,2027-03-19,176,P,960.0,0.42,955.965,117.9,124.4,121.15,128.81,5.4,0.4886,-0.4206,0.0012,-0.3584,2.5818,120.7861,55.0,0,63
GEV270319C00970000,GEV,2027-03-19,176,C,970.0,1.47,955.965,127.7,134.8,131.25,134.3,5.4,0.4867,0.5772,0.0012,-0.3447,2.5977,130.2385,43.8,0,37
GEV270319P00970000,GEV,2027-03-19,176,P,970.0,1.47,955.965,123.3,129.6,126.45,131.3,5.0,0.4878,-0.433,0.0012,-0.3603,2.5963,126.0302,56.2,2,38
GEV270319C00980000,GEV,2027-03-19,176,C,980.0,2.51,955.965,123.5,130.5,127.0,123.0,5.5,0.4867,0.5654,0.0012,-0.3469,2.6116,125.997,42.6,0,20
GEV270319P00980000,GEV,2027-03-19,176,P,980.0,2.51,955.965,128.6,134.7,131.65,138.9,4.6,0.4861,-0.4454,0.0013,-0.3619,2.6065,131.1542,57.3,0,42
GEV270319C00990000,GEV,2027-03-19,176,C,990.0,3.56,955.965,119.3,126.3,122.8,120.6,5.7,0.4864,0.5536,0.0012,-0.3488,2.6232,121.7927,41.5,0,23
GEV270319P00990000,GEV,2027-03-19,176,P,990.0,3.56,955.965,134.1,139.8,136.95,142.8,4.2,0.4843,-0.4577,0.0013,-0.3632,2.6168,136.3639,58.5,2,22
GEV270319C01000000,GEV,2027-03-19,176,C,1000.0,4.61,955.965,115.5,122.1,118.8,110.97,5.6,0.4865,0.5419,0.0012,-0.3504,2.6324,117.8077,40.3,0,395
GEV270319P01000000,GEV,2027-03-19,176,P,1000.0,4.61,955.965,139.9,146.9,143.4,149.5,4.9,0.4865,-0.47,0.0013,-0.3641,2.6226,142.7399,59.7,4,185
GEV270319C01010000,GEV,2027-03-19,176,C,1010.0,5.65,955.965,111.2,117.8,114.5,115.2,5.8,0.4851,0.5302,0.0012,-0.3516,2.6393,113.5388,39.2,1,39
GEV270319P01010000,GEV,2027-03-19,176,P,1010.0,5.65,955.965,146.3,151.8,149.05,155.0,3.7,0.4852,-0.4822,0.0013,-0.3648,2.6276,148.3063,60.8,2,30
GEV270319C01020000,GEV,2027-03-19,176,C,1020.0,6.7,955.965,109.3,114.9,112.1,105.2,5.0,0.4904,0.5187,0.0012,-0.3525,2.644,111.1525,38.1,2,17
GEV270319P01020000,GEV,2027-03-19,176,P,1020.0,6.7,955.965,152.4,158.7,155.55,161.8,4.1,0.4867,-0.4944,0.0013,-0.3651,2.6292,154.7234,61.9,2,33
GEV270319C01030000,GEV,2027-03-19,176,C,1030.0,7.74,955.965,103.9,110.7,107.3,106.9,6.3,0.4862,0.5072,0.0012,-0.3531,2.6464,106.3609,37.0,2,101
GEV270319P01030000,GEV,2027-03-19,176,P,1030.0,7.74,955.965,158.3,165.0,161.65,168.5,4.1,0.4862,-0.5065,0.0013,-0.3652,2.6275,160.72,63.0,0,70
GEV270319C01040000,GEV,2027-03-19,176,C,1040.0,8.79,955.965,101.9,107.0,104.45,98.2,4.9,0.489,0.4958,0.0012,-0.3534,2.6464,103.5286,35.9,1,34
GEV270319P01040000,GEV,2027-03-19,176,P,1040.0,8.79,955.965,164.6,170.9,167.75,174.3,3.8,0.4853,-0.5185,0.0013,-0.3649,2.6203,166.7171,64.1,1,11
GEV270319C01050000,GEV,2027-03-19,176,C,1050.0,9.84,955.965,97.9,102.3,100.1,99.5,4.4,0.4857,0.4845,0.0012,-0.3534,2.6444,99.1859,34.8,2,267
GEV270319P01050000,GEV,2027-03-19,176,P,1050.0,9.84,955.965,171.0,178.4,174.7,176.0,4.2,0.4872,-0.5304,0.0013,-0.3644,2.6183,173.5596,65.2,0,19
GEV270319C01060000,GEV,2027-03-19,176,C,1060.0,10.88,955.965,94.9,100.1,97.5,90.8,5.3,0.4887,0.4734,0.0012,-0.3531,2.6404,96.6113,33.8,1,30
GEV270319P01060000,GEV,2027-03-19,176,P,1060.0,10.88,955.965,177.5,185.0,181.25,203.7,4.1,0.4872,-0.5422,0.0013,-0.3635,2.6098,180.0012,66.2,0,40
GEV270319C01070000,GEV,2027-03-19,176,C,1070.0,11.93,955.965,89.7,96.8,93.25,88.4,7.6,0.485,0.4623,0.0012,-0.3526,2.6348,92.3687,32.8,1,26
GEV270319P01070000,GEV,2027-03-19,176,P,1070.0,11.93,955.965,184.1,191.2,187.65,231.17,3.8,0.4862,-0.554,0.0013,-0.3624,2.6014,186.2796,67.2,0,13
GEV270319C01080000,GEV,2027-03-19,176,C,1080.0,12.97,955.965,88.2,93.0,90.6,84.6,5.3,0.4871,0.4514,0.0012,-0.3517,2.6272,89.7522,31.8,1,41
GEV270319P01080000,GEV,2027-03-19,176,P,1080.0,12.97,955.965,190.3,197.9,194.1,203.3,3.9,0.485,-0.5656,0.0013,-0.3611,2.5898,192.6051,68.2,0,21
GEV270319C01090000,GEV,2027-03-19,176,C,1090.0,14.02,955.965,83.8,89.0,86.4,80.7,6.0,0.4828,0.4406,0.0012,-0.3506,2.6176,85.5551,30.8,1,26
GEV270319P01090000,GEV,2027-03-19,176,P,1090.0,14.02,955.965,197.1,204.9,201.0,245.75,3.9,0.485,-0.5772,0.0013,-0.3595,2.5684,199.3428,69.2,0,20
GEV270319C01100000,GEV,2027-03-19,176,C,1100.0,15.07,955.965,81.0,86.2,83.6,84.0,6.2,0.4836,0.43,0.0012,-0.3493,2.606,82.7886,29.9,2,444
GEV270319P01100000,GEV,2027-03-19,176,P,1100.0,15.07,955.965,204.8,212.0,208.4,219.1,3.5,0.4867,-0.5885,0.0013,-0.3576,2.5499,206.6166,70.1,0,102
GEV270319C01120000,GEV,2027-03-19,176,C,1120.0,17.16,955.965,74.9,81.3,78.1,73.4,8.2,0.4844,0.4092,0.0012,-0.3459,2.5776,77.3174,28.0,1,94
GEV270319P01120000,GEV,2027-03-19,176,P,1120.0,17.16,955.965,218.0,226.3,222.15,230.6,3.7,0.4847,-0.6108,0.0013,-0.3533,2.5164,220.0343,72.0,1,35
GEV270319C01140000,GEV,2027-03-19,176,C,1140.0,19.25,955.965,69.8,76.0,72.9,69.0,8.5,0.485,0.389,0.0012,-0.3416,2.5441,72.141,26.3,1,176
GEV270319P01140000,GEV,2027-03-19,176,P,1140.0,19.25,955.965,233.6,240.7,237.15,252.2,3.0,0.4863,-0.6326,0.0013,-0.3481,2.471,234.7283,73.7,0,20
GEV270319C01160000,GEV,2027-03-19,176,C,1160.0,21.34,955.965,65.0,71.0,68.0,69.3,8.8,0.4856,0.3695,0.0012,-0.3366,2.505,67.2936,24.7,3,114
GEV270319P01160000,GEV,2027-03-19,176,P,1160.0,21.34,955.965,248.6,255.6,252.1,279.14,2.8,0.4863,-0.6538,0.0013,-0.3421,2.411,249.3438,75.3,0,11
GEV270319C01180000,GEV,2027-03-19,176,C,1180.0,23.44,955.965,60.0,66.9,63.45,61.0,10.9,0.4862,0.3507,0.0012,-0.3308,2.4598,62.7573,23.1,0,26
GEV270319P01180000,GEV,2027-03-19,176,P,1180.0,23.44,955.965,264.0,271.2,267.6,293.8,2.7,0.487,-0.6743,0.0012,-0.3354,2.3502,264.4467,76.9,0,8
GEV270416C00720000,GEV,2027-04-16,204,C,720.0,-24.68,955.965,286.1,294.4,290.25,228.02,2.9,0.509,0.8422,0.0007,-0.182,1.7324,288.7707,73.0,0,2
GEV270416P00720000,GEV,2027-04-16,204,P,720.0,-24.68,955.965,32.7,40.8,36.75,36.67,22.0,0.5095,-0.1609,0.0007,-0.2151,1.7461,36.9748,27.0,0,33
GEV270416C00740000,GEV,2027-04-16,204,C,740.0,-22.59,955.965,272.0,280.7,276.35,0.0,3.1,0.5097,0.8249,0.0007,-0.1976,1.8509,274.8572,70.5,0,0
GEV270416P00740000,GEV,2027-04-16,204,P,740.0,-22.59,955.965,37.9,45.0,41.45,42.08,17.1,0.505,-0.1786,0.0007,-0.229,1.8678,41.6575,29.2,0,3
GEV270416C00760000,GEV,2027-04-16,204,C,760.0,-20.5,955.965,258.0,266.7,262.35,0.0,3.3,0.5074,0.8068,0.0008,-0.2126,1.9674,260.8439,68.2,0,0
GEV270416P00760000,GEV,2027-04-16,204,P,760.0,-20.5,955.965,43.5,50.6,47.05,48.3,15.1,0.5032,-0.1971,0.0008,-0.2425,1.984,47.2461,31.5,0,47
GEV270416C00780000,GEV,2027-04-16,204,C,780.0,-18.41,955.965,244.5,252.3,248.4,242.54,3.1,0.5033,0.788,0.0008,-0.2271,2.0779,246.8847,66.0,0,3
GEV270416P00780000,GEV,2027-04-16,204,P,780.0,-18.41,955.965,50.3,56.8,53.55,71.4,12.1,0.5037,-0.2164,0.0008,-0.2554,2.0952,53.759,34.0,0,1
GEV270416C00800000,GEV,2027-04-16,204,C,800.0,-16.31,955.965,231.5,239.1,235.3,223.65,3.2,0.5013,0.7684,0.0008,-0.2409,2.1846,233.7852,63.6,0,3
GEV270416P00800000,GEV,2027-04-16,204,P,800.0,-16.31,955.965,57.2,62.5,59.85,63.55,8.9,0.5008,-0.2365,0.0009,-0.2677,2.2045,60.0239,36.4,1,40
GEV270416C00820000,GEV,2027-04-16,204,C,820.0,-14.22,955.965,218.7,226.9,222.8,170.5,3.7,0.5,0.7482,0.0009,-0.2539,2.2853,221.2944,61.2,0,1
GEV270416P00820000,GEV,2027-04-16,204,P,820.0,-14.22,955.965,63.2,70.6,66.9,73.1,11.1,0.4993,-0.2573,0.0009,-0.2792,2.3017,67.0399,38.8,0,73
GEV270416C00840000,GEV,2027-04-16,204,C,840.0,-12.13,955.965,206.0,214.9,210.45,201.52,4.2,0.4973,0.7274,0.0009,-0.2659,2.3779,208.9324,58.8,0,16
GEV270416P00840000,GEV,2027-04-16,204,P,840.0,-12.13,955.965,69.8,78.2,74.0,83.5,11.4,0.4961,-0.2787,0.001,-0.29,2.3944,74.1098,41.2,0,16
GEV270416C00850000,GEV,2027-04-16,204,C,850.0,-11.08,955.965,200.7,209.0,204.85,195.72,4.1,0.4977,0.7169,0.001,-0.2716,2.4219,203.3418,57.5,0,25
GEV270416P00850000,GEV,2027-04-16,204,P,850.0,-11.08,955.965,73.5,82.0,77.75,78.88,10.9,0.4946,-0.2896,0.001,-0.295,2.4387,77.8304,42.3,0,46
GEV270416C00860000,GEV,2027-04-16,204,C,860.0,-10.04,955.965,195.0,202.6,198.8,197.42,3.8,0.4958,0.7063,0.001,-0.277,2.4643,197.3063,56.4,0,19
GEV270416P00860000,GEV,2027-04-16,204,P,860.0,-10.04,955.965,78.6,85.9,82.25,85.21,8.9,0.4957,-0.3006,0.001,-0.2998,2.481,82.3035,43.6,0,20
GEV270416C00870000,GEV,2027-04-16,204,C,870.0,-8.99,955.965,189.2,197.5,193.35,143.39,4.3,0.4958,0.6955,0.001,-0.2822,2.5045,191.854,55.1,0,2
GEV270416P00870000,GEV,2027-04-16,204,P,870.0,-8.99,955.965,82.6,90.0,86.3,87.23,8.6,0.4944,-0.3116,0.001,-0.3043,2.5198,86.3027,44.8,0,22
GEV270416C00880000,GEV,2027-04-16,204,C,880.0,-7.95,955.965,184.6,191.8,188.2,178.0,3.8,0.4966,0.6847,0.001,-0.2871,2.5422,186.7261,53.9,2,2
GEV270416P00880000,GEV,2027-04-16,204,P,880.0,-7.95,955.965,87.2,94.0,90.6,90.2,7.5,0.4937,-0.3228,0.001,-0.3085,2.5559,90.5653,46.0,10,29
GEV270416C00890000,GEV,2027-04-16,204,C,890.0,-6.9,955.965,178.3,186.7,182.5,137.1,4.6,0.4947,0.6739,0.001,-0.2917,2.5777,181.0236,52.7,0,9
GEV270416P00890000,GEV,2027-04-16,204,P,890.0,-6.9,955.965,91.6,98.1,94.85,99.6,6.9,0.4924,-0.3341,0.0011,-0.3126,2.59,94.7869,47.2,0,25
GEV270416C00900000,GEV,2027-04-16,204,C,900.0,-5.85,955.965,173.0,181.5,177.25,162.0,4.8,0.4942,0.663,0.001,-0.2961,2.6111,175.7936,51.6,0,26
GEV270416P00900000,GEV,2027-04-16,204,P,900.0,-5.85,955.965,96.0,103.0,99.5,105.49,7.0,0.4922,-0.3454,0.0011,-0.3164,2.6234,99.4067,48.4,0,64
GEV270416C00910000,GEV,2027-04-16,204,C,910.0,-4.81,955.965,168.0,176.4,172.2,174.0,4.9,0.4939,0.6521,0.001,-0.3002,2.6426,170.7306,50.4,0,3
GEV270416P00910000,GEV,2027-04-16,204,P,910.0,-4.81,955.965,100.2,107.9,104.05,0.0,7.4,0.4911,-0.3568,0.0011,-0.3199,2.6543,103.9041,49.5,0,0
GEV270416C00920000,GEV,2027-04-16,204,C,920.0,-3.76,955.965,163.0,169.7,166.35,132.0,4.0,0.4902,0.6411,0.0011,-0.304,2.672,164.8697,49.3,0,9
GEV270416P00920000,GEV,2027-04-16,204,P,920.0,-3.76,955.965,105.0,112.9,108.95,131.2,7.3,0.4909,-0.3682,0.0011,-0.3231,2.6823,108.7531,50.7,0,4
GEV270416C00930000,GEV,2027-04-16,204,C,930.0,-2.72,955.965,158.0,164.8,161.4,161.05,4.2,0.4896,0.6301,0.0011,-0.3075,2.699,159.944,48.1,20,14
GEV270416P00930000,GEV,2027-04-16,204,P,930.0,-2.72,955.965,110.1,117.7,113.9,132.7,6.7,0.4904,-0.3797,0.0011,-0.3261,2.7071,113.6352,51.9,0,12
GEV270416C00940000,GEV,2027-04-16,204,C,940.0,-1.67,955.965,153.0,160.0,156.5,156.7,4.5,0.4887,0.6191,0.0011,-0.3108,2.7236,155.0476,47.0,2,3
GEV270416P00940000,GEV,2027-04-16,204,P,940.0,-1.67,955.965,115.0,122.7,118.85,137.0,6.5,0.4895,-0.3912,0.0011,-0.3288,2.7296,118.5197,53.0,0,1
GEV270416C00950000,GEV,2027-04-16,204,C,950.0,-0.62,955.965,148.7,155.3,152.0,146.16,4.3,0.4889,0.6081,0.0011,-0.3137,2.746,150.5635,45.8,0,70
GEV270416P00950000,GEV,2027-04-16,204,P,950.0,-0.62,955.965,120.2,127.6,123.9,150.0,6.0,0.4886,-0.4027,0.0011,-0.3312,2.7501,123.5131,54.2,0,2
GEV270416C00960000,GEV,2027-04-16,204,C,960.0,0.42,955.965,144.0,150.7,147.35,148.08,4.5,0.4882,0.5971,0.0011,-0.3164,2.766,145.9421,44.7,2,11
GEV270416P00960000,GEV,2027-04-16,204,P,960.0,0.42,955.965,126.0,132.8,129.4,148.8,5.3,0.4889,-0.4142,0.0012,-0.3335,2.7681,128.9476,55.3,0,5
GEV270416C00970000,GEV,2027-04-16,204,C,970.0,1.47,955.965,139.2,146.2,142.7,153.4,4.9,0.487,0.5861,0.0011,-0.3188,2.784,141.2889,43.6,0,1
GEV270416P00970000,GEV,2027-04-16,204,P,970.0,1.47,955.965,131.0,138.3,134.65,0.0,5.4,0.4879,-0.4257,0.0012,-0.3354,2.7842,134.1304,56.4,0,0
GEV270416C00980000,GEV,2027-04-16,204,C,980.0,2.51,955.965,135.1,141.9,138.5,136.8,4.9,0.4872,0.5752,0.0011,-0.321,2.7997,137.134,42.5,0,5
GEV270416P00980000,GEV,2027-04-16,204,P,980.0,2.51,955.965,137.0,143.5,140.25,160.45,4.6,0.4879,-0.4372,0.0012,-0.337,2.7972,139.6996,57.5,0,3
GEV270416C00990000,GEV,2027-04-16,204,C,990.0,3.56,955.965,131.0,139.0,135.0,133.77,5.9,0.4894,0.5643,0.0011,-0.3228,2.8131,133.651,41.4,0,2
GEV270416P00990000,GEV,2027-04-16,204,P,990.0,3.56,955.965,142.0,149.1,145.55,171.43,4.9,0.4861,-0.4486,0.0012,-0.3384,2.8075,144.8683,58.6,0,4
GEV270416C01000000,GEV,2027-04-16,204,C,1000.0,4.61,955.965,127.2,132.8,130.0,125.74,4.3,0.4859,0.5535,0.0011,-0.3244,2.8244,128.6648,40.4,0,22
GEV270416P01000000,GEV,2027-04-16,204,P,1000.0,4.61,955.965,148.0,155.0,151.5,170.99,4.6,0.4864,-0.46,0.0012,-0.3395,2.8162,150.7332,59.6,0,3
GEV270416C01010000,GEV,2027-04-16,204,C,1010.0,5.65,955.965,123.0,130.8,126.9,127.26,6.1,0.4887,0.5427,0.0011,-0.3258,2.8336,125.5648,39.3,0,6
GEV270416P01010000,GEV,2027-04-16,204,P,1010.0,5.65,955.965,154.0,160.7,157.35,181.5,4.3,0.4859,-0.4714,0.0012,-0.3404,2.8215,156.4757,60.7,0,1
GEV270416C01020000,GEV,2027-04-16,204,C,1020.0,6.7,955.965,119.0,126.9,122.95,124.63,6.4,0.4882,0.532,0.0011,-0.3268,2.8408,121.6319,38.3,0,3
GEV270416P01020000,GEV,2027-04-16,204,P,1020.0,6.7,955.965,160.0,167.5,163.75,187.8,4.6,0.487,-0.4827,0.0012,-0.3411,2.8248,162.7752,61.7,0,2
GEV270416C01030000,GEV,2027-04-16,204,C,1030.0,7.74,955.965,115.0,123.1,119.05,120.42,6.8,0.4876,0.5213,0.0011,-0.3277,2.8458,117.7702,37.2,0,6
GEV270416P01030000,GEV,2027-04-16,204,P,1030.0,7.74,955.965,166.0,173.6,169.8,172.34,4.5,0.4864,-0.4941,0.0012,-0.3415,2.8265,168.6919,62.8,0,3
GEV270416C01040000,GEV,2027-04-16,204,C,1040.0,8.79,955.965,111.3,119.5,115.4,103.8,7.1,0.4874,0.5108,0.0011,-0.3282,2.8487,114.1207,36.2,0,2
GEV270416P01040000,GEV,2027-04-16,204,P,1040.0,8.79,955.965,172.0,179.8,175.9,182.79,4.4,0.4858,-0.5052,0.0012,-0.3417,2.825,174.7071,63.8,0,5
GEV270416C01050000,GEV,2027-04-16,204,C,1050.0,9.84,955.965,108.0,115.9,111.95,102.1,7.1,0.4877,0.5003,0.0011,-0.3286,2.8495,110.7105,35.3,0,1
GEV270416P01050000,GEV,2027-04-16,204,P,1050.0,9.84,955.965,178.1,186.1,182.1,190.3,4.4,0.485,-0.5164,0.0012,-0.3416,2.8237,180.7622,64.7,0,1
GEV270416C01060000,GEV,2027-04-16,204,C,1060.0,10.88,955.965,104.0,112.4,108.2,83.0,7.8,0.4865,0.49,0.0011,-0.3287,2.8484,106.9677,34.3,0,2
GEV270416P01060000,GEV,2027-04-16,204,P,1060.0,10.88,955.965,185.0,192.4,188.7,214.29,3.9,0.4855,-0.5274,0.0012,-0.3413,2.8158,187.2832,65.7,0,4
GEV270416C01070000,GEV,2027-04-16,204,C,1070.0,11.93,955.965,101.3,108.0,104.65,0.0,6.4,0.4857,0.4797,0.0011,-0.3286,2.8455,103.4327,33.3,0,0
GEV270416P01070000,GEV,2027-04-16,204,P,1070.0,11.93,955.965,192.0,199.2,195.6,234.85,3.7,0.4864,-0.5384,0.0012,-0.3408,2.8095,194.0112,66.6,0,1
GEV270416C01080000,GEV,2027-04-16,204,C,1080.0,12.97,955.965,98.2,104.8,101.5,95.3,6.5,0.486,0.4695,0.0011,-0.3282,2.841,100.3023,32.4,1,15
GEV270416P01080000,GEV,2027-04-16,204,P,1080.0,12.97,955.965,198.0,204.9,201.45,0.0,3.4,0.4835,-0.5492,0.0012,-0.3402,2.7981,199.7509,67.6,0,0
GEV270416C01090000,GEV,2027-04-16,204,C,1090.0,14.02,955.965,95.1,101.4,98.25,0.0,6.4,0.4857,0.4595,0.0011,-0.3276,2.8349,97.0912,31.5,0,0
GEV270416P01090000,GEV,2027-04-16,204,P,1090.0,14.02,955.965,204.8,211.6,208.2,0.0,3.3,0.4834,-0.56,0.0012,-0.3393,2.7854,206.3773,68.5,0,0
GEV270416C01100000,GEV,2027-04-16,204,C,1100.0,15.07,955.965,91.1,99.3,95.2,106.82,8.6,0.4857,0.4495,0.0011,-0.3269,2.827,94.0531,30.6,0,10
GEV270416P01100000,GEV,2027-04-16,204,P,1100.0,15.07,955.965,211.2,219.6,215.4,0.0,3.9,0.4845,-0.5707,0.0012,-0.3382,2.7727,213.4306,69.4,0,0
GEV270416C01110000,GEV,2027-04-16,204,C,1110.0,16.11,955.965,88.3,96.1,92.2,65.02,8.5,0.4856,0.4397,0.0011,-0.3259,2.8172,91.0728,29.8,0,9
GEV270416P01110000,GEV,2027-04-16,204,P,1110.0,16.11,955.965,218.9,226.6,222.75,234.97,3.5,0.4858,-0.5813,0.0012,-0.3369,2.757,220.624,70.2,0,1
GEV270416C01120000,GEV,2027-04-16,204,C,1120.0,17.16,955.965,86.0,93.9,89.95,73.35,8.8,0.4879,0.43,0.0011,-0.3248,2.8056,88.8486,28.9,0,24
GEV270416P01120000,GEV,2027-04-16,204,P,1120.0,17.16,955.965,226.0,233.7,229.85,0.0,3.4,0.4858,-0.5918,0.0012,-0.3354,2.742,227.5347,71.1,0,0
GEV270416C01130000,GEV,2027-04-16,204,C,1130.0,18.21,955.965,83.0,90.4,86.7,93.1,8.5,0.4863,0.4205,0.0011,-0.3234,2.7924,85.6139,28.1,0,2
GEV270416P01130000,GEV,2027-04-16,204,P,1130.0,18.21,955.965,233.1,240.9,237.0,0.0,3.3,0.4859,-0.6021,0.0012,-0.3338,2.7194,234.5553,71.9,0,0
GEV270416C01140000,GEV,2027-04-16,204,C,1140.0,19.25,955.965,80.0,87.7,83.85,95.04,9.2,0.4859,0.4111,0.0011,-0.3219,2.7781,82.7966,27.3,0,20
GEV270416P01140000,GEV,2027-04-16,204,P,1140.0,19.25,955.965,240.0,248.1,244.05,241.04,3.3,0.4852,-0.6123,0.0012,-0.332,2.701,241.4345,72.7,0,1
GEV270416C01160000,GEV,2027-04-16,204,C,1160.0,21.34,955.965,75.1,82.1,78.6,69.45,8.9,0.4858,0.3926,0.0011,-0.3184,2.7462,77.5909,25.7,0,6
GEV270416P01160000,GEV,2027-04-16,204,P,1160.0,21.34,955.965,255.0,262.9,258.95,255.49,3.1,0.4856,-0.6325,0.0012,-0.328,2.6491,255.9258,74.3,0,0
GEV270416C01180000,GEV,2027-04-16,204,C,1180.0,23.44,955.965,70.2,77.9,74.05,55.49,10.4,0.4872,0.3748,0.0011,-0.3143,2.7091,73.0896,24.2,0,20
GEV270416P01180000,GEV,2027-04-16,204,P,1180.0,23.44,955.965,270.0,278.5,274.25,0.0,3.1,0.4864,-0.6521,0.0012,-0.3232,2.5956,270.8214,75.8,0,0
