contract,ticker,expiry,dte,type,strike,moneyness_pct,spot,bid,ask,mid,last,spread_pct,iv,delta,gamma,theta,vega,theo,prob_itm,volume,oi
GOOGL261009C00260000,GOOGL,2026-10-09,15,C,260.0,-23.83,341.3500061035156,80.7,83.8,82.25,71.98,3.8,0.7695335546875001,0.96664,0.00139,-0.15896,0.0514,82.5161,95.3,0,29
GOOGL261009C00265000,GOOGL,2026-10-09,15,C,265.0,-22.37,341.3500061035156,75.75,78.85,77.3,67.06,4.0,0.7326686889648437,0.96327,0.00159,-0.16339,0.05563,77.5693,95.0,0,29
GOOGL261009C00270000,GOOGL,2026-10-09,15,C,270.0,-20.9,341.3500061035156,70.8,73.75,72.275,63.43,4.1,0.6840851904296876,0.96181,0.00175,-0.15898,0.05743,72.5563,94.9,56,20
GOOGL261009C00275000,GOOGL,2026-10-09,15,C,275.0,-19.44,341.3500061035156,65.9,68.95,67.425,57.7,4.5,0.6606479248046876,0.95478,0.00208,-0.17331,0.06585,67.696,94.1,46,17
GOOGL261009C00280000,GOOGL,2026-10-09,15,C,280.0,-17.97,341.3500061035156,61.0,64.0,62.5,75.55,4.8,0.6252478881835939,0.94943,0.00241,-0.17872,0.07201,62.7712,93.5,2,10
GOOGL261009C00285000,GOOGL,2026-10-09,15,C,285.0,-16.51,341.3500061035156,55.95,59.05,57.5,58.66,5.4,0.5803264624023439,0.94591,0.00273,-0.17602,0.07597,57.7801,93.2,2,11
GOOGL261009C00290000,GOOGL,2026-10-09,15,C,290.0,-15.04,341.3500061035156,50.95,54.05,52.5,52.83,5.9,0.5358933129882812,0.94181,0.00314,-0.17321,0.08048,52.7907,92.8,2,12
GOOGL261009C00295000,GOOGL,2026-10-09,15,C,295.0,-13.58,341.3500061035156,45.95,49.0,47.475,44.55,6.4,0.6170692590332032,0.89293,0.00432,-0.2905,0.12761,49.1508,86.8,78,13
GOOGL261009C00300000,GOOGL,2026-10-09,15,C,300.0,-12.11,341.3500061035156,41.1,44.15,42.625,39.74,7.2,0.5758099060058592,0.88073,0.005,-0.29264,0.13783,44.3001,85.6,86,22
GOOGL261009C00305000,GOOGL,2026-10-09,15,C,305.0,-10.65,341.3500061035156,36.6,39.3,37.95,37.92,7.1,0.53320779296875,0.8667,0.00583,-0.29282,0.14894,39.4509,84.2,177,42
GOOGL261009C00310000,GOOGL,2026-10-09,15,C,310.0,-9.18,341.3500061035156,31.8,34.5,33.15,32.85,8.1,0.49182637084960945,0.8491,0.00688,-0.29354,0.16199,34.647,82.5,47,58
GOOGL261009C00315000,GOOGL,2026-10-09,15,C,315.0,-7.72,341.3500061035156,27.05,29.25,28.15,29.3,7.8,0.4242000939941406,0.84045,0.00827,-0.26585,0.16806,29.4296,81.9,5,72
GOOGL261009C00320000,GOOGL,2026-10-09,15,C,320.0,-6.25,341.3500061035156,22.7,24.9,23.8,24.35,9.2,0.4024717956542969,0.80305,0.00996,-0.2848,0.19194,25.0462,78.0,6,46
GOOGL261009C00325000,GOOGL,2026-10-09,15,C,325.0,-4.79,341.3500061035156,18.7,20.1,19.4,19.0,7.2,0.3536441589355468,0.77139,0.01237,-0.27349,0.20941,20.248,74.9,3,56
GOOGL261009C00330000,GOOGL,2026-10-09,15,C,330.0,-3.33,341.3500061035156,15.35,16.25,15.8,15.96,5.7,0.33954517883300783,0.70869,0.0146,-0.29338,0.23737,16.3495,68.5,4,173
GOOGL261009C00332500,GOOGL,2026-10-09,15,C,332.5,-2.59,341.3500061035156,13.5,14.05,13.775,13.4,4.0,0.31757274230957033,0.6793,0.01629,-0.28606,0.24769,14.1426,65.6,4,4
GOOGL261009C00335000,GOOGL,2026-10-09,15,C,335.0,-1.86,341.3500061035156,11.9,12.55,12.225,12.22,5.3,0.31940377868652337,0.63599,0.01699,-0.29908,0.25986,12.6074,61.1,70,613
GOOGL261009C00337500,GOOGL,2026-10-09,15,C,337.5,-1.13,341.3500061035156,10.45,11.0,10.725,10.6,5.1,0.3154975677490234,0.59291,0.01778,-0.30339,0.26854,11.0319,56.8,217,83
GOOGL261009C00340000,GOOGL,2026-10-09,15,C,340.0,-0.4,341.3500061035156,9.1,9.6,9.35,9.3,5.3,0.3131172204589844,0.54778,0.01828,-0.3055,0.27408,9.6062,52.3,410,393
GOOGL261009C00342500,GOOGL,2026-10-09,15,C,342.5,0.34,341.3500061035156,7.85,8.1,7.975,8.0,3.1,0.30335169311523436,0.50111,0.019,-0.29701,0.27606,8.0899,47.7,209,944
GOOGL261009C00345000,GOOGL,2026-10-09,15,C,345.0,1.07,341.3500061035156,6.8,7.2,7.0,7.38,5.7,0.31073687316894527,0.45571,0.01844,-0.30044,0.27436,7.1616,43.1,331,935
GOOGL261009C00347500,GOOGL,2026-10-09,15,C,347.5,1.8,341.3500061035156,5.8,6.2,6.0,6.5,6.7,0.3107979077148437,0.41067,0.01808,-0.29349,0.26911,6.1437,38.6,99,269
GOOGL261009C00350000,GOOGL,2026-10-09,15,C,350.0,2.53,341.3500061035156,4.95,5.3,5.125,5.43,6.8,0.3106758386230468,0.36702,0.01752,-0.28301,0.26058,5.23,34.4,379,915
GOOGL261009C00352500,GOOGL,2026-10-09,15,C,352.5,3.27,341.3500061035156,4.2,4.5,4.35,4.48,6.9,0.31055376953124997,0.32529,0.01675,-0.2696,0.24915,4.4205,30.3,70,71
GOOGL261009C00355000,GOOGL,2026-10-09,15,C,355.0,4.0,341.3500061035156,3.55,3.85,3.7,3.68,8.1,0.3126899786376953,0.28742,0.01575,-0.25619,0.23588,3.7627,26.6,492,7172
GOOGL261009C00357500,GOOGL,2026-10-09,15,C,357.5,4.73,341.3500061035156,3.0,3.25,3.125,3.2,8.0,0.31342239318847653,0.25146,0.0147,-0.2395,0.22058,3.1588,23.2,21,676
GOOGL261009C00360000,GOOGL,2026-10-09,15,C,360.0,5.46,341.3500061035156,2.58,2.84,2.71,2.66,9.6,0.31940377868652337,0.2225,0.01348,-0.22758,0.20622,2.7439,20.4,1340,1568
GOOGL261009C00362500,GOOGL,2026-10-09,15,C,362.5,6.2,341.3500061035156,2.16,2.27,2.215,2.23,5.0,0.31445998046874996,0.18798,0.01239,-0.20233,0.18655,2.1793,17.1,84,175
GOOGL261009C00365000,GOOGL,2026-10-09,15,C,365.0,6.93,341.3500061035156,1.8,1.87,1.835,1.9,3.8,0.3143379113769531,0.16021,0.0112,-0.18236,0.16851,1.7829,14.5,106,1311
GOOGL261009C00367500,GOOGL,2026-10-09,15,C,367.5,7.66,341.3500061035156,1.52,1.68,1.6,1.6,10.0,0.3236151623535155,0.14292,0.01008,-0.17365,0.15619,1.5922,12.9,90,75
GOOGL261009C00370000,GOOGL,2026-10-09,15,C,370.0,8.39,341.3500061035156,1.26,1.43,1.345,1.28,12.6,0.3270330969238281,0.12349,0.00902,-0.15844,0.14124,1.3452,11.0,199,1414
GOOGL261009C00372500,GOOGL,2026-10-09,15,C,372.5,9.13,341.3500061035156,1.08,1.21,1.145,1.2,11.4,0.32996275512695306,0.1061,0.00802,-0.14329,0.12678,1.1293,9.4,54,73
GOOGL261009C00375000,GOOGL,2026-10-09,15,C,375.0,9.86,341.3500061035156,0.9,0.97,0.935,0.93,7.5,0.3284979260253906,0.08789,0.00702,-0.12409,0.11041,0.8976,7.8,366,973
GOOGL261009C00380000,GOOGL,2026-10-09,15,C,380.0,11.32,341.3500061035156,0.64,0.74,0.69,0.68,14.5,0.34009448974609374,0.06713,0.00552,-0.10443,0.08996,0.6755,5.9,590,935
GOOGL261009C00385000,GOOGL,2026-10-09,15,C,385.0,12.79,341.3500061035156,0.47,0.54,0.505,0.51,13.9,0.34766277343749996,0.04959,0.00426,-0.08397,0.0709,0.4851,4.3,487,1599
GOOGL261009C00390000,GOOGL,2026-10-09,15,C,390.0,14.25,341.3500061035156,0.37,0.41,0.39,0.39,10.3,0.35742830078125,0.03755,0.00331,-0.06884,0.05663,0.3619,3.2,5,306
GOOGL261009C00395000,GOOGL,2026-10-09,15,C,395.0,15.72,341.3500061035156,0.05,0.55,0.3,0.37,166.7,0.40650007568359375,0.04361,0.00329,-0.08823,0.06395,0.4869,3.7,18,232
GOOGL261009C00400000,GOOGL,2026-10-09,15,C,400.0,17.18,341.3500061035156,0.23,0.3,0.265,0.25,26.4,0.39014281738281253,0.02592,0.00223,-0.05516,0.04169,0.2586,2.2,9,662
GOOGL261009C00405000,GOOGL,2026-10-09,15,C,405.0,18.65,341.3500061035156,0.18,0.26,0.22,0.2,36.4,0.4057676611328125,0.02182,0.00186,-0.04958,0.03607,0.2213,1.8,5,156
GOOGL261009C00410000,GOOGL,2026-10-09,15,C,410.0,20.11,341.3500061035156,0.13,0.21,0.17,0.16,47.1,0.4165097412109374,0.01749,0.0015,-0.04213,0.02989,0.1771,1.4,3,147
GOOGL261009C00415000,GOOGL,2026-10-09,15,C,415.0,21.58,341.3500061035156,0.12,0.23,0.175,0.12,62.9,0.445318046875,0.01783,0.00142,-0.04575,0.03038,0.1931,1.4,10,61
GOOGL261009C00420000,GOOGL,2026-10-09,15,C,420.0,23.04,341.3500061035156,0.09,0.17,0.13,0.17,61.5,0.44873598144531246,0.01335,0.0011,-0.03595,0.02371,0.141,1.1,743,919
GOOGL261009C00425000,GOOGL,2026-10-09,15,C,425.0,24.51,341.3500061035156,0.04,0.18,0.11,0.14,127.3,0.47363807617187503,0.01329,0.00104,-0.03776,0.02361,0.1478,1.0,3,14
GOOGL261009P00260000,GOOGL,2026-10-09,15,P,260.0,-23.83,341.3500061035156,0.03,0.1,0.065,0.06,107.7,0.5195360546875,-0.00399,0.00033,-0.01401,0.00818,0.0458,0.5,4,58
GOOGL261009P00265000,GOOGL,2026-10-09,15,P,265.0,-22.37,341.3500061035156,0.06,0.09,0.075,0.06,40.0,0.50586431640625,-0.0056,0.00046,-0.01846,0.01107,0.0646,0.7,15,94
GOOGL261009P00270000,GOOGL,2026-10-09,15,P,270.0,-20.9,341.3500061035156,0.04,0.13,0.085,0.13,105.9,0.49609878906250005,-0.00824,0.00066,-0.02542,0.01556,0.0969,1.1,3,26
GOOGL261009P00275000,GOOGL,2026-10-09,15,P,275.0,-19.44,341.3500061035156,0.05,0.15,0.1,0.1,100.0,0.47070841796875,-0.0099,0.00081,-0.02831,0.01829,0.1125,1.3,4,52
GOOGL261009P00280000,GOOGL,2026-10-09,15,P,280.0,-17.97,341.3500061035156,0.08,0.16,0.12,0.12,66.7,0.44043528320312497,-0.01125,0.00097,-0.02956,0.02043,0.121,1.4,10,77
GOOGL261009P00285000,GOOGL,2026-10-09,15,P,285.0,-16.51,341.3500061035156,0.11,0.17,0.14,0.13,42.9,0.40918559570312496,-0.01267,0.00116,-0.0304,0.02265,0.1281,1.6,1,110
GOOGL261009P00290000,GOOGL,2026-10-09,15,P,290.0,-15.04,341.3500061035156,0.18,0.25,0.215,0.18,32.6,0.3979552392578125,-0.01869,0.00166,-0.04124,0.03163,0.1926,2.3,2,182
GOOGL261009P00295000,GOOGL,2026-10-09,15,P,295.0,-13.58,341.3500061035156,0.21,0.33,0.27,0.24,44.4,0.379889013671875,-0.0253,0.00225,-0.05076,0.04085,0.2586,3.0,4,364
GOOGL261009P00300000,GOOGL,2026-10-09,15,P,300.0,-12.11,341.3500061035156,0.3,0.35,0.325,0.33,15.4,0.34668622070312494,-0.02899,0.00276,-0.05177,0.04577,0.2748,3.4,154,617
GOOGL261009P00305000,GOOGL,2026-10-09,15,P,305.0,-10.65,341.3500061035156,0.42,0.48,0.45,0.47,13.3,0.32959654785156245,-0.04065,0.00383,-0.06482,0.06042,0.3845,4.7,81,2826
GOOGL261009P00310000,GOOGL,2026-10-09,15,P,310.0,-9.18,341.3500061035156,0.61,0.69,0.65,0.66,12.3,0.3154365332031249,-0.05888,0.00538,-0.08314,0.08123,0.5655,6.7,89,602
GOOGL261009P00315000,GOOGL,2026-10-09,15,P,315.0,-7.72,341.3500061035156,0.95,1.05,1.0,0.94,10.0,0.305671005859375,-0.08787,0.00754,-0.10909,0.11039,0.8798,9.8,62,1558
GOOGL261009P00320000,GOOGL,2026-10-09,15,P,320.0,-6.25,341.3500061035156,1.5,1.59,1.545,1.47,5.8,0.2970041003417968,-0.12921,0.01025,-0.13933,0.14577,1.3639,14.2,207,1117
GOOGL261009P00325000,GOOGL,2026-10-09,15,P,325.0,-4.79,341.3500061035156,2.24,2.44,2.34,2.37,8.5,0.29224340576171864,-0.18785,0.01332,-0.17438,0.18647,2.1435,20.4,128,1043
GOOGL261009P00327500,GOOGL,2026-10-09,15,P,327.5,-4.06,341.3500061035156,2.78,2.98,2.88,2.78,6.9,0.28967995483398434,-0.22282,0.01488,-0.19067,0.20639,2.6476,24.1,83,81
GOOGL261009P00330000,GOOGL,2026-10-09,15,P,330.0,-3.33,341.3500061035156,3.45,3.7,3.575,3.57,7.0,0.2907175421142577,-0.26397,0.01625,-0.20897,0.22621,3.3238,28.4,136,628
GOOGL261009P00332500,GOOGL,2026-10-09,15,P,332.5,-2.59,341.3500061035156,4.0,4.45,4.225,4.0,10.7,0.2885813330078124,-0.3063,0.01757,-0.2217,0.24285,4.0351,32.7,14,47
GOOGL261009P00335000,GOOGL,2026-10-09,15,P,335.0,-1.86,341.3500061035156,4.65,5.25,4.95,4.7,12.1,0.2843089147949218,-0.35081,0.01884,-0.22946,0.25653,4.8007,37.2,33,879
GOOGL261009P00337500,GOOGL,2026-10-09,15,P,337.5,-1.13,341.3500061035156,5.95,6.35,6.15,6.23,6.5,0.2868723657226562,-0.40037,0.01947,-0.24009,0.26741,5.8604,42.3,52,213
GOOGL261009P00340000,GOOGL,2026-10-09,15,P,340.0,-0.4,341.3500061035156,7.15,7.4,7.275,7.27,3.4,0.28321029296874994,-0.44972,0.02019,-0.24096,0.27387,6.8784,47.3,61,787
GOOGL261009P00342500,GOOGL,2026-10-09,15,P,342.5,0.34,341.3500061035156,8.25,8.85,8.55,8.0,7.0,0.2893747821044921,-0.49999,0.01992,-0.24667,0.27606,8.2915,52.3,27,121
GOOGL261009P00345000,GOOGL,2026-10-09,15,P,345.0,1.07,341.3500061035156,9.6,10.3,9.95,9.62,7.0,0.29132788757324213,-0.54884,0.01964,-0.24448,0.27399,9.7127,57.2,3,515
GOOGL261009P00347500,GOOGL,2026-10-09,15,P,347.5,1.8,341.3500061035156,11.1,11.7,11.4,14.04,5.3,0.28729960754394523,-0.59841,0.01945,-0.23269,0.26762,11.0923,62.1,1,31
GOOGL261009P00350000,GOOGL,2026-10-09,15,P,350.0,2.53,341.3500061035156,12.9,13.4,13.15,12.25,3.8,0.2901071966552734,-0.64362,0.01857,-0.22399,0.25797,12.7717,66.5,79,343
GOOGL261009P00352500,GOOGL,2026-10-09,15,P,352.5,3.27,341.3500061035156,14.6,15.25,14.925,17.4,4.4,0.29492892578124996,-0.68446,0.01742,-0.21464,0.246,14.6047,70.5,1,54
GOOGL261009P00355000,GOOGL,2026-10-09,15,P,355.0,4.0,341.3500061035156,16.35,17.05,16.7,15.65,4.2,0.2940134075927734,-0.7259,0.01637,-0.19697,0.23052,16.3939,74.5,84,163
GOOGL261009P00357500,GOOGL,2026-10-09,15,P,357.5,4.73,341.3500061035156,18.2,18.85,18.525,12.38,3.5,0.28882547119140617,-0.76797,0.01527,-0.17257,0.21116,18.1902,78.5,0,14
GOOGL261009P00360000,GOOGL,2026-10-09,15,P,360.0,5.46,341.3500061035156,20.8,22.0,21.4,21.34,5.6,0.34290207885742185,-0.76017,0.0131,-0.21502,0.21504,21.2978,78.1,4,36
GOOGL261009P00362500,GOOGL,2026-10-09,15,P,362.5,6.2,341.3500061035156,21.9,23.25,22.575,16.0,6.0,0.305671005859375,-0.81928,0.01244,-0.15235,0.18203,22.5719,83.5,0,4
GOOGL261009P00365000,GOOGL,2026-10-09,15,P,365.0,6.93,341.3500061035156,24.4,25.6,25.0,26.0,4.8,0.3189765368652343,-0.83602,0.0112,-0.14791,0.17109,24.9121,85.1,5,48
GOOGL261009P00370000,GOOGL,2026-10-09,15,P,370.0,8.39,341.3500061035156,28.25,30.0,29.125,31.52,6.0,0.32166205688476557,-0.88063,0.00895,-0.11171,0.13791,29.3125,89.3,7,12
GOOGL261009P00372500,GOOGL,2026-10-09,15,P,372.5,9.13,341.3500061035156,30.85,33.15,32.0,23.16,7.2,0.38281867187499996,-0.85663,0.00854,-0.16413,0.15652,32.4192,87.3,0,3
GOOGL261009P00375000,GOOGL,2026-10-09,15,P,375.0,9.86,341.3500061035156,32.3,34.6,33.45,33.41,6.9,0.32691102783203124,-0.9132,0.00699,-0.08132,0.10938,33.9142,92.3,1,1
GOOGL261009P00380000,GOOGL,2026-10-09,15,P,380.0,11.32,341.3500061035156,37.55,40.35,38.95,40.17,7.2,0.4198056066894531,-0.88464,0.0067,-0.15094,0.13461,39.6033,90.0,8,29
GOOGL261009P00385000,GOOGL,2026-10-09,15,P,385.0,12.79,341.3500061035156,42.4,45.2,43.8,44.0,6.4,0.4440973559570312,-0.89856,0.00577,-0.14318,0.12272,44.4442,91.4,0,17
GOOGL261009P00390000,GOOGL,2026-10-09,15,P,390.0,14.25,341.3500061035156,47.35,50.2,48.775,43.65,5.8,0.4777884252929688,-0.90494,0.00511,-0.14709,0.11702,49.4256,92.0,10,12
GOOGL261009P00400000,GOOGL,2026-10-09,15,P,400.0,17.18,341.3500061035156,57.35,59.95,58.65,42.61,4.4,0.5201464001464844,-0.92441,0.00396,-0.12979,0.09854,59.1641,93.8,0,0
GOOGL261016C00260000,GOOGL,2026-10-16,22,C,260.0,-23.83,341.3500061035156,81.0,84.05,82.525,96.57,3.7,0.6774934594726563,0.95857,0.00156,-0.14118,0.07431,82.992,94.2,11,155
GOOGL261016C00265000,GOOGL,2026-10-16,22,C,265.0,-22.37,341.3500061035156,76.0,79.05,77.525,75.6,3.9,0.63867548828125,0.95622,0.00173,-0.13999,0.07769,78.0054,94.0,1,57
GOOGL261016C00270000,GOOGL,2026-10-16,22,C,270.0,-20.9,341.3500061035156,71.05,74.05,72.55,71.9,4.1,0.602787175292969,0.95301,0.00194,-0.14032,0.08224,73.0391,93.7,1,152
GOOGL261016C00275000,GOOGL,2026-10-16,22,C,275.0,-19.44,341.3500061035156,66.25,69.2,67.725,82.69,4.4,0.5821574987792968,0.94527,0.00227,-0.15076,0.09287,68.2091,92.8,5,377
GOOGL261016C00280000,GOOGL,2026-10-16,22,C,280.0,-17.97,341.3500061035156,61.2,64.15,62.675,62.12,4.7,0.5385788330078126,0.94325,0.00253,-0.14532,0.09555,63.1745,92.7,27,279
GOOGL261016C00285000,GOOGL,2026-10-16,22,C,285.0,-16.51,341.3500061035156,56.2,59.25,57.725,77.25,5.3,0.5048877636718749,0.93785,0.00289,-0.14645,0.10262,58.2325,92.1,1,370
GOOGL261016C00290000,GOOGL,2026-10-16,22,C,290.0,-15.04,341.3500061035156,51.6,54.2,52.9,67.24,4.9,0.5698285205078125,0.89481,0.00381,-0.2251,0.15259,54.6,86.7,40,342
GOOGL261016C00295000,GOOGL,2026-10-16,22,C,295.0,-13.58,341.3500061035156,46.2,49.55,47.875,47.83,7.0,0.5462691857910158,0.87964,0.00438,-0.23601,0.168,49.9379,85.1,5,173
GOOGL261016C00300000,GOOGL,2026-10-16,22,C,300.0,-12.11,341.3500061035156,41.95,43.95,42.95,39.5,4.7,0.4689994506835938,0.88492,0.00494,-0.20171,0.16275,44.3907,86.1,32,945
GOOGL261016C00305000,GOOGL,2026-10-16,22,C,305.0,-10.65,341.3500061035156,37.0,39.95,38.475,36.3,7.7,0.4770560107421875,0.85095,0.00581,-0.23837,0.19457,40.3352,82.2,7,216
GOOGL261016C00310000,GOOGL,2026-10-16,22,C,310.0,-9.18,341.3500061035156,33.05,35.2,34.125,30.85,6.3,0.4425104577636719,0.83229,0.00676,-0.23866,0.21023,35.5806,80.4,1,564
GOOGL261016C00315000,GOOGL,2026-10-16,22,C,315.0,-7.72,341.3500061035156,28.6,29.5,29.05,29.41,3.1,0.36511865356445317,0.83346,0.00816,-0.20156,0.20928,29.9325,81.0,10,498
GOOGL261016C00320000,GOOGL,2026-10-16,22,C,320.0,-6.25,341.3500061035156,24.25,25.35,24.8,24.9,4.4,0.3536441589355468,0.79249,0.00966,-0.21959,0.23983,25.7391,76.7,5,1728
GOOGL261016C00325000,GOOGL,2026-10-16,22,C,325.0,-4.79,341.3500061035156,20.3,21.8,21.05,22.0,7.1,0.3561465753173828,0.73652,0.01094,-0.24666,0.27369,22.1253,70.7,36,2088
GOOGL261016C00327500,GOOGL,2026-10-16,22,C,327.5,-4.06,341.3500061035156,18.5,19.35,18.925,19.72,4.5,0.33075620422363283,0.71917,0.01216,-0.23711,0.28251,19.675,69.1,19,79
GOOGL261016C00330000,GOOGL,2026-10-16,22,C,330.0,-3.33,341.3500061035156,17.05,17.1,17.075,17.05,0.3,0.3112251495361328,0.69579,0.01341,-0.23152,0.29321,17.4166,66.9,116,3245
GOOGL261016C00332500,GOOGL,2026-10-16,22,C,332.5,-2.59,341.3500061035156,15.25,15.75,15.5,16.65,3.2,0.31867136413574215,0.65752,0.01376,-0.24585,0.30792,16.0235,62.8,84,59
GOOGL261016C00335000,GOOGL,2026-10-16,22,C,335.0,-1.86,341.3500061035156,13.7,14.2,13.95,14.95,3.6,0.31677929321289056,0.62223,0.01432,-0.25101,0.31851,14.4418,59.2,139,2356
GOOGL261016C00337500,GOOGL,2026-10-16,22,C,337.5,-1.13,341.3500061035156,12.4,12.8,12.6,12.68,3.2,0.31677929321289056,0.5854,0.01468,-0.25564,0.32664,13.0112,55.5,125,98
GOOGL261016C00340000,GOOGL,2026-10-16,22,C,340.0,-0.4,341.3500061035156,11.2,11.45,11.325,11.4,2.2,0.3154975677490234,0.54816,0.01498,-0.25721,0.33189,11.6318,51.7,1621,6740
GOOGL261016C00342500,GOOGL,2026-10-16,22,C,342.5,0.34,341.3500061035156,9.85,10.15,10.0,10.25,3.0,0.3129951513671875,0.51038,0.0152,-0.25571,0.33422,10.305,48.0,217,400
GOOGL261016C00345000,GOOGL,2026-10-16,22,C,345.0,1.07,341.3500061035156,8.9,9.05,8.975,8.86,1.7,0.3136360140991211,0.47277,0.01514,-0.25444,0.33355,9.1768,44.2,1147,5318
GOOGL261016C00347500,GOOGL,2026-10-16,22,C,347.5,1.8,341.3500061035156,7.65,8.0,7.825,8.33,4.5,0.3131172204589844,0.43546,0.015,-0.2502,0.32995,8.1028,40.5,24,186
GOOGL261016C00350000,GOOGL,2026-10-16,22,C,350.0,2.53,341.3500061035156,6.95,7.0,6.975,6.95,0.7,0.31140825317382803,0.39837,0.01479,-0.24303,0.32342,7.0812,36.9,1806,8665
GOOGL261016C00352500,GOOGL,2026-10-16,22,C,352.5,3.27,341.3500061035156,5.9,6.1,6.0,6.5,3.3,0.3100654931640625,0.36223,0.01443,-0.23428,0.31419,6.1616,33.4,31,163
GOOGL261016C00355000,GOOGL,2026-10-16,22,C,355.0,4.0,341.3500061035156,5.15,5.45,5.3,5.5,5.7,0.31409377319335935,0.33046,0.01377,-0.22853,0.30366,5.4921,30.3,1028,6988
GOOGL261016C00357500,GOOGL,2026-10-16,22,C,357.5,4.73,341.3500061035156,4.45,4.75,4.6,4.9,6.5,0.31415480773925775,0.29822,0.01317,-0.21811,0.29059,4.7772,27.2,110,642
GOOGL261016C00360000,GOOGL,2026-10-16,22,C,360.0,5.46,341.3500061035156,3.95,4.1,4.025,4.03,3.7,0.3133613586425781,0.26708,0.01252,-0.20581,0.27559,4.1136,24.2,2683,14635
GOOGL261016C00362500,GOOGL,2026-10-16,22,C,362.5,6.2,341.3500061035156,3.35,3.6,3.475,3.7,7.2,0.3156196368408203,0.24011,0.01176,-0.19551,0.26059,3.6022,21.7,42,166
GOOGL261016C00365000,GOOGL,2026-10-16,22,C,365.0,6.93,341.3500061035156,3.0,3.1,3.05,3.07,3.3,0.3156806713867187,0.21345,0.011,-0.18259,0.24384,3.095,19.2,1954,6530
GOOGL261016C00367500,GOOGL,2026-10-16,22,C,367.5,7.66,341.3500061035156,2.56,2.76,2.66,2.74,7.5,0.3200751586914062,0.19232,0.01019,-0.17356,0.22911,2.7465,17.2,37,139
GOOGL261016C00370000,GOOGL,2026-10-16,22,C,370.0,8.39,341.3500061035156,2.22,2.34,2.28,2.28,5.3,0.3189765368652343,0.16872,0.00942,-0.15905,0.21105,2.322,15.0,2321,33596
GOOGL261016C00372500,GOOGL,2026-10-16,22,C,372.5,9.13,341.3500061035156,1.88,2.09,1.985,2.07,10.6,0.3237372314453124,0.15182,0.00866,-0.15037,0.19697,2.0658,13.4,9,58
GOOGL261016C00375000,GOOGL,2026-10-16,22,C,375.0,9.86,341.3500061035156,1.69,1.78,1.735,1.74,5.2,0.3237372314453124,0.13289,0.00792,-0.13721,0.17999,1.7538,11.7,1196,69063
GOOGL261016C00380000,GOOGL,2026-10-16,22,C,380.0,11.32,341.3500061035156,1.28,1.35,1.315,1.32,5.3,0.3284979260253906,0.10387,0.00655,-0.11662,0.1512,1.3198,9.0,886,10606
GOOGL261016C00385000,GOOGL,2026-10-16,22,C,385.0,12.79,341.3500061035156,0.99,1.03,1.01,1.0,4.0,0.33399103515625,0.08118,0.00537,-0.09855,0.12598,0.9998,7.0,247,6423
GOOGL261016C00390000,GOOGL,2026-10-16,22,C,390.0,14.25,341.3500061035156,0.77,0.82,0.795,0.79,6.3,0.3425358715820312,0.06506,0.00442,-0.08512,0.10633,0.7896,5.5,244,9990
GOOGL261016C00395000,GOOGL,2026-10-16,22,C,395.0,15.72,341.3500061035156,0.6,0.65,0.625,0.63,8.0,0.35034829345703117,0.05196,0.00362,-0.07284,0.08912,0.6213,4.3,92,1926
GOOGL261016C00400000,GOOGL,2026-10-16,22,C,400.0,17.18,341.3500061035156,0.52,0.52,0.52,0.51,0.0,0.35816071533203125,0.04165,0.00297,-0.06225,0.07463,0.4919,3.4,1257,22493
GOOGL261016C00405000,GOOGL,2026-10-16,22,C,405.0,18.65,341.3500061035156,0.4,0.45,0.425,0.42,11.8,0.37085590087890624,0.03547,0.00251,-0.05646,0.06546,0.4233,2.9,65,2504
GOOGL261016C00410000,GOOGL,2026-10-16,22,C,410.0,20.11,341.3500061035156,0.3,0.37,0.335,0.36,20.9,0.3794007373046875,0.02905,0.00208,-0.04893,0.05553,0.3449,2.3,376,32316
GOOGL261016C00415000,GOOGL,2026-10-16,22,C,415.0,21.58,341.3500061035156,0.27,0.32,0.295,0.29,16.9,0.39063109375,0.02476,0.00177,-0.04403,0.04859,0.2961,2.0,103,2358
GOOGL261016C00420000,GOOGL,2026-10-16,22,C,420.0,23.04,341.3500061035156,0.23,0.28,0.255,0.25,19.6,0.40210558837890625,0.02135,0.00152,-0.03997,0.04289,0.2578,1.7,50,8964
GOOGL261016C00425000,GOOGL,2026-10-16,22,C,425.0,24.51,341.3500061035156,0.2,0.24,0.22,0.21,18.2,0.4116269775390625,0.01811,0.00129,-0.03554,0.03729,0.2192,1.4,27,5222
GOOGL261016P00260000,GOOGL,2026-10-16,22,P,260.0,-23.83,341.3500061035156,0.1,0.15,0.125,0.11,40.0,0.4809622216796875,-0.00854,0.00058,-0.02094,0.01946,0.1191,1.2,60,979
GOOGL261016P00265000,GOOGL,2026-10-16,22,P,265.0,-22.37,341.3500061035156,0.04,0.16,0.1,0.14,120.0,0.45508357421875,-0.00955,0.00067,-0.02182,0.02146,0.1273,1.3,60,2239
GOOGL261016P00270000,GOOGL,2026-10-16,22,P,270.0,-20.9,341.3500061035156,0.14,0.19,0.165,0.16,30.3,0.43555251953125,-0.01164,0.00083,-0.02478,0.02549,0.1515,1.5,3,4328
GOOGL261016P00275000,GOOGL,2026-10-16,22,P,275.0,-19.44,341.3500061035156,0.18,0.22,0.2,0.19,20.0,0.4145566357421875,-0.01397,0.00103,-0.02758,0.02985,0.1764,1.8,7,3887
GOOGL261016P00280000,GOOGL,2026-10-16,22,P,280.0,-17.97,341.3500061035156,0.22,0.29,0.255,0.24,27.5,0.40161731201171874,-0.01862,0.00135,-0.03413,0.03819,0.2358,2.4,107,2188
GOOGL261016P00285000,GOOGL,2026-10-16,22,P,285.0,-16.51,341.3500061035156,0.15,0.33,0.24,0.24,75.0,0.3789124609375,-0.02212,0.00166,-0.03719,0.04418,0.2696,2.8,2,3472
GOOGL261016P00290000,GOOGL,2026-10-16,22,P,290.0,-15.04,341.3500061035156,0.35,0.39,0.37,0.37,10.8,0.35816071533203125,-0.02709,0.00208,-0.04159,0.05238,0.3203,3.3,118,5042
GOOGL261016P00295000,GOOGL,2026-10-16,22,P,295.0,-13.58,341.3500061035156,0.44,0.49,0.465,0.46,10.8,0.340826904296875,-0.03479,0.00269,-0.04856,0.06443,0.405,4.2,22,4847
GOOGL261016P00300000,GOOGL,2026-10-16,22,P,300.0,-12.11,341.3500061035156,0.61,0.66,0.635,0.61,7.9,0.32813171874999997,-0.04716,0.00358,-0.05968,0.08248,0.5533,5.6,84,7545
GOOGL261016P00305000,GOOGL,2026-10-16,22,P,305.0,-10.65,341.3500061035156,0.8,0.9,0.85,0.85,11.8,0.3161689477539062,-0.0642,0.00474,-0.07314,0.10524,0.7639,7.5,48,3687
GOOGL261016P00310000,GOOGL,2026-10-16,22,P,310.0,-9.18,341.3500061035156,1.2,1.25,1.225,1.25,4.1,0.30591514404296877,-0.08813,0.00624,-0.08974,0.13398,1.0759,10.1,306,6646
GOOGL261016P00315000,GOOGL,2026-10-16,22,P,315.0,-7.72,341.3500061035156,1.67,1.81,1.74,1.73,8.0,0.30011686218261713,-0.12305,0.0081,-0.1116,0.17062,1.5811,13.9,245,6165
GOOGL261016P00320000,GOOGL,2026-10-16,22,P,320.0,-6.25,341.3500061035156,2.43,2.6,2.515,2.51,6.8,0.29566134033203123,-0.1687,0.01016,-0.13524,0.21103,2.3057,18.8,738,9729
GOOGL261016P00325000,GOOGL,2026-10-16,22,P,325.0,-4.79,341.3500061035156,3.45,3.7,3.575,3.62,7.0,0.29315892395019527,-0.22619,0.01224,-0.15913,0.25209,3.3311,24.8,616,6919
GOOGL261016P00327500,GOOGL,2026-10-16,22,P,327.5,-4.06,341.3500061035156,4.05,4.35,4.2,4.25,7.1,0.2912668530273437,-0.25826,0.01324,-0.16923,0.27089,3.9424,28.2,104,1196
GOOGL261016P00330000,GOOGL,2026-10-16,22,P,330.0,-3.33,341.3500061035156,4.75,5.1,4.925,5.05,7.1,0.28992409301757804,-0.29303,0.01416,-0.17847,0.28826,4.6525,31.8,1178,9092
GOOGL261016P00332500,GOOGL,2026-10-16,22,P,332.5,-2.59,341.3500061035156,5.65,6.0,5.825,5.52,6.0,0.29041236938476556,-0.33073,0.01489,-0.18752,0.30376,5.5083,35.7,92,483
GOOGL261016P00335000,GOOGL,2026-10-16,22,P,335.0,-1.86,341.3500061035156,6.6,6.95,6.775,6.75,5.2,0.28943581665039053,-0.3693,0.01556,-0.1935,0.31622,6.4172,39.6,252,3925
GOOGL261016P00337500,GOOGL,2026-10-16,22,P,337.5,-1.13,341.3500061035156,7.65,8.0,7.825,7.5,4.5,0.28852029846191396,-0.40921,0.01607,-0.19741,0.32563,7.4268,43.7,97,1342
GOOGL261016P00340000,GOOGL,2026-10-16,22,P,340.0,-0.4,341.3500061035156,8.8,9.1,8.95,8.92,3.4,0.2862009857177734,-0.44993,0.0165,-0.19799,0.33169,8.491,47.8,602,10588
GOOGL261016P00342500,GOOGL,2026-10-16,22,P,342.5,0.34,341.3500061035156,10.0,10.45,10.225,10.55,4.4,0.28815409118652335,-0.49126,0.01652,-0.19945,0.33425,9.7999,51.9,143,501
GOOGL261016P00345000,GOOGL,2026-10-16,22,P,345.0,1.07,341.3500061035156,11.45,11.85,11.65,11.59,3.4,0.2887034020996093,-0.53212,0.01644,-0.19753,0.33325,11.1648,56.0,114,7559
GOOGL261016P00347500,GOOGL,2026-10-16,22,P,347.5,1.8,341.3500061035156,12.9,13.35,13.125,12.47,3.4,0.2893137475585937,-0.57218,0.01618,-0.19344,0.32884,12.6319,60.0,84,1246
GOOGL261016P00350000,GOOGL,2026-10-16,22,P,350.0,2.53,341.3500061035156,14.45,14.75,14.6,14.62,2.1,0.28394270751953116,-0.61392,0.01608,-0.18239,0.3206,14.0037,64.0,170,6546
GOOGL261016P00352500,GOOGL,2026-10-16,22,P,352.5,3.27,341.3500061035156,15.95,16.55,16.25,16.0,3.7,0.28803202209472645,-0.64991,0.01535,-0.17718,0.31044,15.7745,67.6,19,356
GOOGL261016P00355000,GOOGL,2026-10-16,22,P,355.0,4.0,341.3500061035156,17.75,18.25,18.0,19.78,2.8,0.2862009857177734,-0.68743,0.01476,-0.16537,0.29671,17.4495,71.2,16,2936
GOOGL261016P00357500,GOOGL,2026-10-16,22,P,357.5,4.73,341.3500061035156,19.55,20.25,19.9,22.15,3.5,0.291877198486328,-0.71757,0.01382,-0.15895,0.28328,19.4268,74.1,30,155
GOOGL261016P00360000,GOOGL,2026-10-16,22,P,360.0,5.46,341.3500061035156,21.75,22.25,22.0,20.7,2.3,0.29529513305664057,-0.74674,0.01293,-0.14968,0.26814,21.4054,76.9,84,2503
GOOGL261016P00362500,GOOGL,2026-10-16,22,P,362.5,6.2,341.3500061035156,22.95,24.2,23.575,26.38,5.3,0.29444064941406245,-0.77701,0.01209,-0.13571,0.25006,23.3382,79.8,1,131
GOOGL261016P00365000,GOOGL,2026-10-16,22,P,365.0,6.93,341.3500061035156,25.75,26.15,25.95,25.3,1.5,0.2907175421142577,-0.80761,0.01122,-0.11844,0.22917,25.2751,82.7,20,973
GOOGL261016P00367500,GOOGL,2026-10-16,22,P,367.5,7.66,341.3500061035156,26.8,28.45,27.625,20.65,6.0,0.299811689453125,-0.82466,0.01027,-0.11351,0.21629,27.5599,84.3,0,3
GOOGL261016P00370000,GOOGL,2026-10-16,22,P,370.0,8.39,341.3500061035156,29.25,30.15,29.7,30.47,3.0,0.27674063110351554,-0.86795,0.00922,-0.07704,0.17921,29.2539,88.2,20,1031
GOOGL261016P00372500,GOOGL,2026-10-16,22,P,372.5,9.13,341.3500061035156,31.4,32.7,32.05,36.73,4.1,0.2954172021484375,-0.87172,0.00847,-0.08184,0.17565,31.7903,88.6,1,14
GOOGL261016P00375000,GOOGL,2026-10-16,22,P,375.0,9.86,341.3500061035156,34.1,34.95,34.525,34.51,2.5,0.2960275476074219,-0.88955,0.0076,-0.06933,0.15805,34.0317,90.3,3,474
GOOGL261016P00380000,GOOGL,2026-10-16,22,P,380.0,11.32,341.3500061035156,38.0,40.2,39.1,41.27,5.6,0.3411931115722656,-0.88683,0.00671,-0.08723,0.16082,39.2528,90.2,7,2552
GOOGL261016P00385000,GOOGL,2026-10-16,22,P,385.0,12.79,341.3500061035156,42.7,44.25,43.475,45.5,3.6,0.2963937548828125,-0.94342,0.00458,-0.02418,0.09533,43.3059,95.1,17,320
GOOGL261016P00390000,GOOGL,2026-10-16,22,P,390.0,14.25,341.3500061035156,47.9,49.95,48.925,48.92,4.2,0.3813538427734374,-0.91158,0.00501,-0.07694,0.13431,48.9683,92.6,25,354
GOOGL261016P00395000,GOOGL,2026-10-16,22,P,395.0,15.72,341.3500061035156,51.95,54.2,53.075,56.26,4.2,0.3393620751953125,-0.95367,0.00341,-0.02121,0.08132,53.2265,96.1,29,715
GOOGL261016P00400000,GOOGL,2026-10-16,22,P,400.0,17.18,341.3500061035156,57.4,60.05,58.725,58.55,4.5,0.4415339050292969,-0.91717,0.00412,-0.08757,0.1279,59.0265,93.2,49,3100
GOOGL261016P00405000,GOOGL,2026-10-16,22,P,405.0,18.65,341.3500061035156,61.85,65.15,63.5,48.8,5.2,0.47473669799804685,-0.91743,0.00383,-0.09632,0.12759,64.1051,93.4,7,63
GOOGL261016P00410000,GOOGL,2026-10-16,22,P,410.0,20.11,341.3500061035156,66.9,69.85,68.375,71.73,4.3,0.47522497436523436,-0.9321,0.00329,-0.0763,0.10991,68.8002,94.6,2,6
GOOGL261016P00415000,GOOGL,2026-10-16,22,P,415.0,21.58,341.3500061035156,71.9,75.1,73.5,81.42,4.4,0.5202684692382812,-0.92603,0.00321,-0.09605,0.11739,74.0219,94.2,23,6
GOOGL261016P00420000,GOOGL,2026-10-16,22,P,420.0,23.04,341.3500061035156,77.1,80.0,78.55,86.55,3.7,0.5356491748046875,-0.93223,0.00292,-0.09008,0.10975,78.9108,94.8,88,2
GOOGL261016P00425000,GOOGL,2026-10-16,22,P,425.0,24.51,341.3500061035156,81.9,84.75,83.325,78.51,3.4,0.5351608984375,-0.94342,0.00254,-0.07148,0.09533,83.6567,95.7,19,0
GOOGL261023C00275000,GOOGL,2026-10-23,29,C,275.0,-19.44,341.3500061035156,66.45,69.55,68.0,68.83,4.6,0.532109171142578,0.93788,0.00239,-0.1356,0.11777,68.6843,91.7,0,2
GOOGL261023C00280000,GOOGL,2026-10-23,29,C,280.0,-17.97,341.3500061035156,61.55,64.55,63.05,73.0,4.8,0.5007374145507812,0.93277,0.0027,-0.13602,0.12523,63.7434,91.2,6,6
GOOGL261023C00285000,GOOGL,2026-10-23,29,C,285.0,-16.51,341.3500061035156,56.7,59.8,58.25,67.4,5.3,0.5692792095947266,0.8896,0.00344,-0.2047,0.1814,60.3876,85.6,1,2
GOOGL261023C00290000,GOOGL,2026-10-23,29,C,290.0,-15.04,341.3500061035156,51.85,54.85,53.35,51.0,5.6,0.532231240234375,0.88157,0.00387,-0.20188,0.19069,55.448,84.9,2,2
GOOGL261023C00295000,GOOGL,2026-10-23,29,C,295.0,-13.58,341.3500061035156,47.15,50.1,48.625,47.55,6.1,0.5042774182128906,0.86866,0.00439,-0.20516,0.20499,50.6951,83.6,1,11
GOOGL261023C00300000,GOOGL,2026-10-23,29,C,300.0,-12.11,341.3500061035156,42.8,45.3,44.05,44.2,5.7,0.47290566162109376,0.85524,0.005,-0.20557,0.21905,45.8959,82.3,309,136
GOOGL261023C00305000,GOOGL,2026-10-23,29,C,305.0,-10.65,341.3500061035156,37.9,39.5,38.7,37.0,4.1,0.39826041198730466,0.86158,0.00576,-0.17375,0.21251,40.1525,83.5,3,4
GOOGL261023C00310000,GOOGL,2026-10-23,29,C,310.0,-9.18,341.3500061035156,33.9,35.85,34.875,31.0,5.6,0.41235939208984373,0.81971,0.00662,-0.20635,0.25272,36.4351,78.8,1,13
GOOGL261023C00315000,GOOGL,2026-10-23,29,C,315.0,-7.72,341.3500061035156,29.5,32.0,30.75,30.52,8.1,0.4096738720703125,0.78258,0.00746,-0.22557,0.28296,32.537,74.7,7,16
GOOGL261023C00320000,GOOGL,2026-10-23,29,C,320.0,-6.25,341.3500061035156,25.55,26.5,26.025,27.1,3.7,0.3482120843505859,0.7702,0.00906,-0.20117,0.29202,27.0653,73.9,7,251
GOOGL261023C00325000,GOOGL,2026-10-23,29,C,325.0,-4.79,341.3500061035156,21.9,22.6,22.25,22.25,3.1,0.33600517517089845,0.72547,0.01031,-0.21044,0.32078,23.119,69.3,9,82
GOOGL261023C00330000,GOOGL,2026-10-23,29,C,330.0,-3.33,341.3500061035156,17.75,19.3,18.525,19.2,8.4,0.334418276977539,0.66988,0.01126,-0.22383,0.3485,19.7546,63.5,62,226
GOOGL261023C00335000,GOOGL,2026-10-23,29,C,335.0,-1.86,341.3500061035156,15.5,16.1,15.8,15.76,3.8,0.3277349942016602,0.61174,0.01215,-0.22941,0.36869,16.495,57.6,276,232
GOOGL261023C00340000,GOOGL,2026-10-23,29,C,340.0,-0.4,341.3500061035156,12.85,13.3,13.075,13.2,3.4,0.32379826599121087,0.54929,0.01271,-0.23171,0.38092,13.6328,51.3,296,1000
GOOGL261023C00345000,GOOGL,2026-10-23,29,C,345.0,1.07,341.3500061035156,10.3,10.85,10.575,10.57,5.2,0.3208686077880859,0.48515,0.01291,-0.22914,0.38358,11.1228,44.9,226,1396
GOOGL261023C00350000,GOOGL,2026-10-23,29,C,350.0,2.53,341.3500061035156,8.3,8.8,8.55,8.55,5.8,0.3202582623291015,0.42196,0.0127,-0.22268,0.37648,9.0168,38.7,633,587
GOOGL261023C00355000,GOOGL,2026-10-23,29,C,355.0,4.0,341.3500061035156,6.8,7.05,6.925,7.05,3.6,0.31973946868896475,0.3614,0.01218,-0.21143,0.36044,7.217,32.8,113,550
GOOGL261023C00360000,GOOGL,2026-10-23,29,C,360.0,5.46,341.3500061035156,5.3,5.7,5.5,5.25,7.3,0.3228827478027343,0.30711,0.01131,-0.19904,0.33806,5.8238,27.6,155,1311
GOOGL261023C00365000,GOOGL,2026-10-23,29,C,365.0,6.93,341.3500061035156,4.1,4.4,4.25,4.55,7.1,0.3202582623291015,0.25407,0.0104,-0.17929,0.30837,4.4902,22.6,99,418
GOOGL261023C00370000,GOOGL,2026-10-23,29,C,370.0,8.39,341.3500061035156,3.25,3.45,3.35,3.35,6.0,0.32166205688476557,0.2094,0.0093,-0.16098,0.27683,3.5113,18.4,1769,551
GOOGL261023C00375000,GOOGL,2026-10-23,29,C,375.0,9.86,341.3500061035156,2.63,2.75,2.69,2.63,4.5,0.3258734405517578,0.17284,0.00816,-0.14441,0.24607,2.7899,15.0,171,590
GOOGL261023C00380000,GOOGL,2026-10-23,29,C,380.0,11.32,341.3500061035156,1.88,2.14,2.01,2.03,12.9,0.3278875805664062,0.14008,0.00706,-0.12612,0.21424,2.1634,12.1,212,1062
GOOGL261023C00385000,GOOGL,2026-10-23,29,C,385.0,12.79,341.3500061035156,1.53,1.63,1.58,1.61,6.3,0.3286199951171874,0.11152,0.00601,-0.10751,0.18271,1.643,9.5,452,1216
GOOGL261023C00390000,GOOGL,2026-10-23,29,C,390.0,14.25,341.3500061035156,1.25,1.33,1.29,1.33,6.2,0.3355779333496094,0.09214,0.00512,-0.09529,0.15899,1.3337,7.7,514,941
GOOGL261023C00395000,GOOGL,2026-10-23,29,C,395.0,15.72,341.3500061035156,0.99,1.08,1.035,1.11,8.7,0.34192552612304683,0.07586,0.00434,-0.08372,0.1374,1.0787,6.3,195,364
GOOGL261023C00400000,GOOGL,2026-10-23,29,C,400.0,17.18,341.3500061035156,0.82,0.89,0.855,0.85,8.2,0.3490055334472656,0.06298,0.00368,-0.07389,0.11903,0.8845,5.2,83,987
GOOGL261023C00405000,GOOGL,2026-10-23,29,C,405.0,18.65,341.3500061035156,0.65,0.72,0.685,0.69,10.2,0.3544986425781249,0.05162,0.0031,-0.06407,0.10179,0.7127,4.2,5,79
GOOGL261023C00410000,GOOGL,2026-10-23,29,C,410.0,20.11,341.3500061035156,0.54,0.61,0.575,0.56,12.2,0.3627993408203125,0.04366,0.00265,-0.05724,0.089,0.6008,3.5,7,559
GOOGL261023C00415000,GOOGL,2026-10-23,29,C,415.0,21.58,341.3500061035156,0.17,0.68,0.425,0.51,120.0,0.3895324719238281,0.04499,0.00253,-0.06285,0.09118,0.6659,3.6,2,72
GOOGL261023C00420000,GOOGL,2026-10-23,29,C,420.0,23.04,341.3500061035156,0.37,0.45,0.41,0.42,19.5,0.379889013671875,0.03193,0.00196,-0.0463,0.06894,0.4393,2.5,17,474
GOOGL261023C00425000,GOOGL,2026-10-23,29,C,425.0,24.51,341.3500061035156,0.22,0.57,0.395,0.35,88.6,0.41358008300781246,0.03636,0.002,-0.056,0.07671,0.5527,2.8,8,252
GOOGL261023P00260000,GOOGL,2026-10-23,29,P,260.0,-23.83,341.3500061035156,0.11,0.25,0.18,0.18,77.8,0.45215391601562505,-0.01305,0.00077,-0.02469,0.03232,0.2066,1.8,12,17
GOOGL261023P00265000,GOOGL,2026-10-23,29,P,265.0,-22.37,341.3500061035156,0.14,0.26,0.2,0.2,60.0,0.4272518212890626,-0.0143,0.00088,-0.02521,0.03498,0.2157,1.9,16,19
GOOGL261023P00270000,GOOGL,2026-10-23,29,P,270.0,-20.9,341.3500061035156,0.21,0.43,0.32,0.23,68.8,0.43335527587890627,-0.02239,0.00128,-0.03742,0.05125,0.3627,3.0,1,36
GOOGL261023P00275000,GOOGL,2026-10-23,29,P,275.0,-19.44,341.3500061035156,0.28,0.41,0.345,0.37,37.7,0.40112903564453123,-0.02295,0.00141,-0.0353,0.05234,0.3442,3.0,10,43
GOOGL261023P00280000,GOOGL,2026-10-23,29,P,280.0,-17.97,341.3500061035156,0.37,0.45,0.41,0.4,19.5,0.3789124609375,-0.0263,0.00167,-0.03731,0.05868,0.3787,3.4,30,46
GOOGL261023P00285000,GOOGL,2026-10-23,29,P,285.0,-16.51,341.3500061035156,0.45,0.56,0.505,0.51,21.8,0.36475244628906256,-0.03309,0.0021,-0.04336,0.071,0.4733,4.1,54,359
GOOGL261023P00290000,GOOGL,2026-10-23,29,P,290.0,-15.04,341.3500061035156,0.6,0.81,0.705,0.75,29.8,0.3618227880859375,-0.04642,0.00279,-0.05652,0.0935,0.6934,5.7,6,182
GOOGL261023P00295000,GOOGL,2026-10-23,29,P,295.0,-13.58,341.3500061035156,0.79,0.95,0.87,0.86,18.4,0.34326828613281246,-0.05598,0.00342,-0.06205,0.10854,0.8169,6.8,85,3170
GOOGL261023P00300000,GOOGL,2026-10-23,29,P,300.0,-12.11,341.3500061035156,1.01,1.15,1.08,1.07,13.0,0.3266668896484375,-0.06905,0.00423,-0.06931,0.12784,0.9934,8.2,88,3105
GOOGL261023P00305000,GOOGL,2026-10-23,29,P,305.0,-10.65,341.3500061035156,1.35,1.51,1.43,1.35,11.2,0.3166572241210937,-0.08984,0.00532,-0.08169,0.15604,1.3163,10.5,28,685
GOOGL261023P00310000,GOOGL,2026-10-23,29,P,310.0,-9.18,341.3500061035156,1.79,2.0,1.895,2.0,11.1,0.30774618041992186,-0.11691,0.00663,-0.09569,0.18896,1.7584,13.5,208,3394
GOOGL261023P00315000,GOOGL,2026-10-23,29,P,315.0,-7.72,341.3500061035156,2.48,2.76,2.62,2.52,10.7,0.3042061767578125,-0.15462,0.00813,-0.114,0.2289,2.4558,17.6,192,1504
GOOGL261023P00320000,GOOGL,2026-10-23,29,P,320.0,-6.25,341.3500061035156,3.4,3.7,3.55,3.5,8.5,0.29932341308593746,-0.19895,0.00969,-0.13077,0.26852,3.3261,22.3,251,1799
GOOGL261023P00325000,GOOGL,2026-10-23,29,P,325.0,-4.79,341.3500061035156,4.55,5.1,4.825,4.8,11.4,0.3011544494628906,-0.25524,0.01109,-0.15044,0.30911,4.6391,28.3,265,1681
GOOGL261023P00330000,GOOGL,2026-10-23,29,P,330.0,-3.33,341.3500061035156,5.95,6.45,6.2,5.85,8.1,0.2924875439453124,-0.31209,0.01257,-0.15936,0.34044,5.912,34.2,90,950
GOOGL261023P00335000,GOOGL,2026-10-23,29,P,335.0,-1.86,341.3500061035156,7.95,8.45,8.2,7.8,6.1,0.29340306213378897,-0.37949,0.01348,-0.1702,0.3662,7.8203,41.1,34,767
GOOGL261023P00340000,GOOGL,2026-10-23,29,P,340.0,-0.4,341.3500061035156,10.2,11.05,10.625,10.35,8.0,0.30072720764160155,-0.44962,0.01368,-0.17948,0.38079,10.3253,48.3,105,561
GOOGL261023P00345000,GOOGL,2026-10-23,29,P,345.0,1.07,341.3500061035156,12.8,13.4,13.1,13.1,4.6,0.29267064758300776,-0.5196,0.01415,-0.17264,0.38339,12.5967,55.2,91,334
GOOGL261023P00350000,GOOGL,2026-10-23,29,P,350.0,2.53,341.3500061035156,15.5,16.4,15.95,15.74,5.6,0.29264013031005853,-0.58847,0.01382,-0.16518,0.37437,15.5192,62.0,14,599
GOOGL261023P00355000,GOOGL,2026-10-23,29,P,355.0,4.0,341.3500061035156,18.1,19.95,19.025,20.71,9.7,0.2990182403564453,-0.65001,0.01287,-0.15734,0.35638,18.9977,68.1,165,176
GOOGL261023P00360000,GOOGL,2026-10-23,29,P,360.0,5.46,341.3500061035156,21.75,23.65,22.7,21.93,8.4,0.30213100219726563,-0.70703,0.01183,-0.14345,0.33092,22.6372,73.6,20,138
GOOGL261023P00365000,GOOGL,2026-10-23,29,P,365.0,6.93,341.3500061035156,26.15,28.2,27.175,29.1,7.5,0.3251410260009765,-0.74229,0.01032,-0.14341,0.31067,27.1332,77.1,31,63
GOOGL261023P00370000,GOOGL,2026-10-23,29,P,370.0,8.39,341.3500061035156,29.6,32.4,31.0,30.91,9.0,0.33246517150878907,-0.78208,0.00921,-0.12973,0.28334,31.2899,80.9,1,32
GOOGL261023P00375000,GOOGL,2026-10-23,29,P,375.0,9.86,341.3500061035156,33.95,36.4,35.175,37.95,7.0,0.3259955096435546,-0.82707,0.00816,-0.10355,0.24616,35.253,85.0,5,12
GOOGL261023P00380000,GOOGL,2026-10-23,29,P,380.0,11.32,341.3500061035156,39.1,41.3,40.2,43.3,5.5,0.3508365698242187,-0.84209,0.00715,-0.1045,0.2321,40.1202,86.5,51,158
GOOGL261023P00385000,GOOGL,2026-10-23,29,P,385.0,12.79,341.3500061035156,43.4,46.1,44.75,42.09,6.0,0.36963520996093746,-0.85822,0.00631,-0.10063,0.216,44.8912,88.0,1,0
GOOGL261023P00390000,GOOGL,2026-10-23,29,P,390.0,14.25,341.3500061035156,48.0,51.15,49.575,61.25,6.4,0.3985045501708985,-0.8647,0.00567,-0.10593,0.20922,49.9111,88.8,0,5
GOOGL261023P00400000,GOOGL,2026-10-23,29,P,400.0,17.18,341.3500061035156,57.2,60.7,58.95,58.29,5.9,0.42566492309570314,-0.89159,0.00454,-0.09154,0.17904,59.4151,91.2,1,4
GOOGL261023P00410000,GOOGL,2026-10-23,29,P,410.0,20.11,341.3500061035156,66.9,70.6,68.75,72.31,5.4,0.46631393066406257,-0.90393,0.0038,-0.09043,0.16398,69.2687,92.4,0,2
GOOGL261030C00260000,GOOGL,2026-10-30,36,C,260.0,-23.83,341.3500061035156,80.9,84.75,82.825,71.78,4.6,0.5610395458984375,0.95109,0.00168,-0.11106,0.10864,83.6843,93.0,0,1
GOOGL261030C00265000,GOOGL,2026-10-30,36,C,265.0,-22.37,341.3500061035156,76.8,79.9,78.35,94.34,4.0,0.5686078295898438,0.93689,0.00203,-0.13128,0.13285,79.1875,91.2,1,1
GOOGL261030C00270000,GOOGL,2026-10-30,36,C,270.0,-20.9,341.3500061035156,72.15,75.05,73.6,69.91,3.9,0.551762294921875,0.92821,0.00231,-0.13903,0.14675,74.4371,90.1,3,3
GOOGL261030C00275000,GOOGL,2026-10-30,36,C,275.0,-19.44,341.3500061035156,67.1,70.1,68.6,80.07,4.4,0.5181932946777343,0.92417,0.00257,-0.13709,0.15302,69.453,89.8,1,2
GOOGL261030C00280000,GOOGL,2026-10-30,36,C,280.0,-17.97,341.3500061035156,62.3,65.3,63.8,63.95,4.7,0.5720257641601563,0.88774,0.00311,-0.18847,0.20453,66.0637,85.0,29,55
GOOGL261030C00285000,GOOGL,2026-10-30,36,C,285.0,-16.51,341.3500061035156,57.55,60.55,59.05,71.5,5.1,0.5462691857910158,0.87706,0.00347,-0.19158,0.21813,61.315,83.9,4,4
GOOGL261030C00290000,GOOGL,2026-10-30,36,C,290.0,-15.04,341.3500061035156,52.7,55.9,54.3,51.6,5.9,0.5236253692626953,0.86381,0.00389,-0.1964,0.23416,56.6607,82.5,4,7
GOOGL261030C00295000,GOOGL,2026-10-30,36,C,295.0,-13.58,341.3500061035156,49.1,51.3,50.2,47.67,4.4,0.5014087945556642,0.84862,0.00436,-0.20117,0.25148,52.0535,80.9,1,7
GOOGL261030C00300000,GOOGL,2026-10-30,36,C,300.0,-12.11,341.3500061035156,43.5,46.8,45.15,42.8,7.3,0.48102325622558595,0.83057,0.0049,-0.20671,0.2707,47.5403,79.0,13,187
GOOGL261030C00305000,GOOGL,2026-10-30,36,C,305.0,-10.65,341.3500061035156,39.6,42.65,41.125,41.18,7.4,0.4700370379638672,0.80601,0.00545,-0.21774,0.29463,43.3625,76.3,1,3
GOOGL261030C00310000,GOOGL,2026-10-30,36,C,310.0,-9.18,341.3500061035156,36.5,37.5,37.0,35.65,2.7,0.42474940490722657,0.79345,0.00627,-0.20598,0.30595,38.2265,75.3,43,17
GOOGL261030C00315000,GOOGL,2026-10-30,36,C,315.0,-7.72,341.3500061035156,32.4,34.35,33.375,32.8,5.8,0.43774976318359377,0.75231,0.00674,-0.2304,0.33898,35.0098,70.7,7,23
GOOGL261030C00320000,GOOGL,2026-10-30,36,C,320.0,-6.25,341.3500061035156,27.9,30.4,29.15,30.17,8.6,0.4221859539794922,0.72011,0.00744,-0.2351,0.3608,31.0255,67.4,24,48
GOOGL261030C00325000,GOOGL,2026-10-30,36,C,325.0,-4.79,341.3500061035156,25.0,27.35,26.175,24.95,9.0,0.4258480267333985,0.67845,0.00785,-0.24952,0.38414,27.917,62.9,13,58
GOOGL261030C00330000,GOOGL,2026-10-30,36,C,330.0,-3.33,341.3500061035156,22.15,22.7,22.425,23.25,2.5,0.38495488098144526,0.64535,0.00902,-0.2349,0.39897,23.2537,59.9,72,416
GOOGL261030C00335000,GOOGL,2026-10-30,36,C,335.0,-1.86,341.3500061035156,19.25,19.75,19.5,19.75,2.6,0.3815369464111328,0.59853,0.00945,-0.23985,0.41456,20.2477,55.2,63,341
GOOGL261030C00340000,GOOGL,2026-10-30,36,C,340.0,-0.4,341.3500061035156,16.85,17.25,17.05,16.99,2.3,0.38303229278564455,0.55009,0.00964,-0.24436,0.4243,17.6866,50.2,494,898
GOOGL261030C00345000,GOOGL,2026-10-30,36,C,345.0,1.07,341.3500061035156,14.35,14.8,14.575,14.78,3.1,0.38013315185546875,0.50145,0.00979,-0.24289,0.42767,15.182,45.4,144,459
GOOGL261030C00350000,GOOGL,2026-10-30,36,C,350.0,2.53,341.3500061035156,12.15,12.7,12.425,12.43,4.4,0.37985849639892577,0.45341,0.00973,-0.23963,0.42476,13.0282,40.7,1373,1992
GOOGL261030C00355000,GOOGL,2026-10-30,36,C,355.0,4.0,341.3500061035156,10.45,10.9,10.675,10.64,4.2,0.3813233255004882,0.40726,0.00949,-0.23437,0.41607,11.1782,36.2,99,946
GOOGL261030C00360000,GOOGL,2026-10-30,36,C,360.0,5.46,341.3500061035156,8.7,9.1,8.9,9.1,4.5,0.37756970092773434,0.3609,0.00925,-0.22298,0.40141,9.3344,31.8,289,567
GOOGL261030C00365000,GOOGL,2026-10-30,36,C,365.0,6.93,341.3500061035156,7.3,7.75,7.525,7.9,6.0,0.379889013671875,0.31962,0.00878,-0.21326,0.38318,7.9433,27.8,170,825
GOOGL261030C00370000,GOOGL,2026-10-30,36,C,370.0,8.39,341.3500061035156,6.1,6.5,6.3,6.31,6.3,0.38007211730957036,0.28012,0.00826,-0.20029,0.36095,6.6575,24.1,177,936
GOOGL261030C00375000,GOOGL,2026-10-30,36,C,375.0,9.86,341.3500061035156,5.0,5.35,5.175,5.18,6.8,0.3781800463867187,0.24228,0.00771,-0.18441,0.33498,5.477,20.7,273,721
GOOGL261030C00380000,GOOGL,2026-10-30,36,C,380.0,11.32,341.3500061035156,4.15,4.45,4.3,4.4,7.0,0.3790345300292969,0.20942,0.00708,-0.16972,0.30846,4.5507,17.7,358,1287
GOOGL261030C00385000,GOOGL,2026-10-30,36,C,385.0,12.79,341.3500061035156,3.4,3.95,3.675,3.78,15.0,0.38922729919433596,0.18646,0.00643,-0.16198,0.28755,4.0282,15.5,234,372
GOOGL261030C00390000,GOOGL,2026-10-30,36,C,390.0,14.25,341.3500061035156,2.76,3.2,2.98,3.0,14.8,0.38709109008789055,0.15799,0.00581,-0.14463,0.25868,3.2592,13.0,151,430
GOOGL261030C00395000,GOOGL,2026-10-30,36,C,395.0,15.72,341.3500061035156,2.3,2.68,2.49,2.53,15.3,0.38977661010742193,0.13587,0.00522,-0.13134,0.23378,2.7253,11.1,135,272
GOOGL261030C00400000,GOOGL,2026-10-30,36,C,400.0,17.18,341.3500061035156,2.05,2.1,2.075,2.14,2.4,0.38556522644042956,0.11194,0.00461,-0.11326,0.20411,2.1326,9.1,550,657
GOOGL261030C00405000,GOOGL,2026-10-30,36,C,405.0,18.65,341.3500061035156,1.69,1.99,1.84,1.75,16.3,0.4012511047363281,0.10338,0.00418,-0.11107,0.19275,2.0133,8.2,64,144
GOOGL261030C00410000,GOOGL,2026-10-30,36,C,410.0,20.11,341.3500061035156,1.29,1.5,1.395,1.53,15.1,0.3939269592285156,0.08265,0.00361,-0.09229,0.16334,1.5159,6.5,68,257
GOOGL261030C00415000,GOOGL,2026-10-30,36,C,415.0,21.58,341.3500061035156,1.04,1.31,1.175,1.13,23.0,0.4008848974609375,0.07249,0.00321,-0.08489,0.14785,1.3207,5.7,55,50
GOOGL261030C00420000,GOOGL,2026-10-30,36,C,420.0,23.04,341.3500061035156,1.01,1.19,1.1,0.94,16.4,0.4107724938964844,0.06524,0.00289,-0.08008,0.13632,1.195,5.0,10,102
GOOGL261030C00425000,GOOGL,2026-10-30,36,C,425.0,24.51,341.3500061035156,0.82,0.97,0.895,0.9,16.8,0.4112607702636719,0.05459,0.00251,-0.06965,0.11855,0.9724,4.2,1,427
GOOGL261030P00260000,GOOGL,2026-10-30,36,P,260.0,-23.83,341.3500061035156,0.32,0.52,0.42,0.53,47.6,0.4577690942382813,-0.02314,0.00112,-0.03641,0.05871,0.4464,3.2,3,5
GOOGL261030P00265000,GOOGL,2026-10-30,36,P,265.0,-22.37,341.3500061035156,0.4,0.51,0.455,0.45,24.2,0.42896078857421877,-0.02408,0.00123,-0.03522,0.06071,0.4363,3.3,25,19
GOOGL261030P00270000,GOOGL,2026-10-30,36,P,270.0,-20.9,341.3500061035156,0.5,0.62,0.56,0.6,21.4,0.4162656030273437,-0.02943,0.0015,-0.04035,0.07179,0.5315,3.9,3,19
GOOGL261030P00275000,GOOGL,2026-10-30,36,P,275.0,-19.44,341.3500061035156,0.63,0.85,0.74,0.72,29.7,0.4138242211914062,-0.03934,0.00192,-0.05083,0.09114,0.7373,5.2,24,45
GOOGL261030P00280000,GOOGL,2026-10-30,36,P,280.0,-17.97,341.3500061035156,0.8,0.95,0.875,0.97,17.1,0.39453730468750003,-0.04525,0.00225,-0.05415,0.10207,0.8249,5.8,11,61
GOOGL261030P00285000,GOOGL,2026-10-30,36,P,285.0,-16.51,341.3500061035156,1.03,1.15,1.09,1.03,11.0,0.38184211914062494,-0.05509,0.00272,-0.06116,0.11941,1.0027,7.0,14,134
GOOGL261030P00290000,GOOGL,2026-10-30,36,P,290.0,-15.04,341.3500061035156,1.33,1.44,1.385,1.33,7.9,0.37219866088867193,-0.06852,0.00331,-0.07049,0.14159,1.2622,8.5,1654,145
GOOGL261030P00295000,GOOGL,2026-10-30,36,P,295.0,-13.58,341.3500061035156,1.68,1.85,1.765,1.76,9.6,0.3654848608398438,-0.08642,0.00402,-0.08232,0.16889,1.633,10.6,23,357
GOOGL261030P00300000,GOOGL,2026-10-30,36,P,300.0,-12.11,341.3500061035156,2.15,2.32,2.235,2.28,7.6,0.3570010589599609,-0.10694,0.00481,-0.09372,0.19753,2.0614,12.9,148,517
GOOGL261030P00305000,GOOGL,2026-10-30,36,P,305.0,-10.65,341.3500061035156,2.83,2.94,2.885,2.89,3.8,0.35028725891113277,-0.13256,0.00571,-0.10658,0.22985,2.63,15.8,240,4175
GOOGL261030P00310000,GOOGL,2026-10-30,36,P,310.0,-9.18,341.3500061035156,3.6,3.9,3.75,3.74,8.0,0.35071450073242183,-0.16714,0.00666,-0.12407,0.26834,3.5197,19.6,246,609
GOOGL261030P00315000,GOOGL,2026-10-30,36,P,315.0,-7.72,341.3500061035156,4.6,4.95,4.775,4.69,7.3,0.3474186352539062,-0.20412,0.00761,-0.13847,0.30381,4.5007,23.6,94,782
GOOGL261030P00320000,GOOGL,2026-10-30,36,P,320.0,-6.25,341.3500061035156,6.0,6.3,6.15,6.15,4.9,0.3467472552490234,-0.24706,0.0085,-0.15316,0.33852,5.7702,28.3,219,1118
GOOGL261030P00325000,GOOGL,2026-10-30,36,P,325.0,-4.79,341.3500061035156,7.45,7.9,7.675,7.67,5.9,0.3463810479736328,-0.29396,0.00928,-0.16586,0.36928,7.2879,33.2,69,592
GOOGL261030P00330000,GOOGL,2026-10-30,36,P,330.0,-3.33,341.3500061035156,9.2,9.8,9.5,9.37,6.3,0.34705242797851554,-0.34423,0.00989,-0.17635,0.39464,9.0999,38.5,691,707
GOOGL261030P00335000,GOOGL,2026-10-30,36,P,335.0,-1.86,341.3500061035156,11.25,12.15,11.7,11.15,7.7,0.35205726074218746,-0.39712,0.01022,-0.18603,0.41338,11.3582,44.0,208,338
GOOGL261030P00340000,GOOGL,2026-10-30,36,P,340.0,-0.4,341.3500061035156,13.6,14.3,13.95,13.46,5.0,0.3460758752441406,-0.44943,0.01067,-0.18563,0.42424,13.4299,49.3,44,1496
GOOGL261030P00345000,GOOGL,2026-10-30,36,P,345.0,1.07,341.3500061035156,16.05,17.45,16.75,17.74,8.4,0.35712312805175783,-0.50143,0.01042,-0.19156,0.42767,16.4895,54.6,3,326
GOOGL261030P00350000,GOOGL,2026-10-30,36,P,350.0,2.53,341.3500061035156,19.3,20.0,19.65,19.55,3.6,0.3484257052612304,-0.55485,0.01058,-0.18217,0.42363,18.9666,59.8,32,10166
GOOGL261030P00355000,GOOGL,2026-10-30,36,P,355.0,4.0,341.3500061035156,22.4,23.1,22.75,25.68,3.1,0.3466251861572265,-0.60623,0.01035,-0.17346,0.41242,21.9927,64.7,5,202
GOOGL261030P00360000,GOOGL,2026-10-30,36,P,360.0,5.46,341.3500061035156,25.7,26.6,26.15,27.21,3.4,0.34888346435546874,-0.65347,0.00987,-0.16447,0.39563,25.4234,69.3,4,84
GOOGL261030P00365000,GOOGL,2026-10-30,36,P,365.0,6.93,341.3500061035156,29.15,30.2,29.675,29.0,3.5,0.3482731188964844,-0.69906,0.00933,-0.15123,0.37326,28.9597,73.6,3,37
GOOGL261030P00370000,GOOGL,2026-10-30,36,P,370.0,8.39,341.3500061035156,32.5,34.0,33.25,35.27,4.5,0.34766277343749996,-0.74132,0.00868,-0.13615,0.34681,32.7029,77.5,5,57
GOOGL261030P00375000,GOOGL,2026-10-30,36,P,375.0,9.86,341.3500061035156,36.65,38.7,37.675,39.9,5.4,0.3692079681396484,-0.76388,0.00778,-0.13671,0.3303,37.352,79.8,7,10
GOOGL261030P00380000,GOOGL,2026-10-30,36,P,380.0,11.32,341.3500061035156,40.8,42.85,41.825,44.0,4.9,0.37091693542480464,-0.79636,0.00712,-0.12196,0.30338,41.4561,82.8,1,87
GOOGL261030P00385000,GOOGL,2026-10-30,36,P,385.0,12.79,341.3500061035156,43.95,47.3,45.625,43.59,7.3,0.37879039184570307,-0.82093,0.00644,-0.11178,0.28039,45.8659,85.0,0,7
GOOGL261030P00395000,GOOGL,2026-10-30,36,P,395.0,15.72,341.3500061035156,53.5,56.15,54.825,41.93,4.8,0.3820862573242187,-0.86942,0.00518,-0.08221,0.22748,54.6427,89.3,0,1
GOOGL261030P00400000,GOOGL,2026-10-30,36,P,400.0,17.18,341.3500061035156,57.6,61.0,59.3,42.56,5.7,0.39771110107421875,-0.88008,0.00469,-0.07896,0.21434,59.4618,90.3,0,2
GOOGL261120C00260000,GOOGL,2026-11-20,57,C,260.0,-23.83,341.3500061035156,82.85,85.95,84.4,83.5,3.7,0.5358933129882812,0.92232,0.00201,-0.1173,0.19612,85.7318,88.7,1,262
GOOGL261120C00265000,GOOGL,2026-11-20,57,C,265.0,-22.37,341.3500061035156,78.05,81.05,79.55,80.84,3.8,0.5137988073730468,0.91609,0.00222,-0.1191,0.20789,80.8956,88.0,2,114
GOOGL261120C00270000,GOOGL,2026-11-20,57,C,270.0,-20.9,341.3500061035156,73.95,75.15,74.55,75.74,1.6,0.5101367346191408,0.90233,0.00251,-0.1295,0.23269,76.4836,86.3,13,735
GOOGL261120C00275000,GOOGL,2026-11-20,57,C,275.0,-19.44,341.3500061035156,69.2,70.85,70.025,84.87,2.4,0.5069629382324219,0.8869,0.0028,-0.14033,0.25874,72.1651,84.4,6,77
GOOGL261120C00280000,GOOGL,2026-11-20,57,C,280.0,-17.97,341.3500061035156,64.65,65.85,65.25,64.85,1.8,0.4766898034667969,0.88081,0.0031,-0.13788,0.26855,67.1861,83.9,26,546
GOOGL261120C00285000,GOOGL,2026-11-20,57,C,285.0,-16.51,341.3500061035156,59.95,61.5,60.725,56.89,2.6,0.46802289794921875,0.86471,0.00344,-0.14588,0.2933,62.8192,82.0,1,177
GOOGL261120C00290000,GOOGL,2026-11-20,57,C,290.0,-15.04,341.3500061035156,55.85,57.0,56.425,53.5,2.0,0.45252012329101565,0.8499,0.00382,-0.15031,0.31466,58.311,80.4,9,444
GOOGL261120C00295000,GOOGL,2026-11-20,57,C,295.0,-13.58,341.3500061035156,51.7,53.2,52.45,49.05,2.9,0.45502253967285156,0.82542,0.00419,-0.16349,0.34719,54.4687,77.5,2,189
GOOGL261120C00300000,GOOGL,2026-11-20,57,C,300.0,-12.11,341.3500061035156,47.2,48.05,47.625,48.0,1.8,0.41834077758789057,0.81634,0.00471,-0.15667,0.35844,49.3372,76.9,49,1066
GOOGL261120C00305000,GOOGL,2026-11-20,57,C,305.0,-10.65,341.3500061035156,42.55,44.0,43.275,44.0,3.4,0.409612837524414,0.7925,0.00518,-0.16339,0.38603,45.254,74.3,1,378
GOOGL261120C00310000,GOOGL,2026-11-20,57,C,310.0,-9.18,341.3500061035156,39.05,40.7,39.875,40.0,4.1,0.4155331884765625,0.76016,0.00554,-0.17664,0.4192,41.891,70.6,2,549
GOOGL261120C00315000,GOOGL,2026-11-20,57,C,315.0,-7.72,341.3500061035156,35.35,37.2,36.275,34.12,5.1,0.4126645648193359,0.72989,0.00594,-0.18459,0.44611,38.3384,67.3,36,406
GOOGL261120C00320000,GOOGL,2026-11-20,57,C,320.0,-6.25,341.3500061035156,32.3,33.0,32.65,33.51,2.1,0.39197385375976557,0.70359,0.00654,-0.18297,0.46645,34.1101,64.8,18,781
GOOGL261120C00325000,GOOGL,2026-11-20,57,C,325.0,-4.79,341.3500061035156,29.25,29.7,29.475,29.4,1.5,0.38721315917968746,0.66934,0.00694,-0.18773,0.4889,30.7512,61.2,12,1885
GOOGL261120C00330000,GOOGL,2026-11-20,57,C,330.0,-3.33,341.3500061035156,26.0,26.3,26.15,26.65,1.1,0.37720349365234374,0.63431,0.00739,-0.18861,0.50735,27.2969,57.7,319,2920
GOOGL261120C00335000,GOOGL,2026-11-20,57,C,335.0,-1.86,341.3500061035156,23.5,23.8,23.65,23.5,1.3,0.38092660095214836,0.59542,0.00754,-0.19422,0.52268,24.7234,53.6,343,1879
GOOGL261120C00340000,GOOGL,2026-11-20,57,C,340.0,-0.4,341.3500061035156,20.75,20.9,20.825,20.75,0.7,0.373480386352539,0.55684,0.00784,-0.19296,0.53268,21.7598,49.8,1845,3744
GOOGL261120C00345000,GOOGL,2026-11-20,57,C,345.0,1.07,341.3500061035156,18.25,18.75,18.5,18.5,2.7,0.37637952728271484,0.51789,0.00785,-0.19473,0.53761,19.5386,45.9,2453,4846
GOOGL261120C00350000,GOOGL,2026-11-20,57,C,350.0,2.53,341.3500061035156,16.15,16.6,16.375,16.3,2.7,0.37573866455078125,0.47917,0.00786,-0.19316,0.53741,17.3205,42.0,1045,5191
GOOGL261120C00355000,GOOGL,2026-11-20,57,C,355.0,4.0,341.3500061035156,14.1,14.45,14.275,14.5,2.5,0.37164934997558596,0.43999,0.00787,-0.18826,0.53205,15.106,38.3,189,1987
GOOGL261120C00360000,GOOGL,2026-11-20,57,C,360.0,5.46,341.3500061035156,12.6,12.8,12.7,12.65,1.6,0.37354142089843745,0.40352,0.00768,-0.18478,0.52233,13.3918,34.8,543,9669
GOOGL261120C00365000,GOOGL,2026-11-20,57,C,365.0,6.93,341.3500061035156,10.95,11.25,11.1,10.95,2.7,0.37415176635742187,0.3681,0.00747,-0.17936,0.50846,11.7806,31.4,320,2619
GOOGL261120C00370000,GOOGL,2026-11-20,57,C,370.0,8.39,341.3500061035156,9.5,9.8,9.65,9.63,3.1,0.3736024554443359,0.33368,0.00722,-0.17216,0.49068,10.2738,28.2,786,37822
GOOGL261120C00375000,GOOGL,2026-11-20,57,C,375.0,9.86,341.3500061035156,8.4,8.55,8.475,8.4,1.8,0.3740907318115234,0.3016,0.00691,-0.16458,0.47014,8.9714,25.2,104,2741
GOOGL261120C00380000,GOOGL,2026-11-20,57,C,380.0,11.32,341.3500061035156,7.15,7.55,7.35,7.48,5.4,0.3771424591064453,0.27316,0.00654,-0.15776,0.44861,7.9248,22.6,227,6166
GOOGL261120C00385000,GOOGL,2026-11-20,57,C,385.0,12.79,341.3500061035156,6.25,6.45,6.35,6.5,3.1,0.37506728454589844,0.24333,0.00619,-0.14736,0.4225,6.7785,19.9,102,1577
GOOGL261120C00390000,GOOGL,2026-11-20,57,C,390.0,14.25,341.3500061035156,5.4,5.6,5.5,5.4,3.6,0.3761048718261719,0.21766,0.0058,-0.13846,0.39696,5.8881,17.7,328,2894
GOOGL261120C00395000,GOOGL,2026-11-20,57,C,395.0,15.72,341.3500061035156,4.65,4.85,4.75,4.95,4.2,0.37708142456054683,0.19401,0.0054,-0.12934,0.37077,5.101,15.6,69,2243
GOOGL261120C00400000,GOOGL,2026-11-20,57,C,400.0,17.18,341.3500061035156,4.0,4.2,4.1,4.1,4.9,0.378363150024414,0.17261,0.00501,-0.12038,0.3447,4.4202,13.7,1328,7290
GOOGL261120C00405000,GOOGL,2026-11-20,57,C,405.0,18.65,341.3500061035156,3.5,3.6,3.55,3.5,2.8,0.3786072882080078,0.15239,0.00461,-0.11085,0.31785,3.7907,12.0,82,1835
GOOGL261120C00410000,GOOGL,2026-11-20,57,C,410.0,20.11,341.3500061035156,2.98,3.15,3.065,3.11,5.5,0.3813538427734374,0.13585,0.00424,-0.10311,0.29414,3.3152,10.6,67,4216
GOOGL261120C00415000,GOOGL,2026-11-20,57,C,415.0,21.58,341.3500061035156,2.58,2.7,2.64,2.72,4.5,0.38196418823242184,0.1195,0.00387,-0.09431,0.26905,2.8419,9.2,4,1237
GOOGL261120C00420000,GOOGL,2026-11-20,57,C,420.0,23.04,341.3500061035156,2.24,2.33,2.285,2.28,3.9,0.3834290173339844,0.10539,0.00353,-0.08639,0.24594,2.452,8.0,99,4246
GOOGL261120C00425000,GOOGL,2026-11-20,57,C,425.0,24.51,341.3500061035156,1.93,2.08,2.005,2.03,7.5,0.3881897119140625,0.09487,0.00322,-0.08087,0.22776,2.188,7.1,844,848
GOOGL261120P00260000,GOOGL,2026-11-20,57,P,260.0,-23.83,341.3500061035156,0.71,0.8,0.755,0.74,11.9,0.3952697192382813,-0.03138,0.00132,-0.03178,0.09527,0.6899,4.4,9,1971
GOOGL261120P00265000,GOOGL,2026-11-20,57,P,265.0,-22.37,341.3500061035156,0.87,1.0,0.935,1.0,13.9,0.38892212646484375,-0.0388,0.0016,-0.03714,0.1134,0.8659,5.4,1,817
GOOGL261120P00270000,GOOGL,2026-11-20,57,P,270.0,-20.9,341.3500061035156,1.12,1.19,1.155,1.22,6.1,0.3790345300292969,-0.04628,0.0019,-0.04163,0.13077,1.0337,6.3,23,1449
GOOGL261120P00275000,GOOGL,2026-11-20,57,P,275.0,-19.44,341.3500061035156,1.39,1.47,1.43,1.57,5.6,0.37244279907226563,-0.05653,0.00226,-0.04785,0.15335,1.2824,7.5,408,2068
GOOGL261120P00280000,GOOGL,2026-11-20,57,P,280.0,-17.97,341.3500061035156,1.72,1.81,1.765,1.79,5.1,0.3660341717529296,-0.06875,0.00268,-0.05461,0.17862,1.586,9.0,4,2206
GOOGL261120P00285000,GOOGL,2026-11-20,57,P,285.0,-16.51,341.3500061035156,2.13,2.23,2.18,2.2,4.6,0.3601748553466796,-0.08339,0.00316,-0.06204,0.20691,1.9628,10.7,117,1739
GOOGL261120P00290000,GOOGL,2026-11-20,57,P,290.0,-15.04,341.3500061035156,2.64,2.76,2.7,2.64,4.4,0.35547519531249994,-0.10111,0.00369,-0.07037,0.23865,2.4425,12.8,70,12290
GOOGL261120P00295000,GOOGL,2026-11-20,57,P,295.0,-13.58,341.3500061035156,3.3,3.45,3.375,3.31,4.4,0.35272864074707033,-0.12273,0.00427,-0.0799,0.27414,3.0705,15.3,8,2141
GOOGL261120P00300000,GOOGL,2026-11-20,57,P,300.0,-12.11,341.3500061035156,4.05,4.15,4.1,4.15,2.4,0.34632001342773433,-0.14512,0.00488,-0.08762,0.30763,3.7078,17.9,228,7132
GOOGL261120P00305000,GOOGL,2026-11-20,57,P,305.0,-10.65,341.3500061035156,4.8,5.15,4.975,5.04,7.0,0.3449467361450196,-0.17361,0.00551,-0.09768,0.34597,4.6291,21.1,248,2130
GOOGL261120P00310000,GOOGL,2026-11-20,57,P,310.0,-9.18,341.3500061035156,6.15,6.4,6.275,6.25,4.0,0.3455875988769531,-0.20627,0.00612,-0.10826,0.38467,5.7896,24.7,1135,5094
GOOGL261120P00315000,GOOGL,2026-11-20,57,P,315.0,-7.72,341.3500061035156,7.35,7.8,7.575,7.56,5.9,0.34516035705566406,-0.24104,0.00669,-0.11747,0.42033,7.0953,28.6,145,4225
GOOGL261120P00320000,GOOGL,2026-11-20,57,P,320.0,-6.25,341.3500061035156,8.85,9.15,9.0,9.04,3.3,0.3394231097412109,-0.27587,0.0073,-0.12299,0.4508,8.3545,32.2,1112,5607
GOOGL261120P00325000,GOOGL,2026-11-20,57,P,325.0,-4.79,341.3500061035156,10.45,10.8,10.625,10.67,3.3,0.3361577615356446,-0.31457,0.00783,-0.12837,0.47891,9.9049,36.3,56,2403
GOOGL261120P00330000,GOOGL,2026-11-20,57,P,330.0,-3.33,341.3500061035156,12.5,12.85,12.675,12.65,2.8,0.33670707244873044,-0.35658,0.00821,-0.13392,0.50299,11.8457,40.7,436,7163
GOOGL261120P00335000,GOOGL,2026-11-20,57,P,335.0,-1.86,341.3500061035156,14.6,15.0,14.8,14.8,2.7,0.33493707061767575,-0.39927,0.00855,-0.13658,0.5209,13.8873,45.1,150,3055
GOOGL261120P00340000,GOOGL,2026-11-20,57,P,340.0,-0.4,341.3500061035156,17.25,17.5,17.375,17.3,1.4,0.33563896789550784,-0.44303,0.00872,-0.13847,0.53265,16.2769,49.6,259,4985
GOOGL261120P00345000,GOOGL,2026-11-20,57,P,345.0,1.07,341.3500061035156,19.7,19.85,19.775,19.85,0.8,0.32950499603271477,-0.48748,0.00897,-0.1352,0.53788,18.5196,53.9,180,6005
GOOGL261120P00350000,GOOGL,2026-11-20,57,P,350.0,2.53,341.3500061035156,22.2,23.0,22.6,22.7,3.5,0.3341741387939453,-0.53036,0.00882,-0.13509,0.53659,21.5588,58.2,125,2411
GOOGL261120P00355000,GOOGL,2026-11-20,57,P,355.0,4.0,341.3500061035156,25.5,26.1,25.8,25.15,2.3,0.33408258697509763,-0.57286,0.0087,-0.13095,0.52915,24.5518,62.4,40,1481
GOOGL261120P00360000,GOOGL,2026-11-20,57,P,360.0,5.46,341.3500061035156,28.65,29.25,28.95,29.15,2.1,0.33112241149902344,-0.61538,0.00856,-0.12368,0.51548,27.598,66.4,6,4620
GOOGL261120P00365000,GOOGL,2026-11-20,57,P,365.0,6.93,341.3500061035156,32.05,32.8,32.425,34.73,2.3,0.33228206787109377,-0.65429,0.00823,-0.1171,0.49738,31.0507,70.1,37,1381
GOOGL261120P00370000,GOOGL,2026-11-20,57,P,370.0,8.39,341.3500061035156,35.75,37.1,36.425,36.27,3.7,0.3456791506958008,-0.68295,0.00764,-0.11629,0.48052,35.2633,73.0,19,1282
GOOGL261120P00375000,GOOGL,2026-11-20,57,P,375.0,9.86,341.3500061035156,39.4,40.0,39.7,39.85,1.5,0.3255072332763671,-0.73172,0.00751,-0.0954,0.44459,38.0604,77.2,12,734
GOOGL261120P00380000,GOOGL,2026-11-20,57,P,380.0,11.32,341.3500061035156,42.95,44.2,43.575,46.65,2.9,0.3304815487670898,-0.76059,0.00696,-0.08833,0.41879,42.181,79.9,37,505
GOOGL261120P00385000,GOOGL,2026-11-20,57,P,385.0,12.79,341.3500061035156,47.15,48.35,47.75,50.74,2.5,0.33130551513671874,-0.78986,0.00645,-0.07841,0.38891,46.2521,82.6,36,401
GOOGL261120P00390000,GOOGL,2026-11-20,57,P,390.0,14.25,341.3500061035156,51.3,52.7,52.0,51.8,2.7,0.3345403460693359,-0.81447,0.00593,-0.06985,0.36071,50.5316,84.8,24,714
GOOGL261120P00395000,GOOGL,2026-11-20,57,P,395.0,15.72,341.3500061035156,55.7,56.8,56.25,58.55,2.0,0.32709413146972655,-0.84528,0.00539,-0.05452,0.32106,54.5563,87.4,29,353
GOOGL261120P00400000,GOOGL,2026-11-20,57,P,400.0,17.18,341.3500061035156,60.1,61.6,60.85,64.02,2.5,0.3390569024658203,-0.85763,0.00492,-0.05174,0.30367,59.3024,88.6,26,722
GOOGL261120P00405000,GOOGL,2026-11-20,57,P,405.0,18.65,341.3500061035156,64.85,66.0,65.425,69.3,1.8,0.3350896569824219,-0.88056,0.00441,-0.03914,0.26895,63.6384,90.5,7,153
GOOGL261120P00410000,GOOGL,2026-11-20,57,P,410.0,20.11,341.3500061035156,69.25,70.5,69.875,63.4,1.8,0.3311834460449219,-0.90095,0.0039,-0.02713,0.23508,68.0795,92.2,21,130
GOOGL261120P00415000,GOOGL,2026-11-20,57,P,415.0,21.58,341.3500061035156,72.65,74.95,73.8,72.7,3.1,0.31995308959960933,-0.92401,0.00331,-0.01162,0.19287,72.4675,94.1,1,153
GOOGL261120P00420000,GOOGL,2026-11-20,57,P,420.0,23.04,341.3500061035156,77.4,80.25,78.825,86.85,3.6,0.3505924316406249,-0.91655,0.00325,-0.02086,0.20703,77.7419,93.6,3,94
GOOGL261120P00425000,GOOGL,2026-11-20,57,P,425.0,24.51,341.3500061035156,83.35,85.05,84.2,77.9,2.0,0.3548648498535155,-0.92623,0.00292,-0.015,0.18855,82.4969,94.4,26,64
GOOGL261218C00260000,GOOGL,2026-12-18,85,C,260.0,-23.83,341.3500061035156,84.4,86.3,85.35,82.8,2.2,0.5069629382324219,0.89851,0.00212,-0.11109,0.29222,88.2363,84.8,1,1353
GOOGL261218C00265000,GOOGL,2026-12-18,85,C,265.0,-22.37,341.3500061035156,79.65,82.55,81.1,94.62,3.6,0.5182543292236328,0.87993,0.00234,-0.12416,0.32966,84.4494,82.2,8,851
GOOGL261218C00270000,GOOGL,2026-12-18,85,C,270.0,-20.9,341.3500061035156,75.65,77.25,76.45,77.1,2.1,0.48279325805664064,0.87757,0.00255,-0.11906,0.3342,79.195,82.4,1,2035
GOOGL261218C00275000,GOOGL,2026-12-18,85,C,275.0,-19.44,341.3500061035156,70.95,72.85,71.9,86.81,2.6,0.4723868679809571,0.86498,0.00279,-0.12355,0.35769,74.7899,80.9,4,33
GOOGL261218C00280000,GOOGL,2026-12-18,85,C,280.0,-17.97,341.3500061035156,66.5,67.85,67.175,67.06,2.0,0.44550115051269534,0.85822,0.00306,-0.12136,0.3698,69.8154,80.4,10,1977
GOOGL261218C00285000,GOOGL,2026-12-18,85,C,285.0,-16.51,341.3500061035156,61.65,63.4,62.525,61.65,2.8,0.43219561950683594,0.84471,0.00335,-0.12435,0.39301,65.3592,79.0,1,587
GOOGL261218C00290000,GOOGL,2026-12-18,85,C,290.0,-15.04,341.3500061035156,57.7,59.15,58.425,55.2,2.5,0.42233854034423823,0.82831,0.00366,-0.12851,0.41949,61.0915,77.1,5,2565
GOOGL261218C00295000,GOOGL,2026-12-18,85,C,295.0,-13.58,341.3500061035156,53.4,56.3,54.85,53.25,5.3,0.44031321411132807,0.79867,0.00388,-0.14343,0.46301,58.1573,73.4,3,160
GOOGL261218C00300000,GOOGL,2026-12-18,85,C,300.0,-12.11,341.3500061035156,50.4,50.9,50.65,51.8,1.0,0.40311265838623045,0.79072,0.00433,-0.13614,0.47378,52.7878,73.1,7,17948
GOOGL261218C00305000,GOOGL,2026-12-18,85,C,305.0,-10.65,341.3500061035156,45.9,48.1,47.0,44.65,4.7,0.41617405120849604,0.76035,0.00453,-0.14824,0.51168,49.9044,69.4,3,2374
GOOGL261218C00310000,GOOGL,2026-12-18,85,C,310.0,-9.18,341.3500061035156,42.5,43.45,42.975,43.75,2.2,0.3920043710327148,0.74315,0.00499,-0.14527,0.53095,45.2445,67.9,2,15424
GOOGL261218C00315000,GOOGL,2026-12-18,85,C,315.0,-7.72,341.3500061035156,39.05,40.4,39.725,40.0,3.4,0.39493402923583987,0.7142,0.00523,-0.1522,0.56,42.1229,64.6,25,759
GOOGL261218C00320000,GOOGL,2026-12-18,85,C,320.0,-6.25,341.3500061035156,35.7,36.4,36.05,36.55,1.9,0.3791871163940429,0.68983,0.00565,-0.15129,0.58128,38.0807,62.3,67,4069
GOOGL261218C00325000,GOOGL,2026-12-18,85,C,325.0,-4.79,341.3500061035156,32.35,33.55,32.95,33.3,3.6,0.3804688418579102,0.65905,0.00585,-0.15603,0.60422,35.1545,59.0,383,1662
GOOGL261218C00330000,GOOGL,2026-12-18,85,C,330.0,-3.33,341.3500061035156,29.7,30.55,30.125,30.48,2.8,0.37674573455810545,0.6286,0.00609,-0.158,0.62272,32.0832,55.8,19,2512
GOOGL261218C00335000,GOOGL,2026-12-18,85,C,335.0,-1.86,341.3500061035156,26.9,27.7,27.3,28.0,2.9,0.37296159271240237,0.59719,0.0063,-0.15902,0.63756,29.1582,52.6,487,1545
GOOGL261218C00340000,GOOGL,2026-12-18,85,C,340.0,-0.4,341.3500061035156,24.35,24.7,24.525,24.4,1.4,0.3645083081054688,0.56491,0.00656,-0.15731,0.64844,26.0842,49.5,1068,3162
GOOGL261218C00345000,GOOGL,2026-12-18,85,C,345.0,1.07,341.3500061035156,22.1,22.55,22.325,22.55,2.0,0.36655296539306637,0.53227,0.00659,-0.15853,0.65501,23.8481,46.2,127,1773
GOOGL261218C00350000,GOOGL,2026-12-18,85,C,350.0,2.53,341.3500061035156,19.8,20.2,20.0,20.0,2.0,0.3631655480957031,0.4992,0.00667,-0.15671,0.65716,21.4179,43.0,283,5944
GOOGL261218C00355000,GOOGL,2026-12-18,85,C,355.0,4.0,341.3500061035156,17.75,18.15,17.95,18.6,2.2,0.36188382263183594,0.46658,0.00667,-0.15474,0.65486,19.2841,39.8,36,1653
GOOGL261218C00360000,GOOGL,2026-12-18,85,C,360.0,5.46,341.3500061035156,15.85,16.25,16.05,16.2,2.5,0.36057157989501953,0.4344,0.00663,-0.15185,0.64826,17.3036,36.7,209,4169
GOOGL261218C00365000,GOOGL,2026-12-18,85,C,365.0,6.93,341.3500061035156,14.2,14.55,14.375,14.5,2.4,0.3600527862548828,0.40321,0.00653,-0.14845,0.63772,15.5247,33.8,38,2248
GOOGL261218C00370000,GOOGL,2026-12-18,85,C,370.0,8.39,341.3500061035156,12.75,12.95,12.85,12.76,1.6,0.35883209533691407,0.37257,0.0064,-0.14399,0.62335,13.8461,30.9,174,4050
GOOGL261218C00375000,GOOGL,2026-12-18,85,C,375.0,9.86,341.3500061035156,11.25,11.7,11.475,11.4,3.9,0.36121244262695307,0.34503,0.00619,-0.14049,0.60694,12.5259,28.3,229,3869
GOOGL261218C00380000,GOOGL,2026-12-18,85,C,380.0,11.32,341.3500061035156,10.05,10.3,10.175,10.17,2.5,0.358954164428711,0.31603,0.00602,-0.13434,0.58598,11.053,25.7,252,13967
GOOGL261218C00385000,GOOGL,2026-12-18,85,C,385.0,12.79,341.3500061035156,8.85,9.05,8.95,9.05,2.2,0.35712312805175783,0.28841,0.0058,-0.12787,0.56241,9.7353,23.3,68,2654
GOOGL261218C00390000,GOOGL,2026-12-18,85,C,390.0,14.25,341.3500061035156,7.85,8.1,7.975,8.0,3.1,0.35871002624511716,0.26456,0.00554,-0.12269,0.5391,8.7244,21.1,159,7631
GOOGL261218C00395000,GOOGL,2026-12-18,85,C,395.0,15.72,341.3500061035156,6.95,7.2,7.075,7.2,3.5,0.35941192352294915,0.24158,0.00527,-0.11684,0.51393,7.7663,19.1,33,2212
GOOGL261218C00400000,GOOGL,2026-12-18,85,C,400.0,17.18,341.3500061035156,6.15,6.3,6.225,6.3,2.4,0.35822174987792965,0.21861,0.005,-0.10984,0.48597,6.8107,17.1,506,14131
GOOGL261218C00405000,GOOGL,2026-12-18,85,C,405.0,18.65,341.3500061035156,5.45,5.55,5.5,5.7,1.8,0.3582827844238281,0.19806,0.00472,-0.10337,0.45847,6.0102,15.4,974,1763
GOOGL261218C00410000,GOOGL,2026-12-18,85,C,410.0,20.11,341.3500061035156,4.8,4.9,4.85,4.9,2.1,0.35883209533691407,0.17934,0.00443,-0.09715,0.43125,5.3141,13.8,30,3550
GOOGL261218C00415000,GOOGL,2026-12-18,85,C,415.0,21.58,341.3500061035156,4.2,4.4,4.3,4.3,4.7,0.3613955462646484,0.16363,0.00415,-0.09206,0.40671,4.7734,12.4,32,5893
GOOGL261218C00420000,GOOGL,2026-12-18,85,C,420.0,23.04,341.3500061035156,3.7,3.95,3.825,3.95,6.5,0.3639589971923829,0.14924,0.00388,-0.08706,0.38278,4.2897,11.2,163,2980
GOOGL261218C00425000,GOOGL,2026-12-18,85,C,425.0,24.51,341.3500061035156,3.3,3.5,3.4,3.5,5.9,0.3650576190185547,0.13497,0.00361,-0.08142,0.35759,3.8045,10.0,315,1696
GOOGL261218P00260000,GOOGL,2026-12-18,85,P,260.0,-23.83,341.3500061035156,1.32,1.41,1.365,1.36,6.6,0.3645083081054688,-0.04566,0.0016,-0.03203,0.15797,1.2072,6.5,168,2469
GOOGL261218P00265000,GOOGL,2026-12-18,85,P,265.0,-22.37,341.3500061035156,1.56,1.7,1.63,1.92,8.6,0.35883209533691407,-0.05453,0.00187,-0.03622,0.182,1.4611,7.6,36,2272
GOOGL261218P00270000,GOOGL,2026-12-18,85,P,270.0,-20.9,341.3500061035156,1.94,2.06,2.0,1.94,6.0,0.35394933166503895,-0.06517,0.00218,-0.04094,0.20929,1.7768,9.0,955,3904
GOOGL261218P00275000,GOOGL,2026-12-18,85,P,275.0,-19.44,341.3500061035156,2.36,2.47,2.415,2.42,4.6,0.348639326171875,-0.0772,0.00252,-0.04576,0.23837,2.1387,10.5,1104,2107
GOOGL261218P00280000,GOOGL,2026-12-18,85,P,280.0,-17.97,341.3500061035156,2.87,2.96,2.915,2.91,3.1,0.3436955279541015,-0.09117,0.0029,-0.05091,0.27007,2.5722,12.1,110,5931
GOOGL261218P00285000,GOOGL,2026-12-18,85,P,285.0,-16.51,341.3500061035156,3.25,3.6,3.425,3.45,10.2,0.34088793884277346,-0.1083,0.00331,-0.05702,0.30629,3.1431,14.2,11,1136
GOOGL261218P00290000,GOOGL,2026-12-18,85,P,290.0,-15.04,341.3500061035156,4.0,4.4,4.2,4.25,9.5,0.33954517883300783,-0.12846,0.00375,-0.0638,0.34559,3.8616,16.6,50,6281
GOOGL261218P00295000,GOOGL,2026-12-18,85,P,295.0,-13.58,341.3500061035156,4.8,5.1,4.95,4.75,6.1,0.33267879241943366,-0.14748,0.00421,-0.06831,0.37975,4.4877,18.8,12,1382
GOOGL261218P00300000,GOOGL,2026-12-18,85,P,300.0,-12.11,341.3500061035156,5.9,6.1,6.0,5.87,3.3,0.3303899969482421,-0.17156,0.00468,-0.07448,0.41929,5.393,21.5,207,10331
GOOGL261218P00305000,GOOGL,2026-12-18,85,P,305.0,-10.65,341.3500061035156,6.9,7.15,7.025,7.03,3.6,0.3262396478271484,-0.19681,0.00516,-0.07959,0.45671,6.3459,24.3,143,2902
GOOGL261218P00310000,GOOGL,2026-12-18,85,P,310.0,-9.18,341.3500061035156,8.15,8.45,8.3,8.35,3.6,0.3242255078124999,-0.22558,0.00562,-0.0851,0.49476,7.5337,27.5,53,3299
GOOGL261218P00315000,GOOGL,2026-12-18,85,P,315.0,-7.72,341.3500061035156,9.85,10.0,9.925,9.57,1.5,0.32379826599121087,-0.25724,0.00605,-0.09061,0.53137,8.9609,31.0,39,3041
GOOGL261218P00320000,GOOGL,2026-12-18,85,P,320.0,-6.25,341.3500061035156,11.6,11.7,11.65,11.5,0.9,0.32285223052978507,-0.29039,0.00644,-0.09514,0.56422,10.5333,34.6,94,8299
GOOGL261218P00325000,GOOGL,2026-12-18,85,P,325.0,-4.79,341.3500061035156,13.1,13.5,13.3,12.7,3.0,0.3205634350585937,-0.32461,0.00681,-0.09826,0.59258,12.2033,38.2,108,2763
GOOGL261218P00330000,GOOGL,2026-12-18,85,P,330.0,-3.33,341.3500061035156,15.2,15.5,15.35,15.4,2.0,0.31854929504394525,-0.36038,0.00713,-0.1005,0.6165,14.0658,41.9,282,6408
GOOGL261218P00335000,GOOGL,2026-12-18,85,P,335.0,-1.86,341.3500061035156,17.3,17.7,17.5,17.15,2.3,0.31677929321289056,-0.39735,0.00739,-0.10175,0.63529,16.1259,45.7,66,2323
GOOGL261218P00340000,GOOGL,2026-12-18,85,P,340.0,-0.4,341.3500061035156,19.8,20.05,19.925,19.93,1.3,0.3144294631958008,-0.43511,0.0076,-0.10165,0.64845,18.3343,49.5,250,3150
GOOGL261218P00345000,GOOGL,2026-12-18,85,P,345.0,1.07,341.3500061035156,22.3,22.7,22.5,22.55,1.8,0.31372756591796874,-0.4733,0.0077,-0.10102,0.65569,20.8373,53.4,108,3174
GOOGL261218P00350000,GOOGL,2026-12-18,85,P,350.0,2.53,341.3500061035156,25.05,25.45,25.25,25.78,1.6,0.3117134259033203,-0.51166,0.00777,-0.09874,0.65688,23.442,57.1,95,6456
GOOGL261218P00355000,GOOGL,2026-12-18,85,P,355.0,4.0,341.3500061035156,28.0,28.5,28.25,28.5,1.8,0.3114692877197265,-0.54924,0.00772,-0.09605,0.65215,26.3473,60.8,23,1084
GOOGL261218P00360000,GOOGL,2026-12-18,85,P,360.0,5.46,341.3500061035156,31.15,31.55,31.35,31.4,1.3,0.30844807769775384,-0.58721,0.00766,-0.0912,0.6414,29.2531,64.4,15,1426
GOOGL261218P00365000,GOOGL,2026-12-18,85,P,365.0,6.93,341.3500061035156,34.45,35.1,34.775,34.69,1.9,0.3106453213500976,-0.62163,0.00743,-0.08763,0.62638,32.6656,67.7,1,1566
GOOGL261218P00370000,GOOGL,2026-12-18,85,P,370.0,8.39,341.3500061035156,38.3,38.5,38.4,38.1,0.5,0.3078072149658203,-0.65748,0.00725,-0.08106,0.60527,35.9276,71.0,3,982
GOOGL261218P00375000,GOOGL,2026-12-18,85,P,375.0,9.86,341.3500061035156,41.55,42.3,41.925,39.47,1.8,0.3091194577026367,-0.68907,0.00694,-0.07569,0.5819,39.5977,74.0,40,637
GOOGL261218P00380000,GOOGL,2026-12-18,85,P,380.0,11.32,341.3500061035156,45.2,45.9,45.55,45.77,1.5,0.3042672113037109,-0.72363,0.00667,-0.06683,0.55099,43.0637,77.0,6,1231
GOOGL261218P00385000,GOOGL,2026-12-18,85,P,385.0,12.79,341.3500061035156,48.2,50.1,49.15,46.97,3.9,0.3081734222412109,-0.74926,0.00627,-0.06185,0.52428,47.1501,79.4,40,401
GOOGL261218P00390000,GOOGL,2026-12-18,85,P,390.0,14.25,341.3500061035156,52.85,54.3,53.575,45.13,2.7,0.31009601043701174,-0.77436,0.00588,-0.05568,0.49482,51.2388,81.7,4,614
GOOGL261218P00395000,GOOGL,2026-12-18,85,P,395.0,15.72,341.3500061035156,56.4,58.0,57.2,46.55,2.8,0.2984078948974609,-0.80976,0.00552,-0.04223,0.44735,54.8074,84.6,21,617
GOOGL261218P00400000,GOOGL,2026-12-18,85,P,400.0,17.18,341.3500061035156,60.15,63.15,61.65,61.49,4.9,0.3181220532226562,-0.81471,0.0051,-0.04532,0.44013,59.8912,85.3,6,1074
GOOGL261218P00405000,GOOGL,2026-12-18,85,P,405.0,18.65,341.3500061035156,65.75,66.5,66.125,55.9,1.1,0.29041236938476556,-0.8607,0.00464,-0.02331,0.36539,63.0878,88.9,3,298
GOOGL261218P00410000,GOOGL,2026-12-18,85,P,410.0,20.11,341.3500061035156,69.45,71.7,70.575,60.6,3.2,0.31055376953124997,-0.86119,0.00433,-0.0269,0.36452,68.2345,89.2,3,106
GOOGL261218P00415000,GOOGL,2026-12-18,85,P,415.0,21.58,341.3500061035156,73.65,75.6,74.625,65.6,2.6,0.28882547119140617,-0.8971,0.00377,-0.0087,0.29518,72.0048,92.0,25,247
GOOGL261218P00420000,GOOGL,2026-12-18,85,P,420.0,23.04,341.3500061035156,79.3,80.15,79.725,77.0,1.1,0.2838206384277343,-0.9158,0.0033,0.00015,0.25451,76.4625,93.5,2,47
GOOGL261218P00425000,GOOGL,2026-12-18,85,P,425.0,24.51,341.3500061035156,0.0,0.0,84.05,84.05,,1.0000000000000003e-05,-1.0,0.0,0.04614,0.0,79.7095,100.0,10,0
GOOGL270115C00260000,GOOGL,2027-01-15,113,C,260.0,-23.83,341.3500061035156,86.15,89.1,87.625,100.83,3.4,0.5122119091796875,0.87309,0.00214,-0.11218,0.39513,91.5531,80.4,6,2890
GOOGL270115C00265000,GOOGL,2027-01-15,113,C,265.0,-22.37,341.3500061035156,81.55,84.5,83.025,80.4,3.6,0.4964955136108399,0.86421,0.00231,-0.11375,0.41403,86.9692,79.5,2,5012
GOOGL270115C00270000,GOOGL,2027-01-15,113,C,270.0,-20.9,341.3500061035156,77.3,79.15,78.225,76.0,2.4,0.4637504797363281,0.86121,0.00251,-0.1095,0.42026,81.675,79.6,1,2357
GOOGL270115C00275000,GOOGL,2027-01-15,113,C,275.0,-19.44,341.3500061035156,73.2,75.15,74.175,74.5,2.6,0.4606377178955079,0.84608,0.00271,-0.11496,0.45049,77.6538,77.7,1,2666
GOOGL270115C00280000,GOOGL,2027-01-15,113,C,280.0,-17.97,341.3500061035156,68.85,70.7,69.775,69.55,2.7,0.4467828759765625,0.83424,0.00293,-0.11667,0.47287,73.2053,76.5,4,2954
GOOGL270115C00285000,GOOGL,2027-01-15,113,C,285.0,-16.51,341.3500061035156,63.95,66.1,65.025,64.82,3.3,0.4293269958496094,0.82292,0.00319,-0.11697,0.49327,68.6107,75.4,28,744
GOOGL270115C00290000,GOOGL,2027-01-15,113,C,290.0,-15.04,341.3500061035156,61.0,61.45,61.225,58.8,0.7,0.4105283557128906,0.81115,0.00347,-0.11661,0.51348,63.9664,74.3,4,1740
GOOGL270115C00295000,GOOGL,2027-01-15,113,C,295.0,-13.58,341.3500061035156,56.05,58.4,57.225,55.5,4.1,0.41937836486816404,0.78673,0.00365,-0.12526,0.55235,60.8425,71.3,3,1441
GOOGL270115C00300000,GOOGL,2027-01-15,113,C,300.0,-12.11,341.3500061035156,52.9,53.3,53.1,53.79,0.8,0.3912109219360351,0.77606,0.00403,-0.12126,0.56811,55.7612,70.6,34,7016
GOOGL270115C00305000,GOOGL,2027-01-15,113,C,305.0,-10.65,341.3500061035156,49.45,50.75,50.1,50.04,2.6,0.404028176574707,0.74805,0.00416,-0.13051,0.60604,53.1141,67.1,5,1923
GOOGL270115C00310000,GOOGL,2027-01-15,113,C,310.0,-9.18,341.3500061035156,45.75,46.55,46.15,45.96,1.7,0.38852540191650387,0.7294,0.00449,-0.13001,0.62869,48.8851,65.4,41,4536
GOOGL270115C00315000,GOOGL,2027-01-15,113,C,315.0,-7.72,341.3500061035156,41.25,42.95,42.1,43.2,4.0,0.38092660095214836,0.70658,0.00476,-0.13166,0.65369,45.2284,63.0,15,2142
GOOGL270115C00320000,GOOGL,2027-01-15,113,C,320.0,-6.25,341.3500061035156,39.15,39.9,39.525,39.48,1.9,0.3796753927612304,0.68082,0.00495,-0.13484,0.67848,42.103,60.2,136,4007
GOOGL270115C00325000,GOOGL,2027-01-15,113,C,325.0,-4.79,341.3500061035156,36.1,36.95,36.525,36.0,2.3,0.3779053909301757,0.65449,0.00514,-0.13728,0.70016,39.0762,57.4,9,1624
GOOGL270115C00330000,GOOGL,2027-01-15,113,C,330.0,-3.33,341.3500061035156,33.15,33.55,33.35,33.28,1.2,0.3681093463134766,0.62853,0.00541,-0.13656,0.71803,35.6073,54.9,128,3308
GOOGL270115C00335000,GOOGL,2027-01-15,113,C,335.0,-1.86,341.3500061035156,30.15,30.5,30.325,30.53,1.2,0.3613955462646484,0.60084,0.00563,-0.13619,0.73338,32.4758,52.2,143,1698
GOOGL270115C00340000,GOOGL,2027-01-15,113,C,340.0,-0.4,341.3500061035156,27.7,28.3,28.0,28.04,2.1,0.3642031353759766,0.5722,0.00567,-0.1382,0.74527,30.1813,49.2,508,4279
GOOGL270115C00345000,GOOGL,2027-01-15,113,C,345.0,1.07,341.3500061035156,25.45,25.85,25.65,25.85,1.6,0.36176175354003903,0.54353,0.00577,-0.13787,0.7532,27.64,46.3,72,1867
GOOGL270115C00350000,GOOGL,2027-01-15,113,C,350.0,2.53,341.3500061035156,23.15,23.5,23.325,23.4,1.5,0.35880157806396484,0.51456,0.00585,-0.1367,0.75721,25.1976,43.5,751,25093
GOOGL270115C00355000,GOOGL,2027-01-15,113,C,355.0,4.0,341.3500061035156,21.0,21.55,21.275,21.27,2.6,0.35928985443115236,0.48635,0.00584,-0.13604,0.75727,23.1543,40.7,56,2336
GOOGL270115C00360000,GOOGL,2027-01-15,113,C,360.0,5.46,341.3500061035156,19.05,19.45,19.25,19.2,2.1,0.3559939889526367,0.45739,0.00587,-0.13349,0.75338,20.9607,38.0,356,15130
GOOGL270115C00365000,GOOGL,2027-01-15,113,C,365.0,6.93,341.3500061035156,17.2,17.7,17.45,17.96,2.9,0.35559726440429684,0.42973,0.00582,-0.13135,0.74593,19.1188,35.4,46,2634
GOOGL270115C00370000,GOOGL,2027-01-15,113,C,370.0,8.39,341.3500061035156,15.65,16.0,15.825,15.8,2.2,0.3541324353027343,0.4022,0.00575,-0.12829,0.73483,17.3263,32.8,142,9605
GOOGL270115C00375000,GOOGL,2027-01-15,113,C,375.0,9.86,341.3500061035156,14.0,14.35,14.175,14.71,2.5,0.351645277557373,0.37471,0.00568,-0.12434,0.72003,15.5863,30.3,73,3708
GOOGL270115C00380000,GOOGL,2027-01-15,113,C,380.0,11.32,341.3500061035156,12.7,13.05,12.875,12.8,2.7,0.35242346801757807,0.34982,0.00553,-0.12121,0.70337,14.2012,28.0,316,12535
GOOGL270115C00385000,GOOGL,2027-01-15,113,C,385.0,12.79,341.3500061035156,11.45,11.75,11.6,11.73,2.6,0.35166053619384763,0.32496,0.00539,-0.11711,0.68355,12.8196,25.8,35,1907
GOOGL270115C00390000,GOOGL,2027-01-15,113,C,390.0,14.25,341.3500061035156,10.3,10.65,10.475,10.85,3.3,0.3523319161987304,0.30207,0.00521,-0.11329,0.66242,11.6419,23.7,348,9042
GOOGL270115C00395000,GOOGL,2027-01-15,113,C,395.0,15.72,341.3500061035156,9.3,9.6,9.45,9.7,3.2,0.3523013989257812,0.27978,0.00503,-0.10894,0.6391,10.5162,21.8,5,2012
GOOGL270115C00400000,GOOGL,2027-01-15,113,C,400.0,17.18,341.3500061035156,8.45,8.6,8.525,8.54,1.8,0.3515995016479492,0.25805,0.00484,-0.10409,0.61367,9.4433,19.9,2183,23941
GOOGL270115C00405000,GOOGL,2027-01-15,113,C,405.0,18.65,341.3500061035156,7.5,8.0,7.75,7.9,6.5,0.3563907135009765,0.24177,0.00461,-0.10156,0.5928,8.7861,18.4,35,4134
GOOGL270115C00410000,GOOGL,2027-01-15,113,C,410.0,20.11,341.3500061035156,6.75,6.9,6.825,6.85,2.2,0.35098915618896476,0.2185,0.00442,-0.09434,0.56016,7.6114,16.5,62,10141
GOOGL270115C00415000,GOOGL,2027-01-15,113,C,415.0,21.58,341.3500061035156,6.05,6.2,6.125,6.29,2.4,0.35135536346435536,0.20094,0.00421,-0.08967,0.53323,6.8516,15.1,20,2327
GOOGL270115C00420000,GOOGL,2027-01-15,113,C,420.0,23.04,341.3500061035156,5.45,5.6,5.525,5.65,2.7,0.3524845025634765,0.18512,0.00399,-0.08535,0.50719,6.1996,13.7,44,4432
GOOGL270115C00425000,GOOGL,2027-01-15,113,C,425.0,24.51,341.3500061035156,4.9,5.15,5.025,5.17,5.0,0.35559726440429684,0.17201,0.00378,-0.082,0.48425,5.7033,12.6,28,1939
GOOGL270115P00260000,GOOGL,2027-01-15,113,P,260.0,-23.83,341.3500061035156,1.98,2.06,2.02,1.95,4.0,0.34564863342285157,-0.05751,0.00176,-0.03113,0.21885,1.741,8.3,101,5005
GOOGL270115P00265000,GOOGL,2027-01-15,113,P,265.0,-22.37,341.3500061035156,2.32,2.45,2.385,2.51,5.5,0.34113207702636716,-0.06759,0.00202,-0.03471,0.24821,2.0778,9.6,3,8648
GOOGL270115P00270000,GOOGL,2027-01-15,113,P,270.0,-20.9,341.3500061035156,2.72,2.89,2.805,2.75,6.1,0.33624931335449215,-0.07882,0.0023,-0.03832,0.2792,2.4577,11.0,117,4155
GOOGL270115P00275000,GOOGL,2027-01-15,113,P,275.0,-19.44,341.3500061035156,3.25,3.45,3.35,3.63,6.0,0.33301448242187504,-0.09243,0.00262,-0.04257,0.31458,2.9465,12.7,5,3371
GOOGL270115P00280000,GOOGL,2027-01-15,113,P,280.0,-17.97,341.3500061035156,3.85,4.05,3.95,3.9,5.1,0.3286199951171874,-0.10699,0.00295,-0.04652,0.35009,3.4705,14.5,13,9075
GOOGL270115P00285000,GOOGL,2027-01-15,113,P,285.0,-16.51,341.3500061035156,4.6,4.8,4.7,4.75,4.3,0.32581240600585937,-0.12421,0.00331,-0.05102,0.38926,4.1313,16.5,52,5538
GOOGL270115P00290000,GOOGL,2027-01-15,113,P,290.0,-15.04,341.3500061035156,5.3,5.7,5.5,5.55,7.3,0.32398136962890617,-0.14385,0.00368,-0.0558,0.43057,4.9294,18.9,815,4507
GOOGL270115P00295000,GOOGL,2027-01-15,113,P,295.0,-13.58,341.3500061035156,6.4,6.65,6.525,6.55,3.8,0.32071602142333977,-0.16443,0.00407,-0.05997,0.47041,5.772,21.2,139,3036
GOOGL270115P00300000,GOOGL,2027-01-15,113,P,300.0,-12.11,341.3500061035156,7.55,7.75,7.65,7.6,2.6,0.31806101867675773,-0.18724,0.00445,-0.06414,0.51078,6.7545,23.9,156,16701
GOOGL270115P00305000,GOOGL,2027-01-15,113,P,305.0,-10.65,341.3500061035156,8.65,9.25,8.95,8.75,6.7,0.3200141241455078,-0.21449,0.0048,-0.06956,0.55419,8.1137,27.0,177,3494
GOOGL270115P00310000,GOOGL,2027-01-15,113,P,310.0,-9.18,341.3500061035156,9.85,10.4,10.125,10.1,5.4,0.31354446228027344,-0.23872,0.00521,-0.07175,0.58872,9.1407,29.6,427,7411
GOOGL270115P00315000,GOOGL,2027-01-15,113,P,315.0,-7.72,341.3500061035156,11.55,11.95,11.75,11.65,3.4,0.3113777359008788,-0.26704,0.00556,-0.0749,0.62452,10.5467,32.7,25,4463
GOOGL270115P00320000,GOOGL,2027-01-15,113,P,320.0,-6.25,341.3500061035156,13.2,13.7,13.45,13.55,3.7,0.3098518722534179,-0.29713,0.00588,-0.0777,0.6575,12.1429,35.9,325,7640
GOOGL270115P00325000,GOOGL,2027-01-15,113,P,325.0,-4.79,341.3500061035156,15.25,15.5,15.375,15.4,1.6,0.3067085931396484,-0.32798,0.0062,-0.07934,0.68613,13.7857,39.2,1036,5804
GOOGL270115P00330000,GOOGL,2027-01-15,113,P,330.0,-3.33,341.3500061035156,17.3,17.55,17.425,17.55,1.4,0.30478600494384767,-0.36046,0.00647,-0.08067,0.71088,15.6692,42.6,449,11338
GOOGL270115P00335000,GOOGL,2027-01-15,113,P,335.0,-1.86,341.3500061035156,19.45,19.85,19.65,19.7,2.0,0.3039620385742187,-0.39404,0.00667,-0.0816,0.73082,17.7972,46.0,49,2295
GOOGL270115P00340000,GOOGL,2027-01-15,113,P,340.0,-0.4,341.3500061035156,21.8,22.3,22.05,22.03,2.3,0.3028328994750976,-0.42808,0.00682,-0.08166,0.74536,20.0724,49.5,40,4982
GOOGL270115P00345000,GOOGL,2027-01-15,113,P,345.0,1.07,341.3500061035156,24.45,24.8,24.625,24.53,1.4,0.30011686218261713,-0.46257,0.00697,-0.08042,0.75437,22.3972,52.9,4,2175
GOOGL270115P00350000,GOOGL,2027-01-15,113,P,350.0,2.53,341.3500061035156,27.05,27.8,27.425,27.5,2.7,0.3017342776489258,-0.49655,0.00696,-0.07982,0.75768,25.2173,56.3,7,5742
GOOGL270115P00355000,GOOGL,2027-01-15,113,P,355.0,4.0,341.3500061035156,30.1,31.4,30.75,32.2,4.2,0.30914997497558594,-0.52788,0.00678,-0.08051,0.75586,28.6413,59.6,6,3394
GOOGL270115P00360000,GOOGL,2027-01-15,113,P,360.0,5.46,341.3500061035156,33.15,33.7,33.425,32.61,1.6,0.2971261694335937,-0.56521,0.00697,-0.07377,0.74756,30.7603,62.9,5,3328
GOOGL270115P00365000,GOOGL,2027-01-15,113,P,365.0,6.93,341.3500061035156,36.45,37.0,36.725,38.15,1.5,0.29633272033691405,-0.59822,0.00687,-0.07023,0.73463,33.8861,66.0,23,1071
GOOGL270115P00370000,GOOGL,2027-01-15,113,P,370.0,8.39,341.3500061035156,39.15,40.45,39.8,40.15,3.3,0.29552401260375977,-0.63029,0.00673,-0.0661,0.71693,37.1635,69.0,15,3760
GOOGL270115P00375000,GOOGL,2027-01-15,113,P,375.0,9.86,341.3500061035156,43.25,44.0,43.625,37.25,1.7,0.29410495941162107,-0.66167,0.00655,-0.0612,0.6946,40.5447,71.9,1,1169
GOOGL270115P00380000,GOOGL,2027-01-15,113,P,380.0,11.32,341.3500061035156,46.0,47.7,46.85,48.5,3.6,0.2928232339477538,-0.69177,0.00633,-0.05589,0.66838,44.0775,74.7,64,3801
GOOGL270115P00385000,GOOGL,2027-01-15,113,P,385.0,12.79,341.3500061035156,50.8,51.5,51.15,53.0,1.4,0.2910837493896483,-0.72091,0.00608,-0.05002,0.63834,47.7158,77.3,3,1018
GOOGL270115P00390000,GOOGL,2027-01-15,113,P,390.0,14.25,341.3500061035156,53.75,55.35,54.55,47.65,2.9,0.2880625393676757,-0.74981,0.00581,-0.04328,0.6038,51.4067,79.8,48,1224
GOOGL270115P00395000,GOOGL,2027-01-15,113,P,395.0,15.72,341.3500061035156,57.75,59.5,58.625,60.67,3.0,0.2882151257324218,-0.77424,0.00549,-0.03775,0.57071,55.41,81.9,5,369
GOOGL270115P00400000,GOOGL,2027-01-15,113,P,400.0,17.18,341.3500061035156,61.95,63.7,62.825,62.0,2.8,0.28748271118164054,-0.79782,0.00516,-0.03172,0.53521,59.4673,84.0,2,1168
GOOGL270115P00405000,GOOGL,2027-01-15,113,P,405.0,18.65,341.3500061035156,67.0,67.8,67.4,64.5,1.2,0.2825999475097656,-0.82381,0.00482,-0.02372,0.49169,63.4183,86.2,2,412
GOOGL270115P00410000,GOOGL,2027-01-15,113,P,410.0,20.11,341.3500061035156,70.95,72.2,71.575,61.15,1.7,0.2819896020507812,-0.84388,0.00447,-0.01775,0.45473,67.6866,87.8,4,615
GOOGL270115P00415000,GOOGL,2027-01-15,113,P,415.0,21.58,341.3500061035156,75.65,77.55,76.6,66.7,2.5,0.3028328994750976,-0.84176,0.0042,-0.02199,0.45878,72.9784,87.9,3,77
GOOGL270115P00420000,GOOGL,2027-01-15,113,P,420.0,23.04,341.3500061035156,79.5,81.7,80.6,70.95,2.7,0.2940134075927734,-0.86649,0.00386,-0.01239,0.40923,76.9854,89.9,3,255
GOOGL270115P00425000,GOOGL,2027-01-15,113,P,425.0,24.51,341.3500061035156,84.5,85.9,85.2,84.0,1.6,0.28266098205566403,-0.89182,0.00346,-0.00189,0.35289,81.0396,91.8,180,98
GOOGL270219C00260000,GOOGL,2027-02-19,148,C,260.0,-23.83,341.3500061035156,89.55,91.8,90.675,94.0,2.5,0.5018360363769532,0.85598,0.00208,-0.10523,0.49316,94.8972,77.1,1,471
GOOGL270219C00265000,GOOGL,2027-02-19,148,C,265.0,-22.37,341.3500061035156,84.65,87.35,86.0,83.94,3.1,0.4886525744628907,0.84646,0.00223,-0.10672,0.51472,90.4632,76.1,11,70
GOOGL270219C00270000,GOOGL,2027-02-19,148,C,270.0,-20.9,341.3500061035156,81.1,81.9,81.5,80.6,1.0,0.4571892660522462,0.84297,0.00242,-0.1029,0.52242,85.0827,76.3,1,193
GOOGL270219C00275000,GOOGL,2027-02-19,148,C,275.0,-19.44,341.3500061035156,76.1,78.7,77.4,77.89,3.4,0.4651542742919922,0.82448,0.00255,-0.11009,0.56137,81.8232,73.8,3,104
GOOGL270219C00280000,GOOGL,2027-02-19,148,C,280.0,-17.97,341.3500061035156,72.75,74.05,73.4,73.43,1.8,0.4472406350708008,0.81461,0.00275,-0.10979,0.58096,77.1917,72.9,4,640
GOOGL270219C00285000,GOOGL,2027-02-19,148,C,285.0,-16.51,341.3500061035156,68.6,69.7,69.15,65.8,1.6,0.4338435522460938,0.80231,0.00295,-0.1106,0.60428,72.8406,71.7,1,18
GOOGL270219C00290000,GOOGL,2027-02-19,148,C,290.0,-15.04,341.3500061035156,65.15,67.05,66.1,62.94,2.9,0.4453485641479492,0.78049,0.00305,-0.11822,0.64276,70.1027,68.8,1,67
GOOGL270219C00295000,GOOGL,2027-02-19,148,C,295.0,-13.58,341.3500061035156,60.4,63.3,61.85,60.3,4.7,0.43863476409912117,0.7643,0.00323,-0.12047,0.66906,66.3208,67.0,1,112
GOOGL270219C00300000,GOOGL,2027-02-19,148,C,300.0,-12.11,341.3500061035156,57.4,59.7,58.55,55.14,3.9,0.4328975167846679,0.74701,0.0034,-0.12273,0.69509,62.6777,65.2,1,234
GOOGL270219C00305000,GOOGL,2027-02-19,148,C,305.0,-10.65,341.3500061035156,54.2,55.0,54.6,52.2,1.5,0.41132180480957037,0.73328,0.00368,-0.12033,0.71429,57.9778,64.1,2,89
GOOGL270219C00310000,GOOGL,2027-02-19,148,C,310.0,-9.18,341.3500061035156,50.85,52.45,51.65,49.2,3.1,0.41748629394531245,0.711,0.00377,-0.1253,0.74283,55.3399,61.4,1,83
GOOGL270219C00315000,GOOGL,2027-02-19,148,C,315.0,-7.72,341.3500061035156,47.6,48.05,47.825,46.8,0.9,0.3983977397155762,0.69408,0.00405,-0.123,0.76239,50.9155,60.0,6,98
GOOGL270219C00320000,GOOGL,2027-02-19,148,C,320.0,-6.25,341.3500061035156,43.9,44.95,44.425,45.4,2.4,0.3948424774169922,0.6726,0.00421,-0.1246,0.78467,47.7433,57.8,12,167
GOOGL270219C00325000,GOOGL,2027-02-19,148,C,325.0,-4.79,341.3500061035156,40.6,42.35,41.475,42.65,4.2,0.3960326510620118,0.6499,0.0043,-0.1271,0.8052,45.0575,55.3,2,43
GOOGL270219C00330000,GOOGL,2027-02-19,148,C,330.0,-3.33,341.3500061035156,38.7,39.75,39.225,39.4,2.7,0.39572747833251964,0.62724,0.0044,-0.1288,0.82266,42.3718,52.9,17,753
GOOGL270219C00335000,GOOGL,2027-02-19,148,C,335.0,-1.86,341.3500061035156,35.75,37.1,36.425,36.88,3.7,0.3934386828613281,0.60448,0.0045,-0.12955,0.83724,39.6367,50.6,21,322
GOOGL270219C00340000,GOOGL,2027-02-19,148,C,340.0,-0.4,341.3500061035156,33.05,34.0,33.525,34.25,2.8,0.3846191909790039,0.58116,0.00467,-0.12808,0.84914,36.458,48.4,23,479
GOOGL270219C00345000,GOOGL,2027-02-19,148,C,345.0,1.07,341.3500061035156,31.05,31.45,31.25,31.45,1.3,0.38091134231567375,0.55737,0.00477,-0.12758,0.85817,33.8171,46.1,16,533
GOOGL270219C00350000,GOOGL,2027-02-19,148,C,350.0,2.53,341.3500061035156,27.8,29.35,28.575,28.9,5.4,0.3810791873168945,0.53389,0.0048,-0.12774,0.86402,31.6223,43.7,176,1452
GOOGL270219C00355000,GOOGL,2027-02-19,148,C,355.0,4.0,341.3500061035156,26.6,27.7,27.15,26.65,4.1,0.3850922087097168,0.51151,0.00476,-0.12863,0.86679,29.8751,41.4,20,454
GOOGL270219C00360000,GOOGL,2027-02-19,148,C,360.0,5.46,341.3500061035156,24.55,25.05,24.8,25.2,2.0,0.3763184927368164,0.48624,0.00487,-0.1254,0.86663,27.1308,39.2,39,1202
GOOGL270219C00365000,GOOGL,2027-02-19,148,C,365.0,6.93,341.3500061035156,22.7,23.15,22.925,22.6,2.0,0.3748994395446777,0.46283,0.00487,-0.12391,0.86338,25.134,37.0,18,556
GOOGL270219C00370000,GOOGL,2027-02-19,148,C,370.0,8.39,341.3500061035156,20.85,21.4,21.125,21.25,2.6,0.3739839213562011,0.43989,0.00485,-0.12222,0.85729,23.2883,34.8,121,346
GOOGL270219C00375000,GOOGL,2027-02-19,148,C,375.0,9.86,341.3500061035156,19.25,20.15,19.7,18.58,4.6,0.37779858047485343,0.41953,0.00476,-0.12171,0.84945,21.9488,32.9,13,258
GOOGL270219C00380000,GOOGL,2027-02-19,148,C,380.0,11.32,341.3500061035156,17.75,19.05,18.4,17.98,7.1,0.3823609127807617,0.40045,0.00465,-0.12121,0.84001,20.7636,31.0,14,1453
GOOGL270219C00385000,GOOGL,2027-02-19,148,C,385.0,12.79,341.3500061035156,15.9,16.85,16.375,15.63,5.8,0.3723817645263672,0.37429,0.00468,-0.11561,0.82373,18.4606,28.9,15,186
GOOGL270219C00390000,GOOGL,2027-02-19,148,C,390.0,14.25,341.3500061035156,14.75,15.85,15.3,14.75,7.2,0.37601332000732424,0.35606,0.00456,-0.11432,0.81008,17.3803,27.1,77,549
GOOGL270219C00395000,GOOGL,2027-02-19,148,C,395.0,15.72,341.3500061035156,13.5,14.15,13.825,13.81,4.7,0.36960469268798823,0.33227,0.00452,-0.10928,0.78933,15.5808,25.2,42,261
GOOGL270219C00400000,GOOGL,2027-02-19,148,C,400.0,17.18,341.3500061035156,12.7,13.05,12.875,12.75,2.7,0.3698183135986328,0.31324,0.00441,-0.10638,0.7703,14.4003,23.5,90,1635
GOOGL270219C00410000,GOOGL,2027-02-19,148,C,410.0,20.11,341.3500061035156,10.7,10.95,10.825,10.85,2.3,0.3683992604064942,0.27601,0.00417,-0.09943,0.72659,12.1391,20.3,73,946
GOOGL270219C00420000,GOOGL,2027-02-19,148,C,420.0,23.04,341.3500061035156,8.95,9.25,9.1,9.05,3.3,0.3686891744995118,0.24299,0.00391,-0.0927,0.68028,10.2963,17.6,28,769
GOOGL270219P00260000,GOOGL,2027-02-19,148,P,260.0,-23.83,341.3500061035156,3.35,3.6,3.475,3.58,7.2,0.35028725891113277,-0.08006,0.00195,-0.03493,0.32331,3.0317,11.9,17,1507
GOOGL270219P00265000,GOOGL,2027-02-19,148,P,265.0,-22.37,341.3500061035156,3.9,4.15,4.025,4.25,6.2,0.3460148406982422,-0.09129,0.00218,-0.0379,0.35673,3.505,13.3,4,857
GOOGL270219P00270000,GOOGL,2027-02-19,148,P,270.0,-20.9,341.3500061035156,4.5,4.85,4.675,4.8,7.5,0.34363449340820307,-0.10471,0.00243,-0.04143,0.39446,4.1111,15.0,10,451
GOOGL270219P00275000,GOOGL,2027-02-19,148,P,275.0,-19.44,341.3500061035156,5.25,5.6,5.425,5.95,6.5,0.34052173156738286,-0.119,0.00269,-0.04475,0.43225,4.7636,16.8,101,577
GOOGL270219P00280000,GOOGL,2027-02-19,148,P,280.0,-17.97,341.3500061035156,6.05,6.45,6.25,6.74,6.4,0.33765310791015624,-0.13471,0.00295,-0.04811,0.47124,5.5058,18.7,38,2318
GOOGL270219P00285000,GOOGL,2027-02-19,148,P,285.0,-16.51,341.3500061035156,6.95,7.4,7.175,7.37,6.3,0.3348760360717773,-0.15179,0.00323,-0.05142,0.51083,6.3388,20.7,1,1138
GOOGL270219P00290000,GOOGL,2027-02-19,148,P,290.0,-15.04,341.3500061035156,8.0,8.5,8.25,8.8,6.1,0.33289241333007813,-0.17065,0.00351,-0.05483,0.5514,7.3083,23.0,31,2472
GOOGL270219P00295000,GOOGL,2027-02-19,148,P,295.0,-13.58,341.3500061035156,9.2,9.75,9.475,10.05,5.8,0.33151913604736327,-0.19115,0.00378,-0.05823,0.59203,8.4188,25.4,144,2431
GOOGL270219P00300000,GOOGL,2027-02-19,148,P,300.0,-12.11,341.3500061035156,10.55,11.0,10.775,10.73,4.2,0.32828430511474604,-0.21191,0.00406,-0.06088,0.62978,9.5272,27.7,5,2502
GOOGL270219P00305000,GOOGL,2027-02-19,148,P,305.0,-10.65,341.3500061035156,12.0,12.4,12.2,12.32,3.3,0.32553775054931633,-0.23421,0.00433,-0.06338,0.66671,10.7745,30.2,6,1402
GOOGL270219P00310000,GOOGL,2027-02-19,148,P,310.0,-9.18,341.3500061035156,13.65,14.3,13.975,14.7,4.7,0.3278875805664062,-0.25996,0.00455,-0.067,0.70499,12.4957,33.2,10,1537
GOOGL270219P00315000,GOOGL,2027-02-19,148,P,315.0,-7.72,341.3500061035156,15.25,15.75,15.5,16.03,3.2,0.32233343688964833,-0.28331,0.00483,-0.06802,0.73585,13.7883,35.7,26,1070
GOOGL270219P00320000,GOOGL,2027-02-19,148,P,320.0,-6.25,341.3500061035156,17.1,17.55,17.325,18.55,2.6,0.31973946868896475,-0.309,0.00507,-0.06947,0.76576,15.4147,38.4,22,888
GOOGL270219P00325000,GOOGL,2027-02-19,148,P,325.0,-4.79,341.3500061035156,19.15,19.55,19.35,20.55,2.1,0.3179084323120117,-0.33586,0.00528,-0.07068,0.79267,17.2307,41.2,3,529
GOOGL270219P00330000,GOOGL,2027-02-19,148,P,330.0,-3.33,341.3500061035156,21.2,21.75,21.475,23.33,2.6,0.31674877593994133,-0.36358,0.00545,-0.0716,0.81594,19.2376,44.1,152,706
GOOGL270219P00335000,GOOGL,2027-02-19,148,P,335.0,-1.86,341.3500061035156,23.5,24.05,23.775,24.25,2.3,0.31510084320068354,-0.39176,0.00561,-0.0719,0.83503,21.3447,47.0,42,683
GOOGL270219P00340000,GOOGL,2027-02-19,148,P,340.0,-0.4,341.3500061035156,25.85,26.45,26.15,26.27,2.3,0.3129188581848144,-0.42038,0.00575,-0.07153,0.84982,23.5463,49.9,364,1226
GOOGL270219P00345000,GOOGL,2027-02-19,148,P,345.0,1.07,341.3500061035156,28.5,29.2,28.85,28.51,2.4,0.3131172204589844,-0.4492,0.00581,-0.07132,0.86011,26.0919,52.9,7,675
GOOGL270219P00350000,GOOGL,2027-02-19,148,P,350.0,2.53,341.3500061035156,31.2,32.0,31.6,32.6,2.5,0.3122627368164062,-0.47802,0.00587,-0.07031,0.86583,28.6889,55.7,1,607
GOOGL270219P00355000,GOOGL,2027-02-19,148,P,355.0,4.0,341.3500061035156,34.05,34.6,34.325,36.05,1.6,0.30748678359985343,-0.50779,0.00597,-0.06766,0.86699,31.0849,58.5,1,211
GOOGL270219P00360000,GOOGL,2027-02-19,148,P,360.0,5.46,341.3500061035156,37.05,38.5,37.775,34.25,3.8,0.31619946502685536,-0.53306,0.00578,-0.06856,0.86417,34.785,61.2,1,1199
GOOGL270219P00365000,GOOGL,2027-02-19,148,P,365.0,6.93,341.3500061035156,40.2,41.05,40.625,30.93,2.1,0.3076546286010742,-0.56403,0.00589,-0.0638,0.85596,37.1276,63.9,10,255
GOOGL270219P00370000,GOOGL,2027-02-19,148,P,370.0,8.39,341.3500061035156,43.25,44.1,43.675,35.95,1.9,0.3032906585693359,-0.59358,0.00588,-0.05981,0.84318,39.969,66.6,11,91
GOOGL270219P00375000,GOOGL,2027-02-19,148,P,375.0,9.86,341.3500061035156,46.7,48.0,47.35,38.9,2.7,0.30776143905639647,-0.61753,0.0057,-0.05833,0.82924,43.6792,69.0,10,42
GOOGL270219P00380000,GOOGL,2027-02-19,148,P,380.0,11.32,341.3500061035156,50.3,51.05,50.675,42.12,1.5,0.3001778967285156,-0.6483,0.00569,-0.05244,0.80652,46.517,71.6,1,40
GOOGL270219P00385000,GOOGL,2027-02-19,148,P,385.0,12.79,341.3500061035156,52.95,54.8,53.875,51.7,3.4,0.2998727239990234,-0.67356,0.00553,-0.04871,0.78373,50.0733,73.9,2,3
GOOGL270219P00390000,GOOGL,2027-02-19,148,P,390.0,14.25,341.3500061035156,0.0,0.0,58.9,58.9,,1.0000000000000003e-05,-1.0,0.0,0.04205,0.0,42.3755,100.0,41,0
GOOGL270219P00395000,GOOGL,2027-02-19,148,P,395.0,15.72,341.3500061035156,61.15,62.3,61.725,54.85,1.9,0.29477633941650383,-0.72489,0.00521,-0.03886,0.72542,57.1839,78.4,3,5
GOOGL270219P00400000,GOOGL,2027-02-19,148,P,400.0,17.18,341.3500061035156,65.3,67.35,66.325,63.64,3.1,0.3092415267944336,-0.73381,0.00488,-0.04029,0.71358,62.1068,79.4,8,29
GOOGL270219P00410000,GOOGL,2027-02-19,148,P,410.0,20.11,341.3500061035156,73.5,74.6,74.05,84.25,1.5,0.2914194393920897,-0.79026,0.00455,-0.02451,0.62599,68.9501,84.0,18,21
GOOGL270319C00260000,GOOGL,2027-03-19,176,C,260.0,-23.83,341.3500061035156,90.75,92.4,91.575,88.1,1.8,0.4708610043334961,0.8543,0.00205,-0.09393,0.54201,96.0761,76.7,1,92
GOOGL270319C00265000,GOOGL,2027-03-19,176,C,265.0,-22.37,341.3500061035156,87.1,88.3,87.7,85.75,1.4,0.46411668701171876,0.84293,0.00219,-0.09658,0.56979,91.974,75.3,2,44
GOOGL270319C00270000,GOOGL,2027-03-19,176,C,270.0,-20.9,341.3500061035156,83.2,84.85,84.025,83.47,2.0,0.46674117248535163,0.82768,0.00231,-0.10149,0.60504,88.4846,73.3,51,365
GOOGL270319C00275000,GOOGL,2027-03-19,176,C,275.0,-19.44,341.3500061035156,78.2,79.85,79.025,87.75,2.1,0.4443720114135742,0.82049,0.00249,-0.09992,0.62091,83.5299,72.9,1,152
GOOGL270319C00280000,GOOGL,2027-03-19,176,C,280.0,-17.97,341.3500061035156,74.25,76.25,75.25,72.87,2.7,0.4426935614013672,0.80536,0.00262,-0.10347,0.65278,79.8948,71.0,1,1223
GOOGL270319C00285000,GOOGL,2027-03-19,176,C,285.0,-16.51,341.3500061035156,70.4,73.3,71.85,69.18,4.0,0.44870546417236323,0.7872,0.00273,-0.10878,0.68846,76.8742,68.6,1,270
GOOGL270319C00290000,GOOGL,2027-03-19,176,C,290.0,-15.04,341.3500061035156,66.6,68.3,67.45,67.51,2.5,0.4255123367309571,0.77779,0.00295,-0.10654,0.70586,71.9054,68.1,70,466
GOOGL270319C00295000,GOOGL,2027-03-19,176,C,295.0,-13.58,341.3500061035156,63.95,64.65,64.3,62.25,1.1,0.4200497448730469,0.76185,0.00311,-0.10858,0.73376,68.2173,66.3,14,94
GOOGL270319C00300000,GOOGL,2027-03-19,176,C,300.0,-12.11,341.3500061035156,60.2,62.5,61.35,60.5,3.7,0.43234820587158207,0.74036,0.00316,-0.11484,0.7683,65.9597,63.5,16,1093
GOOGL270319C00305000,GOOGL,2027-03-19,176,C,305.0,-10.65,341.3500061035156,56.25,57.55,56.9,55.55,2.3,0.4086210261535644,0.72796,0.00343,-0.11187,0.78668,61.0217,62.7,11,360
GOOGL270319C00310000,GOOGL,2027-03-19,176,C,310.0,-9.18,341.3500061035156,53.65,54.2,53.925,52.5,1.0,0.40381455566406255,0.70971,0.00358,-0.11336,0.81175,57.6116,60.7,5,350
GOOGL270319C00315000,GOOGL,2027-03-19,176,C,315.0,-7.72,341.3500061035156,50.5,52.6,51.55,48.65,4.1,0.41817293258666993,0.68732,0.00357,-0.1193,0.83936,55.8907,57.8,13,486
GOOGL270319C00320000,GOOGL,2027-03-19,176,C,320.0,-6.25,341.3500061035156,47.45,48.3,47.875,48.0,1.8,0.4001830001831055,0.67031,0.00382,-0.11698,0.85809,51.56,56.5,2,612
GOOGL270319C00325000,GOOGL,2027-03-19,176,C,325.0,-4.79,341.3500061035156,44.6,45.6,45.1,44.0,2.2,0.3993895510864258,0.64995,0.00391,-0.11859,0.87801,48.775,54.3,2,649
GOOGL270319C00330000,GOOGL,2027-03-19,176,C,330.0,-3.33,341.3500061035156,42.0,42.7,42.35,40.95,1.7,0.39523920196533213,0.62957,0.00403,-0.11906,0.8953,45.7943,52.2,92,665
GOOGL270319C00335000,GOOGL,2027-03-19,176,C,335.0,-1.86,341.3500061035156,39.15,40.1,39.625,39.7,2.4,0.39325557922363286,0.6087,0.00412,-0.11975,0.9103,43.1051,50.1,20,1090
GOOGL270319C00340000,GOOGL,2027-03-19,176,C,340.0,-0.4,341.3500061035156,36.75,37.1,36.925,37.42,0.9,0.38590091644287106,0.58736,0.00426,-0.11876,0.92287,40.0218,48.1,178,1324
GOOGL270319C00345000,GOOGL,2027-03-19,176,C,345.0,1.07,341.3500061035156,33.95,34.6,34.275,34.25,1.9,0.38281867187499996,0.56571,0.00434,-0.1185,0.93277,37.4278,46.0,35,617
GOOGL270319C00350000,GOOGL,2027-03-19,176,C,350.0,2.53,341.3500061035156,31.95,32.3,32.125,32.2,1.1,0.3807434973144531,0.54399,0.00439,-0.11817,0.93987,35.0293,43.9,56,2477
GOOGL270319C00355000,GOOGL,2027-03-19,176,C,355.0,4.0,341.3500061035156,29.75,30.45,30.1,30.0,2.3,0.38231513687133784,0.52301,0.00439,-0.11848,0.94405,33.0771,41.8,27,722
GOOGL270319C00360000,GOOGL,2027-03-19,176,C,360.0,5.46,341.3500061035156,27.6,28.05,27.825,28.1,1.6,0.3770203900146484,0.50055,0.00446,-0.11666,0.94563,30.5782,39.7,28,1253
GOOGL270319C00365000,GOOGL,2027-03-19,176,C,365.0,6.93,341.3500061035156,25.15,26.05,25.6,26.35,3.5,0.37485366363525385,0.47882,0.00448,-0.11535,0.94429,28.4749,37.7,57,1068
GOOGL270319C00370000,GOOGL,2027-03-19,176,C,370.0,8.39,341.3500061035156,24.05,24.25,24.15,24.8,0.8,0.3737703004455566,0.45762,0.00448,-0.11405,0.94029,26.5726,35.7,77,1455
GOOGL270319C00375000,GOOGL,2027-03-19,176,C,375.0,9.86,341.3500061035156,22.25,22.6,22.425,21.8,1.6,0.3732667654418945,0.43695,0.00445,-0.11265,0.93379,24.8209,33.8,13,956
GOOGL270319C00380000,GOOGL,2027-03-19,176,C,380.0,11.32,341.3500061035156,20.6,20.85,20.725,20.75,1.2,0.37067279724121094,0.41563,0.00444,-0.11037,0.9244,22.9688,31.9,43,1438
GOOGL270319C00385000,GOOGL,2027-03-19,176,C,385.0,12.79,341.3500061035156,18.75,19.4,19.075,19.7,3.4,0.37036762451171873,0.39577,0.00439,-0.10854,0.91317,21.4206,30.1,25,1036
GOOGL270319C00390000,GOOGL,2027-03-19,176,C,390.0,14.25,341.3500061035156,17.75,18.05,17.9,18.2,1.7,0.37021503814697265,0.37649,0.00433,-0.10655,0.89994,19.9732,28.4,32,1902
GOOGL270319C00395000,GOOGL,2027-03-19,176,C,395.0,15.72,341.3500061035156,16.45,17.25,16.85,15.7,4.7,0.3754945263671875,0.3611,0.00421,-0.10611,0.88772,19.0904,26.9,6,875
GOOGL270319C00400000,GOOGL,2027-03-19,176,C,400.0,17.18,341.3500061035156,15.3,15.55,15.425,15.3,1.6,0.3694521063232422,0.33922,0.00418,-0.10187,0.86775,17.285,25.1,331,7039
GOOGL270319C00405000,GOOGL,2027-03-19,176,C,405.0,18.65,341.3500061035156,14.15,14.4,14.275,14.45,1.8,0.36890279541015625,0.3213,0.0041,-0.09925,0.84909,16.0444,23.6,22,658
GOOGL270319C00410000,GOOGL,2027-03-19,176,C,410.0,20.11,341.3500061035156,13.05,13.3,13.175,13.2,1.9,0.36807882904052736,0.30373,0.00401,-0.09639,0.82874,14.856,22.1,24,1027
GOOGL270319C00415000,GOOGL,2027-03-19,176,C,415.0,21.58,341.3500061035156,12.1,12.3,12.2,12.3,1.6,0.3676515872192383,0.28704,0.00391,-0.09356,0.80746,13.7724,20.7,15,326
GOOGL270319C00420000,GOOGL,2027-03-19,176,C,420.0,23.04,341.3500061035156,11.0,11.35,11.175,11.65,3.1,0.3669802072143554,0.27075,0.00381,-0.09055,0.78482,12.7377,19.3,180,2239
GOOGL270319C00425000,GOOGL,2027-03-19,176,C,425.0,24.51,341.3500061035156,10.15,10.55,10.35,10.55,3.9,0.367544776763916,0.25604,0.00369,-0.08792,0.76276,11.863,18.1,7,411
GOOGL270319P00260000,GOOGL,2027-03-19,176,P,260.0,-23.83,341.3500061035156,4.25,4.55,4.4,4.45,6.8,0.34442794250488284,-0.09038,0.002,-0.03398,0.38612,3.79,13.6,13,5909
GOOGL270319P00265000,GOOGL,2027-03-19,176,P,265.0,-22.37,341.3500061035156,4.95,5.4,5.175,5.25,8.7,0.34497725341796875,-0.10435,0.00221,-0.03765,0.42906,4.5236,15.4,3,1138
GOOGL270319P00270000,GOOGL,2027-03-19,176,P,270.0,-20.9,341.3500061035156,5.75,6.05,5.9,6.15,5.1,0.33960621337890623,-0.11623,0.00243,-0.03982,0.46359,5.0766,16.9,11,8032
GOOGL270319P00275000,GOOGL,2027-03-19,176,P,275.0,-19.44,341.3500061035156,6.5,7.05,6.775,7.0,8.1,0.3394231097412109,-0.13206,0.00266,-0.04329,0.50691,5.9455,18.9,3,1273
GOOGL270319P00280000,GOOGL,2027-03-19,176,P,280.0,-17.97,341.3500061035156,7.35,7.85,7.6,7.6,6.6,0.3340520697021484,-0.14612,0.00289,-0.04534,0.54306,6.6316,20.6,812,5318
GOOGL270319P00285000,GOOGL,2027-03-19,176,P,285.0,-16.51,341.3500061035156,8.55,8.95,8.75,9.9,4.6,0.3322515505981446,-0.16331,0.00313,-0.04823,0.58447,7.5898,22.7,266,1670
GOOGL270319P00290000,GOOGL,2027-03-19,176,P,290.0,-15.04,341.3500061035156,9.65,10.25,9.95,9.85,6.0,0.33185482604980465,-0.18237,0.00336,-0.05134,0.62709,8.7329,25.0,165,4073
GOOGL270319P00295000,GOOGL,2027-03-19,176,P,295.0,-13.58,341.3500061035156,10.8,11.3,11.05,11.15,4.5,0.3262396478271484,-0.19973,0.00362,-0.05293,0.66306,9.6417,26.9,2,2682
GOOGL270319P00300000,GOOGL,2027-03-19,176,P,300.0,-12.11,341.3500061035156,12.25,12.65,12.45,12.6,3.2,0.32349309326171866,-0.21976,0.00386,-0.05505,0.7014,10.8288,29.2,100,8536
GOOGL270319P00305000,GOOGL,2027-03-19,176,P,305.0,-10.65,341.3500061035156,13.85,14.3,14.075,14.15,3.2,0.323126885986328,-0.24198,0.00408,-0.05755,0.74017,12.2953,31.7,120,1969
GOOGL270319P00310000,GOOGL,2027-03-19,176,P,310.0,-9.18,341.3500061035156,15.65,15.9,15.775,15.6,1.6,0.3205329177856445,-0.2641,0.0043,-0.05919,0.77504,13.7139,34.2,14,3618
GOOGL270319P00315000,GOOGL,2027-03-19,176,P,315.0,-7.72,341.3500061035156,17.4,18.05,17.725,17.7,3.7,0.32298955825805653,-0.28899,0.00446,-0.0618,0.81005,15.6535,37.0,3,3253
GOOGL270319P00320000,GOOGL,2027-03-19,176,P,320.0,-6.25,341.3500061035156,19.05,19.6,19.325,19.23,2.8,0.31688610366821285,-0.31164,0.00471,-0.06193,0.83816,17.0212,39.3,16,4872
GOOGL270319P00325000,GOOGL,2027-03-19,176,P,325.0,-4.79,341.3500061035156,21.3,21.55,21.425,21.2,1.2,0.31401748001098634,-0.3363,0.0049,-0.06252,0.86486,18.7682,41.9,3,1676
GOOGL270319P00330000,GOOGL,2027-03-19,176,P,330.0,-3.33,341.3500061035156,23.2,23.8,23.5,23.55,2.6,0.3130256686401367,-0.36205,0.00505,-0.06319,0.88851,20.8024,44.6,47,3490
GOOGL270319P00335000,GOOGL,2027-03-19,176,P,335.0,-1.86,341.3500061035156,25.8,26.15,25.975,25.75,1.3,0.31168290863037107,-0.38817,0.00519,-0.06339,0.90823,22.9356,47.3,1,1425
GOOGL270319P00340000,GOOGL,2027-03-19,176,P,340.0,-0.4,341.3500061035156,28.1,28.55,28.325,28.23,1.6,0.30942463043212887,-0.41463,0.00531,-0.06295,0.92389,25.114,50.0,14,2303
GOOGL270319P00345000,GOOGL,2027-03-19,176,P,345.0,1.07,341.3500061035156,30.7,31.45,31.075,32.4,2.4,0.31107256317138665,-0.44115,0.00535,-0.06311,0.93532,27.7854,52.7,1,1425
GOOGL270319P00350000,GOOGL,2027-03-19,176,P,350.0,2.53,341.3500061035156,32.75,33.8,33.275,33.35,3.2,0.30550316085815427,-0.46851,0.00549,-0.06101,0.94268,29.9106,55.3,12,3330
GOOGL270319P00355000,GOOGL,2027-03-19,176,P,355.0,4.0,341.3500061035156,36.3,36.65,36.475,36.2,1.0,0.30383996948242187,-0.49558,0.00554,-0.05952,0.94557,32.53,57.9,2,573
GOOGL270319P00360000,GOOGL,2027-03-19,176,P,360.0,5.46,341.3500061035156,38.9,39.6,39.25,41.27,1.8,0.3018716053771973,-0.52271,0.00557,-0.05755,0.94409,35.2484,60.5,1,1762
GOOGL270319P00365000,GOOGL,2027-03-19,176,P,365.0,6.93,341.3500061035156,42.45,42.75,42.6,44.0,0.7,0.3006966903686523,-0.54936,0.00555,-0.05543,0.93838,38.1678,63.0,2,2232
GOOGL270319P00370000,GOOGL,2027-03-19,176,P,370.0,8.39,341.3500061035156,44.7,46.25,45.475,45.75,3.4,0.3020089331054688,-0.57436,0.00548,-0.05369,0.92915,41.4413,65.4,11,570
GOOGL270319P00375000,GOOGL,2027-03-19,176,P,375.0,9.86,341.3500061035156,48.95,49.55,49.25,50.9,1.2,0.2998422067260742,-0.60057,0.00543,-0.05063,0.91542,44.5098,67.8,1,755
GOOGL270319P00380000,GOOGL,2027-03-19,176,P,380.0,11.32,341.3500061035156,52.45,52.75,52.6,54.9,0.6,0.29518832260131833,-0.62805,0.00541,-0.04648,0.89648,47.4743,70.3,15,2098
GOOGL270319P00385000,GOOGL,2027-03-19,176,P,385.0,12.79,341.3500061035156,54.5,56.6,55.55,45.19,3.8,0.2967294448852539,-0.65076,0.00526,-0.04401,0.87727,51.1086,72.4,2,213
GOOGL270319P00390000,GOOGL,2027-03-19,176,P,390.0,14.25,341.3500061035156,58.8,59.9,59.35,61.49,1.9,0.29041236938476556,-0.67876,0.0052,-0.03872,0.84903,54.17,74.7,1,323
GOOGL270319P00395000,GOOGL,2027-03-19,176,P,395.0,15.72,341.3500061035156,63.0,63.9,63.45,51.8,1.4,0.29132788757324213,-0.70024,0.00503,-0.03564,0.82384,57.9592,76.7,10,279
GOOGL270319P00400000,GOOGL,2027-03-19,176,P,400.0,17.18,341.3500061035156,66.15,67.55,66.85,70.0,2.1,0.28647564117431634,-0.72596,0.00491,-0.03037,0.78956,61.38,78.8,4,331
GOOGL270319P00405000,GOOGL,2027-03-19,176,P,405.0,18.65,341.3500061035156,70.7,71.75,71.225,58.65,1.5,0.28769633209228507,-0.74519,0.00471,-0.02714,0.76085,65.3813,80.5,20,19
GOOGL270319P00410000,GOOGL,2027-03-19,176,P,410.0,20.11,341.3500061035156,0.0,0.0,77.1,77.1,,1.0000000000000003e-05,-1.0,0.0,0.04407,0.0,60.8178,100.0,14,0
GOOGL270319P00415000,GOOGL,2027-03-19,176,P,415.0,21.58,341.3500061035156,0.0,0.0,78.4,78.4,,1.0000000000000003e-05,-1.0,0.0,0.04461,0.0,65.7223,100.0,0,0
GOOGL270319P00420000,GOOGL,2027-03-19,176,P,420.0,23.04,341.3500061035156,83.05,84.05,83.55,74.45,1.2,0.27985339294433587,-0.808,0.00412,-0.0128,0.64736,77.0617,85.7,1,75
GOOGL270319P00425000,GOOGL,2027-03-19,176,P,425.0,24.51,341.3500061035156,87.2,88.3,87.75,86.8,1.3,0.27686270019531245,-0.82732,0.00389,-0.00782,0.60586,81.1135,87.2,3,2
GOOGL270416C00270000,GOOGL,2027-04-16,204,C,270.0,-20.9,341.3500061035156,84.65,86.25,85.45,86.23,1.9,0.45371029693603515,0.82299,0.00224,-0.09456,0.6626,90.4008,72.2,1,2
GOOGL270416C00280000,GOOGL,2027-04-16,204,C,280.0,-17.97,341.3500061035156,76.3,79.05,77.675,75.05,3.5,0.4484002914428711,0.7954,0.00248,-0.10024,0.72422,83.1394,68.8,1,5
GOOGL270416C00285000,GOOGL,2027-04-16,204,C,285.0,-16.51,341.3500061035156,73.1,74.35,73.725,71.0,1.7,0.4303340658569337,0.78557,0.00266,-0.09931,0.7445,78.4667,68.1,15,7
GOOGL270416C00295000,GOOGL,2027-04-16,204,C,295.0,-13.58,341.3500061035156,66.2,67.6,66.9,73.9,2.1,0.4255428540039063,0.75429,0.0029,-0.10417,0.80348,71.6169,64.4,1,4
GOOGL270416C00300000,GOOGL,2027-04-16,204,C,300.0,-12.11,341.3500061035156,62.65,64.4,63.525,61.45,2.8,0.42365078308105464,0.73782,0.00301,-0.10643,0.83132,68.3579,62.5,2,25
GOOGL270416C00305000,GOOGL,2027-04-16,204,C,305.0,-10.65,341.3500061035156,58.55,61.1,59.825,59.55,4.3,0.41962250305175786,0.72141,0.00314,-0.108,0.85693,65.0029,60.8,1,3
GOOGL270416C00310000,GOOGL,2027-04-16,204,C,310.0,-9.18,341.3500061035156,56.0,57.95,56.975,55.44,3.4,0.4163266375732422,0.70436,0.00325,-0.10951,0.88139,61.79,58.9,11,13
GOOGL270416C00315000,GOOGL,2027-04-16,204,C,315.0,-7.72,341.3500061035156,52.9,53.85,53.375,52.05,1.8,0.40192248474121095,0.68864,0.00345,-0.1083,0.90202,57.6565,57.6,2,4
GOOGL270416C00320000,GOOGL,2027-04-16,204,C,320.0,-6.25,341.3500061035156,49.85,50.8,50.325,50.4,1.9,0.3980467910766602,0.67038,0.00356,-0.10922,0.92375,54.5328,55.7,4,89
GOOGL270416C00325000,GOOGL,2027-04-16,204,C,325.0,-4.79,341.3500061035156,47.0,48.9,47.95,45.4,4.0,0.4050657638549804,0.65074,0.00358,-0.11236,0.9445,52.5226,53.4,1,19
GOOGL270416C00330000,GOOGL,2027-04-16,204,C,330.0,-3.33,341.3500061035156,44.2,46.0,45.1,43.63,4.0,0.4007017938232422,0.63205,0.00369,-0.11267,0.96178,49.5427,51.5,33,53
GOOGL270416C00335000,GOOGL,2027-04-16,204,C,335.0,-1.86,341.3500061035156,41.55,43.5,42.525,40.72,4.6,0.3994505856323243,0.61297,0.00376,-0.11344,0.97698,46.9512,49.5,10,50
GOOGL270416C00340000,GOOGL,2027-04-16,204,C,340.0,-0.4,341.3500061035156,39.0,39.95,39.475,39.28,2.4,0.38683169326782224,0.59313,0.00393,-0.11132,0.9902,43.3283,47.9,31,62
GOOGL270416C00345000,GOOGL,2027-04-16,204,C,345.0,1.07,341.3500061035156,36.85,38.15,37.5,37.5,3.5,0.39066161102294916,0.57384,0.00393,-0.11273,1.00058,41.4205,45.8,3,53
GOOGL270416C00350000,GOOGL,2027-04-16,204,C,350.0,2.53,341.3500061035156,33.9,36.15,35.025,32.8,6.4,0.3915466119384765,0.55458,0.00396,-0.11322,1.00853,39.3191,43.8,28,132
GOOGL270416C00355000,GOOGL,2027-04-16,204,C,355.0,4.0,341.3500061035156,32.45,33.7,33.075,33.52,3.8,0.38709109008789055,0.53445,0.00402,-0.11219,1.01427,36.7712,42.0,42,115
GOOGL270416C00360000,GOOGL,2027-04-16,204,C,360.0,5.46,341.3500061035156,30.4,32.45,31.425,29.55,6.5,0.39348445877075194,0.51685,0.00397,-0.11355,1.01716,35.4161,40.1,1,1036
GOOGL270416C00365000,GOOGL,2027-04-16,204,C,365.0,6.93,341.3500061035156,28.2,29.6,28.9,27.35,4.8,0.38329168960571286,0.49502,0.00408,-0.11059,1.01799,32.4642,38.2,21,266
GOOGL270416C00370000,GOOGL,2027-04-16,204,C,370.0,8.39,341.3500061035156,26.7,27.2,26.95,25.7,1.9,0.3765931481933594,0.47365,0.00414,-0.1082,1.01585,29.9577,36.4,24,63
GOOGL270416C00375000,GOOGL,2027-04-16,204,C,375.0,9.86,341.3500061035156,24.9,25.35,25.125,25.67,1.8,0.37439590454101557,0.4538,0.00415,-0.1067,1.01124,27.9991,34.6,9,203
GOOGL270416C00380000,GOOGL,2027-04-16,204,C,380.0,11.32,341.3500061035156,22.55,24.2,23.375,22.35,7.1,0.3783784086608886,0.43695,0.00408,-0.10665,1.00533,26.7497,32.9,3,31
GOOGL270416C00385000,GOOGL,2027-04-16,204,C,385.0,12.79,341.3500061035156,21.2,23.0,22.1,21.45,8.1,0.3811097045898437,0.42018,0.00402,-0.10612,0.99763,25.4523,31.3,21,41
GOOGL270416C00390000,GOOGL,2027-04-16,204,C,390.0,14.25,341.3500061035156,20.3,20.65,20.475,19.9,1.7,0.3712221081542969,0.39713,0.00407,-0.10187,0.98404,22.9844,29.5,1,36
GOOGL270416C00395000,GOOGL,2027-04-16,204,C,395.0,15.72,341.3500061035156,18.65,19.3,18.975,19.1,3.4,0.3707338317871094,0.37925,0.00402,-0.10007,0.97108,21.5322,27.9,37,57
GOOGL270416C00400000,GOOGL,2027-04-16,204,C,400.0,17.18,341.3500061035156,17.4,17.8,17.6,18.2,2.3,0.36783469085693365,0.36025,0.00399,-0.09739,0.95495,19.926,26.3,8,134
GOOGL270416C00410000,GOOGL,2027-04-16,204,C,410.0,20.11,341.3500061035156,15.3,15.7,15.5,15.15,2.6,0.3694521063232422,0.32837,0.00383,-0.09387,0.92234,17.6401,23.6,412,430
GOOGL270416C00420000,GOOGL,2027-04-16,204,C,420.0,23.04,341.3500061035156,13.2,14.1,13.65,13.26,6.6,0.3740907318115234,0.30097,0.00365,-0.09099,0.88858,15.8765,21.1,11,441
GOOGL270416P00260000,GOOGL,2027-04-16,204,P,260.0,-23.83,341.3500061035156,5.0,5.35,5.175,5.95,6.8,0.33673758972167966,-0.09748,0.002,-0.03215,0.43958,4.3985,14.8,8,145
GOOGL270416P00265000,GOOGL,2027-04-16,204,P,265.0,-22.37,341.3500061035156,5.8,6.15,5.975,6.0,5.9,0.3348760360717773,-0.11014,0.0022,-0.03475,0.4803,5.0774,16.5,1,81
GOOGL270416P00270000,GOOGL,2027-04-16,204,P,270.0,-20.9,341.3500061035156,6.6,7.25,6.925,6.8,9.4,0.33670707244873044,-0.12586,0.00241,-0.03819,0.52783,6.0254,18.6,643,1025
GOOGL270416P00275000,GOOGL,2027-04-16,204,P,275.0,-19.44,341.3500061035156,7.35,8.1,7.725,7.75,9.7,0.332587240600586,-0.13929,0.00261,-0.04019,0.56605,6.7469,20.2,1,496
GOOGL270416P00280000,GOOGL,2027-04-16,204,P,280.0,-17.97,341.3500061035156,8.6,9.05,8.825,8.8,5.1,0.328833616027832,-0.15392,0.00283,-0.0422,0.60529,7.5569,21.9,1,1356
GOOGL270416P00285000,GOOGL,2027-04-16,204,P,285.0,-16.51,341.3500061035156,9.65,10.25,9.95,9.9,6.0,0.32746033874511715,-0.17088,0.00304,-0.04467,0.64791,8.5941,24.0,50,516
GOOGL270416P00290000,GOOGL,2027-04-16,204,P,290.0,-15.04,341.3500061035156,10.9,11.35,11.125,11.0,4.0,0.32330998962402335,-0.18732,0.00326,-0.04634,0.68646,9.5373,25.9,8,1235
GOOGL270416P00295000,GOOGL,2027-04-16,204,P,295.0,-13.58,341.3500061035156,12.2,12.6,12.4,13.7,3.2,0.3199225723266601,-0.20519,0.00348,-0.04805,0.72547,10.6148,28.0,25,56
GOOGL270416P00300000,GOOGL,2027-04-16,204,P,300.0,-12.11,341.3500061035156,13.6,14.15,13.875,14.65,4.0,0.31902231277465815,-0.22531,0.00369,-0.05015,0.76595,11.9716,30.3,120,1413
GOOGL270416P00305000,GOOGL,2027-04-16,204,P,305.0,-10.65,341.3500061035156,15.3,15.7,15.5,16.35,2.6,0.3167030000305175,-0.24561,0.00389,-0.05171,0.80331,13.3265,32.6,27,568
GOOGL270416P00310000,GOOGL,2027-04-16,204,P,310.0,-9.18,341.3500061035156,16.85,17.65,17.25,18.05,4.6,0.31760325958251956,-0.26809,0.00407,-0.05377,0.84078,15.0563,35.2,483,307
GOOGL270416P00315000,GOOGL,2027-04-16,204,P,315.0,-7.72,341.3500061035156,18.65,19.3,18.975,20.0,3.4,0.31378860046386714,-0.28943,0.00427,-0.05449,0.87273,16.5036,37.4,21,52
GOOGL270416P00320000,GOOGL,2027-04-16,204,P,320.0,-6.25,341.3500061035156,20.6,21.25,20.925,21.8,3.1,0.311957564086914,-0.31228,0.00445,-0.05538,0.90317,18.2312,39.9,8,67
GOOGL270416P00325000,GOOGL,2027-04-16,204,P,325.0,-4.79,341.3500061035156,22.8,23.25,23.025,24.6,2.0,0.30939411315917964,-0.3356,0.00462,-0.0558,0.93035,20.0063,42.3,40,45
GOOGL270416P00330000,GOOGL,2027-04-16,204,P,330.0,-3.33,341.3500061035156,24.95,25.45,25.2,26.55,2.0,0.30762411132812495,-0.35971,0.00476,-0.0561,0.95446,21.9711,44.9,14,150
GOOGL270416P00335000,GOOGL,2027-04-16,204,P,335.0,-1.86,341.3500061035156,27.3,28.35,27.825,28.4,3.8,0.3115913568115234,-0.38474,0.00481,-0.05739,0.97528,24.6148,47.6,21,8
GOOGL270416P00340000,GOOGL,2027-04-16,204,P,340.0,-0.4,341.3500061035156,29.5,30.55,30.025,31.11,3.5,0.30728842132568357,-0.40927,0.00496,-0.05646,0.99163,26.5778,50.0,3,13
GOOGL270416P00345000,GOOGL,2027-04-16,204,P,345.0,1.07,341.3500061035156,31.7,33.1,32.4,34.2,4.3,0.30525902267456057,-0.43429,0.00505,-0.05572,1.00423,28.8814,52.5,12,126
GOOGL270416P00350000,GOOGL,2027-04-16,204,P,350.0,2.53,341.3500061035156,35.0,35.9,35.45,37.4,2.5,0.30446557357788084,-0.45934,0.00511,-0.05495,1.01278,31.4295,55.0,15,474
GOOGL270416P00355000,GOOGL,2027-04-16,204,P,355.0,4.0,341.3500061035156,36.75,38.35,37.55,31.6,4.3,0.29904875762939453,-0.48548,0.00522,-0.05273,1.0174,33.6277,57.4,0,4
GOOGL270416P00360000,GOOGL,2027-04-16,204,P,360.0,5.46,341.3500061035156,40.7,41.45,41.075,38.0,1.8,0.29881987808227534,-0.51051,0.00523,-0.05144,1.01772,36.4719,59.9,1,3
GOOGL270416P00365000,GOOGL,2027-04-16,204,P,365.0,6.93,341.3500061035156,42.75,44.7,43.725,41.61,4.5,0.298911429901123,-0.53506,0.00521,-0.04996,1.01414,39.4663,62.2,1,0
GOOGL270416P00375000,GOOGL,2027-04-16,204,P,375.0,9.86,341.3500061035156,49.15,50.85,50.0,48.21,3.4,0.2921060780334472,-0.58666,0.00523,-0.04427,0.99396,45.097,66.9,0,20
GOOGL270416P00380000,GOOGL,2027-04-16,204,P,380.0,11.32,341.3500061035156,53.2,54.4,53.8,50.35,2.2,0.29181616394042953,-0.6103,0.00515,-0.04188,0.97891,48.3934,69.1,0,5
GOOGL270416P00385000,GOOGL,2027-04-16,204,P,385.0,12.79,341.3500061035156,56.05,58.65,57.35,55.25,4.5,0.29799591171264644,-0.6287,0.00497,-0.04119,0.96463,52.4175,70.9,2,3
GOOGL270416P00390000,GOOGL,2027-04-16,204,P,390.0,14.25,341.3500061035156,60.25,61.7,60.975,69.75,2.4,0.29016823120117186,-0.65641,0.00497,-0.03616,0.93879,55.1961,73.2,0,20
GOOGL270416P00395000,GOOGL,2027-04-16,204,P,395.0,15.72,341.3500061035156,63.95,65.7,64.825,72.36,2.7,0.29169409484863273,-0.67647,0.00483,-0.03378,0.91677,58.963,75.0,0,20
GOOGL270416P00400000,GOOGL,2027-04-16,204,P,400.0,17.18,341.3500061035156,67.75,69.45,68.6,61.95,2.5,0.2893290061950683,-0.699,0.00472,-0.03002,0.88862,62.4661,77.0,1,2
