contract,ticker,expiry,dte,type,strike,moneyness_pct,spot,bid,ask,mid,last,spread_pct,iv,delta,gamma,theta,vega,theo,prob_itm,volume,oi
ISRG261009C00300000,ISRG,2026-10-09,15,C,300.0,-24.93,399.61,97.6,103.1,100.35,86.15,5.5,0.0,0.9974,0.0002,0.0,0.0085,,,0,2
ISRG261009P00300000,ISRG,2026-10-09,15,P,300.0,-24.93,399.61,0.0,2.7,0.8,0.8,,0.8794,-0.0034,0.0002,-0.013,0.0085,1.3714,6.3,0,2
ISRG261009C00305000,ISRG,2026-10-09,15,C,305.0,-23.68,399.61,93.1,99.7,96.4,0.0,6.8,0.7657,0.9964,0.0003,0.0,0.0106,95.9822,95.3,0,0
ISRG261009P00305000,ISRG,2026-10-09,15,P,305.0,-23.68,399.61,0.0,4.4,1.01,1.01,,0.9336,-0.0044,0.0003,-0.0159,0.0106,2.2269,9.0,0,10
ISRG261009C00310000,ISRG,2026-10-09,15,C,310.0,-22.42,399.61,89.1,94.7,91.9,0.0,6.1,0.7959,0.9952,0.0004,0.0,0.0132,91.4855,93.4,0,0
ISRG261009P00310000,ISRG,2026-10-09,15,P,310.0,-22.42,399.61,0.0,6.4,1.85,1.85,,0.9775,-0.0056,0.0004,-0.0194,0.0133,3.2321,11.7,0,6
ISRG261009C00315000,ISRG,2026-10-09,15,C,315.0,-21.17,399.61,83.6,89.7,86.65,0.0,7.0,0.7222,0.9936,0.0005,0.0,0.0165,86.232,94.1,0,0
ISRG261009P00315000,ISRG,2026-10-09,15,P,315.0,-21.17,399.61,0.0,1.0,1.0,1.0,,0.6263,-0.0072,0.0005,-0.0238,0.0166,0.514,3.4,0,4
ISRG261009C00320000,ISRG,2026-10-09,15,C,320.0,-19.92,399.61,78.8,84.8,81.8,0.0,7.3,0.7006,0.9915,0.0006,0.0,0.0207,81.3816,93.4,0,0
ISRG261009P00320000,ISRG,2026-10-09,15,P,320.0,-19.92,399.61,0.0,4.2,0.6,0.6,,0.7922,-0.0092,0.0006,-0.0292,0.0207,2.1289,9.5,0,27
ISRG261009C00325000,ISRG,2026-10-09,15,C,325.0,-18.67,399.61,73.7,79.8,76.75,0.0,7.9,0.6541,0.9888,0.0008,-0.0067,0.0258,76.3299,93.4,0,0
ISRG261009P00325000,ISRG,2026-10-09,15,P,325.0,-18.67,399.61,0.0,0.5,0.5,0.5,,0.4981,-0.012,0.0008,-0.0357,0.0259,0.2601,2.2,1,8
ISRG261009C00330000,ISRG,2026-10-09,15,C,330.0,-17.42,399.61,68.9,74.8,71.85,73.1,8.2,0.6253,0.9853,0.001,-0.0166,0.0323,71.4294,92.8,0,3
ISRG261009P00330000,ISRG,2026-10-09,15,P,330.0,-17.42,399.61,0.0,3.3,2.51,2.51,,0.6659,-0.0155,0.0011,-0.0438,0.0323,1.6779,8.7,0,21
ISRG261009C00335000,ISRG,2026-10-09,15,C,335.0,-16.17,399.61,63.8,68.3,66.05,44.8,6.8,0.4772,0.9807,0.0014,-0.0282,0.0403,65.616,96.3,0,6
ISRG261009P00335000,ISRG,2026-10-09,15,P,335.0,-16.17,399.61,0.0,7.8,0.66,0.66,,0.7914,-0.0202,0.0014,-0.0536,0.0404,3.9412,15.2,0,11
ISRG261009C00340000,ISRG,2026-10-09,15,C,340.0,-14.92,399.61,59.0,63.3,61.15,55.2,7.0,0.4589,0.9746,0.0018,-0.042,0.0502,60.7165,95.6,0,1
ISRG261009P00340000,ISRG,2026-10-09,15,P,340.0,-14.92,399.61,0.0,5.4,0.7,0.7,,0.6661,-0.0262,0.0018,-0.0656,0.0506,2.7376,12.7,0,6
ISRG261009C00345000,ISRG,2026-10-09,15,C,345.0,-13.67,399.61,54.3,60.1,57.2,0.0,10.1,0.538,0.9667,0.0022,-0.0583,0.0626,56.7859,90.5,0,0
ISRG261009P00345000,ISRG,2026-10-09,15,P,345.0,-13.67,399.61,0.0,4.0,0.95,0.95,,0.572,-0.0342,0.0023,-0.08,0.0627,2.0349,11.1,0,14
ISRG261009C00350000,ISRG,2026-10-09,15,C,350.0,-12.41,399.61,49.4,55.2,52.3,48.87,11.1,0.5052,0.9563,0.0029,-0.0774,0.0776,51.8877,89.6,15,33
ISRG261009P00350000,ISRG,2026-10-09,15,P,350.0,-12.41,399.61,0.05,0.75,0.4,0.75,175.0,0.3709,-0.0447,0.0029,-0.0974,0.0778,0.4164,4.0,0,20
ISRG261009C00355000,ISRG,2026-10-09,15,C,355.0,-11.16,399.61,44.3,50.4,47.35,31.3,12.9,0.4677,0.9426,0.0037,-0.0997,0.0958,46.9379,88.8,0,0
ISRG261009P00355000,ISRG,2026-10-09,15,P,355.0,-11.16,399.61,0.0,9.1,1.75,1.75,,0.6363,-0.0584,0.0037,-0.1179,0.0965,4.6036,19.3,0,12
ISRG261009C00360000,ISRG,2026-10-09,15,C,360.0,-9.91,399.61,39.8,45.7,42.75,34.63,13.8,0.4532,0.9249,0.0046,-0.1254,0.1176,42.3444,86.6,0,3
ISRG261009P00360000,ISRG,2026-10-09,15,P,360.0,-9.91,399.61,0.0,2.1,1.0,1.0,,0.3761,-0.0763,0.0047,-0.1419,0.1181,1.0809,8.8,0,7
ISRG261009C00365000,ISRG,2026-10-09,15,C,365.0,-8.66,399.61,35.2,39.8,37.5,16.0,12.3,0.3946,0.902,0.0058,-0.1544,0.1429,37.0927,86.7,0,8
ISRG261009P00365000,ISRG,2026-10-09,15,P,365.0,-8.66,399.61,0.0,4.3,2.69,2.69,,0.4137,-0.0994,0.0059,-0.1694,0.1432,2.1956,14.5,0,4
ISRG261009C00367500,ISRG,2026-10-09,15,C,367.5,-8.04,399.61,32.6,36.9,34.75,0.0,12.4,0.3575,0.8882,0.0065,-0.1701,0.1568,34.3396,87.3,0,0
ISRG261009P00367500,ISRG,2026-10-09,15,P,367.5,-8.04,399.61,0.0,4.2,,0.0,,0.3894,-0.1133,0.0066,-0.1843,0.1579,2.1481,14.9,0,0
ISRG261009C00370000,ISRG,2026-10-09,15,C,370.0,-7.41,399.61,30.8,36.2,33.5,35.16,16.1,0.4071,0.8726,0.0072,-0.1865,0.1716,33.1042,81.9,0,20
ISRG261009P00370000,ISRG,2026-10-09,15,P,370.0,-7.41,399.61,0.05,8.7,4.375,1.57,197.7,0.4806,-0.129,0.0073,-0.2,0.172,4.4408,22.4,0,15
ISRG261009C00372500,ISRG,2026-10-09,15,C,372.5,-6.78,399.61,28.8,32.8,30.8,0.0,13.0,0.3742,0.8552,0.008,-0.2034,0.1872,30.4092,81.9,0,0
ISRG261009P00372500,ISRG,2026-10-09,15,P,372.5,-6.78,399.61,1.65,4.4,3.025,1.79,90.9,0.3937,-0.1466,0.0081,-0.2161,0.1887,3.0838,19.5,0,8
ISRG261009C00375000,ISRG,2026-10-09,15,C,375.0,-6.16,399.61,26.1,30.5,28.3,28.23,15.5,0.3512,0.8356,0.0088,-0.2206,0.203,27.911,81.1,1,60
ISRG261009P00375000,ISRG,2026-10-09,15,P,375.0,-6.16,399.61,1.65,6.7,4.175,3.9,121.0,0.4218,-0.1664,0.0089,-0.2327,0.2036,4.2424,23.6,0,4
ISRG261009C00377500,ISRG,2026-10-09,15,C,377.5,-5.53,399.61,24.2,30.0,27.1,0.0,21.4,0.3862,0.8139,0.0096,-0.238,0.2194,26.7272,76.1,0,0
ISRG261009P00377500,ISRG,2026-10-09,15,P,377.5,-5.53,399.61,1.7,3.7,2.7,0.0,74.1,0.3317,-0.1883,0.0097,-0.2493,0.2206,2.7625,20.1,0,0
ISRG261009C00380000,ISRG,2026-10-09,15,C,380.0,-4.91,399.61,22.6,27.0,24.8,24.97,17.7,0.3691,0.79,0.0105,-0.2552,0.2356,24.4344,74.4,3,108
ISRG261009P00380000,ISRG,2026-10-09,15,P,380.0,-4.91,399.61,1.95,3.6,2.775,2.8,59.5,0.3117,-0.2125,0.0106,-0.2658,0.2363,2.842,21.5,0,4
ISRG261009C00382500,ISRG,2026-10-09,15,C,382.5,-4.28,399.61,21.0,24.7,22.85,0.0,16.2,0.3646,0.7637,0.0113,-0.2719,0.2518,22.4943,71.8,0,0
ISRG261009P00382500,ISRG,2026-10-09,15,P,382.5,-4.28,399.61,3.3,4.3,3.8,0.0,26.3,0.3304,-0.2391,0.0115,-0.2819,0.2526,3.8792,26.0,0,0
ISRG261009C00385000,ISRG,2026-10-09,15,C,385.0,-3.66,399.61,18.8,22.8,20.8,21.1,19.2,0.3542,0.7351,0.0122,-0.2877,0.267,20.454,69.3,1,28
ISRG261009P00385000,ISRG,2026-10-09,15,P,385.0,-3.66,399.61,3.5,4.6,4.05,3.8,27.2,0.3136,-0.2686,0.0123,-0.2973,0.268,4.1218,28.1,1,15
ISRG261009C00387500,ISRG,2026-10-09,15,C,387.5,-3.03,399.61,17.4,19.4,18.4,0.0,10.9,0.3296,0.7043,0.013,-0.3023,0.2814,18.0626,67.4,0,0
ISRG261009P00387500,ISRG,2026-10-09,15,P,387.5,-3.03,399.61,4.6,5.4,5.0,4.95,16.0,0.3212,-0.2998,0.0131,-0.3113,0.2826,5.0796,32.1,0,1
ISRG261009C00390000,ISRG,2026-10-09,15,C,390.0,-2.4,399.61,14.7,18.7,16.7,15.23,24.0,0.328,0.6714,0.0137,-0.3152,0.2942,16.3764,64.0,0,14
ISRG261009P00390000,ISRG,2026-10-09,15,P,390.0,-2.4,399.61,5.5,6.5,6.0,5.18,16.7,0.3266,-0.3332,0.0138,-0.3235,0.2949,6.0844,36.0,2,3
ISRG261009C00392500,ISRG,2026-10-09,15,C,392.5,-1.78,399.61,14.1,16.2,15.15,17.43,13.9,0.3286,0.6366,0.0143,-0.3261,0.3052,14.8436,60.3,0,2
ISRG261009P00392500,ISRG,2026-10-09,15,P,392.5,-1.78,399.61,5.1,7.6,6.35,0.0,39.4,0.3074,-0.3684,0.0145,-0.3338,0.3064,6.4415,38.8,0,0
ISRG261009C00395000,ISRG,2026-10-09,15,C,395.0,-1.15,399.61,11.9,15.4,13.65,13.4,25.6,0.3278,0.6004,0.0148,-0.3346,0.3138,13.3599,56.6,2,23
ISRG261009P00395000,ISRG,2026-10-09,15,P,395.0,-1.15,399.61,7.5,8.4,7.95,8.06,11.3,0.3198,-0.4052,0.015,-0.3417,0.3141,7.8496,43.2,1,9
ISRG261009C00397500,ISRG,2026-10-09,15,C,397.5,-0.53,399.61,11.2,13.4,12.3,11.0,17.9,0.3288,0.5629,0.0152,-0.3404,0.32,12.0262,52.8,0,1
ISRG261009P00397500,ISRG,2026-10-09,15,P,397.5,-0.53,399.61,7.4,9.9,8.65,10.3,28.9,0.3128,-0.4432,0.0154,-0.3469,0.3201,8.7512,46.9,0,7
ISRG261009C00400000,ISRG,2026-10-09,15,C,400.0,0.1,399.61,9.3,12.6,10.95,11.1,30.1,0.3268,0.5248,0.0154,-0.3434,0.3233,10.6901,49.1,1,53
ISRG261009P00400000,ISRG,2026-10-09,15,P,400.0,0.1,399.61,9.7,10.7,10.2,10.36,9.8,0.3231,-0.482,0.0156,-0.3493,0.323,10.3037,50.9,1,2
ISRG261009C00402500,ISRG,2026-10-09,15,C,402.5,0.72,399.61,9.0,10.8,9.9,11.5,18.2,0.3313,0.4865,0.0154,-0.3435,0.3237,9.6572,45.4,1,13
ISRG261009P00402500,ISRG,2026-10-09,15,P,402.5,0.72,399.61,11.0,12.9,11.95,10.44,15.9,0.3366,-0.521,0.0157,-0.3487,0.3224,12.0571,54.6,1,1
ISRG261009C00405000,ISRG,2026-10-09,15,C,405.0,1.35,399.61,7.2,10.3,8.75,9.3,35.4,0.3299,0.4485,0.0153,-0.3406,0.3212,8.5255,41.7,2,11
ISRG261009P00405000,ISRG,2026-10-09,15,P,405.0,1.35,399.61,12.4,14.1,13.25,12.44,12.8,0.3333,-0.5597,0.0156,-0.3454,0.3198,13.3591,58.2,0,2
ISRG261009C00407500,ISRG,2026-10-09,15,C,407.5,1.97,399.61,6.7,8.7,7.7,7.5,26.0,0.3288,0.4112,0.0151,-0.335,0.316,7.4943,38.1,0,1
ISRG261009P00407500,ISRG,2026-10-09,15,P,407.5,1.97,399.61,12.4,14.9,13.65,0.0,18.3,0.2981,-0.5978,0.0154,-0.3391,0.3128,13.7535,62.8,0,0
ISRG261009C00410000,ISRG,2026-10-09,15,C,410.0,2.6,399.61,6.0,7.0,6.5,6.77,15.4,0.3199,0.3751,0.0147,-0.3268,0.3082,6.3137,34.4,3,60
ISRG261009P00410000,ISRG,2026-10-09,15,P,410.0,2.6,399.61,15.5,17.3,16.4,0.0,11.0,0.3354,-0.6347,0.015,-0.3305,0.3046,16.5048,65.1,0,0
ISRG261009C00412500,ISRG,2026-10-09,15,C,412.5,3.23,399.61,5.2,6.1,5.65,6.2,15.9,0.3193,0.3406,0.0141,-0.3164,0.2981,5.4811,30.9,0,2
ISRG261009P00412500,ISRG,2026-10-09,15,P,412.5,3.23,399.61,15.5,18.4,16.95,17.9,17.1,0.297,-0.67,0.0145,-0.3195,0.2926,17.0426,70.2,0,3
ISRG261009C00415000,ISRG,2026-10-09,15,C,415.0,3.85,399.61,4.4,5.3,4.85,5.65,18.6,0.3174,0.3079,0.0135,-0.3042,0.2862,4.6958,27.6,4,38
ISRG261009P00415000,ISRG,2026-10-09,15,P,415.0,3.85,399.61,18.8,20.7,19.75,43.0,9.6,0.3329,-0.7035,0.0139,-0.3068,0.2803,19.8428,71.5,0,1
ISRG261009C00417500,ISRG,2026-10-09,15,C,417.5,4.48,399.61,3.7,5.4,4.55,0.0,37.4,0.3309,0.2772,0.0128,-0.2905,0.2728,4.407,25.4,0,0
ISRG261009P00417500,ISRG,2026-10-09,15,P,417.5,4.48,399.61,18.3,22.9,20.6,0.0,22.3,0.2952,-0.7348,0.0132,-0.2925,0.2646,20.6672,76.9,0,0
ISRG261009C00420000,ISRG,2026-10-09,15,C,420.0,5.1,399.61,3.2,4.0,3.6,3.85,22.2,0.3179,0.2488,0.0121,-0.2758,0.2585,3.4789,21.8,1,113
ISRG261009P00420000,ISRG,2026-10-09,15,P,420.0,5.1,399.61,18.8,24.5,21.65,50.58,26.3,0.2527,-0.7641,0.0124,-0.2772,0.2503,21.6581,83.3,0,1
ISRG261009C00425000,ISRG,2026-10-09,15,C,425.0,6.35,399.61,2.45,2.95,2.7,3.0,18.5,0.3214,0.1992,0.0105,-0.245,0.2283,2.5952,17.0,1,102
ISRG261009P00425000,ISRG,2026-10-09,15,P,425.0,6.35,399.61,23.0,29.3,26.15,0.0,24.1,0.2618,-0.8155,0.0108,-0.2443,0.2176,26.1052,87.6,0,0
ISRG261009C00430000,ISRG,2026-10-09,15,C,430.0,7.6,399.61,1.65,2.55,2.1,2.2,42.9,0.3303,0.158,0.0089,-0.2136,0.1977,2.0176,13.5,4,45
ISRG261009P00430000,ISRG,2026-10-09,15,P,430.0,7.6,399.61,27.0,33.1,30.05,0.0,20.3,0.0,-0.8578,0.0092,-0.2104,0.1829,,,0,0
ISRG261009C00435000,ISRG,2026-10-09,15,C,435.0,8.86,399.61,0.95,3.9,2.425,1.57,121.6,0.3828,0.1246,0.0075,-0.1839,0.1687,2.3413,13.3,0,4
ISRG261009P00435000,ISRG,2026-10-09,15,P,435.0,8.86,399.61,31.9,37.0,34.45,0.0,14.8,0.0,-0.8919,0.0077,-0.1772,0.1502,,,0,0
ISRG261009C00440000,ISRG,2026-10-09,15,C,440.0,10.11,399.61,0.6,2.0,1.3,1.13,107.7,0.3492,0.0982,0.0062,-0.1567,0.1425,1.2472,8.5,4,0
ISRG261009P00440000,ISRG,2026-10-09,15,P,440.0,10.11,399.61,36.6,42.6,39.6,0.0,15.2,0.0,-0.9195,0.0066,-0.1456,0.1209,,,0,0
ISRG261009C00445000,ISRG,2026-10-09,15,C,445.0,11.36,399.61,0.0,9.3,,0.0,,0.5612,0.0773,0.005,-0.1327,0.1195,4.5404,16.2,0,0
ISRG261009P00445000,ISRG,2026-10-09,15,P,445.0,11.36,399.61,42.0,47.8,44.9,0.0,12.9,0.0,-0.942,0.0058,-0.1198,0.0938,,,0,0
ISRG261009C00450000,ISRG,2026-10-09,15,C,450.0,12.61,399.61,0.0,2.55,0.5,0.5,,0.4072,0.061,0.0041,-0.1119,0.0998,1.2297,7.2,0,43
ISRG261009P00450000,ISRG,2026-10-09,15,P,450.0,12.61,399.61,46.2,52.8,49.5,0.0,13.3,0.0,-0.9608,0.0052,-0.1026,0.0726,,,0,0
ISRG261009C00455000,ISRG,2026-10-09,15,C,455.0,13.86,399.61,0.0,8.9,,0.0,,0.6229,0.0482,0.0034,-0.0941,0.083,4.3506,14.0,0,0
ISRG261009P00455000,ISRG,2026-10-09,15,P,455.0,13.86,399.61,51.1,57.5,54.3,81.8,11.8,0.0,-0.9758,0.0041,-0.108,0.0405,,,0,0
ISRG261009C00460000,ISRG,2026-10-09,15,C,460.0,15.11,399.61,0.0,4.3,0.6,0.6,,0.5282,0.0383,0.0027,-0.079,0.0691,2.0908,8.8,0,156
ISRG261009P00460000,ISRG,2026-10-09,15,P,460.0,15.11,399.61,56.1,63.7,59.9,0.0,12.7,0.0,-0.9871,0.0031,-0.115,0.032,,,0,0
ISRG261009C00465000,ISRG,2026-10-09,15,C,465.0,16.36,399.61,0.0,7.3,,0.0,,0.6479,0.0305,0.0022,-0.0664,0.0574,3.57,11.4,0,0
ISRG261009P00465000,ISRG,2026-10-09,15,P,465.0,16.36,399.61,61.1,69.0,65.05,0.0,12.1,0.0,-0.9934,0.0017,-0.1413,0.0091,,,0,0
ISRG261009C00470000,ISRG,2026-10-09,15,C,470.0,17.61,399.61,0.0,7.8,,0.0,,0.6927,0.0244,0.0018,-0.0558,0.0478,3.8185,11.2,0,0
ISRG261009P00470000,ISRG,2026-10-09,15,P,470.0,17.61,399.61,66.6,73.2,69.9,0.0,9.4,0.0,-0.9978,0.0008,-0.1594,0.0067,,,0,0
ISRG261009C00475000,ISRG,2026-10-09,15,C,475.0,18.87,399.61,0.0,5.1,,0.0,,0.6419,0.0196,0.0015,-0.047,0.0398,2.4915,8.4,0,0
ISRG261009P00475000,ISRG,2026-10-09,15,P,475.0,18.87,399.61,71.1,78.0,74.55,0.0,9.3,0.0,-0.999,0.0004,-0.1763,0.0,,,0,0
ISRG261009C00480000,ISRG,2026-10-09,15,C,480.0,20.12,399.61,0.0,5.7,,0.0,,0.6899,0.0159,0.0012,-0.0396,0.0332,2.7885,8.6,0,0
ISRG261009P00480000,ISRG,2026-10-09,15,P,480.0,20.12,399.61,76.1,83.2,79.65,0.0,8.9,0.0,-0.9999,0.0,-0.1883,0.0,,,0,0
ISRG261009C00485000,ISRG,2026-10-09,15,C,485.0,21.37,399.61,0.0,7.8,4.45,4.45,,0.7827,0.0129,0.001,-0.0335,0.0278,3.8266,9.9,0,1
ISRG261009P00485000,ISRG,2026-10-09,15,P,485.0,21.37,399.61,81.1,88.0,84.55,0.0,8.2,0.0,-1.0,0.0,-0.1951,0.0,,,0,0
ISRG261009C00490000,ISRG,2026-10-09,15,C,490.0,22.62,399.61,0.0,7.3,,0.0,,0.7964,0.0105,0.0008,-0.0284,0.0233,3.5814,9.1,0,0
ISRG261009P00490000,ISRG,2026-10-09,15,P,490.0,22.62,399.61,86.6,92.8,89.7,98.58,6.9,0.0,-1.0,0.0,-0.1998,0.0,,,0,1
ISRG261009C00495000,ISRG,2026-10-09,15,C,495.0,23.87,399.61,0.0,8.6,,0.0,,0.863,0.0086,0.0007,-0.0241,0.0196,4.2251,9.7,0,0
ISRG261009P00495000,ISRG,2026-10-09,15,P,495.0,23.87,399.61,91.1,97.9,94.5,0.0,7.2,0.0,-1.0,0.0,-0.2028,0.0,,,0,0
ISRG261016C00300000,ISRG,2026-10-16,22,C,300.0,-24.93,399.61,96.9,105.0,100.95,104.75,8.0,0.5261,0.9946,0.0004,0.0,0.0172,100.5277,98.5,0,16
ISRG261016P00300000,ISRG,2026-10-16,22,P,300.0,-24.93,399.61,0.1,0.15,0.125,0.13,40.0,0.4997,-0.006,0.0004,-0.0167,0.0173,0.1312,1.1,5,186
ISRG261016C00305000,ISRG,2026-10-16,22,C,305.0,-23.68,399.61,93.6,100.0,96.8,94.55,6.6,0.6562,0.993,0.0004,0.0,0.0212,96.3894,94.6,0,6
ISRG261016P00305000,ISRG,2026-10-16,22,P,305.0,-23.68,399.61,0.0,0.65,0.24,0.24,,0.5399,-0.0076,0.0004,-0.0202,0.0212,0.3363,2.3,0,62
ISRG261016C00310000,ISRG,2026-10-16,22,C,310.0,-22.42,399.61,89.3,95.1,92.2,81.82,6.3,0.6662,0.991,0.0006,0.0,0.0261,91.7961,93.1,0,17
ISRG261016P00310000,ISRG,2026-10-16,22,P,310.0,-22.42,399.61,0.05,0.45,0.25,0.34,160.0,0.4925,-0.0097,0.0006,-0.0244,0.0262,0.2598,2.0,5,190
ISRG261016C00315000,ISRG,2026-10-16,22,C,315.0,-21.17,399.61,83.3,90.1,86.7,69.0,7.8,0.5759,0.9884,0.0007,0.0,0.032,86.2836,94.8,0,1
ISRG261016P00315000,ISRG,2026-10-16,22,P,315.0,-21.17,399.61,0.1,0.55,0.325,0.4,138.5,0.4841,-0.0123,0.0007,-0.0295,0.0321,0.3365,2.5,0,45
ISRG261016C00320000,ISRG,2026-10-16,22,C,320.0,-19.92,399.61,79.1,85.2,82.15,78.0,7.4,0.5913,0.9851,0.0009,-0.0073,0.0393,81.7419,93.0,0,13
ISRG261016P00320000,ISRG,2026-10-16,22,P,320.0,-19.92,399.61,0.15,0.45,0.3,0.41,100.0,0.4511,-0.0156,0.0009,-0.0356,0.0395,0.3112,2.4,8,204
ISRG261016C00325000,ISRG,2026-10-16,22,C,325.0,-18.67,399.61,73.8,80.3,77.05,57.3,8.4,0.5475,0.9809,0.0011,-0.0163,0.0481,76.6387,93.2,0,3
ISRG261016P00325000,ISRG,2026-10-16,22,P,325.0,-18.67,399.61,0.2,0.8,0.5,0.33,120.0,0.4611,-0.0198,0.0012,-0.0429,0.0482,0.5158,3.7,0,233
ISRG261016C00330000,ISRG,2026-10-16,22,C,330.0,-17.42,399.61,69.6,75.2,72.4,65.18,7.7,0.5443,0.9756,0.0014,-0.0266,0.0588,71.9913,91.7,0,15
ISRG261016P00330000,ISRG,2026-10-16,22,P,330.0,-17.42,399.61,0.25,0.6,0.425,0.45,82.4,0.4207,-0.0252,0.0014,-0.0516,0.0591,0.4397,3.4,5,313
ISRG261016C00335000,ISRG,2026-10-16,22,C,335.0,-16.17,399.61,64.5,70.4,67.45,39.0,8.7,0.5137,0.9688,0.0018,-0.0385,0.0718,67.0403,91.2,0,14
ISRG261016P00335000,ISRG,2026-10-16,22,P,335.0,-16.17,399.61,0.3,0.5,0.4,0.52,50.0,0.389,-0.032,0.0018,-0.0618,0.0721,0.4145,3.4,0,143
ISRG261016C00340000,ISRG,2026-10-16,22,C,340.0,-14.92,399.61,59.7,64.0,61.85,63.5,7.0,0.4295,0.9602,0.0022,-0.0522,0.0871,61.4305,93.3,0,8
ISRG261016P00340000,ISRG,2026-10-16,22,P,340.0,-14.92,399.61,0.45,0.8,0.625,0.53,56.0,0.3923,-0.0407,0.0022,-0.0738,0.0873,0.6442,4.9,5,1069
ISRG261016C00345000,ISRG,2026-10-16,22,C,345.0,-13.67,399.61,54.9,60.8,57.85,56.35,10.2,0.4721,0.9493,0.0028,-0.0678,0.1054,57.4433,89.1,0,8
ISRG261016P00345000,ISRG,2026-10-16,22,P,345.0,-13.67,399.61,0.65,1.7,1.175,0.81,89.4,0.4157,-0.0516,0.0028,-0.0878,0.1061,1.2039,7.9,0,167
ISRG261016C00350000,ISRG,2026-10-16,22,C,350.0,-12.41,399.61,50.0,56.0,53.0,49.57,11.3,0.4459,0.9357,0.0034,-0.0854,0.1266,52.5942,88.1,15,142
ISRG261016P00350000,ISRG,2026-10-16,22,P,350.0,-12.41,399.61,0.8,1.15,0.975,0.9,35.9,0.368,-0.0654,0.0034,-0.1039,0.1268,1.0022,7.4,30,1110
ISRG261016C00355000,ISRG,2026-10-16,22,C,355.0,-11.16,399.61,45.2,49.3,47.25,25.2,8.7,0.364,0.9185,0.0042,-0.1052,0.151,46.8342,90.4,0,100
ISRG261016P00355000,ISRG,2026-10-16,22,P,355.0,-11.16,399.61,0.75,1.7,1.225,1.2,77.6,0.3562,-0.0826,0.0042,-0.1221,0.1515,1.2564,9.1,2,573
ISRG261016C00360000,ISRG,2026-10-16,22,C,360.0,-9.91,399.61,41.5,44.5,43.0,44.7,7.0,0.3748,0.8973,0.0051,-0.1269,0.1788,42.5943,86.7,3,131
ISRG261016P00360000,ISRG,2026-10-16,22,P,360.0,-9.91,399.61,1.3,1.7,1.5,1.49,26.7,0.3421,-0.104,0.0051,-0.1423,0.1799,1.5375,10.9,3,423
ISRG261016C00365000,ISRG,2026-10-16,22,C,365.0,-8.66,399.61,36.6,41.2,38.9,35.04,11.8,0.3817,0.8712,0.0061,-0.1503,0.2093,38.5081,82.8,4,172
ISRG261016P00365000,ISRG,2026-10-16,22,P,365.0,-8.66,399.61,1.5,2.6,2.05,2.14,53.7,0.3386,-0.1303,0.0061,-0.1642,0.2105,2.0951,14.1,0,172
ISRG261016C00367500,ISRG,2026-10-16,22,C,367.5,-8.04,399.61,33.7,38.5,36.1,0.0,13.3,0.3493,0.8562,0.0066,-0.1624,0.2254,35.7026,83.2,0,0
ISRG261016P00367500,ISRG,2026-10-16,22,P,367.5,-8.04,399.61,2.15,3.8,2.975,2.8,55.5,0.3632,-0.1456,0.0067,-0.1756,0.2263,3.028,17.8,0,2
ISRG261016C00370000,ISRG,2026-10-16,22,C,370.0,-7.41,399.61,32.5,37.0,34.75,30.92,12.9,0.3776,0.8397,0.0072,-0.1747,0.2418,34.3686,79.1,4,264
ISRG261016P00370000,ISRG,2026-10-16,22,P,370.0,-7.41,399.61,2.45,3.0,2.725,2.72,20.2,0.3338,-0.1622,0.0073,-0.1873,0.2425,2.7801,17.7,4,341
ISRG261016C00372500,ISRG,2026-10-16,22,C,372.5,-6.78,399.61,30.2,34.5,32.35,0.0,13.3,0.3612,0.8217,0.0078,-0.1871,0.2588,31.9737,78.1,0,0
ISRG261016P00372500,ISRG,2026-10-16,22,P,372.5,-6.78,399.61,2.65,3.5,3.075,3.05,27.6,0.3293,-0.1804,0.0079,-0.199,0.2604,3.1342,19.5,1,15
ISRG261016C00375000,ISRG,2026-10-16,22,C,375.0,-6.16,399.61,28.2,32.0,30.1,27.68,12.6,0.3497,0.8021,0.0084,-0.1994,0.2755,29.7278,76.6,0,193
ISRG261016P00375000,ISRG,2026-10-16,22,P,375.0,-6.16,399.61,3.0,4.0,3.5,3.3,28.6,0.3261,-0.2002,0.0085,-0.2106,0.2765,3.5641,21.7,3,226
ISRG261016C00377500,ISRG,2026-10-16,22,C,377.5,-5.53,399.61,26.2,32.0,29.1,0.0,19.9,0.3791,0.7809,0.009,-0.2115,0.2922,28.7431,72.3,0,0
ISRG261016P00377500,ISRG,2026-10-16,22,P,377.5,-5.53,399.61,3.8,4.5,4.15,3.95,16.9,0.3291,-0.2216,0.0091,-0.2221,0.2934,4.2219,24.4,1,4
ISRG261016C00380000,ISRG,2026-10-16,22,C,380.0,-4.91,399.61,24.4,29.3,26.85,26.22,18.2,0.3645,0.7581,0.0096,-0.2232,0.3085,26.5002,70.7,9,309
ISRG261016P00380000,ISRG,2026-10-16,22,P,380.0,-4.91,399.61,4.2,5.1,4.65,4.28,19.4,0.3246,-0.2447,0.0097,-0.2331,0.3095,4.7245,26.7,4,639
ISRG261016C00382500,ISRG,2026-10-16,22,C,382.5,-4.28,399.61,22.6,26.6,24.6,0.0,16.3,0.3491,0.7338,0.0101,-0.2342,0.3239,24.2569,69.0,0,0
ISRG261016P00382500,ISRG,2026-10-16,22,P,382.5,-4.28,399.61,4.3,5.8,5.05,6.2,29.7,0.3154,-0.2693,0.0102,-0.2436,0.3246,5.129,28.9,0,1
ISRG261016C00385000,ISRG,2026-10-16,22,C,385.0,-3.66,399.61,21.4,23.6,22.5,23.14,9.8,0.3373,0.708,0.0107,-0.2446,0.3387,22.165,66.9,1,54
ISRG261016P00385000,ISRG,2026-10-16,22,P,385.0,-3.66,399.61,5.8,6.5,6.15,6.29,11.4,0.3254,-0.2959,0.0108,-0.2534,0.3402,6.2228,32.4,5,103
ISRG261016C00387500,ISRG,2026-10-16,22,C,387.5,-3.03,399.61,19.8,20.7,20.25,21.8,4.4,0.3202,0.6807,0.0112,-0.2539,0.3519,19.9276,64.9,1,1
ISRG261016P00387500,ISRG,2026-10-16,22,P,387.5,-3.03,399.61,6.7,7.4,7.05,10.2,9.9,0.327,-0.3236,0.0113,-0.2621,0.353,7.1242,35.4,0,1
ISRG261016C00390000,ISRG,2026-10-16,22,C,390.0,-2.4,399.61,18.0,20.0,19.0,19.2,10.5,0.3294,0.6524,0.0116,-0.2621,0.3638,18.6826,61.4,6,377
ISRG261016P00390000,ISRG,2026-10-16,22,P,390.0,-2.4,399.61,7.5,8.3,7.9,7.1,10.1,0.3252,-0.3524,0.0118,-0.2697,0.3652,7.9802,38.4,4,324
ISRG261016C00392500,ISRG,2026-10-16,22,C,392.5,-1.78,399.61,16.4,19.0,17.7,18.66,14.7,0.335,0.6227,0.012,-0.2689,0.3738,17.3989,58.2,0,22
ISRG261016P00392500,ISRG,2026-10-16,22,P,392.5,-1.78,399.61,8.5,9.2,8.85,0.0,7.9,0.324,-0.3825,0.0122,-0.276,0.3745,8.9312,41.4,0,0
ISRG261016C00395000,ISRG,2026-10-16,22,C,395.0,-1.15,399.61,15.3,17.3,16.3,15.3,12.3,0.3357,0.5922,0.0123,-0.2744,0.3818,16.0125,55.1,0,239
ISRG261016P00395000,ISRG,2026-10-16,22,P,395.0,-1.15,399.61,9.5,10.2,9.85,8.94,7.1,0.3223,-0.4134,0.0125,-0.2809,0.3823,9.9387,44.5,0,108
ISRG261016C00397500,ISRG,2026-10-16,22,C,397.5,-0.53,399.61,13.9,16.1,15.0,14.58,14.7,0.337,0.5611,0.0126,-0.2782,0.3876,14.726,52.1,1,15
ISRG261016P00397500,ISRG,2026-10-16,22,P,397.5,-0.53,399.61,9.1,11.4,10.25,13.3,22.4,0.3029,-0.4451,0.0128,-0.2841,0.3876,10.3367,47.4,0,13
ISRG261016C00400000,ISRG,2026-10-16,22,C,400.0,0.1,399.61,12.4,13.9,13.15,13.44,11.4,0.3223,0.5295,0.0127,-0.2804,0.391,12.8909,49.1,29,991
ISRG261016P00400000,ISRG,2026-10-16,22,P,400.0,0.1,399.61,11.5,12.6,12.05,11.3,9.1,0.3177,-0.4773,0.013,-0.2858,0.3906,12.1379,50.8,4,500
ISRG261016C00402500,ISRG,2026-10-16,22,C,402.5,0.72,399.61,11.4,13.6,12.5,14.4,17.6,0.3363,0.4978,0.0128,-0.2809,0.3921,12.2522,46.0,0,12
ISRG261016P00402500,ISRG,2026-10-16,22,P,402.5,0.72,399.61,13.3,13.9,13.6,12.6,4.4,0.3239,-0.5096,0.013,-0.2857,0.391,13.6877,54.0,4,3
ISRG261016C00405000,ISRG,2026-10-16,22,C,405.0,1.35,399.61,10.3,12.3,11.3,12.44,17.7,0.3344,0.4662,0.0127,-0.2798,0.3907,11.0669,43.1,7,426
ISRG261016P00405000,ISRG,2026-10-16,22,P,405.0,1.35,399.61,14.6,15.2,14.9,15.3,4.0,0.3203,-0.5419,0.013,-0.2841,0.389,14.9324,57.1,0,44
ISRG261016C00407500,ISRG,2026-10-16,22,C,407.5,1.97,399.61,8.9,10.8,9.85,10.4,19.3,0.3241,0.435,0.0126,-0.277,0.3869,9.6324,39.9,0,12
ISRG261016P00407500,ISRG,2026-10-16,22,P,407.5,1.97,399.61,16.0,17.2,16.6,17.33,7.2,0.3277,-0.5737,0.0129,-0.2808,0.384,16.6799,60.0,0,1
ISRG261016C00410000,ISRG,2026-10-16,22,C,410.0,2.6,399.61,8.1,9.6,8.85,9.5,16.9,0.3234,0.4044,0.0124,-0.2727,0.381,8.6469,37.0,11,369
ISRG261016P00410000,ISRG,2026-10-16,22,P,410.0,2.6,399.61,16.4,19.0,17.7,16.9,14.7,0.3161,-0.605,0.0127,-0.2759,0.377,17.7731,63.3,0,122
ISRG261016C00412500,ISRG,2026-10-16,22,C,412.5,3.23,399.61,7.4,10.1,8.75,9.5,30.9,0.3448,0.3747,0.0122,-0.267,0.3729,8.5571,34.9,0,4
ISRG261016P00412500,ISRG,2026-10-16,22,P,412.5,3.23,399.61,19.2,20.0,19.6,0.0,4.1,0.3197,-0.6355,0.0125,-0.2698,0.3677,19.5202,66.0,0,0
ISRG261016C00415000,ISRG,2026-10-16,22,C,415.0,3.85,399.61,6.6,8.0,7.3,7.3,19.2,0.3284,0.346,0.0118,-0.26,0.363,7.1246,31.6,11,259
ISRG261016P00415000,ISRG,2026-10-16,22,P,415.0,3.85,399.61,18.8,22.0,20.4,27.6,15.7,0.2987,-0.6649,0.0122,-0.2622,0.3565,20.4517,69.8,0,305
ISRG261016C00417500,ISRG,2026-10-16,22,C,417.5,4.48,399.61,5.9,7.8,6.85,0.0,27.7,0.3374,0.3185,0.0114,-0.2519,0.3516,6.6854,29.4,0,0
ISRG261016P00417500,ISRG,2026-10-16,22,P,417.5,4.48,399.61,18.8,23.4,21.1,0.0,21.8,0.2652,-0.6933,0.0118,-0.2538,0.3452,21.1098,74.8,0,0
ISRG261016C00420000,ISRG,2026-10-16,22,C,420.0,5.1,399.61,5.2,6.1,5.65,5.5,15.9,0.3233,0.2923,0.011,-0.2429,0.3385,5.5061,26.2,30,676
ISRG261016P00420000,ISRG,2026-10-16,22,P,420.0,5.1,399.61,24.1,26.0,25.05,26.2,7.6,0.3293,-0.7201,0.0113,-0.2443,0.3306,25.0864,73.4,0,36
ISRG261016C00425000,ISRG,2026-10-16,22,C,425.0,6.35,399.61,4.1,4.8,4.45,4.5,15.7,0.3234,0.2449,0.01,-0.2232,0.3103,4.3183,21.6,13,219
ISRG261016P00425000,ISRG,2026-10-16,22,P,425.0,6.35,399.61,24.3,30.0,27.15,41.48,21.0,0.2681,-0.7696,0.0103,-0.2236,0.2975,27.0904,82.4,0,77
ISRG261016C00430000,ISRG,2026-10-16,22,C,430.0,7.6,399.61,3.2,3.8,3.5,3.5,17.1,0.3251,0.2031,0.0089,-0.2018,0.2796,3.39,17.7,4,299
ISRG261016P00430000,ISRG,2026-10-16,22,P,430.0,7.6,399.61,28.3,33.5,30.9,39.5,16.8,0.2381,-0.8131,0.0093,-0.2011,0.2643,30.6771,89.3,0,112
ISRG261016C00435000,ISRG,2026-10-16,22,C,435.0,8.86,399.61,2.45,2.95,2.7,3.2,18.5,0.3257,0.1673,0.0078,-0.1801,0.2483,2.6126,14.2,10,223
ISRG261016P00435000,ISRG,2026-10-16,22,P,435.0,8.86,399.61,33.4,38.5,35.95,42.0,14.2,0.2679,-0.8503,0.0082,-0.1779,0.227,35.7174,90.1,0,28
ISRG261016C00440000,ISRG,2026-10-16,22,C,440.0,10.11,399.61,1.75,2.6,2.175,2.25,39.1,0.3316,0.1372,0.0067,-0.159,0.218,2.1031,11.6,5,425
ISRG261016P00440000,ISRG,2026-10-16,22,P,440.0,10.11,399.61,37.0,42.5,39.75,74.45,13.8,0.0,-0.8818,0.0071,-0.1552,0.1955,,,0,0
ISRG261016C00445000,ISRG,2026-10-16,22,C,445.0,11.36,399.61,1.4,2.1,1.75,1.77,40.0,0.3374,0.1121,0.0058,-0.1391,0.1899,1.6925,9.5,4,98
ISRG261016P00445000,ISRG,2026-10-16,22,P,445.0,11.36,399.61,41.8,46.7,44.25,88.5,11.1,0.0,-0.9079,0.0061,-0.1322,0.1608,,,0,17
ISRG261016C00450000,ISRG,2026-10-16,22,C,450.0,12.61,399.61,0.9,2.0,1.45,1.5,75.9,0.3456,0.0915,0.0049,-0.121,0.1641,1.4025,7.9,20,518
ISRG261016P00450000,ISRG,2026-10-16,22,P,450.0,12.61,399.61,47.2,51.5,49.35,99.5,8.7,0.0,-0.93,0.0054,-0.1101,0.1319,,,0,0
ISRG261016C00455000,ISRG,2026-10-16,22,C,455.0,13.86,399.61,0.6,1.65,1.125,0.74,93.3,0.348,0.0746,0.0042,-0.1046,0.1409,1.0874,6.3,19,245
ISRG261016P00455000,ISRG,2026-10-16,22,P,455.0,13.86,399.61,51.2,57.1,54.15,105.55,10.9,0.0,-0.9485,0.005,-0.0885,0.1064,,,0,2
ISRG261016C00460000,ISRG,2026-10-16,22,C,460.0,15.11,399.61,0.4,1.2,0.8,0.81,100.0,0.3445,0.0608,0.0035,-0.0902,0.1207,0.7733,4.7,7,266
ISRG261016P00460000,ISRG,2026-10-16,22,P,460.0,15.11,399.61,56.1,61.9,59.0,96.5,9.8,0.0,-0.9653,0.0044,-0.083,0.0726,,,0,7
ISRG261016C00465000,ISRG,2026-10-16,22,C,465.0,16.36,399.61,0.0,1.65,1.05,1.05,,0.3678,0.0496,0.0029,-0.0775,0.1029,0.7986,4.5,0,199
ISRG261016P00465000,ISRG,2026-10-16,22,P,465.0,16.36,399.61,62.7,66.7,64.7,134.1,6.2,0.0,-0.9784,0.0039,-0.077,0.0579,,,0,0
ISRG261016C00470000,ISRG,2026-10-16,22,C,470.0,17.61,399.61,0.0,4.1,0.62,0.62,,0.4768,0.0406,0.0025,-0.0665,0.0878,2.0017,7.7,0,50
ISRG261016P00470000,ISRG,2026-10-16,22,P,470.0,17.61,399.61,66.1,72.8,69.45,104.45,9.6,0.0,-0.988,0.0025,-0.1003,0.021,,,0,2
ISRG261016C00475000,ISRG,2026-10-16,22,C,475.0,18.87,399.61,0.0,4.0,1.7,1.7,,0.4967,0.0332,0.002,-0.057,0.0746,1.954,7.2,0,43
ISRG261016P00475000,ISRG,2026-10-16,22,P,475.0,18.87,399.61,71.1,78.8,74.95,49.3,10.3,0.0,-0.995,0.0015,-0.1143,0.0168,,,0,1
ISRG261016C00480000,ISRG,2026-10-16,22,C,480.0,20.12,399.61,0.0,2.1,1.33,1.33,,0.4497,0.0273,0.0017,-0.0488,0.0636,1.0236,4.5,0,159
ISRG261016P00480000,ISRG,2026-10-16,22,P,480.0,20.12,399.61,76.1,82.7,79.4,60.0,8.3,0.0,-0.9977,0.0007,-0.1359,0.0,,,0,1
ISRG261016C00485000,ISRG,2026-10-16,22,C,485.0,21.37,399.61,0.0,1.0,0.3,0.3,,0.4097,0.0225,0.0014,-0.0419,0.054,0.4867,2.5,0,135
ISRG261016P00485000,ISRG,2026-10-16,22,P,485.0,21.37,399.61,81.1,87.7,84.4,136.0,7.8,0.0,-0.9994,0.0002,-0.1495,0.0,,,0,1
ISRG261016C00490000,ISRG,2026-10-16,22,C,490.0,22.62,399.61,0.0,0.75,0.37,0.37,,0.4083,0.0185,0.0012,-0.0359,0.046,0.3656,2.0,0,129
ISRG261016P00490000,ISRG,2026-10-16,22,P,490.0,22.62,399.61,86.1,92.4,89.25,75.6,7.1,0.0,-1.0,0.0,-0.1593,0.0,,,0,0
ISRG261016C00495000,ISRG,2026-10-16,22,C,495.0,23.87,399.61,0.0,1.15,1.8,1.8,,0.4559,0.0154,0.001,-0.0308,0.0392,0.5619,2.6,0,294
ISRG261016P00495000,ISRG,2026-10-16,22,P,495.0,23.87,399.61,91.1,96.7,93.9,145.53,6.0,0.0,-1.0,0.0,-0.1637,0.0,,,0,0
ISRG261023C00300000,ISRG,2026-10-23,29,C,300.0,-24.93,399.61,98.6,105.6,102.1,0.0,6.9,0.5921,0.9758,0.001,-0.0201,0.0672,101.5232,95.1,0,0
ISRG261023P00300000,ISRG,2026-10-23,29,P,300.0,-24.93,399.61,0.4,0.85,0.625,0.55,72.0,0.551,-0.0253,0.001,-0.0604,0.0677,0.6457,3.7,110,5
ISRG261023C00305000,ISRG,2026-10-23,29,C,305.0,-23.68,399.61,95.2,100.7,97.95,0.0,5.6,0.6425,0.9707,0.0011,-0.0311,0.0783,97.3832,92.2,0,0
ISRG261023P00305000,ISRG,2026-10-23,29,P,305.0,-23.68,399.61,0.6,1.5,1.05,0.55,85.7,0.5764,-0.0304,0.0011,-0.0696,0.0784,1.078,5.5,14,2
ISRG261023C00310000,ISRG,2026-10-23,29,C,310.0,-22.42,399.61,89.3,95.9,92.6,0.0,7.1,0.5811,0.9647,0.0013,-0.0432,0.0908,92.0268,93.2,0,0
ISRG261023P00310000,ISRG,2026-10-23,29,P,310.0,-22.42,399.61,0.05,1.65,0.85,1.0,188.2,0.5261,-0.0365,0.0013,-0.0797,0.0916,0.8757,4.9,0,2
ISRG261023C00315000,ISRG,2026-10-23,29,C,315.0,-21.17,399.61,84.3,91.1,87.7,0.0,7.8,0.5584,0.9576,0.0016,-0.0564,0.1049,87.1254,92.7,0,0
ISRG261023P00315000,ISRG,2026-10-23,29,P,315.0,-21.17,399.61,0.5,1.4,0.95,0.9,94.7,0.5095,-0.0436,0.0016,-0.0911,0.1051,0.9777,5.4,28,3
ISRG261023C00320000,ISRG,2026-10-23,29,C,320.0,-19.92,399.61,79.8,86.3,83.05,0.0,7.8,0.554,0.9493,0.0018,-0.0707,0.1207,82.4793,91.4,0,0
ISRG261023P00320000,ISRG,2026-10-23,29,P,320.0,-19.92,399.61,0.15,1.8,0.975,1.55,169.2,0.4844,-0.0519,0.0018,-0.1035,0.1213,1.0033,5.7,0,13
ISRG261023C00325000,ISRG,2026-10-23,29,C,325.0,-18.67,399.61,75.2,81.5,78.35,0.0,8.0,0.5426,0.9396,0.0021,-0.0862,0.138,77.7823,90.2,0,0
ISRG261023P00325000,ISRG,2026-10-23,29,P,325.0,-18.67,399.61,0.0,3.1,1.7,1.7,,0.5049,-0.0617,0.0021,-0.1172,0.1384,1.5874,8.0,0,25
ISRG261023C00330000,ISRG,2026-10-23,29,C,330.0,-17.42,399.61,70.1,76.8,73.45,0.0,9.1,0.5169,0.9283,0.0024,-0.1029,0.1573,72.8824,89.7,0,0
ISRG261023P00330000,ISRG,2026-10-23,29,P,330.0,-17.42,399.61,0.2,2.5,1.35,2.33,170.4,0.461,-0.0731,0.0025,-0.1319,0.1577,1.3869,7.6,0,32
ISRG261023C00335000,ISRG,2026-10-23,29,C,335.0,-16.17,399.61,65.5,72.2,68.85,0.0,9.7,0.5081,0.9152,0.0028,-0.1206,0.178,68.2953,88.1,0,0
ISRG261023P00335000,ISRG,2026-10-23,29,P,335.0,-16.17,399.61,0.05,4.4,2.225,2.17,195.5,0.4888,-0.0863,0.0028,-0.1478,0.1786,2.2728,10.9,0,8
ISRG261023C00340000,ISRG,2026-10-23,29,C,340.0,-14.92,399.61,61.8,67.6,64.7,0.0,9.0,0.517,0.9002,0.0032,-0.1393,0.2006,64.1475,85.5,0,0
ISRG261023P00340000,ISRG,2026-10-23,29,P,340.0,-14.92,399.61,0.5,3.2,1.85,4.42,145.9,0.4366,-0.1014,0.0032,-0.1647,0.2009,1.8964,10.1,0,18
ISRG261023C00345000,ISRG,2026-10-23,29,C,345.0,-13.67,399.61,56.9,62.4,59.65,0.0,9.2,0.4809,0.883,0.0036,-0.1587,0.2242,59.097,85.1,0,0
ISRG261023P00345000,ISRG,2026-10-23,29,P,345.0,-13.67,399.61,0.7,3.5,2.1,3.43,133.3,0.4209,-0.1187,0.0037,-0.1823,0.225,2.1518,11.4,2,13
ISRG261023C00350000,ISRG,2026-10-23,29,C,350.0,-12.41,399.61,52.6,59.3,55.95,27.5,12.0,0.4999,0.8635,0.0041,-0.1787,0.2494,55.412,81.4,0,22
ISRG261023P00350000,ISRG,2026-10-23,29,P,350.0,-12.41,399.61,3.1,5.3,4.2,3.72,52.4,0.4838,-0.1383,0.0041,-0.2006,0.2502,4.2738,17.7,1,35
ISRG261023C00355000,ISRG,2026-10-23,29,C,355.0,-11.16,399.61,48.3,53.4,50.85,42.0,10.0,0.4608,0.8416,0.0046,-0.199,0.275,50.3221,80.8,0,16
ISRG261023P00355000,ISRG,2026-10-23,29,P,355.0,-11.16,399.61,3.6,5.3,4.45,4.0,38.2,0.4586,-0.1605,0.0046,-0.2191,0.2758,4.5259,19.1,0,14
ISRG261023C00360000,ISRG,2026-10-23,29,C,360.0,-9.91,399.61,45.1,49.4,47.25,48.3,9.1,0.4729,0.817,0.0051,-0.2192,0.3013,46.7384,77.0,1,5
ISRG261023P00360000,ISRG,2026-10-23,29,P,360.0,-9.91,399.61,4.0,5.9,4.95,4.6,38.4,0.4412,-0.1852,0.0051,-0.2376,0.3034,5.0357,21.1,0,3
ISRG261023C00365000,ISRG,2026-10-23,29,C,365.0,-8.66,399.61,40.8,47.0,43.9,38.9,14.1,0.4856,0.7899,0.0056,-0.2389,0.327,43.4057,73.1,0,2
ISRG261023P00365000,ISRG,2026-10-23,29,P,365.0,-8.66,399.61,5.7,6.7,6.2,5.7,16.1,0.4451,-0.2126,0.0057,-0.2556,0.3278,6.296,24.7,7,10
ISRG261023C00370000,ISRG,2026-10-23,29,C,370.0,-7.41,399.61,36.9,41.5,39.2,40.35,11.7,0.4541,0.7602,0.0061,-0.2576,0.3522,38.715,71.3,1,8
ISRG261023P00370000,ISRG,2026-10-23,29,P,370.0,-7.41,399.61,6.6,8.4,7.5,7.8,24.0,0.4449,-0.2426,0.0062,-0.2726,0.3542,7.6065,28.2,0,78
ISRG261023C00375000,ISRG,2026-10-23,29,C,375.0,-6.16,399.61,34.0,37.3,35.65,36.42,9.3,0.4523,0.7279,0.0066,-0.2749,0.3758,35.1839,67.7,0,19
ISRG261023P00375000,ISRG,2026-10-23,29,P,375.0,-6.16,399.61,7.4,10.0,8.7,9.6,29.9,0.4372,-0.2752,0.0067,-0.2883,0.3764,8.8156,31.6,0,46
ISRG261023C00380000,ISRG,2026-10-23,29,C,380.0,-4.91,399.61,29.7,34.1,31.9,30.7,13.8,0.4409,0.6933,0.007,-0.2904,0.3972,31.4487,64.4,0,14
ISRG261023P00380000,ISRG,2026-10-23,29,P,380.0,-4.91,399.61,9.8,11.0,10.4,10.85,11.5,0.4382,-0.3102,0.0071,-0.3021,0.3985,10.5255,35.5,1,19
ISRG261023C00385000,ISRG,2026-10-23,29,C,385.0,-3.66,399.61,26.9,30.9,28.9,27.7,13.8,0.4441,0.6566,0.0074,-0.3034,0.4158,28.473,60.3,0,21
ISRG261023P00385000,ISRG,2026-10-23,29,P,385.0,-3.66,399.61,11.4,12.8,12.1,13.1,11.6,0.4341,-0.3476,0.0075,-0.3137,0.4164,12.2247,39.4,0,37
ISRG261023C00390000,ISRG,2026-10-23,29,C,390.0,-2.4,399.61,24.1,27.9,26.0,26.4,14.6,0.4447,0.6181,0.0078,-0.3137,0.4307,25.5951,56.2,7,12
ISRG261023P00390000,ISRG,2026-10-23,29,P,390.0,-2.4,399.61,13.7,14.9,14.3,15.5,8.4,0.4376,-0.3863,0.0079,-0.3223,0.4313,14.4411,43.6,0,8
ISRG261023C00395000,ISRG,2026-10-23,29,C,395.0,-1.15,399.61,21.8,25.2,23.5,23.7,14.5,0.4498,0.5783,0.008,-0.3209,0.4418,23.1183,52.1,1,13
ISRG261023P00395000,ISRG,2026-10-23,29,P,395.0,-1.15,399.61,15.9,17.1,16.5,15.36,7.3,0.4362,-0.4267,0.0081,-0.3281,0.4418,16.6537,47.7,1,3
ISRG261023C00400000,ISRG,2026-10-23,29,C,400.0,0.1,399.61,19.3,20.5,19.9,18.96,6.0,0.4258,0.5376,0.0082,-0.3248,0.4483,19.5443,48.3,0,53
ISRG261023P00400000,ISRG,2026-10-23,29,P,400.0,0.1,399.61,18.2,19.3,18.75,18.47,5.9,0.4311,-0.468,0.0083,-0.3304,0.4479,18.9025,51.7,17,6
ISRG261023C00405000,ISRG,2026-10-23,29,C,405.0,1.35,399.61,16.8,19.6,18.2,18.6,15.4,0.4398,0.4965,0.0083,-0.3253,0.4502,17.8667,44.3,2,9
ISRG261023P00405000,ISRG,2026-10-23,29,P,405.0,1.35,399.61,20.8,22.2,21.5,20.2,6.5,0.4323,-0.5102,0.0084,-0.3294,0.4486,21.6347,55.8,0,2
ISRG261023C00410000,ISRG,2026-10-23,29,C,410.0,2.6,399.61,14.8,16.0,15.4,15.8,7.8,0.4245,0.456,0.0083,-0.3225,0.4475,15.0756,40.2,0,16
ISRG261023P00410000,ISRG,2026-10-23,29,P,410.0,2.6,399.61,23.1,25.7,24.4,0.0,10.7,0.4327,-0.5518,0.0084,-0.325,0.4456,24.5302,59.7,0,0
ISRG261023C00415000,ISRG,2026-10-23,29,C,415.0,3.85,399.61,12.5,16.1,14.3,14.2,25.2,0.4434,0.4158,0.0082,-0.3164,0.4403,13.9968,36.7,1,61
ISRG261023P00415000,ISRG,2026-10-23,29,P,415.0,3.85,399.61,24.3,28.0,26.15,27.0,14.1,0.4023,-0.5928,0.0083,-0.3174,0.4366,26.2719,64.1,0,15
ISRG261023C00420000,ISRG,2026-10-23,29,C,420.0,5.1,399.61,11.1,12.0,11.55,12.05,7.8,0.4205,0.3768,0.008,-0.3074,0.4287,11.2789,32.6,5,45
ISRG261023P00420000,ISRG,2026-10-23,29,P,420.0,5.1,399.61,29.5,32.0,30.75,29.93,8.1,0.4329,-0.6328,0.0082,-0.307,0.4243,30.8644,67.1,1,92
ISRG261023C00425000,ISRG,2026-10-23,29,C,425.0,6.35,399.61,8.0,12.3,10.15,10.0,42.4,0.4244,0.3393,0.0077,-0.2958,0.4136,9.9046,29.2,0,16
ISRG261023P00425000,ISRG,2026-10-23,29,P,425.0,6.35,399.61,30.7,34.8,32.75,0.0,12.5,0.3971,-0.6711,0.0079,-0.2939,0.4068,32.8359,71.8,0,0
ISRG261023C00430000,ISRG,2026-10-23,29,C,430.0,7.6,399.61,7.7,9.0,8.35,9.8,15.6,0.4142,0.3039,0.0074,-0.2822,0.3951,8.1351,25.5,0,14
ISRG261023P00430000,ISRG,2026-10-23,29,P,430.0,7.6,399.61,36.6,38.6,37.6,0.0,5.3,0.4275,-0.7076,0.0076,-0.2788,0.3876,37.6796,74.0,0,0
ISRG261023C00435000,ISRG,2026-10-23,29,C,435.0,8.86,399.61,4.0,9.3,6.65,7.07,79.7,0.4011,0.2706,0.007,-0.2668,0.3744,6.4665,21.8,0,11
ISRG261023P00435000,ISRG,2026-10-23,29,P,435.0,8.86,399.61,37.7,42.0,39.85,0.0,10.8,0.3841,-0.7418,0.0072,-0.2621,0.3636,39.8712,79.1,0,0
ISRG261023C00440000,ISRG,2026-10-23,29,C,440.0,10.11,399.61,5.6,6.6,6.1,6.55,16.4,0.4153,0.2398,0.0066,-0.2504,0.3515,5.9334,19.7,6,48
ISRG261023P00440000,ISRG,2026-10-23,29,P,440.0,10.11,399.61,40.3,45.8,43.05,0.0,12.8,0.3556,-0.7737,0.0068,-0.2443,0.3382,42.9865,83.6,0,0
ISRG261023C00445000,ISRG,2026-10-23,29,C,445.0,11.36,399.61,1.2,5.7,3.45,5.4,130.4,0.3588,0.2116,0.0061,-0.2332,0.3279,3.3317,13.9,0,22
ISRG261023P00445000,ISRG,2026-10-23,29,P,445.0,11.36,399.61,44.4,50.5,47.45,0.0,12.9,0.3594,-0.803,0.0064,-0.2258,0.3121,47.3264,86.0,0,0
ISRG261023C00450000,ISRG,2026-10-23,29,C,450.0,12.61,399.61,3.3,5.0,4.15,4.3,41.0,0.4084,0.1859,0.0056,-0.2157,0.3033,4.0254,14.4,0,5
ISRG261023P00450000,ISRG,2026-10-23,29,P,450.0,12.61,399.61,50.2,55.9,53.05,0.0,10.7,0.4073,-0.8299,0.0059,-0.2068,0.2834,52.956,85.6,0,0
ISRG261023C00455000,ISRG,2026-10-23,29,C,455.0,13.86,399.61,3.4,5.2,4.3,4.3,41.9,0.4386,0.1627,0.0052,-0.1982,0.2792,4.181,13.9,0,88
ISRG261023P00455000,ISRG,2026-10-23,29,P,455.0,13.86,399.61,54.7,58.9,56.8,0.0,7.4,0.3797,-0.8542,0.0054,-0.1882,0.2565,56.5896,89.2,0,0
ISRG261023C00460000,ISRG,2026-10-23,29,C,460.0,15.11,399.61,2.75,4.0,3.375,3.03,37.0,0.4284,0.1419,0.0047,-0.1812,0.255,3.2768,11.5,1,81
ISRG261023P00460000,ISRG,2026-10-23,29,P,460.0,15.11,399.61,59.6,63.9,61.75,0.0,7.0,0.3997,-0.876,0.005,-0.1695,0.2289,61.519,89.9,0,0
ISRG261023C00465000,ISRG,2026-10-23,29,C,465.0,16.36,399.61,0.0,6.8,2.8,2.8,,0.4521,0.1235,0.0042,-0.1649,0.2322,3.3048,11.0,0,14
ISRG261023P00465000,ISRG,2026-10-23,29,P,465.0,16.36,399.61,63.9,67.9,65.9,0.0,6.1,0.3704,-0.8955,0.0045,-0.1511,0.2014,65.4856,93.0,0,0
ISRG261023C00470000,ISRG,2026-10-23,29,C,470.0,17.61,399.61,0.0,4.4,2.7,2.7,,0.4205,0.1072,0.0038,-0.1493,0.21,2.1313,8.1,0,102
ISRG261023P00470000,ISRG,2026-10-23,29,P,470.0,17.61,399.61,67.1,73.5,70.3,0.0,9.1,0.0,-0.9128,0.0041,-0.1331,0.1782,,,0,0
ISRG261023C00475000,ISRG,2026-10-23,29,C,475.0,18.87,399.61,0.0,4.2,2.0,2.0,,0.4356,0.0929,0.0034,-0.1347,0.1894,2.0361,7.5,0,46
ISRG261023P00475000,ISRG,2026-10-23,29,P,475.0,18.87,399.61,71.8,77.8,74.8,0.0,8.0,0.0,-0.9279,0.0036,-0.1151,0.1502,,,0,0
ISRG261023C00480000,ISRG,2026-10-23,29,C,480.0,20.12,399.61,0.8,10.0,5.4,2.1,170.4,0.595,0.0803,0.0031,-0.1211,0.1701,5.2847,12.3,0,2
ISRG261023P00480000,ISRG,2026-10-23,29,P,480.0,20.12,399.61,76.6,83.6,80.1,0.0,8.7,0.0,-0.9411,0.0032,-0.0975,0.1319,,,0,0
ISRG261023C00485000,ISRG,2026-10-23,29,C,485.0,21.37,399.61,0.0,9.8,,0.0,,0.5987,0.0694,0.0027,-0.1086,0.1523,4.7961,11.3,0,0
ISRG261023P00485000,ISRG,2026-10-23,29,P,485.0,21.37,399.61,81.4,88.4,84.9,0.0,8.2,0.0,-0.9541,0.0033,-0.0804,0.1104,,,0,0
ISRG261023C00490000,ISRG,2026-10-23,29,C,490.0,22.62,399.61,0.0,9.6,,0.0,,0.6162,0.0599,0.0024,-0.0971,0.1361,4.6991,10.7,0,0
ISRG261023P00490000,ISRG,2026-10-23,29,P,490.0,22.62,399.61,86.2,92.9,89.55,0.0,7.5,0.0,-0.9651,0.0032,-0.0628,0.0893,,,0,0
ISRG261023C00495000,ISRG,2026-10-23,29,C,495.0,23.87,399.61,0.0,9.4,,0.0,,0.6332,0.0517,0.0021,-0.0866,0.1211,4.6047,10.2,0,0
ISRG261023P00495000,ISRG,2026-10-23,29,P,495.0,23.87,399.61,91.1,96.9,94.0,0.0,6.2,0.0,-0.9752,0.0028,-0.0665,0.0577,,,0,0
ISRG261030C00300000,ISRG,2026-10-30,36,C,300.0,-24.93,399.61,98.8,105.8,102.3,0.0,6.8,0.4707,0.974,0.001,-0.0224,0.082,101.2649,97.1,0,0
ISRG261030P00300000,ISRG,2026-10-30,36,P,300.0,-24.93,399.61,0.4,1.8,1.1,0.6,127.3,0.5509,-0.0283,0.001,-0.0553,0.0823,1.1447,5.6,0,3
ISRG261030C00305000,ISRG,2026-10-30,36,C,305.0,-23.68,399.61,95.2,101.0,98.1,0.0,5.9,0.5365,0.9683,0.0012,-0.0323,0.0955,97.0877,93.9,0,0
ISRG261030P00305000,ISRG,2026-10-30,36,P,305.0,-23.68,399.61,0.1,1.9,1.0,1.1,180.0,0.5152,-0.034,0.0012,-0.0638,0.0963,1.0431,5.3,0,1
ISRG261030C00310000,ISRG,2026-10-30,36,C,310.0,-22.42,399.61,89.6,96.2,92.9,0.0,7.1,0.4902,0.9616,0.0014,-0.0433,0.1105,91.8792,94.5,0,0
ISRG261030P00310000,ISRG,2026-10-30,36,P,310.0,-22.42,399.61,0.05,1.9,0.975,1.03,189.7,0.4874,-0.0407,0.0014,-0.0732,0.1109,1.0186,5.4,0,5
ISRG261030C00315000,ISRG,2026-10-30,36,C,315.0,-21.17,399.61,85.4,91.4,88.4,0.0,6.8,0.5042,0.9538,0.0016,-0.0551,0.1274,87.39,92.6,0,0
ISRG261030P00315000,ISRG,2026-10-30,36,P,315.0,-21.17,399.61,0.5,2.2,1.35,0.0,125.9,0.4942,-0.0486,0.0016,-0.0836,0.1278,1.4051,6.9,0,0
ISRG261030C00320000,ISRG,2026-10-30,36,C,320.0,-19.92,399.61,80.4,86.7,83.55,0.0,7.5,0.4867,0.9447,0.0019,-0.068,0.1458,82.5421,92.0,0,0
ISRG261030P00320000,ISRG,2026-10-30,36,P,320.0,-19.92,399.61,0.0,2.55,1.41,1.41,,0.4625,-0.0577,0.0019,-0.095,0.1466,1.3307,6.9,0,17
ISRG261030C00325000,ISRG,2026-10-30,36,C,325.0,-18.67,399.61,75.3,82.0,78.65,65.4,8.5,0.4652,0.9342,0.0022,-0.0818,0.1664,77.6434,91.4,0,1
ISRG261030P00325000,ISRG,2026-10-30,36,P,325.0,-18.67,399.61,1.0,2.75,1.875,0.0,93.3,0.477,-0.0683,0.0022,-0.1074,0.1668,1.9463,9.2,0,0
ISRG261030C00330000,ISRG,2026-10-30,36,C,330.0,-17.42,399.61,71.0,77.4,74.2,0.0,8.6,0.4692,0.9221,0.0025,-0.0966,0.1883,73.2068,89.5,0,0
ISRG261030P00330000,ISRG,2026-10-30,36,P,330.0,-17.42,399.61,1.0,2.75,1.875,2.21,93.3,0.45,-0.0806,0.0025,-0.1207,0.1894,1.9495,9.5,0,3
ISRG261030C00335000,ISRG,2026-10-30,36,C,335.0,-16.17,399.61,66.4,72.9,69.65,0.0,9.3,0.463,0.9082,0.0028,-0.1121,0.2122,68.6667,87.8,0,0
ISRG261030P00335000,ISRG,2026-10-30,36,P,335.0,-16.17,399.61,1.15,3.9,2.525,3.8,108.9,0.4571,-0.0946,0.0029,-0.1348,0.2129,2.6141,11.8,0,3
ISRG261030C00340000,ISRG,2026-10-30,36,C,340.0,-14.92,399.61,62.6,69.0,65.8,0.0,9.7,0.4831,0.8925,0.0032,-0.1283,0.2373,64.8419,84.5,0,0
ISRG261030P00340000,ISRG,2026-10-30,36,P,340.0,-14.92,399.61,2.0,3.2,2.6,3.0,46.2,0.4325,-0.1106,0.0033,-0.1497,0.2386,2.6951,12.5,0,12
ISRG261030C00345000,ISRG,2026-10-30,36,C,345.0,-13.67,399.61,57.7,62.9,60.3,0.0,8.6,0.4322,0.8747,0.0036,-0.1451,0.2638,59.336,85.2,0,0
ISRG261030P00345000,ISRG,2026-10-30,36,P,345.0,-13.67,399.61,2.9,5.1,4.0,3.5,55.0,0.4612,-0.1285,0.0037,-0.1651,0.2647,4.1205,16.6,0,6
ISRG261030C00350000,ISRG,2026-10-30,36,C,350.0,-12.41,399.61,53.9,60.4,57.15,46.8,11.4,0.4686,0.8548,0.004,-0.1622,0.291,56.223,80.3,0,0
ISRG261030P00350000,ISRG,2026-10-30,36,P,350.0,-12.41,399.61,3.6,5.8,4.7,4.45,46.8,0.4552,-0.1487,0.0041,-0.1809,0.2926,4.8336,18.9,0,22
ISRG261030C00355000,ISRG,2026-10-30,36,C,355.0,-11.16,399.61,49.5,55.0,52.25,50.12,10.5,0.4391,0.8327,0.0045,-0.1793,0.3188,51.3315,79.3,0,1
ISRG261030P00355000,ISRG,2026-10-30,36,P,355.0,-11.16,399.61,4.0,6.9,5.45,5.5,53.2,0.4478,-0.171,0.0045,-0.1967,0.3199,5.6016,21.2,0,3
ISRG261030C00360000,ISRG,2026-10-30,36,C,360.0,-9.91,399.61,46.5,50.6,48.55,39.9,8.4,0.445,0.8083,0.0049,-0.1963,0.3464,47.6606,76.0,0,0
ISRG261030P00360000,ISRG,2026-10-30,36,P,360.0,-9.91,399.61,4.7,7.5,6.1,6.4,45.9,0.4344,-0.1957,0.005,-0.2123,0.3482,6.2644,23.4,1,7
ISRG261030C00365000,ISRG,2026-10-30,36,C,365.0,-8.66,399.61,41.7,46.7,44.2,30.53,11.3,0.4283,0.7817,0.0054,-0.2126,0.3738,43.3282,73.7,0,1
ISRG261030P00365000,ISRG,2026-10-30,36,P,365.0,-8.66,399.61,6.3,9.3,7.8,0.0,38.5,0.4471,-0.2227,0.0054,-0.2275,0.3749,7.988,27.3,0,0
ISRG261030C00370000,ISRG,2026-10-30,36,C,370.0,-7.41,399.61,37.8,44.8,41.3,42.83,16.9,0.4464,0.7529,0.0058,-0.2281,0.3996,40.4692,69.4,0,50
ISRG261030P00370000,ISRG,2026-10-30,36,P,370.0,-7.41,399.61,6.9,10.0,8.45,8.0,36.7,0.4278,-0.2519,0.0059,-0.2417,0.4013,8.6525,29.6,0,9
ISRG261030C00375000,ISRG,2026-10-30,36,C,375.0,-6.16,399.61,35.2,38.8,37.0,35.6,9.7,0.4252,0.7221,0.0062,-0.2424,0.424,36.1916,67.0,0,59
ISRG261030P00375000,ISRG,2026-10-30,36,P,375.0,-6.16,399.61,8.9,10.7,9.8,9.9,18.4,0.4232,-0.2832,0.0063,-0.2548,0.4251,10.0201,32.9,2,46
ISRG261030C00380000,ISRG,2026-10-30,36,C,380.0,-4.91,399.61,32.2,37.4,34.8,35.68,14.9,0.4494,0.6894,0.0066,-0.2551,0.4457,34.0358,62.3,0,13
ISRG261030P00380000,ISRG,2026-10-30,36,P,380.0,-4.91,399.61,10.7,12.5,11.6,11.05,15.5,0.4251,-0.3164,0.0067,-0.2663,0.4472,11.8371,36.7,2,20
ISRG261030C00385000,ISRG,2026-10-30,36,C,385.0,-3.66,399.61,28.5,32.5,30.5,25.58,13.1,0.4225,0.6551,0.0069,-0.2659,0.4648,29.7626,59.6,0,6
ISRG261030P00385000,ISRG,2026-10-30,36,P,385.0,-3.66,399.61,11.5,14.3,12.9,14.5,21.7,0.4122,-0.3513,0.007,-0.276,0.4656,13.1569,40.0,0,22
ISRG261030C00390000,ISRG,2026-10-30,36,C,390.0,-2.4,399.61,25.5,30.5,28.0,29.2,17.9,0.4311,0.6194,0.0072,-0.2746,0.4801,27.3012,55.6,0,5
ISRG261030P00390000,ISRG,2026-10-30,36,P,390.0,-2.4,399.61,14.2,16.4,15.3,15.5,14.4,0.419,-0.3877,0.0073,-0.2835,0.4808,15.5728,44.1,0,4
ISRG261030C00395000,ISRG,2026-10-30,36,C,395.0,-1.15,399.61,23.3,26.0,24.65,22.41,11.0,0.4182,0.5826,0.0074,-0.2809,0.4917,23.9893,52.1,1,1
ISRG261030P00395000,ISRG,2026-10-30,36,P,395.0,-1.15,399.61,15.1,18.6,16.85,21.2,20.8,0.4043,-0.4251,0.0075,-0.2888,0.4922,17.1399,47.6,0,1
ISRG261030C00400000,ISRG,2026-10-30,36,C,400.0,0.1,399.61,20.2,23.7,21.95,22.95,15.9,0.415,0.5453,0.0075,-0.2847,0.499,21.3302,48.3,1,23
ISRG261030P00400000,ISRG,2026-10-30,36,P,400.0,0.1,399.61,18.8,21.1,19.95,20.25,11.5,0.4171,-0.4633,0.0077,-0.2915,0.4983,20.2499,51.7,0,4
ISRG261030C00405000,ISRG,2026-10-30,36,C,405.0,1.35,399.61,17.0,20.6,18.8,17.71,19.1,0.3991,0.5077,0.0076,-0.286,0.502,18.2228,44.5,0,6
ISRG261030P00405000,ISRG,2026-10-30,36,P,405.0,1.35,399.61,20.6,23.7,22.15,43.9,14.0,0.4074,-0.5022,0.0078,-0.2917,0.5,22.4336,55.5,0,1
ISRG261030C00410000,ISRG,2026-10-30,36,C,410.0,2.6,399.61,16.3,20.2,18.25,16.6,21.4,0.4309,0.4706,0.0076,-0.2848,0.5008,17.686,41.0,0,7
ISRG261030P00410000,ISRG,2026-10-30,36,P,410.0,2.6,399.61,24.2,28.0,26.1,28.13,14.6,0.4294,-0.5406,0.0078,-0.2893,0.4973,26.3869,59.0,0,1
ISRG261030C00415000,ISRG,2026-10-30,36,C,415.0,3.85,399.61,14.3,17.7,16.0,15.0,21.2,0.4258,0.4336,0.0076,-0.2812,0.495,15.4805,37.5,0,3
ISRG261030P00415000,ISRG,2026-10-30,36,P,415.0,3.85,399.61,26.4,30.0,28.2,51.7,12.8,0.4104,-0.5785,0.0078,-0.2846,0.4897,28.4796,62.8,0,1
ISRG261030C00420000,ISRG,2026-10-30,36,C,420.0,5.1,399.61,12.7,15.9,14.3,12.15,22.4,0.4283,0.3975,0.0074,-0.2752,0.4855,13.8198,34.2,1,30
ISRG261030P00420000,ISRG,2026-10-30,36,P,420.0,5.1,399.61,30.5,33.8,32.15,0.0,10.3,0.4256,-0.6156,0.0076,-0.2776,0.4786,32.4259,65.9,0,0
ISRG261030C00425000,ISRG,2026-10-30,36,C,425.0,6.35,399.61,10.7,12.9,11.8,11.95,18.6,0.4106,0.3627,0.0072,-0.2673,0.4721,11.3707,30.4,4,11
ISRG261030P00425000,ISRG,2026-10-30,36,P,425.0,6.35,399.61,33.2,36.2,34.7,36.2,8.6,0.4077,-0.6516,0.0075,-0.2686,0.4621,34.9525,69.6,0,1
ISRG261030C00430000,ISRG,2026-10-30,36,C,430.0,7.6,399.61,9.1,12.2,10.65,11.75,29.1,0.4178,0.3293,0.007,-0.2576,0.4557,10.2554,27.6,0,16
ISRG261030P00430000,ISRG,2026-10-30,36,P,430.0,7.6,399.61,34.4,40.2,37.3,0.0,15.5,0.3856,-0.6862,0.0072,-0.2578,0.444,37.5205,73.7,0,0
ISRG261030C00435000,ISRG,2026-10-30,36,C,435.0,8.86,399.61,8.0,11.1,9.55,9.25,32.5,0.4233,0.2976,0.0067,-0.2464,0.4364,9.1891,25.0,1,7
ISRG261030P00435000,ISRG,2026-10-30,36,P,435.0,8.86,399.61,41.3,43.4,42.35,0.0,5.0,0.4162,-0.7191,0.007,-0.2457,0.4206,42.5604,75.3,0,0
ISRG261030C00440000,ISRG,2026-10-30,36,C,440.0,10.11,399.61,6.6,9.0,7.8,8.5,30.8,0.4104,0.2678,0.0064,-0.234,0.4152,7.4856,21.7,0,2
ISRG261030P00440000,ISRG,2026-10-30,36,P,440.0,10.11,399.61,43.3,47.4,45.35,0.0,9.0,0.3943,-0.7501,0.0066,-0.2324,0.3972,45.4981,79.0,0,0
ISRG261030C00445000,ISRG,2026-10-30,36,C,445.0,11.36,399.61,6.1,8.5,7.3,7.05,32.9,0.4245,0.2401,0.006,-0.2208,0.392,7.0083,19.9,0,8
ISRG261030P00445000,ISRG,2026-10-30,36,P,445.0,11.36,399.61,47.0,51.5,49.25,0.0,9.1,0.39,-0.7792,0.0063,-0.2184,0.3692,49.3393,81.8,0,0
ISRG261030C00450000,ISRG,2026-10-30,36,C,450.0,12.61,399.61,5.0,6.7,5.85,5.8,29.1,0.4114,0.2144,0.0056,-0.2071,0.3683,5.5999,17.0,1,21
ISRG261030P00450000,ISRG,2026-10-30,36,P,450.0,12.61,399.61,50.8,56.1,53.45,0.0,9.9,0.3902,-0.8063,0.0059,-0.2037,0.3431,53.4781,84.1,0,0
ISRG261030C00455000,ISRG,2026-10-30,36,C,455.0,13.86,399.61,3.8,5.8,4.8,5.0,41.7,0.4047,0.1908,0.0052,-0.1931,0.3435,4.5845,14.6,10,38
ISRG261030P00455000,ISRG,2026-10-30,36,P,455.0,13.86,399.61,54.0,60.2,57.1,0.0,10.9,0.3657,-0.8313,0.0056,-0.189,0.3123,56.976,87.6,0,0
ISRG261030C00460000,ISRG,2026-10-30,36,C,460.0,15.11,399.61,3.4,5.6,4.5,5.5,48.9,0.4177,0.1693,0.0048,-0.1792,0.3191,4.302,13.4,0,20
ISRG261030P00460000,ISRG,2026-10-30,36,P,460.0,15.11,399.61,58.1,64.8,61.45,0.0,10.9,0.3584,-0.8542,0.0052,-0.1739,0.286,61.1943,89.8,0,0
ISRG261030C00465000,ISRG,2026-10-30,36,C,465.0,16.36,399.61,3.2,4.7,3.95,4.1,38.0,0.421,0.1497,0.0045,-0.1654,0.2946,3.7731,11.9,1,1
ISRG261030P00465000,ISRG,2026-10-30,36,P,465.0,16.36,399.61,64.4,69.2,66.8,0.0,7.2,0.3944,-0.8753,0.0048,-0.1591,0.2542,66.5962,89.5,0,0
ISRG261030C00470000,ISRG,2026-10-30,36,C,470.0,17.61,399.61,2.6,4.0,3.3,3.5,42.4,0.4182,0.1321,0.0041,-0.152,0.271,3.1481,10.2,3,0
ISRG261030P00470000,ISRG,2026-10-30,36,P,470.0,17.61,399.61,67.0,73.8,70.4,0.0,9.7,0.3117,-0.8941,0.0044,-0.144,0.2285,69.4837,95.2,0,0
ISRG261030C00475000,ISRG,2026-10-30,36,C,475.0,18.87,399.61,1.2,3.8,2.5,2.2,104.0,0.4054,0.1163,0.0037,-0.1391,0.2481,2.3786,8.2,0,1
ISRG261030P00475000,ISRG,2026-10-30,36,P,475.0,18.87,399.61,72.2,78.4,75.3,0.0,8.2,0.0,-0.9112,0.004,-0.1291,0.1978,,,0,0
ISRG261030C00480000,ISRG,2026-10-30,36,C,480.0,20.12,399.61,1.8,5.7,3.75,2.2,104.0,0.4736,0.1022,0.0034,-0.1268,0.2262,3.5972,10.0,4,12
ISRG261030P00480000,ISRG,2026-10-30,36,P,480.0,20.12,399.61,76.8,82.7,79.75,0.0,7.4,0.0,-0.9262,0.0036,-0.1139,0.1727,,,0,0
ISRG261030C00485000,ISRG,2026-10-30,36,C,485.0,21.37,399.61,1.0,3.1,2.05,1.25,102.4,0.4201,0.0896,0.0031,-0.1153,0.2058,1.951,6.6,0,1
ISRG261030P00485000,ISRG,2026-10-30,36,P,485.0,21.37,399.61,81.6,87.5,84.55,0.0,7.0,0.0,-0.9408,0.0035,-0.0982,0.1449,,,0,0
ISRG261030C00490000,ISRG,2026-10-30,36,C,490.0,22.62,399.61,1.0,5.6,3.3,0.0,139.4,0.4932,0.0785,0.0028,-0.1045,0.1863,3.1676,8.6,0,0
ISRG261030P00490000,ISRG,2026-10-30,36,P,490.0,22.62,399.61,86.4,92.6,89.5,0.0,6.9,0.0,-0.9542,0.0035,-0.0822,0.1214,,,0,0
ISRG261030C00495000,ISRG,2026-10-30,36,C,495.0,23.87,399.61,1.0,1.9,1.45,0.0,62.1,0.4198,0.0687,0.0025,-0.0944,0.1685,1.378,4.8,0,0
ISRG261030P00495000,ISRG,2026-10-30,36,P,495.0,23.87,399.61,91.2,97.8,94.5,0.0,7.0,0.0,-0.9654,0.0034,-0.0677,0.1039,,,0,0
ISRG261106C00325000,ISRG,2026-11-06,43,C,325.0,-18.67,399.61,76.8,82.7,79.75,0.0,7.4,0.4783,0.924,0.0023,-0.0636,0.2019,78.8906,88.6,0,0
ISRG261106P00325000,ISRG,2026-11-06,43,P,325.0,-18.67,399.61,1.15,3.8,2.475,0.0,107.1,0.4682,-0.0785,0.0023,-0.1058,0.2036,2.5402,10.8,0,0
ISRG261106C00330000,ISRG,2026-11-06,43,C,330.0,-17.42,399.61,72.3,78.2,75.25,0.0,7.8,0.4729,0.9111,0.0026,-0.0778,0.2263,74.3981,87.0,0,0
ISRG261106P00330000,ISRG,2026-11-06,43,P,330.0,-17.42,399.61,1.4,5.8,3.6,0.0,122.2,0.491,-0.0915,0.0026,-0.1175,0.2271,3.6798,14.0,0,0
ISRG261106C00335000,ISRG,2026-11-06,43,C,335.0,-16.17,399.61,67.5,73.7,70.6,0.0,8.8,0.459,0.8966,0.0029,-0.0926,0.252,69.7537,85.8,0,0
ISRG261106P00335000,ISRG,2026-11-06,43,P,335.0,-16.17,399.61,2.05,4.7,3.375,0.0,78.5,0.4546,-0.1061,0.003,-0.1298,0.2533,3.4562,14.0,0,0
ISRG261106C00340000,ISRG,2026-11-06,43,C,340.0,-14.92,399.61,63.6,69.3,66.45,0.0,8.6,0.4617,0.8804,0.0033,-0.1077,0.2789,65.6172,83.4,0,0
ISRG261106P00340000,ISRG,2026-11-06,43,P,340.0,-14.92,399.61,1.8,8.3,5.05,0.0,128.7,0.4866,-0.1226,0.0033,-0.1425,0.2802,5.1502,18.1,0,0
ISRG261106C00345000,ISRG,2026-11-06,43,C,345.0,-13.67,399.61,59.0,65.1,62.05,0.0,9.8,0.4522,0.8623,0.0036,-0.1232,0.3069,61.225,81.6,0,0
ISRG261106P00345000,ISRG,2026-11-06,43,P,345.0,-13.67,399.61,1.8,6.9,4.35,0.0,117.2,0.4345,-0.1409,0.0037,-0.1555,0.3087,4.4484,17.3,0,0
ISRG261106C00350000,ISRG,2026-11-06,43,C,350.0,-12.41,399.61,54.9,60.9,57.9,0.0,10.4,0.4482,0.8423,0.004,-0.1387,0.3353,57.0911,79.3,0,0
ISRG261106P00350000,ISRG,2026-11-06,43,P,350.0,-12.41,399.61,1.35,8.8,5.075,0.0,146.8,0.4287,-0.1612,0.0041,-0.1686,0.3369,5.1804,19.5,0,0
ISRG261106C00355000,ISRG,2026-11-06,43,C,355.0,-11.16,399.61,50.9,56.8,53.85,0.0,11.0,0.444,0.8203,0.0044,-0.154,0.3641,53.0583,76.8,0,0
ISRG261106P00355000,ISRG,2026-11-06,43,P,355.0,-11.16,399.61,2.3,9.5,5.9,0.0,122.0,0.4232,-0.1834,0.0045,-0.1816,0.3663,6.0214,21.9,0,0
ISRG261106C00360000,ISRG,2026-11-06,43,C,360.0,-9.91,399.61,47.0,52.9,49.95,0.0,11.8,0.4407,0.7963,0.0048,-0.169,0.3922,49.1773,74.1,0,0
ISRG261106P00360000,ISRG,2026-11-06,43,P,360.0,-9.91,399.61,5.6,10.5,8.05,8.61,60.9,0.4485,-0.2078,0.0048,-0.1942,0.3941,8.187,26.4,1,0
ISRG261106C00365000,ISRG,2026-11-06,43,C,365.0,-8.66,399.61,43.2,49.2,46.2,0.0,13.0,0.4379,0.7705,0.0052,-0.1834,0.4199,45.4469,71.2,0,0
ISRG261106P00365000,ISRG,2026-11-06,43,P,365.0,-8.66,399.61,4.8,11.7,8.25,0.0,83.6,0.4207,-0.234,0.0052,-0.2063,0.4222,8.3949,27.8,0,0
ISRG261106C00370000,ISRG,2026-11-06,43,C,370.0,-7.41,399.61,40.0,45.5,42.75,0.0,12.9,0.4388,0.7427,0.0055,-0.197,0.4458,42.0231,68.0,0,0
ISRG261106P00370000,ISRG,2026-11-06,43,P,370.0,-7.41,399.61,6.5,13.0,9.75,0.0,66.7,0.4217,-0.2622,0.0056,-0.2175,0.4478,9.905,31.1,0,0
ISRG261106C00375000,ISRG,2026-11-06,43,C,375.0,-6.16,399.61,36.1,42.1,39.1,0.0,15.3,0.4319,0.7133,0.0059,-0.2094,0.4702,38.3928,65.0,0,0
ISRG261106P00375000,ISRG,2026-11-06,43,P,375.0,-6.16,399.61,7.1,14.4,10.75,0.0,67.9,0.4085,-0.2921,0.006,-0.2277,0.4723,10.9166,33.8,0,0
ISRG261106C00380000,ISRG,2026-11-06,43,C,380.0,-4.91,399.61,33.0,38.8,35.9,0.0,16.2,0.4315,0.6822,0.0062,-0.2205,0.4917,35.2196,61.7,0,0
ISRG261106P00380000,ISRG,2026-11-06,43,P,380.0,-4.91,399.61,10.8,15.8,13.3,0.0,37.6,0.4245,-0.3237,0.0063,-0.2365,0.4934,13.4767,38.0,0,0
ISRG261106C00385000,ISRG,2026-11-06,43,C,385.0,-3.66,399.61,30.0,35.7,32.85,0.0,17.4,0.4308,0.6498,0.0065,-0.2301,0.5106,32.1981,58.3,0,0
ISRG261106P00385000,ISRG,2026-11-06,43,P,385.0,-3.66,399.61,12.4,17.6,15.0,0.0,34.7,0.4193,-0.3567,0.0066,-0.2438,0.512,15.1884,41.3,0,0
ISRG261106C00390000,ISRG,2026-11-06,43,C,390.0,-2.4,399.61,27.1,32.3,29.7,0.0,17.5,0.425,0.6163,0.0067,-0.2378,0.5259,29.0758,55.0,0,0
ISRG261106P00390000,ISRG,2026-11-06,43,P,390.0,-2.4,399.61,12.6,19.5,16.05,0.0,43.0,0.3986,-0.3909,0.0068,-0.2493,0.5268,16.2418,44.3,0,0
ISRG261106C00395000,ISRG,2026-11-06,43,C,395.0,-1.15,399.61,24.1,29.5,26.8,0.0,20.1,0.421,0.582,0.0069,-0.2437,0.5375,26.2088,51.6,0,0
ISRG261106P00395000,ISRG,2026-11-06,43,P,395.0,-1.15,399.61,16.3,21.6,18.95,0.0,28.0,0.41,-0.426,0.007,-0.2531,0.5375,19.1502,48.2,0,0
ISRG261106C00400000,ISRG,2026-11-06,43,C,400.0,0.1,399.61,21.7,26.7,24.2,0.0,20.7,0.4194,0.5471,0.007,-0.2477,0.5451,23.6393,48.2,0,0
ISRG261106P00400000,ISRG,2026-11-06,43,P,400.0,0.1,399.61,18.5,23.9,21.2,0.0,25.5,0.4056,-0.4616,0.0072,-0.2547,0.5445,21.3973,51.7,0,0
ISRG261106C00405000,ISRG,2026-11-06,43,C,405.0,1.35,399.61,18.3,25.0,21.65,0.0,30.9,0.4157,0.5121,0.0071,-0.2496,0.5485,21.1255,44.7,0,0
ISRG261106P00405000,ISRG,2026-11-06,43,P,405.0,1.35,399.61,20.9,26.5,23.7,0.0,23.6,0.4027,-0.4976,0.0073,-0.2546,0.5462,23.9002,55.2,0,0
ISRG261106C00410000,ISRG,2026-11-06,43,C,410.0,2.6,399.61,17.3,21.6,19.45,0.0,22.1,0.4152,0.4771,0.0071,-0.2495,0.5478,18.9562,41.4,0,0
ISRG261106P00410000,ISRG,2026-11-06,43,P,410.0,2.6,399.61,22.7,29.1,25.9,0.0,24.7,0.3908,-0.5335,0.0073,-0.2522,0.5449,26.0881,58.8,0,0
ISRG261106C00415000,ISRG,2026-11-06,43,C,415.0,3.85,399.61,14.0,19.4,16.7,0.0,32.3,0.4016,0.4426,0.0071,-0.2474,0.5429,16.246,37.9,0,0
ISRG261106P00415000,ISRG,2026-11-06,43,P,415.0,3.85,399.61,26.4,31.9,29.15,0.0,18.9,0.395,-0.569,0.0073,-0.2481,0.5373,29.3292,62.2,0,0
ISRG261106C00420000,ISRG,2026-11-06,43,C,420.0,5.1,399.61,12.0,18.7,15.35,0.0,43.6,0.4107,0.4088,0.007,-0.2436,0.5344,14.9251,34.8,0,0
ISRG261106P00420000,ISRG,2026-11-06,43,P,420.0,5.1,399.61,28.9,34.9,31.9,0.0,18.8,0.3864,-0.6039,0.0072,-0.242,0.5278,32.0555,65.8,0,0
ISRG261106C00425000,ISRG,2026-11-06,43,C,425.0,6.35,399.61,10.2,15.5,12.85,13.83,41.2,0.3951,0.3759,0.0068,-0.238,0.522,12.4636,31.3,1,0
ISRG261106P00425000,ISRG,2026-11-06,43,P,425.0,6.35,399.61,32.6,37.9,35.25,0.0,15.0,0.3859,-0.6379,0.0071,-0.2344,0.5129,35.3833,69.0,0,0
ISRG261106C00430000,ISRG,2026-11-06,43,C,430.0,7.6,399.61,8.5,14.9,11.7,12.0,54.7,0.4024,0.3443,0.0066,-0.231,0.5067,11.3447,28.6,1,0
ISRG261106P00430000,ISRG,2026-11-06,43,P,430.0,7.6,399.61,35.9,41.5,38.7,0.0,14.5,0.384,-0.6707,0.0069,-0.2253,0.4947,38.7996,72.1,0,0
ISRG261106C00435000,ISRG,2026-11-06,43,C,435.0,8.86,399.61,7.0,13.5,10.25,9.78,63.4,0.401,0.3141,0.0064,-0.2228,0.4884,9.9249,25.7,1,0
ISRG261106P00435000,ISRG,2026-11-06,43,P,435.0,8.86,399.61,39.4,44.9,42.15,0.0,13.0,0.3786,-0.7022,0.0067,-0.2149,0.4748,42.2061,75.2,0,0
ISRG261106C00440000,ISRG,2026-11-06,43,C,440.0,10.11,399.61,5.7,12.5,9.1,8.9,74.7,0.4031,0.2855,0.0061,-0.2135,0.468,8.8054,23.2,2,0
ISRG261106P00440000,ISRG,2026-11-06,43,P,440.0,10.11,399.61,43.2,48.9,46.05,0.0,12.4,0.3794,-0.732,0.0064,-0.2035,0.4485,46.0535,77.9,0,0
ISRG261106C00445000,ISRG,2026-11-06,43,C,445.0,11.36,399.61,4.5,11.3,7.9,0.0,86.1,0.4014,0.2586,0.0058,-0.2034,0.4457,7.6359,20.7,0,0
ISRG261106P00445000,ISRG,2026-11-06,43,P,445.0,11.36,399.61,47.1,52.7,49.9,0.0,11.2,0.3758,-0.7603,0.0061,-0.1912,0.4245,49.8412,80.6,0,0
ISRG261106C00450000,ISRG,2026-11-06,43,C,450.0,12.61,399.61,3.4,10.5,6.95,0.0,102.2,0.4026,0.2334,0.0055,-0.1926,0.4221,6.7097,18.6,0,0
ISRG261106P00450000,ISRG,2026-11-06,43,P,450.0,12.61,399.61,51.1,56.7,53.9,0.0,10.4,0.372,-0.7869,0.0058,-0.1784,0.3969,53.7605,83.1,0,0
ISRG261106C00455000,ISRG,2026-11-06,43,C,455.0,13.86,399.61,2.6,9.8,6.2,0.0,116.1,0.4063,0.21,0.0052,-0.1815,0.3979,5.9816,16.7,0,0
ISRG261106P00455000,ISRG,2026-11-06,43,P,455.0,13.86,399.61,55.3,60.8,58.05,0.0,9.5,0.3684,-0.8117,0.0055,-0.1653,0.3676,57.8187,85.4,0,0
ISRG261106C00460000,ISRG,2026-11-06,43,C,460.0,15.11,399.61,1.85,9.2,5.525,0.0,133.0,0.4099,0.1885,0.0048,-0.1702,0.3728,5.3302,15.0,0,0
ISRG261106P00460000,ISRG,2026-11-06,43,P,460.0,15.11,399.61,59.6,64.9,62.25,0.0,8.5,0.3616,-0.8347,0.0052,-0.152,0.3369,61.8947,87.7,0,0
ISRG261106C00465000,ISRG,2026-11-06,43,C,465.0,16.36,399.61,3.0,5.8,4.4,0.0,63.6,0.3982,0.1687,0.0045,-0.1589,0.3482,4.2357,12.7,0,0
ISRG261106P00465000,ISRG,2026-11-06,43,P,465.0,16.36,399.61,63.9,69.0,66.45,0.0,7.7,0.3478,-0.856,0.0049,-0.1386,0.3104,65.9079,90.1,0,0
ISRG261120C00300000,ISRG,2026-11-20,57,C,300.0,-24.93,399.61,100.6,107.4,104.0,97.08,6.5,0.4707,0.9596,0.0012,-0.0135,0.1437,103.0558,93.1,0,9
ISRG261120P00300000,ISRG,2026-11-20,57,P,300.0,-24.93,399.61,1.1,1.55,1.325,1.52,34.0,0.457,-0.0423,0.0012,-0.0553,0.1445,1.3707,6.3,20,415
ISRG261120C00305000,ISRG,2026-11-20,57,C,305.0,-23.68,399.61,97.1,102.7,99.9,0.0,5.6,0.4976,0.9522,0.0014,-0.0226,0.1636,98.9787,90.4,0,0
ISRG261120P00305000,ISRG,2026-11-20,57,P,305.0,-23.68,399.61,1.05,2.6,1.825,1.0,84.9,0.4667,-0.0497,0.0014,-0.0624,0.1643,1.8804,8.0,0,16
ISRG261120C00310000,ISRG,2026-11-20,57,C,310.0,-22.42,399.61,92.3,98.0,95.15,62.61,6.0,0.4846,0.9438,0.0016,-0.0322,0.185,94.2293,89.7,0,2
ISRG261120P00310000,ISRG,2026-11-20,57,P,310.0,-22.42,399.61,1.3,2.1,1.7,2.08,47.1,0.4376,-0.0582,0.0016,-0.0701,0.1865,1.7555,7.8,15,292
ISRG261120C00315000,ISRG,2026-11-20,57,C,315.0,-21.17,399.61,87.1,93.4,90.25,62.5,7.0,0.4642,0.9343,0.0019,-0.0424,0.2085,89.3278,89.2,0,2
ISRG261120P00315000,ISRG,2026-11-20,57,P,315.0,-21.17,399.61,1.6,3.1,2.35,3.1,63.8,0.4491,-0.0678,0.0019,-0.0784,0.2094,2.4206,9.9,0,11
ISRG261120C00320000,ISRG,2026-11-20,57,C,320.0,-19.92,399.61,83.0,88.8,85.9,86.5,6.8,0.4659,0.9234,0.0021,-0.053,0.2333,84.9786,87.5,0,11
ISRG261120P00320000,ISRG,2026-11-20,57,P,320.0,-19.92,399.61,2.1,2.8,2.45,2.45,28.6,0.431,-0.0788,0.0021,-0.0872,0.2351,2.5251,10.5,403,180
ISRG261120C00325000,ISRG,2026-11-20,57,C,325.0,-18.67,399.61,78.5,84.3,81.4,0.0,7.1,0.4591,0.9113,0.0024,-0.0642,0.26,80.4828,86.1,0,0
ISRG261120P00325000,ISRG,2026-11-20,57,P,325.0,-18.67,399.61,2.1,3.1,2.6,3.0,38.5,0.4147,-0.0911,0.0024,-0.0964,0.2614,2.6789,11.2,1,14
ISRG261120C00330000,ISRG,2026-11-20,57,C,330.0,-17.42,399.61,73.7,80.0,76.85,77.61,8.2,0.4489,0.8977,0.0026,-0.0757,0.2878,75.9387,84.7,4,10
ISRG261120P00330000,ISRG,2026-11-20,57,P,330.0,-17.42,399.61,3.0,3.8,3.4,3.25,23.5,0.4223,-0.1048,0.0027,-0.1061,0.2894,3.4916,13.5,12,104
ISRG261120C00335000,ISRG,2026-11-20,57,C,335.0,-16.17,399.61,70.3,74.7,72.5,0.0,6.1,0.4438,0.8825,0.003,-0.0875,0.317,71.6083,83.0,0,0
ISRG261120P00335000,ISRG,2026-11-20,57,P,335.0,-16.17,399.61,3.6,4.3,3.95,4.0,17.7,0.4171,-0.1201,0.003,-0.1161,0.3187,4.0527,15.3,4,75
ISRG261120C00340000,ISRG,2026-11-20,57,C,340.0,-14.92,399.61,66.2,72.0,69.1,59.3,8.4,0.4624,0.8658,0.0033,-0.0995,0.3471,68.2313,79.6,0,14
ISRG261120P00340000,ISRG,2026-11-20,57,P,340.0,-14.92,399.61,4.7,5.0,4.85,4.95,6.2,0.42,-0.137,0.0033,-0.1263,0.3487,4.9653,17.7,1,524
ISRG261120C00345000,ISRG,2026-11-20,57,C,345.0,-13.67,399.61,62.0,66.0,64.0,42.39,6.2,0.4323,0.8475,0.0036,-0.1116,0.3774,63.133,79.1,0,2
ISRG261120P00345000,ISRG,2026-11-20,57,P,345.0,-13.67,399.61,5.2,5.9,5.55,5.6,12.6,0.4139,-0.1556,0.0036,-0.1366,0.3797,5.6715,19.6,2,38
ISRG261120C00350000,ISRG,2026-11-20,57,C,350.0,-12.41,399.61,57.2,61.9,59.55,61.03,7.9,0.4186,0.8276,0.0039,-0.1235,0.4084,58.6915,77.5,454,1055
ISRG261120P00350000,ISRG,2026-11-20,57,P,350.0,-12.41,399.61,6.2,6.9,6.55,6.6,10.7,0.4132,-0.1759,0.004,-0.1468,0.4102,6.6806,22.1,4,1128
ISRG261120C00355000,ISRG,2026-11-20,57,C,355.0,-11.16,399.61,53.2,57.9,55.55,52.3,8.5,0.4142,0.806,0.0042,-0.1353,0.4385,54.7097,75.2,0,34
ISRG261120P00355000,ISRG,2026-11-20,57,P,355.0,-11.16,399.61,7.3,8.0,7.65,7.7,9.2,0.4122,-0.1976,0.0043,-0.1568,0.4417,7.8009,24.7,1,167
ISRG261120C00360000,ISRG,2026-11-20,57,C,360.0,-9.91,399.61,49.4,55.1,52.25,53.18,10.9,0.4224,0.7829,0.0045,-0.1467,0.4685,51.4332,71.9,454,1008
ISRG261120P00360000,ISRG,2026-11-20,57,P,360.0,-9.91,399.61,8.4,9.1,8.75,8.6,8.0,0.4083,-0.2212,0.0046,-0.1664,0.4707,8.9141,27.3,1,136
ISRG261120C00365000,ISRG,2026-11-20,57,C,365.0,-8.66,399.61,46.8,51.8,49.3,44.72,10.1,0.4338,0.7581,0.0048,-0.1575,0.4969,48.5108,68.4,0,31
ISRG261120P00365000,ISRG,2026-11-20,57,P,365.0,-8.66,399.61,9.7,10.8,10.25,10.0,10.7,0.4101,-0.2463,0.0049,-0.1756,0.4999,10.4305,30.3,1,382
ISRG261120C00370000,ISRG,2026-11-20,57,C,370.0,-7.41,399.61,43.3,48.7,46.0,39.82,11.7,0.4347,0.732,0.0052,-0.1676,0.5239,45.231,65.5,0,258
ISRG261120P00370000,ISRG,2026-11-20,57,P,370.0,-7.41,399.61,10.5,11.9,11.2,11.4,12.5,0.3983,-0.2729,0.0052,-0.184,0.5261,11.3882,32.6,2,180
ISRG261120C00375000,ISRG,2026-11-20,57,C,375.0,-6.16,399.61,39.9,43.0,41.45,41.5,7.5,0.4104,0.7044,0.0054,-0.1769,0.5486,40.6993,63.7,0,80
ISRG261120P00375000,ISRG,2026-11-20,57,P,375.0,-6.16,399.61,12.5,13.9,13.2,12.8,10.6,0.404,-0.3009,0.0055,-0.1917,0.5507,13.4009,36.0,1,190
ISRG261120C00380000,ISRG,2026-11-20,57,C,380.0,-4.91,399.61,36.0,41.1,38.55,38.25,13.2,0.4141,0.6757,0.0057,-0.1851,0.5707,37.8259,60.4,1,117
ISRG261120P00380000,ISRG,2026-11-20,57,P,380.0,-4.91,399.61,13.5,15.7,14.6,14.7,15.1,0.396,-0.3302,0.0058,-0.1983,0.5726,14.8115,38.9,5,413
ISRG261120C00385000,ISRG,2026-11-20,57,C,385.0,-3.66,399.61,33.4,37.2,35.3,35.65,10.8,0.4091,0.646,0.0059,-0.1922,0.5899,34.6051,57.5,12,62
ISRG261120P00385000,ISRG,2026-11-20,57,P,385.0,-3.66,399.61,15.5,17.7,16.6,16.6,13.3,0.396,-0.3606,0.006,-0.2039,0.5915,16.8223,42.1,1,50
ISRG261120C00390000,ISRG,2026-11-20,57,C,390.0,-2.4,399.61,30.9,33.9,32.4,32.89,9.3,0.4071,0.6158,0.0061,-0.1981,0.6056,31.7066,54.4,1,219
ISRG261120P00390000,ISRG,2026-11-20,57,P,390.0,-2.4,399.61,18.5,19.7,19.1,18.4,6.3,0.4014,-0.3918,0.0062,-0.2082,0.6065,19.3219,45.5,1,134
ISRG261120C00395000,ISRG,2026-11-20,57,C,395.0,-1.15,399.61,26.7,32.4,29.55,29.08,19.3,0.4039,0.5846,0.0062,-0.2027,0.6179,28.8856,51.3,1,63
ISRG261120P00395000,ISRG,2026-11-20,57,P,395.0,-1.15,399.61,21.2,22.0,21.6,20.9,3.7,0.4041,-0.4238,0.0064,-0.2112,0.6179,21.8282,48.7,0,57
ISRG261120C00400000,ISRG,2026-11-20,57,C,400.0,0.1,399.61,25.2,27.9,26.55,28.0,10.2,0.396,0.5531,0.0063,-0.2059,0.6263,25.9214,48.2,24,219
ISRG261120P00400000,ISRG,2026-11-20,57,P,400.0,0.1,399.61,23.2,24.0,23.6,23.5,3.4,0.3961,-0.4561,0.0065,-0.2128,0.6256,23.8268,51.8,4,52
ISRG261120C00405000,ISRG,2026-11-20,57,C,405.0,1.35,399.61,22.4,26.4,24.4,25.88,16.4,0.3992,0.5214,0.0064,-0.2077,0.6308,23.8054,45.1,0,49
ISRG261120P00405000,ISRG,2026-11-20,57,P,405.0,1.35,399.61,25.4,27.0,26.2,26.1,6.1,0.3952,-0.4887,0.0066,-0.2132,0.6288,26.4215,54.9,1,50
ISRG261120C00410000,ISRG,2026-11-20,57,C,410.0,2.6,399.61,20.2,22.8,21.5,21.8,12.1,0.388,0.4898,0.0064,-0.2082,0.6315,20.9381,41.9,13,62
ISRG261120P00410000,ISRG,2026-11-20,57,P,410.0,2.6,399.61,25.6,30.2,27.9,29.86,16.5,0.3775,-0.5213,0.0066,-0.2121,0.6275,28.1144,58.1,0,26
ISRG261120C00415000,ISRG,2026-11-20,57,C,415.0,3.85,399.61,18.0,19.7,18.85,19.7,9.0,0.3783,0.4585,0.0064,-0.2073,0.6282,18.3247,38.8,1,73
ISRG261120P00415000,ISRG,2026-11-20,57,P,415.0,3.85,399.61,29.9,33.2,31.55,35.5,10.5,0.3882,-0.5537,0.0066,-0.2098,0.6224,31.7486,61.1,0,41
ISRG261120C00420000,ISRG,2026-11-20,57,C,420.0,5.1,399.61,16.8,17.9,17.35,17.6,6.3,0.3845,0.4277,0.0064,-0.2051,0.6213,16.8566,35.9,6,833
ISRG261120P00420000,ISRG,2026-11-20,57,P,420.0,5.1,399.61,32.1,36.2,34.15,33.78,12.0,0.3796,-0.5856,0.0066,-0.2061,0.614,34.3294,64.2,0,76
ISRG261120C00425000,ISRG,2026-11-20,57,C,425.0,6.35,399.61,14.9,17.3,16.1,16.2,14.9,0.3926,0.3976,0.0063,-0.2017,0.6109,15.637,33.2,1,253
ISRG261120P00425000,ISRG,2026-11-20,57,P,425.0,6.35,399.61,36.3,39.7,38.0,36.93,8.9,0.3884,-0.6172,0.0065,-0.2012,0.5993,38.1261,66.9,0,15
ISRG261120C00430000,ISRG,2026-11-20,57,C,430.0,7.6,399.61,13.2,15.3,14.25,14.5,14.7,0.3887,0.3685,0.0061,-0.1973,0.5972,13.8241,30.4,1,129
ISRG261120P00430000,ISRG,2026-11-20,57,P,430.0,7.6,399.61,39.2,43.0,41.1,45.7,9.2,0.3829,-0.6476,0.0064,-0.1952,0.5852,41.1944,69.8,0,34
ISRG261120C00435000,ISRG,2026-11-20,57,C,435.0,8.86,399.61,11.1,13.0,12.05,12.9,15.8,0.3762,0.3403,0.006,-0.1918,0.5809,11.6655,27.3,1,53
ISRG261120P00435000,ISRG,2026-11-20,57,P,435.0,8.86,399.61,41.4,45.9,43.65,70.46,10.3,0.3644,-0.677,0.0062,-0.1883,0.564,43.6792,73.2,0,5
ISRG261120C00440000,ISRG,2026-11-20,57,C,440.0,10.11,399.61,10.6,11.6,11.1,11.5,9.0,0.383,0.3134,0.0058,-0.1856,0.5618,10.7437,25.1,9,208
ISRG261120P00440000,ISRG,2026-11-20,57,P,440.0,10.11,399.61,47.2,49.6,48.4,70.0,5.0,0.3832,-0.7055,0.0061,-0.1805,0.5423,48.4048,74.9,0,15
ISRG261120C00445000,ISRG,2026-11-20,57,C,445.0,11.36,399.61,9.5,10.9,10.2,10.2,13.7,0.3889,0.2877,0.0056,-0.1786,0.5409,9.8662,23.1,1,60
ISRG261120P00445000,ISRG,2026-11-20,57,P,445.0,11.36,399.61,49.8,53.3,51.55,95.6,6.8,0.3696,-0.7325,0.0059,-0.1721,0.517,51.4704,77.8,0,14
ISRG261120C00450000,ISRG,2026-11-20,57,C,450.0,12.61,399.61,7.7,9.8,8.75,9.0,24.0,0.3825,0.2634,0.0053,-0.1711,0.5182,8.4496,20.6,4,247
ISRG261120P00450000,ISRG,2026-11-20,57,P,450.0,12.61,399.61,52.2,57.8,55.0,111.0,10.2,0.3581,-0.7583,0.0057,-0.1631,0.4865,54.8309,80.7,0,20
ISRG261120C00455000,ISRG,2026-11-20,57,C,455.0,13.86,399.61,7.4,8.4,7.9,8.0,12.7,0.3856,0.2405,0.0051,-0.1631,0.494,7.6249,18.8,7,187
ISRG261120P00455000,ISRG,2026-11-20,57,P,455.0,13.86,399.61,56.0,61.6,58.8,40.0,9.5,0.3494,-0.7827,0.0054,-0.1536,0.4634,58.4979,83.2,0,1
ISRG261120C00460000,ISRG,2026-11-20,57,C,460.0,15.11,399.61,6.6,7.8,7.2,6.4,16.7,0.3901,0.219,0.0048,-0.1549,0.4694,6.9459,17.1,1,90
ISRG261120P00460000,ISRG,2026-11-20,57,P,460.0,15.11,399.61,60.0,65.8,62.9,72.5,9.2,0.3447,-0.8059,0.0052,-0.1442,0.4281,62.4871,85.4,0,46
ISRG261120C00465000,ISRG,2026-11-20,57,C,465.0,16.36,399.61,5.7,6.7,6.2,6.6,16.1,0.3863,0.1989,0.0045,-0.1465,0.4437,5.9748,15.2,0,131
ISRG261120P00465000,ISRG,2026-11-20,57,P,465.0,16.36,399.61,64.3,69.9,67.1,64.8,8.3,0.3381,-0.8275,0.0049,-0.1339,0.4002,66.5265,87.6,0,11
ISRG261120C00470000,ISRG,2026-11-20,57,C,470.0,17.61,399.61,4.2,5.8,5.0,5.9,32.0,0.3749,0.1804,0.0043,-0.138,0.4181,4.8077,13.0,0,48
ISRG261120P00470000,ISRG,2026-11-20,57,P,470.0,17.61,399.61,70.5,74.9,72.7,71.24,6.1,0.3732,-0.8478,0.0047,-0.1245,0.3678,72.2048,87.1,0,42
ISRG261120C00475000,ISRG,2026-11-20,57,C,475.0,18.87,399.61,4.4,5.5,4.95,4.9,22.2,0.3901,0.1632,0.004,-0.1295,0.3926,4.7644,12.4,1,46
ISRG261120P00475000,ISRG,2026-11-20,57,P,475.0,18.87,399.61,76.2,79.3,77.75,47.0,4.0,0.3911,-0.8667,0.0044,-0.1145,0.33,77.2346,87.6,0,0
ISRG261120C00480000,ISRG,2026-11-20,57,C,480.0,20.12,399.61,3.8,5.1,4.45,4.57,29.2,0.3929,0.1473,0.0037,-0.1212,0.3671,4.2841,11.2,1,95
ISRG261120P00480000,ISRG,2026-11-20,57,P,480.0,20.12,399.61,78.5,83.6,81.05,79.94,6.3,0.3441,-0.884,0.0042,-0.1042,0.3091,80.088,91.5,0,1
ISRG261120C00485000,ISRG,2026-11-20,57,C,485.0,21.37,399.61,3.2,4.9,4.05,3.75,42.0,0.397,0.1328,0.0035,-0.113,0.3426,3.8977,10.2,0,13
ISRG261120P00485000,ISRG,2026-11-20,57,P,485.0,21.37,399.61,83.9,88.4,86.15,151.0,5.2,0.3634,-0.9005,0.0039,-0.095,0.2659,85.2035,91.6,0,1
ISRG261120C00490000,ISRG,2026-11-20,57,C,490.0,22.62,399.61,2.1,4.5,3.3,2.75,72.7,0.3889,0.1195,0.0032,-0.1051,0.3186,3.1717,8.6,0,14
ISRG261120P00490000,ISRG,2026-11-20,57,P,490.0,22.62,399.61,87.6,92.9,90.25,0.0,5.9,0.0,-0.9153,0.0036,-0.0847,0.2365,,,0,0
ISRG261120C00495000,ISRG,2026-11-20,57,C,495.0,23.87,399.61,1.65,4.0,2.825,16.1,83.2,0.3869,0.1074,0.003,-0.0975,0.2953,2.7117,7.6,0,1
ISRG261120P00495000,ISRG,2026-11-20,57,P,495.0,23.87,399.61,92.0,97.5,94.75,145.53,5.8,0.0,-0.9286,0.0034,-0.0744,0.2161,,,0,0
ISRG261218C00300000,ISRG,2026-12-18,85,C,300.0,-24.93,399.61,103.5,109.7,106.6,63.39,5.8,0.4436,0.9389,0.0015,-0.0321,0.2439,105.1894,89.9,0,13
ISRG261218P00300000,ISRG,2026-12-18,85,P,300.0,-24.93,399.61,1.85,2.7,2.275,2.37,37.4,0.4261,-0.0643,0.0015,-0.0609,0.2452,2.3709,9.1,34,373
ISRG261218C00305000,ISRG,2026-12-18,85,C,305.0,-23.68,399.61,99.2,105.1,102.15,0.0,5.8,0.4425,0.9304,0.0016,-0.0389,0.2683,100.74,88.5,0,0
ISRG261218P00305000,ISRG,2026-12-18,85,P,305.0,-23.68,399.61,1.85,3.9,2.875,0.0,71.3,0.4311,-0.0728,0.0017,-0.0665,0.2702,2.9872,10.8,0,0
ISRG261218C00310000,ISRG,2026-12-18,85,C,310.0,-22.42,399.61,94.6,100.5,97.55,63.14,6.0,0.4345,0.921,0.0018,-0.0459,0.2941,96.1446,87.5,0,6
ISRG261218P00310000,ISRG,2026-12-18,85,P,310.0,-22.42,399.61,2.4,4.4,3.4,2.85,58.8,0.43,-0.0824,0.0018,-0.0723,0.2968,3.5242,12.2,0,422
ISRG261218C00315000,ISRG,2026-12-18,85,C,315.0,-21.17,399.61,90.3,96.0,93.15,0.0,6.1,0.4317,0.9106,0.002,-0.0532,0.3217,91.7561,86.1,0,0
ISRG261218P00315000,ISRG,2026-12-18,85,P,315.0,-21.17,399.61,2.6,5.0,3.8,0.0,63.2,0.4229,-0.0929,0.002,-0.0783,0.3233,3.9354,13.4,0,0
ISRG261218C00320000,ISRG,2026-12-18,85,C,320.0,-19.92,399.61,86.1,91.7,88.9,70.35,6.3,0.4315,0.8992,0.0022,-0.0607,0.3501,87.5289,84.3,0,9
ISRG261218P00320000,ISRG,2026-12-18,85,P,320.0,-19.92,399.61,3.4,4.5,3.95,4.26,27.8,0.407,-0.1047,0.0023,-0.0847,0.3534,4.0842,14.0,0,222
ISRG261218C00325000,ISRG,2026-12-18,85,C,325.0,-18.67,399.61,81.4,87.1,84.25,0.0,6.8,0.4185,0.8867,0.0024,-0.0683,0.3798,82.8848,83.4,0,0
ISRG261218P00325000,ISRG,2026-12-18,85,P,325.0,-18.67,399.61,3.7,5.1,4.4,4.9,31.8,0.3998,-0.1172,0.0025,-0.0911,0.3827,4.5551,15.3,1,0
ISRG261218C00330000,ISRG,2026-12-18,85,C,330.0,-17.42,399.61,77.4,81.7,79.55,70.0,5.4,0.4037,0.873,0.0027,-0.076,0.4106,78.1892,82.5,0,9
ISRG261218P00330000,ISRG,2026-12-18,85,P,330.0,-17.42,399.61,4.5,6.3,5.4,5.61,33.3,0.4047,-0.1313,0.0027,-0.0977,0.4131,5.5603,17.6,0,358
ISRG261218C00335000,ISRG,2026-12-18,85,C,335.0,-16.17,399.61,73.3,79.7,76.5,0.0,8.4,0.4262,0.8582,0.0029,-0.0838,0.4416,75.1763,78.8,0,0
ISRG261218P00335000,ISRG,2026-12-18,85,P,335.0,-16.17,399.61,5.6,6.8,6.2,6.25,19.4,0.4023,-0.1464,0.0029,-0.1044,0.4466,6.3774,19.5,0,1
ISRG261218C00340000,ISRG,2026-12-18,85,C,340.0,-14.92,399.61,69.1,73.8,71.45,36.2,6.6,0.4017,0.8421,0.0031,-0.0917,0.4735,70.1309,78.4,0,27
ISRG261218P00340000,ISRG,2026-12-18,85,P,340.0,-14.92,399.61,6.2,7.9,7.05,6.2,24.1,0.399,-0.1628,0.0032,-0.1111,0.477,7.2401,21.4,5,638
ISRG261218C00345000,ISRG,2026-12-18,85,C,345.0,-13.67,399.61,65.1,71.0,68.05,0.0,8.7,0.4105,0.8248,0.0034,-0.0994,0.5054,66.7585,75.5,0,0
ISRG261218P00345000,ISRG,2026-12-18,85,P,345.0,-13.67,399.61,6.8,8.9,7.85,0.0,26.8,0.393,-0.1804,0.0034,-0.1177,0.5093,8.0542,23.3,0,0
ISRG261218C00350000,ISRG,2026-12-18,85,C,350.0,-12.41,399.61,62.0,67.3,64.65,65.0,8.2,0.4162,0.8063,0.0036,-0.107,0.5368,63.3926,72.8,0,55
ISRG261218P00350000,ISRG,2026-12-18,85,P,350.0,-12.41,399.61,7.8,9.8,8.8,9.5,22.7,0.3888,-0.199,0.0037,-0.1242,0.5415,9.0411,25.4,0,1273
ISRG261218C00355000,ISRG,2026-12-18,85,C,355.0,-11.16,399.61,57.8,63.6,60.7,0.0,9.6,0.4096,0.7866,0.0038,-0.1144,0.5682,59.4608,70.8,0,0
ISRG261218P00355000,ISRG,2026-12-18,85,P,355.0,-11.16,399.61,9.2,10.7,9.95,10.4,15.1,0.3857,-0.2196,0.0039,-0.1306,0.5714,10.1834,27.7,0,1
ISRG261218C00360000,ISRG,2026-12-18,85,C,360.0,-9.91,399.61,54.1,59.6,56.85,54.39,9.7,0.4034,0.7657,0.0041,-0.1215,0.5981,55.6363,68.7,0,77
ISRG261218P00360000,ISRG,2026-12-18,85,P,360.0,-9.91,399.61,10.6,12.2,11.4,11.0,14.0,0.3863,-0.241,0.0042,-0.1366,0.6028,11.653,30.3,1,329
ISRG261218C00365000,ISRG,2026-12-18,85,C,365.0,-8.66,399.61,50.6,56.7,53.65,0.0,11.4,0.4061,0.7436,0.0043,-0.1282,0.6269,52.4698,66.0,0,0
ISRG261218P00365000,ISRG,2026-12-18,85,P,365.0,-8.66,399.61,12.8,13.7,13.25,0.0,6.8,0.391,-0.2636,0.0044,-0.1423,0.6309,13.5145,33.2,0,0
ISRG261218C00370000,ISRG,2026-12-18,85,C,370.0,-7.41,399.61,47.0,53.0,50.0,47.9,12.0,0.3998,0.7205,0.0045,-0.1345,0.6542,48.8466,63.7,0,65
ISRG261218P00370000,ISRG,2026-12-18,85,P,370.0,-7.41,399.61,13.3,15.2,14.25,15.45,13.3,0.3804,-0.2873,0.0047,-0.1476,0.6578,14.525,35.3,0,264
ISRG261218C00375000,ISRG,2026-12-18,85,C,375.0,-6.16,399.61,43.5,49.8,46.65,0.0,13.5,0.3961,0.6966,0.0047,-0.1402,0.6788,45.5015,61.2,0,0
ISRG261218P00375000,ISRG,2026-12-18,85,P,375.0,-6.16,399.61,15.1,17.2,16.15,17.9,13.0,0.3823,-0.3116,0.0049,-0.1523,0.6834,16.4693,38.1,3,7
ISRG261218C00380000,ISRG,2026-12-18,85,C,380.0,-4.91,399.61,41.1,45.9,43.5,40.55,11.0,0.394,0.6717,0.0049,-0.1454,0.7016,42.3853,58.7,0,186
ISRG261218P00380000,ISRG,2026-12-18,85,P,380.0,-4.91,399.61,17.5,18.9,18.2,18.1,7.7,0.3838,-0.3374,0.0051,-0.1566,0.7041,18.531,40.9,12,331
ISRG261218C00385000,ISRG,2026-12-18,85,C,385.0,-3.66,399.61,37.6,42.7,40.15,41.2,12.7,0.3875,0.646,0.0051,-0.1499,0.7214,39.075,56.2,0,3
ISRG261218P00385000,ISRG,2026-12-18,85,P,385.0,-3.66,399.61,18.3,21.0,19.65,19.9,13.7,0.375,-0.3639,0.0053,-0.1602,0.7236,19.9893,43.4,2,3
ISRG261218C00390000,ISRG,2026-12-18,85,C,390.0,-2.4,399.61,35.2,38.8,37.0,36.82,9.7,0.3821,0.6196,0.0052,-0.1538,0.7382,35.9597,53.6,13,243
ISRG261218P00390000,ISRG,2026-12-18,85,P,390.0,-2.4,399.61,21.9,23.0,22.45,22.0,4.9,0.3827,-0.3913,0.0054,-0.1631,0.7396,22.7781,46.4,1,126
ISRG261218C00395000,ISRG,2026-12-18,85,C,395.0,-1.15,399.61,32.6,37.1,34.85,0.0,12.9,0.3885,0.5928,0.0054,-0.1568,0.7518,33.8549,50.7,0,0
ISRG261218P00395000,ISRG,2026-12-18,85,P,395.0,-1.15,399.61,23.0,25.4,24.2,24.2,9.9,0.3748,-0.4189,0.0056,-0.1653,0.7518,24.5506,49.0,2,6
ISRG261218C00400000,ISRG,2026-12-18,85,C,400.0,0.1,399.61,29.9,32.7,31.3,31.11,8.9,0.3745,0.5657,0.0055,-0.1592,0.762,30.3423,48.2,19,1578
ISRG261218P00400000,ISRG,2026-12-18,85,P,400.0,0.1,399.61,26.5,27.8,27.15,26.8,4.8,0.3807,-0.4471,0.0057,-0.1668,0.7606,27.4961,51.9,30,332
ISRG261218C00405000,ISRG,2026-12-18,85,C,405.0,1.35,399.61,28.0,31.5,29.75,0.0,11.8,0.3852,0.5384,0.0055,-0.1607,0.7686,28.842,45.4,0,0
ISRG261218P00405000,ISRG,2026-12-18,85,P,405.0,1.35,399.61,27.1,30.7,28.9,29.0,12.5,0.369,-0.4755,0.0058,-0.1675,0.7656,29.2335,54.5,4,11
ISRG261218C00410000,ISRG,2026-12-18,85,C,410.0,2.6,399.61,25.6,27.6,26.6,27.0,7.5,0.3732,0.5111,0.0056,-0.1615,0.7717,25.7333,42.8,35,146
ISRG261218P00410000,ISRG,2026-12-18,85,P,410.0,2.6,399.61,30.4,33.2,31.8,31.7,8.8,0.3707,-0.5041,0.0058,-0.1675,0.7663,32.1295,57.2,8,188
ISRG261218C00415000,ISRG,2026-12-18,85,C,415.0,3.85,399.61,23.6,25.8,24.7,25.2,8.9,0.3758,0.484,0.0056,-0.1615,0.7713,23.8768,40.2,19,1
ISRG261218P00415000,ISRG,2026-12-18,85,P,415.0,3.85,399.61,33.3,36.1,34.7,0.0,8.1,0.3704,-0.5325,0.0058,-0.1667,0.7628,35.0045,59.8,0,0
ISRG261218C00420000,ISRG,2026-12-18,85,C,420.0,5.1,399.61,21.6,22.5,22.05,23.2,4.1,0.367,0.4572,0.0056,-0.1608,0.7673,21.2768,37.6,2,270
ISRG261218P00420000,ISRG,2026-12-18,85,P,420.0,5.1,399.61,36.5,39.3,37.9,38.1,7.4,0.3724,-0.5607,0.0058,-0.1652,0.7574,38.1841,62.4,1,121
ISRG261218C00425000,ISRG,2026-12-18,85,C,425.0,6.35,399.61,19.8,21.8,20.8,20.8,9.6,0.3748,0.4308,0.0055,-0.1593,0.7602,20.0663,35.2,1,1
ISRG261218P00425000,ISRG,2026-12-18,85,P,425.0,6.35,399.61,38.9,42.5,40.7,41.2,8.8,0.3673,-0.5886,0.0058,-0.1631,0.7449,40.9505,64.9,1,0
ISRG261218C00430000,ISRG,2026-12-18,85,C,430.0,7.6,399.61,18.1,18.9,18.5,19.0,4.3,0.3671,0.405,0.0054,-0.1572,0.75,17.8094,32.6,10,188
ISRG261218P00430000,ISRG,2026-12-18,85,P,430.0,7.6,399.61,44.1,45.9,45.0,44.6,4.0,0.3806,-0.6159,0.0058,-0.1602,0.7327,45.2154,67.0,73,189
ISRG261218C00435000,ISRG,2026-12-18,85,C,435.0,8.86,399.61,16.4,17.5,16.95,17.1,6.5,0.3678,0.3799,0.0054,-0.1546,0.7366,16.301,30.4,1,0
ISRG261218P00435000,ISRG,2026-12-18,85,P,435.0,8.86,399.61,44.3,49.7,47.0,0.0,11.5,0.3604,-0.6429,0.0057,-0.1567,0.7149,47.1208,69.9,0,0
ISRG261218C00440000,ISRG,2026-12-18,85,C,440.0,10.11,399.61,14.9,16.0,15.45,15.7,7.1,0.3677,0.3556,0.0052,-0.1513,0.7211,14.8457,28.1,1,161
ISRG261218P00440000,ISRG,2026-12-18,85,P,440.0,10.11,399.61,47.9,52.8,50.35,52.3,9.7,0.357,-0.6689,0.0056,-0.1528,0.6921,50.3993,72.3,0,93
ISRG261218C00445000,ISRG,2026-12-18,85,C,445.0,11.36,399.61,13.6,14.5,14.05,13.7,6.4,0.3674,0.3322,0.0051,-0.1476,0.7031,13.4839,26.0,16,5
ISRG261218P00445000,ISRG,2026-12-18,85,P,445.0,11.36,399.61,51.4,57.0,54.2,0.0,10.3,0.3592,-0.694,0.0055,-0.1482,0.6714,54.1839,74.3,0,0
ISRG261218C00450000,ISRG,2026-12-18,85,C,450.0,12.61,399.61,12.2,13.8,13.0,13.6,12.3,0.3707,0.3097,0.005,-0.1435,0.6829,12.4665,24.2,1,268
ISRG261218P00450000,ISRG,2026-12-18,85,P,450.0,12.61,399.61,54.9,60.7,57.8,58.9,10.0,0.3558,-0.7184,0.0054,-0.1435,0.6436,57.6917,76.5,3,131
ISRG261218C00455000,ISRG,2026-12-18,85,C,455.0,13.86,399.61,10.9,12.0,11.45,0.0,9.6,0.3652,0.2883,0.0048,-0.139,0.6615,10.9613,22.0,0,0
ISRG261218P00455000,ISRG,2026-12-18,85,P,455.0,13.86,399.61,58.7,64.4,61.55,0.0,9.3,0.3529,-0.7416,0.0052,-0.1382,0.614,61.3465,78.6,0,0
ISRG261218C00460000,ISRG,2026-12-18,85,C,460.0,15.11,399.61,10.0,10.8,10.4,10.7,7.7,0.3657,0.2679,0.0046,-0.1343,0.6386,9.9468,20.2,17,127
ISRG261218P00460000,ISRG,2026-12-18,85,P,460.0,15.11,399.61,63.3,68.8,66.05,109.93,8.3,0.3608,-0.7639,0.0051,-0.1326,0.5879,65.769,80.0,0,98
ISRG261218C00465000,ISRG,2026-12-18,85,C,465.0,16.36,399.61,8.9,9.8,9.35,9.6,9.6,0.3648,0.2485,0.0044,-0.1294,0.6143,8.9327,18.5,21,0
ISRG261218P00465000,ISRG,2026-12-18,85,P,465.0,16.36,399.61,67.2,72.1,69.65,0.0,7.0,0.3512,-0.7853,0.0049,-0.127,0.5531,69.2139,82.2,0,0
ISRG261218C00470000,ISRG,2026-12-18,85,C,470.0,17.61,399.61,8.0,9.3,8.65,9.7,15.0,0.3684,0.2303,0.0043,-0.1243,0.5898,8.2601,17.1,6,227
ISRG261218P00470000,ISRG,2026-12-18,85,P,470.0,17.61,399.61,72.7,76.1,74.4,74.8,4.6,0.3612,-0.8055,0.0048,-0.1209,0.5199,73.8839,83.3,0,90
ISRG261218C00475000,ISRG,2026-12-18,85,C,475.0,18.87,399.61,7.1,8.8,7.95,10.0,21.4,0.371,0.2131,0.0041,-0.1191,0.5647,7.5905,15.8,0,1
ISRG261218P00475000,ISRG,2026-12-18,85,P,475.0,18.87,399.61,75.0,80.8,77.9,0.0,7.4,0.3436,-0.8246,0.0046,-0.1151,0.4914,77.1234,85.7,0,0
ISRG261218C00480000,ISRG,2026-12-18,85,C,480.0,20.12,399.61,6.5,7.9,7.2,7.5,19.4,0.3715,0.197,0.0039,-0.1138,0.5389,6.8683,14.5,1,964
ISRG261218P00480000,ISRG,2026-12-18,85,P,480.0,20.12,399.61,79.8,84.8,82.3,120.4,6.1,0.3424,-0.8429,0.0044,-0.1091,0.4518,81.3477,87.2,0,110
ISRG261218C00485000,ISRG,2026-12-18,85,C,485.0,21.37,399.61,5.8,7.6,6.7,0.0,26.9,0.3756,0.1819,0.0037,-0.1086,0.5137,6.3885,13.4,0,0
ISRG261218P00485000,ISRG,2026-12-18,85,P,485.0,21.37,399.61,85.6,90.0,87.8,0.0,5.0,0.3685,-0.86,0.0042,-0.1032,0.4174,86.9295,87.0,0,0
ISRG261218C00490000,ISRG,2026-12-18,85,C,490.0,22.62,399.61,5.2,6.3,5.75,6.1,19.1,0.3696,0.1678,0.0035,-0.1033,0.4886,5.4723,11.9,1,123
ISRG261218P00490000,ISRG,2026-12-18,85,P,490.0,22.62,399.61,89.4,94.3,91.85,98.9,5.3,0.3557,-0.8761,0.0041,-0.0973,0.3866,90.6864,88.9,0,58
ISRG261218C00495000,ISRG,2026-12-18,85,C,495.0,23.87,399.61,3.5,6.2,4.85,0.0,55.7,0.3626,0.1547,0.0033,-0.0982,0.4634,4.6069,10.4,0,0
ISRG261218P00495000,ISRG,2026-12-18,85,P,495.0,23.87,399.61,94.5,99.3,96.9,0.0,5.0,0.3697,-0.8912,0.0039,-0.0909,0.3486,95.7153,89.2,0,0
ISRG270115C00300000,ISRG,2027-01-15,113,C,300.0,-24.93,399.61,106.5,111.8,109.15,110.74,4.9,0.4232,0.9252,0.0016,-0.0376,0.3292,107.2127,87.5,0,136
ISRG270115P00300000,ISRG,2027-01-15,113,P,300.0,-24.93,399.61,2.8,4.2,3.5,3.72,40.0,0.4157,-0.0794,0.0016,-0.06,0.3339,3.6602,12.0,4,635
ISRG270115C00310000,ISRG,2027-01-15,113,C,310.0,-22.42,399.61,97.0,103.4,100.2,97.18,6.4,0.4123,0.9057,0.0019,-0.0492,0.3882,98.2797,85.2,0,8
ISRG270115P00310000,ISRG,2027-01-15,113,P,310.0,-22.42,399.61,4.1,6.3,5.2,4.57,42.3,0.426,-0.0993,0.0019,-0.0699,0.391,5.4049,15.7,0,408
ISRG270115C00320000,ISRG,2027-01-15,113,C,320.0,-19.92,399.61,88.9,94.2,91.55,95.0,5.8,0.4043,0.8827,0.0022,-0.0612,0.4513,89.6605,82.4,0,15
ISRG270115P00320000,ISRG,2027-01-15,113,P,320.0,-19.92,399.61,4.9,7.8,6.35,5.94,45.7,0.4146,-0.1227,0.0023,-0.0803,0.4551,6.5873,18.4,0,213
ISRG270115C00330000,ISRG,2027-01-15,113,C,330.0,-17.42,399.61,80.9,86.5,83.7,72.3,6.7,0.4073,0.856,0.0026,-0.0735,0.5166,81.8653,78.4,0,23
ISRG270115P00330000,ISRG,2027-01-15,113,P,330.0,-17.42,399.61,6.9,7.9,7.4,7.93,13.5,0.3973,-0.15,0.0026,-0.0909,0.5238,7.668,20.9,1,242
ISRG270115C00335000,ISRG,2027-01-15,113,C,335.0,-16.17,399.61,77.2,83.0,80.1,59.78,7.2,0.4117,0.8413,0.0028,-0.0796,0.5502,78.2927,76.1,0,4
ISRG270115P00335000,ISRG,2027-01-15,113,P,335.0,-16.17,399.61,7.2,8.8,8.0,8.0,20.0,0.3889,-0.1651,0.0028,-0.0962,0.5546,8.2829,22.2,8,172
ISRG270115C00340000,ISRG,2027-01-15,113,C,340.0,-14.92,399.61,72.5,77.1,74.8,56.53,6.1,0.3849,0.8256,0.003,-0.0857,0.5832,72.9938,76.0,0,16
ISRG270115P00340000,ISRG,2027-01-15,113,P,340.0,-14.92,399.61,8.9,9.8,9.35,9.1,9.6,0.3928,-0.1812,0.003,-0.1015,0.5878,9.6616,24.6,1,211
ISRG270115C00345000,ISRG,2027-01-15,113,C,345.0,-13.67,399.61,69.3,73.2,71.25,60.0,5.5,0.3878,0.809,0.0032,-0.0916,0.6159,69.4753,73.6,0,7
ISRG270115P00345000,ISRG,2027-01-15,113,P,345.0,-13.67,399.61,9.5,10.8,10.15,10.5,12.8,0.3855,-0.1982,0.0032,-0.1067,0.6234,10.4769,26.3,0,111
ISRG270115C00350000,ISRG,2027-01-15,113,C,350.0,-12.41,399.61,65.8,71.2,68.5,67.56,7.9,0.4012,0.7915,0.0033,-0.0974,0.6485,66.7797,70.5,0,247
ISRG270115P00350000,ISRG,2027-01-15,113,P,350.0,-12.41,399.61,10.6,12.2,11.4,11.5,14.0,0.3843,-0.2163,0.0034,-0.1118,0.6533,11.75,28.4,1,580
ISRG270115C00355000,ISRG,2027-01-15,113,C,355.0,-11.16,399.61,62.5,66.6,64.55,44.0,6.4,0.394,0.773,0.0035,-0.103,0.6796,62.8557,68.7,0,16
ISRG270115P00355000,ISRG,2027-01-15,113,P,355.0,-11.16,399.61,12.7,13.7,13.2,12.8,7.6,0.3885,-0.2356,0.0036,-0.1167,0.6853,13.4974,31.0,1,136
ISRG270115C00360000,ISRG,2027-01-15,113,C,360.0,-9.91,399.61,58.2,62.9,60.55,58.0,7.8,0.3852,0.7538,0.0037,-0.1083,0.7096,58.8873,66.9,0,144
ISRG270115P00360000,ISRG,2027-01-15,113,P,360.0,-9.91,399.61,14.1,15.0,14.55,14.1,6.2,0.3864,-0.2552,0.0038,-0.1213,0.7167,14.9328,33.2,77,236
ISRG270115C00365000,ISRG,2027-01-15,113,C,365.0,-8.66,399.61,54.5,59.7,57.1,51.5,9.1,0.383,0.7337,0.0039,-0.1133,0.7385,55.4768,64.7,0,25
ISRG270115P00365000,ISRG,2027-01-15,113,P,365.0,-8.66,399.61,15.6,16.4,16.0,16.0,5.0,0.3834,-0.2758,0.004,-0.1256,0.7432,16.4045,35.3,2,195
ISRG270115C00370000,ISRG,2027-01-15,113,C,370.0,-7.41,399.61,51.3,57.4,54.35,53.0,11.2,0.3886,0.7129,0.004,-0.118,0.7651,52.7749,62.0,0,65
ISRG270115P00370000,ISRG,2027-01-15,113,P,370.0,-7.41,399.61,16.5,18.2,17.35,17.35,9.8,0.3778,-0.2973,0.0042,-0.1296,0.7702,17.7769,37.4,1,210
ISRG270115C00375000,ISRG,2027-01-15,113,C,375.0,-6.16,399.61,48.2,52.3,50.25,50.12,8.2,0.3752,0.6914,0.0042,-0.1223,0.7898,48.7049,60.2,0,8
ISRG270115P00375000,ISRG,2027-01-15,113,P,375.0,-6.16,399.61,18.1,19.9,19.0,27.4,9.5,0.3747,-0.3196,0.0043,-0.1333,0.7951,19.44,39.7,0,106
ISRG270115C00380000,ISRG,2027-01-15,113,C,380.0,-4.91,399.61,45.3,50.5,47.9,46.4,10.9,0.3823,0.6695,0.0043,-0.1261,0.8124,46.3719,57.5,0,82
ISRG270115P00380000,ISRG,2027-01-15,113,P,380.0,-4.91,399.61,20.0,21.9,20.95,21.0,9.1,0.3739,-0.3425,0.0045,-0.1365,0.8158,21.3982,42.2,7,213
ISRG270115C00385000,ISRG,2027-01-15,113,C,385.0,-3.66,399.61,43.2,45.5,44.35,47.3,5.2,0.3736,0.647,0.0044,-0.1296,0.8322,42.8653,55.4,1,31
ISRG270115P00385000,ISRG,2027-01-15,113,P,385.0,-3.66,399.61,23.0,24.1,23.55,23.2,4.7,0.3795,-0.366,0.0046,-0.1394,0.8353,24.0107,44.8,0,38
ISRG270115C00390000,ISRG,2027-01-15,113,C,390.0,-2.4,399.61,39.9,42.3,41.1,42.53,5.8,0.3674,0.624,0.0046,-0.1325,0.8493,39.6635,53.1,8,71
ISRG270115P00390000,ISRG,2027-01-15,113,P,390.0,-2.4,399.61,25.3,26.3,25.8,25.75,3.9,0.379,-0.3902,0.0048,-0.1418,0.8515,26.2429,47.3,2,306
ISRG270115C00395000,ISRG,2027-01-15,113,C,395.0,-1.15,399.61,36.7,42.0,39.35,39.5,13.5,0.3774,0.6006,0.0047,-0.135,0.8638,37.9692,50.4,0,60
ISRG270115P00395000,ISRG,2027-01-15,113,P,395.0,-1.15,399.61,25.9,29.0,27.45,29.91,11.3,0.3706,-0.4144,0.0049,-0.1437,0.8639,27.909,49.5,1,52
ISRG270115C00400000,ISRG,2027-01-15,113,C,400.0,0.1,399.61,34.3,37.3,35.8,36.5,8.4,0.3651,0.5771,0.0047,-0.1369,0.8751,34.4635,48.2,18,376
ISRG270115P00400000,ISRG,2027-01-15,113,P,400.0,0.1,399.61,30.0,31.0,30.5,32.07,3.3,0.3769,-0.4391,0.005,-0.1451,0.8735,30.9643,52.0,0,573
ISRG270115C00405000,ISRG,2027-01-15,113,C,405.0,1.35,399.61,32.2,35.8,34.0,34.7,10.6,0.3716,0.5534,0.0048,-0.1383,0.8834,32.7178,45.7,0,76
ISRG270115P00405000,ISRG,2027-01-15,113,P,405.0,1.35,399.61,30.1,34.1,32.1,33.2,12.5,0.365,-0.464,0.005,-0.146,0.8794,32.5407,54.2,0,36
ISRG270115C00410000,ISRG,2027-01-15,113,C,410.0,2.6,399.61,30.6,32.2,31.4,31.4,5.1,0.3677,0.5298,0.0048,-0.1393,0.8886,30.1739,43.4,9,146
ISRG270115P00410000,ISRG,2027-01-15,113,P,410.0,2.6,399.61,33.2,36.4,34.8,36.5,9.2,0.3644,-0.489,0.0051,-0.1464,0.8823,35.2254,56.6,0,387
ISRG270115C00415000,ISRG,2027-01-15,113,C,415.0,3.85,399.61,28.2,30.9,29.55,29.4,9.1,0.3709,0.5062,0.0049,-0.1397,0.8908,28.3738,41.0,0,89
ISRG270115P00415000,ISRG,2027-01-15,113,P,415.0,3.85,399.61,35.9,39.6,37.75,47.4,9.8,0.3653,-0.5141,0.0052,-0.1464,0.8814,38.1597,59.0,0,283
ISRG270115C00420000,ISRG,2027-01-15,113,C,420.0,5.1,399.61,26.5,27.6,27.05,26.9,4.1,0.3656,0.4827,0.0049,-0.1396,0.8899,25.9336,38.8,0,143
ISRG270115P00420000,ISRG,2027-01-15,113,P,420.0,5.1,399.61,39.3,42.8,41.05,40.6,8.5,0.3687,-0.539,0.0052,-0.1458,0.8764,41.4287,61.2,1,316
ISRG270115C00425000,ISRG,2027-01-15,113,C,425.0,6.35,399.61,24.6,26.2,25.4,26.45,6.3,0.3614,0.4593,0.0048,-0.139,0.8858,23.7053,36.5,0,90
ISRG270115P00425000,ISRG,2027-01-15,113,P,425.0,6.35,399.61,41.0,45.9,43.45,43.9,11.3,0.3605,-0.5637,0.0052,-0.1448,0.8699,43.7857,63.5,2,56
ISRG270115C00430000,ISRG,2027-01-15,113,C,430.0,7.6,399.61,22.5,24.9,23.7,22.19,10.1,0.3697,0.4367,0.0048,-0.138,0.8793,22.6787,34.5,0,226
ISRG270115P00430000,ISRG,2027-01-15,113,P,430.0,7.6,399.61,44.5,49.1,46.8,47.2,9.8,0.3617,-0.5883,0.0052,-0.1434,0.8585,47.0807,65.7,2,302
ISRG270115C00435000,ISRG,2027-01-15,113,C,435.0,8.86,399.61,21.1,23.5,22.3,21.95,10.8,0.3732,0.4143,0.0048,-0.1365,0.87,21.3271,32.5,0,88
ISRG270115P00435000,ISRG,2027-01-15,113,P,435.0,8.86,399.61,47.6,51.6,49.6,54.5,8.1,0.3552,-0.6123,0.0052,-0.1415,0.8429,49.8185,67.9,0,72
ISRG270115C00440000,ISRG,2027-01-15,113,C,440.0,10.11,399.61,19.2,20.2,19.7,20.37,5.1,0.3617,0.3924,0.0047,-0.1346,0.8579,18.7963,30.2,1,254
ISRG270115P00440000,ISRG,2027-01-15,113,P,440.0,10.11,399.61,52.8,55.7,54.25,52.6,5.3,0.3692,-0.6362,0.0051,-0.1392,0.8276,54.405,69.5,1,628
ISRG270115C00445000,ISRG,2027-01-15,113,C,445.0,11.36,399.61,17.7,19.8,18.75,18.37,11.2,0.3681,0.3711,0.0046,-0.1324,0.8437,17.8816,28.5,1,71
ISRG270115P00445000,ISRG,2027-01-15,113,P,445.0,11.36,399.61,54.3,59.5,56.9,58.9,9.1,0.358,-0.6595,0.0051,-0.1366,0.8068,56.9584,71.8,0,17
ISRG270115C00450000,ISRG,2027-01-15,113,C,450.0,12.61,399.61,16.2,17.3,16.75,16.3,6.6,0.361,0.3504,0.0046,-0.1298,0.8276,15.9422,26.4,2,354
ISRG270115P00450000,ISRG,2027-01-15,113,P,450.0,12.61,399.61,57.7,62.9,60.3,64.8,8.6,0.3543,-0.6821,0.005,-0.1336,0.782,60.2533,73.8,0,135
ISRG270115C00455000,ISRG,2027-01-15,113,C,455.0,13.86,399.61,14.9,17.2,16.05,16.5,14.3,0.3685,0.3303,0.0045,-0.127,0.8093,15.2745,25.0,0,66
ISRG270115P00455000,ISRG,2027-01-15,113,P,455.0,13.86,399.61,62.1,66.1,64.1,69.4,6.2,0.3544,-0.7042,0.0049,-0.1303,0.7575,63.9519,75.6,0,2
ISRG270115C00460000,ISRG,2027-01-15,113,C,460.0,15.11,399.61,14.1,15.9,15.0,14.9,12.0,0.3709,0.311,0.0044,-0.1238,0.7892,14.2682,23.4,2,189
ISRG270115P00460000,ISRG,2027-01-15,113,P,460.0,15.11,399.61,65.0,70.6,67.8,69.99,8.3,0.3518,-0.7256,0.0048,-0.1268,0.729,67.531,77.4,0,92
ISRG270115C00465000,ISRG,2027-01-15,113,C,465.0,16.36,399.61,12.8,14.0,13.4,13.69,9.0,0.3652,0.2924,0.0042,-0.1205,0.7682,12.7229,21.6,1,52
ISRG270115P00465000,ISRG,2027-01-15,113,P,465.0,16.36,399.61,69.2,75.0,72.1,73.8,8.0,0.3564,-0.7464,0.0047,-0.1231,0.7002,71.7353,78.8,0,4
ISRG270115C00470000,ISRG,2027-01-15,113,C,470.0,17.61,399.61,11.6,13.3,12.45,12.4,13.7,0.3668,0.2746,0.0041,-0.1169,0.7457,11.8109,20.1,1,428
ISRG270115P00470000,ISRG,2027-01-15,113,P,470.0,17.61,399.61,73.0,79.1,76.05,76.15,8.0,0.3546,-0.7664,0.0046,-0.1192,0.666,75.5384,80.5,10,197
ISRG270115C00475000,ISRG,2027-01-15,113,C,475.0,18.87,399.61,10.9,12.0,11.45,11.6,9.6,0.3669,0.2575,0.004,-0.1132,0.7217,10.8584,18.7,0,150
ISRG270115P00475000,ISRG,2027-01-15,113,P,475.0,18.87,399.61,77.2,83.1,80.15,76.6,7.4,0.3537,-0.7857,0.0045,-0.115,0.6333,79.4862,82.0,0,1
ISRG270115C00480000,ISRG,2027-01-15,113,C,480.0,20.12,399.61,9.8,10.6,10.2,11.03,7.8,0.3622,0.2413,0.0038,-0.1094,0.6978,9.6504,17.1,7,375
ISRG270115P00480000,ISRG,2027-01-15,113,P,480.0,20.12,399.61,81.4,86.9,84.15,86.4,6.5,0.3494,-0.8043,0.0044,-0.111,0.6007,83.2853,83.6,1,73
ISRG270115C00485000,ISRG,2027-01-15,113,C,485.0,21.37,399.61,7.9,10.9,9.4,9.03,31.9,0.363,0.2258,0.0037,-0.1055,0.6732,8.8877,15.9,0,33
ISRG270115P00485000,ISRG,2027-01-15,113,P,485.0,21.37,399.61,87.2,90.9,89.05,121.8,4.2,0.3601,-0.8222,0.0043,-0.1069,0.5614,88.122,84.3,0,1
ISRG270115C00490000,ISRG,2027-01-15,113,C,490.0,22.62,399.61,6.9,9.6,8.25,10.4,32.7,0.3573,0.2112,0.0036,-0.1016,0.6478,7.7817,14.4,0,186
ISRG270115P00490000,ISRG,2027-01-15,113,P,490.0,22.62,399.61,91.3,96.1,93.7,95.7,5.1,0.3656,-0.8393,0.0042,-0.1024,0.5276,92.6534,85.2,0,195
ISRG270115C00495000,ISRG,2027-01-15,113,C,495.0,23.87,399.61,6.2,8.8,7.5,9.5,34.7,0.3567,0.1973,0.0034,-0.0976,0.6222,7.064,13.2,0,31
ISRG270115P00495000,ISRG,2027-01-15,113,P,495.0,23.87,399.61,94.0,99.3,96.65,146.33,5.5,0.3312,-0.8556,0.004,-0.0978,0.4857,94.9334,88.2,0,0
ISRG270219C00300000,ISRG,2027-02-19,148,C,300.0,-24.93,399.61,110.0,115.8,112.9,97.0,5.1,0.4257,0.9031,0.0016,-0.0469,0.4556,110.5698,83.7,0,3
ISRG270219P00300000,ISRG,2027-02-19,148,P,300.0,-24.93,399.61,4.7,7.1,5.9,5.75,40.7,0.4261,-0.1031,0.0017,-0.0649,0.4607,6.1518,16.3,0,79
ISRG270219C00305000,ISRG,2027-02-19,148,C,305.0,-23.68,399.61,106.3,110.6,108.45,0.0,4.0,0.4184,0.8933,0.0018,-0.0516,0.4869,106.1295,82.7,0,0
ISRG270219P00305000,ISRG,2027-02-19,148,P,305.0,-23.68,399.61,5.3,8.1,6.7,10.8,41.8,0.4257,-0.1132,0.0018,-0.069,0.4926,6.9732,17.9,0,11
ISRG270219C00310000,ISRG,2027-02-19,148,C,310.0,-22.42,399.61,101.3,107.2,104.25,69.9,5.7,0.4155,0.8828,0.0019,-0.0563,0.5189,101.9492,81.3,0,1
ISRG270219P00310000,ISRG,2027-02-19,148,P,310.0,-22.42,399.61,6.0,9.1,7.55,7.3,41.1,0.4248,-0.1239,0.0019,-0.0731,0.5238,7.8427,19.4,0,59
ISRG270219C00315000,ISRG,2027-02-19,148,C,315.0,-21.17,399.61,98.0,101.9,99.95,0.0,3.9,0.4096,0.8716,0.002,-0.061,0.551,97.6632,80.1,0,0
ISRG270219P00315000,ISRG,2027-02-19,148,P,315.0,-21.17,399.61,6.7,9.7,8.2,7.9,36.6,0.4191,-0.1354,0.0021,-0.0772,0.5572,8.5148,20.6,0,48
ISRG270219C00320000,ISRG,2027-02-19,148,C,320.0,-19.92,399.61,93.0,99.2,96.1,64.1,6.5,0.4108,0.8598,0.0022,-0.0657,0.5837,93.8374,78.2,0,1
ISRG270219P00320000,ISRG,2027-02-19,148,P,320.0,-19.92,399.61,7.8,10.1,8.95,10.4,25.7,0.4142,-0.1475,0.0022,-0.0814,0.5907,9.2803,22.0,0,69
ISRG270219C00325000,ISRG,2027-02-19,148,C,325.0,-18.67,399.61,90.0,94.0,92.0,0.0,4.3,0.4065,0.8472,0.0023,-0.0704,0.617,89.7634,76.8,0,0
ISRG270219P00325000,ISRG,2027-02-19,148,P,325.0,-18.67,399.61,8.7,10.1,9.4,10.3,14.9,0.4036,-0.1604,0.0024,-0.0855,0.6228,9.7449,23.0,0,87
ISRG270219C00330000,ISRG,2027-02-19,148,C,330.0,-17.42,399.61,86.2,91.0,88.6,85.73,5.4,0.4121,0.834,0.0024,-0.0751,0.6498,86.4011,74.5,0,7
ISRG270219P00330000,ISRG,2027-02-19,148,P,330.0,-17.42,399.61,9.4,12.7,11.05,15.93,29.9,0.4112,-0.1741,0.0025,-0.0896,0.6572,11.4223,25.4,0,50
ISRG270219C00335000,ISRG,2027-02-19,148,C,335.0,-16.17,399.61,81.7,86.1,83.9,54.99,5.2,0.3966,0.82,0.0026,-0.0797,0.6823,81.7088,73.8,0,3
ISRG270219P00335000,ISRG,2027-02-19,148,P,335.0,-16.17,399.61,10.5,14.0,12.25,12.8,28.6,0.4102,-0.1885,0.0027,-0.0937,0.6896,12.6481,27.2,0,42
ISRG270219C00340000,ISRG,2027-02-19,148,C,340.0,-14.92,399.61,78.7,82.8,80.75,68.55,5.1,0.4032,0.8054,0.0027,-0.0842,0.7149,78.6039,71.4,0,1
ISRG270219P00340000,ISRG,2027-02-19,148,P,340.0,-14.92,399.61,11.5,13.5,12.5,12.85,16.0,0.3946,-0.2036,0.0028,-0.0977,0.7222,12.9037,28.0,1,37
ISRG270219C00345000,ISRG,2027-02-19,148,C,345.0,-13.67,399.61,74.5,78.7,76.6,54.19,5.5,0.3944,0.7901,0.0029,-0.0886,0.7468,74.4771,70.0,0,1
ISRG270219P00345000,ISRG,2027-02-19,148,P,345.0,-13.67,399.61,12.9,14.6,13.75,16.8,12.4,0.3926,-0.2194,0.003,-0.1016,0.7537,14.1814,29.9,0,18
ISRG270219C00350000,ISRG,2027-02-19,148,C,350.0,-12.41,399.61,71.2,75.3,73.25,60.8,5.6,0.3954,0.7742,0.003,-0.0928,0.7773,71.1619,67.9,0,8
ISRG270219P00350000,ISRG,2027-02-19,148,P,350.0,-12.41,399.61,14.1,18.3,16.2,15.62,25.9,0.4047,-0.2359,0.0031,-0.1053,0.7853,16.654,32.7,0,27
ISRG270219C00355000,ISRG,2027-02-19,148,C,355.0,-11.16,399.61,67.5,72.0,69.75,68.5,6.5,0.3933,0.7576,0.0031,-0.0969,0.8072,67.7003,66.0,0,8
ISRG270219P00355000,ISRG,2027-02-19,148,P,355.0,-11.16,399.61,15.5,17.6,16.55,31.9,12.7,0.3888,-0.2531,0.0032,-0.1089,0.8154,17.0127,33.7,0,27
ISRG270219C00360000,ISRG,2027-02-19,148,C,360.0,-9.91,399.61,63.7,67.5,65.6,68.22,5.8,0.3823,0.7405,0.0033,-0.1008,0.836,63.5787,64.6,0,20
ISRG270219P00360000,ISRG,2027-02-19,148,P,360.0,-9.91,399.61,17.2,20.2,18.7,18.73,16.0,0.3943,-0.2708,0.0034,-0.1123,0.8426,19.1874,36.1,1,16
ISRG270219C00365000,ISRG,2027-02-19,148,C,365.0,-8.66,399.61,61.6,65.4,63.5,60.0,6.0,0.3948,0.7228,0.0034,-0.1044,0.8629,61.542,61.8,0,12
ISRG270219P00365000,ISRG,2027-02-19,148,P,365.0,-8.66,399.61,18.7,23.3,21.0,37.1,21.9,0.3999,-0.2892,0.0035,-0.1155,0.87,21.5052,38.5,0,37
ISRG270219C00370000,ISRG,2027-02-19,148,C,370.0,-7.41,399.61,58.0,63.4,60.7,59.0,8.9,0.3974,0.7047,0.0035,-0.1078,0.8882,58.7883,59.6,0,37
ISRG270219P00370000,ISRG,2027-02-19,148,P,370.0,-7.41,399.61,21.0,22.8,21.9,21.8,8.2,0.3883,-0.3082,0.0036,-0.1185,0.8946,22.4095,40.0,57,15
ISRG270219C00375000,ISRG,2027-02-19,148,C,375.0,-6.16,399.61,54.5,60.3,57.4,30.7,10.1,0.3933,0.6861,0.0036,-0.1109,0.9119,55.5321,57.7,0,20
ISRG270219P00375000,ISRG,2027-02-19,148,P,375.0,-6.16,399.61,22.7,27.2,24.95,41.9,18.0,0.3996,-0.3276,0.0038,-0.1212,0.9171,25.469,42.6,0,3
ISRG270219C00380000,ISRG,2027-02-19,148,C,380.0,-4.91,399.61,52.2,57.1,54.65,45.45,9.0,0.3942,0.6671,0.0037,-0.1138,0.9335,52.8311,55.5,0,9
ISRG270219P00380000,ISRG,2027-02-19,148,P,380.0,-4.91,399.61,24.2,28.2,26.2,28.77,15.3,0.3902,-0.3475,0.0039,-0.1237,0.938,26.7314,44.3,0,93
ISRG270219C00385000,ISRG,2027-02-19,148,C,385.0,-3.66,399.61,49.1,54.1,51.6,38.88,9.7,0.3908,0.6477,0.0038,-0.1163,0.9526,49.8232,53.6,0,12
ISRG270219P00385000,ISRG,2027-02-19,148,P,385.0,-3.66,399.61,26.2,30.1,28.15,0.0,13.9,0.3872,-0.3679,0.004,-0.1259,0.9562,28.6743,46.3,0,0
ISRG270219C00390000,ISRG,2027-02-19,148,C,390.0,-2.4,399.61,46.2,51.6,48.9,25.5,11.0,0.3902,0.6281,0.0039,-0.1186,0.9697,47.1786,51.6,0,17
ISRG270219P00390000,ISRG,2027-02-19,148,P,390.0,-2.4,399.61,28.2,32.2,30.2,56.52,13.2,0.3844,-0.3885,0.0041,-0.1278,0.972,30.7293,48.3,0,13
ISRG270219C00395000,ISRG,2027-02-19,148,C,395.0,-1.15,399.61,43.3,46.8,45.05,44.0,7.8,0.3768,0.6083,0.004,-0.1205,0.9845,43.3698,49.8,0,21
ISRG270219P00395000,ISRG,2027-02-19,148,P,395.0,-1.15,399.61,30.5,34.7,32.6,50.0,12.9,0.3841,-0.4094,0.0042,-0.1294,0.9846,33.1256,50.3,0,9
ISRG270219C00400000,ISRG,2027-02-19,148,C,400.0,0.1,399.61,41.1,45.0,43.05,39.9,9.1,0.3813,0.5883,0.004,-0.1221,0.9966,41.4186,47.7,5,34
ISRG270219P00400000,ISRG,2027-02-19,148,P,400.0,0.1,399.61,33.0,35.9,34.45,36.1,8.4,0.3771,-0.4306,0.0042,-0.1307,0.9945,34.954,52.3,2,17
ISRG270219C00405000,ISRG,2027-02-19,148,C,405.0,1.35,399.61,39.0,44.2,41.6,42.0,12.5,0.3903,0.5682,0.0041,-0.1234,1.0062,40.0294,45.5,0,236
ISRG270219P00405000,ISRG,2027-02-19,148,P,405.0,1.35,399.61,36.9,39.8,38.35,50.98,7.6,0.3897,-0.4519,0.0043,-0.1317,1.0024,38.8432,54.5,0,7
ISRG270219C00410000,ISRG,2027-02-19,148,C,410.0,2.6,399.61,36.4,41.3,38.85,39.7,12.6,0.3852,0.5482,0.0041,-0.1243,1.0133,37.323,43.6,0,22
ISRG270219P00410000,ISRG,2027-02-19,148,P,410.0,2.6,399.61,37.8,42.2,40.0,44.2,11.0,0.3788,-0.4733,0.0044,-0.1324,1.0067,40.4693,56.3,0,12
ISRG270219C00415000,ISRG,2027-02-19,148,C,415.0,3.85,399.61,34.2,39.0,36.6,33.7,13.1,0.3842,0.5281,0.0041,-0.1249,1.0179,35.1246,41.7,0,3
ISRG270219P00415000,ISRG,2027-02-19,148,P,415.0,3.85,399.61,40.9,45.1,43.0,47.81,9.8,0.3803,-0.4948,0.0044,-0.1327,1.0074,43.4422,58.3,0,16
ISRG270219C00420000,ISRG,2027-02-19,148,C,420.0,5.1,399.61,31.9,36.7,34.3,34.8,14.0,0.3818,0.5081,0.0042,-0.1252,1.0199,32.8782,39.8,0,24
ISRG270219P00420000,ISRG,2027-02-19,148,P,420.0,5.1,399.61,43.6,47.6,45.6,46.0,8.8,0.3768,-0.5162,0.0045,-0.1328,1.0061,46.0036,60.2,0,7
ISRG270219C00425000,ISRG,2027-02-19,148,C,425.0,6.35,399.61,30.1,34.5,32.3,19.32,13.6,0.3815,0.4883,0.0042,-0.1252,1.0195,30.9378,37.9,0,33
ISRG270219P00425000,ISRG,2027-02-19,148,P,425.0,6.35,399.61,46.3,51.5,48.9,54.1,10.6,0.3792,-0.5376,0.0045,-0.1325,1.0015,49.2573,62.1,0,7
ISRG270219C00430000,ISRG,2027-02-19,148,C,430.0,7.6,399.61,27.0,32.6,29.8,26.8,18.8,0.3753,0.4687,0.0042,-0.1248,1.0165,28.4934,36.0,0,21
ISRG270219P00430000,ISRG,2027-02-19,148,P,430.0,7.6,399.61,49.3,54.4,51.85,81.25,9.8,0.3772,-0.5588,0.0045,-0.132,0.9947,52.1569,64.0,0,1
ISRG270219C00435000,ISRG,2027-02-19,148,C,435.0,8.86,399.61,26.0,30.6,28.3,19.5,16.3,0.3781,0.4494,0.0041,-0.1242,1.0113,27.0468,34.3,0,25
ISRG270219P00435000,ISRG,2027-02-19,148,P,435.0,8.86,399.61,52.3,57.7,55.0,110.41,9.8,0.3762,-0.5798,0.0045,-0.1312,0.9825,55.2481,65.8,0,2
ISRG270219C00440000,ISRG,2027-02-19,148,C,440.0,10.11,399.61,24.4,28.5,26.45,23.1,15.5,0.3765,0.4304,0.0041,-0.1233,1.0041,25.2454,32.5,5,47
ISRG270219P00440000,ISRG,2027-02-19,148,P,440.0,10.11,399.61,55.2,60.4,57.8,97.38,9.0,0.3706,-0.6006,0.0045,-0.1301,0.9718,57.9716,67.6,0,11
ISRG270219C00445000,ISRG,2027-02-19,148,C,445.0,11.36,399.61,23.6,26.9,25.25,17.45,13.1,0.3806,0.4117,0.0041,-0.1221,0.9945,24.0907,30.9,0,49
ISRG270219P00445000,ISRG,2027-02-19,148,P,445.0,11.36,399.61,58.9,63.4,61.15,0.0,7.4,0.3695,-0.621,0.0045,-0.1288,0.9557,61.2329,69.4,0,0
ISRG270219C00450000,ISRG,2027-02-19,148,C,450.0,12.61,399.61,21.2,25.5,23.35,21.85,18.4,0.3769,0.3935,0.004,-0.1207,0.9828,22.2508,29.2,0,66
ISRG270219P00450000,ISRG,2027-02-19,148,P,450.0,12.61,399.61,64.4,67.8,66.1,102.89,5.1,0.3846,-0.6412,0.0045,-0.1272,0.9363,66.1479,70.6,0,6
ISRG270219C00455000,ISRG,2027-02-19,148,C,455.0,13.86,399.61,20.4,22.3,21.35,21.0,8.9,0.3711,0.3756,0.004,-0.1191,0.9696,20.3002,27.5,15,20
ISRG270219P00455000,ISRG,2027-02-19,148,P,455.0,13.86,399.61,65.3,71.3,68.3,90.57,8.8,0.3693,-0.6611,0.0044,-0.1254,0.9141,68.1989,72.6,0,1
ISRG270219C00460000,ISRG,2027-02-19,148,C,460.0,15.11,399.61,19.1,21.6,20.35,20.0,12.3,0.375,0.3583,0.0039,-0.1173,0.9548,19.3514,26.1,9,34
ISRG270219P00460000,ISRG,2027-02-19,148,P,460.0,15.11,399.61,69.7,74.7,72.2,88.57,6.9,0.3691,-0.6805,0.0044,-0.1235,0.8957,71.7894,74.1,0,5
ISRG270219C00465000,ISRG,2027-02-19,148,C,465.0,16.36,399.61,17.0,21.3,19.15,12.0,22.5,0.376,0.3414,0.0038,-0.1152,0.9382,18.1961,24.7,0,5
ISRG270219P00465000,ISRG,2027-02-19,148,P,465.0,16.36,399.61,73.0,78.2,75.6,0.0,6.9,0.3668,-0.6994,0.0043,-0.1213,0.8698,75.2625,75.7,0,0
ISRG270219C00470000,ISRG,2027-02-19,148,C,470.0,17.61,399.61,15.7,18.4,17.05,17.49,15.8,0.3664,0.3251,0.0038,-0.1131,0.9201,16.1567,22.9,1,46
ISRG270219P00470000,ISRG,2027-02-19,148,P,470.0,17.61,399.61,76.7,81.7,79.2,0.0,6.3,0.3632,-0.7179,0.0043,-0.119,0.84,78.7003,77.2,0,0
ISRG270219C00475000,ISRG,2027-02-19,148,C,475.0,18.87,399.61,13.9,19.0,16.45,10.5,31.0,0.3724,0.3092,0.0037,-0.1107,0.9011,15.5882,21.8,0,34
ISRG270219P00475000,ISRG,2027-02-19,148,P,475.0,18.87,399.61,82.0,86.3,84.15,0.0,5.1,0.3753,-0.736,0.0042,-0.1165,0.8095,83.5909,78.1,0,0
ISRG270219C00480000,ISRG,2027-02-19,148,C,480.0,20.12,399.61,13.5,17.5,15.5,11.28,25.8,0.374,0.294,0.0036,-0.1083,0.8814,14.6844,20.6,0,41
ISRG270219P00480000,ISRG,2027-02-19,148,P,480.0,20.12,399.61,85.9,89.8,87.85,0.0,4.4,0.3713,-0.7536,0.0042,-0.1139,0.7855,87.1211,79.5,0,0
ISRG270219C00485000,ISRG,2027-02-19,148,C,485.0,21.37,399.61,12.7,16.1,14.4,11.2,23.6,0.3731,0.2792,0.0035,-0.1057,0.8603,13.6265,19.3,0,2
ISRG270219P00485000,ISRG,2027-02-19,148,P,485.0,21.37,399.61,88.0,93.7,90.85,0.0,6.3,0.3559,-0.7705,0.0041,-0.1111,0.7525,89.7988,81.5,0,0
ISRG270219C00490000,ISRG,2027-02-19,148,C,490.0,22.62,399.61,11.1,15.4,13.25,5.7,32.5,0.3708,0.265,0.0034,-0.103,0.8382,12.5181,18.1,0,5
ISRG270219P00490000,ISRG,2027-02-19,148,P,490.0,22.62,399.61,92.4,97.6,95.0,0.0,5.5,0.3546,-0.7871,0.004,-0.1082,0.7154,93.7353,82.7,0,0
ISRG270219C00495000,ISRG,2027-02-19,148,C,495.0,23.87,399.61,10.2,14.7,12.45,11.8,36.1,0.3721,0.2514,0.0033,-0.1003,0.8159,11.759,17.0,0,2
ISRG270219P00495000,ISRG,2027-02-19,148,P,495.0,23.87,399.61,96.4,103.2,99.8,157.22,6.8,0.3625,-0.8032,0.004,-0.1054,0.6776,98.4381,83.5,0,1
ISRG270319C00300000,ISRG,2027-03-19,176,C,300.0,-24.93,399.61,112.0,118.4,115.2,80.5,5.6,0.4178,0.8935,0.0016,-0.0468,0.5296,112.7509,81.8,0,3
ISRG270319P00300000,ISRG,2027-03-19,176,P,300.0,-24.93,399.61,5.9,8.7,7.3,8.57,38.4,0.4213,-0.1128,0.0017,-0.0625,0.536,7.5996,18.4,0,102
ISRG270319C00310000,ISRG,2027-03-19,176,C,310.0,-22.42,399.61,104.3,108.7,106.5,76.48,4.1,0.4045,0.8728,0.0019,-0.0552,0.5968,104.0701,79.7,0,2
ISRG270319P00310000,ISRG,2027-03-19,176,P,310.0,-22.42,399.61,7.4,9.9,8.65,8.9,28.9,0.412,-0.1342,0.0019,-0.0699,0.6038,8.9889,20.8,0,218
ISRG270319C00320000,ISRG,2027-03-19,176,C,320.0,-19.92,399.61,96.1,102.9,99.5,83.35,6.8,0.4149,0.8496,0.0021,-0.0635,0.6655,97.1156,75.6,0,3
ISRG270319P00320000,ISRG,2027-03-19,176,P,320.0,-19.92,399.61,9.2,10.7,9.95,10.6,15.1,0.399,-0.158,0.0022,-0.0773,0.6731,10.3207,23.2,0,376
ISRG270319C00330000,ISRG,2027-03-19,176,C,330.0,-17.42,399.61,88.8,92.5,90.65,74.36,4.1,0.3937,0.8241,0.0023,-0.0717,0.7331,88.2895,73.7,0,10
ISRG270319P00330000,ISRG,2027-03-19,176,P,330.0,-17.42,399.61,11.5,12.9,12.2,15.9,11.5,0.397,-0.1843,0.0024,-0.0846,0.7426,12.6182,26.6,0,53
ISRG270319C00340000,ISRG,2027-03-19,176,C,340.0,-14.92,399.61,81.2,88.0,84.6,65.75,8.0,0.4071,0.7964,0.0026,-0.0796,0.7999,82.3266,69.1,0,4
ISRG270319P00340000,ISRG,2027-03-19,176,P,340.0,-14.92,399.61,13.5,15.3,14.4,14.87,12.5,0.3902,-0.213,0.0027,-0.0917,0.8076,14.8542,29.7,1,281
ISRG270319C00350000,ISRG,2027-03-19,176,C,350.0,-12.41,399.61,74.7,79.0,76.85,70.0,5.6,0.3946,0.7666,0.0028,-0.087,0.8624,74.6362,66.2,0,28
ISRG270319P00350000,ISRG,2027-03-19,176,P,350.0,-12.41,399.61,16.9,18.2,17.55,17.9,7.4,0.3912,-0.244,0.0029,-0.0984,0.8713,18.0442,33.6,4,399
ISRG270319C00360000,ISRG,2027-03-19,176,C,360.0,-9.91,399.61,67.5,71.4,69.45,68.91,5.6,0.3835,0.7349,0.003,-0.0937,0.9209,67.3025,63.0,2,50
ISRG270319P00360000,ISRG,2027-03-19,176,P,360.0,-9.91,399.61,20.7,22.0,21.35,21.0,6.1,0.3949,-0.2771,0.0032,-0.1045,0.9283,21.8742,37.7,0,49
ISRG270319C00370000,ISRG,2027-03-19,176,C,370.0,-7.41,399.61,62.4,67.7,65.05,63.0,8.1,0.4007,0.7015,0.0032,-0.0997,0.9728,63.0074,58.2,0,17
ISRG270319P00370000,ISRG,2027-03-19,176,P,370.0,-7.41,399.61,24.4,25.7,25.05,24.5,5.2,0.3931,-0.3121,0.0034,-0.1099,0.9808,25.5822,41.4,0,113
ISRG270319C00380000,ISRG,2027-03-19,176,C,380.0,-4.91,399.61,56.1,61.6,58.85,59.0,9.3,0.3949,0.6669,0.0034,-0.1049,1.0178,56.8895,54.6,0,27
ISRG270319P00380000,ISRG,2027-03-19,176,P,380.0,-4.91,399.61,28.4,29.7,29.05,30.9,4.5,0.3908,-0.3485,0.0036,-0.1145,1.023,29.6001,45.2,0,93
ISRG270319C00390000,ISRG,2027-03-19,176,C,390.0,-2.4,399.61,51.0,55.2,53.1,35.25,7.9,0.3904,0.6313,0.0035,-0.1091,1.0544,51.238,51.0,0,50
ISRG270319P00390000,ISRG,2027-03-19,176,P,390.0,-2.4,399.61,32.9,34.2,33.55,33.2,3.9,0.3895,-0.3861,0.0037,-0.1182,1.0571,34.0825,49.0,1,65
ISRG270319C00400000,ISRG,2027-03-19,176,C,400.0,0.1,399.61,45.5,50.2,47.85,46.0,9.8,0.3873,0.5952,0.0036,-0.1122,1.0824,46.0814,47.4,0,118
ISRG270319P00400000,ISRG,2027-03-19,176,P,400.0,0.1,399.61,37.7,38.6,38.15,37.55,2.4,0.3857,-0.4246,0.0039,-0.121,1.081,38.6567,52.6,10,84
ISRG270319C00410000,ISRG,2027-03-19,176,C,410.0,2.6,399.61,41.1,44.7,42.9,40.62,8.4,0.3838,0.5588,0.0037,-0.1144,1.1012,41.2309,43.8,0,73
ISRG270319P00410000,ISRG,2027-03-19,176,P,410.0,2.6,399.61,43.0,44.4,43.7,44.3,3.2,0.3871,-0.4635,0.004,-0.1227,1.0943,44.1518,56.3,0,65
ISRG270319C00420000,ISRG,2027-03-19,176,C,420.0,5.1,399.61,36.9,40.5,38.7,38.1,9.3,0.384,0.5225,0.0038,-0.1155,1.1108,37.1356,40.2,2,79
ISRG270319P00420000,ISRG,2027-03-19,176,P,420.0,5.1,399.61,48.5,50.1,49.3,49.7,3.2,0.3856,-0.5026,0.0041,-0.1236,1.097,49.6795,59.8,0,60
ISRG270319C00430000,ISRG,2027-03-19,176,C,430.0,7.6,399.61,33.3,35.6,34.45,33.4,6.7,0.3808,0.4866,0.0038,-0.1157,1.1114,33.0038,36.8,2,73
ISRG270319P00430000,ISRG,2027-03-19,176,P,430.0,7.6,399.61,51.2,56.0,53.6,55.3,9.0,0.3688,-0.5415,0.0041,-0.1235,1.0886,53.8551,63.3,0,18
ISRG270319C00440000,ISRG,2027-03-19,176,C,440.0,10.11,399.61,29.7,31.7,30.7,29.8,6.5,0.3789,0.4516,0.0038,-0.1149,1.1036,29.3435,33.6,2,58
ISRG270319P00440000,ISRG,2027-03-19,176,P,440.0,10.11,399.61,58.0,62.4,60.2,94.95,7.3,0.3698,-0.5798,0.0041,-0.1225,1.0712,60.3347,66.6,0,27
ISRG270319C00450000,ISRG,2027-03-19,176,C,450.0,12.61,399.61,26.4,28.2,27.3,27.0,6.6,0.3774,0.4176,0.0037,-0.1132,1.088,26.0409,30.5,1,37
ISRG270319P00450000,ISRG,2027-03-19,176,P,450.0,12.61,399.61,64.3,69.1,66.7,66.78,7.2,0.366,-0.6175,0.0041,-0.1207,1.0416,66.6134,69.8,0,68
ISRG270319C00460000,ISRG,2027-03-19,176,C,460.0,15.11,399.61,23.4,25.5,24.45,23.9,8.6,0.3783,0.3849,0.0036,-0.1109,1.0651,23.2877,27.6,1,23
ISRG270319P00460000,ISRG,2027-03-19,176,P,460.0,15.11,399.61,71.2,76.3,73.75,74.3,6.9,0.3644,-0.6541,0.0041,-0.1183,1.0065,73.4391,72.8,0,25
ISRG270319C00470000,ISRG,2027-03-19,176,C,470.0,17.61,399.61,20.6,22.5,21.55,21.5,8.8,0.3762,0.3536,0.0036,-0.1078,1.0364,20.4961,24.9,1,17
ISRG270319P00470000,ISRG,2027-03-19,176,P,470.0,17.61,399.61,81.1,84.2,82.65,110.0,3.8,0.3788,-0.6895,0.004,-0.1151,0.958,82.1719,75.0,0,17
ISRG270319C00480000,ISRG,2027-03-19,176,C,480.0,20.12,399.61,18.1,20.6,19.35,19.0,12.9,0.3782,0.324,0.0034,-0.1042,1.002,18.3736,22.5,0,38
ISRG270319P00480000,ISRG,2027-03-19,176,P,480.0,20.12,399.61,86.0,91.2,88.6,114.9,5.9,0.3583,-0.7236,0.004,-0.1115,0.9046,87.6636,78.3,0,10
ISRG270319C00490000,ISRG,2027-03-19,176,C,490.0,22.62,399.61,15.9,18.3,17.1,13.7,14.0,0.3774,0.2961,0.0033,-0.1002,0.9643,16.2061,20.2,0,31
ISRG270319P00490000,ISRG,2027-03-19,176,P,490.0,22.62,399.61,95.5,99.7,97.6,140.54,4.3,0.3686,-0.7561,0.0039,-0.1075,0.845,96.414,80.2,0,13
ISRG270416C00300000,ISRG,2027-04-16,204,C,300.0,-24.93,399.61,114.9,119.7,117.3,0.0,4.1,0.4068,0.8846,0.0016,-0.0472,0.6031,114.5912,80.6,0,0
ISRG270416P00300000,ISRG,2027-04-16,204,P,300.0,-24.93,399.61,6.9,10.2,8.55,14.16,38.6,0.4159,-0.1226,0.0017,-0.0613,0.6098,8.903,20.1,0,43
ISRG270416C00305000,ISRG,2027-04-16,204,C,305.0,-23.68,399.61,110.6,116.4,113.5,0.0,5.1,0.4088,0.8747,0.0017,-0.0508,0.6367,110.8147,78.9,0,0
ISRG270416P00305000,ISRG,2027-04-16,204,P,305.0,-23.68,399.61,7.9,11.0,9.45,13.7,32.8,0.4145,-0.1327,0.0018,-0.0645,0.645,9.8309,21.5,0,36
ISRG270416C00310000,ISRG,2027-04-16,204,C,310.0,-22.42,399.61,106.8,112.3,109.55,69.2,5.0,0.4072,0.8643,0.0018,-0.0544,0.671,106.8841,77.5,0,4
ISRG270416P00310000,ISRG,2027-04-16,204,P,310.0,-22.42,399.61,8.6,12.1,10.35,9.4,33.8,0.412,-0.1435,0.0019,-0.0676,0.6813,10.7484,22.9,0,155
ISRG270416C00315000,ISRG,2027-04-16,204,C,315.0,-21.17,399.61,102.6,107.7,105.15,83.9,4.9,0.3982,0.8534,0.0019,-0.0579,0.7058,102.4933,76.6,0,0
ISRG270416P00315000,ISRG,2027-04-16,204,P,315.0,-21.17,399.61,9.4,12.3,10.85,13.7,26.7,0.403,-0.1548,0.002,-0.0708,0.7152,11.2597,23.8,0,8
ISRG270416C00320000,ISRG,2027-04-16,204,C,320.0,-19.92,399.61,98.7,104.6,101.65,0.0,5.8,0.4014,0.8419,0.002,-0.0614,0.7402,99.0275,74.7,0,0
ISRG270416P00320000,ISRG,2027-04-16,204,P,320.0,-19.92,399.61,10.6,13.7,12.15,12.38,25.5,0.4046,-0.1667,0.0021,-0.074,0.7483,12.583,25.6,0,120
ISRG270416C00325000,ISRG,2027-04-16,204,C,325.0,-18.67,399.61,95.3,101.8,98.55,76.23,6.6,0.4084,0.83,0.0021,-0.0649,0.774,95.969,72.5,0,1
ISRG270416P00325000,ISRG,2027-04-16,204,P,325.0,-18.67,399.61,11.6,16.1,13.85,13.3,32.5,0.4102,-0.179,0.0022,-0.0771,0.7838,14.3167,27.6,0,41
ISRG270416C00330000,ISRG,2027-04-16,204,C,330.0,-17.42,399.61,91.8,96.7,94.25,88.3,5.2,0.3989,0.8175,0.0022,-0.0683,0.808,91.6832,71.5,0,1
ISRG270416P00330000,ISRG,2027-04-16,204,P,330.0,-17.42,399.61,13.0,17.0,15.0,14.68,26.7,0.4075,-0.192,0.0023,-0.0802,0.8198,15.4857,29.1,0,45
ISRG270416C00335000,ISRG,2027-04-16,204,C,335.0,-16.17,399.61,88.0,92.6,90.3,0.0,5.1,0.3934,0.8045,0.0024,-0.0716,0.8418,87.7615,70.1,0,0
ISRG270416P00335000,ISRG,2027-04-16,204,P,335.0,-16.17,399.61,13.9,17.2,15.55,15.22,21.2,0.3969,-0.2055,0.0024,-0.0832,0.8519,16.0433,30.1,1,20
ISRG270416C00340000,ISRG,2027-04-16,204,C,340.0,-14.92,399.61,84.5,89.3,86.9,0.0,5.5,0.3936,0.7911,0.0024,-0.0749,0.8744,84.3927,68.4,0,0
ISRG270416P00340000,ISRG,2027-04-16,204,P,340.0,-14.92,399.61,15.2,17.5,16.35,30.35,14.1,0.389,-0.2195,0.0026,-0.0862,0.8833,16.8598,31.3,0,21
ISRG270416C00345000,ISRG,2027-04-16,204,C,345.0,-13.67,399.61,81.1,85.6,83.35,64.24,5.4,0.3912,0.7772,0.0026,-0.078,0.906,80.8736,66.7,0,3
ISRG270416P00345000,ISRG,2027-04-16,204,P,345.0,-13.67,399.61,16.6,21.5,19.05,26.2,25.7,0.4016,-0.234,0.0027,-0.089,0.9168,19.5931,34.0,0,10
ISRG270416C00350000,ISRG,2027-04-16,204,C,350.0,-12.41,399.61,77.7,82.4,80.05,77.0,5.9,0.3908,0.7628,0.0026,-0.081,0.937,77.6167,65.0,0,4
ISRG270416P00350000,ISRG,2027-04-16,204,P,350.0,-12.41,399.61,18.0,20.6,19.3,33.81,13.5,0.386,-0.2494,0.0028,-0.0918,0.9492,19.8145,34.7,0,1
ISRG270416C00355000,ISRG,2027-04-16,204,C,355.0,-11.16,399.61,74.5,78.9,76.7,44.3,5.7,0.389,0.7481,0.0028,-0.0839,0.967,74.309,63.3,0,4
ISRG270416P00355000,ISRG,2027-04-16,204,P,355.0,-11.16,399.61,19.7,22.2,20.95,22.0,11.9,0.3851,-0.2648,0.0029,-0.0945,0.9774,21.4697,36.5,1,3
ISRG270416C00360000,ISRG,2027-04-16,204,C,360.0,-9.91,399.61,71.2,77.2,74.2,69.55,8.1,0.3949,0.733,0.0028,-0.0867,0.9953,71.8556,61.1,0,5
ISRG270416P00360000,ISRG,2027-04-16,204,P,360.0,-9.91,399.61,21.6,27.0,24.3,41.95,22.2,0.4008,-0.2804,0.003,-0.097,1.0039,24.8828,39.2,0,2
ISRG270416C00365000,ISRG,2027-04-16,204,C,365.0,-8.66,399.61,68.0,72.5,70.25,46.2,6.4,0.3854,0.7175,0.0029,-0.0893,1.0221,67.9305,59.8,0,14
ISRG270416P00365000,ISRG,2027-04-16,204,P,365.0,-8.66,399.61,23.0,25.9,24.45,31.25,11.9,0.3833,-0.2967,0.0031,-0.0993,1.0322,25.0343,40.1,0,1
ISRG270416C00370000,ISRG,2027-04-16,204,C,370.0,-7.41,399.61,64.7,71.0,67.85,52.88,9.3,0.3905,0.7017,0.003,-0.0917,1.0476,65.5916,57.7,0,80
ISRG270416P00370000,ISRG,2027-04-16,204,P,370.0,-7.41,399.61,24.8,28.9,26.85,0.0,15.3,0.387,-0.3134,0.0032,-0.1016,1.057,27.4312,42.1,0,0
ISRG270416C00375000,ISRG,2027-04-16,204,C,375.0,-6.16,399.61,62.3,66.5,64.4,64.65,6.5,0.3846,0.6856,0.0031,-0.094,1.0714,62.1766,56.2,0,11
ISRG270416P00375000,ISRG,2027-04-16,204,P,375.0,-6.16,399.61,26.6,31.1,28.85,29.43,15.6,0.3861,-0.3304,0.0033,-0.1036,1.079,29.4381,43.9,0,1
ISRG270416C00380000,ISRG,2027-04-16,204,C,380.0,-4.91,399.61,59.3,63.6,61.45,64.0,7.0,0.3828,0.6692,0.0032,-0.096,1.0932,59.2769,54.4,0,33
ISRG270416P00380000,ISRG,2027-04-16,204,P,380.0,-4.91,399.61,28.4,33.6,31.0,0.0,16.8,0.3857,-0.3478,0.0034,-0.1055,1.099,31.5853,45.7,0,0
ISRG270416C00385000,ISRG,2027-04-16,204,C,385.0,-3.66,399.61,56.5,60.4,58.45,45.01,6.7,0.3797,0.6526,0.0032,-0.0979,1.113,56.3135,52.7,0,31
ISRG270416P00385000,ISRG,2027-04-16,204,P,385.0,-3.66,399.61,30.1,34.9,32.5,47.91,14.8,0.3787,-0.3654,0.0034,-0.1073,1.1185,33.0798,47.3,0,1
ISRG270416C00390000,ISRG,2027-04-16,204,C,390.0,-2.4,399.61,53.9,59.6,56.75,48.5,10.0,0.3876,0.6359,0.0033,-0.0996,1.131,54.6789,50.6,0,12
ISRG270416P00390000,ISRG,2027-04-16,204,P,390.0,-2.4,399.61,32.8,37.9,35.35,35.3,14.4,0.3829,-0.3833,0.0035,-0.1088,1.1346,35.9122,49.2,0,3
ISRG270416C00395000,ISRG,2027-04-16,204,C,395.0,-1.15,399.61,51.5,56.9,54.2,41.18,10.0,0.387,0.619,0.0034,-0.1011,1.147,52.1763,48.9,0,24
ISRG270416P00395000,ISRG,2027-04-16,204,P,395.0,-1.15,399.61,35.1,39.8,37.45,0.0,12.6,0.3797,-0.4014,0.0036,-0.1101,1.1482,37.9929,50.9,0,0
ISRG270416C00400000,ISRG,2027-04-16,204,C,400.0,0.1,399.61,48.9,54.5,51.7,36.88,10.8,0.3859,0.6021,0.0034,-0.1024,1.1608,49.6993,47.2,0,35
ISRG270416P00400000,ISRG,2027-04-16,204,P,400.0,0.1,399.61,37.5,41.9,39.7,40.75,11.1,0.3772,-0.4197,0.0037,-0.1113,1.1598,40.2334,52.6,0,3
ISRG270416C00405000,ISRG,2027-04-16,204,C,405.0,1.35,399.61,46.6,49.9,48.25,47.0,6.8,0.3762,0.585,0.0035,-0.1034,1.1723,46.2944,45.7,0,38
ISRG270416P00405000,ISRG,2027-04-16,204,P,405.0,1.35,399.61,39.9,45.4,42.65,0.0,12.9,0.3798,-0.4381,0.0037,-0.1123,1.1682,43.1533,54.4,0,0
ISRG270416C00410000,ISRG,2027-04-16,204,C,410.0,2.6,399.61,44.2,47.6,45.9,32.4,7.4,0.3753,0.5679,0.0035,-0.1043,1.1817,43.9974,44.0,0,3
ISRG270416P00410000,ISRG,2027-04-16,204,P,410.0,2.6,399.61,43.2,47.2,45.2,63.1,8.8,0.3782,-0.4566,0.0038,-0.113,1.1741,45.6658,56.1,0,2
ISRG270416C00415000,ISRG,2027-04-16,204,C,415.0,3.85,399.61,41.6,45.9,43.75,43.9,9.8,0.3754,0.5508,0.0035,-0.105,1.189,41.9017,42.3,0,41
ISRG270416P00415000,ISRG,2027-04-16,204,P,415.0,3.85,399.61,45.1,50.9,48.0,0.0,12.1,0.378,-0.4752,0.0038,-0.1136,1.1784,48.4256,57.8,0,0
ISRG270416C00420000,ISRG,2027-04-16,204,C,420.0,5.1,399.61,39.6,43.1,41.35,29.89,8.5,0.3727,0.5337,0.0036,-0.1054,1.194,39.5548,40.6,0,26
ISRG270416P00420000,ISRG,2027-04-16,204,P,420.0,5.1,399.61,47.9,53.1,50.5,0.0,10.3,0.3745,-0.4937,0.0039,-0.114,1.1805,50.8738,59.4,0,0
ISRG270416C00425000,ISRG,2027-04-16,204,C,425.0,6.35,399.61,37.4,42.0,39.7,41.0,11.6,0.3756,0.5168,0.0036,-0.1057,1.197,37.9552,39.0,0,4
ISRG270416P00425000,ISRG,2027-04-16,204,P,425.0,6.35,399.61,50.6,55.6,53.1,0.0,9.4,0.3712,-0.5123,0.0039,-0.1143,1.1773,53.4249,61.0,0,0
ISRG270416C00430000,ISRG,2027-04-16,204,C,430.0,7.6,399.61,35.8,40.1,37.95,32.5,11.3,0.3771,0.4999,0.0036,-0.1057,1.1978,36.2675,37.4,0,8
ISRG270416P00430000,ISRG,2027-04-16,204,P,430.0,7.6,399.61,53.6,59.3,56.45,0.0,10.1,0.3734,-0.5309,0.0039,-0.1143,1.1721,56.7104,62.6,0,0
ISRG270416C00435000,ISRG,2027-04-16,204,C,435.0,8.86,399.61,33.8,38.5,36.15,0.0,13.0,0.3774,0.4832,0.0036,-0.1056,1.1964,34.5131,35.8,0,0
ISRG270416P00435000,ISRG,2027-04-16,204,P,435.0,8.86,399.61,56.5,62.5,59.5,92.05,10.1,0.3723,-0.5493,0.004,-0.1141,1.1668,59.6803,64.2,0,1
ISRG270416C00440000,ISRG,2027-04-16,204,C,440.0,10.11,399.61,32.0,36.3,34.15,27.0,12.6,0.3755,0.4666,0.0036,-0.1053,1.1931,32.5725,34.3,0,14
ISRG270416P00440000,ISRG,2027-04-16,204,P,440.0,10.11,399.61,59.4,65.3,62.35,0.0,9.5,0.3688,-0.5677,0.004,-0.1138,1.1587,62.4428,65.8,0,0
ISRG270416C00445000,ISRG,2027-04-16,204,C,445.0,11.36,399.61,29.5,34.8,32.15,16.0,16.5,0.3729,0.4503,0.0036,-0.1048,1.188,30.6248,32.8,0,7
ISRG270416P00445000,ISRG,2027-04-16,204,P,445.0,11.36,399.61,62.8,68.3,65.55,0.0,8.4,0.3676,-0.5859,0.004,-0.1134,1.1439,65.554,67.3,0,0
ISRG270416C00450000,ISRG,2027-04-16,204,C,450.0,12.61,399.61,27.3,33.6,30.45,15.6,20.7,0.3723,0.4342,0.0035,-0.1042,1.181,28.9857,31.4,0,9
ISRG270416P00450000,ISRG,2027-04-16,204,P,450.0,12.61,399.61,66.1,71.2,68.65,0.0,7.4,0.3644,-0.6042,0.004,-0.1127,1.1277,68.5065,68.8,0,0
ISRG270416C00455000,ISRG,2027-04-16,204,C,455.0,13.86,399.61,27.5,31.3,29.4,29.3,12.9,0.3765,0.4184,0.0035,-0.1034,1.1721,27.9723,30.1,0,9
ISRG270416P00455000,ISRG,2027-04-16,204,P,455.0,13.86,399.61,69.7,74.7,72.2,0.0,6.9,0.3648,-0.622,0.004,-0.1119,1.1159,71.9513,70.2,0,0
ISRG270416C00460000,ISRG,2027-04-16,204,C,460.0,15.11,399.61,25.7,29.7,27.7,27.7,14.4,0.3747,0.4029,0.0035,-0.1024,1.1614,26.3288,28.7,0,6
ISRG270416P00460000,ISRG,2027-04-16,204,P,460.0,15.11,399.61,72.8,78.0,75.4,0.0,6.9,0.3612,-0.6397,0.004,-0.111,1.0969,75.0077,71.7,0,0
ISRG270416C00465000,ISRG,2027-04-16,204,C,465.0,16.36,399.61,22.6,28.3,25.45,25.2,22.4,0.3675,0.3876,0.0035,-0.1013,1.1493,24.1449,27.2,0,7
ISRG270416P00465000,ISRG,2027-04-16,204,P,465.0,16.36,399.61,76.2,82.5,79.35,0.0,7.9,0.3639,-0.6571,0.004,-0.11,1.0783,78.8491,72.9,0,0
ISRG270416C00470000,ISRG,2027-04-16,204,C,470.0,17.61,399.61,21.3,26.9,24.1,0.0,23.2,0.3674,0.3727,0.0034,-0.1001,1.136,22.8365,25.9,0,0
ISRG270416P00470000,ISRG,2027-04-16,204,P,470.0,17.61,399.61,80.1,86.1,83.1,0.0,7.2,0.3639,-0.6743,0.0039,-0.1089,1.0496,82.4469,74.2,0,0
ISRG270416C00475000,ISRG,2027-04-16,204,C,475.0,18.87,399.61,20.2,26.0,23.1,24.0,25.1,0.37,0.3582,0.0034,-0.0987,1.1212,21.8859,24.8,0,7
ISRG270416P00475000,ISRG,2027-04-16,204,P,475.0,18.87,399.61,84.1,89.8,86.95,0.0,6.6,0.3643,-0.6911,0.0039,-0.1075,1.0228,86.1502,75.4,0,0
ISRG270416C00480000,ISRG,2027-04-16,204,C,480.0,20.12,399.61,19.1,23.1,21.1,0.0,19.0,0.363,0.344,0.0033,-0.0972,1.1047,19.9508,23.3,0,0
ISRG270416P00480000,ISRG,2027-04-16,204,P,480.0,20.12,399.61,89.3,93.5,91.4,0.0,4.6,0.37,-0.7077,0.0039,-0.1061,0.9983,90.4827,76.4,0,0
ISRG270416C00485000,ISRG,2027-04-16,204,C,485.0,21.37,399.61,17.6,23.1,20.35,0.0,27.0,0.3669,0.33,0.0033,-0.0957,1.0869,19.2515,22.3,0,0
ISRG270416P00485000,ISRG,2027-04-16,204,P,485.0,21.37,399.61,93.1,97.1,95.1,0.0,4.2,0.3676,-0.724,0.0039,-0.1047,0.9707,93.9932,77.7,0,0
ISRG270416C00490000,ISRG,2027-04-16,204,C,490.0,22.62,399.61,17.3,21.9,19.6,16.2,23.5,0.3702,0.3166,0.0032,-0.094,1.069,18.5309,21.3,0,1
ISRG270416P00490000,ISRG,2027-04-16,204,P,490.0,22.62,399.61,97.1,101.1,99.1,0.0,4.0,0.3676,-0.7401,0.0038,-0.1031,0.9373,97.8173,78.8,0,0
ISRG270416C00495000,ISRG,2027-04-16,204,C,495.0,23.87,399.61,17.1,20.6,18.85,15.3,18.6,0.3731,0.3036,0.0032,-0.0923,1.0501,17.8099,20.4,0,1
ISRG270416P00495000,ISRG,2027-04-16,204,P,495.0,23.87,399.61,101.1,105.4,103.25,0.0,4.2,0.3684,-0.7556,0.0038,-0.1014,0.903,101.7757,79.8,0,0
