contract,ticker,expiry,dte,type,strike,moneyness_pct,spot,bid,ask,mid,last,spread_pct,iv,delta,gamma,theta,vega,theo,prob_itm,volume,oi
LLY261009C00895000,LLY,2026-10-09,15,C,895.0,-24.77,1189.625,290.5,302.25,296.375,0.0,4.0,0.0,0.9981,0.0,0.0,0.0162,,,0,0
LLY261009P00895000,LLY,2026-10-09,15,P,895.0,-24.77,1189.625,0.0,10.05,0.08,0.08,,0.9144,-0.0021,0.0,-0.0225,0.0163,5.0465,7.3,0,16
LLY261009C00900000,LLY,2026-10-09,15,C,900.0,-24.35,1189.625,284.3,300.45,292.375,268.85,5.5,0.639,0.9979,0.0001,0.0,0.0177,291.8217,98.2,0,1
LLY261009P00900000,LLY,2026-10-09,15,P,900.0,-24.35,1189.625,0.0,0.39,0.08,0.08,,0.5453,-0.0023,0.0001,-0.0244,0.0178,0.2028,0.7,0,54
LLY261009C00905000,LLY,2026-10-09,15,C,905.0,-23.93,1189.625,279.3,292.5,285.9,0.0,4.6,0.0,0.9976,0.0001,0.0,0.0194,,,0,0
LLY261009P00905000,LLY,2026-10-09,15,P,905.0,-23.93,1189.625,0.0,10.15,0.16,0.16,,0.8874,-0.0025,0.0001,-0.0265,0.0195,5.0967,7.5,0,40
LLY261009C00910000,LLY,2026-10-09,15,C,910.0,-23.51,1189.625,274.3,287.35,280.825,0.0,4.6,0.0,0.9974,0.0001,0.0,0.0212,,,0,0
LLY261009P00910000,LLY,2026-10-09,15,P,910.0,-23.51,1189.625,0.0,0.66,0.36,0.36,,0.5589,-0.0028,0.0001,-0.0288,0.0212,0.3404,1.0,0,1
LLY261009C00915000,LLY,2026-10-09,15,C,915.0,-23.09,1189.625,269.3,281.95,275.625,0.0,4.6,0.0,0.9971,0.0001,0.0,0.0231,,,0,0
LLY261009P00915000,LLY,2026-10-09,15,P,915.0,-23.09,1189.625,0.0,10.05,0.1,0.1,,0.8568,-0.0031,0.0001,-0.0313,0.0232,5.0485,7.6,0,32
LLY261009C00920000,LLY,2026-10-09,15,C,920.0,-22.66,1189.625,264.35,280.4,272.375,217.72,5.9,0.5898,0.9968,0.0001,0.0,0.0252,271.8126,98.2,0,10
LLY261009P00920000,LLY,2026-10-09,15,P,920.0,-22.66,1189.625,0.0,1.33,0.22,0.22,,0.5901,-0.0034,0.0001,-0.034,0.0253,0.679,1.8,0,15
LLY261009C00925000,LLY,2026-10-09,15,C,925.0,-22.24,1189.625,259.35,272.35,265.85,0.0,4.9,0.0,0.9964,0.0001,0.0,0.0275,,,0,0
LLY261009P00925000,LLY,2026-10-09,15,P,925.0,-22.24,1189.625,0.0,10.2,0.11,0.11,,0.831,-0.0037,0.0001,-0.0368,0.0276,5.1231,7.8,0,13
LLY261009C00930000,LLY,2026-10-09,15,C,930.0,-21.82,1189.625,254.35,267.4,260.875,196.7,5.0,0.0,0.9961,0.0001,0.0,0.03,,,0,1
LLY261009P00930000,LLY,2026-10-09,15,P,930.0,-21.82,1189.625,0.0,10.2,0.12,0.12,,0.8168,-0.0041,0.0001,-0.04,0.0302,5.124,7.9,0,28
LLY261009C00935000,LLY,2026-10-09,15,C,935.0,-21.4,1189.625,249.4,262.6,256.0,0.0,5.2,0.0,0.9957,0.0001,0.0,0.0327,,,0,0
LLY261009P00935000,LLY,2026-10-09,15,P,935.0,-21.4,1189.625,0.0,10.2,0.2,0.2,,0.8026,-0.0045,0.0001,-0.0434,0.0329,5.1238,7.9,0,23
LLY261009C00940000,LLY,2026-10-09,15,C,940.0,-20.98,1189.625,244.4,257.45,250.925,0.0,5.2,0.0,0.9952,0.0001,0.0,0.0357,,,0,0
LLY261009P00940000,LLY,2026-10-09,15,P,940.0,-20.98,1189.625,0.0,5.45,0.14,0.14,,0.691,-0.005,0.0001,-0.047,0.0358,2.7482,5.2,0,7
LLY261009C00945000,LLY,2026-10-09,15,C,945.0,-20.56,1189.625,239.4,252.45,245.925,0.0,5.3,0.0,0.9947,0.0001,0.0,0.0389,,,0,0
LLY261009P00945000,LLY,2026-10-09,15,P,945.0,-20.56,1189.625,0.0,10.2,0.15,0.15,,0.7744,-0.0055,0.0001,-0.0509,0.039,5.1254,8.1,0,18
LLY261009C00950000,LLY,2026-10-09,15,C,950.0,-20.14,1189.625,234.4,247.25,240.825,229.4,5.3,0.0,0.9942,0.0001,0.0,0.0423,,,0,10
LLY261009P00950000,LLY,2026-10-09,15,P,950.0,-20.14,1189.625,0.0,2.6,0.1,0.1,,0.5824,-0.006,0.0001,-0.0551,0.0424,1.3173,3.1,0,10
LLY261009C00955000,LLY,2026-10-09,15,C,955.0,-19.72,1189.625,229.45,245.6,237.525,0.0,6.8,0.523,0.9936,0.0002,0.0,0.046,236.9487,97.9,0,0
LLY261009P00955000,LLY,2026-10-09,15,P,955.0,-19.72,1189.625,0.0,5.1,0.17,0.17,,0.6442,-0.0066,0.0002,-0.0595,0.0462,2.5719,5.2,0,4
LLY261009C00960000,LLY,2026-10-09,15,C,960.0,-19.3,1189.625,224.45,240.0,232.225,0.0,6.7,0.4747,0.9929,0.0002,0.0,0.0499,231.642,98.6,0,0
LLY261009P00960000,LLY,2026-10-09,15,P,960.0,-19.3,1189.625,0.0,10.15,0.14,0.14,,0.7314,-0.0073,0.0002,-0.0643,0.0503,5.0983,8.3,0,25
LLY261009C00965000,LLY,2026-10-09,15,C,965.0,-18.88,1189.625,219.5,232.95,226.225,0.0,5.9,0.0,0.9922,0.0002,0.0,0.0543,,,0,0
LLY261009P00965000,LLY,2026-10-09,15,P,965.0,-18.88,1189.625,0.0,10.15,0.25,0.25,,0.7175,-0.008,0.0002,-0.0695,0.0546,5.0996,8.4,0,10
LLY261009C00970000,LLY,2026-10-09,15,C,970.0,-18.46,1189.625,215.75,227.35,221.55,0.0,5.2,0.0,0.9914,0.0002,0.0,0.059,,,0,0
LLY261009P00970000,LLY,2026-10-09,15,P,970.0,-18.46,1189.625,0.0,10.15,0.18,0.18,,0.7036,-0.0088,0.0002,-0.0749,0.0592,5.1,8.5,0,22
LLY261009C00975000,LLY,2026-10-09,15,C,975.0,-18.04,1189.625,209.5,221.65,215.575,0.0,5.6,0.0,0.9906,0.0002,0.0,0.064,,,0,0
LLY261009P00975000,LLY,2026-10-09,15,P,975.0,-18.04,1189.625,0.0,10.15,0.19,0.19,,0.6897,-0.0096,0.0002,-0.0808,0.0642,5.0994,8.6,0,7
LLY261009C00980000,LLY,2026-10-09,15,C,980.0,-17.62,1189.625,204.55,217.6,211.075,187.45,6.2,0.0,0.9896,0.0003,-0.0056,0.0694,,,0,1
LLY261009P00980000,LLY,2026-10-09,15,P,980.0,-17.62,1189.625,0.0,10.15,1.48,1.48,,0.6758,-0.0106,0.0003,-0.087,0.0698,5.0978,8.7,0,12
LLY261009C00985000,LLY,2026-10-09,15,C,985.0,-17.2,1189.625,199.6,213.8,206.7,0.0,6.9,0.0,0.9886,0.0003,-0.0141,0.0752,,,0,0
LLY261009P00985000,LLY,2026-10-09,15,P,985.0,-17.2,1189.625,0.0,10.15,1.57,1.57,,0.662,-0.0116,0.0003,-0.0937,0.0758,5.0985,8.8,0,6
LLY261009C00990000,LLY,2026-10-09,15,C,990.0,-16.78,1189.625,194.6,208.2,201.4,0.0,6.8,0.0,0.9874,0.0003,-0.0232,0.0816,,,0,0
LLY261009P00990000,LLY,2026-10-09,15,P,990.0,-16.78,1189.625,0.0,4.5,1.74,1.74,,0.5432,-0.0128,0.0003,-0.1009,0.082,2.273,5.2,0,2
LLY261009C00995000,LLY,2026-10-09,15,C,995.0,-16.36,1189.625,190.0,201.9,195.95,156.22,6.1,0.0,0.9862,0.0004,-0.0327,0.0886,,,0,1
LLY261009P00995000,LLY,2026-10-09,15,P,995.0,-16.36,1189.625,0.0,1.91,0.88,0.88,,0.4559,-0.014,0.0004,-0.1086,0.0889,0.9715,2.8,0,19
LLY261009C01000000,LLY,2026-10-09,15,C,1000.0,-15.94,1189.625,186.0,198.8,192.4,196.88,6.7,0.406,0.9848,0.0004,-0.0428,0.096,191.8015,98.2,1,2
LLY261009P01000000,LLY,2026-10-09,15,P,1000.0,-15.94,1189.625,0.0,10.2,1.31,1.31,,0.6214,-0.0154,0.0004,-0.1169,0.0963,5.1223,9.2,0,81
LLY261009C01005000,LLY,2026-10-09,15,C,1005.0,-15.52,1189.625,181.05,192.6,186.825,0.0,6.2,0.0,0.9833,0.0004,-0.0536,0.104,,,0,0
LLY261009P01005000,LLY,2026-10-09,15,P,1005.0,-15.52,1189.625,0.03,1.57,0.8,0.34,192.5,0.4222,-0.017,0.0004,-0.1258,0.1047,0.8156,2.6,4,5
LLY261009C01010000,LLY,2026-10-09,15,C,1010.0,-15.1,1189.625,174.8,187.65,181.225,128.49,7.1,0.0,0.9816,0.0005,-0.065,0.1127,,,0,1
LLY261009P01010000,LLY,2026-10-09,15,P,1010.0,-15.1,1189.625,0.06,0.76,0.41,0.39,170.7,0.3731,-0.0186,0.0005,-0.1354,0.1135,0.4211,1.6,20,26
LLY261009C01015000,LLY,2026-10-09,15,C,1015.0,-14.68,1189.625,170.0,182.55,176.275,113.8,7.1,0.0,0.9797,0.0005,-0.0773,0.1223,,,0,3
LLY261009P01015000,LLY,2026-10-09,15,P,1015.0,-14.68,1189.625,0.1,1.77,0.935,0.45,178.6,0.4113,-0.0205,0.0005,-0.1459,0.1228,0.9508,3.0,4,1
LLY261009C01020000,LLY,2026-10-09,15,C,1020.0,-14.26,1189.625,164.9,177.75,171.325,117.3,7.5,0.0,0.9776,0.0006,-0.0904,0.1328,,,0,3
LLY261009P01020000,LLY,2026-10-09,15,P,1020.0,-14.26,1189.625,0.23,0.9,0.565,0.54,118.6,0.3703,-0.0226,0.0006,-0.1572,0.1332,0.5782,2.1,26,371
LLY261009C01025000,LLY,2026-10-09,15,C,1025.0,-13.84,1189.625,161.35,172.5,166.925,0.0,6.7,0.0,0.9753,0.0006,-0.1045,0.144,,,0,0
LLY261009P01025000,LLY,2026-10-09,15,P,1025.0,-13.84,1189.625,0.03,1.61,0.82,0.64,192.7,0.3817,-0.025,0.0006,-0.1694,0.1447,0.836,2.8,15,23
LLY261009C01030000,LLY,2026-10-09,15,C,1030.0,-13.42,1189.625,156.45,167.45,161.95,142.23,6.8,0.2187,0.9728,0.0007,-0.1196,0.1562,161.3233,99.9,0,2
LLY261009P01030000,LLY,2026-10-09,15,P,1030.0,-13.42,1189.625,0.34,1.58,0.96,0.49,129.2,0.381,-0.0276,0.0007,-0.1827,0.1576,0.9769,3.2,25,408
LLY261009C01035000,LLY,2026-10-09,15,C,1035.0,-13.0,1189.625,150.2,164.4,157.3,136.53,9.0,0.3174,0.9699,0.0008,-0.1359,0.1697,156.684,98.5,0,12
LLY261009P01035000,LLY,2026-10-09,15,P,1035.0,-13.0,1189.625,0.33,2.99,1.66,1.19,160.2,0.4089,-0.0305,0.0008,-0.1973,0.1706,1.6815,4.9,12,9
LLY261009C01040000,LLY,2026-10-09,15,C,1040.0,-12.58,1189.625,145.35,159.55,152.45,100.5,9.3,0.3231,0.9666,0.0008,-0.1535,0.1846,151.8342,98.0,0,11
LLY261009P01040000,LLY,2026-10-09,15,P,1040.0,-12.58,1189.625,0.5,5.05,2.775,1.55,164.0,0.4421,-0.0338,0.0008,-0.2132,0.1852,2.7984,7.0,6,20
LLY261009C01045000,LLY,2026-10-09,15,C,1045.0,-12.16,1189.625,140.5,154.7,147.6,122.5,9.6,0.3256,0.963,0.0009,-0.1725,0.2006,146.9847,97.5,0,7
LLY261009P01045000,LLY,2026-10-09,15,P,1045.0,-12.16,1189.625,0.56,2.78,1.67,1.48,132.9,0.3864,-0.0374,0.0009,-0.2304,0.2015,1.6916,5.1,6,30
LLY261009C01050000,LLY,2026-10-09,15,C,1050.0,-11.74,1189.625,136.0,150.2,143.1,93.98,9.9,0.3478,0.959,0.001,-0.193,0.2178,142.49,96.1,0,23
LLY261009P01050000,LLY,2026-10-09,15,P,1050.0,-11.74,1189.625,0.69,2.21,1.45,1.37,104.8,0.3647,-0.0415,0.001,-0.2492,0.2196,1.4694,4.7,19,51
LLY261009C01055000,LLY,2026-10-09,15,C,1055.0,-11.32,1189.625,131.1,145.3,138.2,92.22,10.3,0.3418,0.9545,0.0011,-0.2151,0.2367,137.5902,95.7,0,5
LLY261009P01055000,LLY,2026-10-09,15,P,1055.0,-11.32,1189.625,0.71,4.55,2.63,3.35,146.0,0.4001,-0.046,0.0011,-0.2696,0.238,2.6534,7.2,0,27
LLY261009C01060000,LLY,2026-10-09,15,C,1060.0,-10.9,1189.625,126.2,140.4,133.3,101.4,10.7,0.3353,0.9494,0.0012,-0.2389,0.2574,132.6888,95.4,0,3
LLY261009P01060000,LLY,2026-10-09,15,P,1060.0,-10.9,1189.625,1.15,2.0,1.575,1.75,54.0,0.3478,-0.0511,0.0012,-0.2917,0.2583,1.5946,5.2,21,28
LLY261009C01065000,LLY,2026-10-09,15,C,1065.0,-10.48,1189.625,121.3,135.5,128.4,81.3,11.1,0.3285,0.9438,0.0013,-0.2645,0.2794,127.7892,95.1,0,4
LLY261009P01065000,LLY,2026-10-09,15,P,1065.0,-10.48,1189.625,1.21,2.99,2.1,3.4,84.8,0.3573,-0.0568,0.0013,-0.3156,0.2816,2.1246,6.5,0,42
LLY261009C01070000,LLY,2026-10-09,15,C,1070.0,-10.06,1189.625,116.65,130.8,123.725,89.55,11.4,0.3307,0.9375,0.0014,-0.292,0.303,123.1161,94.2,0,2
LLY261009P01070000,LLY,2026-10-09,15,P,1070.0,-10.06,1189.625,1.46,3.85,2.655,5.8,90.0,0.3641,-0.0632,0.0014,-0.3414,0.305,2.6798,7.8,0,68
LLY261009C01075000,LLY,2026-10-09,15,C,1075.0,-9.64,1189.625,112.0,126.2,119.1,85.1,11.9,0.3328,0.9305,0.0016,-0.3212,0.3288,118.4942,93.2,0,2
LLY261009P01075000,LLY,2026-10-09,15,P,1075.0,-9.64,1189.625,2.05,3.55,2.8,2.81,53.6,0.3562,-0.0702,0.0016,-0.3691,0.3301,2.8241,8.2,34,54
LLY261009C01080000,LLY,2026-10-09,15,C,1080.0,-9.22,1189.625,107.25,121.45,114.35,81.65,12.4,0.329,0.9228,0.0017,-0.3524,0.356,113.7453,92.5,0,2
LLY261009P01080000,LLY,2026-10-09,15,P,1080.0,-9.22,1189.625,2.25,3.9,3.075,3.83,53.7,0.3518,-0.078,0.0017,-0.3985,0.3579,3.1024,9.0,1,61
LLY261009C01085000,LLY,2026-10-09,15,C,1085.0,-8.79,1189.625,102.9,114.65,108.775,75.23,10.8,0.2969,0.9142,0.0019,-0.3853,0.3844,108.1634,93.7,0,3
LLY261009P01085000,LLY,2026-10-09,15,P,1085.0,-8.79,1189.625,2.27,4.5,3.385,3.19,65.9,0.3475,-0.0866,0.0019,-0.4299,0.3872,3.4122,9.8,24,37
LLY261009C01090000,LLY,2026-10-09,15,C,1090.0,-8.37,1189.625,99.4,109.75,104.575,87.2,9.9,0.3112,0.9048,0.002,-0.42,0.415,103.9753,91.6,2,14
LLY261009P01090000,LLY,2026-10-09,15,P,1090.0,-8.37,1189.625,3.2,5.1,4.15,4.14,45.8,0.3535,-0.0961,0.002,-0.463,0.4167,4.18,11.4,5,40
LLY261009C01095000,LLY,2026-10-09,15,C,1095.0,-7.95,1189.625,93.15,108.7,100.925,81.2,15.4,0.3339,0.8946,0.0022,-0.4562,0.4469,100.3369,88.8,0,6
LLY261009P01095000,LLY,2026-10-09,15,P,1095.0,-7.95,1189.625,3.7,5.6,4.65,4.52,40.9,0.3516,-0.1063,0.0022,-0.4971,0.4482,4.6916,12.5,2,301
LLY261009C01100000,LLY,2026-10-09,15,C,1100.0,-7.53,1189.625,91.9,100.9,96.4,96.35,9.3,0.3312,0.8833,0.0024,-0.4939,0.4795,95.8147,87.6,9,16
LLY261009P01100000,LLY,2026-10-09,15,P,1100.0,-7.53,1189.625,4.1,6.2,5.15,5.85,40.8,0.3483,-0.1177,0.0024,-0.5334,0.4826,5.1879,13.6,19,151
LLY261009C01105000,LLY,2026-10-09,15,C,1105.0,-7.11,1189.625,84.35,98.8,91.575,56.65,15.8,0.3212,0.8711,0.0026,-0.5328,0.5137,90.9919,87.0,0,8
LLY261009P01105000,LLY,2026-10-09,15,P,1105.0,-7.11,1189.625,4.4,7.0,5.7,10.95,45.6,0.3452,-0.13,0.0026,-0.5708,0.5154,5.7425,14.8,0,24
LLY261009C01110000,LLY,2026-10-09,15,C,1110.0,-6.69,1189.625,80.0,95.5,87.75,69.65,17.7,0.3306,0.8579,0.0027,-0.5726,0.5489,87.1773,84.7,0,9
LLY261009P01110000,LLY,2026-10-09,15,P,1110.0,-6.69,1189.625,5.1,7.25,6.175,6.17,34.8,0.3397,-0.1433,0.0028,-0.609,0.5506,6.2189,16.0,29,46
LLY261009C01115000,LLY,2026-10-09,15,C,1115.0,-6.27,1189.625,77.25,88.9,83.075,88.0,14.0,0.3219,0.8437,0.0029,-0.6131,0.5839,82.4998,83.8,2,4
LLY261009P01115000,LLY,2026-10-09,15,P,1115.0,-6.27,1189.625,5.9,8.05,6.975,6.95,30.8,0.3391,-0.1577,0.003,-0.648,0.5873,7.0219,17.6,2,57
LLY261009C01120000,LLY,2026-10-09,15,C,1120.0,-5.85,1189.625,73.45,87.2,80.325,81.8,17.1,0.3449,0.8284,0.0031,-0.6539,0.6198,79.769,80.3,2,16
LLY261009P01120000,LLY,2026-10-09,15,P,1120.0,-5.85,1189.625,6.15,8.6,7.375,7.85,33.2,0.3306,-0.173,0.0032,-0.6873,0.6217,7.4193,18.6,3,70
LLY261009C01125000,LLY,2026-10-09,15,C,1125.0,-5.43,1189.625,69.9,80.4,75.15,77.6,14.0,0.3263,0.8121,0.0033,-0.6946,0.6558,74.5917,79.8,2,21
LLY261009P01125000,LLY,2026-10-09,15,P,1125.0,-5.43,1189.625,7.4,9.9,8.65,9.6,28.9,0.3353,-0.1894,0.0034,-0.7265,0.6577,8.7011,20.8,6,48
LLY261009C01130000,LLY,2026-10-09,15,C,1130.0,-5.01,1189.625,65.55,77.9,71.725,41.76,17.2,0.334,0.7948,0.0035,-0.7348,0.6907,71.1804,77.3,0,8
LLY261009P01130000,LLY,2026-10-09,15,P,1130.0,-5.01,1189.625,7.8,10.6,9.2,9.54,30.4,0.3274,-0.2069,0.0036,-0.7653,0.6941,9.2476,22.2,21,112
LLY261009C01135000,LLY,2026-10-09,15,C,1135.0,-4.59,1189.625,63.15,70.95,67.05,69.35,11.6,0.322,0.7766,0.0037,-0.7741,0.7254,66.5083,76.2,12,25
LLY261009P01135000,LLY,2026-10-09,15,P,1135.0,-4.59,1189.625,9.2,11.75,10.475,11.01,24.3,0.3291,-0.2254,0.0038,-0.8032,0.7273,10.5268,24.3,7,67
LLY261009C01137500,LLY,2026-10-09,15,C,1137.5,-4.38,1189.625,60.2,69.25,64.725,67.45,14.0,0.316,0.767,0.0038,-0.7933,0.7425,64.1841,75.6,4,0
LLY261009P01137500,LLY,2026-10-09,15,P,1137.5,-4.38,1189.625,10.15,12.55,11.35,0.0,21.1,0.3326,-0.235,0.0038,-0.8216,0.7444,11.4057,25.6,0,0
LLY261009C01140000,LLY,2026-10-09,15,C,1140.0,-4.17,1189.625,58.7,67.4,63.05,61.0,13.8,0.3188,0.7573,0.0039,-0.8121,0.7591,62.519,74.3,2,20
LLY261009P01140000,LLY,2026-10-09,15,P,1140.0,-4.17,1189.625,10.2,14.35,12.275,11.8,33.8,0.3362,-0.2448,0.0039,-0.8397,0.7618,12.3319,26.9,10,118
LLY261009C01142500,LLY,2026-10-09,15,C,1142.5,-3.96,1189.625,56.9,66.35,61.625,63.15,15.3,0.3243,0.7473,0.004,-0.8305,0.7751,61.0989,72.8,2,0
LLY261009P01142500,LLY,2026-10-09,15,P,1142.5,-3.96,1189.625,11.2,13.95,12.575,12.9,21.9,0.3309,-0.2552,0.004,-0.8579,0.7796,12.6059,27.6,1,0
LLY261009C01145000,LLY,2026-10-09,15,C,1145.0,-3.75,1189.625,55.95,63.4,59.675,61.45,12.5,0.3225,0.7371,0.0041,-0.8483,0.7907,59.1546,71.8,9,41
LLY261009P01145000,LLY,2026-10-09,15,P,1145.0,-3.75,1189.625,10.85,14.9,12.875,12.85,31.5,0.3258,-0.2655,0.0041,-0.875,0.7942,12.9077,28.4,44,26
LLY261009C01147500,LLY,2026-10-09,15,C,1147.5,-3.54,1189.625,50.0,64.7,57.35,0.0,25.6,0.3156,0.7267,0.0042,-0.8657,0.8061,56.827,71.1,0,0
LLY261009P01147500,LLY,2026-10-09,15,P,1147.5,-3.54,1189.625,12.6,15.5,14.05,14.0,20.6,0.3317,-0.2757,0.0042,-0.8911,0.8083,14.1053,29.9,11,0
LLY261009C01150000,LLY,2026-10-09,15,C,1150.0,-3.33,1189.625,52.85,61.35,57.1,58.5,14.9,0.3343,0.7161,0.0042,-0.8824,0.8211,56.5936,68.8,14,52
LLY261009P01150000,LLY,2026-10-09,15,P,1150.0,-3.33,1189.625,13.8,15.0,14.4,14.92,8.3,0.3267,-0.2864,0.0043,-0.9072,0.8227,14.456,30.7,22,40
LLY261009C01152500,LLY,2026-10-09,15,C,1152.5,-3.12,1189.625,50.35,59.8,55.075,0.0,17.2,0.3305,0.7053,0.0043,-0.8985,0.8356,54.5727,67.9,0,0
LLY261009P01152500,LLY,2026-10-09,15,P,1152.5,-3.12,1189.625,14.0,17.4,15.7,15.8,21.7,0.3329,-0.2974,0.0044,-0.9226,0.8376,15.7554,32.3,12,0
LLY261009C01155000,LLY,2026-10-09,15,C,1155.0,-2.91,1189.625,49.0,55.95,52.475,52.0,13.2,0.3196,0.6942,0.0044,-0.9139,0.8492,51.9705,67.3,30,37
LLY261009P01155000,LLY,2026-10-09,15,P,1155.0,-2.91,1189.625,13.25,18.1,15.675,28.95,30.9,0.323,-0.3085,0.0044,-0.9373,0.8534,15.7355,32.9,0,32
LLY261009C01157500,LLY,2026-10-09,15,C,1157.5,-2.7,1189.625,45.45,56.1,50.775,50.1,21.0,0.3193,0.683,0.0045,-0.9285,0.8622,50.2796,66.1,6,0
LLY261009P01157500,LLY,2026-10-09,15,P,1157.5,-2.7,1189.625,14.75,18.9,16.825,0.0,24.7,0.3266,-0.3199,0.0045,-0.9511,0.8652,16.8805,34.3,0,0
LLY261009C01160000,LLY,2026-10-09,15,C,1160.0,-2.49,1189.625,44.8,52.7,48.75,53.8,16.2,0.3149,0.6716,0.0046,-0.9424,0.8746,48.2618,65.1,40,32
LLY261009P01160000,LLY,2026-10-09,15,P,1160.0,-2.49,1189.625,13.4,20.7,17.05,23.13,42.8,0.3192,-0.3314,0.0046,-0.9642,0.8768,17.1054,35.1,0,9
LLY261009C01162500,LLY,2026-10-09,15,C,1162.5,-2.28,1189.625,41.8,53.4,47.6,46.75,24.4,0.3202,0.6601,0.0046,-0.9554,0.8864,47.1195,63.6,6,0
LLY261009P01162500,LLY,2026-10-09,15,P,1162.5,-2.28,1189.625,16.7,20.7,18.7,0.0,21.4,0.3278,-0.3431,0.0047,-0.9766,0.888,18.7576,36.7,0,0
LLY261009C01165000,LLY,2026-10-09,15,C,1165.0,-2.07,1189.625,43.05,52.25,47.65,45.2,19.3,0.3384,0.6484,0.0047,-0.9676,0.8976,47.1816,61.6,23,27
LLY261009P01165000,LLY,2026-10-09,15,P,1165.0,-2.07,1189.625,16.25,21.3,18.775,19.86,26.9,0.3182,-0.3549,0.0047,-0.9881,0.8987,18.8298,37.5,9,9
LLY261009C01170000,LLY,2026-10-09,15,C,1170.0,-1.65,1189.625,41.95,46.1,44.025,42.0,9.4,0.3318,0.6245,0.0048,-0.9891,0.9173,43.5609,59.4,26,35
LLY261009P01170000,LLY,2026-10-09,15,P,1170.0,-1.65,1189.625,19.5,23.5,21.5,21.0,18.6,0.3268,-0.379,0.0049,-1.0082,0.9197,21.5553,40.4,6,12
LLY261009C01175000,LLY,2026-10-09,15,C,1175.0,-1.23,1189.625,38.35,44.85,41.6,40.25,15.6,0.3371,0.6001,0.0049,-1.0067,0.9337,41.1523,56.8,7,42
LLY261009P01175000,LLY,2026-10-09,15,P,1175.0,-1.23,1189.625,21.35,25.55,23.45,22.95,17.9,0.3253,-0.4037,0.005,-1.0243,0.9347,23.4949,42.9,25,38
LLY261009C01180000,LLY,2026-10-09,15,C,1180.0,-0.81,1189.625,35.05,39.95,37.5,39.37,13.1,0.3233,0.5753,0.005,-1.0202,0.9469,37.0724,54.6,3,57
LLY261009P01180000,LLY,2026-10-09,15,P,1180.0,-0.81,1189.625,22.65,31.1,26.875,25.27,31.4,0.3383,-0.4287,0.005,-1.0366,0.9473,26.9294,45.7,1,25
LLY261009C01185000,LLY,2026-10-09,15,C,1185.0,-0.39,1189.625,33.45,37.1,35.275,33.0,10.3,0.328,0.5503,0.005,-1.0294,0.9563,34.8586,52.0,12,22
LLY261009P01185000,LLY,2026-10-09,15,P,1185.0,-0.39,1189.625,25.45,30.4,27.925,28.5,17.7,0.3247,-0.4542,0.0051,-1.0442,0.9562,27.9719,48.0,14,19
LLY261009C01190000,LLY,2026-10-09,15,C,1190.0,0.03,1189.625,30.3,34.25,32.275,31.31,12.2,0.3233,0.5249,0.0051,-1.0342,0.9619,31.8746,49.5,49,26
LLY261009P01190000,LLY,2026-10-09,15,P,1190.0,0.03,1189.625,24.75,32.65,28.7,30.25,27.5,0.3071,-0.4798,0.0052,-1.0475,0.9612,28.7386,50.4,7,15
LLY261009C01195000,LLY,2026-10-09,15,C,1195.0,0.45,1189.625,28.35,31.5,29.925,29.86,10.5,0.3241,0.4995,0.0051,-1.0345,0.9638,29.5442,47.0,19,57
LLY261009P01195000,LLY,2026-10-09,15,P,1195.0,0.45,1189.625,30.5,35.45,32.975,32.85,15.0,0.3247,-0.5056,0.0052,-1.0468,0.9622,33.0142,53.0,16,38
LLY261009C01200000,LLY,2026-10-09,15,C,1200.0,0.87,1189.625,25.6,29.0,27.3,28.0,12.5,0.3206,0.474,0.0051,-1.0304,0.9618,26.9277,44.4,65,96
LLY261009P01200000,LLY,2026-10-09,15,P,1200.0,0.87,1189.625,28.8,38.25,33.525,35.25,28.2,0.302,-0.5314,0.0052,-1.041,0.959,33.5479,55.8,2,13
LLY261009C01205000,LLY,2026-10-09,15,C,1205.0,1.29,1189.625,23.3,27.75,25.525,25.01,17.4,0.3248,0.4486,0.0051,-1.0219,0.956,25.1744,42.0,3,43
LLY261009P01205000,LLY,2026-10-09,15,P,1205.0,1.29,1189.625,34.6,41.8,38.2,51.64,18.8,0.3211,-0.5572,0.0052,-1.0313,0.9526,38.2176,58.1,0,25
LLY261009C01210000,LLY,2026-10-09,15,C,1210.0,1.71,1189.625,21.3,24.5,22.9,21.6,14.0,0.3188,0.4234,0.0051,-1.0092,0.9462,22.5755,39.4,16,32
LLY261009P01210000,LLY,2026-10-09,15,P,1210.0,1.71,1189.625,36.05,44.15,40.1,56.79,20.2,0.3098,-0.5828,0.0051,-1.0176,0.9414,40.1159,60.9,1,18
LLY261009C01215000,LLY,2026-10-09,15,C,1215.0,2.13,1189.625,19.15,22.55,20.85,23.2,16.3,0.3174,0.3986,0.005,-0.9926,0.9332,20.5412,36.9,9,318
LLY261009P01215000,LLY,2026-10-09,15,P,1215.0,2.13,1189.625,41.3,47.85,44.575,60.32,14.7,0.3244,-0.608,0.0051,-0.9992,0.9264,44.5706,62.9,2,36
LLY261009C01220000,LLY,2026-10-09,15,C,1220.0,2.55,1189.625,17.75,20.5,19.125,21.1,14.4,0.3182,0.3741,0.0049,-0.9722,0.9164,18.832,34.5,41,126
LLY261009P01220000,LLY,2026-10-09,15,P,1220.0,2.55,1189.625,43.5,52.7,48.1,62.02,19.1,0.3279,-0.6329,0.005,-0.9777,0.9097,48.0878,65.1,0,8
LLY261009C01225000,LLY,2026-10-09,15,C,1225.0,2.97,1189.625,16.4,18.75,17.575,17.9,13.4,0.3197,0.3502,0.0048,-0.9483,0.8962,17.2989,32.3,18,50
LLY261009P01225000,LLY,2026-10-09,15,P,1225.0,2.97,1189.625,45.9,58.55,52.225,87.11,24.2,0.3369,-0.6572,0.0049,-0.9527,0.8858,52.2,67.0,0,3
LLY261009C01230000,LLY,2026-10-09,15,C,1230.0,3.39,1189.625,14.85,16.6,15.725,15.05,11.1,0.3165,0.327,0.0047,-0.9215,0.8735,15.4651,29.9,30,117
LLY261009P01230000,LLY,2026-10-09,15,P,1230.0,3.39,1189.625,46.7,61.65,54.175,74.92,27.6,0.32,-0.6809,0.0048,-0.9244,0.8615,54.1228,69.9,0,1
LLY261009C01235000,LLY,2026-10-09,15,C,1235.0,3.81,1189.625,12.95,15.55,14.25,15.32,18.2,0.3163,0.3044,0.0046,-0.8919,0.8477,14.009,27.8,15,13
LLY261009P01235000,LLY,2026-10-09,15,P,1235.0,3.81,1189.625,50.8,61.4,56.1,57.14,18.9,0.3002,-0.7039,0.0046,-0.8938,0.8364,56.0179,73.2,1,13
LLY261009C01240000,LLY,2026-10-09,15,C,1240.0,4.23,1189.625,12.05,13.95,13.0,14.14,14.6,0.3175,0.2827,0.0044,-0.8601,0.8196,12.7728,25.8,27,9
LLY261009P01240000,LLY,2026-10-09,15,P,1240.0,4.23,1189.625,57.45,68.4,62.925,78.8,17.4,0.3387,-0.7261,0.0045,-0.8607,0.8011,62.849,73.1,1,3
LLY261009C01245000,LLY,2026-10-09,15,C,1245.0,4.65,1189.625,10.7,12.8,11.75,10.3,17.9,0.3176,0.2619,0.0042,-0.8265,0.79,11.5448,23.8,6,68
LLY261009P01245000,LLY,2026-10-09,15,P,1245.0,4.65,1189.625,59.3,70.25,64.775,82.67,16.9,0.3147,-0.7473,0.0044,-0.8258,0.772,64.6494,76.4,2,19
LLY261009C01250000,LLY,2026-10-09,15,C,1250.0,5.08,1189.625,9.6,11.4,10.5,10.52,17.1,0.3163,0.2421,0.0041,-0.7915,0.7582,10.308,21.8,7,92
LLY261009P01250000,LLY,2026-10-09,15,P,1250.0,5.08,1189.625,63.75,74.0,68.875,92.39,14.9,0.3176,-0.7677,0.0042,-0.7895,0.74,68.7269,78.1,0,34
LLY261009C01255000,LLY,2026-10-09,15,C,1255.0,5.5,1189.625,8.85,10.2,9.525,9.15,14.2,0.3175,0.2233,0.0039,-0.7556,0.7253,9.3497,20.1,6,34
LLY261009P01255000,LLY,2026-10-09,15,P,1255.0,5.5,1189.625,69.1,78.55,73.825,91.58,12.8,0.3314,-0.787,0.004,-0.7521,0.6991,73.6685,79.0,0,12
LLY261009C01260000,LLY,2026-10-09,15,C,1260.0,5.92,1189.625,7.75,9.2,8.475,10.0,17.1,0.3164,0.2055,0.0037,-0.7191,0.6922,8.314,18.3,43,77
LLY261009P01260000,LLY,2026-10-09,15,P,1260.0,5.92,1189.625,70.05,85.45,77.75,97.73,19.8,0.33,-0.8052,0.0038,-0.7141,0.6663,77.5547,80.7,0,4
LLY261009C01265000,LLY,2026-10-09,15,C,1265.0,6.34,1189.625,7.3,8.3,7.8,4.35,12.8,0.3197,0.1888,0.0035,-0.6825,0.6579,7.6514,17.0,3,18
LLY261009P01265000,LLY,2026-10-09,15,P,1265.0,6.34,1189.625,74.05,89.75,81.9,98.38,19.2,0.3307,-0.8224,0.0036,-0.6756,0.6312,81.6709,82.3,0,7
LLY261009C01270000,LLY,2026-10-09,15,C,1270.0,6.76,1189.625,5.8,9.5,7.65,7.99,48.4,0.3304,0.1731,0.0033,-0.646,0.6236,7.5068,16.2,1,21
LLY261009P01270000,LLY,2026-10-09,15,P,1270.0,6.76,1189.625,77.25,90.25,83.75,129.18,15.5,0.2895,-0.8385,0.0034,-0.6372,0.5895,83.372,86.8,0,2
LLY261009C01275000,LLY,2026-10-09,15,C,1275.0,7.18,1189.625,5.15,6.6,5.875,5.45,24.7,0.3136,0.1585,0.0031,-0.61,0.5901,5.7556,13.7,8,36
LLY261009P01275000,LLY,2026-10-09,15,P,1275.0,7.18,1189.625,84.45,93.45,88.95,0.0,10.1,0.3053,-0.8535,0.0032,-0.5991,0.5552,88.575,87.0,0,0
LLY261009C01280000,LLY,2026-10-09,15,C,1280.0,7.6,1189.625,4.1,8.7,6.4,4.7,71.9,0.3349,0.145,0.003,-0.5748,0.5565,6.28,13.8,0,38
LLY261009P01280000,LLY,2026-10-09,15,P,1280.0,7.6,1189.625,85.6,99.25,92.425,0.0,14.8,0.284,-0.8675,0.003,-0.561,0.521,91.9134,89.8,0,0
LLY261009C01285000,LLY,2026-10-09,15,C,1285.0,8.02,1189.625,3.6,5.8,4.7,4.8,46.8,0.3152,0.1324,0.0028,-0.5405,0.5236,4.6004,11.3,13,28
LLY261009P01285000,LLY,2026-10-09,15,P,1285.0,8.02,1189.625,92.45,101.45,96.95,115.35,9.3,0.2828,-0.8803,0.0028,-0.5239,0.4817,96.3762,91.1,0,8
LLY261009C01290000,LLY,2026-10-09,15,C,1290.0,8.44,1189.625,0.16,5.55,2.855,4.0,188.8,0.2853,0.1209,0.0026,-0.5075,0.4923,2.7894,8.1,3,38
LLY261009P01290000,LLY,2026-10-09,15,P,1290.0,8.44,1189.625,98.75,107.55,103.15,126.0,8.5,0.3229,-0.8922,0.0027,-0.4878,0.4487,102.6861,89.3,0,5
LLY261009C01295000,LLY,2026-10-09,15,C,1295.0,8.86,1189.625,0.2,8.6,4.4,5.54,190.9,0.3314,0.1102,0.0024,-0.4757,0.4616,4.3121,10.2,1,18
LLY261009P01295000,LLY,2026-10-09,15,P,1295.0,8.86,1189.625,99.4,115.0,107.2,0.0,14.6,0.3105,-0.9031,0.0025,-0.4522,0.4167,106.636,91.2,0,0
LLY261009C01300000,LLY,2026-10-09,15,C,1300.0,9.28,1189.625,2.73,5.7,4.215,3.5,70.5,0.3383,0.1005,0.0022,-0.4454,0.4319,4.1341,9.6,25,56
LLY261009P01300000,LLY,2026-10-09,15,P,1300.0,9.28,1189.625,107.5,115.35,111.425,0.0,7.0,0.2976,-0.913,0.0023,-0.4178,0.3838,110.7352,93.0,0,0
LLY261009C01305000,LLY,2026-10-09,15,C,1305.0,9.7,1189.625,0.2,4.45,2.325,3.8,182.8,0.3009,0.0916,0.0021,-0.4166,0.4041,2.2733,6.4,1,123
LLY261009P01305000,LLY,2026-10-09,15,P,1305.0,9.7,1189.625,108.5,122.2,115.35,0.0,11.9,0.0,-0.9224,0.0022,-0.3848,0.3518,,,0,0
LLY261009C01310000,LLY,2026-10-09,15,C,1310.0,10.12,1189.625,0.7,3.75,2.225,3.01,137.1,0.3075,0.0835,0.0019,-0.3894,0.3777,2.1766,6.0,1,25
LLY261009P01310000,LLY,2026-10-09,15,P,1310.0,10.12,1189.625,113.15,127.0,120.075,143.05,11.5,0.0,-0.931,0.0021,-0.3527,0.3239,,,0,6
LLY261009C01315000,LLY,2026-10-09,15,C,1315.0,10.54,1189.625,0.1,4.45,2.275,1.5,191.2,0.3188,0.076,0.0018,-0.3633,0.3518,2.2347,6.0,0,199
LLY261009P01315000,LLY,2026-10-09,15,P,1315.0,10.54,1189.625,118.7,132.55,125.625,147.5,11.0,0.2894,-0.9387,0.002,-0.3221,0.2986,124.6226,95.6,0,2
LLY261009C01320000,LLY,2026-10-09,15,C,1320.0,10.96,1189.625,0.01,8.2,4.105,2.15,199.5,0.3779,0.0692,0.0017,-0.3392,0.328,4.0411,8.5,0,74
LLY261009P01320000,LLY,2026-10-09,15,P,1320.0,10.96,1189.625,122.95,134.65,128.8,177.9,9.1,0.0,-0.946,0.0019,-0.2975,0.2666,,,0,3
LLY261009C01325000,LLY,2026-10-09,15,C,1325.0,11.38,1189.625,0.01,7.9,3.955,2.05,199.5,0.3844,0.0632,0.0015,-0.3167,0.306,3.8937,8.1,0,85
LLY261009P01325000,LLY,2026-10-09,15,P,1325.0,11.38,1189.625,127.8,141.55,134.675,0.0,10.2,0.0,-0.9533,0.0018,-0.2798,0.2337,,,0,0
LLY261009C01330000,LLY,2026-10-09,15,C,1330.0,11.8,1189.625,0.01,7.7,3.855,1.89,199.5,0.3919,0.0576,0.0014,-0.2957,0.2853,3.7961,7.7,0,2
LLY261009P01330000,LLY,2026-10-09,15,P,1330.0,11.8,1189.625,132.65,144.75,138.7,0.0,8.7,0.0,-0.9597,0.0017,-0.2623,0.2145,,,0,0
LLY261009C01335000,LLY,2026-10-09,15,C,1335.0,12.22,1189.625,0.76,2.78,1.77,1.36,114.1,0.3379,0.0526,0.0013,-0.2761,0.2656,1.7407,4.5,0,11
LLY261009P01335000,LLY,2026-10-09,15,P,1335.0,12.22,1189.625,137.5,149.75,143.625,0.0,8.5,0.0,-0.9654,0.0017,-0.245,0.1967,,,0,0
LLY261009C01340000,LLY,2026-10-09,15,C,1340.0,12.64,1189.625,0.01,2.22,1.115,1.4,198.2,0.3178,0.0481,0.0012,-0.258,0.2475,1.0968,3.2,1,83
LLY261009P01340000,LLY,2026-10-09,15,P,1340.0,12.64,1189.625,142.4,154.65,148.525,170.15,8.2,0.0,-0.9706,0.0016,-0.2373,0.1691,,,0,0
LLY261009C01345000,LLY,2026-10-09,15,C,1345.0,13.06,1189.625,0.62,1.61,1.115,1.23,88.8,0.326,0.044,0.0011,-0.2411,0.2309,1.0975,3.1,2,2
LLY261009P01345000,LLY,2026-10-09,15,P,1345.0,13.06,1189.625,148.95,162.85,155.9,0.0,8.9,0.3584,-0.9756,0.0014,-0.2482,0.125,154.9844,95.6,0,0
LLY261009C01360000,LLY,2026-10-09,15,C,1360.0,14.32,1189.625,0.62,1.35,0.985,1.15,74.1,0.3428,0.034,0.0009,-0.1976,0.1873,0.9698,2.6,6,12
LLY261009P01360000,LLY,2026-10-09,15,P,1360.0,14.32,1189.625,163.8,177.7,170.75,0.0,8.1,0.3755,-0.9872,0.001,-0.2661,0.0902,169.7572,96.2,0,0
LLY261009C01380000,LLY,2026-10-09,15,C,1380.0,16.0,1189.625,0.45,1.05,0.75,0.88,80.0,0.358,0.0245,0.0007,-0.1533,0.1431,0.7416,2.0,28,4
LLY261009P01380000,LLY,2026-10-09,15,P,1380.0,16.0,1189.625,183.9,196.6,190.25,0.0,6.7,0.0,-0.9953,0.0005,-0.3422,0.0233,,,0,0
LLY261009C01400000,LLY,2026-10-09,15,C,1400.0,17.68,1189.625,0.28,0.95,0.615,0.91,108.9,0.3758,0.018,0.0005,-0.1207,0.1108,0.6078,1.6,6,15
LLY261009P01400000,LLY,2026-10-09,15,P,1400.0,17.68,1189.625,203.65,216.6,210.125,0.0,6.2,0.0,-0.9987,0.0002,-0.3975,0.0037,,,0,0
LLY261009C01420000,LLY,2026-10-09,15,C,1420.0,19.37,1189.625,0.0,1.5,0.78,0.78,,0.4156,0.0135,0.0004,-0.0961,0.0864,0.744,1.7,0,15
LLY261009P01420000,LLY,2026-10-09,15,P,1420.0,19.37,1189.625,225.5,234.4,229.95,0.0,3.9,0.0,-0.9998,0.0,-0.4379,0.0,,,0,0
LLY261009C01440000,LLY,2026-10-09,15,C,1440.0,21.05,1189.625,0.0,10.25,,0.0,,0.6298,0.0103,0.0003,-0.0774,0.0683,5.0767,6.1,0,0
LLY261009P01440000,LLY,2026-10-09,15,P,1440.0,21.05,1189.625,244.85,258.7,251.775,0.0,5.5,0.5596,-1.0,0.0,-0.4586,0.0,250.9296,95.8,0,0
LLY261009C01460000,LLY,2026-10-09,15,C,1460.0,22.73,1189.625,0.0,1.17,0.25,0.25,,0.4543,0.0079,0.0002,-0.0628,0.0544,0.5823,1.2,2,3
LLY261009P01460000,LLY,2026-10-09,15,P,1460.0,22.73,1189.625,262.2,277.65,269.925,0.0,5.7,0.0,-1.0,0.0,-0.4711,0.0,,,0,0
LLY261009C01480000,LLY,2026-10-09,15,C,1480.0,24.41,1189.625,0.0,1.27,0.93,0.93,,0.4855,0.0062,0.0002,-0.0513,0.0436,0.6328,1.2,0,3
LLY261009P01480000,LLY,2026-10-09,15,P,1480.0,24.41,1189.625,282.2,296.6,289.4,0.0,5.0,0.0,-1.0,0.0,-0.4773,0.0,,,0,0
LLY261016C00900000,LLY,2026-10-16,22,C,900.0,-24.35,1189.625,284.05,298.4,291.225,258.2,4.9,0.0,0.9965,0.0001,0.0,0.032,,,0,135
LLY261016P00900000,LLY,2026-10-16,22,P,900.0,-24.35,1189.625,0.01,0.4,0.205,0.21,190.2,0.4535,-0.0035,0.0001,-0.0272,0.0322,0.2114,0.7,3,921
LLY261016C00910000,LLY,2026-10-16,22,C,910.0,-23.51,1189.625,275.15,290.7,282.925,240.1,5.5,0.5012,0.9958,0.0001,0.0,0.0379,282.4453,98.4,0,30
LLY261016P00910000,LLY,2026-10-16,22,P,910.0,-23.51,1189.625,0.0,0.48,0.2,0.2,,0.4452,-0.0043,0.0001,-0.0319,0.038,0.2467,0.8,2,119
LLY261016C00920000,LLY,2026-10-16,22,C,920.0,-22.66,1189.625,265.2,278.25,271.725,227.3,4.8,0.0,0.9949,0.0001,0.0,0.045,,,0,47
LLY261016P00920000,LLY,2026-10-16,22,P,920.0,-22.66,1189.625,0.0,1.34,0.28,0.28,,0.4892,-0.0052,0.0001,-0.0375,0.0452,0.6856,1.8,0,66
LLY261016C00930000,LLY,2026-10-16,22,C,930.0,-21.82,1189.625,255.25,268.2,261.725,217.26,4.9,0.0,0.9938,0.0001,0.0,0.0533,,,0,42
LLY261016P00930000,LLY,2026-10-16,22,P,930.0,-21.82,1189.625,0.0,1.02,0.4,0.4,,0.4539,-0.0062,0.0001,-0.0441,0.0536,0.5229,1.5,0,68
LLY261016C00940000,LLY,2026-10-16,22,C,940.0,-20.98,1189.625,245.35,259.55,252.45,237.0,5.6,0.3372,0.9925,0.0002,0.0,0.0631,251.9403,99.8,1,89
LLY261016P00940000,LLY,2026-10-16,22,P,940.0,-20.98,1189.625,0.0,1.54,0.51,0.51,,0.4626,-0.0076,0.0002,-0.0517,0.0633,0.7858,2.1,0,307
LLY261016C00950000,LLY,2026-10-16,22,C,950.0,-20.14,1189.625,235.4,248.55,241.975,183.33,5.4,0.0,0.9909,0.0002,0.0,0.0748,,,0,29
LLY261016P00950000,LLY,2026-10-16,22,P,950.0,-20.14,1189.625,0.11,0.49,0.3,0.3,126.7,0.3914,-0.0092,0.0002,-0.0606,0.0754,0.3072,1.0,37,207
LLY261016C00960000,LLY,2026-10-16,22,C,960.0,-19.3,1189.625,225.5,238.65,232.075,194.69,5.7,0.0,0.9889,0.0002,0.0,0.0882,,,0,41
LLY261016P00960000,LLY,2026-10-16,22,P,960.0,-19.3,1189.625,0.13,0.71,0.42,0.43,138.1,0.3922,-0.0112,0.0002,-0.071,0.0885,0.4319,1.4,14,354
LLY261016C00970000,LLY,2026-10-16,22,C,970.0,-18.46,1189.625,215.65,231.2,223.425,165.2,7.0,0.4218,0.9866,0.0003,-0.0053,0.1043,222.918,97.4,0,26
LLY261016P00970000,LLY,2026-10-16,22,P,970.0,-18.46,1189.625,0.3,0.78,0.54,0.54,88.9,0.3887,-0.0135,0.0003,-0.0832,0.1048,0.5535,1.7,19,107
LLY261016C00980000,LLY,2026-10-16,22,C,980.0,-17.62,1189.625,206.0,221.35,213.675,155.61,7.2,0.4178,0.9837,0.0004,-0.0228,0.123,213.1649,96.9,0,33
LLY261016P00980000,LLY,2026-10-16,22,P,980.0,-17.62,1189.625,0.23,0.66,0.445,0.64,96.6,0.362,-0.0164,0.0004,-0.0973,0.1235,0.4572,1.5,1,173
LLY261016C00990000,LLY,2026-10-16,22,C,990.0,-16.78,1189.625,196.9,209.3,203.1,187.05,6.1,0.3563,0.9802,0.0004,-0.0425,0.1448,202.5768,98.1,0,18
LLY261016P00990000,LLY,2026-10-16,22,P,990.0,-16.78,1189.625,0.42,1.02,0.72,0.77,83.3,0.3702,-0.0199,0.0004,-0.1136,0.1452,0.735,2.3,7,500
LLY261016C01000000,LLY,2026-10-16,22,C,1000.0,-15.94,1189.625,187.5,199.1,193.3,175.55,6.0,0.3534,0.9759,0.0005,-0.0649,0.1704,192.7746,97.6,0,109
LLY261016P01000000,LLY,2026-10-16,22,P,1000.0,-15.94,1189.625,0.92,1.29,1.105,0.99,33.5,0.3779,-0.0242,0.0005,-0.1327,0.1716,1.1235,3.2,20,1097
LLY261016C01010000,LLY,2026-10-16,22,C,1010.0,-15.1,1189.625,176.4,188.6,182.5,140.0,6.7,0.0,0.9708,0.0006,-0.0902,0.1999,,,0,48
LLY261016P01010000,LLY,2026-10-16,22,P,1010.0,-15.1,1189.625,0.84,1.48,1.16,1.09,55.2,0.3627,-0.0295,0.0006,-0.1549,0.2008,1.1778,3.4,16,607
LLY261016C01020000,LLY,2026-10-16,22,C,1020.0,-14.26,1189.625,166.0,179.2,172.6,135.87,7.6,0.0,0.9645,0.0007,-0.1189,0.2345,,,0,45
LLY261016P01020000,LLY,2026-10-16,22,P,1020.0,-14.26,1189.625,1.36,2.01,1.685,1.49,38.6,0.3686,-0.0358,0.0007,-0.1803,0.2365,1.7048,4.6,24,311
LLY261016C01030000,LLY,2026-10-16,22,C,1030.0,-13.42,1189.625,156.8,169.8,163.3,125.83,8.0,0.296,0.9569,0.0009,-0.1514,0.2737,162.7588,97.6,0,54
LLY261016P01030000,LLY,2026-10-16,22,P,1030.0,-13.42,1189.625,1.48,2.21,1.845,1.81,39.6,0.3558,-0.0434,0.0009,-0.2096,0.2749,1.8662,5.1,14,230
LLY261016C01040000,LLY,2026-10-16,22,C,1040.0,-12.58,1189.625,146.55,159.2,152.875,124.75,8.3,0.2347,0.9478,0.001,-0.1878,0.319,152.3172,99.1,0,87
LLY261016P01040000,LLY,2026-10-16,22,P,1040.0,-12.58,1189.625,1.89,2.88,2.385,2.33,41.5,0.3548,-0.0526,0.001,-0.2429,0.3216,2.4068,6.3,70,644
LLY261016C01050000,LLY,2026-10-16,22,C,1050.0,-11.74,1189.625,140.1,149.25,144.675,148.61,6.3,0.3215,0.9368,0.0012,-0.2285,0.3693,144.1416,94.2,10,139
LLY261016P01050000,LLY,2026-10-16,22,P,1050.0,-11.74,1189.625,2.37,3.3,2.835,2.9,32.8,0.3479,-0.0637,0.0012,-0.2804,0.371,2.8571,7.4,74,736
LLY261016C01060000,LLY,2026-10-16,22,C,1060.0,-10.9,1189.625,130.15,143.1,136.625,113.64,9.5,0.3537,0.9238,0.0014,-0.2733,0.426,136.1037,90.5,0,404
LLY261016P01060000,LLY,2026-10-16,22,P,1060.0,-10.9,1189.625,3.25,3.95,3.6,3.62,19.4,0.3466,-0.0768,0.0014,-0.3222,0.429,3.6214,9.0,47,1064
LLY261016C01070000,LLY,2026-10-16,22,C,1070.0,-10.06,1189.625,121.85,134.8,128.325,127.6,10.1,0.3661,0.9086,0.0016,-0.3222,0.4874,127.8111,87.7,2,156
LLY261016P01070000,LLY,2026-10-16,22,P,1070.0,-10.06,1189.625,3.9,4.4,4.15,4.25,12.0,0.3374,-0.0922,0.0016,-0.3681,0.4894,4.1708,10.3,199,509
LLY261016C01075000,LLY,2026-10-16,22,C,1075.0,-9.64,1189.625,116.5,127.55,122.025,100.3,9.1,0.3289,0.9,0.0018,-0.348,0.5205,121.5014,89.3,0,6
LLY261016P01075000,LLY,2026-10-16,22,P,1075.0,-9.64,1189.625,3.3,7.6,5.45,5.31,78.9,0.352,-0.1009,0.0018,-0.3924,0.5255,5.4693,12.4,1,16
LLY261016C01080000,LLY,2026-10-16,22,C,1080.0,-9.22,1189.625,111.15,126.1,118.625,119.9,12.6,0.3479,0.8908,0.0019,-0.3747,0.5541,118.106,86.8,3,45
LLY261016P01080000,LLY,2026-10-16,22,P,1080.0,-9.22,1189.625,4.9,6.05,5.475,5.36,21.0,0.341,-0.1102,0.0019,-0.4176,0.557,5.4956,12.7,50,477
LLY261016C01085000,LLY,2026-10-16,22,C,1085.0,-8.79,1189.625,107.1,118.55,112.825,92.0,10.1,0.3217,0.8809,0.002,-0.402,0.5885,112.3032,87.6,0,1
LLY261016P01085000,LLY,2026-10-16,22,P,1085.0,-8.79,1189.625,4.4,8.1,6.25,7.39,59.2,0.3431,-0.12,0.002,-0.4431,0.5908,6.281,14.0,10,8
LLY261016C01090000,LLY,2026-10-16,22,C,1090.0,-8.37,1189.625,103.35,117.4,110.375,109.85,12.7,0.3525,0.8703,0.0021,-0.43,0.6243,109.8623,84.0,1,97
LLY261016P01090000,LLY,2026-10-16,22,P,1090.0,-8.37,1189.625,5.85,7.8,6.825,6.93,28.6,0.3407,-0.1307,0.0022,-0.4697,0.627,6.8607,15.1,63,319
LLY261016C01095000,LLY,2026-10-16,22,C,1095.0,-7.95,1189.625,97.15,110.05,103.6,0.0,12.5,0.3118,0.859,0.0023,-0.4584,0.6607,103.0802,85.9,0,0
LLY261016P01095000,LLY,2026-10-16,22,P,1095.0,-7.95,1189.625,6.75,8.0,7.375,7.38,16.9,0.3371,-0.1421,0.0023,-0.4966,0.6645,7.4085,16.1,33,14
LLY261016C01100000,LLY,2026-10-16,22,C,1100.0,-7.53,1189.625,96.05,105.0,100.525,97.5,8.9,0.3297,0.847,0.0024,-0.4871,0.6968,100.0123,83.1,11,159
LLY261016P01100000,LLY,2026-10-16,22,P,1100.0,-7.53,1189.625,7.45,9.0,8.225,8.2,18.8,0.3372,-0.1542,0.0024,-0.5238,0.699,8.2541,17.5,109,886
LLY261016C01105000,LLY,2026-10-16,22,C,1105.0,-7.11,1189.625,88.65,101.75,95.2,65.16,13.8,0.3124,0.8343,0.0025,-0.516,0.7335,94.69,83.0,0,3
LLY261016P01105000,LLY,2026-10-16,22,P,1105.0,-7.11,1189.625,8.4,9.65,9.025,8.98,13.9,0.3357,-0.167,0.0026,-0.5514,0.7359,9.0539,18.9,3,11
LLY261016C01110000,LLY,2026-10-16,22,C,1110.0,-6.69,1189.625,86.85,96.35,91.6,94.27,10.4,0.3194,0.8209,0.0027,-0.5448,0.7707,91.0993,80.9,1,128
LLY261016P01110000,LLY,2026-10-16,22,P,1110.0,-6.69,1189.625,9.25,10.55,9.9,9.9,13.1,0.3344,-0.1806,0.0027,-0.5788,0.7762,9.9318,20.3,80,363
LLY261016C01115000,LLY,2026-10-16,22,C,1115.0,-6.27,1189.625,81.4,93.75,87.575,57.81,14.1,0.3192,0.8067,0.0028,-0.5734,0.807,87.087,79.3,0,1
LLY261016P01115000,LLY,2026-10-16,22,P,1115.0,-6.27,1189.625,9.85,12.0,10.925,10.45,19.7,0.3341,-0.1948,0.0028,-0.6059,0.81,10.9576,21.8,17,12
LLY261016C01120000,LLY,2026-10-16,22,C,1120.0,-5.85,1189.625,79.05,88.65,83.85,88.3,11.4,0.3216,0.7919,0.003,-0.6016,0.8426,83.3679,77.5,1,114
LLY261016P01120000,LLY,2026-10-16,22,P,1120.0,-5.85,1189.625,10.6,12.7,11.65,12.0,18.0,0.3293,-0.2098,0.003,-0.6327,0.8456,11.6843,23.1,94,473
LLY261016C01125000,LLY,2026-10-16,22,C,1125.0,-5.43,1189.625,75.95,86.0,80.975,69.66,12.4,0.3326,0.7764,0.0031,-0.6292,0.8782,80.5018,74.9,0,12
LLY261016P01125000,LLY,2026-10-16,22,P,1125.0,-5.43,1189.625,11.85,14.35,13.1,13.0,19.1,0.3322,-0.2254,0.0031,-0.6591,0.8822,13.1327,25.0,16,18
LLY261016C01130000,LLY,2026-10-16,22,C,1130.0,-5.01,1189.625,72.3,80.25,76.275,82.0,10.4,0.3215,0.7603,0.0032,-0.6559,0.9125,75.8025,74.0,8,191
LLY261016P01130000,LLY,2026-10-16,22,P,1130.0,-5.01,1189.625,13.15,14.4,13.775,14.88,9.1,0.3254,-0.2417,0.0032,-0.6843,0.9163,13.8077,26.3,45,218
LLY261016C01135000,LLY,2026-10-16,22,C,1135.0,-4.59,1189.625,69.25,78.0,73.625,75.95,11.9,0.3322,0.7435,0.0033,-0.6816,0.945,73.1639,71.4,1,36
LLY261016P01135000,LLY,2026-10-16,22,P,1135.0,-4.59,1189.625,14.1,17.7,15.9,14.41,22.6,0.3335,-0.2586,0.0034,-0.7087,0.9477,15.9288,28.7,6,6
LLY261016C01140000,LLY,2026-10-16,22,C,1140.0,-4.17,1189.625,65.65,72.35,69.0,69.09,9.7,0.3208,0.7262,0.0034,-0.7061,0.9764,68.5404,70.3,7,134
LLY261016P01140000,LLY,2026-10-16,22,P,1140.0,-4.17,1189.625,16.1,18.2,17.15,16.79,12.2,0.3309,-0.2764,0.0035,-0.7322,0.9791,17.1515,30.4,74,478
LLY261016C01145000,LLY,2026-10-16,22,C,1145.0,-3.75,1189.625,61.4,70.65,66.025,67.4,14.0,0.3257,0.7083,0.0036,-0.7292,1.0064,65.5741,68.0,5,11
LLY261016P01145000,LLY,2026-10-16,22,P,1145.0,-3.75,1189.625,16.6,21.5,19.05,18.0,25.7,0.3342,-0.2945,0.0036,-0.7539,1.011,19.0468,32.5,11,22
LLY261016C01150000,LLY,2026-10-16,22,C,1150.0,-3.33,1189.625,58.9,64.85,61.875,61.89,9.6,0.318,0.6899,0.0037,-0.7506,1.0339,61.4379,66.5,14,320
LLY261016P01150000,LLY,2026-10-16,22,P,1150.0,-3.33,1189.625,19.15,21.2,20.175,20.26,10.2,0.3289,-0.3132,0.0037,-0.7739,1.0366,20.1663,34.1,99,662
LLY261016C01155000,LLY,2026-10-16,22,C,1155.0,-2.91,1189.625,55.2,62.3,58.75,61.5,12.1,0.3194,0.671,0.0038,-0.7703,1.0593,58.3201,64.4,3,29
LLY261016P01155000,LLY,2026-10-16,22,P,1155.0,-2.91,1189.625,20.05,23.5,21.775,24.0,15.8,0.3277,-0.332,0.0038,-0.7921,1.0615,21.7909,36.1,1,22
LLY261016C01160000,LLY,2026-10-16,22,C,1160.0,-2.49,1189.625,52.45,59.0,55.725,55.63,11.8,0.3207,0.6516,0.0039,-0.788,1.0827,55.3016,62.2,36,788
LLY261016P01160000,LLY,2026-10-16,22,P,1160.0,-2.49,1189.625,22.5,24.7,23.6,23.56,9.3,0.3274,-0.3515,0.0039,-0.8086,1.0867,23.6075,38.1,37,509
LLY261016C01165000,LLY,2026-10-16,22,C,1165.0,-2.07,1189.625,49.3,55.35,52.325,54.03,11.6,0.3176,0.6319,0.0039,-0.8036,1.1033,51.9084,60.3,9,9
LLY261016P01165000,LLY,2026-10-16,22,P,1165.0,-2.07,1189.625,23.25,28.4,25.825,38.0,19.9,0.3298,-0.3715,0.004,-0.8228,1.1054,25.8227,40.2,0,12
LLY261016C01170000,LLY,2026-10-16,22,C,1170.0,-1.65,1189.625,46.1,52.65,49.375,50.55,13.3,0.3177,0.6118,0.004,-0.8171,1.121,48.9667,58.1,11,374
LLY261016P01170000,LLY,2026-10-16,22,P,1170.0,-1.65,1189.625,25.2,29.45,27.325,27.09,15.6,0.3248,-0.3918,0.0041,-0.835,1.1226,27.3195,42.1,21,256
LLY261016C01175000,LLY,2026-10-16,22,C,1175.0,-1.23,1189.625,43.0,49.65,46.325,45.65,14.4,0.316,0.5915,0.0041,-0.8282,1.1362,45.9278,56.0,17,70
LLY261016P01175000,LLY,2026-10-16,22,P,1175.0,-1.23,1189.625,27.4,31.65,29.525,30.22,14.4,0.3252,-0.4125,0.0041,-0.8449,1.1369,29.518,44.2,3,7
LLY261016C01180000,LLY,2026-10-16,22,C,1180.0,-0.81,1189.625,41.5,49.45,45.475,43.15,17.5,0.3326,0.5709,0.0041,-0.8369,1.1484,45.0928,53.5,82,379
LLY261016P01180000,LLY,2026-10-16,22,P,1180.0,-0.81,1189.625,29.5,34.05,31.775,31.44,14.3,0.325,-0.4333,0.0042,-0.8522,1.1492,31.7536,46.3,22,698
LLY261016C01185000,LLY,2026-10-16,22,C,1185.0,-0.39,1189.625,38.2,43.95,41.075,40.75,14.0,0.3173,0.5501,0.0042,-0.8431,1.1575,40.7048,51.7,32,17
LLY261016P01185000,LLY,2026-10-16,22,P,1185.0,-0.39,1189.625,31.8,36.65,34.225,34.9,14.2,0.3257,-0.4544,0.0042,-0.8572,1.1574,34.1981,48.4,51,5
LLY261016C01190000,LLY,2026-10-16,22,C,1190.0,0.03,1189.625,37.05,40.9,38.975,38.2,9.9,0.321,0.5292,0.0042,-0.8469,1.1635,38.6113,49.5,75,562
LLY261016P01190000,LLY,2026-10-16,22,P,1190.0,0.03,1189.625,32.0,38.7,35.35,36.29,19.0,0.314,-0.4756,0.0043,-0.8598,1.1624,35.3068,50.5,84,204
LLY261016C01195000,LLY,2026-10-16,22,C,1195.0,0.45,1189.625,34.85,38.5,36.675,35.7,10.0,0.3221,0.5082,0.0042,-0.8482,1.1663,36.3239,47.4,13,38
LLY261016P01195000,LLY,2026-10-16,22,P,1195.0,0.45,1189.625,35.75,42.95,39.35,36.0,18.3,0.3262,-0.4969,0.0043,-0.8598,1.1642,39.2989,52.6,6,1
LLY261016C01200000,LLY,2026-10-16,22,C,1200.0,0.87,1189.625,32.75,36.25,34.5,34.83,10.1,0.3234,0.4872,0.0042,-0.847,1.166,34.165,45.3,465,1286
LLY261016P01200000,LLY,2026-10-16,22,P,1200.0,0.87,1189.625,39.35,45.35,42.35,41.2,14.2,0.3288,-0.5183,0.0043,-0.8573,1.1635,42.279,54.7,35,746
LLY261016C01205000,LLY,2026-10-16,22,C,1205.0,1.29,1189.625,28.95,33.85,31.4,34.29,15.6,0.3158,0.4662,0.0042,-0.8433,1.1626,31.0767,43.1,13,21
LLY261016P01205000,LLY,2026-10-16,22,P,1205.0,1.29,1189.625,40.1,48.3,44.2,45.0,18.6,0.3207,-0.5396,0.0043,-0.8524,1.158,44.1184,56.8,41,12
LLY261016C01210000,LLY,2026-10-16,22,C,1210.0,1.71,1189.625,27.55,31.4,29.475,27.94,13.1,0.3174,0.4454,0.0042,-0.8372,1.1559,29.1624,41.1,50,65
LLY261016P01210000,LLY,2026-10-16,22,P,1210.0,1.71,1189.625,44.05,51.2,47.625,65.0,15.0,0.3254,-0.5608,0.0043,-0.8453,1.1515,47.546,58.8,0,2
LLY261016C01215000,LLY,2026-10-16,22,C,1215.0,2.13,1189.625,24.65,30.55,27.6,26.38,21.4,0.3186,0.4246,0.0042,-0.8289,1.146,27.3024,39.0,10,22
LLY261016P01215000,LLY,2026-10-16,22,P,1215.0,2.13,1189.625,45.45,54.4,49.925,50.3,17.9,0.3191,-0.5819,0.0042,-0.8356,1.1393,49.8088,60.9,5,2
LLY261016C01220000,LLY,2026-10-16,22,C,1220.0,2.55,1189.625,24.7,27.2,25.95,25.83,9.6,0.3209,0.4042,0.0041,-0.8183,1.1335,25.6645,37.1,52,654
LLY261016P01220000,LLY,2026-10-16,22,P,1220.0,2.55,1189.625,51.55,56.25,53.9,52.07,8.7,0.3268,-0.6027,0.0042,-0.8238,1.1264,53.7685,62.7,4,218
LLY261016C01240000,LLY,2026-10-16,22,C,1240.0,4.23,1189.625,18.25,20.0,19.125,19.0,9.2,0.3213,0.3259,0.0039,-0.757,1.0561,19.0617,29.6,152,736
LLY261016P01240000,LLY,2026-10-16,22,P,1240.0,4.23,1189.625,64.6,70.6,67.6,67.35,8.9,0.3302,-0.6827,0.004,-0.7579,1.0398,67.3885,69.9,16,110
LLY261016C01260000,LLY,2026-10-16,22,C,1260.0,5.92,1189.625,13.0,14.65,13.825,13.5,11.9,0.3194,0.2558,0.0035,-0.6732,0.9449,13.6437,22.9,68,923
LLY261016P01260000,LLY,2026-10-16,22,P,1260.0,5.92,1189.625,78.15,85.05,81.6,82.3,8.5,0.3223,-0.7547,0.0036,-0.67,0.9196,81.2564,76.9,16,91
LLY261016C01280000,LLY,2026-10-16,22,C,1280.0,7.6,1189.625,9.15,10.3,9.725,9.3,11.8,0.3187,0.1964,0.003,-0.5786,0.8157,9.5919,17.3,91,600
LLY261016P01280000,LLY,2026-10-16,22,P,1280.0,7.6,1189.625,93.55,102.95,98.25,98.7,9.6,0.3296,-0.8161,0.0031,-0.5713,0.7769,97.7695,82.0,14,153
LLY261016C01300000,LLY,2026-10-16,22,C,1300.0,9.28,1189.625,6.65,7.2,6.925,6.88,7.9,0.3217,0.148,0.0025,-0.4834,0.6831,6.8234,12.9,470,1110
LLY261016P01300000,LLY,2026-10-16,22,P,1300.0,9.28,1189.625,109.0,121.75,115.375,116.0,11.1,0.331,-0.8664,0.0026,-0.4708,0.628,114.7007,86.5,6,37
LLY261016C01320000,LLY,2026-10-16,22,C,1320.0,10.96,1189.625,4.1,5.35,4.725,4.6,26.5,0.3222,0.1101,0.002,-0.3947,0.5583,4.6587,9.3,29,410
LLY261016P01320000,LLY,2026-10-16,22,P,1320.0,10.96,1189.625,128.35,138.9,133.625,134.4,7.9,0.3382,-0.906,0.0021,-0.3734,0.4877,132.7486,89.7,4,19
LLY261016C01340000,LLY,2026-10-16,22,C,1340.0,12.64,1189.625,2.79,3.8,3.295,3.35,30.7,0.3258,0.0812,0.0016,-0.317,0.4481,3.249,6.7,205,666
LLY261016P01340000,LLY,2026-10-16,22,P,1340.0,12.64,1189.625,146.35,157.85,152.1,153.54,7.6,0.3384,-0.9367,0.0017,-0.2815,0.3654,150.9562,92.6,3,37
LLY261016C01360000,LLY,2026-10-16,22,C,1360.0,14.32,1189.625,1.84,2.8,2.32,2.17,41.4,0.3308,0.0597,0.0012,-0.2515,0.3548,2.2946,4.9,31,1043
LLY261016P01360000,LLY,2026-10-16,22,P,1360.0,14.32,1189.625,165.45,178.2,171.825,212.25,7.4,0.3622,-0.9608,0.0015,-0.2085,0.251,170.5773,93.6,0,0
LLY261016C01380000,LLY,2026-10-16,22,C,1380.0,16.0,1189.625,1.22,2.42,1.82,1.56,65.9,0.3427,0.044,0.0009,-0.199,0.2794,1.8029,3.8,13,240
LLY261016P01380000,LLY,2026-10-16,22,P,1380.0,16.0,1189.625,184.5,198.0,191.25,202.35,7.1,0.373,-0.9798,0.0012,-0.1874,0.1603,189.8077,95.0,0,0
LLY261016C01400000,LLY,2026-10-16,22,C,1400.0,17.68,1189.625,0.6,1.65,1.125,1.2,93.3,0.3397,0.0327,0.0007,-0.1578,0.2197,1.1168,2.5,11,521
LLY261016P01400000,LLY,2026-10-16,22,P,1400.0,17.68,1189.625,203.9,217.65,210.775,212.3,6.5,0.3786,-0.9918,0.0007,-0.2567,0.052,209.0584,96.2,4,0
LLY261016C01420000,LLY,2026-10-16,22,C,1420.0,19.37,1189.625,0.38,1.25,0.815,0.64,106.7,0.3464,0.0245,0.0006,-0.1258,0.1737,0.8114,1.8,1,461
LLY261016P01420000,LLY,2026-10-16,22,P,1420.0,19.37,1189.625,224.7,237.75,231.225,257.55,5.6,0.4279,-0.9975,0.0003,-0.3205,0.0077,229.6865,95.7,0,0
LLY261016C01440000,LLY,2026-10-16,22,C,1440.0,21.05,1189.625,0.38,0.68,0.53,0.68,56.6,0.3476,0.0187,0.0004,-0.1013,0.1384,0.5296,1.2,1,377
LLY261016P01440000,LLY,2026-10-16,22,P,1440.0,21.05,1189.625,244.4,257.85,251.125,185.5,5.4,0.4505,-0.9997,0.0,-0.3676,0.0,249.5154,96.1,0,0
LLY261016C01460000,LLY,2026-10-16,22,C,1460.0,22.73,1189.625,0.13,0.95,0.54,0.57,151.9,0.3701,0.0144,0.0003,-0.0824,0.111,0.54,1.2,17,181
LLY261016P01460000,LLY,2026-10-16,22,P,1460.0,22.73,1189.625,264.75,277.85,271.3,203.35,4.8,0.4843,-1.0,0.0,-0.3926,0.0,269.7025,96.1,0,0
LLY261016C01480000,LLY,2026-10-16,22,C,1480.0,24.41,1189.625,0.01,1.05,0.53,1.04,196.2,0.3903,0.0113,0.0003,-0.0678,0.0901,0.5309,1.1,0,125
LLY261016P01480000,LLY,2026-10-16,22,P,1480.0,24.41,1189.625,284.4,297.85,291.125,276.4,4.6,0.5021,-1.0,0.0,-0.4038,0.0,289.4352,96.5,0,0
LLY261023C00895000,LLY,2026-10-23,29,C,895.0,-24.77,1189.625,290.8,307.15,298.975,0.0,5.5,0.4794,0.9921,0.0001,0.0,0.0764,298.2933,98.0,0,0
LLY261023P00895000,LLY,2026-10-23,29,P,895.0,-24.77,1189.625,0.0,5.2,4.69,4.69,,0.5794,-0.0081,0.0001,-0.0522,0.0766,2.6354,4.6,0,1
LLY261023C00900000,LLY,2026-10-23,29,C,900.0,-24.35,1189.625,285.85,302.2,294.025,260.0,5.6,0.4739,0.9914,0.0002,0.0,0.0819,293.3416,98.0,0,1
LLY261023P00900000,LLY,2026-10-23,29,P,900.0,-24.35,1189.625,0.0,2.11,0.99,0.99,,0.4897,-0.0088,0.0002,-0.0557,0.0823,1.0725,2.4,2,13
LLY261023C00905000,LLY,2026-10-23,29,C,905.0,-23.93,1189.625,280.85,297.25,289.05,0.0,5.7,0.4662,0.9907,0.0002,0.0,0.0877,288.3632,97.9,0,0
LLY261023P00905000,LLY,2026-10-23,29,P,905.0,-23.93,1189.625,0.01,1.01,0.51,0.05,196.1,0.4349,-0.0095,0.0002,-0.0592,0.0881,0.5267,1.4,4,0
LLY261023C00910000,LLY,2026-10-23,29,C,910.0,-23.51,1189.625,275.9,292.3,284.1,0.0,5.8,0.4605,0.9899,0.0002,0.0,0.0938,283.4106,97.9,0,0
LLY261023P00910000,LLY,2026-10-23,29,P,910.0,-23.51,1189.625,0.01,2.24,1.125,0.34,198.2,0.4777,-0.0103,0.0002,-0.0632,0.095,1.1431,2.6,4,6
LLY261023C00915000,LLY,2026-10-23,29,C,915.0,-23.09,1189.625,270.95,287.35,279.15,217.12,5.9,0.4547,0.9891,0.0002,0.0,0.1003,278.4578,97.8,0,1
LLY261023P00915000,LLY,2026-10-23,29,P,915.0,-23.09,1189.625,0.04,0.82,0.43,0.34,181.4,0.4099,-0.0111,0.0002,-0.0673,0.1012,0.4411,1.2,4,0
LLY261023C00920000,LLY,2026-10-23,29,C,920.0,-22.66,1189.625,266.0,282.4,274.2,222.55,6.0,0.4488,0.9882,0.0002,0.0,0.1073,273.5048,97.7,0,4
LLY261023P00920000,LLY,2026-10-23,29,P,920.0,-22.66,1189.625,0.0,2.81,0.63,0.63,,0.4781,-0.012,0.0002,-0.0714,0.1077,1.4334,3.1,3,15
LLY261023C00925000,LLY,2026-10-23,29,C,925.0,-22.24,1189.625,261.05,277.45,269.25,0.0,6.1,0.4429,0.9872,0.0002,0.0,0.1148,268.553,97.6,0,0
LLY261023P00925000,LLY,2026-10-23,29,P,925.0,-22.24,1189.625,0.12,0.81,0.465,0.48,148.4,0.399,-0.013,0.0002,-0.0761,0.1155,0.4765,1.4,14,13
LLY261023C00930000,LLY,2026-10-23,29,C,930.0,-21.82,1189.625,256.15,272.5,264.325,240.6,6.2,0.4386,0.9862,0.0002,0.0,0.1228,263.6269,97.5,0,5
LLY261023P00930000,LLY,2026-10-23,29,P,930.0,-21.82,1189.625,0.25,0.81,0.53,0.78,105.7,0.3984,-0.0141,0.0003,-0.0809,0.1234,0.5425,1.5,2,42
LLY261023C00935000,LLY,2026-10-23,29,C,935.0,-21.4,1189.625,251.2,267.55,259.375,0.0,6.3,0.4324,0.9851,0.0003,0.0,0.1311,258.6736,97.4,0,0
LLY261023P00935000,LLY,2026-10-23,29,P,935.0,-21.4,1189.625,0.0,3.95,4.39,4.39,,0.4798,-0.0151,0.0003,-0.0857,0.1318,2.0073,4.1,0,10
LLY261023C00940000,LLY,2026-10-23,29,C,940.0,-20.98,1189.625,246.25,262.65,254.45,0.0,6.4,0.4277,0.9839,0.0003,0.0,0.1399,253.7463,97.3,0,0
LLY261023P00940000,LLY,2026-10-23,29,P,940.0,-20.98,1189.625,0.0,5.55,2.01,2.01,,0.5019,-0.0163,0.0003,-0.091,0.1413,2.8126,5.3,0,12
LLY261023C00945000,LLY,2026-10-23,29,C,945.0,-20.56,1189.625,241.35,257.7,249.525,0.0,6.6,0.4228,0.9826,0.0003,0.0,0.1493,248.8187,97.1,0,0
LLY261023P00945000,LLY,2026-10-23,29,P,945.0,-20.56,1189.625,0.0,1.88,0.84,0.84,,0.4086,-0.0176,0.0003,-0.0966,0.1502,0.963,2.4,2,10
LLY261023C00950000,LLY,2026-10-23,29,C,950.0,-20.14,1189.625,236.4,252.8,244.6,0.0,6.7,0.4178,0.9812,0.0003,-0.0054,0.1594,243.8922,97.0,0,0
LLY261023P00950000,LLY,2026-10-23,29,P,950.0,-20.14,1189.625,0.13,1.23,0.68,0.67,161.8,0.3818,-0.019,0.0003,-0.1025,0.16,0.699,1.9,1,9
LLY261023C00955000,LLY,2026-10-23,29,C,955.0,-19.72,1189.625,231.8,247.85,239.825,0.0,6.7,0.4203,0.9797,0.0004,-0.0136,0.1701,239.1167,96.6,0,0
LLY261023P00955000,LLY,2026-10-23,29,P,955.0,-19.72,1189.625,0.0,10.7,0.85,0.85,,0.5462,-0.0206,0.0004,-0.1087,0.1705,5.3945,8.5,0,12
LLY261023C00960000,LLY,2026-10-23,29,C,960.0,-19.3,1189.625,226.0,242.95,234.475,0.0,7.2,0.3922,0.978,0.0004,-0.0221,0.1815,233.7586,97.2,0,0
LLY261023P00960000,LLY,2026-10-23,29,P,960.0,-19.3,1189.625,0.0,10.75,1.43,1.43,,0.5366,-0.0222,0.0004,-0.1153,0.182,5.4174,8.6,0,19
LLY261023C00965000,LLY,2026-10-23,29,C,965.0,-18.88,1189.625,220.85,238.05,229.45,0.0,7.5,0.3816,0.9763,0.0004,-0.0309,0.1934,228.73,97.3,0,0
LLY261023P00965000,LLY,2026-10-23,29,P,965.0,-18.88,1189.625,0.0,11.4,2.1,2.1,,0.5339,-0.024,0.0004,-0.1222,0.1949,5.7416,9.1,0,5
LLY261023C00970000,LLY,2026-10-23,29,C,970.0,-18.46,1189.625,216.95,233.15,225.05,167.55,7.2,0.403,0.9744,0.0005,-0.0401,0.206,224.3348,96.1,0,1
LLY261023P00970000,LLY,2026-10-23,29,P,970.0,-18.46,1189.625,0.0,11.25,1.94,1.94,,0.522,-0.0259,0.0005,-0.1295,0.2079,5.6653,9.1,0,2
LLY261023C00975000,LLY,2026-10-23,29,C,975.0,-18.04,1189.625,212.1,228.25,220.175,0.0,7.3,0.3992,0.9724,0.0005,-0.0497,0.2194,219.4597,95.9,0,0
LLY261023P00975000,LLY,2026-10-23,29,P,975.0,-18.04,1189.625,0.0,10.9,2.0,2.0,,0.508,-0.028,0.0005,-0.1373,0.2207,5.4926,9.0,0,2
LLY261023C00980000,LLY,2026-10-23,29,C,980.0,-17.62,1189.625,207.2,223.4,215.3,158.65,7.5,0.395,0.9702,0.0005,-0.0598,0.2337,214.5817,95.7,0,1
LLY261023P00980000,LLY,2026-10-23,29,P,980.0,-17.62,1189.625,0.0,11.95,2.08,2.08,,0.5093,-0.0302,0.0005,-0.1454,0.2347,6.0176,9.7,0,15
LLY261023C00985000,LLY,2026-10-23,29,C,985.0,-17.2,1189.625,203.65,215.3,209.475,0.0,5.6,0.347,0.9678,0.0006,-0.0702,0.2491,208.7419,97.2,0,0
LLY261023P00985000,LLY,2026-10-23,29,P,985.0,-17.2,1189.625,0.01,3.3,1.655,3.28,198.8,0.3799,-0.0326,0.0006,-0.154,0.2498,1.6824,4.1,0,9
LLY261023C00990000,LLY,2026-10-23,29,C,990.0,-16.78,1189.625,197.5,211.7,204.6,0.0,6.9,0.345,0.9652,0.0006,-0.0812,0.2651,203.8663,96.9,0,0
LLY261023P00990000,LLY,2026-10-23,29,P,990.0,-16.78,1189.625,0.46,3.6,2.03,2.28,154.7,0.3859,-0.0352,0.0006,-0.163,0.2665,2.0607,4.8,2,47
LLY261023C00995000,LLY,2026-10-23,29,C,995.0,-16.36,1189.625,192.65,204.85,198.75,0.0,6.1,0.2668,0.9624,0.0006,-0.0926,0.282,197.9926,99.1,0,0
LLY261023P00995000,LLY,2026-10-23,29,P,995.0,-16.36,1189.625,0.0,3.3,2.83,2.83,,0.363,-0.038,0.0007,-0.1725,0.2851,1.6789,4.2,0,37
LLY261023C01000000,LLY,2026-10-23,29,C,1000.0,-15.94,1189.625,188.0,200.75,194.375,160.28,6.6,0.3146,0.9594,0.0007,-0.1045,0.2998,193.6307,97.4,0,2
LLY261023P01000000,LLY,2026-10-23,29,P,1000.0,-15.94,1189.625,0.85,3.5,2.175,2.09,121.8,0.3736,-0.0411,0.0007,-0.1826,0.3019,2.2044,5.2,2,447
LLY261023C01005000,LLY,2026-10-23,29,C,1005.0,-15.52,1189.625,183.05,197.25,190.15,0.0,7.5,0.3433,0.9561,0.0008,-0.117,0.3189,189.4153,95.8,0,0
LLY261023P01005000,LLY,2026-10-23,29,P,1005.0,-15.52,1189.625,0.0,4.2,4.2,4.2,,0.3625,-0.0443,0.0008,-0.1933,0.3203,2.1309,5.1,0,15
LLY261023C01010000,LLY,2026-10-23,29,C,1010.0,-15.1,1189.625,178.25,192.45,185.35,0.0,7.7,0.342,0.9526,0.0008,-0.13,0.3393,184.6166,95.4,0,0
LLY261023P01010000,LLY,2026-10-23,29,P,1010.0,-15.1,1189.625,0.75,5.2,2.975,2.8,149.6,0.3802,-0.0479,0.0008,-0.2044,0.3404,3.0111,6.6,0,27
LLY261023C01015000,LLY,2026-10-23,29,C,1015.0,-14.68,1189.625,173.5,187.7,180.6,0.0,7.9,0.3417,0.9488,0.0009,-0.1437,0.3606,179.8666,94.9,0,0
LLY261023P01015000,LLY,2026-10-23,29,P,1015.0,-14.68,1189.625,1.53,3.5,2.515,3.6,78.3,0.3582,-0.0517,0.0009,-0.2162,0.3624,2.5493,6.0,1,1
LLY261023C01020000,LLY,2026-10-23,29,C,1020.0,-14.26,1189.625,168.75,182.95,175.85,135.61,8.1,0.3406,0.9447,0.0009,-0.1579,0.3827,175.1157,94.4,0,1
LLY261023P01020000,LLY,2026-10-23,29,P,1020.0,-14.26,1189.625,1.33,5.85,3.59,4.0,125.9,0.3776,-0.0558,0.0009,-0.2285,0.3869,3.6255,7.8,0,11
LLY261023C01025000,LLY,2026-10-23,29,C,1025.0,-13.84,1189.625,164.0,178.2,171.1,0.0,8.3,0.3389,0.9403,0.001,-0.1727,0.4061,170.3668,93.9,0,0
LLY261023P01025000,LLY,2026-10-23,29,P,1025.0,-13.84,1189.625,1.06,10.65,5.855,8.27,163.8,0.4157,-0.0603,0.001,-0.2416,0.4088,5.8962,10.8,1,7
LLY261023C01030000,LLY,2026-10-23,29,C,1030.0,-13.42,1189.625,159.3,173.5,166.4,169.2,8.5,0.3379,0.9355,0.001,-0.1882,0.431,165.6658,93.3,2,2
LLY261023P01030000,LLY,2026-10-23,29,P,1030.0,-13.42,1189.625,1.26,11.0,6.13,4.22,158.9,0.4107,-0.0652,0.0011,-0.2552,0.4328,6.1728,11.2,0,8
LLY261023C01035000,LLY,2026-10-23,29,C,1035.0,-13.0,1189.625,154.6,168.8,161.7,137.3,8.8,0.3363,0.9304,0.0011,-0.2043,0.4573,160.9678,92.7,0,1
LLY261023P01035000,LLY,2026-10-23,29,P,1035.0,-13.0,1189.625,2.14,6.5,4.32,6.42,100.9,0.3658,-0.0703,0.0011,-0.2695,0.4589,4.3609,9.2,0,855
LLY261023C01040000,LLY,2026-10-23,29,C,1040.0,-12.58,1189.625,150.0,161.75,155.875,114.0,7.5,0.3048,0.9248,0.0012,-0.221,0.4844,155.133,94.0,0,2
LLY261023P01040000,LLY,2026-10-23,29,P,1040.0,-12.58,1189.625,2.36,5.25,3.805,4.11,76.0,0.3453,-0.0759,0.0012,-0.2844,0.4886,3.8422,8.6,4,45
LLY261023C01045000,LLY,2026-10-23,29,C,1045.0,-12.16,1189.625,145.35,159.55,152.45,0.0,9.3,0.3346,0.9189,0.0013,-0.2384,0.5125,151.7199,91.3,0,0
LLY261023P01045000,LLY,2026-10-23,29,P,1045.0,-12.16,1189.625,1.94,5.4,3.67,7.13,94.3,0.3331,-0.0819,0.0013,-0.3,0.5168,3.7098,8.6,0,21
LLY261023C01050000,LLY,2026-10-23,29,C,1050.0,-11.74,1189.625,140.85,155.05,147.95,108.05,9.6,0.3353,0.9125,0.0014,-0.2564,0.5419,147.2237,90.4,0,12
LLY261023P01050000,LLY,2026-10-23,29,P,1050.0,-11.74,1189.625,4.0,5.65,4.825,4.25,34.2,0.3469,-0.0884,0.0014,-0.3162,0.5448,4.8661,10.4,2,79
LLY261023C01055000,LLY,2026-10-23,29,C,1055.0,-11.32,1189.625,138.0,148.95,143.475,0.0,7.6,0.3356,0.9057,0.0014,-0.275,0.5729,142.7536,89.5,0,0
LLY261023P01055000,LLY,2026-10-23,29,P,1055.0,-11.32,1189.625,3.75,6.3,5.025,7.75,50.7,0.3408,-0.0953,0.0015,-0.333,0.575,5.0642,10.8,0,22
LLY261023C01060000,LLY,2026-10-23,29,C,1060.0,-10.9,1189.625,132.0,145.75,138.875,113.25,9.9,0.3328,0.8983,0.0015,-0.2941,0.6048,138.1541,88.8,0,1
LLY261023P01060000,LLY,2026-10-23,29,P,1060.0,-10.9,1189.625,4.1,6.95,5.525,5.6,51.6,0.3399,-0.1026,0.0016,-0.3501,0.6072,5.5748,11.7,20,60
LLY261023C01065000,LLY,2026-10-23,29,C,1065.0,-10.48,1189.625,127.95,142.3,135.125,83.85,10.6,0.3435,0.8905,0.0016,-0.3137,0.6372,134.4135,87.0,0,5
LLY261023P01065000,LLY,2026-10-23,29,P,1065.0,-10.48,1189.625,3.0,7.2,5.1,6.35,82.4,0.3226,-0.1106,0.0016,-0.3682,0.6432,5.1449,11.4,9,3
LLY261023C01070000,LLY,2026-10-23,29,C,1070.0,-10.06,1189.625,123.65,138.05,130.85,128.0,11.0,0.3443,0.8822,0.0017,-0.3339,0.6706,130.1559,85.9,1,2
LLY261023P01070000,LLY,2026-10-23,29,P,1070.0,-10.06,1189.625,5.5,7.55,6.525,6.45,31.4,0.3357,-0.119,0.0017,-0.3867,0.6745,6.567,13.4,30,18
LLY261023C01075000,LLY,2026-10-23,29,C,1075.0,-9.64,1189.625,118.9,132.6,125.75,97.7,10.9,0.3319,0.8734,0.0018,-0.3544,0.7053,125.0393,85.8,0,5
LLY261023P01075000,LLY,2026-10-23,29,P,1075.0,-9.64,1189.625,5.55,14.15,9.85,7.23,87.3,0.3719,-0.1278,0.0018,-0.4052,0.7074,9.9122,17.2,1,59
LLY261023C01080000,LLY,2026-10-23,29,C,1080.0,-9.22,1189.625,115.6,127.9,121.75,97.44,10.1,0.3356,0.8639,0.0019,-0.3753,0.7408,121.0604,84.3,1,9
LLY261023P01080000,LLY,2026-10-23,29,P,1080.0,-9.22,1189.625,7.1,9.5,8.3,8.2,28.9,0.3404,-0.1373,0.0019,-0.4243,0.7426,8.3608,16.0,3,48
LLY261023C01085000,LLY,2026-10-23,29,C,1085.0,-8.79,1189.625,110.0,123.15,116.575,97.5,11.3,0.3222,0.854,0.002,-0.3965,0.7762,115.8796,84.2,0,1
LLY261023P01085000,LLY,2026-10-23,29,P,1085.0,-8.79,1189.625,7.35,9.65,8.5,9.0,27.1,0.3321,-0.1475,0.002,-0.444,0.7833,8.5518,16.6,1,22
LLY261023C01090000,LLY,2026-10-23,29,C,1090.0,-8.37,1189.625,105.15,119.4,112.275,86.7,12.7,0.3206,0.8435,0.0021,-0.4178,0.8118,111.5894,83.1,0,1
LLY261023P01090000,LLY,2026-10-23,29,P,1090.0,-8.37,1189.625,8.95,10.4,9.675,9.35,15.0,0.336,-0.1581,0.0022,-0.4637,0.8164,9.7229,18.1,10,45
LLY261023C01095000,LLY,2026-10-23,29,C,1095.0,-7.95,1189.625,101.2,115.55,108.375,76.63,13.2,0.3232,0.8325,0.0022,-0.4392,0.8483,107.6926,81.6,0,1
LLY261023P01095000,LLY,2026-10-23,29,P,1095.0,-7.95,1189.625,9.8,11.3,10.55,10.0,14.2,0.3354,-0.1691,0.0022,-0.4831,0.8509,10.609,19.4,16,34
LLY261023C01100000,LLY,2026-10-23,29,C,1100.0,-7.53,1189.625,98.6,109.0,103.8,78.9,10.0,0.3169,0.8209,0.0023,-0.4606,0.885,103.1233,80.7,0,7
LLY261023P01100000,LLY,2026-10-23,29,P,1100.0,-7.53,1189.625,10.75,12.05,11.4,11.81,11.4,0.3337,-0.1808,0.0024,-0.5029,0.8872,11.4596,20.6,68,45
LLY261023C01105000,LLY,2026-10-23,29,C,1105.0,-7.11,1189.625,94.6,105.1,99.85,68.9,10.5,0.3174,0.8087,0.0024,-0.4819,0.921,99.1794,79.3,0,14
LLY261023P01105000,LLY,2026-10-23,29,P,1105.0,-7.11,1189.625,11.5,14.4,12.95,20.75,22.4,0.3388,-0.1933,0.0025,-0.5228,0.9285,12.9939,22.4,0,75
LLY261023C01110000,LLY,2026-10-23,29,C,1110.0,-6.69,1189.625,90.7,100.7,95.7,95.0,10.4,0.3149,0.796,0.0025,-0.503,0.9565,95.0338,78.0,1,14
LLY261023P01110000,LLY,2026-10-23,29,P,1110.0,-6.69,1189.625,12.6,14.45,13.525,13.27,13.7,0.3329,-0.206,0.0026,-0.5419,0.961,13.5795,23.4,2,21
LLY261023C01115000,LLY,2026-10-23,29,C,1115.0,-6.27,1189.625,87.3,98.85,93.075,0.0,12.4,0.3276,0.7827,0.0026,-0.5237,0.992,92.4221,75.5,0,0
LLY261023P01115000,LLY,2026-10-23,29,P,1115.0,-6.27,1189.625,9.4,18.2,13.8,21.9,63.8,0.3235,-0.2194,0.0027,-0.561,0.9948,13.8566,24.2,0,18
LLY261023C01120000,LLY,2026-10-23,29,C,1120.0,-5.85,1189.625,81.6,95.65,88.625,88.75,15.9,0.3205,0.769,0.0028,-0.5439,1.027,87.9764,74.5,5,25
LLY261023P01120000,LLY,2026-10-23,29,P,1120.0,-5.85,1189.625,14.05,17.05,15.55,15.4,19.3,0.3285,-0.2333,0.0028,-0.5796,1.0294,15.6115,26.1,12,15
LLY261023C01125000,LLY,2026-10-23,29,C,1125.0,-5.43,1189.625,80.0,89.5,84.75,88.0,11.2,0.3186,0.7547,0.0028,-0.5636,1.0605,84.1063,73.0,1,7
LLY261023P01125000,LLY,2026-10-23,29,P,1125.0,-5.43,1189.625,14.2,18.8,16.5,17.75,27.9,0.3246,-0.248,0.0029,-0.5979,1.0675,16.5414,27.4,13,19
LLY261023C01130000,LLY,2026-10-23,29,C,1130.0,-5.01,1189.625,76.75,85.45,81.1,80.0,10.7,0.3182,0.7399,0.0029,-0.5826,1.0928,80.4664,71.4,0,21
LLY261023P01130000,LLY,2026-10-23,29,P,1130.0,-5.01,1189.625,16.0,20.35,18.175,18.6,23.9,0.327,-0.263,0.003,-0.6152,1.0974,18.2114,29.2,4,25
LLY261023C01135000,LLY,2026-10-23,29,C,1135.0,-4.59,1189.625,72.15,83.55,77.85,52.3,14.6,0.3207,0.7247,0.003,-0.6007,1.1242,77.2309,69.5,0,9
LLY261023P01135000,LLY,2026-10-23,29,P,1135.0,-4.59,1189.625,17.5,21.0,19.25,20.18,18.2,0.3232,-0.2784,0.0031,-0.6318,1.1276,19.2841,30.7,2,11
LLY261023C01140000,LLY,2026-10-23,29,C,1140.0,-4.17,1189.625,70.9,80.95,75.925,63.95,13.2,0.3338,0.709,0.0031,-0.6179,1.1543,75.3225,67.0,1,12
LLY261023P01140000,LLY,2026-10-23,29,P,1140.0,-4.17,1189.625,19.05,22.65,20.85,27.75,17.3,0.3235,-0.2943,0.0032,-0.6475,1.1572,20.8897,32.4,1,47
LLY261023C01145000,LLY,2026-10-23,29,C,1145.0,-3.75,1189.625,65.55,74.1,69.825,67.05,12.2,0.31,0.6929,0.0032,-0.6341,1.1822,69.2191,66.6,2,32
LLY261023P01145000,LLY,2026-10-23,29,P,1145.0,-3.75,1189.625,21.5,23.85,22.675,22.09,10.4,0.3248,-0.3106,0.0033,-0.6621,1.1877,22.7015,34.2,1,13
LLY261023C01150000,LLY,2026-10-23,29,C,1150.0,-3.33,1189.625,62.7,73.25,67.975,72.0,15.5,0.322,0.6764,0.0033,-0.6492,1.2081,67.3865,64.2,9,51
LLY261023P01150000,LLY,2026-10-23,29,P,1150.0,-3.33,1189.625,23.15,25.7,24.425,24.56,10.4,0.3247,-0.3274,0.0033,-0.6755,1.2118,24.4386,36.0,8,95
LLY261023C01155000,LLY,2026-10-23,29,C,1155.0,-2.91,1189.625,58.55,69.25,63.9,63.05,16.7,0.3146,0.6595,0.0034,-0.663,1.2325,63.3229,62.7,17,30
LLY261023P01155000,LLY,2026-10-23,29,P,1155.0,-2.91,1189.625,23.15,27.6,25.375,39.5,17.5,0.3175,-0.3445,0.0034,-0.6879,1.2353,25.3895,37.4,0,7
LLY261023C01160000,LLY,2026-10-23,29,C,1160.0,-2.49,1189.625,57.25,65.85,61.55,62.5,14.0,0.3205,0.6423,0.0034,-0.6756,1.2547,60.982,60.6,9,20
LLY261023P01160000,LLY,2026-10-23,29,P,1160.0,-2.49,1189.625,26.65,29.55,28.1,41.1,10.3,0.3242,-0.3617,0.0035,-0.6988,1.2569,28.1406,39.5,0,8
LLY261023C01165000,LLY,2026-10-23,29,C,1165.0,-2.07,1189.625,54.9,62.25,58.575,53.59,12.5,0.3206,0.6248,0.0035,-0.6867,1.2743,58.0198,58.8,11,17
LLY261023P01165000,LLY,2026-10-23,29,P,1165.0,-2.07,1189.625,27.2,31.45,29.325,28.85,14.5,0.3177,-0.3797,0.0036,-0.7084,1.2775,29.3288,41.1,2,2
LLY261023C01170000,LLY,2026-10-23,29,C,1170.0,-1.65,1189.625,52.4,60.9,56.65,56.35,15.0,0.3282,0.607,0.0036,-0.6964,1.2914,56.1194,56.7,34,44
LLY261023P01170000,LLY,2026-10-23,29,P,1170.0,-1.65,1189.625,28.55,33.65,31.1,53.2,16.4,0.3154,-0.3975,0.0036,-0.7164,1.293,31.1282,42.9,0,8
LLY261023C01175000,LLY,2026-10-23,29,C,1175.0,-1.23,1189.625,50.75,57.6,54.175,53.4,12.6,0.3306,0.589,0.0036,-0.7045,1.3063,53.6542,54.8,51,30
LLY261023P01175000,LLY,2026-10-23,29,P,1175.0,-1.23,1189.625,31.85,35.95,33.9,50.0,12.1,0.3201,-0.4157,0.0037,-0.7232,1.3071,33.9284,44.9,0,15
LLY261023C01180000,LLY,2026-10-23,29,C,1180.0,-0.81,1189.625,46.4,52.4,49.4,48.8,12.1,0.3148,0.5709,0.0036,-0.7111,1.3184,48.8852,53.3,20,39
LLY261023P01180000,LLY,2026-10-23,29,P,1180.0,-0.81,1189.625,31.75,38.25,35.0,36.68,18.6,0.311,-0.4342,0.0037,-0.7284,1.3188,35.0152,46.6,5,115
LLY261023C01185000,LLY,2026-10-23,29,C,1185.0,-0.39,1189.625,45.15,51.75,48.45,47.55,13.6,0.3274,0.5526,0.0037,-0.7161,1.3278,47.9484,51.2,1,10
LLY261023P01185000,LLY,2026-10-23,29,P,1185.0,-0.39,1189.625,36.4,40.5,38.45,55.1,10.7,0.319,-0.4529,0.0037,-0.7317,1.3275,38.4481,48.7,0,3
LLY261023C01190000,LLY,2026-10-23,29,C,1190.0,0.03,1189.625,41.5,47.3,44.4,45.91,13.1,0.316,0.5341,0.0037,-0.7196,1.3344,43.9205,49.5,4,2
LLY261023P01190000,LLY,2026-10-23,29,P,1190.0,0.03,1189.625,37.65,43.45,40.55,39.0,14.3,0.3161,-0.4716,0.0038,-0.7337,1.333,40.533,50.5,6,4
LLY261023C01195000,LLY,2026-10-23,29,C,1195.0,0.45,1189.625,39.35,44.3,41.825,40.65,11.8,0.3149,0.5156,0.0037,-0.7213,1.3382,41.3528,47.6,2,17
LLY261023P01195000,LLY,2026-10-23,29,P,1195.0,0.45,1189.625,40.3,46.7,43.5,41.65,14.7,0.3189,-0.4905,0.0038,-0.7341,1.336,43.4709,52.4,1,4
LLY261023C01200000,LLY,2026-10-23,29,C,1200.0,0.87,1189.625,37.15,41.4,39.275,40.5,10.8,0.3134,0.4971,0.0037,-0.7215,1.3392,38.8248,45.8,29,95
LLY261023P01200000,LLY,2026-10-23,29,P,1200.0,0.87,1189.625,42.6,50.35,46.475,45.0,16.7,0.3212,-0.5093,0.0038,-0.7329,1.3342,46.4354,54.2,1,4
LLY261023C01205000,LLY,2026-10-23,29,C,1205.0,1.29,1189.625,34.2,41.75,37.975,20.9,19.9,0.3205,0.4786,0.0037,-0.7201,1.3374,37.5384,44.0,0,11
LLY261023P01205000,LLY,2026-10-23,29,P,1205.0,1.29,1189.625,45.75,54.4,50.075,47.2,17.3,0.3274,-0.5282,0.0038,-0.7298,1.3321,50.0113,56.0,1,7
LLY261023C01210000,LLY,2026-10-23,29,C,1210.0,1.71,1189.625,33.15,38.7,35.925,35.12,15.4,0.3213,0.4602,0.0037,-0.7171,1.3328,35.4991,42.2,11,10
LLY261023P01210000,LLY,2026-10-23,29,P,1210.0,1.71,1189.625,48.25,56.6,52.425,80.37,15.9,0.3237,-0.547,0.0038,-0.7254,1.3268,52.3539,57.8,0,1
LLY261023C01215000,LLY,2026-10-23,29,C,1215.0,2.13,1189.625,29.6,36.45,33.025,34.75,20.7,0.315,0.442,0.0037,-0.7126,1.3253,32.6091,40.3,2,21
LLY261023P01215000,LLY,2026-10-23,29,P,1215.0,2.13,1189.625,49.25,60.05,54.65,67.6,19.8,0.3183,-0.5657,0.0038,-0.7196,1.3185,54.565,59.7,0,11
LLY261023C01220000,LLY,2026-10-23,29,C,1220.0,2.55,1189.625,28.9,33.5,31.2,31.75,14.7,0.3162,0.4238,0.0037,-0.7066,1.3152,30.8036,38.5,11,17
LLY261023P01220000,LLY,2026-10-23,29,P,1220.0,2.55,1189.625,53.6,61.75,57.675,75.25,14.1,0.3182,-0.5842,0.0038,-0.7122,1.3025,57.5697,61.4,0,3
LLY261023C01225000,LLY,2026-10-23,29,C,1225.0,2.97,1189.625,24.8,32.5,28.65,19.73,26.9,0.3114,0.4056,0.0036,-0.699,1.3023,28.305,36.6,3,15
LLY261023P01225000,LLY,2026-10-23,29,P,1225.0,2.97,1189.625,56.9,65.8,61.35,79.15,14.5,0.3224,-0.6026,0.0037,-0.7033,1.2906,61.22,63.0,0,2
LLY261023C01230000,LLY,2026-10-23,29,C,1230.0,3.39,1189.625,24.6,30.5,27.55,20.8,21.4,0.3168,0.3879,0.0036,-0.6903,1.2872,27.2136,35.1,0,79
LLY261023P01230000,LLY,2026-10-23,29,P,1230.0,3.39,1189.625,57.1,69.25,63.175,64.15,19.2,0.3115,-0.6207,0.0037,-0.6932,1.275,63.0073,65.1,5,7
LLY261023C01235000,LLY,2026-10-23,29,C,1235.0,3.81,1189.625,23.15,28.3,25.725,23.15,20.0,0.316,0.3705,0.0036,-0.6803,1.2693,25.4052,33.4,2,10
LLY261023P01235000,LLY,2026-10-23,29,P,1235.0,3.81,1189.625,63.5,71.25,67.375,0.0,11.5,0.3186,-0.6386,0.0037,-0.6819,1.2561,67.19,66.5,0,0
LLY261023C01240000,LLY,2026-10-23,29,C,1240.0,4.23,1189.625,21.2,26.25,23.725,25.18,21.3,0.3131,0.3534,0.0035,-0.6691,1.2493,23.422,31.6,7,11
LLY261023P01240000,LLY,2026-10-23,29,P,1240.0,4.23,1189.625,62.75,74.9,68.825,89.8,17.7,0.3028,-0.6561,0.0036,-0.6693,1.2272,68.5894,68.8,0,2
LLY261023C01245000,LLY,2026-10-23,29,C,1245.0,4.65,1189.625,18.75,26.2,22.475,23.0,33.1,0.3156,0.3367,0.0034,-0.6568,1.2277,22.1901,30.1,3,67
LLY261023P01245000,LLY,2026-10-23,29,P,1245.0,4.65,1189.625,66.4,80.75,73.575,0.0,19.5,0.3131,-0.6733,0.0036,-0.6557,1.2066,73.3102,70.0,0,0
LLY261023C01250000,LLY,2026-10-23,29,C,1250.0,5.08,1189.625,20.4,23.75,22.075,20.19,15.2,0.3241,0.3206,0.0034,-0.6439,1.2044,21.7451,29.0,63,54
LLY261023P01250000,LLY,2026-10-23,29,P,1250.0,5.08,1189.625,70.5,86.0,78.25,0.0,19.8,0.3226,-0.6902,0.0035,-0.6412,1.1825,77.9735,71.1,0,0
LLY261023C01255000,LLY,2026-10-23,29,C,1255.0,5.5,1189.625,18.8,21.15,19.975,19.55,11.8,0.3186,0.3048,0.0033,-0.6298,1.1786,19.6898,27.3,15,17
LLY261023P01255000,LLY,2026-10-23,29,P,1255.0,5.5,1189.625,73.6,89.9,81.75,79.17,19.9,0.3216,-0.7066,0.0034,-0.6258,1.155,81.4345,72.6,1,1
LLY261023C01260000,LLY,2026-10-23,29,C,1260.0,5.92,1189.625,17.45,19.75,18.6,19.45,12.4,0.3183,0.2893,0.0032,-0.6149,1.1512,18.3335,25.8,4,27
LLY261023P01260000,LLY,2026-10-23,29,P,1260.0,5.92,1189.625,78.45,88.5,83.475,81.53,12.0,0.3039,-0.7225,0.0033,-0.6096,1.1162,83.0781,75.1,1,0
LLY261023C01265000,LLY,2026-10-23,29,C,1265.0,6.34,1189.625,11.0,20.4,15.7,15.2,59.9,0.3035,0.2744,0.0032,-0.5994,1.1231,15.4511,23.5,32,1
LLY261023P01265000,LLY,2026-10-23,29,P,1265.0,6.34,1189.625,82.95,93.9,88.425,85.87,12.4,0.3144,-0.7379,0.0033,-0.5929,1.089,88.0113,75.9,4,1
LLY261023C01270000,LLY,2026-10-23,29,C,1270.0,6.76,1189.625,14.65,17.2,15.925,14.26,16.0,0.3163,0.2599,0.0031,-0.5834,1.0936,15.6861,22.9,30,57
LLY261023P01270000,LLY,2026-10-23,29,P,1270.0,6.76,1189.625,85.4,100.8,93.1,0.0,16.5,0.3222,-0.7529,0.0032,-0.5756,1.0592,92.6719,76.7,0,0
LLY261023C01275000,LLY,2026-10-23,29,C,1275.0,7.18,1189.625,13.8,15.95,14.875,14.85,14.5,0.317,0.246,0.003,-0.5668,1.0626,14.6513,21.6,106,45
LLY261023P01275000,LLY,2026-10-23,29,P,1275.0,7.18,1189.625,91.95,104.0,97.975,137.8,12.3,0.3315,-0.7674,0.0031,-0.5578,1.0263,97.5221,77.5,0,1
LLY261023C01280000,LLY,2026-10-23,29,C,1280.0,7.6,1189.625,11.7,19.5,15.6,8.1,50.0,0.3341,0.2326,0.0029,-0.55,1.0309,15.3731,21.5,0,103
LLY261023P01280000,LLY,2026-10-23,29,P,1280.0,7.6,1189.625,92.5,108.2,100.35,120.75,15.6,0.316,-0.7813,0.003,-0.5395,0.9842,99.8167,79.7,0,1
LLY261023C01285000,LLY,2026-10-23,29,C,1285.0,8.02,1189.625,9.4,14.8,12.1,12.9,44.6,0.3097,0.2197,0.0028,-0.5328,0.9992,11.9071,18.7,9,12
LLY261023P01285000,LLY,2026-10-23,29,P,1285.0,8.02,1189.625,95.65,113.05,104.35,0.0,16.7,0.3153,-0.7947,0.0029,-0.5214,0.9491,103.7508,81.0,0,0
LLY261023C01290000,LLY,2026-10-23,29,C,1290.0,8.44,1189.625,10.55,17.25,13.9,7.8,48.2,0.3376,0.2074,0.0027,-0.5155,0.9671,13.6993,19.3,0,15
LLY261023P01290000,LLY,2026-10-23,29,P,1290.0,8.44,1189.625,100.7,117.25,108.975,0.0,15.2,0.3208,-0.8077,0.0028,-0.5028,0.9167,108.3394,81.8,0,0
LLY261023C01295000,LLY,2026-10-23,29,C,1295.0,8.86,1189.625,9.6,16.0,12.8,10.7,50.0,0.336,0.1956,0.0026,-0.4981,0.9342,12.609,18.1,5,82
LLY261023P01295000,LLY,2026-10-23,29,P,1295.0,8.86,1189.625,105.55,121.55,113.55,113.58,14.1,0.3256,-0.82,0.0027,-0.4841,0.8821,112.8888,82.5,6,0
LLY261023C01300000,LLY,2026-10-23,29,C,1300.0,9.28,1189.625,5.1,11.0,8.05,9.95,73.3,0.2922,0.1843,0.0025,-0.4807,0.901,7.9067,14.0,24,95
LLY261023P01300000,LLY,2026-10-23,29,P,1300.0,9.28,1189.625,109.05,125.85,117.45,138.35,14.3,0.322,-0.8318,0.0026,-0.465,0.843,116.7055,83.8,0,1
LLY261023C01305000,LLY,2026-10-23,29,C,1305.0,9.7,1189.625,7.5,14.6,11.05,9.1,64.3,0.3357,0.1736,0.0024,-0.4634,0.8684,10.8779,16.1,22,24
LLY261023P01305000,LLY,2026-10-23,29,P,1305.0,9.7,1189.625,116.05,130.0,123.025,0.0,11.3,0.3378,-0.8431,0.0025,-0.4466,0.7982,122.3004,83.8,0,0
LLY261023C01310000,LLY,2026-10-23,29,C,1310.0,10.12,1189.625,3.1,13.05,8.075,8.2,123.2,0.3096,0.1634,0.0023,-0.4462,0.8363,7.9416,13.3,4,65
LLY261023P01310000,LLY,2026-10-23,29,P,1310.0,10.12,1189.625,120.5,133.65,127.075,166.75,10.3,0.3353,-0.8539,0.0024,-0.4282,0.7652,126.2855,84.9,0,1
LLY261023C01315000,LLY,2026-10-23,29,C,1315.0,10.54,1189.625,6.1,9.35,7.725,7.8,42.1,0.3135,0.1537,0.0022,-0.4292,0.8041,7.5983,12.7,6,21
LLY261023P01315000,LLY,2026-10-23,29,P,1315.0,10.54,1189.625,124.95,138.0,131.475,155.4,9.9,0.3363,-0.8641,0.0024,-0.4098,0.7343,130.6248,85.8,0,1
LLY261023C01320000,LLY,2026-10-23,29,C,1320.0,10.96,1189.625,3.0,8.9,5.95,7.25,99.2,0.2973,0.1446,0.0021,-0.4125,0.7719,5.842,10.7,22,10
LLY261023P01320000,LLY,2026-10-23,29,P,1320.0,10.96,1189.625,129.5,142.95,136.225,156.6,9.9,0.3413,-0.8738,0.0022,-0.391,0.6981,135.3252,86.3,0,1
LLY261023C01325000,LLY,2026-10-23,29,C,1325.0,11.38,1189.625,1.16,13.75,7.455,5.05,168.9,0.3262,0.1359,0.002,-0.3961,0.7405,7.3336,11.8,0,17
LLY261023P01325000,LLY,2026-10-23,29,P,1325.0,11.38,1189.625,134.75,148.0,141.375,185.2,9.4,0.3518,-0.8829,0.0022,-0.3725,0.6537,140.4832,86.5,0,1
LLY261023C01330000,LLY,2026-10-23,29,C,1330.0,11.8,1189.625,4.35,9.9,7.125,6.2,77.9,0.3297,0.1277,0.0019,-0.38,0.7102,7.0122,11.3,2,18
LLY261023P01330000,LLY,2026-10-23,29,P,1330.0,11.8,1189.625,139.15,151.4,145.275,0.0,8.4,0.3448,-0.8917,0.0021,-0.3546,0.6145,144.2792,87.8,0,0
LLY261023C01335000,LLY,2026-10-23,29,C,1335.0,12.22,1189.625,3.8,13.25,8.525,5.85,110.9,0.3564,0.1199,0.0018,-0.3644,0.6806,8.3952,12.2,0,5
LLY261023P01335000,LLY,2026-10-23,29,P,1335.0,12.22,1189.625,143.8,155.7,149.75,0.0,7.9,0.345,-0.9,0.002,-0.3367,0.5852,148.6875,88.5,0,0
LLY261023C01340000,LLY,2026-10-23,29,C,1340.0,12.64,1189.625,2.29,7.3,4.795,6.34,104.5,0.3095,0.1126,0.0018,-0.3492,0.6513,4.713,8.5,2,5
LLY261023P01340000,LLY,2026-10-23,29,P,1340.0,12.64,1189.625,148.5,159.2,153.85,198.55,7.0,0.3382,-0.9077,0.0019,-0.319,0.5573,152.6511,89.7,0,1
LLY261023C01345000,LLY,2026-10-23,29,C,1345.0,13.06,1189.625,2.06,9.95,6.005,3.05,131.4,0.3363,0.1058,0.0017,-0.3344,0.6226,5.9081,9.5,0,8
LLY261023P01345000,LLY,2026-10-23,29,P,1345.0,13.06,1189.625,152.3,164.95,158.625,203.1,8.0,0.3419,-0.915,0.0018,-0.3012,0.5251,157.3786,90.1,0,19
LLY261023C01360000,LLY,2026-10-23,29,C,1360.0,14.32,1189.625,2.95,4.85,3.9,4.07,48.7,0.3214,0.0876,0.0014,-0.2929,0.5437,3.8374,6.8,5,9
LLY261023P01360000,LLY,2026-10-23,29,P,1360.0,14.32,1189.625,167.05,177.05,172.05,173.69,5.8,0.3321,-0.9342,0.0015,-0.2482,0.4215,170.455,92.5,1,1
LLY261023C01380000,LLY,2026-10-23,29,C,1380.0,16.0,1189.625,0.01,9.0,4.505,1.94,199.6,0.3602,0.068,0.0012,-0.2444,0.4499,4.4447,6.9,0,4
LLY261023P01380000,LLY,2026-10-23,29,P,1380.0,16.0,1189.625,185.95,198.3,192.125,0.0,6.4,0.3611,-0.9566,0.0015,-0.1809,0.3135,190.4875,93.0,0,0
LLY261023C01400000,LLY,2026-10-23,29,C,1400.0,17.68,1189.625,0.37,3.0,1.685,2.09,156.1,0.3158,0.0532,0.001,-0.204,0.372,1.6627,3.3,2,44
LLY261023P01400000,LLY,2026-10-23,29,P,1400.0,17.68,1189.625,202.85,219.55,211.2,0.0,7.9,0.3612,-0.9743,0.0013,-0.162,0.1964,209.2151,94.7,0,0
LLY261023C01420000,LLY,2026-10-23,29,C,1420.0,19.37,1189.625,0.0,10.0,1.35,1.35,,0.4223,0.0419,0.0008,-0.1708,0.3083,4.945,6.4,0,27
LLY261023P01420000,LLY,2026-10-23,29,P,1420.0,19.37,1189.625,221.95,239.5,230.725,0.0,7.6,0.3672,-0.9878,0.0009,-0.2107,0.1059,228.448,95.8,0,0
LLY261023C01440000,LLY,2026-10-23,29,C,1440.0,21.05,1189.625,0.0,11.05,1.02,1.02,,0.4581,0.0332,0.0006,-0.1436,0.2556,5.4717,6.4,0,20
LLY261023P01440000,LLY,2026-10-23,29,P,1440.0,21.05,1189.625,241.9,259.2,250.55,0.0,6.9,0.3774,-0.9952,0.0004,-0.3117,0.008,247.9662,96.6,0,0
LLY261023C01460000,LLY,2026-10-23,29,C,1460.0,22.73,1189.625,0.58,1.52,1.05,1.05,89.5,0.3534,0.0266,0.0005,-0.1214,0.2134,1.0423,1.9,2,10
LLY261023P01460000,LLY,2026-10-23,29,P,1460.0,22.73,1189.625,264.1,279.35,271.725,0.0,5.6,0.4509,-0.9989,0.0001,-0.3872,0.0,269.75,95.1,0,0
LLY261023C01480000,LLY,2026-10-23,29,C,1480.0,24.41,1189.625,0.0,4.55,0.61,0.61,,0.4242,0.0216,0.0004,-0.1033,0.1788,2.2583,3.1,0,15
LLY261023P01480000,LLY,2026-10-23,29,P,1480.0,24.41,1189.625,284.1,299.35,291.725,0.0,5.2,0.4744,-1.0,0.0,-0.4392,0.0,289.698,95.3,0,0
LLY261030C00900000,LLY,2026-10-30,36,C,900.0,-24.35,1189.625,289.0,300.6,294.8,0.0,3.9,0.4183,0.9752,0.0003,-0.0444,0.2214,293.9228,98.2,0,0
LLY261030P00900000,LLY,2026-10-30,36,P,900.0,-24.35,1189.625,0.77,2.21,1.49,1.55,96.6,0.4657,-0.0251,0.0003,-0.1392,0.2234,1.5222,3.1,1,116
LLY261030C00910000,LLY,2026-10-30,36,C,910.0,-23.51,1189.625,278.0,290.85,284.425,0.0,4.5,0.3608,0.972,0.0004,-0.0611,0.2453,283.5282,99.0,0,0
LLY261030P00910000,LLY,2026-10-30,36,P,910.0,-23.51,1189.625,0.81,3.8,2.305,1.95,129.7,0.4853,-0.0283,0.0004,-0.1528,0.2462,2.347,4.4,0,26
LLY261030C00920000,LLY,2026-10-30,36,C,920.0,-22.66,1189.625,269.6,281.15,275.375,0.0,4.2,0.4204,0.9683,0.0004,-0.079,0.2717,274.4913,97.2,0,0
LLY261030P00920000,LLY,2026-10-30,36,P,920.0,-22.66,1189.625,0.67,4.4,2.535,2.33,147.1,0.4771,-0.032,0.0004,-0.1676,0.2726,2.5774,4.8,0,14
LLY261030C00930000,LLY,2026-10-30,36,C,930.0,-21.82,1189.625,258.65,272.7,265.675,0.0,5.3,0.4181,0.9642,0.0005,-0.0981,0.3001,264.7879,96.7,0,0
LLY261030P00930000,LLY,2026-10-30,36,P,930.0,-21.82,1189.625,0.27,4.8,2.535,2.71,178.7,0.4605,-0.0362,0.0005,-0.1837,0.3031,2.5765,4.9,1,7
LLY261030C00935000,LLY,2026-10-30,36,C,935.0,-21.4,1189.625,254.0,266.75,260.375,0.0,4.9,0.3941,0.9619,0.0005,-0.1081,0.3151,259.4784,97.2,0,0
LLY261030P00935000,LLY,2026-10-30,36,P,935.0,-21.4,1189.625,1.42,4.9,3.16,3.27,110.1,0.472,-0.0385,0.0005,-0.1923,0.3174,3.2026,5.7,2,11
LLY261030C00940000,LLY,2026-10-30,36,C,940.0,-20.98,1189.625,249.05,261.95,255.5,0.0,5.0,0.392,0.9595,0.0005,-0.1184,0.3309,254.6008,97.0,0,0
LLY261030P00940000,LLY,2026-10-30,36,P,940.0,-20.98,1189.625,1.9,5.3,3.6,3.16,94.4,0.4761,-0.0409,0.0005,-0.2011,0.3325,3.6472,6.3,3,7
LLY261030C00945000,LLY,2026-10-30,36,C,945.0,-20.56,1189.625,244.25,258.35,251.3,0.0,5.6,0.4181,0.957,0.0005,-0.1291,0.3475,250.4111,95.7,0,0
LLY261030P00945000,LLY,2026-10-30,36,P,945.0,-20.56,1189.625,1.48,5.5,3.49,3.64,115.2,0.4645,-0.0435,0.0005,-0.2103,0.349,3.5377,6.3,1,63
LLY261030C00950000,LLY,2026-10-30,36,C,950.0,-20.14,1189.625,240.0,252.5,246.25,0.0,5.1,0.4074,0.9543,0.0006,-0.1401,0.3649,245.3554,95.8,0,0
LLY261030P00950000,LLY,2026-10-30,36,P,950.0,-20.14,1189.625,1.91,6.1,4.005,4.07,104.6,0.4694,-0.0462,0.0006,-0.2198,0.3665,4.0536,7.0,2,12
LLY261030C00955000,LLY,2026-10-30,36,C,955.0,-19.72,1189.625,234.8,247.15,240.975,0.0,5.1,0.3878,0.9514,0.0006,-0.1515,0.383,240.0705,96.2,0,0
LLY261030P00955000,LLY,2026-10-30,36,P,955.0,-19.72,1189.625,1.89,4.2,3.045,2.97,75.9,0.435,-0.049,0.0006,-0.2297,0.3843,3.089,5.8,3,8
LLY261030C00960000,LLY,2026-10-30,36,C,960.0,-19.3,1189.625,230.05,243.05,236.55,0.0,5.5,0.4007,0.9484,0.0006,-0.1633,0.4015,235.6512,95.3,0,0
LLY261030P00960000,LLY,2026-10-30,36,P,960.0,-19.3,1189.625,2.21,5.35,3.78,4.16,83.1,0.4464,-0.0521,0.0006,-0.2399,0.4049,3.8285,6.8,0,10
LLY261030C00965000,LLY,2026-10-30,36,C,965.0,-18.88,1189.625,225.35,238.35,231.85,0.0,5.6,0.4018,0.9452,0.0007,-0.1754,0.4206,230.9515,94.8,0,0
LLY261030P00965000,LLY,2026-10-30,36,P,965.0,-18.88,1189.625,1.76,10.5,6.13,4.5,142.6,0.4894,-0.0553,0.0007,-0.2506,0.4242,6.1855,9.5,0,8
LLY261030C00970000,LLY,2026-10-30,36,C,970.0,-18.46,1189.625,220.65,233.65,227.15,0.0,5.7,0.4021,0.9419,0.0007,-0.1879,0.4406,226.2512,94.3,0,0
LLY261030P00970000,LLY,2026-10-30,36,P,970.0,-18.46,1189.625,3.0,7.8,5.4,5.4,88.9,0.4656,-0.0587,0.0007,-0.2617,0.4429,5.4557,8.9,1,11
LLY261030C00975000,LLY,2026-10-30,36,C,975.0,-18.04,1189.625,216.0,228.95,222.475,189.39,5.8,0.4024,0.9383,0.0007,-0.2008,0.4615,221.5755,93.9,0,1
LLY261030P00975000,LLY,2026-10-30,36,P,975.0,-18.04,1189.625,2.21,6.2,4.205,6.7,94.9,0.4307,-0.0623,0.0008,-0.2731,0.4635,4.2534,7.6,0,15
LLY261030C00980000,LLY,2026-10-30,36,C,980.0,-17.62,1189.625,211.3,224.35,217.825,0.0,6.0,0.4027,0.9345,0.0008,-0.2141,0.4834,216.9258,93.3,0,0
LLY261030P00980000,LLY,2026-10-30,36,P,980.0,-17.62,1189.625,3.7,8.5,6.1,6.1,78.7,0.4611,-0.0661,0.0008,-0.2849,0.4856,6.1552,9.8,1,14
LLY261030C00985000,LLY,2026-10-30,36,C,985.0,-17.2,1189.625,206.7,219.7,213.2,0.0,6.1,0.403,0.9305,0.0008,-0.2277,0.506,212.3037,92.8,0,0
LLY261030P00985000,LLY,2026-10-30,36,P,985.0,-17.2,1189.625,3.55,12.35,7.95,5.7,110.7,0.4844,-0.0702,0.0008,-0.297,0.5079,8.0127,11.7,0,5
LLY261030C00990000,LLY,2026-10-30,36,C,990.0,-16.78,1189.625,202.1,214.15,208.125,0.0,5.8,0.3922,0.9263,0.0009,-0.2418,0.529,207.2243,92.8,0,0
LLY261030P00990000,LLY,2026-10-30,36,P,990.0,-16.78,1189.625,2.45,9.65,6.05,8.0,119.0,0.4418,-0.0744,0.0009,-0.3096,0.5336,6.1049,10.0,0,23
LLY261030C00995000,LLY,2026-10-30,36,C,995.0,-16.36,1189.625,197.5,211.15,204.325,163.65,6.7,0.4094,0.9219,0.0009,-0.2562,0.5526,203.4316,91.2,0,1
LLY261030P00995000,LLY,2026-10-30,36,P,995.0,-16.36,1189.625,1.24,9.85,5.545,6.03,155.3,0.4233,-0.0789,0.0009,-0.3226,0.557,5.6005,9.6,3,5
LLY261030C01000000,LLY,2026-10-30,36,C,1000.0,-15.94,1189.625,192.95,207.35,200.15,164.0,7.2,0.4161,0.9172,0.001,-0.271,0.577,199.2599,90.2,0,1
LLY261030P01000000,LLY,2026-10-30,36,P,1000.0,-15.94,1189.625,3.15,7.35,5.25,6.7,80.0,0.4087,-0.0836,0.001,-0.336,0.58,5.3041,9.4,10,24
LLY261030C01005000,LLY,2026-10-30,36,C,1005.0,-15.52,1189.625,188.45,200.6,194.525,0.0,6.2,0.3949,0.9122,0.001,-0.2862,0.6025,193.6296,90.8,0,0
LLY261030P01005000,LLY,2026-10-30,36,P,1005.0,-15.52,1189.625,2.6,9.1,5.85,7.98,111.1,0.4108,-0.0886,0.001,-0.3497,0.6052,5.9029,10.1,4,27
LLY261030C01010000,LLY,2026-10-30,36,C,1010.0,-15.1,1189.625,184.0,197.95,190.975,0.0,7.3,0.4118,0.907,0.001,-0.3017,0.6288,190.0862,89.1,0,0
LLY261030P01010000,LLY,2026-10-30,36,P,1010.0,-15.1,1189.625,4.3,8.05,6.175,8.71,60.7,0.4075,-0.0939,0.001,-0.3638,0.6318,6.2327,10.6,0,5
LLY261030C01015000,LLY,2026-10-30,36,C,1015.0,-14.68,1189.625,179.55,191.8,185.675,0.0,6.6,0.3971,0.9016,0.0011,-0.3175,0.6557,184.7797,89.3,0,0
LLY261030P01015000,LLY,2026-10-30,36,P,1015.0,-14.68,1189.625,6.05,14.15,10.1,9.28,80.2,0.458,-0.0994,0.0011,-0.3782,0.6581,10.1577,14.5,1,9
LLY261030C01020000,LLY,2026-10-30,36,C,1020.0,-14.26,1189.625,175.5,187.2,181.35,0.0,6.5,0.3989,0.8958,0.0011,-0.3337,0.6829,180.4626,88.4,0,0
LLY261030P01020000,LLY,2026-10-30,36,P,1020.0,-14.26,1189.625,7.1,8.75,7.925,9.78,20.8,0.417,-0.1052,0.0012,-0.393,0.69,7.9867,12.7,2,41
LLY261030C01025000,LLY,2026-10-30,36,C,1025.0,-13.84,1189.625,171.15,182.85,177.0,0.0,6.6,0.3994,0.8898,0.0012,-0.3502,0.7105,176.1105,87.6,0,0
LLY261030P01025000,LLY,2026-10-30,36,P,1025.0,-13.84,1189.625,7.0,15.0,11.0,15.0,72.7,0.4501,-0.1113,0.0012,-0.4081,0.7151,11.0665,15.6,0,25
LLY261030C01030000,LLY,2026-10-30,36,C,1030.0,-13.42,1189.625,166.3,178.55,172.425,0.0,7.1,0.3961,0.8834,0.0012,-0.367,0.7389,171.5409,87.0,0,0
LLY261030P01030000,LLY,2026-10-30,36,P,1030.0,-13.42,1189.625,7.7,11.15,9.425,11.58,36.6,0.4191,-0.1177,0.0013,-0.4235,0.7423,9.4879,14.5,2,28
LLY261030C01035000,LLY,2026-10-30,36,C,1035.0,-13.0,1189.625,162.55,174.3,168.425,0.0,7.0,0.4005,0.8768,0.0013,-0.384,0.7681,167.5439,85.9,0,0
LLY261030P01035000,LLY,2026-10-30,36,P,1035.0,-13.0,1189.625,7.85,15.6,11.725,12.2,66.1,0.4389,-0.1244,0.0013,-0.4391,0.7717,11.7884,16.6,1,9
LLY261030C01040000,LLY,2026-10-30,36,C,1040.0,-12.58,1189.625,157.2,170.1,163.65,0.0,7.9,0.3936,0.8699,0.0014,-0.4013,0.7979,162.7703,85.5,0,0
LLY261030P01040000,LLY,2026-10-30,36,P,1040.0,-12.58,1189.625,8.5,12.75,10.625,12.6,40.0,0.415,-0.1314,0.0014,-0.455,0.8012,10.6904,16.0,1,20
LLY261030C01045000,LLY,2026-10-30,36,C,1045.0,-12.16,1189.625,153.0,165.9,159.45,0.0,8.1,0.3941,0.8627,0.0014,-0.4187,0.8278,158.574,84.5,0,0
LLY261030P01045000,LLY,2026-10-30,36,P,1045.0,-12.16,1189.625,8.55,17.1,12.825,15.75,66.7,0.4315,-0.1386,0.0014,-0.471,0.8336,12.8927,17.9,0,5
LLY261030C01050000,LLY,2026-10-30,36,C,1050.0,-11.74,1189.625,149.3,161.7,155.5,145.28,8.0,0.3971,0.8552,0.0015,-0.4364,0.8576,154.6309,83.4,0,6
LLY261030P01050000,LLY,2026-10-30,36,P,1050.0,-11.74,1189.625,10.45,14.6,12.525,12.78,33.1,0.4176,-0.1463,0.0015,-0.4873,0.8639,12.5936,18.0,3,50
LLY261030C01055000,LLY,2026-10-30,36,C,1055.0,-11.32,1189.625,144.55,157.2,150.875,124.14,8.4,0.3912,0.8473,0.0015,-0.4541,0.8876,150.0016,82.8,0,1
LLY261030P01055000,LLY,2026-10-30,36,P,1055.0,-11.32,1189.625,10.75,18.8,14.775,17.5,54.5,0.4322,-0.1542,0.0015,-0.5036,0.8919,14.8372,19.9,0,22
LLY261030C01060000,LLY,2026-10-30,36,C,1060.0,-10.9,1189.625,141.6,153.5,147.55,0.0,8.1,0.4001,0.8392,0.0016,-0.4719,0.9183,146.6867,81.2,0,0
LLY261030P01060000,LLY,2026-10-30,36,P,1060.0,-10.9,1189.625,12.0,15.75,13.875,13.88,27.0,0.4117,-0.1624,0.0016,-0.52,0.9222,13.9369,19.5,3,46
LLY261030C01065000,LLY,2026-10-30,36,C,1065.0,-10.48,1189.625,136.3,149.45,142.875,102.5,9.2,0.393,0.8307,0.0016,-0.4897,0.9493,142.0132,80.7,0,1
LLY261030P01065000,LLY,2026-10-30,36,P,1065.0,-10.48,1189.625,12.35,21.05,16.7,16.74,52.1,0.4307,-0.171,0.0017,-0.5365,0.9535,16.7685,21.8,1,39
LLY261030C01070000,LLY,2026-10-30,36,C,1070.0,-10.06,1189.625,133.75,145.5,139.625,129.43,8.4,0.4009,0.822,0.0017,-0.5075,0.9801,138.7743,79.1,0,3
LLY261030P01070000,LLY,2026-10-30,36,P,1070.0,-10.06,1189.625,13.1,20.85,16.975,15.0,45.7,0.4224,-0.1798,0.0017,-0.553,0.9834,17.0445,22.3,1,18
LLY261030C01075000,LLY,2026-10-30,36,C,1075.0,-9.64,1189.625,130.5,141.6,136.05,123.1,8.2,0.4044,0.8129,0.0018,-0.5252,1.0104,135.2106,77.8,0,3
LLY261030P01075000,LLY,2026-10-30,36,P,1075.0,-9.64,1189.625,14.5,18.5,16.5,18.63,24.2,0.4065,-0.189,0.0018,-0.5694,1.0181,16.5635,22.3,1,22
LLY261030C01080000,LLY,2026-10-30,36,C,1080.0,-9.22,1189.625,126.85,136.6,131.725,129.6,7.4,0.3998,0.8035,0.0018,-0.5429,1.0404,130.8898,77.0,2,7
LLY261030P01080000,LLY,2026-10-30,36,P,1080.0,-9.22,1189.625,15.0,19.25,17.125,18.55,24.8,0.4015,-0.1985,0.0018,-0.5856,1.0454,17.187,23.1,2,17
LLY261030C01085000,LLY,2026-10-30,36,C,1085.0,-8.79,1189.625,122.65,133.9,128.275,0.0,8.8,0.4032,0.7938,0.0019,-0.5603,1.0704,127.4442,75.6,0,0
LLY261030P01085000,LLY,2026-10-30,36,P,1085.0,-8.79,1189.625,16.0,25.0,20.5,30.35,43.9,0.4219,-0.2083,0.0019,-0.6017,1.0749,20.5614,25.5,0,12
LLY261030C01090000,LLY,2026-10-30,36,C,1090.0,-8.37,1189.625,118.8,130.15,124.475,0.0,9.1,0.4027,0.7839,0.0019,-0.5776,1.1004,123.6508,74.5,0,0
LLY261030P01090000,LLY,2026-10-30,36,P,1090.0,-8.37,1189.625,17.65,23.55,20.6,20.33,28.6,0.4112,-0.2184,0.002,-0.6176,1.1051,20.6692,26.0,10,27
LLY261030C01095000,LLY,2026-10-30,36,C,1095.0,-7.95,1189.625,114.05,125.35,119.7,0.0,9.4,0.393,0.7736,0.002,-0.5945,1.1299,118.8833,73.9,0,0
LLY261030P01095000,LLY,2026-10-30,36,P,1095.0,-7.95,1189.625,18.7,24.25,21.475,20.81,25.8,0.4072,-0.2287,0.002,-0.6333,1.1336,21.5397,26.9,3,18
LLY261030C01100000,LLY,2026-10-30,36,C,1100.0,-7.53,1189.625,110.7,121.6,116.15,114.11,9.4,0.3939,0.7631,0.002,-0.6111,1.1584,115.3335,72.7,2,4
LLY261030P01100000,LLY,2026-10-30,36,P,1100.0,-7.53,1189.625,19.8,25.2,22.5,22.77,24.0,0.4042,-0.2394,0.0021,-0.6486,1.1667,22.5626,27.9,8,35
LLY261030C01105000,LLY,2026-10-30,36,C,1105.0,-7.11,1189.625,108.2,118.8,113.5,85.1,9.3,0.402,0.7522,0.0021,-0.6274,1.186,112.6994,71.0,0,1
LLY261030P01105000,LLY,2026-10-30,36,P,1105.0,-7.11,1189.625,21.3,26.7,24.0,23.85,22.5,0.4048,-0.2504,0.0021,-0.6635,1.1914,24.0554,29.2,3,17
LLY261030C01110000,LLY,2026-10-30,36,C,1110.0,-6.69,1189.625,104.3,115.55,109.925,82.2,10.2,0.4015,0.7412,0.0021,-0.6432,1.2131,109.1348,69.8,0,1
LLY261030P01110000,LLY,2026-10-30,36,P,1110.0,-6.69,1189.625,22.1,29.75,25.925,26.9,29.5,0.4084,-0.2615,0.0022,-0.678,1.2176,25.9776,30.6,1,5
LLY261030C01115000,LLY,2026-10-30,36,C,1115.0,-6.27,1189.625,100.05,111.5,105.775,97.68,10.8,0.3958,0.7299,0.0022,-0.6585,1.2397,104.9868,68.8,0,1
LLY261030P01115000,LLY,2026-10-30,36,P,1115.0,-6.27,1189.625,25.15,29.3,27.225,25.3,15.2,0.4064,-0.273,0.0022,-0.692,1.2443,27.2844,31.8,19,1
LLY261030C01120000,LLY,2026-10-30,36,C,1120.0,-5.85,1189.625,96.55,107.7,102.125,86.0,10.9,0.3938,0.7183,0.0022,-0.6733,1.2654,101.3393,67.6,0,5
LLY261030P01120000,LLY,2026-10-30,36,P,1120.0,-5.85,1189.625,25.65,32.5,29.075,28.67,23.6,0.4082,-0.2847,0.0023,-0.7055,1.2692,29.1255,33.1,1,38
LLY261030C01125000,LLY,2026-10-30,36,C,1125.0,-5.43,1189.625,93.05,103.25,98.15,80.0,10.4,0.3889,0.7066,0.0023,-0.6875,1.2898,97.3745,66.6,0,8
LLY261030P01125000,LLY,2026-10-30,36,P,1125.0,-5.43,1189.625,26.35,35.4,30.875,33.39,29.3,0.4091,-0.2966,0.0023,-0.7184,1.2977,30.9221,34.4,4,3
LLY261030C01130000,LLY,2026-10-30,36,C,1130.0,-5.01,1189.625,90.65,101.8,96.225,82.1,11.6,0.3994,0.6946,0.0023,-0.701,1.3128,95.466,64.8,2,31
LLY261030P01130000,LLY,2026-10-30,36,P,1130.0,-5.01,1189.625,27.9,37.3,32.6,30.53,28.8,0.4089,-0.3087,0.0024,-0.7306,1.318,32.6415,35.7,2,5
LLY261030C01135000,LLY,2026-10-30,36,C,1135.0,-4.59,1189.625,85.7,98.45,92.075,77.42,13.8,0.3923,0.6824,0.0024,-0.7139,1.3348,91.3271,63.8,0,1
LLY261030P01135000,LLY,2026-10-30,36,P,1135.0,-4.59,1189.625,30.6,36.1,33.35,33.6,16.5,0.401,-0.3211,0.0024,-0.7422,1.3386,33.3935,36.6,2,5
LLY261030C01140000,LLY,2026-10-30,36,C,1140.0,-4.17,1189.625,83.85,93.8,88.825,87.9,11.2,0.3916,0.6701,0.0024,-0.7261,1.3558,88.0906,62.4,4,21
LLY261030P01140000,LLY,2026-10-30,36,P,1140.0,-4.17,1189.625,31.3,39.75,35.525,36.15,23.8,0.4033,-0.3336,0.0024,-0.7531,1.3596,35.5631,38.0,2,22
LLY261030C01145000,LLY,2026-10-30,36,C,1145.0,-3.75,1189.625,80.5,92.15,86.325,88.8,13.5,0.3958,0.6575,0.0024,-0.7375,1.3756,85.5919,60.9,3,14
LLY261030P01145000,LLY,2026-10-30,36,P,1145.0,-3.75,1189.625,33.45,40.85,37.15,52.0,19.9,0.4011,-0.3463,0.0025,-0.7633,1.3787,37.1878,39.3,0,13
LLY261030C01150000,LLY,2026-10-30,36,C,1150.0,-3.33,1189.625,78.4,89.25,83.825,85.75,12.9,0.3995,0.6449,0.0025,-0.7481,1.3938,83.1075,59.4,6,29
LLY261030P01150000,LLY,2026-10-30,36,P,1150.0,-3.33,1189.625,34.5,43.95,39.225,47.25,24.1,0.4019,-0.3589,0.0025,-0.7726,1.3982,39.2893,40.7,0,20
LLY261030C01155000,LLY,2026-10-30,36,C,1155.0,-2.91,1189.625,76.05,83.8,79.925,83.4,9.7,0.3927,0.632,0.0025,-0.7578,1.4105,79.2216,58.3,9,24
LLY261030P01155000,LLY,2026-10-30,36,P,1155.0,-2.91,1189.625,36.8,45.0,40.9,48.9,20.0,0.3988,-0.3721,0.0026,-0.7811,1.4142,40.9095,41.9,0,13
LLY261030C01160000,LLY,2026-10-30,36,C,1160.0,-2.49,1189.625,73.15,84.3,78.725,81.0,14.2,0.4045,0.6191,0.0026,-0.7668,1.4256,78.0353,56.6,20,25
LLY261030P01160000,LLY,2026-10-30,36,P,1160.0,-2.49,1189.625,38.25,46.95,42.6,42.9,20.4,0.3958,-0.3852,0.0026,-0.7887,1.4279,42.6014,43.2,1,3
LLY261030C01165000,LLY,2026-10-30,36,C,1165.0,-2.07,1189.625,69.4,82.1,75.75,72.0,16.8,0.4032,0.6061,0.0026,-0.7748,1.4394,75.0627,55.3,7,21
LLY261030P01165000,LLY,2026-10-30,36,P,1165.0,-2.07,1189.625,40.85,48.65,44.75,50.14,17.4,0.3956,-0.3985,0.0026,-0.7955,1.4412,44.7557,44.5,5,4
LLY261030C01170000,LLY,2026-10-30,36,C,1170.0,-1.65,1189.625,68.1,77.25,72.675,75.75,12.6,0.4009,0.593,0.0026,-0.782,1.4518,72.0082,54.0,19,14
LLY261030P01170000,LLY,2026-10-30,36,P,1170.0,-1.65,1189.625,43.45,49.35,46.4,47.72,12.7,0.3914,-0.4118,0.0026,-0.8015,1.4531,46.3967,45.8,1,39
LLY261030C01175000,LLY,2026-10-30,36,C,1175.0,-1.23,1189.625,65.65,72.15,68.9,72.9,9.4,0.3933,0.5798,0.0026,-0.7882,1.4625,68.2404,52.8,17,14
LLY261030P01175000,LLY,2026-10-30,36,P,1175.0,-1.23,1189.625,46.15,52.65,49.4,51.15,13.2,0.396,-0.4252,0.0027,-0.8065,1.4632,49.3839,47.2,7,8
LLY261030C01180000,LLY,2026-10-30,36,C,1180.0,-0.81,1189.625,61.3,69.4,65.35,70.05,12.4,0.3869,0.5665,0.0026,-0.7935,1.4714,64.703,51.5,10,14
LLY261030P01180000,LLY,2026-10-30,36,P,1180.0,-0.81,1189.625,47.4,54.05,50.725,51.98,13.1,0.3887,-0.4386,0.0027,-0.8104,1.4722,50.6967,48.5,6,5
LLY261030C01185000,LLY,2026-10-30,36,C,1185.0,-0.39,1189.625,61.65,68.8,65.225,71.1,11.0,0.4033,0.5532,0.0027,-0.7978,1.4788,64.5961,49.9,5,29
LLY261030P01185000,LLY,2026-10-30,36,P,1185.0,-0.39,1189.625,51.45,56.3,53.875,55.0,9.0,0.3934,-0.4522,0.0027,-0.8134,1.4787,53.8411,49.9,20,3
LLY261030C01190000,LLY,2026-10-30,36,C,1190.0,0.03,1189.625,60.0,64.35,62.175,63.25,7.0,0.3993,0.5399,0.0027,-0.8012,1.4845,61.5481,48.7,7,13
LLY261030P01190000,LLY,2026-10-30,36,P,1190.0,0.03,1189.625,53.9,58.8,56.35,56.35,8.7,0.3933,-0.4655,0.0027,-0.8157,1.4836,56.347,51.3,13,7
LLY261030C01195000,LLY,2026-10-30,36,C,1195.0,0.45,1189.625,54.25,63.25,58.75,60.55,15.3,0.3925,0.5265,0.0027,-0.8037,1.4886,58.1463,47.4,2,2
LLY261030P01195000,LLY,2026-10-30,36,P,1195.0,0.45,1189.625,55.7,64.15,59.925,60.7,14.1,0.3998,-0.479,0.0027,-0.817,1.4868,59.9024,52.7,49,8
LLY261030C01200000,LLY,2026-10-30,36,C,1200.0,0.87,1189.625,53.45,59.5,56.475,55.97,10.7,0.3929,0.5132,0.0027,-0.8052,1.4911,55.8808,46.0,8,31
LLY261030P01200000,LLY,2026-10-30,36,P,1200.0,0.87,1189.625,57.45,66.6,62.025,62.4,14.8,0.396,-0.4926,0.0027,-0.8173,1.4888,61.9928,54.0,14,8
LLY261030C01205000,LLY,2026-10-30,36,C,1205.0,1.29,1189.625,51.25,58.95,55.1,53.8,14.0,0.3992,0.4997,0.0027,-0.8056,1.4918,54.5614,44.7,2,21
LLY261030P01205000,LLY,2026-10-30,36,P,1205.0,1.29,1189.625,60.15,66.75,63.45,96.2,10.4,0.3872,-0.5061,0.0027,-0.8165,1.4876,63.4034,55.3,0,5
LLY261030C01210000,LLY,2026-10-30,36,C,1210.0,1.71,1189.625,48.8,57.75,53.275,43.69,16.8,0.4017,0.4864,0.0027,-0.8052,1.491,52.7408,43.4,0,2
LLY261030P01210000,LLY,2026-10-30,36,P,1210.0,1.71,1189.625,62.7,69.55,66.125,87.7,10.4,0.3863,-0.5196,0.0027,-0.8148,1.4869,66.0584,56.7,0,1
LLY261030C01215000,LLY,2026-10-30,36,C,1215.0,2.13,1189.625,46.25,53.85,50.05,33.46,15.2,0.3945,0.4732,0.0027,-0.8039,1.4886,49.5416,42.1,0,20
LLY261030P01215000,LLY,2026-10-30,36,P,1215.0,2.13,1189.625,65.1,77.25,71.175,90.9,17.1,0.401,-0.5331,0.0027,-0.8123,1.484,71.0987,57.9,0,1
LLY261030C01220000,LLY,2026-10-30,36,C,1220.0,2.55,1189.625,45.75,54.4,50.075,47.86,17.3,0.4086,0.4601,0.0027,-0.8016,1.4845,49.5692,40.9,4,11
LLY261030P01220000,LLY,2026-10-30,36,P,1220.0,2.55,1189.625,68.2,78.0,73.1,0.0,13.4,0.3942,-0.5465,0.0027,-0.809,1.478,73.0062,59.2,0,0
LLY261030C01225000,LLY,2026-10-30,36,C,1225.0,2.97,1189.625,41.15,47.8,44.475,48.16,15.0,0.3844,0.447,0.0027,-0.7985,1.4788,43.9916,39.3,3,5
LLY261030P01225000,LLY,2026-10-30,36,P,1225.0,2.97,1189.625,71.4,82.2,76.8,99.39,14.1,0.399,-0.5598,0.0027,-0.8047,1.4716,76.6967,60.5,0,2
LLY261030C01230000,LLY,2026-10-30,36,C,1230.0,3.39,1189.625,39.35,48.9,44.125,45.7,21.6,0.3952,0.434,0.0027,-0.7945,1.4715,43.6485,38.2,2,5
LLY261030P01230000,LLY,2026-10-30,36,P,1230.0,3.39,1189.625,72.25,84.05,78.15,95.15,15.1,0.3873,-0.573,0.0027,-0.7995,1.4634,78.0215,61.9,0,5
LLY261030C01235000,LLY,2026-10-30,36,C,1235.0,3.81,1189.625,38.25,47.15,42.7,37.86,20.8,0.3984,0.4212,0.0026,-0.7896,1.463,42.2419,37.1,2,9
LLY261030P01235000,LLY,2026-10-30,36,P,1235.0,3.81,1189.625,77.65,88.25,82.95,0.0,12.8,0.3987,-0.5862,0.0027,-0.7933,1.4519,82.798,62.9,0,0
LLY261030C01240000,LLY,2026-10-30,36,C,1240.0,4.23,1189.625,36.95,45.0,40.975,41.95,19.6,0.3991,0.4084,0.0026,-0.7839,1.453,40.5278,35.9,5,7
LLY261030P01240000,LLY,2026-10-30,36,P,1240.0,4.23,1189.625,81.3,91.4,86.35,89.37,11.7,0.4002,-0.5992,0.0027,-0.7864,1.4432,86.1799,64.1,1,1
LLY261030C01245000,LLY,2026-10-30,36,C,1245.0,4.65,1189.625,34.3,43.3,38.8,35.59,23.2,0.3963,0.3958,0.0026,-0.7775,1.4416,38.3691,34.6,1,9
LLY261030P01245000,LLY,2026-10-30,36,P,1245.0,4.65,1189.625,82.95,95.65,89.3,105.9,14.2,0.3982,-0.6121,0.0027,-0.7789,1.4296,89.115,65.4,0,7
LLY261030C01250000,LLY,2026-10-30,36,C,1250.0,5.08,1189.625,33.3,41.5,37.4,35.5,21.9,0.3984,0.3834,0.0026,-0.7702,1.4285,36.9743,33.5,19,50
LLY261030P01250000,LLY,2026-10-30,36,P,1250.0,5.08,1189.625,86.5,96.95,91.725,92.0,11.4,0.392,-0.6248,0.0026,-0.7706,1.414,91.5169,66.7,1,1
LLY261030C01255000,LLY,2026-10-30,36,C,1255.0,5.5,1189.625,32.15,39.85,36.0,37.08,21.4,0.4002,0.3711,0.0026,-0.7623,1.4141,35.5895,32.4,1,19
LLY261030P01255000,LLY,2026-10-30,36,P,1255.0,5.5,1189.625,92.25,101.9,97.075,112.7,9.9,0.4061,-0.6374,0.0026,-0.7614,1.4003,96.8563,67.4,0,8
LLY261030C01260000,LLY,2026-10-30,36,C,1260.0,5.92,1189.625,30.2,40.05,35.125,22.02,28.0,0.4053,0.359,0.0025,-0.7536,1.3987,34.7175,31.4,0,14
LLY261030P01260000,LLY,2026-10-30,36,P,1260.0,5.92,1189.625,92.0,105.7,98.85,131.5,13.9,0.3942,-0.6498,0.0026,-0.7515,1.3778,98.5828,68.9,0,1
LLY261030C01265000,LLY,2026-10-30,36,C,1265.0,6.34,1189.625,28.6,36.2,32.4,33.35,23.5,0.3968,0.347,0.0025,-0.7443,1.3823,32.0079,30.0,2,16
LLY261030P01265000,LLY,2026-10-30,36,P,1265.0,6.34,1189.625,98.75,108.5,103.625,0.0,9.4,0.4036,-0.662,0.0026,-0.741,1.3631,103.3397,69.7,0,0
LLY261030C01270000,LLY,2026-10-30,36,C,1270.0,6.76,1189.625,27.1,34.45,30.775,27.64,23.9,0.3958,0.3353,0.0025,-0.7345,1.3648,30.404,28.9,2,2
LLY261030P01270000,LLY,2026-10-30,36,P,1270.0,6.76,1189.625,100.55,112.85,106.7,139.45,11.5,0.4003,-0.6741,0.0025,-0.7301,1.345,106.3902,70.9,0,1
LLY261030C01275000,LLY,2026-10-30,36,C,1275.0,7.18,1189.625,24.05,33.45,28.75,23.98,32.7,0.3913,0.3238,0.0024,-0.724,1.346,28.3901,27.6,0,10
LLY261030P01275000,LLY,2026-10-30,36,P,1275.0,7.18,1189.625,102.35,117.25,109.8,136.79,13.6,0.3966,-0.6859,0.0025,-0.7186,1.323,109.4534,72.1,0,1
LLY261030C01280000,LLY,2026-10-30,36,C,1280.0,7.6,1189.625,21.9,32.65,27.275,20.1,39.4,0.3905,0.3124,0.0024,-0.713,1.3259,26.9345,26.6,3,12
LLY261030P01280000,LLY,2026-10-30,36,P,1280.0,7.6,1189.625,107.85,119.75,113.8,147.85,10.5,0.3993,-0.6976,0.0025,-0.7064,1.3013,113.429,73.1,0,2
LLY261030C01285000,LLY,2026-10-30,36,C,1285.0,8.02,1189.625,23.25,28.1,25.675,27.75,18.9,0.3882,0.3014,0.0024,-0.7015,1.305,25.3408,25.4,2,8
LLY261030P01285000,LLY,2026-10-30,36,P,1285.0,8.02,1189.625,110.35,124.75,117.55,0.0,12.3,0.3997,-0.709,0.0024,-0.6937,1.2809,117.146,74.1,0,0
LLY261030C01290000,LLY,2026-10-30,36,C,1290.0,8.44,1189.625,20.55,29.15,24.85,17.3,34.6,0.3916,0.2905,0.0023,-0.6896,1.2835,24.5311,24.6,0,7
LLY261030P01290000,LLY,2026-10-30,36,P,1290.0,8.44,1189.625,112.3,127.55,119.925,0.0,12.7,0.3886,-0.7202,0.0024,-0.6806,1.2512,119.4462,75.6,0,0
LLY261030C01295000,LLY,2026-10-30,36,C,1295.0,8.86,1189.625,18.8,28.65,23.725,19.35,41.5,0.3923,0.2798,0.0023,-0.6772,1.2616,23.4193,23.6,0,7
LLY261030P01295000,LLY,2026-10-30,36,P,1295.0,8.86,1189.625,119.85,131.1,125.475,0.0,9.0,0.4027,-0.7312,0.0024,-0.6672,1.2309,125.0009,75.9,0,0
LLY261030C01300000,LLY,2026-10-30,36,C,1300.0,9.28,1189.625,20.7,23.85,22.275,22.45,14.1,0.39,0.2695,0.0022,-0.6646,1.2388,21.9853,22.6,13,36
LLY261030P01300000,LLY,2026-10-30,36,P,1300.0,9.28,1189.625,122.7,134.25,128.475,164.85,9.0,0.3957,-0.7419,0.0023,-0.6536,1.2052,127.9402,77.2,0,1
LLY261030C01305000,LLY,2026-10-30,36,C,1305.0,9.7,1189.625,18.05,24.75,21.4,22.65,31.3,0.3918,0.2595,0.0022,-0.6518,1.2155,21.1007,21.7,2,13
LLY261030P01305000,LLY,2026-10-30,36,P,1305.0,9.7,1189.625,127.6,138.1,132.85,0.0,7.9,0.3997,-0.7524,0.0023,-0.6394,1.177,132.29,77.9,0,0
LLY261030C01310000,LLY,2026-10-30,36,C,1310.0,10.12,1189.625,14.65,24.25,19.45,18.09,49.4,0.3843,0.2496,0.0022,-0.6386,1.191,19.1652,20.4,0,6
LLY261030P01310000,LLY,2026-10-30,36,P,1310.0,10.12,1189.625,129.7,143.1,136.4,0.0,9.8,0.3963,-0.7627,0.0022,-0.625,1.1532,135.789,79.0,0,0
LLY261030C01315000,LLY,2026-10-30,36,C,1315.0,10.54,1189.625,16.65,22.35,19.5,16.6,29.2,0.3935,0.24,0.0021,-0.6251,1.1661,19.2225,20.0,2,2
LLY261030P01315000,LLY,2026-10-30,36,P,1315.0,10.54,1189.625,134.3,146.5,140.4,0.0,8.7,0.3964,-0.7726,0.0022,-0.6103,1.1235,139.7548,79.8,0,0
LLY261030C01320000,LLY,2026-10-30,36,C,1320.0,10.96,1189.625,15.5,21.15,18.325,18.0,30.8,0.3918,0.2306,0.0021,-0.6114,1.1412,18.0551,19.1,4,19
LLY261030P01320000,LLY,2026-10-30,36,P,1320.0,10.96,1189.625,139.9,148.8,144.35,145.95,6.2,0.3954,-0.7823,0.0022,-0.5955,1.0939,143.6384,80.7,1,3
LLY261030C01325000,LLY,2026-10-30,36,C,1325.0,11.38,1189.625,12.3,21.35,16.825,14.68,53.8,0.3868,0.2215,0.002,-0.5975,1.1162,16.5787,18.0,2,4
LLY261030P01325000,LLY,2026-10-30,36,P,1325.0,11.38,1189.625,142.25,155.15,148.7,0.0,8.7,0.3979,-0.7919,0.0021,-0.5808,1.069,147.9561,81.4,0,0
LLY261030C01330000,LLY,2026-10-30,36,C,1330.0,11.8,1189.625,10.65,19.9,15.275,14.18,60.6,0.3805,0.2126,0.002,-0.5835,1.0908,15.0387,16.8,1,17
LLY261030P01330000,LLY,2026-10-30,36,P,1330.0,11.8,1189.625,145.95,158.4,152.175,0.0,8.2,0.3916,-0.8011,0.0021,-0.5659,1.0396,151.3522,82.5,0,0
LLY261030C01340000,LLY,2026-10-30,36,C,1340.0,12.64,1189.625,11.95,17.8,14.875,14.3,39.3,0.3926,0.1957,0.0019,-0.5554,1.0384,14.654,16.0,2,1
LLY261030P01340000,LLY,2026-10-30,36,P,1340.0,12.64,1189.625,154.45,167.65,161.05,0.0,8.2,0.3964,-0.8188,0.002,-0.5354,0.9841,160.1417,83.8,0,0
LLY261030C01360000,LLY,2026-10-30,36,C,1360.0,14.32,1189.625,6.85,14.65,10.75,12.44,72.6,0.3795,0.1651,0.0017,-0.4993,0.935,10.5782,12.5,37,34
LLY261030P01360000,LLY,2026-10-30,36,P,1360.0,14.32,1189.625,171.9,184.9,178.4,198.9,7.3,0.398,-0.851,0.0018,-0.4755,0.8632,177.2655,86.5,0,3
LLY261030C01380000,LLY,2026-10-30,36,C,1380.0,16.0,1189.625,6.5,12.0,9.25,8.52,59.5,0.3895,0.1386,0.0015,-0.4449,0.8328,9.1064,10.7,5,20
LLY261030P01380000,LLY,2026-10-30,36,P,1380.0,16.0,1189.625,189.85,202.7,196.275,228.16,6.5,0.4,-0.879,0.0016,-0.4166,0.7426,194.8989,88.7,0,1
LLY261030C01400000,LLY,2026-10-30,36,C,1400.0,17.68,1189.625,6.15,9.2,7.675,7.5,39.7,0.395,0.1158,0.0013,-0.3933,0.7363,7.5659,9.0,50,56
LLY261030P01400000,LLY,2026-10-30,36,P,1400.0,17.68,1189.625,208.85,220.55,214.7,0.0,5.4,0.4037,-0.9032,0.0014,-0.3594,0.635,213.0564,90.6,0,0
LLY261030C01420000,LLY,2026-10-30,36,C,1420.0,19.37,1189.625,4.2,7.2,5.7,6.06,52.6,0.3894,0.0966,0.0011,-0.3459,0.6468,5.6168,7.0,10,5
LLY261030P01420000,LLY,2026-10-30,36,P,1420.0,19.37,1189.625,227.6,239.3,233.45,279.2,5.0,0.4076,-0.9238,0.0012,-0.305,0.5253,231.5351,92.2,0,1
LLY261030C01440000,LLY,2026-10-30,36,C,1440.0,21.05,1189.625,1.6,7.55,4.575,4.1,130.1,0.3922,0.0804,0.001,-0.303,0.5653,4.5118,5.7,0,2
LLY261030P01440000,LLY,2026-10-30,36,P,1440.0,21.05,1189.625,246.65,257.25,251.95,0.0,4.2,0.3992,-0.9408,0.0011,-0.2514,0.4404,249.5852,94.0,0,0
LLY261030C01460000,LLY,2026-10-30,36,C,1460.0,22.73,1189.625,0.54,5.75,3.145,3.12,165.7,0.3829,0.067,0.0008,-0.2647,0.4928,3.1045,4.2,0,2
LLY261030P01460000,LLY,2026-10-30,36,P,1460.0,22.73,1189.625,264.15,277.85,271.0,0.0,5.1,0.3927,-0.9566,0.001,-0.1975,0.3396,268.1446,95.5,0,0
LLY261030C01480000,LLY,2026-10-30,36,C,1480.0,24.41,1189.625,0.46,4.15,2.305,2.81,160.1,0.3802,0.0559,0.0007,-0.2308,0.4279,2.2765,3.2,0,1
LLY261030P01480000,LLY,2026-10-30,36,P,1480.0,24.41,1189.625,281.9,298.1,290.0,0.0,5.6,0.0,-0.9694,0.001,-0.1466,0.2806,,,0,0
LLY261106C01080000,LLY,2026-11-06,43,C,1080.0,-9.22,1189.625,128.0,140.35,134.175,0.0,9.2,0.378,0.7944,0.0018,-0.4606,1.169,132.8993,76.3,0,0
LLY261106P01080000,LLY,2026-11-06,43,P,1080.0,-9.22,1189.625,18.4,21.75,20.075,21.75,16.7,0.3959,-0.2075,0.0018,-0.5284,1.1747,20.2632,24.9,17,0
LLY261106C01085000,LLY,2026-11-06,43,C,1085.0,-8.79,1189.625,124.15,138.25,131.2,0.0,10.7,0.3849,0.785,0.0018,-0.4759,1.2001,129.9421,74.7,0,0
LLY261106P01085000,LLY,2026-11-06,43,P,1085.0,-8.79,1189.625,17.15,23.6,20.375,16.35,31.7,0.3878,-0.217,0.0018,-0.5414,1.2036,20.5603,25.4,2,0
LLY261106C01090000,LLY,2026-11-06,43,C,1090.0,-8.37,1189.625,120.4,132.9,126.65,128.91,9.9,0.3779,0.7753,0.0018,-0.4911,1.2306,125.4023,74.1,2,0
LLY261106P01090000,LLY,2026-11-06,43,P,1090.0,-8.37,1189.625,19.4,25.3,22.35,22.09,26.4,0.3934,-0.2267,0.0019,-0.5541,1.2337,22.5407,26.9,1,0
LLY261106C01095000,LLY,2026-11-06,43,C,1095.0,-7.95,1189.625,116.7,129.3,123.0,0.0,10.2,0.378,0.7654,0.0019,-0.5059,1.2602,121.7569,72.9,0,0
LLY261106P01095000,LLY,2026-11-06,43,P,1095.0,-7.95,1189.625,21.5,27.3,24.4,24.4,23.8,0.3989,-0.2367,0.0019,-0.5666,1.2643,24.6039,28.4,3,0
LLY261106C01100000,LLY,2026-11-06,43,C,1100.0,-7.53,1189.625,113.05,125.75,119.4,0.0,10.6,0.3781,0.7553,0.002,-0.5205,1.2888,118.1701,71.7,0,0
LLY261106P01100000,LLY,2026-11-06,43,P,1100.0,-7.53,1189.625,22.85,28.65,25.75,25.75,22.5,0.3981,-0.2472,0.002,-0.579,1.2944,25.9412,29.5,2,0
LLY261106C01105000,LLY,2026-11-06,43,C,1105.0,-7.11,1189.625,110.0,122.25,116.125,0.0,10.5,0.3803,0.7449,0.002,-0.5347,1.317,114.9165,70.4,0,0
LLY261106P01105000,LLY,2026-11-06,43,P,1105.0,-7.11,1189.625,24.1,31.15,27.625,28.0,25.5,0.4011,-0.2575,0.002,-0.5907,1.3242,27.8349,30.8,2,0
LLY261106C01110000,LLY,2026-11-06,43,C,1110.0,-6.69,1189.625,106.25,118.85,112.55,0.0,11.2,0.3796,0.7343,0.002,-0.5485,1.3447,111.3492,69.2,0,0
LLY261106P01110000,LLY,2026-11-06,43,P,1110.0,-6.69,1189.625,24.1,32.4,28.25,0.0,29.4,0.3942,-0.2682,0.0021,-0.6021,1.3492,28.4638,31.6,0,0
LLY261106C01115000,LLY,2026-11-06,43,C,1115.0,-6.27,1189.625,102.95,115.5,109.225,0.0,11.5,0.3804,0.7235,0.0021,-0.5619,1.3716,108.0427,68.0,0,0
LLY261106P01115000,LLY,2026-11-06,43,P,1115.0,-6.27,1189.625,28.15,32.3,30.225,28.55,13.7,0.3968,-0.2793,0.0021,-0.6132,1.3749,30.4234,32.9,16,0
LLY261106C01120000,LLY,2026-11-06,43,C,1120.0,-5.85,1189.625,99.15,112.15,105.65,0.0,12.3,0.3789,0.7125,0.0021,-0.5748,1.3974,104.4822,66.8,0,0
LLY261106P01120000,LLY,2026-11-06,43,P,1120.0,-5.85,1189.625,27.0,34.55,30.775,0.0,24.5,0.389,-0.2903,0.0022,-0.6237,1.4014,30.9989,33.7,0,0
LLY261106C01125000,LLY,2026-11-06,43,C,1125.0,-5.43,1189.625,96.0,108.9,102.45,0.0,12.6,0.3796,0.7014,0.0022,-0.5872,1.4218,101.2871,65.5,0,0
LLY261106P01125000,LLY,2026-11-06,43,P,1125.0,-5.43,1189.625,28.65,36.8,32.725,0.0,24.9,0.3907,-0.3016,0.0022,-0.6338,1.4269,32.9492,35.0,0,0
LLY261106C01130000,LLY,2026-11-06,43,C,1130.0,-5.01,1189.625,92.5,105.7,99.1,0.0,13.3,0.3789,0.69,0.0022,-0.599,1.4451,97.9565,64.3,0,0
LLY261106P01130000,LLY,2026-11-06,43,P,1130.0,-5.01,1189.625,30.65,39.15,34.9,0.0,24.4,0.3935,-0.3132,0.0022,-0.6434,1.4529,35.1285,36.4,0,0
LLY261106C01135000,LLY,2026-11-06,43,C,1135.0,-4.59,1189.625,89.65,102.55,96.1,0.0,13.4,0.3802,0.6784,0.0022,-0.6103,1.4674,94.9784,63.0,0,0
LLY261106P01135000,LLY,2026-11-06,43,P,1135.0,-4.59,1189.625,32.25,39.5,35.875,0.0,20.2,0.3876,-0.3249,0.0023,-0.6523,1.4722,36.1027,37.4,0,0
LLY261106C01140000,LLY,2026-11-06,43,C,1140.0,-4.17,1189.625,87.9,99.5,93.7,0.0,12.4,0.385,0.6668,0.0023,-0.621,1.4888,92.5905,61.5,0,0
LLY261106P01140000,LLY,2026-11-06,43,P,1140.0,-4.17,1189.625,34.3,40.75,37.525,40.09,17.2,0.386,-0.3367,0.0023,-0.6607,1.4918,37.755,38.6,10,0
LLY261106C01145000,LLY,2026-11-06,43,C,1145.0,-3.75,1189.625,83.1,96.5,89.8,0.0,14.9,0.3793,0.6549,0.0023,-0.6311,1.5088,88.7027,60.4,0,0
LLY261106P01145000,LLY,2026-11-06,43,P,1145.0,-3.75,1189.625,36.15,45.15,40.65,0.0,22.1,0.3938,-0.3487,0.0024,-0.6684,1.5112,40.8838,40.1,0,0
LLY261106C01150000,LLY,2026-11-06,43,C,1150.0,-3.33,1189.625,80.05,93.6,86.825,0.0,15.6,0.3794,0.643,0.0024,-0.6405,1.5272,85.7423,59.1,0,0
LLY261106P01150000,LLY,2026-11-06,43,P,1150.0,-3.33,1189.625,37.6,47.55,42.575,0.0,23.4,0.3931,-0.3608,0.0024,-0.6757,1.53,42.8045,41.4,0,0
LLY261106C01155000,LLY,2026-11-06,43,C,1155.0,-2.91,1189.625,77.1,89.25,83.175,0.0,14.6,0.3747,0.6309,0.0024,-0.6493,1.5442,82.1062,58.0,0,0
LLY261106P01155000,LLY,2026-11-06,43,P,1155.0,-2.91,1189.625,40.05,49.45,44.75,0.0,21.0,0.3937,-0.3731,0.0024,-0.6822,1.547,44.9864,42.6,0,0
LLY261106C01160000,LLY,2026-11-06,43,C,1160.0,-2.49,1189.625,74.9,88.95,81.925,0.0,17.1,0.3851,0.6187,0.0024,-0.6574,1.5597,80.8745,56.4,0,0
LLY261106P01160000,LLY,2026-11-06,43,P,1160.0,-2.49,1189.625,41.95,51.9,46.925,0.0,21.2,0.3938,-0.3855,0.0024,-0.6879,1.5634,47.1546,43.9,0,0
LLY261106C01165000,LLY,2026-11-06,43,C,1165.0,-2.07,1189.625,72.65,87.3,79.975,0.0,18.3,0.3905,0.6064,0.0024,-0.6647,1.5739,78.9518,54.9,0,0
LLY261106P01165000,LLY,2026-11-06,43,P,1165.0,-2.07,1189.625,43.8,53.5,48.65,0.0,19.9,0.3906,-0.398,0.0025,-0.6929,1.576,48.8656,45.1,0,0
LLY261106C01170000,LLY,2026-11-06,43,C,1170.0,-1.65,1189.625,69.7,82.3,76.0,0.0,16.6,0.3826,0.5941,0.0024,-0.6714,1.5867,74.9951,53.9,0,0
LLY261106P01170000,LLY,2026-11-06,43,P,1170.0,-1.65,1189.625,46.95,55.95,51.45,52.99,17.5,0.394,-0.4105,0.0025,-0.6973,1.588,51.6795,46.4,10,0
LLY261106C01175000,LLY,2026-11-06,43,C,1175.0,-1.23,1189.625,67.1,77.55,72.325,0.0,14.4,0.3762,0.5817,0.0025,-0.6773,1.5979,71.3243,52.7,0,0
LLY261106P01175000,LLY,2026-11-06,43,P,1175.0,-1.23,1189.625,47.45,58.65,53.05,0.0,21.1,0.3893,-0.4231,0.0025,-0.701,1.5987,53.2688,47.6,0,0
LLY261106C01180000,LLY,2026-11-06,43,C,1180.0,-0.81,1189.625,67.35,78.75,73.05,70.8,15.6,0.397,0.5692,0.0025,-0.6824,1.6075,72.0777,51.0,11,0
LLY261106P01180000,LLY,2026-11-06,43,P,1180.0,-0.81,1189.625,50.45,59.45,54.95,55.28,16.4,0.3862,-0.4358,0.0025,-0.7039,1.6074,55.1691,48.8,2,0
LLY261106C01185000,LLY,2026-11-06,43,C,1185.0,-0.39,1189.625,63.05,74.15,68.6,68.25,16.2,0.3851,0.5567,0.0025,-0.6868,1.6154,67.6467,50.0,3,0
LLY261106P01185000,LLY,2026-11-06,43,P,1185.0,-0.39,1189.625,52.15,63.3,57.725,0.0,19.3,0.3881,-0.4486,0.0026,-0.706,1.6152,57.9352,50.1,0,0
LLY261106C01190000,LLY,2026-11-06,43,C,1190.0,0.03,1189.625,63.0,70.45,66.725,65.7,11.2,0.3888,0.5442,0.0025,-0.6905,1.6218,65.7918,48.7,13,0
LLY261106P01190000,LLY,2026-11-06,43,P,1190.0,0.03,1189.625,56.5,62.95,59.725,60.5,10.8,0.3848,-0.4613,0.0026,-0.7073,1.621,59.9239,51.3,4,0
LLY261106C01195000,LLY,2026-11-06,43,C,1195.0,0.45,1189.625,59.95,68.95,64.45,63.3,14.0,0.3896,0.5316,0.0025,-0.6934,1.6266,63.5318,47.4,2,0
LLY261106P01195000,LLY,2026-11-06,43,P,1195.0,0.45,1189.625,57.15,68.1,62.625,0.0,17.5,0.3865,-0.4744,0.0026,-0.7079,1.6252,62.785,52.6,0,0
LLY261106C01200000,LLY,2026-11-06,43,C,1200.0,0.87,1189.625,57.75,66.55,62.15,60.95,14.2,0.3899,0.5191,0.0025,-0.6955,1.6299,61.2529,46.2,4,0
LLY261106P01200000,LLY,2026-11-06,43,P,1200.0,0.87,1189.625,59.8,70.6,65.2,0.0,16.6,0.386,-0.4871,0.0026,-0.7078,1.6278,65.3515,53.8,0,0
LLY261106C01205000,LLY,2026-11-06,43,C,1205.0,1.29,1189.625,54.65,63.65,59.15,59.1,15.2,0.3852,0.5068,0.0025,-0.6969,1.6316,58.2212,44.9,2,0
LLY261106P01205000,LLY,2026-11-06,43,P,1205.0,1.29,1189.625,62.5,73.25,67.875,0.0,15.8,0.3858,-0.4999,0.0026,-0.707,1.6276,68.0289,55.1,0,0
LLY261106C01210000,LLY,2026-11-06,43,C,1210.0,1.71,1189.625,52.6,60.75,56.675,56.4,14.4,0.3837,0.4943,0.0025,-0.6975,1.6317,55.7721,43.7,2,0
LLY261106P01210000,LLY,2026-11-06,43,P,1210.0,1.71,1189.625,65.35,75.9,70.625,0.0,14.9,0.3855,-0.5127,0.0026,-0.7053,1.6256,70.7517,56.3,0,0
LLY261106C01215000,LLY,2026-11-06,43,C,1215.0,2.13,1189.625,50.05,57.6,53.825,0.0,14.0,0.3795,0.4818,0.0025,-0.6974,1.6303,52.946,42.4,0,0
LLY261106P01215000,LLY,2026-11-06,43,P,1215.0,2.13,1189.625,68.25,78.65,73.45,0.0,14.2,0.3854,-0.5254,0.0026,-0.7028,1.6223,73.5684,57.5,0,0
LLY261106C01220000,LLY,2026-11-06,43,C,1220.0,2.55,1189.625,48.0,55.75,51.875,52.86,14.9,0.3804,0.4694,0.0025,-0.6965,1.6273,51.0113,41.2,3,0
LLY261106P01220000,LLY,2026-11-06,43,P,1220.0,2.55,1189.625,71.25,81.4,76.325,81.2,13.3,0.3852,-0.5381,0.0026,-0.6996,1.62,76.4295,58.8,2,0
LLY261120C00900000,LLY,2026-11-20,57,C,900.0,-24.35,1189.625,291.15,304.3,297.725,262.0,4.4,0.4128,0.9603,0.0004,-0.03,0.4061,297.9536,95.2,0,18
LLY261120P00900000,LLY,2026-11-20,57,P,900.0,-24.35,1189.625,3.0,4.75,3.875,3.27,45.2,0.4418,-0.0408,0.0004,-0.1514,0.4187,3.8523,6.1,8,166
LLY261120C00910000,LLY,2026-11-20,57,C,910.0,-23.51,1189.625,281.65,293.8,287.725,292.11,4.2,0.3975,0.9558,0.0005,-0.0464,0.4446,287.9498,95.2,4,10
LLY261120P00910000,LLY,2026-11-20,57,P,910.0,-23.51,1189.625,2.7,4.65,3.675,4.3,53.1,0.423,-0.0454,0.0005,-0.1638,0.4553,3.6524,6.0,4,106
LLY261120C00920000,LLY,2026-11-20,57,C,920.0,-22.66,1189.625,272.15,284.35,278.25,239.63,4.4,0.3964,0.9507,0.0005,-0.0636,0.4879,278.4784,94.5,0,18
LLY261120P00920000,LLY,2026-11-20,57,P,920.0,-22.66,1189.625,2.64,7.25,4.945,4.44,93.2,0.4358,-0.0505,0.0005,-0.1771,0.4952,4.9157,7.5,3,80
LLY261120C00930000,LLY,2026-11-20,57,C,930.0,-21.82,1189.625,262.75,276.85,269.8,221.45,5.2,0.4158,0.9451,0.0006,-0.0817,0.5277,270.0495,92.7,0,7
LLY261120P00930000,LLY,2026-11-20,57,P,930.0,-21.82,1189.625,4.1,5.85,4.975,5.92,35.2,0.4218,-0.0562,0.0006,-0.1912,0.5399,4.9421,7.6,1,132
LLY261120C00940000,LLY,2026-11-20,57,C,940.0,-20.98,1189.625,253.4,265.45,259.425,208.13,4.6,0.3928,0.9389,0.0006,-0.1007,0.5702,259.6705,93.1,0,21
LLY261120P00940000,LLY,2026-11-20,57,P,940.0,-20.98,1189.625,4.9,6.15,5.525,5.45,22.6,0.4172,-0.0624,0.0006,-0.2062,0.5848,5.4833,8.3,111,286
LLY261120C00950000,LLY,2026-11-20,57,C,950.0,-20.14,1189.625,244.15,256.05,250.1,248.4,4.8,0.3906,0.9321,0.0007,-0.1205,0.6263,250.3497,92.2,1,15
LLY261120P00950000,LLY,2026-11-20,57,P,950.0,-20.14,1189.625,5.95,6.9,6.425,6.25,14.8,0.4174,-0.0693,0.0007,-0.222,0.6334,6.3728,9.4,2,291
LLY261120C00960000,LLY,2026-11-20,57,C,960.0,-19.3,1189.625,235.5,249.0,242.25,215.15,5.6,0.4108,0.9246,0.0007,-0.1412,0.6748,242.5152,89.9,0,34
LLY261120P00960000,LLY,2026-11-20,57,P,960.0,-19.3,1189.625,6.15,7.7,6.925,7.06,22.4,0.4101,-0.0768,0.0007,-0.2387,0.6852,6.8657,10.0,6,84
LLY261120C00970000,LLY,2026-11-20,57,C,970.0,-18.46,1189.625,225.9,237.45,231.675,319.64,5.0,0.3862,0.9164,0.0008,-0.1628,0.7255,231.9381,90.4,0,7
LLY261120P00970000,LLY,2026-11-20,57,P,970.0,-18.46,1189.625,7.05,8.45,7.75,7.8,18.1,0.4068,-0.0851,0.0008,-0.2562,0.7405,7.6806,11.0,18,121
LLY261120C00980000,LLY,2026-11-20,57,C,980.0,-17.62,1189.625,216.85,228.5,222.675,203.85,5.2,0.3851,0.9075,0.0009,-0.1851,0.7893,222.9393,89.2,0,10
LLY261120P00980000,LLY,2026-11-20,57,P,980.0,-17.62,1189.625,8.0,9.15,8.575,8.76,13.4,0.4024,-0.0941,0.0009,-0.2745,0.7964,8.4919,11.9,12,192
LLY261120C00990000,LLY,2026-11-20,57,C,990.0,-16.78,1189.625,207.4,220.1,213.75,210.05,5.9,0.3837,0.8978,0.0009,-0.2081,0.8459,214.0265,88.0,0,31
LLY261120P00990000,LLY,2026-11-20,57,P,990.0,-16.78,1189.625,8.85,10.6,9.725,9.96,18.0,0.4011,-0.1039,0.001,-0.2935,0.8558,9.6338,13.2,44,439
LLY261120C01000000,LLY,2026-11-20,57,C,1000.0,-15.94,1189.625,198.15,210.8,204.475,198.5,6.2,0.3767,0.8872,0.001,-0.2318,0.9036,204.7609,87.2,3,75
LLY261120P01000000,LLY,2026-11-20,57,P,1000.0,-15.94,1189.625,10.2,11.75,10.975,10.8,14.1,0.3995,-0.1146,0.001,-0.3132,0.9192,10.8669,14.4,362,1339
LLY261120C01010000,LLY,2026-11-20,57,C,1010.0,-15.1,1189.625,190.35,202.7,196.525,159.64,6.3,0.3838,0.8758,0.0011,-0.256,0.9731,196.8142,85.2,0,11
LLY261120P01010000,LLY,2026-11-20,57,P,1010.0,-15.1,1189.625,11.4,13.3,12.35,12.5,15.4,0.398,-0.126,0.0011,-0.3333,0.9802,12.2314,15.8,3,136
LLY261120C01020000,LLY,2026-11-20,57,C,1020.0,-14.26,1189.625,182.55,194.3,188.425,166.48,6.2,0.3867,0.8635,0.0012,-0.2805,1.0355,188.7128,83.4,0,5
LLY261120P01020000,LLY,2026-11-20,57,P,1020.0,-14.26,1189.625,13.05,14.45,13.75,14.6,10.2,0.3954,-0.1384,0.0012,-0.3539,1.0442,13.6142,17.2,5,108
LLY261120C01030000,LLY,2026-11-20,57,C,1030.0,-13.42,1189.625,174.5,187.5,181.0,180.0,7.2,0.394,0.8503,0.0012,-0.3054,1.0975,181.2903,81.3,2,13
LLY261120P01030000,LLY,2026-11-20,57,P,1030.0,-13.42,1189.625,14.7,16.35,15.525,15.65,10.6,0.3951,-0.1516,0.0013,-0.3747,1.1132,15.3713,18.8,28,126
LLY261120C01040000,LLY,2026-11-20,57,C,1040.0,-12.58,1189.625,165.25,177.9,171.575,143.68,7.4,0.3815,0.8363,0.0013,-0.3303,1.1689,171.8698,80.4,0,18
LLY261120P01040000,LLY,2026-11-20,57,P,1040.0,-12.58,1189.625,16.7,18.3,17.5,17.4,9.1,0.3952,-0.1656,0.0013,-0.3956,1.1755,17.3373,20.5,7,137
LLY261120C01050000,LLY,2026-11-20,57,C,1050.0,-11.74,1189.625,159.05,170.0,164.525,167.48,6.7,0.3885,0.8214,0.0014,-0.3551,1.2332,164.8099,78.1,2,55
LLY261120P01050000,LLY,2026-11-20,57,P,1050.0,-11.74,1189.625,18.65,20.15,19.4,19.4,7.7,0.3932,-0.1806,0.0014,-0.4164,1.2403,19.2206,22.2,26,347
LLY261120C01060000,LLY,2026-11-20,57,C,1060.0,-10.9,1189.625,150.85,164.6,157.725,108.8,8.7,0.3953,0.8056,0.0015,-0.3797,1.2954,158.015,75.8,0,23
LLY261120P01060000,LLY,2026-11-20,57,P,1060.0,-10.9,1189.625,20.5,22.75,21.625,21.3,10.4,0.3925,-0.1964,0.0015,-0.437,1.3104,21.4262,24.0,20,96
LLY261120C01070000,LLY,2026-11-20,57,C,1070.0,-10.06,1189.625,144.4,155.2,149.8,103.28,7.2,0.3917,0.7891,0.0016,-0.4038,1.3641,150.0848,74.1,0,30
LLY261120P01070000,LLY,2026-11-20,57,P,1070.0,-10.06,1189.625,23.05,24.65,23.85,23.8,6.7,0.3904,-0.2131,0.0016,-0.4572,1.3701,23.6202,25.8,16,122
LLY261120C01080000,LLY,2026-11-20,57,C,1080.0,-9.22,1189.625,136.8,147.6,142.2,115.1,7.6,0.3893,0.7717,0.0016,-0.4272,1.4254,142.4738,72.3,0,38
LLY261120P01080000,LLY,2026-11-20,57,P,1080.0,-9.22,1189.625,24.25,27.55,25.9,26.2,12.7,0.3858,-0.2306,0.0017,-0.4768,1.4319,25.6275,27.5,109,86
LLY261120C01090000,LLY,2026-11-20,57,C,1090.0,-8.37,1189.625,129.15,138.6,133.875,119.53,7.1,0.3809,0.7536,0.0017,-0.4498,1.4829,134.1487,70.8,0,31
LLY261120P01090000,LLY,2026-11-20,57,P,1090.0,-8.37,1189.625,28.1,30.4,29.25,29.13,7.9,0.3893,-0.2487,0.0017,-0.4954,1.4955,28.9762,29.7,7,117
LLY261120C01100000,LLY,2026-11-20,57,C,1100.0,-7.53,1189.625,123.25,132.65,127.95,131.0,7.3,0.3874,0.7348,0.0018,-0.4713,1.5436,128.2162,68.3,33,85
LLY261120P01100000,LLY,2026-11-20,57,P,1100.0,-7.53,1189.625,31.15,33.3,32.225,32.35,6.7,0.3884,-0.2677,0.0018,-0.5132,1.5489,31.8953,31.8,63,313
LLY261120C01110000,LLY,2026-11-20,57,C,1110.0,-6.69,1189.625,116.4,123.9,120.15,98.45,6.2,0.3803,0.7154,0.0019,-0.4916,1.5969,120.4057,66.5,0,31
LLY261120P01110000,LLY,2026-11-20,57,P,1110.0,-6.69,1189.625,34.1,36.95,35.525,35.35,8.0,0.3885,-0.2872,0.0019,-0.5297,1.6023,35.1736,33.9,30,209
LLY261120C01120000,LLY,2026-11-20,57,C,1120.0,-5.85,1189.625,110.05,117.25,113.65,112.9,6.3,0.3803,0.6954,0.0019,-0.5105,1.6456,113.9016,64.3,3,72
LLY261120P01120000,LLY,2026-11-20,57,P,1120.0,-5.85,1189.625,37.55,39.7,38.625,39.2,5.6,0.386,-0.3073,0.002,-0.5449,1.6537,38.2384,35.9,11,464
LLY261120C01130000,LLY,2026-11-20,57,C,1130.0,-5.01,1189.625,103.25,110.8,107.025,106.3,7.1,0.3782,0.675,0.002,-0.5279,1.6933,107.2633,62.2,31,414
LLY261120P01130000,LLY,2026-11-20,57,P,1130.0,-5.01,1189.625,40.85,43.7,42.275,42.8,6.7,0.3855,-0.3279,0.002,-0.5586,1.6976,41.8346,38.1,4,106
LLY261120C01140000,LLY,2026-11-20,57,C,1140.0,-4.17,1189.625,97.75,104.4,101.075,99.38,6.6,0.3789,0.6541,0.002,-0.5436,1.7342,101.3138,59.9,4,85
LLY261120P01140000,LLY,2026-11-20,57,P,1140.0,-4.17,1189.625,44.8,47.15,45.975,45.79,5.1,0.3843,-0.3489,0.0021,-0.5705,1.7383,45.5251,40.3,6,208
LLY261120C01150000,LLY,2026-11-20,57,C,1150.0,-3.33,1189.625,91.95,98.35,95.15,100.0,6.7,0.3784,0.6328,0.0021,-0.5574,1.7706,95.3829,57.7,4,163
LLY261120P01150000,LLY,2026-11-20,57,P,1150.0,-3.33,1189.625,49.05,51.4,50.225,50.31,4.7,0.3849,-0.3704,0.0021,-0.5808,1.7742,49.7467,42.6,10,110
LLY261120C01160000,LLY,2026-11-20,57,C,1160.0,-2.49,1189.625,87.3,91.6,89.45,90.15,4.8,0.3778,0.6113,0.0021,-0.5694,1.8018,89.6566,55.4,14,167
LLY261120P01160000,LLY,2026-11-20,57,P,1160.0,-2.49,1189.625,52.6,55.7,54.15,54.8,5.7,0.3823,-0.3921,0.0022,-0.5893,1.8046,53.6186,44.7,8,153
LLY261120C01170000,LLY,2026-11-20,57,C,1170.0,-1.65,1189.625,80.55,87.15,83.85,88.0,7.9,0.3769,0.5893,0.0022,-0.5795,1.8274,84.0987,53.2,40,159
LLY261120P01170000,LLY,2026-11-20,57,P,1170.0,-1.65,1189.625,57.0,59.95,58.475,59.15,5.0,0.3808,-0.4141,0.0022,-0.5958,1.8295,57.9007,46.9,18,72
LLY261120C01180000,LLY,2026-11-20,57,C,1180.0,-0.81,1189.625,77.3,81.65,79.475,79.9,5.5,0.3812,0.5673,0.0022,-0.5874,1.8479,79.7243,50.8,5,96
LLY261120P01180000,LLY,2026-11-20,57,P,1180.0,-0.81,1189.625,61.15,65.6,63.375,63.7,7.0,0.3813,-0.4362,0.0022,-0.6004,1.8484,62.7698,49.2,56,93
LLY261120C01190000,LLY,2026-11-20,57,C,1190.0,0.03,1189.625,70.35,78.9,74.625,73.99,11.5,0.3816,0.5453,0.0022,-0.5934,1.8622,74.8616,48.6,14,266
LLY261120P01190000,LLY,2026-11-20,57,P,1190.0,0.03,1189.625,65.65,70.75,68.2,68.2,7.5,0.3801,-0.4586,0.0022,-0.6031,1.8621,67.5469,51.4,10,50
LLY261120C01200000,LLY,2026-11-20,57,C,1200.0,0.87,1189.625,66.2,72.65,69.425,68.64,9.3,0.3789,0.5233,0.0022,-0.5972,1.871,69.6402,46.4,43,292
LLY261120P01200000,LLY,2026-11-20,57,P,1200.0,0.87,1189.625,71.15,74.85,73.0,73.77,5.1,0.3776,-0.4809,0.0022,-0.6036,1.8704,72.2992,53.6,13,97
LLY261120C01210000,LLY,2026-11-20,57,C,1210.0,1.71,1189.625,63.55,68.95,66.25,64.0,8.2,0.386,0.5014,0.0022,-0.5991,1.8744,66.4731,44.2,18,17
LLY261120P01210000,LLY,2026-11-20,57,P,1210.0,1.71,1189.625,76.95,81.1,79.025,80.05,5.3,0.3805,-0.5032,0.0023,-0.6023,1.8708,78.2818,55.8,1,7
LLY261120C01220000,LLY,2026-11-20,57,C,1220.0,2.55,1189.625,57.65,65.2,61.425,60.6,12.3,0.383,0.4794,0.0022,-0.5988,1.872,61.6272,42.0,8,252
LLY261120P01220000,LLY,2026-11-20,57,P,1220.0,2.55,1189.625,82.0,90.15,86.075,83.0,9.5,0.3876,-0.5255,0.0023,-0.5991,1.8662,85.2668,57.9,4,53
LLY261120C01230000,LLY,2026-11-20,57,C,1230.0,3.39,1189.625,51.4,58.15,54.775,56.65,12.3,0.3691,0.4577,0.0022,-0.5967,1.864,54.9627,39.8,5,9
LLY261120P01230000,LLY,2026-11-20,57,P,1230.0,3.39,1189.625,84.7,95.4,90.05,112.42,11.9,0.3775,-0.5473,0.0023,-0.5939,1.8591,89.2442,60.1,0,4
LLY261120C01240000,LLY,2026-11-20,57,C,1240.0,4.23,1189.625,49.75,54.15,51.95,51.85,8.5,0.3746,0.4362,0.0022,-0.5927,1.8505,52.1324,37.8,344,701
LLY261120P01240000,LLY,2026-11-20,57,P,1240.0,4.23,1189.625,91.15,100.15,95.65,97.65,9.4,0.3746,-0.5692,0.0023,-0.587,1.8433,94.7858,62.2,3,42
LLY261120C01250000,LLY,2026-11-20,57,C,1250.0,5.08,1189.625,45.55,52.35,48.95,47.77,13.9,0.3781,0.415,0.0022,-0.5868,1.8325,49.1238,35.8,59,106
LLY261120P01250000,LLY,2026-11-20,57,P,1250.0,5.08,1189.625,98.4,109.25,103.825,0.0,10.5,0.3846,-0.591,0.0022,-0.5783,1.818,102.907,64.1,0,0
LLY261120C01260000,LLY,2026-11-20,57,C,1260.0,5.92,1189.625,42.8,46.65,44.725,44.71,8.6,0.3738,0.3941,0.0022,-0.5793,1.8093,44.8886,33.7,31,298
LLY261120P01260000,LLY,2026-11-20,57,P,1260.0,5.92,1189.625,102.85,115.1,108.975,136.0,11.2,0.3769,-0.6123,0.0022,-0.5679,1.7983,107.9778,66.2,0,53
LLY261120C01270000,LLY,2026-11-20,57,C,1270.0,6.76,1189.625,39.65,46.45,43.05,41.35,15.8,0.3826,0.3737,0.0021,-0.5702,1.7808,43.2036,32.0,1,25
LLY261120P01270000,LLY,2026-11-20,57,P,1270.0,6.76,1189.625,108.75,119.1,113.925,0.0,9.1,0.3667,-0.6332,0.0022,-0.556,1.7663,112.842,68.5,0,0
LLY261120C01280000,LLY,2026-11-20,57,C,1280.0,7.6,1189.625,36.0,41.25,38.625,38.15,13.6,0.3749,0.3537,0.0021,-0.5596,1.7489,38.7643,29.9,13,450
LLY261120P01280000,LLY,2026-11-20,57,P,1280.0,7.6,1189.625,118.75,128.6,123.675,155.15,8.0,0.3828,-0.6539,0.0022,-0.5429,1.7249,122.5509,69.8,0,104
LLY261120C01300000,LLY,2026-11-20,57,C,1300.0,9.28,1189.625,31.4,34.35,32.875,32.95,9.0,0.3738,0.3156,0.002,-0.5348,1.6733,32.9855,26.4,100,803
LLY261120P01300000,LLY,2026-11-20,57,P,1300.0,9.28,1189.625,131.15,141.95,136.55,138.25,7.9,0.3736,-0.6935,0.0021,-0.5126,1.6482,135.2319,73.6,1,29
LLY261120C01320000,LLY,2026-11-20,57,C,1320.0,10.96,1189.625,26.65,30.0,28.325,27.4,11.8,0.376,0.2796,0.0019,-0.5058,1.5854,28.4223,23.2,5,192
LLY261120P01320000,LLY,2026-11-20,57,P,1320.0,10.96,1189.625,147.95,156.9,152.425,185.9,5.9,0.3782,-0.731,0.002,-0.4784,1.5394,150.926,76.7,0,17
LLY261120C01340000,LLY,2026-11-20,57,C,1340.0,12.64,1189.625,22.9,25.55,24.225,24.35,10.9,0.3774,0.2463,0.0018,-0.4738,1.4864,24.3183,20.3,18,238
LLY261120P01340000,LLY,2026-11-20,57,P,1340.0,12.64,1189.625,162.15,174.65,168.4,228.89,7.4,0.3798,-0.766,0.0019,-0.4419,1.4359,166.7064,79.6,0,21
LLY261120C01360000,LLY,2026-11-20,57,C,1360.0,14.32,1189.625,19.15,21.0,20.075,19.75,9.2,0.3745,0.2159,0.0017,-0.4402,1.3832,20.1548,17.5,219,481
LLY261120P01360000,LLY,2026-11-20,57,P,1360.0,14.32,1189.625,178.55,190.45,184.5,212.18,6.4,0.3779,-0.7983,0.0018,-0.4025,1.3197,182.5298,82.4,20,23
LLY261120C01380000,LLY,2026-11-20,57,C,1380.0,16.0,1189.625,15.3,18.75,17.025,16.35,20.3,0.3758,0.1883,0.0015,-0.4059,1.2754,17.0947,15.1,4,164
LLY261120P01380000,LLY,2026-11-20,57,P,1380.0,16.0,1189.625,195.6,207.65,201.625,212.55,6.0,0.38,-0.8279,0.0016,-0.3642,1.1847,199.4123,84.7,0,16
LLY261120C01400000,LLY,2026-11-20,57,C,1400.0,17.68,1189.625,13.15,15.05,14.1,14.1,13.5,0.3746,0.1637,0.0014,-0.3718,1.1695,14.1714,12.9,6,417
LLY261120P01400000,LLY,2026-11-20,57,P,1400.0,17.68,1189.625,213.1,225.95,219.525,249.75,5.9,0.3848,-0.8545,0.0015,-0.3243,1.0758,217.0251,86.6,0,22
LLY261120C01420000,LLY,2026-11-20,57,C,1420.0,19.37,1189.625,11.0,12.55,11.775,11.6,13.2,0.3749,0.1419,0.0013,-0.3387,1.0642,11.8351,11.0,4,611
LLY261120P01420000,LLY,2026-11-20,57,P,1420.0,19.37,1189.625,231.15,243.9,237.525,253.5,5.4,0.3878,-0.8788,0.0014,-0.2873,0.9256,234.7501,88.3,0,13
LLY261120C01440000,LLY,2026-11-20,57,C,1440.0,21.05,1189.625,9.3,10.8,10.05,9.7,14.9,0.378,0.1227,0.0011,-0.3072,0.9652,10.1138,9.5,16,228
LLY261120P01440000,LLY,2026-11-20,57,P,1440.0,21.05,1189.625,250.05,261.65,255.85,311.74,4.5,0.3903,-0.9,0.0013,-0.2498,0.8286,252.7246,89.9,0,26
LLY261120C01460000,LLY,2026-11-20,57,C,1460.0,22.73,1189.625,7.6,9.25,8.425,8.0,19.6,0.3792,0.106,0.001,-0.2776,0.87,8.4807,8.1,3,1148
LLY261120P01460000,LLY,2026-11-20,57,P,1460.0,22.73,1189.625,268.4,280.3,274.35,284.2,4.3,0.3916,-0.9191,0.0012,-0.2137,0.6801,270.8588,91.3,0,27
LLY261120C01480000,LLY,2026-11-20,57,C,1480.0,24.41,1189.625,6.35,9.45,7.9,6.6,39.2,0.3912,0.0915,0.0009,-0.2502,0.7832,7.9498,7.4,38,49
LLY261120P01480000,LLY,2026-11-20,57,P,1480.0,24.41,1189.625,285.25,299.35,292.3,318.95,4.8,0.3785,-0.9352,0.001,-0.1772,0.6002,288.1107,93.2,0,18
LLY261218C00900000,LLY,2026-12-18,85,C,900.0,-24.35,1189.625,298.35,311.8,305.075,290.6,4.4,0.4197,0.9396,0.0005,-0.0809,0.6968,305.2044,90.7,0,157
LLY261218P00900000,LLY,2026-12-18,85,P,900.0,-24.35,1189.625,5.5,7.4,6.45,6.5,29.5,0.4084,-0.061,0.0005,-0.1631,0.7019,6.4476,8.6,9,508
LLY261218C00920000,LLY,2026-12-18,85,C,920.0,-22.66,1189.625,280.0,290.95,285.475,278.0,3.8,0.3965,0.9278,0.0006,-0.1077,0.7992,285.5675,90.3,1,367
LLY261218P00920000,LLY,2026-12-18,85,P,920.0,-22.66,1189.625,6.3,8.9,7.6,8.47,34.2,0.3988,-0.0729,0.0006,-0.1849,0.804,7.5876,9.9,3,388
LLY261218C00940000,LLY,2026-12-18,85,C,940.0,-20.98,1189.625,262.05,272.7,267.375,266.94,4.0,0.3914,0.914,0.0007,-0.1364,0.9116,267.4367,88.5,1,143
LLY261218P00940000,LLY,2026-12-18,85,P,940.0,-20.98,1189.625,8.75,10.15,9.45,9.45,14.8,0.3952,-0.087,0.0007,-0.2087,0.9182,9.4298,11.7,6,426
LLY261218C00960000,LLY,2026-12-18,85,C,960.0,-19.3,1189.625,243.1,255.05,249.075,247.4,4.8,0.3812,0.8979,0.0008,-0.1669,1.0327,249.108,87.0,1,52
LLY261218P00960000,LLY,2026-12-18,85,P,960.0,-19.3,1189.625,10.9,12.4,11.65,11.66,12.9,0.3916,-0.1032,0.0008,-0.2343,1.0399,11.6141,13.8,9,318
LLY261218C00980000,LLY,2026-12-18,85,C,980.0,-17.62,1189.625,225.35,238.0,231.675,205.04,5.5,0.3773,0.8794,0.0009,-0.1988,1.1619,231.6897,84.7,0,272
LLY261218P00980000,LLY,2026-12-18,85,P,980.0,-17.62,1189.625,13.4,14.8,14.1,14.1,9.9,0.3867,-0.122,0.0009,-0.2614,1.1698,14.0334,16.0,33,436
LLY261218C01000000,LLY,2026-12-18,85,C,1000.0,-15.94,1189.625,210.4,220.25,215.325,213.45,4.6,0.3784,0.8585,0.001,-0.2316,1.2955,215.3102,81.9,2,847
LLY261218P01000000,LLY,2026-12-18,85,P,1000.0,-15.94,1189.625,15.95,18.15,17.05,17.8,12.9,0.3828,-0.1431,0.001,-0.2893,1.305,16.971,18.5,56,908
LLY261218C01020000,LLY,2026-12-18,85,C,1020.0,-14.26,1189.625,194.15,204.2,199.175,197.25,5.0,0.3767,0.835,0.0011,-0.2649,1.4332,199.1411,79.0,11,149
LLY261218P01020000,LLY,2026-12-18,85,P,1020.0,-14.26,1189.625,20.2,21.8,21.0,21.3,7.6,0.3823,-0.167,0.0011,-0.318,1.4416,20.8504,21.4,3,517
LLY261218C01040000,LLY,2026-12-18,85,C,1040.0,-12.58,1189.625,178.5,188.6,183.55,181.65,5.5,0.3747,0.8091,0.0012,-0.298,1.5688,183.4912,75.9,8,140
LLY261218P01040000,LLY,2026-12-18,85,P,1040.0,-12.58,1189.625,24.25,26.15,25.2,25.75,7.5,0.38,-0.1933,0.0013,-0.3463,1.5821,25.0474,24.4,12,422
LLY261218C01060000,LLY,2026-12-18,85,C,1060.0,-10.9,1189.625,165.05,173.75,169.4,171.38,5.1,0.3779,0.7808,0.0014,-0.33,1.7025,169.3189,72.3,12,105
LLY261218P01060000,LLY,2026-12-18,85,P,1060.0,-10.9,1189.625,27.6,31.15,29.375,30.95,12.1,0.3737,-0.2222,0.0014,-0.3738,1.7104,29.1552,27.4,14,441
LLY261218C01080000,LLY,2026-12-18,85,C,1080.0,-9.22,1189.625,150.0,159.35,154.675,156.99,6.0,0.3737,0.7502,0.0015,-0.3603,1.8272,154.5698,69.1,1,130
LLY261218P01080000,LLY,2026-12-18,85,P,1080.0,-9.22,1189.625,33.0,37.0,35.0,35.8,11.4,0.3726,-0.2532,0.0015,-0.3995,1.84,34.7311,30.9,8,393
LLY261218C01100000,LLY,2026-12-18,85,C,1100.0,-7.53,1189.625,137.2,144.15,140.675,139.75,4.9,0.3701,0.7178,0.0016,-0.3882,1.943,140.5503,65.6,4,833
LLY261218P01100000,LLY,2026-12-18,85,P,1100.0,-7.53,1189.625,40.7,42.9,41.8,42.04,5.3,0.374,-0.2861,0.0016,-0.4227,1.95,41.4821,34.6,67,926
LLY261218C01120000,LLY,2026-12-18,85,C,1120.0,-5.85,1189.625,122.65,131.45,127.05,130.3,6.9,0.3651,0.6838,0.0017,-0.4129,2.0441,126.9068,62.1,1,265
LLY261218P01120000,LLY,2026-12-18,85,P,1120.0,-5.85,1189.625,47.25,51.95,49.6,47.85,9.5,0.3762,-0.321,0.0017,-0.4429,2.0541,49.1643,38.5,2,361
LLY261218C01130000,LLY,2026-12-18,85,C,1130.0,-5.01,1189.625,117.95,125.85,121.9,99.97,6.5,0.3694,0.6662,0.0017,-0.4239,2.0897,121.7513,59.9,0,8
LLY261218P01130000,LLY,2026-12-18,85,P,1130.0,-5.01,1189.625,50.9,53.9,52.4,52.85,5.7,0.3707,-0.3389,0.0017,-0.4516,2.0967,51.9207,40.1,109,109
LLY261218C01140000,LLY,2026-12-18,85,C,1140.0,-4.17,1189.625,110.9,119.1,115.0,116.0,7.1,0.3644,0.6484,0.0017,-0.4339,2.1305,114.8442,58.2,5,202
LLY261218P01140000,LLY,2026-12-18,85,P,1140.0,-4.17,1189.625,52.2,58.05,55.125,57.45,10.6,0.3643,-0.357,0.0018,-0.4593,2.1374,54.6281,41.8,5,160
LLY261218C01150000,LLY,2026-12-18,85,C,1150.0,-3.33,1189.625,105.65,114.25,109.95,110.0,7.8,0.3673,0.6304,0.0018,-0.4429,2.1667,109.8017,56.2,8,26
LLY261218P01150000,LLY,2026-12-18,85,P,1150.0,-3.33,1189.625,58.4,62.75,60.575,61.5,7.2,0.3697,-0.3753,0.0018,-0.466,2.1744,60.0344,43.9,4,11
LLY261218C01160000,LLY,2026-12-18,85,C,1160.0,-2.49,1189.625,99.0,107.65,103.325,105.5,8.4,0.362,0.6122,0.0018,-0.4508,2.1986,103.1677,54.4,44,261
LLY261218P01160000,LLY,2026-12-18,85,P,1160.0,-2.49,1189.625,63.75,67.4,65.575,65.8,5.6,0.3717,-0.3941,0.0018,-0.4717,2.2032,64.9213,45.9,5,423
LLY261218C01180000,LLY,2026-12-18,85,C,1180.0,-0.81,1189.625,91.65,97.15,94.4,95.45,5.8,0.3685,0.5753,0.0018,-0.4632,2.2483,94.2394,50.4,5,327
LLY261218P01180000,LLY,2026-12-18,85,P,1180.0,-0.81,1189.625,73.2,75.1,74.15,75.95,2.6,0.3676,-0.4316,0.0019,-0.4797,2.2492,73.4711,49.6,7,108
LLY261218C01200000,LLY,2026-12-18,85,C,1200.0,0.87,1189.625,81.5,86.65,84.075,85.0,6.1,0.3653,0.5382,0.0019,-0.4712,2.2783,83.9044,46.6,65,1243
LLY261218P01200000,LLY,2026-12-18,85,P,1200.0,0.87,1189.625,83.5,86.2,84.85,85.05,3.2,0.369,-0.4698,0.0019,-0.4831,2.275,83.9971,53.4,23,911
LLY261218C01220000,LLY,2026-12-18,85,C,1220.0,2.55,1189.625,71.65,77.25,74.45,75.15,7.5,0.3662,0.5012,0.0019,-0.4746,2.2888,75.2399,42.9,16,546
LLY261218P01220000,LLY,2026-12-18,85,P,1220.0,2.55,1189.625,94.5,96.5,95.5,96.45,2.1,0.3672,-0.5076,0.0019,-0.4822,2.2801,94.5324,57.1,10,38
LLY261218C01240000,LLY,2026-12-18,85,C,1240.0,4.23,1189.625,66.1,68.9,67.5,67.3,4.1,0.3676,0.4646,0.0019,-0.4735,2.28,67.4108,39.4,8,466
LLY261218P01240000,LLY,2026-12-18,85,P,1240.0,4.23,1189.625,100.95,108.35,104.65,129.8,7.1,0.3555,-0.5453,0.0019,-0.4768,2.2653,103.5306,60.8,0,72
LLY261218C01260000,LLY,2026-12-18,85,C,1260.0,5.92,1189.625,56.9,61.25,59.075,59.2,7.4,0.3632,0.4286,0.0019,-0.4683,2.2527,58.963,35.9,10,402
LLY261218P01260000,LLY,2026-12-18,85,P,1260.0,5.92,1189.625,115.55,121.55,118.55,128.2,5.1,0.3613,-0.5823,0.0019,-0.4677,2.2292,117.228,64.2,0,155
LLY261218C01280000,LLY,2026-12-18,85,C,1280.0,7.6,1189.625,51.45,54.05,52.75,52.15,4.9,0.364,0.3939,0.0018,-0.4594,2.2089,52.3649,32.6,11,234
LLY261218P01280000,LLY,2026-12-18,85,P,1280.0,7.6,1189.625,126.0,135.25,130.625,156.15,7.1,0.3558,-0.6184,0.0019,-0.4548,2.1769,129.0668,67.7,0,16
LLY261218C01300000,LLY,2026-12-18,85,C,1300.0,9.28,1189.625,45.3,47.7,46.5,47.4,5.2,0.3648,0.3602,0.0018,-0.4469,2.149,46.3931,29.5,68,685
LLY261218P01300000,LLY,2026-12-18,85,P,1300.0,9.28,1189.625,142.75,148.35,145.55,164.7,3.8,0.3604,-0.6534,0.0019,-0.4389,2.1051,143.7724,70.7,0,98
LLY261218C01320000,LLY,2026-12-18,85,C,1320.0,10.96,1189.625,36.85,44.55,40.7,42.4,18.9,0.3635,0.3283,0.0017,-0.4319,2.0771,40.5731,26.5,7,133
LLY261218P01320000,LLY,2026-12-18,85,P,1320.0,10.96,1189.625,157.55,162.35,159.95,160.0,3.0,0.3597,-0.687,0.0018,-0.4202,2.0195,157.9247,73.6,2,13
LLY261218C01340000,LLY,2026-12-18,85,C,1340.0,12.64,1189.625,29.95,39.9,34.925,32.0,28.5,0.3596,0.2979,0.0017,-0.4144,1.993,34.8212,23.6,11,253
LLY261218P01340000,LLY,2026-12-18,85,P,1340.0,12.64,1189.625,171.4,181.5,176.45,199.5,5.7,0.3666,-0.719,0.0018,-0.3997,1.9214,174.1587,76.1,0,4
LLY261218C01360000,LLY,2026-12-18,85,C,1360.0,14.32,1189.625,30.0,34.25,32.125,32.1,13.2,0.3682,0.2694,0.0016,-0.3952,1.9014,32.0232,21.5,24,323
LLY261218P01360000,LLY,2026-12-18,85,P,1360.0,14.32,1189.625,187.0,196.1,191.55,217.35,4.8,0.3636,-0.7492,0.0017,-0.3774,1.8076,188.9177,78.7,0,4
LLY261218C01380000,LLY,2026-12-18,85,C,1380.0,16.0,1189.625,25.8,28.85,27.325,27.35,11.2,0.364,0.2429,0.0015,-0.3748,1.802,27.2459,18.9,1,227
LLY261218P01380000,LLY,2026-12-18,85,P,1380.0,16.0,1189.625,202.85,214.95,208.9,242.75,5.8,0.3706,-0.7777,0.0016,-0.3544,1.6968,206.0119,80.7,0,6
LLY261218C01400000,LLY,2026-12-18,85,C,1400.0,17.68,1189.625,23.0,25.0,24.0,23.5,8.3,0.3653,0.2184,0.0014,-0.3536,1.7009,23.9257,16.9,19,715
LLY261218P01400000,LLY,2026-12-18,85,P,1400.0,17.68,1189.625,219.5,232.65,226.075,188.6,5.8,0.3744,-0.8041,0.0015,-0.3306,1.5633,222.8685,82.6,0,5
LLY261218C01420000,LLY,2026-12-18,85,C,1420.0,19.37,1189.625,15.15,23.15,19.15,18.19,41.8,0.3545,0.196,0.0013,-0.3322,1.5956,19.0965,14.3,1,167
LLY261218P01420000,LLY,2026-12-18,85,P,1420.0,19.37,1189.625,236.75,249.0,242.875,301.54,5.0,0.3733,-0.8288,0.0014,-0.3064,1.4474,239.2611,84.6,0,6
LLY261218C01440000,LLY,2026-12-18,85,C,1440.0,21.05,1189.625,17.25,19.05,18.15,17.7,9.9,0.366,0.1755,0.0012,-0.311,1.4927,18.1004,13.2,6,302
LLY261218P01440000,LLY,2026-12-18,85,P,1440.0,21.05,1189.625,254.3,267.05,260.675,253.45,4.9,0.3765,-0.8514,0.0014,-0.2833,1.3068,256.6922,86.2,0,5
LLY261218C01460000,LLY,2026-12-18,85,C,1460.0,22.73,1189.625,9.7,17.65,13.675,12.53,58.1,0.3509,0.157,0.0011,-0.2901,1.3899,13.6401,10.8,0,128
LLY261218P01460000,LLY,2026-12-18,85,P,1460.0,22.73,1189.625,272.2,285.05,278.625,269.7,4.6,0.3783,-0.8724,0.0013,-0.2604,1.1787,274.1947,87.7,0,7
LLY261218C01480000,LLY,2026-12-18,85,C,1480.0,24.41,1189.625,12.75,14.7,13.725,13.8,14.2,0.3676,0.1403,0.001,-0.2699,1.2906,13.6935,10.3,6,158
LLY261218P01480000,LLY,2026-12-18,85,P,1480.0,24.41,1189.625,290.45,303.2,296.825,311.45,4.3,0.38,-0.8915,0.0012,-0.2381,1.049,291.95,89.1,0,3
LLY270115C00900000,LLY,2027-01-15,113,C,900.0,-24.35,1189.625,304.85,315.8,310.325,313.95,3.5,0.3869,0.926,0.0005,-0.0961,0.9413,309.6496,89.4,1,575
LLY270115P00900000,LLY,2027-01-15,113,P,900.0,-24.35,1189.625,7.5,10.45,8.975,9.62,32.9,0.3877,-0.0753,0.0006,-0.1598,0.9495,9.0209,10.7,1,936
LLY270115C00910000,LLY,2027-01-15,113,C,910.0,-23.51,1189.625,294.0,307.1,300.55,267.95,4.4,0.3762,0.9198,0.0006,-0.1069,0.9995,299.85,89.2,0,343
LLY270115P00910000,LLY,2027-01-15,113,P,910.0,-23.51,1189.625,7.9,11.35,9.625,11.5,35.8,0.383,-0.0815,0.0006,-0.1688,1.013,9.6687,11.3,0,189
LLY270115C00920000,LLY,2027-01-15,113,C,920.0,-22.66,1189.625,286.95,298.0,292.475,296.55,3.8,0.3829,0.9132,0.0006,-0.118,1.0606,291.7753,87.7,1,83
LLY270115P00920000,LLY,2027-01-15,113,P,920.0,-22.66,1189.625,8.0,12.2,10.1,13.5,41.6,0.3762,-0.0883,0.0006,-0.1782,1.0705,10.1462,11.9,0,350
LLY270115C00930000,LLY,2027-01-15,113,C,930.0,-21.82,1189.625,278.15,290.65,284.4,265.8,4.4,0.3876,0.9061,0.0007,-0.1294,1.1232,283.6935,86.2,0,91
LLY270115P00930000,LLY,2027-01-15,113,P,930.0,-21.82,1189.625,10.2,13.4,11.8,13.95,27.1,0.3805,-0.0955,0.0007,-0.1878,1.1314,11.8352,13.2,0,289
LLY270115C00940000,LLY,2027-01-15,113,C,940.0,-20.98,1189.625,269.4,281.05,275.225,258.6,4.2,0.3815,0.8986,0.0007,-0.1411,1.1869,274.5073,85.6,0,125
LLY270115P00940000,LLY,2027-01-15,113,P,940.0,-20.98,1189.625,12.65,13.9,13.275,13.15,9.4,0.3815,-0.1031,0.0007,-0.1977,1.1967,13.3135,14.4,6,793
LLY270115C00950000,LLY,2027-01-15,113,C,950.0,-20.14,1189.625,260.8,274.0,267.4,248.6,4.9,0.386,0.8906,0.0007,-0.153,1.2529,266.6773,84.1,0,533
LLY270115P00950000,LLY,2027-01-15,113,P,950.0,-20.14,1189.625,12.1,15.95,14.025,14.0,27.5,0.3755,-0.1113,0.0008,-0.2079,1.2691,14.053,15.1,1,619
LLY270115C00960000,LLY,2027-01-15,113,C,960.0,-19.3,1189.625,252.3,263.0,257.65,240.85,4.2,0.3744,0.882,0.0008,-0.1651,1.3214,256.9024,83.8,0,118
LLY270115P00960000,LLY,2027-01-15,113,P,960.0,-19.3,1189.625,14.35,17.05,15.7,16.0,17.2,0.3764,-0.12,0.0008,-0.2183,1.3344,15.7225,16.4,2,236
LLY270115C00970000,LLY,2027-01-15,113,C,970.0,-18.46,1189.625,242.95,254.85,248.9,244.7,4.8,0.3704,0.873,0.0008,-0.1774,1.3909,248.1444,82.8,1,103
LLY270115P00970000,LLY,2027-01-15,113,P,970.0,-18.46,1189.625,15.15,20.7,17.925,21.3,31.0,0.3802,-0.1292,0.0008,-0.2289,1.4014,17.9309,17.9,0,164
LLY270115C00980000,LLY,2027-01-15,113,C,980.0,-17.62,1189.625,235.6,247.4,241.5,242.37,4.9,0.3753,0.8635,0.0009,-0.1898,1.4604,240.7356,81.1,2,181
LLY270115P00980000,LLY,2027-01-15,113,P,980.0,-17.62,1189.625,16.75,20.3,18.525,21.45,19.2,0.3717,-0.1389,0.0009,-0.2397,1.472,18.5283,18.6,0,361
LLY270115C00990000,LLY,2027-01-15,113,C,990.0,-16.78,1189.625,227.4,240.25,233.825,230.96,5.5,0.3771,0.8534,0.0009,-0.2024,1.531,233.0634,79.7,11,44
LLY270115P00990000,LLY,2027-01-15,113,P,990.0,-16.78,1189.625,19.9,21.45,20.675,20.65,7.5,0.3733,-0.1492,0.001,-0.2505,1.5495,20.6722,20.0,26,608
LLY270115C01000000,LLY,2027-01-15,113,C,1000.0,-15.94,1189.625,219.35,230.0,224.675,225.0,4.7,0.3686,0.8428,0.001,-0.215,1.6032,223.9025,78.9,2,893
LLY270115P01000000,LLY,2027-01-15,113,P,1000.0,-15.94,1189.625,21.85,23.45,22.65,22.65,7.1,0.3726,-0.16,0.001,-0.2615,1.6187,22.6076,21.4,42,1521
LLY270115C01010000,LLY,2027-01-15,113,C,1010.0,-15.1,1189.625,211.4,222.05,216.725,185.0,4.9,0.3672,0.8317,0.001,-0.2275,1.6752,215.9428,77.6,0,215
LLY270115P01010000,LLY,2027-01-15,113,P,1010.0,-15.1,1189.625,20.1,25.7,22.9,30.3,24.5,0.361,-0.1714,0.001,-0.2724,1.6878,22.8652,21.9,0,321
LLY270115C01020000,LLY,2027-01-15,113,C,1020.0,-14.26,1189.625,203.65,214.5,209.075,220.05,5.2,0.3668,0.8201,0.0011,-0.24,1.7458,208.2785,76.2,1,150
LLY270115P01020000,LLY,2027-01-15,113,P,1020.0,-14.26,1189.625,25.35,28.7,27.025,26.22,12.4,0.3718,-0.1832,0.0011,-0.2833,1.759,26.9716,24.2,1,165
LLY270115C01030000,LLY,2027-01-15,113,C,1030.0,-13.42,1189.625,197.4,205.7,201.55,203.55,4.1,0.3664,0.8081,0.0011,-0.2524,1.8162,200.755,74.7,2,145
LLY270115P01030000,LLY,2027-01-15,113,P,1030.0,-13.42,1189.625,28.1,30.0,29.05,28.95,6.5,0.3694,-0.1955,0.0011,-0.2941,1.8356,28.9978,25.5,17,132
LLY270115C01040000,LLY,2027-01-15,113,C,1040.0,-12.58,1189.625,188.9,198.95,193.925,197.06,5.2,0.3647,0.7955,0.0012,-0.2646,1.8866,193.1314,73.3,3,197
LLY270115P01040000,LLY,2027-01-15,113,P,1040.0,-12.58,1189.625,30.5,32.4,31.45,33.95,6.0,0.368,-0.2084,0.0012,-0.3048,1.9036,31.3284,26.9,0,1088
LLY270115C01050000,LLY,2027-01-15,113,C,1050.0,-11.74,1189.625,181.15,191.35,186.25,173.3,5.5,0.362,0.7825,0.0012,-0.2766,1.9555,185.4428,71.9,0,836
LLY270115P01050000,LLY,2027-01-15,113,P,1050.0,-11.74,1189.625,30.2,36.05,33.125,41.95,17.7,0.3626,-0.2218,0.0012,-0.3152,1.9694,33.012,28.1,0,257
LLY270115C01060000,LLY,2027-01-15,113,C,1060.0,-10.9,1189.625,173.9,184.85,179.375,180.85,6.1,0.3628,0.769,0.0013,-0.2883,2.0217,178.5793,70.3,2,122
LLY270115P01060000,LLY,2027-01-15,113,P,1060.0,-10.9,1189.625,34.85,38.45,36.65,45.2,9.8,0.3658,-0.2356,0.0013,-0.3253,2.0353,36.5149,29.9,0,252
LLY270115C01070000,LLY,2027-01-15,113,C,1070.0,-10.06,1189.625,167.25,177.35,172.3,142.2,5.9,0.3618,0.7551,0.0013,-0.2996,2.086,171.5116,68.7,0,113
LLY270115P01070000,LLY,2027-01-15,113,P,1070.0,-10.06,1189.625,38.45,40.55,39.5,39.7,5.3,0.3649,-0.2497,0.0013,-0.3351,2.1048,39.3646,31.5,5,193
LLY270115C01080000,LLY,2027-01-15,113,C,1080.0,-9.22,1189.625,160.05,170.9,165.475,145.15,6.6,0.3612,0.7409,0.0013,-0.3106,2.1488,164.679,67.1,0,198
LLY270115P01080000,LLY,2027-01-15,113,P,1080.0,-9.22,1189.625,41.45,43.75,42.6,42.72,5.4,0.3642,-0.2645,0.0014,-0.3445,2.1656,42.4072,33.1,3,159
LLY270115C01090000,LLY,2027-01-15,113,C,1090.0,-8.37,1189.625,153.35,163.7,158.525,131.18,6.5,0.3594,0.7262,0.0014,-0.321,2.2089,157.7385,65.5,0,15
LLY270115P01090000,LLY,2027-01-15,113,P,1090.0,-8.37,1189.625,41.7,47.45,44.575,55.6,12.9,0.3578,-0.2795,0.0014,-0.3535,2.2222,44.3458,34.4,0,92
LLY270115C01100000,LLY,2027-01-15,113,C,1100.0,-7.53,1189.625,150.3,156.0,153.15,155.35,3.7,0.3639,0.7113,0.0014,-0.331,2.2651,152.3719,63.6,9,1285
LLY270115P01100000,LLY,2027-01-15,113,P,1100.0,-7.53,1189.625,46.45,50.8,48.625,49.35,8.9,0.3602,-0.2949,0.0015,-0.362,2.2778,48.3696,36.2,19,397
LLY270115C01110000,LLY,2027-01-15,113,C,1110.0,-6.69,1189.625,140.75,150.0,145.375,150.51,6.4,0.3571,0.696,0.0015,-0.3404,2.318,144.5987,62.2,1,30
LLY270115P01110000,LLY,2027-01-15,113,P,1110.0,-6.69,1189.625,51.55,54.2,52.875,64.0,5.0,0.3626,-0.3105,0.0015,-0.3699,2.3329,52.5893,38.1,0,89
LLY270115C01120000,LLY,2027-01-15,113,C,1120.0,-5.85,1189.625,134.4,144.65,139.525,131.95,7.3,0.358,0.6804,0.0015,-0.3492,2.3681,138.7504,60.5,0,125
LLY270115P01120000,LLY,2027-01-15,113,P,1120.0,-5.85,1189.625,54.75,59.2,56.975,57.0,7.8,0.3634,-0.3266,0.0015,-0.3772,2.3819,56.6226,39.8,1,125
LLY270115C01130000,LLY,2027-01-15,113,C,1130.0,-5.01,1189.625,129.55,139.6,134.575,132.0,7.5,0.3619,0.6647,0.0015,-0.3574,2.4145,133.8073,58.6,4,67
LLY270115P01130000,LLY,2027-01-15,113,P,1130.0,-5.01,1189.625,56.05,63.25,59.65,75.25,12.1,0.3576,-0.3428,0.0016,-0.3839,2.4248,59.235,41.2,0,106
LLY270115C01140000,LLY,2027-01-15,113,C,1140.0,-4.17,1189.625,123.8,133.25,128.525,129.12,7.4,0.3605,0.6487,0.0016,-0.3649,2.4563,127.7635,56.9,10,518
LLY270115P01140000,LLY,2027-01-15,113,P,1140.0,-4.17,1189.625,61.15,67.15,64.15,65.1,9.4,0.3588,-0.3593,0.0016,-0.3899,2.4652,63.6898,43.0,7,261
LLY270115C01160000,LLY,2027-01-15,113,C,1160.0,-2.49,1189.625,112.9,122.35,117.625,122.45,8.0,0.3606,0.6162,0.0016,-0.3778,2.5277,116.8875,53.5,11,352
LLY270115P01160000,LLY,2027-01-15,113,P,1160.0,-2.49,1189.625,68.8,76.35,72.575,73.15,10.4,0.3567,-0.3928,0.0017,-0.3999,2.5349,71.9982,46.4,15,227
LLY270115C01180000,LLY,2027-01-15,113,C,1180.0,-0.81,1189.625,102.1,110.4,106.25,108.65,7.8,0.3562,0.5834,0.0016,-0.3878,2.5822,105.5229,50.2,5,268
LLY270115P01180000,LLY,2027-01-15,113,P,1180.0,-0.81,1189.625,81.35,84.05,82.7,84.15,3.3,0.3586,-0.4269,0.0017,-0.4069,2.583,81.9963,49.9,17,227
LLY270115C01200000,LLY,2027-01-15,113,C,1200.0,0.87,1189.625,93.55,99.7,96.625,96.45,6.4,0.3562,0.5503,0.0017,-0.3948,2.6183,95.9464,46.8,70,1150
LLY270115P01200000,LLY,2027-01-15,113,P,1200.0,0.87,1189.625,90.75,94.85,92.8,93.0,4.4,0.3576,-0.4611,0.0017,-0.4109,2.6138,91.9199,53.2,2,515
LLY270115C01220000,LLY,2027-01-15,113,C,1220.0,2.55,1189.625,84.5,91.85,88.175,88.95,8.3,0.358,0.5173,0.0017,-0.3987,2.6366,87.5052,43.5,5,256
LLY270115P01220000,LLY,2027-01-15,113,P,1220.0,2.55,1189.625,99.8,105.45,102.625,103.25,5.5,0.353,-0.4954,0.0018,-0.4118,2.6235,101.5458,56.5,4,106
LLY270115C01240000,LLY,2027-01-15,113,C,1240.0,4.23,1189.625,77.15,81.05,79.1,78.4,4.9,0.3551,0.4847,0.0017,-0.3997,2.6375,78.4666,40.3,10,573
LLY270115P01240000,LLY,2027-01-15,113,P,1240.0,4.23,1189.625,112.2,116.65,114.425,116.0,3.9,0.3538,-0.5293,0.0018,-0.4099,2.6123,113.2378,59.7,1,69
LLY270115C01260000,LLY,2027-01-15,113,C,1260.0,5.92,1189.625,68.4,73.1,70.75,70.85,6.6,0.3525,0.4526,0.0017,-0.3979,2.6207,70.1365,37.1,24,310
LLY270115P01260000,LLY,2027-01-15,113,P,1260.0,5.92,1189.625,123.55,129.55,126.55,125.69,4.7,0.3526,-0.563,0.0018,-0.4051,2.5883,125.0306,62.9,6,62
LLY270115C01280000,LLY,2027-01-15,113,C,1280.0,7.6,1189.625,61.2,66.2,63.7,51.64,7.8,0.3531,0.4212,0.0017,-0.3934,2.5888,63.2513,34.2,0,707
LLY270115P01280000,LLY,2027-01-15,113,P,1280.0,7.6,1189.625,136.85,141.8,139.325,142.3,3.6,0.352,-0.5959,0.0017,-0.3979,2.5426,137.5891,65.9,60,208
LLY270115C01300000,LLY,2027-01-15,113,C,1300.0,9.28,1189.625,56.5,59.3,57.9,57.0,4.8,0.3555,0.3907,0.0016,-0.3865,2.5411,57.3935,31.4,8,809
LLY270115P01300000,LLY,2027-01-15,113,P,1300.0,9.28,1189.625,151.15,155.3,153.225,168.45,2.7,0.3533,-0.6279,0.0017,-0.3882,2.4814,151.2118,68.7,1,24
LLY270115C01320000,LLY,2027-01-15,113,C,1320.0,10.96,1189.625,48.9,53.4,51.15,53.99,8.8,0.3522,0.3613,0.0016,-0.3775,2.481,50.6458,28.6,2,330
LLY270115P01320000,LLY,2027-01-15,113,P,1320.0,10.96,1189.625,164.35,170.3,167.325,178.6,3.6,0.3531,-0.6591,0.0017,-0.3766,2.4023,164.9974,71.4,0,41
LLY270115C01340000,LLY,2027-01-15,113,C,1340.0,12.64,1189.625,43.55,47.55,45.55,46.7,8.8,0.3516,0.3331,0.0016,-0.3667,2.409,45.1097,26.0,2,366
LLY270115P01340000,LLY,2027-01-15,113,P,1340.0,12.64,1189.625,179.15,185.7,182.425,185.15,3.6,0.3548,-0.689,0.0016,-0.3635,2.3156,179.7586,73.9,2,27
LLY270115C01360000,LLY,2027-01-15,113,C,1360.0,14.32,1189.625,40.35,42.55,41.45,40.8,5.3,0.3552,0.3063,0.0015,-0.3543,2.3265,41.0412,23.8,13,404
LLY270115P01360000,LLY,2027-01-15,113,P,1360.0,14.32,1189.625,194.6,200.5,197.55,200.55,3.0,0.3544,-0.7178,0.0016,-0.3488,2.2104,194.4935,76.3,2,4
LLY270115C01380000,LLY,2027-01-15,113,C,1380.0,16.0,1189.625,35.7,39.2,37.45,36.35,9.3,0.3575,0.281,0.0014,-0.3407,2.2379,37.0771,21.7,15,674
LLY270115P01380000,LLY,2027-01-15,113,P,1380.0,16.0,1189.625,209.9,219.5,214.7,181.7,4.5,0.3613,-0.7452,0.0016,-0.3332,2.0915,211.3161,78.2,0,15
LLY270115C01400000,LLY,2027-01-15,113,C,1400.0,17.68,1189.625,31.35,34.0,32.675,32.3,8.1,0.3543,0.2571,0.0014,-0.3263,2.141,32.3239,19.4,83,1210
LLY270115P01400000,LLY,2027-01-15,113,P,1400.0,17.68,1189.625,226.25,235.7,230.975,245.0,4.1,0.3623,-0.7712,0.0015,-0.3171,1.9718,227.1734,80.2,0,29
LLY270115C01420000,LLY,2027-01-15,113,C,1420.0,19.37,1189.625,28.1,30.65,29.375,28.75,8.7,0.3562,0.2348,0.0013,-0.3111,2.0416,29.0587,17.6,17,558
LLY270115P01420000,LLY,2027-01-15,113,P,1420.0,19.37,1189.625,242.7,252.3,247.5,202.05,3.9,0.3625,-0.7958,0.0014,-0.3005,1.8438,243.238,82.0,0,6
LLY270115C01440000,LLY,2027-01-15,113,C,1440.0,21.05,1189.625,23.0,27.4,25.2,25.5,17.5,0.3518,0.2141,0.0012,-0.2957,1.9391,24.9161,15.6,20,172
LLY270115P01440000,LLY,2027-01-15,113,P,1440.0,21.05,1189.625,258.6,270.9,264.75,264.19,4.6,0.3645,-0.8189,0.0014,-0.2842,1.7132,260.0101,83.7,0,12
LLY270115C01460000,LLY,2027-01-15,113,C,1460.0,22.73,1189.625,21.15,24.2,22.675,22.64,13.5,0.3542,0.1949,0.0012,-0.28,1.8342,22.4243,14.1,13,471
LLY270115P01460000,LLY,2027-01-15,113,P,1460.0,22.73,1189.625,276.05,289.0,282.525,290.75,4.6,0.3679,-0.8407,0.0013,-0.268,1.568,277.3355,85.1,0,5
LLY270115C01480000,LLY,2027-01-15,113,C,1480.0,24.41,1189.625,18.6,21.65,20.125,21.4,15.2,0.3549,0.1772,0.0011,-0.2644,1.7319,19.9022,12.7,37,237
LLY270115P01480000,LLY,2027-01-15,113,P,1480.0,24.41,1189.625,293.9,306.7,300.3,246.29,4.3,0.3694,-0.861,0.0013,-0.2507,1.429,294.5661,86.5,0,1
LLY270319C00900000,LLY,2027-03-19,176,C,900.0,-24.35,1189.625,320.55,332.0,326.275,301.1,3.5,0.3918,0.8914,0.0006,-0.1285,1.5568,325.9708,83.2,0,62
LLY270319P00900000,LLY,2027-03-19,176,P,900.0,-24.35,1189.625,18.3,20.75,19.525,20.05,12.5,0.3945,-0.111,0.0006,-0.1717,1.5738,19.5713,17.1,2,696
LLY270319C00910000,LLY,2027-03-19,176,C,910.0,-23.51,1189.625,311.2,323.65,317.425,279.88,3.9,0.387,0.8844,0.0006,-0.1367,1.6272,317.0926,82.5,0,17
LLY270319P00910000,LLY,2027-03-19,176,P,910.0,-23.51,1189.625,18.95,27.65,23.3,24.54,37.3,0.4068,-0.1181,0.0006,-0.1788,1.6427,23.336,19.1,0,88
LLY270319C00920000,LLY,2027-03-19,176,C,920.0,-22.66,1189.625,303.0,315.65,309.325,263.63,4.1,0.3865,0.8771,0.0006,-0.145,1.6978,308.9689,81.5,0,12
LLY270319P00920000,LLY,2027-03-19,176,P,920.0,-22.66,1189.625,20.35,30.95,25.65,24.62,41.3,0.4092,-0.1256,0.0006,-0.1861,1.7109,25.682,20.3,0,206
LLY270319C00930000,LLY,2027-03-19,176,C,930.0,-21.82,1189.625,294.85,307.75,301.3,308.54,4.3,0.3859,0.8694,0.0007,-0.1534,1.7684,300.926,80.4,0,32
LLY270319P00930000,LLY,2027-03-19,176,P,930.0,-21.82,1189.625,18.8,33.7,26.25,34.3,56.8,0.4012,-0.1334,0.0007,-0.1934,1.7849,26.2637,20.8,0,110
LLY270319C00940000,LLY,2027-03-19,176,C,940.0,-20.98,1189.625,286.8,299.25,293.025,330.11,4.2,0.3833,0.8615,0.0007,-0.1618,1.84,292.6179,79.5,0,10
LLY270319P00940000,LLY,2027-03-19,176,P,940.0,-20.98,1189.625,20.55,32.95,26.75,29.05,46.4,0.3927,-0.1415,0.0007,-0.2008,1.8607,26.7643,21.2,0,139
LLY270319C00950000,LLY,2027-03-19,176,C,950.0,-20.14,1189.625,280.15,291.4,285.775,269.06,3.9,0.3859,0.8532,0.0007,-0.1703,1.913,285.3698,78.2,0,63
LLY270319P00950000,LLY,2027-03-19,176,P,950.0,-20.14,1189.625,25.4,29.75,27.575,29.9,15.8,0.3858,-0.15,0.0007,-0.2082,1.9333,27.578,21.8,1,159
LLY270319C00960000,LLY,2027-03-19,176,C,960.0,-19.3,1189.625,272.05,283.55,277.8,281.75,4.1,0.3839,0.8446,0.0008,-0.1787,1.9862,277.3644,77.1,0,18
LLY270319P00960000,LLY,2027-03-19,176,P,960.0,-19.3,1189.625,23.95,35.15,29.55,35.55,37.9,0.3846,-0.1588,0.0008,-0.2156,2.0049,29.5393,22.9,0,128
LLY270319C00970000,LLY,2027-03-19,176,C,970.0,-18.46,1189.625,264.1,275.7,269.9,255.56,4.3,0.3819,0.8357,0.0008,-0.1871,2.0585,269.4453,76.1,0,18
LLY270319P00970000,LLY,2027-03-19,176,P,970.0,-18.46,1189.625,31.05,33.65,32.35,33.45,8.0,0.3869,-0.1679,0.0008,-0.2231,2.0746,32.3196,24.3,25,195
LLY270319C00980000,LLY,2027-03-19,176,C,980.0,-17.62,1189.625,255.7,271.5,263.6,263.6,6.0,0.3871,0.8264,0.0008,-0.1955,2.1298,263.1497,74.5,0,51
LLY270319P00980000,LLY,2027-03-19,176,P,980.0,-17.62,1189.625,30.95,41.0,35.975,40.85,27.9,0.3923,-0.1773,0.0008,-0.2305,2.1493,35.9233,25.9,0,176
LLY270319C00990000,LLY,2027-03-19,176,C,990.0,-16.78,1189.625,248.2,260.95,254.575,237.65,5.0,0.3789,0.8169,0.0008,-0.2038,2.201,254.0946,73.9,0,24
LLY270319P00990000,LLY,2027-03-19,176,P,990.0,-16.78,1189.625,33.4,42.1,37.75,43.45,23.0,0.3885,-0.1871,0.0009,-0.2378,2.2249,37.6773,26.8,0,173
LLY270319C01000000,LLY,2027-03-19,176,C,1000.0,-15.94,1189.625,242.05,253.45,247.75,255.0,4.6,0.3804,0.8071,0.0009,-0.212,2.2724,247.2489,72.5,5,69
LLY270319P01000000,LLY,2027-03-19,176,P,1000.0,-15.94,1189.625,36.65,41.2,38.925,38.89,11.7,0.3818,-0.1971,0.0009,-0.2451,2.2948,38.8395,27.6,5,122
LLY270319C01010000,LLY,2027-03-19,176,C,1010.0,-15.1,1189.625,233.55,246.45,240.0,230.5,5.4,0.3774,0.797,0.0009,-0.2201,2.3429,239.4955,71.5,0,36
LLY270319P01010000,LLY,2027-03-19,176,P,1010.0,-15.1,1189.625,39.65,43.35,41.5,46.45,8.9,0.3808,-0.2075,0.0009,-0.2523,2.3638,41.3728,28.8,0,146
LLY270319C01020000,LLY,2027-03-19,176,C,1020.0,-14.26,1189.625,226.45,239.35,232.9,232.17,5.5,0.3767,0.7867,0.0009,-0.228,2.4114,232.3797,70.2,0,36
LLY270319P01020000,LLY,2027-03-19,176,P,1020.0,-14.26,1189.625,42.7,47.9,45.3,47.2,11.5,0.3797,-0.218,0.001,-0.2593,2.4293,43.9931,30.0,1,184
LLY270319C01030000,LLY,2027-03-19,176,C,1030.0,-13.42,1189.625,219.4,232.4,225.9,213.88,5.8,0.3759,0.7761,0.001,-0.2358,2.4778,225.3565,69.0,0,20
LLY270319P01030000,LLY,2027-03-19,176,P,1030.0,-13.42,1189.625,44.3,49.5,46.9,47.9,11.1,0.3787,-0.229,0.001,-0.2663,2.4985,46.7498,31.2,1,162
LLY270319C01040000,LLY,2027-03-19,176,C,1040.0,-12.58,1189.625,213.8,225.55,219.675,174.5,5.3,0.3778,0.7652,0.001,-0.2434,2.5429,219.1384,67.5,0,62
LLY270319P01040000,LLY,2027-03-19,176,P,1040.0,-12.58,1189.625,48.55,51.25,49.9,49.7,5.4,0.3784,-0.2401,0.001,-0.273,2.5673,49.7994,32.5,2,224
LLY270319C01050000,LLY,2027-03-19,176,C,1050.0,-11.74,1189.625,207.55,217.85,212.7,164.18,4.8,0.3762,0.7541,0.001,-0.2508,2.607,212.1608,66.3,0,21
LLY270319P01050000,LLY,2027-03-19,176,P,1050.0,-11.74,1189.625,51.65,54.45,53.05,53.9,5.3,0.3775,-0.2516,0.001,-0.2796,2.6299,52.8174,33.8,8,46
LLY270319C01060000,LLY,2027-03-19,176,C,1060.0,-10.9,1189.625,200.55,213.4,206.975,179.2,6.2,0.3788,0.7428,0.001,-0.258,2.6692,206.4172,64.8,0,44
LLY270319P01060000,LLY,2027-03-19,176,P,1060.0,-10.9,1189.625,54.7,57.95,56.325,54.55,5.8,0.3765,-0.2632,0.0011,-0.2859,2.6899,55.9274,35.0,10,124
LLY270319C01070000,LLY,2027-03-19,176,C,1070.0,-10.06,1189.625,193.55,205.8,199.675,164.12,6.1,0.3751,0.7313,0.0011,-0.2649,2.7285,199.1119,63.7,0,31
LLY270319P01070000,LLY,2027-03-19,176,P,1070.0,-10.06,1189.625,56.95,62.75,59.85,68.9,9.7,0.377,-0.2752,0.0011,-0.292,2.7467,59.5666,36.4,0,66
LLY270319C01080000,LLY,2027-03-19,176,C,1080.0,-9.22,1189.625,188.3,198.55,193.425,197.19,5.3,0.3748,0.7196,0.0011,-0.2715,2.7849,192.845,62.4,1,74
LLY270319P01080000,LLY,2027-03-19,176,P,1080.0,-9.22,1189.625,59.45,66.2,62.825,61.3,10.7,0.3744,-0.2872,0.0011,-0.2979,2.8045,62.4772,37.6,12,97
LLY270319C01100000,LLY,2027-03-19,176,C,1100.0,-7.53,1189.625,175.6,188.1,181.85,153.35,6.9,0.3762,0.6958,0.0011,-0.284,2.8907,181.2789,59.6,0,136
LLY270319P01100000,LLY,2027-03-19,176,P,1100.0,-7.53,1189.625,66.75,73.2,69.975,70.9,9.2,0.3725,-0.3118,0.0012,-0.3088,2.9106,69.5677,40.2,10,604
LLY270319C01120000,LLY,2027-03-19,176,C,1120.0,-5.85,1189.625,165.45,174.0,169.725,168.82,5.0,0.3738,0.6714,0.0012,-0.2951,2.9861,169.1312,57.0,3,67
LLY270319P01120000,LLY,2027-03-19,176,P,1120.0,-5.85,1189.625,75.2,84.2,79.7,91.35,11.3,0.3773,-0.3372,0.0012,-0.3186,3.0004,79.1601,43.1,0,128
LLY270319C01140000,LLY,2027-03-19,176,C,1140.0,-4.17,1189.625,154.05,162.95,158.5,155.5,5.6,0.3728,0.6466,0.0012,-0.305,3.068,157.9017,54.4,6,87
LLY270319P01140000,LLY,2027-03-19,176,P,1140.0,-4.17,1189.625,84.75,92.95,88.85,88.9,9.2,0.3782,-0.3631,0.0013,-0.3272,3.0802,88.1627,45.8,2,177
LLY270319C01160000,LLY,2027-03-19,176,C,1160.0,-2.49,1189.625,142.15,153.15,147.65,151.49,7.5,0.3714,0.6215,0.0012,-0.3134,3.138,147.0579,51.7,4,159
LLY270319P01160000,LLY,2027-03-19,176,P,1160.0,-2.49,1189.625,91.65,98.9,95.275,96.1,7.6,0.3688,-0.3893,0.0013,-0.3343,3.1462,94.4548,48.2,2,136
LLY270319C01180000,LLY,2027-03-19,176,C,1180.0,-0.81,1189.625,132.75,141.75,137.25,146.25,6.6,0.3698,0.5962,0.0013,-0.3203,3.1947,136.6547,49.1,1,103
LLY270319P01180000,LLY,2027-03-19,176,P,1180.0,-0.81,1189.625,100.95,111.7,106.325,106.6,10.1,0.3725,-0.4156,0.0013,-0.34,3.1966,105.3539,50.9,4,66
LLY270319C01200000,LLY,2027-03-19,176,C,1200.0,0.87,1189.625,122.85,133.25,128.05,127.1,8.1,0.3704,0.5709,0.0013,-0.3258,3.2378,127.4667,46.5,18,428
LLY270319P01200000,LLY,2027-03-19,176,P,1200.0,0.87,1189.625,112.5,119.05,115.775,116.55,5.7,0.3694,-0.4423,0.0013,-0.3443,3.2335,114.5934,53.5,5,180
LLY270319C01220000,LLY,2027-03-19,176,C,1220.0,2.55,1189.625,113.2,122.95,118.075,121.72,8.3,0.3671,0.5457,0.0013,-0.3298,3.2678,117.5097,44.0,6,91
LLY270319P01220000,LLY,2027-03-19,176,P,1220.0,2.55,1189.625,120.75,132.25,126.5,145.0,9.1,0.3688,-0.4687,0.0014,-0.3471,3.2545,125.1364,56.0,0,94
LLY270319C01240000,LLY,2027-03-19,176,C,1240.0,4.23,1189.625,106.85,114.45,110.65,113.05,6.9,0.37,0.5207,0.0013,-0.3323,3.2847,110.0772,41.5,6,112
LLY270319P01240000,LLY,2027-03-19,176,P,1240.0,4.23,1189.625,131.8,143.4,137.6,151.14,8.4,0.3675,-0.4953,0.0014,-0.3485,3.2618,135.9415,58.5,0,35
LLY270319C01260000,LLY,2027-03-19,176,C,1260.0,5.92,1189.625,98.9,108.5,103.7,103.4,9.3,0.373,0.496,0.0013,-0.3335,3.289,103.1628,39.1,5,198
LLY270319P01260000,LLY,2027-03-19,176,P,1260.0,5.92,1189.625,144.35,155.65,150.0,173.85,7.5,0.3688,-0.5216,0.0014,-0.3485,3.2544,148.0843,60.9,0,89
LLY270319C01280000,LLY,2027-03-19,176,C,1280.0,7.6,1189.625,91.1,100.1,95.6,96.25,9.4,0.371,0.4716,0.0013,-0.3332,3.2806,95.065,36.8,4,179
LLY270319P01280000,LLY,2027-03-19,176,P,1280.0,7.6,1189.625,160.1,167.7,163.9,177.15,4.6,0.3731,-0.5475,0.0014,-0.3471,3.2318,161.6783,63.2,0,12
LLY270319C01300000,LLY,2027-03-19,176,C,1300.0,9.28,1189.625,84.9,90.85,87.875,87.57,6.8,0.3688,0.4477,0.0013,-0.3317,3.261,87.3568,34.5,9,245
LLY270319P01300000,LLY,2027-03-19,176,P,1300.0,9.28,1189.625,171.45,180.8,176.125,188.45,5.3,0.371,-0.5731,0.0014,-0.3446,3.1968,173.6158,65.5,1,32
LLY270319C01320000,LLY,2027-03-19,176,C,1320.0,10.96,1189.625,76.0,87.5,81.75,64.62,14.1,0.3702,0.4244,0.0013,-0.329,3.231,81.2573,32.3,0,75
LLY270319P01320000,LLY,2027-03-19,176,P,1320.0,10.96,1189.625,182.0,194.05,188.025,222.03,6.4,0.3662,-0.5982,0.0014,-0.3408,3.1504,185.1253,67.7,0,4
LLY270319C01340000,LLY,2027-03-19,176,C,1340.0,12.64,1189.625,72.85,77.5,75.175,75.4,6.2,0.3689,0.4016,0.0013,-0.3252,3.1896,74.7022,30.2,4,109
LLY270319P01340000,LLY,2027-03-19,176,P,1340.0,12.64,1189.625,196.8,210.15,203.475,238.45,6.6,0.3713,-0.6228,0.0014,-0.3358,3.0891,200.2441,69.7,0,4
LLY270319C01360000,LLY,2027-03-19,176,C,1360.0,14.32,1189.625,66.0,74.95,70.475,56.13,12.7,0.3723,0.3795,0.0012,-0.3203,3.1397,70.0316,28.4,0,79
LLY270319P01360000,LLY,2027-03-19,176,P,1360.0,14.32,1189.625,210.25,224.95,217.6,184.9,6.8,0.3707,-0.647,0.0014,-0.3301,3.0204,213.9249,71.7,0,4
LLY270319C01380000,LLY,2027-03-19,176,C,1380.0,16.0,1189.625,60.55,69.55,65.05,64.6,13.8,0.3722,0.3581,0.0012,-0.3146,3.0824,64.6245,26.5,16,188
LLY270319P01380000,LLY,2027-03-19,176,P,1380.0,16.0,1189.625,228.3,240.25,234.275,265.6,5.1,0.3774,-0.6704,0.0013,-0.3233,2.9367,230.2402,73.4,0,3
LLY270319C01400000,LLY,2027-03-19,176,C,1400.0,17.68,1189.625,56.2,61.6,58.9,59.32,9.2,0.3685,0.3375,0.0012,-0.3081,3.016,58.4971,24.5,16,303
LLY270319P01400000,LLY,2027-03-19,176,P,1400.0,17.68,1189.625,242.8,253.7,248.25,220.08,4.4,0.3736,-0.6931,0.0013,-0.3159,2.8477,243.6615,75.3,0,9
LLY270319C01420000,LLY,2027-03-19,176,C,1420.0,19.37,1189.625,50.85,57.0,53.925,54.8,11.4,0.3675,0.3176,0.0012,-0.3008,2.9435,53.559,22.8,2,185
LLY270319P01420000,LLY,2027-03-19,176,P,1420.0,19.37,1189.625,258.8,270.8,264.8,300.75,4.5,0.3776,-0.7153,0.0013,-0.308,2.7502,259.7737,76.8,0,7
LLY270319C01440000,LLY,2027-03-19,176,C,1440.0,21.05,1189.625,46.7,53.75,50.225,51.15,14.0,0.3697,0.2986,0.0011,-0.293,2.8672,49.8738,21.3,1,236
LLY270319P01440000,LLY,2027-03-19,176,P,1440.0,21.05,1189.625,272.4,286.6,279.5,449.75,5.1,0.3735,-0.7365,0.0013,-0.2993,2.6348,273.8251,78.6,0,0
LLY270319C01460000,LLY,2027-03-19,176,C,1460.0,22.73,1189.625,43.3,50.0,46.65,46.0,14.4,0.3714,0.2804,0.0011,-0.2848,2.7849,46.3232,19.8,2,228
LLY270319P01460000,LLY,2027-03-19,176,P,1460.0,22.73,1189.625,290.9,300.6,295.75,246.87,3.3,0.3738,-0.7572,0.0012,-0.2908,2.5219,289.4736,80.1,0,1
LLY270319C01480000,LLY,2027-03-19,176,C,1480.0,24.41,1189.625,40.1,44.45,42.275,36.4,10.3,0.3701,0.2631,0.0011,-0.2761,2.6979,42.2302,18.3,0,91
LLY270319P01480000,LLY,2027-03-19,176,P,1480.0,24.41,1189.625,305.95,319.0,312.475,331.6,4.2,0.3748,-0.777,0.0012,-0.2816,2.3918,305.5946,81.5,0,2
LLY270416C00900000,LLY,2027-04-16,204,C,900.0,-24.35,1189.625,326.55,339.2,332.875,291.0,3.8,0.386,0.8824,0.0006,-0.1295,1.7734,331.9665,81.6,0,3
LLY270416P00900000,LLY,2027-04-16,204,P,900.0,-24.35,1189.625,18.0,29.5,23.75,24.5,48.4,0.3939,-0.1207,0.0006,-0.1685,1.7922,23.8423,19.0,0,83
LLY270416C00920000,LLY,2027-04-16,204,C,920.0,-22.66,1189.625,310.35,326.6,318.475,0.0,5.1,0.3929,0.8683,0.0006,-0.1439,1.9157,317.5412,78.9,0,0
LLY270416P00920000,LLY,2027-04-16,204,P,920.0,-22.66,1189.625,22.0,33.7,27.85,32.03,42.0,0.3948,-0.1352,0.0006,-0.1811,1.938,27.9465,21.2,0,70
LLY270416C00940000,LLY,2027-04-16,204,C,940.0,-20.98,1189.625,295.1,307.55,301.325,303.9,4.1,0.3834,0.853,0.0007,-0.1583,2.0621,300.3389,77.5,1,1
LLY270416P00940000,LLY,2027-04-16,204,P,940.0,-20.98,1189.625,25.25,37.15,31.2,38.45,38.1,0.3898,-0.1509,0.0007,-0.1939,2.088,31.2589,23.0,0,77
LLY270416C00960000,LLY,2027-04-16,204,C,960.0,-19.3,1189.625,278.95,291.55,285.25,285.23,4.4,0.3781,0.8366,0.0007,-0.1727,2.2085,284.2262,75.7,2,3
LLY270416P00960000,LLY,2027-04-16,204,P,960.0,-19.3,1189.625,32.65,36.3,34.475,36.45,10.6,0.3832,-0.1677,0.0008,-0.2067,2.2307,34.5029,24.7,4,375
LLY270416C00980000,LLY,2027-04-16,204,C,980.0,-17.62,1189.625,264.0,276.45,270.225,256.39,4.6,0.376,0.8192,0.0008,-0.187,2.3524,269.1567,73.5,0,1
LLY270416P00980000,LLY,2027-04-16,204,P,980.0,-17.62,1189.625,36.15,46.15,41.15,44.7,24.3,0.3898,-0.1857,0.0008,-0.2194,2.3836,41.1359,27.6,0,25
LLY270416C01000000,LLY,2027-04-16,204,C,1000.0,-15.94,1189.625,249.35,261.95,255.65,211.56,4.9,0.3742,0.8007,0.0008,-0.2009,2.4962,254.5633,71.3,0,0
LLY270416P01000000,LLY,2027-04-16,204,P,1000.0,-15.94,1189.625,41.0,49.55,45.275,44.44,18.9,0.3837,-0.2048,0.0009,-0.2319,2.5241,45.2117,29.5,1,16
LLY270416C01020000,LLY,2027-04-16,204,C,1020.0,-14.26,1189.625,235.2,247.95,241.575,191.18,5.3,0.3727,0.7812,0.0009,-0.2144,2.6336,240.4725,68.9,0,1
LLY270416P01020000,LLY,2027-04-16,204,P,1020.0,-14.26,1189.625,44.25,53.25,48.75,62.58,18.5,0.3741,-0.2249,0.0009,-0.244,2.6592,48.6663,31.2,0,25
LLY270416C01040000,LLY,2027-04-16,204,C,1040.0,-12.58,1189.625,222.0,234.45,228.225,247.4,5.5,0.3723,0.7609,0.0009,-0.2274,2.7654,227.1304,66.4,0,0
LLY270416P01040000,LLY,2027-04-16,204,P,1040.0,-12.58,1189.625,51.4,63.4,57.4,62.45,20.9,0.3821,-0.246,0.001,-0.2557,2.7978,57.2402,34.2,0,31
LLY270416C01060000,LLY,2027-04-16,204,C,1060.0,-10.9,1189.625,209.0,221.85,215.425,184.38,6.0,0.372,0.7398,0.001,-0.2397,2.8914,214.2991,63.9,0,1
LLY270416P01060000,LLY,2027-04-16,204,P,1060.0,-10.9,1189.625,60.1,64.85,62.475,62.8,7.6,0.3754,-0.2679,0.001,-0.2667,2.9172,62.227,36.3,2,26
LLY270416C01070000,LLY,2027-04-16,204,C,1070.0,-10.06,1189.625,203.8,215.2,209.5,195.0,5.4,0.3729,0.729,0.001,-0.2455,2.9504,208.3778,62.6,0,3
LLY270416P01070000,LLY,2027-04-16,204,P,1070.0,-10.06,1189.625,61.2,72.8,67.0,74.85,17.3,0.3783,-0.2791,0.001,-0.2719,2.974,66.6999,37.7,0,82
LLY270416C01080000,LLY,2027-04-16,204,C,1080.0,-9.22,1189.625,197.85,208.05,202.95,163.77,5.0,0.3713,0.718,0.001,-0.2512,3.0067,201.8361,61.4,0,1
LLY270416P01080000,LLY,2027-04-16,204,P,1080.0,-9.22,1189.625,63.7,76.75,70.225,94.5,18.6,0.3765,-0.2905,0.0011,-0.2769,3.0331,69.9066,38.9,0,51
LLY270416C01090000,LLY,2027-04-16,204,C,1090.0,-8.37,1189.625,191.0,203.45,197.225,197.66,6.3,0.372,0.7069,0.001,-0.2565,3.0611,196.1086,60.1,1,4
LLY270416P01090000,LLY,2027-04-16,204,P,1090.0,-8.37,1189.625,67.85,79.95,73.9,89.97,16.4,0.3757,-0.3021,0.0011,-0.2817,3.0895,73.5249,40.1,0,53
LLY270416C01100000,LLY,2027-04-16,204,C,1100.0,-7.53,1189.625,185.7,196.5,191.1,195.66,5.7,0.371,0.6956,0.0011,-0.2617,3.1134,189.9813,58.9,1,1
LLY270416P01100000,LLY,2027-04-16,204,P,1100.0,-7.53,1189.625,71.4,80.95,76.175,96.1,12.5,0.37,-0.3139,0.0011,-0.2863,3.1392,75.7245,41.1,0,87
LLY270416C01110000,LLY,2027-04-16,204,C,1110.0,-6.69,1189.625,179.1,191.95,185.525,142.63,6.9,0.3714,0.6842,0.0011,-0.2666,3.1632,184.4134,57.6,0,1
LLY270416P01110000,LLY,2027-04-16,204,P,1110.0,-6.69,1189.625,76.0,87.75,81.875,86.68,14.4,0.3749,-0.3258,0.0011,-0.2907,3.1858,81.3614,42.6,0,71
LLY270416C01120000,LLY,2027-04-16,204,C,1120.0,-5.85,1189.625,173.8,184.65,179.225,166.0,6.1,0.3692,0.6727,0.0011,-0.2712,3.2097,178.1351,56.4,2,5
LLY270416P01120000,LLY,2027-04-16,204,P,1120.0,-5.85,1189.625,78.85,91.9,85.375,97.6,15.3,0.3724,-0.3378,0.0012,-0.2948,3.2288,84.7811,43.7,0,52
LLY270416C01130000,LLY,2027-04-16,204,C,1130.0,-5.01,1189.625,167.85,179.6,173.725,145.75,6.8,0.369,0.6612,0.0011,-0.2756,3.253,172.6152,55.2,0,2
LLY270416P01130000,LLY,2027-04-16,204,P,1130.0,-5.01,1189.625,84.5,92.85,88.675,98.95,9.4,0.3691,-0.3499,0.0012,-0.2987,3.2696,88.0407,44.9,0,9
LLY270416C01140000,LLY,2027-04-16,204,C,1140.0,-4.17,1189.625,162.3,174.0,168.15,151.13,7.0,0.3683,0.6495,0.0011,-0.2797,3.2933,167.0523,53.9,0,6
LLY270416P01140000,LLY,2027-04-16,204,P,1140.0,-4.17,1189.625,87.55,99.75,93.65,93.98,13.0,0.3705,-0.3621,0.0012,-0.3023,3.3095,92.952,46.2,2,12
LLY270416C01150000,LLY,2027-04-16,204,C,1150.0,-3.33,1189.625,156.1,169.3,162.7,137.8,8.1,0.3676,0.6378,0.0011,-0.2835,3.331,161.6075,52.7,0,3
LLY270416P01150000,LLY,2027-04-16,204,P,1150.0,-3.33,1189.625,92.3,102.45,97.375,112.1,10.4,0.3676,-0.3744,0.0012,-0.3056,3.3458,96.5582,47.3,0,5
LLY270416C01160000,LLY,2027-04-16,204,C,1160.0,-2.49,1189.625,151.15,164.4,157.775,145.8,8.4,0.3681,0.6261,0.0012,-0.2871,3.3658,156.6865,51.4,0,6
LLY270416P01160000,LLY,2027-04-16,204,P,1160.0,-2.49,1189.625,94.65,108.7,101.675,135.82,13.8,0.3662,-0.3868,0.0012,-0.3087,3.3772,100.7737,48.5,0,5
LLY270416C01170000,LLY,2027-04-16,204,C,1170.0,-1.65,1189.625,146.0,159.15,152.575,129.73,8.6,0.3675,0.6143,0.0012,-0.2903,3.3975,151.5156,50.2,0,11
LLY270416P01170000,LLY,2027-04-16,204,P,1170.0,-1.65,1189.625,101.15,112.7,106.925,92.45,10.8,0.3672,-0.3992,0.0012,-0.3115,3.4052,105.9218,49.8,0,1
LLY270416C01180000,LLY,2027-04-16,204,C,1180.0,-0.81,1189.625,141.3,153.5,147.4,136.2,8.3,0.3665,0.6025,0.0012,-0.2932,3.4258,146.3249,49.0,0,9
LLY270416P01180000,LLY,2027-04-16,204,P,1180.0,-0.81,1189.625,107.05,119.1,113.075,121.45,10.7,0.3705,-0.4117,0.0012,-0.314,3.43,111.9884,51.1,0,10
LLY270416C01190000,LLY,2027-04-16,204,C,1190.0,0.03,1189.625,137.35,149.6,143.475,130.96,8.5,0.3689,0.5906,0.0012,-0.2959,3.4509,142.4276,47.7,0,13
LLY270416P01190000,LLY,2027-04-16,204,P,1190.0,0.03,1189.625,111.25,124.55,117.9,142.48,11.3,0.3692,-0.4246,0.0013,-0.3163,3.4521,116.5979,52.3,0,5
LLY270416C01200000,LLY,2027-04-16,204,C,1200.0,0.87,1189.625,132.95,143.9,138.425,126.82,7.9,0.3676,0.5788,0.0012,-0.2983,3.4729,137.3701,46.5,0,12
LLY270416P01200000,LLY,2027-04-16,204,P,1200.0,0.87,1189.625,116.7,129.6,123.15,148.9,10.5,0.3695,-0.4367,0.0013,-0.3182,3.4692,121.8778,53.5,0,49
LLY270416C01210000,LLY,2027-04-16,204,C,1210.0,1.71,1189.625,128.45,139.1,133.775,118.45,8.0,0.3672,0.567,0.0012,-0.3003,3.4918,132.7407,45.3,0,3
LLY270416P01210000,LLY,2027-04-16,204,P,1210.0,1.71,1189.625,120.05,134.25,127.15,136.11,11.2,0.3654,-0.4492,0.0013,-0.3198,3.4815,125.734,54.7,0,33
LLY270416C01220000,LLY,2027-04-16,204,C,1220.0,2.55,1189.625,122.85,134.95,128.9,116.09,9.4,0.3658,0.5553,0.0012,-0.3021,3.5076,127.8746,44.1,0,7
LLY270416P01220000,LLY,2027-04-16,204,P,1220.0,2.55,1189.625,127.85,138.0,132.925,146.6,7.6,0.3661,-0.4618,0.0013,-0.3212,3.4941,131.3833,55.9,0,44
LLY270416C01230000,LLY,2027-04-16,204,C,1230.0,3.39,1189.625,119.45,129.4,124.425,130.15,8.0,0.3652,0.5435,0.0012,-0.3036,3.5203,123.403,43.0,1,7
LLY270416P01230000,LLY,2027-04-16,204,P,1230.0,3.39,1189.625,132.55,143.55,138.05,148.04,8.0,0.3646,-0.4743,0.0013,-0.3224,3.501,136.3731,57.0,0,11
LLY270416C01240000,LLY,2027-04-16,204,C,1240.0,4.23,1189.625,116.25,125.15,120.7,109.6,7.4,0.3665,0.5319,0.0012,-0.3048,3.5299,119.7171,41.8,0,18
LLY270416P01240000,LLY,2027-04-16,204,P,1240.0,4.23,1189.625,138.75,149.85,144.3,165.53,7.7,0.366,-0.4868,0.0013,-0.3232,3.5064,142.501,58.2,0,14
LLY270416C01250000,LLY,2027-04-16,204,C,1250.0,5.08,1189.625,111.7,121.65,116.675,113.15,8.5,0.3665,0.5202,0.0012,-0.3057,3.5366,115.6845,40.7,1,23
LLY270416P01250000,LLY,2027-04-16,204,P,1250.0,5.08,1189.625,144.0,157.2,150.6,180.98,8.8,0.3671,-0.4992,0.0013,-0.3238,3.5068,148.6371,59.3,0,3
LLY270416C01260000,LLY,2027-04-16,204,C,1260.0,5.92,1189.625,108.6,119.95,114.275,101.05,9.9,0.3709,0.5087,0.0012,-0.3063,3.5404,113.3238,39.5,0,5
LLY270416P01260000,LLY,2027-04-16,204,P,1260.0,5.92,1189.625,150.4,163.3,156.85,171.85,8.2,0.3678,-0.5116,0.0013,-0.324,3.5028,154.7427,60.5,0,25
LLY270416C01270000,LLY,2027-04-16,204,C,1270.0,6.76,1189.625,103.5,113.9,108.7,107.56,9.6,0.366,0.4972,0.0012,-0.3067,3.5411,107.7726,38.4,0,2
LLY270416P01270000,LLY,2027-04-16,204,P,1270.0,6.76,1189.625,158.0,168.85,163.425,192.26,6.6,0.3691,-0.5239,0.0013,-0.3239,3.4904,161.17,61.6,0,4
LLY270416C01280000,LLY,2027-04-16,204,C,1280.0,7.6,1189.625,100.05,112.8,106.425,86.95,12.0,0.37,0.4858,0.0012,-0.3068,3.5388,105.4851,37.4,0,2
LLY270416P01280000,LLY,2027-04-16,204,P,1280.0,7.6,1189.625,161.8,175.45,168.625,198.28,8.1,0.3661,-0.5362,0.0013,-0.3237,3.483,166.1795,62.7,0,2
LLY270416C01290000,LLY,2027-04-16,204,C,1290.0,8.44,1189.625,96.3,108.55,102.425,80.55,12.0,0.369,0.4746,0.0012,-0.3066,3.5336,101.5293,36.3,0,16
LLY270416P01290000,LLY,2027-04-16,204,P,1290.0,8.44,1189.625,171.05,181.0,176.025,206.55,5.7,0.3691,-0.5484,0.0013,-0.3232,3.4707,173.4202,63.7,0,3
LLY270416C01300000,LLY,2027-04-16,204,C,1300.0,9.28,1189.625,92.6,104.9,98.75,81.35,12.5,0.3685,0.4634,0.0012,-0.3062,3.5259,97.8546,35.2,0,5
LLY270416P01300000,LLY,2027-04-16,204,P,1300.0,9.28,1189.625,177.9,187.4,182.65,197.04,5.2,0.3696,-0.5605,0.0013,-0.3224,3.4589,179.8773,64.7,0,3
LLY270416C01310000,LLY,2027-04-16,204,C,1310.0,10.12,1189.625,89.95,99.9,94.925,94.0,10.5,0.3673,0.4523,0.0012,-0.3056,3.5159,94.0362,34.2,1,7
LLY270416P01310000,LLY,2027-04-16,204,P,1310.0,10.12,1189.625,183.4,194.15,188.775,221.55,5.7,0.3683,-0.5725,0.0013,-0.3214,3.4402,185.8013,65.8,0,1
LLY270416C01320000,LLY,2027-04-16,204,C,1320.0,10.96,1189.625,85.35,97.45,91.4,74.16,13.2,0.3667,0.4414,0.0012,-0.3046,3.5035,90.5308,33.2,0,9
LLY270416P01320000,LLY,2027-04-16,204,P,1320.0,10.96,1189.625,190.1,200.3,195.2,241.04,5.2,0.3675,-0.5844,0.0013,-0.3201,3.4157,192.0033,66.8,0,1
LLY270416C01330000,LLY,2027-04-16,204,C,1330.0,11.8,1189.625,80.45,94.05,87.25,72.63,15.6,0.364,0.4306,0.0012,-0.3035,3.4885,86.3938,32.1,0,20
LLY270416P01330000,LLY,2027-04-16,204,P,1330.0,11.8,1189.625,196.25,209.35,202.8,235.16,6.5,0.3699,-0.5961,0.0013,-0.3185,3.3863,199.4217,67.8,0,5
LLY270416C01340000,LLY,2027-04-16,204,C,1340.0,12.64,1189.625,78.95,92.1,85.525,75.13,15.4,0.368,0.4199,0.0012,-0.3022,3.4707,84.6853,31.2,0,7
LLY270416P01340000,LLY,2027-04-16,204,P,1340.0,12.64,1189.625,201.8,215.25,208.525,242.57,6.5,0.3664,-0.6078,0.0013,-0.3168,3.3491,204.8806,68.8,0,4
LLY270416C01350000,LLY,2027-04-16,204,C,1350.0,13.48,1189.625,76.95,86.95,81.95,70.0,12.2,0.3664,0.4093,0.0012,-0.3006,3.4504,81.1253,30.3,0,16
LLY270416P01350000,LLY,2027-04-16,204,P,1350.0,13.48,1189.625,210.2,223.65,216.925,250.09,6.2,0.3706,-0.6195,0.0013,-0.3151,3.3242,213.1021,69.6,0,2
LLY270416C01360000,LLY,2027-04-16,204,C,1360.0,14.32,1189.625,72.25,84.6,78.425,70.02,15.7,0.3647,0.3989,0.0012,-0.2989,3.4279,77.631,29.3,0,52
LLY270416P01360000,LLY,2027-04-16,204,P,1360.0,14.32,1189.625,218.05,229.65,223.85,189.85,5.2,0.3701,-0.6309,0.0013,-0.313,3.294,219.787,70.6,0,1
LLY270416C01380000,LLY,2027-04-16,204,C,1380.0,16.0,1189.625,66.3,80.0,73.15,61.5,18.7,0.3656,0.3786,0.0012,-0.2948,3.3782,72.3861,27.5,0,9
LLY270416P01380000,LLY,2027-04-16,204,P,1380.0,16.0,1189.625,230.25,244.8,237.525,274.38,6.1,0.3676,-0.6534,0.0013,-0.3081,3.224,232.9254,72.4,0,1
LLY270416C01400000,LLY,2027-04-16,204,C,1400.0,17.68,1189.625,61.6,74.85,68.225,56.38,19.4,0.3666,0.3589,0.0012,-0.29,3.3213,67.51,25.8,0,28
LLY270416P01400000,LLY,2027-04-16,204,P,1400.0,17.68,1189.625,246.85,258.95,252.9,222.52,4.8,0.3693,-0.6752,0.0013,-0.3026,3.1234,247.8272,74.1,0,1
LLY270416C01420000,LLY,2027-04-16,204,C,1420.0,19.37,1189.625,54.6,71.2,62.9,54.31,26.4,0.3653,0.3399,0.0011,-0.2846,3.256,62.2058,24.1,0,13
LLY270416P01420000,LLY,2027-04-16,204,P,1420.0,19.37,1189.625,262.0,275.15,268.575,0.0,4.9,0.3706,-0.6966,0.0013,-0.2968,3.0283,262.9055,75.7,0,0
LLY270416C01440000,LLY,2027-04-16,204,C,1440.0,21.05,1189.625,52.55,64.9,58.725,49.96,21.0,0.3667,0.3216,0.0011,-0.2786,3.1853,58.0884,22.6,0,61
LLY270416P01440000,LLY,2027-04-16,204,P,1440.0,21.05,1189.625,277.6,289.75,283.675,323.0,4.3,0.3691,-0.7173,0.0012,-0.2903,2.938,277.3881,77.3,0,1
LLY270416C01460000,LLY,2027-04-16,204,C,1460.0,22.73,1189.625,46.0,60.65,53.325,44.73,27.5,0.3631,0.304,0.0011,-0.2722,3.1112,52.7071,21.0,0,13
LLY270416P01460000,LLY,2027-04-16,204,P,1460.0,22.73,1189.625,293.75,306.3,300.025,339.19,4.2,0.3706,-0.7374,0.0012,-0.2837,2.8298,293.1189,78.7,0,1
LLY270416C01480000,LLY,2027-04-16,204,C,1480.0,24.41,1189.625,43.15,57.05,50.1,38.75,27.7,0.3657,0.2871,0.001,-0.2654,3.0318,49.5255,19.7,0,29
LLY270416P01480000,LLY,2027-04-16,204,P,1480.0,24.41,1189.625,310.1,323.65,316.875,0.0,4.3,0.3729,-0.7569,0.0012,-0.2765,2.6767,309.3494,80.0,0,0
