contract,ticker,expiry,dte,type,strike,moneyness_pct,spot,bid,ask,mid,last,spread_pct,iv,delta,gamma,theta,vega,theo,prob_itm,volume,oi
LMT261009C00395000,LMT,2026-10-09,15,C,395.0,-24.79,525.21,128.4,135.5,131.95,0.0,5.4,0.7759,0.9927,0.0003,0.0,0.0229,131.8236,95.9,0,0
LMT261009P00395000,LMT,2026-10-09,15,P,395.0,-24.79,525.21,0.0,6.0,,0.0,,0.9798,-0.0077,0.0003,-0.0405,0.023,3.0045,9.0,0,0
LMT261009C00400000,LMT,2026-10-09,15,C,400.0,-23.84,525.21,124.0,130.5,127.25,128.97,5.1,0.7843,0.9921,0.0004,0.0,0.0247,127.1222,95.0,0,1
LMT261009P00400000,LMT,2026-10-09,15,P,400.0,-23.84,525.21,0.0,6.1,,0.0,,0.9491,-0.0084,0.0004,-0.0421,0.0247,3.0541,9.2,0,0
LMT261009C00405000,LMT,2026-10-09,15,C,405.0,-22.89,525.21,119.1,125.5,122.3,0.0,5.2,0.7591,0.9914,0.0004,0.0,0.0266,122.1702,94.8,0,0
LMT261009P00405000,LMT,2026-10-09,15,P,405.0,-22.89,525.21,0.0,8.4,,0.0,,0.9922,-0.0091,0.0004,-0.044,0.0266,4.202,11.5,0,0
LMT261009C00410000,LMT,2026-10-09,15,C,410.0,-21.94,525.21,113.6,120.6,117.1,0.0,6.0,0.7049,0.9905,0.0005,-0.0014,0.0287,116.9676,95.3,0,0
LMT261009P00410000,LMT,2026-10-09,15,P,410.0,-21.94,525.21,0.0,9.2,0.1,0.1,,0.9801,-0.0099,0.0005,-0.046,0.0287,4.5995,12.4,0,1
LMT261009C00415000,LMT,2026-10-09,15,C,415.0,-20.98,525.21,109.1,115.6,112.35,0.0,5.8,0.7031,0.9896,0.0005,-0.0056,0.0311,112.2161,94.4,0,0
LMT261009P00415000,LMT,2026-10-09,15,P,415.0,-20.98,525.21,0.0,5.2,0.05,0.05,,0.8149,-0.0109,0.0005,-0.0482,0.0312,2.6048,8.8,0,1
LMT261009C00420000,LMT,2026-10-09,15,C,420.0,-20.03,525.21,104.0,109.5,106.75,0.0,5.2,0.5997,0.9885,0.0006,-0.0099,0.0338,106.612,96.3,0,0
LMT261009P00420000,LMT,2026-10-09,15,P,420.0,-20.03,525.21,0.0,6.4,,0.0,,0.8235,-0.012,0.0006,-0.0507,0.034,3.2038,10.3,0,0
LMT261009C00425000,LMT,2026-10-09,15,C,425.0,-19.08,525.21,98.5,105.7,102.1,0.0,7.1,0.6158,0.9872,0.0006,-0.0146,0.0369,101.9606,95.0,0,0
LMT261009P00425000,LMT,2026-10-09,15,P,425.0,-19.08,525.21,0.0,9.6,0.1,0.1,,0.8826,-0.0132,0.0007,-0.0535,0.037,4.7996,13.5,0,2
LMT261009C00430000,LMT,2026-10-09,15,C,430.0,-18.13,525.21,94.0,100.6,97.3,0.0,6.8,0.6076,0.9858,0.0007,-0.0196,0.0405,97.1591,94.2,0,0
LMT261009P00430000,LMT,2026-10-09,15,P,430.0,-18.13,525.21,0.0,10.0,,0.0,,0.8569,-0.0147,0.0008,-0.0566,0.0406,4.9989,14.1,0,0
LMT261009C00435000,LMT,2026-10-09,15,C,435.0,-17.18,525.21,88.7,95.6,92.15,0.0,7.5,0.563,0.984,0.0008,-0.025,0.0446,92.0067,94.6,0,0
LMT261009P00435000,LMT,2026-10-09,15,P,435.0,-17.18,525.21,0.0,5.5,0.2,0.2,,0.6952,-0.0164,0.0009,-0.0601,0.0448,2.7548,10.1,0,49
LMT261009C00440000,LMT,2026-10-09,15,C,440.0,-16.22,525.21,83.7,90.8,87.25,0.0,8.1,0.544,0.982,0.001,-0.0308,0.0492,87.1053,94.1,0,0
LMT261009P00440000,LMT,2026-10-09,15,P,440.0,-16.22,525.21,0.0,5.7,,0.0,,0.669,-0.0185,0.001,-0.0641,0.0495,2.8531,10.6,0,0
LMT261009C00445000,LMT,2026-10-09,15,C,445.0,-15.27,525.21,77.7,85.7,81.7,0.0,9.8,0.4546,0.9796,0.0011,-0.0372,0.0548,81.5506,96.2,0,0
LMT261009P00445000,LMT,2026-10-09,15,P,445.0,-15.27,525.21,0.0,6.9,1.0,1.0,,0.6707,-0.021,0.0011,-0.0686,0.055,3.4513,12.2,0,10
LMT261009C00450000,LMT,2026-10-09,15,C,450.0,-14.32,525.21,73.7,81.0,77.35,0.0,9.4,0.4949,0.9766,0.0013,-0.0444,0.0613,77.201,93.4,0,0
LMT261009P00450000,LMT,2026-10-09,15,P,450.0,-14.32,525.21,0.0,5.8,1.1,1.1,,0.6072,-0.0239,0.0013,-0.0739,0.0614,2.9034,11.4,0,38
LMT261009C00455000,LMT,2026-10-09,15,C,455.0,-13.37,525.21,68.9,75.9,72.4,0.0,9.7,0.47,0.9731,0.0016,-0.0524,0.0689,72.2491,93.0,0,0
LMT261009P00455000,LMT,2026-10-09,15,P,455.0,-13.37,525.21,0.0,5.6,0.65,0.65,,0.5693,-0.0275,0.0016,-0.0801,0.0694,2.8032,11.5,0,17
LMT261009C00460000,LMT,2026-10-09,15,C,460.0,-12.42,525.21,64.0,70.9,67.45,0.0,10.2,0.4449,0.9686,0.0018,-0.0615,0.0782,67.2982,92.5,0,0
LMT261009P00460000,LMT,2026-10-09,15,P,460.0,-12.42,525.21,0.0,5.4,0.24,0.24,,0.5317,-0.032,0.0018,-0.0874,0.0784,2.7022,11.7,0,20
LMT261009C00465000,LMT,2026-10-09,15,C,465.0,-11.46,525.21,58.8,66.0,62.4,0.0,11.5,0.4121,0.963,0.0022,-0.072,0.0893,62.2462,92.4,0,0
LMT261009P00465000,LMT,2026-10-09,15,P,465.0,-11.46,525.21,0.0,6.1,0.25,0.25,,0.5178,-0.0377,0.0022,-0.0961,0.0899,3.0535,13.1,0,3
LMT261009C00470000,LMT,2026-10-09,15,C,470.0,-10.51,525.21,54.2,61.0,57.6,0.0,11.8,0.397,0.9559,0.0026,-0.0844,0.1027,57.4447,91.3,0,0
LMT261009P00470000,LMT,2026-10-09,15,P,470.0,-10.51,525.21,0.0,8.9,0.57,0.57,,0.5474,-0.0449,0.0027,-0.1067,0.1032,4.45,16.8,0,7
LMT261009C00475000,LMT,2026-10-09,15,C,475.0,-9.56,525.21,49.2,56.3,52.75,0.0,13.5,0.3768,0.9466,0.0032,-0.0991,0.1195,52.5928,90.3,0,0
LMT261009P00475000,LMT,2026-10-09,15,P,475.0,-9.56,525.21,0.0,6.1,0.57,0.57,,0.4522,-0.0542,0.0032,-0.1197,0.1204,3.0509,14.3,0,25
LMT261009C00480000,LMT,2026-10-09,15,C,480.0,-8.61,525.21,45.0,51.6,48.3,51.91,13.7,0.3766,0.9343,0.0039,-0.1171,0.1401,48.1437,87.7,0,1
LMT261009P00480000,LMT,2026-10-09,15,P,480.0,-8.61,525.21,0.0,8.5,1.05,1.05,,0.4689,-0.0667,0.004,-0.136,0.1406,4.2482,18.0,0,12
LMT261009C00485000,LMT,2026-10-09,15,C,485.0,-7.66,525.21,40.2,46.9,43.55,0.0,15.4,0.3568,0.9177,0.0048,-0.1394,0.1658,43.3925,86.2,0,0
LMT261009P00485000,LMT,2026-10-09,15,P,485.0,-7.66,525.21,0.65,1.65,1.15,1.1,87.0,0.2917,-0.0835,0.0049,-0.1567,0.1672,1.1554,8.9,122,65
LMT261009C00490000,LMT,2026-10-09,15,C,490.0,-6.7,525.21,35.4,42.0,38.7,40.49,17.1,0.3309,0.8953,0.006,-0.1668,0.1974,38.5427,84.7,0,1
LMT261009P00490000,LMT,2026-10-09,15,P,490.0,-6.7,525.21,0.0,10.0,2.5,2.5,,0.4241,-0.1061,0.006,-0.1826,0.199,4.9976,21.7,0,14
LMT261009C00495000,LMT,2026-10-09,15,C,495.0,-5.75,525.21,30.6,37.8,34.2,0.0,21.1,0.3174,0.8656,0.0073,-0.1997,0.2345,34.0445,82.0,0,0
LMT261009P00495000,LMT,2026-10-09,15,P,495.0,-5.75,525.21,1.2,3.2,2.2,1.99,90.9,0.2847,-0.1361,0.0074,-0.214,0.2355,2.2035,15.2,4,13
LMT261009C00500000,LMT,2026-10-09,15,C,500.0,-4.8,525.21,26.8,33.5,30.15,63.7,22.2,0.3153,0.8275,0.0087,-0.2368,0.2755,29.9969,77.7,0,1
LMT261009P00500000,LMT,2026-10-09,15,P,500.0,-4.8,525.21,1.95,3.1,2.525,2.76,45.5,0.2646,-0.1747,0.0088,-0.2497,0.2767,2.5249,17.9,63,27
LMT261009C00502500,LMT,2026-10-09,15,C,502.5,-4.32,525.21,24.8,31.6,28.2,0.0,24.1,0.3142,0.8052,0.0095,-0.2561,0.2967,28.051,75.4,0,0
LMT261009P00502500,LMT,2026-10-09,15,P,502.5,-4.32,525.21,2.0,3.8,2.9,3.1,62.1,0.2611,-0.1973,0.0096,-0.2684,0.2989,2.9015,20.1,20,4
LMT261009C00505000,LMT,2026-10-09,15,C,505.0,-3.85,525.21,22.8,29.6,26.2,0.0,26.0,0.3098,0.7808,0.0102,-0.2753,0.3175,26.0511,73.2,0,0
LMT261009P00505000,LMT,2026-10-09,15,P,505.0,-3.85,525.21,2.5,4.2,3.35,3.4,50.7,0.2582,-0.222,0.0103,-0.287,0.3187,3.3464,22.5,20,12
LMT261009C00507500,LMT,2026-10-09,15,C,507.5,-3.37,525.21,22.0,27.7,24.85,0.0,22.9,0.3221,0.7546,0.0109,-0.2938,0.3377,24.6946,69.8,0,0
LMT261009P00507500,LMT,2026-10-09,15,P,507.5,-3.37,525.21,3.2,5.0,4.1,0.0,43.9,0.2628,-0.2488,0.0111,-0.305,0.3402,4.0968,25.8,0,0
LMT261009C00510000,LMT,2026-10-09,15,C,510.0,-2.9,525.21,19.6,25.8,22.7,19.2,27.3,0.3103,0.7263,0.0116,-0.3114,0.3566,22.5476,67.8,0,2
LMT261009P00510000,LMT,2026-10-09,15,P,510.0,-2.9,525.21,3.4,5.6,4.5,4.51,48.9,0.2546,-0.2774,0.0118,-0.322,0.3577,4.4921,28.3,0,17
LMT261009C00512500,LMT,2026-10-09,15,C,512.5,-2.42,525.21,17.6,24.0,20.8,17.8,30.8,0.3041,0.6964,0.0122,-0.3275,0.3741,20.653,65.3,0,1
LMT261009P00512500,LMT,2026-10-09,15,P,512.5,-2.42,525.21,4.0,10.2,7.1,5.26,87.3,0.3036,-0.3078,0.0124,-0.3375,0.3764,7.0821,34.7,0,4
LMT261009C00515000,LMT,2026-10-09,15,C,515.0,-1.94,525.21,16.4,22.3,19.35,26.46,30.5,0.3078,0.665,0.0128,-0.3418,0.3894,19.2067,62.2,0,12
LMT261009P00515000,LMT,2026-10-09,15,P,515.0,-1.94,525.21,5.8,6.8,6.3,6.2,15.9,0.2614,-0.3397,0.013,-0.3511,0.3902,6.3305,35.4,2,27
LMT261009C00517500,LMT,2026-10-09,15,C,517.5,-1.47,525.21,14.9,19.1,17.0,14.5,24.7,0.2873,0.6323,0.0133,-0.3537,0.4025,16.8605,60.0,0,3
LMT261009P00517500,LMT,2026-10-09,15,P,517.5,-1.47,525.21,6.6,7.9,7.25,5.7,17.9,0.2607,-0.3729,0.0135,-0.3625,0.4039,7.2284,38.8,0,2
LMT261009C00520000,LMT,2026-10-09,15,C,520.0,-0.99,525.21,12.6,19.2,15.9,13.0,41.5,0.296,0.5986,0.0136,-0.3631,0.4127,15.7637,56.5,0,2
LMT261009P00520000,LMT,2026-10-09,15,P,520.0,-0.99,525.21,7.4,9.0,8.2,7.65,19.5,0.259,-0.4072,0.0139,-0.3713,0.4131,8.1708,42.3,0,44
LMT261009C00522500,LMT,2026-10-09,15,C,522.5,-0.52,525.21,12.4,17.5,14.95,14.3,34.1,0.3063,0.5639,0.0139,-0.3697,0.4201,14.8262,53.1,0,5
LMT261009P00522500,LMT,2026-10-09,15,P,522.5,-0.52,525.21,8.2,10.7,9.45,11.67,26.5,0.2624,-0.4422,0.0142,-0.3773,0.4203,9.4135,46.0,0,5
LMT261009C00525000,LMT,2026-10-09,15,C,525.0,-0.04,525.21,10.1,14.0,12.05,13.2,32.4,0.2683,0.5291,0.0141,-0.3732,0.4243,11.9274,50.4,2,6
LMT261009P00525000,LMT,2026-10-09,15,P,525.0,-0.04,525.21,9.4,12.3,10.85,11.98,26.7,0.2671,-0.4779,0.0144,-0.3803,0.4239,10.8043,49.6,0,7
LMT261009C00527500,LMT,2026-10-09,15,C,527.5,0.44,525.21,9.6,14.0,11.8,9.18,37.3,0.2912,0.4939,0.0142,-0.3736,0.4254,11.6852,47.0,0,22
LMT261009P00527500,LMT,2026-10-09,15,P,527.5,0.44,525.21,10.5,13.3,11.9,0.0,23.5,0.2614,-0.5138,0.0144,-0.3802,0.4237,11.8432,53.1,0,0
LMT261009C00530000,LMT,2026-10-09,15,C,530.0,0.91,525.21,8.3,12.5,10.4,12.82,40.4,0.285,0.4586,0.0141,-0.3709,0.4232,10.2898,43.7,0,25
LMT261009P00530000,LMT,2026-10-09,15,P,530.0,0.91,525.21,12.0,14.8,13.4,12.38,20.9,0.2642,-0.5498,0.0144,-0.377,0.4215,13.3307,56.6,1,9
LMT261009C00532500,LMT,2026-10-09,15,C,532.5,1.39,525.21,7.4,13.0,10.2,11.67,54.9,0.3055,0.4237,0.014,-0.3652,0.4178,10.0958,41.0,0,1
LMT261009P00532500,LMT,2026-10-09,15,P,532.5,1.39,525.21,11.6,17.7,14.65,0.0,41.6,0.259,-0.5854,0.0143,-0.3708,0.4135,14.5693,60.2,0,0
LMT261009C00535000,LMT,2026-10-09,15,C,535.0,1.86,525.21,6.5,10.2,8.35,8.69,44.3,0.2847,0.3894,0.0137,-0.3565,0.4094,8.2525,37.4,0,17
LMT261009P00535000,LMT,2026-10-09,15,P,535.0,1.86,525.21,13.1,18.5,15.8,14.98,34.2,0.2488,-0.6206,0.0141,-0.3616,0.4057,15.6995,64.0,2,9
LMT261009C00537500,LMT,2026-10-09,15,C,537.5,2.34,525.21,5.8,10.7,8.25,5.8,59.4,0.3046,0.3558,0.0134,-0.3452,0.398,8.1565,35.2,0,2
LMT261009P00537500,LMT,2026-10-09,15,P,537.5,2.34,525.21,13.9,19.3,16.6,0.0,32.5,0.2263,-0.655,0.0137,-0.3499,0.3911,16.4658,68.8,0,0
LMT261009C00540000,LMT,2026-10-09,15,C,540.0,2.82,525.21,4.9,9.8,7.35,7.4,66.7,0.3034,0.3235,0.0129,-0.3317,0.3842,7.2643,32.4,10,12
LMT261009P00540000,LMT,2026-10-09,15,P,540.0,2.82,525.21,15.1,21.6,18.35,15.27,35.4,0.2251,-0.6885,0.0133,-0.3359,0.3775,18.184,72.4,0,8
LMT261009C00542500,LMT,2026-10-09,15,C,542.5,3.29,525.21,4.3,5.3,4.8,6.2,20.8,0.2561,0.2926,0.0124,-0.3166,0.3679,4.729,26.8,2,0
LMT261009P00542500,LMT,2026-10-09,15,P,542.5,3.29,525.21,17.1,23.3,20.2,0.0,30.7,0.2242,-0.7203,0.0128,-0.3203,0.3578,20.002,75.8,0,0
LMT261009C00545000,LMT,2026-10-09,15,C,545.0,3.77,525.21,3.7,4.7,4.2,4.95,23.8,0.2558,0.2635,0.0118,-0.3004,0.3502,4.085,24.0,3,11
LMT261009P00545000,LMT,2026-10-09,15,P,545.0,3.77,525.21,19.0,25.5,22.25,24.96,29.2,0.227,-0.7503,0.0122,-0.3034,0.3395,22.0216,78.6,0,3
LMT261009C00547500,LMT,2026-10-09,15,C,547.5,4.24,525.21,3.1,8.9,6.0,4.3,96.7,0.3259,0.2366,0.0111,-0.2837,0.3311,5.9279,26.2,0,5
LMT261009P00547500,LMT,2026-10-09,15,P,547.5,4.24,525.21,21.3,27.6,24.45,0.0,25.8,0.233,-0.7781,0.0115,-0.2862,0.3174,24.1977,80.8,0,0
LMT261009C00550000,LMT,2026-10-09,15,C,550.0,4.72,525.21,2.9,3.7,3.3,4.06,24.2,0.2633,0.2121,0.0104,-0.2671,0.3117,3.2476,19.5,2,26
LMT261009P00550000,LMT,2026-10-09,15,P,550.0,4.72,525.21,23.0,29.1,26.05,33.4,23.4,0.2131,-0.8034,0.0107,-0.2684,0.2958,25.7129,85.3,0,13
LMT261009C00555000,LMT,2026-10-09,15,C,555.0,5.67,525.21,1.9,3.4,2.65,3.15,56.6,0.2716,0.1703,0.0089,-0.2359,0.2732,2.608,15.9,0,18
LMT261009P00555000,LMT,2026-10-09,15,P,555.0,5.67,525.21,27.0,34.6,30.8,28.45,24.7,0.2285,-0.8464,0.0093,-0.2348,0.251,30.4128,88.1,1,3
LMT261009C00560000,LMT,2026-10-09,15,C,560.0,6.62,525.21,1.35,2.8,2.075,2.36,69.9,0.2773,0.1377,0.0076,-0.2086,0.238,2.0418,12.7,8,14
LMT261009P00560000,LMT,2026-10-09,15,P,560.0,6.62,525.21,31.3,38.3,34.8,33.28,20.1,0.0,-0.8799,0.0078,-0.2043,0.2136,,,0,22
LMT261009C00565000,LMT,2026-10-09,15,C,565.0,7.58,525.21,0.15,2.75,1.45,1.8,179.3,0.2743,0.1125,0.0064,-0.1856,0.2074,1.4259,9.5,0,43
LMT261009P00565000,LMT,2026-10-09,15,P,565.0,7.58,525.21,36.0,44.4,40.2,19.93,20.9,0.2351,-0.9057,0.0067,-0.1769,0.1816,39.6259,93.6,0,4
LMT261009C00570000,LMT,2026-10-09,15,C,570.0,8.53,525.21,0.65,5.1,2.875,1.18,154.8,0.3639,0.0931,0.0054,-0.166,0.181,2.8376,13.1,0,77
LMT261009P00570000,LMT,2026-10-09,15,P,570.0,8.53,525.21,41.0,48.7,44.85,23.54,17.2,0.0,-0.9256,0.0059,-0.1528,0.1513,,,0,2
LMT261009C00575000,LMT,2026-10-09,15,C,575.0,9.48,525.21,0.3,1.3,0.8,0.8,125.0,0.2803,0.0778,0.0045,-0.1493,0.1587,0.7869,5.6,2,131
LMT261009P00575000,LMT,2026-10-09,15,P,575.0,9.48,525.21,45.6,52.8,49.2,53.8,14.6,0.0,-0.9423,0.0053,-0.1365,0.1239,,,0,2
LMT261009C00580000,LMT,2026-10-09,15,C,580.0,10.43,525.21,0.35,1.15,0.75,0.65,106.7,0.2974,0.0658,0.0039,-0.1349,0.1396,0.7392,5.0,14,17
LMT261009P00580000,LMT,2026-10-09,15,P,580.0,10.43,525.21,50.6,57.6,54.1,44.92,12.9,0.0,-0.9556,0.0048,-0.1246,0.1025,,,0,0
LMT261009C00585000,LMT,2026-10-09,15,C,585.0,11.38,525.21,0.1,4.6,2.35,0.52,191.5,0.4162,0.0561,0.0033,-0.1226,0.1236,2.3216,9.7,13,80
LMT261009P00585000,LMT,2026-10-09,15,P,585.0,11.38,525.21,55.5,62.5,59.0,0.0,11.9,0.0,-0.9661,0.0043,-0.1166,0.0858,,,0,0
LMT261009C00590000,LMT,2026-10-09,15,C,590.0,12.34,525.21,0.15,3.8,1.975,0.5,184.8,0.4202,0.0484,0.0028,-0.1122,0.1099,1.9521,8.2,190,61
LMT261009P00590000,LMT,2026-10-09,15,P,590.0,12.34,525.21,60.6,67.3,63.95,0.0,10.5,0.0,-0.9747,0.0035,-0.1248,0.0541,,,0,0
LMT261009C00595000,LMT,2026-10-09,15,C,595.0,13.29,525.21,0.05,4.2,2.125,0.31,195.3,0.451,0.0422,0.0025,-0.1033,0.0986,2.1022,8.2,12,42
LMT261009P00595000,LMT,2026-10-09,15,P,595.0,13.29,525.21,65.6,72.7,69.15,64.9,10.3,0.0,-0.9813,0.0029,-0.13,0.0478,,,0,0
LMT261009C00600000,LMT,2026-10-09,15,C,600.0,14.24,525.21,0.05,5.3,2.675,0.67,196.3,0.5024,0.0372,0.0021,-0.0959,0.0889,2.6485,9.0,0,31
LMT261009P00600000,LMT,2026-10-09,15,P,600.0,14.24,525.21,70.6,77.6,74.1,0.0,9.4,0.0,-0.9863,0.0024,-0.1328,0.0426,,,0,0
LMT261009C00605000,LMT,2026-10-09,15,C,605.0,15.19,525.21,0.0,2.0,1.75,1.75,,0.4184,0.0331,0.0019,-0.0895,0.0807,0.9898,4.5,0,6
LMT261009P00605000,LMT,2026-10-09,15,P,605.0,15.19,525.21,75.6,82.7,79.15,0.0,9.0,0.0,-0.9897,0.0019,-0.1436,0.0274,,,0,0
LMT261009C00610000,LMT,2026-10-09,15,C,610.0,16.14,525.21,0.0,9.4,0.47,0.47,,0.6411,0.0297,0.0017,-0.084,0.0738,4.6612,11.4,0,56
LMT261009P00610000,LMT,2026-10-09,15,P,610.0,16.14,525.21,80.6,87.7,84.15,0.0,8.4,0.0,-0.9921,0.0015,-0.1556,0.012,,,0,0
LMT261009C00615000,LMT,2026-10-09,15,C,615.0,17.1,525.21,0.0,5.7,0.45,0.45,,0.5782,0.0267,0.0015,-0.0791,0.0677,2.8239,8.2,0,25
LMT261009P00615000,LMT,2026-10-09,15,P,615.0,17.1,525.21,85.6,92.7,89.15,0.0,8.0,0.0,-0.9941,0.0011,-0.1654,0.0109,,,0,0
LMT261009C00620000,LMT,2026-10-09,15,C,620.0,18.05,525.21,0.0,5.5,0.33,0.33,,0.5944,0.0242,0.0013,-0.0747,0.0622,2.7263,7.7,0,3
LMT261009P00620000,LMT,2026-10-09,15,P,620.0,18.05,525.21,90.5,97.8,94.15,0.0,7.8,0.0,-0.9958,0.0008,-0.1735,0.01,,,0,0
LMT261009C00625000,LMT,2026-10-09,15,C,625.0,19.0,525.21,0.0,7.6,2.8,2.8,,0.6697,0.022,0.0012,-0.0705,0.0573,3.7706,9.1,0,10
LMT261009P00625000,LMT,2026-10-09,15,P,625.0,19.0,525.21,95.6,103.8,99.7,0.0,8.2,0.0,-0.9972,0.0006,-0.1802,0.0091,,,0,0
LMT261009C00630000,LMT,2026-10-09,15,C,630.0,19.95,525.21,0.0,6.2,,0.0,,0.6556,0.02,0.0011,-0.0667,0.053,3.0759,7.7,0,0
LMT261009P00630000,LMT,2026-10-09,15,P,630.0,19.95,525.21,100.5,107.8,104.15,85.0,7.0,0.0,-0.9982,0.0004,-0.1867,0.0071,,,0,0
LMT261009C00635000,LMT,2026-10-09,15,C,635.0,20.9,525.21,0.0,6.8,,0.0,,0.6924,0.0183,0.001,-0.063,0.0491,3.374,7.9,0,0
LMT261009P00635000,LMT,2026-10-09,15,P,635.0,20.9,525.21,105.6,112.7,109.15,0.0,6.5,0.0,-0.9986,0.0004,-0.1941,0.0028,,,0,0
LMT261009C00640000,LMT,2026-10-09,15,C,640.0,21.86,525.21,0.0,7.7,,0.0,,0.7364,0.0167,0.0009,-0.0596,0.0454,3.8214,8.3,0,0
LMT261009P00640000,LMT,2026-10-09,15,P,640.0,21.86,525.21,110.5,117.6,114.05,0.0,6.2,0.0,-0.9989,0.0003,-0.2006,0.0,,,0,0
LMT261009C00645000,LMT,2026-10-09,15,C,645.0,22.81,525.21,0.0,7.6,1.7,1.7,,0.7546,0.0154,0.0008,-0.0564,0.0421,3.7722,7.9,0,1
LMT261009P00645000,LMT,2026-10-09,15,P,645.0,22.81,525.21,115.5,123.0,119.25,0.0,6.3,0.0,-0.9992,0.0002,-0.2063,0.0,,,0,0
LMT261009C00650000,LMT,2026-10-09,15,C,650.0,23.76,525.21,0.0,5.8,,0.0,,0.7251,0.0141,0.0007,-0.0535,0.0392,2.8801,6.5,0,0
LMT261009P00650000,LMT,2026-10-09,15,P,650.0,23.76,525.21,120.6,127.6,124.1,0.0,5.6,0.0,-0.9995,0.0001,-0.2112,0.0,,,0,0
LMT261009C00655000,LMT,2026-10-09,15,C,655.0,24.71,525.21,0.0,5.4,,0.0,,0.7322,0.013,0.0007,-0.0508,0.0365,2.6824,6.0,0,0
LMT261009P00655000,LMT,2026-10-09,15,P,655.0,24.71,525.21,125.6,133.0,129.3,0.0,5.7,0.0,-0.9997,0.0001,-0.2155,0.0,,,0,0
LMT261016C00450000,LMT,2026-10-16,22,C,450.0,-14.32,525.21,73.9,81.1,77.5,0.0,9.3,0.3823,0.9796,0.0012,-0.0181,0.0679,77.1842,94.8,0,0
LMT261016P00450000,LMT,2026-10-16,22,P,450.0,-14.32,525.21,0.0,1.6,,0.0,,0.3755,-0.0212,0.0012,-0.0452,0.0685,0.8128,4.9,0,0
LMT261016C00455000,LMT,2026-10-16,22,C,455.0,-13.37,525.21,69.0,76.3,72.65,0.0,10.0,0.371,0.9748,0.0015,-0.027,0.0804,72.3337,94.0,0,0
LMT261016P00455000,LMT,2026-10-16,22,P,455.0,-13.37,525.21,0.0,1.2,,0.0,,0.335,-0.0261,0.0015,-0.0524,0.0809,0.6113,4.2,0,0
LMT261016C00460000,LMT,2026-10-16,22,C,460.0,-12.42,525.21,64.6,71.3,67.95,72.15,9.9,0.368,0.9687,0.0018,-0.0375,0.0959,67.6343,92.6,0,1
LMT261016P00460000,LMT,2026-10-16,22,P,460.0,-12.42,525.21,0.1,1.15,0.625,0.44,168.0,0.3165,-0.0323,0.0018,-0.0613,0.0969,0.6365,4.5,0,64
LMT261016C00465000,LMT,2026-10-16,22,C,465.0,-11.46,525.21,59.4,66.5,62.95,0.0,11.3,0.3438,0.9607,0.0022,-0.0499,0.1148,62.6325,92.3,0,0
LMT261016P00465000,LMT,2026-10-16,22,P,465.0,-11.46,525.21,0.3,0.8,0.55,0.48,90.9,0.2885,-0.0404,0.0023,-0.0721,0.1154,0.5608,4.3,30,79
LMT261016C00470000,LMT,2026-10-16,22,C,470.0,-10.51,525.21,54.3,61.8,58.05,0.0,12.9,0.3255,0.9502,0.0028,-0.0648,0.1381,57.7322,91.6,0,0
LMT261016P00470000,LMT,2026-10-16,22,P,470.0,-10.51,525.21,0.3,1.7,1.0,1.08,140.0,0.3026,-0.051,0.0028,-0.0854,0.1395,1.014,6.8,2,46
LMT261016C00475000,LMT,2026-10-16,22,C,475.0,-9.56,525.21,49.8,57.0,53.4,0.0,13.5,0.3192,0.9366,0.0034,-0.0826,0.166,53.0842,89.9,0,0
LMT261016P00475000,LMT,2026-10-16,22,P,475.0,-9.56,525.21,0.4,2.0,1.2,0.83,133.3,0.2923,-0.0648,0.0035,-0.1017,0.1669,1.2174,8.1,0,23
LMT261016C00480000,LMT,2026-10-16,22,C,480.0,-8.61,525.21,45.7,52.7,49.2,45.76,14.2,0.3283,0.9189,0.0042,-0.1036,0.1994,48.8915,86.6,0,40
LMT261016P00480000,LMT,2026-10-16,22,P,480.0,-8.61,525.21,0.8,2.5,1.65,1.42,103.0,0.2918,-0.0827,0.0043,-0.1213,0.2007,1.6696,10.5,2,157
LMT261016C00485000,LMT,2026-10-16,22,C,485.0,-7.66,525.21,41.0,48.0,44.5,0.0,15.7,0.3125,0.8963,0.0051,-0.128,0.2381,44.1939,84.9,0,0
LMT261016P00485000,LMT,2026-10-16,22,P,485.0,-7.66,525.21,1.2,2.05,1.625,1.55,52.3,0.2661,-0.1056,0.0052,-0.1443,0.24,1.6442,11.1,1,228
LMT261016C00490000,LMT,2026-10-16,22,C,490.0,-6.7,525.21,36.7,43.6,40.15,40.61,17.2,0.3064,0.8681,0.0061,-0.1553,0.2808,39.8486,82.0,0,2
LMT261016P00490000,LMT,2026-10-16,22,P,490.0,-6.7,525.21,1.75,2.5,2.125,2.15,35.3,0.2613,-0.1342,0.0062,-0.1703,0.2838,2.146,13.8,6,174
LMT261016C00495000,LMT,2026-10-16,22,C,495.0,-5.75,525.21,32.6,39.4,36.0,0.0,18.9,0.3024,0.8341,0.0071,-0.1846,0.3258,35.7065,78.6,0,0
LMT261016P00495000,LMT,2026-10-16,22,P,495.0,-5.75,525.21,2.3,3.7,3.0,2.79,46.7,0.2642,-0.1687,0.0072,-0.1984,0.328,3.0206,17.9,7,78
LMT261016C00500000,LMT,2026-10-16,22,C,500.0,-4.8,525.21,29.0,35.4,32.2,37.6,19.9,0.3032,0.7943,0.0082,-0.2142,0.371,31.9184,74.4,0,63
LMT261016P00500000,LMT,2026-10-16,22,P,500.0,-4.8,525.21,3.7,4.6,4.15,3.95,21.7,0.2683,-0.2091,0.0083,-0.2269,0.3725,4.1714,22.6,4,318
LMT261016C00502500,LMT,2026-10-16,22,C,502.5,-4.32,525.21,26.6,33.6,30.1,0.0,23.3,0.2967,0.7724,0.0087,-0.2287,0.3929,29.8228,72.7,0,0
LMT261016P00502500,LMT,2026-10-16,22,P,502.5,-4.32,525.21,4.3,5.2,4.75,3.8,18.9,0.2685,-0.2313,0.0088,-0.2408,0.3958,4.7731,25.0,1,9
LMT261016C00505000,LMT,2026-10-16,22,C,505.0,-3.85,525.21,25.1,30.2,27.65,0.0,18.4,0.281,0.7492,0.0092,-0.2426,0.4135,27.3734,71.5,0,0
LMT261016P00505000,LMT,2026-10-16,22,P,505.0,-3.85,525.21,5.0,5.9,5.45,5.48,16.5,0.2696,-0.2548,0.0093,-0.2541,0.4157,5.4726,27.6,2,65
LMT261016C00507500,LMT,2026-10-16,22,C,507.5,-3.37,525.21,23.5,30.0,26.75,0.0,24.3,0.3006,0.725,0.0096,-0.2558,0.4329,26.4865,67.7,0,0
LMT261016P00507500,LMT,2026-10-16,22,P,507.5,-3.37,525.21,5.7,6.6,6.15,7.05,14.6,0.2692,-0.2794,0.0098,-0.2668,0.436,6.174,30.1,0,11
LMT261016C00510000,LMT,2026-10-16,22,C,510.0,-2.9,525.21,22.1,26.9,24.5,31.71,19.6,0.2878,0.6998,0.01,-0.268,0.4509,24.2393,66.1,0,24
LMT261016P00510000,LMT,2026-10-16,22,P,510.0,-2.9,525.21,6.3,7.6,6.95,7.5,18.7,0.2706,-0.3051,0.0102,-0.2784,0.453,7.0197,32.8,0,289
LMT261016C00512500,LMT,2026-10-16,22,C,512.5,-2.42,525.21,20.3,26.6,23.45,0.0,26.9,0.3,0.6736,0.0104,-0.279,0.4668,23.2003,62.9,0,0
LMT261016P00512500,LMT,2026-10-16,22,P,512.5,-2.42,525.21,5.5,10.8,8.15,5.6,65.0,0.2769,-0.3317,0.0105,-0.2889,0.4679,8.1663,35.9,0,2
LMT261016C00515000,LMT,2026-10-16,22,C,515.0,-1.94,525.21,18.4,25.0,21.7,24.4,30.4,0.2957,0.6468,0.0107,-0.2887,0.4808,21.4548,60.5,0,3
LMT261016P00515000,LMT,2026-10-16,22,P,515.0,-1.94,525.21,7.7,9.7,8.7,9.78,23.0,0.2721,-0.359,0.0109,-0.2981,0.4825,8.8633,38.3,0,185
LMT261016C00517500,LMT,2026-10-16,22,C,517.5,-1.47,525.21,16.9,21.6,19.25,23.6,24.4,0.2762,0.6193,0.0109,-0.2969,0.4926,19.0127,58.7,0,2
LMT261016P00517500,LMT,2026-10-16,22,P,517.5,-1.47,525.21,7.1,12.8,9.95,0.0,57.3,0.2742,-0.387,0.0112,-0.3058,0.4935,9.9578,41.2,0,0
LMT261016C00520000,LMT,2026-10-16,22,C,520.0,-0.99,525.21,16.1,21.0,18.55,20.73,26.4,0.2909,0.5914,0.0112,-0.3036,0.5019,18.3228,55.5,0,33
LMT261016P00520000,LMT,2026-10-16,22,P,520.0,-0.99,525.21,8.4,11.7,10.05,10.1,32.8,0.255,-0.4154,0.0114,-0.312,0.5029,10.0574,43.4,1,267
LMT261016C00522500,LMT,2026-10-16,22,C,522.5,-0.52,525.21,14.3,18.7,16.5,16.78,26.7,0.2773,0.5632,0.0113,-0.3086,0.5089,16.2801,53.1,0,0
LMT261016P00522500,LMT,2026-10-16,22,P,522.5,-0.52,525.21,9.3,14.7,12.0,12.61,45.0,0.2711,-0.4442,0.0115,-0.3164,0.5087,11.9963,46.8,0,4
LMT261016C00525000,LMT,2026-10-16,22,C,525.0,-0.04,525.21,13.5,17.8,15.65,17.61,27.5,0.2861,0.5349,0.0114,-0.3118,0.5132,15.4424,50.2,0,29
LMT261016P00525000,LMT,2026-10-16,22,P,525.0,-0.04,525.21,10.5,14.7,12.6,12.0,33.3,0.2592,-0.4732,0.0117,-0.3192,0.5125,12.5884,49.5,3,40
LMT261016C00527500,LMT,2026-10-16,22,C,527.5,0.44,525.21,12.2,18.0,15.1,15.3,38.4,0.2992,0.5064,0.0114,-0.3132,0.5151,14.8981,47.5,0,2
LMT261016P00527500,LMT,2026-10-16,22,P,527.5,0.44,525.21,11.5,15.8,13.65,0.0,31.5,0.2547,-0.5023,0.0117,-0.3201,0.5135,13.6287,52.5,0,0
LMT261016C00530000,LMT,2026-10-16,22,C,530.0,0.91,525.21,10.8,16.2,13.5,14.0,40.0,0.2907,0.478,0.0114,-0.3128,0.5144,13.3092,44.9,1,70
LMT261016P00530000,LMT,2026-10-16,22,P,530.0,0.91,525.21,12.6,16.9,14.75,15.18,29.2,0.2497,-0.5314,0.0117,-0.3193,0.5118,14.7187,55.5,1,107
LMT261016C00532500,LMT,2026-10-16,22,C,532.5,1.39,525.21,10.0,14.1,12.05,16.35,34.0,0.2838,0.4498,0.0114,-0.3105,0.5112,11.8706,42.1,0,10
LMT261016P00532500,LMT,2026-10-16,22,P,532.5,1.39,525.21,13.7,19.8,16.75,0.0,36.4,0.2609,-0.5604,0.0117,-0.3166,0.5066,16.7113,58.3,0,0
LMT261016C00535000,LMT,2026-10-16,22,C,535.0,1.86,525.21,8.8,12.3,10.55,9.7,33.2,0.2745,0.4218,0.0113,-0.3064,0.5054,10.3832,39.3,0,105
LMT261016P00535000,LMT,2026-10-16,22,P,535.0,1.86,525.21,15.2,20.7,17.95,21.26,30.6,0.2547,-0.5892,0.0116,-0.3121,0.4996,17.8896,61.3,0,84
LMT261016C00537500,LMT,2026-10-16,22,C,537.5,2.34,525.21,7.9,13.6,10.75,7.85,53.0,0.2976,0.3941,0.0111,-0.3006,0.4973,10.5852,37.4,0,3
LMT261016P00537500,LMT,2026-10-16,22,P,537.5,2.34,525.21,16.6,22.1,19.35,0.0,28.4,0.251,-0.6178,0.0115,-0.306,0.4917,19.2728,64.3,0,0
LMT261016C00540000,LMT,2026-10-16,22,C,540.0,2.82,525.21,7.5,8.9,8.2,8.1,17.1,0.2642,0.3668,0.0109,-0.2932,0.4868,8.0562,33.6,5,131
LMT261016P00540000,LMT,2026-10-16,22,P,540.0,2.82,525.21,18.0,23.2,20.6,20.38,25.2,0.2422,-0.6459,0.0113,-0.2981,0.478,20.4919,67.6,1,154
LMT261016C00542500,LMT,2026-10-16,22,C,542.5,3.29,525.21,6.5,11.6,9.05,10.58,56.4,0.299,0.3401,0.0107,-0.2842,0.4741,8.9029,32.8,0,1
LMT261016P00542500,LMT,2026-10-16,22,P,542.5,3.29,525.21,20.0,25.0,22.5,16.6,22.2,0.2458,-0.6737,0.0111,-0.2888,0.4638,22.3778,70.1,0,1
LMT261016C00545000,LMT,2026-10-16,22,C,545.0,3.77,525.21,6.1,9.2,7.65,5.37,40.5,0.2862,0.314,0.0104,-0.2739,0.4595,7.5163,29.9,0,37
LMT261016P00545000,LMT,2026-10-16,22,P,545.0,3.77,525.21,20.9,28.0,24.45,27.56,29.0,0.249,-0.7008,0.0108,-0.2782,0.4472,24.3007,72.4,0,30
LMT261016C00547500,LMT,2026-10-16,22,C,547.5,4.24,525.21,5.0,10.6,7.8,5.54,71.8,0.3054,0.2887,0.01,-0.2625,0.4427,7.6687,28.8,0,4
LMT261016P00547500,LMT,2026-10-16,22,P,547.5,4.24,525.21,23.0,29.4,26.2,0.0,24.4,0.2461,-0.7271,0.0104,-0.2665,0.4262,26.0147,75.1,0,0
LMT261016C00550000,LMT,2026-10-16,22,C,550.0,4.72,525.21,4.8,5.8,5.3,5.75,18.9,0.2641,0.2645,0.0096,-0.2503,0.4247,5.1932,24.0,17,328
LMT261016P00550000,LMT,2026-10-16,22,P,550.0,4.72,525.21,24.3,31.5,27.9,32.39,25.8,0.24,-0.7526,0.0101,-0.2542,0.4089,27.6723,78.0,0,30
LMT261016C00555000,LMT,2026-10-16,22,C,555.0,5.67,525.21,3.8,4.6,4.2,5.0,19.0,0.2644,0.2198,0.0088,-0.2248,0.385,4.1125,19.9,3,602
LMT261016P00555000,LMT,2026-10-16,22,P,555.0,5.67,525.21,28.1,35.6,31.85,31.31,23.5,0.2359,-0.7996,0.0092,-0.2279,0.3606,31.5267,82.6,0,26
LMT261016C00560000,LMT,2026-10-16,22,C,560.0,6.62,525.21,2.95,3.7,3.325,3.4,22.6,0.2656,0.1812,0.0078,-0.1996,0.3437,3.2531,16.4,3,180
LMT261016P00560000,LMT,2026-10-16,22,P,560.0,6.62,525.21,32.3,38.6,35.45,41.67,17.8,0.2041,-0.8405,0.0083,-0.2015,0.31,34.867,89.6,0,38
LMT261016C00565000,LMT,2026-10-16,22,C,565.0,7.58,525.21,2.15,3.2,2.675,2.94,39.3,0.2689,0.1489,0.0068,-0.1763,0.3038,2.6152,13.5,18,173
LMT261016P00565000,LMT,2026-10-16,22,P,565.0,7.58,525.21,36.7,44.6,40.65,46.0,19.4,0.2351,-0.8746,0.0072,-0.1759,0.2662,40.1077,89.5,0,14
LMT261016C00570000,LMT,2026-10-16,22,C,570.0,8.53,525.21,1.65,2.15,1.9,1.98,26.3,0.2628,0.1226,0.0059,-0.1554,0.2667,1.8547,10.3,20,151
LMT261016P00570000,LMT,2026-10-16,22,P,570.0,8.53,525.21,41.2,49.1,45.15,40.84,17.5,0.2204,-0.9023,0.0062,-0.1512,0.2228,44.3492,93.3,0,20
LMT261016C00575000,LMT,2026-10-16,22,C,575.0,9.48,525.21,1.1,2.55,1.825,1.6,79.5,0.2801,0.1013,0.005,-0.1371,0.2332,1.7844,9.4,1,144
LMT261016P00575000,LMT,2026-10-16,22,P,575.0,9.48,525.21,46.0,53.3,49.65,48.5,14.7,0.0,-0.9259,0.0058,-0.128,0.1813,,,1,18
LMT261016C00580000,LMT,2026-10-16,22,C,580.0,10.43,525.21,0.8,2.5,1.65,1.15,103.0,0.292,0.0841,0.0043,-0.1211,0.204,1.6136,8.3,3,88
LMT261016P00580000,LMT,2026-10-16,22,P,580.0,10.43,525.21,51.0,58.1,54.55,50.9,13.0,0.0,-0.9449,0.0054,-0.1079,0.1493,,,0,7
LMT261016C00585000,LMT,2026-10-16,22,C,585.0,11.38,525.21,0.65,2.35,1.5,1.53,113.3,0.3038,0.0702,0.0037,-0.1071,0.1781,1.47,7.3,1,114
LMT261016P00585000,LMT,2026-10-16,22,P,585.0,11.38,525.21,55.7,62.4,59.05,0.0,11.3,0.0,-0.9621,0.0048,-0.1071,0.1039,,,0,0
LMT261016C00590000,LMT,2026-10-16,22,C,590.0,12.34,525.21,0.45,1.35,0.9,0.71,100.0,0.2874,0.0589,0.0032,-0.095,0.156,0.8808,4.9,2,44
LMT261016P00590000,LMT,2026-10-16,22,P,590.0,12.34,525.21,60.6,67.6,64.1,0.0,10.9,0.0,-0.9751,0.0042,-0.1016,0.0864,,,0,0
LMT261016C00595000,LMT,2026-10-16,22,C,595.0,13.29,525.21,0.2,1.0,0.6,0.84,133.3,0.281,0.0498,0.0027,-0.0846,0.1367,0.5873,3.5,0,36
LMT261016P00595000,LMT,2026-10-16,22,P,595.0,13.29,525.21,65.6,72.5,69.05,66.37,10.0,0.0,-0.9846,0.0029,-0.1295,0.0332,,,0,1
LMT261016C00600000,LMT,2026-10-16,22,C,600.0,14.24,525.21,0.25,0.9,0.575,0.52,113.0,0.2942,0.0424,0.0023,-0.0756,0.1205,0.5637,3.2,0,123
LMT261016P00600000,LMT,2026-10-16,22,P,600.0,14.24,525.21,70.6,77.6,74.1,64.7,9.4,0.0,-0.9914,0.0019,-0.1452,0.027,,,0,0
LMT261016C00605000,LMT,2026-10-16,22,C,605.0,15.19,525.21,0.2,1.3,0.75,0.42,146.7,0.3247,0.0364,0.002,-0.068,0.1066,0.7365,3.7,0,35
LMT261016P00605000,LMT,2026-10-16,22,P,605.0,15.19,525.21,75.4,83.8,79.6,69.58,10.6,0.0,-0.9957,0.0012,-0.1619,0.0169,,,0,0
LMT261016C00610000,LMT,2026-10-16,22,C,610.0,16.14,525.21,0.2,1.1,0.65,1.0,138.5,0.3313,0.0315,0.0017,-0.0615,0.0947,0.6391,3.2,0,44
LMT261016P00610000,LMT,2026-10-16,22,P,610.0,16.14,525.21,80.6,88.0,84.3,72.19,8.8,0.0,-0.9975,0.0007,-0.1807,0.0,,,0,0
LMT261016C00615000,LMT,2026-10-16,22,C,615.0,17.1,525.21,0.05,1.05,0.55,0.55,181.8,0.3362,0.0274,0.0015,-0.0558,0.0846,0.5411,2.7,0,12
LMT261016P00615000,LMT,2026-10-16,22,P,615.0,17.1,525.21,85.6,92.0,88.8,0.0,7.2,0.0,-0.9989,0.0003,-0.1927,0.0,,,0,0
LMT261016C00620000,LMT,2026-10-16,22,C,620.0,18.05,525.21,0.1,0.8,0.45,0.3,155.6,0.3392,0.024,0.0013,-0.0509,0.0757,0.4439,2.2,0,16
LMT261016P00620000,LMT,2026-10-16,22,P,620.0,18.05,525.21,90.5,97.6,94.05,67.47,7.5,0.0,-1.0,0.0,-0.202,0.0,,,0,0
LMT261016C00625000,LMT,2026-10-16,22,C,625.0,19.0,525.21,0.05,2.3,1.175,0.26,191.5,0.4187,0.0211,0.0012,-0.0464,0.0679,1.1591,4.3,0,14
LMT261016P00625000,LMT,2026-10-16,22,P,625.0,19.0,525.21,95.5,102.0,98.75,93.65,6.6,0.0,-1.0,0.0,-0.2094,0.0,,,0,0
LMT261016C00630000,LMT,2026-10-16,22,C,630.0,19.95,525.21,0.0,2.05,0.52,0.52,,0.4226,0.0186,0.001,-0.0423,0.061,1.0114,3.7,0,24
LMT261016P00630000,LMT,2026-10-16,22,P,630.0,19.95,525.21,100.6,108.5,104.55,0.0,7.6,0.0,-1.0,0.0,-0.2136,0.0,,,0,0
LMT261016C00635000,LMT,2026-10-16,22,C,635.0,20.9,525.21,0.05,1.85,0.95,0.49,189.5,0.4312,0.0163,0.0009,-0.0384,0.0546,0.9379,3.4,0,8
LMT261016P00635000,LMT,2026-10-16,22,P,635.0,20.9,525.21,105.6,112.8,109.2,0.0,6.6,0.0,-1.0,0.0,-0.2167,0.0,,,0,0
LMT261016C00640000,LMT,2026-10-16,22,C,640.0,21.86,525.21,0.05,0.6,0.325,0.19,169.2,0.3745,0.0143,0.0008,-0.0348,0.0488,0.3222,1.5,15,2
LMT261016P00640000,LMT,2026-10-16,22,P,640.0,21.86,525.21,110.6,117.2,113.9,0.0,5.8,0.0,-1.0,0.0,-0.2194,0.0,,,0,0
LMT261016C00645000,LMT,2026-10-16,22,C,645.0,22.81,525.21,0.05,0.15,0.1,0.1,100.0,0.3329,0.0125,0.0007,-0.0314,0.0435,0.0999,0.6,1,1
LMT261016P00645000,LMT,2026-10-16,22,P,645.0,22.81,525.21,115.5,122.5,119.0,0.0,5.9,0.0,-1.0,0.0,-0.2216,0.0,,,0,0
LMT261016C00650000,LMT,2026-10-16,22,C,650.0,23.76,525.21,0.0,0.3,0.17,0.17,,0.3608,0.0109,0.0006,-0.0281,0.0387,0.1495,0.8,0,10
LMT261016P00650000,LMT,2026-10-16,22,P,650.0,23.76,525.21,120.5,126.8,123.65,0.0,5.1,0.0,-1.0,0.0,-0.2226,0.0,,,0,0
LMT261016C00655000,LMT,2026-10-16,22,C,655.0,24.71,525.21,0.0,0.55,0.5,0.5,,0.4023,0.0095,0.0005,-0.0251,0.0342,0.2734,1.2,0,10
LMT261016P00655000,LMT,2026-10-16,22,P,655.0,24.71,525.21,125.5,132.0,128.75,0.0,5.0,0.0,-1.0,0.0,-0.2233,0.0,,,0,0
LMT261023C00395000,LMT,2026-10-23,29,C,395.0,-24.79,525.21,129.2,136.5,132.85,0.0,5.5,0.5638,0.9924,0.0004,0.0,0.035,132.4598,95.8,0,0
LMT261023P00395000,LMT,2026-10-23,29,P,395.0,-24.79,525.21,0.0,5.6,,0.0,,0.6976,-0.0085,0.0004,-0.0242,0.0351,2.8264,8.6,0,0
LMT261023C00400000,LMT,2026-10-23,29,C,400.0,-23.84,525.21,123.6,131.6,127.6,0.0,6.3,0.5135,0.9912,0.0004,0.0,0.0394,127.2034,96.6,0,0
LMT261023P00400000,LMT,2026-10-23,29,P,400.0,-23.84,525.21,0.0,6.1,0.55,0.55,,0.6868,-0.0097,0.0004,-0.0266,0.0398,3.0759,9.2,0,1
LMT261023C00405000,LMT,2026-10-23,29,C,405.0,-22.89,525.21,119.1,126.6,122.85,0.0,6.1,0.5185,0.9897,0.0005,0.0,0.0445,122.4536,95.8,0,0
LMT261023P00405000,LMT,2026-10-23,29,P,405.0,-22.89,525.21,0.0,5.4,,0.0,,0.6433,-0.0112,0.0005,-0.0295,0.0447,2.7263,8.7,0,0
LMT261023C00410000,LMT,2026-10-23,29,C,410.0,-21.94,525.21,114.2,121.6,117.9,0.0,6.3,0.5011,0.988,0.0005,0.0,0.0505,117.5018,95.6,0,0
LMT261023P00410000,LMT,2026-10-23,29,P,410.0,-21.94,525.21,0.0,5.4,,0.0,,0.6193,-0.0129,0.0006,-0.0328,0.0506,2.7257,8.9,0,0
LMT261023C00415000,LMT,2026-10-23,29,C,415.0,-20.98,525.21,109.2,116.7,112.95,0.0,6.6,0.4835,0.986,0.0006,0.0,0.0574,112.5488,95.4,0,0
LMT261023P00415000,LMT,2026-10-23,29,P,415.0,-20.98,525.21,0.0,5.7,,0.0,,0.6034,-0.015,0.0006,-0.0366,0.0578,2.8778,9.4,0,0
LMT261023C00420000,LMT,2026-10-23,29,C,420.0,-20.03,525.21,104.4,111.8,108.1,110.4,6.8,0.4742,0.9835,0.0007,0.0,0.0654,107.6976,94.8,0,1
LMT261023P00420000,LMT,2026-10-23,29,P,420.0,-20.03,525.21,0.0,5.4,,0.0,,0.5719,-0.0174,0.0007,-0.0409,0.0658,2.7265,9.2,0,0
LMT261023C00425000,LMT,2026-10-23,29,C,425.0,-19.08,525.21,99.8,106.8,103.3,107.86,6.8,0.4674,0.9805,0.0009,-0.0052,0.0748,102.8983,94.1,0,0
LMT261023P00425000,LMT,2026-10-23,29,P,425.0,-19.08,525.21,0.1,0.75,0.425,0.69,152.9,0.3822,-0.0205,0.0009,-0.046,0.075,0.4372,2.6,5,0
LMT261023C00430000,LMT,2026-10-23,29,C,430.0,-18.13,525.21,94.5,101.9,98.2,100.5,7.5,0.438,0.9769,0.001,-0.013,0.0858,97.7938,94.3,0,4
LMT261023P00430000,LMT,2026-10-23,29,P,430.0,-18.13,525.21,0.1,0.7,0.4,0.7,150.0,0.3608,-0.0241,0.001,-0.0518,0.0867,0.4115,2.6,5,0
LMT261023C00435000,LMT,2026-10-23,29,C,435.0,-17.18,525.21,89.7,97.0,93.35,98.31,7.8,0.4266,0.9726,0.0012,-0.0216,0.0985,92.9423,93.7,0,4
LMT261023P00435000,LMT,2026-10-23,29,P,435.0,-17.18,525.21,0.1,1.7,0.9,0.0,177.8,0.3947,-0.0285,0.0012,-0.0586,0.0989,0.918,4.8,0,0
LMT261023C00440000,LMT,2026-10-23,29,C,440.0,-16.22,525.21,84.8,92.0,88.4,92.51,8.1,0.408,0.9673,0.0014,-0.0313,0.1134,87.9908,93.4,0,4
LMT261023P00440000,LMT,2026-10-23,29,P,440.0,-16.22,525.21,0.0,5.7,2.5,2.5,,0.4854,-0.0338,0.0014,-0.0663,0.1138,2.8782,10.6,0,2
LMT261023C00445000,LMT,2026-10-23,29,C,445.0,-15.27,525.21,80.0,87.2,83.6,0.0,8.6,0.3982,0.9609,0.0016,-0.0422,0.1305,83.1906,92.6,0,0
LMT261023P00445000,LMT,2026-10-23,29,P,445.0,-15.27,525.21,0.0,1.95,1.15,1.15,,0.3614,-0.0402,0.0017,-0.0753,0.1315,0.9944,5.4,0,1
LMT261023C00450000,LMT,2026-10-23,29,C,450.0,-14.32,525.21,75.5,82.4,78.95,0.0,8.7,0.3948,0.9532,0.0019,-0.0543,0.1504,78.5419,91.3,0,0
LMT261023P00450000,LMT,2026-10-23,29,P,450.0,-14.32,525.21,0.1,1.65,0.875,1.7,177.1,0.3345,-0.048,0.002,-0.0856,0.1509,0.8931,5.2,0,6
LMT261023C00455000,LMT,2026-10-23,29,C,455.0,-13.37,525.21,70.5,77.7,74.1,0.0,9.7,0.3796,0.9438,0.0023,-0.0678,0.1729,73.6929,90.6,0,0
LMT261023P00455000,LMT,2026-10-23,29,P,455.0,-13.37,525.21,0.55,2.0,1.275,1.64,113.7,0.3412,-0.0575,0.0023,-0.0973,0.1745,1.2977,7.0,0,1
LMT261023C00460000,LMT,2026-10-23,29,C,460.0,-12.42,525.21,65.9,72.9,69.4,0.0,10.1,0.3702,0.9326,0.0026,-0.0829,0.1987,68.9943,89.4,0,0
LMT261023P00460000,LMT,2026-10-23,29,P,460.0,-12.42,525.21,0.1,3.1,1.6,1.33,187.5,0.3382,-0.0688,0.0027,-0.1105,0.1994,1.6254,8.4,0,7
LMT261023C00465000,LMT,2026-10-23,29,C,465.0,-11.46,525.21,61.2,68.3,64.75,0.0,11.0,0.3611,0.9192,0.0031,-0.0994,0.2273,64.3454,88.0,0,0
LMT261023P00465000,LMT,2026-10-23,29,P,465.0,-11.46,525.21,0.45,3.6,2.025,2.14,155.6,0.3365,-0.0824,0.0031,-0.1253,0.2291,2.0522,10.2,0,21
LMT261023C00470000,LMT,2026-10-23,29,C,470.0,-10.51,525.21,56.8,63.7,60.25,0.0,11.5,0.3555,0.9033,0.0036,-0.1175,0.2592,59.8478,86.2,0,0
LMT261023P00470000,LMT,2026-10-23,29,P,470.0,-10.51,525.21,1.1,3.0,2.05,2.69,92.7,0.3157,-0.0985,0.0036,-0.1416,0.26,2.0784,10.8,0,19
LMT261023C00475000,LMT,2026-10-23,29,C,475.0,-9.56,525.21,52.4,59.2,55.8,0.0,12.2,0.3491,0.8846,0.0041,-0.1369,0.2934,55.4032,84.2,0,0
LMT261023P00475000,LMT,2026-10-23,29,P,475.0,-9.56,525.21,1.95,3.6,2.775,3.5,59.5,0.3204,-0.1174,0.0041,-0.1594,0.2951,2.8074,13.5,1,1633
LMT261023C00480000,LMT,2026-10-23,29,C,480.0,-8.61,525.21,48.6,54.7,51.65,54.2,11.8,0.3488,0.8628,0.0047,-0.1574,0.3303,51.2602,81.6,0,6
LMT261023P00480000,LMT,2026-10-23,29,P,480.0,-8.61,525.21,1.05,5.2,3.125,3.99,132.8,0.3085,-0.1394,0.0047,-0.1782,0.3331,3.1607,15.2,0,106
LMT261023C00485000,LMT,2026-10-23,29,C,485.0,-7.66,525.21,43.7,50.7,47.2,0.0,14.8,0.337,0.8378,0.0053,-0.1786,0.368,46.8049,79.5,0,0
LMT261023P00485000,LMT,2026-10-23,29,P,485.0,-7.66,525.21,2.8,5.0,3.9,4.9,56.4,0.307,-0.1648,0.0053,-0.1979,0.3696,3.9369,18.0,0,152
LMT261023C00490000,LMT,2026-10-23,29,C,490.0,-6.7,525.21,40.0,46.5,43.25,45.35,15.0,0.3357,0.8095,0.0059,-0.2002,0.4067,42.8653,76.4,1,0
LMT261023P00490000,LMT,2026-10-23,29,P,490.0,-6.7,525.21,3.6,5.9,4.75,3.95,48.4,0.3039,-0.1936,0.006,-0.2178,0.4103,4.7929,21.1,2,41
LMT261023C00495000,LMT,2026-10-23,29,C,495.0,-5.75,525.21,37.0,42.8,39.9,0.0,14.5,0.3441,0.7779,0.0065,-0.2214,0.4444,39.5299,72.4,0,0
LMT261023P00495000,LMT,2026-10-23,29,P,495.0,-5.75,525.21,5.0,6.8,5.9,6.0,30.5,0.3041,-0.2256,0.0066,-0.2376,0.4459,5.9393,24.7,16,10
LMT261023C00500000,LMT,2026-10-23,29,C,500.0,-4.8,525.21,32.5,38.6,35.55,0.0,17.2,0.3275,0.7433,0.007,-0.2417,0.4801,35.1905,69.9,0,0
LMT261023P00500000,LMT,2026-10-23,29,P,500.0,-4.8,525.21,6.8,8.1,7.45,6.87,17.4,0.3088,-0.2608,0.0071,-0.2563,0.4822,7.4878,28.8,2,66
LMT261023C00505000,LMT,2026-10-23,29,C,505.0,-3.85,525.21,29.8,34.2,32.0,0.0,13.8,0.3246,0.7059,0.0075,-0.2602,0.5127,31.6521,66.2,0,0
LMT261023P00505000,LMT,2026-10-23,29,P,505.0,-3.85,525.21,8.1,9.8,8.95,9.0,19.0,0.3082,-0.2988,0.0076,-0.2734,0.5167,8.9938,32.8,0,11
LMT261023C00510000,LMT,2026-10-23,29,C,510.0,-2.9,525.21,25.9,32.3,29.1,22.1,22.0,0.3304,0.6662,0.008,-0.2764,0.5405,28.7688,61.9,0,1
LMT261023P00510000,LMT,2026-10-23,29,P,510.0,-2.9,525.21,9.6,11.5,10.55,12.93,18.0,0.3055,-0.3392,0.0081,-0.2881,0.542,10.5876,36.9,0,12
LMT261023C00515000,LMT,2026-10-23,29,C,515.0,-1.94,525.21,22.9,27.5,25.2,34.14,18.3,0.3145,0.6247,0.0083,-0.2897,0.563,24.885,58.4,0,1
LMT261023P00515000,LMT,2026-10-23,29,P,515.0,-1.94,525.21,11.3,13.6,12.45,12.3,18.5,0.3046,-0.3814,0.0085,-0.3,0.5644,12.4828,41.2,6,19
LMT261023C00520000,LMT,2026-10-23,29,C,520.0,-0.99,525.21,20.1,25.5,22.8,22.3,23.7,0.3218,0.582,0.0086,-0.2995,0.5792,22.5028,54.0,1,11
LMT261023P00520000,LMT,2026-10-23,29,P,520.0,-0.99,525.21,13.2,15.9,14.55,13.1,18.6,0.3034,-0.4249,0.0087,-0.3085,0.5793,14.5762,45.6,9,34
LMT261023C00525000,LMT,2026-10-23,29,C,525.0,-0.04,525.21,17.6,22.1,19.85,25.4,22.7,0.3159,0.5387,0.0087,-0.3056,0.5887,19.5706,49.8,0,23
LMT261023P00525000,LMT,2026-10-23,29,P,525.0,-0.04,525.21,15.5,17.9,16.7,16.1,14.4,0.2992,-0.4691,0.0089,-0.3131,0.588,16.712,50.0,1,25
LMT261023C00530000,LMT,2026-10-23,29,C,530.0,0.91,525.21,15.3,20.1,17.7,15.9,27.1,0.3201,0.4953,0.0088,-0.3076,0.5914,17.4411,45.6,2,9
LMT261023P00530000,LMT,2026-10-23,29,P,530.0,0.91,525.21,18.1,20.8,19.45,18.75,13.9,0.3014,-0.5135,0.009,-0.3139,0.5887,19.4452,54.5,1,41
LMT261023C00535000,LMT,2026-10-23,29,C,535.0,1.86,525.21,13.2,17.6,15.4,16.25,28.6,0.3182,0.4522,0.0087,-0.3055,0.5872,15.1595,41.5,0,6
LMT261023P00535000,LMT,2026-10-23,29,P,535.0,1.86,525.21,20.9,23.5,22.2,20.82,11.7,0.2997,-0.5578,0.0089,-0.3105,0.5836,22.1688,58.8,0,57
LMT261023C00540000,LMT,2026-10-23,29,C,540.0,2.82,525.21,11.6,15.0,13.3,16.9,25.6,0.3163,0.4098,0.0086,-0.2994,0.5765,13.083,37.4,0,4
LMT261023P00540000,LMT,2026-10-23,29,P,540.0,2.82,525.21,22.2,26.7,24.45,24.65,18.4,0.2854,-0.6014,0.0088,-0.3031,0.5698,24.3899,63.5,0,18
LMT261023C00545000,LMT,2026-10-23,29,C,545.0,3.77,525.21,9.7,14.7,12.2,13.36,41.0,0.3285,0.3683,0.0084,-0.2895,0.5594,11.9971,34.0,0,8
LMT261023P00545000,LMT,2026-10-23,29,P,545.0,3.77,525.21,24.3,30.3,27.3,25.98,22.0,0.2769,-0.6442,0.0086,-0.292,0.5503,27.1965,68.2,0,2
LMT261023C00550000,LMT,2026-10-23,29,C,550.0,4.72,525.21,8.4,9.7,9.05,10.0,14.4,0.2994,0.3282,0.008,-0.2761,0.5368,8.8305,29.1,4,10
LMT261023P00550000,LMT,2026-10-23,29,P,550.0,4.72,525.21,27.4,33.6,30.5,30.97,20.3,0.27,-0.6858,0.0083,-0.2775,0.5251,30.3397,72.7,1,2
LMT261023C00555000,LMT,2026-10-23,29,C,555.0,5.67,525.21,6.9,9.0,7.95,8.12,26.4,0.297,0.2898,0.0076,-0.2601,0.5087,7.3509,25.4,0,2
LMT261023P00555000,LMT,2026-10-23,29,P,555.0,5.67,525.21,31.2,37.2,34.2,35.62,17.5,0.2682,-0.7258,0.008,-0.2605,0.4898,33.9709,76.6,0,20
LMT261023C00560000,LMT,2026-10-23,29,C,560.0,6.62,525.21,5.9,6.8,6.35,7.5,14.2,0.298,0.2541,0.0072,-0.2426,0.4773,6.2167,22.1,5,20
LMT261023P00560000,LMT,2026-10-23,29,P,560.0,6.62,525.21,36.0,41.9,38.95,37.13,15.1,0.2864,-0.7634,0.0076,-0.2418,0.4564,38.6933,78.7,0,3
LMT261023C00565000,LMT,2026-10-23,29,C,565.0,7.58,525.21,5.0,5.8,5.4,6.45,14.8,0.3002,0.2214,0.0067,-0.2243,0.4431,5.2853,19.3,0,109
LMT261023P00565000,LMT,2026-10-23,29,P,565.0,7.58,525.21,39.0,45.2,42.1,0.0,14.7,0.2614,-0.798,0.0071,-0.2225,0.415,41.6784,83.8,0,0
LMT261023C00570000,LMT,2026-10-23,29,C,570.0,8.53,525.21,4.5,4.9,4.7,5.5,8.5,0.3054,0.192,0.0061,-0.2062,0.4081,4.6023,16.9,2,27
LMT261023P00570000,LMT,2026-10-23,29,P,570.0,8.53,525.21,43.2,50.1,46.65,37.1,14.8,0.2677,-0.8291,0.0065,-0.2034,0.3738,46.1455,86.0,0,1
LMT261023C00575000,LMT,2026-10-23,29,C,575.0,9.48,525.21,1.2,8.7,4.95,6.4,151.5,0.3323,0.1665,0.0056,-0.1889,0.3737,4.8529,16.4,0,12
LMT261023P00575000,LMT,2026-10-23,29,P,575.0,9.48,525.21,47.5,54.5,51.0,50.25,13.7,0.2634,-0.8563,0.006,-0.1845,0.3348,50.3592,88.8,1,0
LMT261023C00580000,LMT,2026-10-23,29,C,580.0,10.43,525.21,2.65,5.3,3.975,3.9,66.7,0.3268,0.1442,0.005,-0.1728,0.3405,3.8934,13.8,2,28
LMT261023P00580000,LMT,2026-10-23,29,P,580.0,10.43,525.21,52.0,59.0,55.5,50.72,12.6,0.2578,-0.8801,0.0054,-0.1664,0.2917,54.689,91.3,0,1
LMT261023C00585000,LMT,2026-10-23,29,C,585.0,11.38,525.21,1.5,9.9,5.7,2.47,147.4,0.3914,0.1251,0.0045,-0.1578,0.3095,5.6011,15.8,0,4
LMT261023P00585000,LMT,2026-10-23,29,P,585.0,11.38,525.21,56.5,63.6,60.05,0.0,11.8,0.0,-0.9003,0.0049,-0.1488,0.2591,,,0,0
LMT261023C00590000,LMT,2026-10-23,29,C,590.0,12.34,525.21,2.05,2.75,2.4,2.75,29.2,0.3141,0.1087,0.004,-0.1442,0.2806,2.3457,9.3,19,22
LMT261023P00590000,LMT,2026-10-23,29,P,590.0,12.34,525.21,61.1,68.3,64.7,0.0,11.1,0.0,-0.9176,0.0043,-0.1313,0.2201,,,0,0
LMT261023C00595000,LMT,2026-10-23,29,C,595.0,13.29,525.21,1.05,9.7,5.375,3.3,160.9,0.4218,0.0947,0.0036,-0.1317,0.2542,5.2884,14.0,0,9
LMT261023P00595000,LMT,2026-10-23,29,P,595.0,13.29,525.21,66.0,73.1,69.55,0.0,10.2,0.0,-0.9325,0.0039,-0.1145,0.1925,,,0,0
LMT261023C00600000,LMT,2026-10-23,29,C,600.0,14.24,525.21,0.95,2.7,1.825,2.0,95.9,0.3241,0.0828,0.0032,-0.1204,0.2304,1.785,7.1,11,47
LMT261023P00600000,LMT,2026-10-23,29,P,600.0,14.24,525.21,71.0,78.4,74.7,0.0,9.9,0.0,-0.947,0.004,-0.0982,0.1669,,,0,0
LMT261023C00605000,LMT,2026-10-23,29,C,605.0,15.19,525.21,0.95,2.1,1.525,1.53,75.4,0.3257,0.0726,0.0029,-0.1103,0.2087,1.4928,6.0,4,2
LMT261023P00605000,LMT,2026-10-23,29,P,605.0,15.19,525.21,76.0,82.6,79.3,0.0,8.3,0.0,-0.9584,0.0039,-0.0817,0.1336,,,0,0
LMT261023C00610000,LMT,2026-10-23,29,C,610.0,16.14,525.21,0.85,2.0,1.425,1.36,80.7,0.3353,0.0639,0.0026,-0.1013,0.1896,1.3945,5.5,174,0
LMT261023P00610000,LMT,2026-10-23,29,P,610.0,16.14,525.21,80.6,87.5,84.05,0.0,8.2,0.0,-0.9686,0.0035,-0.082,0.1062,,,0,0
LMT261023C00615000,LMT,2026-10-23,29,C,615.0,17.1,525.21,0.0,2.2,,0.0,,0.3313,0.0566,0.0023,-0.0933,0.1725,1.077,4.4,0,0
LMT261023P00615000,LMT,2026-10-23,29,P,615.0,17.1,525.21,85.6,92.8,89.2,0.0,8.1,0.0,-0.9779,0.0029,-0.1021,0.0671,,,0,0
LMT261023C00620000,LMT,2026-10-23,29,C,620.0,18.05,525.21,0.65,4.2,2.425,1.17,146.4,0.4107,0.0504,0.0021,-0.0863,0.1574,2.3849,7.2,56,0
LMT261023P00620000,LMT,2026-10-23,29,P,620.0,18.05,525.21,90.5,98.0,94.25,0.0,8.0,0.0,-0.9846,0.0024,-0.1105,0.0527,,,0,0
LMT261023C00625000,LMT,2026-10-23,29,C,625.0,19.0,525.21,0.3,1.2,0.75,0.85,120.0,0.3335,0.0451,0.0018,-0.0802,0.1443,0.7354,3.1,19,0
LMT261023P00625000,LMT,2026-10-23,29,P,625.0,19.0,525.21,95.6,103.8,99.7,0.0,8.2,0.0,-0.9902,0.002,-0.117,0.0482,,,0,0
LMT261023C00630000,LMT,2026-10-23,29,C,630.0,19.95,525.21,0.5,0.85,0.675,0.7,51.9,0.3398,0.0406,0.0017,-0.0747,0.1326,0.663,2.8,21,1
LMT261023P00630000,LMT,2026-10-23,29,P,630.0,19.95,525.21,100.3,108.8,104.55,0.0,8.1,0.0,-0.9933,0.0014,-0.1479,0.0191,,,0,0
LMT261023C00635000,LMT,2026-10-23,29,C,635.0,20.9,525.21,0.0,10.0,1.5,1.5,,0.5491,0.0367,0.0015,-0.0699,0.1221,4.9361,10.0,0,1
LMT261023P00635000,LMT,2026-10-23,29,P,635.0,20.9,525.21,105.3,114.2,109.75,0.0,8.1,0.0,-0.9956,0.0009,-0.173,0.0,,,0,0
LMT261023C00640000,LMT,2026-10-23,29,C,640.0,21.86,525.21,0.05,9.9,4.975,1.67,198.0,0.5641,0.0333,0.0014,-0.0656,0.1129,4.9123,9.6,0,2
LMT261023P00640000,LMT,2026-10-23,29,P,640.0,21.86,525.21,110.6,118.6,114.6,0.0,7.0,0.0,-0.9973,0.0006,-0.1883,0.0,,,0,0
LMT261023C00645000,LMT,2026-10-23,29,C,645.0,22.81,525.21,0.1,9.9,5.0,0.0,196.0,0.5805,0.0304,0.0012,-0.0617,0.1046,4.9392,9.4,0,0
LMT261023P00645000,LMT,2026-10-23,29,P,645.0,22.81,525.21,115.6,122.7,119.15,0.0,6.0,0.0,-0.9988,0.0002,-0.2017,0.0,,,0,0
LMT261023C00650000,LMT,2026-10-23,29,C,650.0,23.76,525.21,0.0,9.9,1.45,1.45,,0.5942,0.0277,0.0011,-0.058,0.097,4.8918,9.1,0,3
LMT261023P00650000,LMT,2026-10-23,29,P,650.0,23.76,525.21,120.5,127.8,124.15,0.0,5.9,0.0,-1.0,0.0,-0.2135,0.0,,,0,0
LMT261023C00655000,LMT,2026-10-23,29,C,655.0,24.71,525.21,0.0,10.0,,0.0,,0.611,0.0253,0.001,-0.0545,0.0899,4.9439,8.9,0,0
LMT261023P00655000,LMT,2026-10-23,29,P,655.0,24.71,525.21,125.5,132.9,129.2,0.0,5.7,0.0,-1.0,0.0,-0.2239,0.0,,,0,0
LMT261030C00395000,LMT,2026-10-30,36,C,395.0,-24.79,525.21,129.8,136.9,133.35,0.0,5.3,0.5116,0.9898,0.0004,0.0,0.0497,132.8111,95.7,0,0
LMT261030P00395000,LMT,2026-10-30,36,P,395.0,-24.79,525.21,0.0,8.6,,0.0,,0.6975,-0.0112,0.0004,-0.0264,0.05,4.3384,11.3,0,0
LMT261030C00400000,LMT,2026-10-30,36,C,400.0,-23.84,525.21,123.6,131.9,127.75,0.0,6.5,0.4221,0.9882,0.0005,0.0,0.0559,127.194,97.8,0,0
LMT261030P00400000,LMT,2026-10-30,36,P,400.0,-23.84,525.21,0.0,5.5,,0.0,,0.6033,-0.0128,0.0005,-0.0291,0.0562,2.7833,8.6,0,0
LMT261030C00405000,LMT,2026-10-30,36,C,405.0,-22.89,525.21,119.9,127.0,123.45,0.0,5.8,0.4784,0.9863,0.0006,0.0,0.063,122.9038,95.4,0,0
LMT261030P00405000,LMT,2026-10-30,36,P,405.0,-22.89,525.21,0.0,8.8,,0.0,,0.6544,-0.0147,0.0006,-0.0322,0.0637,4.4406,11.9,0,0
LMT261030C00410000,LMT,2026-10-30,36,C,410.0,-21.94,525.21,115.1,122.0,118.55,0.0,5.8,0.4657,0.9841,0.0006,0.0,0.0712,118.001,95.0,0,0
LMT261030P00410000,LMT,2026-10-30,36,P,410.0,-21.94,525.21,0.0,10.0,1.48,1.48,,0.6537,-0.017,0.0007,-0.0358,0.0717,5.0434,13.1,0,1
LMT261030C00415000,LMT,2026-10-30,36,C,415.0,-20.98,525.21,110.2,117.0,113.6,0.0,6.0,0.449,0.9814,0.0008,-0.0036,0.0806,113.0486,94.8,0,0
LMT261030P00415000,LMT,2026-10-30,36,P,415.0,-20.98,525.21,0.0,10.0,,0.0,,0.6299,-0.0197,0.0008,-0.0398,0.081,5.0441,13.3,0,0
LMT261030C00420000,LMT,2026-10-30,36,C,420.0,-20.03,525.21,104.0,112.0,108.0,110.72,7.4,0.3758,0.9782,0.0009,-0.0098,0.0916,107.4321,96.9,0,1
LMT261030P00420000,LMT,2026-10-30,36,P,420.0,-20.03,525.21,0.0,10.0,,0.0,,0.6062,-0.0229,0.0009,-0.0445,0.0925,5.0435,13.6,0,0
LMT261030C00425000,LMT,2026-10-30,36,C,425.0,-19.08,525.21,100.0,107.3,103.65,108.23,7.0,0.412,0.9744,0.001,-0.0166,0.104,103.0911,94.5,0,0
LMT261030P00425000,LMT,2026-10-30,36,P,425.0,-19.08,525.21,0.2,0.9,0.55,0.47,127.3,0.3589,-0.0268,0.001,-0.0498,0.1048,0.5668,3.2,15,0
LMT261030C00430000,LMT,2026-10-30,36,C,430.0,-18.13,525.21,95.6,102.4,99.0,103.55,6.9,0.414,0.9699,0.0012,-0.0243,0.1186,98.4432,93.4,0,3
LMT261030P00430000,LMT,2026-10-30,36,P,430.0,-18.13,525.21,0.35,0.9,0.625,0.7,88.0,0.3498,-0.0313,0.0012,-0.056,0.1191,0.6435,3.6,9,19
LMT261030C00435000,LMT,2026-10-30,36,C,435.0,-17.18,525.21,90.6,97.6,94.1,98.77,7.4,0.3993,0.9645,0.0014,-0.0327,0.1351,93.5412,92.9,0,4
LMT261030P00435000,LMT,2026-10-30,36,P,435.0,-17.18,525.21,0.2,5.9,3.05,0.8,186.9,0.4665,-0.0368,0.0014,-0.0629,0.1368,3.0877,10.7,0,20
LMT261030C00440000,LMT,2026-10-30,36,C,440.0,-16.22,525.21,85.8,92.8,89.3,93.06,7.8,0.3894,0.9581,0.0016,-0.0421,0.1539,88.7403,92.2,0,4
LMT261030P00440000,LMT,2026-10-30,36,P,440.0,-16.22,525.21,0.0,10.0,1.98,1.98,,0.5128,-0.0433,0.0016,-0.0708,0.1549,5.0474,14.8,0,3
LMT261030C00445000,LMT,2026-10-30,36,C,445.0,-15.27,525.21,80.7,88.0,84.35,0.0,8.7,0.3715,0.9504,0.0018,-0.0525,0.1755,83.7896,91.9,0,0
LMT261030P00445000,LMT,2026-10-30,36,P,445.0,-15.27,525.21,0.65,1.95,1.3,1.1,100.0,0.3458,-0.051,0.0019,-0.0798,0.1775,1.3288,6.6,0,28
LMT261030C00450000,LMT,2026-10-30,36,C,450.0,-14.32,525.21,76.0,83.2,79.6,0.0,9.0,0.3625,0.9414,0.0021,-0.064,0.1994,79.0399,90.9,0,0
LMT261030P00450000,LMT,2026-10-30,36,P,450.0,-14.32,525.21,0.9,1.65,1.275,1.32,58.8,0.3261,-0.0602,0.0022,-0.0898,0.2008,1.3041,6.7,6,8
LMT261030C00455000,LMT,2026-10-30,36,C,455.0,-13.37,525.21,70.9,78.5,74.7,0.0,10.2,0.3461,0.9307,0.0024,-0.0765,0.2265,74.1377,90.4,0,0
LMT261030P00455000,LMT,2026-10-30,36,P,455.0,-13.37,525.21,1.1,2.15,1.625,1.5,64.6,0.3252,-0.0711,0.0025,-0.1009,0.2283,1.6567,8.2,7,14
LMT261030C00460000,LMT,2026-10-30,36,C,460.0,-12.42,525.21,66.8,73.8,70.3,0.0,10.0,0.3483,0.9181,0.0028,-0.0901,0.256,69.744,88.4,0,0
LMT261030P00460000,LMT,2026-10-30,36,P,460.0,-12.42,525.21,1.4,2.95,2.175,2.95,71.3,0.3293,-0.0838,0.0029,-0.1132,0.258,2.211,10.2,2,9
LMT261030C00465000,LMT,2026-10-30,36,C,465.0,-11.46,525.21,62.4,69.2,65.8,0.0,10.3,0.3438,0.9035,0.0032,-0.1048,0.2886,65.2512,86.7,0,0
LMT261030P00465000,LMT,2026-10-30,36,P,465.0,-11.46,525.21,1.0,5.5,3.25,1.97,138.5,0.3464,-0.0986,0.0033,-0.1265,0.2904,3.2922,13.5,0,2
LMT261030C00470000,LMT,2026-10-30,36,C,470.0,-10.51,525.21,57.6,64.7,61.15,0.0,11.6,0.3326,0.8866,0.0037,-0.1205,0.3232,60.6041,85.3,0,0
LMT261030P00470000,LMT,2026-10-30,36,P,470.0,-10.51,525.21,2.0,3.8,2.9,2.48,62.1,0.3142,-0.1158,0.0037,-0.1409,0.3256,2.9424,13.2,0,4
LMT261030C00475000,LMT,2026-10-30,36,C,475.0,-9.56,525.21,53.1,60.3,56.7,0.0,12.7,0.3258,0.8672,0.0041,-0.137,0.3603,56.1621,83.4,0,0
LMT261030P00475000,LMT,2026-10-30,36,P,475.0,-9.56,525.21,2.55,4.6,3.575,3.78,57.3,0.3132,-0.1355,0.0042,-0.156,0.3632,3.6246,15.6,1,26
LMT261030C00480000,LMT,2026-10-30,36,C,480.0,-8.61,525.21,49.4,56.1,52.75,52.1,12.7,0.3294,0.8451,0.0046,-0.154,0.3983,52.2238,80.4,2,0
LMT261030P00480000,LMT,2026-10-30,36,P,480.0,-8.61,525.21,3.4,4.9,4.15,4.5,36.1,0.3065,-0.158,0.0047,-0.1718,0.4012,4.2019,17.7,0,7
LMT261030C00485000,LMT,2026-10-30,36,C,485.0,-7.66,525.21,45.9,52.1,49.0,47.8,12.7,0.3337,0.8203,0.0051,-0.1714,0.4376,48.4863,77.2,8,0
LMT261030P00485000,LMT,2026-10-30,36,P,485.0,-7.66,525.21,4.4,5.9,5.15,5.11,29.1,0.3077,-0.1831,0.0052,-0.188,0.4427,5.2059,20.7,2,20
LMT261030C00490000,LMT,2026-10-30,36,C,490.0,-6.7,525.21,42.0,48.0,45.0,0.0,13.3,0.3293,0.7928,0.0056,-0.1887,0.476,44.4999,74.5,0,0
LMT261030P00490000,LMT,2026-10-30,36,P,490.0,-6.7,525.21,5.2,7.1,6.15,7.0,30.9,0.3054,-0.2112,0.0057,-0.2041,0.4791,6.2058,23.7,20,9
LMT261030C00495000,LMT,2026-10-30,36,C,495.0,-5.75,525.21,38.1,44.3,41.2,0.0,15.0,0.3263,0.7626,0.0061,-0.2055,0.5137,40.7139,71.4,0,0
LMT261030P00495000,LMT,2026-10-30,36,P,495.0,-5.75,525.21,5.6,9.1,7.35,7.33,47.6,0.3043,-0.2419,0.0062,-0.2198,0.518,7.4123,27.0,1,42
LMT261030C00500000,LMT,2026-10-30,36,C,500.0,-4.8,525.21,34.5,40.8,37.65,45.0,16.7,0.3252,0.73,0.0065,-0.2214,0.5486,37.1807,68.1,0,2
LMT261030P00500000,LMT,2026-10-30,36,P,500.0,-4.8,525.21,5.7,9.6,7.65,9.58,51.0,0.2834,-0.2751,0.0066,-0.2345,0.551,7.7113,29.0,0,31
LMT261030C00505000,LMT,2026-10-30,36,C,505.0,-3.85,525.21,31.1,37.6,34.35,0.0,18.9,0.3255,0.6953,0.0069,-0.2358,0.5802,33.8972,64.5,0,0
LMT261030P00505000,LMT,2026-10-30,36,P,505.0,-3.85,525.21,7.0,11.9,9.45,14.15,51.9,0.2879,-0.3104,0.0071,-0.2478,0.5832,9.5123,33.3,0,7
LMT261030C00510000,LMT,2026-10-30,36,C,510.0,-2.9,525.21,28.0,34.4,31.2,0.0,20.5,0.3254,0.6589,0.0073,-0.2484,0.6072,30.7702,60.8,0,0
LMT261030P00510000,LMT,2026-10-30,36,P,510.0,-2.9,525.21,9.7,14.2,11.95,11.2,37.7,0.3001,-0.3477,0.0074,-0.2593,0.609,12.0085,38.0,0,2
LMT261030C00515000,LMT,2026-10-30,36,C,515.0,-1.94,525.21,25.0,30.2,27.6,23.1,18.8,0.3152,0.621,0.0076,-0.2587,0.6291,27.188,57.5,0,1
LMT261030P00515000,LMT,2026-10-30,36,P,515.0,-1.94,525.21,10.4,16.1,13.25,12.35,43.0,0.289,-0.3863,0.0077,-0.2686,0.6306,13.3002,41.5,0,3
LMT261030C00520000,LMT,2026-10-30,36,C,520.0,-0.99,525.21,22.5,27.1,24.8,28.5,18.5,0.315,0.5824,0.0078,-0.2666,0.6452,24.4082,53.6,0,3
LMT261030P00520000,LMT,2026-10-30,36,P,520.0,-0.99,525.21,14.5,18.0,16.25,16.01,21.5,0.3017,-0.4259,0.0079,-0.2755,0.6453,16.2916,46.0,11,10
LMT261030C00525000,LMT,2026-10-30,36,C,525.0,-0.04,525.21,19.7,24.6,22.15,21.6,22.1,0.3142,0.5432,0.0079,-0.2717,0.6552,21.7808,49.8,3,12
LMT261030P00525000,LMT,2026-10-30,36,P,525.0,-0.04,525.21,16.8,20.0,18.4,17.6,17.4,0.2978,-0.466,0.0081,-0.2795,0.654,18.4291,50.0,0,22
LMT261030C00530000,LMT,2026-10-30,36,C,530.0,0.91,525.21,17.5,21.6,19.55,19.95,21.0,0.3113,0.5039,0.0079,-0.2739,0.6589,19.2058,46.0,1,9
LMT261030P00530000,LMT,2026-10-30,36,P,530.0,0.91,525.21,19.4,22.4,20.9,20.61,14.4,0.2961,-0.5063,0.0081,-0.2808,0.6557,20.9088,54.1,11,53
LMT261030C00535000,LMT,2026-10-30,36,C,535.0,1.86,525.21,15.3,20.3,17.8,17.72,28.1,0.3185,0.4649,0.0079,-0.2732,0.6564,17.483,42.3,1,9
LMT261030P00535000,LMT,2026-10-30,36,P,535.0,1.86,525.21,21.2,25.3,23.25,22.09,17.6,0.289,-0.5464,0.0081,-0.279,0.6516,23.2359,58.1,0,62
LMT261030C00540000,LMT,2026-10-30,36,C,540.0,2.82,525.21,13.0,18.7,15.85,15.85,36.0,0.3198,0.4265,0.0078,-0.2695,0.6478,15.5525,38.7,0,4
LMT261030P00540000,LMT,2026-10-30,36,P,540.0,2.82,525.21,23.7,29.0,26.35,31.8,20.1,0.2901,-0.5861,0.0081,-0.2745,0.6399,26.3011,62.1,0,16
LMT261030C00545000,LMT,2026-10-30,36,C,545.0,3.77,525.21,11.4,16.8,14.1,14.48,38.3,0.3216,0.3888,0.0076,-0.2631,0.6337,13.8264,35.3,0,7
LMT261030P00545000,LMT,2026-10-30,36,P,545.0,3.77,525.21,27.0,31.3,29.15,33.0,14.8,0.2833,-0.6251,0.0079,-0.2672,0.6238,29.062,66.1,0,3
LMT261030C00550000,LMT,2026-10-30,36,C,550.0,4.72,525.21,10.0,15.5,12.75,11.99,43.1,0.3272,0.3523,0.0074,-0.2542,0.6139,12.4969,32.2,1,2
LMT261030P00550000,LMT,2026-10-30,36,P,550.0,4.72,525.21,29.1,34.9,32.0,34.2,18.1,0.2732,-0.6632,0.0077,-0.2573,0.6001,31.8439,70.3,0,2
LMT261030C00555000,LMT,2026-10-30,36,C,555.0,5.67,525.21,7.0,12.4,9.7,14.48,55.7,0.302,0.3171,0.0072,-0.2432,0.5897,9.4851,27.8,0,9
LMT261030P00555000,LMT,2026-10-30,36,P,555.0,5.67,525.21,33.0,38.4,35.7,33.3,15.1,0.2741,-0.7,0.0075,-0.2456,0.5722,35.4875,73.8,0,5
LMT261030C00560000,LMT,2026-10-30,36,C,560.0,6.62,525.21,6.0,12.6,9.3,5.8,71.0,0.3184,0.2836,0.0068,-0.2305,0.5612,9.0938,25.7,0,9
LMT261030P00560000,LMT,2026-10-30,36,P,560.0,6.62,525.21,36.1,43.1,39.6,41.05,17.7,0.2754,-0.7351,0.0072,-0.232,0.5384,39.3161,77.0,0,1
LMT261030C00565000,LMT,2026-10-30,36,C,565.0,7.58,525.21,6.3,8.2,7.25,8.3,26.2,0.3032,0.2523,0.0064,-0.2168,0.5299,7.078,22.0,2,0
LMT261030P00565000,LMT,2026-10-30,36,P,565.0,7.58,525.21,40.0,47.1,43.55,44.37,16.3,0.2745,-0.7682,0.0068,-0.2177,0.5018,43.1829,80.1,0,1
LMT261030C00570000,LMT,2026-10-30,36,C,570.0,8.53,525.21,5.4,7.9,6.65,6.7,37.6,0.3121,0.2235,0.006,-0.2026,0.4964,6.4897,19.9,5,5
LMT261030P00570000,LMT,2026-10-30,36,P,570.0,8.53,525.21,44.1,51.1,47.6,37.0,14.7,0.272,-0.7988,0.0064,-0.2028,0.4613,47.127,83.0,0,2
LMT261030C00575000,LMT,2026-10-30,36,C,575.0,9.48,525.21,2.1,8.1,5.1,9.9,117.6,0.2992,0.1974,0.0056,-0.1885,0.4622,4.9679,16.6,0,6
LMT261030P00575000,LMT,2026-10-30,36,P,575.0,9.48,525.21,48.4,54.9,51.65,0.0,12.6,0.2645,-0.8268,0.006,-0.1878,0.4212,51.0201,86.1,0,0
LMT261030C00580000,LMT,2026-10-30,36,C,580.0,10.43,525.21,1.05,9.8,5.425,6.0,161.3,0.3248,0.174,0.0051,-0.1747,0.428,5.2945,16.2,0,1
LMT261030P00580000,LMT,2026-10-30,36,P,580.0,10.43,525.21,53.0,59.0,56.0,51.86,10.7,0.2599,-0.8518,0.0056,-0.1734,0.3793,55.2007,88.7,0,1
LMT261030C00585000,LMT,2026-10-30,36,C,585.0,11.38,525.21,2.7,6.0,4.35,4.0,75.9,0.3175,0.1533,0.0047,-0.1616,0.395,4.2391,13.8,0,8
LMT261030P00585000,LMT,2026-10-30,36,P,585.0,11.38,525.21,57.1,64.3,60.7,0.0,11.9,0.2638,-0.8742,0.0051,-0.1589,0.3388,59.7857,90.2,0,0
LMT261030C00590000,LMT,2026-10-30,36,C,590.0,12.34,525.21,2.35,6.0,4.175,5.37,87.4,0.33,0.1351,0.0043,-0.1492,0.3631,4.0712,12.8,0,3
LMT261030P00590000,LMT,2026-10-30,36,P,590.0,12.34,525.21,62.8,68.3,65.55,0.0,8.4,0.2719,-0.8938,0.0047,-0.1448,0.2996,64.5528,91.3,0,0
LMT261030C00595000,LMT,2026-10-30,36,C,595.0,13.29,525.21,2.15,6.4,4.275,2.3,99.4,0.3491,0.1192,0.0039,-0.1376,0.3336,4.1767,12.4,4,3
LMT261030P00595000,LMT,2026-10-30,36,P,595.0,13.29,525.21,66.2,73.5,69.85,0.0,10.5,0.0,-0.9109,0.0043,-0.1308,0.2604,,,0,0
LMT261030C00600000,LMT,2026-10-30,36,C,600.0,14.24,525.21,1.9,3.4,2.65,2.7,56.6,0.318,0.1054,0.0035,-0.127,0.3056,2.5803,9.0,8,39
LMT261030P00600000,LMT,2026-10-30,36,P,600.0,14.24,525.21,71.0,78.6,74.8,0.0,10.2,0.0,-0.9254,0.0038,-0.1169,0.2297,,,0,0
LMT261030C00605000,LMT,2026-10-30,36,C,605.0,15.19,525.21,1.6,9.1,5.35,2.3,140.2,0.4089,0.0934,0.0032,-0.1174,0.2804,5.2453,12.8,0,15
LMT261030P00605000,LMT,2026-10-30,36,P,605.0,15.19,525.21,76.0,83.2,79.6,0.0,9.0,0.0,-0.9399,0.0038,-0.103,0.1961,,,0,0
LMT261030C00610000,LMT,2026-10-30,36,C,610.0,16.14,525.21,1.0,9.8,5.4,2.6,163.0,0.4262,0.0831,0.0029,-0.1086,0.2573,5.2982,12.4,0,1
LMT261030P00610000,LMT,2026-10-30,36,P,610.0,16.14,525.21,81.0,88.7,84.85,0.0,9.1,0.0,-0.9519,0.0037,-0.0892,0.1684,,,0,0
LMT261030C00615000,LMT,2026-10-30,36,C,615.0,17.1,525.21,0.9,9.2,5.05,0.0,164.4,0.4328,0.0742,0.0026,-0.1008,0.2362,4.9556,11.5,0,0
LMT261030P00615000,LMT,2026-10-30,36,P,615.0,17.1,525.21,85.6,92.7,89.15,0.0,8.0,0.0,-0.9617,0.0036,-0.0765,0.148,,,0,0
LMT261030C00620000,LMT,2026-10-30,36,C,620.0,18.05,525.21,0.9,4.3,2.6,0.0,130.8,0.3732,0.0665,0.0024,-0.0939,0.2177,2.5432,7.5,0,0
LMT261030P00620000,LMT,2026-10-30,36,P,620.0,18.05,525.21,90.5,97.6,94.05,0.0,7.5,0.0,-0.971,0.0031,-0.0869,0.0962,,,0,0
LMT261030C00625000,LMT,2026-10-30,36,C,625.0,19.0,525.21,0.85,1.7,1.275,1.15,66.7,0.3296,0.06,0.0022,-0.0877,0.201,1.2427,4.5,3,1
LMT261030P00625000,LMT,2026-10-30,36,P,625.0,19.0,525.21,95.5,102.4,98.95,0.0,7.0,0.0,-0.9786,0.0026,-0.0961,0.0696,,,0,0
LMT261030C00630000,LMT,2026-10-30,36,C,630.0,19.95,525.21,0.65,10.0,5.325,0.0,175.6,0.4854,0.0543,0.002,-0.0822,0.1859,5.236,10.7,0,0
LMT261030P00630000,LMT,2026-10-30,36,P,630.0,19.95,525.21,100.6,107.8,104.2,0.0,6.9,0.0,-0.9848,0.0022,-0.1029,0.062,,,0,0
LMT261030C00635000,LMT,2026-10-30,36,C,635.0,20.9,525.21,0.0,10.0,1.6,1.6,,0.4909,0.0494,0.0018,-0.0773,0.1725,4.9173,10.0,0,9
LMT261030P00635000,LMT,2026-10-30,36,P,635.0,20.9,525.21,105.3,113.4,109.35,0.0,7.4,0.0,-0.9898,0.0019,-0.1074,0.0557,,,0,0
LMT261030C00640000,LMT,2026-10-30,36,C,640.0,21.86,525.21,0.15,10.0,5.075,1.6,194.1,0.5073,0.045,0.0016,-0.0728,0.1605,4.9943,9.8,0,18
LMT261030P00640000,LMT,2026-10-30,36,P,640.0,21.86,525.21,110.5,118.0,114.25,0.0,6.6,0.0,-0.9926,0.0014,-0.1256,0.026,,,0,0
LMT261030C00645000,LMT,2026-10-30,36,C,645.0,22.81,525.21,0.1,10.0,5.05,1.6,196.0,0.5206,0.0412,0.0015,-0.0687,0.1495,4.9715,9.4,0,34
LMT261030P00645000,LMT,2026-10-30,36,P,645.0,22.81,525.21,115.6,123.0,119.3,0.0,6.2,0.0,-0.9948,0.001,-0.1417,0.0,,,0,0
LMT261030C00650000,LMT,2026-10-30,36,C,650.0,23.76,525.21,0.0,10.0,1.3,1.3,,0.5329,0.0378,0.0014,-0.0649,0.1394,4.9233,9.1,0,17
LMT261030P00650000,LMT,2026-10-30,36,P,650.0,23.76,525.21,120.6,128.0,124.3,0.0,6.0,0.0,-0.9966,0.0006,-0.1549,0.0,,,0,0
LMT261030C00655000,LMT,2026-10-30,36,C,655.0,24.71,525.21,0.0,10.0,1.05,1.05,,0.5465,0.0348,0.0013,-0.0614,0.13,4.9261,8.9,0,1
LMT261030P00655000,LMT,2026-10-30,36,P,655.0,24.71,525.21,125.6,133.0,129.3,0.0,5.7,0.0,-0.9981,0.0004,-0.1667,0.0,,,0,0
LMT261106C00460000,LMT,2026-11-06,43,C,460.0,-12.42,525.21,67.8,74.8,71.3,0.0,9.8,0.3326,0.9028,0.0029,-0.0792,0.3174,70.4932,87.4,0,0
LMT261106P00460000,LMT,2026-11-06,43,P,460.0,-12.42,525.21,0.85,3.9,2.375,3.68,128.4,0.3104,-0.0994,0.003,-0.1172,0.3197,2.4345,10.8,2,0
LMT261106C00465000,LMT,2026-11-06,43,C,465.0,-11.46,525.21,63.5,70.3,66.9,0.0,10.2,0.33,0.8874,0.0033,-0.0933,0.3516,66.1,85.5,0,0
LMT261106P00465000,LMT,2026-11-06,43,P,465.0,-11.46,525.21,0.0,8.3,,0.0,,0.3442,-0.1149,0.0033,-0.1288,0.3557,4.2305,15.6,0,0
LMT261106C00470000,LMT,2026-11-06,43,C,470.0,-10.51,525.21,59.1,65.9,62.5,0.0,10.9,0.3253,0.87,0.0037,-0.1079,0.3883,61.7109,83.7,0,0
LMT261106P00470000,LMT,2026-11-06,43,P,470.0,-10.51,525.21,2.5,8.6,5.55,0.0,109.9,0.3578,-0.1326,0.0037,-0.1411,0.3907,5.6425,18.9,0,0
LMT261106C00475000,LMT,2026-11-06,43,C,475.0,-9.56,525.21,55.0,61.7,58.35,0.0,11.5,0.3246,0.8504,0.0041,-0.1231,0.4259,57.5764,81.3,0,0
LMT261106P00475000,LMT,2026-11-06,43,P,475.0,-9.56,525.21,0.1,9.0,4.55,0.0,195.6,0.3131,-0.1525,0.0041,-0.1539,0.431,4.6397,17.7,0,0
LMT261106C00480000,LMT,2026-11-06,43,C,480.0,-8.61,525.21,50.9,57.5,54.2,0.0,12.2,0.3213,0.8286,0.0045,-0.1385,0.4649,53.4391,78.9,0,0
LMT261106P00480000,LMT,2026-11-06,43,P,480.0,-8.61,525.21,4.3,9.4,6.85,0.0,74.5,0.3416,-0.1747,0.0046,-0.167,0.4676,6.9551,22.7,0,0
LMT261106C00485000,LMT,2026-11-06,43,C,485.0,-7.66,525.21,47.0,53.5,50.25,0.0,12.9,0.3199,0.8044,0.0049,-0.1539,0.5035,49.5089,76.2,0,0
LMT261106P00485000,LMT,2026-11-06,43,P,485.0,-7.66,525.21,5.2,7.2,6.2,6.27,32.3,0.3058,-0.1994,0.005,-0.1802,0.5089,6.3059,22.6,2,0
LMT261106C00490000,LMT,2026-11-06,43,C,490.0,-6.7,525.21,44.1,49.7,46.9,0.0,11.9,0.327,0.7779,0.0053,-0.1691,0.5418,46.1825,72.7,0,0
LMT261106P00490000,LMT,2026-11-06,43,P,490.0,-6.7,525.21,6.5,8.4,7.45,8.4,25.5,0.3069,-0.2263,0.0054,-0.1931,0.545,7.5662,25.8,20,0
LMT261106C00495000,LMT,2026-11-06,43,C,495.0,-5.75,525.21,39.6,46.0,42.8,0.0,15.0,0.3178,0.7494,0.0057,-0.1837,0.578,42.0988,70.3,0,0
LMT261106P00495000,LMT,2026-11-06,43,P,495.0,-5.75,525.21,4.3,10.5,7.4,0.0,83.8,0.2822,-0.2554,0.0058,-0.2054,0.5828,7.5209,27.0,0,0
LMT261106C00500000,LMT,2026-11-06,43,C,500.0,-4.8,525.21,36.7,42.5,39.6,0.0,14.6,0.3217,0.7189,0.0061,-0.1973,0.6119,38.925,66.7,0,0
LMT261106P00500000,LMT,2026-11-06,43,P,500.0,-4.8,525.21,8.7,11.6,10.15,0.0,28.6,0.3041,-0.2865,0.0062,-0.2169,0.6152,10.2798,32.1,0,0
LMT261106C00505000,LMT,2026-11-06,43,C,505.0,-3.85,525.21,32.7,38.6,35.65,0.0,16.5,0.311,0.6868,0.0064,-0.2097,0.642,34.9934,64.0,0,0
LMT261106P00505000,LMT,2026-11-06,43,P,505.0,-3.85,525.21,7.5,13.4,10.45,0.0,56.5,0.2824,-0.3193,0.0065,-0.2271,0.6458,10.5788,34.3,0,0
LMT261106C00510000,LMT,2026-11-06,43,C,510.0,-2.9,525.21,29.3,36.0,32.65,0.0,20.5,0.3129,0.6534,0.0067,-0.2206,0.6682,32.023,60.4,0,0
LMT261106P00510000,LMT,2026-11-06,43,P,510.0,-2.9,525.21,11.5,16.2,13.85,0.0,33.9,0.3065,-0.3535,0.0068,-0.2359,0.6706,13.9862,39.3,0,0
LMT261106C00515000,LMT,2026-11-06,43,C,515.0,-1.94,525.21,27.3,33.0,30.15,0.0,18.9,0.3194,0.6189,0.0069,-0.2296,0.6893,29.5546,56.6,0,0
LMT261106P00515000,LMT,2026-11-06,43,P,515.0,-1.94,525.21,11.3,17.0,14.15,0.0,40.3,0.2812,-0.3888,0.007,-0.2428,0.6911,14.2879,41.9,0,0
LMT261106C00520000,LMT,2026-11-06,43,C,520.0,-0.99,525.21,23.8,30.2,27.0,0.0,23.7,0.3139,0.5836,0.007,-0.2368,0.7053,26.4341,53.3,0,0
LMT261106P00520000,LMT,2026-11-06,43,P,520.0,-0.99,525.21,15.5,19.8,17.65,0.0,24.4,0.2998,-0.425,0.0072,-0.2478,0.7056,17.784,46.4,0,0
LMT261106C00525000,LMT,2026-11-06,43,C,525.0,-0.04,525.21,22.0,27.5,24.75,0.0,22.2,0.3187,0.548,0.0072,-0.2417,0.7157,24.2141,49.7,0,0
LMT261106P00525000,LMT,2026-11-06,43,P,525.0,-0.04,525.21,17.8,22.3,20.05,0.0,22.4,0.2997,-0.4616,0.0074,-0.2507,0.7145,20.1765,50.1,0,0
LMT261106C00530000,LMT,2026-11-06,43,C,530.0,0.91,525.21,18.8,24.7,21.75,0.0,27.1,0.3106,0.5123,0.0072,-0.2446,0.7204,21.2452,46.2,0,0
LMT261106P00530000,LMT,2026-11-06,43,P,530.0,0.91,525.21,20.4,26.7,23.55,0.0,26.8,0.3123,-0.4984,0.0074,-0.2515,0.7172,23.6658,53.8,0,0
LMT261106C00535000,LMT,2026-11-06,43,C,535.0,1.86,525.21,17.1,21.8,19.45,0.0,24.2,0.3099,0.4767,0.0072,-0.2452,0.7195,18.9805,42.8,0,0
LMT261106P00535000,LMT,2026-11-06,43,P,535.0,1.86,525.21,22.2,28.3,25.25,0.0,24.2,0.2972,-0.5351,0.0074,-0.2501,0.7139,25.345,57.4,0,0
LMT261106C00540000,LMT,2026-11-06,43,C,540.0,2.82,525.21,15.1,19.7,17.4,0.0,26.4,0.3102,0.4416,0.0072,-0.2437,0.713,16.9589,39.4,0,0
LMT261106P00540000,LMT,2026-11-06,43,P,540.0,2.82,525.21,24.9,30.2,27.55,0.0,19.2,0.2877,-0.5715,0.0074,-0.2466,0.7047,27.6163,61.1,0,0
LMT261106C00545000,LMT,2026-11-06,43,C,545.0,3.77,525.21,13.5,18.5,16.0,15.04,31.2,0.3175,0.4072,0.007,-0.2401,0.7015,15.5916,36.3,1,0
LMT261106P00545000,LMT,2026-11-06,43,P,545.0,3.77,525.21,27.1,33.1,30.1,0.0,19.9,0.2787,-0.6072,0.0073,-0.241,0.6897,30.1254,65.0,0,0
LMT261106C00550000,LMT,2026-11-06,43,C,550.0,4.72,525.21,11.1,16.9,14.0,0.0,41.4,0.314,0.3738,0.0069,-0.2348,0.6849,13.6245,33.1,0,0
LMT261106P00550000,LMT,2026-11-06,43,P,550.0,4.72,525.21,31.2,37.4,34.3,0.0,18.1,0.2914,-0.6421,0.0072,-0.2336,0.6697,34.2984,67.9,0,0
LMT261106C00555000,LMT,2026-11-06,43,C,555.0,5.67,525.21,9.1,15.4,12.25,0.0,51.4,0.3118,0.3415,0.0067,-0.2278,0.6642,11.9088,30.0,0,0
LMT261106P00555000,LMT,2026-11-06,43,P,555.0,5.67,525.21,34.0,41.4,37.7,0.0,19.6,0.2897,-0.6758,0.007,-0.2246,0.6438,37.6453,71.1,0,0
LMT261106C00560000,LMT,2026-11-06,43,C,560.0,6.62,525.21,7.2,12.4,9.8,0.0,53.1,0.296,0.3108,0.0064,-0.2196,0.6395,9.4946,26.2,0,0
LMT261106P00560000,LMT,2026-11-06,43,P,560.0,6.62,525.21,38.5,44.1,41.3,0.0,13.6,0.2885,-0.7081,0.0068,-0.2144,0.6166,41.1863,74.2,0,0
LMT261106C00565000,LMT,2026-11-06,43,C,565.0,7.58,525.21,5.3,12.7,9.0,10.03,82.2,0.3038,0.2818,0.0061,-0.2104,0.612,8.7231,24.0,2,0
LMT261106P00565000,LMT,2026-11-06,43,P,565.0,7.58,525.21,41.2,47.8,44.5,0.0,14.8,0.277,-0.7387,0.0065,-0.2033,0.5825,44.2827,77.8,0,0
LMT261106C00570000,LMT,2026-11-06,43,C,570.0,8.53,525.21,6.8,11.6,9.2,0.0,52.2,0.3269,0.2548,0.0058,-0.2006,0.5825,8.9315,22.9,0,0
LMT261106P00570000,LMT,2026-11-06,43,P,570.0,8.53,525.21,45.2,52.7,48.95,0.0,15.3,0.2854,-0.7674,0.0062,-0.1916,0.5495,48.6781,79.9,0,0
LMT261106C00575000,LMT,2026-11-06,43,C,575.0,9.48,525.21,5.7,10.7,8.2,0.0,61.0,0.3287,0.2299,0.0055,-0.1906,0.5513,7.9523,20.7,0,0
LMT261106P00575000,LMT,2026-11-06,43,P,575.0,9.48,525.21,49.3,56.9,53.1,0.0,14.3,0.2858,-0.7939,0.0059,-0.1796,0.5132,52.7332,82.2,0,0
LMT261106C00580000,LMT,2026-11-06,43,C,580.0,10.43,525.21,4.9,9.8,7.35,0.0,66.7,0.3315,0.2071,0.0051,-0.1804,0.52,7.1253,18.7,0,0
LMT261106P00580000,LMT,2026-11-06,43,P,580.0,10.43,525.21,54.0,61.2,57.6,0.0,12.5,0.2917,-0.8183,0.0055,-0.1674,0.472,57.1632,84.0,0,0
LMT261106C00585000,LMT,2026-11-06,43,C,585.0,11.38,525.21,4.3,9.2,6.75,0.0,72.6,0.3375,0.1864,0.0048,-0.1702,0.4881,6.5453,17.2,0,0
LMT261106P00585000,LMT,2026-11-06,43,P,585.0,11.38,525.21,58.0,64.9,61.45,0.0,11.2,0.2783,-0.8405,0.0052,-0.1551,0.4335,60.8121,87.0,0,0
LMT261106C00590000,LMT,2026-11-06,43,C,590.0,12.34,525.21,3.4,6.6,5.0,0.0,64.0,0.318,0.1677,0.0044,-0.1603,0.4574,4.8322,14.1,0,0
LMT261106P00590000,LMT,2026-11-06,43,P,590.0,12.34,525.21,62.3,70.1,66.2,0.0,11.8,0.2859,-0.8607,0.0049,-0.1433,0.3938,65.4848,88.2,0,0
LMT261106C00595000,LMT,2026-11-06,43,C,595.0,13.29,525.21,3.1,7.3,5.2,3.1,80.8,0.3379,0.1509,0.0041,-0.1508,0.4274,5.0327,13.7,4,0
LMT261106P00595000,LMT,2026-11-06,43,P,595.0,13.29,525.21,67.0,74.9,70.95,0.0,11.1,0.2921,-0.8789,0.0045,-0.1313,0.3597,70.1437,89.4,0,0
LMT261106C00600000,LMT,2026-11-06,43,C,600.0,14.24,525.21,0.05,7.1,3.575,4.47,197.2,0.3142,0.1359,0.0038,-0.1416,0.3985,3.4495,10.7,2,0
LMT261106P00600000,LMT,2026-11-06,43,P,600.0,14.24,525.21,71.4,79.4,75.4,0.0,10.6,0.2844,-0.8952,0.0042,-0.1195,0.3253,74.375,91.4,0,0
LMT261120C00395000,LMT,2026-11-20,57,C,395.0,-24.79,525.21,130.5,138.0,134.25,0.0,5.6,0.4028,0.9854,0.0005,0.0,0.0833,133.6258,96.0,0,0
LMT261120P00395000,LMT,2026-11-20,57,P,395.0,-24.79,525.21,0.0,1.7,0.5,0.5,,0.3966,-0.0155,0.0005,-0.024,0.0837,0.8752,3.8,0,10
LMT261120C00400000,LMT,2026-11-20,57,C,400.0,-23.84,525.21,126.7,133.2,129.95,105.75,5.0,0.4296,0.983,0.0006,0.0,0.0944,129.3323,94.0,0,1
LMT261120P00400000,LMT,2026-11-20,57,P,400.0,-23.84,525.21,0.3,0.6,0.45,0.41,66.7,0.3449,-0.0179,0.0006,-0.0269,0.0951,0.4688,2.4,4,75
LMT261120C00405000,LMT,2026-11-20,57,C,405.0,-22.89,525.21,121.1,128.4,124.75,0.0,5.9,0.4007,0.9801,0.0007,0.0,0.1074,124.1235,94.5,0,0
LMT261120P00405000,LMT,2026-11-20,57,P,405.0,-22.89,525.21,0.2,0.8,0.5,0.62,120.0,0.3366,-0.0209,0.0007,-0.0302,0.108,0.5171,2.7,0,74
LMT261120C00410000,LMT,2026-11-20,57,C,410.0,-21.94,525.21,116.2,122.6,119.4,174.0,5.4,0.3615,0.9766,0.0008,0.0,0.1221,118.76,95.6,0,1
LMT261120P00410000,LMT,2026-11-20,57,P,410.0,-21.94,525.21,0.35,0.95,0.65,0.74,92.3,0.3374,-0.0244,0.0008,-0.034,0.1228,0.6733,3.3,0,86
LMT261120C00415000,LMT,2026-11-20,57,C,415.0,-20.98,525.21,111.3,118.6,114.95,173.3,6.4,0.3768,0.9725,0.0009,0.0,0.139,114.3141,93.9,0,1
LMT261120P00415000,LMT,2026-11-20,57,P,415.0,-20.98,525.21,0.4,1.25,0.825,0.8,103.0,0.3371,-0.0285,0.0009,-0.0383,0.1399,0.851,4.0,1,12
LMT261120C00420000,LMT,2026-11-20,57,C,420.0,-20.03,525.21,107.2,113.9,110.55,0.0,6.1,0.3875,0.9676,0.0011,0.0,0.1584,109.9192,92.3,0,0
LMT261120P00420000,LMT,2026-11-20,57,P,420.0,-20.03,525.21,0.45,1.5,0.975,0.89,107.7,0.3331,-0.0334,0.0011,-0.0432,0.1587,1.0059,4.6,2,30
LMT261120C00425000,LMT,2026-11-20,57,C,425.0,-19.08,525.21,101.9,109.0,105.45,0.0,6.7,0.3658,0.9619,0.0012,-0.0067,0.1799,104.8131,92.4,0,0
LMT261120P00425000,LMT,2026-11-20,57,P,425.0,-19.08,525.21,0.75,1.5,1.125,1.08,66.7,0.3273,-0.0393,0.0013,-0.0489,0.1818,1.1533,5.3,1,23
LMT261120C00430000,LMT,2026-11-20,57,C,430.0,-18.13,525.21,97.7,104.3,101.0,106.7,6.5,0.37,0.9552,0.0014,-0.0148,0.2044,100.3639,90.9,0,2
LMT261120P00430000,LMT,2026-11-20,57,P,430.0,-18.13,525.21,0.8,1.85,1.325,1.5,79.2,0.3232,-0.0461,0.0014,-0.0552,0.2058,1.3555,6.0,0,24
LMT261120C00435000,LMT,2026-11-20,57,C,435.0,-17.18,525.21,92.4,99.6,96.0,0.0,7.5,0.3525,0.9473,0.0016,-0.0237,0.2315,95.3608,90.8,0,0
LMT261120P00435000,LMT,2026-11-20,57,P,435.0,-17.18,525.21,1.05,1.95,1.5,1.31,60.0,0.3166,-0.0541,0.0017,-0.0622,0.2333,1.533,6.8,0,22
LMT261120C00440000,LMT,2026-11-20,57,C,440.0,-16.22,525.21,87.9,94.9,91.4,150.6,7.7,0.3486,0.9382,0.0019,-0.0333,0.2612,90.7619,89.6,0,2
LMT261120P00440000,LMT,2026-11-20,57,P,440.0,-16.22,525.21,1.2,2.25,1.725,1.47,60.9,0.3111,-0.0633,0.0019,-0.0699,0.2634,1.761,7.6,0,113
LMT261120C00445000,LMT,2026-11-20,57,C,445.0,-15.27,525.21,83.2,90.3,86.75,122.29,8.2,0.3418,0.9278,0.0021,-0.0435,0.2939,86.1129,88.6,0,2
LMT261120P00445000,LMT,2026-11-20,57,P,445.0,-15.27,525.21,1.55,2.65,2.1,2.25,52.4,0.3099,-0.0739,0.0022,-0.0783,0.296,2.1412,9.0,0,43
LMT261120C00450000,LMT,2026-11-20,57,C,450.0,-14.32,525.21,78.9,85.7,82.3,95.49,8.3,0.3396,0.9159,0.0024,-0.0544,0.3286,81.6692,87.1,0,16
LMT261120P00450000,LMT,2026-11-20,57,P,450.0,-14.32,525.21,2.0,3.1,2.55,3.0,43.1,0.309,-0.086,0.0024,-0.0873,0.3318,2.596,10.5,0,230
LMT261120C00455000,LMT,2026-11-20,57,C,455.0,-13.37,525.21,74.3,81.0,77.65,0.0,8.6,0.3305,0.9024,0.0027,-0.0658,0.3661,77.0179,86.0,0,0
LMT261120P00455000,LMT,2026-11-20,57,P,455.0,-13.37,525.21,2.4,3.8,3.1,2.5,45.2,0.3088,-0.0996,0.0027,-0.0969,0.3683,3.1509,12.2,0,86
LMT261120C00460000,LMT,2026-11-20,57,C,460.0,-12.42,525.21,69.9,76.8,73.35,0.0,9.4,0.3289,0.8873,0.003,-0.0776,0.4048,72.7214,84.2,0,0
LMT261120P00460000,LMT,2026-11-20,57,P,460.0,-12.42,525.21,2.85,4.5,3.675,3.6,44.9,0.307,-0.115,0.003,-0.1069,0.4093,3.7302,13.9,1,60
LMT261120C00465000,LMT,2026-11-20,57,C,465.0,-11.46,525.21,65.7,72.5,69.1,0.0,9.8,0.3266,0.8705,0.0033,-0.0898,0.4456,68.4792,82.3,0,0
LMT261120P00465000,LMT,2026-11-20,57,P,465.0,-11.46,525.21,3.4,5.3,4.35,5.1,43.7,0.3055,-0.132,0.0034,-0.1174,0.4484,4.4066,15.9,0,27
LMT261120C00470000,LMT,2026-11-20,57,C,470.0,-10.51,525.21,61.3,68.3,64.8,64.47,10.8,0.3215,0.852,0.0036,-0.1021,0.4866,64.1829,80.5,0,3
LMT261120P00470000,LMT,2026-11-20,57,P,470.0,-10.51,525.21,4.1,6.3,5.2,5.0,42.3,0.3058,-0.1509,0.0037,-0.128,0.4917,5.2645,18.1,0,140
LMT261120C00475000,LMT,2026-11-20,57,C,475.0,-9.56,525.21,57.4,64.0,60.7,56.41,10.9,0.3188,0.8317,0.004,-0.1145,0.5285,60.093,78.4,0,1
LMT261120P00475000,LMT,2026-11-20,57,P,475.0,-9.56,525.21,4.8,7.5,6.15,5.69,43.9,0.3056,-0.1715,0.0041,-0.1387,0.5322,6.2138,20.5,1,38
LMT261120C00480000,LMT,2026-11-20,57,C,480.0,-8.61,525.21,53.3,60.0,56.65,61.44,11.8,0.3152,0.8097,0.0043,-0.1268,0.5698,56.0507,76.1,0,1
LMT261120P00480000,LMT,2026-11-20,57,P,480.0,-8.61,525.21,5.8,7.4,6.6,6.79,24.2,0.2945,-0.194,0.0044,-0.1493,0.5743,6.6671,22.1,1,117
LMT261120C00485000,LMT,2026-11-20,57,C,485.0,-7.66,525.21,49.6,56.4,53.0,45.8,12.8,0.3165,0.786,0.0047,-0.1388,0.6102,52.4145,73.4,0,3
LMT261120P00485000,LMT,2026-11-20,57,P,485.0,-7.66,525.21,7.4,8.6,8.0,7.6,15.0,0.2992,-0.2182,0.0048,-0.1596,0.6143,8.117,25.2,0,22
LMT261120C00490000,LMT,2026-11-20,57,C,490.0,-6.7,525.21,46.0,52.7,49.35,108.85,13.6,0.3156,0.7607,0.005,-0.1502,0.649,48.777,70.7,0,11
LMT261120P00490000,LMT,2026-11-20,57,P,490.0,-6.7,525.21,8.8,9.8,9.3,9.4,10.8,0.2989,-0.244,0.0051,-0.1695,0.6529,9.4213,28.1,1,127
LMT261120C00495000,LMT,2026-11-20,57,C,495.0,-5.75,525.21,43.2,49.0,46.1,51.85,12.6,0.3186,0.7339,0.0053,-0.1611,0.6853,45.5449,67.6,0,5
LMT261120P00495000,LMT,2026-11-20,57,P,495.0,-5.75,525.21,10.3,11.2,10.75,11.32,8.4,0.2978,-0.2714,0.0054,-0.1788,0.6895,10.8129,30.9,0,54
LMT261120C00500000,LMT,2026-11-20,57,C,500.0,-4.8,525.21,39.2,45.6,42.4,45.0,15.1,0.3132,0.7058,0.0056,-0.1711,0.7189,41.8637,65.0,3,60
LMT261120P00500000,LMT,2026-11-20,57,P,500.0,-4.8,525.21,11.5,13.0,12.25,12.0,12.2,0.2997,-0.3002,0.0057,-0.1872,0.7228,12.5629,34.1,1,293
LMT261120C00505000,LMT,2026-11-20,57,C,505.0,-3.85,525.21,36.6,42.5,39.55,69.7,14.9,0.3175,0.6765,0.0058,-0.1801,0.7484,39.0325,61.8,0,55
LMT261120P00505000,LMT,2026-11-20,57,P,505.0,-3.85,525.21,13.5,14.6,14.05,14.71,7.8,0.2966,-0.3303,0.0059,-0.1947,0.7517,14.104,37.1,0,93
LMT261120C00510000,LMT,2026-11-20,57,C,510.0,-2.9,525.21,32.7,38.5,35.6,37.56,16.3,0.3054,0.6462,0.006,-0.1879,0.7743,35.0956,59.3,0,23
LMT261120P00510000,LMT,2026-11-20,57,P,510.0,-2.9,525.21,15.3,16.9,16.1,18.13,9.9,0.2982,-0.3614,0.0062,-0.2011,0.7765,16.1507,40.4,0,116
LMT261120C00515000,LMT,2026-11-20,57,C,515.0,-1.94,525.21,30.1,35.6,32.85,32.64,16.7,0.3071,0.6152,0.0062,-0.1945,0.7951,32.3639,56.1,4,177
LMT261120P00515000,LMT,2026-11-20,57,P,515.0,-1.94,525.21,17.3,18.6,17.95,21.0,7.2,0.295,-0.3933,0.0064,-0.2062,0.7969,17.9827,43.5,0,45
LMT261120C00520000,LMT,2026-11-20,57,C,520.0,-0.99,525.21,27.9,33.4,30.65,36.5,17.9,0.3136,0.5836,0.0063,-0.1998,0.8114,30.1848,52.7,0,68
LMT261120P00520000,LMT,2026-11-20,57,P,520.0,-0.99,525.21,19.3,21.0,20.15,18.0,8.4,0.2968,-0.4258,0.0065,-0.21,0.8114,20.3718,46.8,1,116
LMT261120C00525000,LMT,2026-11-20,57,C,525.0,-0.04,525.21,24.7,30.7,27.7,28.0,21.7,0.309,0.5518,0.0064,-0.2035,0.8223,27.2622,49.7,3,49
LMT261120P00525000,LMT,2026-11-20,57,P,525.0,-0.04,525.21,20.0,23.6,21.8,21.83,16.5,0.2848,-0.4588,0.0066,-0.2124,0.8208,21.7924,49.9,1,36
LMT261120C00530000,LMT,2026-11-20,57,C,530.0,0.91,525.21,22.7,27.1,24.9,24.6,17.7,0.3043,0.5199,0.0065,-0.2058,0.8281,24.479,46.7,2,121
LMT261120P00530000,LMT,2026-11-20,57,P,530.0,0.91,525.21,22.1,25.9,24.0,24.14,15.8,0.2801,-0.4918,0.0067,-0.2133,0.825,23.9659,53.2,0,44
LMT261120C00535000,LMT,2026-11-20,57,C,535.0,1.86,525.21,20.0,24.9,22.45,24.06,21.8,0.3021,0.488,0.0065,-0.2066,0.8288,22.0552,43.6,0,78
LMT261120P00535000,LMT,2026-11-20,57,P,535.0,1.86,525.21,24.8,29.1,26.95,26.3,16.0,0.2824,-0.5249,0.0067,-0.2127,0.8223,26.8845,56.6,0,62
LMT261120C00540000,LMT,2026-11-20,57,C,540.0,2.82,525.21,18.1,22.3,20.2,20.11,20.8,0.3004,0.4564,0.0064,-0.2059,0.8243,19.8269,40.5,5,138
LMT261120P00540000,LMT,2026-11-20,57,P,540.0,2.82,525.21,26.9,33.0,29.95,28.2,20.4,0.2832,-0.5579,0.0067,-0.2106,0.816,29.8419,59.8,0,147
LMT261120C00545000,LMT,2026-11-20,57,C,545.0,3.77,525.21,15.4,22.0,18.7,14.9,35.3,0.3061,0.4252,0.0064,-0.2036,0.8148,18.3523,37.7,0,50
LMT261120P00545000,LMT,2026-11-20,57,P,545.0,3.77,525.21,29.7,35.2,32.45,32.78,16.9,0.2758,-0.5905,0.0067,-0.2071,0.802,32.2946,63.2,0,46
LMT261120C00550000,LMT,2026-11-20,57,C,550.0,4.72,525.21,14.5,19.8,17.15,16.59,30.9,0.3095,0.3946,0.0063,-0.2,0.8007,16.8238,34.9,1,82
LMT261120P00550000,LMT,2026-11-20,57,P,550.0,4.72,525.21,32.6,39.3,35.95,40.0,18.6,0.2786,-0.6227,0.0066,-0.2021,0.7842,35.7326,66.2,0,43
LMT261120C00555000,LMT,2026-11-20,57,C,555.0,5.67,525.21,13.1,18.2,15.65,15.7,32.6,0.3119,0.3647,0.0062,-0.1952,0.7819,15.3433,32.3,0,36
LMT261120P00555000,LMT,2026-11-20,57,P,555.0,5.67,525.21,35.7,42.0,38.85,39.3,16.2,0.2715,-0.6542,0.0065,-0.196,0.7612,38.551,69.5,0,28
LMT261120C00560000,LMT,2026-11-20,57,C,560.0,6.62,525.21,11.6,16.1,13.85,13.62,32.5,0.3088,0.3357,0.006,-0.1892,0.7594,13.5653,29.6,0,291
LMT261120P00560000,LMT,2026-11-20,57,P,560.0,6.62,525.21,39.4,45.4,42.4,38.8,14.2,0.2708,-0.6852,0.0064,-0.1886,0.7292,42.0239,72.4,0,31
LMT261120C00565000,LMT,2026-11-20,57,C,565.0,7.58,525.21,10.6,11.7,11.15,11.9,9.9,0.2909,0.3078,0.0058,-0.1822,0.7328,10.8505,26.2,5,66
LMT261120P00565000,LMT,2026-11-20,57,P,565.0,7.58,525.21,43.0,49.6,46.3,47.93,14.3,0.2729,-0.7149,0.0062,-0.1804,0.7011,45.8368,75.0,0,26
LMT261120C00570000,LMT,2026-11-20,57,C,570.0,8.53,525.21,9.4,10.3,9.85,9.88,9.1,0.2903,0.2811,0.0056,-0.1746,0.7035,9.5702,23.7,4,55
LMT261120P00570000,LMT,2026-11-20,57,P,570.0,8.53,525.21,47.5,52.7,50.1,45.7,10.4,0.2715,-0.7437,0.006,-0.1715,0.6576,49.5309,77.6,0,38
LMT261120C00575000,LMT,2026-11-20,57,C,575.0,9.48,525.21,8.0,9.2,8.6,9.0,14.0,0.2894,0.2558,0.0053,-0.1664,0.6718,8.3912,21.3,4,61
LMT261120P00575000,LMT,2026-11-20,57,P,575.0,9.48,525.21,50.7,57.0,53.85,53.66,11.7,0.2666,-0.7709,0.0058,-0.162,0.6274,53.1367,80.3,0,10
LMT261120C00580000,LMT,2026-11-20,57,C,580.0,10.43,525.21,7.4,8.2,7.8,8.55,10.3,0.293,0.2322,0.005,-0.1579,0.6381,7.6093,19.5,1,106
LMT261120P00580000,LMT,2026-11-20,57,P,580.0,10.43,525.21,55.0,61.0,58.0,54.1,10.3,0.2661,-0.7968,0.0055,-0.1524,0.5772,57.1537,82.6,0,35
LMT261120C00585000,LMT,2026-11-20,57,C,585.0,11.38,525.21,6.2,7.4,6.8,7.1,17.6,0.2919,0.2103,0.0048,-0.1493,0.604,6.6268,17.4,4,45
LMT261120P00585000,LMT,2026-11-20,57,P,585.0,11.38,525.21,59.0,65.6,62.3,62.34,10.6,0.266,-0.8206,0.0052,-0.142,0.5394,61.3013,84.6,0,28
LMT261120C00590000,LMT,2026-11-20,57,C,590.0,12.34,525.21,4.9,6.9,5.9,6.9,33.9,0.2908,0.1902,0.0045,-0.1408,0.569,5.7471,15.5,0,57
LMT261120P00590000,LMT,2026-11-20,57,P,590.0,12.34,525.21,63.1,69.5,66.3,66.77,9.7,0.2551,-0.8433,0.005,-0.1331,0.4908,65.0131,87.3,0,58
LMT261120C00595000,LMT,2026-11-20,57,C,595.0,13.29,525.21,4.3,6.1,5.2,6.7,34.6,0.2916,0.1718,0.0042,-0.1325,0.5348,5.0608,13.9,0,50
LMT261120P00595000,LMT,2026-11-20,57,P,595.0,13.29,525.21,67.5,74.7,71.1,49.26,10.1,0.2621,-0.8636,0.0047,-0.1229,0.4415,69.708,88.4,0,13
LMT261120C00600000,LMT,2026-11-20,57,C,600.0,14.24,525.21,4.1,5.4,4.75,4.5,27.4,0.296,0.1552,0.0039,-0.1244,0.5014,4.6237,12.6,13,394
LMT261120P00600000,LMT,2026-11-20,57,P,600.0,14.24,525.21,72.1,79.9,76.0,69.2,10.3,0.2716,-0.8822,0.0044,-0.1138,0.409,74.545,89.2,0,14
LMT261120C00605000,LMT,2026-11-20,57,C,605.0,15.19,525.21,3.3,6.1,4.7,4.47,59.6,0.3078,0.1402,0.0036,-0.1168,0.4688,4.5801,12.1,0,116
LMT261120P00605000,LMT,2026-11-20,57,P,605.0,15.19,525.21,77.0,83.8,80.4,72.4,8.5,0.2602,-0.8992,0.0041,-0.1041,0.3536,78.5698,91.4,0,8
LMT261120C00610000,LMT,2026-11-20,57,C,610.0,16.14,525.21,3.0,6.8,4.9,4.2,77.6,0.3245,0.1268,0.0034,-0.1096,0.4383,4.7809,11.9,1,36
LMT261120P00610000,LMT,2026-11-20,57,P,610.0,16.14,525.21,81.1,88.2,84.65,52.5,8.4,0.0,-0.9138,0.0038,-0.0941,0.3174,,,0,99
LMT261120C00615000,LMT,2026-11-20,57,C,615.0,17.1,525.21,2.55,4.8,3.675,3.9,61.2,0.3095,0.1148,0.0031,-0.1029,0.4093,3.5798,9.7,0,39
LMT261120P00615000,LMT,2026-11-20,57,P,615.0,17.1,525.21,86.2,93.2,89.7,40.7,7.8,0.0,-0.9272,0.0035,-0.084,0.2849,,,0,2
LMT261120C00620000,LMT,2026-11-20,57,C,620.0,18.05,525.21,2.5,3.6,3.05,2.95,36.1,0.3053,0.1041,0.0029,-0.0966,0.3817,2.9681,8.3,0,49
LMT261120P00620000,LMT,2026-11-20,57,P,620.0,18.05,525.21,91.0,97.7,94.35,46.2,7.1,0.0,-0.9389,0.0032,-0.0726,0.2337,,,0,6
LMT261120C00625000,LMT,2026-11-20,57,C,625.0,19.0,525.21,2.05,3.3,2.675,2.5,46.7,0.306,0.0946,0.0026,-0.0908,0.3566,2.6032,7.4,0,243
LMT261120P00625000,LMT,2026-11-20,57,P,625.0,19.0,525.21,96.0,101.2,98.6,0.0,5.3,0.0,-0.9508,0.0033,-0.0619,0.2065,,,0,0
LMT261120C00630000,LMT,2026-11-20,57,C,630.0,19.95,525.21,1.9,2.8,2.35,2.33,38.3,0.3069,0.0861,0.0024,-0.0854,0.3331,2.2866,6.6,1,97
LMT261120P00630000,LMT,2026-11-20,57,P,630.0,19.95,525.21,100.6,107.9,104.25,67.71,7.0,0.0,-0.9625,0.0035,-0.0517,0.1924,,,0,3
LMT261120C00635000,LMT,2026-11-20,57,C,635.0,20.9,525.21,1.55,2.8,2.175,2.7,57.5,0.3116,0.0786,0.0023,-0.0804,0.3109,2.1183,6.0,0,51
LMT261120P00635000,LMT,2026-11-20,57,P,635.0,20.9,525.21,105.6,113.2,109.4,127.55,6.9,0.0,-0.9715,0.0034,-0.0384,0.147,,,0,1
LMT261120C00640000,LMT,2026-11-20,57,C,640.0,21.86,525.21,1.25,2.45,1.85,2.05,64.9,0.3103,0.0718,0.0021,-0.0758,0.2906,1.802,5.2,0,32
LMT261120P00640000,LMT,2026-11-20,57,P,640.0,21.86,525.21,110.5,117.8,114.15,68.05,6.4,0.0,-0.9788,0.0034,-0.0265,0.1191,,,0,2
LMT261120C00645000,LMT,2026-11-20,57,C,645.0,22.81,525.21,1.1,2.2,1.65,3.5,66.7,0.3123,0.0657,0.0019,-0.0714,0.2719,1.6074,4.7,0,33
LMT261120P00645000,LMT,2026-11-20,57,P,645.0,22.81,525.21,115.5,123.5,119.5,127.68,6.7,0.0,-0.985,0.0025,-0.0708,0.0563,,,0,2
LMT261120C00650000,LMT,2026-11-20,57,C,650.0,23.76,525.21,1.2,2.1,1.65,1.8,54.5,0.3217,0.0602,0.0018,-0.0674,0.2543,1.6093,4.5,0,112
LMT261120P00650000,LMT,2026-11-20,57,P,650.0,23.76,525.21,120.5,128.4,124.45,95.07,6.3,0.0,-0.9906,0.0016,-0.1289,0.0,,,0,0
LMT261120C00655000,LMT,2026-11-20,57,C,655.0,24.71,525.21,1.0,3.2,2.1,1.5,104.8,0.3482,0.0553,0.0017,-0.0636,0.2377,2.0523,5.2,0,8
LMT261120P00655000,LMT,2026-11-20,57,P,655.0,24.71,525.21,125.5,133.6,129.55,160.1,6.3,0.0,-0.9946,0.0009,-0.157,0.0,,,0,0
LMT261218C00400000,LMT,2026-12-18,85,C,400.0,-23.84,525.21,126.6,134.0,130.3,135.1,5.7,0.3651,0.9746,0.0008,0.0,0.1597,130.7879,93.5,0,40
LMT261218P00400000,LMT,2026-12-18,85,P,400.0,-23.84,525.21,0.65,1.4,1.025,1.1,73.2,0.3205,-0.0335,0.0009,-0.0348,0.1927,0.953,4.1,0,391
LMT261218C00405000,LMT,2026-12-18,85,C,405.0,-22.89,525.21,121.8,129.0,125.4,0.0,5.7,0.3543,0.9706,0.0009,0.0,0.1725,125.896,93.2,0,0
LMT261218P00405000,LMT,2026-12-18,85,P,405.0,-22.89,525.21,0.4,3.1,1.75,0.0,154.3,0.3423,-0.038,0.001,-0.0382,0.215,1.6379,6.1,0,0
LMT261218C00410000,LMT,2026-12-18,85,C,410.0,-21.94,525.21,117.2,124.4,120.8,178.4,6.0,0.3559,0.966,0.001,-0.0047,0.1958,121.3507,92.1,0,40
LMT261218P00410000,LMT,2026-12-18,85,P,410.0,-21.94,525.21,1.0,2.0,1.5,1.4,66.7,0.3189,-0.0434,0.0012,-0.0421,0.2377,1.3959,5.6,0,55
LMT261218C00415000,LMT,2026-12-18,85,C,415.0,-20.98,525.21,112.3,119.7,116.0,0.0,6.4,0.3478,0.9606,0.0012,-0.0102,0.2256,116.5609,91.5,0,0
LMT261218P00415000,LMT,2026-12-18,85,P,415.0,-20.98,525.21,0.6,3.6,2.1,0.0,142.9,0.3291,-0.0494,0.0013,-0.0463,0.2633,1.9612,7.2,0,0
LMT261218C00420000,LMT,2026-12-18,85,C,420.0,-20.03,525.21,107.6,115.0,111.3,149.7,6.6,0.3428,0.9543,0.0013,-0.0161,0.2437,111.8858,90.7,0,66
LMT261218P00420000,LMT,2026-12-18,85,P,420.0,-20.03,525.21,1.15,2.75,1.95,2.0,82.1,0.3106,-0.0563,0.0014,-0.0509,0.2934,1.8118,7.0,0,359
LMT261218C00425000,LMT,2026-12-18,85,C,425.0,-19.08,525.21,102.8,110.0,106.4,0.0,6.8,0.3308,0.9473,0.0015,-0.0225,0.281,106.9918,90.4,0,0
LMT261218P00425000,LMT,2026-12-18,85,P,425.0,-19.08,525.21,0.8,3.9,2.35,0.0,131.9,0.3107,-0.0642,0.0016,-0.0559,0.3228,2.1869,8.1,0,0
LMT261218C00430000,LMT,2026-12-18,85,C,430.0,-18.13,525.21,98.8,105.5,102.15,144.45,6.6,0.3375,0.939,0.0017,-0.0293,0.3125,102.8075,88.6,0,29
LMT261218P00430000,LMT,2026-12-18,85,P,430.0,-18.13,525.21,1.9,3.1,2.5,2.91,48.0,0.3018,-0.0732,0.0018,-0.0614,0.3564,2.3213,8.6,0,175
LMT261218C00435000,LMT,2026-12-18,85,C,435.0,-17.18,525.21,93.9,100.9,97.4,0.0,7.2,0.3281,0.9297,0.0019,-0.0366,0.3361,98.0531,87.9,0,0
LMT261218P00435000,LMT,2026-12-18,85,P,435.0,-17.18,525.21,1.9,6.4,4.15,3.0,108.4,0.33,-0.0832,0.002,-0.0672,0.3939,3.8898,12.3,0,1
LMT261218C00440000,LMT,2026-12-18,85,C,440.0,-16.22,525.21,89.1,96.5,92.8,95.5,8.0,0.3224,0.9193,0.0021,-0.0443,0.3911,93.4774,86.9,0,33
LMT261218P00440000,LMT,2026-12-18,85,P,440.0,-16.22,525.21,2.3,7.0,4.65,4.1,101.1,0.3262,-0.0945,0.0022,-0.0734,0.4297,4.3595,13.5,0,677
LMT261218C00445000,LMT,2026-12-18,85,C,445.0,-15.27,525.21,84.6,91.9,88.25,0.0,8.3,0.3175,0.9074,0.0023,-0.0524,0.4201,88.976,85.7,0,0
LMT261218P00445000,LMT,2026-12-18,85,P,445.0,-15.27,525.21,0.4,7.8,4.1,0.0,180.5,0.2998,-0.1069,0.0025,-0.0799,0.4714,3.8205,12.8,0,0
LMT261218C00450000,LMT,2026-12-18,85,C,450.0,-14.32,525.21,80.7,87.6,84.15,79.01,8.2,0.3198,0.8944,0.0026,-0.0608,0.4665,84.895,83.8,0,164
LMT261218P00450000,LMT,2026-12-18,85,P,450.0,-14.32,525.21,4.2,5.0,4.6,4.68,17.4,0.2954,-0.1207,0.0027,-0.0866,0.5121,4.2809,14.0,0,330
LMT261218C00455000,LMT,2026-12-18,85,C,455.0,-13.37,525.21,76.9,83.0,79.95,0.0,7.6,0.3191,0.8798,0.0028,-0.0694,0.5112,80.7505,82.0,0,0
LMT261218P00455000,LMT,2026-12-18,85,P,455.0,-13.37,525.21,4.5,5.8,5.15,5.1,25.2,0.291,-0.1358,0.0029,-0.0936,0.5545,4.7913,15.4,1,1
LMT261218C00460000,LMT,2026-12-18,85,C,460.0,-12.42,525.21,71.8,78.9,75.35,90.0,9.4,0.3095,0.864,0.0031,-0.0781,0.543,76.1536,80.9,0,100
LMT261218P00460000,LMT,2026-12-18,85,P,460.0,-12.42,525.21,5.3,6.6,5.95,5.7,21.8,0.29,-0.1522,0.0032,-0.1006,0.6007,5.5467,17.3,1,105
LMT261218C00465000,LMT,2026-12-18,85,C,465.0,-11.46,525.21,68.0,74.9,71.45,0.0,9.7,0.3107,0.8468,0.0033,-0.0869,0.6054,72.2718,78.8,0,0
LMT261218P00465000,LMT,2026-12-18,85,P,465.0,-11.46,525.21,2.5,11.0,6.75,6.49,125.9,0.2874,-0.1699,0.0034,-0.1076,0.6411,6.2941,19.1,1,0
LMT261218C00470000,LMT,2026-12-18,85,C,470.0,-10.51,525.21,64.2,70.8,67.5,72.6,9.8,0.31,0.8281,0.0036,-0.0956,0.6399,68.3728,76.7,0,198
LMT261218P00470000,LMT,2026-12-18,85,P,470.0,-10.51,525.21,7.4,8.6,8.0,7.25,15.0,0.2903,-0.1889,0.0037,-0.1146,0.6863,7.4811,21.5,3,317
LMT261218C00475000,LMT,2026-12-18,85,C,475.0,-9.56,525.21,60.1,66.9,63.5,0.0,10.7,0.3065,0.8083,0.0039,-0.1042,0.6977,64.3722,74.8,0,0
LMT261218P00475000,LMT,2026-12-18,85,P,475.0,-9.56,525.21,7.5,9.7,8.6,9.06,25.6,0.2821,-0.2093,0.004,-0.1213,0.7281,8.0311,23.0,0,1
LMT261218C00480000,LMT,2026-12-18,85,C,480.0,-8.61,525.21,56.1,63.0,59.55,67.1,11.6,0.3027,0.787,0.0041,-0.1124,0.7335,60.4333,72.8,0,225
LMT261218P00480000,LMT,2026-12-18,85,P,480.0,-8.61,525.21,9.8,11.0,10.4,9.85,11.5,0.2891,-0.2308,0.0042,-0.1278,0.7689,9.7482,26.0,2,159
LMT261218C00485000,LMT,2026-12-18,85,C,485.0,-7.66,525.21,52.7,58.0,55.35,0.0,9.6,0.2949,0.7644,0.0044,-0.1204,0.765,56.264,71.0,0,0
LMT261218P00485000,LMT,2026-12-18,85,P,485.0,-7.66,525.21,11.2,12.4,11.8,0.0,10.2,0.2888,-0.2535,0.0044,-0.134,0.8108,11.0752,28.5,0,0
LMT261218C00490000,LMT,2026-12-18,85,C,490.0,-6.7,525.21,49.6,55.4,52.5,64.62,11.0,0.3022,0.7408,0.0046,-0.1279,0.8187,53.4176,68.0,0,24
LMT261218P00490000,LMT,2026-12-18,85,P,490.0,-6.7,525.21,12.5,13.7,13.1,12.9,9.2,0.2876,-0.2773,0.0047,-0.1396,0.8447,12.4496,30.9,11,88
LMT261218C00495000,LMT,2026-12-18,85,C,495.0,-5.75,525.21,46.2,50.7,48.45,0.0,9.3,0.2936,0.7161,0.0048,-0.1348,0.8479,49.3651,66.0,0,0
LMT261218P00495000,LMT,2026-12-18,85,P,495.0,-5.75,525.21,10.6,18.0,14.3,0.0,51.7,0.2804,-0.302,0.0049,-0.1448,0.8804,13.4274,33.0,0,0
LMT261218C00500000,LMT,2026-12-18,85,C,500.0,-4.8,525.21,42.9,48.9,45.9,47.0,13.1,0.301,0.6904,0.005,-0.1412,0.8913,46.8268,62.9,0,188
LMT261218P00500000,LMT,2026-12-18,85,P,500.0,-4.8,525.21,15.9,17.4,16.65,16.34,9.0,0.2871,-0.3278,0.0051,-0.1493,0.91,15.7303,36.2,3,244
LMT261218C00505000,LMT,2026-12-18,85,C,505.0,-3.85,525.21,39.5,45.8,42.65,0.0,14.8,0.2989,0.6639,0.0052,-0.1467,0.9158,43.5784,60.4,0,0
LMT261218P00505000,LMT,2026-12-18,85,P,505.0,-3.85,525.21,17.8,19.2,18.5,18.23,7.6,0.2856,-0.3541,0.0052,-0.1532,0.9363,17.4523,38.8,5,2
LMT261218C00510000,LMT,2026-12-18,85,C,510.0,-2.9,525.21,36.9,40.9,38.9,34.74,10.3,0.2904,0.6366,0.0054,-0.1516,0.9394,39.8403,58.2,0,91
LMT261218P00510000,LMT,2026-12-18,85,P,510.0,-2.9,525.21,18.3,21.8,20.05,18.22,17.5,0.28,-0.3812,0.0054,-0.1563,0.9604,18.9126,41.3,0,74
LMT261218C00515000,LMT,2026-12-18,85,C,515.0,-1.94,525.21,33.7,39.8,36.75,37.58,16.6,0.2969,0.6091,0.0055,-0.1555,0.9652,37.6596,55.2,0,20
LMT261218P00515000,LMT,2026-12-18,85,P,515.0,-1.94,525.21,21.9,23.4,22.65,20.85,6.6,0.2845,-0.4086,0.0055,-0.1586,0.9773,21.4679,44.3,1,28
LMT261218C00520000,LMT,2026-12-18,85,C,520.0,-0.99,525.21,31.3,35.0,33.15,34.26,11.2,0.2873,0.581,0.0056,-0.1587,0.9784,34.0421,52.8,0,145
LMT261218P00520000,LMT,2026-12-18,85,P,520.0,-0.99,525.21,24.2,26.0,25.1,24.5,7.2,0.2854,-0.4364,0.0056,-0.1601,0.9908,23.8228,47.2,4,342
LMT261218C00525000,LMT,2026-12-18,85,C,525.0,-0.04,525.21,28.9,34.5,31.7,30.52,17.7,0.2982,0.5528,0.0057,-0.161,0.9943,32.5872,49.8,0,28
LMT261218P00525000,LMT,2026-12-18,85,P,525.0,-0.04,525.21,24.8,29.7,27.25,27.3,18.0,0.2813,-0.4644,0.0056,-0.1607,0.9996,25.8173,49.9,1,34
LMT261218C00530000,LMT,2026-12-18,85,C,530.0,0.91,525.21,26.3,32.0,29.15,30.0,19.6,0.2965,0.5246,0.0057,-0.1623,0.9993,30.0129,47.2,0,116
LMT261218P00530000,LMT,2026-12-18,85,P,530.0,0.91,525.21,27.1,31.5,29.3,29.4,15.0,0.2756,-0.4923,0.0057,-0.1605,1.0039,27.7809,52.6,2,129
LMT261218C00535000,LMT,2026-12-18,85,C,535.0,1.86,525.21,24.2,29.7,26.95,30.8,20.4,0.2972,0.4963,0.0057,-0.1628,1.0014,27.8095,44.6,0,49
LMT261218P00535000,LMT,2026-12-18,85,P,535.0,1.86,525.21,29.9,34.8,32.35,32.45,15.1,0.2783,-0.5201,0.0057,-0.1594,1.0008,30.7281,55.4,2,26
LMT261218C00540000,LMT,2026-12-18,85,C,540.0,2.82,525.21,21.9,26.9,24.4,24.59,20.5,0.2928,0.4685,0.0057,-0.1624,0.9991,25.219,42.0,1,56
LMT261218P00540000,LMT,2026-12-18,85,P,540.0,2.82,525.21,31.0,36.9,33.95,34.86,17.4,0.2651,-0.5476,0.0056,-0.1575,0.9973,32.2083,58.2,1,109
LMT261218C00545000,LMT,2026-12-18,85,C,545.0,3.77,525.21,20.0,24.8,22.4,27.4,21.4,0.2927,0.4409,0.0057,-0.1612,0.9914,23.1902,39.5,0,35
LMT261218P00545000,LMT,2026-12-18,85,P,545.0,3.77,525.21,34.0,40.5,37.25,37.25,17.4,0.2676,-0.5748,0.0056,-0.1548,0.987,35.413,61.0,0,8
LMT261218C00550000,LMT,2026-12-18,85,C,550.0,4.72,525.21,18.2,20.2,19.2,21.04,10.4,0.2791,0.4139,0.0056,-0.1592,0.9793,19.9468,36.7,15,269
LMT261218P00550000,LMT,2026-12-18,85,P,550.0,4.72,525.21,37.1,43.5,40.3,40.79,15.9,0.266,-0.6014,0.0055,-0.1512,0.9701,38.3428,63.7,1,264
LMT261218C00555000,LMT,2026-12-18,85,C,555.0,5.67,525.21,16.5,20.8,18.65,17.0,23.1,0.2913,0.3876,0.0055,-0.1565,0.9635,19.3838,34.6,0,25
LMT261218P00555000,LMT,2026-12-18,85,P,555.0,5.67,525.21,40.6,46.8,43.7,48.8,14.2,0.2669,-0.6274,0.0054,-0.1471,0.9555,41.6513,66.3,0,31
LMT261218C00560000,LMT,2026-12-18,85,C,560.0,6.62,525.21,14.9,19.1,17.0,16.63,24.7,0.291,0.3618,0.0054,-0.1531,0.9448,17.6995,32.3,0,87
LMT261218P00560000,LMT,2026-12-18,85,P,560.0,6.62,525.21,43.7,49.9,46.8,48.44,13.2,0.2631,-0.6526,0.0053,-0.1423,0.9305,44.6381,69.0,0,222
LMT261218C00565000,LMT,2026-12-18,85,C,565.0,7.58,525.21,13.6,16.9,15.25,15.4,21.6,0.2884,0.3371,0.0052,-0.1491,0.9197,15.9135,29.9,2,52
LMT261218P00565000,LMT,2026-12-18,85,P,565.0,7.58,525.21,47.3,53.0,50.15,55.37,11.4,0.2605,-0.677,0.0052,-0.1369,0.9054,47.8772,71.6,0,18
LMT261218C00570000,LMT,2026-12-18,85,C,570.0,8.53,525.21,12.4,13.5,12.95,14.1,8.5,0.2782,0.3132,0.0051,-0.1446,0.8942,13.5595,27.2,0,263
LMT261218P00570000,LMT,2026-12-18,85,P,570.0,8.53,525.21,51.1,56.8,53.95,52.6,10.6,0.2617,-0.7006,0.005,-0.1312,0.8805,51.5863,73.8,0,168
LMT261218C00575000,LMT,2026-12-18,85,C,575.0,9.48,525.21,11.2,12.2,11.7,12.95,8.5,0.2784,0.2902,0.0049,-0.1397,0.863,12.2834,25.1,1,75
LMT261218P00575000,LMT,2026-12-18,85,P,575.0,9.48,525.21,54.7,61.0,57.85,51.5,10.9,0.2628,-0.7231,0.0048,-0.1251,0.8421,55.3915,75.9,0,18
LMT261218C00580000,LMT,2026-12-18,85,C,580.0,10.43,525.21,9.9,11.1,10.5,11.6,11.4,0.2778,0.2685,0.0047,-0.1345,0.8332,11.0406,23.0,0,197
LMT261218P00580000,LMT,2026-12-18,85,P,580.0,10.43,525.21,60.0,64.2,62.1,54.6,6.8,0.2672,-0.7446,0.0047,-0.1187,0.8141,59.5675,77.7,0,361
LMT261218C00585000,LMT,2026-12-18,85,C,585.0,11.38,525.21,8.9,11.3,10.1,12.88,23.8,0.2861,0.2478,0.0045,-0.129,0.8014,10.6239,21.7,0,25
LMT261218P00585000,LMT,2026-12-18,85,P,585.0,11.38,525.21,62.5,69.3,65.9,63.17,10.3,0.2646,-0.7652,0.0045,-0.1125,0.7811,63.2592,79.8,0,10
LMT261218C00590000,LMT,2026-12-18,85,C,590.0,12.34,525.21,7.2,10.9,9.05,11.72,40.9,0.2854,0.2283,0.0043,-0.1234,0.7649,9.5381,19.9,0,45
LMT261218P00590000,LMT,2026-12-18,85,P,590.0,12.34,525.21,66.6,73.0,69.8,69.63,9.2,0.2618,-0.7847,0.0043,-0.1062,0.7359,67.0499,81.9,1,9
LMT261218C00595000,LMT,2026-12-18,85,C,595.0,13.29,525.21,7.1,8.3,7.7,9.13,15.6,0.2794,0.21,0.0041,-0.1177,0.7313,8.147,17.8,1,28
LMT261218P00595000,LMT,2026-12-18,85,P,595.0,13.29,525.21,70.8,77.8,74.3,75.71,9.4,0.2665,-0.8032,0.0042,-0.1002,0.7048,71.4813,83.2,0,37
LMT261218C00600000,LMT,2026-12-18,85,C,600.0,14.24,525.21,6.4,7.6,7.0,7.2,17.1,0.281,0.193,0.0039,-0.112,0.6974,7.4183,16.3,1,627
LMT261218P00600000,LMT,2026-12-18,85,P,600.0,14.24,525.21,77.0,81.6,79.3,79.83,5.8,0.2782,-0.8207,0.004,-0.0946,0.6685,76.448,83.9,0,45
LMT261218C00605000,LMT,2026-12-18,85,C,605.0,15.19,525.21,5.3,11.0,8.15,8.6,69.9,0.3088,0.1772,0.0037,-0.1064,0.6599,8.5913,16.8,0,13
LMT261218P00605000,LMT,2026-12-18,85,P,605.0,15.19,525.21,79.3,86.5,82.9,72.75,8.7,0.2666,-0.8371,0.0038,-0.0891,0.6216,79.8852,86.2,0,5
LMT261218C00610000,LMT,2026-12-18,85,C,610.0,16.14,525.21,4.4,7.6,6.0,5.8,53.3,0.2877,0.1626,0.0035,-0.1009,0.6266,6.3732,14.0,0,83
LMT261218P00610000,LMT,2026-12-18,85,P,610.0,16.14,525.21,83.7,90.9,87.3,88.0,8.2,0.2664,-0.8527,0.0037,-0.0845,0.5862,84.1795,87.6,0,3
LMT261218C00615000,LMT,2026-12-18,85,C,615.0,17.1,525.21,4.1,6.7,5.4,5.74,48.1,0.2883,0.1491,0.0033,-0.0955,0.5935,5.7483,12.8,0,23
LMT261218P00615000,LMT,2026-12-18,85,P,615.0,17.1,525.21,88.1,95.4,91.75,83.07,8.0,0.2656,-0.8676,0.0036,-0.0806,0.5495,88.5065,88.9,0,17
LMT261218C00620000,LMT,2026-12-18,85,C,620.0,18.05,525.21,3.7,5.9,4.8,4.93,45.8,0.2878,0.1369,0.0031,-0.0904,0.5588,5.116,11.6,0,143
LMT261218P00620000,LMT,2026-12-18,85,P,620.0,18.05,525.21,92.6,99.3,95.95,90.9,7.0,0.2566,-0.8814,0.0035,-0.0767,0.5054,92.487,90.8,0,58
LMT261218C00625000,LMT,2026-12-18,85,C,625.0,19.0,525.21,3.3,5.4,4.35,4.55,48.3,0.2892,0.1257,0.0029,-0.0856,0.5286,4.6466,10.6,0,36
LMT261218P00625000,LMT,2026-12-18,85,P,625.0,19.0,525.21,97.2,103.7,100.45,74.49,6.5,0.2505,-0.8944,0.0034,-0.0732,0.462,96.7388,92.3,0,25
LMT261218C00630000,LMT,2026-12-18,85,C,630.0,19.95,525.21,3.3,4.6,3.95,4.2,32.9,0.2907,0.1154,0.0027,-0.0809,0.4993,4.2251,9.7,1,120
LMT261218P00630000,LMT,2026-12-18,85,P,630.0,19.95,525.21,102.0,109.2,105.6,56.09,6.8,0.2648,-0.9067,0.0032,-0.0696,0.4272,101.9318,92.1,0,31
LMT261218C00635000,LMT,2026-12-18,85,C,635.0,20.9,525.21,2.75,4.3,3.525,3.4,44.0,0.2909,0.1061,0.0025,-0.0766,0.4689,3.7791,8.8,0,112
LMT261218P00635000,LMT,2026-12-18,85,P,635.0,20.9,525.21,106.5,113.0,109.75,82.69,5.9,0.0,-0.9184,0.0031,-0.068,0.3845,,,0,2
LMT261218C00640000,LMT,2026-12-18,85,C,640.0,21.86,525.21,2.65,3.9,3.275,3.3,38.2,0.2941,0.0977,0.0024,-0.0725,0.4428,3.5125,8.1,3,133
LMT261218P00640000,LMT,2026-12-18,85,P,640.0,21.86,525.21,111.2,118.3,114.75,105.4,6.2,0.0,-0.9289,0.003,-0.065,0.3419,,,0,41
LMT261218C00645000,LMT,2026-12-18,85,C,645.0,22.81,525.21,2.2,3.0,2.6,3.03,30.8,0.2863,0.0901,0.0022,-0.0686,0.4182,2.8056,6.8,2,142
LMT261218P00645000,LMT,2026-12-18,85,P,645.0,22.81,525.21,116.0,123.2,119.6,67.7,6.0,0.0,-0.9387,0.0028,-0.0606,0.3067,,,0,4
LMT261218C00650000,LMT,2026-12-18,85,C,650.0,23.76,525.21,1.6,3.4,2.5,2.05,72.0,0.2918,0.0832,0.0021,-0.0651,0.394,2.6962,6.4,0,103
LMT261218P00650000,LMT,2026-12-18,85,P,650.0,23.76,525.21,121.0,128.2,124.6,97.15,5.8,0.0,-0.9505,0.0031,-0.0548,0.2733,,,0,29
LMT261218C00655000,LMT,2026-12-18,85,C,655.0,24.71,525.21,1.7,3.2,2.45,2.5,61.2,0.2984,0.0769,0.0019,-0.0617,0.3711,2.6388,6.2,0,9
LMT261218P00655000,LMT,2026-12-18,85,P,655.0,24.71,525.21,126.0,132.8,129.4,98.6,5.3,0.0,-0.9606,0.0032,-0.0483,0.2296,,,0,2
LMT270115C00400000,LMT,2027-01-15,113,C,400.0,-23.84,525.21,127.4,134.8,131.1,126.0,5.6,0.3453,0.9609,0.001,-0.0094,0.2584,132.7965,91.7,0,135
LMT270115P00400000,LMT,2027-01-15,113,P,400.0,-23.84,525.21,1.3,2.75,2.025,1.4,71.6,0.3212,-0.0454,0.0011,-0.0373,0.2841,1.9174,6.6,0,1027
LMT270115C00410000,LMT,2027-01-15,113,C,410.0,-21.94,525.21,118.8,125.0,121.9,131.0,5.1,0.3399,0.9492,0.0012,-0.0184,0.3076,123.6245,90.0,0,67
LMT270115P00410000,LMT,2027-01-15,113,P,410.0,-21.94,525.21,1.5,2.9,2.2,2.22,63.6,0.3035,-0.0573,0.0013,-0.0441,0.3426,2.0778,7.3,0,197
LMT270115C00420000,LMT,2027-01-15,113,C,420.0,-20.03,525.21,109.2,116.0,112.6,165.64,6.0,0.329,0.9342,0.0015,-0.0286,0.3802,114.3512,88.4,0,108
LMT270115P00420000,LMT,2027-01-15,113,P,420.0,-20.03,525.21,1.2,4.1,2.65,3.5,109.4,0.2927,-0.0724,0.0016,-0.0521,0.4066,2.496,8.6,0,237
LMT270115C00430000,LMT,2027-01-15,113,C,430.0,-18.13,525.21,100.0,106.9,103.45,110.2,6.7,0.3187,0.9155,0.0019,-0.0399,0.4608,105.2098,86.6,0,197
LMT270115P00430000,LMT,2027-01-15,113,P,430.0,-18.13,525.21,2.95,4.6,3.775,4.1,43.7,0.2948,-0.0911,0.0019,-0.0613,0.4833,3.5574,11.3,0,168
LMT270115C00440000,LMT,2027-01-15,113,C,440.0,-16.22,525.21,91.4,97.9,94.65,112.7,6.9,0.3119,0.8929,0.0022,-0.052,0.5476,96.3976,84.2,0,33
LMT270115P00440000,LMT,2027-01-15,113,P,440.0,-16.22,525.21,4.0,5.6,4.8,4.45,33.3,0.2895,-0.1138,0.0023,-0.0713,0.5691,4.5258,13.7,0,190
LMT270115C00450000,LMT,2027-01-15,113,C,450.0,-14.32,525.21,82.9,89.4,86.15,87.3,7.5,0.3065,0.8661,0.0026,-0.0644,0.6389,87.8776,81.4,0,96
LMT270115P00450000,LMT,2027-01-15,113,P,450.0,-14.32,525.21,4.9,7.2,6.05,7.0,38.0,0.2841,-0.1406,0.0027,-0.0819,0.6535,5.7011,16.4,0,326
LMT270115C00460000,LMT,2027-01-15,113,C,460.0,-12.42,525.21,74.7,79.8,77.25,78.58,6.6,0.2921,0.8353,0.003,-0.0769,0.7295,78.9478,79.1,1,132
LMT270115P00460000,LMT,2027-01-15,113,P,460.0,-12.42,525.21,7.0,8.4,7.7,7.6,18.2,0.2806,-0.1717,0.0031,-0.0927,0.7441,7.2548,19.8,0,359
LMT270115C00470000,LMT,2027-01-15,113,C,470.0,-10.51,525.21,67.4,73.4,70.4,75.9,8.5,0.3007,0.8005,0.0034,-0.0889,0.818,72.0379,74.4,0,116
LMT270115P00470000,LMT,2027-01-15,113,P,470.0,-10.51,525.21,9.7,10.8,10.25,10.1,10.7,0.2841,-0.2069,0.0035,-0.1032,0.8349,9.684,24.1,0,319
LMT270115C00480000,LMT,2027-01-15,113,C,480.0,-8.61,525.21,60.0,65.8,62.9,70.02,9.2,0.296,0.762,0.0038,-0.1002,0.9034,64.4717,70.5,0,144
LMT270115P00480000,LMT,2027-01-15,113,P,480.0,-8.61,525.21,12.0,13.2,12.6,12.3,9.5,0.2816,-0.246,0.0039,-0.113,0.9163,12.0566,28.3,4,313
LMT270115C00490000,LMT,2027-01-15,113,C,490.0,-6.7,525.21,53.1,57.4,55.25,59.9,7.8,0.286,0.7201,0.0042,-0.1103,0.9816,56.7433,66.8,0,121
LMT270115P00490000,LMT,2027-01-15,113,P,490.0,-6.7,525.21,15.1,16.4,15.75,14.25,8.3,0.2803,-0.2889,0.0043,-0.1216,0.9913,14.947,32.8,0,279
LMT270115C00500000,LMT,2027-01-15,113,C,500.0,-4.8,525.21,46.0,50.0,48.0,50.9,8.3,0.2767,0.6753,0.0045,-0.1189,1.0478,49.408,62.7,3,1012
LMT270115P00500000,LMT,2027-01-15,113,P,500.0,-4.8,525.21,18.5,19.9,19.2,19.1,7.3,0.278,-0.3349,0.0046,-0.1287,1.0559,18.1798,37.4,0,575
LMT270115C00510000,LMT,2027-01-15,113,C,510.0,-2.9,525.21,40.2,46.4,43.3,47.68,14.3,0.2871,0.6282,0.0047,-0.1257,1.1004,44.6057,57.2,0,154
LMT270115P00510000,LMT,2027-01-15,113,P,510.0,-2.9,525.21,22.3,24.1,23.2,22.48,7.8,0.2769,-0.3834,0.0049,-0.134,1.1055,21.9984,42.3,1,625
LMT270115C00520000,LMT,2027-01-15,113,C,520.0,-0.99,525.21,34.7,37.8,36.25,41.38,8.6,0.2717,0.5796,0.0049,-0.1306,1.1368,37.4414,52.9,0,316
LMT270115P00520000,LMT,2027-01-15,113,P,520.0,-0.99,525.21,26.8,28.4,27.6,30.69,5.8,0.2748,-0.4335,0.0051,-0.137,1.1371,26.1842,47.2,0,202
LMT270115C00530000,LMT,2027-01-15,113,C,530.0,0.91,525.21,30.2,34.2,32.2,33.03,12.4,0.2788,0.5303,0.005,-0.1334,1.1561,33.291,47.8,3,319
LMT270115P00530000,LMT,2027-01-15,113,P,530.0,0.91,525.21,31.8,33.5,32.65,34.78,5.2,0.2741,-0.4844,0.0052,-0.1378,1.1519,31.0129,52.2,0,520
LMT270115C00540000,LMT,2027-01-15,113,C,540.0,2.82,525.21,26.6,27.7,27.15,27.9,4.1,0.273,0.4812,0.005,-0.134,1.1581,28.1351,43.0,6,265
LMT270115P00540000,LMT,2027-01-15,113,P,540.0,2.82,525.21,37.2,39.0,38.1,37.0,4.7,0.2725,-0.5352,0.0052,-0.1363,1.1463,36.2209,57.0,0,156
LMT270115C00550000,LMT,2027-01-15,113,C,550.0,4.72,525.21,22.0,23.7,22.85,24.5,7.4,0.2696,0.4331,0.005,-0.1326,1.1433,23.7323,38.2,15,371
LMT270115P00550000,LMT,2027-01-15,113,P,550.0,4.72,525.21,40.5,45.5,43.0,48.4,11.6,0.2617,-0.5849,0.0051,-0.1325,1.1269,40.8433,62.0,0,1527
LMT270115C00560000,LMT,2027-01-15,113,C,560.0,6.62,525.21,18.5,20.5,19.5,20.8,10.3,0.2705,0.3867,0.0049,-0.1293,1.1134,20.2833,33.8,2,120
LMT270115P00560000,LMT,2027-01-15,113,P,560.0,6.62,525.21,46.7,51.9,49.3,51.28,10.5,0.2587,-0.6326,0.005,-0.1266,1.0885,46.8577,66.7,0,152
LMT270115C00570000,LMT,2027-01-15,113,C,570.0,8.53,525.21,15.9,17.1,16.5,17.4,7.3,0.2704,0.3427,0.0047,-0.1244,1.0704,17.1475,29.6,1,154
LMT270115P00570000,LMT,2027-01-15,113,P,570.0,8.53,525.21,54.5,58.9,56.7,50.82,7.8,0.2618,-0.6777,0.0048,-0.119,1.0347,53.9951,70.9,0,110
LMT270115C00580000,LMT,2027-01-15,113,C,580.0,10.43,525.21,12.9,14.4,13.65,14.87,11.0,0.2688,0.3017,0.0044,-0.1183,1.0162,14.2563,25.6,1,247
LMT270115P00580000,LMT,2027-01-15,113,P,580.0,10.43,525.21,64.0,66.2,65.1,69.7,3.4,0.2715,-0.7196,0.0045,-0.1102,0.9759,62.1855,74.2,0,121
LMT270115C00590000,LMT,2027-01-15,113,C,590.0,12.34,525.21,10.9,12.2,11.55,11.67,11.3,0.2706,0.2641,0.0041,-0.1113,0.9552,12.0778,22.2,0,198
LMT270115P00590000,LMT,2027-01-15,113,P,590.0,12.34,525.21,69.0,75.0,72.0,54.05,8.3,0.2615,-0.7579,0.0042,-0.1006,0.9052,68.7357,78.4,0,113
LMT270115C00600000,LMT,2027-01-15,113,C,600.0,14.24,525.21,9.0,10.3,9.65,10.53,13.5,0.2714,0.2301,0.0038,-0.1038,0.8887,10.1171,19.1,5,781
LMT270115P00600000,LMT,2027-01-15,113,P,600.0,14.24,525.21,77.1,83.4,80.25,78.09,7.9,0.2624,-0.7926,0.0039,-0.091,0.8311,76.7242,81.6,0,121
LMT270115C00610000,LMT,2027-01-15,113,C,610.0,16.14,525.21,7.9,8.7,8.3,8.87,9.6,0.2754,0.1999,0.0035,-0.0962,0.8204,8.7072,16.5,1,168
LMT270115P00610000,LMT,2027-01-15,113,P,610.0,16.14,525.21,86.9,92.0,89.45,42.5,5.7,0.2723,-0.8239,0.0036,-0.0825,0.7519,85.7326,83.7,0,46
LMT270115C00620000,LMT,2027-01-15,113,C,620.0,18.05,525.21,6.2,7.2,6.7,7.4,14.9,0.2734,0.1733,0.0032,-0.0886,0.7528,7.0482,13.9,1,269
LMT270115P00620000,LMT,2027-01-15,113,P,620.0,18.05,525.21,94.0,100.8,97.4,97.4,7.0,0.2607,-0.8522,0.0034,-0.0755,0.6694,93.2731,87.1,0,57
LMT270115C00630000,LMT,2027-01-15,113,C,630.0,19.95,525.21,5.2,7.1,6.15,6.0,30.9,0.2832,0.1503,0.0029,-0.0813,0.6871,6.4682,12.4,1,113
LMT270115P00630000,LMT,2027-01-15,113,P,630.0,19.95,525.21,103.0,108.9,105.95,101.2,5.6,0.2499,-0.8777,0.0032,-0.0697,0.5924,101.3154,90.1,0,19
LMT270115C00640000,LMT,2027-01-15,113,C,640.0,21.86,525.21,4.4,5.2,4.8,5.4,16.7,0.2789,0.1305,0.0026,-0.0746,0.6259,5.0682,10.2,1,298
LMT270115P00640000,LMT,2027-01-15,113,P,640.0,21.86,525.21,112.1,119.0,115.55,66.2,6.0,0.2553,-0.9012,0.0031,-0.0656,0.5045,110.5989,91.5,0,27
LMT270115C00650000,LMT,2027-01-15,113,C,650.0,23.76,525.21,3.3,5.0,4.15,3.94,41.0,0.2831,0.1136,0.0023,-0.0683,0.5687,4.384,8.8,0,487
LMT270115P00650000,LMT,2027-01-15,113,P,650.0,23.76,525.21,121.6,128.7,125.15,141.0,5.7,0.2564,-0.9218,0.0029,-0.063,0.4301,119.7731,93.0,0,130
LMT270319C00400000,LMT,2027-03-19,176,C,400.0,-23.84,525.21,131.4,138.3,134.85,146.5,5.1,0.327,0.9316,0.0012,-0.025,0.4948,137.6816,87.9,0,5
LMT270319P00400000,LMT,2027-03-19,176,P,400.0,-23.84,525.21,3.4,4.8,4.1,4.4,34.1,0.3062,-0.0777,0.0013,-0.0447,0.5334,3.7522,10.3,0,107
LMT270319C00410000,LMT,2027-03-19,176,C,410.0,-21.94,525.21,122.9,129.4,126.15,177.5,5.2,0.3241,0.9166,0.0014,-0.0323,0.5629,128.9876,85.8,0,19
LMT270319P00410000,LMT,2027-03-19,176,P,410.0,-21.94,525.21,3.7,7.7,5.7,5.2,70.2,0.3126,-0.0934,0.0015,-0.0507,0.6089,5.2435,13.1,0,47
LMT270319C00415000,LMT,2027-03-19,176,C,415.0,-20.98,525.21,119.4,125.1,122.25,174.1,4.7,0.328,0.9082,0.0016,-0.0361,0.5978,125.0709,84.3,0,3
LMT270319P00415000,LMT,2027-03-19,176,P,415.0,-20.98,525.21,5.2,6.3,5.75,5.8,19.1,0.3023,-0.1022,0.0016,-0.0539,0.6511,5.2729,13.4,2,16
LMT270319C00420000,LMT,2027-03-19,176,C,420.0,-20.03,525.21,114.8,120.7,117.75,150.84,5.0,0.3223,0.8991,0.0017,-0.0401,0.6588,120.5611,83.5,0,7
LMT270319P00420000,LMT,2027-03-19,176,P,420.0,-20.03,525.21,5.9,6.8,6.35,6.4,14.2,0.3002,-0.1117,0.0018,-0.0571,0.6943,5.8225,14.4,1,50
LMT270319C00425000,LMT,2027-03-19,176,C,425.0,-19.08,525.21,109.7,116.4,113.05,0.0,5.9,0.3136,0.8892,0.0018,-0.0441,0.6937,115.8516,82.9,0,0
LMT270319P00425000,LMT,2027-03-19,176,P,425.0,-19.08,525.21,2.3,8.5,5.4,0.0,114.8,0.2751,-0.1219,0.0019,-0.0605,0.7362,4.9056,13.3,0,0
LMT270319C00430000,LMT,2027-03-19,176,C,430.0,-18.13,525.21,105.4,112.2,108.8,149.19,6.2,0.3108,0.8788,0.0019,-0.0482,0.7272,111.6001,81.8,0,12
LMT270319P00430000,LMT,2027-03-19,176,P,430.0,-18.13,525.21,3.2,12.2,7.7,4.4,116.9,0.2962,-0.1327,0.002,-0.0639,0.7805,7.0745,16.8,0,36
LMT270319C00435000,LMT,2027-03-19,176,C,435.0,-17.18,525.21,101.3,108.1,104.7,156.7,6.5,0.309,0.8677,0.0021,-0.0524,0.7938,107.4757,80.5,0,4
LMT270319P00435000,LMT,2027-03-19,176,P,435.0,-17.18,525.21,7.2,13.0,10.1,6.3,57.4,0.3138,-0.1442,0.0021,-0.0673,0.8265,9.3505,19.9,0,5
LMT270319C00440000,LMT,2027-03-19,176,C,440.0,-16.22,525.21,97.4,104.0,100.7,122.75,6.6,0.3078,0.8558,0.0022,-0.0565,0.8323,103.4591,79.1,0,3
LMT270319P00440000,LMT,2027-03-19,176,P,440.0,-16.22,525.21,8.8,9.9,9.35,9.12,11.8,0.293,-0.1564,0.0023,-0.0708,0.872,8.5973,19.4,0,24
LMT270319C00445000,LMT,2027-03-19,176,C,445.0,-15.27,525.21,93.3,100.1,96.7,0.0,7.0,0.306,0.8432,0.0023,-0.0607,0.8686,99.4522,77.8,0,0
LMT270319P00445000,LMT,2027-03-19,176,P,445.0,-15.27,525.21,8.9,11.7,10.3,11.15,27.2,0.2918,-0.1693,0.0024,-0.0742,0.9142,9.4824,20.8,0,9
LMT270319C00450000,LMT,2027-03-19,176,C,450.0,-14.32,525.21,88.9,95.7,92.3,168.1,7.4,0.2992,0.8301,0.0025,-0.0648,0.9169,95.0364,76.8,0,7
LMT270319P00450000,LMT,2027-03-19,176,P,450.0,-14.32,525.21,10.3,12.0,11.15,11.0,15.2,0.2888,-0.1827,0.0025,-0.0775,0.9603,10.2698,22.2,0,112
LMT270319C00455000,LMT,2027-03-19,176,C,455.0,-13.37,525.21,85.6,92.2,88.9,94.6,7.4,0.3021,0.8163,0.0026,-0.0688,0.9715,91.5947,74.9,0,13
LMT270319P00455000,LMT,2027-03-19,176,P,455.0,-13.37,525.21,11.4,13.1,12.25,12.4,13.9,0.2877,-0.1968,0.0027,-0.0808,1.0047,11.2924,23.7,0,9
LMT270319C00460000,LMT,2027-03-19,176,C,460.0,-12.42,525.21,81.8,86.1,83.95,96.1,5.1,0.2889,0.8018,0.0027,-0.0728,1.0082,86.6164,74.4,0,11
LMT270319P00460000,LMT,2027-03-19,176,P,460.0,-12.42,525.21,12.4,14.3,13.35,14.5,14.2,0.2859,-0.2116,0.0028,-0.0841,1.0464,12.3177,25.3,0,24
LMT270319C00465000,LMT,2027-03-19,176,C,465.0,-11.46,525.21,78.0,84.7,81.35,76.9,8.2,0.2984,0.7868,0.0029,-0.0766,1.0423,84.0178,71.8,0,1
LMT270319P00465000,LMT,2027-03-19,176,P,465.0,-11.46,525.21,13.4,15.4,14.4,0.0,13.9,0.283,-0.2269,0.0029,-0.0872,1.0891,13.2977,26.8,0,0
LMT270319C00470000,LMT,2027-03-19,176,C,470.0,-10.51,525.21,74.6,78.7,76.65,80.4,5.3,0.287,0.7712,0.003,-0.0803,1.1038,79.2808,71.0,0,16
LMT270319P00470000,LMT,2027-03-19,176,P,470.0,-10.51,525.21,14.4,17.0,15.7,16.7,16.6,0.2816,-0.2428,0.0031,-0.0902,1.131,14.5034,28.5,0,53
LMT270319C00475000,LMT,2027-03-19,176,C,475.0,-9.56,525.21,71.3,77.7,74.5,78.0,8.6,0.2979,0.755,0.0031,-0.0839,1.1382,77.0906,68.3,0,1
LMT270319P00475000,LMT,2027-03-19,176,P,475.0,-9.56,525.21,16.2,19.9,18.05,17.62,20.5,0.2886,-0.2593,0.0032,-0.093,1.1704,16.7403,30.9,0,37
LMT270319C00480000,LMT,2027-03-19,176,C,480.0,-8.61,525.21,67.6,73.5,70.55,78.6,8.4,0.2922,0.7382,0.0032,-0.0872,1.1702,73.109,66.9,0,6
LMT270319P00480000,LMT,2027-03-19,176,P,480.0,-8.61,525.21,17.6,22.8,20.2,20.6,25.7,0.2927,-0.2763,0.0033,-0.0957,1.2051,18.7889,33.1,0,80
LMT270319C00485000,LMT,2027-03-19,176,C,485.0,-7.66,525.21,64.6,69.6,67.1,71.9,7.5,0.2902,0.7209,0.0033,-0.0905,1.2196,69.6291,65.2,0,4
LMT270319P00485000,LMT,2027-03-19,176,P,485.0,-7.66,525.21,19.1,22.8,20.95,19.7,17.7,0.2845,-0.2938,0.0034,-0.0982,1.2416,19.4597,34.4,0,5
LMT270319C00490000,LMT,2027-03-19,176,C,490.0,-6.7,525.21,61.9,64.9,63.4,69.0,4.7,0.287,0.7032,0.0034,-0.0935,1.2513,66.077,63.5,0,14
LMT270319P00490000,LMT,2027-03-19,176,P,490.0,-6.7,525.21,20.5,23.4,21.95,25.1,13.2,0.2779,-0.3118,0.0035,-0.1006,1.2738,20.3686,35.8,0,157
LMT270319C00495000,LMT,2027-03-19,176,C,495.0,-5.75,525.21,58.0,62.1,60.05,63.8,6.8,0.2829,0.685,0.0036,-0.0962,1.2786,62.482,61.8,0,11
LMT270319P00495000,LMT,2027-03-19,176,P,495.0,-5.75,525.21,22.1,25.2,23.65,26.92,13.1,0.2763,-0.3303,0.0036,-0.1027,1.3038,21.9693,37.7,0,7
LMT270319C00500000,LMT,2027-03-19,176,C,500.0,-4.8,525.21,55.8,61.4,58.6,65.0,9.6,0.2944,0.6664,0.0036,-0.0988,1.3028,61.0143,59.2,0,22
LMT270319P00500000,LMT,2027-03-19,176,P,500.0,-4.8,525.21,24.9,27.4,26.15,25.82,9.6,0.28,-0.3491,0.0037,-0.1046,1.3309,24.3537,39.9,0,100
LMT270319C00505000,LMT,2027-03-19,176,C,505.0,-3.85,525.21,51.6,55.7,53.65,53.8,7.6,0.2784,0.6475,0.0037,-0.1011,1.341,56.0031,58.2,1,4
LMT270319P00505000,LMT,2027-03-19,176,P,505.0,-3.85,525.21,26.2,29.5,27.85,30.9,11.8,0.2769,-0.3683,0.0038,-0.1063,1.3559,25.9447,41.8,0,12
LMT270319C00510000,LMT,2027-03-19,176,C,510.0,-2.9,525.21,49.9,54.1,52.0,55.0,8.1,0.2864,0.6284,0.0038,-0.1031,1.3612,54.2958,55.8,0,238
LMT270319P00510000,LMT,2027-03-19,176,P,510.0,-2.9,525.21,29.5,31.7,30.6,32.9,7.2,0.2808,-0.3878,0.0039,-0.1078,1.3774,28.5758,44.0,0,66
LMT270319C00515000,LMT,2027-03-19,176,C,515.0,-1.94,525.21,47.3,50.1,48.7,52.0,5.7,0.2816,0.609,0.0039,-0.1049,1.3785,50.9394,54.0,0,24
LMT270319P00515000,LMT,2027-03-19,176,P,515.0,-1.94,525.21,30.6,33.8,32.2,35.75,9.9,0.2756,-0.4074,0.0039,-0.109,1.3942,30.0564,45.7,0,36
LMT270319C00520000,LMT,2027-03-19,176,C,520.0,-0.99,525.21,44.1,47.5,45.8,48.05,7.4,0.2792,0.5894,0.0039,-0.1064,1.402,47.999,52.2,1,340
LMT270319P00520000,LMT,2027-03-19,176,P,520.0,-0.99,525.21,34.0,35.5,34.75,34.4,4.3,0.2766,-0.4274,0.004,-0.11,1.4088,32.4887,47.8,1,69
LMT270319C00525000,LMT,2027-03-19,176,C,525.0,-0.04,525.21,42.1,44.5,43.3,39.0,5.5,0.2788,0.5698,0.004,-0.1076,1.4138,45.4325,50.2,0,184
LMT270319P00525000,LMT,2027-03-19,176,P,525.0,-0.04,525.21,36.6,38.2,37.4,39.85,4.3,0.2775,-0.4474,0.004,-0.1107,1.4196,35.008,49.8,0,18
LMT270319C00530000,LMT,2027-03-19,176,C,530.0,0.91,525.21,39.5,42.9,41.2,41.22,8.3,0.2747,0.5501,0.004,-0.1085,1.4226,42.4287,48.3,0,39
LMT270319P00530000,LMT,2027-03-19,176,P,530.0,0.91,525.21,39.2,40.9,40.05,39.1,4.2,0.2777,-0.4675,0.0041,-0.1112,1.4269,37.5258,51.7,3,32
LMT270319C00535000,LMT,2027-03-19,176,C,535.0,1.86,525.21,37.3,39.1,38.2,43.5,4.7,0.2748,0.5304,0.004,-0.1092,1.4284,40.1209,46.4,0,4
LMT270319P00535000,LMT,2027-03-19,176,P,535.0,1.86,525.21,41.0,43.3,42.15,42.8,5.5,0.2734,-0.4876,0.0041,-0.1114,1.4298,39.4882,53.6,6,43
LMT270319C00540000,LMT,2027-03-19,176,C,540.0,2.82,525.21,34.7,37.9,36.3,38.0,8.8,0.2774,0.5109,0.004,-0.1095,1.4345,38.272,44.4,1,35
LMT270319P00540000,LMT,2027-03-19,176,P,540.0,2.82,525.21,44.5,47.3,45.9,45.7,6.1,0.28,-0.5077,0.0042,-0.1113,1.4294,43.1242,55.6,3,58
LMT270319C00545000,LMT,2027-03-19,176,C,545.0,3.77,525.21,32.4,35.6,34.0,35.7,9.4,0.2757,0.4915,0.004,-0.1096,1.4343,35.8924,42.5,0,18
LMT270319P00545000,LMT,2027-03-19,176,P,545.0,3.77,525.21,44.3,50.0,47.15,47.5,12.1,0.2684,-0.5277,0.0042,-0.1109,1.4268,44.2093,57.5,0,134
LMT270319C00550000,LMT,2027-03-19,176,C,550.0,4.72,525.21,30.6,32.7,31.65,33.8,6.6,0.2732,0.4722,0.004,-0.1094,1.4313,33.4886,40.7,1,160
LMT270319P00550000,LMT,2027-03-19,176,P,550.0,4.72,525.21,46.7,52.5,49.6,53.99,11.7,0.2644,-0.5476,0.0042,-0.1103,1.4182,46.4933,59.4,0,63
LMT270319C00555000,LMT,2027-03-19,176,C,555.0,5.67,525.21,28.9,31.5,30.2,31.5,8.6,0.2764,0.453,0.004,-0.109,1.4242,32.0033,38.9,0,11
LMT270319P00555000,LMT,2027-03-19,176,P,555.0,5.67,525.21,50.5,54.9,52.7,49.7,8.3,0.2643,-0.5673,0.0042,-0.1095,1.41,49.4391,61.3,0,13
LMT270319C00560000,LMT,2027-03-19,176,C,560.0,6.62,525.21,27.8,28.7,28.25,30.1,3.2,0.277,0.4343,0.004,-0.1083,1.4152,30.2276,37.1,0,46
LMT270319P00560000,LMT,2027-03-19,176,P,560.0,6.62,525.21,56.4,58.4,57.4,56.0,3.5,0.2761,-0.5867,0.0041,-0.1083,1.3937,54.1903,62.9,0,29
LMT270319C00565000,LMT,2027-03-19,176,C,565.0,7.58,525.21,25.4,27.4,26.4,28.3,7.6,0.2742,0.4159,0.004,-0.1074,1.4039,28.0505,35.3,0,33
LMT270319P00565000,LMT,2027-03-19,176,P,565.0,7.58,525.21,59.6,61.4,60.5,59.0,3.0,0.2737,-0.6058,0.0041,-0.107,1.3773,56.9759,64.7,0,10
LMT270319C00570000,LMT,2027-03-19,176,C,570.0,8.53,525.21,24.0,25.4,24.7,26.0,5.7,0.2752,0.3977,0.0039,-0.1063,1.3902,26.5032,33.6,1,50
LMT270319P00570000,LMT,2027-03-19,176,P,570.0,8.53,525.21,63.0,64.8,63.9,64.3,2.8,0.2738,-0.6247,0.0041,-0.1053,1.3572,60.2063,66.4,1,24
LMT270319C00575000,LMT,2027-03-19,176,C,575.0,9.48,525.21,21.9,24.1,23.0,24.9,9.6,0.2726,0.3799,0.0039,-0.105,1.3691,24.5312,31.9,0,30
LMT270319P00575000,LMT,2027-03-19,176,P,575.0,9.48,525.21,66.1,69.3,67.7,53.5,4.7,0.2765,-0.6432,0.004,-0.1035,1.3362,63.8829,68.0,0,11
LMT270319C00580000,LMT,2027-03-19,176,C,580.0,10.43,525.21,21.0,22.2,21.6,22.7,5.6,0.2775,0.3627,0.0038,-0.1034,1.3504,23.6845,30.5,0,47
LMT270319P00580000,LMT,2027-03-19,176,P,580.0,10.43,525.21,66.6,72.2,69.4,60.45,8.1,0.2623,-0.6612,0.004,-0.1014,1.308,65.3026,70.2,0,14
LMT270319C00585000,LMT,2027-03-19,176,C,585.0,11.38,525.21,19.3,22.0,20.65,21.9,13.1,0.2764,0.3458,0.0037,-0.1017,1.3301,22.0788,28.9,0,16
LMT270319P00585000,LMT,2027-03-19,176,P,585.0,11.38,525.21,73.1,76.3,74.7,73.6,4.3,0.2753,-0.6789,0.0039,-0.0991,1.2792,70.5439,71.2,0,12
LMT270319C00590000,LMT,2027-03-19,176,C,590.0,12.34,525.21,18.3,20.3,19.3,20.15,10.4,0.2762,0.3294,0.0037,-0.0999,1.3081,20.673,27.4,0,88
LMT270319P00590000,LMT,2027-03-19,176,P,590.0,12.34,525.21,74.0,79.6,76.8,67.92,7.3,0.2623,-0.696,0.0038,-0.0966,1.2507,72.3451,73.4,0,24
LMT270319C00595000,LMT,2027-03-19,176,C,595.0,13.29,525.21,16.8,18.5,17.65,19.5,9.6,0.273,0.3135,0.0036,-0.0979,1.2767,18.9473,25.7,0,45
LMT270319P00595000,LMT,2027-03-19,176,P,595.0,13.29,525.21,80.3,83.7,82.0,53.9,4.1,0.2739,-0.7127,0.0038,-0.094,1.2202,77.4889,74.2,0,7
LMT270319C00600000,LMT,2027-03-19,176,C,600.0,14.24,525.21,16.3,18.1,17.2,18.2,10.5,0.2772,0.2982,0.0035,-0.0958,1.251,18.2584,24.6,0,66
LMT270319P00600000,LMT,2027-03-19,176,P,600.0,14.24,525.21,84.3,87.1,85.7,78.5,3.3,0.2738,-0.7288,0.0037,-0.0912,1.1836,81.15,75.6,0,17
LMT270319C00605000,LMT,2027-03-19,176,C,605.0,15.19,525.21,14.8,18.4,16.6,16.3,21.7,0.283,0.2834,0.0034,-0.0937,1.2245,17.8187,23.6,0,35
LMT270319P00605000,LMT,2027-03-19,176,P,605.0,15.19,525.21,85.7,91.5,88.6,57.5,6.5,0.2634,-0.7444,0.0036,-0.0883,1.1476,83.5993,77.6,0,5
LMT270319C00610000,LMT,2027-03-19,176,C,610.0,16.14,525.21,13.8,16.9,15.35,16.1,20.2,0.2837,0.269,0.0033,-0.0914,1.1969,16.7803,22.4,0,76
LMT270319P00610000,LMT,2027-03-19,176,P,610.0,16.14,525.21,89.7,95.3,92.5,53.6,6.1,0.2622,-0.7594,0.0035,-0.0853,1.1105,87.2947,79.0,0,12
LMT270319C00615000,LMT,2027-03-19,176,C,615.0,17.1,525.21,13.1,14.5,13.8,14.3,10.1,0.2769,0.2554,0.0032,-0.0891,1.16,14.8949,20.7,0,15
LMT270319P00615000,LMT,2027-03-19,176,P,615.0,17.1,525.21,93.9,100.2,97.05,69.51,6.5,0.2666,-0.7739,0.0034,-0.0822,1.0782,91.7155,80.0,0,10
LMT270319C00620000,LMT,2027-03-19,176,C,620.0,18.05,525.21,11.8,13.6,12.7,13.0,14.2,0.2754,0.2423,0.0032,-0.0867,1.1301,13.734,19.4,0,123
LMT270319P00620000,LMT,2027-03-19,176,P,620.0,18.05,525.21,98.0,104.0,101.0,66.5,5.9,0.2646,-0.7878,0.0033,-0.0792,1.0354,95.4405,81.3,0,14
LMT270319C00630000,LMT,2027-03-19,176,C,630.0,19.95,525.21,10.5,12.8,11.65,11.5,19.7,0.2816,0.2177,0.003,-0.0819,1.0706,12.623,17.6,1,142
LMT270319P00630000,LMT,2027-03-19,176,P,630.0,19.95,525.21,106.4,113.3,109.85,83.3,6.3,0.2686,-0.8141,0.0032,-0.0735,0.9518,103.957,83.3,0,10
LMT270319C00640000,LMT,2027-03-19,176,C,640.0,21.86,525.21,9.1,10.4,9.75,10.5,13.3,0.2779,0.1956,0.0028,-0.0771,1.0012,10.6092,15.4,3,39
LMT270319P00640000,LMT,2027-03-19,176,P,640.0,21.86,525.21,115.1,122.0,118.55,86.4,5.8,0.2689,-0.8385,0.003,-0.0686,0.8753,112.2569,85.3,0,9
LMT270319C00650000,LMT,2027-03-19,176,C,650.0,23.76,525.21,7.9,9.0,8.45,8.9,13.0,0.2782,0.1755,0.0026,-0.0724,0.9416,9.222,13.6,2,181
LMT270319P00650000,LMT,2027-03-19,176,P,650.0,23.76,525.21,124.0,131.0,127.5,75.1,5.5,0.2697,-0.8615,0.0029,-0.0652,0.7874,120.7882,87.1,0,6
