contract,ticker,expiry,dte,type,strike,moneyness_pct,spot,bid,ask,mid,last,spread_pct,iv,delta,gamma,theta,vega,theo,prob_itm,volume,oi
MELI261009C01360000,MELI,2026-10-09,15,C,1360.0,-24.15,1793.0,429.5,459.6,444.55,0.0,6.8,0.6306,0.9879,0.0001,-0.1603,0.1222,436.2783,98.3,0,0
MELI261009P01360000,MELI,2026-10-09,15,P,1360.0,-24.15,1793.0,0.0,17.4,0.8,0.8,,0.9025,-0.0124,0.0001,-0.2138,0.1226,7.972,7.7,0,1
MELI261009C01380000,MELI,2026-10-09,15,C,1380.0,-23.03,1793.0,410.2,440.0,425.1,0.0,7.0,0.635,0.9865,0.0002,-0.175,0.1338,416.7792,97.6,0,0
MELI261009P01380000,MELI,2026-10-09,15,P,1380.0,-23.03,1793.0,0.0,17.5,,0.0,,0.866,-0.0137,0.0002,-0.2263,0.1341,8.0519,7.9,0,0
MELI261009C01400000,MELI,2026-10-09,15,C,1400.0,-21.92,1793.0,389.5,420.1,404.8,0.0,7.6,0.5846,0.985,0.0002,-0.1905,0.1465,396.506,97.9,0,0
MELI261009P01400000,MELI,2026-10-09,15,P,1400.0,-21.92,1793.0,0.0,17.6,,0.0,,0.8296,-0.0152,0.0002,-0.2395,0.1467,8.127,8.1,0,0
MELI261009C01420000,MELI,2026-10-09,15,C,1420.0,-20.8,1793.0,369.7,399.4,384.55,0.0,7.7,0.5361,0.9833,0.0002,-0.2072,0.1606,376.2762,98.2,0,0
MELI261009P01420000,MELI,2026-10-09,15,P,1420.0,-20.8,1793.0,0.0,17.7,,0.0,,0.7935,-0.017,0.0002,-0.2538,0.1609,8.2069,8.4,0,0
MELI261009C01430000,MELI,2026-10-09,15,C,1430.0,-20.25,1793.0,359.8,390.4,375.1,390.6,8.2,0.5555,0.9823,0.0002,-0.2161,0.1685,366.7834,97.5,0,1
MELI261009P01430000,MELI,2026-10-09,15,P,1430.0,-20.25,1793.0,0.0,17.8,,0.0,,0.7761,-0.018,0.0002,-0.2616,0.1693,8.2734,8.5,0,0
MELI261009C01440000,MELI,2026-10-09,15,C,1440.0,-19.69,1793.0,349.9,380.5,365.2,0.0,8.4,0.5453,0.9813,0.0002,-0.2255,0.177,356.8775,97.4,0,0
MELI261009P01440000,MELI,2026-10-09,15,P,1440.0,-19.69,1793.0,0.0,17.9,1.0,1.0,,0.7587,-0.019,0.0002,-0.2699,0.1778,8.3394,8.7,0,2
MELI261009C01450000,MELI,2026-10-09,15,C,1450.0,-19.13,1793.0,340.0,370.2,355.1,528.7,8.5,0.5244,0.9801,0.0002,-0.2355,0.1863,346.7853,97.5,0,2
MELI261009P01450000,MELI,2026-10-09,15,P,1450.0,-19.13,1793.0,0.0,18.0,1.52,1.52,,0.7413,-0.0202,0.0002,-0.2788,0.1869,8.4049,8.9,0,1
MELI261009C01460000,MELI,2026-10-09,15,C,1460.0,-18.57,1793.0,331.0,360.1,345.55,0.0,8.4,0.5312,0.9788,0.0003,-0.2463,0.1964,337.2076,96.9,0,0
MELI261009P01460000,MELI,2026-10-09,15,P,1460.0,-18.57,1793.0,0.0,18.1,2.0,2.0,,0.7239,-0.0214,0.0003,-0.2885,0.1969,8.4701,9.0,0,0
MELI261009C01470000,MELI,2026-10-09,15,C,1470.0,-18.01,1793.0,320.3,350.9,335.6,357.19,9.1,0.5178,0.9774,0.0003,-0.258,0.2073,327.2564,96.8,0,0
MELI261009P01470000,MELI,2026-10-09,15,P,1470.0,-18.01,1793.0,0.0,18.2,,0.0,,0.7066,-0.0229,0.0003,-0.2991,0.2077,8.54,9.2,0,0
MELI261009C01480000,MELI,2026-10-09,15,C,1480.0,-17.46,1793.0,310.5,340.4,325.45,0.0,9.2,0.4956,0.9759,0.0003,-0.2709,0.2192,317.1189,97.0,0,0
MELI261009P01480000,MELI,2026-10-09,15,P,1480.0,-17.46,1793.0,0.0,13.1,,0.0,,0.6365,-0.0244,0.0003,-0.3109,0.2194,6.1519,7.6,0,0
MELI261009C01490000,MELI,2026-10-09,15,C,1490.0,-16.9,1793.0,300.7,330.9,315.8,0.0,9.6,0.4952,0.9741,0.0003,-0.2851,0.2322,307.4529,96.5,0,0
MELI261009P01490000,MELI,2026-10-09,15,P,1490.0,-16.9,1793.0,0.0,9.2,,0.0,,0.573,-0.0262,0.0003,-0.3239,0.2329,4.3236,6.1,0,0
MELI261009C01500000,MELI,2026-10-09,15,C,1500.0,-16.34,1793.0,290.9,321.1,306.0,0.0,9.9,0.4874,0.9722,0.0004,-0.3009,0.2468,297.6456,96.2,0,0
MELI261009P01500000,MELI,2026-10-09,15,P,1500.0,-16.34,1793.0,0.0,3.4,1.1,1.1,,0.462,-0.0282,0.0004,-0.3386,0.2482,1.5979,3.0,0,1
MELI261009C01510000,MELI,2026-10-09,15,C,1510.0,-15.78,1793.0,281.7,311.3,296.5,0.0,10.0,0.4893,0.9699,0.0004,-0.3185,0.2632,288.1259,95.5,0,0
MELI261009P01510000,MELI,2026-10-09,15,P,1510.0,-15.78,1793.0,0.0,8.5,1.9,1.9,,0.5315,-0.0304,0.0004,-0.3552,0.2643,4.0209,6.0,0,1
MELI261009C01520000,MELI,2026-10-09,15,C,1520.0,-15.23,1793.0,271.6,301.0,286.3,0.0,10.3,0.4669,0.9673,0.0004,-0.3384,0.2817,277.9424,95.7,0,0
MELI261009P01520000,MELI,2026-10-09,15,P,1520.0,-15.23,1793.0,0.0,19.1,2.05,2.05,,0.6236,-0.033,0.0004,-0.3741,0.2825,9.0917,10.4,0,6
MELI261009C01530000,MELI,2026-10-09,15,C,1530.0,-14.67,1793.0,261.6,291.8,276.7,0.0,10.9,0.464,0.9644,0.0005,-0.3608,0.3022,268.331,95.1,0,0
MELI261009P01530000,MELI,2026-10-09,15,P,1530.0,-14.67,1793.0,0.45,9.2,4.825,1.55,181.3,0.5134,-0.036,0.0005,-0.3954,0.3027,4.6017,6.8,0,6
MELI261009C01540000,MELI,2026-10-09,15,C,1540.0,-14.11,1793.0,252.6,282.2,267.4,0.0,11.1,0.468,0.961,0.0005,-0.3861,0.325,259.0135,94.2,0,0
MELI261009P01540000,MELI,2026-10-09,15,P,1540.0,-14.11,1793.0,0.0,8.2,2.3,2.3,,0.4799,-0.0394,0.0005,-0.4197,0.3263,3.9277,6.3,0,5
MELI261009C01550000,MELI,2026-10-09,15,C,1550.0,-13.55,1793.0,242.9,273.8,258.35,0.0,12.0,0.4751,0.9571,0.0006,-0.4147,0.3506,249.9398,93.1,0,0
MELI261009P01550000,MELI,2026-10-09,15,P,1550.0,-13.55,1793.0,0.0,16.8,3.2,3.2,,0.55,-0.0433,0.0006,-0.4473,0.3525,8.0774,10.3,0,6
MELI261009C01560000,MELI,2026-10-09,15,C,1560.0,-12.99,1793.0,233.4,263.0,248.2,0.0,11.9,0.4552,0.9527,0.0006,-0.447,0.3798,239.8138,93.1,0,0
MELI261009P01560000,MELI,2026-10-09,15,P,1560.0,-12.99,1793.0,0.0,20.0,3.68,3.68,,0.5579,-0.0478,0.0006,-0.4787,0.381,9.6431,11.7,0,11
MELI261009C01570000,MELI,2026-10-09,15,C,1570.0,-12.44,1793.0,223.9,248.4,236.15,0.0,10.4,0.385,0.9475,0.0007,-0.4832,0.4121,227.8406,95.4,0,0
MELI261009P01570000,MELI,2026-10-09,15,P,1570.0,-12.44,1793.0,0.0,8.7,4.83,4.83,,0.4382,-0.053,0.0007,-0.514,0.4128,4.2276,7.1,0,11
MELI261009C01580000,MELI,2026-10-09,15,C,1580.0,-11.88,1793.0,214.4,236.7,225.55,380.3,9.9,0.3496,0.9416,0.0008,-0.5237,0.4475,217.2634,96.2,0,1
MELI261009P01580000,MELI,2026-10-09,15,P,1580.0,-11.88,1793.0,0.0,12.4,5.07,5.07,,0.4591,-0.0589,0.0008,-0.5535,0.4505,6.0384,9.2,0,16
MELI261009C01590000,MELI,2026-10-09,15,C,1590.0,-11.32,1793.0,205.0,232.9,218.95,0.0,12.7,0.4214,0.9348,0.0008,-0.5688,0.487,210.5999,91.7,0,0
MELI261009P01590000,MELI,2026-10-09,15,P,1590.0,-11.32,1793.0,1.6,12.7,7.15,4.5,155.2,0.4587,-0.0657,0.0008,-0.5979,0.4891,6.9889,10.3,1,13
MELI261009C01600000,MELI,2026-10-09,15,C,1600.0,-10.76,1793.0,195.7,224.2,209.95,0.0,13.6,0.4231,0.9271,0.0009,-0.6185,0.5308,201.5999,90.4,0,0
MELI261009P01600000,MELI,2026-10-09,15,P,1600.0,-10.76,1793.0,0.0,7.6,6.15,6.15,,0.3786,-0.0735,0.0009,-0.6468,0.5318,3.7591,7.1,0,19
MELI261009C01610000,MELI,2026-10-09,15,C,1610.0,-10.21,1793.0,186.5,215.7,201.1,0.0,14.5,0.425,0.9184,0.001,-0.6728,0.5774,192.7557,89.0,0,0
MELI261009P01610000,MELI,2026-10-09,15,P,1610.0,-10.21,1793.0,0.0,13.5,10.49,10.49,,0.4177,-0.0823,0.001,-0.7002,0.581,6.6697,10.6,0,12
MELI261009C01620000,MELI,2026-10-09,15,C,1620.0,-9.65,1793.0,177.3,199.2,188.25,0.0,11.6,0.3579,0.9085,0.0011,-0.7318,0.6281,179.9826,91.7,0,0
MELI261009P01620000,MELI,2026-10-09,15,P,1620.0,-9.65,1793.0,5.1,8.4,6.75,6.7,48.9,0.4006,-0.0922,0.0011,-0.7586,0.6308,6.7099,11.0,0,10
MELI261009C01630000,MELI,2026-10-09,15,C,1630.0,-9.09,1793.0,167.7,197.5,182.6,0.0,16.3,0.4116,0.8974,0.0012,-0.795,0.6828,174.3126,86.9,0,0
MELI261009P01630000,MELI,2026-10-09,15,P,1630.0,-9.09,1793.0,0.0,17.6,7.39,7.39,,0.4134,-0.1034,0.0012,-0.8212,0.6841,8.7623,13.2,2,10
MELI261009C01640000,MELI,2026-10-09,15,C,1640.0,-8.53,1793.0,158.7,178.9,168.8,248.2,12.0,0.3352,0.8851,0.0013,-0.8622,0.7394,160.5911,90.4,0,5
MELI261009P01640000,MELI,2026-10-09,15,P,1640.0,-8.53,1793.0,0.0,20.0,11.92,11.92,,0.4112,-0.1158,0.0013,-0.8877,0.7442,9.9959,14.7,0,67
MELI261009C01650000,MELI,2026-10-09,15,C,1650.0,-7.98,1793.0,149.9,170.2,160.05,239.3,12.7,0.3387,0.8715,0.0014,-0.9328,0.7994,151.8736,88.5,0,5
MELI261009P01650000,MELI,2026-10-09,15,P,1650.0,-7.98,1793.0,0.0,18.4,9.5,9.5,,0.3825,-0.1295,0.0014,-0.9579,0.8021,9.2655,14.6,1,24
MELI261009C01660000,MELI,2026-10-09,15,C,1660.0,-7.42,1793.0,141.4,170.9,156.15,179.06,18.9,0.3996,0.8565,0.0016,-1.0061,0.8615,147.9946,82.4,0,3
MELI261009P01660000,MELI,2026-10-09,15,P,1660.0,-7.42,1793.0,4.4,18.3,11.35,10.7,122.5,0.3901,-0.1446,0.0016,-1.0305,0.8628,11.4522,17.0,0,26
MELI261009C01670000,MELI,2026-10-09,15,C,1670.0,-6.86,1793.0,132.8,153.5,143.15,0.0,14.5,0.345,0.8402,0.0017,-1.0812,0.9239,135.0764,84.2,0,0
MELI261009P01670000,MELI,2026-10-09,15,P,1670.0,-6.86,1793.0,2.6,22.1,12.35,13.5,157.9,0.382,-0.1611,0.0017,-1.1052,0.9286,12.5083,18.4,2,10
MELI261009C01680000,MELI,2026-10-09,15,C,1680.0,-6.3,1793.0,124.6,145.5,135.05,193.12,15.5,0.3482,0.8224,0.0018,-1.1574,0.9881,127.0569,81.9,0,2
MELI261009P01680000,MELI,2026-10-09,15,P,1680.0,-6.3,1793.0,4.6,24.6,14.6,14.1,137.0,0.3858,-0.1789,0.0018,-1.181,0.9904,14.8189,20.8,1,6
MELI261009C01690000,MELI,2026-10-09,15,C,1690.0,-5.74,1793.0,116.6,137.7,127.15,300.5,16.6,0.3506,0.8034,0.0019,-1.2334,1.0511,119.2309,79.4,0,6
MELI261009P01690000,MELI,2026-10-09,15,P,1690.0,-5.74,1793.0,9.3,29.3,19.3,16.6,103.6,0.4099,-0.1981,0.0019,-1.2564,1.057,19.5526,24.5,8,21
MELI261009C01700000,MELI,2026-10-09,15,C,1700.0,-5.19,1793.0,109.2,130.2,119.7,205.6,17.5,0.3549,0.7831,0.002,-1.3082,1.113,111.8774,76.6,0,13
MELI261009P01700000,MELI,2026-10-09,15,P,1700.0,-5.19,1793.0,16.3,23.8,20.05,18.0,37.4,0.3947,-0.2186,0.002,-1.331,1.1167,20.4041,25.9,7,31
MELI261009C01710000,MELI,2026-10-09,15,C,1710.0,-4.63,1793.0,103.8,120.7,112.25,197.3,15.1,0.3566,0.7615,0.0022,-1.3808,1.1736,104.5435,74.0,0,5
MELI261009P01710000,MELI,2026-10-09,15,P,1710.0,-4.63,1793.0,10.1,24.7,17.4,19.47,83.9,0.3493,-0.2403,0.0022,-1.4032,1.1754,17.9187,25.6,0,40
MELI261009C01720000,MELI,2026-10-09,15,C,1720.0,-4.07,1793.0,99.2,117.6,108.4,111.64,17.0,0.3856,0.7388,0.0023,-1.45,1.2302,100.7786,69.6,0,5
MELI261009P01720000,MELI,2026-10-09,15,P,1720.0,-4.07,1793.0,20.6,26.4,23.5,20.71,24.7,0.3785,-0.2632,0.0023,-1.472,1.2351,24.0918,30.0,1,14
MELI261009C01725000,MELI,2026-10-09,15,C,1725.0,-3.79,1793.0,0.0,0.0,,0.0,,0.0,0.0,0.0,0.0,0.0,,,0,0
MELI261009P01725000,MELI,2026-10-09,15,P,1725.0,-3.79,1793.0,0.0,0.0,,0.0,,0.0,0.0,0.0,0.0,0.0,,,0,0
MELI261009C01730000,MELI,2026-10-09,15,C,1730.0,-3.51,1793.0,90.2,109.2,99.7,198.2,19.1,0.372,0.715,0.0024,-1.5148,1.2842,92.2409,67.7,0,2
MELI261009P01730000,MELI,2026-10-09,15,P,1730.0,-3.51,1793.0,16.0,37.7,26.85,32.36,80.8,0.3811,-0.2872,0.0024,-1.5366,1.2866,27.5471,32.8,0,10
MELI261009C01735000,MELI,2026-10-09,15,C,1735.0,-3.23,1793.0,0.0,0.0,,0.0,,0.0,0.0,0.0,0.0,0.0,,,0,0
MELI261009P01735000,MELI,2026-10-09,15,P,1735.0,-3.23,1793.0,0.0,0.0,,0.0,,0.0,0.0,0.0,0.0,0.0,,,0,0
MELI261009C01740000,MELI,2026-10-09,15,C,1740.0,-2.96,1793.0,83.0,105.1,94.05,113.3,23.5,0.3804,0.6903,0.0025,-1.5741,1.3331,86.7233,64.5,0,1
MELI261009P01740000,MELI,2026-10-09,15,P,1740.0,-2.96,1793.0,21.4,40.2,30.8,26.5,61.0,0.3862,-0.3122,0.0025,-1.5956,1.3381,31.6267,35.8,0,7
MELI261009C01745000,MELI,2026-10-09,15,C,1745.0,-2.68,1793.0,82.6,98.8,90.7,0.0,17.9,0.3797,0.6776,0.0025,-1.6015,1.3555,83.4451,63.1,0,0
MELI261009P01745000,MELI,2026-10-09,15,P,1745.0,-2.68,1793.0,20.9,42.9,31.9,0.0,69.0,0.3814,-0.325,0.0025,-1.6227,1.3595,32.8054,36.9,0,0
MELI261009C01750000,MELI,2026-10-09,15,C,1750.0,-2.4,1793.0,76.6,98.5,87.55,106.6,25.0,0.3801,0.6647,0.0026,-1.6272,1.3769,80.3828,61.7,0,5
MELI261009P01750000,MELI,2026-10-09,15,P,1750.0,-2.4,1793.0,22.6,44.7,33.65,39.41,65.7,0.381,-0.338,0.0026,-1.6483,1.3798,34.6301,38.3,0,62
MELI261009C01755000,MELI,2026-10-09,15,C,1755.0,-2.12,1793.0,73.4,99.3,86.35,103.42,30.0,0.3939,0.6516,0.0026,-1.6511,1.397,79.2308,59.8,0,1
MELI261009P01755000,MELI,2026-10-09,15,P,1755.0,-2.12,1793.0,24.4,46.6,35.5,36.7,62.5,0.3808,-0.3513,0.0026,-1.6721,1.3989,36.5512,39.7,0,1
MELI261009C01760000,MELI,2026-10-09,15,C,1760.0,-1.84,1793.0,72.3,92.2,82.25,101.85,24.2,0.3864,0.6383,0.0026,-1.673,1.4154,75.2376,58.7,0,2
MELI261009P01760000,MELI,2026-10-09,15,P,1760.0,-1.84,1793.0,26.2,48.5,37.35,43.75,59.7,0.3802,-0.3646,0.0027,-1.694,1.4168,38.4871,41.1,0,2
MELI261009C01765000,MELI,2026-10-09,15,C,1765.0,-1.56,1793.0,69.2,89.1,79.15,0.0,25.1,0.3856,0.6249,0.0027,-1.693,1.432,72.2323,57.3,0,0
MELI261009P01765000,MELI,2026-10-09,15,P,1765.0,-1.56,1793.0,28.1,50.6,39.35,0.0,57.2,0.3801,-0.3782,0.0027,-1.7139,1.4352,40.5629,42.6,0,0
MELI261009C01770000,MELI,2026-10-09,15,C,1770.0,-1.28,1793.0,65.6,90.5,78.05,78.88,31.9,0.3982,0.6113,0.0027,-1.711,1.447,71.1912,55.6,0,5
MELI261009P01770000,MELI,2026-10-09,15,P,1770.0,-1.28,1793.0,34.2,50.9,42.55,44.1,39.2,0.3878,-0.3918,0.0027,-1.7316,1.4492,43.8128,44.2,3,29
MELI261009C01775000,MELI,2026-10-09,15,C,1775.0,-1.0,1793.0,62.7,83.7,73.2,90.07,28.7,0.3844,0.5977,0.0027,-1.727,1.4605,66.4859,54.4,0,3
MELI261009P01775000,MELI,2026-10-09,15,P,1775.0,-1.0,1793.0,32.1,54.4,43.25,38.47,51.6,0.3778,-0.4057,0.0028,-1.7473,1.4619,44.6306,45.4,0,1
MELI261009C01780000,MELI,2026-10-09,15,C,1780.0,-0.73,1793.0,59.7,80.9,70.3,87.88,30.2,0.3836,0.5839,0.0028,-1.7407,1.4724,63.6893,53.0,0,0
MELI261009P01780000,MELI,2026-10-09,15,P,1780.0,-0.73,1793.0,34.2,57.0,45.6,50.85,50.0,0.3788,-0.4196,0.0028,-1.761,1.4731,47.0779,46.9,0,7
MELI261009C01782500,MELI,2026-10-09,15,C,1782.5,-0.59,1793.0,0.0,0.0,,0.0,,0.0,0.0,0.0,0.0,0.0,,,0,0
MELI261009P01782500,MELI,2026-10-09,15,P,1782.5,-0.59,1793.0,0.0,0.0,,0.0,,0.0,0.0,0.0,0.0,0.0,,,0,0
MELI261009C01785000,MELI,2026-10-09,15,C,1785.0,-0.45,1793.0,56.9,78.0,67.45,83.15,31.3,0.3827,0.5701,0.0028,-1.7522,1.4824,60.9488,51.6,0,64
MELI261009P01785000,MELI,2026-10-09,15,P,1785.0,-0.45,1793.0,36.4,59.3,47.85,0.0,47.9,0.3784,-0.4337,0.0028,-1.7726,1.4828,49.3977,48.4,0,0
MELI261009C01787500,MELI,2026-10-09,15,C,1787.5,-0.31,1793.0,0.0,0.0,,0.0,,0.0,0.0,0.0,0.0,0.0,,,0,0
MELI261009P01787500,MELI,2026-10-09,15,P,1787.5,-0.31,1793.0,0.0,0.0,,0.0,,0.0,0.0,0.0,0.0,0.0,,,0,0
MELI261009C01790000,MELI,2026-10-09,15,C,1790.0,-0.17,1793.0,52.4,78.8,65.6,84.38,40.2,0.388,0.5562,0.0028,-1.7615,1.4906,59.1751,50.1,0,2
MELI261009P01790000,MELI,2026-10-09,15,P,1790.0,-0.17,1793.0,38.6,61.3,49.95,46.61,45.4,0.3767,-0.4477,0.0028,-1.7819,1.4909,51.6019,49.8,0,16
MELI261009C01792500,MELI,2026-10-09,15,C,1792.5,-0.03,1793.0,0.0,0.0,,0.0,,0.0,0.0,0.0,0.0,0.0,,,0,0
MELI261009P01792500,MELI,2026-10-09,15,P,1792.5,-0.03,1793.0,0.0,0.0,,0.0,,0.0,0.0,0.0,0.0,0.0,,,0,0
MELI261009C01795000,MELI,2026-10-09,15,C,1795.0,0.11,1793.0,51.6,72.9,62.25,78.38,34.2,0.3829,0.5422,0.0028,-1.7685,1.497,55.9701,48.7,0,3
MELI261009P01795000,MELI,2026-10-09,15,P,1795.0,0.11,1793.0,40.8,64.3,52.55,0.0,44.7,0.3778,-0.4619,0.0028,-1.7884,1.4964,54.283,51.3,0,0
MELI261009C01797500,MELI,2026-10-09,15,C,1797.5,0.25,1793.0,0.0,0.0,,0.0,,0.0,0.0,0.0,0.0,0.0,,,0,0
MELI261009P01797500,MELI,2026-10-09,15,P,1797.5,0.25,1793.0,0.0,0.0,,0.0,,0.0,0.0,0.0,0.0,0.0,,,0,0
MELI261009C01800000,MELI,2026-10-09,15,C,1800.0,0.39,1793.0,48.3,64.3,56.3,58.0,28.4,0.3599,0.5282,0.0028,-1.7733,1.5016,50.2385,47.3,5,48
MELI261009P01800000,MELI,2026-10-09,15,P,1800.0,0.39,1793.0,43.0,70.8,56.9,58.66,48.9,0.3902,-0.476,0.0028,-1.793,1.5002,58.6756,52.7,0,38
MELI261009C01802500,MELI,2026-10-09,15,C,1802.5,0.53,1793.0,0.0,0.0,,0.0,,0.0,0.0,0.0,0.0,0.0,,,0,0
MELI261009P01802500,MELI,2026-10-09,15,P,1802.5,0.53,1793.0,0.0,0.0,,0.0,,0.0,0.0,0.0,0.0,0.0,,,0,0
MELI261009C01805000,MELI,2026-10-09,15,C,1805.0,0.67,1793.0,46.4,68.1,57.25,65.17,37.9,0.3825,0.5142,0.0028,-1.7757,1.5043,51.1901,45.9,5,2
MELI261009P01805000,MELI,2026-10-09,15,P,1805.0,0.67,1793.0,45.4,69.5,57.45,43.91,41.9,0.3767,-0.4902,0.0028,-1.7954,1.5029,59.3847,54.1,0,1
MELI261009C01807500,MELI,2026-10-09,15,C,1807.5,0.81,1793.0,0.0,0.0,,0.0,,0.0,0.0,0.0,0.0,0.0,,,0,0
MELI261009P01807500,MELI,2026-10-09,15,P,1807.5,0.81,1793.0,0.0,0.0,,0.0,,0.0,0.0,0.0,0.0,0.0,,,0,0
MELI261009C01810000,MELI,2026-10-09,15,C,1810.0,0.95,1793.0,41.8,65.9,53.85,52.68,44.8,0.3757,0.5002,0.0028,-1.7758,1.5052,47.9514,44.4,7,27
MELI261009P01810000,MELI,2026-10-09,15,P,1810.0,0.95,1793.0,48.2,71.9,60.05,55.0,39.5,0.3765,-0.5044,0.0028,-1.7956,1.5038,62.0942,55.6,0,52
MELI261009C01815000,MELI,2026-10-09,15,C,1815.0,1.23,1793.0,39.7,63.6,51.65,0.0,46.3,0.3764,0.4862,0.0028,-1.7737,1.5044,45.8708,43.0,0,0
MELI261009P01815000,MELI,2026-10-09,15,P,1815.0,1.23,1793.0,50.6,74.9,62.75,0.0,38.7,0.3765,-0.5185,0.0028,-1.7935,1.5005,64.9041,57.0,0,0
MELI261009C01820000,MELI,2026-10-09,15,C,1820.0,1.51,1793.0,37.2,61.3,49.25,66.75,48.9,0.3752,0.4722,0.0028,-1.7693,1.5017,43.5874,41.6,0,34
MELI261009P01820000,MELI,2026-10-09,15,P,1820.0,1.51,1793.0,53.6,77.2,65.4,55.67,36.1,0.3756,-0.5327,0.0028,-1.7887,1.4969,67.6555,58.4,0,3
MELI261009C01825000,MELI,2026-10-09,15,C,1825.0,1.78,1793.0,36.4,59.0,47.7,67.29,47.4,0.3794,0.4583,0.0028,-1.7627,1.4972,42.1475,40.2,0,5
MELI261009P01825000,MELI,2026-10-09,15,P,1825.0,1.78,1793.0,56.4,80.4,68.4,0.0,35.1,0.3766,-0.5468,0.0028,-1.7818,1.4918,70.7498,59.8,0,0
MELI261009C01830000,MELI,2026-10-09,15,C,1830.0,2.06,1793.0,33.3,56.7,45.0,50.01,52.0,0.3753,0.4445,0.0028,-1.7539,1.4909,39.591,38.8,0,4
MELI261009P01830000,MELI,2026-10-09,15,P,1830.0,2.06,1793.0,59.3,83.2,71.25,64.77,33.5,0.3761,-0.5608,0.0028,-1.773,1.4859,73.6988,61.2,2,28
MELI261009C01835000,MELI,2026-10-09,15,C,1835.0,2.34,1793.0,32.6,54.7,43.65,56.26,50.6,0.3799,0.4308,0.0028,-1.743,1.4827,38.3368,37.5,0,3
MELI261009P01835000,MELI,2026-10-09,15,P,1835.0,2.34,1793.0,62.2,86.1,74.15,0.0,32.2,0.3756,-0.5747,0.0028,-1.7622,1.4782,76.7174,62.6,0,0
MELI261009C01840000,MELI,2026-10-09,15,C,1840.0,2.62,1793.0,30.5,52.7,41.6,45.33,53.4,0.3794,0.4171,0.0028,-1.7299,1.473,36.4268,36.2,0,46
MELI261009P01840000,MELI,2026-10-09,15,P,1840.0,2.62,1793.0,65.2,89.1,77.15,80.32,31.0,0.3752,-0.5885,0.0028,-1.7493,1.4677,79.8188,63.9,0,8
MELI261009C01845000,MELI,2026-10-09,15,C,1845.0,2.9,1793.0,28.5,50.7,39.6,49.72,56.1,0.3786,0.4038,0.0028,-1.715,1.462,34.5429,34.8,0,2
MELI261009P01845000,MELI,2026-10-09,15,P,1845.0,2.9,1793.0,68.7,91.7,80.2,0.0,28.7,0.3747,-0.6022,0.0028,-1.7338,1.4512,82.9744,65.3,0,0
MELI261009C01850000,MELI,2026-10-09,15,C,1850.0,3.18,1793.0,26.3,48.9,37.6,43.0,60.1,0.3774,0.3904,0.0027,-1.6981,1.4491,32.6721,33.5,5,17
MELI261009P01850000,MELI,2026-10-09,15,P,1850.0,3.18,1793.0,71.7,94.9,83.3,66.0,27.9,0.3741,-0.6158,0.0028,-1.7166,1.4381,86.1836,66.6,0,9
MELI261009C01855000,MELI,2026-10-09,15,C,1855.0,3.46,1793.0,24.6,47.1,35.85,0.0,62.8,0.3776,0.3772,0.0027,-1.6793,1.4345,31.0581,32.2,0,0
MELI261009P01855000,MELI,2026-10-09,15,P,1855.0,3.46,1793.0,76.6,98.2,87.4,0.0,24.7,0.38,-0.6292,0.0027,-1.6977,1.424,90.3347,67.7,0,0
MELI261009C01860000,MELI,2026-10-09,15,C,1860.0,3.74,1793.0,22.7,45.4,34.05,32.48,66.7,0.3769,0.3641,0.0027,-1.6587,1.4182,29.387,31.0,4,51
MELI261009P01860000,MELI,2026-10-09,15,P,1860.0,3.74,1793.0,79.0,101.4,90.2,74.2,24.8,0.3764,-0.6424,0.0027,-1.6772,1.4088,93.2656,69.1,4,5
MELI261009C01865000,MELI,2026-10-09,15,C,1865.0,4.02,1793.0,20.9,43.7,32.3,42.74,70.6,0.3762,0.3512,0.0026,-1.6364,1.4007,27.7806,29.7,0,65
MELI261009P01865000,MELI,2026-10-09,15,P,1865.0,4.02,1793.0,83.2,104.8,94.0,0.0,23.0,0.3795,-0.6555,0.0027,-1.6551,1.3907,97.1489,70.2,0,0
MELI261009C01870000,MELI,2026-10-09,15,C,1870.0,4.29,1793.0,19.3,39.9,29.6,43.81,69.6,0.3681,0.3386,0.0026,-1.6126,1.3822,25.2901,28.1,0,13
MELI261009P01870000,MELI,2026-10-09,15,P,1870.0,4.29,1793.0,85.7,107.8,96.75,95.82,22.8,0.3745,-0.6684,0.0026,-1.631,1.3642,100.038,71.6,0,59
MELI261009C01880000,MELI,2026-10-09,15,C,1880.0,4.85,1793.0,21.7,36.7,29.2,26.7,51.4,0.3871,0.3139,0.0025,-1.5606,1.3409,24.9559,26.7,7,23
MELI261009P01880000,MELI,2026-10-09,15,P,1880.0,4.85,1793.0,92.7,114.7,103.7,105.15,21.2,0.3736,-0.6935,0.0026,-1.5785,1.3228,107.1896,73.9,0,8
MELI261009C01890000,MELI,2026-10-09,15,C,1890.0,5.41,1793.0,12.3,36.0,24.15,33.26,98.1,0.3699,0.2902,0.0024,-1.5036,1.2946,20.3513,23.6,0,31
MELI261009P01890000,MELI,2026-10-09,15,P,1890.0,5.41,1793.0,101.3,121.8,111.55,98.98,18.4,0.3779,-0.7176,0.0025,-1.5215,1.2775,115.1949,75.9,0,8
MELI261009C01900000,MELI,2026-10-09,15,C,1900.0,5.97,1793.0,17.0,25.0,21.0,21.0,38.1,0.3647,0.2675,0.0023,-1.4425,1.2456,17.5162,21.2,2,86
MELI261009P01900000,MELI,2026-10-09,15,P,1900.0,5.97,1793.0,108.2,129.3,118.75,108.4,17.8,0.3754,-0.7407,0.0024,-1.46,1.2178,122.5986,78.2,2,7
MELI261009C01910000,MELI,2026-10-09,15,C,1910.0,6.53,1793.0,7.5,31.5,19.5,25.73,123.1,0.3712,0.2459,0.0022,-1.3784,1.1927,16.1893,19.6,0,61
MELI261009P01910000,MELI,2026-10-09,15,P,1910.0,6.53,1793.0,117.0,137.7,127.35,111.67,16.3,0.3828,-0.7627,0.0023,-1.395,1.168,131.3052,79.7,0,15
MELI261009C01920000,MELI,2026-10-09,15,C,1920.0,7.08,1793.0,5.3,30.7,18.0,21.0,141.1,0.3765,0.2255,0.0021,-1.3122,1.1376,14.8646,18.1,5,16
MELI261009P01920000,MELI,2026-10-09,15,P,1920.0,7.08,1793.0,126.0,147.7,136.85,130.66,15.9,0.397,-0.7836,0.0022,-1.3283,1.107,140.8472,80.8,0,6
MELI261009C01930000,MELI,2026-10-09,15,C,1930.0,7.64,1793.0,7.2,28.6,17.9,20.49,119.6,0.3934,0.2064,0.002,-1.2449,1.082,14.8081,17.3,0,53
MELI261009P01930000,MELI,2026-10-09,15,P,1930.0,7.64,1793.0,134.4,155.5,144.95,138.54,14.6,0.398,-0.8031,0.0021,-1.2596,1.043,149.1,82.4,0,8
MELI261009C01940000,MELI,2026-10-09,15,C,1940.0,8.2,1793.0,2.0,26.4,14.2,17.9,171.8,0.3758,0.1884,0.0019,-1.1772,1.0244,11.5384,14.7,0,73
MELI261009P01940000,MELI,2026-10-09,15,P,1940.0,8.2,1793.0,135.8,164.3,150.05,62.68,19.0,0.3672,-0.8215,0.002,-1.1904,0.99,154.5856,85.9,0,21
MELI261009C01950000,MELI,2026-10-09,15,C,1950.0,8.76,1793.0,0.3,24.5,12.4,21.0,195.2,0.3737,0.1718,0.0018,-1.11,0.9673,9.9734,13.0,0,77
MELI261009P01950000,MELI,2026-10-09,15,P,1950.0,8.76,1793.0,142.8,172.8,157.8,137.97,19.0,0.3584,-0.8386,0.0018,-1.1219,0.9201,162.5217,87.9,0,5
MELI261009C01960000,MELI,2026-10-09,15,C,1960.0,9.31,1793.0,0.0,21.9,15.35,15.35,,0.3736,0.1563,0.0017,-1.044,0.9113,8.7328,11.7,0,35
MELI261009P01960000,MELI,2026-10-09,15,P,1960.0,9.31,1793.0,152.4,181.6,167.0,161.49,17.5,0.3641,-0.8544,0.0017,-1.0534,0.86,171.7874,88.9,0,2
MELI261009C01970000,MELI,2026-10-09,15,C,1970.0,9.87,1793.0,0.0,20.2,15.58,15.58,,0.3789,0.1421,0.0016,-0.9799,0.8552,8.0181,10.7,0,13
MELI261009P01970000,MELI,2026-10-09,15,P,1970.0,9.87,1793.0,160.1,190.3,175.2,0.0,17.2,0.3553,-0.869,0.0016,-0.988,0.8086,180.1287,90.7,0,0
MELI261009C01980000,MELI,2026-10-09,15,C,1980.0,10.43,1793.0,0.0,17.4,13.8,13.8,,0.3762,0.1291,0.0015,-0.918,0.8016,6.8266,9.4,0,56
MELI261009P01980000,MELI,2026-10-09,15,P,1980.0,10.43,1793.0,176.8,199.3,188.05,156.31,12.0,0.4065,-0.8824,0.0015,-0.9243,0.7413,192.7374,89.0,0,1
MELI261009C01990000,MELI,2026-10-09,15,C,1990.0,10.99,1793.0,1.2,11.3,6.25,13.0,161.6,0.3564,0.1172,0.0014,-0.8587,0.7502,4.7809,7.3,0,10
MELI261009P01990000,MELI,2026-10-09,15,P,1990.0,10.99,1793.0,186.5,208.0,197.25,190.8,10.9,0.4111,-0.8946,0.0014,-0.8624,0.6859,202.0022,89.8,0,1
MELI261009C02000000,MELI,2026-10-09,15,C,2000.0,11.54,1793.0,0.0,17.4,9.0,9.0,,0.4042,0.1064,0.0013,-0.8024,0.7,6.8571,8.8,0,107
MELI261009P02000000,MELI,2026-10-09,15,P,2000.0,11.54,1793.0,187.6,217.3,202.45,126.1,14.7,0.3504,-0.9061,0.0013,-0.8099,0.6374,207.5198,93.9,0,3
MELI261009C02010000,MELI,2026-10-09,15,C,2010.0,12.1,1793.0,0.0,12.2,9.9,9.9,,0.3802,0.0965,0.0012,-0.7492,0.6528,4.6784,6.7,0,38
MELI261009P02010000,MELI,2026-10-09,15,P,2010.0,12.1,1793.0,197.0,226.7,211.85,180.4,14.0,0.3499,-0.9163,0.0012,-0.7582,0.5804,216.918,94.8,0,0
MELI261009C02020000,MELI,2026-10-09,15,C,2020.0,12.66,1793.0,0.0,10.8,6.7,6.7,,0.3813,0.0876,0.0011,-0.6991,0.6088,4.1041,5.9,0,14
MELI261009P02020000,MELI,2026-10-09,15,P,2020.0,12.66,1793.0,206.8,236.2,221.5,206.3,13.3,0.3535,-0.9255,0.0012,-0.7077,0.5307,226.5575,95.3,0,2
MELI261009C02030000,MELI,2026-10-09,15,C,2030.0,13.22,1793.0,0.0,11.8,5.75,5.75,,0.4022,0.0796,0.001,-0.6522,0.5666,4.5269,6.1,0,69
MELI261009P02030000,MELI,2026-10-09,15,P,2030.0,13.22,1793.0,216.0,246.2,231.1,0.0,13.1,0.354,-0.9341,0.0011,-0.6731,0.4811,236.1238,95.9,0,0
MELI261009C02040000,MELI,2026-10-09,15,C,2040.0,13.78,1793.0,0.15,11.8,5.975,6.05,195.0,0.4159,0.0724,0.0009,-0.6085,0.527,4.5991,6.0,0,90
MELI261009P02040000,MELI,2026-10-09,15,P,2040.0,13.78,1793.0,232.1,256.0,244.05,219.1,9.8,0.4306,-0.9419,0.001,-0.6426,0.4395,249.0019,93.4,0,5
MELI261009C02050000,MELI,2026-10-09,15,C,2050.0,14.33,1793.0,0.0,7.6,5.0,5.0,,0.3866,0.0659,0.0009,-0.5678,0.4908,2.824,4.2,26,96
MELI261009P02050000,MELI,2026-10-09,15,P,2050.0,14.33,1793.0,239.4,265.1,252.25,142.1,10.2,0.4069,-0.9488,0.001,-0.6105,0.3961,257.2691,95.0,0,1
MELI261009C02060000,MELI,2026-10-09,15,C,2060.0,14.89,1793.0,0.0,14.9,4.7,4.7,,0.4647,0.06,0.0008,-0.53,0.4569,5.8505,6.6,0,24
MELI261009P02060000,MELI,2026-10-09,15,P,2060.0,14.89,1793.0,249.2,274.4,261.8,120.78,9.6,0.4076,-0.9553,0.0009,-0.5789,0.3636,266.8106,95.6,0,4
MELI261009C02070000,MELI,2026-10-09,15,C,2070.0,15.45,1793.0,0.35,5.4,2.875,4.53,175.7,0.3869,0.0547,0.0007,-0.495,0.4249,2.097,3.2,0,21
MELI261009P02070000,MELI,2026-10-09,15,P,2070.0,15.45,1793.0,254.8,285.1,269.95,240.0,11.2,0.0,-0.9612,0.0008,-0.5433,0.3127,,,0,9
MELI261009C02080000,MELI,2026-10-09,15,C,2080.0,16.01,1793.0,0.0,10.0,4.0,4.0,,0.4458,0.0499,0.0007,-0.4626,0.3954,3.8194,4.7,0,38
MELI261009P02080000,MELI,2026-10-09,15,P,2080.0,16.01,1793.0,264.8,294.1,279.45,180.0,10.5,0.0,-0.9664,0.0008,-0.509,0.2813,,,0,3
MELI261009C02090000,MELI,2026-10-09,15,C,2090.0,16.56,1793.0,0.0,10.8,4.3,4.3,,0.4651,0.0457,0.0006,-0.4326,0.3686,4.154,4.9,0,32
MELI261009P02090000,MELI,2026-10-09,15,P,2090.0,16.56,1793.0,274.7,303.9,289.3,148.37,10.1,0.0,-0.971,0.0007,-0.4781,0.251,,,0,1
MELI261009C02100000,MELI,2026-10-09,15,C,2100.0,17.12,1793.0,0.0,18.6,2.45,2.45,,0.5427,0.0418,0.0006,-0.4048,0.3436,7.4483,7.0,0,11
MELI261009P02100000,MELI,2026-10-09,15,P,2100.0,17.12,1793.0,284.1,313.8,298.95,268.0,9.9,0.0,-0.9757,0.0007,-0.465,0.2119,,,0,0
MELI261009C02110000,MELI,2026-10-09,15,C,2110.0,17.68,1793.0,0.0,9.0,2.4,2.4,,0.4691,0.0383,0.0005,-0.3792,0.3202,3.4214,4.1,0,25
MELI261009P02110000,MELI,2026-10-09,15,P,2110.0,17.68,1793.0,294.1,323.9,309.0,150.48,9.6,0.0,-0.9797,0.0006,-0.4309,0.1795,,,0,3
MELI261009C02120000,MELI,2026-10-09,15,C,2120.0,18.24,1793.0,0.0,8.4,13.0,13.0,,0.4733,0.0352,0.0005,-0.3555,0.2985,3.1821,3.8,0,6
MELI261009P02120000,MELI,2026-10-09,15,P,2120.0,18.24,1793.0,303.4,333.9,318.65,155.26,9.6,0.0,-0.9831,0.0006,-0.3848,0.1488,,,0,5
MELI261009C02130000,MELI,2026-10-09,15,C,2130.0,18.8,1793.0,0.0,3.7,4.13,4.13,,0.4162,0.0323,0.0005,-0.3335,0.2788,1.3181,2.0,0,59
MELI261009P02130000,MELI,2026-10-09,15,P,2130.0,18.8,1793.0,313.2,344.7,328.95,162.55,9.6,0.0,-0.9861,0.0005,-0.344,0.135,,,0,3
MELI261009C02140000,MELI,2026-10-09,15,C,2140.0,19.35,1793.0,0.0,17.5,4.57,4.57,,0.5821,0.0298,0.0004,-0.3131,0.2607,6.9899,6.1,0,24
MELI261009P02140000,MELI,2026-10-09,15,P,2140.0,19.35,1793.0,324.9,354.7,339.8,0.0,8.8,0.0,-0.9886,0.0005,-0.3132,0.117,,,0,0
MELI261009C02150000,MELI,2026-10-09,15,C,2150.0,19.91,1793.0,0.0,17.9,1.8,1.8,,0.5971,0.0275,0.0004,-0.2943,0.2438,7.1668,6.1,0,28
MELI261009P02150000,MELI,2026-10-09,15,P,2150.0,19.91,1793.0,335.5,364.7,350.1,193.77,8.3,0.4232,-0.9909,0.0004,-0.3107,0.0764,354.5645,98.4,0,6
MELI261009C02160000,MELI,2026-10-09,15,C,2160.0,20.47,1793.0,0.0,15.4,3.26,3.26,,0.5874,0.0253,0.0004,-0.2768,0.228,6.1088,5.4,0,12
MELI261009P02160000,MELI,2026-10-09,15,P,2160.0,20.47,1793.0,345.3,374.7,360.0,181.65,8.2,0.0,-0.9929,0.0003,-0.3012,0.0527,,,0,0
MELI261009C02170000,MELI,2026-10-09,15,C,2170.0,21.03,1793.0,0.0,17.7,8.08,8.08,,0.6185,0.0234,0.0003,-0.2605,0.2133,7.0861,5.8,0,3
MELI261009P02170000,MELI,2026-10-09,15,P,2170.0,21.03,1793.0,354.3,384.5,369.4,238.02,8.2,0.0,-0.9944,0.0003,-0.2809,0.0428,,,0,0
MELI261009C02180000,MELI,2026-10-09,15,C,2180.0,21.58,1793.0,0.0,17.6,5.7,5.7,,0.629,0.0217,0.0003,-0.2454,0.1999,7.045,5.7,0,17
MELI261009P02180000,MELI,2026-10-09,15,P,2180.0,21.58,1793.0,363.9,394.7,379.3,256.0,8.1,0.0,-0.9957,0.0002,-0.2629,0.0369,,,0,0
MELI261009C02190000,MELI,2026-10-09,15,C,2190.0,22.14,1793.0,0.0,17.6,5.3,5.3,,0.6403,0.0201,0.0003,-0.2313,0.1876,7.0496,5.6,0,13
MELI261009P02190000,MELI,2026-10-09,15,P,2190.0,22.14,1793.0,373.3,404.7,389.0,0.0,8.1,0.0,-0.9969,0.0002,-0.247,0.0338,,,0,0
MELI261009C02200000,MELI,2026-10-09,15,C,2200.0,22.7,1793.0,0.0,12.2,1.4,1.4,,0.6003,0.0186,0.0003,-0.2182,0.1761,4.7719,4.2,0,109
MELI261009P02200000,MELI,2026-10-09,15,P,2200.0,22.7,1793.0,383.2,414.7,398.95,0.0,7.9,0.0,-0.9978,0.0001,-0.2364,0.0273,,,0,0
MELI261009C02210000,MELI,2026-10-09,15,C,2210.0,23.26,1793.0,0.0,17.4,8.0,8.0,,0.6607,0.0173,0.0002,-0.206,0.1653,6.9656,5.3,0,9
MELI261009P02210000,MELI,2026-10-09,15,P,2210.0,23.26,1793.0,393.2,424.7,408.95,0.0,7.7,0.0,-0.9983,0.0001,-0.2364,0.0118,,,0,0
MELI261009C02220000,MELI,2026-10-09,15,C,2220.0,23.81,1793.0,0.0,17.4,4.5,4.5,,0.6717,0.0161,0.0002,-0.1946,0.1552,6.97,5.2,0,5
MELI261009P02220000,MELI,2026-10-09,15,P,2220.0,23.81,1793.0,403.2,434.7,418.95,0.0,7.5,0.0,-0.9988,0.0001,-0.2364,0.0,,,0,0
MELI261009C02230000,MELI,2026-10-09,15,C,2230.0,24.37,1793.0,0.0,17.3,1.95,1.95,,0.6816,0.015,0.0002,-0.1839,0.1458,6.9265,5.1,0,4
MELI261009P02230000,MELI,2026-10-09,15,P,2230.0,24.37,1793.0,413.9,444.7,429.3,0.0,7.2,0.0,-0.9991,0.0001,-0.2364,0.0,,,0,0
MELI261009C02240000,MELI,2026-10-09,15,C,2240.0,24.93,1793.0,0.0,17.3,6.8,6.8,,0.6924,0.0139,0.0002,-0.174,0.1372,6.9302,5.0,0,15
MELI261009P02240000,MELI,2026-10-09,15,P,2240.0,24.93,1793.0,425.1,454.7,439.9,0.0,6.7,0.0,-0.9994,0.0,-0.2364,0.0,,,0,0
MELI261016C01350000,MELI,2026-10-16,22,C,1350.0,-24.71,1793.0,439.8,471.1,455.45,560.56,6.9,0.5209,0.9894,0.0001,-0.0863,0.133,447.1208,98.5,0,2
MELI261016P01350000,MELI,2026-10-16,22,P,1350.0,-24.71,1793.0,0.0,17.2,17.65,17.65,,0.7686,-0.011,0.0001,-0.1372,0.1333,8.2449,7.7,0,74
MELI261016C01360000,MELI,2026-10-16,22,C,1360.0,-24.15,1793.0,430.2,460.7,445.45,598.4,6.8,0.5069,0.9887,0.0001,-0.0928,0.1403,437.1186,98.5,0,31
MELI261016P01360000,MELI,2026-10-16,22,P,1360.0,-24.15,1793.0,0.0,17.2,3.5,3.5,,0.7528,-0.0117,0.0001,-0.1426,0.1405,8.2581,7.8,0,136
MELI261016C01380000,MELI,2026-10-16,22,C,1380.0,-23.03,1793.0,410.3,441.1,425.7,530.95,7.2,0.4969,0.9871,0.0001,-0.1069,0.1568,417.3533,98.2,0,13
MELI261016P01380000,MELI,2026-10-16,22,P,1380.0,-23.03,1793.0,0.0,17.3,0.8,0.8,,0.7224,-0.0133,0.0001,-0.1546,0.1568,8.3348,8.1,0,18
MELI261016C01400000,MELI,2026-10-16,22,C,1400.0,-21.92,1793.0,390.7,420.7,405.7,404.1,7.4,0.4696,0.9852,0.0002,-0.1231,0.1759,397.349,98.3,0,4
MELI261016P01400000,MELI,2026-10-16,22,P,1400.0,-21.92,1793.0,0.0,6.0,0.85,0.85,,0.5577,-0.0152,0.0002,-0.1686,0.177,2.9012,4.0,0,246
MELI261016C01420000,MELI,2026-10-16,22,C,1420.0,-20.8,1793.0,370.7,401.4,386.05,617.0,8.0,0.4632,0.9829,0.0002,-0.1421,0.1985,377.6834,97.8,0,2
MELI261016P01420000,MELI,2026-10-16,22,P,1420.0,-20.8,1793.0,0.0,17.5,4.81,4.81,,0.6621,-0.0175,0.0002,-0.1856,0.1989,8.4868,8.6,0,18
MELI261016C01440000,MELI,2026-10-16,22,C,1440.0,-19.69,1793.0,351.2,381.6,366.4,392.2,8.3,0.4536,0.98,0.0002,-0.1647,0.2264,358.0226,97.3,2,7
MELI261016P01440000,MELI,2026-10-16,22,P,1440.0,-19.69,1793.0,0.0,4.9,2.4,2.4,,0.4874,-0.0204,0.0002,-0.2061,0.2266,2.3969,3.7,5,22
MELI261016C01450000,MELI,2026-10-16,22,C,1450.0,-19.13,1793.0,341.2,371.4,356.3,529.8,8.5,0.4357,0.9783,0.0003,-0.1778,0.2427,347.9236,97.5,0,10
MELI261016P01450000,MELI,2026-10-16,22,P,1450.0,-19.13,1793.0,0.0,3.4,2.59,2.59,,0.4466,-0.0221,0.0003,-0.218,0.2442,1.6724,2.8,5,58
MELI261016C01460000,MELI,2026-10-16,22,C,1460.0,-18.57,1793.0,331.4,361.6,346.5,440.3,8.7,0.4314,0.9764,0.0003,-0.1921,0.2604,338.1194,97.2,0,5
MELI261016P01460000,MELI,2026-10-16,22,P,1460.0,-18.57,1793.0,0.05,2.2,1.125,4.2,191.1,0.4077,-0.024,0.0003,-0.2315,0.2619,1.1144,2.1,0,15
MELI261016C01480000,MELI,2026-10-16,22,C,1480.0,-17.46,1793.0,312.3,342.7,327.5,351.4,9.3,0.4408,0.9717,0.0003,-0.2256,0.3017,319.1062,95.9,6,9
MELI261016P01480000,MELI,2026-10-16,22,P,1480.0,-17.46,1793.0,0.2,2.25,1.225,1.48,167.3,0.3897,-0.0288,0.0003,-0.2633,0.3025,1.2167,2.4,5,14
MELI261016C01500000,MELI,2026-10-16,22,C,1500.0,-16.34,1793.0,292.6,322.7,307.65,466.7,9.8,0.4184,0.9657,0.0004,-0.2663,0.3529,299.261,95.6,0,8
MELI261016P01500000,MELI,2026-10-16,22,P,1500.0,-16.34,1793.0,0.0,5.0,2.05,2.05,,0.4138,-0.0347,0.0004,-0.3016,0.3558,2.4951,4.2,2,136
MELI261016C01520000,MELI,2026-10-16,22,C,1520.0,-15.23,1793.0,274.0,294.0,284.0,360.0,7.0,0.0,0.9581,0.0005,-0.3156,0.414,,,0,9
MELI261016P01520000,MELI,2026-10-16,22,P,1520.0,-15.23,1793.0,1.9,6.9,4.4,2.81,113.6,0.435,-0.0424,0.0005,-0.3492,0.4145,4.3941,6.5,6,64
MELI261016C01540000,MELI,2026-10-16,22,C,1540.0,-14.11,1793.0,254.9,276.1,265.5,428.1,8.0,0.2726,0.9485,0.0006,-0.3743,0.488,257.1045,98.9,0,9
MELI261016P01540000,MELI,2026-10-16,22,P,1540.0,-14.11,1793.0,0.5,7.4,3.95,4.3,174.7,0.3989,-0.052,0.0006,-0.4061,0.4915,3.9764,6.3,0,71
MELI261016C01550000,MELI,2026-10-16,22,C,1550.0,-13.55,1793.0,245.7,275.4,260.55,416.9,11.4,0.4137,0.9428,0.0006,-0.4075,0.529,252.1825,92.0,0,12
MELI261016P01550000,MELI,2026-10-16,22,P,1550.0,-13.55,1793.0,3.1,5.8,4.45,4.0,60.7,0.3958,-0.0578,0.0006,-0.4385,0.5305,4.4891,7.0,0,107
MELI261016C01560000,MELI,2026-10-16,22,C,1560.0,-12.99,1793.0,241.3,257.9,249.6,274.9,6.7,0.3822,0.9365,0.0007,-0.4433,0.5737,241.2508,92.8,1,9
MELI261016P01560000,MELI,2026-10-16,22,P,1560.0,-12.99,1793.0,1.0,9.4,5.2,5.22,161.5,0.396,-0.0643,0.0007,-0.4737,0.5748,5.2457,8.0,0,65
MELI261016C01580000,MELI,2026-10-16,22,C,1580.0,-11.88,1793.0,222.6,238.1,230.35,237.5,6.7,0.3677,0.9216,0.0008,-0.5224,0.6729,222.0356,91.7,0,41
MELI261016P01580000,MELI,2026-10-16,22,P,1580.0,-11.88,1793.0,1.0,8.3,4.65,6.1,157.0,0.3593,-0.0793,0.0008,-0.5515,0.6762,4.7439,7.8,1,74
MELI261016C01600000,MELI,2026-10-16,22,C,1600.0,-10.76,1793.0,199.9,223.2,211.55,217.85,11.0,0.3579,0.9035,0.001,-0.6111,0.784,203.2841,90.0,6,48
MELI261016P01600000,MELI,2026-10-16,22,P,1600.0,-10.76,1793.0,5.0,14.2,9.6,8.4,95.8,0.4015,-0.0974,0.001,-0.6386,0.7897,9.741,12.9,15,400
MELI261016C01620000,MELI,2026-10-16,22,C,1620.0,-9.65,1793.0,181.4,202.0,191.7,198.89,10.7,0.331,0.8819,0.0012,-0.708,0.9042,183.492,89.2,4,14
MELI261016P01620000,MELI,2026-10-16,22,P,1620.0,-9.65,1793.0,0.35,11.0,5.675,9.4,187.7,0.321,-0.1193,0.0012,-0.7343,0.9065,5.8734,10.1,13,67
MELI261016C01640000,MELI,2026-10-16,22,C,1640.0,-8.53,1793.0,164.2,184.9,174.55,186.61,11.9,0.3361,0.8566,0.0013,-0.8106,1.0331,166.4484,85.7,2,24
MELI261016P01640000,MELI,2026-10-16,22,P,1640.0,-8.53,1793.0,3.2,19.9,11.55,13.75,144.6,0.3612,-0.1449,0.0013,-0.836,1.0384,11.8708,16.1,4,95
MELI261016C01650000,MELI,2026-10-16,22,C,1650.0,-7.98,1793.0,161.1,176.7,168.9,194.43,9.2,0.3644,0.8424,0.0014,-0.8633,1.098,160.8792,81.9,0,39
MELI261016P01650000,MELI,2026-10-16,22,P,1650.0,-7.98,1793.0,9.1,20.0,14.55,14.4,74.9,0.3738,-0.1591,0.0014,-0.8881,1.1008,14.9179,18.8,126,203
MELI261016C01660000,MELI,2026-10-16,22,C,1660.0,-7.42,1793.0,148.1,168.1,158.1,161.3,12.7,0.3403,0.8273,0.0015,-0.9162,1.1647,150.137,81.8,0,22
MELI261016P01660000,MELI,2026-10-16,22,P,1660.0,-7.42,1793.0,6.7,25.8,16.25,18.9,117.5,0.3722,-0.1743,0.0015,-0.9405,1.1719,16.6965,20.5,5,114
MELI261016C01670000,MELI,2026-10-16,22,C,1670.0,-6.86,1793.0,140.0,168.2,154.1,0.0,18.3,0.3753,0.8112,0.0016,-0.9689,1.2305,146.2376,77.4,0,0
MELI261016P01670000,MELI,2026-10-16,22,P,1670.0,-6.86,1793.0,8.5,27.7,18.1,20.6,106.1,0.3704,-0.1906,0.0016,-0.9928,1.2362,18.6158,22.3,4,15
MELI261016C01680000,MELI,2026-10-16,22,C,1680.0,-6.3,1793.0,132.1,155.3,143.7,188.3,16.1,0.3542,0.7942,0.0017,-1.021,1.2948,135.9241,76.8,0,6
MELI261016P01680000,MELI,2026-10-16,22,P,1680.0,-6.3,1793.0,10.7,29.8,20.25,21.0,94.3,0.3696,-0.2078,0.0017,-1.0444,1.2979,20.8356,24.2,1,85
MELI261016C01690000,MELI,2026-10-16,22,C,1690.0,-5.74,1793.0,124.4,149.3,136.85,144.47,18.2,0.3603,0.7762,0.0018,-1.0719,1.359,129.1777,74.3,4,4
MELI261016P01690000,MELI,2026-10-16,22,P,1690.0,-5.74,1793.0,13.0,29.3,21.15,22.52,77.1,0.3583,-0.2259,0.0018,-1.095,1.3678,21.8414,25.6,21,54
MELI261016C01700000,MELI,2026-10-16,22,C,1700.0,-5.19,1793.0,119.0,141.8,130.4,133.89,17.5,0.3672,0.7573,0.0019,-1.121,1.4204,122.8464,71.7,22,90
MELI261016P01700000,MELI,2026-10-16,22,P,1700.0,-5.19,1793.0,24.5,34.5,29.5,26.84,33.9,0.3986,-0.2451,0.0019,-1.1437,1.4258,30.2467,30.2,42,266
MELI261016C01710000,MELI,2026-10-16,22,C,1710.0,-4.63,1793.0,114.5,134.2,124.35,127.36,15.8,0.3747,0.7376,0.002,-1.168,1.4786,116.915,69.0,10,8
MELI261016P01710000,MELI,2026-10-16,22,P,1710.0,-4.63,1793.0,18.2,37.1,27.65,25.4,68.4,0.3661,-0.265,0.002,-1.1903,1.4818,28.5306,30.5,2,18
MELI261016C01720000,MELI,2026-10-16,22,C,1720.0,-4.07,1793.0,105.4,122.3,113.85,120.89,14.8,0.3511,0.7171,0.002,-1.2122,1.5345,106.5605,68.0,2,27
MELI261016P01720000,MELI,2026-10-16,22,P,1720.0,-4.07,1793.0,25.5,39.9,32.7,27.87,44.0,0.3791,-0.2857,0.0021,-1.2344,1.5438,33.6785,33.5,12,80
MELI261016C01730000,MELI,2026-10-16,22,C,1730.0,-3.51,1793.0,101.4,118.6,110.0,112.9,15.6,0.3698,0.6958,0.0021,-1.2532,1.586,102.8329,64.6,6,8
MELI261016P01730000,MELI,2026-10-16,22,P,1730.0,-3.51,1793.0,24.6,43.0,33.8,32.05,54.4,0.365,-0.3072,0.0021,-1.275,1.5904,34.9116,35.2,9,28
MELI261016C01740000,MELI,2026-10-16,22,C,1740.0,-2.96,1793.0,94.9,109.3,102.1,107.71,14.1,0.3611,0.6739,0.0022,-1.2906,1.6326,95.0982,62.6,17,31
MELI261016P01740000,MELI,2026-10-16,22,P,1740.0,-2.96,1793.0,28.1,46.3,37.2,33.79,48.9,0.3644,-0.3294,0.0022,-1.3121,1.6353,38.4413,37.5,9,76
MELI261016C01745000,MELI,2026-10-16,22,C,1745.0,-2.68,1793.0,91.6,105.7,98.65,0.0,14.3,0.3594,0.6627,0.0022,-1.3078,1.6545,91.7284,61.4,0,0
MELI261016P01745000,MELI,2026-10-16,22,P,1745.0,-2.68,1793.0,32.8,43.7,38.25,36.1,28.5,0.3597,-0.3407,0.0022,-1.3293,1.6581,39.5754,38.6,1,1
MELI261016C01750000,MELI,2026-10-16,22,C,1750.0,-2.4,1793.0,88.4,100.0,94.2,99.84,12.3,0.3514,0.6514,0.0022,-1.324,1.6752,87.3733,60.5,17,46
MELI261016P01750000,MELI,2026-10-16,22,P,1750.0,-2.4,1793.0,31.8,47.5,39.65,41.81,39.6,0.3568,-0.3522,0.0023,-1.3453,1.6815,41.051,39.7,118,200
MELI261016C01755000,MELI,2026-10-16,22,C,1755.0,-2.12,1793.0,85.3,102.8,94.05,105.1,18.6,0.3687,0.6399,0.0023,-1.339,1.6943,87.2797,58.6,1,1
MELI261016P01755000,MELI,2026-10-16,22,P,1755.0,-2.12,1793.0,33.7,51.6,42.65,39.17,42.0,0.363,-0.3638,0.0023,-1.36,1.6986,44.0996,41.2,25,14
MELI261016C01760000,MELI,2026-10-16,22,C,1760.0,-1.84,1793.0,82.2,95.4,88.8,102.1,14.9,0.3554,0.6283,0.0023,-1.3528,1.7119,82.1404,57.8,0,60
MELI261016P01760000,MELI,2026-10-16,22,P,1760.0,-1.84,1793.0,35.8,53.6,44.7,48.4,39.8,0.3631,-0.3755,0.0023,-1.3737,1.7146,46.2017,42.4,15,28
MELI261016C01765000,MELI,2026-10-16,22,C,1765.0,-1.56,1793.0,79.2,96.5,87.85,0.0,19.7,0.3669,0.6166,0.0023,-1.3656,1.7279,81.2468,56.2,0,0
MELI261016P01765000,MELI,2026-10-16,22,P,1765.0,-1.56,1793.0,37.8,55.5,46.65,43.6,37.9,0.3624,-0.3873,0.0024,-1.3863,1.7298,48.2302,43.7,1,1
MELI261016C01770000,MELI,2026-10-16,22,C,1770.0,-1.28,1793.0,76.3,93.6,84.95,88.2,20.4,0.3667,0.6049,0.0023,-1.3771,1.7426,78.4394,55.0,4,7
MELI261016P01770000,MELI,2026-10-16,22,P,1770.0,-1.28,1793.0,43.6,57.6,50.6,49.0,27.7,0.3729,-0.3992,0.0024,-1.3979,1.7438,52.2412,45.2,2,18
MELI261016C01775000,MELI,2026-10-16,22,C,1775.0,-1.0,1793.0,73.4,90.7,82.05,0.0,21.1,0.3661,0.593,0.0024,-1.3873,1.7559,75.6243,53.8,0,0
MELI261016P01775000,MELI,2026-10-16,22,P,1775.0,-1.0,1793.0,42.1,59.7,50.9,46.07,34.6,0.362,-0.4112,0.0024,-1.4082,1.7572,52.6422,46.2,8,5
MELI261016C01780000,MELI,2026-10-16,22,C,1780.0,-0.73,1793.0,70.6,87.9,79.25,96.7,21.8,0.3658,0.5811,0.0024,-1.3963,1.7677,72.9223,52.5,0,76
MELI261016P01780000,MELI,2026-10-16,22,P,1780.0,-0.73,1793.0,44.4,61.8,53.1,49.5,32.8,0.3617,-0.4233,0.0024,-1.4169,1.7697,54.9243,47.4,2,79
MELI261016C01785000,MELI,2026-10-16,22,C,1785.0,-0.45,1793.0,67.8,81.1,74.45,80.87,17.9,0.3539,0.5691,0.0024,-1.4039,1.7778,68.2599,51.4,1,64
MELI261016P01785000,MELI,2026-10-16,22,P,1785.0,-0.45,1793.0,51.2,60.1,55.65,51.62,16.0,0.3629,-0.4355,0.0024,-1.4243,1.7788,57.5302,48.7,0,1
MELI261016C01790000,MELI,2026-10-16,22,C,1790.0,-0.17,1793.0,65.2,82.5,73.85,70.8,23.4,0.3653,0.5571,0.0024,-1.4103,1.7863,67.7206,50.0,10,30
MELI261016P01790000,MELI,2026-10-16,22,P,1790.0,-0.17,1793.0,49.0,66.4,57.7,56.0,30.2,0.3611,-0.4477,0.0024,-1.4305,1.7865,59.6756,49.9,20,60
MELI261016C01795000,MELI,2026-10-16,22,C,1795.0,0.11,1793.0,62.6,79.9,71.25,81.6,24.3,0.3651,0.545,0.0024,-1.4153,1.7931,65.2211,48.8,0,0
MELI261016P01795000,MELI,2026-10-16,22,P,1795.0,0.11,1793.0,51.3,68.8,60.05,0.0,29.1,0.3606,-0.4599,0.0024,-1.4355,1.7923,62.1097,51.2,0,0
MELI261016C01800000,MELI,2026-10-16,22,C,1800.0,0.39,1793.0,60.1,77.5,68.8,67.5,25.3,0.3654,0.5329,0.0024,-1.4191,1.7984,62.871,47.6,5,153
MELI261016P01800000,MELI,2026-10-16,22,P,1800.0,0.39,1793.0,53.7,71.3,62.5,61.3,28.2,0.3603,-0.4722,0.0025,-1.4394,1.797,64.6412,52.4,5,153
MELI261016C01805000,MELI,2026-10-16,22,C,1805.0,0.67,1793.0,62.0,69.9,65.95,0.0,12.0,0.3631,0.5208,0.0024,-1.4215,1.802,60.1259,46.3,0,0
MELI261016P01805000,MELI,2026-10-16,22,P,1805.0,0.67,1793.0,56.2,73.8,65.0,0.0,27.1,0.36,-0.4844,0.0025,-1.4419,1.7996,67.235,53.7,0,0
MELI261016C01810000,MELI,2026-10-16,22,C,1810.0,0.95,1793.0,55.0,72.7,63.85,59.0,27.7,0.3647,0.5087,0.0024,-1.4225,1.804,58.127,45.1,82,96
MELI261016P01810000,MELI,2026-10-16,22,P,1810.0,0.95,1793.0,58.7,76.4,67.55,64.95,26.2,0.3595,-0.4967,0.0025,-1.4427,1.8002,69.8558,54.9,21,81
MELI261016C01815000,MELI,2026-10-16,22,C,1815.0,1.23,1793.0,52.6,70.5,61.55,66.28,29.1,0.3648,0.4966,0.0024,-1.4222,1.8043,55.9256,43.9,23,13
MELI261016P01815000,MELI,2026-10-16,22,P,1815.0,1.23,1793.0,61.3,79.1,70.2,69.33,25.4,0.3592,-0.509,0.0025,-1.4421,1.8005,72.5736,56.2,1,1
MELI261016C01820000,MELI,2026-10-16,22,C,1820.0,1.51,1793.0,50.2,68.0,59.1,66.14,30.1,0.3638,0.4846,0.0024,-1.4206,1.8031,53.5922,42.7,61,122
MELI261016P01820000,MELI,2026-10-16,22,P,1820.0,1.51,1793.0,64.1,81.8,72.95,67.35,24.3,0.3592,-0.5212,0.0025,-1.4404,1.7994,75.4055,57.4,1,27
MELI261016C01825000,MELI,2026-10-16,22,C,1825.0,1.78,1793.0,47.9,66.0,56.95,54.28,31.8,0.3641,0.4725,0.0024,-1.4177,1.8003,51.5466,41.5,22,16
MELI261016P01825000,MELI,2026-10-16,22,P,1825.0,1.78,1793.0,66.7,84.5,75.6,75.7,23.5,0.3584,-0.5334,0.0025,-1.4375,1.7952,78.159,58.6,44,5
MELI261016C01830000,MELI,2026-10-16,22,C,1830.0,2.06,1793.0,45.7,63.7,54.7,51.1,32.9,0.3635,0.4606,0.0024,-1.4135,1.7958,49.404,40.3,6,41
MELI261016P01830000,MELI,2026-10-16,22,P,1830.0,2.06,1793.0,69.5,87.3,78.4,72.95,22.7,0.358,-0.5456,0.0025,-1.4336,1.79,81.0435,59.8,27,33
MELI261016C01835000,MELI,2026-10-16,22,C,1835.0,2.34,1793.0,43.5,61.7,52.6,52.1,34.6,0.3634,0.4486,0.0024,-1.408,1.7897,47.4078,39.1,25,23
MELI261016P01835000,MELI,2026-10-16,22,P,1835.0,2.34,1793.0,72.6,90.2,81.4,81.05,21.6,0.3584,-0.5578,0.0025,-1.4282,1.7815,84.1266,61.0,2,0
MELI261016C01840000,MELI,2026-10-16,22,C,1840.0,2.62,1793.0,41.4,59.7,50.55,56.04,36.2,0.3633,0.4368,0.0024,-1.4012,1.7819,45.4702,37.9,4,110
MELI261016P01840000,MELI,2026-10-16,22,P,1840.0,2.62,1793.0,75.5,93.1,84.3,81.58,20.9,0.3578,-0.5698,0.0024,-1.4211,1.7704,87.0968,62.2,14,34
MELI261016C01845000,MELI,2026-10-16,22,C,1845.0,2.9,1793.0,39.3,57.7,48.5,63.95,37.9,0.3629,0.425,0.0024,-1.3932,1.7728,43.5396,36.8,0,1
MELI261016P01845000,MELI,2026-10-16,22,P,1845.0,2.9,1793.0,78.6,96.1,87.35,87.95,20.0,0.3578,-0.5818,0.0024,-1.4129,1.7623,90.2291,63.4,13,9
MELI261016C01850000,MELI,2026-10-16,22,C,1850.0,3.18,1793.0,37.3,55.8,46.55,48.8,39.7,0.3626,0.4134,0.0024,-1.384,1.7623,41.6841,35.6,0,63
MELI261016P01850000,MELI,2026-10-16,22,P,1850.0,3.18,1793.0,81.8,99.2,90.5,86.69,19.2,0.358,-0.5936,0.0024,-1.4037,1.753,93.453,64.5,1,26
MELI261016C01855000,MELI,2026-10-16,22,C,1855.0,3.46,1793.0,35.3,53.9,44.6,44.2,41.7,0.3621,0.4018,0.0024,-1.3737,1.7505,39.8525,34.5,1,4
MELI261016P01855000,MELI,2026-10-16,22,P,1855.0,3.46,1793.0,85.4,99.1,92.25,0.0,14.9,0.3498,-0.6054,0.0024,-1.3934,1.7389,95.3319,65.9,0,0
MELI261016C01860000,MELI,2026-10-16,22,C,1860.0,3.74,1793.0,40.5,52.0,46.25,42.6,24.9,0.382,0.3903,0.0024,-1.3623,1.7371,41.4707,34.0,65,122
MELI261016P01860000,MELI,2026-10-16,22,P,1860.0,3.74,1793.0,88.7,105.4,97.05,97.85,17.2,0.359,-0.6171,0.0024,-1.3823,1.7244,100.1687,66.7,28,90
MELI261016C01865000,MELI,2026-10-16,22,C,1865.0,4.02,1793.0,31.5,42.0,36.75,39.75,28.6,0.337,0.379,0.0023,-1.3497,1.7221,32.4361,31.3,5,67
MELI261016P01865000,MELI,2026-10-16,22,P,1865.0,4.02,1793.0,97.2,106.3,101.75,0.0,8.9,0.3673,-0.6287,0.0024,-1.3699,1.7055,104.8866,67.5,0,0
MELI261016C01870000,MELI,2026-10-16,22,C,1870.0,4.29,1793.0,29.7,41.4,35.55,40.93,32.9,0.3397,0.3678,0.0023,-1.3361,1.7057,31.3358,30.3,0,29
MELI261016P01870000,MELI,2026-10-16,22,P,1870.0,4.29,1793.0,94.4,112.0,103.2,104.59,17.1,0.3562,-0.6401,0.0024,-1.3561,1.684,106.4842,69.0,3,16
MELI261016C01880000,MELI,2026-10-16,22,C,1880.0,4.85,1793.0,26.3,45.3,35.8,44.12,53.1,0.3601,0.3458,0.0023,-1.3059,1.6698,31.6189,29.0,1,110
MELI261016P01880000,MELI,2026-10-16,22,P,1880.0,4.85,1793.0,101.2,118.8,110.0,107.24,16.0,0.3559,-0.6626,0.0023,-1.3257,1.6524,113.4306,71.2,26,59
MELI261016C01890000,MELI,2026-10-16,22,C,1890.0,5.41,1793.0,23.1,42.2,32.65,32.85,58.5,0.3593,0.3244,0.0022,-1.2721,1.6296,28.7032,27.0,1,68
MELI261016P01890000,MELI,2026-10-16,22,P,1890.0,5.41,1793.0,106.8,128.6,117.7,116.7,18.5,0.3599,-0.6845,0.0023,-1.2923,1.6067,121.2438,73.0,26,78
MELI261016C01900000,MELI,2026-10-16,22,C,1900.0,5.97,1793.0,20.0,35.4,27.7,28.17,55.6,0.3456,0.3037,0.0022,-1.235,1.5843,24.1003,24.3,141,297
MELI261016P01900000,MELI,2026-10-16,22,P,1900.0,5.97,1793.0,116.3,135.9,126.1,122.18,15.5,0.3673,-0.7057,0.0022,-1.2554,1.5492,129.7245,74.6,2,53
MELI261016C01910000,MELI,2026-10-16,22,C,1910.0,6.53,1793.0,17.3,36.7,27.0,25.0,71.9,0.3578,0.2837,0.0021,-1.1952,1.5359,23.4948,23.1,4,54
MELI261016P01910000,MELI,2026-10-16,22,P,1910.0,6.53,1793.0,122.2,143.6,132.9,129.52,16.1,0.3632,-0.7262,0.0021,-1.2155,1.5071,136.6667,76.6,5,144
MELI261016C01920000,MELI,2026-10-16,22,C,1920.0,7.08,1793.0,18.0,34.2,26.1,25.1,62.1,0.3681,0.2644,0.002,-1.1529,1.485,22.7002,21.9,3,140
MELI261016P01920000,MELI,2026-10-16,22,P,1920.0,7.08,1793.0,129.7,151.2,140.45,133.99,15.3,0.3629,-0.746,0.0021,-1.1734,1.4473,144.3575,78.4,8,22
MELI261016C01930000,MELI,2026-10-16,22,C,1930.0,7.64,1793.0,12.4,31.9,22.15,22.69,88.0,0.3566,0.246,0.0019,-1.1088,1.4303,19.0822,19.6,34,35
MELI261016P01930000,MELI,2026-10-16,22,P,1930.0,7.64,1793.0,135.4,161.2,148.3,91.58,17.4,0.3632,-0.765,0.002,-1.1293,1.3789,152.3017,80.0,0,23
MELI261016C01940000,MELI,2026-10-16,22,C,1940.0,8.2,1793.0,16.9,26.0,21.45,24.06,42.4,0.3666,0.2284,0.0019,-1.0631,1.3738,18.4691,18.6,50,79
MELI261016P01940000,MELI,2026-10-16,22,P,1940.0,8.2,1793.0,148.4,168.7,158.55,96.81,12.8,0.3801,-0.7831,0.0019,-1.0837,1.3294,162.536,80.7,0,32
MELI261016C01950000,MELI,2026-10-16,22,C,1950.0,8.76,1793.0,8.2,27.8,18.0,20.96,108.9,0.3552,0.2117,0.0018,-1.0164,1.3167,15.3271,16.4,3,84
MELI261016P01950000,MELI,2026-10-16,22,P,1950.0,8.76,1793.0,157.0,172.3,164.65,165.2,9.3,0.3652,-0.8004,0.0018,-1.0366,1.2625,168.826,83.0,0,36
MELI261016C01960000,MELI,2026-10-16,22,C,1960.0,9.31,1793.0,6.4,26.1,16.25,21.63,121.2,0.3552,0.1958,0.0017,-0.9692,1.2576,13.7629,15.0,17,29
MELI261016P01960000,MELI,2026-10-16,22,P,1960.0,9.31,1793.0,165.1,184.5,174.8,165.57,11.1,0.3805,-0.8168,0.0018,-0.9888,1.1914,178.9673,83.5,12,27
MELI261016C01980000,MELI,2026-10-16,22,C,1980.0,10.43,1793.0,3.3,22.9,13.1,15.48,149.6,0.3546,0.1667,0.0015,-0.8743,1.1388,10.9741,12.4,31,95
MELI261016P01980000,MELI,2026-10-16,22,P,1980.0,10.43,1793.0,173.6,202.3,187.95,183.36,15.3,0.3462,-0.847,0.0016,-0.8923,1.0704,192.3848,88.1,12,25
MELI261016C02000000,MELI,2026-10-16,22,C,2000.0,11.54,1793.0,0.75,20.0,10.375,10.5,185.5,0.353,0.141,0.0014,-0.7813,1.0206,8.5875,10.1,15,198
MELI261016P02000000,MELI,2026-10-16,22,P,2000.0,11.54,1793.0,200.0,215.1,207.55,199.47,7.3,0.3665,-0.8738,0.0014,-0.7964,0.9312,211.9732,89.1,11,48
MELI261016C02020000,MELI,2026-10-16,22,C,2020.0,12.66,1793.0,0.0,18.4,14.0,14.0,,0.3636,0.1187,0.0012,-0.6927,0.9083,7.583,8.8,0,57
MELI261016P02020000,MELI,2026-10-16,22,P,2020.0,12.66,1793.0,214.9,233.4,224.15,215.83,8.3,0.3488,-0.8973,0.0013,-0.7036,0.8061,228.5906,92.0,0,29
MELI261016C02040000,MELI,2026-10-16,22,C,2040.0,13.78,1793.0,4.0,16.1,10.05,9.6,120.4,0.3955,0.0996,0.0011,-0.61,0.801,8.3601,8.8,0,64
MELI261016P02040000,MELI,2026-10-16,22,P,2040.0,13.78,1793.0,231.4,257.0,244.2,232.67,10.5,0.3711,-0.9178,0.0012,-0.6234,0.6859,248.6048,92.4,0,25
MELI261016C02050000,MELI,2026-10-16,22,C,2050.0,14.33,1793.0,5.1,11.5,8.3,5.5,77.1,0.386,0.0911,0.001,-0.5712,0.7514,6.8259,7.6,19,99
MELI261016P02050000,MELI,2026-10-16,22,P,2050.0,14.33,1793.0,245.3,266.4,255.85,178.97,8.2,0.4042,-0.927,0.0011,-0.587,0.6302,260.2486,91.5,0,16
MELI261016C02060000,MELI,2026-10-16,22,C,2060.0,14.89,1793.0,4.0,6.7,5.35,8.52,50.5,0.3562,0.0832,0.0009,-0.5342,0.7034,4.2836,5.4,0,121
MELI261016P02060000,MELI,2026-10-16,22,P,2060.0,14.89,1793.0,255.4,275.9,265.65,257.9,7.7,0.4125,-0.9353,0.001,-0.5498,0.5723,270.0358,91.9,0,17
MELI261016C02080000,MELI,2026-10-16,22,C,2080.0,16.01,1793.0,0.0,12.2,8.55,8.55,,0.3873,0.0695,0.0008,-0.466,0.6138,4.943,5.7,0,58
MELI261016P02080000,MELI,2026-10-16,22,P,2080.0,16.01,1793.0,269.2,295.5,282.35,227.2,9.3,0.3816,-0.9512,0.0009,-0.5123,0.4577,286.6095,94.6,0,3
MELI261016C02100000,MELI,2026-10-16,22,C,2100.0,17.12,1793.0,0.9,4.0,2.45,3.4,126.5,0.3376,0.058,0.0007,-0.4054,0.5344,1.8797,2.7,19,438
MELI261016P02100000,MELI,2026-10-16,22,P,2100.0,17.12,1793.0,288.8,314.7,301.75,196.4,8.6,0.3878,-0.964,0.0008,-0.4773,0.3684,305.8897,95.4,0,17
MELI261016C02120000,MELI,2026-10-16,22,C,2120.0,18.24,1793.0,0.0,4.3,3.6,3.6,,0.3465,0.0484,0.0006,-0.352,0.4634,1.644,2.4,8,71
MELI261016P02120000,MELI,2026-10-16,22,P,2120.0,18.24,1793.0,308.4,335.0,321.7,249.0,8.3,0.4053,-0.9756,0.0007,-0.4179,0.2395,325.801,95.6,0,16
MELI261016C02140000,MELI,2026-10-16,22,C,2140.0,19.35,1793.0,0.05,6.1,3.075,2.25,196.7,0.3869,0.0404,0.0005,-0.3053,0.4019,2.4127,3.0,8,14
MELI261016P02140000,MELI,2026-10-16,22,P,2140.0,19.35,1793.0,323.3,354.5,338.9,229.2,9.2,0.0,-0.9845,0.0006,-0.3508,0.1928,,,0,0
MELI261016C02150000,MELI,2026-10-16,22,C,2150.0,19.91,1793.0,0.0,6.3,2.8,2.8,,0.397,0.037,0.0005,-0.2847,0.3741,2.4745,3.0,0,47
MELI261016P02150000,MELI,2026-10-16,22,P,2150.0,19.91,1793.0,333.8,365.4,349.6,333.04,9.0,0.0,-0.988,0.0005,-0.3426,0.1278,,,0,0
MELI261016C02160000,MELI,2026-10-16,22,C,2160.0,20.47,1793.0,0.0,4.9,4.54,4.54,,0.3875,0.0338,0.0004,-0.2651,0.3479,1.8993,2.4,0,32
MELI261016P02160000,MELI,2026-10-16,22,P,2160.0,20.47,1793.0,343.2,375.4,359.3,245.6,9.0,0.0,-0.9907,0.0004,-0.3056,0.0688,,,0,0
MELI261016C02180000,MELI,2026-10-16,22,C,2180.0,21.58,1793.0,0.0,4.2,3.64,3.64,,0.3932,0.0284,0.0004,-0.23,0.3016,1.619,2.0,0,21
MELI261016P02180000,MELI,2026-10-16,22,P,2180.0,21.58,1793.0,364.5,395.1,379.8,275.6,8.1,0.0,-0.9953,0.0002,-0.2442,0.0546,,,0,0
MELI261016C02200000,MELI,2026-10-16,22,C,2200.0,22.7,1793.0,0.0,3.8,1.65,1.65,,0.4021,0.0238,0.0003,-0.1997,0.2607,1.4601,1.8,6,122
MELI261016P02200000,MELI,2026-10-16,22,P,2200.0,22.7,1793.0,384.5,414.7,399.6,202.8,7.6,0.0,-0.9979,0.0001,-0.2203,0.0195,,,0,0
MELI261016C02220000,MELI,2026-10-16,22,C,2220.0,23.81,1793.0,0.0,2.25,1.4,1.4,,0.3856,0.0201,0.0003,-0.1736,0.2261,0.8429,1.1,16,72
MELI261016P02220000,MELI,2026-10-16,22,P,2220.0,23.81,1793.0,404.5,435.1,419.8,342.6,7.3,0.0,-0.999,0.0001,-0.2203,0.0,,,0,2
MELI261016C02240000,MELI,2026-10-16,22,C,2240.0,24.93,1793.0,0.0,2.6,0.9,0.9,,0.4083,0.0169,0.0002,-0.1508,0.1956,0.9895,1.2,130,86
MELI261016P02240000,MELI,2026-10-16,22,P,2240.0,24.93,1793.0,424.5,453.8,439.15,369.1,6.7,0.0,-0.9999,0.0,-0.2203,0.0,,,0,0
MELI261023C01360000,MELI,2026-10-23,29,C,1360.0,-24.15,1793.0,431.4,462.4,446.9,458.4,6.9,0.477,0.9826,0.0002,-0.1162,0.2284,438.7477,97.8,0,3
MELI261023P01360000,MELI,2026-10-23,29,P,1360.0,-24.15,1793.0,0.0,17.3,8.41,8.41,,0.6614,-0.0177,0.0002,-0.1737,0.2294,8.4981,8.0,0,1
MELI261023C01380000,MELI,2026-10-23,29,C,1380.0,-23.03,1793.0,411.6,442.6,427.1,537.29,7.3,0.4612,0.9802,0.0002,-0.1335,0.2548,418.9395,97.6,0,2
MELI261023P01380000,MELI,2026-10-23,29,P,1380.0,-23.03,1793.0,0.0,17.3,2.77,2.77,,0.6339,-0.0201,0.0002,-0.1886,0.2552,8.523,8.2,0,2
MELI261023C01400000,MELI,2026-10-23,29,C,1400.0,-21.92,1793.0,391.9,423.7,407.8,516.27,7.8,0.4638,0.9774,0.0002,-0.1529,0.2849,399.6264,96.8,0,2
MELI261023P01400000,MELI,2026-10-23,29,P,1400.0,-21.92,1793.0,0.0,6.3,1.4,1.4,,0.4938,-0.0229,0.0002,-0.2055,0.285,3.1341,4.2,0,101
MELI261023C01420000,MELI,2026-10-23,29,C,1420.0,-20.8,1793.0,372.1,403.5,387.8,436.9,8.1,0.439,0.974,0.0003,-0.1749,0.3193,379.6229,96.8,0,3
MELI261023P01420000,MELI,2026-10-23,29,P,1420.0,-20.8,1793.0,0.0,16.4,9.65,9.65,,0.5724,-0.0262,0.0003,-0.2251,0.321,8.1308,8.3,0,1
MELI261023C01430000,MELI,2026-10-23,29,C,1430.0,-20.25,1793.0,362.7,391.7,377.2,0.0,7.7,0.404,0.9721,0.0003,-0.187,0.3388,369.0226,97.5,0,0
MELI261023P01430000,MELI,2026-10-23,29,P,1430.0,-20.25,1793.0,0.0,5.0,,0.0,,0.4406,-0.0282,0.0003,-0.236,0.34,2.5117,3.7,0,0
MELI261023C01440000,MELI,2026-10-23,29,C,1440.0,-19.69,1793.0,353.4,383.2,368.3,472.8,8.1,0.4304,0.97,0.0003,-0.2,0.3602,360.1188,96.2,0,1
MELI261023P01440000,MELI,2026-10-23,29,P,1440.0,-19.69,1793.0,0.0,5.2,13.6,13.6,,0.4324,-0.0303,0.0003,-0.2479,0.3609,2.6172,3.9,0,1
MELI261023C01450000,MELI,2026-10-23,29,C,1450.0,-19.13,1793.0,343.7,373.5,358.6,0.0,8.3,0.4267,0.9676,0.0003,-0.2141,0.3834,350.4189,95.8,0,0
MELI261023P01450000,MELI,2026-10-23,29,P,1450.0,-19.13,1793.0,0.0,10.1,2.85,2.85,,0.4784,-0.0327,0.0003,-0.2608,0.3838,5.0592,6.3,0,176
MELI261023C01460000,MELI,2026-10-23,29,C,1460.0,-18.57,1793.0,334.0,359.8,346.9,0.0,7.4,0.3545,0.965,0.0004,-0.2292,0.4083,338.711,97.9,0,0
MELI261023P01460000,MELI,2026-10-23,29,P,1460.0,-18.57,1793.0,0.0,4.4,2.2,2.2,,0.3981,-0.0354,0.0004,-0.275,0.4099,2.2234,3.6,6,4
MELI261023C01470000,MELI,2026-10-23,29,C,1470.0,-18.01,1793.0,324.0,354.2,339.1,0.0,8.9,0.415,0.9622,0.0004,-0.2456,0.435,330.9205,95.2,0,0
MELI261023P01470000,MELI,2026-10-23,29,P,1470.0,-18.01,1793.0,0.0,5.1,,0.0,,0.3977,-0.0382,0.0004,-0.2899,0.4382,2.5894,4.1,0,0
MELI261023C01480000,MELI,2026-10-23,29,C,1480.0,-17.46,1793.0,315.2,344.6,329.9,0.0,8.9,0.4207,0.959,0.0004,-0.2633,0.4641,321.7225,94.4,0,0
MELI261023P01480000,MELI,2026-10-23,29,P,1480.0,-17.46,1793.0,1.9,4.9,3.4,3.27,88.2,0.4077,-0.0415,0.0004,-0.3068,0.4666,3.4383,5.1,0,1
MELI261023C01490000,MELI,2026-10-23,29,C,1490.0,-16.9,1793.0,305.6,331.1,318.35,0.0,8.0,0.3713,0.9554,0.0004,-0.2824,0.4962,310.169,96.0,0,0
MELI261023P01490000,MELI,2026-10-23,29,P,1490.0,-16.9,1793.0,2.2,5.2,3.7,5.4,81.1,0.4029,-0.0451,0.0004,-0.3248,0.4978,3.7475,5.5,0,6
MELI261023C01500000,MELI,2026-10-23,29,C,1500.0,-16.34,1793.0,296.1,321.7,308.9,319.4,8.3,0.3736,0.9515,0.0005,-0.303,0.5309,300.7263,95.3,0,5
MELI261023P01500000,MELI,2026-10-23,29,P,1500.0,-16.34,1793.0,0.0,7.7,3.6,3.6,,0.3945,-0.049,0.0005,-0.3443,0.5322,3.9075,5.7,4,10
MELI261023C01510000,MELI,2026-10-23,29,C,1510.0,-15.78,1793.0,286.5,312.3,299.4,353.7,8.6,0.373,0.9471,0.0005,-0.3252,0.5679,291.2337,94.6,0,4
MELI261023P01510000,MELI,2026-10-23,29,P,1510.0,-15.78,1793.0,0.0,8.9,5.1,5.1,,0.3946,-0.0534,0.0005,-0.3654,0.5719,4.5197,6.5,0,5
MELI261023C01520000,MELI,2026-10-23,29,C,1520.0,-15.23,1793.0,277.2,302.9,290.05,338.96,8.9,0.3742,0.9423,0.0006,-0.3491,0.6075,281.8962,93.9,0,2
MELI261023P01520000,MELI,2026-10-23,29,P,1520.0,-15.23,1793.0,0.0,10.2,4.4,4.4,,0.3943,-0.0583,0.0006,-0.3883,0.6114,5.1844,7.2,2,7
MELI261023C01530000,MELI,2026-10-23,29,C,1530.0,-14.67,1793.0,267.8,293.5,280.65,0.0,9.2,0.373,0.937,0.0006,-0.3748,0.6506,272.51,93.1,0,0
MELI261023P01530000,MELI,2026-10-23,29,P,1530.0,-14.67,1793.0,3.9,7.0,5.45,5.0,56.9,0.388,-0.0637,0.0006,-0.413,0.6532,5.5478,7.7,0,3
MELI261023C01540000,MELI,2026-10-23,29,C,1540.0,-14.11,1793.0,258.5,286.7,272.6,0.0,10.3,0.3914,0.931,0.0007,-0.4023,0.6972,264.4803,91.2,0,0
MELI261023P01540000,MELI,2026-10-23,29,P,1540.0,-14.11,1793.0,0.0,17.9,,0.0,,0.4245,-0.0696,0.0007,-0.4394,0.699,9.0694,10.8,0,0
MELI261023C01550000,MELI,2026-10-23,29,C,1550.0,-13.55,1793.0,249.3,278.6,263.95,0.0,11.1,0.3969,0.9246,0.0007,-0.4316,0.7461,255.8577,89.9,0,0
MELI261023P01550000,MELI,2026-10-23,29,P,1550.0,-13.55,1793.0,0.0,20.2,,0.0,,0.4251,-0.0762,0.0007,-0.4677,0.7515,10.2476,11.9,0,0
MELI261023C01560000,MELI,2026-10-23,29,C,1560.0,-12.99,1793.0,240.2,266.7,253.45,414.2,10.5,0.3771,0.9174,0.0008,-0.4627,0.7976,245.3678,90.1,0,1
MELI261023P01560000,MELI,2026-10-23,29,P,1560.0,-12.99,1793.0,0.0,20.2,10.5,10.5,,0.4117,-0.0834,0.0008,-0.4979,0.8024,10.2723,12.1,0,2
MELI261023C01570000,MELI,2026-10-23,29,C,1570.0,-12.44,1793.0,230.5,260.5,245.5,0.0,12.2,0.389,0.9096,0.0008,-0.4956,0.8528,237.4541,88.2,0,0
MELI261023P01570000,MELI,2026-10-23,29,P,1570.0,-12.44,1793.0,0.0,24.9,,0.0,,0.4232,-0.0912,0.0008,-0.5299,0.8558,12.646,14.0,0,0
MELI261023C01580000,MELI,2026-10-23,29,C,1580.0,-11.88,1793.0,222.0,251.9,236.95,0.0,12.6,0.3914,0.9011,0.0009,-0.5301,0.911,228.9458,86.9,0,0
MELI261023P01580000,MELI,2026-10-23,29,P,1580.0,-11.88,1793.0,0.0,20.3,10.5,10.5,,0.3855,-0.0998,0.0009,-0.5634,0.9138,10.3801,12.7,0,3
MELI261023C01590000,MELI,2026-10-23,29,C,1590.0,-11.32,1793.0,214.7,240.8,227.75,0.0,11.5,0.3857,0.8918,0.001,-0.5662,0.9708,219.7769,86.0,0,0
MELI261023P01590000,MELI,2026-10-23,29,P,1590.0,-11.32,1793.0,0.0,23.2,13.0,13.0,,0.387,-0.1092,0.001,-0.5987,0.9788,11.8613,14.1,7,9
MELI261023C01600000,MELI,2026-10-23,29,C,1600.0,-10.76,1793.0,204.2,232.1,218.15,0.0,12.8,0.3756,0.8818,0.001,-0.6038,1.0328,210.2126,85.4,0,0
MELI261023P01600000,MELI,2026-10-23,29,P,1600.0,-10.76,1793.0,0.7,16.0,8.35,12.38,183.2,0.3393,-0.1193,0.001,-0.6354,1.0379,8.6288,12.0,13,63
MELI261023C01610000,MELI,2026-10-23,29,C,1610.0,-10.21,1793.0,196.8,222.4,209.6,0.0,12.2,0.375,0.871,0.0011,-0.6426,1.0978,201.7045,84.0,0,0
MELI261023P01610000,MELI,2026-10-23,29,P,1610.0,-10.21,1793.0,2.05,28.0,15.025,14.54,172.7,0.3909,-0.1302,0.0011,-0.6734,1.1009,15.3834,17.1,2,6
MELI261023C01620000,MELI,2026-10-23,29,C,1620.0,-9.65,1793.0,186.9,213.0,199.95,0.0,13.1,0.3637,0.8594,0.0012,-0.6824,1.1639,192.0977,83.4,0,0
MELI261023P01620000,MELI,2026-10-23,29,P,1620.0,-9.65,1793.0,3.7,22.9,13.3,14.35,144.4,0.3614,-0.1419,0.0012,-0.7123,1.1713,13.6972,16.4,6,8
MELI261023C01630000,MELI,2026-10-23,29,C,1630.0,-9.09,1793.0,178.4,204.5,191.45,0.0,13.6,0.362,0.8469,0.0012,-0.7229,1.2301,183.6569,82.0,0,0
MELI261023P01630000,MELI,2026-10-23,29,P,1630.0,-9.09,1793.0,5.1,21.3,13.2,15.48,122.7,0.3463,-0.1545,0.0012,-0.7521,1.237,13.6352,16.8,3,25
MELI261023C01640000,MELI,2026-10-23,29,C,1640.0,-8.53,1793.0,170.1,198.4,184.25,0.0,15.4,0.3695,0.8337,0.0013,-0.7639,1.298,176.5312,79.8,0,0
MELI261023P01640000,MELI,2026-10-23,29,P,1640.0,-8.53,1793.0,15.0,27.2,21.1,15.5,57.8,0.3942,-0.1679,0.0013,-0.7924,1.3024,21.612,21.9,0,12
MELI261023C01650000,MELI,2026-10-23,29,C,1650.0,-7.98,1793.0,167.1,190.9,179.0,199.06,13.3,0.389,0.8196,0.0014,-0.8051,1.3664,171.3731,76.8,0,9
MELI261023P01650000,MELI,2026-10-23,29,P,1650.0,-7.98,1793.0,8.1,31.5,19.8,20.8,118.2,0.3692,-0.1821,0.0014,-0.8329,1.3702,20.3823,21.9,5,37
MELI261023C01660000,MELI,2026-10-23,29,C,1660.0,-7.42,1793.0,153.9,182.1,168.0,0.0,16.8,0.3658,0.8048,0.0015,-0.8461,1.433,160.4275,76.6,0,0
MELI261023P01660000,MELI,2026-10-23,29,P,1660.0,-7.42,1793.0,10.2,33.2,21.7,27.25,106.0,0.3671,-0.1971,0.0015,-0.8732,1.4406,22.3462,23.5,0,8
MELI261023C01670000,MELI,2026-10-23,29,C,1670.0,-6.86,1793.0,146.1,175.8,160.95,0.0,18.5,0.3698,0.7892,0.0015,-0.8866,1.4991,153.4795,74.5,0,0
MELI261023P01670000,MELI,2026-10-23,29,P,1670.0,-6.86,1793.0,12.2,35.7,23.95,25.0,98.1,0.3664,-0.2129,0.0015,-0.913,1.5045,24.6698,25.2,1,16
MELI261023C01680000,MELI,2026-10-23,29,C,1680.0,-6.3,1793.0,138.9,161.5,150.2,303.1,15.0,0.3483,0.7728,0.0016,-0.9262,1.5646,142.8097,74.1,0,1
MELI261023P01680000,MELI,2026-10-23,29,P,1680.0,-6.3,1793.0,14.5,32.8,23.65,27.5,77.4,0.3481,-0.2294,0.0016,-0.952,1.5693,24.4485,25.9,5,6
MELI261023C01690000,MELI,2026-10-23,29,C,1690.0,-5.74,1793.0,130.8,156.7,143.75,0.0,18.0,0.3542,0.7557,0.0017,-0.9646,1.627,136.467,71.7,0,0
MELI261023P01690000,MELI,2026-10-23,29,P,1690.0,-5.74,1793.0,20.5,40.5,30.5,27.79,65.6,0.3744,-0.2466,0.0017,-0.9899,1.6361,31.3833,29.5,1,24
MELI261023C01700000,MELI,2026-10-23,29,C,1700.0,-5.19,1793.0,124.0,146.5,135.25,240.0,16.6,0.3461,0.738,0.0017,-1.0015,1.6866,128.0722,70.2,0,1
MELI261023P01700000,MELI,2026-10-23,29,P,1700.0,-5.19,1793.0,20.0,43.3,31.65,30.31,73.6,0.3638,-0.2646,0.0018,-1.0261,1.6924,32.6332,30.9,3,22
MELI261023C01710000,MELI,2026-10-23,29,C,1710.0,-4.63,1793.0,119.6,139.4,129.5,0.0,15.3,0.3534,0.7197,0.0018,-1.0365,1.7441,122.4376,67.6,0,0
MELI261023P01710000,MELI,2026-10-23,29,P,1710.0,-4.63,1793.0,22.5,46.4,34.45,34.57,69.4,0.3622,-0.2831,0.0018,-1.0606,1.7486,35.5353,32.8,3,9
MELI261023C01720000,MELI,2026-10-23,29,C,1720.0,-4.07,1793.0,112.8,132.9,122.85,261.55,16.4,0.3541,0.7008,0.0018,-1.0693,1.7975,115.9246,65.5,0,1
MELI261023P01720000,MELI,2026-10-23,29,P,1720.0,-4.07,1793.0,30.3,49.5,39.9,36.76,48.1,0.3742,-0.3022,0.0019,-1.093,1.8071,41.0658,35.5,3,9
MELI261023C01730000,MELI,2026-10-23,29,C,1730.0,-3.51,1793.0,106.2,126.6,116.4,288.39,17.5,0.3546,0.6814,0.0019,-1.0996,1.8463,109.5962,63.3,0,1
MELI261023P01730000,MELI,2026-10-23,29,P,1730.0,-3.51,1793.0,29.2,52.5,40.85,43.2,57.0,0.3602,-0.3218,0.0019,-1.1226,1.8521,42.1332,37.0,0,6
MELI261023C01740000,MELI,2026-10-23,29,C,1740.0,-2.96,1793.0,99.8,120.1,109.95,0.0,18.5,0.3541,0.6616,0.002,-1.1272,1.8914,103.3021,61.1,0,0
MELI261023P01740000,MELI,2026-10-23,29,P,1740.0,-2.96,1793.0,32.8,56.2,44.5,42.05,52.6,0.3601,-0.3419,0.002,-1.1497,1.8948,45.9065,39.1,0,48
MELI261023C01750000,MELI,2026-10-23,29,C,1750.0,-2.4,1793.0,93.6,116.7,105.15,135.4,22.0,0.361,0.6413,0.002,-1.1517,1.9318,98.6401,58.7,0,16
MELI261023P01750000,MELI,2026-10-23,29,P,1750.0,-2.4,1793.0,39.5,59.5,49.5,51.5,40.4,0.3658,-0.3624,0.002,-1.1739,1.9344,51.007,41.5,6,11
MELI261023C01760000,MELI,2026-10-23,29,C,1760.0,-1.84,1793.0,87.7,110.8,99.25,0.0,23.3,0.3609,0.6208,0.002,-1.173,1.9665,92.882,56.5,0,0
MELI261023P01760000,MELI,2026-10-23,29,P,1760.0,-1.84,1793.0,45.5,64.6,55.05,47.8,34.7,0.373,-0.3833,0.0021,-1.1946,1.9703,56.6548,43.9,0,9
MELI261023C01770000,MELI,2026-10-23,29,C,1770.0,-1.28,1793.0,80.8,105.9,93.35,122.7,26.9,0.3598,0.5999,0.0021,-1.191,1.9962,87.1453,54.3,0,2
MELI261023P01770000,MELI,2026-10-23,29,P,1770.0,-1.28,1793.0,50.0,68.9,59.45,58.0,31.8,0.3732,-0.4044,0.0021,-1.2122,1.998,61.1733,46.0,1,5
MELI261023C01780000,MELI,2026-10-23,29,C,1780.0,-0.73,1793.0,72.4,102.4,87.4,116.5,34.3,0.3574,0.5788,0.0021,-1.2054,2.0206,81.3647,52.1,0,10
MELI261023P01780000,MELI,2026-10-23,29,P,1780.0,-0.73,1793.0,49.0,74.9,61.95,58.1,41.8,0.363,-0.4258,0.0021,-1.2263,2.0212,63.8325,48.0,0,10
MELI261023C01790000,MELI,2026-10-23,29,C,1790.0,-0.17,1793.0,68.0,95.2,81.6,91.49,33.3,0.3547,0.5576,0.0021,-1.2162,2.0391,75.7371,49.9,2,2
MELI261023P01790000,MELI,2026-10-23,29,P,1790.0,-0.17,1793.0,53.6,78.4,66.0,63.96,37.6,0.3594,-0.4473,0.0022,-1.2366,2.0393,68.0004,50.1,4,53
MELI261023C01800000,MELI,2026-10-23,29,C,1800.0,0.39,1793.0,65.1,90.0,77.55,77.25,32.1,0.3596,0.5363,0.0021,-1.2233,2.0518,71.8567,47.7,4,12
MELI261023P01800000,MELI,2026-10-23,29,P,1800.0,0.39,1793.0,62.6,82.6,72.6,60.0,27.5,0.3674,-0.469,0.0022,-1.2433,2.0506,74.7163,52.3,1,25
MELI261023C01810000,MELI,2026-10-23,29,C,1810.0,0.95,1793.0,59.6,89.0,74.3,80.11,39.6,0.3672,0.515,0.0022,-1.2267,2.0588,68.7429,45.5,10,3
MELI261023P01810000,MELI,2026-10-23,29,P,1810.0,0.95,1793.0,67.4,86.8,77.1,72.2,25.2,0.364,-0.4907,0.0022,-1.2465,2.0553,79.3545,54.5,10,14
MELI261023C01820000,MELI,2026-10-23,29,C,1820.0,1.51,1793.0,52.7,80.2,66.45,75.86,41.4,0.3515,0.4936,0.0022,-1.2263,2.06,61.1504,43.3,2,22
MELI261023P01820000,MELI,2026-10-23,29,P,1820.0,1.51,1793.0,68.9,96.1,82.5,78.33,33.0,0.3639,-0.5124,0.0022,-1.2458,2.0534,84.8701,56.6,4,24
MELI261023C01830000,MELI,2026-10-23,29,C,1830.0,2.06,1793.0,49.4,77.5,63.45,80.85,44.3,0.3583,0.4724,0.0022,-1.2223,2.0555,58.3015,41.2,0,5
MELI261023P01830000,MELI,2026-10-23,29,P,1830.0,2.06,1793.0,74.4,97.2,85.8,79.0,26.6,0.3526,-0.534,0.0022,-1.2413,2.048,88.3541,58.8,0,7
MELI261023C01840000,MELI,2026-10-23,29,C,1840.0,2.62,1793.0,46.8,65.5,56.15,67.28,33.3,0.3431,0.4513,0.0021,-1.2147,2.0452,51.2792,38.9,2,18
MELI261023P01840000,MELI,2026-10-23,29,P,1840.0,2.62,1793.0,80.6,104.5,92.55,88.98,25.8,0.3571,-0.5555,0.0022,-1.2335,2.0366,95.2178,60.9,3,1
MELI261023C01850000,MELI,2026-10-23,29,C,1850.0,3.18,1793.0,42.7,70.3,56.5,75.04,48.8,0.3644,0.4304,0.0021,-1.2035,2.0291,51.6927,37.3,0,12
MELI261023P01850000,MELI,2026-10-23,29,P,1850.0,3.18,1793.0,84.0,108.6,96.3,96.5,25.5,0.3457,-0.5769,0.0022,-1.2222,2.0178,99.1515,63.2,0,5
MELI261023C01860000,MELI,2026-10-23,29,C,1860.0,3.74,1793.0,38.8,62.9,50.85,55.18,47.4,0.3551,0.4097,0.0021,-1.1889,2.0082,46.2743,35.0,4,4
MELI261023P01860000,MELI,2026-10-23,29,P,1860.0,3.74,1793.0,92.1,116.8,104.45,86.54,23.6,0.355,-0.598,0.0022,-1.2071,1.9933,107.3531,65.0,0,8
MELI261023C01870000,MELI,2026-10-23,29,C,1870.0,4.29,1793.0,35.1,59.1,47.1,86.03,51.0,0.3543,0.3893,0.0021,-1.1712,1.9819,42.7296,33.0,0,22
MELI261023P01870000,MELI,2026-10-23,29,P,1870.0,4.29,1793.0,98.9,125.2,112.05,0.0,23.5,0.3609,-0.6189,0.0021,-1.1892,1.9631,115.054,66.7,0,0
MELI261023C01880000,MELI,2026-10-23,29,C,1880.0,4.85,1793.0,31.6,55.5,43.55,50.78,54.9,0.3534,0.3692,0.002,-1.1503,1.9501,39.3651,31.1,2,20
MELI261023P01880000,MELI,2026-10-23,29,P,1880.0,4.85,1793.0,105.4,131.5,118.45,75.32,22.0,0.3597,-0.6394,0.0021,-1.1683,1.9292,121.5772,68.7,0,21
MELI261023C01890000,MELI,2026-10-23,29,C,1890.0,5.41,1793.0,34.3,45.6,39.95,52.34,28.3,0.3513,0.3496,0.002,-1.1266,1.9142,35.977,29.1,0,4
MELI261023P01890000,MELI,2026-10-23,29,P,1890.0,5.41,1793.0,115.5,135.1,125.3,111.17,15.6,0.3598,-0.6596,0.0021,-1.1443,1.8857,128.5329,70.5,0,49
MELI261023C01900000,MELI,2026-10-23,29,C,1900.0,5.97,1793.0,25.1,48.8,36.95,41.62,64.1,0.3513,0.3303,0.002,-1.1003,1.8744,33.1632,27.3,1,12
MELI261023P01900000,MELI,2026-10-23,29,P,1900.0,5.97,1793.0,122.9,140.6,131.75,132.81,13.4,0.3567,-0.6793,0.002,-1.118,1.8451,135.0956,72.4,0,6
MELI261023C01910000,MELI,2026-10-23,29,C,1910.0,6.53,1793.0,22.2,45.7,33.95,38.37,69.2,0.3504,0.3116,0.0019,-1.0717,1.8296,30.3703,25.6,4,8
MELI261023P01910000,MELI,2026-10-23,29,P,1910.0,6.53,1793.0,129.9,151.9,140.9,126.0,15.6,0.3674,-0.6986,0.002,-1.0893,1.7977,144.2675,73.6,0,9
MELI261023C01920000,MELI,2026-10-23,29,C,1920.0,7.08,1793.0,19.5,42.8,31.15,46.45,74.8,0.3495,0.2934,0.0019,-1.041,1.7812,27.7565,23.8,0,15
MELI261023P01920000,MELI,2026-10-23,29,P,1920.0,7.08,1793.0,137.5,156.6,147.05,90.6,13.0,0.3608,-0.7174,0.0019,-1.0585,1.7381,150.5652,75.6,0,9
MELI261023C01930000,MELI,2026-10-23,29,C,1930.0,7.64,1793.0,16.8,40.1,28.45,49.07,81.9,0.3482,0.2757,0.0018,-1.0084,1.7306,25.2514,22.2,0,16
MELI261023P01930000,MELI,2026-10-23,29,P,1930.0,7.64,1793.0,136.6,166.5,151.55,112.71,19.7,0.3426,-0.7356,0.0019,-1.026,1.6837,155.2283,78.2,0,5
MELI261023C01940000,MELI,2026-10-23,29,C,1940.0,8.2,1793.0,11.8,37.5,24.65,32.82,104.3,0.3391,0.2586,0.0018,-0.9744,1.6767,21.7164,20.1,0,25
MELI261023P01940000,MELI,2026-10-23,29,P,1940.0,8.2,1793.0,144.5,174.1,159.3,138.9,18.6,0.3423,-0.7533,0.0018,-0.9919,1.6258,163.0516,79.7,0,3
MELI261023C01950000,MELI,2026-10-23,29,C,1950.0,8.76,1793.0,20.0,30.8,25.4,34.13,42.5,0.3401,0.2422,0.0017,-0.939,1.6195,19.9363,18.7,0,22
MELI261023P01950000,MELI,2026-10-23,29,P,1950.0,8.76,1793.0,153.2,181.8,167.5,0.0,17.1,0.3438,-0.7704,0.0018,-0.9566,1.5638,171.2951,81.1,0,0
MELI261023C01960000,MELI,2026-10-23,29,C,1960.0,9.31,1793.0,16.8,25.5,21.15,25.9,41.1,0.3428,0.2264,0.0016,-0.9028,1.5612,18.5274,17.4,0,12
MELI261023P01960000,MELI,2026-10-23,29,P,1960.0,9.31,1793.0,163.2,189.7,176.45,0.0,15.0,0.3495,-0.7868,0.0017,-0.9205,1.4957,180.2644,82.1,0,0
MELI261023C01970000,MELI,2026-10-23,29,C,1970.0,9.87,1793.0,12.8,25.7,19.25,23.8,67.0,0.3423,0.2112,0.0016,-0.8659,1.5021,16.7882,16.1,3,18
MELI261023P01970000,MELI,2026-10-23,29,P,1970.0,9.87,1793.0,169.8,197.8,183.8,0.0,15.2,0.3433,-0.8026,0.0017,-0.8838,1.431,187.6726,83.9,0,0
MELI261023C01980000,MELI,2026-10-23,29,C,1980.0,10.43,1793.0,9.6,26.3,17.95,20.95,93.0,0.3452,0.1968,0.0015,-0.8286,1.4407,15.6227,15.0,5,23
MELI261023P01980000,MELI,2026-10-23,29,P,1980.0,10.43,1793.0,185.7,206.1,195.9,132.59,10.4,0.3703,-0.8177,0.0016,-0.846,1.3662,199.7085,83.5,0,1
MELI261023C01990000,MELI,2026-10-23,29,C,1990.0,10.99,1793.0,4.8,29.4,17.1,24.9,143.9,0.3506,0.1831,0.0015,-0.7913,1.3786,14.8572,14.2,0,10
MELI261023P01990000,MELI,2026-10-23,29,P,1990.0,10.99,1793.0,188.5,214.5,201.5,147.79,12.9,0.3494,-0.8321,0.0015,-0.8081,1.289,205.3924,85.9,0,1
MELI261023C02000000,MELI,2026-10-23,29,C,2000.0,11.54,1793.0,3.9,26.6,15.25,16.0,148.9,0.348,0.1701,0.0014,-0.754,1.3174,13.1901,12.9,2,35
MELI261023P02000000,MELI,2026-10-23,29,P,2000.0,11.54,1793.0,195.0,223.3,209.15,190.0,13.5,0.3411,-0.8458,0.0015,-0.7709,1.2194,213.0371,87.5,0,3
MELI261023C02010000,MELI,2026-10-23,29,C,2010.0,12.1,1793.0,10.2,20.0,15.1,21.75,64.9,0.3578,0.1578,0.0013,-0.7172,1.2563,13.0736,12.5,0,38
MELI261023P02010000,MELI,2026-10-23,29,P,2010.0,12.1,1793.0,205.3,232.5,218.9,0.0,12.4,0.3498,-0.8587,0.0014,-0.733,1.1538,222.7799,88.0,0,0
MELI261023C02020000,MELI,2026-10-23,29,C,2020.0,12.66,1793.0,0.4,27.3,13.85,26.73,194.2,0.3584,0.1462,0.0013,-0.6809,1.1945,11.9459,11.5,0,5
MELI261023P02020000,MELI,2026-10-23,29,P,2020.0,12.66,1793.0,211.2,240.7,225.95,226.26,13.1,0.332,-0.871,0.0013,-0.695,1.085,229.7706,90.1,0,1
MELI261023C02030000,MELI,2026-10-23,29,C,2030.0,13.22,1793.0,0.0,26.7,13.6,13.6,,0.3647,0.1354,0.0012,-0.6454,1.1342,11.5098,11.0,0,24
MELI261023P02030000,MELI,2026-10-23,29,P,2030.0,13.22,1793.0,220.3,249.6,234.95,0.0,12.5,0.3311,-0.8825,0.0013,-0.6578,1.0073,238.7125,91.0,0,0
MELI261023C02040000,MELI,2026-10-23,29,C,2040.0,13.78,1793.0,0.0,17.3,19.48,19.48,,0.3309,0.1252,0.0011,-0.6108,1.0761,7.2843,8.1,0,32
MELI261023P02040000,MELI,2026-10-23,29,P,2040.0,13.78,1793.0,229.4,258.7,244.05,229.76,12.0,0.3301,-0.8934,0.0012,-0.6208,0.941,247.7424,91.9,0,1
MELI261023C02050000,MELI,2026-10-23,29,C,2050.0,14.33,1793.0,0.1,20.2,10.15,15.4,198.0,0.3556,0.1156,0.0011,-0.5774,1.0188,8.6413,8.8,0,4
MELI261023P02050000,MELI,2026-10-23,29,P,2050.0,14.33,1793.0,238.5,268.0,253.25,0.0,11.6,0.3288,-0.9035,0.0012,-0.5841,0.8826,256.8394,92.7,0,0
MELI261023C02060000,MELI,2026-10-23,29,C,2060.0,14.89,1793.0,0.0,19.9,11.88,11.88,,0.3632,0.1068,0.001,-0.545,0.9623,8.4727,8.4,0,19
MELI261023P02060000,MELI,2026-10-23,29,P,2060.0,14.89,1793.0,247.8,277.2,262.5,0.0,11.2,0.3268,-0.9132,0.0011,-0.5527,0.8134,265.9733,93.6,0,0
MELI261023C02070000,MELI,2026-10-23,29,C,2070.0,15.45,1793.0,0.0,20.2,16.17,16.17,,0.3742,0.0985,0.001,-0.514,0.9085,8.6201,8.3,0,10
MELI261023P02070000,MELI,2026-10-23,29,P,2070.0,15.45,1793.0,257.2,286.6,271.9,225.0,10.8,0.3253,-0.9223,0.001,-0.5214,0.7421,275.2306,94.3,0,0
MELI261023C02080000,MELI,2026-10-23,29,C,2080.0,16.01,1793.0,0.0,16.4,13.45,13.45,,0.3632,0.0908,0.0009,-0.4842,0.8574,6.9298,7.1,0,13
MELI261023P02080000,MELI,2026-10-23,29,P,2080.0,16.01,1793.0,267.3,296.2,281.75,0.0,10.3,0.331,-0.9306,0.001,-0.4897,0.6823,285.0166,94.6,0,0
MELI261023C02090000,MELI,2026-10-23,29,C,2090.0,16.56,1793.0,0.0,15.6,9.64,9.64,,0.3676,0.0838,0.0008,-0.4559,0.8077,6.586,6.7,0,7
MELI261023P02090000,MELI,2026-10-23,29,P,2090.0,16.56,1793.0,276.2,306.4,291.3,0.0,10.4,0.3297,-0.9382,0.0009,-0.4587,0.6358,294.3935,95.2,0,0
MELI261023C02100000,MELI,2026-10-23,29,C,2100.0,17.12,1793.0,1.05,14.1,7.575,7.96,172.3,0.3738,0.0772,0.0008,-0.4289,0.7597,6.3993,6.4,0,33
MELI261023P02100000,MELI,2026-10-23,29,P,2100.0,17.12,1793.0,287.3,315.4,301.35,226.57,9.3,0.3391,-0.9458,0.0009,-0.453,0.5589,304.4357,95.2,0,4
MELI261023C02110000,MELI,2026-10-23,29,C,2110.0,17.68,1793.0,0.0,13.0,12.9,12.9,,0.3688,0.0712,0.0007,-0.4033,0.7144,5.4487,5.6,0,14
MELI261023P02110000,MELI,2026-10-23,29,P,2110.0,17.68,1793.0,295.3,325.1,310.2,163.7,9.6,0.0,-0.9528,0.0009,-0.4431,0.4944,,,0,6
MELI261023C02120000,MELI,2026-10-23,29,C,2120.0,18.24,1793.0,0.0,20.0,26.09,26.09,,0.4191,0.0656,0.0007,-0.3791,0.6721,8.5859,7.3,0,1
MELI261023P02120000,MELI,2026-10-23,29,P,2120.0,18.24,1793.0,306.5,334.9,320.7,170.5,8.9,0.3373,-0.9596,0.0008,-0.4293,0.4487,323.4261,96.2,0,1
MELI261023C02130000,MELI,2026-10-23,29,C,2130.0,18.8,1793.0,0.0,20.0,12.87,12.87,,0.428,0.0605,0.0006,-0.3563,0.6316,8.5957,7.2,0,4
MELI261023P02130000,MELI,2026-10-23,29,P,2130.0,18.8,1793.0,314.9,345.2,330.05,256.87,9.2,0.0,-0.9657,0.0008,-0.4153,0.416,,,0,4
MELI261023C02140000,MELI,2026-10-23,29,C,2140.0,19.35,1793.0,0.0,16.9,13.0,13.0,,0.4188,0.0558,0.0006,-0.3348,0.5928,7.2048,6.3,0,3
MELI261023P02140000,MELI,2026-10-23,29,P,2140.0,19.35,1793.0,324.7,355.1,339.9,262.49,8.9,0.0,-0.9712,0.0008,-0.3813,0.351,,,0,1
MELI261023C02150000,MELI,2026-10-23,29,C,2150.0,19.91,1793.0,0.0,13.1,6.14,6.14,,0.4028,0.0515,0.0006,-0.3146,0.5564,5.5271,5.2,0,11
MELI261023P02150000,MELI,2026-10-23,29,P,2150.0,19.91,1793.0,334.6,364.9,349.75,347.4,8.7,0.0,-0.976,0.0007,-0.3376,0.2732,,,0,1
MELI261023C02160000,MELI,2026-10-23,29,C,2160.0,20.47,1793.0,0.0,20.2,15.39,15.39,,0.4552,0.0475,0.0005,-0.2957,0.5226,8.7038,6.8,0,4
MELI261023P02160000,MELI,2026-10-23,29,P,2160.0,20.47,1793.0,344.6,374.4,359.5,0.0,8.3,0.0,-0.9807,0.0006,-0.3329,0.2094,,,0,0
MELI261023C02170000,MELI,2026-10-23,29,C,2170.0,21.03,1793.0,0.0,11.5,9.01,9.01,,0.4072,0.0439,0.0005,-0.2779,0.491,4.8297,4.5,0,5
MELI261023P02170000,MELI,2026-10-23,29,P,2170.0,21.03,1793.0,354.4,384.8,369.6,253.07,8.2,0.0,-0.985,0.0006,-0.3321,0.1634,,,0,0
MELI261023C02180000,MELI,2026-10-23,29,C,2180.0,21.58,1793.0,0.0,18.5,8.77,8.77,,0.4622,0.0405,0.0005,-0.2613,0.4609,7.9519,6.2,0,4
MELI261023P02180000,MELI,2026-10-23,29,P,2180.0,21.58,1793.0,363.4,394.9,379.15,0.0,8.3,0.0,-0.9888,0.0005,-0.3308,0.1521,,,0,0
MELI261023C02190000,MELI,2026-10-23,29,C,2190.0,22.14,1793.0,0.0,17.8,3.8,3.8,,0.4662,0.0375,0.0004,-0.2458,0.4324,7.6445,5.9,0,8
MELI261023P02190000,MELI,2026-10-23,29,P,2190.0,22.14,1793.0,373.3,404.9,389.1,304.87,8.1,0.0,-0.9916,0.0004,-0.2912,0.118,,,0,0
MELI261023C02200000,MELI,2026-10-23,29,C,2200.0,22.7,1793.0,0.0,11.7,4.6,4.6,,0.4321,0.0347,0.0004,-0.2312,0.406,4.9359,4.3,0,19
MELI261023P02200000,MELI,2026-10-23,29,P,2200.0,22.7,1793.0,384.5,415.3,399.9,0.0,7.7,0.0,-0.9939,0.0004,-0.2481,0.0804,,,0,0
MELI261023C02210000,MELI,2026-10-23,29,C,2210.0,23.26,1793.0,0.05,18.2,9.125,3.5,198.9,0.4853,0.0321,0.0004,-0.2177,0.3816,7.8572,5.8,0,1
MELI261023P02210000,MELI,2026-10-23,29,P,2210.0,23.26,1793.0,393.3,424.8,409.05,276.61,7.7,0.0,-0.9955,0.0003,-0.2421,0.0423,,,0,0
MELI261023C02220000,MELI,2026-10-23,29,C,2220.0,23.81,1793.0,0.0,16.8,4.1,4.1,,0.484,0.0298,0.0004,-0.205,0.3589,7.2113,5.4,0,8
MELI261023P02220000,MELI,2026-10-23,29,P,2220.0,23.81,1793.0,403.3,434.8,419.05,0.0,7.5,0.0,-0.9968,0.0002,-0.2421,0.0038,,,0,0
MELI261023C02230000,MELI,2026-10-23,29,C,2230.0,24.37,1793.0,0.0,8.9,4.65,4.65,,0.4306,0.0276,0.0003,-0.1932,0.3374,3.7162,3.4,0,1
MELI261023P02230000,MELI,2026-10-23,29,P,2230.0,24.37,1793.0,412.6,444.8,428.7,0.0,7.5,0.0,-0.998,0.0001,-0.2421,0.0,,,0,0
MELI261023C02240000,MELI,2026-10-23,29,C,2240.0,24.93,1793.0,0.0,17.9,3.8,3.8,,0.507,0.0256,0.0003,-0.1821,0.3171,7.7143,5.4,0,7
MELI261023P02240000,MELI,2026-10-23,29,P,2240.0,24.93,1793.0,423.4,454.8,439.1,0.0,7.2,0.0,-0.9989,0.0001,-0.2421,0.0,,,0,0
MELI261030C01360000,MELI,2026-10-30,36,C,1360.0,-24.15,1793.0,433.8,464.1,448.95,0.0,6.7,0.4541,0.9768,0.0002,-0.1454,0.3228,440.4179,97.1,0,0
MELI261030P01360000,MELI,2026-10-30,36,P,1360.0,-24.15,1793.0,0.0,18.4,4.62,4.62,,0.6056,-0.0235,0.0002,-0.1928,0.3253,9.184,8.4,0,1
MELI261030C01380000,MELI,2026-10-30,36,C,1380.0,-23.03,1793.0,414.5,445.9,430.2,477.1,7.3,0.4683,0.9735,0.0002,-0.1658,0.3606,421.6658,95.8,0,1
MELI261030P01380000,MELI,2026-10-30,36,P,1380.0,-23.03,1793.0,0.0,18.6,,0.0,,0.582,-0.0269,0.0002,-0.2113,0.3622,9.3048,8.7,0,0
MELI261030C01400000,MELI,2026-10-30,36,C,1400.0,-21.92,1793.0,394.9,424.1,409.5,0.0,7.1,0.4252,0.9696,0.0003,-0.1887,0.4048,400.9515,96.5,0,0
MELI261030P01400000,MELI,2026-10-30,36,P,1400.0,-21.92,1793.0,0.0,19.2,2.75,2.75,,0.5611,-0.0309,0.0003,-0.2325,0.4065,9.6098,9.0,0,1
MELI261030C01420000,MELI,2026-10-30,36,C,1420.0,-20.8,1793.0,375.6,403.9,389.75,403.0,7.3,0.4094,0.9648,0.0003,-0.2146,0.455,381.1969,96.2,0,1
MELI261030P01420000,MELI,2026-10-30,36,P,1420.0,-20.8,1793.0,0.0,16.9,4.6,4.6,,0.5206,-0.0356,0.0003,-0.2564,0.4588,8.5104,8.6,0,1
MELI261030C01430000,MELI,2026-10-30,36,C,1430.0,-20.25,1793.0,366.5,392.1,379.3,0.0,6.7,0.3847,0.9622,0.0003,-0.2289,0.4826,370.7341,96.7,0,0
MELI261030P01430000,MELI,2026-10-30,36,P,1430.0,-20.25,1793.0,1.45,5.6,3.525,10.2,117.7,0.4235,-0.0383,0.0003,-0.2698,0.486,3.6012,4.8,0,5
MELI261030C01440000,MELI,2026-10-30,36,C,1440.0,-19.69,1793.0,356.9,382.5,369.7,0.0,6.9,0.3852,0.9592,0.0004,-0.2442,0.5124,361.1376,96.3,0,0
MELI261030P01440000,MELI,2026-10-30,36,P,1440.0,-19.69,1793.0,0.0,7.6,3.3,3.3,,0.4188,-0.0413,0.0004,-0.2842,0.5145,3.8798,5.1,2,4
MELI261030C01450000,MELI,2026-10-30,36,C,1450.0,-19.13,1793.0,347.3,373.0,360.15,0.0,7.1,0.3857,0.956,0.0004,-0.2605,0.5448,351.5916,95.8,0,0
MELI261030P01450000,MELI,2026-10-30,36,P,1450.0,-19.13,1793.0,0.0,20.7,5.1,5.1,,0.5093,-0.0445,0.0004,-0.2996,0.5466,10.4546,10.2,0,1
MELI261030C01460000,MELI,2026-10-30,36,C,1460.0,-18.57,1793.0,338.3,368.0,353.15,0.0,8.4,0.4333,0.9525,0.0004,-0.2778,0.5795,344.63,92.9,0,0
MELI261030P01460000,MELI,2026-10-30,36,P,1460.0,-18.57,1793.0,0.0,20.3,5.63,5.63,,0.4945,-0.048,0.0004,-0.3161,0.5814,10.2709,10.2,0,1
MELI261030C01470000,MELI,2026-10-30,36,C,1470.0,-18.01,1793.0,328.6,354.1,341.35,0.0,7.5,0.3894,0.9486,0.0004,-0.2964,0.6161,332.8087,94.5,0,0
MELI261030P01470000,MELI,2026-10-30,36,P,1470.0,-18.01,1793.0,0.75,9.0,4.875,5.4,169.2,0.4072,-0.0519,0.0004,-0.3338,0.6209,4.9924,6.4,0,1
MELI261030C01480000,MELI,2026-10-30,36,C,1480.0,-17.46,1793.0,318.9,344.7,331.8,0.0,7.8,0.3865,0.9444,0.0005,-0.3161,0.6547,323.2689,94.0,0,0
MELI261030P01480000,MELI,2026-10-30,36,P,1480.0,-17.46,1793.0,2.6,11.6,7.1,6.0,126.8,0.4307,-0.0562,0.0005,-0.3527,0.6593,7.2446,8.4,1,2
MELI261030C01490000,MELI,2026-10-30,36,C,1490.0,-16.9,1793.0,309.6,335.4,322.5,0.0,8.0,0.3871,0.9398,0.0005,-0.3371,0.6963,313.9792,93.2,0,0
MELI261030P01490000,MELI,2026-10-30,36,P,1490.0,-16.9,1793.0,2.95,20.2,11.575,0.0,149.0,0.4739,-0.0608,0.0005,-0.3729,0.699,11.7476,11.6,0,0
MELI261030C01500000,MELI,2026-10-30,36,C,1500.0,-16.34,1793.0,300.7,329.4,315.05,321.9,9.1,0.4129,0.9348,0.0006,-0.3593,0.741,306.5684,91.0,0,1
MELI261030P01500000,MELI,2026-10-30,36,P,1500.0,-16.34,1793.0,5.1,13.4,9.25,6.3,89.7,0.4351,-0.0659,0.0006,-0.3943,0.7438,9.44,10.3,21,20
MELI261030C01510000,MELI,2026-10-30,36,C,1510.0,-15.78,1793.0,291.4,316.9,304.15,0.0,8.4,0.3886,0.9294,0.0006,-0.3829,0.7882,295.6633,91.6,0,0
MELI261030P01510000,MELI,2026-10-30,36,P,1510.0,-15.78,1793.0,0.0,20.0,10.3,10.3,,0.4316,-0.0714,0.0006,-0.4173,0.7911,10.1951,11.0,0,1
MELI261030C01520000,MELI,2026-10-30,36,C,1520.0,-15.23,1793.0,282.3,311.8,297.05,0.0,9.9,0.4129,0.9234,0.0006,-0.4078,0.8372,288.6106,89.2,0,0
MELI261030P01520000,MELI,2026-10-30,36,P,1520.0,-15.23,1793.0,0.0,24.9,,0.0,,0.4456,-0.0774,0.0006,-0.4411,0.8447,12.6899,12.7,0,0
MELI261030C01530000,MELI,2026-10-30,36,C,1530.0,-14.67,1793.0,273.1,302.7,287.9,0.0,10.3,0.4099,0.917,0.0007,-0.4339,0.8887,279.4884,88.5,0,0
MELI261030P01530000,MELI,2026-10-30,36,P,1530.0,-14.67,1793.0,0.0,25.7,18.74,18.74,,0.4369,-0.084,0.0007,-0.4669,0.8934,13.1057,13.2,0,7
MELI261030C01540000,MELI,2026-10-30,36,C,1540.0,-14.11,1793.0,264.1,293.7,278.9,0.0,10.6,0.4078,0.91,0.0007,-0.4613,0.9436,270.5189,87.6,0,0
MELI261030P01540000,MELI,2026-10-30,36,P,1540.0,-14.11,1793.0,0.0,20.2,12.25,12.25,,0.3966,-0.091,0.0007,-0.4936,0.9477,10.3726,11.7,0,1
MELI261030C01550000,MELI,2026-10-30,36,C,1550.0,-13.55,1793.0,255.1,284.8,269.95,0.0,11.0,0.4054,0.9025,0.0008,-0.4899,1.001,261.5962,86.7,0,0
MELI261030P01550000,MELI,2026-10-30,36,P,1550.0,-13.55,1793.0,0.4,26.9,13.65,11.7,194.1,0.4191,-0.0986,0.0008,-0.5215,1.0047,13.9551,14.2,0,6
MELI261030C01560000,MELI,2026-10-30,36,C,1560.0,-12.99,1793.0,246.2,273.2,259.7,0.0,10.4,0.3901,0.8944,0.0008,-0.5197,1.0596,251.362,86.6,0,0
MELI261030P01560000,MELI,2026-10-30,36,P,1560.0,-12.99,1793.0,3.8,18.8,11.3,13.68,132.7,0.3845,-0.1068,0.0008,-0.5506,1.0696,11.6348,13.0,0,1
MELI261030C01570000,MELI,2026-10-30,36,C,1570.0,-12.44,1793.0,237.5,263.1,250.3,258.9,10.2,0.3829,0.8857,0.0009,-0.5505,1.1199,241.9953,85.9,0,11
MELI261030P01570000,MELI,2026-10-30,36,P,1570.0,-12.44,1793.0,2.2,28.6,15.4,12.7,171.4,0.4089,-0.1156,0.0009,-0.5808,1.1258,15.7855,15.8,1,1
MELI261030C01580000,MELI,2026-10-30,36,C,1580.0,-11.88,1793.0,228.8,254.8,241.8,0.0,10.8,0.3833,0.8764,0.0009,-0.5822,1.183,233.5428,84.7,0,0
MELI261030P01580000,MELI,2026-10-30,36,P,1580.0,-11.88,1793.0,3.4,29.3,16.35,12.81,158.4,0.4037,-0.125,0.0009,-0.6119,1.1884,16.7767,16.7,1,46
MELI261030C01590000,MELI,2026-10-30,36,C,1590.0,-11.32,1793.0,220.3,246.3,233.3,0.0,11.1,0.3827,0.8665,0.001,-0.6148,1.2477,225.0959,83.5,0,0
MELI261030P01590000,MELI,2026-10-30,36,P,1590.0,-11.32,1793.0,6.1,26.1,16.1,16.76,124.2,0.3885,-0.135,0.001,-0.6438,1.2522,16.5583,17.0,1,13
MELI261030C01600000,MELI,2026-10-30,36,C,1600.0,-10.76,1793.0,212.0,237.6,224.8,0.0,11.4,0.3811,0.8559,0.001,-0.6479,1.3124,216.6398,82.2,0,0
MELI261030P01600000,MELI,2026-10-30,36,P,1600.0,-10.76,1793.0,6.1,30.9,18.5,18.03,134.1,0.3937,-0.1456,0.001,-0.6764,1.3229,19.0063,18.6,2,14
MELI261030C01610000,MELI,2026-10-30,36,C,1610.0,-10.21,1793.0,204.0,231.5,217.75,0.0,12.6,0.3894,0.8448,0.0011,-0.6816,1.3779,209.6667,80.3,0,0
MELI261030P01610000,MELI,2026-10-30,36,P,1610.0,-10.21,1793.0,7.9,31.6,19.75,17.47,120.0,0.3893,-0.1569,0.0011,-0.7096,1.3843,20.3135,19.7,1,14
MELI261030C01620000,MELI,2026-10-30,36,C,1620.0,-9.65,1793.0,196.0,224.5,210.25,234.6,13.6,0.3928,0.833,0.0011,-0.7155,1.4449,202.2425,78.6,0,1
MELI261030P01620000,MELI,2026-10-30,36,P,1620.0,-9.65,1793.0,5.4,24.5,14.95,23.0,127.8,0.3403,-0.1688,0.0012,-0.743,1.4515,15.5305,17.5,1,4
MELI261030C01630000,MELI,2026-10-30,36,C,1630.0,-9.09,1793.0,188.0,209.7,198.85,0.0,10.9,0.3689,0.8206,0.0012,-0.7496,1.5118,190.8729,78.8,0,0
MELI261030P01630000,MELI,2026-10-30,36,P,1630.0,-9.09,1793.0,11.5,25.0,18.25,23.05,74.0,0.3513,-0.1814,0.0012,-0.7765,1.52,18.8998,19.9,1,4
MELI261030C01640000,MELI,2026-10-30,36,C,1640.0,-8.53,1793.0,180.0,201.3,190.65,0.0,11.2,0.3666,0.8076,0.0012,-0.7835,1.5771,182.7477,77.4,0,0
MELI261030P01640000,MELI,2026-10-30,36,P,1640.0,-8.53,1793.0,13.2,32.6,22.9,25.6,84.7,0.3688,-0.1946,0.0013,-0.8099,1.5866,23.6305,22.8,1,25
MELI261030C01650000,MELI,2026-10-30,36,C,1650.0,-7.98,1793.0,172.0,196.7,184.35,0.0,13.4,0.3754,0.794,0.0013,-0.817,1.6419,176.5496,75.2,0,0
MELI261030P01650000,MELI,2026-10-30,36,P,1650.0,-7.98,1793.0,15.3,33.7,24.5,26.11,75.1,0.3646,-0.2083,0.0013,-0.843,1.6484,25.3015,24.1,10,23
MELI261030C01660000,MELI,2026-10-30,36,C,1660.0,-7.42,1793.0,164.0,194.0,179.0,0.0,16.8,0.388,0.7798,0.0014,-0.85,1.7066,171.3043,72.7,0,0
MELI261030P01660000,MELI,2026-10-30,36,P,1660.0,-7.42,1793.0,19.9,42.1,31.0,27.9,71.6,0.3887,-0.2226,0.0014,-0.8756,1.7135,31.8891,27.3,1,7
MELI261030C01670000,MELI,2026-10-30,36,C,1670.0,-6.86,1793.0,156.4,181.8,169.1,0.0,15.0,0.373,0.7652,0.0014,-0.8823,1.769,161.4845,72.0,0,0
MELI261030P01670000,MELI,2026-10-30,36,P,1670.0,-6.86,1793.0,25.1,39.3,32.2,30.1,44.1,0.3801,-0.2374,0.0014,-0.9074,1.7832,33.1631,28.5,1,8
MELI261030C01680000,MELI,2026-10-30,36,C,1680.0,-6.3,1793.0,148.8,176.5,162.65,0.0,17.0,0.377,0.75,0.0015,-0.9135,1.8285,155.1326,70.0,0,0
MELI261030P01680000,MELI,2026-10-30,36,P,1680.0,-6.3,1793.0,25.8,41.5,33.65,31.5,46.7,0.3724,-0.2529,0.0015,-0.9382,1.837,34.6787,29.7,0,18
MELI261030C01690000,MELI,2026-10-30,36,C,1690.0,-5.74,1793.0,143.6,165.0,154.3,164.5,13.9,0.3697,0.7343,0.0015,-0.9436,1.8862,146.8771,68.6,0,2
MELI261030P01690000,MELI,2026-10-30,36,P,1690.0,-5.74,1793.0,27.2,43.5,35.35,37.7,46.1,0.3657,-0.2688,0.0015,-0.9678,1.8928,36.4742,31.1,1,11
MELI261030C01700000,MELI,2026-10-30,36,C,1700.0,-5.19,1793.0,136.0,158.1,147.05,0.0,15.0,0.3677,0.7182,0.0016,-0.9722,1.9418,139.7456,66.9,0,0
MELI261030P01700000,MELI,2026-10-30,36,P,1700.0,-5.19,1793.0,28.2,45.0,36.6,42.45,45.9,0.3561,-0.2851,0.0016,-0.9962,1.9478,37.8245,32.4,3,18
MELI261030C01710000,MELI,2026-10-30,36,C,1710.0,-4.63,1793.0,130.7,154.7,142.7,171.2,16.8,0.3795,0.7016,0.0016,-0.9992,1.9935,135.5162,64.5,2,6
MELI261030P01710000,MELI,2026-10-30,36,P,1710.0,-4.63,1793.0,35.3,54.9,45.1,45.83,43.5,0.3828,-0.3016,0.0016,-1.0225,2.0036,46.441,35.7,0,2
MELI261030C01720000,MELI,2026-10-30,36,C,1720.0,-4.07,1793.0,124.1,145.4,134.75,231.8,15.8,0.3721,0.6847,0.0016,-1.0244,2.0412,127.6795,63.0,0,3
MELI261030P01720000,MELI,2026-10-30,36,P,1720.0,-4.07,1793.0,38.9,55.8,47.35,54.29,35.7,0.3764,-0.3188,0.0017,-1.0474,2.0471,48.7817,37.2,0,7
MELI261030C01730000,MELI,2026-10-30,36,C,1730.0,-3.51,1793.0,116.9,141.9,129.4,225.1,19.3,0.3767,0.6675,0.0017,-1.0478,2.086,122.4566,60.9,0,3
MELI261030P01730000,MELI,2026-10-30,36,P,1730.0,-3.51,1793.0,41.7,60.3,51.0,54.1,36.5,0.3762,-0.3362,0.0017,-1.0704,2.0912,52.5409,39.1,0,2
MELI261030C01740000,MELI,2026-10-30,36,C,1740.0,-2.96,1793.0,110.7,135.8,123.25,217.3,20.4,0.3765,0.65,0.0017,-1.069,2.127,116.4425,59.0,0,3
MELI261030P01740000,MELI,2026-10-30,36,P,1740.0,-2.96,1793.0,41.0,69.7,55.35,60.86,51.9,0.3782,-0.3542,0.0017,-1.0916,2.131,56.9511,41.0,0,7
MELI261030C01750000,MELI,2026-10-30,36,C,1750.0,-2.4,1793.0,104.7,132.3,118.5,146.9,23.3,0.3819,0.6322,0.0018,-1.0879,2.1631,111.8191,57.0,0,6
MELI261030P01750000,MELI,2026-10-30,36,P,1750.0,-2.4,1793.0,46.2,71.9,59.05,57.5,43.5,0.3764,-0.3723,0.0018,-1.1102,2.169,60.7462,42.9,0,27
MELI261030C01760000,MELI,2026-10-30,36,C,1760.0,-1.84,1793.0,99.5,123.9,111.7,135.5,21.8,0.377,0.6142,0.0018,-1.1046,2.1947,105.1717,55.2,2,6
MELI261030P01760000,MELI,2026-10-30,36,P,1760.0,-1.84,1793.0,50.3,76.2,63.25,69.82,40.9,0.3761,-0.3905,0.0018,-1.1266,2.1982,65.0459,44.8,0,3
MELI261030C01770000,MELI,2026-10-30,36,C,1770.0,-1.28,1793.0,92.4,121.2,106.8,109.74,27.0,0.3799,0.5961,0.0018,-1.1189,2.2223,100.4052,53.3,0,4
MELI261030P01770000,MELI,2026-10-30,36,P,1770.0,-1.28,1793.0,52.1,82.1,67.1,62.0,44.7,0.3734,-0.409,0.0018,-1.1406,2.2247,69.0052,46.6,0,4
MELI261030C01780000,MELI,2026-10-30,36,C,1780.0,-0.73,1793.0,95.7,113.5,104.6,103.74,17.0,0.394,0.5778,0.0018,-1.1306,2.2451,98.3252,51.1,1,6
MELI261030P01780000,MELI,2026-10-30,36,P,1780.0,-0.73,1793.0,59.1,88.3,73.7,77.42,39.6,0.3822,-0.4276,0.0018,-1.1523,2.2461,75.6966,48.7,0,3
MELI261030C01790000,MELI,2026-10-30,36,C,1790.0,-0.17,1793.0,80.0,108.5,94.25,109.71,30.2,0.371,0.5594,0.0018,-1.1399,2.263,88.183,49.6,0,8
MELI261030P01790000,MELI,2026-10-30,36,P,1790.0,-0.17,1793.0,63.8,92.0,77.9,87.1,36.2,0.3794,-0.4462,0.0019,-1.161,2.2632,80.0113,50.5,0,4
MELI261030C01800000,MELI,2026-10-30,36,C,1800.0,0.39,1793.0,76.7,105.3,91.0,92.0,31.4,0.3787,0.541,0.0018,-1.1466,2.276,85.0643,47.6,3,10
MELI261030P01800000,MELI,2026-10-30,36,P,1800.0,0.39,1793.0,69.1,95.0,82.05,79.94,31.6,0.3756,-0.465,0.0019,-1.1675,2.2746,84.2817,52.3,0,19
MELI261030C01810000,MELI,2026-10-30,36,C,1810.0,0.95,1793.0,71.9,100.4,86.15,91.9,33.1,0.3786,0.5226,0.0018,-1.1506,2.2844,80.3884,45.8,0,9
MELI261030P01810000,MELI,2026-10-30,36,P,1810.0,0.95,1793.0,71.3,101.3,86.3,84.4,34.8,0.3714,-0.4837,0.0019,-1.1714,2.2809,88.6443,54.2,3,7
MELI261030C01820000,MELI,2026-10-30,36,C,1820.0,1.51,1793.0,66.1,96.1,81.1,92.14,37.0,0.3767,0.5042,0.0019,-1.1521,2.2878,75.492,44.0,0,20
MELI261030P01820000,MELI,2026-10-30,36,P,1820.0,1.51,1793.0,81.9,101.8,91.85,94.87,21.7,0.3722,-0.5024,0.0019,-1.1728,2.2813,94.3155,56.1,0,7
MELI261030C01830000,MELI,2026-10-30,36,C,1830.0,2.06,1793.0,63.0,89.5,76.25,95.0,34.8,0.375,0.4859,0.0019,-1.1511,2.2866,70.8241,42.1,0,8
MELI261030P01830000,MELI,2026-10-30,36,P,1830.0,2.06,1793.0,83.5,112.2,97.85,100.42,29.3,0.374,-0.5211,0.0019,-1.1713,2.2791,100.3947,57.9,0,2
MELI261030C01840000,MELI,2026-10-30,36,C,1840.0,2.62,1793.0,58.9,84.9,71.9,81.62,36.2,0.3746,0.4677,0.0018,-1.1475,2.2808,66.6294,40.3,2,7
MELI261030P01840000,MELI,2026-10-30,36,P,1840.0,2.62,1793.0,90.7,116.8,103.75,114.23,25.2,0.3746,-0.5397,0.0019,-1.1677,2.2718,106.3846,59.7,0,4
MELI261030C01850000,MELI,2026-10-30,36,C,1850.0,3.18,1793.0,55.0,82.0,68.5,87.0,39.4,0.3777,0.4496,0.0018,-1.1415,2.27,63.3886,38.6,0,3
MELI261030P01850000,MELI,2026-10-30,36,P,1850.0,3.18,1793.0,96.8,122.5,109.65,105.3,23.4,0.3745,-0.5582,0.0019,-1.1616,2.2579,112.3961,61.5,0,2
MELI261030C01860000,MELI,2026-10-30,36,C,1860.0,3.74,1793.0,51.3,80.8,66.05,73.75,44.7,0.3842,0.4317,0.0018,-1.1331,2.2547,61.0577,37.0,0,5
MELI261030P01860000,MELI,2026-10-30,36,P,1860.0,3.74,1793.0,101.1,128.4,114.75,101.9,23.8,0.37,-0.5765,0.0019,-1.1531,2.2352,117.6186,63.3,0,2
MELI261030C01870000,MELI,2026-10-30,36,C,1870.0,4.29,1793.0,47.7,72.4,60.05,75.84,41.1,0.3742,0.414,0.0018,-1.1224,2.2356,55.2833,35.1,0,12
MELI261030P01870000,MELI,2026-10-30,36,P,1870.0,4.29,1793.0,107.4,137.2,122.3,132.8,24.4,0.3756,-0.5946,0.0019,-1.142,2.2166,125.224,64.9,0,2
MELI261030C01880000,MELI,2026-10-30,36,C,1880.0,4.85,1793.0,44.1,68.8,56.45,66.45,43.8,0.3741,0.3966,0.0018,-1.1096,2.2122,51.8504,33.4,0,7
MELI261030P01880000,MELI,2026-10-30,36,P,1880.0,4.85,1793.0,116.5,140.3,128.4,112.52,18.5,0.374,-0.6124,0.0018,-1.1292,2.1921,131.4267,66.6,0,1
MELI261030C01890000,MELI,2026-10-30,36,C,1890.0,5.41,1793.0,40.7,65.2,52.95,71.15,46.3,0.3738,0.3794,0.0018,-1.0947,2.1842,48.5401,31.8,0,17
MELI261030P01890000,MELI,2026-10-30,36,P,1890.0,5.41,1793.0,118.9,150.0,134.45,111.15,23.1,0.3713,-0.63,0.0018,-1.1142,2.1593,137.5717,68.3,0,1
MELI261030C01900000,MELI,2026-10-30,36,C,1900.0,5.97,1793.0,37.4,61.9,49.65,113.16,49.3,0.3735,0.3626,0.0018,-1.0778,2.1525,45.3919,30.2,0,1
MELI261030P01900000,MELI,2026-10-30,36,P,1900.0,5.97,1793.0,126.8,156.7,141.75,0.0,21.1,0.3737,-0.6474,0.0018,-1.0973,2.1177,144.9522,69.8,0,0
MELI261030C01910000,MELI,2026-10-30,36,C,1910.0,6.53,1793.0,32.1,58.7,45.4,60.68,58.6,0.3681,0.346,0.0017,-1.059,2.118,41.3668,28.4,0,1
MELI261030P01910000,MELI,2026-10-30,36,P,1910.0,6.53,1793.0,136.7,160.4,148.55,128.69,16.0,0.3729,-0.6643,0.0018,-1.0782,2.0839,151.8203,71.4,0,1
MELI261030C01920000,MELI,2026-10-30,36,C,1920.0,7.08,1793.0,37.0,48.1,42.55,45.0,26.1,0.3684,0.3299,0.0017,-1.0387,2.0802,38.6714,26.9,0,31
MELI261030P01920000,MELI,2026-10-30,36,P,1920.0,7.08,1793.0,143.7,167.4,155.55,104.23,15.2,0.3723,-0.681,0.0018,-1.058,2.0442,158.8861,72.9,0,2
MELI261030C01930000,MELI,2026-10-30,36,C,1930.0,7.64,1793.0,28.5,52.7,40.6,52.95,59.6,0.3725,0.3141,0.0017,-1.0168,2.0384,36.859,25.7,0,8
MELI261030P01930000,MELI,2026-10-30,36,P,1930.0,7.64,1793.0,148.2,177.4,162.8,114.34,17.9,0.3722,-0.6973,0.0017,-1.0362,1.996,166.2014,74.4,0,8
MELI261030C01940000,MELI,2026-10-30,36,C,1940.0,8.2,1793.0,25.9,50.0,37.95,92.34,63.5,0.3724,0.2987,0.0016,-0.9935,1.9939,34.3553,24.2,0,4
MELI261030P01940000,MELI,2026-10-30,36,P,1940.0,8.2,1793.0,154.2,184.7,169.45,0.0,18.0,0.3682,-0.7132,0.0017,-1.013,1.9434,172.9218,76.0,0,0
MELI261030C01950000,MELI,2026-10-30,36,C,1950.0,8.76,1793.0,23.3,47.3,35.3,63.88,68.0,0.3717,0.2837,0.0016,-0.969,1.9478,31.8791,22.9,0,11
MELI261030P01950000,MELI,2026-10-30,36,P,1950.0,8.76,1793.0,161.7,192.6,177.15,0.0,17.4,0.3688,-0.7286,0.0016,-0.9882,1.8936,180.6668,77.3,0,0
MELI261030C01960000,MELI,2026-10-30,36,C,1960.0,9.31,1793.0,20.9,44.8,32.85,40.7,72.8,0.3713,0.2692,0.0016,-0.9436,1.8996,29.5962,21.5,0,11
MELI261030P01960000,MELI,2026-10-30,36,P,1960.0,9.31,1793.0,169.7,200.0,184.85,0.0,16.4,0.3687,-0.7437,0.0016,-0.963,1.8421,188.4136,78.6,0,0
MELI261030C01970000,MELI,2026-10-30,36,C,1970.0,9.87,1793.0,18.7,42.2,30.45,39.3,77.2,0.3704,0.2552,0.0015,-0.9172,1.8485,27.3582,20.2,0,14
MELI261030P01970000,MELI,2026-10-30,36,P,1970.0,9.87,1793.0,177.2,208.0,192.6,0.0,16.0,0.3681,-0.7583,0.0016,-0.9368,1.7837,196.2027,79.9,0,0
MELI261030C01980000,MELI,2026-10-30,36,C,1980.0,10.43,1793.0,16.6,40.3,28.45,39.1,83.3,0.3709,0.2416,0.0015,-0.8901,1.7956,25.488,19.0,0,2
MELI261030P01980000,MELI,2026-10-30,36,P,1980.0,10.43,1793.0,185.6,215.5,200.55,0.0,14.9,0.3678,-0.7724,0.0015,-0.9097,1.7265,204.1715,81.1,0,0
MELI261030C01990000,MELI,2026-10-30,36,C,1990.0,10.99,1793.0,14.7,38.2,26.45,33.9,88.8,0.3708,0.2285,0.0014,-0.8624,1.7423,23.6321,17.9,0,6
MELI261030P01990000,MELI,2026-10-30,36,P,1990.0,10.99,1793.0,193.2,223.5,208.35,149.3,14.5,0.3658,-0.786,0.0015,-0.882,1.6611,211.9871,82.4,0,3
MELI261030C02000000,MELI,2026-10-30,36,C,2000.0,11.54,1793.0,8.5,36.3,22.4,32.99,124.1,0.3577,0.2159,0.0014,-0.8343,1.6884,19.8784,16.0,0,15
MELI261030P02000000,MELI,2026-10-30,36,P,2000.0,11.54,1793.0,202.8,232.0,217.4,155.9,13.4,0.3708,-0.7992,0.0014,-0.8542,1.6055,221.0305,83.2,0,4
MELI261030C02010000,MELI,2026-10-30,36,C,2010.0,12.1,1793.0,11.0,34.4,22.7,30.0,103.1,0.3701,0.2038,0.0013,-0.806,1.6329,20.1802,15.7,0,4
MELI261030P02010000,MELI,2026-10-30,36,P,2010.0,12.1,1793.0,209.6,240.0,224.8,0.0,13.5,0.3645,-0.8119,0.0014,-0.8262,1.5389,228.4258,84.6,0,0
MELI261030C02020000,MELI,2026-10-30,36,C,2020.0,12.66,1793.0,9.3,32.7,21.0,29.1,111.4,0.3697,0.1923,0.0013,-0.7776,1.5763,18.6092,14.7,0,9
MELI261030P02020000,MELI,2026-10-30,36,P,2020.0,12.66,1793.0,224.4,248.1,236.25,243.51,10.0,0.3846,-0.8241,0.0014,-0.7975,1.4792,239.8598,84.5,0,1
MELI261030C02030000,MELI,2026-10-30,36,C,2030.0,13.22,1793.0,4.6,31.4,18.0,27.12,148.9,0.3599,0.1812,0.0012,-0.7491,1.5202,15.8501,13.1,0,16
MELI261030P02030000,MELI,2026-10-30,36,P,2030.0,13.22,1793.0,228.0,256.7,242.35,235.5,11.8,0.3678,-0.8357,0.0013,-0.7688,1.404,245.9391,86.4,2,1
MELI261030C02040000,MELI,2026-10-30,36,C,2040.0,13.78,1793.0,16.2,23.2,19.7,19.7,35.5,0.3812,0.1706,0.0012,-0.7208,1.465,17.4393,13.5,2,17
MELI261030P02040000,MELI,2026-10-30,36,P,2040.0,13.78,1793.0,235.9,264.5,250.2,0.0,11.4,0.3613,-0.8469,0.0013,-0.7408,1.3521,253.7363,87.7,0,0
MELI261030C02050000,MELI,2026-10-30,36,C,2050.0,14.33,1793.0,5.1,30.0,17.55,19.47,141.9,0.3761,0.1606,0.0011,-0.6928,1.4096,15.4707,12.3,1,6
MELI261030P02050000,MELI,2026-10-30,36,P,2050.0,14.33,1793.0,250.4,273.9,262.15,0.0,9.0,0.3859,-0.8576,0.0012,-0.7126,1.2806,265.6986,87.1,0,0
MELI261030C02060000,MELI,2026-10-30,36,C,2060.0,14.89,1793.0,3.7,28.2,15.95,17.99,153.6,0.3739,0.151,0.0011,-0.6652,1.3538,14.0119,11.4,1,2
MELI261030P02060000,MELI,2026-10-30,36,P,2060.0,14.89,1793.0,253.6,283.0,268.3,197.55,11.0,0.3644,-0.8678,0.0012,-0.6842,1.2207,271.7424,89.2,0,1
MELI261030C02070000,MELI,2026-10-30,36,C,2070.0,15.45,1793.0,2.4,28.7,15.55,17.5,169.1,0.3801,0.1419,0.001,-0.638,1.2988,13.6619,10.9,0,12
MELI261030P02070000,MELI,2026-10-30,36,P,2070.0,15.45,1793.0,265.8,291.9,278.85,0.0,9.4,0.3783,-0.8773,0.0011,-0.6557,1.1534,282.2939,89.2,0,0
MELI261030C02080000,MELI,2026-10-30,36,C,2080.0,16.01,1793.0,1.35,28.2,14.775,26.16,181.7,0.3831,0.1333,0.001,-0.6113,1.2456,12.9594,10.4,0,2
MELI261030P02080000,MELI,2026-10-30,36,P,2080.0,16.01,1793.0,271.8,301.6,286.7,290.59,10.4,0.3677,-0.8865,0.0011,-0.6281,1.094,290.0187,90.5,0,3
MELI261030C02090000,MELI,2026-10-30,36,C,2090.0,16.56,1793.0,0.2,20.2,10.2,38.6,196.1,0.3529,0.1251,0.001,-0.5852,1.1938,8.7976,8.0,0,1
MELI261030P02090000,MELI,2026-10-30,36,P,2090.0,16.56,1793.0,281.2,310.0,295.6,0.0,9.7,0.3652,-0.8954,0.001,-0.6009,1.0309,298.8051,91.3,0,0
MELI261030C02100000,MELI,2026-10-30,36,C,2100.0,17.12,1793.0,2.5,18.6,10.55,10.0,152.6,0.3645,0.1174,0.0009,-0.5599,1.1423,9.1312,8.0,18,102
MELI261030P02100000,MELI,2026-10-30,36,P,2100.0,17.12,1793.0,294.8,318.2,306.5,0.0,7.6,0.3829,-0.9037,0.001,-0.5733,0.967,309.7442,91.0,0,0
MELI261030C02110000,MELI,2026-10-30,36,C,2110.0,17.68,1793.0,2.45,18.0,10.225,14.5,152.1,0.3696,0.1102,0.0009,-0.5352,1.0916,8.8412,7.7,0,4
MELI261030P02110000,MELI,2026-10-30,36,P,2110.0,17.68,1793.0,302.5,328.5,315.5,0.0,8.2,0.381,-0.9115,0.001,-0.546,0.9171,318.6493,91.7,0,0
MELI261030C02120000,MELI,2026-10-30,36,C,2120.0,18.24,1793.0,0.0,20.2,21.98,21.98,,0.3765,0.1034,0.0008,-0.5113,1.0427,8.738,7.5,0,6
MELI261030P02120000,MELI,2026-10-30,36,P,2120.0,18.24,1793.0,307.9,337.8,322.85,0.0,9.3,0.3564,-0.9187,0.0009,-0.5188,0.8514,325.6096,93.5,0,0
MELI261030C02130000,MELI,2026-10-30,36,C,2130.0,18.8,1793.0,0.0,20.0,12.89,12.89,,0.3836,0.0969,0.0008,-0.4882,0.996,8.6636,7.3,0,4
MELI261030P02130000,MELI,2026-10-30,36,P,2130.0,18.8,1793.0,317.8,347.2,332.5,0.0,8.8,0.359,-0.9258,0.0009,-0.4962,0.7975,335.1594,93.9,0,0
MELI261030C02140000,MELI,2026-10-30,36,C,2140.0,19.35,1793.0,1.05,21.3,11.175,10.65,181.2,0.4029,0.0909,0.0008,-0.466,0.951,9.7364,7.6,0,11
MELI261030P02140000,MELI,2026-10-30,36,P,2140.0,19.35,1793.0,326.8,356.4,341.6,0.0,8.7,0.3516,-0.9327,0.0008,-0.4762,0.7282,343.9956,94.8,0,0
MELI261030C02150000,MELI,2026-10-30,36,C,2150.0,19.91,1793.0,0.3,14.3,7.3,0.0,191.8,0.3701,0.0852,0.0007,-0.4446,0.9069,6.2488,5.6,0,0
MELI261030P02150000,MELI,2026-10-30,36,P,2150.0,19.91,1793.0,336.3,366.2,351.25,0.0,8.5,0.3513,-0.939,0.0008,-0.4558,0.6766,353.4358,95.2,0,0
MELI261030C02160000,MELI,2026-10-30,36,C,2160.0,20.47,1793.0,0.5,22.1,11.3,20.2,191.2,0.42,0.0799,0.0007,-0.424,0.8639,9.8701,7.4,0,7
MELI261030P02160000,MELI,2026-10-30,36,P,2160.0,20.47,1793.0,346.3,376.2,361.25,0.0,8.3,0.3585,-0.9449,0.0008,-0.4357,0.6397,363.4039,95.3,0,0
MELI261030C02170000,MELI,2026-10-30,36,C,2170.0,21.03,1793.0,0.9,18.9,9.9,18.93,181.8,0.4138,0.0749,0.0006,-0.4042,0.823,8.6078,6.6,0,4
MELI261030P02170000,MELI,2026-10-30,36,P,2170.0,21.03,1793.0,355.8,385.5,370.65,0.0,8.0,0.3501,-0.9506,0.0008,-0.415,0.59,372.4118,96.0,0,0
MELI261030C02180000,MELI,2026-10-30,36,C,2180.0,21.58,1793.0,0.65,20.2,10.425,11.47,187.5,0.4268,0.0703,0.0006,-0.3854,0.7842,9.0882,6.7,0,7
MELI261030P02180000,MELI,2026-10-30,36,P,2180.0,21.58,1793.0,365.2,395.2,380.2,0.0,7.9,0.331,-0.9563,0.0008,-0.4019,0.5365,381.0455,97.1,0,0
MELI261030C02190000,MELI,2026-10-30,36,C,2190.0,22.14,1793.0,0.0,18.7,12.34,12.34,,0.4231,0.0659,0.0006,-0.3673,0.7473,8.128,6.2,0,17
MELI261030P02190000,MELI,2026-10-30,36,P,2190.0,22.14,1793.0,375.1,405.4,390.25,290.9,7.8,0.3414,-0.9617,0.0007,-0.406,0.4572,391.1893,97.0,0,1
MELI261030C02200000,MELI,2026-10-30,36,C,2200.0,22.7,1793.0,0.0,12.4,9.77,9.77,,0.3923,0.0618,0.0006,-0.35,0.7116,5.2995,4.6,0,10
MELI261030P02200000,MELI,2026-10-30,36,P,2200.0,22.7,1793.0,384.9,414.7,399.8,301.0,7.5,0.0,-0.9665,0.0007,-0.4066,0.4043,,,0,1
MELI261030C02210000,MELI,2026-10-30,36,C,2210.0,23.26,1793.0,0.75,20.2,10.475,0.0,185.7,0.45,0.058,0.0005,-0.3336,0.6771,9.162,6.4,0,0
MELI261030P02210000,MELI,2026-10-30,36,P,2210.0,23.26,1793.0,394.8,424.6,409.7,0.0,7.3,0.0,-0.9709,0.0007,-0.4066,0.3798,,,0,0
MELI261030C02220000,MELI,2026-10-30,36,C,2220.0,23.81,1793.0,0.3,18.2,9.25,7.5,193.5,0.444,0.0544,0.0005,-0.3179,0.6441,8.055,5.8,0,2
MELI261030P02220000,MELI,2026-10-30,36,P,2220.0,23.81,1793.0,404.6,434.1,419.35,0.0,7.0,0.0,-0.9749,0.0006,-0.4052,0.3561,,,0,0
MELI261030C02230000,MELI,2026-10-30,36,C,2230.0,24.37,1793.0,0.0,17.1,16.5,16.5,,0.4431,0.0511,0.0005,-0.303,0.613,7.4286,5.4,0,3
MELI261030P02230000,MELI,2026-10-30,36,P,2230.0,24.37,1793.0,414.5,444.3,429.4,0.0,6.9,0.0,-0.979,0.0006,-0.4357,0.2836,,,0,0
MELI261030C02240000,MELI,2026-10-30,36,C,2240.0,24.93,1793.0,0.0,18.5,,0.0,,0.4584,0.048,0.0004,-0.2888,0.5838,8.0696,5.6,0,0
MELI261030P02240000,MELI,2026-10-30,36,P,2240.0,24.93,1793.0,424.5,453.9,439.2,0.0,6.7,0.0,-0.9826,0.0005,-0.422,0.2006,,,0,0
MELI261106C01660000,MELI,2026-11-06,43,C,1660.0,-7.42,1793.0,0.0,0.0,,0.0,,0.0,0.0,0.0,0.0,0.0,,,0,0
MELI261106P01660000,MELI,2026-11-06,43,P,1660.0,-7.42,1793.0,0.0,0.0,,0.0,,0.0,0.0,0.0,0.0,0.0,,,0,0
MELI261106C01670000,MELI,2026-11-06,43,C,1670.0,-6.86,1793.0,0.0,0.0,,0.0,,0.0,0.0,0.0,0.0,0.0,,,0,0
MELI261106P01670000,MELI,2026-11-06,43,P,1670.0,-6.86,1793.0,0.0,0.0,,0.0,,0.0,0.0,0.0,0.0,0.0,,,0,0
MELI261106C01680000,MELI,2026-11-06,43,C,1680.0,-6.3,1793.0,0.0,0.0,,0.0,,0.0,0.0,0.0,0.0,0.0,,,0,0
MELI261106P01680000,MELI,2026-11-06,43,P,1680.0,-6.3,1793.0,0.0,0.0,,0.0,,0.0,0.0,0.0,0.0,0.0,,,0,0
MELI261106C01690000,MELI,2026-11-06,43,C,1690.0,-5.74,1793.0,0.0,0.0,,0.0,,0.0,0.0,0.0,0.0,0.0,,,0,0
MELI261106P01690000,MELI,2026-11-06,43,P,1690.0,-5.74,1793.0,0.0,0.0,,0.0,,0.0,0.0,0.0,0.0,0.0,,,0,0
MELI261106C01700000,MELI,2026-11-06,43,C,1700.0,-5.19,1793.0,0.0,0.0,,0.0,,0.0,0.0,0.0,0.0,0.0,,,0,0
MELI261106P01700000,MELI,2026-11-06,43,P,1700.0,-5.19,1793.0,0.0,0.0,,0.0,,0.0,0.0,0.0,0.0,0.0,,,0,0
MELI261106C01710000,MELI,2026-11-06,43,C,1710.0,-4.63,1793.0,0.0,0.0,,0.0,,0.0,0.0,0.0,0.0,0.0,,,0,0
MELI261106P01710000,MELI,2026-11-06,43,P,1710.0,-4.63,1793.0,0.0,0.0,,0.0,,0.0,0.0,0.0,0.0,0.0,,,0,0
MELI261106C01720000,MELI,2026-11-06,43,C,1720.0,-4.07,1793.0,0.0,0.0,,0.0,,0.0,0.0,0.0,0.0,0.0,,,0,0
MELI261106P01720000,MELI,2026-11-06,43,P,1720.0,-4.07,1793.0,0.0,0.0,,0.0,,0.0,0.0,0.0,0.0,0.0,,,0,0
MELI261106C01730000,MELI,2026-11-06,43,C,1730.0,-3.51,1793.0,0.0,0.0,,0.0,,0.0,0.0,0.0,0.0,0.0,,,0,0
MELI261106P01730000,MELI,2026-11-06,43,P,1730.0,-3.51,1793.0,0.0,0.0,,0.0,,0.0,0.0,0.0,0.0,0.0,,,0,0
MELI261106C01740000,MELI,2026-11-06,43,C,1740.0,-2.96,1793.0,0.0,0.0,,0.0,,0.0,0.0,0.0,0.0,0.0,,,0,0
MELI261106P01740000,MELI,2026-11-06,43,P,1740.0,-2.96,1793.0,0.0,0.0,,0.0,,0.0,0.0,0.0,0.0,0.0,,,0,0
MELI261106C01750000,MELI,2026-11-06,43,C,1750.0,-2.4,1793.0,0.0,0.0,,0.0,,0.0,0.0,0.0,0.0,0.0,,,0,0
MELI261106P01750000,MELI,2026-11-06,43,P,1750.0,-2.4,1793.0,0.0,0.0,,0.0,,0.0,0.0,0.0,0.0,0.0,,,0,0
MELI261106C01760000,MELI,2026-11-06,43,C,1760.0,-1.84,1793.0,0.0,0.0,,0.0,,0.0,0.0,0.0,0.0,0.0,,,0,0
MELI261106P01760000,MELI,2026-11-06,43,P,1760.0,-1.84,1793.0,0.0,0.0,,0.0,,0.0,0.0,0.0,0.0,0.0,,,0,0
MELI261106C01770000,MELI,2026-11-06,43,C,1770.0,-1.28,1793.0,0.0,0.0,,0.0,,0.0,0.0,0.0,0.0,0.0,,,0,0
MELI261106P01770000,MELI,2026-11-06,43,P,1770.0,-1.28,1793.0,0.0,0.0,,0.0,,0.0,0.0,0.0,0.0,0.0,,,0,0
MELI261106C01780000,MELI,2026-11-06,43,C,1780.0,-0.73,1793.0,0.0,0.0,,0.0,,0.0,0.0,0.0,0.0,0.0,,,0,0
MELI261106P01780000,MELI,2026-11-06,43,P,1780.0,-0.73,1793.0,0.0,0.0,,0.0,,0.0,0.0,0.0,0.0,0.0,,,0,0
MELI261106C01790000,MELI,2026-11-06,43,C,1790.0,-0.17,1793.0,0.0,0.0,,0.0,,0.0,0.0,0.0,0.0,0.0,,,0,0
MELI261106P01790000,MELI,2026-11-06,43,P,1790.0,-0.17,1793.0,0.0,0.0,,0.0,,0.0,0.0,0.0,0.0,0.0,,,0,0
MELI261106C01800000,MELI,2026-11-06,43,C,1800.0,0.39,1793.0,0.0,0.0,,0.0,,0.0,0.0,0.0,0.0,0.0,,,0,0
MELI261106P01800000,MELI,2026-11-06,43,P,1800.0,0.39,1793.0,0.0,0.0,,0.0,,0.0,0.0,0.0,0.0,0.0,,,0,0
MELI261106C01810000,MELI,2026-11-06,43,C,1810.0,0.95,1793.0,0.0,0.0,,0.0,,0.0,0.0,0.0,0.0,0.0,,,0,0
MELI261106P01810000,MELI,2026-11-06,43,P,1810.0,0.95,1793.0,0.0,0.0,,0.0,,0.0,0.0,0.0,0.0,0.0,,,0,0
MELI261106C01820000,MELI,2026-11-06,43,C,1820.0,1.51,1793.0,0.0,0.0,,0.0,,0.0,0.0,0.0,0.0,0.0,,,0,0
MELI261106P01820000,MELI,2026-11-06,43,P,1820.0,1.51,1793.0,0.0,0.0,,0.0,,0.0,0.0,0.0,0.0,0.0,,,0,0
MELI261106C01830000,MELI,2026-11-06,43,C,1830.0,2.06,1793.0,0.0,0.0,,0.0,,0.0,0.0,0.0,0.0,0.0,,,0,0
MELI261106P01830000,MELI,2026-11-06,43,P,1830.0,2.06,1793.0,0.0,0.0,,0.0,,0.0,0.0,0.0,0.0,0.0,,,0,0
MELI261106C01840000,MELI,2026-11-06,43,C,1840.0,2.62,1793.0,0.0,0.0,,0.0,,0.0,0.0,0.0,0.0,0.0,,,0,0
MELI261106P01840000,MELI,2026-11-06,43,P,1840.0,2.62,1793.0,0.0,0.0,,0.0,,0.0,0.0,0.0,0.0,0.0,,,0,0
MELI261106C01850000,MELI,2026-11-06,43,C,1850.0,3.18,1793.0,0.0,0.0,,0.0,,0.0,0.0,0.0,0.0,0.0,,,0,0
MELI261106P01850000,MELI,2026-11-06,43,P,1850.0,3.18,1793.0,0.0,0.0,,0.0,,0.0,0.0,0.0,0.0,0.0,,,0,0
MELI261106C01860000,MELI,2026-11-06,43,C,1860.0,3.74,1793.0,0.0,0.0,,0.0,,0.0,0.0,0.0,0.0,0.0,,,0,0
MELI261106P01860000,MELI,2026-11-06,43,P,1860.0,3.74,1793.0,0.0,0.0,,0.0,,0.0,0.0,0.0,0.0,0.0,,,0,0
MELI261106C01870000,MELI,2026-11-06,43,C,1870.0,4.29,1793.0,0.0,0.0,,0.0,,0.0,0.0,0.0,0.0,0.0,,,0,0
MELI261106P01870000,MELI,2026-11-06,43,P,1870.0,4.29,1793.0,0.0,0.0,,0.0,,0.0,0.0,0.0,0.0,0.0,,,0,0
MELI261106C01880000,MELI,2026-11-06,43,C,1880.0,4.85,1793.0,0.0,0.0,,0.0,,0.0,0.0,0.0,0.0,0.0,,,0,0
MELI261106P01880000,MELI,2026-11-06,43,P,1880.0,4.85,1793.0,0.0,0.0,,0.0,,0.0,0.0,0.0,0.0,0.0,,,0,0
MELI261106C01890000,MELI,2026-11-06,43,C,1890.0,5.41,1793.0,0.0,0.0,,0.0,,0.0,0.0,0.0,0.0,0.0,,,0,0
MELI261106P01890000,MELI,2026-11-06,43,P,1890.0,5.41,1793.0,0.0,0.0,,0.0,,0.0,0.0,0.0,0.0,0.0,,,0,0
MELI261106C01900000,MELI,2026-11-06,43,C,1900.0,5.97,1793.0,0.0,0.0,,0.0,,0.0,0.0,0.0,0.0,0.0,,,0,0
MELI261106P01900000,MELI,2026-11-06,43,P,1900.0,5.97,1793.0,0.0,0.0,,0.0,,0.0,0.0,0.0,0.0,0.0,,,0,0
MELI261106C01910000,MELI,2026-11-06,43,C,1910.0,6.53,1793.0,0.0,0.0,,0.0,,0.0,0.0,0.0,0.0,0.0,,,0,0
MELI261106P01910000,MELI,2026-11-06,43,P,1910.0,6.53,1793.0,0.0,0.0,,0.0,,0.0,0.0,0.0,0.0,0.0,,,0,0
MELI261106C01920000,MELI,2026-11-06,43,C,1920.0,7.08,1793.0,0.0,0.0,,0.0,,0.0,0.0,0.0,0.0,0.0,,,0,0
MELI261106P01920000,MELI,2026-11-06,43,P,1920.0,7.08,1793.0,0.0,0.0,,0.0,,0.0,0.0,0.0,0.0,0.0,,,0,0
MELI261106C01930000,MELI,2026-11-06,43,C,1930.0,7.64,1793.0,0.0,0.0,,0.0,,0.0,0.0,0.0,0.0,0.0,,,0,0
MELI261106P01930000,MELI,2026-11-06,43,P,1930.0,7.64,1793.0,0.0,0.0,,0.0,,0.0,0.0,0.0,0.0,0.0,,,0,0
MELI261106C01940000,MELI,2026-11-06,43,C,1940.0,8.2,1793.0,0.0,0.0,,0.0,,0.0,0.0,0.0,0.0,0.0,,,0,0
MELI261106P01940000,MELI,2026-11-06,43,P,1940.0,8.2,1793.0,0.0,0.0,,0.0,,0.0,0.0,0.0,0.0,0.0,,,0,0
MELI261120C01360000,MELI,2026-11-20,57,C,1360.0,-24.15,1793.0,444.2,469.0,456.6,458.49,5.4,0.4423,0.9508,0.0003,-0.2278,0.7462,447.5246,93.7,1,8
MELI261120P01360000,MELI,2026-11-20,57,P,1360.0,-24.15,1793.0,0.6,10.2,5.4,10.2,177.8,0.4347,-0.05,0.0003,-0.2894,0.7484,5.5645,5.9,0,12
MELI261120C01380000,MELI,2026-11-20,57,C,1380.0,-23.03,1793.0,425.2,448.9,437.05,439.32,5.4,0.4282,0.9434,0.0004,-0.2617,0.8312,427.9786,93.3,0,10
MELI261120P01380000,MELI,2026-11-20,57,P,1380.0,-23.03,1793.0,6.1,20.0,13.05,16.3,106.5,0.5086,-0.0574,0.0004,-0.3209,0.8387,13.3045,10.9,0,20
MELI261120C01400000,MELI,2026-11-20,57,C,1400.0,-21.92,1793.0,406.1,431.8,418.95,422.4,6.1,0.4326,0.9351,0.0004,-0.2979,0.9245,409.9058,91.9,1,10
MELI261120P01400000,MELI,2026-11-20,57,P,1400.0,-21.92,1793.0,0.0,25.8,12.26,12.26,,0.4861,-0.0658,0.0004,-0.3549,0.9287,13.1792,11.0,1,11
MELI261120C01420000,MELI,2026-11-20,57,C,1420.0,-20.8,1793.0,388.3,413.2,400.75,442.44,6.2,0.4322,0.9258,0.0004,-0.3364,1.0227,391.7318,90.6,0,6
MELI261120P01420000,MELI,2026-11-20,57,P,1420.0,-20.8,1793.0,8.8,15.4,12.1,12.0,54.5,0.4577,-0.0751,0.0004,-0.3912,1.0281,12.4083,10.9,0,9
MELI261120C01440000,MELI,2026-11-20,57,C,1440.0,-19.69,1793.0,370.2,400.8,385.5,429.3,7.9,0.4566,0.9154,0.0005,-0.377,1.1274,376.5566,87.7,0,5
MELI261120P01440000,MELI,2026-11-20,57,P,1440.0,-19.69,1793.0,2.2,20.0,11.1,12.0,160.4,0.4277,-0.0856,0.0005,-0.4297,1.1337,11.4293,10.6,0,10
MELI261120C01460000,MELI,2026-11-20,57,C,1460.0,-18.57,1793.0,352.5,377.9,365.2,408.31,7.0,0.4319,0.904,0.0005,-0.4196,1.2384,356.265,87.6,0,3
MELI261120P01460000,MELI,2026-11-20,57,P,1460.0,-18.57,1793.0,4.0,29.4,16.7,16.55,152.1,0.456,-0.0972,0.0005,-0.4701,1.2426,17.1202,13.9,0,11
MELI261120C01480000,MELI,2026-11-20,57,C,1480.0,-17.46,1793.0,336.0,358.0,347.0,447.6,6.3,0.4248,0.8913,0.0006,-0.4637,1.3518,338.1093,86.3,0,3
MELI261120P01480000,MELI,2026-11-20,57,P,1480.0,-17.46,1793.0,7.9,27.9,17.9,17.0,111.7,0.4437,-0.1099,0.0006,-0.5122,1.3624,18.3688,14.9,8,16
MELI261120C01500000,MELI,2026-11-20,57,C,1500.0,-16.34,1793.0,318.3,341.2,329.75,0.0,6.9,0.4234,0.8775,0.0006,-0.509,1.471,320.9306,84.6,0,0
MELI261120P01500000,MELI,2026-11-20,57,P,1500.0,-16.34,1793.0,17.9,24.7,21.3,21.45,31.9,0.446,-0.1239,0.0006,-0.5555,1.478,21.8455,16.9,2,32
MELI261120C01520000,MELI,2026-11-20,57,C,1520.0,-15.23,1793.0,302.3,324.8,313.55,313.49,7.2,0.4267,0.8626,0.0007,-0.5551,1.5914,304.8118,82.4,0,3
MELI261120P01520000,MELI,2026-11-20,57,P,1520.0,-15.23,1793.0,18.5,31.3,24.9,23.94,51.4,0.4468,-0.139,0.0007,-0.5997,1.5991,25.5186,18.9,3,13
MELI261120C01540000,MELI,2026-11-20,57,C,1540.0,-14.11,1793.0,285.9,308.1,297.0,376.08,7.5,0.425,0.8464,0.0008,-0.6016,1.7126,288.3462,80.5,0,1
MELI261120P01540000,MELI,2026-11-20,57,P,1540.0,-14.11,1793.0,16.4,31.4,23.9,25.82,62.8,0.4179,-0.1554,0.0008,-0.6443,1.7227,24.5807,19.0,0,23
MELI261120C01560000,MELI,2026-11-20,57,C,1560.0,-12.99,1793.0,269.4,299.7,284.55,290.88,10.6,0.444,0.8291,0.0008,-0.6479,1.8356,276.0413,77.1,0,2
MELI261120P01560000,MELI,2026-11-20,57,P,1560.0,-12.99,1793.0,22.1,41.9,32.0,34.0,61.9,0.4411,-0.1729,0.0008,-0.6888,1.8426,32.7897,22.7,0,16
MELI261120C01580000,MELI,2026-11-20,57,C,1580.0,-11.88,1793.0,254.4,277.8,266.1,292.11,8.8,0.4273,0.8106,0.0009,-0.6936,1.9549,257.6762,75.9,0,2
MELI261120P01580000,MELI,2026-11-20,57,P,1580.0,-11.88,1793.0,25.0,44.2,34.6,36.38,55.5,0.4307,-0.1916,0.0009,-0.7327,1.9657,35.497,24.4,0,17
MELI261120C01600000,MELI,2026-11-20,57,C,1600.0,-10.76,1793.0,240.0,262.4,251.2,259.12,8.9,0.4277,0.7911,0.0009,-0.738,2.073,242.9183,73.4,0,3
MELI261120P01600000,MELI,2026-11-20,57,P,1600.0,-10.76,1793.0,30.0,49.5,39.75,41.6,49.1,0.4315,-0.2114,0.0009,-0.7754,2.0818,40.7396,26.8,55,78
MELI261120C01620000,MELI,2026-11-20,57,C,1620.0,-9.65,1793.0,227.6,247.4,237.5,310.94,8.3,0.4313,0.7705,0.001,-0.7807,2.1869,229.3504,70.8,0,1
MELI261120P01620000,MELI,2026-11-20,57,P,1620.0,-9.65,1793.0,35.2,57.9,46.55,46.28,48.8,0.4377,-0.2322,0.001,-0.8166,2.1939,47.6653,29.6,0,20
MELI261120C01640000,MELI,2026-11-20,57,C,1640.0,-8.53,1793.0,216.1,234.5,225.3,223.53,8.2,0.439,0.7489,0.001,-0.8213,2.2941,217.3059,67.8,1,2
MELI261120P01640000,MELI,2026-11-20,57,P,1640.0,-8.53,1793.0,43.2,54.5,48.85,55.0,23.1,0.4215,-0.2541,0.001,-0.8555,2.3066,50.0794,31.2,0,147
MELI261120C01660000,MELI,2026-11-20,57,C,1660.0,-7.42,1793.0,202.5,221.5,212.0,208.68,9.0,0.4394,0.7265,0.0011,-0.8591,2.3966,204.1693,65.3,1,3
MELI261120P01660000,MELI,2026-11-20,57,P,1660.0,-7.42,1793.0,50.5,70.2,60.35,59.0,32.6,0.443,-0.2768,0.0011,-0.8919,2.4048,61.6998,34.9,4,14
MELI261120C01680000,MELI,2026-11-20,57,C,1680.0,-6.3,1793.0,187.4,208.0,197.7,220.06,10.4,0.4338,0.7033,0.0011,-0.8939,2.4898,190.0524,62.9,0,40
MELI261120P01680000,MELI,2026-11-20,57,P,1680.0,-6.3,1793.0,54.0,70.9,62.45,62.03,27.1,0.4232,-0.3004,0.0011,-0.9252,2.4991,63.9546,36.6,2,19
MELI261120C01700000,MELI,2026-11-20,57,C,1700.0,-5.19,1793.0,176.7,195.8,186.25,193.53,10.3,0.4376,0.6793,0.0012,-0.9252,2.5746,178.7815,60.2,0,3
MELI261120P01700000,MELI,2026-11-20,57,P,1700.0,-5.19,1793.0,61.2,84.3,72.75,71.8,31.8,0.4344,-0.3247,0.0012,-0.9551,2.5825,74.3713,39.7,9,18
MELI261120C01720000,MELI,2026-11-20,57,C,1720.0,-4.07,1793.0,162.6,179.8,171.2,176.96,10.0,0.4257,0.6548,0.0012,-0.9526,2.6504,163.9381,57.9,0,2
MELI261120P01720000,MELI,2026-11-20,57,P,1720.0,-4.07,1793.0,73.2,84.9,79.05,93.35,14.8,0.4279,-0.3497,0.0012,-0.9814,2.6559,80.8087,42.1,0,9
MELI261120C01730000,MELI,2026-11-20,57,C,1730.0,-3.51,1793.0,156.7,175.6,166.15,176.6,11.4,0.4285,0.6423,0.0012,-0.9648,2.6839,158.9971,56.5,0,1
MELI261120P01730000,MELI,2026-11-20,57,P,1730.0,-3.51,1793.0,73.6,91.7,82.65,0.0,21.9,0.4258,-0.3624,0.0012,-0.993,2.6904,84.5022,43.4,0,0
MELI261120C01740000,MELI,2026-11-20,57,C,1740.0,-2.96,1793.0,150.9,169.0,159.95,165.37,11.3,0.4264,0.6298,0.0012,-0.976,2.7147,152.8822,55.2,0,2
MELI261120P01740000,MELI,2026-11-20,57,P,1740.0,-2.96,1793.0,77.2,95.9,86.55,84.45,21.6,0.4242,-0.3752,0.0012,-1.0034,2.7229,88.4525,44.7,6,11
MELI261120C01750000,MELI,2026-11-20,57,C,1750.0,-2.4,1793.0,145.2,167.0,156.1,0.0,14.0,0.4326,0.6171,0.0012,-0.9861,2.7429,149.1551,53.7,0,0
MELI261120P01750000,MELI,2026-11-20,57,P,1750.0,-2.4,1793.0,82.0,97.2,89.6,85.0,17.0,0.4191,-0.3881,0.0013,-1.0129,2.7477,91.5738,46.0,0,11
MELI261120C01760000,MELI,2026-11-20,57,C,1760.0,-1.84,1793.0,138.3,165.6,151.95,166.6,18.0,0.437,0.6043,0.0013,-0.9951,2.7686,145.0949,52.3,0,3
MELI261120P01760000,MELI,2026-11-20,57,P,1760.0,-1.84,1793.0,83.9,113.2,98.55,102.43,29.7,0.435,-0.4011,0.0013,-1.0214,2.7721,100.5847,47.7,0,14
MELI261120C01770000,MELI,2026-11-20,57,C,1770.0,-1.28,1793.0,132.3,152.8,142.55,170.0,14.4,0.4221,0.5915,0.0013,-1.003,2.7913,135.8334,51.3,0,2
MELI261120P01770000,MELI,2026-11-20,57,P,1770.0,-1.28,1793.0,90.9,110.4,100.65,100.3,19.4,0.4255,-0.4142,0.0013,-1.0287,2.7931,102.7538,48.8,0,4
MELI261120C01780000,MELI,2026-11-20,57,C,1780.0,-0.73,1793.0,127.6,146.3,136.95,146.4,13.7,0.4205,0.5786,0.0013,-1.0098,2.8109,130.3607,49.9,2,3
MELI261120P01780000,MELI,2026-11-20,57,P,1780.0,-0.73,1793.0,95.6,112.1,103.85,110.53,15.9,0.4197,-0.4274,0.0013,-1.035,2.8116,106.0534,50.1,0,18
MELI261120C01790000,MELI,2026-11-20,57,C,1790.0,-0.17,1793.0,122.5,146.2,134.35,135.0,17.6,0.429,0.5656,0.0013,-1.0154,2.8274,127.8476,48.5,2,6
MELI261120P01790000,MELI,2026-11-20,57,P,1790.0,-0.17,1793.0,106.0,117.5,111.75,0.0,10.3,0.43,-0.4406,0.0013,-1.0399,2.827,113.9813,51.5,0,0
MELI261120C01800000,MELI,2026-11-20,57,C,1800.0,0.39,1793.0,120.7,141.1,130.9,127.83,15.6,0.434,0.5527,0.0013,-1.0199,2.841,124.5011,47.1,4,12
MELI261120P01800000,MELI,2026-11-20,57,P,1800.0,0.39,1793.0,111.0,122.5,116.75,114.82,9.9,0.4296,-0.4538,0.0013,-1.0437,2.839,119.0546,52.8,0,32
MELI261120C01810000,MELI,2026-11-20,57,C,1810.0,0.95,1793.0,112.7,136.2,124.45,123.7,18.9,0.428,0.5397,0.0013,-1.0233,2.8517,118.1892,45.9,39,24
MELI261120P01810000,MELI,2026-11-20,57,P,1810.0,0.95,1793.0,111.6,131.1,121.35,117.0,16.1,0.4273,-0.4671,0.0013,-1.0467,2.848,123.7207,54.1,2,5
MELI261120C01820000,MELI,2026-11-20,57,C,1820.0,1.51,1793.0,108.6,131.0,119.8,139.0,18.7,0.4279,0.5267,0.0013,-1.0255,2.8594,113.6656,44.6,0,5
MELI261120P01820000,MELI,2026-11-20,57,P,1820.0,1.51,1793.0,115.6,138.7,127.15,119.52,18.2,0.4288,-0.4804,0.0013,-1.0485,2.8544,129.5866,55.4,0,7
MELI261120C01830000,MELI,2026-11-20,57,C,1830.0,2.06,1793.0,103.4,129.8,116.6,127.65,22.6,0.4324,0.5138,0.0013,-1.0266,2.864,110.5699,43.3,0,4
MELI261120P01830000,MELI,2026-11-20,57,P,1830.0,2.06,1793.0,121.3,141.0,131.15,0.0,15.0,0.4235,-0.4937,0.0014,-1.0492,2.8573,133.6585,56.7,0,0
MELI261120C01840000,MELI,2026-11-20,57,C,1840.0,2.62,1793.0,98.9,121.0,109.95,109.0,20.1,0.4244,0.5008,0.0013,-1.0266,2.8657,104.0676,42.0,5,259
MELI261120P01840000,MELI,2026-11-20,57,P,1840.0,2.62,1793.0,126.7,147.2,136.95,128.6,15.0,0.4241,-0.5069,0.0014,-1.0486,2.8567,139.525,58.0,0,16
MELI261120C01850000,MELI,2026-11-20,57,C,1850.0,3.18,1793.0,96.5,112.1,104.3,126.0,15.0,0.4194,0.488,0.0013,-1.0255,2.8645,98.5424,40.7,0,8
MELI261120P01850000,MELI,2026-11-20,57,P,1850.0,3.18,1793.0,134.6,150.0,142.3,135.31,10.8,0.4226,-0.5201,0.0014,-1.0468,2.8496,144.9247,59.2,0,7
MELI261120C01860000,MELI,2026-11-20,57,C,1860.0,3.74,1793.0,90.9,113.3,102.1,117.9,21.9,0.4261,0.4751,0.0013,-1.0233,2.8603,96.4402,39.6,0,59
MELI261120P01860000,MELI,2026-11-20,57,P,1860.0,3.74,1793.0,138.9,158.4,148.65,129.41,13.1,0.4242,-0.5333,0.0014,-1.044,2.8451,151.3232,60.5,0,10
MELI261120C01870000,MELI,2026-11-20,57,C,1870.0,4.29,1793.0,86.2,109.1,97.65,101.95,23.5,0.4245,0.4624,0.0013,-1.02,2.853,92.1219,38.3,44,22
MELI261120P01870000,MELI,2026-11-20,57,P,1870.0,4.29,1793.0,144.7,160.2,152.45,147.38,10.2,0.4163,-0.5464,0.0014,-1.0406,2.8353,155.1796,61.8,0,1
MELI261120C01880000,MELI,2026-11-20,57,C,1880.0,4.85,1793.0,84.5,102.8,93.65,96.71,19.5,0.4241,0.4497,0.0013,-1.0158,2.8428,88.2631,37.1,2,6
MELI261120P01880000,MELI,2026-11-20,57,P,1880.0,4.85,1793.0,151.0,168.8,159.9,164.4,11.1,0.4209,-0.5595,0.0014,-1.0359,2.8233,162.6636,62.9,0,2
MELI261120C01890000,MELI,2026-11-20,57,C,1890.0,5.41,1793.0,78.4,97.9,88.15,95.05,22.1,0.4179,0.4371,0.0013,-1.0104,2.8301,82.9164,35.8,32,14
MELI261120P01890000,MELI,2026-11-20,57,P,1890.0,5.41,1793.0,157.7,172.8,165.25,158.18,9.1,0.4177,-0.5724,0.0013,-1.0302,2.8109,168.0918,64.2,0,1
MELI261120C01900000,MELI,2026-11-20,57,C,1900.0,5.97,1793.0,82.0,90.1,86.05,84.67,9.4,0.4233,0.4246,0.0013,-1.0042,2.815,80.905,34.7,12,29
MELI261120P01900000,MELI,2026-11-20,57,P,1900.0,5.97,1793.0,165.0,183.6,174.3,160.1,10.7,0.4272,-0.5853,0.0013,-1.0232,2.789,177.1486,65.2,0,6
MELI261120C01910000,MELI,2026-11-20,57,C,1910.0,6.53,1793.0,73.3,88.7,81.0,97.2,19.0,0.4178,0.4123,0.0013,-0.9969,2.7972,76.0085,33.4,0,1
MELI261120P01910000,MELI,2026-11-20,57,P,1910.0,6.53,1793.0,168.3,190.9,179.6,159.9,12.6,0.4228,-0.598,0.0013,-1.0152,2.7633,182.4812,66.4,3,4
MELI261120C01920000,MELI,2026-11-20,57,C,1920.0,7.08,1793.0,71.3,83.4,77.35,77.3,15.6,0.4169,0.4,0.0013,-0.9888,2.7765,72.498,32.3,1,26
MELI261120P01920000,MELI,2026-11-20,57,P,1920.0,7.08,1793.0,171.0,196.8,183.9,177.76,14.0,0.4143,-0.6106,0.0013,-1.0069,2.7403,186.8386,67.8,6,9
MELI261120C01930000,MELI,2026-11-20,57,C,1930.0,7.64,1793.0,67.2,78.8,73.0,85.14,15.9,0.413,0.388,0.0013,-0.9798,2.753,68.3016,31.0,0,1
MELI261120P01930000,MELI,2026-11-20,57,P,1930.0,7.64,1793.0,184.6,202.7,193.65,0.0,9.3,0.4253,-0.6232,0.0013,-0.9977,2.7158,196.5823,68.6,0,0
MELI261120C01940000,MELI,2026-11-20,57,C,1940.0,8.2,1793.0,62.2,80.6,71.4,78.9,25.8,0.4187,0.376,0.0013,-0.97,2.7273,66.7819,30.1,0,13
MELI261120P01940000,MELI,2026-11-20,57,P,1940.0,8.2,1793.0,183.7,214.0,198.85,150.13,15.2,0.4192,-0.6355,0.0013,-0.9876,2.6875,201.834,69.9,0,1
MELI261120C01950000,MELI,2026-11-20,57,C,1950.0,8.76,1793.0,58.0,76.5,67.25,75.4,27.5,0.4147,0.3643,0.0012,-0.9594,2.6997,62.795,28.9,0,11
MELI261120P01950000,MELI,2026-11-20,57,P,1950.0,8.76,1793.0,189.7,221.7,205.7,0.0,15.6,0.4192,-0.6477,0.0013,-0.9765,2.6571,208.8314,70.9,0,0
MELI261120C01960000,MELI,2026-11-20,57,C,1960.0,9.31,1793.0,53.4,72.0,62.7,79.47,29.7,0.4086,0.3527,0.0012,-0.948,2.6704,58.4012,27.6,0,16
MELI261120P01960000,MELI,2026-11-20,57,P,1960.0,9.31,1793.0,201.6,227.8,214.7,225.0,12.2,0.4261,-0.6596,0.0013,-0.9644,2.6215,217.7256,71.8,0,2
MELI261120C01970000,MELI,2026-11-20,57,C,1970.0,9.87,1793.0,52.0,72.0,62.0,66.9,32.3,0.4167,0.3413,0.0012,-0.936,2.6389,57.7686,26.9,0,1
MELI261120P01970000,MELI,2026-11-20,57,P,1970.0,9.87,1793.0,204.6,235.0,219.8,0.0,13.8,0.418,-0.6715,0.0013,-0.9515,2.5783,222.8332,73.1,0,0
MELI261120C01980000,MELI,2026-11-20,57,C,1980.0,10.43,1793.0,52.5,64.5,58.5,71.4,20.5,0.4138,0.3301,0.0012,-0.9233,2.605,54.4174,25.8,0,180
MELI261120P01980000,MELI,2026-11-20,57,P,1980.0,10.43,1793.0,210.3,241.9,226.1,217.71,14.0,0.4154,-0.6832,0.0013,-0.9388,2.5409,229.4897,74.2,0,1
MELI261120C01990000,MELI,2026-11-20,57,C,1990.0,10.99,1793.0,50.0,64.0,57.0,0.0,24.6,0.4182,0.3191,0.0012,-0.91,2.5689,52.9948,25.0,0,0
MELI261120P01990000,MELI,2026-11-20,57,P,1990.0,10.99,1793.0,224.5,245.6,235.05,0.0,9.0,0.4202,-0.6947,0.0012,-0.9254,2.5024,238.0996,75.0,0,0
MELI261120C02000000,MELI,2026-11-20,57,C,2000.0,11.54,1793.0,49.0,69.8,59.4,53.5,35.0,0.4474,0.3083,0.0012,-0.8961,2.5313,57.7824,25.1,1,72
MELI261120P02000000,MELI,2026-11-20,57,P,2000.0,11.54,1793.0,231.6,252.9,242.25,187.2,8.8,0.4189,-0.706,0.0012,-0.9112,2.4642,245.2783,76.0,0,2
MELI261120C02020000,MELI,2026-11-20,57,C,2020.0,12.66,1793.0,43.3,53.4,48.35,60.0,20.9,0.413,0.2874,0.0011,-0.8669,2.4532,44.7493,22.0,0,16
MELI261120P02020000,MELI,2026-11-20,57,P,2020.0,12.66,1793.0,249.5,268.0,258.75,191.0,7.1,0.424,-0.7277,0.0012,-0.8806,2.3712,261.7671,77.6,0,1
MELI261120C02040000,MELI,2026-11-20,57,C,2040.0,13.78,1793.0,34.0,49.6,41.8,46.85,37.3,0.4039,0.2674,0.0011,-0.836,2.3694,38.5196,19.8,49,238
MELI261120P02040000,MELI,2026-11-20,57,P,2040.0,13.78,1793.0,264.7,283.6,274.15,260.17,6.9,0.423,-0.7488,0.0012,-0.8491,2.2648,277.1294,79.3,0,1
MELI261120C02060000,MELI,2026-11-20,57,C,2060.0,14.89,1793.0,32.5,50.0,41.25,40.0,42.4,0.4191,0.2483,0.0011,-0.8038,2.28,38.035,18.9,9,52
MELI261120P02060000,MELI,2026-11-20,57,P,2060.0,14.89,1793.0,276.0,302.9,289.45,255.8,9.3,0.4197,-0.769,0.0011,-0.8165,2.1749,292.3384,81.1,0,1
MELI261120C02080000,MELI,2026-11-20,57,C,2080.0,16.01,1793.0,26.4,46.4,36.4,37.65,54.9,0.4143,0.2302,0.001,-0.7707,2.1896,33.4418,17.1,65,64
MELI261120P02080000,MELI,2026-11-20,57,P,2080.0,16.01,1793.0,297.4,319.1,308.25,0.0,7.0,0.4314,-0.788,0.0011,-0.7821,2.0714,311.0892,82.1,0,0
MELI261120C02100000,MELI,2026-11-20,57,C,2100.0,17.12,1793.0,23.2,43.2,33.2,32.0,60.2,0.4156,0.2131,0.001,-0.737,2.0966,30.4474,15.7,33,76
MELI261120P02100000,MELI,2026-11-20,57,P,2100.0,17.12,1793.0,309.8,335.6,322.7,251.31,8.0,0.4207,-0.8063,0.001,-0.7479,1.9375,325.3869,84.0,0,2
MELI261120C02120000,MELI,2026-11-20,57,C,2120.0,18.24,1793.0,26.4,32.6,29.5,35.21,21.0,0.413,0.197,0.0009,-0.7031,2.0006,26.9715,14.2,0,13
MELI261120P02120000,MELI,2026-11-20,57,P,2120.0,18.24,1793.0,322.2,352.0,337.1,346.3,8.8,0.4064,-0.8236,0.001,-0.7136,1.8434,339.5427,86.1,2,1
MELI261120C02140000,MELI,2026-11-20,57,C,2140.0,19.35,1793.0,23.7,29.6,26.65,35.8,22.1,0.4132,0.1818,0.0009,-0.6691,1.906,24.3038,13.0,0,95
MELI261120P02140000,MELI,2026-11-20,57,P,2140.0,19.35,1793.0,343.4,369.9,356.65,0.0,7.4,0.419,-0.8398,0.001,-0.6786,1.7464,359.0162,86.7,0,0
MELI261120C02160000,MELI,2026-11-20,57,C,2160.0,20.47,1793.0,21.3,25.9,23.6,34.3,19.5,0.4109,0.1676,0.0008,-0.6354,1.8121,21.4544,11.7,0,8
MELI261120P02160000,MELI,2026-11-20,57,P,2160.0,20.47,1793.0,358.5,387.4,372.95,382.6,7.7,0.4109,-0.8551,0.0009,-0.644,1.5904,375.0038,88.3,5,4
MELI261120C02180000,MELI,2026-11-20,57,C,2180.0,21.58,1793.0,18.6,24.6,21.6,20.2,27.8,0.4132,0.1544,0.0008,-0.6023,1.7173,19.598,10.7,0,176
MELI261120P02180000,MELI,2026-11-20,57,P,2180.0,21.58,1793.0,378.2,404.9,391.55,313.76,6.8,0.4155,-0.8696,0.0009,-0.6102,1.4918,393.3882,89.1,0,2
MELI261120C02200000,MELI,2026-11-20,57,C,2200.0,22.7,1793.0,8.7,21.6,15.15,20.61,85.1,0.385,0.142,0.0008,-0.5698,1.625,13.5849,8.4,10,19
MELI261120P02200000,MELI,2026-11-20,57,P,2200.0,22.7,1793.0,400.5,423.9,412.2,392.64,5.7,0.4337,-0.883,0.0008,-0.5768,1.4107,414.022,89.3,0,3
MELI261120C02220000,MELI,2026-11-20,57,C,2220.0,23.81,1793.0,13.6,20.4,17.0,21.6,40.0,0.4104,0.1306,0.0007,-0.5382,1.5364,15.3304,8.7,0,21
MELI261120P02220000,MELI,2026-11-20,57,P,2220.0,23.81,1793.0,416.2,440.6,428.4,327.78,5.7,0.4196,-0.8953,0.0008,-0.543,1.2836,429.7987,90.9,0,5
MELI261120C02240000,MELI,2026-11-20,57,C,2240.0,24.93,1793.0,8.8,27.2,18.0,20.5,102.2,0.4298,0.12,0.0007,-0.5077,1.4487,16.2915,8.7,0,12
MELI261120P02240000,MELI,2026-11-20,57,P,2240.0,24.93,1793.0,429.3,459.6,444.45,368.24,6.8,0.3966,-0.9072,0.0007,-0.5082,1.1344,445.0125,92.8,0,1
MELI261218C01360000,MELI,2026-12-18,85,C,1360.0,-24.15,1793.0,454.2,482.9,468.55,515.89,6.1,0.436,0.9319,0.0004,-0.1212,1.1705,458.7043,89.5,0,8
MELI261218P01360000,MELI,2026-12-18,85,P,1360.0,-24.15,1793.0,3.5,27.3,15.4,13.1,154.5,0.4586,-0.0692,0.0004,-0.2863,1.1751,15.8937,11.9,0,51
MELI261218C01380000,MELI,2026-12-18,85,C,1380.0,-23.03,1793.0,436.1,461.4,448.75,494.78,5.6,0.4185,0.9235,0.0004,-0.1523,1.2761,438.8924,89.3,0,6
MELI261218P01380000,MELI,2026-12-18,85,P,1380.0,-23.03,1793.0,2.35,24.0,13.175,15.4,164.3,0.4231,-0.0777,0.0004,-0.3109,1.2874,13.663,11.0,0,20
MELI261218C01400000,MELI,2026-12-18,85,C,1400.0,-21.92,1793.0,422.1,442.9,432.5,433.6,4.8,0.4286,0.9143,0.0004,-0.1845,1.3892,422.7226,87.2,1,89
MELI261218P01400000,MELI,2026-12-18,85,P,1400.0,-21.92,1793.0,6.5,29.5,18.0,18.63,127.8,0.4415,-0.087,0.0004,-0.3366,1.398,18.5859,13.6,0,103
MELI261218C01420000,MELI,2026-12-18,85,C,1420.0,-20.8,1793.0,400.9,425.7,413.3,416.1,6.0,0.4149,0.9043,0.0005,-0.2178,1.5066,403.5337,86.7,1,35
MELI261218P01420000,MELI,2026-12-18,85,P,1420.0,-20.8,1793.0,7.0,25.6,16.3,12.1,114.1,0.4116,-0.0972,0.0005,-0.3633,1.5136,16.8885,13.1,0,33
MELI261218C01440000,MELI,2026-12-18,85,C,1440.0,-19.69,1793.0,384.0,408.4,396.2,552.68,6.2,0.4148,0.8933,0.0005,-0.252,1.6269,386.496,85.1,0,9
MELI261218P01440000,MELI,2026-12-18,85,P,1440.0,-19.69,1793.0,7.8,33.0,20.4,19.18,123.5,0.4207,-0.1083,0.0005,-0.3909,1.6416,21.095,15.3,0,21
MELI261218C01460000,MELI,2026-12-18,85,C,1460.0,-18.57,1793.0,366.5,393.0,379.75,421.98,7.0,0.4168,0.8815,0.0005,-0.2869,1.7532,370.1395,83.3,0,10
MELI261218P01460000,MELI,2026-12-18,85,P,1460.0,-18.57,1793.0,12.4,30.1,21.25,23.34,83.3,0.4074,-0.1203,0.0006,-0.4194,1.7643,21.9841,16.0,1,75
MELI261218C01480000,MELI,2026-12-18,85,C,1480.0,-17.46,1793.0,350.3,376.5,363.4,371.21,7.2,0.4172,0.8687,0.0006,-0.3223,1.8812,353.8753,81.6,0,8
MELI261218P01480000,MELI,2026-12-18,85,P,1480.0,-17.46,1793.0,15.1,33.2,24.15,27.46,74.9,0.4055,-0.1333,0.0006,-0.4484,1.8907,24.9784,17.6,0,30
MELI261218C01500000,MELI,2026-12-18,85,C,1500.0,-16.34,1793.0,334.0,360.2,347.1,387.49,7.5,0.416,0.855,0.0006,-0.358,2.0096,337.653,79.8,0,22
MELI261218P01500000,MELI,2026-12-18,85,P,1500.0,-16.34,1793.0,18.4,43.0,30.7,31.0,80.1,0.4205,-0.1472,0.0006,-0.4777,2.0281,31.6581,20.5,2,714
MELI261218C01520000,MELI,2026-12-18,85,C,1520.0,-15.23,1793.0,317.7,339.8,328.75,385.73,6.7,0.4036,0.8404,0.0007,-0.3937,2.1411,319.3823,78.8,0,7
MELI261218P01520000,MELI,2026-12-18,85,P,1520.0,-15.23,1793.0,24.0,48.3,36.15,33.55,67.2,0.4264,-0.162,0.0007,-0.5071,2.1544,37.198,22.8,7,21
MELI261218C01540000,MELI,2026-12-18,85,C,1540.0,-14.11,1793.0,302.5,328.6,315.55,325.21,8.3,0.414,0.8249,0.0007,-0.4292,2.2711,306.3286,76.1,0,12
MELI261218P01540000,MELI,2026-12-18,85,P,1540.0,-14.11,1793.0,29.4,55.1,42.25,40.5,60.8,0.4328,-0.1778,0.0007,-0.5363,2.2834,43.4081,25.2,1,27
MELI261218C01560000,MELI,2026-12-18,85,C,1560.0,-12.99,1793.0,286.5,313.4,299.95,305.48,9.0,0.4114,0.8085,0.0008,-0.4641,2.3982,290.8327,74.2,0,38
MELI261218P01560000,MELI,2026-12-18,85,P,1560.0,-12.99,1793.0,29.4,57.1,43.25,46.9,64.0,0.4161,-0.1945,0.0008,-0.565,2.419,44.5052,26.1,21,24
MELI261218C01580000,MELI,2026-12-18,85,C,1580.0,-11.88,1793.0,272.0,300.0,286.0,295.7,9.8,0.4141,0.7912,0.0008,-0.4982,2.5249,277.0304,71.9,0,15
MELI261218P01580000,MELI,2026-12-18,85,P,1580.0,-11.88,1793.0,36.4,55.8,46.1,46.95,42.1,0.4065,-0.212,0.0008,-0.5929,2.5397,47.4528,27.6,6,38
MELI261218C01600000,MELI,2026-12-18,85,C,1600.0,-10.76,1793.0,258.1,285.3,271.7,276.78,10.0,0.4136,0.7732,0.0008,-0.5311,2.6465,262.8656,69.8,6,32
MELI261218P01600000,MELI,2026-12-18,85,P,1600.0,-10.76,1793.0,40.2,62.3,51.25,54.45,43.1,0.4049,-0.2303,0.0009,-0.6199,2.661,52.7177,29.7,1,250
MELI261218C01620000,MELI,2026-12-18,85,C,1620.0,-9.65,1793.0,244.0,269.0,256.5,344.85,9.7,0.4084,0.7544,0.0009,-0.5628,2.7622,247.8153,67.9,0,9
MELI261218P01620000,MELI,2026-12-18,85,P,1620.0,-9.65,1793.0,45.6,70.4,58.0,58.4,42.8,0.4078,-0.2493,0.0009,-0.6454,2.7816,59.6285,32.1,20,232
MELI261218C01640000,MELI,2026-12-18,85,C,1640.0,-8.53,1793.0,230.4,251.8,241.1,254.05,8.9,0.4014,0.735,0.0009,-0.5928,2.8738,232.5783,66.0,0,41
MELI261218P01640000,MELI,2026-12-18,85,P,1640.0,-8.53,1793.0,56.8,73.1,64.95,60.2,25.1,0.4094,-0.2692,0.0009,-0.6694,2.8881,66.6773,34.5,0,51
MELI261218C01660000,MELI,2026-12-18,85,C,1660.0,-7.42,1793.0,217.2,238.8,228.0,447.17,9.5,0.4011,0.715,0.001,-0.621,2.9774,219.6465,63.7,0,20
MELI261218P01660000,MELI,2026-12-18,85,P,1660.0,-7.42,1793.0,58.5,82.6,70.55,70.88,34.2,0.4048,-0.2898,0.001,-0.6918,2.9912,72.3583,36.5,10,54
MELI261218C01680000,MELI,2026-12-18,85,C,1680.0,-6.3,1793.0,204.4,226.2,215.3,350.82,10.1,0.4007,0.6944,0.001,-0.647,3.0723,207.1406,61.3,0,14
MELI261218P01680000,MELI,2026-12-18,85,P,1680.0,-6.3,1793.0,65.6,89.4,77.5,78.24,30.7,0.4037,-0.3107,0.001,-0.7119,3.0889,79.4867,38.8,2,52
MELI261218C01700000,MELI,2026-12-18,85,C,1700.0,-5.19,1793.0,192.1,214.5,203.3,212.27,11.0,0.4011,0.6733,0.001,-0.6709,3.1601,195.347,59.0,4,80
MELI261218P01700000,MELI,2026-12-18,85,P,1700.0,-5.19,1793.0,76.1,96.0,86.05,85.16,23.1,0.4059,-0.3324,0.001,-0.73,3.172,88.1027,41.2,10,599
MELI261218C01710000,MELI,2026-12-18,85,C,1710.0,-4.63,1793.0,186.2,211.5,198.85,212.8,12.7,0.4056,0.6626,0.001,-0.6819,3.2004,191.0046,57.6,0,9
MELI261218P01710000,MELI,2026-12-18,85,P,1710.0,-4.63,1793.0,77.4,103.5,90.45,62.2,28.9,0.4069,-0.3434,0.0011,-0.7382,3.21,92.5661,42.4,0,11
MELI261218C01720000,MELI,2026-12-18,85,C,1720.0,-4.07,1793.0,180.0,205.6,192.8,201.59,13.3,0.4046,0.6518,0.001,-0.6923,3.2379,185.0314,56.5,0,13
MELI261218P01720000,MELI,2026-12-18,85,P,1720.0,-4.07,1793.0,81.3,104.6,92.95,90.0,25.1,0.4016,-0.3544,0.0011,-0.7458,3.248,95.1128,43.4,0,54
MELI261218C01730000,MELI,2026-12-18,85,C,1730.0,-3.51,1793.0,174.6,199.8,187.2,195.13,13.5,0.4048,0.6409,0.0011,-0.702,3.2728,179.5599,55.3,2,25
MELI261218P01730000,MELI,2026-12-18,85,P,1730.0,-3.51,1793.0,92.0,111.0,101.5,102.0,18.7,0.4146,-0.3655,0.0011,-0.7527,3.2832,103.7265,45.0,0,9
MELI261218C01740000,MELI,2026-12-18,85,C,1740.0,-2.96,1793.0,169.1,191.3,180.2,188.32,12.3,0.4003,0.63,0.0011,-0.7111,3.3053,172.6544,54.3,0,16
MELI261218P01740000,MELI,2026-12-18,85,P,1740.0,-2.96,1793.0,90.7,111.4,101.05,98.0,20.5,0.3999,-0.3766,0.0011,-0.7589,3.3154,103.3894,45.7,0,62
MELI261218C01750000,MELI,2026-12-18,85,C,1750.0,-2.4,1793.0,163.2,188.5,175.85,235.0,14.4,0.4035,0.619,0.0011,-0.7196,3.3355,168.4022,53.0,0,8
MELI261218P01750000,MELI,2026-12-18,85,P,1750.0,-2.4,1793.0,94.6,120.6,107.6,114.8,24.2,0.4058,-0.3881,0.0011,-0.7645,3.3424,109.9421,47.1,0,23
MELI261218C01760000,MELI,2026-12-18,85,C,1760.0,-1.84,1793.0,158.4,183.0,170.7,180.09,14.4,0.404,0.6079,0.0011,-0.7274,3.3632,163.3773,51.8,0,10
MELI261218P01760000,MELI,2026-12-18,85,P,1760.0,-1.84,1793.0,102.2,125.0,113.6,89.7,20.1,0.4099,-0.3993,0.0011,-0.7695,3.3682,116.0376,48.3,0,48
MELI261218C01770000,MELI,2026-12-18,85,C,1770.0,-1.28,1793.0,152.0,178.3,165.15,243.75,15.9,0.4029,0.5968,0.0011,-0.7345,3.3882,157.9297,50.7,0,4
MELI261218P01770000,MELI,2026-12-18,85,P,1770.0,-1.28,1793.0,104.1,129.6,116.85,108.16,21.8,0.4053,-0.4107,0.0011,-0.7738,3.3911,119.3287,49.4,0,13
MELI261218C01780000,MELI,2026-12-18,85,C,1780.0,-0.73,1793.0,144.9,176.2,160.55,237.2,19.5,0.4043,0.5856,0.0011,-0.7408,3.4104,153.4411,49.5,0,26
MELI261218P01780000,MELI,2026-12-18,85,P,1780.0,-0.73,1793.0,106.3,134.4,120.35,112.53,23.3,0.4011,-0.4224,0.0011,-0.7776,3.4113,122.8509,50.4,0,53
MELI261218C01790000,MELI,2026-12-18,85,C,1790.0,-0.17,1793.0,142.0,165.9,153.95,155.0,15.5,0.3995,0.5745,0.0011,-0.7466,3.4297,146.9562,48.4,0,9
MELI261218P01790000,MELI,2026-12-18,85,P,1790.0,-0.17,1793.0,114.6,135.6,125.1,96.67,16.8,0.4005,-0.4337,0.0012,-0.7805,3.4295,127.7008,51.6,0,5
MELI261218C01800000,MELI,2026-12-18,85,C,1800.0,0.39,1793.0,137.2,162.8,150.0,150.6,17.1,0.4021,0.5633,0.0011,-0.7516,3.4463,143.1058,47.2,6,61
MELI261218P01800000,MELI,2026-12-18,85,P,1800.0,0.39,1793.0,119.0,144.3,131.65,134.07,19.2,0.4046,-0.4452,0.0012,-0.7827,3.4437,134.2728,52.8,6,102
MELI261218C01810000,MELI,2026-12-18,85,C,1810.0,0.95,1793.0,132.4,161.0,146.7,153.08,19.5,0.4063,0.5521,0.0011,-0.7559,3.4603,139.9243,46.1,0,18
MELI261218P01810000,MELI,2026-12-18,85,P,1810.0,0.95,1793.0,125.0,144.9,134.95,127.35,14.7,0.399,-0.4568,0.0012,-0.7843,3.4551,137.6342,53.9,0,10
MELI261218C01820000,MELI,2026-12-18,85,C,1820.0,1.51,1793.0,127.8,153.1,140.45,138.0,18.0,0.4016,0.5409,0.0011,-0.7596,3.4715,133.7967,45.0,2,36
MELI261218P01820000,MELI,2026-12-18,85,P,1820.0,1.51,1793.0,130.6,157.0,143.8,138.34,18.4,0.4089,-0.4685,0.0012,-0.7851,3.4638,146.4359,55.1,0,119
MELI261218C01830000,MELI,2026-12-18,85,C,1830.0,2.06,1793.0,120.5,144.4,132.45,147.62,18.0,0.3916,0.5297,0.0011,-0.7625,3.48,125.9456,43.9,0,15
MELI261218P01830000,MELI,2026-12-18,85,P,1830.0,2.06,1793.0,136.3,155.9,146.1,137.26,13.4,0.3998,-0.4801,0.0012,-0.7854,3.4696,148.8067,56.1,0,11
MELI261218C01840000,MELI,2026-12-18,85,C,1840.0,2.62,1793.0,116.0,146.5,131.25,149.1,23.2,0.4008,0.5185,0.0011,-0.7648,3.4858,124.8273,42.8,0,113
MELI261218P01840000,MELI,2026-12-18,85,P,1840.0,2.62,1793.0,137.6,165.4,151.5,142.83,18.3,0.3995,-0.4915,0.0012,-0.7851,3.474,154.3184,57.2,0,56
MELI261218C01850000,MELI,2026-12-18,85,C,1850.0,3.18,1793.0,112.0,142.2,127.1,138.56,23.8,0.4012,0.5074,0.0011,-0.7663,3.489,120.7828,41.7,0,25
MELI261218P01850000,MELI,2026-12-18,85,P,1850.0,3.18,1793.0,143.0,170.8,156.9,128.27,17.7,0.3986,-0.503,0.0012,-0.7841,3.4733,159.7326,58.3,0,513
MELI261218C01860000,MELI,2026-12-18,85,C,1860.0,3.74,1793.0,110.0,139.6,124.8,131.94,23.7,0.4067,0.4963,0.0011,-0.7672,3.4895,118.6049,40.6,0,62
MELI261218P01860000,MELI,2026-12-18,85,P,1860.0,3.74,1793.0,149.1,179.3,164.2,151.8,18.4,0.4029,-0.5145,0.0012,-0.7823,3.4704,167.0488,59.4,0,54
MELI261218C01870000,MELI,2026-12-18,85,C,1870.0,4.29,1793.0,102.5,133.9,118.2,253.0,26.6,0.3995,0.4852,0.0011,-0.7675,3.4874,112.1549,39.5,0,5
MELI261218P01870000,MELI,2026-12-18,85,P,1870.0,4.29,1793.0,157.1,185.0,171.05,150.0,16.3,0.4056,-0.526,0.0012,-0.7798,3.4633,173.9169,60.5,0,8
MELI261218C01880000,MELI,2026-12-18,85,C,1880.0,4.85,1793.0,101.2,121.2,111.2,122.07,18.0,0.3908,0.4742,0.0011,-0.7671,3.4824,105.3069,38.4,0,93
MELI261218P01880000,MELI,2026-12-18,85,P,1880.0,4.85,1793.0,160.4,191.6,176.0,153.17,17.7,0.4023,-0.5375,0.0012,-0.7766,3.4535,178.8244,61.5,0,46
MELI261218C01890000,MELI,2026-12-18,85,C,1890.0,5.41,1793.0,98.1,124.9,111.5,110.03,24.0,0.4028,0.4633,0.0011,-0.7661,3.4748,105.6669,37.4,12,18
MELI261218P01890000,MELI,2026-12-18,85,P,1890.0,5.41,1793.0,166.4,197.4,181.9,140.95,17.0,0.4016,-0.5489,0.0012,-0.7729,3.4429,184.7323,62.6,0,2
MELI261218C01900000,MELI,2026-12-18,85,C,1900.0,5.97,1793.0,94.6,113.1,103.85,122.47,17.8,0.3916,0.4525,0.0011,-0.7644,3.4647,98.1907,36.2,0,226
MELI261218P01900000,MELI,2026-12-18,85,P,1900.0,5.97,1793.0,175.8,199.7,187.75,182.22,12.7,0.4005,-0.5603,0.0012,-0.7687,3.4313,190.6078,63.6,3,92
MELI261218C01910000,MELI,2026-12-18,85,C,1910.0,6.53,1793.0,90.6,108.8,99.7,117.96,18.3,0.3902,0.4417,0.0011,-0.7621,3.4523,94.1768,35.2,0,17
MELI261218P01910000,MELI,2026-12-18,85,P,1910.0,6.53,1793.0,178.8,209.4,194.1,132.8,15.8,0.4005,-0.5715,0.0012,-0.7639,3.4139,196.9614,64.6,0,17
MELI261218C01920000,MELI,2026-12-18,85,C,1920.0,7.08,1793.0,86.9,108.3,97.6,103.9,21.9,0.3944,0.431,0.0011,-0.7593,3.4378,92.1579,34.2,1,520
MELI261218P01920000,MELI,2026-12-18,85,P,1920.0,7.08,1793.0,191.1,213.0,202.05,186.66,10.8,0.4049,-0.5827,0.0012,-0.7584,3.3938,204.9013,65.6,0,20
MELI261218C01930000,MELI,2026-12-18,85,C,1930.0,7.64,1793.0,83.8,103.4,93.6,174.9,20.9,0.3928,0.4204,0.0011,-0.7559,3.4209,88.2785,33.2,0,9
MELI261218P01930000,MELI,2026-12-18,85,P,1930.0,7.64,1793.0,193.0,222.1,207.55,203.94,14.0,0.4018,-0.5938,0.0012,-0.7523,3.3655,210.4026,66.6,7,16
MELI261218C01940000,MELI,2026-12-18,85,C,1940.0,8.2,1793.0,83.3,99.5,91.4,105.7,17.7,0.3963,0.4098,0.0011,-0.7519,3.4015,86.202,32.3,0,27
MELI261218P01940000,MELI,2026-12-18,85,P,1940.0,8.2,1793.0,199.1,228.8,213.95,220.3,13.9,0.4008,-0.6048,0.0012,-0.7456,3.3433,216.7143,67.6,0,37
MELI261218C01950000,MELI,2026-12-18,85,C,1950.0,8.76,1793.0,76.8,103.4,90.1,91.7,29.5,0.4021,0.3995,0.0011,-0.7474,3.3796,84.9673,31.5,1,20
MELI261218P01950000,MELI,2026-12-18,85,P,1950.0,8.76,1793.0,205.5,235.2,220.35,220.6,13.5,0.4,-0.6157,0.0012,-0.7384,3.3167,223.1919,68.5,3,29
MELI261218C01960000,MELI,2026-12-18,85,C,1960.0,9.31,1793.0,74.9,95.8,85.35,98.38,24.5,0.3975,0.3892,0.0011,-0.7423,3.3553,80.3821,30.4,0,29
MELI261218P01960000,MELI,2026-12-18,85,P,1960.0,9.31,1793.0,215.4,238.4,226.9,234.2,10.1,0.399,-0.6265,0.0012,-0.7308,3.2871,229.7015,69.5,23,88
MELI261218C01970000,MELI,2026-12-18,85,C,1970.0,9.87,1793.0,69.9,97.2,83.55,97.5,32.7,0.4013,0.379,0.0011,-0.7368,3.3291,78.648,29.6,0,5
MELI261218P01970000,MELI,2026-12-18,85,P,1970.0,9.87,1793.0,224.8,243.0,233.9,234.77,7.8,0.3992,-0.6372,0.0012,-0.7228,3.2591,236.6989,70.4,6,14
MELI261218C01980000,MELI,2026-12-18,85,C,1980.0,10.43,1793.0,68.2,94.1,81.15,92.68,31.9,0.4031,0.369,0.0011,-0.7308,3.3015,76.3374,28.8,0,44
MELI261218P01980000,MELI,2026-12-18,85,P,1980.0,10.43,1793.0,231.7,249.9,240.8,247.0,7.6,0.3988,-0.6478,0.0012,-0.7143,3.223,243.592,71.3,0,74
MELI261218C01990000,MELI,2026-12-18,85,C,1990.0,10.99,1793.0,64.5,91.2,77.85,89.17,34.3,0.402,0.3591,0.0011,-0.7243,3.2722,73.1765,27.9,0,36
MELI261218P01990000,MELI,2026-12-18,85,P,1990.0,10.99,1793.0,239.2,257.8,248.5,244.62,7.5,0.4005,-0.6583,0.0011,-0.7053,3.1844,251.2463,72.2,11,19
MELI261218C02000000,MELI,2026-12-18,85,C,2000.0,11.54,1793.0,70.0,75.0,72.5,72.5,6.9,0.3942,0.3493,0.0011,-0.7174,3.2411,67.9961,26.7,12,277
MELI261218P02000000,MELI,2026-12-18,85,P,2000.0,11.54,1793.0,246.2,264.4,255.3,250.57,7.1,0.3991,-0.6686,0.0011,-0.6958,3.1408,257.9969,73.1,2,70
MELI261218C02020000,MELI,2026-12-18,85,C,2020.0,12.66,1793.0,56.0,75.9,65.95,71.7,30.2,0.3904,0.3302,0.001,-0.7025,3.1724,61.6996,24.9,1,25
MELI261218P02020000,MELI,2026-12-18,85,P,2020.0,12.66,1793.0,262.1,277.8,269.95,264.8,5.8,0.3988,-0.6888,0.0011,-0.6754,3.0611,272.5522,74.8,20,92
MELI261218C02040000,MELI,2026-12-18,85,C,2040.0,13.78,1793.0,53.3,73.2,63.25,71.38,31.5,0.3979,0.3117,0.001,-0.6861,3.0972,59.1718,23.6,3,26
MELI261218P02040000,MELI,2026-12-18,85,P,2040.0,13.78,1793.0,276.2,294.6,285.4,290.0,6.4,0.4,-0.7086,0.0011,-0.6539,2.9737,287.8887,76.3,30,15
MELI261218C02060000,MELI,2026-12-18,85,C,2060.0,14.89,1793.0,45.9,68.5,57.2,56.85,39.5,0.3935,0.2938,0.001,-0.6684,3.0184,53.3697,21.9,11,31
MELI261218P02060000,MELI,2026-12-18,85,P,2060.0,14.89,1793.0,288.1,311.3,299.7,305.7,7.7,0.3961,-0.7277,0.0011,-0.6313,2.8732,302.0263,78.0,12,8
MELI261218C02080000,MELI,2026-12-18,85,C,2080.0,16.01,1793.0,43.5,62.8,53.15,55.58,36.3,0.3947,0.2766,0.001,-0.6498,2.9347,49.5234,20.4,4,35
MELI261218P02080000,MELI,2026-12-18,85,P,2080.0,16.01,1793.0,303.5,326.8,315.15,357.1,7.4,0.3948,-0.7461,0.001,-0.6074,2.7671,317.2662,79.6,0,12
MELI261218C02100000,MELI,2026-12-18,85,C,2100.0,17.12,1793.0,47.4,58.0,52.7,47.5,20.1,0.4075,0.2602,0.0009,-0.6302,2.8453,49.1379,19.6,6,248
MELI261218P02100000,MELI,2026-12-18,85,P,2100.0,17.12,1793.0,321.4,345.8,333.6,340.8,7.3,0.4036,-0.7639,0.001,-0.5823,2.6603,335.5859,80.5,0,35
MELI261218C02120000,MELI,2026-12-18,85,C,2120.0,18.24,1793.0,36.7,49.8,43.25,60.5,30.3,0.3875,0.2444,0.0009,-0.61,2.7538,40.0851,17.4,0,65
MELI261218P02120000,MELI,2026-12-18,85,P,2120.0,18.24,1793.0,335.1,361.9,348.5,284.39,7.7,0.3981,-0.7811,0.001,-0.5568,2.5499,350.2116,82.1,0,24
MELI261218C02140000,MELI,2026-12-18,85,C,2140.0,19.35,1793.0,29.5,47.1,38.3,48.0,46.0,0.382,0.2293,0.0009,-0.5893,2.6616,35.401,15.8,0,76
MELI261218P02140000,MELI,2026-12-18,85,P,2140.0,19.35,1793.0,347.9,378.8,363.35,368.6,8.5,0.3902,-0.7975,0.001,-0.5316,2.424,364.6042,83.7,0,13
MELI261218C02160000,MELI,2026-12-18,85,C,2160.0,20.47,1793.0,26.1,48.1,37.1,46.7,59.3,0.39,0.2149,0.0008,-0.5682,2.5664,34.2962,15.1,0,32
MELI261218P02160000,MELI,2026-12-18,85,P,2160.0,20.47,1793.0,365.0,395.6,380.3,311.67,8.0,0.3903,-0.8133,0.0009,-0.5053,2.3079,381.3415,84.9,0,10
MELI261218C02180000,MELI,2026-12-18,85,C,2180.0,21.58,1793.0,24.2,39.2,31.7,43.51,47.3,0.3801,0.2013,0.0008,-0.547,2.4688,29.1635,13.4,0,544
MELI261218P02180000,MELI,2026-12-18,85,P,2180.0,21.58,1793.0,386.8,410.6,398.7,400.8,6.0,0.3955,-0.8283,0.0009,-0.4782,2.1873,399.4929,85.8,0,10
MELI261218C02200000,MELI,2026-12-18,85,C,2200.0,22.7,1793.0,29.0,42.4,35.7,32.0,37.5,0.4088,0.1884,0.0008,-0.5256,2.3726,33.0301,13.8,14,188
MELI261218P02200000,MELI,2026-12-18,85,P,2200.0,22.7,1793.0,404.4,429.9,417.15,407.5,6.1,0.4003,-0.8427,0.0009,-0.4522,2.0649,417.6796,86.6,0,66
MELI261218C02220000,MELI,2026-12-18,85,C,2220.0,23.81,1793.0,17.4,39.7,28.55,30.35,78.1,0.3897,0.1761,0.0008,-0.5044,2.2777,26.2485,11.9,8,49
MELI261218P02220000,MELI,2026-12-18,85,P,2220.0,23.81,1793.0,418.8,447.5,433.15,436.2,6.6,0.3918,-0.8564,0.0008,-0.4261,1.9299,433.1094,88.0,0,25
MELI261218C02240000,MELI,2026-12-18,85,C,2240.0,24.93,1793.0,14.9,36.3,25.6,25.92,83.6,0.3872,0.1646,0.0007,-0.4834,2.1819,23.484,10.8,38,62
MELI261218P02240000,MELI,2026-12-18,85,P,2240.0,24.93,1793.0,437.1,465.3,451.2,442.0,6.2,0.3923,-0.8694,0.0008,-0.4008,1.8103,450.7403,88.9,0,8
MELI270115C01360000,MELI,2027-01-15,113,C,1360.0,-24.15,1793.0,466.3,495.2,480.75,504.0,6.0,0.4298,0.9154,0.0004,-0.158,1.5865,470.1383,86.2,0,2
MELI270115P01360000,MELI,2027-01-15,113,P,1360.0,-24.15,1793.0,15.4,23.1,19.25,17.4,40.0,0.427,-0.0863,0.0004,-0.286,1.6006,19.9408,13.6,0,11
MELI270115C01380000,MELI,2027-01-15,113,C,1380.0,-23.03,1793.0,448.9,476.1,462.5,426.9,5.9,0.4222,0.9065,0.0004,-0.1832,1.7075,451.9113,85.3,0,1
MELI270115P01380000,MELI,2027-01-15,113,P,1380.0,-23.03,1793.0,11.0,32.5,21.75,21.5,98.9,0.4256,-0.0954,0.0004,-0.3064,1.7187,22.5235,14.9,0,6
MELI270115C01400000,MELI,2027-01-15,113,C,1400.0,-21.92,1793.0,432.0,458.1,445.05,510.0,5.9,0.4185,0.8968,0.0004,-0.2091,1.8313,434.5091,84.1,0,8
MELI270115P01400000,MELI,2027-01-15,113,P,1400.0,-21.92,1793.0,18.4,28.2,23.3,23.3,42.1,0.4177,-0.1052,0.0004,-0.3275,1.849,24.1302,15.8,0,209
MELI270115C01420000,MELI,2027-01-15,113,C,1420.0,-20.8,1793.0,414.7,437.3,426.0,785.7,5.3,0.4055,0.8864,0.0005,-0.2354,1.9608,415.4813,83.5,0,1
MELI270115P01420000,MELI,2027-01-15,113,P,1420.0,-20.8,1793.0,20.1,31.1,25.6,23.67,43.0,0.4131,-0.1158,0.0005,-0.3491,1.9806,26.4908,17.0,1,49
MELI270115C01440000,MELI,2027-01-15,113,C,1440.0,-19.69,1793.0,398.0,427.3,412.65,0.0,7.1,0.4203,0.8753,0.0005,-0.2622,2.0932,402.2684,80.9,0,0
MELI270115P01440000,MELI,2027-01-15,113,P,1440.0,-19.69,1793.0,18.6,39.6,29.1,33.0,72.2,0.4135,-0.1272,0.0005,-0.3712,2.1074,30.0918,18.6,0,56
MELI270115C01460000,MELI,2027-01-15,113,C,1460.0,-18.57,1793.0,382.0,407.5,394.75,481.3,6.5,0.4114,0.8634,0.0005,-0.2892,2.2253,384.4272,79.9,0,437
MELI270115P01460000,MELI,2027-01-15,113,P,1460.0,-18.57,1793.0,22.2,44.8,33.5,33.8,67.5,0.4164,-0.1393,0.0005,-0.3935,2.2434,34.5921,20.5,0,72
MELI270115C01480000,MELI,2027-01-15,113,C,1480.0,-17.46,1793.0,367.2,390.4,378.8,459.24,6.1,0.4104,0.8508,0.0006,-0.3163,2.3601,368.5771,78.2,0,89
MELI270115P01480000,MELI,2027-01-15,113,P,1480.0,-17.46,1793.0,25.3,45.3,35.3,34.2,56.7,0.4066,-0.1521,0.0006,-0.416,2.3866,36.4564,21.5,2,30
MELI270115C01500000,MELI,2027-01-15,113,C,1500.0,-16.34,1793.0,350.7,378.4,364.55,375.4,7.6,0.4149,0.8374,0.0006,-0.3434,2.4964,354.4413,76.1,2,455
MELI270115P01500000,MELI,2027-01-15,113,P,1500.0,-16.34,1793.0,28.9,45.0,36.95,37.67,43.6,0.3958,-0.1658,0.0006,-0.4385,2.514,38.1806,22.5,1,244
MELI270115C01520000,MELI,2027-01-15,113,C,1520.0,-15.23,1793.0,335.9,362.1,349.0,465.98,7.5,0.4128,0.8234,0.0006,-0.3702,2.6296,339.0129,74.5,0,25
MELI270115P01520000,MELI,2027-01-15,113,P,1520.0,-15.23,1793.0,33.0,57.1,45.05,31.8,53.5,0.4095,-0.1801,0.0006,-0.4609,2.6475,46.4225,25.3,1,28
MELI270115C01540000,MELI,2027-01-15,113,C,1540.0,-14.11,1793.0,320.0,347.1,333.55,451.62,8.1,0.4099,0.8086,0.0007,-0.3967,2.7614,323.6675,72.8,0,8
MELI270115P01540000,MELI,2027-01-15,113,P,1540.0,-14.11,1793.0,40.3,55.8,48.05,40.34,32.3,0.402,-0.1952,0.0007,-0.4829,2.7908,49.5072,26.6,0,63
MELI270115C01560000,MELI,2027-01-15,113,C,1560.0,-12.99,1793.0,306.0,331.1,318.55,434.34,7.9,0.4076,0.7932,0.0007,-0.4225,2.8927,308.7967,71.1,0,35
MELI270115P01560000,MELI,2027-01-15,113,P,1560.0,-12.99,1793.0,46.7,60.7,53.7,53.59,26.1,0.403,-0.211,0.0007,-0.5043,2.9138,55.2521,28.6,0,97
MELI270115C01580000,MELI,2027-01-15,113,C,1580.0,-11.88,1793.0,291.0,315.4,303.2,282.9,8.0,0.4031,0.7771,0.0007,-0.4476,3.0186,293.5789,69.4,0,8
MELI270115P01580000,MELI,2027-01-15,113,P,1580.0,-11.88,1793.0,47.6,67.0,57.3,60.95,33.9,0.3959,-0.2274,0.0008,-0.525,3.0386,58.9476,30.1,4,47
MELI270115C01600000,MELI,2027-01-15,113,C,1600.0,-10.76,1793.0,277.1,299.0,288.05,383.35,7.6,0.3984,0.7605,0.0008,-0.4718,3.1392,278.5817,67.7,0,48
MELI270115P01600000,MELI,2027-01-15,113,P,1600.0,-10.76,1793.0,53.2,70.4,61.8,65.31,27.8,0.391,-0.2444,0.0008,-0.545,3.1649,63.5605,31.9,1,467
MELI270115C01620000,MELI,2027-01-15,113,C,1620.0,-9.65,1793.0,263.6,292.0,277.8,368.55,10.2,0.4078,0.7433,0.0008,-0.495,3.2564,268.5004,65.1,0,11
MELI270115P01620000,MELI,2027-01-15,113,P,1620.0,-9.65,1793.0,59.9,79.0,69.45,70.59,27.5,0.3948,-0.262,0.0008,-0.5638,3.2797,71.2976,34.1,0,73
MELI270115C01640000,MELI,2027-01-15,113,C,1640.0,-8.53,1793.0,250.9,277.8,264.35,281.15,10.2,0.406,0.7256,0.0008,-0.5169,3.367,255.2263,63.2,0,42
MELI270115P01640000,MELI,2027-01-15,113,P,1640.0,-8.53,1793.0,68.5,86.0,77.25,87.9,22.7,0.3977,-0.2802,0.0008,-0.5815,3.3861,79.2282,36.4,0,36
MELI270115C01660000,MELI,2027-01-15,113,C,1660.0,-7.42,1793.0,237.1,259.5,248.3,268.5,9.0,0.3956,0.7075,0.0009,-0.5374,3.469,239.317,61.7,0,39
MELI270115P01660000,MELI,2027-01-15,113,P,1660.0,-7.42,1793.0,77.8,93.7,85.75,90.0,18.5,0.4012,-0.2988,0.0009,-0.598,3.4914,87.8397,38.6,0,61
MELI270115C01680000,MELI,2027-01-15,113,C,1680.0,-6.3,1793.0,225.3,247.1,236.2,256.81,9.2,0.3958,0.689,0.0009,-0.5565,3.5646,227.4166,59.5,0,132
MELI270115P01680000,MELI,2027-01-15,113,P,1680.0,-6.3,1793.0,80.1,100.0,90.05,89.01,22.1,0.3916,-0.3178,0.0009,-0.6129,3.5869,92.239,40.3,2,59
MELI270115C01700000,MELI,2027-01-15,113,C,1700.0,-5.19,1793.0,212.5,235.4,223.95,232.93,10.2,0.3944,0.6702,0.0009,-0.574,3.6528,215.3476,57.5,0,81
MELI270115P01700000,MELI,2027-01-15,113,P,1700.0,-5.19,1793.0,94.0,107.9,100.95,101.0,13.8,0.3993,-0.3373,0.0009,-0.6263,3.6683,103.22,42.7,0,282
MELI270115C01720000,MELI,2027-01-15,113,C,1720.0,-4.07,1793.0,201.0,221.2,211.1,223.21,9.6,0.3904,0.651,0.0009,-0.5898,3.7311,202.7,55.6,1,125
MELI270115P01720000,MELI,2027-01-15,113,P,1720.0,-4.07,1793.0,100.5,117.1,108.8,106.94,15.3,0.3974,-0.357,0.001,-0.6382,3.7437,111.1468,44.7,0,98
MELI270115C01740000,MELI,2027-01-15,113,C,1740.0,-2.96,1793.0,190.5,212.5,201.5,221.91,10.9,0.394,0.6316,0.001,-0.6039,3.8003,193.3022,53.3,0,28
MELI270115P01740000,MELI,2027-01-15,113,P,1740.0,-2.96,1793.0,105.5,126.1,115.8,92.3,17.8,0.3923,-0.3771,0.001,-0.6484,3.8129,118.2415,46.6,0,35
MELI270115C01760000,MELI,2027-01-15,113,C,1760.0,-1.84,1793.0,179.4,198.8,189.1,275.03,10.3,0.3892,0.612,0.001,-0.6162,3.8609,181.1203,51.4,0,27
MELI270115P01760000,MELI,2027-01-15,113,P,1760.0,-1.84,1793.0,113.6,138.7,126.15,124.05,19.9,0.3949,-0.3973,0.001,-0.6567,3.8686,128.6579,48.8,8,46
MELI270115C01780000,MELI,2027-01-15,113,C,1780.0,-0.73,1793.0,170.1,188.5,179.3,201.15,10.3,0.3902,0.5924,0.001,-0.6267,3.9117,171.5662,49.3,0,51
MELI270115P01780000,MELI,2027-01-15,113,P,1780.0,-0.73,1793.0,122.9,146.6,134.75,133.45,17.6,0.3919,-0.4177,0.001,-0.6633,3.9139,137.3227,50.8,4,47
MELI270115C01800000,MELI,2027-01-15,113,C,1800.0,0.39,1793.0,165.1,187.0,176.05,173.07,12.4,0.4066,0.5726,0.001,-0.6352,3.9522,168.4892,47.0,6,126
MELI270115P01800000,MELI,2027-01-15,113,P,1800.0,0.39,1793.0,139.2,148.9,144.05,147.0,6.7,0.3961,-0.4383,0.001,-0.6682,3.9491,149.2037,52.9,23,152
MELI270115C01820000,MELI,2027-01-15,113,C,1820.0,1.51,1793.0,149.8,173.7,161.75,168.6,14.8,0.3941,0.5527,0.001,-0.642,3.9832,154.4492,45.2,2,25
MELI270115P01820000,MELI,2027-01-15,113,P,1820.0,1.51,1793.0,146.5,164.4,155.45,145.64,11.5,0.3917,-0.459,0.001,-0.6711,3.9742,158.0994,54.8,0,81
MELI270115C01840000,MELI,2027-01-15,113,C,1840.0,2.62,1793.0,139.9,159.7,149.8,156.08,13.2,0.3866,0.5329,0.001,-0.6468,4.0042,142.7392,43.2,0,42
MELI270115P01840000,MELI,2027-01-15,113,P,1840.0,2.62,1793.0,157.6,177.6,167.6,162.59,11.9,0.3946,-0.4796,0.001,-0.6722,3.9896,170.2745,56.8,2,68
MELI270115C01860000,MELI,2027-01-15,113,C,1860.0,3.74,1793.0,134.6,151.1,142.85,150.9,11.6,0.3906,0.5132,0.001,-0.6498,4.0156,135.9846,41.3,0,77
MELI270115P01860000,MELI,2027-01-15,113,P,1860.0,3.74,1793.0,168.9,186.9,177.9,188.2,10.1,0.3919,-0.5003,0.0011,-0.6716,3.9907,180.6106,58.7,0,53
MELI270115C01880000,MELI,2027-01-15,113,C,1880.0,4.85,1793.0,122.6,141.9,132.25,144.8,14.6,0.3846,0.4935,0.001,-0.651,4.0174,125.6357,39.3,0,74
MELI270115P01880000,MELI,2027-01-15,113,P,1880.0,4.85,1793.0,174.2,205.2,189.7,190.0,16.3,0.3919,-0.5209,0.0011,-0.6692,3.9837,192.3993,60.6,0,40
MELI270115C01900000,MELI,2027-01-15,113,C,1900.0,5.97,1793.0,112.8,138.9,125.85,131.0,20.7,0.3882,0.474,0.001,-0.6504,4.0092,119.4774,37.5,3,127
MELI270115P01900000,MELI,2027-01-15,113,P,1900.0,5.97,1793.0,186.1,216.6,201.35,194.55,15.1,0.3905,-0.5414,0.0011,-0.6651,3.966,204.0043,62.5,14,114
MELI270115C01920000,MELI,2027-01-15,113,C,1920.0,7.08,1793.0,105.2,131.1,118.15,117.0,21.9,0.3876,0.4548,0.001,-0.6482,3.9917,112.0174,35.7,3,25
MELI270115P01920000,MELI,2027-01-15,113,P,1920.0,7.08,1793.0,199.2,229.3,214.25,206.91,14.0,0.3914,-0.5617,0.0011,-0.6594,3.9426,216.883,64.3,0,84
MELI270115C01940000,MELI,2027-01-15,113,C,1940.0,8.2,1793.0,101.2,121.2,111.2,112.0,18.0,0.3879,0.4357,0.001,-0.6442,3.966,105.2676,33.9,1,38
MELI270115P01940000,MELI,2027-01-15,113,P,1940.0,8.2,1793.0,218.4,237.7,228.05,129.45,8.5,0.3936,-0.5818,0.0011,-0.652,3.8993,230.6168,66.0,0,14
MELI270115C01960000,MELI,2027-01-15,113,C,1960.0,9.31,1793.0,94.3,112.1,103.2,118.63,17.2,0.3848,0.4169,0.001,-0.6388,3.9318,97.549,32.1,0,37
MELI270115P01960000,MELI,2027-01-15,113,P,1960.0,9.31,1793.0,227.3,254.9,241.1,244.83,11.4,0.393,-0.6018,0.0011,-0.643,3.8464,243.5931,67.7,0,21
MELI270115C01980000,MELI,2027-01-15,113,C,1980.0,10.43,1793.0,84.5,105.3,94.9,109.4,21.9,0.3799,0.3985,0.001,-0.6319,3.8883,89.5131,30.3,0,127
MELI270115P01980000,MELI,2027-01-15,113,P,1980.0,10.43,1793.0,238.2,268.3,253.25,198.9,11.9,0.389,-0.6214,0.0011,-0.6327,3.7932,255.6083,69.5,0,23
MELI270115C01990000,MELI,2027-01-15,113,C,1990.0,10.99,1793.0,84.4,102.3,93.35,107.98,19.2,0.3838,0.3894,0.001,-0.6279,3.8635,88.0354,29.6,0,41
MELI270115P01990000,MELI,2027-01-15,113,P,1990.0,10.99,1793.0,244.5,275.1,259.8,169.98,11.8,0.3879,-0.6312,0.001,-0.6271,3.7647,262.0941,70.3,0,15
MELI270115C02000000,MELI,2027-01-15,113,C,2000.0,11.54,1793.0,85.0,99.1,92.05,92.07,15.3,0.3882,0.3804,0.001,-0.6235,3.8372,86.8059,28.9,1,221
MELI270115P02000000,MELI,2027-01-15,113,P,2000.0,11.54,1793.0,252.9,282.0,267.45,214.1,10.9,0.3895,-0.6408,0.001,-0.6211,3.7268,269.6799,71.1,0,135
MELI270115C02010000,MELI,2027-01-15,113,C,2010.0,12.1,1793.0,78.8,95.5,87.15,100.4,19.2,0.383,0.3714,0.001,-0.6189,3.8095,82.0564,27.9,0,14
MELI270115P02010000,MELI,2027-01-15,113,P,2010.0,12.1,1793.0,258.6,289.1,273.85,170.72,11.1,0.3875,-0.6504,0.001,-0.6147,3.6863,275.9927,71.9,0,5
MELI270115C02020000,MELI,2027-01-15,113,C,2020.0,12.66,1793.0,75.2,97.4,86.3,96.65,25.7,0.3883,0.3626,0.001,-0.614,3.7804,81.2896,27.3,0,17
MELI270115P02020000,MELI,2027-01-15,113,P,2020.0,12.66,1793.0,265.4,296.0,280.7,221.8,10.9,0.3865,-0.6598,0.001,-0.6081,3.642,282.7645,72.7,0,30
MELI270115C02030000,MELI,2027-01-15,113,C,2030.0,13.22,1793.0,70.9,89.5,80.2,96.8,23.2,0.3794,0.3539,0.001,-0.6087,3.7494,75.3784,26.3,0,13
MELI270115P02030000,MELI,2027-01-15,113,P,2030.0,13.22,1793.0,274.7,303.8,289.25,303.9,10.1,0.3899,-0.6692,0.001,-0.6012,3.6053,291.2286,73.4,0,0
MELI270115C02040000,MELI,2027-01-15,113,C,2040.0,13.78,1793.0,70.7,88.8,79.75,89.89,22.7,0.3854,0.3453,0.001,-0.6032,3.7164,74.9867,25.7,2,55
MELI270115P02040000,MELI,2027-01-15,113,P,2040.0,13.78,1793.0,288.1,306.5,297.3,228.53,6.2,0.3918,-0.6785,0.001,-0.594,3.5558,299.2007,74.0,0,5
MELI270115C02050000,MELI,2027-01-15,113,C,2050.0,14.33,1793.0,66.8,83.8,75.3,91.16,22.6,0.3804,0.3368,0.0009,-0.5975,3.6815,70.6935,24.8,0,26
MELI270115P02050000,MELI,2027-01-15,113,P,2050.0,14.33,1793.0,295.5,318.0,306.75,217.15,7.3,0.3974,-0.6876,0.001,-0.5864,3.5167,308.5678,74.5,0,5
MELI270115C02060000,MELI,2027-01-15,113,C,2060.0,14.89,1793.0,66.4,86.4,76.4,84.02,26.2,0.3903,0.3285,0.0009,-0.5914,3.6448,71.7851,24.5,2,26
MELI270115P02060000,MELI,2027-01-15,113,P,2060.0,14.89,1793.0,298.5,322.6,310.55,241.1,7.8,0.3868,-0.6967,0.001,-0.5789,3.4746,312.1889,75.6,0,6
MELI270115C02070000,MELI,2027-01-15,113,C,2070.0,15.45,1793.0,63.6,78.3,70.95,78.1,20.7,0.3821,0.3202,0.0009,-0.5852,3.6069,66.5261,23.5,0,12
MELI270115P02070000,MELI,2027-01-15,113,P,2070.0,15.45,1793.0,310.1,329.6,319.85,298.6,6.1,0.3917,-0.7057,0.001,-0.5711,3.4318,321.4183,76.2,0,3
MELI270115C02080000,MELI,2027-01-15,113,C,2080.0,16.01,1793.0,55.5,83.2,69.35,91.77,39.9,0.3843,0.3121,0.0009,-0.5787,3.5682,65.0033,22.9,0,26
MELI270115P02080000,MELI,2027-01-15,113,P,2080.0,16.01,1793.0,309.9,340.0,324.95,253.35,9.3,0.3841,-0.7146,0.001,-0.563,3.3729,326.3351,77.1,0,14
MELI270115C02090000,MELI,2027-01-15,113,C,2090.0,16.56,1793.0,54.2,78.3,66.25,77.85,36.4,0.3821,0.3041,0.0009,-0.572,3.5287,62.0276,22.1,0,28
MELI270115P02090000,MELI,2027-01-15,113,P,2090.0,16.56,1793.0,317.6,348.0,332.8,247.26,9.1,0.3843,-0.7234,0.001,-0.5546,3.3187,334.0565,77.8,0,18
MELI270115C02100000,MELI,2027-01-15,113,C,2100.0,17.12,1793.0,55.3,73.1,64.2,75.09,27.7,0.3827,0.2962,0.0009,-0.5652,3.4883,60.0801,21.5,0,100
MELI270115P02100000,MELI,2027-01-15,113,P,2100.0,17.12,1793.0,325.4,356.0,340.7,345.45,9.0,0.3844,-0.732,0.001,-0.546,3.2573,341.8082,78.5,0,35
MELI270115C02110000,MELI,2027-01-15,113,C,2110.0,17.68,1793.0,49.7,69.5,59.6,70.84,33.2,0.3756,0.2884,0.0009,-0.5581,3.4466,55.6428,20.5,0,10
MELI270115P02110000,MELI,2027-01-15,113,P,2110.0,17.68,1793.0,333.2,363.9,348.55,428.73,8.8,0.3842,-0.7406,0.001,-0.5374,3.2096,349.5234,79.1,0,2
MELI270115C02120000,MELI,2027-01-15,113,C,2120.0,18.24,1793.0,50.2,66.3,58.25,106.2,27.6,0.3778,0.2808,0.0009,-0.5509,3.4035,54.3661,20.0,0,37
MELI270115P02120000,MELI,2027-01-15,113,P,2120.0,18.24,1793.0,346.6,371.7,359.15,265.44,7.0,0.3924,-0.7489,0.001,-0.5285,3.1443,360.0784,79.4,0,13
MELI270115C02130000,MELI,2027-01-15,113,C,2130.0,18.8,1793.0,47.7,66.4,57.05,103.3,32.8,0.3804,0.2733,0.0009,-0.5435,3.3589,53.2621,19.5,0,11
MELI270115P02130000,MELI,2027-01-15,113,P,2130.0,18.8,1793.0,349.1,379.8,364.45,367.5,8.4,0.3836,-0.7572,0.001,-0.5194,3.0941,365.0816,80.4,2,22
MELI270115C02140000,MELI,2027-01-15,113,C,2140.0,19.35,1793.0,50.1,62.2,56.15,66.08,21.5,0.3837,0.2659,0.0008,-0.536,3.3132,52.4209,19.0,0,40
MELI270115P02140000,MELI,2027-01-15,113,P,2140.0,19.35,1793.0,357.2,387.8,372.5,585.25,8.2,0.3833,-0.7654,0.0009,-0.5103,3.0383,372.9558,81.0,0,17
MELI270115C02150000,MELI,2027-01-15,113,C,2150.0,19.91,1793.0,46.9,70.4,58.65,64.18,40.1,0.3967,0.2587,0.0008,-0.5284,3.2668,54.7035,19.0,0,69
MELI270115P02150000,MELI,2027-01-15,113,P,2150.0,19.91,1793.0,365.8,395.9,380.85,276.63,7.9,0.3838,-0.7734,0.0009,-0.5012,2.9844,381.1431,81.6,0,2
MELI270115C02160000,MELI,2027-01-15,113,C,2160.0,20.47,1793.0,45.8,63.1,54.45,60.6,31.8,0.3903,0.2516,0.0008,-0.5207,3.2203,50.8371,18.2,0,58
MELI270115P02160000,MELI,2027-01-15,113,P,2160.0,20.47,1793.0,373.5,404.0,388.75,295.6,7.8,0.3826,-0.7813,0.0009,-0.4921,2.9139,388.8565,82.2,0,50
MELI270115C02170000,MELI,2027-01-15,113,C,2170.0,21.03,1793.0,42.5,61.5,52.0,61.42,36.5,0.3884,0.2447,0.0008,-0.5129,3.1736,48.4849,17.5,0,26
MELI270115P02170000,MELI,2027-01-15,113,P,2170.0,21.03,1793.0,381.8,412.0,396.9,390.5,7.6,0.3819,-0.7891,0.0009,-0.4825,2.8469,396.7901,82.8,0,1
MELI270115C02180000,MELI,2027-01-15,113,C,2180.0,21.58,1793.0,38.8,54.0,46.4,51.67,32.8,0.3762,0.2379,0.0008,-0.505,3.1268,43.128,16.4,0,15
MELI270115P02180000,MELI,2027-01-15,113,P,2180.0,21.58,1793.0,393.6,420.0,406.8,268.0,6.5,0.3872,-0.7968,0.0009,-0.4729,2.7768,406.5886,83.1,0,8
MELI270115C02190000,MELI,2027-01-15,113,C,2190.0,22.14,1793.0,38.6,58.4,48.5,53.1,40.8,0.3885,0.2312,0.0008,-0.497,3.0794,45.1608,16.5,2,18
MELI270115P02190000,MELI,2027-01-15,113,P,2190.0,22.14,1793.0,397.6,428.0,412.8,325.9,7.4,0.3782,-0.8043,0.0009,-0.4637,2.7177,412.1675,84.1,0,4
MELI270115C02200000,MELI,2027-01-15,113,C,2200.0,22.7,1793.0,35.2,55.2,45.2,44.26,44.2,0.3832,0.2247,0.0008,-0.489,3.0311,42.0149,15.7,3,183
MELI270115P02200000,MELI,2027-01-15,113,P,2200.0,22.7,1793.0,410.0,437.5,423.75,332.94,6.5,0.3873,-0.8117,0.0009,-0.4542,2.6445,423.134,84.1,0,57
MELI270115C02210000,MELI,2027-01-15,113,C,2210.0,23.26,1793.0,38.1,49.1,43.6,53.6,25.2,0.3832,0.2183,0.0008,-0.481,2.9819,40.4919,15.2,0,14
MELI270115P02210000,MELI,2027-01-15,113,P,2210.0,23.26,1793.0,419.1,446.0,432.55,500.9,6.2,0.3882,-0.8189,0.0009,-0.4443,2.5872,431.7272,84.6,0,1
MELI270115C02220000,MELI,2027-01-15,113,C,2220.0,23.81,1793.0,35.0,46.5,40.75,43.93,28.2,0.3788,0.212,0.0008,-0.4729,2.932,37.7909,14.5,6,57
MELI270115P02220000,MELI,2027-01-15,113,P,2220.0,23.81,1793.0,428.5,454.6,441.55,327.7,5.9,0.3897,-0.826,0.0009,-0.4342,2.5226,440.5318,85.0,0,16
MELI270115C02230000,MELI,2027-01-15,113,C,2230.0,24.37,1793.0,28.8,45.4,37.1,77.22,44.7,0.3711,0.2059,0.0007,-0.4648,2.882,34.3097,13.6,0,32
MELI270115P02230000,MELI,2027-01-15,113,P,2230.0,24.37,1793.0,436.1,463.1,449.6,443.4,6.0,0.3873,-0.833,0.0008,-0.4239,2.4624,448.2818,85.6,0,41
MELI270115C02240000,MELI,2027-01-15,113,C,2240.0,24.93,1793.0,26.4,48.2,37.3,37.87,58.4,0.3773,0.2,0.0007,-0.4566,2.8323,34.6297,13.4,38,286
MELI270115P02240000,MELI,2027-01-15,113,P,2240.0,24.93,1793.0,443.8,471.8,457.8,344.2,6.1,0.3852,-0.8398,0.0008,-0.4146,2.39,456.1872,86.2,0,11
MELI270319C01350000,MELI,2027-03-19,176,C,1350.0,-24.71,1793.0,506.2,534.9,520.55,572.0,5.5,0.4401,0.8852,0.0004,-0.2039,2.4697,508.3519,79.9,0,1
MELI270319P01350000,MELI,2027-03-19,176,P,1350.0,-24.71,1793.0,25.8,45.8,35.8,29.0,55.9,0.4304,-0.118,0.0004,-0.2936,2.4946,37.0871,19.4,0,11
MELI270319C01360000,MELI,2027-03-19,176,C,1360.0,-24.15,1793.0,498.1,526.7,512.4,445.61,5.6,0.4389,0.8805,0.0004,-0.2131,2.5376,500.2279,79.3,0,16
MELI270319P01360000,MELI,2027-03-19,176,P,1360.0,-24.15,1793.0,29.3,41.1,35.2,35.5,33.5,0.4206,-0.1227,0.0004,-0.3014,2.5604,36.5029,19.3,0,46
MELI270319C01380000,MELI,2027-03-19,176,C,1380.0,-23.03,1793.0,482.0,507.9,494.95,0.0,5.2,0.4317,0.871,0.0004,-0.2316,2.6734,482.8081,78.5,0,0
MELI270319P01380000,MELI,2027-03-19,176,P,1380.0,-23.03,1793.0,31.5,51.5,41.5,39.3,48.2,0.4298,-0.1325,0.0004,-0.3171,2.7004,42.9248,21.4,0,20
MELI270319C01400000,MELI,2027-03-19,176,C,1400.0,-21.92,1793.0,466.2,487.4,476.8,401.4,4.4,0.4217,0.861,0.0004,-0.25,2.8112,464.6885,77.8,0,3
MELI270319P01400000,MELI,2027-03-19,176,P,1400.0,-21.92,1793.0,35.4,48.0,41.7,45.9,30.2,0.4155,-0.1427,0.0004,-0.3328,2.8416,43.194,21.8,2,38
MELI270319C01420000,MELI,2027-03-19,176,C,1420.0,-20.8,1793.0,450.6,472.0,461.3,514.1,4.6,0.4207,0.8505,0.0004,-0.2684,2.9509,449.2773,76.4,0,1
MELI270319P01420000,MELI,2027-03-19,176,P,1420.0,-20.8,1793.0,39.5,59.5,49.5,51.7,40.4,0.4272,-0.1535,0.0004,-0.3485,2.9828,51.0998,24.1,2,20
MELI270319C01440000,MELI,2027-03-19,176,C,1440.0,-19.69,1793.0,436.0,457.9,446.95,420.8,4.9,0.4226,0.8396,0.0005,-0.2867,3.0886,435.036,74.7,0,2
MELI270319P01440000,MELI,2027-03-19,176,P,1440.0,-19.69,1793.0,42.7,60.5,51.6,54.7,34.5,0.4186,-0.1647,0.0005,-0.3641,3.1164,53.278,25.0,0,3
MELI270319C01450000,MELI,2027-03-19,176,C,1450.0,-19.13,1793.0,428.0,457.2,442.6,0.0,6.6,0.4321,0.834,0.0005,-0.2958,3.1562,430.8078,73.3,0,0
MELI270319P01450000,MELI,2027-03-19,176,P,1450.0,-19.13,1793.0,44.7,70.7,57.7,60.3,45.1,0.4301,-0.1704,0.0005,-0.3719,3.184,59.4601,26.6,0,10
MELI270319C01460000,MELI,2027-03-19,176,C,1460.0,-18.57,1793.0,420.3,450.7,435.5,521.34,7.0,0.4324,0.8283,0.0005,-0.3048,3.2234,423.7545,72.5,0,1
MELI270319P01460000,MELI,2027-03-19,176,P,1460.0,-18.57,1793.0,45.5,73.5,59.5,55.9,47.1,0.4277,-0.1763,0.0005,-0.3796,3.256,61.31,27.2,0,6
MELI270319C01480000,MELI,2027-03-19,176,C,1480.0,-17.46,1793.0,405.5,435.3,420.4,562.05,7.1,0.4298,0.8165,0.0005,-0.3227,3.3579,408.7814,71.2,0,1
MELI270319P01480000,MELI,2027-03-19,176,P,1480.0,-17.46,1793.0,48.0,75.3,61.65,64.12,44.3,0.4181,-0.1884,0.0005,-0.3948,3.3925,63.5096,28.0,0,9
MELI270319C01500000,MELI,2027-03-19,176,C,1500.0,-16.34,1793.0,391.0,419.6,405.3,530.0,7.1,0.4264,0.8044,0.0005,-0.3401,3.4916,393.7597,69.8,0,5
MELI270319P01500000,MELI,2027-03-19,176,P,1500.0,-16.34,1793.0,57.3,80.0,68.65,64.0,33.1,0.4222,-0.2008,0.0005,-0.4097,3.5275,70.6129,29.9,0,35
MELI270319C01520000,MELI,2027-03-19,176,C,1520.0,-15.23,1793.0,376.8,405.6,391.2,0.0,7.4,0.4252,0.7919,0.0006,-0.3572,3.6212,379.7712,68.3,0,0
MELI270319P01520000,MELI,2027-03-19,176,P,1520.0,-15.23,1793.0,61.9,86.0,73.95,49.4,32.6,0.4205,-0.2137,0.0006,-0.4243,3.6525,76.006,31.4,0,40
MELI270319C01540000,MELI,2027-03-19,176,C,1540.0,-14.11,1793.0,362.8,391.5,377.15,473.32,7.6,0.4235,0.7791,0.0006,-0.3738,3.7457,365.8736,66.9,0,2
MELI270319P01540000,MELI,2027-03-19,176,P,1540.0,-14.11,1793.0,68.8,85.7,77.25,81.8,21.9,0.4128,-0.227,0.0006,-0.4384,3.78,79.4,32.5,0,12
MELI270319C01560000,MELI,2027-03-19,176,C,1560.0,-12.99,1793.0,349.1,378.5,363.8,448.3,8.1,0.4228,0.7659,0.0006,-0.3898,3.8671,352.6417,65.3,0,3
MELI270319P01560000,MELI,2027-03-19,176,P,1560.0,-12.99,1793.0,71.1,97.9,84.5,88.11,31.7,0.4148,-0.2405,0.0006,-0.452,3.9041,86.7103,34.2,0,46
MELI270319C01580000,MELI,2027-03-19,176,C,1580.0,-11.88,1793.0,336.0,365.3,350.65,335.0,8.4,0.422,0.7524,0.0006,-0.4052,3.9855,339.6694,63.7,0,7
MELI270319P01580000,MELI,2027-03-19,176,P,1580.0,-11.88,1793.0,76.8,104.4,90.6,105.6,30.5,0.4131,-0.2545,0.0006,-0.465,4.0219,92.9026,35.8,0,16
MELI270319C01600000,MELI,2027-03-19,176,C,1600.0,-10.76,1793.0,324.2,346.2,335.2,367.0,6.6,0.4147,0.7387,0.0006,-0.4199,4.0985,324.3068,62.5,0,30
MELI270319P01600000,MELI,2027-03-19,176,P,1600.0,-10.76,1793.0,83.8,112.7,98.25,104.36,29.4,0.4144,-0.2687,0.0006,-0.4774,4.13,100.6182,37.5,0,100
MELI270319C01620000,MELI,2027-03-19,176,C,1620.0,-9.65,1793.0,311.4,334.1,322.75,450.6,7.0,0.4143,0.7247,0.0006,-0.434,4.2046,312.0387,60.9,0,3
MELI270319P01620000,MELI,2027-03-19,176,P,1620.0,-9.65,1793.0,93.9,121.0,107.45,111.0,25.2,0.4186,-0.2832,0.0007,-0.4892,4.2357,109.9158,39.4,0,11
MELI270319C01640000,MELI,2027-03-19,176,C,1640.0,-8.53,1793.0,298.8,321.1,309.95,417.1,7.2,0.4123,0.7105,0.0007,-0.4472,4.3052,299.3922,59.3,0,4
MELI270319P01640000,MELI,2027-03-19,176,P,1640.0,-8.53,1793.0,101.0,128.8,114.9,113.8,24.2,0.4178,-0.298,0.0007,-0.5002,4.3397,117.4493,40.9,4,57
MELI270319C01660000,MELI,2027-03-19,176,C,1660.0,-7.42,1793.0,289.2,314.2,301.7,310.0,8.3,0.42,0.696,0.0007,-0.4597,4.4011,291.3288,57.3,1,13
MELI270319P01660000,MELI,2027-03-19,176,P,1660.0,-7.42,1793.0,108.4,133.3,120.85,121.0,20.6,0.4128,-0.313,0.0007,-0.5104,4.4329,123.4276,42.4,2,59
MELI270319C01680000,MELI,2027-03-19,176,C,1680.0,-6.3,1793.0,277.1,296.3,286.7,286.3,6.7,0.4117,0.6814,0.0007,-0.4713,4.4908,276.4942,56.0,1,19
MELI270319P01680000,MELI,2027-03-19,176,P,1680.0,-6.3,1793.0,123.8,136.5,130.15,101.35,9.8,0.4148,-0.3282,0.0007,-0.5198,4.5174,132.8007,44.1,0,6
MELI270319C01700000,MELI,2027-03-19,176,C,1700.0,-5.19,1793.0,265.5,285.4,275.45,272.8,7.2,0.4112,0.6666,0.0007,-0.482,4.5728,265.4297,54.4,1,47
MELI270319P01700000,MELI,2027-03-19,176,P,1700.0,-5.19,1793.0,129.1,146.4,137.75,132.62,12.6,0.4124,-0.3435,0.0007,-0.5284,4.5939,140.5058,45.6,0,115
MELI270319C01720000,MELI,2027-03-19,176,C,1720.0,-4.07,1793.0,254.3,274.6,264.45,328.27,7.7,0.4106,0.6517,0.0007,-0.4919,4.6477,254.6314,52.8,0,31
MELI270319P01720000,MELI,2027-03-19,176,P,1720.0,-4.07,1793.0,132.6,160.7,146.65,115.1,19.2,0.4119,-0.3593,0.0008,-0.5362,4.6684,149.3806,47.2,0,50
MELI270319C01730000,MELI,2027-03-19,176,C,1730.0,-3.51,1793.0,248.8,274.0,261.4,0.0,9.6,0.4152,0.6442,0.0007,-0.4965,4.6828,251.6495,51.9,0,0
MELI270319P01730000,MELI,2027-03-19,176,P,1730.0,-3.51,1793.0,133.0,164.0,148.5,144.15,20.9,0.4059,-0.3671,0.0008,-0.5397,4.7025,151.2352,47.8,0,6
MELI270319C01740000,MELI,2027-03-19,176,C,1740.0,-2.96,1793.0,240.0,268.6,254.3,319.27,11.2,0.4111,0.6367,0.0007,-0.5008,4.7164,244.6633,51.2,0,27
MELI270319P01740000,MELI,2027-03-19,176,P,1740.0,-2.96,1793.0,137.7,169.2,153.45,167.9,20.5,0.4064,-0.375,0.0008,-0.5431,4.7334,156.2032,48.7,0,6
MELI270319C01750000,MELI,2027-03-19,176,C,1750.0,-2.4,1793.0,235.8,263.2,249.5,260.0,11.0,0.4117,0.6291,0.0007,-0.505,4.7482,239.9662,50.4,0,5
MELI270319P01750000,MELI,2027-03-19,176,P,1750.0,-2.4,1793.0,141.7,171.3,156.5,155.35,18.9,0.4029,-0.3827,0.0008,-0.5462,4.763,159.3519,49.4,0,17
MELI270319C01760000,MELI,2027-03-19,176,C,1760.0,-1.84,1793.0,232.4,257.9,245.15,259.0,10.4,0.413,0.6216,0.0007,-0.5089,4.7783,235.6856,49.5,0,25
MELI270319P01760000,MELI,2027-03-19,176,P,1760.0,-1.84,1793.0,148.0,176.5,162.25,157.95,17.6,0.4045,-0.3909,0.0008,-0.549,4.7897,164.9996,50.2,0,14
MELI270319C01770000,MELI,2027-03-19,176,C,1770.0,-1.28,1793.0,227.2,252.5,239.85,0.0,10.5,0.4122,0.614,0.0008,-0.5125,4.8065,230.4796,48.8,0,0
MELI270319P01770000,MELI,2027-03-19,176,P,1770.0,-1.28,1793.0,152.5,182.6,167.55,115.9,18.0,0.4052,-0.3988,0.0008,-0.5517,4.8141,170.3022,51.0,0,4
MELI270319C01780000,MELI,2027-03-19,176,C,1780.0,-0.73,1793.0,222.0,247.5,234.75,369.58,10.9,0.4117,0.6064,0.0008,-0.516,4.8327,225.492,48.0,0,23
MELI270319P01780000,MELI,2027-03-19,176,P,1780.0,-0.73,1793.0,156.3,187.4,171.85,172.5,18.1,0.4036,-0.4068,0.0008,-0.5541,4.8369,174.5755,51.8,0,17
MELI270319C01790000,MELI,2027-03-19,176,C,1790.0,-0.17,1793.0,216.9,240.6,228.75,302.5,10.4,0.4092,0.5988,0.0008,-0.5191,4.857,219.6083,47.3,0,4
MELI270319P01790000,MELI,2027-03-19,176,P,1790.0,-0.17,1793.0,160.6,190.7,175.65,175.0,17.1,0.4009,-0.4149,0.0008,-0.5564,4.8589,178.3859,52.5,0,11
MELI270319C01800000,MELI,2027-03-19,176,C,1800.0,0.39,1793.0,211.1,237.7,224.4,240.15,11.9,0.4099,0.5911,0.0008,-0.5221,4.8794,215.3503,46.5,0,31
MELI270319P01800000,MELI,2027-03-19,176,P,1800.0,0.39,1793.0,167.5,197.1,182.3,174.3,16.2,0.4039,-0.4229,0.0008,-0.5584,4.8778,185.0415,53.4,0,29
MELI270319C01810000,MELI,2027-03-19,176,C,1810.0,0.95,1793.0,205.9,230.1,218.0,235.64,11.1,0.4062,0.5835,0.0008,-0.5248,4.9,209.0192,45.8,0,9
MELI270319P01810000,MELI,2027-03-19,176,P,1810.0,0.95,1793.0,172.0,202.0,187.0,155.3,16.0,0.4027,-0.431,0.0008,-0.5602,4.8962,189.7311,54.2,0,5
MELI270319C01820000,MELI,2027-03-19,176,C,1820.0,1.51,1793.0,201.3,225.7,213.5,230.87,11.4,0.4064,0.5759,0.0008,-0.5273,4.9189,204.6653,45.0,0,48
MELI270319P01820000,MELI,2027-03-19,176,P,1820.0,1.51,1793.0,176.2,205.1,190.65,192.95,15.2,0.394,-0.439,0.0008,-0.5617,4.91,190.8121,54.8,0,2
MELI270319C01830000,MELI,2027-03-19,176,C,1830.0,2.06,1793.0,196.2,221.0,208.6,226.02,11.9,0.4055,0.5682,0.0008,-0.5296,4.936,199.8463,44.2,0,6
MELI270319P01830000,MELI,2027-03-19,176,P,1830.0,2.06,1793.0,181.0,210.3,195.65,200.0,15.0,0.3983,-0.4471,0.0008,-0.563,4.9235,198.3444,55.7,0,4
MELI270319C01840000,MELI,2027-03-19,176,C,1840.0,2.62,1793.0,192.5,211.9,202.2,221.1,9.6,0.4015,0.5606,0.0008,-0.5316,4.9512,193.5707,43.5,0,72
MELI270319P01840000,MELI,2027-03-19,176,P,1840.0,2.62,1793.0,191.0,217.3,204.15,156.4,12.9,0.4045,-0.4552,0.0008,-0.5641,4.9347,206.9015,56.5,0,19
MELI270319C01850000,MELI,2027-03-19,176,C,1850.0,3.18,1793.0,187.3,214.1,200.7,329.7,13.4,0.4072,0.553,0.0008,-0.5334,4.9646,192.1567,42.7,0,4
MELI270319P01850000,MELI,2027-03-19,176,P,1850.0,3.18,1793.0,196.8,221.1,208.95,163.0,11.6,0.4027,-0.4633,0.0008,-0.5649,4.9426,211.5919,57.3,0,0
MELI270319C01860000,MELI,2027-03-19,176,C,1860.0,3.74,1793.0,183.0,209.5,196.25,192.62,13.5,0.4068,0.5454,0.0008,-0.5349,4.9761,187.8062,42.0,1,21
MELI270319P01860000,MELI,2027-03-19,176,P,1860.0,3.74,1793.0,202.8,227.7,215.25,220.39,11.6,0.4039,-0.4714,0.0008,-0.5655,4.9493,217.8389,58.0,0,5
MELI270319C01870000,MELI,2027-03-19,176,C,1870.0,4.29,1793.0,178.7,202.6,190.65,190.13,12.5,0.4039,0.5378,0.0008,-0.5362,4.9858,182.2885,41.2,2,2
MELI270319P01870000,MELI,2027-03-19,176,P,1870.0,4.29,1793.0,206.9,233.3,220.1,209.5,12.0,0.4021,-0.4795,0.0008,-0.566,4.9552,222.6736,58.8,0,2
MELI270319C01880000,MELI,2027-03-19,176,C,1880.0,4.85,1793.0,174.5,194.4,184.45,192.11,10.8,0.3998,0.5302,0.0008,-0.5373,4.9938,176.2447,40.5,0,16
MELI270319P01880000,MELI,2027-03-19,176,P,1880.0,4.85,1793.0,212.6,239.0,225.8,225.44,11.7,0.4018,-0.4876,0.0008,-0.5662,4.9602,228.324,59.5,0,6
MELI270319C01890000,MELI,2027-03-19,176,C,1890.0,5.41,1793.0,170.3,196.9,183.6,182.0,14.5,0.4062,0.5226,0.0008,-0.5382,5.0,175.485,39.8,1,7
MELI270319P01890000,MELI,2027-03-19,176,P,1890.0,5.41,1793.0,220.9,243.5,232.2,228.51,9.7,0.4028,-0.4957,0.0008,-0.5663,4.9584,234.6922,60.2,0,2
MELI270319C01900000,MELI,2027-03-19,176,C,1900.0,5.97,1793.0,169.2,192.9,181.05,178.5,13.1,0.409,0.515,0.0008,-0.5389,5.0044,173.0106,39.0,1,35
MELI270319P01900000,MELI,2027-03-19,176,P,1900.0,5.97,1793.0,224.3,251.2,237.75,226.5,11.3,0.4019,-0.5037,0.0008,-0.5661,4.958,240.1886,61.0,0,18
MELI270319C01910000,MELI,2027-03-19,176,C,1910.0,6.53,1793.0,162.2,185.9,174.05,187.1,13.6,0.4028,0.5075,0.0008,-0.5393,5.007,166.1363,38.3,0,6
MELI270319P01910000,MELI,2027-03-19,176,P,1910.0,6.53,1793.0,226.2,257.5,241.85,233.27,12.9,0.3979,-0.5118,0.0008,-0.5656,4.9535,244.2165,61.7,0,3
MELI270319C01920000,MELI,2027-03-19,176,C,1920.0,7.08,1793.0,158.0,182.3,170.15,221.98,14.3,0.4026,0.5,0.0008,-0.5395,5.0078,162.3125,37.6,0,20
MELI270319P01920000,MELI,2027-03-19,176,P,1920.0,7.08,1793.0,232.2,264.8,248.5,246.3,13.1,0.3989,-0.5199,0.0008,-0.565,4.9469,250.7985,62.4,0,40
MELI270319C01930000,MELI,2027-03-19,176,C,1930.0,7.64,1793.0,154.3,173.3,163.8,293.73,11.6,0.3975,0.4925,0.0008,-0.5395,5.0068,156.1281,36.9,0,1
MELI270319P01930000,MELI,2027-03-19,176,P,1930.0,7.64,1793.0,238.7,269.3,254.0,244.91,12.0,0.3975,-0.5279,0.0008,-0.5642,4.9402,256.2596,63.1,0,1
MELI270319C01940000,MELI,2027-03-19,176,C,1940.0,8.2,1793.0,151.3,175.5,163.4,158.25,14.8,0.404,0.485,0.0008,-0.5393,5.0039,155.7642,36.2,1,19
MELI270319P01940000,MELI,2027-03-19,176,P,1940.0,8.2,1793.0,244.7,275.5,260.1,205.3,11.8,0.3971,-0.5359,0.0008,-0.5631,4.9292,262.287,63.8,0,17
MELI270319C01950000,MELI,2027-03-19,176,C,1950.0,8.76,1793.0,146.8,165.5,156.15,156.15,12.0,0.3968,0.4776,0.0008,-0.5389,4.9992,148.6837,35.5,2,3
MELI270319P01950000,MELI,2027-03-19,176,P,1950.0,8.76,1793.0,250.7,281.8,266.25,262.5,11.7,0.3966,-0.5439,0.0008,-0.5618,4.9168,268.3343,64.5,0,2
MELI270319C01960000,MELI,2027-03-19,176,C,1960.0,9.31,1793.0,143.1,169.7,156.4,166.9,17.0,0.4044,0.4702,0.0008,-0.5383,4.993,148.9889,34.9,0,15
MELI270319P01960000,MELI,2027-03-19,176,P,1960.0,9.31,1793.0,257.2,288.0,272.6,199.3,11.3,0.3964,-0.5519,0.0008,-0.5604,4.904,274.5984,65.2,0,44
MELI270319C01970000,MELI,2027-03-19,176,C,1970.0,9.87,1793.0,139.5,159.0,149.25,169.65,13.1,0.3971,0.4628,0.0008,-0.5374,4.9852,142.0059,34.1,0,3
MELI270319P01970000,MELI,2027-03-19,176,P,1970.0,9.87,1793.0,267.6,294.3,280.95,251.9,9.5,0.4002,-0.5599,0.0008,-0.5588,4.8892,282.8997,65.8,0,7
MELI270319C01980000,MELI,2027-03-19,176,C,1980.0,10.43,1793.0,135.9,163.1,149.5,148.35,18.2,0.4044,0.4555,0.0008,-0.5364,4.976,142.279,33.5,3,16
MELI270319P01980000,MELI,2027-03-19,176,P,1980.0,10.43,1793.0,270.7,301.0,285.85,280.8,10.6,0.3967,-0.5678,0.0008,-0.5571,4.8748,287.6725,66.6,0,14
MELI270319C01990000,MELI,2027-03-19,176,C,1990.0,10.99,1793.0,132.5,151.7,142.1,141.75,13.5,0.3963,0.4482,0.0008,-0.5352,4.9654,135.053,32.8,2,13
MELI270319P01990000,MELI,2027-03-19,176,P,1990.0,10.99,1793.0,278.0,307.5,292.75,213.8,10.1,0.3972,-0.5757,0.0008,-0.555,4.8518,294.4789,67.2,0,2
MELI270319C02000000,MELI,2027-03-19,176,C,2000.0,11.54,1793.0,132.3,152.2,142.25,155.0,14.0,0.4032,0.4409,0.0008,-0.5338,4.9531,135.2399,32.2,0,91
MELI270319P02000000,MELI,2027-03-19,176,P,2000.0,11.54,1793.0,283.1,313.8,298.45,290.35,10.3,0.3951,-0.5836,0.0008,-0.5528,4.8336,300.0799,67.9,0,26
MELI270319C02020000,MELI,2027-03-19,176,C,2020.0,12.66,1793.0,118.4,148.8,133.6,149.83,22.8,0.3987,0.4266,0.0008,-0.5304,4.9235,126.8601,30.9,0,21
MELI270319P02020000,MELI,2027-03-19,176,P,2020.0,12.66,1793.0,296.5,327.6,312.05,306.1,10.0,0.3949,-0.5993,0.0008,-0.548,4.7807,313.4319,69.2,0,2
MELI270319C02040000,MELI,2027-03-19,176,C,2040.0,13.78,1793.0,112.0,142.4,127.2,145.15,23.9,0.3981,0.4124,0.0008,-0.5264,4.887,120.6368,29.6,0,21
MELI270319P02040000,MELI,2027-03-19,176,P,2040.0,13.78,1793.0,310.1,340.9,325.5,393.04,9.5,0.3938,-0.6148,0.0008,-0.5424,4.722,326.6031,70.5,0,1
MELI270319C02060000,MELI,2027-03-19,176,C,2060.0,14.89,1793.0,105.4,136.7,121.05,128.0,25.9,0.3976,0.3984,0.0008,-0.5216,4.8448,114.7069,28.4,0,48
MELI270319P02060000,MELI,2027-03-19,176,P,2060.0,14.89,1793.0,324.2,355.2,339.7,269.8,9.1,0.3938,-0.6301,0.0008,-0.5362,4.6593,340.5493,71.7,0,2
MELI270319C02080000,MELI,2027-03-19,176,C,2080.0,16.01,1793.0,104.1,123.0,113.55,182.4,16.6,0.3938,0.3847,0.0008,-0.5163,4.7981,107.4651,27.1,0,48
MELI270319P02080000,MELI,2027-03-19,176,P,2080.0,16.01,1793.0,340.4,369.3,354.85,267.1,8.1,0.3952,-0.6454,0.0008,-0.5295,4.5935,355.3887,72.8,0,1
MELI270319C02100000,MELI,2027-03-19,176,C,2100.0,17.12,1793.0,98.5,111.2,104.85,109.09,12.1,0.3868,0.3711,0.0008,-0.5103,4.747,99.0187,25.8,1,24
MELI270319P02100000,MELI,2027-03-19,176,P,2100.0,17.12,1793.0,360.6,383.7,372.15,269.08,6.2,0.4009,-0.6604,0.0008,-0.5222,4.5176,372.4411,73.8,0,7
MELI270319C02120000,MELI,2027-03-19,176,C,2120.0,18.24,1793.0,93.1,119.4,106.25,109.0,24.8,0.4008,0.3579,0.0008,-0.5038,4.6904,100.4822,25.1,1,18
MELI270319P02120000,MELI,2027-03-19,176,P,2120.0,18.24,1793.0,368.0,398.7,383.35,0.0,8.0,0.3925,-0.6752,0.0008,-0.5143,4.4274,383.1792,75.2,0,0
MELI270319C02140000,MELI,2027-03-19,176,C,2140.0,19.35,1793.0,88.3,110.7,99.5,110.06,22.5,0.397,0.3449,0.0007,-0.4968,4.628,93.9452,23.9,0,11
MELI270319P02140000,MELI,2027-03-19,176,P,2140.0,19.35,1793.0,390.2,413.6,401.9,312.49,5.8,0.4001,-0.6897,0.0008,-0.506,4.3334,401.4682,76.0,0,1
MELI270319C02160000,MELI,2027-03-19,176,C,2160.0,20.47,1793.0,78.1,107.5,92.8,151.3,31.7,0.3928,0.3321,0.0007,-0.4893,4.5612,87.4925,22.7,0,7
MELI270319P02160000,MELI,2027-03-19,176,P,2160.0,20.47,1793.0,398.4,430.1,414.25,330.6,7.7,0.3928,-0.704,0.0008,-0.4971,4.2364,413.2303,77.3,0,9
MELI270319C02180000,MELI,2027-03-19,176,C,2180.0,21.58,1793.0,83.2,96.1,89.65,114.97,14.4,0.3959,0.3197,0.0007,-0.4814,4.4916,84.4908,21.8,0,8
MELI270319P02180000,MELI,2027-03-19,176,P,2180.0,21.58,1793.0,420.5,444.0,432.25,344.4,5.4,0.3984,-0.7182,0.0008,-0.4879,4.1426,430.9419,78.1,0,10
MELI270319C02200000,MELI,2027-03-19,176,C,2200.0,22.7,1793.0,81.9,90.1,86.0,89.01,9.5,0.3975,0.3075,0.0007,-0.4732,4.4197,80.9937,20.9,2,62
MELI270319P02200000,MELI,2027-03-19,176,P,2200.0,22.7,1793.0,432.3,460.0,446.15,425.18,6.2,0.3935,-0.732,0.0008,-0.4787,4.0367,444.2477,79.2,0,5
MELI270319C02220000,MELI,2027-03-19,176,C,2220.0,23.81,1793.0,74.4,86.4,80.4,123.04,14.9,0.3943,0.2957,0.0007,-0.4646,4.3441,75.6302,19.9,0,3
MELI270319P02220000,MELI,2027-03-19,176,P,2220.0,23.81,1793.0,453.3,476.0,464.65,347.59,4.9,0.3995,-0.7457,0.0008,-0.469,3.9106,462.4208,79.9,0,1
MELI270319C02240000,MELI,2027-03-19,176,C,2240.0,24.93,1793.0,64.1,87.8,75.95,101.6,31.2,0.3932,0.2841,0.0007,-0.4557,4.2643,71.3685,18.9,0,6
MELI270319P02240000,MELI,2027-03-19,176,P,2240.0,24.93,1793.0,462.2,492.0,477.1,376.57,6.2,0.3893,-0.759,0.0008,-0.459,3.7938,473.9722,81.3,0,1
