contract,ticker,expiry,dte,type,strike,moneyness_pct,spot,bid,ask,mid,last,spread_pct,iv,delta,gamma,theta,vega,theo,prob_itm,volume,oi
META261009C00585000,META,2026-10-09,15,C,585.0,-24.75,777.402,189.55,197.1,193.325,165.55,3.9,0.0,0.9923,0.0002,0.0,0.0331,,,0,81
META261009P00585000,META,2026-10-09,15,P,585.0,-24.75,777.402,0.15,0.29,0.22,0.21,63.6,0.5899,-0.0075,0.0002,-0.0581,0.0333,0.2246,1.0,6,132
META261009C00590000,META,2026-10-09,15,C,590.0,-24.11,777.402,185.0,192.1,188.55,160.57,3.8,0.5077,0.9915,0.0002,0.0,0.0364,188.4458,99.6,0,33
META261009P00590000,META,2026-10-09,15,P,590.0,-24.11,777.402,0.21,0.29,0.25,0.24,32.0,0.5832,-0.0084,0.0002,-0.063,0.0365,0.2547,1.1,10,195
META261009C00595000,META,2026-10-09,15,C,595.0,-23.46,777.402,180.2,185.85,183.025,156.0,3.1,0.0,0.9906,0.0003,0.0,0.0399,,,0,25
META261009P00595000,META,2026-10-09,15,P,595.0,-23.46,777.402,0.24,0.4,0.32,0.25,50.0,0.5855,-0.0093,0.0003,-0.0684,0.04,0.325,1.4,24,382
META261009C00600000,META,2026-10-09,15,C,600.0,-22.82,777.402,175.15,182.05,178.6,150.35,3.9,0.4969,0.9895,0.0003,-0.0058,0.0438,178.492,99.4,0,43
META261009P00600000,META,2026-10-09,15,P,600.0,-22.82,777.402,0.26,0.34,0.3,0.32,26.7,0.5645,-0.0103,0.0003,-0.0744,0.0439,0.3046,1.3,370,503
META261009C00605000,META,2026-10-09,15,C,605.0,-22.18,777.402,169.95,177.25,173.6,146.52,4.2,0.477,0.9883,0.0003,-0.0144,0.0482,173.4896,99.5,0,89
META261009P00605000,META,2026-10-09,15,P,605.0,-22.18,777.402,0.2,0.47,0.335,0.34,80.6,0.5566,-0.0116,0.0003,-0.0811,0.0485,0.3398,1.5,14,364
META261009C00610000,META,2026-10-09,15,C,610.0,-21.53,777.402,165.1,170.95,168.025,168.8,3.5,0.0,0.987,0.0004,-0.0237,0.0532,,,6,115
META261009P00610000,META,2026-10-09,15,P,610.0,-21.53,777.402,0.31,0.45,0.38,0.39,36.8,0.5499,-0.0129,0.0004,-0.0886,0.0535,0.3851,1.6,14,174
META261009C00615000,META,2026-10-09,15,C,615.0,-20.89,777.402,159.85,166.0,162.925,165.18,3.8,0.0,0.9854,0.0004,-0.0339,0.0588,,,3,340
META261009P00615000,META,2026-10-09,15,P,615.0,-20.89,777.402,0.25,0.47,0.36,0.47,61.1,0.5297,-0.0145,0.0004,-0.0969,0.059,0.3646,1.6,10,112
META261009C00620000,META,2026-10-09,15,C,620.0,-20.25,777.402,155.35,161.5,158.425,157.34,3.9,0.0,0.9836,0.0005,-0.0451,0.065,,,14,123
META261009P00620000,META,2026-10-09,15,P,620.0,-20.25,777.402,0.46,0.53,0.495,0.5,14.1,0.5375,-0.0163,0.0005,-0.1062,0.0652,0.5001,2.1,18,192
META261009C00625000,META,2026-10-09,15,C,625.0,-19.6,777.402,150.4,157.3,153.85,156.03,4.5,0.4858,0.9815,0.0005,-0.0574,0.0719,153.7338,98.5,24,60
META261009P00625000,META,2026-10-09,15,P,625.0,-19.6,777.402,0.49,0.6,0.545,0.56,20.2,0.5285,-0.0184,0.0005,-0.1167,0.0724,0.5499,2.3,130,466
META261009C00630000,META,2026-10-09,15,C,630.0,-18.96,777.402,145.4,150.8,148.1,141.17,3.6,0.0,0.9791,0.0006,-0.0709,0.0798,,,1,264
META261009P00630000,META,2026-10-09,15,P,630.0,-18.96,777.402,0.59,0.68,0.635,0.6,14.2,0.5244,-0.0208,0.0006,-0.1282,0.0801,0.6422,2.6,95,163
META261009C00635000,META,2026-10-09,15,C,635.0,-18.32,777.402,140.65,147.7,144.175,133.74,4.9,0.5037,0.9764,0.0007,-0.0858,0.0887,144.0569,97.4,1,64
META261009P00635000,META,2026-10-09,15,P,635.0,-18.32,777.402,0.65,0.78,0.715,0.76,18.2,0.517,-0.0236,0.0007,-0.1415,0.089,0.7199,2.9,16,247
META261009C00640000,META,2026-10-09,15,C,640.0,-17.67,777.402,135.65,142.15,138.9,140.24,4.7,0.4431,0.9733,0.0008,-0.1023,0.0984,138.7772,98.4,3,210
META261009P00640000,META,2026-10-09,15,P,640.0,-17.67,777.402,0.75,1.0,0.875,0.88,28.6,0.5171,-0.0267,0.0008,-0.1561,0.0987,0.8793,3.4,59,324
META261009C00645000,META,2026-10-09,15,C,645.0,-17.03,777.402,130.65,136.45,133.55,125.0,4.3,0.0,0.9697,0.0008,-0.1204,0.1093,,,3,128
META261009P00645000,META,2026-10-09,15,P,645.0,-17.03,777.402,0.84,0.98,0.91,0.94,15.4,0.5031,-0.0303,0.0009,-0.1724,0.11,0.914,3.6,377,458
META261009C00650000,META,2026-10-09,15,C,650.0,-16.39,777.402,125.8,130.95,128.375,130.7,4.0,0.0,0.9655,0.001,-0.1403,0.1216,,,13,249
META261009P00650000,META,2026-10-09,15,P,650.0,-16.39,777.402,1.03,1.18,1.105,1.11,13.6,0.5029,-0.0345,0.001,-0.1906,0.1221,1.1084,4.3,218,317
META261009C00655000,META,2026-10-09,15,C,655.0,-15.75,777.402,120.95,126.35,123.65,116.25,4.4,0.3085,0.9608,0.0011,-0.1622,0.135,123.5159,99.7,24,142
META261009P00655000,META,2026-10-09,15,P,655.0,-15.75,777.402,1.13,1.4,1.265,1.26,21.3,0.4976,-0.0393,0.0011,-0.2107,0.1354,1.2678,4.8,8,190
META261009C00657500,META,2026-10-09,15,C,657.5,-15.42,777.402,118.6,125.9,122.25,111.6,6.0,0.4789,0.9582,0.0011,-0.1739,0.1422,122.1239,95.5,1,3
META261009P00657500,META,2026-10-09,15,P,657.5,-15.42,777.402,1.22,1.47,1.345,1.37,18.6,0.4944,-0.0419,0.0011,-0.2215,0.1431,1.3476,5.1,6,12
META261009C00660000,META,2026-10-09,15,C,660.0,-15.1,777.402,115.9,122.45,119.175,109.65,5.5,0.4149,0.9554,0.0012,-0.1862,0.1498,119.0452,97.3,2,351
META261009P00660000,META,2026-10-09,15,P,660.0,-15.1,777.402,1.4,1.55,1.475,1.37,10.2,0.4942,-0.0447,0.0012,-0.2329,0.1507,1.4764,5.5,67,150
META261009C00662500,META,2026-10-09,15,C,662.5,-14.78,777.402,114.6,119.6,117.1,119.75,4.3,0.4482,0.9524,0.0013,-0.1989,0.1578,116.9713,95.8,3,6
META261009P00662500,META,2026-10-09,15,P,662.5,-14.78,777.402,1.45,1.65,1.55,2.0,12.9,0.4899,-0.0477,0.0013,-0.2448,0.1586,1.5513,5.7,25,24
META261009C00665000,META,2026-10-09,15,C,665.0,-14.46,777.402,112.05,118.1,115.075,93.36,5.3,0.4742,0.9492,0.0014,-0.2123,0.1662,114.9469,94.4,0,745
META261009P00665000,META,2026-10-09,15,P,665.0,-14.46,777.402,1.55,1.77,1.66,1.68,13.3,0.4875,-0.0509,0.0014,-0.2573,0.1669,1.6608,6.1,68,187
META261009C00667500,META,2026-10-09,15,C,667.5,-14.14,777.402,109.35,115.25,112.3,0.0,5.3,0.4455,0.9459,0.0014,-0.2262,0.1749,112.1693,95.2,0,0
META261009P00667500,META,2026-10-09,15,P,667.5,-14.14,777.402,1.66,1.93,1.795,2.77,15.0,0.4865,-0.0542,0.0014,-0.2698,0.1751,1.8014,6.5,1,6
META261009C00670000,META,2026-10-09,15,C,670.0,-13.82,777.402,107.65,112.45,110.05,109.31,4.4,0.4535,0.9423,0.0015,-0.2406,0.1839,109.919,94.4,15,455
META261009P00670000,META,2026-10-09,15,P,670.0,-13.82,777.402,1.87,2.07,1.97,1.95,10.2,0.4868,-0.0578,0.0015,-0.2833,0.1842,1.9756,7.0,40,206
META261009C00672500,META,2026-10-09,15,C,672.5,-13.49,777.402,105.3,110.55,107.925,83.54,4.9,0.4668,0.9384,0.0016,-0.2556,0.1932,107.7945,93.3,0,15
META261009P00672500,META,2026-10-09,15,P,672.5,-13.49,777.402,2.0,2.18,2.09,2.09,8.6,0.4836,-0.0616,0.0016,-0.2974,0.1943,2.0959,7.4,44,45
META261009C00675000,META,2026-10-09,15,C,675.0,-13.17,777.402,103.7,106.95,105.325,104.17,3.1,0.4513,0.9344,0.0017,-0.2712,0.2031,105.1924,93.5,68,323
META261009P00675000,META,2026-10-09,15,P,675.0,-13.17,777.402,2.15,2.37,2.26,2.11,9.7,0.4825,-0.0657,0.0017,-0.3122,0.2039,2.2653,7.9,44,193
META261009C00677500,META,2026-10-09,15,C,677.5,-12.85,777.402,100.05,106.25,103.15,79.2,6.0,0.4594,0.9301,0.0018,-0.2874,0.2134,103.0169,92.6,0,8
META261009P00677500,META,2026-10-09,15,P,677.5,-12.85,777.402,2.27,2.58,2.425,2.68,12.8,0.4806,-0.07,0.0018,-0.3275,0.214,2.4292,8.4,1,12
META261009C00680000,META,2026-10-09,15,C,680.0,-12.53,777.402,97.6,103.2,100.4,95.45,5.6,0.4362,0.9255,0.0019,-0.3041,0.224,100.2654,93.2,49,239
META261009P00680000,META,2026-10-09,15,P,680.0,-12.53,777.402,2.49,2.73,2.61,2.48,9.2,0.4792,-0.0746,0.0019,-0.3433,0.2244,2.6146,8.9,71,211
META261009C00682500,META,2026-10-09,15,C,682.5,-12.21,777.402,95.35,100.9,98.125,86.8,5.7,0.4384,0.9207,0.002,-0.3213,0.2348,97.9899,92.5,20,2
META261009P00682500,META,2026-10-09,15,P,682.5,-12.21,777.402,2.66,2.92,2.79,2.79,9.3,0.477,-0.0795,0.002,-0.3597,0.2351,2.7935,9.4,31,23
META261009C00685000,META,2026-10-09,15,C,685.0,-11.89,777.402,93.85,97.8,95.825,91.69,4.1,0.4384,0.9156,0.0021,-0.3391,0.2459,95.6888,91.9,8,417
META261009P00685000,META,2026-10-09,15,P,685.0,-11.89,777.402,2.91,3.15,3.03,2.87,7.9,0.4779,-0.0846,0.0021,-0.3766,0.2471,3.0588,10.1,105,143
META261009C00687500,META,2026-10-09,15,C,687.5,-11.56,777.402,90.5,96.45,93.475,71.66,6.4,0.4354,0.9102,0.0022,-0.3574,0.2575,93.3372,91.4,0,9
META261009P00687500,META,2026-10-09,15,P,687.5,-11.56,777.402,3.1,3.4,3.25,3.25,9.2,0.4753,-0.09,0.0022,-0.394,0.2586,3.253,10.7,9,116
META261009C00690000,META,2026-10-09,15,C,690.0,-11.24,777.402,90.7,92.85,91.775,92.77,2.3,0.459,0.9045,0.0023,-0.3761,0.2696,91.6369,89.5,30,217
META261009P00690000,META,2026-10-09,15,P,690.0,-11.24,777.402,3.35,3.55,3.45,3.2,5.8,0.4724,-0.0957,0.0023,-0.412,0.2703,3.4505,11.2,165,223
META261009C00692500,META,2026-10-09,15,C,692.5,-10.92,777.402,86.5,91.7,89.1,67.0,5.8,0.4416,0.8985,0.0024,-0.3954,0.2818,88.9611,89.7,0,7
META261009P00692500,META,2026-10-09,15,P,692.5,-10.92,777.402,3.6,3.85,3.725,4.15,6.7,0.4719,-0.1017,0.0024,-0.4304,0.2824,3.7258,11.9,21,17
META261009C00695000,META,2026-10-09,15,C,695.0,-10.6,777.402,84.95,88.8,86.875,87.79,4.4,0.4418,0.8922,0.0025,-0.415,0.2942,86.7363,89.0,20,197
META261009P00695000,META,2026-10-09,15,P,695.0,-10.6,777.402,3.85,4.2,4.025,4.13,8.7,0.4716,-0.108,0.0025,-0.4492,0.2946,4.0244,12.7,62,55
META261009C00697500,META,2026-10-09,15,C,697.5,-10.28,777.402,81.75,86.65,84.2,60.0,5.8,0.4246,0.8856,0.0026,-0.4351,0.3068,84.0596,89.2,0,15
META261009P00697500,META,2026-10-09,15,P,697.5,-10.28,777.402,4.15,4.45,4.3,4.24,7.0,0.4699,-0.1147,0.0026,-0.4684,0.3079,4.299,13.4,84,21
META261009C00700000,META,2026-10-09,15,C,700.0,-9.96,777.402,80.2,84.0,82.1,82.05,4.6,0.4288,0.8787,0.0027,-0.4556,0.3196,81.9608,88.1,90,621
META261009P00700000,META,2026-10-09,15,P,700.0,-9.96,777.402,4.45,4.75,4.6,4.7,6.5,0.4685,-0.1216,0.0027,-0.488,0.321,4.5989,14.1,550,580
META261009C00702500,META,2026-10-09,15,C,702.5,-9.63,777.402,78.2,83.75,80.975,56.2,6.9,0.4629,0.8715,0.0028,-0.4763,0.3329,80.834,85.3,0,46
META261009P00702500,META,2026-10-09,15,P,702.5,-9.63,777.402,4.8,5.1,4.95,4.91,6.1,0.4688,-0.1289,0.0029,-0.5079,0.3338,4.9724,15.0,19,303
META261009C00705000,META,2026-10-09,15,C,705.0,-9.31,777.402,75.35,80.85,78.1,76.71,7.0,0.44,0.8639,0.003,-0.4973,0.3463,77.957,85.8,10,145
META261009P00705000,META,2026-10-09,15,P,705.0,-9.31,777.402,5.15,5.4,5.275,5.28,4.7,0.4663,-0.1365,0.003,-0.5281,0.347,5.272,15.8,63,183
META261009C00710000,META,2026-10-09,15,C,710.0,-8.67,777.402,72.0,76.85,74.425,68.7,6.5,0.4557,0.8478,0.0032,-0.54,0.373,74.2829,83.0,16,264
META261009P00710000,META,2026-10-09,15,P,710.0,-8.67,777.402,5.75,6.3,6.025,6.19,9.1,0.464,-0.1527,0.0032,-0.5691,0.3741,6.0195,17.5,295,453
META261009C00715000,META,2026-10-09,15,C,715.0,-8.03,777.402,67.8,71.9,69.85,70.08,5.9,0.4432,0.8304,0.0035,-0.583,0.4003,69.7047,81.7,7,382
META261009P00715000,META,2026-10-09,15,P,715.0,-8.03,777.402,6.75,7.25,7.0,6.95,7.1,0.4652,-0.1703,0.0035,-0.6106,0.4014,6.9901,19.6,39,153
META261009C00720000,META,2026-10-09,15,C,720.0,-7.38,777.402,63.5,68.15,65.825,65.9,7.1,0.4433,0.8116,0.0037,-0.6261,0.4275,65.6822,79.6,41,453
META261009P00720000,META,2026-10-09,15,P,720.0,-7.38,777.402,7.75,8.1,7.925,7.53,4.4,0.4627,-0.1891,0.0037,-0.652,0.4281,7.9117,21.5,346,164
META261009C00725000,META,2026-10-09,15,C,725.0,-6.74,777.402,60.25,63.7,61.975,54.75,5.6,0.4448,0.7916,0.004,-0.6686,0.4539,61.8315,77.2,3,328
META261009P00725000,META,2026-10-09,15,P,725.0,-6.74,777.402,8.8,9.25,9.025,8.55,5.0,0.462,-0.2092,0.004,-0.6928,0.4555,9.0093,23.7,81,116
META261009C00730000,META,2026-10-09,15,C,730.0,-6.1,777.402,57.3,59.15,58.225,59.4,3.2,0.4458,0.7703,0.0042,-0.71,0.48,58.081,74.8,38,310
META261009P00730000,META,2026-10-09,15,P,730.0,-6.1,777.402,9.95,10.3,10.125,10.05,3.5,0.46,-0.2306,0.0042,-0.7326,0.4808,10.1544,25.9,146,231
META261009C00735000,META,2026-10-09,15,C,735.0,-5.45,777.402,52.9,56.4,54.65,50.27,6.4,0.4478,0.7479,0.0044,-0.7497,0.5046,54.5065,72.3,11,170
META261009P00735000,META,2026-10-09,15,P,735.0,-5.45,777.402,11.15,11.9,11.525,11.6,6.5,0.4599,-0.2532,0.0044,-0.7707,0.5056,11.5036,28.3,94,67
META261009C00737500,META,2026-10-09,15,C,737.5,-5.13,777.402,51.05,54.15,52.6,53.41,5.9,0.4426,0.7363,0.0045,-0.7688,0.5163,52.4535,71.3,1,0
META261009P00737500,META,2026-10-09,15,P,737.5,-5.13,777.402,12.0,12.4,12.2,0.0,3.3,0.4598,-0.2649,0.0045,-0.789,0.5179,12.2214,29.6,0,0
META261009C00740000,META,2026-10-09,15,C,740.0,-4.81,777.402,49.55,52.0,50.775,52.79,4.8,0.4414,0.7244,0.0046,-0.7873,0.5278,50.6289,70.0,54,425
META261009P00740000,META,2026-10-09,15,P,740.0,-4.81,777.402,12.65,13.25,12.95,13.0,4.6,0.4588,-0.2768,0.0046,-0.8067,0.5289,12.9229,30.8,287,286
META261009C00742500,META,2026-10-09,15,C,742.5,-4.49,777.402,47.65,51.05,49.35,43.8,6.9,0.4472,0.7123,0.0047,-0.8051,0.539,49.2074,68.4,1,0
META261009P00742500,META,2026-10-09,15,P,742.5,-4.49,777.402,13.45,13.95,13.7,0.0,3.6,0.4581,-0.289,0.0048,-0.8237,0.5397,13.6702,32.1,0,0
META261009C00745000,META,2026-10-09,15,C,745.0,-4.17,777.402,47.6,49.05,48.325,44.63,3.0,0.4593,0.6999,0.0048,-0.8221,0.5494,48.1783,66.6,191,327
META261009P00745000,META,2026-10-09,15,P,745.0,-4.17,777.402,14.1,14.8,14.45,14.7,4.8,0.4568,-0.3014,0.0048,-0.8399,0.5501,14.4155,33.3,74,89
META261009C00747500,META,2026-10-09,15,C,747.5,-3.85,777.402,46.0,46.9,46.45,45.31,1.9,0.4552,0.6873,0.0049,-0.8384,0.5593,46.304,65.4,7,0
META261009P00747500,META,2026-10-09,15,P,747.5,-3.85,777.402,15.1,15.6,15.35,15.52,3.3,0.4577,-0.3141,0.0049,-0.8554,0.56,15.3138,34.7,114,0
META261009C00750000,META,2026-10-09,15,C,750.0,-3.52,777.402,44.55,45.2,44.875,43.8,1.4,0.456,0.6746,0.005,-0.8538,0.5686,44.7333,64.0,6214,927
META261009P00750000,META,2026-10-09,15,P,750.0,-3.52,777.402,15.75,16.45,16.1,16.7,4.3,0.4553,-0.3269,0.005,-0.87,0.5699,16.0597,35.9,506,249
META261009C00752500,META,2026-10-09,15,C,752.5,-3.2,777.402,42.7,43.6,43.15,44.14,2.1,0.4535,0.6616,0.0051,-0.8683,0.5775,43.0075,62.8,32,0
META261009P00752500,META,2026-10-09,15,P,752.5,-3.2,777.402,16.85,17.4,17.125,17.34,3.2,0.4572,-0.34,0.0051,-0.8837,0.5784,17.0828,37.3,118,0
META261009C00755000,META,2026-10-09,15,C,755.0,-2.88,777.402,41.35,42.1,41.725,40.89,1.8,0.4556,0.6485,0.0051,-0.8819,0.5858,41.5805,61.3,190,792
META261009P00755000,META,2026-10-09,15,P,755.0,-2.88,777.402,17.8,18.35,18.075,18.06,3.0,0.4572,-0.3532,0.0052,-0.8964,0.5864,18.032,38.7,455,1132
META261009C00757500,META,2026-10-09,15,C,757.5,-2.56,777.402,39.75,40.45,40.1,39.63,1.7,0.4538,0.6353,0.0052,-0.8945,0.5933,39.96,60.0,50,0
META261009P00757500,META,2026-10-09,15,P,757.5,-2.56,777.402,18.8,19.35,19.075,19.75,2.9,0.4574,-0.3665,0.0052,-0.9082,0.5938,19.0271,40.1,63,0
META261009C00760000,META,2026-10-09,15,C,760.0,-2.24,777.402,38.35,38.95,38.65,38.2,1.6,0.4543,0.6219,0.0053,-0.906,0.6001,38.5094,58.6,359,397
META261009P00760000,META,2026-10-09,15,P,760.0,-2.24,777.402,19.6,20.35,19.975,19.99,3.8,0.4554,-0.3799,0.0053,-0.919,0.6006,19.925,41.4,281,57
META261009C00765000,META,2026-10-09,15,C,765.0,-1.6,777.402,35.45,36.15,35.8,35.05,2.0,0.4545,0.5948,0.0054,-0.9259,0.6118,35.6654,55.8,485,240
META261009P00765000,META,2026-10-09,15,P,765.0,-1.6,777.402,21.95,22.55,22.25,22.85,2.7,0.4575,-0.4072,0.0054,-0.9372,0.6122,22.1902,44.2,359,52
META261009C00770000,META,2026-10-09,15,C,770.0,-0.95,777.402,32.75,33.9,33.325,32.5,3.5,0.4584,0.5674,0.0054,-0.9413,0.6206,33.1908,53.0,573,488
META261009P00770000,META,2026-10-09,15,P,770.0,-0.95,777.402,23.95,24.9,24.425,25.31,3.9,0.4558,-0.4348,0.0055,-0.951,0.6208,24.3629,47.0,263,24
META261009C00775000,META,2026-10-09,15,C,775.0,-0.31,777.402,30.2,30.75,30.475,29.86,1.8,0.454,0.5399,0.0055,-0.9521,0.6264,30.3414,50.2,249,224
META261009P00775000,META,2026-10-09,15,P,775.0,-0.31,777.402,26.65,27.3,26.975,26.75,2.4,0.4578,-0.4624,0.0055,-0.9601,0.6263,26.9042,49.8,235,14
META261009C00780000,META,2026-10-09,15,C,780.0,0.33,777.402,27.75,28.6,28.175,27.44,3.0,0.4563,0.5125,0.0055,-0.9582,0.6292,28.0488,47.4,945,352
META261009P00780000,META,2026-10-09,15,P,780.0,0.33,777.402,28.95,29.9,29.425,30.0,3.2,0.456,-0.4901,0.0056,-0.9646,0.6289,29.3468,52.6,130,13
META261009C00785000,META,2026-10-09,15,C,785.0,0.98,777.402,25.5,26.1,25.8,25.19,2.3,0.4552,0.4852,0.0055,-0.9597,0.6291,25.6808,44.7,408,141
META261009P00785000,META,2026-10-09,15,P,785.0,0.98,777.402,31.7,32.75,32.225,31.37,3.3,0.4576,-0.5176,0.0056,-0.9646,0.6285,32.1402,55.3,12,5
META261009C00790000,META,2026-10-09,15,C,790.0,1.62,777.402,23.3,23.95,23.625,24.6,2.8,0.455,0.4582,0.0055,-0.9568,0.6261,23.5057,42.0,156,236
META261009P00790000,META,2026-10-09,15,P,790.0,1.62,777.402,34.85,35.6,35.225,34.89,2.1,0.4601,-0.5448,0.0055,-0.9599,0.6248,35.1248,58.0,37,1
META261009C00795000,META,2026-10-09,15,C,795.0,2.26,777.402,21.3,21.95,21.625,21.25,3.0,0.4556,0.4317,0.0054,-0.9494,0.6203,21.514,39.3,86,230
META261009P00795000,META,2026-10-09,15,P,795.0,2.26,777.402,37.7,38.65,38.175,37.23,2.5,0.4598,-0.5715,0.0055,-0.951,0.6192,38.0662,60.6,13,2
META261009C00800000,META,2026-10-09,15,C,800.0,2.91,777.402,19.7,20.1,19.9,19.85,2.0,0.4585,0.4057,0.0053,-0.938,0.6121,19.7925,36.8,908,656
META261009P00800000,META,2026-10-09,15,P,800.0,2.91,777.402,40.95,41.8,41.375,40.05,2.1,0.4615,-0.5977,0.0054,-0.938,0.6089,41.2597,63.1,7,11
META261009C00805000,META,2026-10-09,15,C,805.0,3.55,777.402,17.75,18.45,18.1,17.76,3.9,0.4582,0.3804,0.0052,-0.9227,0.6013,18.0001,34.3,214,69
META261009P00805000,META,2026-10-09,15,P,805.0,3.55,777.402,44.15,45.15,44.65,45.05,2.2,0.4623,-0.6232,0.0053,-0.9211,0.5988,44.5216,65.6,20,2
META261009C00810000,META,2026-10-09,15,C,810.0,4.19,777.402,16.2,16.85,16.525,15.96,3.9,0.4596,0.3559,0.0051,-0.9039,0.5883,16.4305,31.9,133,213
META261009P00810000,META,2026-10-09,15,P,810.0,4.19,777.402,47.45,48.55,48.0,52.85,2.3,0.4624,-0.648,0.0052,-0.9008,0.5858,47.8622,68.0,1,1
META261009C00815000,META,2026-10-09,15,C,815.0,4.84,777.402,14.75,15.4,15.075,14.51,4.3,0.4612,0.3322,0.005,-0.882,0.5736,14.9865,29.7,44,87
META261009P00815000,META,2026-10-09,15,P,815.0,4.84,777.402,51.05,52.0,51.525,82.25,1.8,0.4634,-0.6719,0.005,-0.8773,0.5684,51.3715,70.3,0,1
META261009C00820000,META,2026-10-09,15,C,820.0,5.48,777.402,13.4,13.9,13.65,13.57,3.7,0.4613,0.3094,0.0048,-0.8574,0.5569,13.5676,27.4,192,205
META261009P00820000,META,2026-10-09,15,P,820.0,5.48,777.402,54.65,55.8,55.225,56.2,2.1,0.4656,-0.6949,0.0049,-0.8511,0.5529,55.0569,72.4,2,4
META261009C00825000,META,2026-10-09,15,C,825.0,6.12,777.402,12.05,12.65,12.35,13.04,4.9,0.4617,0.2876,0.0046,-0.8303,0.5388,12.2727,25.3,124,114
META261009P00825000,META,2026-10-09,15,P,825.0,6.12,777.402,57.8,61.05,59.425,0.0,5.5,0.4753,-0.7169,0.0047,-0.8225,0.5349,59.2463,74.1,0,0
META261009C00830000,META,2026-10-09,15,C,830.0,6.77,777.402,10.8,11.6,11.2,11.05,7.1,0.463,0.2668,0.0045,-0.8013,0.5198,11.126,23.4,67,77
META261009P00830000,META,2026-10-09,15,P,830.0,6.77,777.402,62.1,65.0,63.55,66.6,4.6,0.4823,-0.738,0.0045,-0.792,0.5124,63.3631,75.9,1,1
META261009C00835000,META,2026-10-09,15,C,835.0,7.41,777.402,9.85,10.4,10.125,9.73,5.4,0.464,0.2471,0.0043,-0.7707,0.4994,10.0573,21.5,298,204
META261009P00835000,META,2026-10-09,15,P,835.0,7.41,777.402,65.9,69.05,67.475,0.0,4.7,0.4837,-0.758,0.0043,-0.7598,0.4932,67.2674,77.7,0,0
META261009C00840000,META,2026-10-09,15,C,840.0,8.05,777.402,8.95,9.5,9.225,9.05,6.0,0.4668,0.2284,0.0041,-0.7389,0.4784,9.1622,19.8,81,727
META261009P00840000,META,2026-10-09,15,P,840.0,8.05,777.402,69.85,73.3,71.575,0.0,4.8,0.4871,-0.7769,0.0042,-0.7266,0.4723,71.3542,79.3,0,0
META261009C00845000,META,2026-10-09,15,C,845.0,8.7,777.402,8.1,8.7,8.4,8.16,7.1,0.4696,0.2108,0.0039,-0.7063,0.4573,8.3425,18.2,16,220
META261009P00845000,META,2026-10-09,15,P,845.0,8.7,777.402,73.85,77.5,75.675,0.0,4.8,0.4889,-0.7948,0.004,-0.6923,0.447,75.4387,80.9,0,0
META261009C00850000,META,2026-10-09,15,C,850.0,9.34,777.402,7.35,7.75,7.55,7.36,5.3,0.4702,0.1942,0.0037,-0.6731,0.4354,7.4979,16.7,158,307
META261009P00850000,META,2026-10-09,15,P,850.0,9.34,777.402,77.7,81.45,79.575,0.0,4.7,0.4842,-0.8117,0.0038,-0.6574,0.4263,79.3091,82.7,0,0
META261009C00855000,META,2026-10-09,15,C,855.0,9.98,777.402,6.5,7.15,6.825,7.17,9.5,0.472,0.1786,0.0035,-0.6397,0.4135,6.7764,15.3,29,78
META261009P00855000,META,2026-10-09,15,P,855.0,9.98,777.402,82.55,86.2,84.375,115.51,4.3,0.499,-0.8275,0.0036,-0.6225,0.4049,84.1012,83.5,0,1
META261009C00860000,META,2026-10-09,15,C,860.0,10.62,777.402,5.75,6.3,6.025,5.9,9.1,0.4716,0.164,0.0033,-0.6063,0.392,6.0341,13.9,33,77
META261009P00860000,META,2026-10-09,15,P,860.0,10.62,777.402,86.4,90.7,88.55,0.0,4.9,0.4978,-0.8423,0.0034,-0.5874,0.3778,88.2565,85.0,0,0
META261009C00865000,META,2026-10-09,15,C,865.0,11.27,777.402,5.3,5.65,5.475,5.6,6.4,0.4733,0.1504,0.0031,-0.5732,0.3704,5.4367,12.6,21,68
META261009P00865000,META,2026-10-09,15,P,865.0,11.27,777.402,90.85,95.4,93.125,0.0,4.9,0.5051,-0.8562,0.0032,-0.5524,0.3581,92.8135,85.9,0,0
META261009C00870000,META,2026-10-09,15,C,870.0,11.91,777.402,4.65,5.2,4.925,4.83,11.2,0.4749,0.1378,0.0029,-0.5406,0.3491,4.8909,11.5,49,83
META261009P00870000,META,2026-10-09,15,P,870.0,11.91,777.402,95.2,99.65,97.425,94.5,4.6,0.5038,-0.869,0.003,-0.518,0.3373,97.0865,87.2,3,0
META261009C00875000,META,2026-10-09,15,C,875.0,12.55,777.402,4.25,4.75,4.5,4.52,11.1,0.4788,0.126,0.0027,-0.5088,0.3287,4.47,10.6,52,28
META261009P00875000,META,2026-10-09,15,P,875.0,12.55,777.402,100.15,104.55,102.35,0.0,4.3,0.5189,-0.881,0.0028,-0.4842,0.3109,102.0028,87.7,0,0
META261009C00880000,META,2026-10-09,15,C,880.0,13.2,777.402,3.75,4.2,3.975,4.0,11.3,0.4782,0.1152,0.0026,-0.4778,0.3087,3.9507,9.5,77,460
META261009P00880000,META,2026-10-09,15,P,880.0,13.2,777.402,104.25,109.5,106.875,0.0,4.9,0.5218,-0.8921,0.0026,-0.4509,0.2922,106.5075,88.7,0,0
META261009C00885000,META,2026-10-09,15,C,885.0,13.84,777.402,3.35,3.75,3.55,2.97,11.3,0.4792,0.1051,0.0024,-0.4477,0.289,3.5284,8.6,29,31
META261009P00885000,META,2026-10-09,15,P,885.0,13.84,777.402,108.5,114.2,111.35,0.0,5.1,0.5218,-0.9023,0.0024,-0.4185,0.2733,110.9589,89.7,0,0
META261009C00890000,META,2026-10-09,15,C,890.0,14.48,777.402,3.0,3.35,3.175,3.14,11.0,0.4805,0.0958,0.0022,-0.4188,0.2704,3.1554,7.8,4,73
META261009P00890000,META,2026-10-09,15,P,890.0,14.48,777.402,113.05,119.0,116.025,228.3,5.1,0.5268,-0.9118,0.0023,-0.3872,0.2519,115.6106,90.4,0,1
META261009C00895000,META,2026-10-09,15,C,895.0,15.13,777.402,2.73,3.0,2.865,2.83,9.4,0.483,0.0873,0.0021,-0.391,0.2526,2.8486,7.1,19,94
META261009P00895000,META,2026-10-09,15,P,895.0,15.13,777.402,117.7,123.75,120.725,0.0,5.0,0.5318,-0.9205,0.0021,-0.3565,0.2315,120.2899,91.1,0,0
META261009C00900000,META,2026-10-09,15,C,900.0,15.77,777.402,2.43,2.76,2.595,2.47,12.7,0.4859,0.0795,0.0019,-0.3644,0.2353,2.5806,6.4,627,521
META261009P00900000,META,2026-10-09,15,P,900.0,15.77,777.402,123.15,127.45,125.3,0.0,3.4,0.5311,-0.9284,0.002,-0.327,0.2155,124.8373,91.9,0,0
META261009C00905000,META,2026-10-09,15,C,905.0,16.41,777.402,2.11,2.48,2.295,2.02,16.1,0.4862,0.0722,0.0018,-0.3391,0.2189,2.2829,5.8,15,43
META261009P00905000,META,2026-10-09,15,P,905.0,16.41,777.402,127.1,133.25,130.175,0.0,4.7,0.541,-0.9358,0.0018,-0.2986,0.2,129.7012,92.3,0,0
META261009C00910000,META,2026-10-09,15,C,910.0,17.06,777.402,1.93,2.18,2.055,1.95,12.2,0.488,0.0656,0.0016,-0.3151,0.2036,2.0458,5.2,81,150
META261009P00910000,META,2026-10-09,15,P,910.0,17.06,777.402,131.9,138.0,134.95,0.0,4.5,0.546,-0.9426,0.0017,-0.2711,0.1785,134.4511,92.8,0,0
META261009C00915000,META,2026-10-09,15,C,915.0,17.7,777.402,1.71,1.97,1.84,1.86,14.1,0.4898,0.0596,0.0015,-0.2923,0.189,1.8326,4.7,48,107
META261009P00915000,META,2026-10-09,15,P,915.0,17.7,777.402,136.7,142.65,139.675,0.0,4.3,0.548,-0.9489,0.0016,-0.2449,0.1655,139.1488,93.4,0,0
META261009C00920000,META,2026-10-09,15,C,920.0,18.34,777.402,1.47,1.76,1.615,1.75,18.0,0.4897,0.0541,0.0014,-0.2708,0.175,1.6092,4.2,38,61
META261009P00920000,META,2026-10-09,15,P,920.0,18.34,777.402,141.55,147.45,144.5,0.0,4.1,0.5536,-0.9547,0.0015,-0.2197,0.152,143.9526,93.8,0,0
META261009C00925000,META,2026-10-09,15,C,925.0,18.99,777.402,1.29,1.62,1.455,1.54,22.7,0.4922,0.049,0.0013,-0.2506,0.162,1.4504,3.8,1,130
META261009P00925000,META,2026-10-09,15,P,925.0,18.99,777.402,146.4,152.5,149.45,0.0,4.1,0.5648,-0.9599,0.0014,-0.1957,0.1388,148.8933,94.1,0,0
META261009C00930000,META,2026-10-09,15,C,930.0,19.63,777.402,1.14,1.43,1.285,1.36,22.6,0.4929,0.0445,0.0012,-0.2316,0.1499,1.2819,3.4,19,31
META261009P00930000,META,2026-10-09,15,P,930.0,19.63,777.402,151.3,157.35,154.325,0.0,3.9,0.5719,-0.9652,0.0013,-0.1789,0.1161,153.7514,94.4,0,0
META261009C00935000,META,2026-10-09,15,C,935.0,20.27,777.402,1.1,1.28,1.19,1.19,15.1,0.4979,0.0403,0.0011,-0.2138,0.1384,1.1882,3.1,106,59
META261009P00935000,META,2026-10-09,15,P,935.0,20.27,777.402,156.15,162.25,159.2,0.0,3.8,0.5786,-0.9701,0.0013,-0.1636,0.1074,158.6112,94.7,0,0
META261009C00940000,META,2026-10-09,15,C,940.0,20.92,777.402,0.98,1.16,1.07,1.04,16.8,0.5005,0.0364,0.001,-0.1967,0.1273,1.073,2.8,6,31
META261009P00940000,META,2026-10-09,15,P,940.0,20.92,777.402,161.25,167.1,164.175,0.0,3.6,0.5902,-0.9744,0.0012,-0.1484,0.0977,163.5776,94.9,0,0
META261009C00945000,META,2026-10-09,15,C,945.0,21.56,777.402,0.88,1.0,0.94,0.99,12.8,0.5005,0.033,0.0009,-0.1817,0.1177,0.94,2.5,3,32
META261009P00945000,META,2026-10-09,15,P,945.0,21.56,777.402,166.2,172.05,169.125,0.0,3.5,0.6001,-0.9783,0.0012,-0.1333,0.0881,168.5142,95.1,0,0
META261009C00950000,META,2026-10-09,15,C,950.0,22.2,777.402,0.83,0.91,0.87,0.84,9.2,0.5052,0.0298,0.0008,-0.1672,0.1085,0.8708,2.3,158,69
META261009P00950000,META,2026-10-09,15,P,950.0,22.2,777.402,171.5,176.45,173.975,0.0,2.8,0.6039,-0.9821,0.001,-0.137,0.0586,173.3407,95.4,0,0
META261009C00955000,META,2026-10-09,15,C,955.0,22.85,777.402,0.69,0.79,0.74,0.75,13.5,0.5033,0.0269,0.0008,-0.1534,0.0995,0.7441,2.0,1,122
META261009P00955000,META,2026-10-09,15,P,955.0,22.85,777.402,176.15,181.9,179.025,0.0,3.2,0.6194,-0.9856,0.0009,-0.1412,0.0518,178.3911,95.4,0,0
META261009C00960000,META,2026-10-09,15,C,960.0,23.49,777.402,0.62,0.72,0.67,0.69,14.9,0.5062,0.0243,0.0007,-0.141,0.0914,0.6746,1.8,391,43
META261009P00960000,META,2026-10-09,15,P,960.0,23.49,777.402,181.1,186.9,184.0,0.0,3.2,0.6302,-0.9886,0.0008,-0.1436,0.047,183.3567,95.6,0,0
META261009C00965000,META,2026-10-09,15,C,965.0,24.13,777.402,0.56,0.67,0.615,0.59,17.9,0.51,0.022,0.0006,-0.1294,0.084,0.6194,1.7,15,68
META261009P00965000,META,2026-10-09,15,P,965.0,24.13,777.402,186.1,191.9,189.0,0.0,3.1,0.6424,-0.9913,0.0007,-0.1445,0.0426,188.3502,95.7,0,0
META261009C00970000,META,2026-10-09,15,C,970.0,24.77,777.402,0.49,0.61,0.55,0.55,21.8,0.5119,0.0199,0.0006,-0.1188,0.0772,0.5549,1.5,7,54
META261009P00970000,META,2026-10-09,15,P,970.0,24.77,777.402,191.1,196.9,194.0,0.0,3.0,0.6545,-0.9933,0.0006,-0.1566,0.023,193.3438,95.7,0,0
META261016C00585000,META,2026-10-16,22,C,585.0,-24.75,777.402,191.35,195.9,193.625,194.5,2.3,0.0,0.9877,0.0003,-0.0005,0.0615,,,41,3973
META261016P00585000,META,2026-10-16,22,P,585.0,-24.75,777.402,0.4,0.47,0.435,0.43,16.1,0.5333,-0.0122,0.0003,-0.0684,0.0617,0.4424,1.7,30,3249
META261016C00590000,META,2026-10-16,22,C,590.0,-24.11,777.402,186.95,190.8,188.875,185.0,2.0,0.0,0.9863,0.0003,-0.0081,0.0674,,,12,1784
META261016P00590000,META,2026-10-16,22,P,590.0,-24.11,777.402,0.45,0.52,0.485,0.49,14.4,0.5273,-0.0136,0.0003,-0.0742,0.0676,0.4929,1.9,143,1860
META261016C00595000,META,2026-10-16,22,C,595.0,-23.46,777.402,180.7,185.45,183.075,183.62,2.6,0.0,0.9848,0.0004,-0.0163,0.0739,,,13,687
META261016P00595000,META,2026-10-16,22,P,595.0,-23.46,777.402,0.5,0.58,0.54,0.53,14.8,0.5212,-0.0151,0.0004,-0.0807,0.0745,0.5482,2.0,31,658
META261016C00600000,META,2026-10-16,22,C,600.0,-22.82,777.402,177.95,180.45,179.2,179.86,1.4,0.4324,0.9831,0.0004,-0.0251,0.081,179.0094,99.2,32,7581
META261016P00600000,META,2026-10-16,22,P,600.0,-22.82,777.402,0.56,0.64,0.6,0.6,13.3,0.5149,-0.0169,0.0004,-0.0879,0.0814,0.6078,2.2,1795,7640
META261016C00605000,META,2026-10-16,22,C,605.0,-22.18,777.402,173.0,176.5,174.75,176.37,2.0,0.5122,0.9811,0.0005,-0.0346,0.0889,174.5639,97.4,20,803
META261016P00605000,META,2026-10-16,22,P,605.0,-22.18,777.402,0.63,0.71,0.67,0.67,11.9,0.5091,-0.0188,0.0005,-0.0957,0.0892,0.678,2.5,227,830
META261016C00610000,META,2026-10-16,22,C,610.0,-21.53,777.402,168.0,171.5,169.75,169.45,2.1,0.4961,0.979,0.0005,-0.045,0.0978,169.5608,97.4,20,1393
META261016P00610000,META,2026-10-16,22,P,610.0,-21.53,777.402,0.7,0.78,0.74,0.78,10.8,0.5025,-0.021,0.0005,-0.1044,0.0981,0.7484,2.7,907,1724
META261016C00615000,META,2026-10-16,22,C,615.0,-20.89,777.402,163.15,165.6,164.375,163.99,1.5,0.4103,0.9765,0.0006,-0.0562,0.1074,164.1023,98.9,212,1154
META261016P00615000,META,2026-10-16,22,P,615.0,-20.89,777.402,0.8,0.9,0.85,0.84,11.8,0.4991,-0.0235,0.0006,-0.1139,0.1083,0.859,3.1,295,1364
META261016C00620000,META,2026-10-16,22,C,620.0,-20.25,777.402,158.95,161.3,160.125,160.5,1.5,0.5003,0.9737,0.0006,-0.0684,0.1179,159.9333,96.4,641,4235
META261016P00620000,META,2026-10-16,22,P,620.0,-20.25,777.402,0.91,1.01,0.96,0.92,10.4,0.4943,-0.0264,0.0006,-0.1245,0.1184,0.9679,3.4,319,2283
META261016C00625000,META,2026-10-16,22,C,625.0,-19.6,777.402,154.35,157.2,155.775,146.62,1.8,0.5124,0.9705,0.0007,-0.0816,0.1296,155.3084,95.5,1,1119
META261016P00625000,META,2026-10-16,22,P,625.0,-19.6,777.402,1.02,1.14,1.08,1.12,11.1,0.4894,-0.0296,0.0007,-0.136,0.1301,1.0882,3.8,167,1400
META261016C00630000,META,2026-10-16,22,C,630.0,-18.96,777.402,147.8,151.55,149.675,150.66,2.5,0.4246,0.9669,0.0008,-0.0959,0.1426,149.474,97.7,29,3188
META261016P00630000,META,2026-10-16,22,P,630.0,-18.96,777.402,1.17,1.31,1.24,1.2,11.3,0.4864,-0.0331,0.0008,-0.1486,0.1433,1.2488,4.3,414,1532
META261016C00635000,META,2026-10-16,22,C,635.0,-18.32,777.402,142.45,147.5,144.975,145.76,3.5,0.4396,0.9629,0.0009,-0.1113,0.1565,144.7737,96.7,6,728
META261016P00635000,META,2026-10-16,22,P,635.0,-18.32,777.402,1.32,1.41,1.365,1.36,6.6,0.48,-0.0371,0.0009,-0.1622,0.1573,1.378,4.7,209,456
META261016C00640000,META,2026-10-16,22,C,640.0,-17.67,777.402,137.0,141.9,139.45,141.0,3.5,0.3628,0.9584,0.001,-0.128,0.1716,139.2404,98.5,345,4438
META261016P00640000,META,2026-10-16,22,P,640.0,-17.67,777.402,1.53,1.67,1.6,1.56,8.7,0.4788,-0.0417,0.001,-0.1776,0.1723,1.607,5.3,1234,3303
META261016C00645000,META,2026-10-16,22,C,645.0,-17.03,777.402,133.25,137.0,135.125,133.08,2.8,0.4208,0.9534,0.0011,-0.146,0.1884,134.9196,96.2,51,1000
META261016P00645000,META,2026-10-16,22,P,645.0,-17.03,777.402,1.75,1.88,1.815,1.8,7.2,0.4752,-0.0468,0.0011,-0.1939,0.1891,1.8224,5.9,839,979
META261016C00650000,META,2026-10-16,22,C,650.0,-16.39,777.402,129.15,131.8,130.475,130.36,2.0,0.4295,0.9477,0.0012,-0.1653,0.2064,130.2688,95.2,444,7696
META261016P00650000,META,2026-10-16,22,P,650.0,-16.39,777.402,2.0,2.13,2.065,2.05,6.3,0.472,-0.0525,0.0012,-0.2116,0.208,2.0713,6.6,1302,3182
META261016C00655000,META,2026-10-16,22,C,655.0,-15.75,777.402,124.15,128.2,126.175,124.52,3.2,0.452,0.9414,0.0013,-0.1859,0.2254,125.9696,93.4,5,1625
META261016P00655000,META,2026-10-16,22,P,655.0,-15.75,777.402,2.26,2.43,2.345,2.34,7.2,0.4688,-0.0589,0.0013,-0.2306,0.2263,2.3497,7.3,88,812
META261016C00657500,META,2026-10-16,22,C,657.5,-15.42,777.402,120.9,126.0,123.45,95.2,4.1,0.4324,0.938,0.0014,-0.1967,0.2355,123.2425,93.9,0,14
META261016P00657500,META,2026-10-16,22,P,657.5,-15.42,777.402,2.42,2.57,2.495,2.49,6.0,0.4675,-0.0621,0.0014,-0.2402,0.2359,2.5078,7.7,28,99
META261016C00660000,META,2026-10-16,22,C,660.0,-15.1,777.402,120.4,122.7,121.55,120.97,1.9,0.4526,0.9344,0.0014,-0.2078,0.2461,121.3447,92.5,198,2536
META261016P00660000,META,2026-10-16,22,P,660.0,-15.1,777.402,2.58,2.65,2.615,2.61,2.7,0.4643,-0.0657,0.0014,-0.2506,0.2467,2.6288,8.1,900,2172
META261016C00662500,META,2026-10-16,22,C,662.5,-14.78,777.402,116.0,121.3,118.65,94.48,4.5,0.4259,0.9307,0.0015,-0.2193,0.2571,118.4414,93.3,0,15
META261016P00662500,META,2026-10-16,22,P,662.5,-14.78,777.402,2.71,2.93,2.82,3.19,7.8,0.4638,-0.0697,0.0015,-0.2616,0.2581,2.8237,8.6,20,108
META261016C00665000,META,2026-10-16,22,C,665.0,-14.46,777.402,115.6,117.75,116.675,117.11,1.8,0.4378,0.9267,0.0016,-0.2311,0.2682,116.3929,92.2,431,1500
META261016P00665000,META,2026-10-16,22,P,665.0,-14.46,777.402,2.94,3.15,3.045,3.1,6.9,0.464,-0.0737,0.0016,-0.2726,0.2705,3.0488,9.1,422,599
META261016C00667500,META,2026-10-16,22,C,667.5,-14.14,777.402,111.35,116.0,113.675,105.6,4.1,0.4106,0.9225,0.0016,-0.2432,0.2796,113.465,93.1,20,28
META261016P00667500,META,2026-10-16,22,P,667.5,-14.14,777.402,3.1,3.35,3.225,3.25,7.8,0.462,-0.0779,0.0016,-0.284,0.2813,3.2267,9.5,46,141
META261016C00670000,META,2026-10-16,22,C,670.0,-13.82,777.402,112.15,113.25,112.7,111.79,1.0,0.4534,0.9182,0.0017,-0.2557,0.2912,112.2416,90.3,338,3388
META261016P00670000,META,2026-10-16,22,P,670.0,-13.82,777.402,3.35,3.55,3.45,3.53,5.8,0.4613,-0.0823,0.0017,-0.2957,0.2925,3.4514,10.1,546,2551
META261016C00672500,META,2026-10-16,22,C,672.5,-13.49,777.402,106.9,112.05,109.475,86.4,4.7,0.4272,0.9136,0.0018,-0.2684,0.3033,109.2651,91.2,0,17
META261016P00672500,META,2026-10-16,22,P,672.5,-13.49,777.402,3.55,3.75,3.65,3.65,5.5,0.4597,-0.0867,0.0018,-0.3072,0.3038,3.6616,10.6,12,103
META261016C00675000,META,2026-10-16,22,C,675.0,-13.17,777.402,105.1,108.55,106.825,108.11,3.2,0.4119,0.9088,0.0019,-0.2814,0.3157,106.5886,91.5,459,3612
META261016P00675000,META,2026-10-16,22,P,675.0,-13.17,777.402,3.8,4.0,3.9,4.0,5.1,0.4587,-0.0917,0.0019,-0.3199,0.317,3.9016,11.1,375,1497
META261016C00677500,META,2026-10-16,22,C,677.5,-12.85,777.402,101.65,107.45,104.55,82.4,5.5,0.4127,0.9038,0.002,-0.2947,0.3285,104.3365,90.8,0,29
META261016P00677500,META,2026-10-16,22,P,677.5,-12.85,777.402,4.05,4.25,4.15,4.0,4.8,0.4579,-0.0966,0.002,-0.3319,0.3292,4.161,11.7,37,173
META261016C00680000,META,2026-10-16,22,C,680.0,-12.53,777.402,103.0,104.2,103.6,103.34,1.2,0.4502,0.8985,0.002,-0.3083,0.3415,103.2421,88.1,530,5477
META261016P00680000,META,2026-10-16,22,P,680.0,-12.53,777.402,4.3,4.45,4.375,4.39,3.4,0.4557,-0.1018,0.002,-0.3447,0.3438,4.387,12.3,483,1864
META261016C00682500,META,2026-10-16,22,C,682.5,-12.21,777.402,97.65,102.95,100.3,78.45,5.3,0.4209,0.893,0.0021,-0.3221,0.3545,100.0885,89.1,0,86
META261016P00682500,META,2026-10-16,22,P,682.5,-12.21,777.402,4.55,4.8,4.675,4.49,5.3,0.4552,-0.1074,0.0021,-0.3578,0.3561,4.6835,12.9,16,184
META261016C00685000,META,2026-10-16,22,C,685.0,-11.89,777.402,96.35,100.35,98.35,100.0,4.1,0.4288,0.8873,0.0022,-0.3362,0.3677,98.1371,87.9,211,1203
META261016P00685000,META,2026-10-16,22,P,685.0,-11.89,777.402,4.85,5.05,4.95,4.92,4.0,0.4537,-0.1131,0.0022,-0.3711,0.3687,4.9593,13.5,628,1340
META261016C00687500,META,2026-10-16,22,C,687.5,-11.56,777.402,93.9,97.9,95.9,95.84,4.2,0.4212,0.8814,0.0023,-0.3504,0.3812,95.6887,87.7,1,48
META261016P00687500,META,2026-10-16,22,P,687.5,-11.56,777.402,5.15,5.45,5.3,5.33,5.7,0.4538,-0.1191,0.0023,-0.3845,0.3819,5.3094,14.3,45,194
META261016C00690000,META,2026-10-16,22,C,690.0,-11.24,777.402,92.95,95.65,94.3,93.84,2.9,0.4369,0.8752,0.0024,-0.3649,0.3951,94.0869,86.0,652,3605
META261016P00690000,META,2026-10-16,22,P,690.0,-11.24,777.402,5.5,5.75,5.625,5.77,4.4,0.4528,-0.1253,0.0024,-0.3982,0.3961,5.6348,14.9,296,719
META261016C00692500,META,2026-10-16,22,C,692.5,-10.92,777.402,89.65,93.45,91.55,84.7,4.2,0.4208,0.8688,0.0025,-0.3795,0.4092,91.3359,86.2,29,52
META261016P00692500,META,2026-10-16,22,P,692.5,-10.92,777.402,5.85,6.1,5.975,6.09,4.2,0.452,-0.1317,0.0025,-0.412,0.4099,5.9843,15.7,124,128
META261016C00695000,META,2026-10-16,22,C,695.0,-10.6,777.402,87.5,91.05,89.275,90.0,4.0,0.4174,0.8621,0.0026,-0.3942,0.4232,89.0633,85.7,20,2776
META261016P00695000,META,2026-10-16,22,P,695.0,-10.6,777.402,6.2,6.5,6.35,6.11,4.7,0.4513,-0.1384,0.0026,-0.426,0.4258,6.3553,16.4,152,680
META261016C00697500,META,2026-10-16,22,C,697.5,-10.28,777.402,84.9,89.3,87.1,68.85,5.1,0.4162,0.8552,0.0026,-0.409,0.4372,86.8887,84.9,2,251
META261016P00697500,META,2026-10-16,22,P,697.5,-10.28,777.402,6.6,6.85,6.725,6.7,3.7,0.4503,-0.1454,0.0027,-0.4401,0.4389,6.7312,17.2,71,196
META261016C00700000,META,2026-10-16,22,C,700.0,-9.96,777.402,85.45,86.85,86.15,86.37,1.6,0.4426,0.8481,0.0027,-0.424,0.4512,85.9137,82.5,6082,20005
META261016P00700000,META,2026-10-16,22,P,700.0,-9.96,777.402,7.05,7.25,7.15,7.15,2.8,0.4499,-0.1526,0.0028,-0.4543,0.4523,7.1518,18.0,5276,3381
META261016C00702500,META,2026-10-16,22,C,702.5,-9.63,777.402,80.85,85.3,83.075,85.67,5.4,0.4201,0.8407,0.0028,-0.439,0.4654,82.8627,83.0,1,110
META261016P00702500,META,2026-10-16,22,P,702.5,-9.63,777.402,7.4,7.7,7.55,7.65,4.0,0.4487,-0.16,0.0028,-0.4685,0.4663,7.5552,18.8,60,253
META261016C00705000,META,2026-10-16,22,C,705.0,-9.31,777.402,81.25,82.85,82.05,83.02,2.0,0.4425,0.833,0.0029,-0.454,0.4798,81.839,80.7,605,2117
META261016P00705000,META,2026-10-16,22,P,705.0,-9.31,777.402,7.9,8.15,8.025,8.02,3.1,0.4486,-0.1677,0.0029,-0.4827,0.481,8.0294,19.6,246,475
META261016C00710000,META,2026-10-16,22,C,710.0,-8.67,777.402,76.5,78.75,77.625,77.0,2.9,0.4321,0.8171,0.0031,-0.4839,0.5085,77.3397,79.5,1346,7218
META261016P00710000,META,2026-10-16,22,P,710.0,-8.67,777.402,8.8,9.15,8.975,9.15,3.9,0.447,-0.1838,0.0031,-0.5112,0.5111,8.9732,21.4,1796,1591
META261016C00715000,META,2026-10-16,22,C,715.0,-8.03,777.402,73.0,75.25,74.125,74.4,3.0,0.4343,0.8001,0.0033,-0.5136,0.5363,73.5365,77.5,694,1672
META261016P00715000,META,2026-10-16,22,P,715.0,-8.03,777.402,9.9,10.2,10.05,10.15,3.0,0.4462,-0.2009,0.0033,-0.5394,0.5374,10.0438,23.2,528,669
META261016C00720000,META,2026-10-16,22,C,720.0,-7.38,777.402,68.5,70.75,69.625,69.0,3.2,0.4287,0.7823,0.0035,-0.5426,0.5639,69.413,75.8,749,4751
META261016P00720000,META,2026-10-16,22,P,720.0,-7.38,777.402,11.05,11.4,11.225,11.25,3.1,0.4456,-0.2188,0.0035,-0.567,0.5651,11.2183,25.2,552,904
META261016C00725000,META,2026-10-16,22,C,725.0,-6.74,777.402,65.2,67.45,66.325,66.29,3.4,0.4361,0.7635,0.0036,-0.5709,0.5906,66.116,73.3,457,3834
META261016P00725000,META,2026-10-16,22,P,725.0,-6.74,777.402,12.25,12.55,12.4,12.42,2.4,0.4437,-0.2377,0.0036,-0.5937,0.593,12.4139,27.1,1015,1020
META261016C00730000,META,2026-10-16,22,C,730.0,-6.1,777.402,61.95,63.45,62.7,61.8,2.4,0.4357,0.744,0.0038,-0.598,0.6158,62.4907,71.1,534,4490
META261016P00730000,META,2026-10-16,22,P,730.0,-6.1,777.402,13.65,14.0,13.825,14.15,2.5,0.4435,-0.2574,0.0038,-0.6194,0.6169,13.8087,29.3,524,536
META261016C00735000,META,2026-10-16,22,C,735.0,-5.45,777.402,58.45,60.0,59.225,60.32,2.6,0.436,0.7237,0.004,-0.6238,0.64,59.0169,68.9,148,2107
META261016P00735000,META,2026-10-16,22,P,735.0,-5.45,777.402,15.1,15.4,15.25,15.65,2.0,0.4425,-0.2778,0.004,-0.6437,0.6412,15.2592,31.4,397,464
META261016C00740000,META,2026-10-16,22,C,740.0,-4.81,777.402,55.45,57.0,56.225,55.77,2.8,0.4418,0.7027,0.0041,-0.6479,0.6625,56.0196,66.4,287,4484
META261016P00740000,META,2026-10-16,22,P,740.0,-4.81,777.402,16.7,17.15,16.925,17.07,2.7,0.4428,-0.299,0.0041,-0.6664,0.6644,16.9018,33.7,2554,1815
META261016C00745000,META,2026-10-16,22,C,745.0,-4.17,777.402,52.3,53.15,52.725,54.15,1.6,0.4383,0.681,0.0042,-0.6702,0.6828,52.5276,64.2,171,856
META261016P00745000,META,2026-10-16,22,P,745.0,-4.17,777.402,18.4,18.9,18.65,18.85,2.7,0.4426,-0.3208,0.0042,-0.6872,0.6838,18.6247,36.0,444,514
META261016C00750000,META,2026-10-16,22,C,750.0,-3.52,777.402,49.3,49.95,49.625,49.45,1.3,0.439,0.6589,0.0043,-0.6904,0.7014,49.4319,61.8,5216,13388
META261016P00750000,META,2026-10-16,22,P,750.0,-3.52,777.402,20.3,20.7,20.5,20.45,2.0,0.4432,-0.3431,0.0044,-0.706,0.7023,20.5181,38.3,1568,2316
META261016C00755000,META,2026-10-16,22,C,755.0,-2.88,777.402,46.25,46.85,46.55,46.6,1.3,0.4383,0.6363,0.0044,-0.7083,0.7177,46.3559,59.5,291,3391
META261016P00755000,META,2026-10-16,22,P,755.0,-2.88,777.402,22.15,22.7,22.425,22.69,2.5,0.4418,-0.3659,0.0045,-0.7224,0.719,22.3867,40.6,290,278
META261016C00760000,META,2026-10-16,22,C,760.0,-2.24,777.402,43.45,43.95,43.7,42.9,1.1,0.4392,0.6133,0.0045,-0.7238,0.7314,43.5136,57.1,1732,6804
META261016P00760000,META,2026-10-16,22,P,760.0,-2.24,777.402,24.25,24.85,24.55,25.13,2.4,0.4422,-0.389,0.0046,-0.7365,0.732,24.5008,43.0,1626,471
META261016C00765000,META,2026-10-16,22,C,765.0,-1.6,777.402,40.55,41.2,40.875,40.77,1.6,0.4387,0.5901,0.0046,-0.7368,0.7428,40.6892,54.7,7600,13695
META261016P00765000,META,2026-10-16,22,P,765.0,-1.6,777.402,26.5,27.05,26.775,27.6,2.1,0.4425,-0.4124,0.0046,-0.7482,0.7432,26.7272,45.4,2265,181
META261016C00770000,META,2026-10-16,22,C,770.0,-0.95,777.402,37.95,38.55,38.25,37.0,1.6,0.4393,0.5667,0.0046,-0.7472,0.7515,38.0663,52.3,1534,5817
META261016P00770000,META,2026-10-16,22,P,770.0,-0.95,777.402,28.85,29.4,29.125,29.45,1.9,0.4427,-0.436,0.0047,-0.757,0.7519,29.0655,47.8,567,104
META261016C00775000,META,2026-10-16,22,C,775.0,-0.31,777.402,35.45,35.95,35.7,35.7,1.4,0.4394,0.5433,0.0047,-0.7549,0.7576,35.526,49.9,16423,19440
META261016P00775000,META,2026-10-16,22,P,775.0,-0.31,777.402,31.3,31.95,31.625,31.89,2.1,0.4434,-0.4596,0.0047,-0.7634,0.7576,31.5606,50.2,282,136
META261016C00780000,META,2026-10-16,22,C,780.0,0.33,777.402,33.05,33.6,33.325,33.17,1.7,0.4395,0.5199,0.0047,-0.76,0.7612,33.1048,47.5,1147,6255
META261016P00780000,META,2026-10-16,22,P,780.0,0.33,777.402,33.9,34.6,34.25,35.05,2.0,0.4441,-0.4833,0.0048,-0.767,0.7608,34.1744,52.5,349,105
META261016C00785000,META,2026-10-16,22,C,785.0,0.98,777.402,31.0,31.25,31.125,30.85,0.8,0.4417,0.4966,0.0047,-0.7623,0.7621,30.9614,45.2,762,620
META261016P00785000,META,2026-10-16,22,P,785.0,0.98,777.402,36.65,37.3,36.975,37.4,1.8,0.4446,-0.5068,0.0048,-0.7678,0.7611,36.8899,54.8,72,82
META261016C00790000,META,2026-10-16,22,C,790.0,1.62,777.402,28.6,29.1,28.85,28.1,1.7,0.4407,0.4736,0.0047,-0.762,0.7605,28.6907,42.8,741,2042
META261016P00790000,META,2026-10-16,22,P,790.0,1.62,777.402,39.4,40.1,39.75,38.77,1.8,0.4442,-0.5301,0.0047,-0.7662,0.7594,39.6522,57.1,27,351
META261016C00795000,META,2026-10-16,22,C,795.0,2.26,777.402,26.65,27.15,26.9,26.7,1.9,0.4418,0.4508,0.0047,-0.7592,0.7564,26.6938,40.6,347,515
META261016P00795000,META,2026-10-16,22,P,795.0,2.26,777.402,42.4,43.15,42.775,41.82,1.8,0.4456,-0.5531,0.0047,-0.7621,0.7546,42.6643,59.4,47,80
META261016C00800000,META,2026-10-16,22,C,800.0,2.91,777.402,24.9,25.15,25.025,24.75,1.0,0.4438,0.4284,0.0046,-0.754,0.7499,24.875,38.4,6106,17134
META261016P00800000,META,2026-10-16,22,P,800.0,2.91,777.402,45.4,46.25,45.825,44.67,1.9,0.4459,-0.5757,0.0047,-0.7552,0.7468,45.7037,61.6,185,640
META261016C00805000,META,2026-10-16,22,C,805.0,3.55,777.402,23.1,23.35,23.225,23.8,1.1,0.4448,0.4064,0.0046,-0.7464,0.7414,23.0884,36.2,352,3282
META261016P00805000,META,2026-10-16,22,P,805.0,3.55,777.402,48.45,49.7,49.075,53.2,2.5,0.4474,-0.5979,0.0046,-0.7463,0.7386,48.9402,63.7,26,77
META261016C00810000,META,2026-10-16,22,C,810.0,4.19,777.402,21.4,21.65,21.525,21.62,1.2,0.4456,0.385,0.0045,-0.7366,0.7306,21.3916,34.2,606,3502
META261016P00810000,META,2026-10-16,22,P,810.0,4.19,777.402,52.0,52.55,52.275,53.35,1.1,0.4468,-0.6197,0.0045,-0.7353,0.7266,52.1265,65.8,18,63
META261016C00815000,META,2026-10-16,22,C,815.0,4.84,777.402,19.8,20.0,19.9,19.45,1.0,0.4461,0.3641,0.0044,-0.7248,0.7178,19.7747,32.1,300,5561
META261016P00815000,META,2026-10-16,22,P,815.0,4.84,777.402,55.05,56.5,55.775,56.8,2.6,0.4489,-0.6408,0.0044,-0.722,0.7115,55.6104,67.8,23,43
META261016C00820000,META,2026-10-16,22,C,820.0,5.48,777.402,18.3,18.6,18.45,18.37,1.6,0.4473,0.3438,0.0043,-0.7112,0.7036,18.3054,30.2,7024,11658
META261016P00820000,META,2026-10-16,22,P,820.0,5.48,777.402,58.45,59.95,59.2,63.5,2.5,0.4486,-0.6614,0.0044,-0.707,0.6987,59.0199,69.8,5,94
META261016C00825000,META,2026-10-16,22,C,825.0,6.12,777.402,16.75,17.15,16.95,17.0,2.4,0.4468,0.3241,0.0042,-0.6959,0.6877,16.8127,28.3,19784,5506
META261016P00825000,META,2026-10-16,22,P,825.0,6.12,777.402,62.35,63.55,62.95,63.14,1.9,0.4516,-0.6813,0.0042,-0.6905,0.6815,62.7526,71.6,51,44
META261016C00830000,META,2026-10-16,22,C,830.0,6.77,777.402,15.4,15.85,15.625,15.5,2.9,0.4479,0.3052,0.0041,-0.6792,0.6702,15.5215,26.5,1146,6982
META261016P00830000,META,2026-10-16,22,P,830.0,6.77,777.402,66.05,68.3,67.175,71.37,3.3,0.4605,-0.7006,0.0041,-0.6723,0.6614,66.9633,73.0,7,44
META261016C00835000,META,2026-10-16,22,C,835.0,7.41,777.402,14.1,14.6,14.35,14.35,3.5,0.448,0.2869,0.004,-0.6611,0.6517,14.2509,24.7,260,2050
META261016P00835000,META,2026-10-16,22,P,835.0,7.41,777.402,69.75,72.45,71.1,93.4,3.8,0.4638,-0.7191,0.004,-0.6528,0.6437,70.866,74.6,0,104
META261016C00840000,META,2026-10-16,22,C,840.0,8.05,777.402,13.05,13.5,13.275,13.31,3.4,0.45,0.2694,0.0038,-0.642,0.6324,13.1848,23.1,361,1174
META261016P00840000,META,2026-10-16,22,P,840.0,8.05,777.402,73.75,76.4,75.075,78.15,3.5,0.4668,-0.7369,0.0039,-0.6325,0.6239,74.8217,76.2,14,122
META261016C00845000,META,2026-10-16,22,C,845.0,8.7,777.402,11.95,12.5,12.225,12.13,4.5,0.4503,0.2526,0.0037,-0.6219,0.6119,12.0893,21.5,95,270
META261016P00845000,META,2026-10-16,22,P,845.0,8.7,777.402,77.6,80.45,79.025,82.0,3.6,0.4683,-0.754,0.0038,-0.6112,0.6018,78.7535,77.7,2,0
META261016C00850000,META,2026-10-16,22,C,850.0,9.34,777.402,11.15,11.45,11.3,11.24,2.7,0.4527,0.2366,0.0036,-0.6011,0.5907,11.1932,20.1,1624,3721
META261016P00850000,META,2026-10-16,22,P,850.0,9.34,777.402,81.5,84.35,82.925,90.7,3.4,0.4677,-0.7703,0.0036,-0.589,0.5774,82.6305,79.2,2,4
META261016C00855000,META,2026-10-16,22,C,855.0,9.98,777.402,10.15,10.5,10.325,10.2,3.4,0.4531,0.2214,0.0034,-0.5798,0.5694,10.2484,18.7,103,389
META261016P00855000,META,2026-10-16,22,P,855.0,9.98,777.402,85.5,88.6,87.05,90.75,3.6,0.4696,-0.7859,0.0035,-0.5664,0.557,86.7271,80.6,2,3
META261016C00860000,META,2026-10-16,22,C,860.0,10.62,777.402,9.35,9.8,9.575,9.45,4.7,0.456,0.2068,0.0033,-0.558,0.5477,9.5074,17.5,342,3793
META261016P00860000,META,2026-10-16,22,P,860.0,10.62,777.402,89.6,92.9,91.25,198.0,3.6,0.4719,-0.8007,0.0034,-0.5434,0.5332,90.9076,81.8,0,1
META261016C00865000,META,2026-10-16,22,C,865.0,11.27,777.402,8.5,8.9,8.7,9.05,4.6,0.4549,0.1931,0.0031,-0.536,0.5254,8.6125,16.1,55,442
META261016P00865000,META,2026-10-16,22,P,865.0,11.27,777.402,92.95,97.8,95.375,125.4,5.1,0.4716,-0.8148,0.0032,-0.5202,0.5089,95.0054,83.1,0,1
META261016C00870000,META,2026-10-16,22,C,870.0,11.91,777.402,7.85,8.15,8.0,7.9,3.8,0.457,0.18,0.003,-0.5139,0.5033,7.9443,15.0,463,1144
META261016P00870000,META,2026-10-16,22,P,870.0,11.91,777.402,97.45,102.05,99.75,0.0,4.6,0.4749,-0.8281,0.0031,-0.4968,0.4867,99.3518,84.2,0,0
META261016C00875000,META,2026-10-16,22,C,875.0,12.55,777.402,7.2,7.5,7.35,7.08,4.1,0.4585,0.1677,0.0028,-0.4919,0.4816,7.2977,13.9,355,507
META261016P00875000,META,2026-10-16,22,P,875.0,12.55,777.402,101.85,106.35,104.1,0.0,4.3,0.4768,-0.8408,0.0029,-0.4734,0.4631,103.6745,85.3,0,0
META261016C00880000,META,2026-10-16,22,C,880.0,13.2,777.402,6.5,6.85,6.675,6.78,5.2,0.4584,0.1561,0.0027,-0.47,0.4598,6.6281,12.8,70,579
META261016P00880000,META,2026-10-16,22,P,880.0,13.2,777.402,106.55,110.35,108.45,114.16,3.5,0.4776,-0.8528,0.0028,-0.4501,0.4389,107.9931,86.3,1,0
META261016C00885000,META,2026-10-16,22,C,885.0,13.84,777.402,5.9,6.3,6.1,5.95,6.6,0.4588,0.1452,0.0026,-0.4483,0.438,6.033,11.8,144,556
META261016P00885000,META,2026-10-16,22,P,885.0,13.84,777.402,110.65,115.4,113.025,0.0,4.2,0.4824,-0.864,0.0027,-0.4271,0.4135,112.5423,87.1,0,0
META261016C00890000,META,2026-10-16,22,C,890.0,14.48,777.402,5.45,5.75,5.6,5.57,5.4,0.461,0.1349,0.0024,-0.427,0.4169,5.5588,10.9,182,291
META261016P00890000,META,2026-10-16,22,P,890.0,14.48,777.402,115.1,120.35,117.725,232.3,4.5,0.4895,-0.8746,0.0025,-0.4045,0.3947,117.2239,87.8,0,0
META261016C00895000,META,2026-10-16,22,C,895.0,15.13,777.402,4.95,5.3,5.125,5.11,6.8,0.4624,0.1252,0.0023,-0.406,0.3965,5.0905,10.1,28,194
META261016P00895000,META,2026-10-16,22,P,895.0,15.13,777.402,119.6,124.55,122.075,0.0,4.1,0.4871,-0.8846,0.0024,-0.3818,0.3712,121.5266,88.8,0,0
META261016C00900000,META,2026-10-16,22,C,900.0,15.77,777.402,4.6,4.8,4.7,4.7,4.3,0.464,0.1162,0.0022,-0.3856,0.3762,4.6669,9.3,20818,12779
META261016P00900000,META,2026-10-16,22,P,900.0,15.77,777.402,124.5,129.55,127.025,125.0,4.0,0.4992,-0.8939,0.0023,-0.3597,0.3483,126.4662,89.2,3,37
META261016C00905000,META,2026-10-16,22,C,905.0,16.41,777.402,4.15,4.45,4.3,4.55,7.0,0.4654,0.1078,0.0021,-0.3658,0.3564,4.2704,8.6,67,420
META261016P00905000,META,2026-10-16,22,P,905.0,16.41,777.402,128.85,134.05,131.45,0.0,4.0,0.4971,-0.9027,0.0022,-0.3382,0.3254,130.8539,90.1,0,0
META261016C00910000,META,2026-10-16,22,C,910.0,17.06,777.402,3.8,4.05,3.925,3.96,6.4,0.4666,0.0999,0.002,-0.3465,0.3374,3.8995,7.9,102,307
META261016P00910000,META,2026-10-16,22,P,910.0,17.06,777.402,133.45,138.7,136.075,163.8,3.9,0.4992,-0.9108,0.002,-0.3172,0.3083,135.4439,90.8,0,8
META261016C00915000,META,2026-10-16,22,C,915.0,17.7,777.402,3.4,3.7,3.55,3.45,8.5,0.4668,0.0925,0.0018,-0.3279,0.3193,3.5283,7.2,56,486
META261016P00915000,META,2026-10-16,22,P,915.0,17.7,777.402,138.1,143.6,140.85,147.85,3.9,0.505,-0.9185,0.0019,-0.2961,0.2866,140.194,91.3,14,0
META261016C00920000,META,2026-10-16,22,C,920.0,18.34,777.402,3.1,3.4,3.25,3.35,9.2,0.4685,0.0856,0.0017,-0.3099,0.3016,3.2326,6.7,254,287
META261016P00920000,META,2026-10-16,22,P,920.0,18.34,777.402,142.75,148.05,145.4,163.2,3.6,0.5029,-0.9256,0.0018,-0.2756,0.2667,144.6926,92.0,5,0
META261016C00925000,META,2026-10-16,22,C,925.0,18.99,777.402,2.94,3.1,3.02,3.2,5.3,0.4717,0.0792,0.0016,-0.2926,0.2844,3.0026,6.2,54,155
META261016P00925000,META,2026-10-16,22,P,925.0,18.99,777.402,147.45,152.8,150.125,0.0,3.6,0.5057,-0.9322,0.0017,-0.2559,0.2472,149.3873,92.5,0,0
META261016C00930000,META,2026-10-16,22,C,930.0,19.63,777.402,2.63,2.83,2.73,2.64,7.3,0.472,0.0733,0.0015,-0.276,0.2681,2.715,5.7,125,494
META261016P00930000,META,2026-10-16,22,P,930.0,19.63,777.402,152.15,157.8,154.975,285.91,3.6,0.512,-0.9384,0.0016,-0.2367,0.2305,154.2105,92.9,0,0
META261016C00935000,META,2026-10-16,22,C,935.0,20.27,777.402,2.45,2.65,2.55,2.5,7.8,0.4758,0.0677,0.0014,-0.2601,0.2527,2.5383,5.3,43,80
META261016P00935000,META,2026-10-16,22,P,935.0,20.27,777.402,156.9,162.35,159.625,0.0,3.4,0.5104,-0.944,0.0015,-0.2176,0.214,158.8128,93.5,0,0
META261016C00940000,META,2026-10-16,22,C,940.0,20.92,777.402,2.15,2.37,2.26,2.32,9.7,0.4743,0.0625,0.0013,-0.2444,0.2374,2.2523,4.8,10,150
META261016P00940000,META,2026-10-16,22,P,940.0,20.92,777.402,161.75,167.2,164.475,0.0,3.3,0.5155,-0.9497,0.0014,-0.1991,0.1985,163.6316,93.9,0,0
META261016C00945000,META,2026-10-16,22,C,945.0,21.56,777.402,1.96,2.16,2.06,2.12,9.7,0.4758,0.0577,0.0013,-0.23,0.2231,2.0579,4.4,59,24
META261016P00945000,META,2026-10-16,22,P,945.0,21.56,777.402,166.6,172.05,169.325,0.0,3.2,0.5202,-0.955,0.0014,-0.1808,0.1791,168.4513,94.2,0,0
META261016C00950000,META,2026-10-16,22,C,950.0,22.2,777.402,1.84,1.98,1.91,1.94,7.3,0.4785,0.0533,0.0012,-0.2162,0.2095,1.9042,4.0,413,1036
META261016P00950000,META,2026-10-16,22,P,950.0,22.2,777.402,171.45,177.55,174.5,196.76,3.5,0.5384,-0.9597,0.0013,-0.1633,0.165,173.6404,94.1,0,3
META261016C00955000,META,2026-10-16,22,C,955.0,22.85,777.402,1.61,1.86,1.735,1.71,14.4,0.4795,0.0493,0.0011,-0.2035,0.1972,1.7306,3.7,11,71
META261016P00955000,META,2026-10-16,22,P,955.0,22.85,777.402,176.3,182.05,179.175,0.0,3.2,0.535,-0.9642,0.0013,-0.1462,0.1543,178.2594,94.7,0,0
META261016C00960000,META,2026-10-16,22,C,960.0,23.49,777.402,1.49,1.66,1.575,1.68,10.8,0.4805,0.0454,0.001,-0.1907,0.1848,1.5722,3.4,53,108
META261016P00960000,META,2026-10-16,22,P,960.0,23.49,777.402,181.2,186.75,183.975,289.9,3.0,0.5362,-0.9684,0.0012,-0.1328,0.1368,183.0209,95.1,0,0
META261016C00965000,META,2026-10-16,22,C,965.0,24.13,777.402,1.39,1.52,1.455,1.44,8.9,0.4833,0.0419,0.001,-0.1789,0.1733,1.4577,3.1,34,211
META261016P00965000,META,2026-10-16,22,P,965.0,24.13,777.402,186.1,191.9,189.0,0.0,3.1,0.5478,-0.9728,0.0012,-0.1296,0.1114,188.0419,95.1,0,0
META261016C00970000,META,2026-10-16,22,C,970.0,24.77,777.402,1.24,1.39,1.315,1.23,11.4,0.4836,0.0387,0.0009,-0.1677,0.1623,1.3133,2.8,48,363
META261016P00970000,META,2026-10-16,22,P,970.0,24.77,777.402,191.05,196.6,193.825,311.25,2.9,0.5491,-0.9768,0.0011,-0.1242,0.0992,192.8254,95.5,0,0
META261023C00585000,META,2026-10-23,29,C,585.0,-24.75,777.402,191.05,198.45,194.75,183.29,3.8,0.4487,0.9818,0.0004,-0.0028,0.0986,194.5947,98.6,1,12
META261023P00585000,META,2026-10-23,29,P,585.0,-24.75,777.402,0.7,0.78,0.74,0.78,10.8,0.5029,-0.0181,0.0004,-0.0802,0.0991,0.7494,2.5,98,89
META261023C00590000,META,2026-10-23,29,C,590.0,-24.11,777.402,186.05,193.55,189.8,176.05,4.0,0.4422,0.9799,0.0004,-0.0112,0.1075,189.6425,98.5,0,10
META261023P00590000,META,2026-10-23,29,P,590.0,-24.11,777.402,0.78,0.99,0.885,0.8,23.7,0.5039,-0.02,0.0004,-0.0868,0.1078,0.8949,2.9,59,133
META261023C00595000,META,2026-10-23,29,C,595.0,-23.46,777.402,181.4,188.65,185.025,90.13,3.9,0.4585,0.9778,0.0005,-0.0203,0.1172,184.8667,97.9,0,5
META261023P00595000,META,2026-10-23,29,P,595.0,-23.46,777.402,0.82,1.14,0.98,0.91,32.7,0.499,-0.0221,0.0005,-0.0939,0.1175,0.9907,3.2,10,320
META261023C00600000,META,2026-10-23,29,C,600.0,-22.82,777.402,176.5,182.5,179.5,178.62,3.3,0.3089,0.9754,0.0005,-0.03,0.1276,179.3276,99.9,3,106
META261023P00600000,META,2026-10-23,29,P,600.0,-22.82,777.402,0.9,1.13,1.015,1.05,22.7,0.4885,-0.0245,0.0005,-0.1016,0.1285,1.0246,3.3,232,518
META261023C00605000,META,2026-10-23,29,C,605.0,-22.18,777.402,171.65,178.95,175.3,76.22,4.2,0.4578,0.9727,0.0006,-0.0403,0.139,175.1382,97.1,0,8
META261023P00605000,META,2026-10-23,29,P,605.0,-22.18,777.402,0.93,1.28,1.105,1.12,31.7,0.4822,-0.0272,0.0006,-0.1101,0.1399,1.1153,3.6,17,171
META261023C00610000,META,2026-10-23,29,C,610.0,-21.53,777.402,166.8,174.1,170.45,135.14,4.3,0.4561,0.9698,0.0006,-0.0513,0.1516,170.2857,96.8,0,32
META261023P00610000,META,2026-10-23,29,P,610.0,-21.53,777.402,1.07,1.5,1.285,1.12,33.5,0.4814,-0.0302,0.0006,-0.1192,0.1522,1.2947,4.1,47,278
META261023C00615000,META,2026-10-23,29,C,615.0,-20.89,777.402,161.9,169.25,165.575,160.0,4.4,0.4513,0.9665,0.0007,-0.0632,0.1652,165.4087,96.4,1,24
META261023P00615000,META,2026-10-23,29,P,615.0,-20.89,777.402,1.23,1.54,1.385,1.41,22.4,0.4743,-0.0335,0.0007,-0.1291,0.1657,1.3949,4.4,25,415
META261023C00620000,META,2026-10-23,29,C,620.0,-20.25,777.402,156.95,163.25,160.1,137.8,3.9,0.3951,0.9628,0.0008,-0.0758,0.1798,159.9259,97.7,0,75
META261023P00620000,META,2026-10-23,29,P,620.0,-20.25,777.402,1.5,1.85,1.675,1.63,20.9,0.4775,-0.0372,0.0008,-0.1398,0.1812,1.6846,5.1,67,457
META261023C00625000,META,2026-10-23,29,C,625.0,-19.6,777.402,152.55,159.65,156.1,128.0,4.5,0.4559,0.9588,0.0008,-0.0892,0.1955,155.9297,95.1,0,71
META261023P00625000,META,2026-10-23,29,P,625.0,-19.6,777.402,1.6,2.03,1.815,1.75,23.7,0.4709,-0.0413,0.0009,-0.1514,0.1966,1.8231,5.5,20,109
META261023C00630000,META,2026-10-23,29,C,630.0,-18.96,777.402,147.85,154.2,151.025,150.84,4.2,0.437,0.9543,0.0009,-0.1035,0.2127,150.8522,95.3,2,467
META261023P00630000,META,2026-10-23,29,P,630.0,-18.96,777.402,2.0,2.15,2.075,1.98,7.2,0.4695,-0.0458,0.0009,-0.1638,0.2134,2.0825,6.1,99,224
META261023C00635000,META,2026-10-23,29,C,635.0,-18.32,777.402,142.85,150.15,146.5,128.14,5.0,0.4472,0.9493,0.001,-0.1186,0.231,146.3266,94.1,1,94
META261023P00635000,META,2026-10-23,29,P,635.0,-18.32,777.402,2.15,2.41,2.28,2.3,11.4,0.4645,-0.0508,0.001,-0.1771,0.2317,2.2887,6.6,163,208
META261023C00640000,META,2026-10-23,29,C,640.0,-17.67,777.402,138.1,144.25,141.175,140.0,4.4,0.4161,0.9438,0.0011,-0.1347,0.2503,140.9961,94.8,2,225
META261023P00640000,META,2026-10-23,29,P,640.0,-17.67,777.402,2.42,2.73,2.575,2.37,12.0,0.4624,-0.0564,0.0011,-0.1913,0.2525,2.586,7.3,152,260
META261023C00645000,META,2026-10-23,29,C,645.0,-17.03,777.402,133.75,139.75,136.75,133.0,4.4,0.4288,0.9378,0.0012,-0.1516,0.271,136.5715,93.5,4,151
META261023P00645000,META,2026-10-23,29,P,645.0,-17.03,777.402,2.73,3.05,2.89,2.76,11.1,0.4595,-0.0624,0.0012,-0.2064,0.2723,2.8938,8.1,224,163
META261023C00650000,META,2026-10-23,29,C,650.0,-16.39,777.402,129.45,134.55,132.0,133.76,3.9,0.4242,0.9312,0.0013,-0.1695,0.2933,131.8183,92.8,9,193
META261023P00650000,META,2026-10-23,29,P,650.0,-16.39,777.402,3.05,3.4,3.225,3.15,10.9,0.4565,-0.0691,0.0013,-0.2224,0.2942,3.2299,8.8,370,393
META261023C00655000,META,2026-10-23,29,C,655.0,-15.75,777.402,124.2,130.15,127.175,127.42,4.7,0.416,0.9239,0.0014,-0.1882,0.3164,126.9924,92.4,3,148
META261023P00655000,META,2026-10-23,29,P,655.0,-15.75,777.402,3.45,3.75,3.6,3.55,8.3,0.4539,-0.0762,0.0014,-0.2389,0.318,3.6119,9.7,209,240
META261023C00660000,META,2026-10-23,29,C,660.0,-15.1,777.402,119.85,125.95,122.9,101.96,5.0,0.4262,0.916,0.0016,-0.2077,0.3405,122.7178,90.8,0,452
META261023P00660000,META,2026-10-23,29,P,660.0,-15.1,777.402,3.85,4.2,4.025,3.97,8.7,0.4511,-0.0844,0.0016,-0.2569,0.3425,4.0251,10.6,232,292
META261023C00665000,META,2026-10-23,29,C,665.0,-14.46,777.402,115.0,121.05,118.025,100.78,5.1,0.4146,0.9074,0.0017,-0.228,0.3662,117.8398,90.4,2,150
META261023P00665000,META,2026-10-23,29,P,665.0,-14.46,777.402,4.3,4.75,4.525,4.7,9.9,0.4496,-0.093,0.0017,-0.2754,0.3676,4.5254,11.6,80,230
META261023C00670000,META,2026-10-23,29,C,670.0,-13.82,777.402,111.85,116.55,114.2,110.54,4.1,0.4327,0.8982,0.0018,-0.249,0.3928,114.0139,88.2,2,279
META261023P00670000,META,2026-10-23,29,P,670.0,-13.82,777.402,4.8,5.3,5.05,5.05,9.9,0.4474,-0.1024,0.0018,-0.2946,0.3941,5.0478,12.7,322,251
META261023C00675000,META,2026-10-23,29,C,675.0,-13.17,777.402,107.2,111.5,109.35,104.68,3.9,0.4203,0.8881,0.002,-0.2707,0.4199,109.1605,87.7,4,174
META261023P00675000,META,2026-10-23,29,P,675.0,-13.17,777.402,5.45,5.9,5.675,5.5,7.9,0.4464,-0.1125,0.002,-0.3145,0.4228,5.6695,13.9,123,268
META261023C00680000,META,2026-10-23,29,C,680.0,-12.53,777.402,103.55,107.65,105.6,105.13,3.9,0.4341,0.8773,0.0021,-0.2929,0.448,105.4104,85.5,34,485
META261023P00680000,META,2026-10-23,29,P,680.0,-12.53,777.402,6.1,6.5,6.3,6.29,6.3,0.4444,-0.1232,0.0021,-0.3345,0.4493,6.3056,15.1,172,297
META261023C00685000,META,2026-10-23,29,C,685.0,-11.89,777.402,98.75,103.35,101.05,101.0,4.6,0.4271,0.8657,0.0022,-0.3156,0.4771,100.8596,84.5,8,98
META261023P00685000,META,2026-10-23,29,P,685.0,-11.89,777.402,6.7,7.3,7.0,6.94,8.6,0.4425,-0.1348,0.0022,-0.3554,0.478,7.0033,16.4,50,155
META261023C00690000,META,2026-10-23,29,C,690.0,-11.24,777.402,94.5,99.15,96.825,91.0,4.8,0.4261,0.8534,0.0024,-0.3386,0.506,96.6332,83.1,16,218
META261023P00690000,META,2026-10-23,29,P,690.0,-11.24,777.402,7.6,8.05,7.825,8.03,5.8,0.442,-0.1475,0.0024,-0.377,0.5098,7.8326,17.9,94,168
META261023C00695000,META,2026-10-23,29,C,695.0,-10.6,777.402,90.9,95.0,92.95,87.19,4.4,0.4305,0.8402,0.0025,-0.3617,0.5352,92.7581,81.3,38,110
META261023P00695000,META,2026-10-23,29,P,695.0,-10.6,777.402,8.4,8.85,8.625,8.4,5.2,0.4394,-0.1605,0.0026,-0.398,0.5369,8.6222,19.3,125,95
META261023C00700000,META,2026-10-23,29,C,700.0,-9.96,777.402,87.05,91.45,89.25,89.01,4.9,0.4361,0.8263,0.0027,-0.3849,0.565,89.0595,79.3,45,1209
META261023P00700000,META,2026-10-23,29,P,700.0,-9.96,777.402,9.25,9.8,9.525,9.5,5.8,0.4376,-0.1745,0.0027,-0.4194,0.5661,9.5208,20.8,329,1951
META261023C00705000,META,2026-10-23,29,C,705.0,-9.31,777.402,82.6,86.55,84.575,85.75,4.7,0.423,0.8116,0.0028,-0.408,0.5941,84.3803,78.4,17,124
META261023P00705000,META,2026-10-23,29,P,705.0,-9.31,777.402,10.3,10.85,10.575,10.73,5.2,0.4371,-0.1893,0.0028,-0.4407,0.598,10.5683,22.4,70,140
META261023C00710000,META,2026-10-23,29,C,710.0,-8.67,777.402,78.65,83.25,80.95,76.54,5.7,0.427,0.7961,0.003,-0.4308,0.6227,80.7599,76.4,19,299
META261023P00710000,META,2026-10-23,29,P,710.0,-8.67,777.402,11.4,12.05,11.725,11.51,5.5,0.4368,-0.2049,0.003,-0.4618,0.6248,11.7112,24.2,52,120
META261023C00715000,META,2026-10-23,29,C,715.0,-8.03,777.402,74.25,78.75,76.5,73.8,5.9,0.4162,0.7799,0.0031,-0.4532,0.6513,76.3058,75.2,16,131
META261023P00715000,META,2026-10-23,29,P,715.0,-8.03,777.402,12.55,13.35,12.95,13.25,6.2,0.4364,-0.2213,0.0031,-0.4824,0.6526,12.9347,26.0,31,75
META261023C00720000,META,2026-10-23,29,C,720.0,-7.38,777.402,71.95,74.85,73.4,74.2,4.0,0.4252,0.763,0.0032,-0.4749,0.6787,73.2053,72.8,30,357
META261023P00720000,META,2026-10-23,29,P,720.0,-7.38,777.402,13.85,14.6,14.225,14.5,5.3,0.4354,-0.2383,0.0033,-0.5025,0.6802,14.2071,27.8,122,146
META261023C00725000,META,2026-10-23,29,C,725.0,-6.74,777.402,70.0,71.5,70.75,70.47,2.1,0.4385,0.7454,0.0034,-0.4959,0.7047,70.5604,70.1,172,361
META261023P00725000,META,2026-10-23,29,P,725.0,-6.74,777.402,15.25,16.0,15.625,15.79,4.8,0.4344,-0.2564,0.0034,-0.522,0.7073,15.5687,29.6,49,359
META261023C00730000,META,2026-10-23,29,C,730.0,-6.1,777.402,65.8,67.8,66.8,66.67,3.0,0.4313,0.7273,0.0035,-0.516,0.7298,66.5874,68.5,34,187
META261023P00730000,META,2026-10-23,29,P,730.0,-6.1,777.402,16.7,17.5,17.1,17.15,4.7,0.4336,-0.2747,0.0035,-0.5404,0.7318,17.0367,31.6,92,111
META261023C00735000,META,2026-10-23,29,C,735.0,-5.45,777.402,61.45,64.75,63.1,63.36,5.2,0.4272,0.7085,0.0036,-0.535,0.7535,62.9134,66.7,24,226
META261023P00735000,META,2026-10-23,29,P,735.0,-5.45,777.402,18.3,19.1,18.7,18.39,4.3,0.4336,-0.2932,0.0036,-0.5574,0.7547,18.6604,33.6,27,75
META261023C00740000,META,2026-10-23,29,C,740.0,-4.81,777.402,58.0,61.6,59.8,60.76,6.0,0.4269,0.6893,0.0037,-0.5527,0.7751,59.6166,64.7,217,435
META261023P00740000,META,2026-10-23,29,P,740.0,-4.81,777.402,19.95,20.4,20.175,21.0,2.2,0.4303,-0.3126,0.0038,-0.5734,0.7774,20.1296,35.5,122,134
META261023C00745000,META,2026-10-23,29,C,745.0,-4.17,777.402,55.05,57.55,56.3,57.95,4.4,0.4227,0.6696,0.0038,-0.5691,0.795,56.1134,62.7,30,167
META261023P00745000,META,2026-10-23,29,P,745.0,-4.17,777.402,21.8,22.75,22.275,22.66,4.3,0.4337,-0.3325,0.0039,-0.5881,0.7964,22.2206,37.7,86,348
META261023C00750000,META,2026-10-23,29,C,750.0,-3.52,777.402,52.25,54.25,53.25,53.0,3.8,0.423,0.6495,0.0039,-0.5841,0.8132,53.0651,60.6,120,492
META261023P00750000,META,2026-10-23,29,P,750.0,-3.52,777.402,23.65,24.35,24.0,24.5,2.9,0.4311,-0.3527,0.004,-0.6014,0.8142,23.9409,39.7,327,283
META261023C00755000,META,2026-10-23,29,C,755.0,-2.88,777.402,49.4,51.95,50.675,50.05,5.0,0.4278,0.6292,0.004,-0.5974,0.8288,50.4975,58.3,99,211
META261023P00755000,META,2026-10-23,29,P,755.0,-2.88,777.402,25.85,26.65,26.25,26.73,3.0,0.4336,-0.3733,0.004,-0.613,0.8308,26.1804,41.9,81,26
META261023C00760000,META,2026-10-23,29,C,760.0,-2.24,777.402,46.55,48.9,47.725,47.13,4.9,0.4266,0.6086,0.004,-0.6091,0.8423,47.5463,56.1,323,983
META261023P00760000,META,2026-10-23,29,P,760.0,-2.24,777.402,27.9,28.85,28.375,29.0,3.3,0.4333,-0.3941,0.0041,-0.623,0.8433,28.2969,44.0,177,80
META261023C00765000,META,2026-10-23,29,C,765.0,-1.6,777.402,44.1,46.25,45.175,45.0,4.8,0.429,0.5878,0.0041,-0.6191,0.8537,45.0066,53.9,129,299
META261023P00765000,META,2026-10-23,29,P,765.0,-1.6,777.402,30.15,31.15,30.65,30.35,3.3,0.4335,-0.415,0.0042,-0.6314,0.8541,30.5613,46.2,237,10
META261023C00770000,META,2026-10-23,29,C,770.0,-0.95,777.402,41.6,43.5,42.55,42.33,4.5,0.4291,0.5669,0.0042,-0.6273,0.8625,42.3805,51.8,340,359
META261023P00770000,META,2026-10-23,29,P,770.0,-0.95,777.402,32.55,33.5,33.025,33.15,2.9,0.4337,-0.4361,0.0042,-0.638,0.8631,32.9319,48.3,467,1
META261023C00775000,META,2026-10-23,29,C,775.0,-0.31,777.402,39.5,40.6,40.05,39.75,2.7,0.4295,0.5461,0.0042,-0.6338,0.8689,39.8871,49.7,124,450
META261023P00775000,META,2026-10-23,29,P,775.0,-0.31,777.402,34.9,36.0,35.45,35.3,3.1,0.4331,-0.4572,0.0042,-0.6427,0.8689,35.3388,50.4,228,4
META261023C00780000,META,2026-10-23,29,C,780.0,0.33,777.402,37.2,38.15,37.675,37.18,2.5,0.4301,0.5252,0.0042,-0.6384,0.873,37.5176,47.5,423,435
META261023P00780000,META,2026-10-23,29,P,780.0,0.33,777.402,37.55,38.65,38.1,39.0,2.9,0.434,-0.4783,0.0042,-0.6457,0.8724,37.981,52.5,206,1
META261023C00785000,META,2026-10-23,29,C,785.0,0.98,777.402,34.95,35.9,35.425,36.12,2.7,0.4309,0.5045,0.0042,-0.6413,0.8747,35.2708,45.4,99,732
META261023P00785000,META,2026-10-23,29,P,785.0,0.98,777.402,40.15,41.65,40.9,47.97,3.7,0.4354,-0.4992,0.0042,-0.647,0.8738,40.7713,54.6,3,9
META261023C00790000,META,2026-10-23,29,C,790.0,1.62,777.402,32.8,33.7,33.25,34.07,2.7,0.4311,0.4839,0.0042,-0.6424,0.8741,33.0752,43.4,98,199
META261023P00790000,META,2026-10-23,29,P,790.0,1.62,777.402,42.95,44.6,43.775,50.65,3.8,0.4364,-0.5201,0.0042,-0.6464,0.8722,43.6294,56.6,1,13
META261023C00795000,META,2026-10-23,29,C,795.0,2.26,777.402,30.6,31.8,31.2,29.52,3.8,0.4321,0.4636,0.0042,-0.6418,0.8712,31.0513,41.3,50,84
META261023P00795000,META,2026-10-23,29,P,795.0,2.26,777.402,45.85,47.5,46.675,66.73,3.5,0.4365,-0.5406,0.0042,-0.6441,0.869,46.5096,58.6,0,0
META261023C00800000,META,2026-10-23,29,C,800.0,2.91,777.402,28.8,29.65,29.225,29.12,2.9,0.4326,0.4436,0.0041,-0.6395,0.8661,29.0835,39.4,902,761
META261023P00800000,META,2026-10-23,29,P,800.0,2.91,777.402,48.95,50.15,49.55,50.06,2.4,0.4353,-0.5609,0.0042,-0.6402,0.8638,49.3765,60.6,22,55
META261023C00805000,META,2026-10-23,29,C,805.0,3.55,777.402,26.9,27.8,27.35,27.22,3.3,0.4331,0.4238,0.0041,-0.6356,0.859,27.2133,37.4,35,77
META261023P00805000,META,2026-10-23,29,P,805.0,3.55,777.402,51.95,53.7,52.825,76.25,3.3,0.4375,-0.5809,0.0042,-0.6348,0.8535,52.6342,62.5,0,1
META261023C00810000,META,2026-10-23,29,C,810.0,4.19,777.402,25.35,26.15,25.75,25.74,3.1,0.4357,0.4045,0.004,-0.6302,0.85,25.6163,35.6,43,301
META261023P00810000,META,2026-10-23,29,P,810.0,4.19,777.402,55.1,57.0,56.05,55.77,3.4,0.438,-0.6005,0.0041,-0.6276,0.8457,55.8392,64.4,4,1
META261023C00815000,META,2026-10-23,29,C,815.0,4.84,777.402,23.25,24.5,23.875,23.85,5.2,0.434,0.3856,0.004,-0.6233,0.839,23.7476,33.7,18,63
META261023P00815000,META,2026-10-23,29,P,815.0,4.84,777.402,58.35,60.65,59.5,82.58,3.9,0.4401,-0.6197,0.004,-0.6192,0.8341,59.27,66.2,0,3
META261023C00820000,META,2026-10-23,29,C,820.0,5.48,777.402,21.9,22.9,22.4,22.24,4.5,0.436,0.3672,0.0039,-0.6152,0.8263,22.2788,31.9,248,288
META261023P00820000,META,2026-10-23,29,P,820.0,5.48,777.402,61.75,64.2,62.975,0.0,3.9,0.4415,-0.6384,0.004,-0.6095,0.821,62.7281,67.9,0,0
META261023C00825000,META,2026-10-23,29,C,825.0,6.12,777.402,20.15,21.3,20.725,21.08,5.5,0.4345,0.3492,0.0038,-0.6057,0.8123,20.61,30.1,30,137
META261023P00825000,META,2026-10-23,29,P,825.0,6.12,777.402,65.5,67.85,66.675,0.0,3.5,0.4446,-0.6567,0.0039,-0.5984,0.8032,66.4078,69.5,0,0
META261023C00830000,META,2026-10-23,29,C,830.0,6.77,777.402,19.0,19.85,19.425,19.86,4.4,0.4366,0.3318,0.0038,-0.5952,0.7969,19.3167,28.5,118,158
META261023P00830000,META,2026-10-23,29,P,830.0,6.77,777.402,69.15,71.55,70.35,0.0,3.4,0.4464,-0.6744,0.0038,-0.5862,0.7886,70.0593,71.2,0,0
META261023C00835000,META,2026-10-23,29,C,835.0,7.41,777.402,17.7,18.6,18.15,17.7,5.0,0.438,0.3149,0.0037,-0.5837,0.7799,18.0449,26.9,35,102
META261023P00835000,META,2026-10-23,29,P,835.0,7.41,777.402,72.7,75.6,74.15,87.52,3.9,0.4488,-0.6916,0.0037,-0.573,0.7711,73.8332,72.7,0,1
META261023C00840000,META,2026-10-23,29,C,840.0,8.05,777.402,16.5,17.35,16.925,17.11,5.0,0.4391,0.2985,0.0036,-0.5712,0.7618,16.8253,25.4,85,137
META261023P00840000,META,2026-10-23,29,P,840.0,8.05,777.402,76.0,79.5,77.75,0.0,4.5,0.4477,-0.7083,0.0036,-0.5591,0.7524,77.4106,74.3,0,0
META261023C00845000,META,2026-10-23,29,C,845.0,8.7,777.402,15.35,16.2,15.775,16.4,5.4,0.4403,0.2828,0.0035,-0.5579,0.743,15.6856,23.9,37,22
META261023P00845000,META,2026-10-23,29,P,845.0,8.7,777.402,79.2,83.4,81.3,84.3,5.2,0.4447,-0.7244,0.0036,-0.5441,0.7294,80.9273,75.9,3,3
META261023C00850000,META,2026-10-23,29,C,850.0,9.34,777.402,14.2,15.05,14.625,14.2,5.8,0.4404,0.2676,0.0034,-0.5439,0.7235,14.536,22.5,184,406
META261023P00850000,META,2026-10-23,29,P,850.0,9.34,777.402,83.85,87.05,85.45,89.35,3.7,0.449,-0.7399,0.0035,-0.5285,0.7105,85.0556,77.1,1,2
META261023C00855000,META,2026-10-23,29,C,855.0,9.98,777.402,13.0,13.9,13.45,13.51,6.7,0.4393,0.2529,0.0033,-0.5293,0.7028,13.3735,21.1,19,43
META261023P00855000,META,2026-10-23,29,P,855.0,9.98,777.402,86.8,91.8,89.3,93.41,5.6,0.4482,-0.7548,0.0034,-0.5123,0.6891,88.879,78.6,2,0
META261023C00860000,META,2026-10-23,29,C,860.0,10.62,777.402,12.15,12.95,12.55,12.9,6.4,0.441,0.2389,0.0032,-0.5142,0.6816,12.4719,19.8,20,171
META261023P00860000,META,2026-10-23,29,P,860.0,10.62,777.402,90.75,95.75,93.25,97.67,5.4,0.4477,-0.7692,0.0032,-0.4958,0.667,92.7936,79.9,1,0
META261023C00865000,META,2026-10-23,29,C,865.0,11.27,777.402,11.3,12.2,11.75,11.7,7.7,0.4435,0.2254,0.0031,-0.4987,0.6604,11.6798,18.6,11,166
META261023P00865000,META,2026-10-23,29,P,865.0,11.27,777.402,94.75,100.2,97.475,0.0,5.6,0.4504,-0.783,0.0032,-0.4787,0.6405,96.9852,81.0,0,0
META261023C00870000,META,2026-10-23,29,C,870.0,11.91,777.402,10.45,11.3,10.875,11.15,7.8,0.444,0.2126,0.003,-0.4829,0.6388,10.8125,17.5,74,146
META261023P00870000,META,2026-10-23,29,P,870.0,11.91,777.402,99.7,104.5,102.1,0.0,4.7,0.4588,-0.7962,0.003,-0.4613,0.6202,101.5925,81.9,0,0
META261023C00875000,META,2026-10-23,29,C,875.0,12.55,777.402,9.55,10.35,9.95,10.26,8.0,0.4427,0.2002,0.0028,-0.4669,0.6167,9.8929,16.2,56,389
META261023P00875000,META,2026-10-23,29,P,875.0,12.55,777.402,104.15,108.85,106.5,0.0,4.4,0.463,-0.8089,0.0029,-0.4438,0.5968,105.9637,82.8,0,0
META261023C00880000,META,2026-10-23,29,C,880.0,13.2,777.402,8.85,9.7,9.275,9.27,9.2,0.4446,0.1885,0.0027,-0.4507,0.5944,9.2216,15.2,41,91
META261023P00880000,META,2026-10-23,29,P,880.0,13.2,777.402,108.15,113.25,110.7,0.0,4.6,0.4632,-0.821,0.0028,-0.426,0.573,110.131,83.9,0,0
META261023C00885000,META,2026-10-23,29,C,885.0,13.84,777.402,8.35,8.9,8.625,8.5,6.4,0.4461,0.1773,0.0026,-0.4345,0.5725,8.5724,14.3,26,26
META261023P00885000,META,2026-10-23,29,P,885.0,13.84,777.402,112.45,117.7,115.075,0.0,4.6,0.4655,-0.8326,0.0027,-0.4084,0.5443,114.4729,84.8,0,0
META261023C00890000,META,2026-10-23,29,C,890.0,14.48,777.402,7.55,8.3,7.925,7.98,9.5,0.446,0.1667,0.0025,-0.4183,0.5508,7.8809,13.3,30,204
META261023P00890000,META,2026-10-23,29,P,890.0,14.48,777.402,117.25,121.7,119.475,129.59,3.7,0.4674,-0.8435,0.0026,-0.3908,0.5254,118.8328,85.7,1,0
META261023C00895000,META,2026-10-23,29,C,895.0,15.13,777.402,7.05,7.7,7.375,7.33,8.8,0.4478,0.1566,0.0024,-0.4022,0.5289,7.3353,12.4,16,49
META261023P00895000,META,2026-10-23,29,P,895.0,15.13,777.402,121.2,126.7,123.95,126.72,4.4,0.4701,-0.854,0.0025,-0.373,0.5009,123.276,86.5,4,0
META261023C00900000,META,2026-10-23,29,C,900.0,15.77,777.402,6.55,7.05,6.8,6.8,7.4,0.4483,0.147,0.0023,-0.3862,0.5071,6.7628,11.6,186,214
META261023P00900000,META,2026-10-23,29,P,900.0,15.77,777.402,125.9,130.45,128.175,128.51,3.5,0.467,-0.864,0.0024,-0.3552,0.4784,127.4508,87.6,11,1
META261023C00905000,META,2026-10-23,29,C,905.0,16.41,777.402,5.9,6.75,6.325,6.5,13.4,0.4501,0.1379,0.0022,-0.3704,0.4859,6.292,10.8,18,4
META261023P00905000,META,2026-10-23,29,P,905.0,16.41,777.402,130.5,135.2,132.85,0.0,3.5,0.4722,-0.8734,0.0023,-0.338,0.4499,132.0967,88.2,0,0
META261023C00910000,META,2026-10-23,29,C,910.0,17.06,777.402,5.55,6.15,5.85,5.85,10.3,0.4511,0.1293,0.0021,-0.3549,0.4653,5.8176,10.1,93,123
META261023P00910000,META,2026-10-23,29,P,910.0,17.06,777.402,135.05,140.5,137.775,0.0,4.0,0.4823,-0.8824,0.0022,-0.321,0.4296,137.0051,88.6,0,0
META261023C00915000,META,2026-10-23,29,C,915.0,17.7,777.402,5.1,5.7,5.4,5.6,11.1,0.452,0.1212,0.002,-0.3396,0.445,5.3727,9.4,9,25
META261023P00915000,META,2026-10-23,29,P,915.0,17.7,777.402,139.25,145.15,142.2,0.0,4.1,0.4811,-0.8909,0.0021,-0.3041,0.4092,141.3811,89.4,0,0
META261023C00920000,META,2026-10-23,29,C,920.0,18.34,777.402,4.75,5.25,5.0,5.0,10.0,0.4533,0.1135,0.0019,-0.3247,0.4248,4.9761,8.7,180,61
META261023P00920000,META,2026-10-23,29,P,920.0,18.34,777.402,144.05,149.15,146.6,0.0,3.5,0.4782,-0.8989,0.002,-0.2872,0.3874,145.723,90.2,0,0
META261023C00925000,META,2026-10-23,29,C,925.0,18.99,777.402,4.25,4.95,4.6,4.42,15.2,0.4538,0.1063,0.0018,-0.3101,0.4051,4.5766,8.1,3,27
META261023P00925000,META,2026-10-23,29,P,925.0,18.99,777.402,148.05,154.55,151.3,0.0,4.3,0.4817,-0.9065,0.0019,-0.2705,0.365,150.386,90.7,0,0
META261023C00930000,META,2026-10-23,29,C,930.0,19.63,777.402,4.05,4.55,4.3,3.9,11.6,0.4563,0.0995,0.0017,-0.296,0.3864,4.281,7.6,40,18
META261023P00930000,META,2026-10-23,29,P,930.0,19.63,777.402,153.15,159.25,156.2,0.0,3.9,0.4899,-0.9136,0.0018,-0.2544,0.337,155.2664,91.1,0,0
META261023C00935000,META,2026-10-23,29,C,935.0,20.27,777.402,3.7,4.25,3.975,3.9,13.8,0.4575,0.093,0.0016,-0.2822,0.3683,3.9597,7.1,14,11
META261023P00935000,META,2026-10-23,29,P,935.0,20.27,777.402,157.45,164.0,160.725,0.0,4.1,0.4878,-0.9204,0.0017,-0.2387,0.3222,159.7356,91.7,0,0
META261023C00940000,META,2026-10-23,29,C,940.0,20.92,777.402,3.4,3.9,3.65,3.42,13.7,0.4579,0.087,0.0016,-0.2688,0.3506,3.6348,6.5,2,3
META261023P00940000,META,2026-10-23,29,P,940.0,20.92,777.402,162.55,168.7,165.625,0.0,3.7,0.4953,-0.9267,0.0016,-0.223,0.3036,164.6123,92.0,0,0
META261023C00945000,META,2026-10-23,29,C,945.0,21.56,777.402,3.15,3.55,3.35,1.86,11.9,0.4584,0.0814,0.0015,-0.2559,0.3332,3.3378,6.0,0,28
META261023P00945000,META,2026-10-23,29,P,945.0,21.56,777.402,167.35,173.5,170.425,0.0,3.6,0.4996,-0.9326,0.0016,-0.2075,0.2855,169.3748,92.4,0,0
META261023C00950000,META,2026-10-23,29,C,950.0,22.2,777.402,2.81,3.4,3.105,3.25,19.0,0.4599,0.076,0.0014,-0.2435,0.3166,3.0936,5.6,59,74
META261023P00950000,META,2026-10-23,29,P,950.0,22.2,777.402,172.5,177.5,175.0,0.0,2.9,0.4964,-0.9382,0.0015,-0.192,0.2646,173.8798,93.1,0,0
META261023C00955000,META,2026-10-23,29,C,955.0,22.85,777.402,2.58,3.15,2.865,2.9,19.9,0.4613,0.0709,0.0013,-0.2311,0.3004,2.8644,5.2,1,22
META261023P00955000,META,2026-10-23,29,P,955.0,22.85,777.402,176.95,183.05,180.0,0.0,3.4,0.5062,-0.9434,0.0014,-0.1768,0.2393,178.8686,93.2,0,0
META261023C00960000,META,2026-10-23,29,C,960.0,23.49,777.402,2.38,2.89,2.635,2.68,19.4,0.4621,0.0662,0.0012,-0.2196,0.2853,2.6359,4.8,6,13
META261023P00960000,META,2026-10-23,29,P,960.0,23.49,777.402,181.8,187.9,184.85,0.0,3.3,0.5109,-0.9483,0.0013,-0.162,0.2275,183.6847,93.5,0,0
META261023C00965000,META,2026-10-23,29,C,965.0,24.13,777.402,2.25,2.65,2.45,2.3,16.3,0.464,0.0619,0.0012,-0.2086,0.2707,2.4531,4.5,4,36
META261023P00965000,META,2026-10-23,29,P,965.0,24.13,777.402,186.65,192.75,189.7,0.0,3.2,0.5153,-0.9529,0.0012,-0.1476,0.2137,188.5009,93.8,0,0
META261023C00970000,META,2026-10-23,29,C,970.0,24.77,777.402,2.13,2.5,2.315,2.18,16.0,0.4673,0.0578,0.0011,-0.198,0.2565,2.3179,4.3,9,19
META261023P00970000,META,2026-10-23,29,P,970.0,24.77,777.402,191.65,197.6,194.625,0.0,3.1,0.5221,-0.9576,0.0012,-0.1335,0.1991,193.4044,94.0,0,0
META261030C00585000,META,2026-10-30,36,C,585.0,-24.75,777.402,192.7,199.85,196.275,167.92,3.6,0.4967,0.9637,0.0006,-0.0764,0.1956,196.0288,96.2,0,10
META261030P00585000,META,2026-10-30,36,P,585.0,-24.75,777.402,1.9,2.09,1.995,2.49,9.5,0.5366,-0.0363,0.0006,-0.1395,0.1975,2.0153,5.2,15,112
META261030C00590000,META,2026-10-30,36,C,590.0,-24.11,777.402,187.95,195.45,191.7,165.25,3.9,0.5082,0.9602,0.0006,-0.088,0.2105,191.4529,95.3,0,12
META261030P00590000,META,2026-10-30,36,P,590.0,-24.11,777.402,2.1,2.3,2.2,2.15,9.1,0.5332,-0.0398,0.0007,-0.1496,0.2116,2.216,5.6,64,250
META261030C00595000,META,2026-10-30,36,C,595.0,-23.46,777.402,183.2,189.55,186.375,161.22,3.4,0.4751,0.9565,0.0007,-0.1003,0.2265,186.1215,95.9,0,10
META261030P00595000,META,2026-10-30,36,P,595.0,-23.46,777.402,2.32,2.53,2.425,2.42,8.7,0.5301,-0.0435,0.0007,-0.1604,0.2274,2.4406,6.1,74,127
META261030C00600000,META,2026-10-30,36,C,600.0,-22.82,777.402,178.45,184.5,181.475,175.77,3.3,0.4672,0.9525,0.0008,-0.1132,0.2435,181.2172,95.7,4,20
META261030P00600000,META,2026-10-30,36,P,600.0,-22.82,777.402,2.59,2.76,2.675,2.68,6.4,0.5272,-0.0476,0.0008,-0.1718,0.2445,2.6894,6.6,149,566
META261030C00605000,META,2026-10-30,36,C,605.0,-22.18,777.402,173.75,181.2,177.475,167.93,4.2,0.503,0.9481,0.0008,-0.1267,0.2612,177.2202,93.7,1,10
META261030P00605000,META,2026-10-30,36,P,605.0,-22.18,777.402,2.84,3.0,2.92,2.95,5.5,0.5236,-0.0519,0.0008,-0.1836,0.2628,2.9416,7.1,20,124
META261030C00610000,META,2026-10-30,36,C,610.0,-21.53,777.402,169.1,176.5,172.8,171.05,4.3,0.502,0.9433,0.0009,-0.1408,0.2797,172.5428,93.1,2,23
META261030P00610000,META,2026-10-30,36,P,610.0,-21.53,777.402,3.1,3.35,3.225,3.22,7.8,0.5212,-0.0567,0.0009,-0.1963,0.2812,3.2472,7.7,62,215
META261030C00615000,META,2026-10-30,36,C,615.0,-20.89,777.402,164.4,171.85,168.125,140.64,4.4,0.4999,0.9382,0.001,-0.1556,0.2995,167.8655,92.5,0,11
META261030P00615000,META,2026-10-30,36,P,615.0,-20.89,777.402,3.4,3.6,3.5,3.5,5.7,0.5168,-0.0619,0.001,-0.2096,0.3003,3.5202,8.3,31,99
META261030C00620000,META,2026-10-30,36,C,620.0,-20.25,777.402,160.35,165.95,163.15,163.2,3.4,0.4863,0.9326,0.001,-0.171,0.3203,162.8876,92.4,7,99
META261030P00620000,META,2026-10-30,36,P,620.0,-20.25,777.402,3.75,4.0,3.875,4.05,6.5,0.5148,-0.0676,0.001,-0.2236,0.3216,3.8885,9.0,91,346
META261030C00625000,META,2026-10-30,36,C,625.0,-19.6,777.402,155.2,162.7,158.95,149.25,4.7,0.4986,0.9267,0.0011,-0.1869,0.3417,158.6873,91.0,1,25
META261030P00625000,META,2026-10-30,36,P,625.0,-19.6,777.402,4.2,4.4,4.3,4.35,4.7,0.5135,-0.0736,0.0011,-0.2381,0.3438,4.3117,9.7,82,267
META261030C00630000,META,2026-10-30,36,C,630.0,-18.96,777.402,151.05,156.65,153.85,154.62,3.6,0.4806,0.9203,0.0012,-0.2034,0.3637,153.5814,91.0,14,39
META261030P00630000,META,2026-10-30,36,P,630.0,-18.96,777.402,4.5,4.8,4.65,4.72,6.5,0.5094,-0.0799,0.0012,-0.2529,0.3657,4.6711,10.4,92,272
META261030C00635000,META,2026-10-30,36,C,635.0,-18.32,777.402,146.2,152.85,149.525,144.45,4.4,0.486,0.9135,0.0013,-0.2205,0.3869,149.2565,89.9,2,65
META261030P00635000,META,2026-10-30,36,P,635.0,-18.32,777.402,5.05,5.4,5.225,5.25,6.7,0.5102,-0.0867,0.0013,-0.2685,0.388,5.2425,11.4,123,109
META261030C00640000,META,2026-10-30,36,C,640.0,-17.67,777.402,141.95,147.15,144.55,146.14,3.6,0.4717,0.9062,0.0013,-0.238,0.411,144.2764,89.7,13,108
META261030P00640000,META,2026-10-30,36,P,640.0,-17.67,777.402,5.55,5.8,5.675,5.67,4.4,0.5074,-0.094,0.0014,-0.2846,0.4124,5.7187,12.2,172,129
META261030C00645000,META,2026-10-30,36,C,645.0,-17.03,777.402,137.3,143.5,140.4,143.01,4.4,0.4792,0.8985,0.0014,-0.256,0.4355,140.1254,88.3,5,39
META261030P00645000,META,2026-10-30,36,P,645.0,-17.03,777.402,6.15,6.4,6.275,6.35,4.0,0.5061,-0.1018,0.0014,-0.3011,0.4374,6.2949,13.1,49,103
META261030C00650000,META,2026-10-30,36,C,650.0,-16.39,777.402,133.35,138.9,136.125,131.88,4.1,0.4815,0.8903,0.0015,-0.2744,0.4603,135.8497,87.2,7,718
META261030P00650000,META,2026-10-30,36,P,650.0,-16.39,777.402,6.75,7.0,6.875,7.03,3.6,0.5043,-0.1101,0.0015,-0.318,0.4628,6.8933,14.1,206,502
META261030C00655000,META,2026-10-30,36,C,655.0,-15.75,777.402,128.85,134.05,131.45,132.61,4.0,0.4734,0.8816,0.0016,-0.2931,0.486,131.1717,86.5,11,56
META261030P00655000,META,2026-10-30,36,P,655.0,-15.75,777.402,7.4,7.7,7.55,7.5,4.0,0.5031,-0.1189,0.0016,-0.3353,0.4873,7.5652,15.1,480,131
META261030C00660000,META,2026-10-30,36,C,660.0,-15.1,777.402,125.3,131.6,128.45,121.26,4.9,0.4997,0.8724,0.0017,-0.3121,0.5124,128.1765,83.9,10,225
META261030P00660000,META,2026-10-30,36,P,660.0,-15.1,777.402,8.1,8.45,8.275,8.34,4.2,0.502,-0.1281,0.0017,-0.3529,0.514,8.2921,16.2,375,382
META261030C00665000,META,2026-10-30,36,C,665.0,-14.46,777.402,121.05,126.6,123.825,125.04,4.5,0.4906,0.8627,0.0018,-0.3313,0.5387,123.5483,83.2,42,55
META261030P00665000,META,2026-10-30,36,P,665.0,-14.46,777.402,8.85,9.2,9.025,8.95,3.9,0.5003,-0.1379,0.0018,-0.3706,0.541,9.0399,17.3,79,108
META261030C00670000,META,2026-10-30,36,C,670.0,-13.82,777.402,117.2,121.1,119.15,120.08,3.3,0.4803,0.8525,0.0019,-0.3506,0.5649,118.874,82.5,9,251
META261030P00670000,META,2026-10-30,36,P,670.0,-13.82,777.402,9.7,10.1,9.9,9.9,4.0,0.4999,-0.1482,0.0019,-0.3886,0.5677,9.9124,18.6,940,195
META261030C00675000,META,2026-10-30,36,C,675.0,-13.17,777.402,113.1,117.5,115.3,110.6,3.8,0.4843,0.8418,0.002,-0.3701,0.5917,115.0232,81.0,19,152
META261030P00675000,META,2026-10-30,36,P,675.0,-13.17,777.402,10.55,11.0,10.775,10.95,4.2,0.4984,-0.159,0.002,-0.4066,0.5933,10.7813,19.8,103,140
META261030C00680000,META,2026-10-30,36,C,680.0,-12.53,777.402,108.8,113.5,111.15,112.63,4.2,0.4818,0.8306,0.0021,-0.3894,0.6186,110.8715,79.8,20,305
META261030P00680000,META,2026-10-30,36,P,680.0,-12.53,777.402,11.55,12.0,11.775,11.85,3.8,0.4978,-0.1704,0.0021,-0.4249,0.6209,11.7629,21.1,162,6278
META261030C00685000,META,2026-10-30,36,C,685.0,-11.89,777.402,104.9,109.4,107.15,104.8,4.2,0.4808,0.819,0.0022,-0.4088,0.6451,106.8681,78.5,4,205
META261030P00685000,META,2026-10-30,36,P,685.0,-11.89,777.402,12.55,13.05,12.8,12.95,3.9,0.4972,-0.1819,0.0022,-0.4425,0.6478,12.8089,22.4,61,43
META261030C00690000,META,2026-10-30,36,C,690.0,-11.24,777.402,101.25,106.15,103.7,105.0,4.7,0.4873,0.8068,0.0022,-0.4279,0.671,103.4223,76.7,35,211
META261030P00690000,META,2026-10-30,36,P,690.0,-11.24,777.402,13.65,14.15,13.9,14.09,3.6,0.4963,-0.1942,0.0023,-0.4602,0.674,13.9013,23.8,57,86
META261030C00695000,META,2026-10-30,36,C,695.0,-10.6,777.402,97.0,103.0,100.0,101.1,6.0,0.4885,0.7943,0.0023,-0.4467,0.6969,99.722,75.2,8,58
META261030P00695000,META,2026-10-30,36,P,695.0,-10.6,777.402,14.85,15.4,15.125,15.45,3.6,0.4963,-0.2071,0.0024,-0.478,0.6991,15.123,25.3,47,147
META261030C00700000,META,2026-10-30,36,C,700.0,-9.96,777.402,94.0,97.25,95.625,98.85,3.4,0.4791,0.7812,0.0024,-0.4652,0.7225,95.3474,74.2,91,451
META261030P00700000,META,2026-10-30,36,P,700.0,-9.96,777.402,16.35,16.7,16.525,16.55,2.1,0.4973,-0.2203,0.0024,-0.4951,0.7249,16.4903,26.8,537,387
META261030C00705000,META,2026-10-30,36,C,705.0,-9.31,777.402,90.8,94.3,92.55,91.35,3.8,0.487,0.7678,0.0025,-0.4833,0.7471,92.2754,72.2,9,75
META261030P00705000,META,2026-10-30,36,P,705.0,-9.31,777.402,17.5,18.1,17.8,17.7,3.4,0.4964,-0.2335,0.0025,-0.5115,0.7499,17.7959,28.3,20,121
META261030C00710000,META,2026-10-30,36,C,710.0,-8.67,777.402,87.1,90.45,88.775,87.89,3.8,0.4841,0.7539,0.0026,-0.5008,0.7707,88.4975,70.8,41,185
META261030P00710000,META,2026-10-30,36,P,710.0,-8.67,777.402,18.95,19.5,19.225,19.5,2.9,0.4956,-0.2478,0.0026,-0.5279,0.774,19.1815,29.8,110,116
META261030C00715000,META,2026-10-30,36,C,715.0,-8.03,777.402,83.2,87.55,85.375,86.75,5.1,0.4852,0.7397,0.0027,-0.5178,0.7937,85.0998,69.1,39,75
META261030P00715000,META,2026-10-30,36,P,715.0,-8.03,777.402,20.4,21.05,20.725,21.0,3.1,0.4955,-0.2622,0.0027,-0.5434,0.7959,20.6969,31.4,40,110
META261030C00720000,META,2026-10-30,36,C,720.0,-7.38,777.402,79.95,83.6,81.775,77.45,4.5,0.4828,0.7252,0.0028,-0.534,0.8159,81.5042,67.6,10,263
META261030P00720000,META,2026-10-30,36,P,720.0,-7.38,777.402,22.0,22.55,22.275,22.36,2.5,0.4949,-0.2765,0.0028,-0.5581,0.8178,22.2504,33.0,79,128
META261030C00725000,META,2026-10-30,36,C,725.0,-6.74,777.402,76.75,81.05,78.9,79.41,5.4,0.4882,0.7103,0.0028,-0.5495,0.8367,78.6291,65.7,14,85
META261030P00725000,META,2026-10-30,36,P,725.0,-6.74,777.402,23.7,24.25,23.975,24.23,2.3,0.4951,-0.2915,0.0028,-0.5722,0.8385,23.9487,34.6,57,42
META261030C00730000,META,2026-10-30,36,C,730.0,-6.1,777.402,74.05,76.9,75.475,76.51,3.8,0.486,0.6951,0.0029,-0.5642,0.8561,75.2107,64.1,45,350
META261030P00730000,META,2026-10-30,36,P,730.0,-6.1,777.402,25.45,26.15,25.8,25.73,2.7,0.4957,-0.3069,0.0029,-0.5855,0.8588,25.7636,36.3,112,94
META261030C00735000,META,2026-10-30,36,C,735.0,-5.45,777.402,71.15,74.55,72.85,74.41,4.7,0.492,0.6796,0.003,-0.578,0.8744,72.583,62.2,18,90
META261030P00735000,META,2026-10-30,36,P,735.0,-5.45,777.402,27.25,27.9,27.575,27.78,2.4,0.4948,-0.3225,0.003,-0.598,0.876,27.5317,37.9,60,93
META261030C00740000,META,2026-10-30,36,C,740.0,-4.81,777.402,68.35,70.6,69.475,69.5,3.2,0.4885,0.6639,0.003,-0.5909,0.8916,69.2142,60.7,44,314
META261030P00740000,META,2026-10-30,36,P,740.0,-4.81,777.402,29.15,29.85,29.5,29.64,2.4,0.4947,-0.3383,0.003,-0.6095,0.8932,29.4509,39.5,67,93
META261030C00745000,META,2026-10-30,36,C,745.0,-4.17,777.402,65.15,68.25,66.7,66.34,4.6,0.4908,0.648,0.0031,-0.6027,0.9071,66.444,58.9,35,88
META261030P00745000,META,2026-10-30,36,P,745.0,-4.17,777.402,31.2,31.95,31.575,31.17,2.4,0.4952,-0.3547,0.0031,-0.6202,0.9086,31.5076,41.2,77,110
META261030C00750000,META,2026-10-30,36,C,750.0,-3.52,777.402,62.55,65.0,63.775,63.5,3.8,0.4904,0.632,0.0031,-0.6136,0.9209,63.5165,57.2,413,738
META261030P00750000,META,2026-10-30,36,P,750.0,-3.52,777.402,33.3,34.0,33.65,33.98,2.1,0.495,-0.3705,0.0032,-0.6295,0.9229,33.585,42.9,123,136
META261030C00755000,META,2026-10-30,36,C,755.0,-2.88,777.402,59.65,61.9,60.775,61.0,3.7,0.4884,0.6158,0.0032,-0.6233,0.9332,60.5231,55.6,56,116
META261030P00755000,META,2026-10-30,36,P,755.0,-2.88,777.402,35.5,36.4,35.95,36.85,2.5,0.4962,-0.3869,0.0032,-0.6379,0.9344,35.8764,44.6,14,28
META261030C00760000,META,2026-10-30,36,C,760.0,-2.24,777.402,57.5,59.3,58.4,58.0,3.1,0.4921,0.5996,0.0032,-0.632,0.9441,58.1482,53.8,231,451
META261030P00760000,META,2026-10-30,36,P,760.0,-2.24,777.402,37.75,38.55,38.15,38.33,2.1,0.4957,-0.4033,0.0032,-0.6453,0.9451,38.0937,46.3,80,52
META261030C00765000,META,2026-10-30,36,C,765.0,-1.6,777.402,54.9,56.6,55.75,57.2,3.0,0.492,0.5833,0.0032,-0.6395,0.9533,55.5026,52.1,121,83
META261030P00765000,META,2026-10-30,36,P,765.0,-1.6,777.402,40.15,40.9,40.525,39.55,1.9,0.4956,-0.4198,0.0033,-0.6515,0.9539,40.4317,48.0,94,22
META261030C00770000,META,2026-10-30,36,C,770.0,-0.95,777.402,52.6,54.0,53.3,52.5,2.6,0.4931,0.5669,0.0032,-0.6459,0.9608,53.056,50.4,187,276
META261030P00770000,META,2026-10-30,36,P,770.0,-0.95,777.402,42.5,43.4,42.95,42.1,2.1,0.496,-0.4363,0.0033,-0.6566,0.9613,42.9009,49.6,151,16
META261030C00775000,META,2026-10-30,36,C,775.0,-0.31,777.402,50.15,51.75,50.95,51.0,3.1,0.4944,0.5506,0.0033,-0.6512,0.9666,50.7136,48.7,108,144
META261030P00775000,META,2026-10-30,36,P,775.0,-0.31,777.402,45.05,45.95,45.5,46.2,2.0,0.4962,-0.4528,0.0033,-0.6605,0.9667,45.4341,51.3,22,1
META261030C00780000,META,2026-10-30,36,C,780.0,0.33,777.402,48.1,49.15,48.625,48.7,2.2,0.4951,0.5343,0.0033,-0.6553,0.9709,48.3967,47.1,67,149
META261030P00780000,META,2026-10-30,36,P,780.0,0.33,777.402,47.8,48.6,48.2,48.75,1.7,0.4967,-0.4693,0.0033,-0.6633,0.9706,48.0788,53.0,9,16
META261030C00785000,META,2026-10-30,36,C,785.0,0.98,777.402,45.65,46.8,46.225,45.94,2.5,0.4941,0.5181,0.0033,-0.6583,0.9735,45.9965,45.4,24,234
META261030P00785000,META,2026-10-30,36,P,785.0,0.98,777.402,50.5,51.55,51.025,51.98,2.1,0.4981,-0.4857,0.0033,-0.665,0.9728,50.8929,54.6,1,1
META261030C00790000,META,2026-10-30,36,C,790.0,1.62,777.402,43.5,44.6,44.05,43.37,2.5,0.4947,0.5019,0.0033,-0.6602,0.9745,43.8328,43.8,91,228
META261030P00790000,META,2026-10-30,36,P,790.0,1.62,777.402,53.3,54.35,53.825,54.45,2.0,0.4984,-0.502,0.0033,-0.6656,0.9724,53.6806,56.2,14,1
META261030C00795000,META,2026-10-30,36,C,795.0,2.26,777.402,41.65,42.5,42.075,41.45,2.0,0.4964,0.486,0.0033,-0.661,0.9739,41.8561,42.2,47,247
META261030P00795000,META,2026-10-30,36,P,795.0,2.26,777.402,56.15,57.2,56.675,58.0,1.9,0.4983,-0.5182,0.0033,-0.6649,0.9721,56.5088,57.8,3,0
META261030C00800000,META,2026-10-30,36,C,800.0,2.91,777.402,39.6,40.5,40.05,40.36,2.2,0.4969,0.4701,0.0033,-0.6607,0.9718,39.841,40.7,687,684
META261030P00800000,META,2026-10-30,36,P,800.0,2.91,777.402,59.2,60.15,59.675,58.85,1.6,0.499,-0.5343,0.0033,-0.6633,0.9698,59.4929,59.3,24,355
META261030C00805000,META,2026-10-30,36,C,805.0,3.55,777.402,37.65,38.55,38.1,37.65,2.4,0.4974,0.4544,0.0032,-0.6593,0.9682,37.903,39.1,91,272
META261030P00805000,META,2026-10-30,36,P,805.0,3.55,777.402,62.15,63.2,62.675,0.0,1.7,0.5,-0.5501,0.0033,-0.6607,0.9656,62.5828,60.9,0,0
META261030C00810000,META,2026-10-30,36,C,810.0,4.19,777.402,35.65,36.65,36.15,36.28,2.8,0.497,0.439,0.0032,-0.6569,0.9631,35.954,37.6,70,201
META261030P00810000,META,2026-10-30,36,P,810.0,4.19,777.402,65.25,66.5,65.875,67.43,1.9,0.5002,-0.5658,0.0033,-0.6571,0.9595,65.6704,62.4,3,0
META261030C00815000,META,2026-10-30,36,C,815.0,4.84,777.402,34.0,34.9,34.45,34.1,2.6,0.4985,0.4238,0.0032,-0.6536,0.9568,34.2616,36.1,18,152
META261030P00815000,META,2026-10-30,36,P,815.0,4.84,777.402,68.4,69.6,69.0,0.0,1.7,0.4998,-0.5813,0.0032,-0.6524,0.9515,68.7748,63.8,0,0
META261030C00820000,META,2026-10-30,36,C,820.0,5.48,777.402,32.55,33.05,32.8,32.32,1.5,0.4997,0.4088,0.0032,-0.6493,0.9493,32.6118,34.7,35,133
META261030P00820000,META,2026-10-30,36,P,820.0,5.48,777.402,71.55,73.0,72.275,75.0,2.0,0.5002,-0.5965,0.0032,-0.6468,0.9447,72.0284,65.3,2,0
META261030C00825000,META,2026-10-30,36,C,825.0,6.12,777.402,30.9,31.5,31.2,30.48,1.9,0.4989,0.3941,0.0031,-0.6442,0.9403,30.8437,33.3,45,61
META261030P00825000,META,2026-10-30,36,P,825.0,6.12,777.402,74.95,76.6,75.775,0.0,2.2,0.5023,-0.6114,0.0032,-0.6403,0.9349,75.5123,66.7,0,0
META261030C00830000,META,2026-10-30,36,C,830.0,6.77,777.402,29.0,29.95,29.475,29.14,3.2,0.5003,0.3793,0.0031,-0.6379,0.9296,29.3513,31.9,31,112
META261030P00830000,META,2026-10-30,36,P,830.0,6.77,777.402,78.35,80.3,79.325,104.5,2.5,0.5042,-0.6261,0.0032,-0.6331,0.9242,79.0431,68.0,0,1
META261030C00835000,META,2026-10-30,36,C,835.0,7.41,777.402,27.8,28.45,28.125,28.65,2.3,0.5023,0.3651,0.0031,-0.6311,0.9184,27.9789,30.6,39,50
META261030P00835000,META,2026-10-30,36,P,835.0,7.41,777.402,81.5,83.8,82.65,105.36,2.8,0.503,-0.6405,0.0031,-0.625,0.9107,82.3533,69.4,0,1
META261030C00840000,META,2026-10-30,36,C,840.0,8.05,777.402,26.35,27.0,26.675,26.73,2.4,0.5028,0.3513,0.003,-0.6235,0.9065,26.5325,29.3,179,189
META261030P00840000,META,2026-10-30,36,P,840.0,8.05,777.402,84.9,87.45,86.175,107.5,3.0,0.503,-0.6545,0.0031,-0.6161,0.8974,85.8412,70.7,0,2
META261030C00845000,META,2026-10-30,36,C,845.0,8.7,777.402,24.8,25.6,25.2,24.63,3.2,0.5023,0.3378,0.003,-0.6153,0.8935,25.0604,28.0,89,151
META261030P00845000,META,2026-10-30,36,P,845.0,8.7,777.402,88.45,91.1,89.775,0.0,3.0,0.5033,-0.6683,0.003,-0.6065,0.8856,89.4203,72.0,0,0
META261030C00850000,META,2026-10-30,36,C,850.0,9.34,777.402,23.65,24.25,23.95,23.99,2.5,0.5035,0.3249,0.0029,-0.6067,0.8799,23.8015,26.8,945,502
META261030P00850000,META,2026-10-30,36,P,850.0,9.34,777.402,92.05,94.95,93.5,0.0,3.1,0.5044,-0.6817,0.003,-0.5964,0.8705,93.1315,73.2,0,0
META261030C00860000,META,2026-10-30,36,C,860.0,10.62,777.402,21.2,21.8,21.5,21.1,2.8,0.5034,0.2995,0.0028,-0.5873,0.8495,21.2428,24.4,62,117
META261030P00860000,META,2026-10-30,36,P,860.0,10.62,777.402,99.85,102.95,101.4,102.0,3.1,0.5096,-0.7076,0.0029,-0.5745,0.8349,100.9792,75.4,1,1
META261030C00870000,META,2026-10-30,36,C,870.0,11.91,777.402,19.0,19.5,19.25,18.97,2.6,0.5059,0.2755,0.0027,-0.5659,0.8172,19.1254,22.3,30,74
META261030P00870000,META,2026-10-30,36,P,870.0,11.91,777.402,107.0,110.85,108.925,0.0,3.5,0.5077,-0.7322,0.0028,-0.5505,0.8038,108.444,77.7,0,0
META261030C00880000,META,2026-10-30,36,C,880.0,13.2,777.402,16.8,17.3,17.05,16.9,2.9,0.505,0.2529,0.0026,-0.543,0.7822,16.9419,20.2,85,234
META261030P00880000,META,2026-10-30,36,P,880.0,13.2,777.402,114.75,119.05,116.9,144.08,3.7,0.5087,-0.7553,0.0026,-0.5251,0.7662,116.3621,79.7,0,1
META261030C00890000,META,2026-10-30,36,C,890.0,14.48,777.402,15.2,15.75,15.475,14.65,3.6,0.5096,0.2317,0.0024,-0.519,0.7463,15.3718,18.4,37,71
META261030P00890000,META,2026-10-30,36,P,890.0,14.48,777.402,122.65,127.75,125.2,0.0,4.1,0.5113,-0.7771,0.0025,-0.4985,0.7238,124.5915,81.5,0,0
META261030C00900000,META,2026-10-30,36,C,900.0,15.77,777.402,13.45,13.95,13.7,13.54,3.6,0.5093,0.2118,0.0023,-0.4941,0.7095,13.6095,16.6,562,859
META261030P00900000,META,2026-10-30,36,P,900.0,15.77,777.402,131.65,135.5,133.575,190.7,2.9,0.5127,-0.7974,0.0024,-0.4711,0.6878,132.9029,83.3,0,24
META261030C00910000,META,2026-10-30,36,C,910.0,17.06,777.402,11.9,12.45,12.175,12.0,4.5,0.5101,0.1934,0.0022,-0.4688,0.6716,12.0948,15.0,51,101
META261030P00910000,META,2026-10-30,36,P,910.0,17.06,777.402,139.3,144.7,142.0,0.0,3.8,0.5154,-0.8166,0.0023,-0.4436,0.6451,141.4624,84.8,0,0
META261030C00920000,META,2026-10-30,36,C,920.0,18.34,777.402,10.55,11.05,10.8,10.6,4.6,0.5109,0.1762,0.0021,-0.4433,0.6346,10.7327,13.5,59,34
META261030P00920000,META,2026-10-30,36,P,920.0,18.34,777.402,147.8,153.6,150.7,0.0,3.8,0.5134,-0.8342,0.0021,-0.4156,0.6052,149.8645,86.4,0,0
META261030C00930000,META,2026-10-30,36,C,930.0,19.63,777.402,9.4,9.9,9.65,9.45,5.2,0.513,0.1603,0.0019,-0.418,0.5974,9.5867,12.1,53,40
META261030P00930000,META,2026-10-30,36,P,930.0,19.63,777.402,156.55,163.0,159.775,0.0,4.0,0.5189,-0.8507,0.002,-0.3878,0.5658,158.8712,87.6,0,0
META261030C00940000,META,2026-10-30,36,C,940.0,20.92,777.402,8.4,8.9,8.65,8.45,5.8,0.5158,0.1457,0.0018,-0.3929,0.5606,8.5973,11.0,19,107
META261030P00940000,META,2026-10-30,36,P,940.0,20.92,777.402,165.4,172.15,168.775,0.0,4.0,0.5211,-0.866,0.0019,-0.3606,0.5214,167.7882,88.8,0,0
META261030C00950000,META,2026-10-30,36,C,950.0,22.2,777.402,7.45,7.85,7.65,7.5,5.2,0.5165,0.1322,0.0017,-0.3684,0.5254,7.6018,9.8,191,55
META261030P00950000,META,2026-10-30,36,P,950.0,22.2,777.402,175.35,180.3,177.825,0.0,2.8,0.5218,-0.88,0.0018,-0.3334,0.4862,176.7337,90.0,0,0
META261030C00960000,META,2026-10-30,36,C,960.0,23.49,777.402,6.6,7.0,6.8,6.56,5.9,0.5182,0.1198,0.0016,-0.3446,0.4907,6.7608,8.8,67,100
META261030P00960000,META,2026-10-30,36,P,960.0,23.49,777.402,183.65,189.25,186.45,0.0,3.0,0.5104,-0.893,0.0016,-0.3071,0.4475,185.2096,91.5,0,0
META261030C00970000,META,2026-10-30,36,C,970.0,24.77,777.402,5.75,6.3,6.025,5.75,9.1,0.5195,0.1085,0.0014,-0.3216,0.4571,5.9919,7.9,15,622
META261030P00970000,META,2026-10-30,36,P,970.0,24.77,777.402,192.8,200.0,196.4,0.0,3.7,0.5274,-0.905,0.0015,-0.2817,0.4045,195.1272,91.9,0,0
META261106C00680000,META,2026-11-06,43,C,680.0,-12.53,777.402,111.3,119.3,115.3,0.0,6.9,0.4947,0.8172,0.002,-0.3408,0.7095,114.9569,76.8,0,0
META261106P00680000,META,2026-11-06,43,P,680.0,-12.53,777.402,10.55,15.85,13.2,14.1,40.2,0.4779,-0.184,0.002,-0.3982,0.7117,13.1801,22.3,39,0
META261106C00685000,META,2026-11-06,43,C,685.0,-11.89,777.402,107.45,115.5,111.475,110.5,7.2,0.4942,0.8058,0.0021,-0.3578,0.7359,111.1329,75.5,1,0
META261106P00685000,META,2026-11-06,43,P,685.0,-11.89,777.402,11.7,19.85,15.775,15.65,51.7,0.4978,-0.1952,0.0021,-0.4124,0.7408,15.7762,24.7,1,0
META261106C00690000,META,2026-11-06,43,C,690.0,-11.24,777.402,103.7,111.15,107.425,0.0,6.9,0.4899,0.7941,0.0022,-0.3744,0.7624,107.0843,74.3,0,0
META261106P00690000,META,2026-11-06,43,P,690.0,-11.24,777.402,13.9,20.7,17.3,15.33,39.3,0.5007,-0.2073,0.0022,-0.4269,0.7659,17.2636,26.3,9,0
META261106C00695000,META,2026-11-06,43,C,695.0,-10.6,777.402,100.0,107.85,103.925,0.0,7.6,0.492,0.782,0.0022,-0.3908,0.7885,103.5858,72.8,0,0
META261106P00695000,META,2026-11-06,43,P,695.0,-10.6,777.402,14.55,22.45,18.5,17.99,42.7,0.4992,-0.2196,0.0023,-0.4408,0.7907,18.4856,27.6,9,0
META261106C00700000,META,2026-11-06,43,C,700.0,-9.96,777.402,96.4,104.05,100.225,91.72,7.6,0.4906,0.7695,0.0023,-0.4068,0.8136,99.8842,71.5,3,0
META261106P00700000,META,2026-11-06,43,P,700.0,-9.96,777.402,18.0,20.0,19.0,19.6,10.5,0.4878,-0.2322,0.0023,-0.4544,0.816,18.9641,28.4,32,0
META261106C00705000,META,2026-11-06,43,C,705.0,-9.31,777.402,92.85,99.25,96.05,92.38,6.7,0.4828,0.7566,0.0024,-0.4224,0.8377,95.7132,70.4,8,0
META261106P00705000,META,2026-11-06,43,P,705.0,-9.31,777.402,17.1,25.25,21.175,20.96,38.5,0.4967,-0.2448,0.0024,-0.4673,0.8403,21.16,30.3,13,0
META261106C00710000,META,2026-11-06,43,C,710.0,-8.67,777.402,89.4,97.45,93.425,0.0,8.6,0.4926,0.7435,0.0025,-0.4375,0.8613,93.09,68.4,0,0
META261106P00710000,META,2026-11-06,43,P,710.0,-8.67,777.402,18.85,26.8,22.825,22.04,34.8,0.4974,-0.2584,0.0025,-0.4802,0.8653,22.7647,31.8,7,0
META261106C00715000,META,2026-11-06,43,C,715.0,-8.03,777.402,86.05,92.6,89.325,0.0,7.3,0.4843,0.73,0.0025,-0.4521,0.8842,88.9886,67.3,0,0
META261106P00715000,META,2026-11-06,43,P,715.0,-8.03,777.402,20.55,25.5,23.025,25.0,21.5,0.4813,-0.272,0.0026,-0.4923,0.8867,22.9611,32.5,47,0
META261106C00720000,META,2026-11-06,43,C,720.0,-7.38,777.402,82.75,88.1,85.425,80.94,6.3,0.4778,0.7162,0.0026,-0.4661,0.906,85.0903,66.1,5,0
META261106P00720000,META,2026-11-06,43,P,720.0,-7.38,777.402,21.95,27.8,24.875,0.0,23.5,0.4834,-0.2859,0.0026,-0.5039,0.9081,24.8084,34.2,0,0
META261106C00725000,META,2026-11-06,43,C,725.0,-6.74,777.402,79.55,87.55,83.55,0.0,9.6,0.4927,0.7022,0.0026,-0.4794,0.9262,83.2187,63.9,0,0
META261106P00725000,META,2026-11-06,43,P,725.0,-6.74,777.402,23.7,31.85,27.775,0.0,29.3,0.4961,-0.3001,0.0027,-0.5148,0.9286,27.7238,36.2,0,0
META261106C00730000,META,2026-11-06,43,C,730.0,-6.1,777.402,76.4,84.5,80.45,75.98,10.1,0.4932,0.688,0.0027,-0.4921,0.9454,80.1238,62.4,3,0
META261106P00730000,META,2026-11-06,43,P,730.0,-6.1,777.402,26.0,33.0,29.5,29.1,23.7,0.4945,-0.3145,0.0027,-0.525,0.9495,29.413,37.7,27,0
META261106C00735000,META,2026-11-06,43,C,735.0,-5.45,777.402,73.35,81.4,77.375,77.91,10.4,0.4931,0.6735,0.0028,-0.504,0.9636,77.0493,60.8,21,0
META261106P00735000,META,2026-11-06,43,P,735.0,-5.45,777.402,27.25,35.6,31.425,30.18,26.6,0.4948,-0.3291,0.0028,-0.5345,0.966,31.3559,39.2,11,0
META261106C00740000,META,2026-11-06,43,C,740.0,-4.81,777.402,70.35,78.35,74.35,0.0,10.8,0.4927,0.6589,0.0028,-0.5152,0.9804,74.0219,59.3,0,0
META261106P00740000,META,2026-11-06,43,P,740.0,-4.81,777.402,29.75,37.0,33.375,32.95,21.7,0.494,-0.3439,0.0028,-0.5432,0.9821,33.2685,40.8,11,0
META261106C00745000,META,2026-11-06,43,C,745.0,-4.17,777.402,67.4,74.5,70.95,70.68,10.0,0.4878,0.6441,0.0029,-0.5255,0.9956,70.6222,57.9,2,0
META261106P00745000,META,2026-11-06,43,P,745.0,-4.17,777.402,31.25,39.6,35.425,38.17,23.6,0.494,-0.3588,0.0029,-0.5512,0.9973,35.3353,42.3,8,0
META261106C00750000,META,2026-11-06,43,C,750.0,-3.52,777.402,64.6,73.0,68.8,62.54,12.2,0.4947,0.6292,0.0029,-0.535,1.0093,68.4778,56.1,13,0
META261106P00750000,META,2026-11-06,43,P,750.0,-3.52,777.402,36.0,40.75,38.375,39.1,12.4,0.5017,-0.3739,0.0029,-0.5583,1.0116,38.2571,44.1,9,0
META261106C00755000,META,2026-11-06,43,C,755.0,-2.88,777.402,61.6,70.15,65.875,59.0,13.0,0.4931,0.6142,0.0029,-0.5437,1.0217,65.5596,54.6,2,0
META261106P00755000,META,2026-11-06,43,P,755.0,-2.88,777.402,35.5,43.85,39.675,48.7,21.0,0.4924,-0.3892,0.003,-0.5646,1.0234,39.5366,45.4,2,0
META261106C00760000,META,2026-11-06,43,C,760.0,-2.24,777.402,58.8,63.75,61.275,61.35,8.1,0.4746,0.5991,0.003,-0.5515,1.0326,60.9703,53.4,33,0
META261106P00760000,META,2026-11-06,43,P,760.0,-2.24,777.402,38.45,45.95,42.2,40.83,17.8,0.495,-0.4041,0.003,-0.57,1.0336,42.1014,47.0,122,0
META261106C00765000,META,2026-11-06,43,C,765.0,-1.6,777.402,56.1,64.15,60.125,59.58,13.4,0.4887,0.584,0.003,-0.5584,1.0419,59.8192,51.6,29,0
META261106P00765000,META,2026-11-06,43,P,765.0,-1.6,777.402,40.75,47.9,44.325,44.28,16.1,0.4925,-0.4194,0.003,-0.5745,1.0427,44.2166,48.5,23,0
META261106C00770000,META,2026-11-06,43,C,770.0,-0.95,777.402,53.4,61.8,57.6,56.66,14.6,0.4888,0.5688,0.003,-0.5645,1.0496,57.3005,50.0,11,0
META261106P00770000,META,2026-11-06,43,P,770.0,-0.95,777.402,42.0,48.35,45.175,47.01,14.1,0.4772,-0.4347,0.0031,-0.5782,1.0499,45.0612,49.8,23,0
META261106C00775000,META,2026-11-06,43,C,775.0,-0.31,777.402,50.8,58.7,54.75,54.0,14.4,0.4851,0.5537,0.003,-0.5696,1.0558,54.4576,48.5,45,0
META261106P00775000,META,2026-11-06,43,P,775.0,-0.31,777.402,44.65,52.95,48.8,49.62,17.0,0.4876,-0.4501,0.0031,-0.5809,1.0555,48.676,51.5,2,0
META261106C00780000,META,2026-11-06,43,C,780.0,0.33,777.402,48.7,55.7,52.2,52.97,13.4,0.4835,0.5386,0.003,-0.5739,1.0604,51.9102,47.0,4,0
META261106P00780000,META,2026-11-06,43,P,780.0,0.33,777.402,48.15,55.45,51.8,52.55,14.1,0.4912,-0.4654,0.0031,-0.5828,1.0599,51.6575,53.0,5,0
META261106C00785000,META,2026-11-06,43,C,785.0,0.98,777.402,46.35,54.15,50.25,46.73,15.5,0.4868,0.5235,0.003,-0.5772,1.0636,49.959,45.5,15,0
META261106P00785000,META,2026-11-06,43,P,785.0,0.98,777.402,50.0,58.1,54.05,0.0,15.0,0.487,-0.4806,0.0031,-0.5838,1.063,53.8878,54.5,0,0
META261106C00790000,META,2026-11-06,43,C,790.0,1.62,777.402,44.0,52.15,48.075,47.32,17.0,0.4874,0.5086,0.0031,-0.5797,1.0652,47.797,44.0,5,0
META261106P00790000,META,2026-11-06,43,P,790.0,1.62,777.402,53.0,60.9,56.95,63.74,13.9,0.4884,-0.4958,0.0031,-0.5839,1.0642,56.7875,56.0,1,0
META261106C00795000,META,2026-11-06,43,C,795.0,2.26,777.402,41.7,49.95,45.825,42.15,18.0,0.4865,0.4937,0.003,-0.5813,1.0653,45.5498,42.5,19,0
META261106P00795000,META,2026-11-06,43,P,795.0,2.26,777.402,55.55,63.8,59.675,66.04,13.8,0.4873,-0.5108,0.0031,-0.5832,1.0631,59.4954,57.5,16,0
META261106C00800000,META,2026-11-06,43,C,800.0,2.91,777.402,39.75,46.4,43.075,43.6,15.4,0.4802,0.479,0.003,-0.582,1.064,42.8023,41.0,44,0
META261106P00800000,META,2026-11-06,43,P,800.0,2.91,777.402,58.9,66.85,62.875,70.84,12.6,0.4899,-0.5258,0.0031,-0.5815,1.06,62.67,59.0,4,0
META261106C00805000,META,2026-11-06,43,C,805.0,3.55,777.402,37.85,46.05,41.95,0.0,19.5,0.4886,0.4644,0.003,-0.582,1.0613,41.6886,39.6,0,0
META261106P00805000,META,2026-11-06,43,P,805.0,3.55,777.402,61.6,69.9,65.75,64.83,12.6,0.4888,-0.5406,0.0031,-0.5791,1.0578,65.5233,60.4,1,0
META261106C00810000,META,2026-11-06,43,C,810.0,4.19,777.402,36.0,44.4,40.2,40.32,20.9,0.4904,0.4501,0.003,-0.5811,1.0571,39.9432,38.2,9,0
META261106P00810000,META,2026-11-06,43,P,810.0,4.19,777.402,64.8,73.05,68.925,78.5,12.0,0.49,-0.5552,0.0031,-0.5759,1.0541,68.691,61.8,1,0
META261106C00815000,META,2026-11-06,43,C,815.0,4.84,777.402,35.0,42.1,38.55,38.0,18.4,0.4925,0.4358,0.003,-0.5794,1.0517,38.2972,36.8,9,0
META261106P00815000,META,2026-11-06,43,P,815.0,4.84,777.402,68.0,76.25,72.125,0.0,11.4,0.4907,-0.5697,0.0031,-0.5719,1.0481,71.8747,63.2,0,0
META261106C00820000,META,2026-11-06,43,C,820.0,5.48,777.402,33.75,40.05,36.9,36.1,17.1,0.4945,0.4215,0.003,-0.5769,1.0448,36.7062,35.5,83,0
META261106P00820000,META,2026-11-06,43,P,820.0,5.48,777.402,71.0,79.5,75.25,0.0,11.3,0.49,-0.5839,0.003,-0.5672,1.0392,74.9799,64.6,0,0
META261120C00585000,META,2026-11-20,57,C,585.0,-24.75,777.402,196.8,202.35,199.575,195.13,2.8,0.4696,0.9413,0.0008,-0.0738,0.362,199.1758,93.0,1,6538
META261120P00585000,META,2026-11-20,57,P,585.0,-24.75,777.402,3.95,4.2,4.075,4.04,6.1,0.4987,-0.0588,0.0008,-0.1541,0.3645,4.0995,8.4,76,7436
META261120C00590000,META,2026-11-20,57,C,590.0,-24.11,777.402,192.35,197.55,194.95,186.1,2.7,0.4688,0.9368,0.0008,-0.0844,0.3839,194.5457,92.4,11,3239
META261120P00590000,META,2026-11-20,57,P,590.0,-24.11,777.402,4.3,4.55,4.425,4.49,5.6,0.4966,-0.0633,0.0008,-0.1627,0.3851,4.4564,9.0,114,2931
META261120C00595000,META,2026-11-20,57,C,595.0,-23.46,777.402,190.85,193.35,192.1,180.11,1.3,0.5169,0.932,0.0009,-0.0954,0.4064,191.8783,89.2,2,810
META261120P00595000,META,2026-11-20,57,P,595.0,-23.46,777.402,4.7,4.9,4.8,4.7,4.2,0.4944,-0.0681,0.0009,-0.1717,0.4078,4.8344,9.6,49,771
META261120C00600000,META,2026-11-20,57,C,600.0,-22.82,777.402,183.3,188.2,185.75,185.8,2.6,0.4663,0.9268,0.0009,-0.1066,0.4294,185.3392,91.1,33,4813
META261120P00600000,META,2026-11-20,57,P,600.0,-22.82,777.402,5.15,5.3,5.225,5.25,2.9,0.4927,-0.0733,0.0009,-0.1811,0.4309,5.2594,10.3,951,4279
META261120C00605000,META,2026-11-20,57,C,605.0,-22.18,777.402,178.85,184.4,181.625,176.93,3.1,0.4756,0.9214,0.001,-0.1182,0.4532,181.2152,89.9,5,1213
META261120P00605000,META,2026-11-20,57,P,605.0,-22.18,777.402,5.6,5.9,5.75,5.62,5.2,0.4924,-0.0788,0.001,-0.1909,0.4563,5.7767,11.1,61,635
META261120C00610000,META,2026-11-20,57,C,610.0,-21.53,777.402,174.15,179.6,176.875,170.86,3.1,0.4686,0.9157,0.001,-0.13,0.478,176.46,89.4,2,1614
META261120P00610000,META,2026-11-20,57,P,610.0,-21.53,777.402,6.05,6.4,6.225,6.32,5.6,0.4903,-0.0847,0.001,-0.2008,0.4808,6.2469,11.8,252,990
META261120C00615000,META,2026-11-20,57,C,615.0,-20.89,777.402,169.85,175.25,172.55,175.0,3.1,0.4707,0.9096,0.0011,-0.1422,0.5037,172.134,88.5,20,1035
META261120P00615000,META,2026-11-20,57,P,615.0,-20.89,777.402,6.6,6.85,6.725,6.58,3.7,0.4882,-0.0908,0.0011,-0.211,0.5059,6.7476,12.5,53,762
META261120C00620000,META,2026-11-20,57,C,620.0,-20.25,777.402,165.4,170.4,167.9,162.3,3.0,0.4651,0.9032,0.0011,-0.1545,0.5298,167.4819,88.0,20,767
META261120P00620000,META,2026-11-20,57,P,620.0,-20.25,777.402,7.15,7.45,7.3,7.3,4.1,0.4869,-0.0973,0.0012,-0.2215,0.532,7.3222,13.3,205,1137
META261120C00625000,META,2026-11-20,57,C,625.0,-19.6,777.402,162.1,166.6,164.35,163.8,2.7,0.4802,0.8964,0.0012,-0.167,0.5561,163.9334,86.2,19,889
META261120P00625000,META,2026-11-20,57,P,625.0,-19.6,777.402,7.75,8.15,7.95,8.05,5.0,0.4863,-0.1041,0.0012,-0.2322,0.5589,7.9729,14.2,162,1251
META261120C00630000,META,2026-11-20,57,C,630.0,-18.96,777.402,157.7,161.6,159.65,159.55,2.4,0.4723,0.8893,0.0013,-0.1798,0.583,159.2288,85.7,52,1186
META261120P00630000,META,2026-11-20,57,P,630.0,-18.96,777.402,8.4,8.8,8.6,8.55,4.7,0.4849,-0.1112,0.0013,-0.243,0.5878,8.6203,15.1,118,2008
META261120C00635000,META,2026-11-20,57,C,635.0,-18.32,777.402,152.55,157.45,155.0,157.25,3.2,0.4651,0.8819,0.0013,-0.1927,0.6108,154.5752,85.2,14,2365
META261120P00635000,META,2026-11-20,57,P,635.0,-18.32,777.402,9.1,9.35,9.225,9.35,2.7,0.4824,-0.1188,0.0013,-0.2541,0.6137,9.2414,15.9,93,396
META261120C00640000,META,2026-11-20,57,C,640.0,-17.67,777.402,149.9,153.25,151.575,152.4,2.2,0.4778,0.8741,0.0014,-0.2057,0.639,151.1536,83.4,11,1466
META261120P00640000,META,2026-11-20,57,P,640.0,-17.67,777.402,9.85,10.25,10.05,9.9,4.0,0.4826,-0.1266,0.0014,-0.2652,0.6419,10.0689,16.9,117,1350
META261120C00645000,META,2026-11-20,57,C,645.0,-17.03,777.402,144.2,149.35,146.775,141.22,3.5,0.4672,0.8659,0.0014,-0.2188,0.667,146.3486,83.0,6,498
META261120P00645000,META,2026-11-20,57,P,645.0,-17.03,777.402,10.65,11.05,10.85,10.8,3.7,0.4815,-0.1348,0.0015,-0.2765,0.6696,10.8628,17.9,111,773
META261120C00650000,META,2026-11-20,57,C,650.0,-16.39,777.402,142.55,144.55,143.55,142.57,1.4,0.48,0.8574,0.0015,-0.232,0.695,143.1252,81.1,157,4974
META261120P00650000,META,2026-11-20,57,P,650.0,-16.39,777.402,11.5,11.85,11.675,11.68,3.0,0.4802,-0.1434,0.0015,-0.2878,0.6983,11.6894,18.9,1104,2771
META261120C00655000,META,2026-11-20,57,C,655.0,-15.75,777.402,136.45,140.9,138.675,134.58,3.2,0.4677,0.8486,0.0016,-0.2452,0.7235,138.2468,80.7,18,477
META261120P00655000,META,2026-11-20,57,P,655.0,-15.75,777.402,12.35,12.95,12.65,12.51,4.7,0.4802,-0.1524,0.0016,-0.2992,0.7281,12.6565,20.0,66,355
META261120C00660000,META,2026-11-20,57,C,660.0,-15.1,777.402,132.25,137.3,134.775,135.7,3.7,0.4688,0.8394,0.0016,-0.2584,0.7523,134.3442,79.5,13,2993
META261120P00660000,META,2026-11-20,57,P,660.0,-15.1,777.402,13.35,13.85,13.6,13.65,3.7,0.4792,-0.1616,0.0017,-0.3106,0.7552,13.6046,21.1,186,731
META261120C00665000,META,2026-11-20,57,C,665.0,-14.46,777.402,128.35,132.95,130.65,132.25,3.5,0.4662,0.8299,0.0017,-0.2716,0.7809,130.223,78.5,10,436
META261120P00665000,META,2026-11-20,57,P,665.0,-14.46,777.402,14.35,14.9,14.625,14.45,3.8,0.4785,-0.1713,0.0017,-0.3219,0.7842,14.6277,22.2,581,255
META261120C00670000,META,2026-11-20,57,C,670.0,-13.82,777.402,125.9,129.35,127.625,127.3,2.7,0.4768,0.82,0.0018,-0.2846,0.8089,127.1991,76.7,41,2067
META261120P00670000,META,2026-11-20,57,P,670.0,-13.82,777.402,15.45,15.9,15.675,15.72,2.9,0.4777,-0.181,0.0018,-0.3329,0.8117,15.6974,23.4,1149,475
META261120C00675000,META,2026-11-20,57,C,675.0,-13.17,777.402,121.5,125.35,123.425,122.12,3.1,0.4717,0.8098,0.0018,-0.2976,0.8365,122.9956,75.7,177,928
META261120P00675000,META,2026-11-20,57,P,675.0,-13.17,777.402,16.6,17.05,16.825,16.89,2.7,0.4772,-0.1913,0.0019,-0.3441,0.8403,16.8478,24.6,644,397
META261120C00680000,META,2026-11-20,57,C,680.0,-12.53,777.402,117.85,120.9,119.375,118.75,2.6,0.468,0.7993,0.0019,-0.3104,0.8642,118.9465,74.7,53,1098
META261120P00680000,META,2026-11-20,57,P,680.0,-12.53,777.402,17.75,18.2,17.975,18.25,2.5,0.4759,-0.2021,0.0019,-0.3552,0.8685,17.9879,25.8,186,1116
META261120C00685000,META,2026-11-20,57,C,685.0,-11.89,777.402,113.65,117.8,115.725,116.68,3.6,0.4683,0.7885,0.002,-0.3229,0.8917,115.293,73.4,39,894
META261120P00685000,META,2026-11-20,57,P,685.0,-11.89,777.402,18.95,19.55,19.25,19.04,3.1,0.4755,-0.2128,0.002,-0.3658,0.8945,19.2634,27.0,99,269
META261120C00690000,META,2026-11-20,57,C,690.0,-11.24,777.402,111.2,113.6,112.4,113.15,2.1,0.4715,0.7774,0.002,-0.3353,0.9184,111.97,71.9,89,910
META261120P00690000,META,2026-11-20,57,P,690.0,-11.24,777.402,20.25,20.9,20.575,20.71,3.2,0.4746,-0.2243,0.0021,-0.3765,0.9219,20.5548,28.2,138,402
META261120C00695000,META,2026-11-20,57,C,695.0,-10.6,777.402,107.7,110.35,109.025,104.78,2.4,0.4733,0.766,0.0021,-0.3473,0.944,108.5985,70.5,63,659
META261120P00695000,META,2026-11-20,57,P,695.0,-10.6,777.402,21.75,22.3,22.025,21.95,2.5,0.4747,-0.2358,0.0021,-0.3868,0.9482,22.0005,29.6,203,255
META261120C00700000,META,2026-11-20,57,C,700.0,-9.96,777.402,103.3,106.55,104.925,104.82,3.1,0.4668,0.7544,0.0022,-0.3591,0.969,104.501,69.5,190,17565
META261120P00700000,META,2026-11-20,57,P,700.0,-9.96,777.402,23.2,23.6,23.4,23.53,1.7,0.4737,-0.2473,0.0022,-0.3966,0.9746,23.4061,30.9,781,888
META261120C00705000,META,2026-11-20,57,C,705.0,-9.31,777.402,99.55,103.35,101.45,102.76,3.7,0.4662,0.7425,0.0022,-0.3705,0.9935,101.022,68.2,12,715
META261120P00705000,META,2026-11-20,57,P,705.0,-9.31,777.402,24.75,25.3,25.025,25.4,2.2,0.4739,-0.2597,0.0022,-0.4064,0.9973,24.9925,32.2,187,616
META261120C00710000,META,2026-11-20,57,C,710.0,-8.67,777.402,96.25,100.25,98.25,97.93,4.1,0.4678,0.7303,0.0023,-0.3815,1.0173,97.8311,66.7,65,1138
META261120P00710000,META,2026-11-20,57,P,710.0,-8.67,777.402,26.4,27.0,26.7,26.1,2.2,0.4742,-0.272,0.0023,-0.4156,1.021,26.6575,33.6,245,193
META261120C00715000,META,2026-11-20,57,C,715.0,-8.03,777.402,93.25,96.35,94.8,93.26,3.3,0.4662,0.718,0.0023,-0.3921,1.0398,94.385,65.4,15,772
META261120P00715000,META,2026-11-20,57,P,715.0,-8.03,777.402,28.05,28.85,28.45,27.76,2.8,0.4746,-0.2845,0.0023,-0.4244,1.0431,28.4024,35.0,97,108
META261120C00720000,META,2026-11-20,57,C,720.0,-7.38,777.402,90.3,93.2,91.75,91.13,3.2,0.4677,0.7054,0.0024,-0.4022,1.061,91.3293,63.9,190,1564
META261120P00720000,META,2026-11-20,57,P,720.0,-7.38,777.402,29.75,30.45,30.1,30.34,2.3,0.4734,-0.2972,0.0024,-0.4328,1.0646,30.0479,36.3,141,678
META261120C00725000,META,2026-11-20,57,C,725.0,-6.74,777.402,87.75,90.35,89.05,87.79,2.9,0.4719,0.6926,0.0024,-0.4119,1.0812,88.6418,62.3,34,1457
META261120P00725000,META,2026-11-20,57,P,725.0,-6.74,777.402,31.55,32.2,31.875,32.15,2.0,0.473,-0.3098,0.0024,-0.4407,1.0857,31.8441,37.7,138,227
META261120C00730000,META,2026-11-20,57,C,730.0,-6.1,777.402,84.35,86.6,85.475,84.7,2.6,0.4672,0.6797,0.0024,-0.4211,1.1004,85.0621,61.1,132,903
META261120P00730000,META,2026-11-20,57,P,730.0,-6.1,777.402,33.45,34.15,33.8,33.85,2.1,0.4731,-0.3229,0.0025,-0.4481,1.1033,33.7633,39.1,631,223
META261120C00735000,META,2026-11-20,57,C,735.0,-5.45,777.402,81.45,84.2,82.825,82.2,3.3,0.4704,0.6666,0.0025,-0.4298,1.1185,82.4186,59.6,266,834
META261120P00735000,META,2026-11-20,57,P,735.0,-5.45,777.402,35.5,36.2,35.85,35.82,2.0,0.4733,-0.3365,0.0025,-0.4551,1.1215,35.764,40.5,287,1042
META261120C00740000,META,2026-11-20,57,C,740.0,-4.81,777.402,78.45,80.5,79.475,79.47,2.6,0.4667,0.6534,0.0025,-0.4379,1.1352,79.0737,58.3,48,1831
META261120P00740000,META,2026-11-20,57,P,740.0,-4.81,777.402,37.5,38.2,37.85,37.8,1.8,0.4732,-0.3496,0.0026,-0.4614,1.1375,37.8014,41.9,327,466
META261120C00745000,META,2026-11-20,57,C,745.0,-4.17,777.402,75.8,77.65,76.725,77.65,2.4,0.4677,0.6401,0.0026,-0.4455,1.1503,76.3285,56.8,197,739
META261120P00745000,META,2026-11-20,57,P,745.0,-4.17,777.402,39.55,40.45,40.0,40.24,2.3,0.4734,-0.363,0.0026,-0.4673,1.1526,39.9431,43.4,63,606
META261120C00750000,META,2026-11-20,57,C,750.0,-3.52,777.402,73.1,75.2,74.15,74.02,2.8,0.4696,0.6267,0.0026,-0.4525,1.1642,73.762,55.3,511,7203
META261120P00750000,META,2026-11-20,57,P,750.0,-3.52,777.402,41.8,42.5,42.15,42.05,1.7,0.473,-0.3766,0.0026,-0.4726,1.167,42.0857,44.8,2261,256
META261120C00755000,META,2026-11-20,57,C,755.0,-2.88,777.402,70.85,72.1,71.475,72.89,1.7,0.47,0.6133,0.0026,-0.4589,1.1768,71.0946,53.9,159,4249
META261120P00755000,META,2026-11-20,57,P,755.0,-2.88,777.402,44.05,45.0,44.525,44.0,2.1,0.4738,-0.3903,0.0027,-0.4773,1.1785,44.4385,46.2,70,142
META261120C00760000,META,2026-11-20,57,C,760.0,-2.24,777.402,68.8,69.95,69.375,68.63,1.7,0.4746,0.5998,0.0026,-0.4647,1.1881,68.9977,52.4,251,4747
META261120P00760000,META,2026-11-20,57,P,760.0,-2.24,777.402,46.4,47.4,46.9,47.35,2.1,0.4741,-0.404,0.0027,-0.4814,1.1894,46.8037,47.6,126,219
META261120C00765000,META,2026-11-20,57,C,765.0,-1.6,777.402,65.75,67.25,66.5,66.35,2.3,0.472,0.5862,0.0027,-0.47,1.1978,66.117,51.1,228,4157
META261120P00765000,META,2026-11-20,57,P,765.0,-1.6,777.402,49.0,49.7,49.35,49.23,1.4,0.474,-0.4181,0.0027,-0.4849,1.1987,49.1909,49.0,187,69
META261120C00770000,META,2026-11-20,57,C,770.0,-0.95,777.402,63.45,64.6,64.025,63.05,1.8,0.4723,0.5727,0.0027,-0.4746,1.206,63.651,49.7,270,5165
META261120P00770000,META,2026-11-20,57,P,770.0,-0.95,777.402,51.35,52.35,51.85,51.66,1.9,0.4746,-0.4319,0.0027,-0.4878,1.2064,51.7316,50.4,482,57
META261120C00775000,META,2026-11-20,57,C,775.0,-0.31,777.402,60.7,61.85,61.275,61.35,1.9,0.4698,0.5592,0.0027,-0.4786,1.2129,60.9148,48.3,648,4640
META261120P00775000,META,2026-11-20,57,P,775.0,-0.31,777.402,53.9,54.85,54.375,54.78,1.7,0.4744,-0.4453,0.0028,-0.4902,1.2127,54.2448,51.8,88,26
META261120C00780000,META,2026-11-20,57,C,780.0,0.33,777.402,58.5,59.8,59.15,57.5,2.2,0.4718,0.5456,0.0027,-0.482,1.2183,58.7926,46.9,330,6814
META261120P00780000,META,2026-11-20,57,P,780.0,0.33,777.402,56.55,57.5,57.025,57.3,1.7,0.4746,-0.4591,0.0028,-0.4918,1.2179,56.8746,53.1,101,186
META261120C00785000,META,2026-11-20,57,C,785.0,0.98,777.402,56.25,57.4,56.825,55.95,2.0,0.4716,0.5322,0.0027,-0.4848,1.2224,56.4713,45.5,113,299
META261120P00785000,META,2026-11-20,57,P,785.0,0.98,777.402,59.25,60.4,59.825,60.55,1.9,0.4756,-0.4728,0.0028,-0.493,1.2213,59.6698,54.5,12,52
META261120C00790000,META,2026-11-20,57,C,790.0,1.62,777.402,54.2,55.2,54.7,54.73,1.8,0.4725,0.5188,0.0027,-0.487,1.225,54.3519,44.2,109,1006
META261120P00790000,META,2026-11-20,57,P,790.0,1.62,777.402,62.05,63.15,62.6,65.15,1.8,0.4757,-0.4864,0.0028,-0.4934,1.2233,62.4223,55.8,13,87
META261120C00795000,META,2026-11-20,57,C,795.0,2.26,777.402,52.1,53.0,52.55,53.44,1.7,0.4729,0.5055,0.0027,-0.4886,1.2262,52.2379,42.9,92,922
META261120P00795000,META,2026-11-20,57,P,795.0,2.26,777.402,64.9,65.9,65.4,65.3,1.5,0.4755,-0.5,0.0028,-0.4934,1.2232,65.204,57.1,19,19
META261120C00800000,META,2026-11-20,57,C,800.0,2.91,777.402,50.25,51.0,50.625,50.05,1.5,0.4729,0.4922,0.0027,-0.4896,1.2262,50.1407,41.6,1393,22732
META261120P00800000,META,2026-11-20,57,P,800.0,2.91,777.402,67.6,68.85,68.225,68.77,1.8,0.475,-0.5135,0.0028,-0.4927,1.2227,68.0143,58.4,55,193
META261120C00805000,META,2026-11-20,57,C,805.0,3.55,777.402,48.2,49.0,48.6,48.6,1.6,0.473,0.4791,0.0027,-0.49,1.2248,48.1205,40.3,134,4191
META261120P00805000,META,2026-11-20,57,P,805.0,3.55,777.402,70.75,71.85,71.3,88.95,1.5,0.4759,-0.5269,0.0028,-0.4915,1.2203,71.0605,59.7,0,23
META261120C00810000,META,2026-11-20,57,C,810.0,4.19,777.402,46.1,46.8,46.45,47.0,1.5,0.4726,0.4661,0.0027,-0.49,1.222,46.1031,39.0,157,6730
META261120P00810000,META,2026-11-20,57,P,810.0,4.19,777.402,73.85,74.85,74.35,75.78,1.3,0.4762,-0.5401,0.0028,-0.4898,1.2177,74.0965,61.0,5,1
META261120C00815000,META,2026-11-20,57,C,815.0,4.84,777.402,44.15,44.95,44.55,43.0,1.8,0.4734,0.4529,0.0027,-0.4892,1.2176,44.2949,37.7,146,4161
META261120P00815000,META,2026-11-20,57,P,815.0,4.84,777.402,76.75,78.05,77.4,87.9,1.7,0.4759,-0.5532,0.0028,-0.4874,1.2125,77.1218,62.2,30,11
META261120C00820000,META,2026-11-20,57,C,820.0,5.48,777.402,42.35,43.05,42.7,42.75,1.6,0.4734,0.4402,0.0027,-0.488,1.2125,42.451,36.5,359,4824
META261120P00820000,META,2026-11-20,57,P,820.0,5.48,777.402,80.15,81.15,80.65,89.5,1.2,0.4768,-0.5662,0.0028,-0.4845,1.2064,80.3544,63.5,20,1
META261120C00825000,META,2026-11-20,57,C,825.0,6.12,777.402,40.6,41.3,40.95,41.3,1.7,0.4737,0.4277,0.0027,-0.4863,1.2063,40.7041,35.3,88,4836
META261120P00825000,META,2026-11-20,57,P,825.0,6.12,777.402,83.15,84.6,83.875,207.95,1.7,0.4769,-0.5791,0.0027,-0.4812,1.198,83.5499,64.7,0,0
META261120C00830000,META,2026-11-20,57,C,830.0,6.77,777.402,38.95,39.7,39.325,39.13,1.9,0.4742,0.4153,0.0027,-0.4842,1.1989,39.0404,34.1,449,5238
META261120P00830000,META,2026-11-20,57,P,830.0,6.77,777.402,86.35,87.95,87.15,87.25,1.8,0.4784,-0.5918,0.0027,-0.4774,1.1878,86.9722,65.8,1,0
META261120C00835000,META,2026-11-20,57,C,835.0,7.41,777.402,37.35,38.05,37.7,37.15,1.9,0.4748,0.4031,0.0026,-0.4815,1.1903,37.4463,32.9,71,229
META261120P00835000,META,2026-11-20,57,P,835.0,7.41,777.402,90.05,91.5,90.775,173.65,1.6,0.4794,-0.6043,0.0027,-0.4732,1.1808,90.3908,67.0,0,1
META261120C00840000,META,2026-11-20,57,C,840.0,8.05,777.402,35.75,36.5,36.125,36.03,2.1,0.4753,0.3911,0.0026,-0.4784,1.1806,35.8966,31.8,217,971
META261120P00840000,META,2026-11-20,57,P,840.0,8.05,777.402,93.35,95.05,94.2,116.65,1.8,0.4798,-0.6166,0.0027,-0.4684,1.1707,93.7938,68.1,1,0
META261120C00845000,META,2026-11-20,57,C,845.0,8.7,777.402,34.25,34.95,34.6,34.38,2.0,0.4752,0.3796,0.0026,-0.4751,1.1704,34.3322,30.7,16,377
META261120P00845000,META,2026-11-20,57,P,845.0,8.7,777.402,96.85,98.65,97.75,225.55,1.8,0.4807,-0.6287,0.0027,-0.4632,1.159,97.31,69.2,0,0
META261120C00850000,META,2026-11-20,57,C,850.0,9.34,777.402,32.8,33.5,33.15,32.8,2.1,0.4761,0.3677,0.0026,-0.471,1.1586,32.9383,29.6,592,2198
META261120P00850000,META,2026-11-20,57,P,850.0,9.34,777.402,100.35,102.2,101.275,121.25,1.8,0.481,-0.6406,0.0026,-0.4576,1.1455,100.8092,70.3,0,16
META261120C00855000,META,2026-11-20,57,C,855.0,9.98,777.402,31.35,32.05,31.7,31.32,2.2,0.4757,0.3566,0.0025,-0.4668,1.1471,31.4476,28.5,19,262
META261120P00855000,META,2026-11-20,57,P,855.0,9.98,777.402,103.6,105.9,104.75,0.0,2.2,0.4803,-0.6524,0.0026,-0.4516,1.1304,104.2467,71.3,0,0
META261120C00860000,META,2026-11-20,57,C,860.0,10.62,777.402,30.0,30.8,30.4,31.0,2.6,0.4766,0.3454,0.0025,-0.4622,1.1342,30.157,27.5,227,881
META261120P00860000,META,2026-11-20,57,P,860.0,10.62,777.402,107.55,109.65,108.6,112.0,1.9,0.4825,-0.6639,0.0026,-0.4453,1.114,108.0659,72.3,1,1
META261120C00865000,META,2026-11-20,57,C,865.0,11.27,777.402,28.6,29.5,29.05,30.0,3.1,0.4766,0.3344,0.0025,-0.4572,1.1203,28.815,26.5,41,214
META261120P00865000,META,2026-11-20,57,P,865.0,11.27,777.402,111.1,112.7,111.9,115.0,1.4,0.4792,-0.6752,0.0025,-0.4387,1.1025,111.316,73.4,40,33
META261120C00870000,META,2026-11-20,57,C,870.0,11.91,777.402,27.5,28.25,27.875,28.01,2.7,0.4777,0.3237,0.0024,-0.4518,1.1056,27.6436,25.5,66,951
META261120P00870000,META,2026-11-20,57,P,870.0,11.91,777.402,115.15,117.6,116.375,130.9,2.1,0.4863,-0.6863,0.0025,-0.4317,1.0867,115.771,74.2,0,21
META261120C00875000,META,2026-11-20,57,C,875.0,12.55,777.402,26.35,27.1,26.725,27.32,2.8,0.4787,0.3132,0.0024,-0.4462,1.0903,26.5066,24.6,96,908
META261120P00875000,META,2026-11-20,57,P,875.0,12.55,777.402,118.75,121.5,120.125,289.4,2.3,0.4864,-0.6971,0.0025,-0.4243,1.0707,119.492,75.1,0,0
META261120C00880000,META,2026-11-20,57,C,880.0,13.2,777.402,25.2,25.9,25.55,26.18,2.7,0.479,0.3029,0.0024,-0.4403,1.0746,25.3391,23.7,83,329
META261120P00880000,META,2026-11-20,57,P,880.0,13.2,777.402,121.6,125.4,123.5,136.15,3.1,0.4824,-0.7077,0.0024,-0.4167,1.0518,122.8204,76.2,1,10
META261120C00885000,META,2026-11-20,57,C,885.0,13.84,777.402,24.0,24.65,24.325,25.06,2.7,0.4784,0.2928,0.0023,-0.4341,1.0586,24.1222,22.7,59,163
META261120P00885000,META,2026-11-20,57,P,885.0,13.84,777.402,125.55,129.4,127.475,210.15,3.0,0.4836,-0.7181,0.0024,-0.4089,1.0311,126.7558,77.1,0,0
META261120C00890000,META,2026-11-20,57,C,890.0,14.48,777.402,23.2,23.85,23.525,23.45,2.8,0.4814,0.283,0.0023,-0.4278,1.0421,23.3238,22.0,86,156
META261120P00890000,META,2026-11-20,57,P,890.0,14.48,777.402,129.45,133.35,131.4,131.65,3.0,0.4838,-0.7283,0.0024,-0.4009,1.0096,130.6281,77.9,33,0
META261120C00895000,META,2026-11-20,57,C,895.0,15.13,777.402,21.9,22.55,22.225,22.8,2.9,0.4792,0.2734,0.0022,-0.4212,1.0248,22.0306,21.0,27,65
META261120P00895000,META,2026-11-20,57,P,895.0,15.13,777.402,133.65,137.5,135.575,144.45,2.8,0.4861,-0.7383,0.0023,-0.3927,0.9952,134.7572,78.7,10,0
META261120C00900000,META,2026-11-20,57,C,900.0,15.77,777.402,21.05,21.5,21.275,21.05,2.1,0.4801,0.2641,0.0022,-0.4144,1.007,21.0964,20.2,7083,10170
META261120P00900000,META,2026-11-20,57,P,900.0,15.77,777.402,137.65,141.55,139.6,167.22,2.8,0.4866,-0.748,0.0023,-0.3842,0.9778,138.7398,79.5,0,84
META261120C00905000,META,2026-11-20,57,C,905.0,16.41,777.402,20.05,20.75,20.4,20.25,3.4,0.4812,0.255,0.0022,-0.4074,0.9888,20.2195,19.4,43,185
META261120P00905000,META,2026-11-20,57,P,905.0,16.41,777.402,141.65,145.7,143.675,267.65,2.8,0.4873,-0.7574,0.0022,-0.3755,0.9586,142.781,80.3,0,0
META261120C00910000,META,2026-11-20,57,C,910.0,17.06,777.402,19.15,19.75,19.45,19.98,3.1,0.4813,0.2461,0.0021,-0.4003,0.9706,19.2824,18.7,275,289
META261120P00910000,META,2026-11-20,57,P,910.0,17.06,777.402,145.75,150.0,147.875,250.55,2.9,0.4888,-0.7666,0.0022,-0.3667,0.9378,146.9366,81.0,0,0
META261120C00915000,META,2026-11-20,57,C,915.0,17.7,777.402,18.2,19.0,18.6,18.43,4.3,0.482,0.2375,0.0021,-0.3931,0.9524,18.4398,17.9,28,55
META261120P00915000,META,2026-11-20,57,P,915.0,17.7,777.402,149.85,154.25,152.05,267.85,2.9,0.4896,-0.7756,0.0022,-0.3579,0.9108,151.0585,81.8,0,0
META261120C00920000,META,2026-11-20,57,C,920.0,18.34,777.402,17.35,18.05,17.7,18.02,4.0,0.4817,0.2291,0.002,-0.3858,0.934,17.5397,17.2,180,260
META261120P00920000,META,2026-11-20,57,P,920.0,18.34,777.402,154.3,158.5,156.4,385.7,2.7,0.492,-0.7844,0.0021,-0.3489,0.8883,155.3639,82.4,0,0
META261120C00925000,META,2026-11-20,57,C,925.0,18.99,777.402,16.7,17.35,17.025,17.0,3.8,0.4836,0.221,0.002,-0.3783,0.9152,16.8753,16.5,92,877
META261120P00925000,META,2026-11-20,57,P,925.0,18.99,777.402,158.4,162.75,160.575,342.48,2.7,0.492,-0.793,0.0021,-0.3398,0.8688,159.4768,83.1,0,0
META261120C00930000,META,2026-11-20,57,C,930.0,19.63,777.402,15.9,16.55,16.225,16.23,4.0,0.4837,0.213,0.0019,-0.3708,0.8961,16.0795,15.9,54,131
META261120P00930000,META,2026-11-20,57,P,930.0,19.63,777.402,161.75,167.05,164.4,192.65,3.2,0.4876,-0.8013,0.002,-0.3306,0.8532,163.2319,84.0,0,1
META261120C00935000,META,2026-11-20,57,C,935.0,20.27,777.402,15.1,15.8,15.45,14.9,4.5,0.4838,0.2053,0.0019,-0.3632,0.8767,15.3172,15.2,9,133
META261120P00935000,META,2026-11-20,57,P,935.0,20.27,777.402,166.75,171.4,169.075,280.55,2.8,0.4928,-0.8094,0.002,-0.3213,0.8321,167.8759,84.5,0,0
META261120C00940000,META,2026-11-20,57,C,940.0,20.92,777.402,14.4,15.2,14.8,14.32,5.4,0.4849,0.1979,0.0018,-0.3556,0.8574,14.6715,14.6,31,178
META261120P00940000,META,2026-11-20,57,P,940.0,20.92,777.402,171.25,175.75,173.5,191.2,2.6,0.4947,-0.8172,0.002,-0.3119,0.8134,172.2513,85.0,0,27
META261120C00945000,META,2026-11-20,57,C,945.0,21.56,777.402,13.75,14.5,14.125,13.65,5.3,0.4853,0.1906,0.0018,-0.348,0.8384,13.9953,14.0,16,102
META261120P00945000,META,2026-11-20,57,P,945.0,21.56,777.402,175.5,180.35,177.925,0.0,2.7,0.4963,-0.8248,0.0019,-0.3028,0.7867,176.6261,85.6,0,0
META261120C00950000,META,2026-11-20,57,C,950.0,22.2,777.402,13.25,13.9,13.575,13.45,4.8,0.4858,0.1836,0.0018,-0.3403,0.8196,13.3561,13.4,174,2488
META261120P00950000,META,2026-11-20,57,P,950.0,22.2,777.402,179.85,185.05,182.45,211.95,2.9,0.4989,-0.8323,0.0019,-0.2936,0.7586,181.108,86.1,0,1
META261120C00955000,META,2026-11-20,57,C,955.0,22.85,777.402,12.5,13.15,12.825,12.4,5.1,0.4859,0.1768,0.0017,-0.3326,0.8008,12.7128,12.8,79,61
META261120P00955000,META,2026-11-20,57,P,955.0,22.85,777.402,184.3,188.8,186.55,0.0,2.4,0.4954,-0.8396,0.0018,-0.2843,0.7341,185.1181,86.8,0,0
META261120C00960000,META,2026-11-20,57,C,960.0,23.49,777.402,12.0,12.55,12.275,12.6,4.5,0.4869,0.1702,0.0017,-0.325,0.7818,12.1666,12.3,109,192
META261120P00960000,META,2026-11-20,57,P,960.0,23.49,777.402,188.75,193.6,191.175,200.5,2.5,0.4985,-0.8466,0.0018,-0.2749,0.7164,189.6883,87.2,1,0
META261120C00965000,META,2026-11-20,57,C,965.0,24.13,777.402,11.4,11.95,11.675,11.55,4.7,0.4869,0.1638,0.0016,-0.3174,0.7627,11.569,11.8,42,137
META261120P00965000,META,2026-11-20,57,P,965.0,24.13,777.402,193.15,198.0,195.575,0.0,2.5,0.4982,-0.8534,0.0018,-0.2655,0.7011,194.0136,87.8,0,0
META261120C00970000,META,2026-11-20,57,C,970.0,24.77,777.402,10.85,11.4,11.125,10.75,4.9,0.4873,0.1576,0.0016,-0.3098,0.7436,11.027,11.3,19,64
META261120P00970000,META,2026-11-20,57,P,970.0,24.77,777.402,197.85,202.85,200.35,0.0,2.5,0.503,-0.8599,0.0017,-0.2561,0.6812,198.75,88.1,0,0
META261218C00585000,META,2026-12-18,85,C,585.0,-24.75,777.402,201.45,206.25,203.85,205.85,2.4,0.4471,0.9218,0.0008,-0.0926,0.5521,203.5851,89.5,3,348
META261218P00585000,META,2026-12-18,85,P,585.0,-24.75,777.402,6.6,6.95,6.775,7.14,5.2,0.467,-0.0785,0.0008,-0.1472,0.5555,6.8124,11.7,10,586
META261218C00590000,META,2026-12-18,85,C,590.0,-24.11,777.402,197.15,202.0,199.575,200.6,2.4,0.4497,0.9167,0.0009,-0.1008,0.5794,199.3108,88.6,8,654
META261218P00590000,META,2026-12-18,85,P,590.0,-24.11,777.402,7.15,7.45,7.3,7.4,4.1,0.4656,-0.0837,0.0009,-0.1542,0.5821,7.3295,12.4,52,2011
META261218C00595000,META,2026-12-18,85,C,595.0,-23.46,777.402,192.55,197.35,194.95,190.57,2.5,0.4456,0.9113,0.0009,-0.1091,0.6073,194.7069,88.1,53,398
META261218P00595000,META,2026-12-18,85,P,595.0,-23.46,777.402,7.65,7.95,7.8,7.85,3.8,0.4636,-0.0891,0.0009,-0.1611,0.6094,7.8405,13.0,12,1064
META261218C00600000,META,2026-12-18,85,C,600.0,-22.82,777.402,188.4,193.2,190.8,192.18,2.5,0.4484,0.9056,0.001,-0.1176,0.6354,190.531,87.1,67,3510
META261218P00600000,META,2026-12-18,85,P,600.0,-22.82,777.402,8.25,8.4,8.325,8.55,1.8,0.4618,-0.0948,0.001,-0.1683,0.6373,8.3922,13.7,318,4293
META261218C00605000,META,2026-12-18,85,C,605.0,-22.18,777.402,185.15,188.75,186.95,182.17,1.9,0.4554,0.8997,0.001,-0.1262,0.6642,186.685,85.8,39,505
META261218P00605000,META,2026-12-18,85,P,605.0,-22.18,777.402,8.9,9.2,9.05,9.03,3.3,0.4616,-0.1009,0.001,-0.1758,0.6672,9.0795,14.5,62,307
META261218C00610000,META,2026-12-18,85,C,610.0,-21.53,777.402,179.6,184.25,181.925,184.06,2.6,0.448,0.8935,0.0011,-0.1349,0.6933,181.9556,85.5,155,986
META261218P00610000,META,2026-12-18,85,P,610.0,-21.53,777.402,9.55,9.9,9.725,9.72,3.6,0.4606,-0.1071,0.0011,-0.1833,0.6977,9.7522,15.3,57,1175
META261218C00615000,META,2026-12-18,85,C,615.0,-20.89,777.402,175.55,180.45,178.0,179.48,2.8,0.4478,0.887,0.0011,-0.1438,0.7232,177.7296,84.6,155,420
META261218P00615000,META,2026-12-18,85,P,615.0,-20.89,777.402,10.25,10.65,10.45,10.35,3.8,0.4598,-0.1136,0.0011,-0.1908,0.7268,10.4764,16.2,5,775
META261218C00620000,META,2026-12-18,85,C,620.0,-20.25,777.402,171.25,176.15,173.7,173.36,2.8,0.4459,0.8802,0.0012,-0.1527,0.7537,173.4227,83.8,213,1461
META261218P00620000,META,2026-12-18,85,P,620.0,-20.25,777.402,10.95,11.3,11.125,11.2,3.1,0.4578,-0.1204,0.0012,-0.1985,0.7566,11.1502,17.0,138,1657
META261218C00625000,META,2026-12-18,85,C,625.0,-19.6,777.402,168.25,171.6,169.925,170.45,2.0,0.4509,0.8732,0.0012,-0.1617,0.7842,169.6755,82.6,11,412
META261218P00625000,META,2026-12-18,85,P,625.0,-19.6,777.402,11.75,12.2,11.975,12.2,3.8,0.4576,-0.1275,0.0012,-0.2063,0.7869,11.9977,17.9,56,390
META261218C00630000,META,2026-12-18,85,C,630.0,-18.96,777.402,163.2,167.75,165.475,162.15,2.7,0.4457,0.866,0.0013,-0.1707,0.8145,165.1953,81.9,37,1242
META261218P00630000,META,2026-12-18,85,P,630.0,-18.96,777.402,12.6,13.05,12.825,12.91,3.5,0.4568,-0.1348,0.0013,-0.214,0.8183,12.8421,18.8,102,1640
META261218C00635000,META,2026-12-18,85,C,635.0,-18.32,777.402,158.85,164.15,161.5,161.5,3.3,0.4464,0.8584,0.0013,-0.1797,0.8449,161.2181,80.9,4,211
META261218P00635000,META,2026-12-18,85,P,635.0,-18.32,777.402,13.5,14.05,13.775,13.65,4.0,0.457,-0.1423,0.0013,-0.2218,0.849,13.8139,19.8,31,337
META261218C00640000,META,2026-12-18,85,C,640.0,-17.67,777.402,155.8,159.95,157.875,157.07,2.6,0.4505,0.8506,0.0014,-0.1888,0.8758,157.5883,79.6,27,1711
META261218P00640000,META,2026-12-18,85,P,640.0,-17.67,777.402,14.4,14.95,14.675,14.73,3.7,0.4557,-0.1502,0.0014,-0.2296,0.8802,14.7048,20.7,88,1213
META261218C00645000,META,2026-12-18,85,C,645.0,-17.03,777.402,151.8,155.4,153.6,155.87,2.3,0.4502,0.8425,0.0014,-0.1978,0.907,153.6417,78.6,7,567
META261218P00645000,META,2026-12-18,85,P,645.0,-17.03,777.402,15.4,15.9,15.65,15.75,3.2,0.4547,-0.1585,0.0014,-0.2376,0.9103,15.665,21.7,12,258
META261218C00650000,META,2026-12-18,85,C,650.0,-16.39,777.402,147.8,151.55,149.675,150.0,2.5,0.446,0.8342,0.0015,-0.2068,0.9379,149.3833,77.9,105,5163
META261218P00650000,META,2026-12-18,85,P,650.0,-16.39,777.402,16.4,16.95,16.675,16.7,3.3,0.4538,-0.1669,0.0015,-0.2454,0.9414,16.6797,22.7,221,2305
META261218C00655000,META,2026-12-18,85,C,655.0,-15.75,777.402,143.9,148.1,146.0,141.18,2.9,0.4476,0.8256,0.0015,-0.2158,0.9683,145.7063,76.7,9,601
META261218P00655000,META,2026-12-18,85,P,655.0,-15.75,777.402,17.5,18.0,17.75,17.89,2.8,0.4533,-0.1754,0.0015,-0.2531,0.9716,17.7798,23.7,8,239
META261218C00660000,META,2026-12-18,85,C,660.0,-15.1,777.402,140.0,144.3,142.15,141.78,3.0,0.4468,0.8168,0.0016,-0.2247,0.9982,141.8557,75.6,77,2307
META261218P00660000,META,2026-12-18,85,P,660.0,-15.1,777.402,18.65,19.15,18.9,19.09,2.6,0.4528,-0.1843,0.0016,-0.2608,1.0028,18.9301,24.7,245,4985
META261218C00665000,META,2026-12-18,85,C,665.0,-14.46,777.402,136.35,140.35,138.35,137.85,2.9,0.4459,0.8077,0.0016,-0.2335,1.0282,138.0445,74.6,8,691
META261218P00665000,META,2026-12-18,85,P,665.0,-14.46,777.402,19.85,20.45,20.15,19.88,3.0,0.4525,-0.1937,0.0016,-0.2685,1.0342,20.1522,25.8,47,354
META261218C00670000,META,2026-12-18,85,C,670.0,-13.82,777.402,132.5,136.6,134.55,135.71,3.0,0.4446,0.7984,0.0017,-0.2422,1.0581,134.2413,73.5,51,1308
META261218P00670000,META,2026-12-18,85,P,670.0,-13.82,777.402,21.1,21.65,21.375,21.35,2.6,0.4519,-0.2029,0.0017,-0.2759,1.0617,21.3959,26.9,1170,2621
META261218C00675000,META,2026-12-18,85,C,675.0,-13.17,777.402,128.7,132.65,130.675,133.0,3.0,0.4424,0.7889,0.0017,-0.2508,1.0875,130.3898,72.5,6,357
META261218P00675000,META,2026-12-18,85,P,675.0,-13.17,777.402,22.4,22.85,22.625,22.41,2.0,0.4508,-0.2128,0.0017,-0.2834,1.0917,22.6376,28.0,22,179
META261218C00680000,META,2026-12-18,85,C,680.0,-12.53,777.402,125.85,129.25,127.55,130.0,2.7,0.4462,0.7791,0.0018,-0.2592,1.116,127.2472,71.1,74,1821
META261218P00680000,META,2026-12-18,85,P,680.0,-12.53,777.402,23.75,24.35,24.05,24.36,2.5,0.4506,-0.2226,0.0018,-0.2907,1.1198,24.03,29.1,173,1798
META261218C00685000,META,2026-12-18,85,C,685.0,-11.89,777.402,122.0,125.6,123.8,123.53,2.9,0.4439,0.7692,0.0018,-0.2674,1.1437,123.4907,70.1,6,235
META261218P00685000,META,2026-12-18,85,P,685.0,-11.89,777.402,25.2,25.95,25.575,25.45,2.9,0.4513,-0.2327,0.0018,-0.2978,1.1482,25.5817,30.3,14,133
META261218C00690000,META,2026-12-18,85,C,690.0,-11.24,777.402,118.15,122.05,120.1,117.5,3.2,0.4417,0.759,0.0018,-0.2755,1.1707,119.7918,69.0,12,759
META261218P00690000,META,2026-12-18,85,P,690.0,-11.24,777.402,26.7,27.05,26.875,26.7,1.3,0.449,-0.243,0.0019,-0.3047,1.1767,26.8439,31.4,426,249
META261218C00695000,META,2026-12-18,85,C,695.0,-10.6,777.402,114.8,119.55,117.175,117.83,4.1,0.4456,0.7486,0.0019,-0.2834,1.1973,116.8673,67.6,54,334
META261218P00695000,META,2026-12-18,85,P,695.0,-10.6,777.402,28.25,29.05,28.65,30.1,2.8,0.4508,-0.2535,0.0019,-0.3114,1.2021,28.6435,32.7,18,119
META261218C00700000,META,2026-12-18,85,C,700.0,-9.96,777.402,112.3,115.0,113.65,113.33,2.4,0.4441,0.7381,0.0019,-0.291,1.2232,113.3649,66.5,422,7680
META261218P00700000,META,2026-12-18,85,P,700.0,-9.96,777.402,29.9,30.55,30.225,30.25,2.2,0.4499,-0.2642,0.002,-0.318,1.2271,30.1812,33.8,1664,2159
META261218C00705000,META,2026-12-18,85,C,705.0,-9.31,777.402,108.4,112.35,110.375,111.35,3.6,0.4438,0.7274,0.002,-0.2984,1.2481,110.0644,65.3,6,515
META261218P00705000,META,2026-12-18,85,P,705.0,-9.31,777.402,31.55,32.2,31.875,33.83,2.0,0.4494,-0.275,0.002,-0.3242,1.252,31.8239,35.0,9,410
META261218C00710000,META,2026-12-18,85,C,710.0,-8.67,777.402,105.95,108.75,107.35,109.08,2.6,0.4452,0.7166,0.002,-0.3055,1.2717,107.0388,64.0,18,610
META261218P00710000,META,2026-12-18,85,P,710.0,-8.67,777.402,33.3,33.95,33.625,33.2,1.9,0.4494,-0.286,0.002,-0.3303,1.2763,33.5878,36.2,40,430
META261218C00715000,META,2026-12-18,85,C,715.0,-8.03,777.402,102.9,105.6,104.25,99.25,2.6,0.4455,0.7056,0.002,-0.3124,1.2942,103.9384,62.7,31,317
META261218P00715000,META,2026-12-18,85,P,715.0,-8.03,777.402,35.1,35.75,35.425,35.45,1.8,0.4492,-0.2971,0.0021,-0.336,1.2992,35.386,37.4,9,269
META261218C00720000,META,2026-12-18,85,C,720.0,-7.38,777.402,99.85,102.45,101.15,102.55,2.6,0.4453,0.6945,0.0021,-0.319,1.3158,100.8346,61.5,265,3548
META261218P00720000,META,2026-12-18,85,P,720.0,-7.38,777.402,36.95,37.7,37.325,37.1,2.0,0.449,-0.3084,0.0021,-0.3415,1.3209,37.2439,38.6,107,328
META261218C00725000,META,2026-12-18,85,C,725.0,-6.74,777.402,96.45,99.4,97.925,97.71,3.0,0.4438,0.6833,0.0021,-0.3252,1.3366,97.6173,60.3,18,881
META261218P00725000,META,2026-12-18,85,P,725.0,-6.74,777.402,38.85,39.8,39.325,39.0,2.4,0.4494,-0.3198,0.0022,-0.3467,1.3402,39.242,39.9,95,181
META261218C00730000,META,2026-12-18,85,C,730.0,-6.1,777.402,94.05,96.3,95.175,95.18,2.4,0.4453,0.672,0.0021,-0.3312,1.3562,94.8623,59.0,793,2394
META261218P00730000,META,2026-12-18,85,P,730.0,-6.1,777.402,40.8,41.7,41.25,41.56,2.2,0.449,-0.3311,0.0022,-0.3515,1.3595,41.1939,41.1,1054,875
META261218C00735000,META,2026-12-18,85,C,735.0,-5.45,777.402,91.2,93.3,92.25,88.58,2.3,0.4453,0.6606,0.0022,-0.3368,1.3745,91.9681,57.8,4,479
META261218P00735000,META,2026-12-18,85,P,735.0,-5.45,777.402,42.9,43.75,43.325,43.6,2.0,0.449,-0.3427,0.0022,-0.3562,1.3775,43.2603,42.3,45,223
META261218C00740000,META,2026-12-18,85,C,740.0,-4.81,777.402,88.4,91.15,89.775,90.46,3.1,0.4477,0.6491,0.0022,-0.3422,1.3914,89.4696,56.5,46,964
META261218P00740000,META,2026-12-18,85,P,740.0,-4.81,777.402,45.1,46.0,45.55,45.95,2.0,0.4494,-0.3546,0.0022,-0.3605,1.3946,45.4432,43.6,93,178
META261218C00745000,META,2026-12-18,85,C,745.0,-4.17,777.402,85.8,87.55,86.675,83.0,2.0,0.445,0.6375,0.0022,-0.3472,1.407,86.3216,55.3,9,522
META261218P00745000,META,2026-12-18,85,P,745.0,-4.17,777.402,47.2,48.1,47.65,48.2,1.9,0.4489,-0.3661,0.0023,-0.3644,1.4099,47.5614,44.8,40,108
META261218C00750000,META,2026-12-18,85,C,750.0,-3.52,777.402,83.1,85.15,84.125,83.17,2.4,0.4464,0.6259,0.0022,-0.3518,1.4215,83.8101,54.1,447,5388
META261218P00750000,META,2026-12-18,85,P,750.0,-3.52,777.402,49.6,50.3,49.95,50.4,1.4,0.4488,-0.3782,0.0023,-0.368,1.4243,49.7958,46.0,1590,2773
META261218C00755000,META,2026-12-18,85,C,755.0,-2.88,777.402,80.5,82.25,81.375,80.6,2.2,0.4456,0.6143,0.0023,-0.3562,1.4349,81.0473,52.9,26,2155
META261218P00755000,META,2026-12-18,85,P,755.0,-2.88,777.402,51.85,52.7,52.275,52.54,1.6,0.4488,-0.3901,0.0023,-0.3713,1.4367,52.1047,47.2,128,258
META261218C00760000,META,2026-12-18,85,C,760.0,-2.24,777.402,77.9,79.95,78.925,78.4,2.6,0.4467,0.6026,0.0023,-0.3601,1.4469,78.6184,51.6,421,2888
META261218P00760000,META,2026-12-18,85,P,760.0,-2.24,777.402,54.25,55.1,54.675,55.08,1.6,0.4489,-0.402,0.0023,-0.3743,1.4484,54.4884,48.4,209,376
META261218C00765000,META,2026-12-18,85,C,765.0,-1.6,777.402,75.55,77.55,76.55,76.85,2.6,0.4478,0.591,0.0023,-0.3637,1.4575,76.2522,50.4,124,2143
META261218P00765000,META,2026-12-18,85,P,765.0,-1.6,777.402,56.7,57.65,57.175,57.12,1.7,0.4493,-0.4139,0.0024,-0.3769,1.4584,56.9761,49.7,164,298
META261218C00770000,META,2026-12-18,85,C,770.0,-0.95,777.402,73.15,75.0,74.075,75.1,2.5,0.4477,0.5793,0.0023,-0.367,1.4668,73.7718,49.2,922,2776
META261218P00770000,META,2026-12-18,85,P,770.0,-0.95,777.402,59.4,60.2,59.8,60.31,1.3,0.4501,-0.4258,0.0024,-0.3791,1.4674,59.5829,50.9,138,92
META261218C00775000,META,2026-12-18,85,C,775.0,-0.31,777.402,70.75,72.75,71.75,71.92,2.8,0.4483,0.5676,0.0023,-0.3699,1.4748,71.4539,48.0,95,2853
META261218P00775000,META,2026-12-18,85,P,775.0,-0.31,777.402,61.8,62.8,62.3,62.1,1.6,0.4496,-0.4377,0.0024,-0.381,1.4748,62.0582,52.0,79,51
META261218C00780000,META,2026-12-18,85,C,780.0,0.33,777.402,68.65,69.85,69.25,68.75,1.7,0.4473,0.556,0.0023,-0.3725,1.4816,68.9585,46.8,163,3618
META261218P00780000,META,2026-12-18,85,P,780.0,0.33,777.402,64.5,65.55,65.025,64.0,1.6,0.4502,-0.4496,0.0024,-0.3826,1.4808,64.7545,53.2,85,94
META261218C00785000,META,2026-12-18,85,C,785.0,0.98,777.402,66.3,67.65,66.975,66.61,2.0,0.4474,0.5444,0.0024,-0.3747,1.487,66.6841,45.6,27,705
META261218P00785000,META,2026-12-18,85,P,785.0,0.98,777.402,67.2,68.25,67.725,70.98,1.6,0.4505,-0.4615,0.0024,-0.3838,1.4855,67.4651,54.4,4,22
META261218C00790000,META,2026-12-18,85,C,790.0,1.62,777.402,64.3,65.35,64.825,64.49,1.6,0.448,0.5329,0.0024,-0.3766,1.4912,64.5424,44.5,207,1789
META261218P00790000,META,2026-12-18,85,P,790.0,1.62,777.402,70.0,71.0,70.5,69.7,1.4,0.4505,-0.4734,0.0024,-0.3847,1.4886,70.1887,55.6,7,140
META261218C00795000,META,2026-12-18,85,C,795.0,2.26,777.402,62.05,63.25,62.65,61.95,1.9,0.448,0.5214,0.0024,-0.3781,1.4941,62.3686,43.3,100,592
META261218P00795000,META,2026-12-18,85,P,795.0,2.26,777.402,72.5,73.9,73.2,87.0,1.9,0.4502,-0.4849,0.0024,-0.3853,1.4908,72.9244,56.7,4,40
META261218C00800000,META,2026-12-18,85,C,800.0,2.91,777.402,60.15,60.95,60.55,60.13,1.3,0.4481,0.51,0.0024,-0.3792,1.4959,60.2665,42.2,935,11892
META261218P00800000,META,2026-12-18,85,P,800.0,2.91,777.402,75.7,76.6,76.15,77.1,1.2,0.4508,-0.4966,0.0024,-0.3855,1.492,75.8511,57.8,61,245
META261218C00805000,META,2026-12-18,85,C,805.0,3.55,777.402,58.15,58.85,58.5,59.28,1.2,0.4477,0.4986,0.0024,-0.3801,1.4964,58.1456,41.0,56,2031
META261218P00805000,META,2026-12-18,85,P,805.0,3.55,777.402,78.65,79.8,79.225,79.63,1.5,0.4516,-0.5085,0.0024,-0.3854,1.4912,78.8635,59.0,12,75
META261218C00810000,META,2026-12-18,85,C,810.0,4.19,777.402,56.1,57.15,56.625,56.2,1.9,0.4492,0.4873,0.0024,-0.3806,1.4957,56.3643,39.9,69,1953
META261218P00810000,META,2026-12-18,85,P,810.0,4.19,777.402,81.4,82.7,82.05,89.76,1.6,0.4504,-0.5201,0.0024,-0.3849,1.4888,81.6316,60.1,25,29
META261218C00815000,META,2026-12-18,85,C,815.0,4.84,777.402,54.1,54.95,54.525,54.35,1.6,0.4482,0.4762,0.0024,-0.3808,1.4938,54.2636,38.8,54,2206
META261218P00815000,META,2026-12-18,85,P,815.0,4.84,777.402,84.35,85.9,85.125,85.5,1.8,0.4521,-0.5316,0.0024,-0.3841,1.4864,84.8875,61.1,2,8
META261218C00820000,META,2026-12-18,85,C,820.0,5.48,777.402,52.35,53.25,52.8,52.13,1.7,0.4494,0.4651,0.0024,-0.3807,1.4906,52.5451,37.8,1145,2415
META261218P00820000,META,2026-12-18,85,P,820.0,5.48,777.402,87.85,89.05,88.45,94.38,1.4,0.4528,-0.5427,0.0024,-0.3832,1.4818,88.0468,62.2,1,87
META261218C00825000,META,2026-12-18,85,C,825.0,6.12,777.402,50.5,51.55,51.025,51.57,2.1,0.4499,0.4542,0.0023,-0.3803,1.4865,50.7746,36.7,198,2353
META261218P00825000,META,2026-12-18,85,P,825.0,6.12,777.402,90.95,92.25,91.6,95.99,1.4,0.4527,-0.5543,0.0024,-0.3817,1.4755,91.1393,63.3,8,15
META261218C00830000,META,2026-12-18,85,C,830.0,6.77,777.402,48.8,49.5,49.15,49.67,1.4,0.4493,0.4433,0.0023,-0.3795,1.4813,48.8929,35.7,99,3113
META261218P00830000,META,2026-12-18,85,P,830.0,6.77,777.402,94.25,95.55,94.9,100.0,1.4,0.4536,-0.5652,0.0024,-0.3802,1.4703,94.4317,64.3,6,13
META261218C00835000,META,2026-12-18,85,C,835.0,7.41,777.402,46.95,48.0,47.475,47.85,2.2,0.4498,0.4326,0.0023,-0.3785,1.4753,47.2253,34.6,94,229
META261218P00835000,META,2026-12-18,85,P,835.0,7.41,777.402,97.15,98.9,98.025,100.5,1.8,0.4528,-0.5763,0.0024,-0.3783,1.4634,97.5234,65.3,2,20
META261218C00840000,META,2026-12-18,85,C,840.0,8.05,777.402,45.35,46.3,45.825,45.55,2.1,0.4501,0.422,0.0023,-0.3772,1.4682,45.5781,33.6,39,1197
META261218P00840000,META,2026-12-18,85,P,840.0,8.05,777.402,100.85,101.9,101.375,267.05,1.0,0.4531,-0.5873,0.0024,-0.376,1.4522,100.8275,66.3,0,27
META261218C00845000,META,2026-12-18,85,C,845.0,8.7,777.402,43.75,44.65,44.2,44.68,2.0,0.4503,0.4116,0.0023,-0.3757,1.46,43.9654,32.7,21,2463
META261218P00845000,META,2026-12-18,85,P,845.0,8.7,777.402,104.2,105.75,104.975,156.45,1.5,0.4549,-0.5981,0.0024,-0.3735,1.4444,104.3992,67.3,0,4
META261218C00850000,META,2026-12-18,85,C,850.0,9.34,777.402,42.2,43.2,42.7,42.0,2.3,0.451,0.4012,0.0023,-0.3739,1.4508,42.4733,31.7,546,3486
META261218P00850000,META,2026-12-18,85,P,850.0,9.34,777.402,107.2,109.25,108.225,107.55,1.9,0.4539,-0.6088,0.0024,-0.3708,1.4336,107.6102,68.2,44,6
META261218C00855000,META,2026-12-18,85,C,855.0,9.98,777.402,40.7,41.55,41.125,40.6,2.1,0.4508,0.3911,0.0023,-0.3718,1.4407,40.8982,30.7,118,108
META261218P00855000,META,2026-12-18,85,P,855.0,9.98,777.402,111.0,112.85,111.925,0.0,1.7,0.4557,-0.6194,0.0023,-0.3678,1.421,111.2733,69.2,0,0
META261218C00860000,META,2026-12-18,85,C,860.0,10.62,777.402,39.25,40.15,39.7,38.7,2.3,0.4514,0.3811,0.0022,-0.3695,1.4299,39.4843,29.8,628,1195
META261218P00860000,META,2026-12-18,85,P,860.0,10.62,777.402,114.35,116.4,115.375,189.39,1.8,0.4554,-0.6298,0.0023,-0.3646,1.408,114.6792,70.1,0,1
META261218C00865000,META,2026-12-18,85,C,865.0,11.27,777.402,37.85,38.8,38.325,38.85,2.5,0.452,0.3712,0.0022,-0.367,1.4185,38.1149,28.9,525,5
META261218P00865000,META,2026-12-18,85,P,865.0,11.27,777.402,117.85,120.1,118.975,128.0,1.9,0.4558,-0.6401,0.0023,-0.3612,1.3953,118.2304,71.0,1,0
META261218C00870000,META,2026-12-18,85,C,870.0,11.91,777.402,36.5,37.45,36.975,35.87,2.6,0.4524,0.3615,0.0022,-0.3642,1.4064,36.7609,28.0,43,938
META261218P00870000,META,2026-12-18,85,P,870.0,11.91,777.402,121.5,124.1,122.8,125.47,2.1,0.4575,-0.6502,0.0023,-0.3576,1.381,122.0077,71.8,5,6
META261218C00875000,META,2026-12-18,85,C,875.0,12.55,777.402,35.15,36.05,35.6,35.5,2.5,0.4524,0.3519,0.0022,-0.3612,1.3935,35.3942,27.2,20,23
META261218P00875000,META,2026-12-18,85,P,875.0,12.55,777.402,124.95,127.85,126.4,126.0,2.3,0.4573,-0.6602,0.0023,-0.3537,1.3637,125.5599,72.7,2,0
META261218C00880000,META,2026-12-18,85,C,880.0,13.2,777.402,34.0,34.85,34.425,34.1,2.5,0.4535,0.3426,0.0022,-0.3581,1.3798,34.2215,26.3,95,898
META261218P00880000,META,2026-12-18,85,P,880.0,13.2,777.402,128.65,131.7,130.175,187.55,2.3,0.4581,-0.67,0.0022,-0.3496,1.3508,129.2929,73.5,0,2
META261218C00885000,META,2026-12-18,85,C,885.0,13.84,777.402,32.65,33.45,33.05,32.45,2.4,0.4529,0.3333,0.0021,-0.3548,1.3652,32.8567,25.5,4,2
META261218P00885000,META,2026-12-18,85,P,885.0,13.84,777.402,132.4,135.45,133.925,0.0,2.3,0.4584,-0.6796,0.0022,-0.3453,1.3336,132.9973,74.4,0,0
META261218C00890000,META,2026-12-18,85,C,890.0,14.48,777.402,31.35,32.4,31.875,32.2,3.3,0.4534,0.3243,0.0021,-0.3513,1.35,31.6825,24.7,18,244
META261218P00890000,META,2026-12-18,85,P,890.0,14.48,777.402,136.3,139.35,137.825,186.5,2.2,0.4594,-0.6892,0.0022,-0.3409,1.3145,136.8358,75.1,0,1
META261218C00895000,META,2026-12-18,85,C,895.0,15.13,777.402,30.25,30.95,30.6,28.35,2.3,0.4529,0.3154,0.0021,-0.3476,1.3345,30.4143,23.8,13,10
META261218P00895000,META,2026-12-18,85,P,895.0,15.13,777.402,139.65,143.3,141.475,0.0,2.6,0.4583,-0.6985,0.0022,-0.3364,1.2959,140.4313,76.0,0,0
META261218C00900000,META,2026-12-18,85,C,900.0,15.77,777.402,29.15,29.8,29.475,29.25,2.2,0.4532,0.3067,0.002,-0.3438,1.3187,29.2917,23.1,325,3730
META261218P00900000,META,2026-12-18,85,P,900.0,15.77,777.402,144.25,146.8,145.525,146.5,1.8,0.4599,-0.7077,0.0022,-0.3317,1.2789,144.4245,76.7,12,104
META261218C00905000,META,2026-12-18,85,C,905.0,16.41,777.402,28.1,28.65,28.375,29.1,1.9,0.4535,0.2981,0.002,-0.3398,1.3025,28.2063,22.3,20,1
META261218P00905000,META,2026-12-18,85,P,905.0,16.41,777.402,148.2,151.2,149.7,0.0,2.0,0.4623,-0.7167,0.0021,-0.3268,1.2611,148.5546,77.4,0,0
META261218C00910000,META,2026-12-18,85,C,910.0,17.06,777.402,27.05,27.6,27.325,27.52,2.0,0.4538,0.2898,0.002,-0.3357,1.2858,27.1572,21.6,25,759
META261218P00910000,META,2026-12-18,85,P,910.0,17.06,777.402,152.1,155.25,153.675,261.5,2.0,0.4638,-0.7256,0.0021,-0.3218,1.2386,152.5983,78.1,0,0
META261218C00915000,META,2026-12-18,85,C,915.0,17.7,777.402,26.05,26.65,26.35,26.52,2.3,0.4545,0.2815,0.002,-0.3315,1.2686,26.1937,20.9,20,0
META261218P00915000,META,2026-12-18,85,P,915.0,17.7,777.402,156.1,159.6,157.85,0.0,2.2,0.4646,-0.7342,0.0021,-0.3166,1.2209,156.584,78.7,0,0
META261218C00920000,META,2026-12-18,85,C,920.0,18.34,777.402,25.1,25.6,25.35,25.6,2.0,0.4546,0.2735,0.0019,-0.3271,1.2507,25.1888,20.2,48,528
META261218P00920000,META,2026-12-18,85,P,920.0,18.34,777.402,159.75,163.75,161.75,201.5,2.5,0.464,-0.7427,0.002,-0.3113,1.2001,160.4268,79.5,0,1
META261218C00925000,META,2026-12-18,85,C,925.0,18.99,777.402,24.3,24.65,24.475,22.55,1.4,0.455,0.2656,0.0019,-0.3227,1.2324,24.2546,19.5,10,6
META261218P00925000,META,2026-12-18,85,P,925.0,18.99,777.402,163.55,167.7,165.625,0.0,2.5,0.4627,-0.7511,0.002,-0.3059,1.1775,164.2198,80.2,0,0
META261218C00930000,META,2026-12-18,85,C,930.0,19.63,777.402,23.15,23.75,23.45,23.7,2.6,0.455,0.258,0.0019,-0.3182,1.214,23.3046,18.8,26,244
META261218P00930000,META,2026-12-18,85,P,930.0,19.63,777.402,167.95,171.85,169.9,202.0,2.3,0.4646,-0.7593,0.002,-0.3005,1.1523,168.4393,80.8,0,2
META261218C00935000,META,2026-12-18,85,C,935.0,20.27,777.402,22.15,22.9,22.525,22.5,3.3,0.455,0.2504,0.0018,-0.3135,1.1955,22.3873,18.2,4,11
META261218P00935000,META,2026-12-18,85,P,935.0,20.27,777.402,172.0,176.05,174.025,0.0,2.3,0.4649,-0.7674,0.002,-0.295,1.1336,172.493,81.4,0,0
META261218C00940000,META,2026-12-18,85,C,940.0,20.92,777.402,21.35,22.25,21.8,22.0,4.1,0.4564,0.2431,0.0018,-0.3088,1.177,21.6646,17.6,224,382
META261218P00940000,META,2026-12-18,85,P,940.0,20.92,777.402,175.4,180.25,177.825,286.75,2.7,0.4635,-0.7752,0.0019,-0.2894,1.1143,176.3772,82.1,0,5
META261218C00945000,META,2026-12-18,85,C,945.0,21.56,777.402,20.7,21.2,20.95,19.0,2.4,0.4565,0.2359,0.0018,-0.3041,1.1584,20.8188,17.0,7,0
META261218P00945000,META,2026-12-18,85,P,945.0,21.56,777.402,180.35,184.55,182.45,199.0,2.3,0.4662,-0.7829,0.0019,-0.2837,1.0906,180.7721,82.6,0,1
META261218C00950000,META,2026-12-18,85,C,950.0,22.2,777.402,19.9,20.4,20.15,20.25,2.5,0.4568,0.2289,0.0018,-0.2993,1.1395,20.0252,16.4,86,1514
META261218P00950000,META,2026-12-18,85,P,950.0,22.2,777.402,184.75,189.2,186.975,217.79,2.4,0.4694,-0.7904,0.0019,-0.2779,1.0658,185.245,83.1,0,1
META261218C00955000,META,2026-12-18,85,C,955.0,22.85,777.402,19.15,19.85,19.5,17.88,3.6,0.4582,0.222,0.0017,-0.2944,1.1202,19.3812,15.9,3,0
META261218P00955000,META,2026-12-18,85,P,955.0,22.85,777.402,187.95,193.55,190.75,0.0,2.9,0.4653,-0.7978,0.0019,-0.2721,1.0466,188.9145,83.8,0,0
META261218C00960000,META,2026-12-18,85,C,960.0,23.49,777.402,18.25,18.9,18.575,17.85,3.5,0.4568,0.2154,0.0017,-0.2895,1.1006,18.4563,15.3,31,248
META261218P00960000,META,2026-12-18,85,P,960.0,23.49,777.402,192.15,197.95,195.05,263.85,3.0,0.4658,-0.805,0.0018,-0.2662,1.022,193.1356,84.4,0,0
META261218C00965000,META,2026-12-18,85,C,965.0,24.13,777.402,17.65,18.25,17.95,17.35,3.3,0.458,0.2088,0.0017,-0.2846,1.0808,17.8413,14.8,3,2
META261218P00965000,META,2026-12-18,85,P,965.0,24.13,777.402,197.55,202.35,199.95,0.0,2.4,0.472,-0.812,0.0018,-0.2603,0.9958,198.0016,84.7,0,0
META261218C00970000,META,2026-12-18,85,C,970.0,24.77,777.402,17.0,17.5,17.25,17.48,2.9,0.4582,0.2025,0.0016,-0.2796,1.0612,17.1438,14.2,2,1666
META261218P00970000,META,2026-12-18,85,P,970.0,24.77,777.402,202.25,206.65,204.45,203.5,2.2,0.4741,-0.819,0.0018,-0.2544,0.9676,202.4342,85.1,1,0
META270115C00590000,META,2027-01-15,113,C,590.0,-24.11,777.402,202.25,208.0,205.125,203.78,2.8,0.4427,0.9003,0.0009,-0.1066,0.7622,204.4997,85.2,15,1356
META270115P00590000,META,2027-01-15,113,P,590.0,-24.11,777.402,10.0,10.4,10.2,10.2,3.9,0.4482,-0.1007,0.0009,-0.1483,0.7671,10.2512,15.1,392,1785
META270115C00600000,META,2027-01-15,113,C,600.0,-22.82,777.402,194.0,198.75,196.375,197.0,2.4,0.4372,0.8888,0.001,-0.1201,0.8244,195.7153,84.0,206,6032
META270115P00600000,META,2027-01-15,113,P,600.0,-22.82,777.402,11.4,11.85,11.625,11.68,3.9,0.4464,-0.1123,0.001,-0.16,0.8331,11.6768,16.6,559,5922
META270115C00610000,META,2027-01-15,113,C,610.0,-21.53,777.402,187.75,190.7,189.225,190.0,1.6,0.4478,0.8764,0.0011,-0.1337,0.8884,188.4385,81.6,36,1875
META270115P00610000,META,2027-01-15,113,P,610.0,-21.53,777.402,12.95,13.4,13.175,13.28,3.4,0.4445,-0.1248,0.0011,-0.1718,0.8935,13.2354,18.2,98,1896
META270115C00620000,META,2027-01-15,113,C,620.0,-20.25,777.402,178.25,182.4,180.325,180.0,2.3,0.4376,0.8632,0.0011,-0.1475,0.952,179.5018,80.5,54,2396
META270115P00620000,META,2027-01-15,113,P,620.0,-20.25,777.402,14.65,15.0,14.825,14.9,2.4,0.442,-0.1382,0.0012,-0.1838,0.9582,14.8851,19.8,47,2329
META270115C00630000,META,2027-01-15,113,C,630.0,-18.96,777.402,169.9,174.4,172.15,172.33,2.6,0.4361,0.8491,0.0012,-0.1613,1.0169,171.4949,78.7,48,3043
META270115P00630000,META,2027-01-15,113,P,630.0,-18.96,777.402,16.6,17.05,16.825,16.7,2.7,0.4413,-0.1527,0.0012,-0.196,1.0262,16.8651,21.7,108,3247
META270115C00640000,META,2027-01-15,113,C,640.0,-17.67,777.402,161.75,166.5,164.125,166.33,2.9,0.4328,0.8342,0.0013,-0.1751,1.0817,163.463,77.0,71,1311
META270115P00640000,META,2027-01-15,113,P,640.0,-17.67,777.402,18.7,19.2,18.95,18.55,2.6,0.4402,-0.1678,0.0013,-0.208,1.0883,18.9797,23.5,95,5217
META270115C00650000,META,2027-01-15,113,C,650.0,-16.39,777.402,154.5,159.15,156.825,154.2,3.0,0.4346,0.8184,0.0014,-0.1887,1.1447,156.1613,74.9,215,4792
META270115P00650000,META,2027-01-15,113,P,650.0,-16.39,777.402,21.0,21.5,21.25,21.19,2.4,0.4393,-0.1837,0.0014,-0.2199,1.1525,21.2963,25.4,347,3423
META270115C00660000,META,2027-01-15,113,C,660.0,-15.1,777.402,147.9,151.2,149.55,150.85,2.2,0.4348,0.8019,0.0015,-0.202,1.2074,148.8913,72.8,135,3388
META270115P00660000,META,2027-01-15,113,P,660.0,-15.1,777.402,23.45,24.1,23.775,23.42,2.7,0.4385,-0.2006,0.0015,-0.2316,1.217,23.8128,27.4,50,1667
META270115C00670000,META,2027-01-15,113,C,670.0,-13.82,777.402,140.25,143.5,141.875,142.8,2.3,0.4301,0.7847,0.0015,-0.215,1.2683,141.2099,71.0,61,2603
META270115P00670000,META,2027-01-15,113,P,670.0,-13.82,777.402,26.2,26.8,26.5,26.5,2.3,0.4375,-0.2182,0.0016,-0.2429,1.2756,26.4982,29.5,73,2363
META270115C00680000,META,2027-01-15,113,C,680.0,-12.53,777.402,133.15,136.85,135.0,135.28,2.7,0.4303,0.7668,0.0016,-0.2275,1.326,134.3298,68.8,105,2591
META270115P00680000,META,2027-01-15,113,P,680.0,-12.53,777.402,29.1,29.8,29.45,29.33,2.4,0.4371,-0.2364,0.0016,-0.2538,1.3349,29.46,31.6,305,1152
META270115C00690000,META,2027-01-15,113,C,690.0,-11.24,777.402,127.05,130.8,128.925,129.39,2.9,0.4348,0.7483,0.0017,-0.2394,1.3817,128.2605,66.4,47,1129
META270115P00690000,META,2027-01-15,113,P,690.0,-11.24,777.402,32.4,32.9,32.65,31.95,1.5,0.4368,-0.2551,0.0017,-0.264,1.3909,32.6434,33.7,107,725
META270115C00700000,META,2027-01-15,113,C,700.0,-9.96,777.402,121.45,124.1,122.775,122.55,2.2,0.437,0.7293,0.0018,-0.2508,1.4344,122.1274,64.1,307,115457
META270115P00700000,META,2027-01-15,113,P,700.0,-9.96,777.402,35.6,36.05,35.825,36.45,1.3,0.4349,-0.2745,0.0018,-0.2737,1.4413,35.8085,35.8,1043,2675
META270115C00710000,META,2027-01-15,113,C,710.0,-8.67,777.402,114.05,117.8,115.925,114.64,3.2,0.4328,0.7097,0.0018,-0.2614,1.4826,115.2826,62.1,67,1557
META270115P00710000,META,2027-01-15,113,P,710.0,-8.67,777.402,39.0,39.9,39.45,39.4,2.3,0.4346,-0.2944,0.0018,-0.2828,1.4902,39.4098,38.0,318,753
META270115C00720000,META,2027-01-15,113,C,720.0,-7.38,777.402,108.3,111.0,109.65,111.0,2.5,0.4312,0.6898,0.0019,-0.2712,1.5274,109.0161,59.9,136,2795
META270115P00720000,META,2027-01-15,113,P,720.0,-7.38,777.402,43.05,43.85,43.45,43.85,1.8,0.4352,-0.315,0.0019,-0.2911,1.5359,43.365,40.3,102,975
META270115C00730000,META,2027-01-15,113,C,730.0,-6.1,777.402,102.7,105.5,104.1,103.8,2.7,0.4328,0.6696,0.0019,-0.2803,1.5683,103.4593,57.6,136,3741
META270115P00730000,META,2027-01-15,113,P,730.0,-6.1,777.402,47.15,47.9,47.525,47.7,1.6,0.435,-0.3357,0.002,-0.2986,1.5742,47.4188,42.5,216,477
META270115C00740000,META,2027-01-15,113,C,740.0,-4.81,777.402,97.25,99.35,98.3,98.0,2.1,0.4315,0.6491,0.002,-0.2884,1.6041,97.6688,55.4,295,2500
META270115P00740000,META,2027-01-15,113,P,740.0,-4.81,777.402,51.35,52.2,51.775,51.8,1.6,0.4345,-0.3567,0.002,-0.3053,1.609,51.6417,44.7,260,517
META270115C00750000,META,2027-01-15,113,C,750.0,-3.52,777.402,92.05,93.95,93.0,93.05,2.0,0.432,0.6284,0.002,-0.2957,1.6355,92.3841,53.2,902,245142
META270115P00750000,META,2027-01-15,113,P,750.0,-3.52,777.402,56.15,56.75,56.45,56.65,1.1,0.4352,-0.3779,0.0021,-0.3111,1.6409,56.2763,46.9,1608,2890
META270115C00760000,META,2027-01-15,113,C,760.0,-2.24,777.402,86.95,88.75,87.85,86.99,2.0,0.4321,0.6076,0.002,-0.302,1.6625,87.2536,51.0,378,3914
META270115P00760000,META,2027-01-15,113,P,760.0,-2.24,777.402,60.7,61.55,61.125,61.05,1.4,0.4346,-0.3989,0.0021,-0.3159,1.6654,60.9145,49.0,139,622
META270115C00770000,META,2027-01-15,113,C,770.0,-0.95,777.402,82.35,83.7,83.025,82.45,1.6,0.4328,0.5869,0.0021,-0.3074,1.6844,82.4403,48.8,542,4881
META270115P00770000,META,2027-01-15,113,P,770.0,-0.95,777.402,65.75,66.65,66.2,66.0,1.4,0.4352,-0.4203,0.0021,-0.3199,1.6858,65.9667,51.2,108,682
META270115C00780000,META,2027-01-15,113,C,780.0,0.33,777.402,77.6,78.75,78.175,78.03,1.5,0.4321,0.5661,0.0021,-0.3118,1.7015,77.6034,46.7,192,3417
META270115P00780000,META,2027-01-15,113,P,780.0,0.33,777.402,71.0,71.65,71.325,71.7,0.9,0.4343,-0.4419,0.0022,-0.3229,1.7009,70.9767,53.3,85,376
META270115C00790000,META,2027-01-15,113,C,790.0,1.62,777.402,73.65,74.7,74.175,74.0,1.4,0.4352,0.5455,0.0021,-0.3153,1.7139,73.6261,44.6,308,1775
META270115P00790000,META,2027-01-15,113,P,790.0,1.62,777.402,76.4,77.45,76.925,79.9,1.4,0.4358,-0.463,0.0022,-0.325,1.7113,76.6043,55.4,13,232
META270115C00800000,META,2027-01-15,113,C,800.0,2.91,777.402,69.35,69.9,69.625,69.2,0.8,0.4336,0.525,0.0021,-0.3179,1.7217,69.0487,42.5,1283,108132
META270115P00800000,META,2027-01-15,113,P,800.0,2.91,777.402,82.1,83.2,82.65,81.87,1.3,0.4358,-0.4844,0.0022,-0.3262,1.7167,82.18,57.5,315,530
META270115C00810000,META,2027-01-15,113,C,810.0,4.19,777.402,65.25,66.2,65.725,66.62,1.4,0.4351,0.5048,0.0021,-0.3195,1.7251,65.2053,40.5,63,5145
META270115P00810000,META,2027-01-15,113,P,810.0,4.19,777.402,87.9,88.55,88.225,88.88,0.7,0.4346,-0.5053,0.0022,-0.3266,1.717,87.7482,59.5,3,219
META270115C00820000,META,2027-01-15,113,C,820.0,5.48,777.402,61.15,61.95,61.55,62.0,1.3,0.4336,0.4848,0.0021,-0.3203,1.724,61.0402,38.6,248,3412
META270115P00820000,META,2027-01-15,113,P,820.0,5.48,777.402,94.1,95.4,94.75,94.48,1.4,0.4374,-0.5258,0.0022,-0.3261,1.7129,94.2013,61.4,9,83
META270115C00830000,META,2027-01-15,113,C,830.0,6.77,777.402,57.65,58.5,58.075,58.21,1.5,0.4351,0.4651,0.0021,-0.3203,1.7186,57.5824,36.7,550,33308
META270115P00830000,META,2027-01-15,113,P,830.0,6.77,777.402,100.25,101.0,100.625,101.0,0.7,0.4352,-0.5462,0.0022,-0.3248,1.705,99.9826,63.3,5,188
META270115C00840000,META,2027-01-15,113,C,840.0,8.05,777.402,54.3,54.95,54.625,55.35,1.2,0.4357,0.4458,0.0021,-0.3194,1.7094,54.1535,34.8,192,1499
META270115P00840000,META,2027-01-15,113,P,840.0,8.05,777.402,106.6,108.5,107.55,107.2,1.8,0.4382,-0.5663,0.0022,-0.3227,1.693,106.8403,65.1,53,102
META270115C00850000,META,2027-01-15,113,C,850.0,9.34,777.402,50.85,51.7,51.275,50.2,1.7,0.4358,0.4269,0.0021,-0.3178,1.6968,50.8178,33.1,1229,6062
META270115P00850000,META,2027-01-15,113,P,850.0,9.34,777.402,113.65,114.95,114.3,121.0,1.1,0.4393,-0.586,0.0022,-0.3199,1.6724,113.5474,66.9,22,197
META270115C00860000,META,2027-01-15,113,C,860.0,10.62,777.402,47.7,48.4,48.05,48.2,1.5,0.4362,0.4085,0.002,-0.3154,1.6802,47.7057,31.3,188,1918
META270115P00860000,META,2027-01-15,113,P,860.0,10.62,777.402,120.45,121.6,121.025,129.27,1.0,0.44,-0.6054,0.0021,-0.3163,1.6532,120.3564,68.6,2,27
META270115C00870000,META,2027-01-15,113,C,870.0,11.91,777.402,44.75,45.75,45.25,45.89,2.2,0.4357,0.3905,0.002,-0.3124,1.6603,44.611,29.7,52,1093
META270115P00870000,META,2027-01-15,113,P,870.0,11.91,777.402,127.0,128.45,127.725,153.5,1.1,0.4378,-0.6243,0.0021,-0.3121,1.6296,126.8491,70.3,0,2
META270115C00880000,META,2027-01-15,113,C,880.0,13.2,777.402,41.9,42.5,42.2,42.35,1.4,0.4359,0.3729,0.002,-0.3088,1.638,41.7945,28.1,39,821
META270115P00880000,META,2027-01-15,113,P,880.0,13.2,777.402,134.05,135.8,134.925,231.45,1.3,0.438,-0.6428,0.0021,-0.3073,1.6034,133.9045,71.9,0,1
META270115C00890000,META,2027-01-15,113,C,890.0,14.48,777.402,39.25,40.25,39.75,38.95,2.5,0.4375,0.3559,0.002,-0.3046,1.6131,39.3573,26.5,687,1090
META270115P00890000,META,2027-01-15,113,P,890.0,14.48,777.402,141.3,143.35,142.325,214.25,1.4,0.4378,-0.6608,0.0021,-0.302,1.5671,141.05,73.4,0,3
META270115C00900000,META,2027-01-15,113,C,900.0,15.77,777.402,36.85,37.4,37.125,36.95,1.5,0.4372,0.3394,0.0019,-0.2999,1.5851,36.7616,25.1,8114,16790
META270115P00900000,META,2027-01-15,113,P,900.0,15.77,777.402,148.6,151.6,150.1,150.0,2.0,0.4398,-0.6783,0.002,-0.2961,1.5349,148.6926,74.9,5,24
META270115C00910000,META,2027-01-15,113,C,910.0,17.06,777.402,34.55,35.35,34.95,34.3,2.3,0.4388,0.3234,0.0019,-0.2947,1.5548,34.6043,23.7,83,1285
META270115P00910000,META,2027-01-15,113,P,910.0,17.06,777.402,156.75,159.35,158.05,158.5,1.6,0.4421,-0.6953,0.002,-0.2898,1.4997,156.5128,76.2,1,0
META270115C00920000,META,2027-01-15,113,C,920.0,18.34,777.402,32.25,33.2,32.725,32.65,2.9,0.4392,0.3079,0.0018,-0.2891,1.5232,32.3927,22.3,135,3475
META270115P00920000,META,2027-01-15,113,P,920.0,18.34,777.402,164.95,167.0,165.975,164.5,1.2,0.4433,-0.7119,0.002,-0.2831,1.4633,164.2885,77.5,2,0
META270115C00930000,META,2027-01-15,113,C,930.0,19.63,777.402,30.05,30.95,30.5,30.1,3.0,0.4388,0.293,0.0018,-0.2831,1.4902,30.1917,21.0,111,935
META270115P00930000,META,2027-01-15,113,P,930.0,19.63,777.402,171.75,175.3,173.525,276.89,2.0,0.441,-0.7279,0.0019,-0.276,1.4158,171.6686,78.9,0,0
META270115C00940000,META,2027-01-15,113,C,940.0,20.92,777.402,28.25,29.0,28.625,29.0,2.6,0.4397,0.2786,0.0018,-0.2768,1.4551,28.3059,19.8,51,1038
META270115P00940000,META,2027-01-15,113,P,940.0,20.92,777.402,180.2,183.45,181.825,328.18,1.8,0.4429,-0.7434,0.0019,-0.2685,1.3754,179.7963,80.1,0,0
META270115C00950000,META,2027-01-15,113,C,950.0,22.2,777.402,26.35,27.25,26.8,27.25,3.4,0.4405,0.2647,0.0017,-0.2703,1.4184,26.519,18.7,73,1648
META270115P00950000,META,2027-01-15,113,P,950.0,22.2,777.402,188.5,191.85,190.175,218.39,1.8,0.4444,-0.7584,0.0018,-0.2609,1.3302,187.9732,81.2,0,1
META270115C00960000,META,2027-01-15,113,C,960.0,23.49,777.402,24.65,25.5,25.075,23.76,3.4,0.441,0.2514,0.0017,-0.2635,1.3814,24.799,17.6,7,577
META270115P00960000,META,2027-01-15,113,P,960.0,23.49,777.402,197.1,201.6,199.35,304.03,2.3,0.4515,-0.773,0.0018,-0.2531,1.2876,197.0242,82.0,0,0
META270115C00970000,META,2027-01-15,113,C,970.0,24.77,777.402,23.1,23.95,23.525,23.8,3.6,0.4422,0.2386,0.0016,-0.2565,1.344,23.2762,16.5,10,552
META270115P00970000,META,2027-01-15,113,P,970.0,24.77,777.402,205.5,210.2,207.85,332.8,2.3,0.4528,-0.787,0.0018,-0.2449,1.2348,205.3531,83.0,0,0
META270219C00590000,META,2027-02-19,148,C,590.0,-24.11,777.402,210.8,215.9,213.35,212.63,2.4,0.4498,0.8754,0.0009,-0.1235,1.0237,212.2327,81.0,6,700
META270219P00590000,META,2027-02-19,148,P,590.0,-24.11,777.402,15.95,16.3,16.125,16.25,2.2,0.4588,-0.1265,0.0009,-0.157,1.0315,16.2516,19.7,20,373
META270219C00600000,META,2027-02-19,148,C,600.0,-22.82,777.402,203.25,208.0,205.625,205.82,2.3,0.4513,0.8638,0.001,-0.1343,1.0876,204.5081,79.2,9,920
META270219P00600000,META,2027-02-19,148,P,600.0,-22.82,777.402,17.75,18.15,17.95,18.35,2.2,0.457,-0.1383,0.001,-0.1666,1.0979,18.0702,21.2,36,466
META270219C00610000,META,2027-02-19,148,C,610.0,-21.53,777.402,194.95,200.55,197.75,189.47,2.8,0.4498,0.8515,0.001,-0.1451,1.1528,196.6244,77.6,1,298
META270219P00610000,META,2027-02-19,148,P,610.0,-21.53,777.402,19.8,20.2,20.0,21.03,2.0,0.456,-0.1508,0.001,-0.1761,1.163,20.1205,22.8,3,95
META270219C00620000,META,2027-02-19,148,C,620.0,-20.25,777.402,187.6,192.45,190.025,183.75,2.6,0.4484,0.8387,0.0011,-0.1559,1.2173,188.9011,76.0,2,148
META270219P00620000,META,2027-02-19,148,P,620.0,-20.25,777.402,22.0,22.5,22.25,22.27,2.2,0.4554,-0.1639,0.0011,-0.1857,1.226,22.3741,24.5,9,116
META270219C00630000,META,2027-02-19,148,C,630.0,-18.96,777.402,180.2,185.05,182.625,182.16,2.7,0.4483,0.8252,0.0011,-0.1665,1.2802,181.4974,74.2,3,238
META270219P00630000,META,2027-02-19,148,P,630.0,-18.96,777.402,24.35,24.85,24.6,30.53,2.0,0.4542,-0.1776,0.0012,-0.1951,1.2909,24.7146,26.2,0,82
META270219C00640000,META,2027-02-19,148,C,640.0,-17.67,777.402,172.8,177.4,175.1,174.0,2.6,0.446,0.8112,0.0012,-0.177,1.343,173.9746,72.6,2,174
META270219P00640000,META,2027-02-19,148,P,640.0,-17.67,777.402,26.95,27.5,27.225,27.14,2.0,0.4539,-0.1919,0.0012,-0.2044,1.3559,27.3366,27.9,66,124
META270219C00650000,META,2027-02-19,148,C,650.0,-16.39,777.402,166.65,170.7,168.675,169.65,2.4,0.4505,0.7967,0.0013,-0.1872,1.4047,167.5563,70.4,27,3326
META270219P00650000,META,2027-02-19,148,P,650.0,-16.39,777.402,29.6,30.05,29.825,30.14,1.5,0.4521,-0.2068,0.0013,-0.2134,1.4148,29.9221,29.7,44,349
META270219C00660000,META,2027-02-19,148,C,660.0,-15.1,777.402,160.0,163.3,161.65,162.7,2.0,0.4493,0.7817,0.0013,-0.1971,1.4636,160.5414,68.6,412,617
META270219P00660000,META,2027-02-19,148,P,660.0,-15.1,777.402,32.4,33.0,32.7,32.62,1.8,0.4512,-0.2221,0.0014,-0.2222,1.4754,32.7998,31.5,44,53
META270219C00670000,META,2027-02-19,148,C,670.0,-13.82,777.402,152.6,156.95,154.775,155.08,2.8,0.4479,0.7662,0.0014,-0.2067,1.5204,153.6664,66.8,20,644
META270219P00670000,META,2027-02-19,148,P,670.0,-13.82,777.402,35.6,36.15,35.875,36.18,1.5,0.451,-0.238,0.0014,-0.2307,1.5327,35.9579,33.3,22,206
META270219C00680000,META,2027-02-19,148,C,680.0,-12.53,777.402,146.45,150.1,148.275,148.4,2.5,0.4479,0.7504,0.0014,-0.2159,1.5755,147.1834,64.9,11,211
META270219P00680000,META,2027-02-19,148,P,680.0,-12.53,777.402,38.9,39.45,39.175,39.5,1.4,0.4504,-0.2543,0.0015,-0.2387,1.5866,39.2363,35.2,11,53
META270219C00690000,META,2027-02-19,148,C,690.0,-11.24,777.402,139.75,143.85,141.8,143.08,2.9,0.4468,0.7341,0.0015,-0.2247,1.6276,140.7088,63.1,3,391
META270219P00690000,META,2027-02-19,148,P,690.0,-11.24,777.402,42.4,43.0,42.7,44.0,1.4,0.4501,-0.2709,0.0015,-0.2464,1.6374,42.7446,37.1,43,291
META270219C00700000,META,2027-02-19,148,C,700.0,-9.96,777.402,133.95,137.15,135.55,136.83,2.4,0.4461,0.7176,0.0015,-0.233,1.6759,134.4794,61.2,259,2104
META270219P00700000,META,2027-02-19,148,P,700.0,-9.96,777.402,46.05,46.75,46.4,46.6,1.5,0.4497,-0.2879,0.0016,-0.2536,1.6864,46.4209,39.0,99,89
META270219C00710000,META,2027-02-19,148,C,710.0,-8.67,777.402,129.5,131.15,130.325,129.14,1.3,0.4502,0.7007,0.0016,-0.2408,1.7215,129.2619,59.1,24,260
META270219P00710000,META,2027-02-19,148,P,710.0,-8.67,777.402,49.9,50.7,50.3,49.97,1.6,0.4494,-0.3053,0.0016,-0.2604,1.7325,50.2989,40.9,18,154
META270219C00720000,META,2027-02-19,148,C,720.0,-7.38,777.402,122.25,125.45,123.85,124.75,2.6,0.446,0.6836,0.0016,-0.248,1.7639,122.7995,57.3,29,363
META270219P00720000,META,2027-02-19,148,P,720.0,-7.38,777.402,54.05,54.8,54.425,55.5,1.4,0.4495,-0.3227,0.0016,-0.2665,1.7725,54.4332,42.8,8,63
META270219C00730000,META,2027-02-19,148,C,730.0,-6.1,777.402,116.9,120.0,118.45,118.72,2.6,0.4469,0.6664,0.0016,-0.2547,1.8022,117.414,55.4,34,545
META270219P00730000,META,2027-02-19,148,P,730.0,-6.1,777.402,58.25,59.05,58.65,59.36,1.4,0.4489,-0.3404,0.0017,-0.2722,1.8097,58.6291,44.7,15,317
META270219C00740000,META,2027-02-19,148,C,740.0,-4.81,777.402,111.75,114.3,113.025,113.89,2.3,0.4466,0.649,0.0017,-0.2608,1.8366,112.0012,53.5,20,407
META270219P00740000,META,2027-02-19,148,P,740.0,-4.81,777.402,63.0,63.95,63.475,62.99,1.5,0.4505,-0.3584,0.0017,-0.2773,1.8441,63.4124,46.6,27,41
META270219C00750000,META,2027-02-19,148,C,750.0,-3.52,777.402,106.85,109.1,107.975,108.68,2.1,0.4474,0.6315,0.0017,-0.2664,1.8675,106.9782,51.6,109,1085
META270219P00750000,META,2027-02-19,148,P,750.0,-3.52,777.402,67.25,68.7,67.975,67.85,2.1,0.4491,-0.3766,0.0018,-0.2818,1.8737,67.8284,48.4,109,64
META270219C00760000,META,2027-02-19,148,C,760.0,-2.24,777.402,102.55,104.25,103.4,103.29,1.6,0.4497,0.614,0.0017,-0.2713,1.8945,102.4282,49.7,95,365
META270219P00760000,META,2027-02-19,148,P,760.0,-2.24,777.402,72.2,73.25,72.725,74.75,1.4,0.449,-0.3946,0.0018,-0.2858,1.8983,72.6661,50.3,7,155
META270219C00770000,META,2027-02-19,148,C,770.0,-0.95,777.402,97.15,99.55,98.35,99.39,2.4,0.4485,0.5964,0.0017,-0.2756,1.9174,97.3972,47.9,112,228
META270219P00770000,META,2027-02-19,148,P,770.0,-0.95,777.402,77.35,78.35,77.85,79.96,1.3,0.4487,-0.4127,0.0018,-0.2891,1.9195,77.6456,52.1,5,31
META270219C00780000,META,2027-02-19,148,C,780.0,0.33,777.402,92.65,94.75,93.7,93.2,2.2,0.4484,0.579,0.0018,-0.2793,1.9363,92.7529,46.1,474,385
META270219P00780000,META,2027-02-19,148,P,780.0,0.33,777.402,82.5,83.75,83.125,85.85,1.5,0.4484,-0.431,0.0018,-0.2919,1.9357,82.802,53.9,5,18
META270219C00790000,META,2027-02-19,148,C,790.0,1.62,777.402,87.65,90.05,88.85,89.77,2.7,0.4465,0.5616,0.0018,-0.2824,1.9514,87.9318,44.4,6,170
META270219P00790000,META,2027-02-19,148,P,790.0,1.62,777.402,87.6,89.3,88.45,89.0,1.9,0.4478,-0.4491,0.0018,-0.294,1.9486,88.0741,55.6,21,4
META270219C00800000,META,2027-02-19,148,C,800.0,2.91,777.402,83.8,85.75,84.775,84.0,2.3,0.4477,0.5443,0.0018,-0.2849,1.9626,83.8882,42.6,275,1573
META270219P00800000,META,2027-02-19,148,P,800.0,2.91,777.402,93.85,94.95,94.4,93.47,1.2,0.4494,-0.4671,0.0018,-0.2956,1.9576,93.9496,57.4,4,77
META270219C00810000,META,2027-02-19,148,C,810.0,4.19,777.402,79.55,81.35,80.45,80.57,2.2,0.4467,0.5272,0.0018,-0.2868,1.9702,79.5819,40.9,35,150
META270219P00810000,META,2027-02-19,148,P,810.0,4.19,777.402,99.05,101.0,100.025,103.8,1.9,0.4501,-0.4849,0.0019,-0.2967,1.962,99.8188,59.1,1,2
META270219C00820000,META,2027-02-19,148,C,820.0,5.48,777.402,76.15,77.5,76.825,76.3,1.8,0.4484,0.5102,0.0018,-0.2882,1.9742,75.9738,39.3,254,153
META270219P00820000,META,2027-02-19,148,P,820.0,5.48,777.402,105.65,107.05,106.35,218.3,1.3,0.4505,-0.5024,0.0019,-0.2972,1.962,105.7941,60.8,0,0
META270219C00830000,META,2027-02-19,148,C,830.0,6.77,777.402,72.4,73.8,73.1,73.02,1.9,0.4488,0.4935,0.0018,-0.289,1.9745,72.271,37.6,39,183
META270219P00830000,META,2027-02-19,148,P,830.0,6.77,777.402,111.85,113.0,112.425,117.2,1.0,0.4498,-0.5201,0.0019,-0.297,1.957,111.7131,62.4,1,3
META270219C00840000,META,2027-02-19,148,C,840.0,8.05,777.402,68.7,70.0,69.35,70.17,1.9,0.4483,0.477,0.0018,-0.2892,1.9714,68.5481,36.0,45,110
META270219P00840000,META,2027-02-19,148,P,840.0,8.05,777.402,118.15,119.55,118.85,137.5,1.2,0.4504,-0.5374,0.0019,-0.2965,1.9516,118.0456,63.9,0,1
META270219C00850000,META,2027-02-19,148,C,850.0,9.34,777.402,65.8,66.55,66.175,65.41,1.1,0.4499,0.4608,0.0018,-0.289,1.9652,65.3915,34.5,116,521
META270219P00850000,META,2027-02-19,148,P,850.0,9.34,777.402,124.35,126.15,125.25,131.7,1.4,0.4504,-0.5543,0.0019,-0.2955,1.943,124.4126,65.5,11,76
META270219C00860000,META,2027-02-19,148,C,860.0,10.62,777.402,62.0,63.15,62.575,62.7,1.8,0.4486,0.4449,0.0018,-0.2882,1.9562,61.8149,33.0,30,249
META270219P00860000,META,2027-02-19,148,P,860.0,10.62,777.402,131.15,132.95,132.05,0.0,1.4,0.4513,-0.571,0.0019,-0.294,1.9285,131.104,67.0,0,0
META270219C00870000,META,2027-02-19,148,C,870.0,11.91,777.402,58.6,60.15,59.375,59.25,2.6,0.4486,0.4293,0.0018,-0.2871,1.9442,58.6385,31.6,36,87
META270219P00870000,META,2027-02-19,148,P,870.0,11.91,777.402,138.2,139.8,139.0,0.0,1.2,0.4522,-0.5875,0.0019,-0.292,1.9084,137.9375,68.4,0,0
META270219C00880000,META,2027-02-19,148,C,880.0,13.2,777.402,55.9,57.1,56.5,56.55,2.1,0.4496,0.414,0.0017,-0.2854,1.9291,55.7949,30.2,46,304
META270219P00880000,META,2027-02-19,148,P,880.0,13.2,777.402,145.05,146.85,145.95,0.0,1.2,0.4523,-0.6037,0.0018,-0.2895,1.8903,144.7543,69.8,0,0
META270219C00890000,META,2027-02-19,148,C,890.0,14.48,777.402,52.8,54.35,53.575,54.35,2.9,0.4496,0.3991,0.0017,-0.2834,1.9115,52.8937,28.8,11,49
META270219P00890000,META,2027-02-19,148,P,890.0,14.48,777.402,151.35,154.85,153.1,0.0,2.3,0.4527,-0.6197,0.0018,-0.2868,1.8677,151.7633,71.1,0,0
META270219C00900000,META,2027-02-19,148,C,900.0,15.77,777.402,50.4,51.55,50.975,51.0,2.3,0.4505,0.3844,0.0017,-0.281,1.892,50.2936,27.5,43,6269
META270219P00900000,META,2027-02-19,148,P,900.0,15.77,777.402,158.5,162.2,160.35,183.49,2.3,0.453,-0.6352,0.0018,-0.2838,1.8414,158.8829,72.4,0,4
META270219C00910000,META,2027-02-19,148,C,910.0,17.06,777.402,47.45,49.1,48.275,46.6,3.4,0.4504,0.3702,0.0017,-0.2782,1.8706,47.6309,26.2,26,74
META270219P00910000,META,2027-02-19,148,P,910.0,17.06,777.402,165.8,169.95,167.875,191.5,2.5,0.454,-0.6505,0.0018,-0.2803,1.8123,166.258,73.7,0,1
META270219C00920000,META,2027-02-19,148,C,920.0,18.34,777.402,45.1,46.55,45.825,45.25,3.2,0.451,0.3563,0.0016,-0.2751,1.8468,45.2198,25.0,14,68
META270219P00920000,META,2027-02-19,148,P,920.0,18.34,777.402,173.3,177.65,175.475,384.64,2.5,0.4547,-0.6654,0.0018,-0.2764,1.7786,173.6953,74.9,0,0
META270219C00930000,META,2027-02-19,148,C,930.0,19.63,777.402,42.75,44.3,43.525,42.0,3.6,0.4517,0.3428,0.0016,-0.2717,1.8208,42.9419,23.9,62,18
META270219P00930000,META,2027-02-19,148,P,930.0,19.63,777.402,181.0,185.1,183.05,187.95,2.2,0.4546,-0.6799,0.0018,-0.2723,1.7471,181.102,76.0,1,0
META270219C00940000,META,2027-02-19,148,C,940.0,20.92,777.402,40.55,42.1,41.325,39.6,3.8,0.4523,0.3297,0.0016,-0.268,1.7932,40.7564,22.7,7,50
META270219P00940000,META,2027-02-19,148,P,940.0,20.92,777.402,188.65,193.0,190.825,0.0,2.3,0.4549,-0.6942,0.0017,-0.2681,1.7135,188.6939,77.2,0,0
META270219C00950000,META,2027-02-19,148,C,950.0,22.2,777.402,38.6,39.6,39.1,39.93,2.6,0.4522,0.3169,0.0016,-0.2641,1.7648,38.5547,21.7,26,76
META270219P00950000,META,2027-02-19,148,P,950.0,22.2,777.402,196.45,201.6,199.025,350.64,2.6,0.4571,-0.7081,0.0017,-0.2636,1.6748,196.7262,78.2,0,0
META270219C00960000,META,2027-02-19,148,C,960.0,23.49,777.402,36.5,37.75,37.125,35.8,3.4,0.4529,0.3045,0.0016,-0.26,1.7353,36.5963,20.6,163,190
META270219P00960000,META,2027-02-19,148,P,960.0,23.49,777.402,204.85,209.45,207.15,0.0,2.2,0.4582,-0.7216,0.0017,-0.2588,1.637,204.6608,79.2,0,0
META270219C00970000,META,2027-02-19,148,C,970.0,24.77,777.402,34.5,36.0,35.25,32.9,4.3,0.4537,0.2925,0.0015,-0.2556,1.7042,34.7516,19.6,14,47
META270219P00970000,META,2027-02-19,148,P,970.0,24.77,777.402,212.95,218.1,215.525,0.0,2.4,0.4602,-0.7347,0.0017,-0.2537,1.5926,212.8416,80.1,0,0
META270319C00585000,META,2027-03-19,176,C,585.0,-24.75,777.402,219.5,225.6,222.55,195.9,2.7,0.4475,0.8705,0.0009,-0.1171,1.1465,221.499,79.4,0,196
META270319P00585000,META,2027-03-19,176,P,585.0,-24.75,777.402,18.15,18.85,18.5,18.3,3.8,0.4541,-0.1315,0.0009,-0.1464,1.1548,18.6755,21.0,101,337
META270319C00590000,META,2027-03-19,176,C,590.0,-24.11,777.402,216.3,220.95,218.625,217.83,2.1,0.447,0.865,0.0009,-0.1217,1.1796,217.5638,78.7,7,284
META270319P00590000,META,2027-03-19,176,P,590.0,-24.11,777.402,19.25,19.75,19.5,19.1,2.6,0.4537,-0.1372,0.0009,-0.1505,1.191,19.679,21.8,276,674
META270319C00595000,META,2027-03-19,176,C,595.0,-23.46,777.402,211.95,217.65,214.8,197.9,2.7,0.4472,0.8593,0.0009,-0.1264,1.213,213.7483,77.9,0,258
META270319P00595000,META,2027-03-19,176,P,595.0,-23.46,777.402,20.25,20.85,20.55,20.16,2.9,0.4534,-0.143,0.0009,-0.1547,1.2243,20.7307,22.6,1,175
META270319C00600000,META,2027-03-19,176,C,600.0,-22.82,777.402,208.65,213.4,211.025,212.98,2.3,0.4473,0.8535,0.0009,-0.131,1.2466,209.9612,77.1,15,2007
META270319P00600000,META,2027-03-19,176,P,600.0,-22.82,777.402,21.3,21.8,21.55,21.59,2.3,0.4524,-0.1489,0.001,-0.1588,1.2574,21.7322,23.3,340,1410
META270319C00605000,META,2027-03-19,176,C,605.0,-22.18,777.402,204.55,209.9,207.225,166.78,2.6,0.447,0.8476,0.001,-0.1356,1.2799,206.1637,76.3,0,84
META270319P00605000,META,2027-03-19,176,P,605.0,-22.18,777.402,22.4,23.05,22.725,24.1,2.9,0.4525,-0.155,0.001,-0.1629,1.2892,22.908,24.1,5,249
META270319C00610000,META,2027-03-19,176,C,610.0,-21.53,777.402,200.9,206.1,203.5,205.53,2.6,0.4469,0.8415,0.001,-0.1402,1.3127,202.4307,75.4,9,393
META270319P00610000,META,2027-03-19,176,P,610.0,-21.53,777.402,23.55,24.15,23.85,23.45,2.5,0.4519,-0.1612,0.001,-0.167,1.3213,24.0324,24.9,158,1549
META270319C00615000,META,2027-03-19,176,C,615.0,-20.89,777.402,196.85,202.35,199.6,177.97,2.8,0.4453,0.8353,0.001,-0.1448,1.3452,198.5367,74.7,0,293
META270319P00615000,META,2027-03-19,176,P,615.0,-20.89,777.402,24.7,25.3,25.0,25.0,2.4,0.4512,-0.1675,0.001,-0.1711,1.3545,25.1798,25.7,2,175
META270319C00620000,META,2027-03-19,176,C,620.0,-20.25,777.402,193.7,198.4,196.05,195.07,2.4,0.4459,0.829,0.001,-0.1493,1.3774,194.9753,73.8,4,414
META270319P00620000,META,2027-03-19,176,P,620.0,-20.25,777.402,25.85,26.35,26.1,25.98,1.9,0.4499,-0.1739,0.0011,-0.1752,1.3872,26.2807,26.4,39,934
META270319C00625000,META,2027-03-19,176,C,625.0,-19.6,777.402,189.8,194.65,192.225,168.75,2.5,0.4443,0.8225,0.0011,-0.1538,1.4096,191.15,73.1,0,125
META270319P00625000,META,2027-03-19,176,P,625.0,-19.6,777.402,27.15,27.9,27.525,27.5,2.7,0.4507,-0.1805,0.0011,-0.1792,1.4229,27.7117,27.3,6,316
META270319C00630000,META,2027-03-19,176,C,630.0,-18.96,777.402,186.35,191.15,188.75,189.58,2.5,0.4449,0.816,0.0011,-0.1583,1.4418,187.6728,72.2,13,342
META270319P00630000,META,2027-03-19,176,P,630.0,-18.96,777.402,28.45,29.1,28.775,28.43,2.3,0.4499,-0.1872,0.0011,-0.1832,1.4543,28.958,28.1,12,629
META270319C00635000,META,2027-03-19,176,C,635.0,-18.32,777.402,182.7,187.4,185.05,163.5,2.5,0.4437,0.8093,0.0011,-0.1627,1.4738,183.9768,71.4,0,96
META270319P00635000,META,2027-03-19,176,P,635.0,-18.32,777.402,29.8,30.45,30.125,31.8,2.2,0.4495,-0.194,0.0012,-0.1872,1.4867,30.3003,29.0,1,370
META270319C00640000,META,2027-03-19,176,C,640.0,-17.67,777.402,180.7,183.75,182.225,179.0,1.7,0.4481,0.8026,0.0012,-0.167,1.5054,181.1591,70.2,23,393
META270319P00640000,META,2027-03-19,176,P,640.0,-17.67,777.402,31.2,31.8,31.5,31.5,1.9,0.449,-0.201,0.0012,-0.1911,1.5165,31.6672,29.8,46,339
META270319C00645000,META,2027-03-19,176,C,645.0,-17.03,777.402,175.55,180.3,177.925,153.77,2.7,0.4423,0.7957,0.0012,-0.1713,1.5363,176.8435,69.7,0,146
META270319P00645000,META,2027-03-19,176,P,645.0,-17.03,777.402,32.65,33.45,33.05,32.5,2.4,0.4494,-0.208,0.0012,-0.1949,1.5462,33.2125,30.7,31,226
META270319C00650000,META,2027-03-19,176,C,650.0,-16.39,777.402,173.0,176.85,174.925,169.67,2.2,0.4449,0.7887,0.0012,-0.1756,1.5664,173.8518,68.7,67,4545
META270319P00650000,META,2027-03-19,176,P,650.0,-16.39,777.402,34.1,34.8,34.45,34.31,2.0,0.4486,-0.2152,0.0012,-0.1987,1.5771,34.6142,31.5,231,977
META270319C00655000,META,2027-03-19,176,C,655.0,-15.75,777.402,169.15,173.5,171.325,171.78,2.5,0.4433,0.7816,0.0012,-0.1798,1.596,170.2484,67.9,3,132
META270319P00655000,META,2027-03-19,176,P,655.0,-15.75,777.402,35.65,36.25,35.95,35.85,1.7,0.4482,-0.2224,0.0012,-0.2025,1.6061,36.1183,32.4,2,187
META270319C00660000,META,2027-03-19,176,C,660.0,-15.1,777.402,165.75,169.95,167.85,162.62,2.5,0.4423,0.7744,0.0012,-0.1839,1.6252,166.7767,67.1,21,684
META270319P00660000,META,2027-03-19,176,P,660.0,-15.1,777.402,37.2,37.85,37.525,37.55,1.7,0.4479,-0.2298,0.0013,-0.2062,1.6379,37.6795,33.3,177,448
META270319C00665000,META,2027-03-19,176,C,665.0,-14.46,777.402,162.35,167.0,164.675,155.54,2.8,0.4429,0.7672,0.0013,-0.1879,1.654,163.6078,66.2,1,205
META270319P00665000,META,2027-03-19,176,P,665.0,-14.46,777.402,38.8,39.7,39.25,42.7,2.3,0.4485,-0.2371,0.0013,-0.2097,1.6667,39.4319,34.2,37,5124
META270319C00670000,META,2027-03-19,176,C,670.0,-13.82,777.402,159.2,163.75,161.475,162.5,2.8,0.443,0.7598,0.0013,-0.1919,1.6825,160.402,65.3,7,444
META270319P00670000,META,2027-03-19,176,P,670.0,-13.82,777.402,40.45,41.2,40.825,40.72,1.8,0.4475,-0.2448,0.0013,-0.2133,1.6966,40.9607,35.0,69,334
META270319C00675000,META,2027-03-19,176,C,675.0,-13.17,777.402,156.0,160.15,158.075,157.25,2.6,0.4418,0.7524,0.0013,-0.1958,1.7103,157.0179,64.4,1,325
META270319P00675000,META,2027-03-19,176,P,675.0,-13.17,777.402,42.15,43.05,42.6,41.85,2.1,0.4478,-0.2523,0.0014,-0.2167,1.722,42.751,35.9,39,46
META270319C00680000,META,2027-03-19,176,C,680.0,-12.53,777.402,153.3,157.5,155.4,153.95,2.7,0.4444,0.7449,0.0013,-0.1995,1.7373,154.333,63.4,202,532
META270319P00680000,META,2027-03-19,176,P,680.0,-12.53,777.402,43.9,44.7,44.3,43.85,1.8,0.4471,-0.2602,0.0014,-0.2201,1.7481,44.412,36.8,301,335
META270319C00685000,META,2027-03-19,176,C,685.0,-11.89,777.402,150.15,153.85,152.0,149.0,2.4,0.442,0.7373,0.0014,-0.2032,1.7634,150.822,62.6,3,172
META270319P00685000,META,2027-03-19,176,P,685.0,-11.89,777.402,45.6,46.65,46.125,46.25,2.3,0.4471,-0.2679,0.0014,-0.2234,1.7743,46.237,37.7,126,60
META270319C00690000,META,2027-03-19,176,C,690.0,-11.24,777.402,147.1,150.7,148.9,142.5,2.4,0.4424,0.7297,0.0014,-0.2068,1.7886,147.8449,61.7,14,450
META270319P00690000,META,2027-03-19,176,P,690.0,-11.24,777.402,47.3,48.4,47.85,48.1,2.3,0.4462,-0.2758,0.0014,-0.2266,1.7993,47.9442,38.5,12,174
META270319C00695000,META,2027-03-19,176,C,695.0,-10.6,777.402,144.15,148.0,146.075,135.5,2.6,0.4434,0.722,0.0014,-0.2103,1.8131,145.0233,60.7,2,66
META270319P00695000,META,2027-03-19,176,P,695.0,-10.6,777.402,49.4,50.4,49.9,50.2,2.0,0.447,-0.2837,0.0014,-0.2297,1.8237,50.0003,39.4,138,73
META270319C00700000,META,2027-03-19,176,C,700.0,-9.96,777.402,141.45,144.65,143.05,145.0,2.2,0.4431,0.7143,0.0014,-0.2137,1.8369,142.0109,59.9,141,3377
META270319P00700000,META,2027-03-19,176,P,700.0,-9.96,777.402,51.2,52.15,51.675,51.5,1.8,0.4461,-0.2915,0.0014,-0.2327,1.8496,51.7903,40.3,175,418
META270319C00705000,META,2027-03-19,176,C,705.0,-9.31,777.402,138.25,142.05,140.15,133.9,2.7,0.4432,0.7064,0.0014,-0.217,1.8601,139.1158,59.0,2,112
META270319P00705000,META,2027-03-19,176,P,705.0,-9.31,777.402,53.3,54.35,53.825,53.75,2.0,0.4466,-0.2998,0.0015,-0.2356,1.8715,53.8814,41.2,8,54
META270319C00710000,META,2027-03-19,176,C,710.0,-8.67,777.402,135.15,139.05,137.1,131.0,2.8,0.4422,0.6986,0.0014,-0.2202,1.8826,136.0572,58.1,19,773
META270319P00710000,META,2027-03-19,176,P,710.0,-8.67,777.402,55.35,56.2,55.775,55.5,1.5,0.4462,-0.3077,0.0015,-0.2384,1.8943,55.8483,42.1,51,167
META270319C00715000,META,2027-03-19,176,C,715.0,-8.03,777.402,132.65,136.8,134.725,128.9,3.1,0.4447,0.6907,0.0015,-0.2233,1.9043,133.7072,57.1,1,488
META270319P00715000,META,2027-03-19,176,P,715.0,-8.03,777.402,57.5,58.55,58.025,60.7,1.8,0.447,-0.3159,0.0015,-0.2411,1.9142,58.0865,43.0,26,81
META270319C00720000,META,2027-03-19,176,C,720.0,-7.38,777.402,130.4,133.1,131.75,125.1,2.0,0.4437,0.6828,0.0015,-0.2263,1.925,130.7351,56.3,6,341
META270319P00720000,META,2027-03-19,176,P,720.0,-7.38,777.402,59.5,60.45,59.975,59.84,1.6,0.446,-0.3241,0.0015,-0.2437,1.9338,60.0235,43.8,64,189
META270319C00725000,META,2027-03-19,176,C,725.0,-6.74,777.402,127.45,130.85,129.15,128.59,2.6,0.4444,0.6748,0.0015,-0.2292,1.9447,128.1343,55.3,50,180
META270319P00725000,META,2027-03-19,176,P,725.0,-6.74,777.402,61.75,62.9,62.325,64.1,1.8,0.4468,-0.3325,0.0016,-0.2462,1.9535,62.3514,44.8,9,61
META270319C00730000,META,2027-03-19,176,C,730.0,-6.1,777.402,124.7,127.6,126.15,124.99,2.3,0.4429,0.6668,0.0015,-0.2319,1.9634,125.146,54.5,17,547
META270319P00730000,META,2027-03-19,176,P,730.0,-6.1,777.402,63.9,65.15,64.525,64.35,1.9,0.4467,-0.3408,0.0016,-0.2486,1.9714,64.548,45.6,44,318
META270319C00735000,META,2027-03-19,176,C,735.0,-5.45,777.402,122.15,125.05,123.6,120.37,2.3,0.4434,0.6588,0.0015,-0.2346,1.9813,122.5932,53.6,20,152
META270319P00735000,META,2027-03-19,176,P,735.0,-5.45,777.402,66.25,67.4,66.825,68.5,1.7,0.4466,-0.3491,0.0016,-0.2509,1.9887,66.7872,46.5,5,53
META270319C00740000,META,2027-03-19,176,C,740.0,-4.81,777.402,119.95,122.55,121.25,120.3,2.1,0.4447,0.6507,0.0015,-0.2371,1.9983,120.2457,52.7,6,369
META270319P00740000,META,2027-03-19,176,P,740.0,-4.81,777.402,68.55,69.55,69.05,68.45,1.4,0.4463,-0.3573,0.0016,-0.253,2.0065,69.0286,47.4,52,198
META270319C00745000,META,2027-03-19,176,C,745.0,-4.17,777.402,118.0,119.75,118.875,111.9,1.5,0.4457,0.6427,0.0016,-0.2395,2.0145,117.8846,51.8,13,223
META270319P00745000,META,2027-03-19,176,P,745.0,-4.17,777.402,70.9,72.15,71.525,73.6,1.7,0.4466,-0.3658,0.0016,-0.2551,2.0215,71.433,48.2,7,43
META270319C00750000,META,2027-03-19,176,C,750.0,-3.52,777.402,114.9,117.2,116.05,115.06,2.0,0.4442,0.6346,0.0016,-0.2418,2.0299,115.0596,51.0,102,1396
META270319P00750000,META,2027-03-19,176,P,750.0,-3.52,777.402,73.3,74.3,73.8,73.0,1.4,0.4461,-0.374,0.0016,-0.257,2.0364,73.7176,49.1,135,261
META270319C00755000,META,2027-03-19,176,C,755.0,-2.88,777.402,112.3,114.65,113.475,111.57,2.1,0.4438,0.6265,0.0016,-0.244,2.0443,112.4982,50.1,39,183
META270319P00755000,META,2027-03-19,176,P,755.0,-2.88,777.402,75.7,76.85,76.275,76.29,1.5,0.4464,-0.3824,0.0016,-0.2588,2.0495,76.207,49.9,14,54
META270319C00760000,META,2027-03-19,176,C,760.0,-2.24,777.402,109.8,112.4,111.1,112.53,2.3,0.4442,0.6184,0.0016,-0.246,2.0578,110.1429,49.3,101,462
META270319P00760000,META,2027-03-19,176,P,760.0,-2.24,777.402,78.25,79.25,78.75,79.35,1.3,0.4461,-0.3908,0.0016,-0.2605,2.0618,78.6151,50.8,158,174
META270319C00770000,META,2027-03-19,176,C,770.0,-0.95,777.402,105.35,107.6,106.475,106.43,2.1,0.4432,0.6023,0.0016,-0.2498,2.0819,105.1842,47.6,65,431
META270319P00770000,META,2027-03-19,176,P,770.0,-0.95,777.402,83.5,84.65,84.075,82.95,1.4,0.4471,-0.4076,0.0017,-0.2636,2.0838,83.8875,52.5,45,43
META270319C00780000,META,2027-03-19,176,C,780.0,0.33,777.402,100.65,102.55,101.6,101.85,1.9,0.4435,0.5862,0.0016,-0.253,2.1023,100.6601,45.9,134,1245
META270319P00780000,META,2027-03-19,176,P,780.0,0.33,777.402,88.4,89.85,89.125,88.95,1.6,0.446,-0.4244,0.0017,-0.2662,2.1018,88.885,54.1,49,37
META270319C00790000,META,2027-03-19,176,C,790.0,1.62,777.402,96.75,98.5,97.625,96.02,1.8,0.4457,0.5702,0.0016,-0.2558,2.1192,96.7028,44.3,33,349
META270319P00790000,META,2027-03-19,176,P,790.0,1.62,777.402,94.05,95.55,94.8,94.3,1.6,0.4471,-0.4412,0.0017,-0.2684,2.116,94.5069,55.8,30,155
META270319C00800000,META,2027-03-19,176,C,800.0,2.91,777.402,92.3,93.85,93.075,91.6,1.7,0.4445,0.5543,0.0016,-0.2582,2.1324,92.1835,42.7,274,6968
META270319P00800000,META,2027-03-19,176,P,800.0,2.91,777.402,99.7,100.95,100.325,101.0,1.2,0.4465,-0.4579,0.0017,-0.2701,2.1268,99.9266,57.3,114,177
META270319C00810000,META,2027-03-19,176,C,810.0,4.19,777.402,88.8,89.7,89.25,89.65,1.0,0.4459,0.5385,0.0016,-0.26,2.1422,88.3754,41.1,49,623
META270319P00810000,META,2027-03-19,176,P,810.0,4.19,777.402,105.55,107.15,106.35,105.68,1.5,0.4474,-0.4747,0.0017,-0.2713,2.1328,105.822,58.9,58,121
META270319C00820000,META,2027-03-19,176,C,820.0,5.48,777.402,84.5,85.85,85.175,85.03,1.6,0.4454,0.5228,0.0016,-0.2615,2.1487,84.3127,39.6,50,463
META270319P00820000,META,2027-03-19,176,P,820.0,5.48,777.402,111.4,113.2,112.3,116.25,1.6,0.4477,-0.4909,0.0017,-0.2722,2.1377,111.7412,60.4,6,6
META270319C00830000,META,2027-03-19,176,C,830.0,6.77,777.402,81.05,82.05,81.55,82.05,1.2,0.4464,0.5074,0.0016,-0.2625,2.1519,80.7216,38.1,69,447
META270319P00830000,META,2027-03-19,176,P,830.0,6.77,777.402,117.45,119.05,118.25,135.35,1.4,0.447,-0.5072,0.0018,-0.2726,2.1344,117.5935,61.9,0,2
META270319C00840000,META,2027-03-19,176,C,840.0,8.05,777.402,77.4,78.3,77.85,77.03,1.2,0.4463,0.4921,0.0016,-0.2631,2.1517,77.0391,36.6,30,325
META270319P00840000,META,2027-03-19,176,P,840.0,8.05,777.402,123.95,125.5,124.725,144.0,1.2,0.4479,-0.5234,0.0018,-0.2726,2.1294,123.9351,63.4,0,4
META270319C00850000,META,2027-03-19,176,C,850.0,9.34,777.402,73.75,74.65,74.2,74.5,1.2,0.4458,0.477,0.0016,-0.2632,2.1484,73.4124,35.2,199,2054
META270319P00850000,META,2027-03-19,176,P,850.0,9.34,777.402,130.35,132.25,131.3,134.96,1.4,0.4488,-0.5393,0.0018,-0.2723,2.1239,130.4175,64.8,12,123
META270319C00860000,META,2027-03-19,176,C,860.0,10.62,777.402,70.35,71.3,70.825,70.65,1.3,0.4459,0.4622,0.0016,-0.263,2.1424,70.0531,33.8,41,628
META270319P00860000,META,2027-03-19,176,P,860.0,10.62,777.402,136.8,138.7,137.75,285.89,1.4,0.4483,-0.5551,0.0018,-0.2715,2.1122,136.7365,66.2,0,4
META270319C00870000,META,2027-03-19,176,C,870.0,11.91,777.402,67.15,68.2,67.675,67.35,1.6,0.4464,0.4477,0.0016,-0.2624,2.1339,66.9134,32.4,109,384
META270319P00870000,META,2027-03-19,176,P,870.0,11.91,777.402,143.2,145.75,144.475,214.37,1.8,0.4485,-0.5706,0.0017,-0.2705,2.0981,143.3395,67.5,0,4
META270319C00880000,META,2027-03-19,176,C,880.0,13.2,777.402,64.05,65.0,64.525,64.75,1.5,0.4464,0.4334,0.0016,-0.2615,2.1226,63.7975,31.1,79,793
META270319P00880000,META,2027-03-19,176,P,880.0,13.2,777.402,150.1,152.5,151.3,297.9,1.6,0.4484,-0.5859,0.0017,-0.269,2.079,150.0086,68.9,0,4
META270319C00890000,META,2027-03-19,176,C,890.0,14.48,777.402,61.25,62.1,61.675,61.45,1.4,0.4472,0.4194,0.0016,-0.2603,2.1084,60.9768,29.8,16,188
META270319P00890000,META,2027-03-19,176,P,890.0,14.48,777.402,157.65,159.9,158.775,245.69,1.4,0.4509,-0.6009,0.0017,-0.2673,2.0575,157.3517,70.1,0,6
META270319C00900000,META,2027-03-19,176,C,900.0,15.77,777.402,58.45,59.1,58.775,58.65,1.1,0.4471,0.4056,0.0016,-0.2587,2.0918,58.089,28.6,176,5119
META270319P00900000,META,2027-03-19,176,P,900.0,15.77,777.402,164.2,167.2,165.7,166.72,1.8,0.4501,-0.6157,0.0017,-0.2653,2.0381,164.1203,71.3,2,5
META270319C00910000,META,2027-03-19,176,C,910.0,17.06,777.402,55.6,56.8,56.2,56.35,2.1,0.448,0.3922,0.0016,-0.2568,2.0735,55.5275,27.4,31,537
META270319P00910000,META,2027-03-19,176,P,910.0,17.06,777.402,171.15,174.6,172.875,305.5,2.0,0.4498,-0.6302,0.0017,-0.2629,2.0114,171.1139,72.5,0,0
META270319C00920000,META,2027-03-19,176,C,920.0,18.34,777.402,53.0,54.2,53.6,53.11,2.2,0.4483,0.379,0.0016,-0.2546,2.0535,52.9551,26.3,43,906
META270319P00920000,META,2027-03-19,176,P,920.0,18.34,777.402,178.45,182.15,180.3,368.22,2.1,0.4503,-0.6445,0.0017,-0.2604,1.9849,178.3874,73.7,0,0
META270319C00930000,META,2027-03-19,176,C,930.0,19.63,777.402,50.65,51.5,51.075,50.8,1.7,0.4484,0.3662,0.0016,-0.2522,2.0315,50.4526,25.2,117,251
META270319P00930000,META,2027-03-19,176,P,930.0,19.63,777.402,185.9,189.95,187.925,323.85,2.2,0.451,-0.6584,0.0017,-0.2576,1.9496,185.8105,74.8,0,0
META270319C00940000,META,2027-03-19,176,C,940.0,20.92,777.402,48.3,49.05,48.675,49.15,1.5,0.4486,0.3537,0.0015,-0.2496,2.0072,48.0776,24.1,214,1065
META270319P00940000,META,2027-03-19,176,P,940.0,20.92,777.402,193.45,197.8,195.625,0.0,2.2,0.4516,-0.6721,0.0017,-0.2545,1.9139,193.3178,75.8,0,0
META270319C00950000,META,2027-03-19,176,C,950.0,22.2,777.402,45.95,46.8,46.375,46.3,1.8,0.4487,0.3415,0.0015,-0.2468,1.9811,45.7862,23.0,76,4129
META270319P00950000,META,2027-03-19,176,P,950.0,22.2,777.402,201.25,205.7,203.475,343.82,2.2,0.4524,-0.6855,0.0017,-0.2513,1.8846,200.9652,76.9,0,0
META270319C00960000,META,2027-03-19,176,C,960.0,23.49,777.402,43.85,44.8,44.325,44.45,2.1,0.4497,0.3296,0.0015,-0.2437,1.954,43.7695,22.1,21,726
META270319P00960000,META,2027-03-19,176,P,960.0,23.49,777.402,208.95,213.35,211.15,0.0,2.1,0.4517,-0.6986,0.0016,-0.2478,1.8476,208.4169,77.9,0,0
META270319C00970000,META,2027-03-19,176,C,970.0,24.77,777.402,41.5,42.75,42.125,41.95,3.0,0.4493,0.318,0.0015,-0.2405,1.9262,41.5767,21.1,3,73
META270319P00970000,META,2027-03-19,176,P,970.0,24.77,777.402,217.0,221.95,219.475,364.14,2.3,0.4541,-0.7114,0.0016,-0.2443,1.8129,216.5629,78.8,0,0
