contract,ticker,expiry,dte,type,strike,moneyness_pct,spot,bid,ask,mid,last,spread_pct,iv,delta,gamma,theta,vega,theo,prob_itm,volume,oi
MSFT261009C00375000,MSFT,2026-10-09,15,C,375.0,-24.22,494.838,120.1,122.9,121.5,121.73,2.3,0.7263,0.9981,0.0001,0.0,0.0069,121.163,96.6,6,9
MSFT261009P00375000,MSFT,2026-10-09,15,P,375.0,-24.22,494.838,0.0,0.07,0.04,0.04,,0.4964,-0.0021,0.0001,-0.0092,0.0069,0.0362,0.3,6,13
MSFT261009C00380000,MSFT,2026-10-09,15,C,380.0,-23.21,494.838,114.8,117.9,116.35,132.99,2.7,0.6678,0.9978,0.0002,0.0,0.0078,116.0112,97.1,0,1
MSFT261009P00380000,MSFT,2026-10-09,15,P,380.0,-23.21,494.838,0.01,0.08,0.045,0.04,155.6,0.4867,-0.0024,0.0002,-0.0102,0.0079,0.0463,0.4,2,52
MSFT261009C00385000,MSFT,2026-10-09,15,C,385.0,-22.2,494.838,109.9,112.9,111.4,112.48,2.7,0.6469,0.9974,0.0002,0.0,0.009,111.0595,96.9,0,2
MSFT261009P00385000,MSFT,2026-10-09,15,P,385.0,-22.2,494.838,0.01,0.07,0.04,0.05,150.0,0.4594,-0.0028,0.0002,-0.0114,0.0091,0.0413,0.4,1,26
MSFT261009C00390000,MSFT,2026-10-09,15,C,390.0,-21.19,494.838,105.05,107.95,106.5,0.0,2.7,0.6336,0.9969,0.0002,0.0,0.0104,106.1573,96.4,0,0
MSFT261009P00390000,MSFT,2026-10-09,15,P,390.0,-21.19,494.838,0.02,0.12,0.07,0.02,142.9,0.4644,-0.0033,0.0002,-0.0128,0.0104,0.0716,0.6,3,23
MSFT261009C00395000,MSFT,2026-10-09,15,C,395.0,-20.18,494.838,99.95,102.95,101.45,103.95,3.0,0.5954,0.9963,0.0003,0.0,0.0121,101.1057,96.6,0,12
MSFT261009P00395000,MSFT,2026-10-09,15,P,395.0,-20.18,494.838,0.03,0.13,0.08,0.07,125.0,0.4488,-0.0039,0.0003,-0.0144,0.0122,0.0818,0.7,2,23
MSFT261009C00400000,MSFT,2026-10-09,15,C,400.0,-19.17,494.838,95.0,97.95,96.475,99.0,3.1,0.5696,0.9956,0.0003,0.0,0.0142,96.1284,96.4,0,21
MSFT261009P00400000,MSFT,2026-10-09,15,P,400.0,-19.17,494.838,0.03,0.2,0.115,0.08,147.8,0.4451,-0.0046,0.0003,-0.0164,0.0142,0.1171,1.0,1,28
MSFT261009C00405000,MSFT,2026-10-09,15,C,405.0,-18.16,494.838,89.95,93.0,91.475,94.52,3.3,0.5402,0.9946,0.0004,0.0,0.0167,91.1272,96.3,0,19
MSFT261009P00405000,MSFT,2026-10-09,15,P,405.0,-18.16,494.838,0.02,0.12,0.07,0.08,142.9,0.3982,-0.0056,0.0004,-0.0188,0.0167,0.0718,0.7,2,16
MSFT261009C00410000,MSFT,2026-10-09,15,C,410.0,-17.14,494.838,85.05,88.0,86.525,91.19,3.4,0.5182,0.9935,0.0005,0.0,0.0198,86.1756,96.0,0,12
MSFT261009P00410000,MSFT,2026-10-09,15,P,410.0,-17.14,494.838,0.02,0.15,0.085,0.09,152.9,0.385,-0.0068,0.0005,-0.0216,0.0199,0.087,0.8,0,156
MSFT261009C00415000,MSFT,2026-10-09,15,C,415.0,-16.13,494.838,80.15,83.05,81.6,84.8,3.6,0.4989,0.992,0.0006,0.0,0.0236,81.2487,95.6,0,14
MSFT261009P00415000,MSFT,2026-10-09,15,P,415.0,-16.13,494.838,0.04,0.17,0.105,0.1,123.8,0.3724,-0.0082,0.0006,-0.025,0.0236,0.1071,1.0,7,44
MSFT261009C00420000,MSFT,2026-10-09,15,C,420.0,-15.12,494.838,75.35,78.1,76.725,74.17,3.6,0.4844,0.9901,0.0007,-0.0001,0.0283,76.3722,94.9,54,9
MSFT261009P00420000,MSFT,2026-10-09,15,P,420.0,-15.12,494.838,0.1,0.13,0.115,0.1,26.1,0.3542,-0.0102,0.0008,-0.0291,0.0284,0.1174,1.2,61,435
MSFT261009C00425000,MSFT,2026-10-09,15,C,425.0,-14.11,494.838,70.25,73.1,71.675,69.23,4.0,0.4493,0.9876,0.0009,-0.0071,0.0342,71.3205,95.0,54,72
MSFT261009P00425000,MSFT,2026-10-09,15,P,425.0,-14.11,494.838,0.12,0.29,0.205,0.15,82.9,0.3591,-0.0127,0.0009,-0.0343,0.0344,0.2083,1.9,0,120
MSFT261009C00430000,MSFT,2026-10-09,15,C,430.0,-13.1,494.838,65.35,68.15,66.75,64.73,4.2,0.4281,0.9842,0.0012,-0.0155,0.0419,66.3947,94.5,52,34
MSFT261009P00430000,MSFT,2026-10-09,15,P,430.0,-13.1,494.838,0.12,0.22,0.17,0.21,58.8,0.3265,-0.016,0.0012,-0.0409,0.0422,0.1732,1.7,1,186
MSFT261009C00435000,MSFT,2026-10-09,15,C,435.0,-12.09,494.838,60.5,63.25,61.875,61.49,4.4,0.4107,0.9797,0.0015,-0.0258,0.0518,61.5194,93.7,58,35
MSFT261009P00435000,MSFT,2026-10-09,15,P,435.0,-12.09,494.838,0.21,0.26,0.235,0.24,21.3,0.3183,-0.0207,0.0015,-0.0494,0.052,0.2387,2.3,12,491
MSFT261009C00440000,MSFT,2026-10-09,15,C,440.0,-11.08,494.838,55.55,58.3,56.925,55.5,4.8,0.3853,0.9734,0.002,-0.0385,0.0647,56.5685,93.1,56,14
MSFT261009P00440000,MSFT,2026-10-09,15,P,440.0,-11.08,494.838,0.21,0.34,0.275,0.3,47.3,0.3019,-0.027,0.002,-0.0603,0.0653,0.2795,2.8,6,110
MSFT261009C00445000,MSFT,2026-10-09,15,C,445.0,-10.07,494.838,50.75,53.45,52.1,50.68,5.2,0.3691,0.9648,0.0026,-0.0543,0.0814,51.7437,92.0,56,10
MSFT261009P00445000,MSFT,2026-10-09,15,P,445.0,-10.07,494.838,0.38,0.45,0.415,0.42,16.9,0.298,-0.0357,0.0026,-0.0744,0.0819,0.4203,4.0,15,189
MSFT261009C00450000,MSFT,2026-10-09,15,C,450.0,-9.06,494.838,45.9,48.6,47.25,46.94,5.7,0.3489,0.9529,0.0034,-0.0736,0.1024,46.8935,90.8,0,23
MSFT261009P00450000,MSFT,2026-10-09,15,P,450.0,-9.06,494.838,0.53,0.61,0.57,0.59,14.0,0.2896,-0.0477,0.0034,-0.092,0.1028,0.5767,5.3,44,707
MSFT261009C00455000,MSFT,2026-10-09,15,C,455.0,-8.05,494.838,40.95,43.6,42.275,39.44,6.3,0.3194,0.9368,0.0044,-0.0971,0.1285,41.9193,90.1,1,9
MSFT261009P00455000,MSFT,2026-10-09,15,P,455.0,-8.05,494.838,0.74,0.84,0.79,0.76,12.7,0.2818,-0.064,0.0044,-0.1139,0.1293,0.7971,7.1,98,637
MSFT261009C00460000,MSFT,2026-10-09,15,C,460.0,-7.04,494.838,36.25,39.05,37.65,38.5,7.4,0.309,0.915,0.0056,-0.1252,0.1604,37.2971,87.7,1,249
MSFT261009P00460000,MSFT,2026-10-09,15,P,460.0,-7.04,494.838,1.02,1.19,1.105,1.14,15.4,0.2751,-0.0861,0.0057,-0.1404,0.1617,1.1143,9.5,49,270
MSFT261009C00465000,MSFT,2026-10-09,15,C,465.0,-6.03,494.838,31.65,34.65,33.15,32.06,9.0,0.2998,0.8859,0.0071,-0.1581,0.1981,32.8041,84.6,3,52
MSFT261009P00465000,MSFT,2026-10-09,15,P,465.0,-6.03,494.838,1.43,1.65,1.54,1.64,14.3,0.2688,-0.1156,0.0072,-0.1718,0.1998,1.5526,12.6,21,330
MSFT261009C00470000,MSFT,2026-10-09,15,C,470.0,-5.02,494.838,27.4,30.25,28.825,28.75,9.9,0.2922,0.8479,0.0088,-0.1949,0.2403,28.4909,80.7,6,52
MSFT261009P00470000,MSFT,2026-10-09,15,P,470.0,-5.02,494.838,2.09,2.23,2.16,2.16,6.5,0.2641,-0.1538,0.0089,-0.207,0.2421,2.1794,16.7,78,529
MSFT261009C00472500,MSFT,2026-10-09,15,C,472.5,-4.51,494.838,25.45,28.15,26.8,25.32,10.1,0.2909,0.8254,0.0097,-0.214,0.2624,26.4712,78.3,1,1
MSFT261009P00472500,MSFT,2026-10-09,15,P,472.5,-4.51,494.838,2.47,2.7,2.585,2.39,8.9,0.2631,-0.1768,0.0099,-0.2257,0.2637,2.6022,19.2,2,39
MSFT261009C00475000,MSFT,2026-10-09,15,C,475.0,-4.01,494.838,23.2,25.45,24.325,23.75,9.2,0.2723,0.8004,0.0107,-0.2331,0.2843,23.9994,77.1,2,41
MSFT261009P00475000,MSFT,2026-10-09,15,P,475.0,-4.01,494.838,2.88,3.15,3.015,2.83,9.0,0.2604,-0.2019,0.0108,-0.2439,0.2862,3.0397,21.8,107,367
MSFT261009C00477500,MSFT,2026-10-09,15,C,477.5,-3.5,494.838,21.6,23.35,22.475,22.35,7.8,0.2738,0.7731,0.0116,-0.2516,0.3059,22.1579,74.0,2,3
MSFT261009P00477500,MSFT,2026-10-09,15,P,477.5,-3.5,494.838,3.15,3.65,3.4,3.32,14.7,0.2538,-0.2298,0.0117,-0.262,0.3074,3.4201,24.2,360,33
MSFT261009C00480000,MSFT,2026-10-09,15,C,480.0,-3.0,494.838,19.4,21.65,20.525,18.65,11.0,0.2698,0.7435,0.0124,-0.2691,0.3264,20.216,71.2,3,47
MSFT261009P00480000,MSFT,2026-10-09,15,P,480.0,-3.0,494.838,3.85,4.25,4.05,4.0,9.9,0.254,-0.2599,0.0126,-0.2788,0.3282,4.0715,27.5,118,609
MSFT261009C00482500,MSFT,2026-10-09,15,C,482.5,-2.49,494.838,17.6,19.5,18.55,18.23,10.2,0.2632,0.7117,0.0133,-0.2851,0.3454,18.2498,68.3,7,5
MSFT261009P00482500,MSFT,2026-10-09,15,P,482.5,-2.49,494.838,4.45,4.95,4.7,4.5,10.6,0.2518,-0.2921,0.0135,-0.2942,0.3467,4.7253,30.8,70,40
MSFT261009C00485000,MSFT,2026-10-09,15,C,485.0,-1.99,494.838,16.15,17.1,16.625,16.99,5.7,0.2561,0.6779,0.014,-0.299,0.3623,16.3297,65.3,10,92
MSFT261009P00485000,MSFT,2026-10-09,15,P,485.0,-1.99,494.838,5.25,5.65,5.45,5.28,7.3,0.25,-0.3266,0.0142,-0.3075,0.3637,5.4744,34.3,100,304
MSFT261009C00487500,MSFT,2026-10-09,15,C,487.5,-1.48,494.838,14.25,15.5,14.875,13.95,8.4,0.252,0.6422,0.0147,-0.3108,0.3769,14.5925,61.8,6,6
MSFT261009P00487500,MSFT,2026-10-09,15,P,487.5,-1.48,494.838,6.0,6.6,6.3,6.65,9.5,0.2489,-0.3624,0.0149,-0.3186,0.3776,6.3372,38.1,89,37
MSFT261009C00490000,MSFT,2026-10-09,15,C,490.0,-0.98,494.838,12.95,13.85,13.4,13.5,6.7,0.2528,0.6049,0.0153,-0.3198,0.3883,13.1303,57.9,63,174
MSFT261009P00490000,MSFT,2026-10-09,15,P,490.0,-0.98,494.838,6.9,7.55,7.225,7.0,9.0,0.247,-0.4003,0.0155,-0.327,0.3889,7.2626,41.9,58,630
MSFT261009C00492500,MSFT,2026-10-09,15,C,492.5,-0.47,494.838,11.55,12.4,11.975,12.12,7.1,0.2524,0.5663,0.0157,-0.3259,0.3966,11.7193,53.9,44,91
MSFT261009P00492500,MSFT,2026-10-09,15,P,492.5,-0.47,494.838,7.85,8.5,8.175,7.72,8.0,0.2434,-0.4395,0.0159,-0.3326,0.3969,8.2164,45.8,141,33
MSFT261009C00495000,MSFT,2026-10-09,15,C,495.0,0.03,494.838,10.15,11.0,10.575,11.1,8.0,0.2502,0.5269,0.0159,-0.3289,0.4011,10.3341,50.0,207,265
MSFT261009P00495000,MSFT,2026-10-09,15,P,495.0,0.03,494.838,9.15,9.75,9.45,9.47,6.3,0.2454,-0.4796,0.0162,-0.335,0.4007,9.4912,49.9,20,409
MSFT261009C00497500,MSFT,2026-10-09,15,C,497.5,0.54,494.838,8.9,9.55,9.225,9.55,7.0,0.2471,0.4867,0.016,-0.3286,0.4018,9.0111,46.0,88,63
MSFT261009P00497500,MSFT,2026-10-09,15,P,497.5,0.54,494.838,10.2,10.95,10.575,9.9,7.1,0.241,-0.5202,0.0163,-0.3341,0.4002,10.6122,54.0,1,246
MSFT261009C00500000,MSFT,2026-10-09,15,C,500.0,1.04,494.838,7.8,8.2,8.0,8.34,5.0,0.244,0.4474,0.0159,-0.3252,0.3986,7.7887,42.0,534,579
MSFT261009P00500000,MSFT,2026-10-09,15,P,500.0,1.04,494.838,11.6,12.3,11.95,12.92,5.9,0.2404,-0.5607,0.0163,-0.3302,0.3967,11.987,58.1,26,282
MSFT261009C00502500,MSFT,2026-10-09,15,C,502.5,1.55,494.838,6.7,7.5,7.1,7.0,11.3,0.247,0.4082,0.0157,-0.3186,0.3916,6.905,38.2,92,129
MSFT261009P00502500,MSFT,2026-10-09,15,P,502.5,1.55,494.838,12.9,13.85,13.375,14.45,7.1,0.2383,-0.6007,0.016,-0.323,0.3874,13.4046,62.1,1,29
MSFT261009C00505000,MSFT,2026-10-09,15,C,505.0,2.05,494.838,5.9,6.3,6.1,6.4,6.6,0.2452,0.3696,0.0153,-0.309,0.381,5.9294,34.4,154,1279
MSFT261009P00505000,MSFT,2026-10-09,15,P,505.0,2.05,494.838,14.45,15.4,14.925,14.35,6.4,0.2369,-0.6398,0.0156,-0.3132,0.3764,14.9504,66.0,1,138
MSFT261009C00507500,MSFT,2026-10-09,15,C,507.5,2.56,494.838,5.1,5.65,5.375,5.5,10.2,0.2478,0.3333,0.0147,-0.2972,0.3674,5.2092,31.0,12,147
MSFT261009P00507500,MSFT,2026-10-09,15,P,507.5,2.56,494.838,15.4,17.4,16.4,16.05,12.2,0.2303,-0.6776,0.0151,-0.3006,0.3604,16.4087,70.2,24,8
MSFT261009C00510000,MSFT,2026-10-09,15,C,510.0,3.06,494.838,4.35,5.0,4.675,4.7,13.9,0.2494,0.298,0.014,-0.2828,0.3507,4.5328,27.8,3079,3117
MSFT261009P00510000,MSFT,2026-10-09,15,P,510.0,3.06,494.838,17.4,19.2,18.3,18.82,9.8,0.2331,-0.7136,0.0144,-0.2861,0.3433,18.2993,73.5,5,149
MSFT261009C00512500,MSFT,2026-10-09,15,C,512.5,3.57,494.838,3.75,4.15,3.95,3.9,10.1,0.2477,0.2651,0.0132,-0.2669,0.332,3.8239,24.5,125,287
MSFT261009P00512500,MSFT,2026-10-09,15,P,512.5,3.57,494.838,19.15,20.75,19.95,15.85,8.0,0.2252,-0.7474,0.0137,-0.2694,0.3218,19.9267,77.5,0,2
MSFT261009C00515000,MSFT,2026-10-09,15,C,515.0,4.07,494.838,3.15,3.55,3.35,3.44,11.9,0.2473,0.2345,0.0124,-0.2498,0.3116,3.2378,21.5,76,1215
MSFT261009P00515000,MSFT,2026-10-09,15,P,515.0,4.07,494.838,21.25,23.3,22.275,24.63,9.2,0.2368,-0.779,0.0128,-0.2518,0.3,22.2381,79.4,2,93
MSFT261009C00517500,MSFT,2026-10-09,15,C,517.5,4.58,494.838,2.69,2.98,2.835,3.26,10.2,0.2471,0.2066,0.0115,-0.2321,0.2905,2.7296,18.8,31,10
MSFT261009P00517500,MSFT,2026-10-09,15,P,517.5,4.58,494.838,23.2,24.9,24.05,21.23,7.1,0.2267,-0.8081,0.0119,-0.2328,0.2758,23.9848,83.2,0,17
MSFT261009C00520000,MSFT,2026-10-09,15,C,520.0,5.08,494.838,2.25,2.48,2.365,2.39,9.7,0.2464,0.1807,0.0106,-0.2136,0.2681,2.2743,16.2,278,1162
MSFT261009P00520000,MSFT,2026-10-09,15,P,520.0,5.08,494.838,24.5,27.25,25.875,26.36,10.6,0.2119,-0.8347,0.011,-0.2136,0.2514,25.754,87.2,18,180
MSFT261009C00525000,MSFT,2026-10-09,15,C,525.0,6.1,494.838,1.58,1.73,1.655,1.75,9.1,0.247,0.137,0.0088,-0.1781,0.2246,1.5871,12.0,229,2194
MSFT261009P00525000,MSFT,2026-10-09,15,P,525.0,6.1,494.838,28.85,31.9,30.375,29.75,10.0,0.2084,-0.8802,0.0091,-0.1744,0.2027,30.1576,91.7,0,142
MSFT261009C00530000,MSFT,2026-10-09,15,C,530.0,7.11,494.838,1.03,1.27,1.15,1.25,20.9,0.2484,0.1024,0.007,-0.1452,0.1839,1.0986,8.8,237,1165
MSFT261009P00530000,MSFT,2026-10-09,15,P,530.0,7.11,494.838,33.65,36.35,35.0,31.49,7.7,0.0,-0.9166,0.0076,-0.1363,0.1573,,,0,14
MSFT261009C00535000,MSFT,2026-10-09,15,C,535.0,8.12,494.838,0.68,0.91,0.795,0.83,28.9,0.2506,0.076,0.0056,-0.1168,0.1482,0.7588,6.3,124,724
MSFT261009P00535000,MSFT,2026-10-09,15,P,535.0,8.12,494.838,38.2,41.1,39.65,38.08,7.3,0.0,-0.9463,0.0068,-0.109,0.1112,,,0,3
MSFT261009C00540000,MSFT,2026-10-09,15,C,540.0,9.13,494.838,0.56,0.63,0.595,0.59,11.8,0.2576,0.0564,0.0044,-0.0933,0.1183,0.5686,4.8,39,5457
MSFT261009P00540000,MSFT,2026-10-09,15,P,540.0,9.13,494.838,43.05,46.15,44.6,41.44,7.0,0.0,-0.9694,0.0055,-0.103,0.0679,,,0,1
MSFT261009C00545000,MSFT,2026-10-09,15,C,545.0,10.14,494.838,0.4,0.49,0.445,0.46,20.2,0.2642,0.0423,0.0034,-0.0748,0.0944,0.4254,3.6,56,5530
MSFT261009P00545000,MSFT,2026-10-09,15,P,545.0,10.14,494.838,48.0,51.15,49.575,45.1,6.4,0.0,-0.9859,0.0038,-0.1141,0.0434,,,0,3
MSFT261009C00550000,MSFT,2026-10-09,15,C,550.0,11.15,494.838,0.3,0.38,0.34,0.32,23.5,0.2715,0.0322,0.0026,-0.0607,0.0758,0.3251,2.8,144,909
MSFT261009P00550000,MSFT,2026-10-09,15,P,550.0,11.15,494.838,53.0,55.95,54.475,56.84,5.4,0.0,-0.9941,0.0018,-0.1451,0.0118,,,0,1
MSFT261009C00555000,MSFT,2026-10-09,15,C,555.0,12.16,494.838,0.23,0.28,0.255,0.25,19.6,0.2776,0.025,0.0021,-0.05,0.0617,0.2437,2.1,205,249
MSFT261009P00555000,MSFT,2026-10-09,15,P,555.0,12.16,494.838,58.0,61.15,59.575,0.0,5.3,0.0,-0.9982,0.0007,-0.1652,0.0053,,,0,0
MSFT261009C00560000,MSFT,2026-10-09,15,C,560.0,13.17,494.838,0.15,0.26,0.205,0.17,53.7,0.2864,0.0198,0.0017,-0.0421,0.0509,0.1962,1.7,9,185
MSFT261009P00560000,MSFT,2026-10-09,15,P,560.0,13.17,494.838,63.05,66.15,64.6,66.35,4.8,0.0,-0.9994,0.0002,-0.1803,0.0,,,0,0
MSFT261009C00565000,MSFT,2026-10-09,15,C,565.0,14.18,494.838,0.12,0.19,0.155,0.15,45.2,0.2923,0.0162,0.0014,-0.0362,0.0428,0.1487,1.3,2,155
MSFT261009P00565000,MSFT,2026-10-09,15,P,565.0,14.18,494.838,68.0,71.2,69.6,71.95,4.6,0.0,-1.0,0.0,-0.1894,0.0,,,0,0
MSFT261009C00570000,MSFT,2026-10-09,15,C,570.0,15.19,494.838,0.05,0.3,0.175,0.09,142.9,0.3143,0.0134,0.0011,-0.0317,0.0366,0.1682,1.3,2,111
MSFT261009P00570000,MSFT,2026-10-09,15,P,570.0,15.19,494.838,73.0,76.15,74.575,0.0,4.2,0.0,-1.0,0.0,-0.1941,0.0,,,0,0
MSFT261009C00580000,MSFT,2026-10-09,15,C,580.0,17.21,494.838,0.01,0.15,0.08,0.15,175.0,0.3149,0.0098,0.0008,-0.0255,0.0279,0.077,0.6,0,233
MSFT261009P00580000,MSFT,2026-10-09,15,P,580.0,17.21,494.838,83.0,86.15,84.575,0.0,3.7,0.0,-1.0,0.0,-0.1997,0.0,,,0,0
MSFT261009C00590000,MSFT,2026-10-09,15,C,590.0,19.23,494.838,0.02,0.11,0.065,0.08,138.5,0.3369,0.0076,0.0006,-0.0214,0.0222,0.0629,0.5,0,44
MSFT261009P00590000,MSFT,2026-10-09,15,P,590.0,19.23,494.838,93.0,96.15,94.575,0.0,3.3,0.0,-1.0,0.0,-0.202,0.0,,,0,0
MSFT261009C00600000,MSFT,2026-10-09,15,C,600.0,21.25,494.838,0.01,0.13,0.07,0.13,171.4,0.3684,0.006,0.0005,-0.0184,0.0181,0.0679,0.5,0,113
MSFT261009P00600000,MSFT,2026-10-09,15,P,600.0,21.25,494.838,103.0,106.15,104.575,0.0,3.0,0.0,-1.0,0.0,-0.2033,0.0,,,0,0
MSFT261009C00610000,MSFT,2026-10-09,15,C,610.0,23.27,494.838,0.01,0.1,0.055,0.1,163.6,0.3864,0.0049,0.0004,-0.016,0.015,0.0536,0.4,1,428
MSFT261009P00610000,MSFT,2026-10-09,15,P,610.0,23.27,494.838,113.0,116.0,114.5,0.0,2.6,0.0,-1.0,0.0,-0.2042,0.0,,,0,0
MSFT261016C00375000,MSFT,2026-10-16,22,C,375.0,-24.22,494.838,120.1,123.3,121.7,121.97,2.6,0.5917,0.9942,0.0003,0.0,0.0208,121.3861,96.8,6,1130
MSFT261016P00375000,MSFT,2026-10-16,22,P,375.0,-24.22,494.838,0.1,0.12,0.11,0.11,18.2,0.4641,-0.0059,0.0003,-0.0192,0.021,0.1127,0.8,2,1405
MSFT261016C00380000,MSFT,2026-10-16,22,C,380.0,-23.21,494.838,115.4,118.3,116.85,114.98,2.5,0.5865,0.9935,0.0003,0.0,0.0231,116.5345,96.2,1,1956
MSFT261016P00380000,MSFT,2026-10-16,22,P,380.0,-23.21,494.838,0.11,0.14,0.125,0.11,24.0,0.4511,-0.0066,0.0003,-0.0207,0.0232,0.128,0.9,10,4523
MSFT261016C00385000,MSFT,2026-10-16,22,C,385.0,-22.2,494.838,110.3,113.3,111.8,121.4,2.7,0.5536,0.9927,0.0004,0.0,0.0257,111.4819,96.4,0,1333
MSFT261016P00385000,MSFT,2026-10-16,22,P,385.0,-22.2,494.838,0.08,0.16,0.12,0.17,66.7,0.4292,-0.0074,0.0004,-0.0224,0.0258,0.123,0.9,1,2082
MSFT261016C00390000,MSFT,2026-10-16,22,C,390.0,-21.19,494.838,105.4,108.4,106.9,106.96,2.8,0.5403,0.9917,0.0004,0.0,0.0288,106.5798,96.0,2,2574
MSFT261016P00390000,MSFT,2026-10-16,22,P,390.0,-21.19,494.838,0.12,0.2,0.16,0.1,50.0,0.4245,-0.0084,0.0004,-0.0243,0.029,0.1636,1.2,2,8394
MSFT261016C00395000,MSFT,2026-10-16,22,C,395.0,-20.18,494.838,100.6,103.35,101.975,105.05,2.7,0.523,0.9905,0.0005,0.0,0.0324,101.6522,95.6,0,1621
MSFT261016P00395000,MSFT,2026-10-16,22,P,395.0,-20.18,494.838,0.04,0.3,0.17,0.16,152.9,0.4076,-0.0096,0.0005,-0.0265,0.0326,0.1734,1.3,1,1720
MSFT261016C00400000,MSFT,2026-10-16,22,C,400.0,-19.17,494.838,95.25,98.4,96.825,110.1,3.3,0.4799,0.9891,0.0006,0.0,0.0365,96.4996,96.1,0,2780
MSFT261016P00400000,MSFT,2026-10-16,22,P,400.0,-19.17,494.838,0.16,0.2,0.18,0.17,22.2,0.3906,-0.0111,0.0006,-0.029,0.0366,0.1835,1.4,156,7032
MSFT261016C00405000,MSFT,2026-10-16,22,C,405.0,-18.16,494.838,90.7,93.45,92.075,92.72,3.0,0.482,0.9874,0.0007,0.0,0.0414,91.7485,95.1,5,3528
MSFT261016P00405000,MSFT,2026-10-16,22,P,405.0,-18.16,494.838,0.11,0.32,0.215,0.25,97.7,0.3798,-0.0128,0.0007,-0.0319,0.0415,0.2189,1.7,0,1646
MSFT261016C00410000,MSFT,2026-10-16,22,C,410.0,-17.14,494.838,85.75,88.5,87.125,86.69,3.2,0.4612,0.9853,0.0008,-0.0051,0.0473,86.7966,94.8,3,2290
MSFT261016P00410000,MSFT,2026-10-16,22,P,410.0,-17.14,494.838,0.2,0.24,0.22,0.25,18.2,0.3609,-0.0149,0.0008,-0.0352,0.0477,0.2243,1.8,9,2308
MSFT261016C00415000,MSFT,2026-10-16,22,C,415.0,-16.13,494.838,80.45,83.55,82.0,87.13,3.8,0.4238,0.9827,0.001,-0.0108,0.0542,81.6682,95.2,0,1526
MSFT261016P00415000,MSFT,2026-10-16,22,P,415.0,-16.13,494.838,0.22,0.27,0.245,0.3,20.4,0.3461,-0.0175,0.001,-0.0392,0.0544,0.2492,2.0,10,1633
MSFT261016C00420000,MSFT,2026-10-16,22,C,420.0,-15.12,494.838,75.35,78.6,76.975,76.4,4.2,0.3965,0.9794,0.0012,-0.0173,0.0628,76.6411,95.2,37,4187
MSFT261016P00420000,MSFT,2026-10-16,22,P,420.0,-15.12,494.838,0.27,0.32,0.295,0.34,16.9,0.3352,-0.0208,0.0012,-0.044,0.0632,0.2998,2.4,8,7782
MSFT261016C00425000,MSFT,2026-10-16,22,C,425.0,-14.11,494.838,70.95,73.7,72.325,70.62,3.8,0.4015,0.9752,0.0014,-0.0249,0.0734,71.9918,93.6,7,1328
MSFT261016P00425000,MSFT,2026-10-16,22,P,425.0,-14.11,494.838,0.33,0.38,0.355,0.36,14.1,0.3241,-0.025,0.0015,-0.05,0.0738,0.3604,2.9,84,1629
MSFT261016C00430000,MSFT,2026-10-16,22,C,430.0,-13.1,494.838,66.05,68.75,67.4,66.43,4.0,0.3814,0.9698,0.0018,-0.034,0.0864,67.0647,93.0,3,1156
MSFT261016P00430000,MSFT,2026-10-16,22,P,430.0,-13.1,494.838,0.4,0.45,0.425,0.48,11.8,0.3125,-0.0306,0.0018,-0.0574,0.0868,0.4308,3.4,9,2479
MSFT261016C00435000,MSFT,2026-10-16,22,C,435.0,-12.09,494.838,61.05,63.9,62.475,60.79,4.6,0.3609,0.9627,0.0022,-0.0447,0.1027,62.1386,92.5,2,1147
MSFT261016P00435000,MSFT,2026-10-16,22,P,435.0,-12.09,494.838,0.51,0.59,0.55,0.61,14.5,0.305,-0.0378,0.0022,-0.0666,0.1033,0.5562,4.3,27,2335
MSFT261016C00440000,MSFT,2026-10-16,22,C,440.0,-11.08,494.838,56.15,58.7,57.425,56.88,4.4,0.332,0.9534,0.0027,-0.0574,0.1224,57.0869,92.4,3,2302
MSFT261016P00440000,MSFT,2026-10-16,22,P,440.0,-11.08,494.838,0.66,0.76,0.71,0.68,14.1,0.2976,-0.0471,0.0027,-0.0776,0.1233,0.7184,5.4,100,5755
MSFT261016C00445000,MSFT,2026-10-16,22,C,445.0,-10.07,494.838,51.5,54.3,52.9,57.45,5.3,0.3336,0.9416,0.0033,-0.0722,0.1462,52.5633,90.1,0,876
MSFT261016P00445000,MSFT,2026-10-16,22,P,445.0,-10.07,494.838,0.81,0.94,0.875,0.9,14.9,0.2872,-0.0591,0.0033,-0.0909,0.1469,0.8837,6.6,26,2852
MSFT261016C00450000,MSFT,2026-10-16,22,C,450.0,-9.06,494.838,46.85,48.85,47.85,49.25,4.2,0.3044,0.9262,0.0041,-0.0894,0.1747,47.5135,89.7,21,7692
MSFT261016P00450000,MSFT,2026-10-16,22,P,450.0,-9.06,494.838,1.15,1.19,1.17,1.16,3.4,0.2822,-0.0745,0.0041,-0.1065,0.1761,1.1818,8.5,366,5284
MSFT261016C00455000,MSFT,2026-10-16,22,C,455.0,-8.05,494.838,41.9,43.65,42.775,43.47,4.1,0.2741,0.9065,0.005,-0.1092,0.2079,42.4381,89.4,6,1103
MSFT261016P00455000,MSFT,2026-10-16,22,P,455.0,-8.05,494.838,1.44,1.55,1.495,1.49,7.4,0.2742,-0.0946,0.005,-0.1249,0.2094,1.5064,10.6,147,2851
MSFT261016C00460000,MSFT,2026-10-16,22,C,460.0,-7.04,494.838,38.05,39.8,38.925,38.76,4.5,0.295,0.8812,0.006,-0.1319,0.2461,38.6009,84.3,44,3440
MSFT261016P00460000,MSFT,2026-10-16,22,P,460.0,-7.04,494.838,1.9,2.08,1.99,1.95,9.0,0.2697,-0.1202,0.0061,-0.1462,0.2473,2.0027,13.4,265,4542
MSFT261016C00465000,MSFT,2026-10-16,22,C,465.0,-6.03,494.838,33.5,34.95,34.225,34.5,4.2,0.2758,0.8495,0.0072,-0.157,0.2885,33.9041,82.1,49,1559
MSFT261016P00465000,MSFT,2026-10-16,22,P,465.0,-6.03,494.838,2.52,2.69,2.605,2.58,6.5,0.2646,-0.1523,0.0073,-0.1699,0.2902,2.6195,16.8,500,3914
MSFT261016C00470000,MSFT,2026-10-16,22,C,470.0,-5.02,494.838,29.3,30.9,30.1,29.88,5.3,0.2721,0.811,0.0085,-0.1834,0.333,29.7891,78.0,10,4589
MSFT261016P00470000,MSFT,2026-10-16,22,P,470.0,-5.02,494.838,3.2,3.5,3.35,3.32,9.0,0.2585,-0.1914,0.0086,-0.195,0.3349,3.3641,20.7,356,9798
MSFT261016C00472500,MSFT,2026-10-16,22,C,472.5,-4.51,494.838,27.3,29.05,28.175,30.4,6.2,0.272,0.7892,0.0091,-0.1964,0.3548,27.869,75.6,0,11
MSFT261016P00472500,MSFT,2026-10-16,22,P,472.5,-4.51,494.838,3.6,4.0,3.8,3.7,10.5,0.2558,-0.2135,0.0093,-0.2074,0.3564,3.8153,22.9,114,2509
MSFT261016C00475000,MSFT,2026-10-16,22,C,475.0,-4.01,494.838,25.1,26.5,25.8,26.41,5.4,0.2584,0.7657,0.0098,-0.209,0.3764,25.4977,74.3,11,1493
MSFT261016P00475000,MSFT,2026-10-16,22,P,475.0,-4.01,494.838,4.2,4.55,4.375,4.4,8.0,0.255,-0.2372,0.0099,-0.2194,0.3789,4.3887,25.4,260,3967
MSFT261016C00477500,MSFT,2026-10-16,22,C,477.5,-3.5,494.838,23.55,25.2,24.375,28.0,6.8,0.2684,0.7408,0.0104,-0.2209,0.3967,24.0794,70.7,0,10
MSFT261016P00477500,MSFT,2026-10-16,22,P,477.5,-3.5,494.838,4.75,5.25,5.0,4.9,10.0,0.2539,-0.2626,0.0105,-0.2306,0.3984,5.0138,28.1,197,124
MSFT261016C00480000,MSFT,2026-10-16,22,C,480.0,-3.0,494.838,21.35,23.25,22.3,23.05,8.5,0.2603,0.7143,0.0109,-0.2318,0.4159,22.0108,68.5,35,3963
MSFT261016P00480000,MSFT,2026-10-16,22,P,480.0,-3.0,494.838,5.4,5.85,5.625,5.4,8.0,0.2513,-0.2894,0.0111,-0.241,0.4187,5.643,30.8,422,7297
MSFT261016C00482500,MSFT,2026-10-16,22,C,482.5,-2.49,494.838,19.55,20.7,20.125,20.6,5.7,0.2488,0.6866,0.0115,-0.2416,0.4333,19.8404,66.4,35,18
MSFT261016P00482500,MSFT,2026-10-16,22,P,482.5,-2.49,494.838,6.2,6.6,6.4,6.3,6.2,0.2505,-0.3177,0.0117,-0.2502,0.435,6.4139,33.8,148,185
MSFT261016C00485000,MSFT,2026-10-16,22,C,485.0,-1.99,494.838,18.15,19.1,18.625,19.25,5.1,0.2516,0.6575,0.012,-0.25,0.4487,18.3498,63.1,7,1746
MSFT261016P00485000,MSFT,2026-10-16,22,P,485.0,-1.99,494.838,6.95,7.45,7.2,7.2,6.9,0.2489,-0.347,0.0122,-0.258,0.451,7.2229,36.8,251,5551
MSFT261016C00487500,MSFT,2026-10-16,22,C,487.5,-1.48,494.838,16.7,17.5,17.1,17.44,4.7,0.252,0.6272,0.0124,-0.257,0.4619,16.8353,59.9,81,21
MSFT261016P00487500,MSFT,2026-10-16,22,P,487.5,-1.48,494.838,7.85,8.55,8.2,7.85,8.5,0.2498,-0.3778,0.0126,-0.2644,0.4628,8.2218,40.0,133,321
MSFT261016C00490000,MSFT,2026-10-16,22,C,490.0,-0.98,494.838,15.25,15.75,15.5,15.7,3.2,0.2491,0.5959,0.0127,-0.2624,0.4724,15.2459,56.7,392,7732
MSFT261016P00490000,MSFT,2026-10-16,22,P,490.0,-0.98,494.838,8.85,9.35,9.1,8.7,5.5,0.2468,-0.4097,0.013,-0.2693,0.4728,9.1194,43.2,2229,5609
MSFT261016C00492500,MSFT,2026-10-16,22,C,492.5,-0.47,494.838,13.85,14.55,14.2,14.76,4.9,0.2512,0.5634,0.013,-0.2662,0.4802,13.9727,53.4,164,133
MSFT261016P00492500,MSFT,2026-10-16,22,P,492.5,-0.47,494.838,9.8,10.4,10.1,9.5,5.9,0.2443,-0.4424,0.0133,-0.2725,0.4802,10.118,46.4,31,93
MSFT261016C00495000,MSFT,2026-10-16,22,C,495.0,0.03,494.838,12.55,13.0,12.775,13.15,3.5,0.2483,0.531,0.0132,-0.2681,0.4848,12.5418,50.1,633,5963
MSFT261016P00495000,MSFT,2026-10-16,22,P,495.0,0.03,494.838,11.05,11.6,11.325,10.99,4.9,0.2447,-0.4759,0.0135,-0.2739,0.4842,11.3377,49.8,283,3077
MSFT261016C00497500,MSFT,2026-10-16,22,C,497.5,0.54,494.838,11.35,11.6,11.475,11.57,2.2,0.249,0.4976,0.0133,-0.2683,0.4862,11.3661,46.9,130,176
MSFT261016P00497500,MSFT,2026-10-16,22,P,497.5,0.54,494.838,12.15,12.85,12.5,12.27,5.6,0.2424,-0.5096,0.0136,-0.2736,0.4848,12.5103,53.2,35,164
MSFT261016C00500000,MSFT,2026-10-16,22,C,500.0,1.04,494.838,10.1,10.6,10.35,10.37,4.8,0.247,0.4649,0.0133,-0.2667,0.4844,10.1417,43.6,2585,25486
MSFT261016P00500000,MSFT,2026-10-16,22,P,500.0,1.04,494.838,13.65,14.2,13.925,14.0,3.9,0.2434,-0.5436,0.0136,-0.2715,0.4821,13.9261,56.5,208,9065
MSFT261016C00502500,MSFT,2026-10-16,22,C,502.5,1.55,494.838,9.0,9.6,9.3,9.64,6.5,0.2472,0.432,0.0132,-0.2634,0.4793,9.1046,40.4,22,264
MSFT261016P00502500,MSFT,2026-10-16,22,P,502.5,1.55,494.838,14.7,15.6,15.15,16.3,5.9,0.2385,-0.5772,0.0135,-0.2677,0.4755,15.1423,59.9,4,100
MSFT261016C00505000,MSFT,2026-10-16,22,C,505.0,2.05,494.838,8.0,8.55,8.275,8.27,6.6,0.2465,0.3994,0.013,-0.2583,0.4712,8.1043,37.2,146,2758
MSFT261016P00505000,MSFT,2026-10-16,22,P,505.0,2.05,494.838,16.35,17.5,16.925,16.46,6.8,0.2435,-0.6103,0.0133,-0.2623,0.4666,16.91,62.9,76,1616
MSFT261016C00507500,MSFT,2026-10-16,22,C,507.5,2.56,494.838,7.15,7.6,7.375,7.4,6.1,0.2463,0.3682,0.0127,-0.2519,0.4602,7.2054,34.2,70,241
MSFT261016P00507500,MSFT,2026-10-16,22,P,507.5,2.56,494.838,17.85,18.85,18.35,17.9,5.4,0.2392,-0.6427,0.0131,-0.2554,0.4526,18.322,66.2,25,146
MSFT261016C00510000,MSFT,2026-10-16,22,C,510.0,3.06,494.838,6.35,6.65,6.5,6.35,4.6,0.2452,0.3378,0.0123,-0.244,0.4466,6.3417,31.2,2910,41061
MSFT261016P00510000,MSFT,2026-10-16,22,P,510.0,3.06,494.838,19.8,20.4,20.1,19.46,3.0,0.2402,-0.6741,0.0127,-0.2471,0.4381,20.0553,69.2,31,1195
MSFT261016C00512500,MSFT,2026-10-16,22,C,512.5,3.57,494.838,5.55,5.95,5.75,5.99,7.0,0.2453,0.3086,0.0119,-0.2349,0.4308,5.6043,28.4,38,190
MSFT261016P00512500,MSFT,2026-10-16,22,P,512.5,3.57,494.838,21.1,22.75,21.925,21.2,7.5,0.2412,-0.7044,0.0123,-0.2376,0.4189,21.8583,71.9,45,9
MSFT261016C00515000,MSFT,2026-10-16,22,C,515.0,4.07,494.838,4.9,5.25,5.075,5.21,6.9,0.2458,0.2805,0.0113,-0.2246,0.4126,4.9511,25.7,886,4683
MSFT261016P00515000,MSFT,2026-10-16,22,P,515.0,4.07,494.838,22.65,24.25,23.45,24.63,6.8,0.233,-0.7332,0.0118,-0.227,0.3995,23.3577,75.3,3,351
MSFT261016C00517500,MSFT,2026-10-16,22,C,517.5,4.58,494.838,4.3,4.45,4.375,4.45,3.4,0.2438,0.2542,0.0108,-0.2137,0.3934,4.2642,23.0,32,281
MSFT261016P00517500,MSFT,2026-10-16,22,P,517.5,4.58,494.838,23.95,26.4,25.175,25.88,9.7,0.2271,-0.7607,0.0113,-0.2158,0.3785,25.0485,78.5,22,8
MSFT261016C00520000,MSFT,2026-10-16,22,C,520.0,5.08,494.838,3.7,3.9,3.8,3.8,5.3,0.2446,0.2296,0.0102,-0.2022,0.3725,3.7488,20.7,3020,11764
MSFT261016P00520000,MSFT,2026-10-16,22,P,520.0,5.08,494.838,26.35,28.45,27.4,29.65,7.7,0.2334,-0.7863,0.0107,-0.2038,0.3547,27.2566,80.3,15,1032
MSFT261016C00525000,MSFT,2026-10-16,22,C,525.0,6.1,494.838,2.76,3.1,2.93,3.05,11.6,0.2453,0.1853,0.0089,-0.1781,0.3294,2.846,16.5,468,4645
MSFT261016P00525000,MSFT,2026-10-16,22,P,525.0,6.1,494.838,30.55,32.6,31.575,35.0,6.5,0.2329,-0.8328,0.0094,-0.1786,0.3054,31.3566,84.6,1,223
MSFT261016C00530000,MSFT,2026-10-16,22,C,530.0,7.11,494.838,2.05,2.26,2.155,2.22,9.7,0.2446,0.1478,0.0077,-0.154,0.2859,2.0947,12.9,653,12008
MSFT261016P00530000,MSFT,2026-10-16,22,P,530.0,7.11,494.838,34.75,36.75,35.75,32.14,5.6,0.2225,-0.8725,0.0081,-0.1526,0.2539,35.413,89.2,0,513
MSFT261016C00535000,MSFT,2026-10-16,22,C,535.0,8.12,494.838,1.6,1.71,1.655,1.73,6.6,0.2476,0.1167,0.0065,-0.1311,0.244,1.5994,10.1,658,2528
MSFT261016P00535000,MSFT,2026-10-16,22,P,535.0,8.12,494.838,38.75,41.25,40.0,37.3,6.2,0.0,-0.9053,0.0068,-0.1262,0.2056,,,0,107
MSFT261016C00540000,MSFT,2026-10-16,22,C,540.0,9.13,494.838,1.22,1.3,1.26,1.27,6.3,0.2508,0.0913,0.0054,-0.1099,0.205,1.2195,7.9,1495,5981
MSFT261016P00540000,MSFT,2026-10-16,22,P,540.0,9.13,494.838,43.35,45.8,44.575,43.81,5.5,0.0,-0.9333,0.0062,-0.1,0.1604,,,22,95
MSFT261016C00545000,MSFT,2026-10-16,22,C,545.0,10.14,494.838,0.91,1.02,0.965,0.97,11.4,0.2544,0.0711,0.0044,-0.0914,0.1706,0.9333,6.2,131,20454
MSFT261016P00545000,MSFT,2026-10-16,22,P,545.0,10.14,494.838,48.15,51.2,49.675,48.47,6.1,0.0,-0.957,0.0056,-0.0854,0.1128,,,1,230
MSFT261016C00550000,MSFT,2026-10-16,22,C,550.0,11.15,494.838,0.7,0.78,0.74,0.74,10.8,0.2582,0.0554,0.0036,-0.0756,0.1411,0.7161,4.8,1252,58695
MSFT261016P00550000,MSFT,2026-10-16,22,P,550.0,11.15,494.838,53.45,56.1,54.775,56.53,4.8,0.0,-0.9761,0.0048,-0.0795,0.0782,,,0,138
MSFT261016C00555000,MSFT,2026-10-16,22,C,555.0,12.16,494.838,0.52,0.63,0.575,0.53,19.1,0.2626,0.0432,0.0029,-0.0623,0.1162,0.5561,3.8,34,7143
MSFT261016P00555000,MSFT,2026-10-16,22,P,555.0,12.16,494.838,58.0,60.85,59.425,61.25,4.8,0.0,-0.9891,0.0027,-0.1088,0.0272,,,0,21
MSFT261016C00560000,MSFT,2026-10-16,22,C,560.0,13.17,494.838,0.38,0.49,0.435,0.44,25.3,0.2658,0.0338,0.0023,-0.0515,0.0956,0.4217,2.9,36,8370
MSFT261016P00560000,MSFT,2026-10-16,22,P,560.0,13.17,494.838,63.0,65.9,64.45,64.45,4.5,0.0,-0.9964,0.0013,-0.1319,0.0123,,,0,0
MSFT261016C00565000,MSFT,2026-10-16,22,C,565.0,14.18,494.838,0.29,0.39,0.34,0.31,29.4,0.2703,0.0267,0.0019,-0.0427,0.0789,0.3293,2.3,7,877
MSFT261016P00565000,MSFT,2026-10-16,22,P,565.0,14.18,494.838,68.0,70.8,69.4,69.35,4.0,0.0,-0.999,0.0003,-0.1522,0.0,,,0,0
MSFT261016C00570000,MSFT,2026-10-16,22,C,570.0,15.19,494.838,0.24,0.26,0.25,0.25,8.0,0.2722,0.0213,0.0015,-0.0357,0.0654,0.2422,1.7,45,18822
MSFT261016P00570000,MSFT,2026-10-16,22,P,570.0,15.19,494.838,73.0,76.1,74.55,75.4,4.2,0.0,-1.0,0.0,-0.1645,0.0,,,0,0
MSFT261016C00575000,MSFT,2026-10-16,22,C,575.0,16.2,494.838,0.19,0.24,0.215,0.2,23.3,0.2804,0.0172,0.0012,-0.0301,0.0547,0.2087,1.5,51,1369
MSFT261016P00575000,MSFT,2026-10-16,22,P,575.0,16.2,494.838,78.0,80.8,79.4,89.28,3.5,0.0,-1.0,0.0,-0.1698,0.0,,,0,0
MSFT261016C00580000,MSFT,2026-10-16,22,C,580.0,17.21,494.838,0.15,0.18,0.165,0.15,18.2,0.2839,0.014,0.001,-0.0257,0.046,0.1607,1.1,412,3452
MSFT261016P00580000,MSFT,2026-10-16,22,P,580.0,17.21,494.838,83.0,85.8,84.4,81.05,3.3,0.0,-1.0,0.0,-0.1732,0.0,,,0,0
MSFT261016C00585000,MSFT,2026-10-16,22,C,585.0,18.22,494.838,0.07,0.16,0.115,0.13,78.3,0.2838,0.0116,0.0008,-0.0221,0.0392,0.1122,0.8,5,408
MSFT261016P00585000,MSFT,2026-10-16,22,P,585.0,18.22,494.838,88.0,91.15,89.575,99.07,3.5,0.0,-1.0,0.0,-0.1748,0.0,,,0,0
MSFT261016C00590000,MSFT,2026-10-16,22,C,590.0,19.23,494.838,0.09,0.12,0.105,0.09,28.6,0.2932,0.0097,0.0007,-0.0193,0.0336,0.1025,0.7,12,1881
MSFT261016P00590000,MSFT,2026-10-16,22,P,590.0,19.23,494.838,93.0,95.85,94.425,0.0,3.0,0.0,-1.0,0.0,-0.1755,0.0,,,0,0
MSFT261016C00595000,MSFT,2026-10-16,22,C,595.0,20.24,494.838,0.06,0.11,0.085,0.08,58.8,0.2982,0.0082,0.0006,-0.017,0.0291,0.0833,0.6,1,17476
MSFT261016P00595000,MSFT,2026-10-16,22,P,595.0,20.24,494.838,98.0,100.8,99.4,104.89,2.8,0.0,-1.0,0.0,-0.176,0.0,,,0,0
MSFT261016C00600000,MSFT,2026-10-16,22,C,600.0,21.25,494.838,0.03,0.09,0.06,0.08,100.0,0.2985,0.0071,0.0005,-0.0151,0.0255,0.059,0.4,22,8130
MSFT261016P00600000,MSFT,2026-10-16,22,P,600.0,21.25,494.838,103.0,105.85,104.425,110.96,2.7,0.0,-1.0,0.0,-0.1763,0.0,,,0,1
MSFT261016C00605000,MSFT,2026-10-16,22,C,605.0,22.26,494.838,0.03,0.09,0.06,0.07,100.0,0.31,0.0062,0.0004,-0.0136,0.0226,0.0591,0.4,13,564
MSFT261016P00605000,MSFT,2026-10-16,22,P,605.0,22.26,494.838,108.0,111.0,109.5,115.98,2.7,0.0,-1.0,0.0,-0.1764,0.0,,,0,0
MSFT261016C00610000,MSFT,2026-10-16,22,C,610.0,23.27,494.838,0.01,0.08,0.045,0.05,155.6,0.312,0.0054,0.0004,-0.0123,0.02,0.0445,0.3,1,512
MSFT261016P00610000,MSFT,2026-10-16,22,P,610.0,23.27,494.838,113.0,115.85,114.425,0.0,2.5,0.0,-1.0,0.0,-0.1765,0.0,,,0,0
MSFT261016C00615000,MSFT,2026-10-16,22,C,615.0,24.28,494.838,0.01,0.1,0.055,0.08,163.6,0.3296,0.0048,0.0003,-0.0112,0.018,0.0544,0.3,0,163
MSFT261016P00615000,MSFT,2026-10-16,22,P,615.0,24.28,494.838,118.0,121.2,119.6,0.0,2.7,0.0,-1.0,0.0,-0.1765,0.0,,,0,0
MSFT261023C00375000,MSFT,2026-10-23,29,C,375.0,-24.22,494.838,120.6,123.6,122.1,0.0,2.5,0.5152,0.9937,0.0003,0.0,0.0264,121.6626,96.8,0,0
MSFT261023P00375000,MSFT,2026-10-23,29,P,375.0,-24.22,494.838,0.01,0.19,0.1,0.19,180.0,0.4013,-0.0066,0.0003,-0.0169,0.0268,0.1037,0.8,1,29
MSFT261023C00380000,MSFT,2026-10-23,29,C,380.0,-23.21,494.838,115.65,118.65,117.15,0.0,2.6,0.4983,0.9928,0.0004,0.0,0.0298,116.7101,96.7,0,0
MSFT261023P00380000,MSFT,2026-10-23,29,P,380.0,-23.21,494.838,0.03,0.2,0.115,0.12,147.8,0.3905,-0.0076,0.0004,-0.0186,0.0302,0.119,0.9,2,34
MSFT261023C00385000,MSFT,2026-10-23,29,C,385.0,-22.2,494.838,110.75,113.65,112.2,0.0,2.6,0.4812,0.9916,0.0004,0.0,0.0338,111.7575,96.5,0,0
MSFT261023P00385000,MSFT,2026-10-23,29,P,385.0,-22.2,494.838,0.05,0.19,0.12,0.15,116.7,0.3752,-0.0087,0.0004,-0.0206,0.0342,0.124,0.9,6,8
MSFT261023C00390000,MSFT,2026-10-23,29,C,390.0,-21.19,494.838,105.7,108.7,107.2,0.0,2.8,0.4612,0.9903,0.0005,0.0,0.0385,106.7806,96.3,0,0
MSFT261023P00390000,MSFT,2026-10-23,29,P,390.0,-21.19,494.838,0.1,0.22,0.16,0.17,75.0,0.3713,-0.01,0.0005,-0.0226,0.0388,0.1653,1.2,5,15
MSFT261023C00395000,MSFT,2026-10-23,29,C,395.0,-20.18,494.838,100.75,103.75,102.25,0.0,2.9,0.4439,0.9886,0.0006,0.0,0.044,101.8278,96.1,0,0
MSFT261023P00395000,MSFT,2026-10-23,29,P,395.0,-20.18,494.838,0.01,0.34,0.175,0.23,188.6,0.358,-0.0117,0.0006,-0.0252,0.0442,0.1806,1.3,0,11
MSFT261023C00400000,MSFT,2026-10-23,29,C,400.0,-19.17,494.838,96.0,98.8,97.4,98.18,2.9,0.4339,0.9866,0.0007,0.0,0.0507,96.9512,95.6,0,6
MSFT261023P00400000,MSFT,2026-10-23,29,P,400.0,-19.17,494.838,0.2,0.34,0.27,0.27,51.9,0.3615,-0.0137,0.0007,-0.0283,0.0508,0.2773,1.9,8,523
MSFT261023C00405000,MSFT,2026-10-23,29,C,405.0,-18.16,494.838,90.8,93.9,92.35,100.8,3.4,0.4065,0.984,0.0008,0.0,0.0588,91.8981,95.7,0,2
MSFT261023P00405000,MSFT,2026-10-23,29,P,405.0,-18.16,494.838,0.18,0.31,0.245,0.25,53.1,0.3386,-0.0163,0.0008,-0.0321,0.0594,0.252,1.9,5,19
MSFT261023C00410000,MSFT,2026-10-23,29,C,410.0,-17.14,494.838,86.0,88.95,87.475,84.35,3.4,0.3956,0.9807,0.001,-0.0022,0.0686,87.0217,95.1,2,9
MSFT261023P00410000,MSFT,2026-10-23,29,P,410.0,-17.14,494.838,0.23,0.38,0.305,0.31,49.2,0.3313,-0.0196,0.001,-0.0367,0.0689,0.313,2.3,2,11
MSFT261023C00415000,MSFT,2026-10-23,29,C,415.0,-16.13,494.838,81.0,84.0,82.5,0.0,3.6,0.3754,0.9766,0.0012,-0.0097,0.0807,82.0448,94.9,0,0
MSFT261023P00415000,MSFT,2026-10-23,29,P,415.0,-16.13,494.838,0.15,0.66,0.405,0.49,125.9,0.3274,-0.0238,0.0012,-0.0423,0.0814,0.4142,2.9,2,516
MSFT261023C00420000,MSFT,2026-10-23,29,C,420.0,-15.12,494.838,76.3,79.1,77.7,74.47,3.6,0.3685,0.9715,0.0015,-0.0181,0.0949,77.2447,94.0,2,2
MSFT261023P00420000,MSFT,2026-10-23,29,P,420.0,-15.12,494.838,0.41,0.6,0.505,0.45,37.6,0.3204,-0.029,0.0015,-0.0489,0.0954,0.5154,3.5,19,207
MSFT261023C00425000,MSFT,2026-10-23,29,C,425.0,-14.11,494.838,71.4,74.25,72.825,77.84,3.9,0.3545,0.9651,0.0018,-0.0277,0.112,72.3686,93.4,0,3
MSFT261023P00425000,MSFT,2026-10-23,29,P,425.0,-14.11,494.838,0.54,0.77,0.655,0.62,35.1,0.3159,-0.0355,0.0018,-0.0565,0.113,0.6683,4.5,2,72
MSFT261023C00430000,MSFT,2026-10-23,29,C,430.0,-13.1,494.838,66.65,69.4,68.025,72.0,4.0,0.3441,0.9572,0.0021,-0.0384,0.1316,67.5688,92.4,0,29
MSFT261023P00430000,MSFT,2026-10-23,29,P,430.0,-13.1,494.838,0.56,0.83,0.695,0.82,38.8,0.2995,-0.0435,0.0022,-0.0654,0.1323,0.7083,4.9,2,133
MSFT261023C00435000,MSFT,2026-10-23,29,C,435.0,-12.09,494.838,61.65,64.6,63.125,75.0,4.7,0.3268,0.9475,0.0026,-0.0502,0.1546,62.6694,91.7,0,17
MSFT261023P00435000,MSFT,2026-10-23,29,P,435.0,-12.09,494.838,0.75,1.03,0.89,0.83,31.5,0.294,-0.0532,0.0026,-0.0754,0.1563,0.9052,6.0,11,161
MSFT261023C00440000,MSFT,2026-10-23,29,C,440.0,-11.08,494.838,56.95,59.85,58.4,55.61,5.0,0.3175,0.9356,0.0031,-0.0633,0.1807,57.9457,90.4,1,11
MSFT261023P00440000,MSFT,2026-10-23,29,P,440.0,-11.08,494.838,1.03,1.42,1.225,1.2,31.8,0.2936,-0.0653,0.0031,-0.0867,0.1816,1.2427,7.8,54,281
MSFT261023C00445000,MSFT,2026-10-23,29,C,445.0,-10.07,494.838,52.4,55.2,53.8,52.12,5.2,0.3114,0.921,0.0037,-0.0778,0.2108,53.3481,88.5,0,53
MSFT261023P00445000,MSFT,2026-10-23,29,P,445.0,-10.07,494.838,1.22,1.65,1.435,1.43,30.0,0.2828,-0.08,0.0038,-0.0994,0.2132,1.4566,9.1,9,187
MSFT261023C00450000,MSFT,2026-10-23,29,C,450.0,-9.06,494.838,47.8,50.6,49.2,47.43,5.7,0.3025,0.903,0.0044,-0.0939,0.245,48.753,86.6,1,141
MSFT261023P00450000,MSFT,2026-10-23,29,P,450.0,-9.06,494.838,1.67,1.9,1.785,1.78,12.9,0.276,-0.0983,0.0045,-0.1138,0.2461,1.8081,11.1,64,481
MSFT261023C00455000,MSFT,2026-10-23,29,C,455.0,-8.05,494.838,43.0,46.1,44.55,46.09,7.0,0.2895,0.8809,0.0052,-0.1117,0.283,44.1078,84.8,0,12
MSFT261023P00455000,MSFT,2026-10-23,29,P,455.0,-8.05,494.838,2.1,2.53,2.315,2.35,18.6,0.2728,-0.1208,0.0053,-0.1299,0.2847,2.3404,13.7,21,246
MSFT261023C00460000,MSFT,2026-10-23,29,C,460.0,-7.04,494.838,38.95,41.6,40.275,40.25,6.6,0.2859,0.8539,0.0061,-0.1311,0.3249,39.8411,81.7,5,149
MSFT261023P00460000,MSFT,2026-10-23,29,P,460.0,-7.04,494.838,2.71,3.1,2.905,2.87,13.4,0.2677,-0.148,0.0062,-0.1475,0.3282,2.9389,16.6,67,594
MSFT261023C00465000,MSFT,2026-10-23,29,C,465.0,-6.03,494.838,34.8,37.5,36.15,36.07,7.5,0.2825,0.8218,0.007,-0.1513,0.3688,35.7288,78.3,14,72
MSFT261023P00465000,MSFT,2026-10-23,29,P,465.0,-6.03,494.838,3.45,3.9,3.675,3.64,12.2,0.2638,-0.1805,0.0071,-0.1662,0.3704,3.7138,20.0,107,456
MSFT261023C00470000,MSFT,2026-10-23,29,C,470.0,-5.02,494.838,30.65,33.5,32.075,31.37,8.9,0.2763,0.7845,0.008,-0.1716,0.4124,31.6664,74.6,3,54
MSFT261023P00470000,MSFT,2026-10-23,29,P,470.0,-5.02,494.838,4.45,4.9,4.675,4.5,9.6,0.2615,-0.2184,0.0081,-0.1848,0.4142,4.7199,24.0,56,916
MSFT261023C00475000,MSFT,2026-10-23,29,C,475.0,-4.01,494.838,26.95,29.2,28.075,28.25,8.0,0.2681,0.7423,0.0089,-0.1906,0.4539,27.6801,70.7,4,179
MSFT261023P00475000,MSFT,2026-10-23,29,P,475.0,-4.01,494.838,5.6,6.1,5.85,5.75,8.5,0.2585,-0.2613,0.009,-0.2024,0.4561,5.8973,28.5,169,689
MSFT261023C00480000,MSFT,2026-10-23,29,C,480.0,-3.0,494.838,23.45,25.65,24.55,23.18,9.0,0.266,0.6958,0.0097,-0.2073,0.4911,24.1724,65.9,4,42
MSFT261023P00480000,MSFT,2026-10-23,29,P,480.0,-3.0,494.838,6.9,7.55,7.225,7.15,9.0,0.2551,-0.3087,0.0099,-0.2177,0.4941,7.2746,33.3,35,229
MSFT261023C00485000,MSFT,2026-10-23,29,C,485.0,-1.99,494.838,20.2,22.35,21.275,19.9,10.1,0.2646,0.645,0.0104,-0.2208,0.5216,20.941,60.8,2,62
MSFT261023P00485000,MSFT,2026-10-23,29,P,485.0,-1.99,494.838,8.55,9.35,8.95,9.24,8.9,0.2539,-0.36,0.0106,-0.2298,0.5228,9.005,38.6,19,197
MSFT261023C00490000,MSFT,2026-10-23,29,C,490.0,-0.98,494.838,17.2,18.9,18.05,18.5,9.4,0.2587,0.5919,0.011,-0.2303,0.5434,17.7222,55.6,26,179
MSFT261023P00490000,MSFT,2026-10-23,29,P,490.0,-0.98,494.838,9.9,11.2,10.55,10.85,12.3,0.2453,-0.4147,0.0112,-0.2379,0.5438,10.6014,43.9,16,230
MSFT261023C00495000,MSFT,2026-10-23,29,C,495.0,0.03,494.838,14.6,16.15,15.375,15.8,10.1,0.2584,0.5363,0.0113,-0.2353,0.5557,15.0703,50.1,161,283
MSFT261023P00495000,MSFT,2026-10-23,29,P,495.0,0.03,494.838,12.55,13.5,13.025,12.74,7.3,0.2473,-0.472,0.0116,-0.2413,0.5549,13.0458,49.8,210,150
MSFT261023C00500000,MSFT,2026-10-23,29,C,500.0,1.04,494.838,12.1,12.85,12.475,12.75,6.0,0.2492,0.4799,0.0114,-0.2356,0.5573,12.1992,44.5,290,728
MSFT261023P00500000,MSFT,2026-10-23,29,P,500.0,1.04,494.838,14.7,16.05,15.375,15.55,8.8,0.2422,-0.5298,0.0117,-0.2406,0.5545,15.3861,55.6,23,295
MSFT261023C00505000,MSFT,2026-10-23,29,C,505.0,2.05,494.838,10.1,10.7,10.4,10.4,5.8,0.2501,0.4236,0.0112,-0.2311,0.548,10.1675,39.0,60,333
MSFT261023P00505000,MSFT,2026-10-23,29,P,505.0,2.05,494.838,17.55,19.0,18.275,18.12,7.9,0.242,-0.5871,0.0116,-0.2351,0.5413,18.2865,61.2,6,122
MSFT261023C00510000,MSFT,2026-10-23,29,C,510.0,3.06,494.838,8.35,8.8,8.575,8.8,5.2,0.2504,0.3694,0.0108,-0.2223,0.5286,8.3698,33.8,337,542
MSFT261023P00510000,MSFT,2026-10-23,29,P,510.0,3.06,494.838,20.2,22.3,21.25,21.67,9.9,0.2373,-0.6432,0.0112,-0.2253,0.5196,21.23,66.9,158,122
MSFT261023C00515000,MSFT,2026-10-23,29,C,515.0,4.07,494.838,6.6,7.4,7.0,7.24,11.4,0.2504,0.3184,0.0103,-0.21,0.5009,6.8086,28.9,20,204
MSFT261023P00515000,MSFT,2026-10-23,29,P,515.0,4.07,494.838,23.35,25.6,24.475,26.63,9.2,0.2314,-0.6965,0.0107,-0.2117,0.4873,24.4072,72.4,2,341
MSFT261023C00520000,MSFT,2026-10-23,29,C,520.0,5.08,494.838,5.3,5.75,5.525,5.57,8.1,0.248,0.2706,0.0095,-0.1946,0.4655,5.3717,24.2,112,399
MSFT261023P00520000,MSFT,2026-10-23,29,P,520.0,5.08,494.838,27.65,29.6,28.625,28.16,6.8,0.2398,-0.7462,0.01,-0.1955,0.4486,28.5122,76.4,0,17
MSFT261023C00525000,MSFT,2026-10-23,29,C,525.0,6.1,494.838,4.2,4.6,4.4,4.7,9.1,0.2481,0.2276,0.0087,-0.1774,0.4255,4.2717,20.2,356,435
MSFT261023P00525000,MSFT,2026-10-23,29,P,525.0,6.1,494.838,30.8,33.65,32.225,31.6,8.8,0.2295,-0.7917,0.0092,-0.1773,0.3983,32.0154,81.5,0,14
MSFT261023C00530000,MSFT,2026-10-23,29,C,530.0,7.11,494.838,3.3,3.7,3.5,3.55,11.4,0.2491,0.1895,0.0078,-0.1592,0.3831,3.3951,16.7,118,751
MSFT261023P00530000,MSFT,2026-10-23,29,P,530.0,7.11,494.838,35.1,38.45,36.775,34.45,9.1,0.239,-0.8324,0.0083,-0.1579,0.3474,36.5064,84.3,0,38
MSFT261023C00535000,MSFT,2026-10-23,29,C,535.0,8.12,494.838,2.58,3.0,2.79,2.83,15.1,0.2508,0.1563,0.0069,-0.1409,0.3401,2.7001,13.7,55,1967
MSFT261023P00535000,MSFT,2026-10-23,29,P,535.0,8.12,494.838,39.3,42.4,40.85,37.63,7.6,0.227,-0.8678,0.0074,-0.138,0.3009,40.4245,88.5,0,4
MSFT261023C00540000,MSFT,2026-10-23,29,C,540.0,9.13,494.838,1.93,2.32,2.125,2.14,18.4,0.2497,0.128,0.006,-0.1233,0.298,2.0549,10.9,52,1126
MSFT261023P00540000,MSFT,2026-10-23,29,P,540.0,9.13,494.838,43.85,46.85,45.35,43.01,6.6,0.2209,-0.8984,0.0064,-0.1175,0.2493,44.7577,91.7,0,1
MSFT261023C00545000,MSFT,2026-10-23,29,C,545.0,10.14,494.838,1.42,1.83,1.625,1.76,25.2,0.2497,0.1043,0.0051,-0.1069,0.2586,1.5687,8.7,48,249
MSFT261023P00545000,MSFT,2026-10-23,29,P,545.0,10.14,494.838,48.45,51.8,50.125,38.85,6.7,0.2186,-0.9251,0.0059,-0.0964,0.1939,49.3362,93.9,0,2
MSFT261023C00550000,MSFT,2026-10-23,29,C,550.0,11.15,494.838,1.2,1.51,1.355,1.35,22.9,0.2556,0.0847,0.0044,-0.0921,0.2229,1.3077,7.2,155,1158
MSFT261023P00550000,MSFT,2026-10-23,29,P,550.0,11.15,494.838,53.2,56.55,54.875,0.0,6.1,0.0,-0.9478,0.0054,-0.0819,0.1554,,,0,0
MSFT261023C00555000,MSFT,2026-10-23,29,C,555.0,12.16,494.838,0.93,1.24,1.085,1.0,28.6,0.2589,0.0688,0.0037,-0.0791,0.1908,1.0473,5.9,31,186
MSFT261023P00555000,MSFT,2026-10-23,29,P,555.0,12.16,494.838,58.05,61.45,59.75,0.0,5.7,0.0,-0.9673,0.0047,-0.0829,0.1034,,,0,0
MSFT261023C00560000,MSFT,2026-10-23,29,C,560.0,13.17,494.838,0.71,0.96,0.835,0.8,29.9,0.2601,0.0561,0.0031,-0.068,0.1634,0.8063,4.6,14,5326
MSFT261023P00560000,MSFT,2026-10-23,29,P,560.0,13.17,494.838,64.15,66.5,65.325,64.8,3.6,0.2859,-0.9816,0.0035,-0.1031,0.0568,64.6381,93.8,0,8
MSFT261023C00565000,MSFT,2026-10-23,29,C,565.0,14.18,494.838,0.57,0.91,0.74,0.67,45.9,0.2687,0.046,0.0026,-0.0586,0.1399,0.7154,4.0,2,5227
MSFT261023P00565000,MSFT,2026-10-23,29,P,565.0,14.18,494.838,68.7,71.55,70.125,0.0,4.1,0.2811,-0.9912,0.0021,-0.1298,0.0296,69.267,95.3,0,0
MSFT261023C00570000,MSFT,2026-10-23,29,C,570.0,15.19,494.838,0.31,0.64,0.475,0.38,69.5,0.2614,0.038,0.0022,-0.0509,0.1204,0.4593,2.8,2,143
MSFT261023P00570000,MSFT,2026-10-23,29,P,570.0,15.19,494.838,73.4,76.8,75.1,0.0,4.5,0.2895,-0.9963,0.0011,-0.1555,0.0127,74.156,95.9,0,0
MSFT261023C00580000,MSFT,2026-10-23,29,C,580.0,17.21,494.838,0.22,0.57,0.395,0.34,88.6,0.2796,0.027,0.0016,-0.0395,0.0911,0.3828,2.2,1,158
MSFT261023P00580000,MSFT,2026-10-23,29,P,580.0,17.21,494.838,83.0,86.55,84.775,0.0,4.2,0.0,-1.0,0.0,-0.19,0.0,,,0,0
MSFT261023C00590000,MSFT,2026-10-23,29,C,590.0,19.23,494.838,0.16,0.47,0.315,0.25,98.4,0.2946,0.0202,0.0012,-0.0321,0.0715,0.306,1.7,0,77
MSFT261023P00590000,MSFT,2026-10-23,29,P,590.0,19.23,494.838,93.0,96.55,94.775,0.0,3.7,0.0,-1.0,0.0,-0.199,0.0,,,0,0
MSFT261023C00600000,MSFT,2026-10-23,29,C,600.0,21.25,494.838,0.1,0.25,0.175,0.17,85.7,0.2938,0.0158,0.0009,-0.0272,0.0582,0.1705,1.0,4,63
MSFT261023P00600000,MSFT,2026-10-23,29,P,600.0,21.25,494.838,103.0,106.65,104.825,0.0,3.5,0.0,-1.0,0.0,-0.204,0.0,,,0,0
MSFT261023C00610000,MSFT,2026-10-23,29,C,610.0,23.27,494.838,0.01,0.32,0.165,0.07,187.9,0.3134,0.0129,0.0007,-0.0238,0.0489,0.1611,0.9,0,10
MSFT261023P00610000,MSFT,2026-10-23,29,P,610.0,23.27,494.838,113.0,116.85,114.925,0.0,3.4,0.0,-1.0,0.0,-0.2049,0.0,,,0,0
MSFT261030C00375000,MSFT,2026-10-30,36,C,375.0,-24.22,494.838,121.1,124.15,122.625,0.0,2.5,0.4852,0.9833,0.0006,0.0,0.067,122.1455,96.2,0,0
MSFT261030P00375000,MSFT,2026-10-30,36,P,375.0,-24.22,494.838,0.27,0.52,0.395,0.28,63.3,0.4318,-0.017,0.0006,-0.0378,0.0674,0.4044,2.2,1,9
MSFT261030C00380000,MSFT,2026-10-30,36,C,380.0,-23.21,494.838,115.95,119.25,117.6,111.73,2.8,0.4608,0.9809,0.0007,-0.0038,0.0748,117.1163,96.2,0,1
MSFT261030P00380000,MSFT,2026-10-30,36,P,380.0,-23.21,494.838,0.24,1.16,0.7,0.5,131.4,0.4539,-0.0193,0.0007,-0.0413,0.0749,0.7167,3.5,0,41
MSFT261030C00385000,MSFT,2026-10-30,36,C,385.0,-22.2,494.838,111.1,114.35,112.725,114.08,2.9,0.4515,0.9782,0.0008,-0.0094,0.0838,112.2387,95.8,0,1
MSFT261030P00385000,MSFT,2026-10-30,36,P,385.0,-22.2,494.838,0.01,1.46,0.735,0.54,197.3,0.4387,-0.0221,0.0008,-0.0453,0.0839,0.7527,3.7,0,5
MSFT261030C00390000,MSFT,2026-10-30,36,C,390.0,-21.19,494.838,106.25,109.45,107.85,111.5,3.0,0.4411,0.975,0.0009,-0.0155,0.0938,107.3611,95.3,0,2
MSFT261030P00390000,MSFT,2026-10-30,36,P,390.0,-21.19,494.838,0.24,0.87,0.555,0.7,113.5,0.4004,-0.0253,0.0009,-0.0498,0.0945,0.5705,3.1,0,63
MSFT261030C00395000,MSFT,2026-10-30,36,C,395.0,-20.18,494.838,101.45,104.55,103.0,108.22,3.0,0.4317,0.9711,0.0011,-0.0222,0.1055,102.509,94.8,0,1
MSFT261030P00395000,MSFT,2026-10-30,36,P,395.0,-20.18,494.838,0.01,1.71,0.86,0.72,197.7,0.4122,-0.0293,0.0011,-0.0552,0.106,0.875,4.4,0,12
MSFT261030C00400000,MSFT,2026-10-30,36,C,400.0,-19.17,494.838,96.6,99.7,98.15,98.02,3.2,0.4212,0.9666,0.0012,-0.0297,0.119,97.6575,94.2,1,31
MSFT261030P00400000,MSFT,2026-10-30,36,P,400.0,-19.17,494.838,0.72,0.88,0.8,0.79,20.0,0.3881,-0.0339,0.0012,-0.061,0.1196,0.8153,4.3,338,701
MSFT261030C00405000,MSFT,2026-10-30,36,C,405.0,-18.16,494.838,91.75,94.85,93.3,94.22,3.3,0.41,0.9612,0.0014,-0.0379,0.1342,92.8106,93.6,2,0
MSFT261030P00405000,MSFT,2026-10-30,36,P,405.0,-18.16,494.838,0.83,1.15,0.99,1.08,32.3,0.385,-0.0392,0.0014,-0.0677,0.1348,1.0119,5.2,0,47
MSFT261030C00410000,MSFT,2026-10-30,36,C,410.0,-17.14,494.838,86.75,90.05,88.4,89.35,3.7,0.3946,0.9547,0.0016,-0.0471,0.1519,87.9075,93.2,0,1
MSFT261030P00410000,MSFT,2026-10-30,36,P,410.0,-17.14,494.838,1.0,1.26,1.13,1.14,23.0,0.3753,-0.0459,0.0016,-0.0755,0.1527,1.1478,5.8,5,197
MSFT261030C00415000,MSFT,2026-10-30,36,C,415.0,-16.13,494.838,82.0,85.3,83.65,87.1,3.9,0.3869,0.947,0.0019,-0.0574,0.1719,83.1531,92.2,0,6
MSFT261030P00415000,MSFT,2026-10-30,36,P,415.0,-16.13,494.838,1.15,1.45,1.3,1.35,23.1,0.3666,-0.0536,0.0019,-0.0843,0.174,1.3197,6.6,2,27
MSFT261030C00420000,MSFT,2026-10-30,36,C,420.0,-15.12,494.838,77.5,80.55,79.025,76.63,3.9,0.3837,0.9379,0.0022,-0.0688,0.1944,78.5285,90.9,1,3
MSFT261030P00420000,MSFT,2026-10-30,36,P,420.0,-15.12,494.838,1.31,1.77,1.54,1.63,29.9,0.3602,-0.0629,0.0022,-0.0943,0.1955,1.561,7.7,7,72
MSFT261030C00425000,MSFT,2026-10-30,36,C,425.0,-14.11,494.838,72.8,75.9,74.35,76.1,4.2,0.3759,0.927,0.0025,-0.0814,0.2201,73.8548,89.7,0,7
MSFT261030P00425000,MSFT,2026-10-30,36,P,425.0,-14.11,494.838,1.69,2.02,1.855,1.96,17.8,0.3554,-0.0739,0.0025,-0.1054,0.2222,1.8776,9.0,17,121
MSFT261030C00430000,MSFT,2026-10-30,36,C,430.0,-13.1,494.838,68.35,71.3,69.825,73.95,4.2,0.3723,0.9141,0.0029,-0.0953,0.2481,69.3377,88.0,0,59
MSFT261030P00430000,MSFT,2026-10-30,36,P,430.0,-13.1,494.838,2.06,2.42,2.24,2.25,16.1,0.3512,-0.087,0.0029,-0.1179,0.2495,2.2649,10.5,28,188
MSFT261030C00435000,MSFT,2026-10-30,36,C,435.0,-12.09,494.838,63.55,66.7,65.125,62.88,4.8,0.3599,0.8991,0.0033,-0.1103,0.2792,64.6363,86.8,1,61
MSFT261030P00435000,MSFT,2026-10-30,36,P,435.0,-12.09,494.838,2.48,2.93,2.705,2.64,16.6,0.3474,-0.1022,0.0033,-0.1316,0.2817,2.7314,12.2,32,3010
MSFT261030C00440000,MSFT,2026-10-30,36,C,440.0,-11.08,494.838,59.3,62.35,60.825,58.91,5.0,0.359,0.8817,0.0037,-0.1264,0.3122,60.338,84.6,0,15
MSFT261030P00440000,MSFT,2026-10-30,36,P,440.0,-11.08,494.838,3.05,3.45,3.25,3.25,12.3,0.3436,-0.1198,0.0037,-0.1463,0.314,3.2779,14.2,23,335
MSFT261030C00445000,MSFT,2026-10-30,36,C,445.0,-10.07,494.838,55.05,58.05,56.55,60.31,5.3,0.3559,0.8617,0.0042,-0.1433,0.3475,56.0726,82.4,0,64
MSFT261030P00445000,MSFT,2026-10-30,36,P,445.0,-10.07,494.838,3.6,4.15,3.875,3.95,14.2,0.3396,-0.14,0.0042,-0.1618,0.351,3.908,16.4,16,182
MSFT261030C00450000,MSFT,2026-10-30,36,C,450.0,-9.06,494.838,50.95,53.85,52.4,52.39,5.5,0.3532,0.8393,0.0046,-0.1607,0.3833,51.9302,79.9,13,405
MSFT261030P00450000,MSFT,2026-10-30,36,P,450.0,-9.06,494.838,4.4,4.95,4.675,4.36,11.8,0.3374,-0.1628,0.0047,-0.1779,0.3855,4.7064,18.9,115,803
MSFT261030C00455000,MSFT,2026-10-30,36,C,455.0,-8.05,494.838,46.8,49.6,48.2,48.97,5.8,0.3464,0.8142,0.0051,-0.1781,0.4199,47.7325,77.4,0,28
MSFT261030P00455000,MSFT,2026-10-30,36,P,455.0,-8.05,494.838,5.2,5.9,5.55,5.55,12.6,0.3342,-0.1881,0.0052,-0.194,0.4239,5.5875,21.6,37,356
MSFT261030C00460000,MSFT,2026-10-30,36,C,460.0,-7.04,494.838,43.1,45.65,44.375,44.09,5.7,0.3456,0.7867,0.0056,-0.1951,0.4555,43.9158,74.4,20,487
MSFT261030P00460000,MSFT,2026-10-30,36,P,460.0,-7.04,494.838,6.25,6.95,6.6,6.75,10.6,0.332,-0.216,0.0057,-0.2097,0.4579,6.6429,24.6,66,257
MSFT261030C00465000,MSFT,2026-10-30,36,C,465.0,-6.03,494.838,39.15,41.45,40.3,40.57,5.7,0.3371,0.7566,0.0061,-0.2114,0.49,39.873,71.6,53,24
MSFT261030P00465000,MSFT,2026-10-30,36,P,465.0,-6.03,494.838,7.6,8.0,7.8,7.73,5.1,0.3296,-0.2464,0.0061,-0.2247,0.493,7.8361,27.9,18,223
MSFT261030C00470000,MSFT,2026-10-30,36,C,470.0,-5.02,494.838,35.7,38.35,37.025,34.5,7.2,0.3409,0.7247,0.0065,-0.2262,0.5217,36.5925,67.9,5,28
MSFT261030P00470000,MSFT,2026-10-30,36,P,470.0,-5.02,494.838,8.55,9.55,9.05,9.09,11.0,0.3253,-0.2791,0.0066,-0.2384,0.5238,9.0876,31.1,56,549
MSFT261030C00475000,MSFT,2026-10-30,36,C,475.0,-4.01,494.838,32.35,34.45,33.4,37.75,6.3,0.3355,0.6903,0.0069,-0.2396,0.5504,33.0025,64.5,0,44
MSFT261030P00475000,MSFT,2026-10-30,36,P,475.0,-4.01,494.838,10.2,11.15,10.675,10.75,8.9,0.3249,-0.3138,0.007,-0.2505,0.5526,10.7098,34.9,17,310
MSFT261030C00480000,MSFT,2026-10-30,36,C,480.0,-3.0,494.838,29.15,31.3,30.225,29.79,7.1,0.3348,0.6544,0.0072,-0.2508,0.5751,29.8409,60.8,33,118
MSFT261030P00480000,MSFT,2026-10-30,36,P,480.0,-3.0,494.838,11.75,12.75,12.25,12.25,8.2,0.3204,-0.3503,0.0074,-0.2606,0.5763,12.2842,38.5,12,312
MSFT261030C00485000,MSFT,2026-10-30,36,C,485.0,-1.99,494.838,26.2,28.1,27.15,27.65,7.0,0.3324,0.6172,0.0075,-0.2598,0.5948,26.7643,57.1,4,32
MSFT261030P00485000,MSFT,2026-10-30,36,P,485.0,-1.99,494.838,13.7,14.85,14.275,14.18,8.1,0.3204,-0.3884,0.0077,-0.2684,0.596,14.3025,42.5,5,302
MSFT261030C00490000,MSFT,2026-10-30,36,C,490.0,-0.98,494.838,23.3,25.5,24.4,23.25,9.0,0.3329,0.5785,0.0078,-0.2663,0.6095,24.0497,53.2,11,158
MSFT261030P00490000,MSFT,2026-10-30,36,P,490.0,-0.98,494.838,16.1,17.15,16.625,16.25,6.3,0.3225,-0.4276,0.0079,-0.2738,0.6097,16.6485,46.6,24,156
MSFT261030C00495000,MSFT,2026-10-30,36,C,495.0,0.03,494.838,21.0,21.9,21.45,21.4,4.2,0.3268,0.5393,0.0079,-0.2701,0.6184,21.1216,49.4,65,359
MSFT261030P00495000,MSFT,2026-10-30,36,P,495.0,0.03,494.838,17.95,19.5,18.725,18.62,8.3,0.3171,-0.4677,0.0081,-0.2764,0.6177,18.7354,50.5,7,324
MSFT261030C00500000,MSFT,2026-10-30,36,C,500.0,1.04,494.838,18.3,19.9,19.1,19.32,8.4,0.3271,0.5,0.008,-0.2712,0.6214,18.7792,45.5,200,461
MSFT261030P00500000,MSFT,2026-10-30,36,P,500.0,1.04,494.838,20.35,21.95,21.15,21.15,7.6,0.3138,-0.5081,0.0082,-0.2764,0.6192,21.148,54.6,42,350
MSFT261030C00505000,MSFT,2026-10-30,36,C,505.0,2.05,494.838,16.0,17.3,16.65,17.07,7.8,0.3229,0.4606,0.008,-0.2696,0.6185,16.3515,41.6,8,239
MSFT261030P00505000,MSFT,2026-10-30,36,P,505.0,2.05,494.838,23.0,24.85,23.925,23.8,7.7,0.3128,-0.5485,0.0082,-0.2737,0.6145,23.903,58.5,4,119
MSFT261030C00510000,MSFT,2026-10-30,36,C,510.0,3.06,494.838,13.8,15.5,14.65,14.83,11.6,0.323,0.4215,0.0079,-0.2653,0.6095,14.3798,37.9,21,323
MSFT261030P00510000,MSFT,2026-10-30,36,P,510.0,3.06,494.838,25.7,27.85,26.775,26.45,8.0,0.3098,-0.5883,0.0081,-0.2683,0.6039,26.734,62.5,15,299
MSFT261030C00515000,MSFT,2026-10-30,36,C,515.0,4.07,494.838,12.15,13.2,12.675,12.66,8.3,0.3204,0.3837,0.0077,-0.2586,0.5954,12.4311,34.2,52,108
MSFT261030P00515000,MSFT,2026-10-30,36,P,515.0,4.07,494.838,28.9,31.05,29.975,29.59,7.2,0.3092,-0.6273,0.0079,-0.2606,0.5874,29.9045,66.2,1,5
MSFT261030C00520000,MSFT,2026-10-30,36,C,520.0,5.08,494.838,10.6,11.2,10.9,11.0,5.5,0.3178,0.3474,0.0075,-0.2498,0.5762,10.6678,30.6,94,507
MSFT261030P00520000,MSFT,2026-10-30,36,P,520.0,5.08,494.838,32.0,34.35,33.175,30.5,7.1,0.3052,-0.665,0.0077,-0.2507,0.5653,33.0665,70.0,0,7
MSFT261030C00525000,MSFT,2026-10-30,36,C,525.0,6.1,494.838,9.35,9.45,9.4,9.58,1.1,0.3181,0.3125,0.0072,-0.2391,0.5528,9.2429,27.3,15012,208
MSFT261030P00525000,MSFT,2026-10-30,36,P,525.0,6.1,494.838,35.2,37.85,36.525,36.45,7.3,0.3006,-0.701,0.0074,-0.239,0.5394,36.39,73.6,0,25
MSFT261030C00530000,MSFT,2026-10-30,36,C,530.0,7.11,494.838,7.75,8.75,8.25,8.2,12.1,0.3202,0.2793,0.0068,-0.2267,0.5255,8.0678,24.4,51,510
MSFT261030P00530000,MSFT,2026-10-30,36,P,530.0,7.11,494.838,38.8,41.5,40.15,39.78,6.7,0.2969,-0.7352,0.0071,-0.2258,0.5078,39.9508,77.1,0,42
MSFT261030C00535000,MSFT,2026-10-30,36,C,535.0,8.12,494.838,6.6,7.45,7.025,7.25,12.1,0.319,0.2485,0.0064,-0.2133,0.4956,6.8656,21.5,37,171
MSFT261030P00535000,MSFT,2026-10-30,36,P,535.0,8.12,494.838,42.65,45.4,44.025,44.76,6.2,0.2948,-0.7675,0.0067,-0.2115,0.4752,43.7642,80.1,0,2
MSFT261030C00540000,MSFT,2026-10-30,36,C,540.0,9.13,494.838,5.65,6.4,6.025,6.12,12.4,0.3194,0.2199,0.006,-0.1991,0.4639,5.8797,18.9,213,405
MSFT261030P00540000,MSFT,2026-10-30,36,P,540.0,9.13,494.838,46.65,49.45,48.05,45.4,5.8,0.2922,-0.7975,0.0063,-0.1965,0.4371,47.7117,83.0,0,69
MSFT261030C00545000,MSFT,2026-10-30,36,C,545.0,10.14,494.838,4.75,5.5,5.125,5.17,14.6,0.3194,0.1936,0.0056,-0.1845,0.4308,4.9987,16.5,31,288
MSFT261030P00545000,MSFT,2026-10-30,36,P,545.0,10.14,494.838,50.8,53.65,52.225,51.47,5.5,0.2893,-0.8254,0.0059,-0.181,0.4002,51.7948,85.7,0,2
MSFT261030C00550000,MSFT,2026-10-30,36,C,550.0,11.15,494.838,4.0,4.5,4.25,4.6,11.8,0.317,0.1699,0.0051,-0.1699,0.3976,4.1377,14.2,336,1178
MSFT261030P00550000,MSFT,2026-10-30,36,P,550.0,11.15,494.838,55.4,58.0,56.7,54.4,4.6,0.2912,-0.8508,0.0055,-0.1655,0.3595,56.1816,87.7,0,11
MSFT261030C00555000,MSFT,2026-10-30,36,C,555.0,12.16,494.838,3.15,3.8,3.475,3.6,18.7,0.3142,0.1482,0.0047,-0.1553,0.3642,3.382,12.1,40,336
MSFT261030P00555000,MSFT,2026-10-30,36,P,555.0,12.16,494.838,59.5,62.5,61.0,0.0,4.9,0.2826,-0.8739,0.005,-0.1498,0.3212,60.3315,90.2,0,0
MSFT261030C00560000,MSFT,2026-10-30,36,C,560.0,13.17,494.838,2.83,3.4,3.115,3.2,18.3,0.3207,0.1289,0.0042,-0.1412,0.3318,3.0331,10.8,7,357
MSFT261030P00560000,MSFT,2026-10-30,36,P,560.0,13.17,494.838,64.4,67.05,65.725,64.59,4.0,0.286,-0.8948,0.0046,-0.1346,0.2812,64.9561,91.6,0,7
MSFT261030C00565000,MSFT,2026-10-30,36,C,565.0,14.18,494.838,2.43,2.79,2.61,2.94,13.8,0.3208,0.1118,0.0038,-0.1277,0.3007,2.5395,9.2,71,61
MSFT261030P00565000,MSFT,2026-10-30,36,P,565.0,14.18,494.838,68.95,72.0,70.475,0.0,4.3,0.2876,-0.9132,0.0042,-0.1188,0.2443,69.5923,92.9,0,0
MSFT261030C00570000,MSFT,2026-10-30,36,C,570.0,15.19,494.838,2.04,2.35,2.195,2.19,14.1,0.3216,0.0968,0.0034,-0.1151,0.2712,2.1359,7.9,28,386
MSFT261030P00570000,MSFT,2026-10-30,36,P,570.0,15.19,494.838,73.4,76.6,75.0,0.0,4.3,0.0,-0.9295,0.0037,-0.1031,0.2075,,,0,0
MSFT261030C00580000,MSFT,2026-10-30,36,C,580.0,17.21,494.838,1.43,1.69,1.56,1.54,16.7,0.3241,0.0721,0.0027,-0.0926,0.2183,1.5174,5.8,13,1189
MSFT261030P00580000,MSFT,2026-10-30,36,P,580.0,17.21,494.838,83.1,86.3,84.7,0.0,3.8,0.0,-0.9584,0.0035,-0.0705,0.1409,,,0,0
MSFT261030C00590000,MSFT,2026-10-30,36,C,590.0,19.23,494.838,0.98,1.27,1.125,1.13,25.8,0.3281,0.0537,0.0021,-0.074,0.1742,1.0952,4.3,3,224
MSFT261030P00590000,MSFT,2026-10-30,36,P,590.0,19.23,494.838,93.0,96.1,94.55,0.0,3.3,0.0,-0.9807,0.0026,-0.0778,0.0621,,,0,0
MSFT261030C00600000,MSFT,2026-10-30,36,C,600.0,21.25,494.838,0.75,0.88,0.815,0.81,16.0,0.3324,0.0402,0.0017,-0.0592,0.1389,0.7932,3.1,14965,121
MSFT261030P00600000,MSFT,2026-10-30,36,P,600.0,21.25,494.838,103.0,106.45,104.725,0.0,3.3,0.0,-0.9939,0.0013,-0.1065,0.0165,,,0,0
MSFT261030C00610000,MSFT,2026-10-30,36,C,610.0,23.27,494.838,0.47,0.69,0.58,0.66,37.9,0.3358,0.0305,0.0013,-0.0477,0.111,0.5653,2.3,1,98
MSFT261030P00610000,MSFT,2026-10-30,36,P,610.0,23.27,494.838,113.0,116.0,114.5,0.0,2.6,0.0,-0.9993,0.0001,-0.1418,0.0,,,0,0
MSFT261106C00430000,MSFT,2026-11-06,43,C,430.0,-13.1,494.838,69.85,72.55,71.2,0.0,3.8,0.3735,0.8976,0.003,-0.0852,0.3083,70.6508,85.7,0,0
MSFT261106P00430000,MSFT,2026-11-06,43,P,430.0,-13.1,494.838,2.74,3.1,2.92,3.2,12.3,0.3469,-0.1036,0.003,-0.1225,0.3103,2.9519,12.3,14,0
MSFT261106C00435000,MSFT,2026-11-06,43,C,435.0,-12.09,494.838,65.3,68.15,66.725,66.65,4.3,0.3664,0.8819,0.0033,-0.0996,0.3409,66.1786,84.1,3,0
MSFT261106P00435000,MSFT,2026-11-06,43,P,435.0,-12.09,494.838,3.3,4.0,3.65,3.65,19.2,0.3489,-0.1196,0.0034,-0.1345,0.3434,3.6834,14.6,1,0
MSFT261106C00440000,MSFT,2026-11-06,43,C,440.0,-11.08,494.838,60.3,63.85,62.075,62.29,5.7,0.3532,0.8639,0.0037,-0.1147,0.3758,61.5341,82.8,2,0
MSFT261106P00440000,MSFT,2026-11-06,43,P,440.0,-11.08,494.838,3.9,4.8,4.35,4.31,20.7,0.3469,-0.1378,0.0038,-0.1471,0.3781,4.3885,16.7,2185,0
MSFT261106C00445000,MSFT,2026-11-06,43,C,445.0,-10.07,494.838,56.8,59.55,58.175,0.0,4.7,0.3571,0.8438,0.0041,-0.1302,0.4114,57.6384,80.0,0,0
MSFT261106P00445000,MSFT,2026-11-06,43,P,445.0,-10.07,494.838,4.7,5.45,5.075,4.83,14.8,0.3429,-0.1582,0.0042,-0.1603,0.4146,5.1149,18.9,10,0
MSFT261106C00450000,MSFT,2026-11-06,43,C,450.0,-9.06,494.838,52.05,55.4,53.725,53.4,6.2,0.3456,0.8214,0.0045,-0.1459,0.4481,53.1943,78.3,11,0
MSFT261106P00450000,MSFT,2026-11-06,43,P,450.0,-9.06,494.838,5.4,6.4,5.9,5.86,16.9,0.3389,-0.1809,0.0046,-0.1736,0.4506,5.94,21.2,12,0
MSFT261106C00455000,MSFT,2026-11-06,43,C,455.0,-8.05,494.838,48.8,51.45,50.125,0.0,5.3,0.3509,0.7969,0.0049,-0.1614,0.4839,49.6299,75.0,0,0
MSFT261106P00455000,MSFT,2026-11-06,43,P,455.0,-8.05,494.838,6.5,7.55,7.025,0.0,14.9,0.3389,-0.2058,0.005,-0.1868,0.4873,7.0663,24.1,0,0
MSFT261106C00460000,MSFT,2026-11-06,43,C,460.0,-7.04,494.838,44.85,47.65,46.25,45.55,6.1,0.3466,0.7704,0.0053,-0.1764,0.5192,45.7422,72.4,10,0
MSFT261106P00460000,MSFT,2026-11-06,43,P,460.0,-7.04,494.838,7.4,8.75,8.075,8.0,16.7,0.3347,-0.2326,0.0054,-0.1994,0.5219,8.1208,26.8,10,0
MSFT261106C00465000,MSFT,2026-11-06,43,C,465.0,-6.03,494.838,41.1,43.6,42.35,40.55,5.9,0.3404,0.7419,0.0057,-0.1905,0.5521,41.8727,69.6,1,0
MSFT261106P00465000,MSFT,2026-11-06,43,P,465.0,-6.03,494.838,8.55,10.0,9.275,9.47,15.6,0.3308,-0.2615,0.0058,-0.2112,0.5552,9.318,29.7,5,0
MSFT261106C00470000,MSFT,2026-11-06,43,C,470.0,-5.02,494.838,37.65,40.3,38.975,39.02,6.8,0.3408,0.7119,0.006,-0.2034,0.5828,38.5112,66.4,43,0
MSFT261106P00470000,MSFT,2026-11-06,43,P,470.0,-5.02,494.838,10.1,11.0,10.55,11.0,8.5,0.3259,-0.292,0.0061,-0.2218,0.5853,10.595,32.8,8,0
MSFT261106C00475000,MSFT,2026-11-06,43,C,475.0,-4.01,494.838,34.3,37.05,35.675,0.0,7.7,0.3394,0.6804,0.0063,-0.2148,0.6096,35.2068,63.1,0,0
MSFT261106P00475000,MSFT,2026-11-06,43,P,475.0,-4.01,494.838,11.4,13.2,12.3,13.05,14.6,0.3264,-0.3242,0.0064,-0.2309,0.6123,12.342,36.3,2,0
MSFT261106C00480000,MSFT,2026-11-06,43,C,480.0,-3.0,494.838,31.2,33.85,32.525,31.0,8.1,0.3382,0.6475,0.0066,-0.2245,0.6332,32.0778,59.7,5,0
MSFT261106P00480000,MSFT,2026-11-06,43,P,480.0,-3.0,494.838,13.2,15.3,14.25,13.99,14.7,0.3273,-0.3577,0.0067,-0.2384,0.6351,14.2922,39.9,4,0
MSFT261106C00485000,MSFT,2026-11-06,43,C,485.0,-1.99,494.838,28.05,30.85,29.45,0.0,9.5,0.3355,0.6135,0.0068,-0.2323,0.652,29.0187,56.3,0,0
MSFT261106P00485000,MSFT,2026-11-06,43,P,485.0,-1.99,494.838,15.05,17.35,16.2,17.1,14.2,0.3253,-0.3925,0.007,-0.244,0.6535,16.2352,43.4,8,0
MSFT261106C00490000,MSFT,2026-11-06,43,C,490.0,-0.98,494.838,25.25,28.05,26.65,24.65,10.5,0.3347,0.5784,0.007,-0.2382,0.6664,26.2531,52.8,1,0
MSFT261106P00490000,MSFT,2026-11-06,43,P,490.0,-0.98,494.838,17.3,19.25,18.275,18.25,10.7,0.3226,-0.4281,0.0072,-0.2477,0.6665,18.3056,47.0,3,0
MSFT261106C00495000,MSFT,2026-11-06,43,C,495.0,0.03,494.838,22.7,24.9,23.8,23.5,9.2,0.3303,0.5429,0.0072,-0.2419,0.6754,23.4188,49.3,13,0
MSFT261106P00495000,MSFT,2026-11-06,43,P,495.0,0.03,494.838,19.6,21.2,20.4,20.2,7.8,0.3178,-0.4645,0.0073,-0.2492,0.6749,20.4105,50.6,6,0
MSFT261106C00500000,MSFT,2026-11-06,43,C,500.0,1.04,494.838,20.3,22.2,21.25,22.2,8.9,0.3279,0.5071,0.0072,-0.2435,0.6792,20.8917,45.8,6,0
MSFT261106P00500000,MSFT,2026-11-06,43,P,500.0,1.04,494.838,22.05,24.3,23.175,23.7,9.7,0.3201,-0.5012,0.0074,-0.2487,0.6764,23.1746,54.2,3,0
MSFT261106C00505000,MSFT,2026-11-06,43,C,505.0,2.05,494.838,18.0,19.65,18.825,19.0,8.8,0.3247,0.4713,0.0072,-0.243,0.6776,18.4857,42.2,3,0
MSFT261106P00505000,MSFT,2026-11-06,43,P,505.0,2.05,494.838,24.45,27.05,25.75,0.0,10.1,0.3166,-0.5381,0.0074,-0.246,0.674,25.7268,57.8,0,0
MSFT261106C00510000,MSFT,2026-11-06,43,C,510.0,3.06,494.838,15.25,18.15,16.7,16.0,17.4,0.3234,0.4358,0.0072,-0.2404,0.6706,16.3827,38.8,1,0
MSFT261106P00510000,MSFT,2026-11-06,43,P,510.0,3.06,494.838,27.15,29.85,28.5,0.0,9.5,0.313,-0.5747,0.0074,-0.2414,0.6637,28.4536,61.4,0,0
MSFT261106C00515000,MSFT,2026-11-06,43,C,515.0,4.07,494.838,13.9,16.2,15.05,14.8,15.3,0.3266,0.401,0.0071,-0.236,0.6588,14.7454,35.6,1,0
MSFT261106P00515000,MSFT,2026-11-06,43,P,515.0,4.07,494.838,30.25,33.1,31.675,0.0,9.0,0.3133,-0.6105,0.0073,-0.2347,0.6507,31.6164,64.9,0,0
MSFT261106C00520000,MSFT,2026-11-06,43,C,520.0,5.08,494.838,12.1,14.25,13.175,13.1,16.3,0.3242,0.3669,0.0069,-0.2296,0.6418,12.9018,32.3,6,0
MSFT261106P00520000,MSFT,2026-11-06,43,P,520.0,5.08,494.838,33.3,36.3,34.8,34.95,8.6,0.3095,-0.646,0.0072,-0.2263,0.6293,34.6851,68.3,1,0
MSFT261106C00525000,MSFT,2026-11-06,43,C,525.0,6.1,494.838,9.85,12.6,11.225,11.43,24.5,0.3179,0.3341,0.0067,-0.2218,0.6209,10.9821,29.0,2,0
MSFT261106P00525000,MSFT,2026-11-06,43,P,525.0,6.1,494.838,36.65,39.7,38.175,0.0,8.0,0.3071,-0.68,0.007,-0.2163,0.6064,38.0158,71.5,0,0
MSFT261106C00530000,MSFT,2026-11-06,43,C,530.0,7.11,494.838,9.0,11.2,10.1,0.0,21.8,0.3223,0.3027,0.0065,-0.2125,0.5959,9.8717,26.3,0,0
MSFT261106P00530000,MSFT,2026-11-06,43,P,530.0,7.11,494.838,40.3,43.45,41.875,0.0,7.5,0.3076,-0.7128,0.0068,-0.2051,0.5765,41.6799,74.5,0,0
MSFT261106C00535000,MSFT,2026-11-06,43,C,535.0,8.12,494.838,8.05,9.7,8.875,8.08,18.6,0.323,0.2729,0.0062,-0.2021,0.5682,8.6687,23.7,2,0
MSFT261106P00535000,MSFT,2026-11-06,43,P,535.0,8.12,494.838,44.05,47.15,45.6,0.0,6.8,0.3055,-0.744,0.0065,-0.1926,0.5452,45.3408,77.4,0,0
MSFT261106C00540000,MSFT,2026-11-06,43,C,540.0,9.13,494.838,6.8,8.0,7.4,7.43,16.2,0.3167,0.2449,0.0058,-0.1909,0.5376,7.2191,20.8,4,0
MSFT261106P00540000,MSFT,2026-11-06,43,P,540.0,9.13,494.838,47.95,51.15,49.55,0.0,6.5,0.3049,-0.7736,0.0062,-0.1794,0.5094,49.226,80.0,0,0
MSFT261106C00545000,MSFT,2026-11-06,43,C,545.0,10.14,494.838,5.95,7.0,6.475,6.34,16.2,0.318,0.2187,0.0055,-0.1791,0.5056,6.3092,18.5,6,0
MSFT261106P00545000,MSFT,2026-11-06,43,P,545.0,10.14,494.838,52.0,55.1,53.55,0.0,5.8,0.3023,-0.8014,0.0058,-0.1656,0.4708,53.1426,82.6,0,0
MSFT261106C00550000,MSFT,2026-11-06,43,C,550.0,11.15,494.838,4.8,6.1,5.45,5.8,23.9,0.3151,0.1945,0.0051,-0.1669,0.4722,5.3082,16.2,17,0
MSFT261106P00550000,MSFT,2026-11-06,43,P,550.0,11.15,494.838,56.15,59.3,57.725,0.0,5.5,0.3003,-0.8274,0.0055,-0.1515,0.4326,57.2178,84.9,0,0
MSFT261106C00555000,MSFT,2026-11-06,43,C,555.0,12.16,494.838,4.05,5.75,4.9,4.8,34.7,0.3201,0.1722,0.0048,-0.1546,0.4384,4.7682,14.5,2,0
MSFT261106P00555000,MSFT,2026-11-06,43,P,555.0,12.16,494.838,60.4,63.55,61.975,0.0,5.1,0.2968,-0.8514,0.0052,-0.1372,0.3899,61.3509,87.1,0,0
MSFT261106C00560000,MSFT,2026-11-06,43,C,560.0,13.17,494.838,3.45,5.0,4.225,4.3,36.7,0.3206,0.1519,0.0044,-0.1424,0.4047,4.1097,12.8,1,0
MSFT261106P00560000,MSFT,2026-11-06,43,P,560.0,13.17,494.838,64.8,68.0,66.4,0.0,4.8,0.2947,-0.8735,0.0048,-0.1229,0.3503,65.654,89.0,0,0
MSFT261106C00565000,MSFT,2026-11-06,43,C,565.0,14.18,494.838,2.77,4.65,3.71,3.82,50.7,0.3231,0.1336,0.004,-0.1305,0.3715,3.6064,11.3,1,0
MSFT261106P00565000,MSFT,2026-11-06,43,P,565.0,14.18,494.838,69.3,72.4,70.85,0.0,4.4,0.2887,-0.8936,0.0044,-0.1087,0.3078,69.9317,91.0,0,0
MSFT261106C00570000,MSFT,2026-11-06,43,C,570.0,15.19,494.838,2.66,3.3,2.98,3.3,21.5,0.3175,0.1172,0.0036,-0.1191,0.3398,2.8916,9.5,2,0
MSFT261106P00570000,MSFT,2026-11-06,43,P,570.0,15.19,494.838,73.85,77.0,75.425,0.0,4.2,0.2815,-0.9116,0.004,-0.0939,0.2704,74.2978,92.8,0,0
MSFT261120C00375000,MSFT,2026-11-20,57,C,375.0,-24.22,494.838,122.6,125.5,124.05,124.25,2.3,0.4367,0.9728,0.0008,0.0,0.1266,123.7238,94.0,0,843
MSFT261120P00375000,MSFT,2026-11-20,57,P,375.0,-24.22,494.838,0.83,0.93,0.88,0.87,11.4,0.3916,-0.0287,0.0009,-0.0424,0.1314,0.8722,4.0,37,1259
MSFT261120C00380000,MSFT,2026-11-20,57,C,380.0,-23.21,494.838,117.65,120.65,119.15,123.0,2.5,0.4235,0.969,0.0009,0.0,0.1379,118.8224,93.7,0,671
MSFT261120P00380000,MSFT,2026-11-20,57,P,380.0,-23.21,494.838,0.91,1.04,0.975,0.99,13.3,0.383,-0.0327,0.001,-0.0464,0.1458,0.9655,4.4,43,3300
MSFT261120C00385000,MSFT,2026-11-20,57,C,385.0,-22.2,494.838,113.0,115.85,114.425,112.1,2.5,0.4193,0.9646,0.0011,-0.0038,0.1576,114.1037,92.9,10,865
MSFT261120P00385000,MSFT,2026-11-20,57,P,385.0,-22.2,494.838,1.07,1.2,1.135,1.24,11.5,0.378,-0.0372,0.0011,-0.051,0.1623,1.1239,5.0,10,1385
MSFT261120C00390000,MSFT,2026-11-20,57,C,390.0,-21.19,494.838,108.1,111.05,109.575,107.72,2.7,0.4077,0.9595,0.0012,-0.0107,0.1754,109.2531,92.4,0,1213
MSFT261120P00390000,MSFT,2026-11-20,57,P,390.0,-21.19,494.838,1.22,1.34,1.28,1.27,9.4,0.3708,-0.0425,0.0012,-0.0559,0.181,1.2674,5.5,6,3134
MSFT261120C00395000,MSFT,2026-11-20,57,C,395.0,-20.18,494.838,103.5,106.25,104.875,109.43,2.6,0.4021,0.9536,0.0014,-0.0181,0.1912,104.5524,91.6,0,1431
MSFT261120P00395000,MSFT,2026-11-20,57,P,395.0,-20.18,494.838,1.4,1.54,1.47,1.46,9.5,0.365,-0.0484,0.0014,-0.0613,0.2003,1.4553,6.3,22,2150
MSFT261120C00400000,MSFT,2026-11-20,57,C,400.0,-19.17,494.838,98.7,101.5,100.1,99.85,2.8,0.3925,0.947,0.0015,-0.026,0.2194,99.7801,90.9,2,4263
MSFT261120P00400000,MSFT,2026-11-20,57,P,400.0,-19.17,494.838,1.64,1.79,1.715,1.72,8.7,0.3604,-0.0556,0.0016,-0.0674,0.2236,1.6944,7.1,75,3794
MSFT261120C00405000,MSFT,2026-11-20,57,C,405.0,-18.16,494.838,94.05,96.75,95.4,95.12,2.8,0.3851,0.9391,0.0017,-0.0345,0.2408,95.0871,90.0,1,1256
MSFT261120P00405000,MSFT,2026-11-20,57,P,405.0,-18.16,494.838,1.9,2.31,2.105,2.12,19.5,0.3604,-0.0636,0.0018,-0.074,0.248,2.0792,8.4,3,1199
MSFT261120C00410000,MSFT,2026-11-20,57,C,410.0,-17.14,494.838,89.55,92.25,90.9,87.99,3.0,0.3832,0.9302,0.002,-0.0436,0.2612,90.5926,88.6,3,993
MSFT261120P00410000,MSFT,2026-11-20,57,P,410.0,-17.14,494.838,2.17,2.36,2.265,2.25,8.4,0.3495,-0.0727,0.002,-0.0811,0.2743,2.2356,9.0,14,3007
MSFT261120C00415000,MSFT,2026-11-20,57,C,415.0,-16.13,494.838,84.6,87.65,86.125,90.55,3.5,0.371,0.92,0.0022,-0.0532,0.2985,85.8176,87.9,0,1058
MSFT261120P00415000,MSFT,2026-11-20,57,P,415.0,-16.13,494.838,2.47,2.74,2.605,2.63,10.4,0.3444,-0.0831,0.0022,-0.0887,0.305,2.5723,10.2,34,1277
MSFT261120C00420000,MSFT,2026-11-20,57,C,420.0,-15.12,494.838,80.25,83.05,81.65,80.0,3.4,0.3672,0.9084,0.0025,-0.0634,0.3244,81.3554,86.4,2,18863
MSFT261120P00420000,MSFT,2026-11-20,57,P,420.0,-15.12,494.838,3.0,3.15,3.075,3.05,4.9,0.3418,-0.095,0.0025,-0.0969,0.3346,3.0347,11.6,15,2595
MSFT261120C00425000,MSFT,2026-11-20,57,C,425.0,-14.11,494.838,75.7,78.25,76.975,81.6,3.3,0.3562,0.8955,0.0027,-0.074,0.3624,76.6776,85.4,0,1360
MSFT261120P00425000,MSFT,2026-11-20,57,P,425.0,-14.11,494.838,3.55,3.7,3.625,3.55,4.1,0.3396,-0.1083,0.0028,-0.1056,0.3678,3.5786,13.3,37,1195
MSFT261120C00430000,MSFT,2026-11-20,57,C,430.0,-13.1,494.838,71.35,73.15,72.25,71.34,2.5,0.3433,0.8808,0.003,-0.0851,0.3944,71.9505,84.5,2,1294
MSFT261120P00430000,MSFT,2026-11-20,57,P,430.0,-13.1,494.838,4.15,4.3,4.225,4.05,3.6,0.3367,-0.1232,0.0031,-0.1146,0.4028,4.1718,15.0,40,2312
MSFT261120C00435000,MSFT,2026-11-20,57,C,435.0,-12.09,494.838,66.9,69.25,68.075,67.43,3.5,0.343,0.8645,0.0034,-0.0964,0.4242,67.7928,82.4,1,902
MSFT261120P00435000,MSFT,2026-11-20,57,P,435.0,-12.09,494.838,4.8,4.95,4.875,4.83,3.1,0.333,-0.1398,0.0034,-0.124,0.4383,4.8099,16.8,895,2778
MSFT261120C00440000,MSFT,2026-11-20,57,C,440.0,-11.08,494.838,62.55,65.4,63.975,64.22,4.5,0.3416,0.8465,0.0037,-0.108,0.4692,63.6888,80.2,2,2081
MSFT261120P00440000,MSFT,2026-11-20,57,P,440.0,-11.08,494.838,5.55,5.7,5.625,5.5,2.7,0.3298,-0.1582,0.0037,-0.1335,0.4767,5.5519,18.8,45,2292
MSFT261120C00445000,MSFT,2026-11-20,57,C,445.0,-10.07,494.838,58.3,60.25,59.275,60.2,3.3,0.327,0.8265,0.004,-0.1197,0.5001,59.015,79.0,6,1160
MSFT261120P00445000,MSFT,2026-11-20,57,P,445.0,-10.07,494.838,6.45,6.6,6.525,6.31,2.3,0.3276,-0.1783,0.0041,-0.1431,0.5129,6.4362,21.1,19,1446
MSFT261120C00450000,MSFT,2026-11-20,57,C,450.0,-9.06,494.838,54.85,56.55,55.7,56.26,3.1,0.3325,0.805,0.0044,-0.1312,0.5454,55.4558,76.0,29,4626
MSFT261120P00450000,MSFT,2026-11-20,57,P,450.0,-9.06,494.838,7.4,7.7,7.55,7.35,4.0,0.3259,-0.2001,0.0044,-0.1525,0.5522,7.4547,23.5,213,5170
MSFT261120C00455000,MSFT,2026-11-20,57,C,455.0,-8.05,494.838,50.9,52.95,51.925,50.97,3.9,0.3315,0.7817,0.0047,-0.1423,0.5767,51.6896,73.3,2,838
MSFT261120P00455000,MSFT,2026-11-20,57,P,455.0,-8.05,494.838,8.2,8.7,8.45,8.32,5.9,0.3198,-0.2237,0.0047,-0.1616,0.5867,8.3371,25.8,34,5015
MSFT261120C00460000,MSFT,2026-11-20,57,C,460.0,-7.04,494.838,46.95,49.3,48.125,48.0,4.9,0.3281,0.7568,0.005,-0.1531,0.618,47.9037,70.8,11,2193
MSFT261120P00460000,MSFT,2026-11-20,57,P,460.0,-7.04,494.838,9.5,10.05,9.775,9.8,5.6,0.3192,-0.2489,0.0051,-0.1703,0.6236,9.6516,28.6,73,5261
MSFT261120C00465000,MSFT,2026-11-20,57,C,465.0,-6.03,494.838,43.1,44.4,43.75,44.35,3.0,0.3138,0.7302,0.0053,-0.1631,0.6471,43.53,68.8,20,1801
MSFT261120P00465000,MSFT,2026-11-20,57,P,465.0,-6.03,494.838,10.95,11.45,11.2,10.9,4.5,0.3179,-0.2758,0.0054,-0.1782,0.6546,11.0619,31.5,69,1171
MSFT261120C00470000,MSFT,2026-11-20,57,C,470.0,-5.02,494.838,40.25,41.2,40.725,41.49,2.3,0.3188,0.7023,0.0056,-0.1723,0.6821,40.5289,65.4,129,4811
MSFT261120P00470000,MSFT,2026-11-20,57,P,470.0,-5.02,494.838,12.5,12.85,12.675,12.5,2.8,0.3152,-0.304,0.0057,-0.1854,0.6844,12.5193,34.4,38,1880
MSFT261120C00475000,MSFT,2026-11-20,57,C,475.0,-4.01,494.838,36.85,38.55,37.7,36.52,4.5,0.3209,0.673,0.0059,-0.1804,0.7063,37.5076,62.1,6,1057
MSFT261120P00475000,MSFT,2026-11-20,57,P,475.0,-4.01,494.838,13.85,14.55,14.2,14.14,4.9,0.3112,-0.3336,0.0059,-0.1915,0.7116,14.0248,37.4,64,1584
MSFT261120C00480000,MSFT,2026-11-20,57,C,480.0,-3.0,494.838,33.75,34.9,34.325,34.1,3.4,0.316,0.6427,0.0061,-0.1875,0.7289,34.141,59.1,42,11895
MSFT261120P00480000,MSFT,2026-11-20,57,P,480.0,-3.0,494.838,16.05,16.4,16.225,16.0,2.2,0.3122,-0.3642,0.0062,-0.1966,0.7342,16.0359,40.7,164,1761
MSFT261120C00485000,MSFT,2026-11-20,57,C,485.0,-1.99,494.838,30.9,31.5,31.2,31.63,1.9,0.3124,0.6115,0.0063,-0.1932,0.7499,31.0121,56.0,14,2124
MSFT261120P00485000,MSFT,2026-11-20,57,P,485.0,-1.99,494.838,18.1,18.45,18.275,17.75,1.9,0.3114,-0.3957,0.0064,-0.2004,0.753,18.0789,43.9,53,918
MSFT261120C00490000,MSFT,2026-11-20,57,C,490.0,-0.98,494.838,28.1,28.7,28.4,28.6,2.1,0.3114,0.5794,0.0064,-0.1976,0.7623,28.2337,52.8,88,4221
MSFT261120P00490000,MSFT,2026-11-20,57,P,490.0,-0.98,494.838,20.2,20.65,20.425,20.38,2.2,0.3096,-0.428,0.0065,-0.2031,0.7665,20.2066,47.2,109,2604
MSFT261120C00495000,MSFT,2026-11-20,57,C,495.0,0.03,494.838,25.45,26.05,25.75,25.93,2.3,0.3102,0.5468,0.0066,-0.2006,0.7746,25.6012,49.5,167,2945
MSFT261120P00495000,MSFT,2026-11-20,57,P,495.0,0.03,494.838,22.6,23.05,22.825,22.5,2.0,0.3089,-0.461,0.0066,-0.2043,0.7754,22.58,50.5,2052,2659
MSFT261120C00500000,MSFT,2026-11-20,57,C,500.0,1.04,494.838,23.05,23.55,23.3,23.61,2.1,0.3095,0.5141,0.0066,-0.2022,0.7787,23.1693,46.2,467,10520
MSFT261120P00500000,MSFT,2026-11-20,57,P,500.0,1.04,494.838,25.15,25.55,25.35,24.65,1.6,0.3078,-0.4941,0.0067,-0.2042,0.7785,25.0852,53.8,1056,4981
MSFT261120C00505000,MSFT,2026-11-20,57,C,505.0,2.05,494.838,20.75,21.25,21.0,21.55,2.4,0.3086,0.4814,0.0066,-0.2022,0.7786,20.8828,43.0,70,1832
MSFT261120P00505000,MSFT,2026-11-20,57,P,505.0,2.05,494.838,27.1,28.3,27.7,28.5,4.3,0.3022,-0.5274,0.0067,-0.2028,0.7762,27.4017,57.0,9,959
MSFT261120C00510000,MSFT,2026-11-20,57,C,510.0,3.06,494.838,18.65,18.95,18.8,19.3,1.6,0.3068,0.449,0.0066,-0.2009,0.7738,18.6858,39.8,205,5023
MSFT261120P00510000,MSFT,2026-11-20,57,P,510.0,3.06,494.838,30.75,31.2,30.975,31.6,1.5,0.3066,-0.5604,0.0067,-0.2,0.7692,30.6565,60.2,2,3490
MSFT261120C00515000,MSFT,2026-11-20,57,C,515.0,4.07,494.838,16.5,17.15,16.825,16.8,3.9,0.3061,0.417,0.0065,-0.1983,0.7622,16.7306,36.7,37,2466
MSFT261120P00515000,MSFT,2026-11-20,57,P,515.0,4.07,494.838,33.8,34.45,34.125,32.3,1.9,0.3072,-0.5931,0.0067,-0.196,0.7559,33.7694,63.2,0,626
MSFT261120C00520000,MSFT,2026-11-20,57,C,520.0,5.08,494.838,14.85,15.35,15.1,15.32,3.3,0.3064,0.3861,0.0064,-0.1944,0.7488,15.002,33.8,1189,5155
MSFT261120P00520000,MSFT,2026-11-20,57,P,520.0,5.08,494.838,37.0,37.9,37.45,37.08,2.4,0.3083,-0.6252,0.0066,-0.1908,0.7398,37.0678,66.2,26,113
MSFT261120C00525000,MSFT,2026-11-20,57,C,525.0,6.1,494.838,13.2,13.75,13.475,13.75,4.1,0.3065,0.3556,0.0062,-0.1894,0.7273,13.402,30.9,85,1847
MSFT261120P00525000,MSFT,2026-11-20,57,P,525.0,6.1,494.838,39.0,40.8,39.9,38.8,4.5,0.2946,-0.6564,0.0065,-0.1846,0.7179,39.4332,69.6,0,381
MSFT261120C00530000,MSFT,2026-11-20,57,C,530.0,7.11,494.838,11.7,12.25,11.975,12.55,4.6,0.306,0.3267,0.0061,-0.1834,0.7064,11.8971,28.2,79,3125
MSFT261120P00530000,MSFT,2026-11-20,57,P,530.0,7.11,494.838,42.8,44.4,43.6,41.6,3.7,0.2966,-0.6864,0.0063,-0.1776,0.6921,43.1005,72.3,0,164
MSFT261120C00535000,MSFT,2026-11-20,57,C,535.0,8.12,494.838,10.35,10.95,10.65,10.8,5.6,0.3065,0.2987,0.0058,-0.1765,0.6828,10.5933,25.7,63,19004
MSFT261120P00535000,MSFT,2026-11-20,57,P,535.0,8.12,494.838,46.3,48.4,47.35,50.45,4.4,0.2969,-0.7157,0.0061,-0.1696,0.6608,46.7774,74.9,4,610
MSFT261120C00540000,MSFT,2026-11-20,57,C,540.0,9.13,494.838,9.1,9.55,9.325,9.53,4.8,0.3048,0.2725,0.0056,-0.1689,0.6509,9.2679,23.2,206,4067
MSFT261120P00540000,MSFT,2026-11-20,57,P,540.0,9.13,494.838,50.6,51.8,51.2,54.25,2.3,0.2972,-0.7433,0.0059,-0.1611,0.6274,50.5787,77.3,8,44
MSFT261120C00545000,MSFT,2026-11-20,57,C,545.0,10.14,494.838,8.0,8.35,8.175,8.15,4.3,0.304,0.2474,0.0053,-0.1608,0.6235,8.1247,20.8,14940,16905
MSFT261120P00545000,MSFT,2026-11-20,57,P,545.0,10.14,494.838,53.9,55.75,54.825,56.25,3.4,0.2911,-0.7698,0.0057,-0.152,0.5897,54.1104,80.0,56,34
MSFT261120C00550000,MSFT,2026-11-20,57,C,550.0,11.15,494.838,7.05,7.4,7.225,7.45,4.8,0.3048,0.224,0.005,-0.1522,0.5864,7.1886,18.8,136,7200
MSFT261120P00550000,MSFT,2026-11-20,57,P,550.0,11.15,494.838,58.05,59.95,59.0,58.45,3.2,0.2922,-0.7948,0.0054,-0.1426,0.5537,58.2029,82.1,14,168
MSFT261120C00555000,MSFT,2026-11-20,57,C,555.0,12.16,494.838,6.15,6.55,6.35,6.35,6.3,0.305,0.2022,0.0047,-0.1434,0.556,6.3153,16.8,33,1826
MSFT261120P00555000,MSFT,2026-11-20,57,P,555.0,12.16,494.838,61.7,64.0,62.85,63.5,3.7,0.2844,-0.8185,0.0052,-0.133,0.5105,61.9242,84.6,10,78
MSFT261120C00560000,MSFT,2026-11-20,57,C,560.0,13.17,494.838,5.35,5.7,5.525,5.55,6.3,0.3051,0.1819,0.0044,-0.1344,0.5182,5.529,15.0,147,7947
MSFT261120P00560000,MSFT,2026-11-20,57,P,560.0,13.17,494.838,65.9,68.6,67.25,67.75,4.0,0.2852,-0.8406,0.0049,-0.1229,0.4748,66.2144,86.4,20,24
MSFT261120C00565000,MSFT,2026-11-20,57,C,565.0,14.18,494.838,4.65,5.05,4.85,4.85,8.2,0.3051,0.1634,0.0041,-0.1256,0.4867,4.8232,13.4,86,1340
MSFT261120P00565000,MSFT,2026-11-20,57,P,565.0,14.18,494.838,70.3,72.85,71.575,71.05,3.6,0.2816,-0.8615,0.0046,-0.1136,0.4266,70.3911,88.3,16,44
MSFT261120C00570000,MSFT,2026-11-20,57,C,570.0,15.19,494.838,4.05,4.4,4.225,4.21,8.3,0.3054,0.1461,0.0038,-0.1167,0.4566,4.2095,11.9,89,4630
MSFT261120P00570000,MSFT,2026-11-20,57,P,570.0,15.19,494.838,74.55,76.95,75.75,77.49,3.2,0.274,-0.8806,0.0043,-0.1031,0.3857,74.5202,90.4,0,22
MSFT261120C00575000,MSFT,2026-11-20,57,C,575.0,16.2,494.838,3.55,3.75,3.65,3.75,5.5,0.305,0.1304,0.0036,-0.108,0.4184,3.6369,10.5,67,3491
MSFT261120P00575000,MSFT,2026-11-20,57,P,575.0,16.2,494.838,79.15,81.9,80.525,80.65,3.4,0.2701,-0.8986,0.0041,-0.0938,0.3402,78.9099,91.9,10,28
MSFT261120C00580000,MSFT,2026-11-20,57,C,580.0,17.21,494.838,3.05,3.35,3.2,3.25,9.4,0.3062,0.1161,0.0033,-0.0996,0.389,3.1925,9.3,74,12946
MSFT261120P00580000,MSFT,2026-11-20,57,P,580.0,17.21,494.838,84.05,86.35,85.2,85.95,2.7,0.261,-0.9149,0.0038,-0.0832,0.2962,83.2416,93.7,8,44
MSFT261120C00585000,MSFT,2026-11-20,57,C,585.0,18.22,494.838,2.68,2.91,2.795,2.68,8.2,0.3071,0.1032,0.003,-0.0916,0.3554,2.7893,8.3,69,1334
MSFT261120P00585000,MSFT,2026-11-20,57,P,585.0,18.22,494.838,88.5,91.3,89.9,89.9,3.1,0.0,-0.9304,0.0036,-0.0724,0.2653,,,8,6
MSFT261120C00590000,MSFT,2026-11-20,57,C,590.0,19.23,494.838,2.32,2.52,2.42,2.46,8.3,0.3074,0.0915,0.0027,-0.084,0.327,2.4146,7.3,113,1508
MSFT261120P00590000,MSFT,2026-11-20,57,P,590.0,19.23,494.838,93.25,96.0,94.625,94.75,2.9,0.0,-0.9454,0.0036,-0.06,0.2109,,,16,12
MSFT261120C00595000,MSFT,2026-11-20,57,C,595.0,20.24,494.838,1.98,2.19,2.085,2.11,10.1,0.3077,0.081,0.0025,-0.0767,0.3016,2.086,6.4,70,660
MSFT261120P00595000,MSFT,2026-11-20,57,P,595.0,20.24,494.838,98.1,101.05,99.575,99.75,3.0,0.0,-0.9581,0.0034,-0.0475,0.1815,,,0,22
MSFT261120C00600000,MSFT,2026-11-20,57,C,600.0,21.25,494.838,1.74,1.87,1.805,1.83,7.2,0.3083,0.0717,0.0023,-0.0699,0.2718,1.8065,5.6,125,5347
MSFT261120P00600000,MSFT,2026-11-20,57,P,600.0,21.25,494.838,103.0,105.9,104.45,104.35,2.8,0.0,-0.9704,0.003,-0.0658,0.1188,,,2,14
MSFT261120C00605000,MSFT,2026-11-20,57,C,605.0,22.26,494.838,1.47,1.65,1.56,1.59,11.5,0.3089,0.0633,0.002,-0.0636,0.2489,1.5622,4.9,51,18060
MSFT261120P00605000,MSFT,2026-11-20,57,P,605.0,22.26,494.838,108.0,110.95,109.475,106.35,2.7,0.0,-0.9805,0.0024,-0.0838,0.0773,,,0,0
MSFT261120C00610000,MSFT,2026-11-20,57,C,610.0,23.27,494.838,1.3,1.4,1.35,1.3,7.4,0.3098,0.0558,0.0019,-0.0577,0.2272,1.3555,4.3,50,519
MSFT261120P00610000,MSFT,2026-11-20,57,P,610.0,23.27,494.838,113.0,115.9,114.45,114.7,2.5,0.0,-0.9889,0.0019,-0.0974,0.0668,,,8,1
MSFT261120C00615000,MSFT,2026-11-20,57,C,615.0,24.28,494.838,1.09,1.24,1.165,1.15,12.9,0.3104,0.0493,0.0017,-0.0523,0.2038,1.1692,3.7,37,248
MSFT261120P00615000,MSFT,2026-11-20,57,P,615.0,24.28,494.838,118.0,120.7,119.35,121.75,2.3,0.0,-0.9936,0.0012,-0.1363,0.0158,,,2,0
MSFT261218C00375000,MSFT,2026-12-18,85,C,375.0,-24.22,494.838,124.0,126.75,125.375,128.4,2.2,0.3887,0.9607,0.001,-0.0078,0.2083,125.5184,92.4,0,4318
MSFT261218P00375000,MSFT,2026-12-18,85,P,375.0,-24.22,494.838,1.22,1.46,1.34,1.38,17.9,0.3504,-0.0399,0.001,-0.0415,0.2107,1.3384,5.4,0,3702
MSFT261218C00380000,MSFT,2026-12-18,85,C,380.0,-23.21,494.838,119.2,122.0,120.6,117.85,2.3,0.3804,0.9556,0.0011,-0.0128,0.2297,120.7339,91.9,1,6359
MSFT261218P00380000,MSFT,2026-12-18,85,P,380.0,-23.21,494.838,1.53,1.65,1.59,1.6,7.5,0.3489,-0.0449,0.0011,-0.0452,0.2307,1.5929,6.2,1,5706
MSFT261218C00385000,MSFT,2026-12-18,85,C,385.0,-22.2,494.838,114.5,117.3,115.9,119.14,2.4,0.3742,0.9499,0.0013,-0.0181,0.2528,116.0238,91.2,0,2783
MSFT261218P00385000,MSFT,2026-12-18,85,P,385.0,-22.2,494.838,1.79,2.0,1.895,2.0,11.1,0.3475,-0.0508,0.0013,-0.0493,0.2544,1.8885,7.1,2,2937
MSFT261218C00390000,MSFT,2026-12-18,85,C,390.0,-21.19,494.838,109.7,112.2,110.95,111.0,2.3,0.3593,0.9434,0.0014,-0.0237,0.2777,111.0667,91.0,2,1764
MSFT261218P00390000,MSFT,2026-12-18,85,P,390.0,-21.19,494.838,1.91,2.21,2.06,2.12,14.6,0.3396,-0.0574,0.0014,-0.0536,0.281,2.0495,7.7,11,5667
MSFT261218C00395000,MSFT,2026-12-18,85,C,395.0,-20.18,494.838,105.05,107.5,106.275,111.02,2.3,0.353,0.9361,0.0016,-0.0297,0.3052,106.3806,90.2,0,1599
MSFT261218P00395000,MSFT,2026-12-18,85,P,395.0,-20.18,494.838,2.22,2.46,2.34,2.4,10.3,0.3352,-0.0649,0.0016,-0.0584,0.3073,2.3267,8.5,6,1760
MSFT261218C00400000,MSFT,2026-12-18,85,C,400.0,-19.17,494.838,100.5,102.85,101.675,102.27,2.3,0.3482,0.9279,0.0017,-0.036,0.3345,101.7735,89.2,6,6005
MSFT261218P00400000,MSFT,2026-12-18,85,P,400.0,-19.17,494.838,2.63,2.78,2.705,2.79,5.5,0.3324,-0.0732,0.0018,-0.0634,0.3369,2.6889,9.6,22,8093
MSFT261218C00405000,MSFT,2026-12-18,85,C,405.0,-18.16,494.838,96.25,98.45,97.35,99.49,2.3,0.3495,0.9187,0.0019,-0.0426,0.3657,97.4407,87.7,2,1760
MSFT261218P00405000,MSFT,2026-12-18,85,P,405.0,-18.16,494.838,2.97,3.2,3.085,2.99,7.5,0.3286,-0.0825,0.0019,-0.0688,0.3702,3.0617,10.7,1,1267
MSFT261218C00410000,MSFT,2026-12-18,85,C,410.0,-17.14,494.838,91.75,94.2,92.975,93.26,2.6,0.3476,0.9084,0.0021,-0.0495,0.3994,93.0535,86.3,8,2336
MSFT261218P00410000,MSFT,2026-12-18,85,P,410.0,-17.14,494.838,3.45,3.65,3.55,3.6,5.6,0.3259,-0.0929,0.0021,-0.0745,0.4019,3.5217,12.0,12,2748
MSFT261218C00415000,MSFT,2026-12-18,85,C,415.0,-16.13,494.838,87.1,89.85,88.475,92.77,3.1,0.3417,0.897,0.0023,-0.0567,0.4345,88.5455,85.1,0,1136
MSFT261218P00415000,MSFT,2026-12-18,85,P,415.0,-16.13,494.838,3.85,4.2,4.025,4.1,8.7,0.3221,-0.1045,0.0024,-0.0805,0.4383,3.991,13.3,24,1644
MSFT261218C00420000,MSFT,2026-12-18,85,C,420.0,-15.12,494.838,82.55,85.15,83.85,84.56,3.1,0.3324,0.8844,0.0026,-0.0642,0.4712,83.9134,84.1,3,3601
MSFT261218P00420000,MSFT,2026-12-18,85,P,420.0,-15.12,494.838,4.5,4.75,4.625,4.5,5.4,0.3198,-0.1174,0.0026,-0.0868,0.476,4.5829,14.8,28,6489
MSFT261218C00425000,MSFT,2026-12-18,85,C,425.0,-14.11,494.838,78.6,80.65,79.625,82.95,2.6,0.3303,0.8706,0.0028,-0.0718,0.5099,79.6805,82.5,0,1938
MSFT261218P00425000,MSFT,2026-12-18,85,P,425.0,-14.11,494.838,4.9,5.4,5.15,5.2,9.7,0.3146,-0.1315,0.0028,-0.0932,0.5129,5.0992,16.2,22,1427
MSFT261218C00430000,MSFT,2026-12-18,85,C,430.0,-13.1,494.838,73.95,75.95,74.95,75.91,2.7,0.3187,0.8554,0.003,-0.0796,0.5488,74.9965,81.5,45,3758
MSFT261218P00430000,MSFT,2026-12-18,85,P,430.0,-13.1,494.838,5.65,6.15,5.9,5.85,8.5,0.3126,-0.1469,0.0031,-0.0998,0.5546,5.8401,17.9,86,2063
MSFT261218C00435000,MSFT,2026-12-18,85,C,435.0,-12.09,494.838,69.9,72.25,71.075,72.13,3.3,0.3204,0.8389,0.0033,-0.0874,0.5889,71.1105,79.3,11,1368
MSFT261218P00435000,MSFT,2026-12-18,85,P,435.0,-12.09,494.838,6.5,7.05,6.775,6.85,8.1,0.3112,-0.1637,0.0033,-0.1065,0.5934,6.6987,19.9,21,1367
MSFT261218C00440000,MSFT,2026-12-18,85,C,440.0,-11.08,494.838,66.25,68.2,67.225,67.34,2.9,0.3206,0.8212,0.0035,-0.0953,0.6291,67.249,77.1,8,2817
MSFT261218P00440000,MSFT,2026-12-18,85,P,440.0,-11.08,494.838,7.55,7.9,7.725,7.64,4.5,0.3096,-0.1818,0.0036,-0.1132,0.6338,7.6387,22.0,28,3558
MSFT261218C00445000,MSFT,2026-12-18,85,C,445.0,-10.07,494.838,61.9,64.45,63.175,63.42,4.0,0.3163,0.8021,0.0038,-0.103,0.6685,63.1951,75.2,2,1708
MSFT261218P00445000,MSFT,2026-12-18,85,P,445.0,-10.07,494.838,8.5,8.95,8.725,8.55,5.2,0.3072,-0.2013,0.0038,-0.1198,0.6754,8.6234,24.0,4,1282
MSFT261218C00450000,MSFT,2026-12-18,85,C,450.0,-9.06,494.838,58.25,60.15,59.2,58.4,3.2,0.3121,0.7816,0.004,-0.1105,0.708,59.2305,73.1,8,6194
MSFT261218P00450000,MSFT,2026-12-18,85,P,450.0,-9.06,494.838,9.7,10.05,9.875,9.7,3.5,0.3055,-0.222,0.0041,-0.1261,0.712,9.7543,26.3,40,5223
MSFT261218C00455000,MSFT,2026-12-18,85,C,455.0,-8.05,494.838,54.4,56.6,55.5,55.75,4.0,0.31,0.7601,0.0043,-0.1177,0.7454,55.5111,70.8,6,1110
MSFT261218P00455000,MSFT,2026-12-18,85,P,455.0,-8.05,494.838,10.85,11.3,11.075,10.85,4.1,0.3031,-0.244,0.0044,-0.1322,0.7512,10.9415,28.6,5,773
MSFT261218C00460000,MSFT,2026-12-18,85,C,460.0,-7.04,494.838,51.05,52.75,51.9,52.0,3.3,0.3079,0.7374,0.0045,-0.1245,0.7811,51.9009,68.4,20,4183
MSFT261218P00460000,MSFT,2026-12-18,85,P,460.0,-7.04,494.838,12.4,12.7,12.55,12.25,2.4,0.3027,-0.2671,0.0046,-0.1378,0.7859,12.3922,31.2,40,3866
MSFT261218C00465000,MSFT,2026-12-18,85,C,465.0,-6.03,494.838,47.4,49.55,48.475,46.43,4.4,0.3068,0.7136,0.0047,-0.1308,0.8149,48.4863,65.9,13,1936
MSFT261218P00465000,MSFT,2026-12-18,85,P,465.0,-6.03,494.838,13.65,14.2,13.925,13.65,3.9,0.2995,-0.2915,0.0048,-0.143,0.8191,13.743,33.6,3,1267
MSFT261218C00470000,MSFT,2026-12-18,85,C,470.0,-5.02,494.838,44.1,46.1,45.1,45.4,4.4,0.3044,0.6889,0.0049,-0.1366,0.8453,45.0865,63.3,121,3032
MSFT261218P00470000,MSFT,2026-12-18,85,P,470.0,-5.02,494.838,15.25,15.85,15.55,15.4,3.9,0.2979,-0.3169,0.005,-0.1476,0.8511,15.3419,36.3,26,2240
MSFT261218C00475000,MSFT,2026-12-18,85,C,475.0,-4.01,494.838,40.85,42.45,41.65,41.25,3.8,0.3002,0.6631,0.0051,-0.1417,0.873,41.6505,60.8,1,8992
MSFT261218P00475000,MSFT,2026-12-18,85,P,475.0,-4.01,494.838,17.05,17.65,17.35,17.35,3.5,0.2969,-0.343,0.0052,-0.1516,0.8761,17.1207,39.0,12,15174
MSFT261218C00480000,MSFT,2026-12-18,85,C,480.0,-3.0,494.838,38.05,38.95,38.5,38.78,2.3,0.2978,0.6367,0.0053,-0.1462,0.8968,38.4925,58.1,115,6782
MSFT261218P00480000,MSFT,2026-12-18,85,P,480.0,-3.0,494.838,18.4,19.55,18.975,18.8,6.1,0.2923,-0.3702,0.0054,-0.1549,0.9001,18.7112,41.6,59,4914
MSFT261218C00485000,MSFT,2026-12-18,85,C,485.0,-1.99,494.838,35.25,35.95,35.6,35.47,2.0,0.2966,0.6098,0.0054,-0.1498,0.9166,35.5739,55.3,12,1058
MSFT261218P00485000,MSFT,2026-12-18,85,P,485.0,-1.99,494.838,20.75,21.65,21.2,20.75,4.2,0.2929,-0.3978,0.0056,-0.1574,0.9186,20.8999,44.5,16,965
MSFT261218C00490000,MSFT,2026-12-18,85,C,490.0,-0.98,494.838,32.5,33.05,32.775,33.07,1.7,0.2949,0.5822,0.0055,-0.1527,0.9324,32.7453,52.5,144,4045
MSFT261218P00490000,MSFT,2026-12-18,85,P,490.0,-0.98,494.838,23.25,23.85,23.55,23.55,2.5,0.2932,-0.4262,0.0057,-0.1593,0.9331,23.2056,47.4,131,2382
MSFT261218C00495000,MSFT,2026-12-18,85,C,495.0,0.03,494.838,29.6,30.4,30.0,30.3,2.7,0.2923,0.5543,0.0056,-0.1548,0.9436,29.9685,49.7,104,1466
MSFT261218P00495000,MSFT,2026-12-18,85,P,495.0,0.03,494.838,25.35,26.25,25.8,25.6,3.5,0.2911,-0.4547,0.0058,-0.1602,0.9426,25.4276,50.2,17,1422
MSFT261218C00500000,MSFT,2026-12-18,85,C,500.0,1.04,494.838,27.45,27.9,27.675,27.84,1.6,0.2931,0.5261,0.0057,-0.1561,0.9502,27.6517,46.9,606,11668
MSFT261218P00500000,MSFT,2026-12-18,85,P,500.0,1.04,494.838,28.15,29.1,28.625,28.28,3.3,0.2934,-0.4836,0.0058,-0.1604,0.9484,28.2063,53.1,350,6318
MSFT261218C00505000,MSFT,2026-12-18,85,C,505.0,2.05,494.838,25.1,25.65,25.375,26.15,2.2,0.2926,0.498,0.0057,-0.1566,0.9522,25.3509,44.1,183,1254
MSFT261218P00505000,MSFT,2026-12-18,85,P,505.0,2.05,494.838,30.65,31.45,31.05,31.05,2.6,0.2899,-0.5127,0.0059,-0.1599,0.948,30.5734,55.9,47,662
MSFT261218C00510000,MSFT,2026-12-18,85,C,510.0,3.06,494.838,22.95,23.45,23.2,23.5,2.2,0.2916,0.4702,0.0057,-0.1562,0.9498,23.1397,41.3,299,2487
MSFT261218P00510000,MSFT,2026-12-18,85,P,510.0,3.06,494.838,32.7,34.25,33.475,34.1,4.6,0.2849,-0.5417,0.0059,-0.1585,0.9427,32.9369,58.7,42,2174
MSFT261218C00515000,MSFT,2026-12-18,85,C,515.0,4.07,494.838,20.9,21.45,21.175,21.81,2.6,0.2914,0.4426,0.0057,-0.1551,0.9426,21.1394,38.7,32,2309
MSFT261218P00515000,MSFT,2026-12-18,85,P,515.0,4.07,494.838,35.5,37.25,36.375,36.75,4.8,0.2835,-0.5703,0.0059,-0.1565,0.9342,35.7823,61.5,75,929
MSFT261218C00520000,MSFT,2026-12-18,85,C,520.0,5.08,494.838,18.95,19.2,19.075,19.62,1.3,0.2887,0.4154,0.0056,-0.1533,0.9315,19.0376,36.0,222,9172
MSFT261218P00520000,MSFT,2026-12-18,85,P,520.0,5.08,494.838,38.4,40.35,39.375,39.3,5.0,0.2816,-0.5986,0.0058,-0.1537,0.9157,38.7187,64.2,16,729
MSFT261218C00525000,MSFT,2026-12-18,85,C,525.0,6.1,494.838,17.2,17.8,17.5,17.2,3.4,0.2901,0.3886,0.0055,-0.1507,0.9159,17.4461,33.5,45,53914
MSFT261218P00525000,MSFT,2026-12-18,85,P,525.0,6.1,494.838,41.85,43.65,42.75,43.1,4.2,0.2822,-0.6264,0.0058,-0.1504,0.9005,42.0193,66.8,44,1207
MSFT261218C00530000,MSFT,2026-12-18,85,C,530.0,7.11,494.838,15.5,16.15,15.825,16.12,4.1,0.2896,0.3627,0.0054,-0.1475,0.8966,15.8024,31.1,643,3356
MSFT261218P00530000,MSFT,2026-12-18,85,P,530.0,7.11,494.838,45.15,47.4,46.275,46.9,4.9,0.2832,-0.6536,0.0057,-0.1464,0.8753,45.479,69.2,16,181
MSFT261218C00535000,MSFT,2026-12-18,85,C,535.0,8.12,494.838,14.1,14.65,14.375,14.64,3.8,0.2899,0.3377,0.0053,-0.1438,0.8744,14.3486,28.7,108,2731
MSFT261218P00535000,MSFT,2026-12-18,85,P,535.0,8.12,494.838,48.65,50.65,49.65,48.4,4.0,0.2808,-0.68,0.0056,-0.142,0.846,48.76,71.7,0,77
MSFT261218C00540000,MSFT,2026-12-18,85,C,540.0,9.13,494.838,12.7,13.35,13.025,13.15,5.0,0.2901,0.3136,0.0051,-0.1395,0.8487,12.9977,26.5,116,7815
MSFT261218P00540000,MSFT,2026-12-18,85,P,540.0,9.13,494.838,52.2,54.4,53.3,46.0,4.1,0.2805,-0.7055,0.0055,-0.1372,0.82,52.345,74.0,0,92
MSFT261218C00545000,MSFT,2026-12-18,85,C,545.0,10.14,494.838,11.4,12.05,11.725,11.99,5.5,0.2896,0.2905,0.005,-0.1349,0.8208,11.6958,24.4,112,1933
MSFT261218P00545000,MSFT,2026-12-18,85,P,545.0,10.14,494.838,55.95,58.3,57.125,56.75,4.1,0.2805,-0.7304,0.0053,-0.132,0.7818,56.0658,76.2,0,44
MSFT261218C00550000,MSFT,2026-12-18,85,C,550.0,11.15,494.838,10.25,10.85,10.55,10.75,5.7,0.2895,0.2684,0.0048,-0.1298,0.7907,10.5303,22.4,107,11335
MSFT261218P00550000,MSFT,2026-12-18,85,P,550.0,11.15,494.838,60.25,62.35,61.3,62.0,3.4,0.2839,-0.7541,0.0052,-0.1266,0.7457,60.1546,78.0,16,320
MSFT261218C00555000,MSFT,2026-12-18,85,C,555.0,12.16,494.838,9.2,9.85,9.525,9.3,6.8,0.29,0.2474,0.0046,-0.1245,0.7584,9.507,20.5,66,2698
MSFT261218P00555000,MSFT,2026-12-18,85,P,555.0,12.16,494.838,63.6,66.3,64.95,66.9,4.2,0.2785,-0.777,0.005,-0.1209,0.7096,63.6657,80.3,0,115
MSFT261218C00560000,MSFT,2026-12-18,85,C,560.0,13.17,494.838,8.25,8.85,8.55,8.65,7.0,0.29,0.2276,0.0044,-0.1189,0.7253,8.535,18.7,52,4993
MSFT261218P00560000,MSFT,2026-12-18,85,P,560.0,13.17,494.838,67.75,70.0,68.875,60.85,3.3,0.2748,-0.799,0.0048,-0.1152,0.6597,67.4295,82.4,0,36
MSFT261218C00565000,MSFT,2026-12-18,85,C,565.0,14.18,494.838,7.35,7.95,7.65,7.5,7.8,0.2897,0.209,0.0042,-0.1133,0.6916,7.6275,17.1,45,1203
MSFT261218P00565000,MSFT,2026-12-18,85,P,565.0,14.18,494.838,71.75,74.75,73.25,70.6,4.1,0.2769,-0.8199,0.0047,-0.1092,0.6212,71.6894,83.9,0,22
MSFT261218C00570000,MSFT,2026-12-18,85,C,570.0,15.19,494.838,6.6,6.95,6.775,6.85,5.2,0.2888,0.1913,0.004,-0.1075,0.6562,6.7628,15.4,60,4993
MSFT261218P00570000,MSFT,2026-12-18,85,P,570.0,15.19,494.838,76.05,78.65,77.35,69.0,3.4,0.2722,-0.8398,0.0045,-0.1034,0.5761,75.5931,85.8,0,21
MSFT261218C00575000,MSFT,2026-12-18,85,C,575.0,16.2,494.838,5.85,6.2,6.025,6.1,5.8,0.2884,0.175,0.0037,-0.1017,0.6218,6.0093,14.0,165,131997
MSFT261218P00575000,MSFT,2026-12-18,85,P,575.0,16.2,494.838,80.5,83.35,81.925,81.09,3.5,0.2747,-0.8588,0.0043,-0.0978,0.5217,80.0237,87.0,1,20
MSFT261218C00580000,MSFT,2026-12-18,85,C,580.0,17.21,494.838,5.25,5.55,5.4,5.4,5.6,0.2891,0.1596,0.0035,-0.0959,0.587,5.3909,12.7,80,1634
MSFT261218P00580000,MSFT,2026-12-18,85,P,580.0,17.21,494.838,84.85,87.65,86.25,87.4,3.2,0.2696,-0.8768,0.0042,-0.0924,0.4807,84.0957,88.8,0,25
MSFT261218C00585000,MSFT,2026-12-18,85,C,585.0,18.22,494.838,4.65,4.95,4.8,4.85,6.2,0.2891,0.1454,0.0033,-0.0902,0.5521,4.7934,11.5,47,2228
MSFT261218P00585000,MSFT,2026-12-18,85,P,585.0,18.22,494.838,89.4,92.0,90.7,92.6,2.9,0.2638,-0.8938,0.004,-0.0868,0.4302,88.2424,90.4,0,23
MSFT261218C00590000,MSFT,2026-12-18,85,C,590.0,19.23,494.838,4.15,4.5,4.325,4.2,8.1,0.2904,0.1323,0.0031,-0.0846,0.5186,4.3206,10.4,73,1671
MSFT261218P00590000,MSFT,2026-12-18,85,P,590.0,19.23,494.838,94.05,96.65,95.35,92.0,2.7,0.2598,-0.9095,0.0038,-0.0805,0.3752,92.5752,91.8,0,8
MSFT261218C00595000,MSFT,2026-12-18,85,C,595.0,20.24,494.838,3.7,3.95,3.825,3.76,6.5,0.2902,0.1201,0.0029,-0.0792,0.4859,3.8219,9.3,129,896
MSFT261218P00595000,MSFT,2026-12-18,85,P,595.0,20.24,494.838,98.7,101.4,100.05,99.48,2.7,0.0,-0.9242,0.0035,-0.0736,0.3315,,,0,15
MSFT261218C00600000,MSFT,2026-12-18,85,C,600.0,21.25,494.838,3.25,3.55,3.4,3.4,8.8,0.2905,0.109,0.0027,-0.0739,0.4536,3.3963,8.4,601,6347
MSFT261218P00600000,MSFT,2026-12-18,85,P,600.0,21.25,494.838,103.4,106.2,104.8,108.8,2.7,0.0,-0.9377,0.0032,-0.0656,0.2826,,,2,31
MSFT261218C00605000,MSFT,2026-12-18,85,C,605.0,22.26,494.838,2.9,3.15,3.025,2.98,8.3,0.291,0.0987,0.0025,-0.0688,0.423,3.0225,7.6,95,1793
MSFT261218P00605000,MSFT,2026-12-18,85,P,605.0,22.26,494.838,108.2,111.2,109.7,108.3,2.7,0.0,-0.9528,0.0034,-0.0554,0.2318,,,0,2
MSFT261218C00610000,MSFT,2026-12-18,85,C,610.0,23.27,494.838,2.55,2.83,2.69,2.95,10.4,0.2916,0.0893,0.0023,-0.064,0.3938,2.691,6.8,2,1032
MSFT261218P00610000,MSFT,2026-12-18,85,P,610.0,23.27,494.838,113.05,115.95,114.5,153.7,2.5,0.0,-0.9659,0.0035,-0.0437,0.194,,,0,0
MSFT261218C00615000,MSFT,2026-12-18,85,C,615.0,24.28,494.838,2.18,2.49,2.335,2.41,13.3,0.2905,0.0807,0.0021,-0.0594,0.3653,2.3339,6.0,1,371
MSFT261218P00615000,MSFT,2026-12-18,85,P,615.0,24.28,494.838,118.0,121.15,119.575,114.85,2.6,0.0,-0.9767,0.0034,-0.0304,0.1506,,,0,4
MSFT270115C00375000,MSFT,2027-01-15,113,C,375.0,-24.22,494.838,126.05,128.25,127.15,124.69,1.7,0.3476,0.9504,0.0011,-0.0157,0.2907,126.8837,91.9,4,862
MSFT270115P00375000,MSFT,2027-01-15,113,P,375.0,-24.22,494.838,1.83,2.18,2.005,1.99,17.5,0.3336,-0.0509,0.0011,-0.0417,0.2931,2.0188,7.1,1,2769
MSFT270115C00380000,MSFT,2027-01-15,113,C,380.0,-23.21,494.838,121.5,124.05,122.775,127.93,2.1,0.3514,0.9444,0.0012,-0.0201,0.3174,122.5011,90.6,0,1664
MSFT270115P00380000,MSFT,2027-01-15,113,P,380.0,-23.21,494.838,2.22,2.43,2.325,2.56,9.0,0.3318,-0.057,0.0012,-0.0452,0.3222,2.3384,8.0,11,7965
MSFT270115C00385000,MSFT,2027-01-15,113,C,385.0,-22.2,494.838,117.1,119.25,118.175,117.95,1.8,0.3472,0.9378,0.0014,-0.0247,0.3464,117.8951,89.7,0,947
MSFT270115P00385000,MSFT,2027-01-15,113,P,385.0,-22.2,494.838,2.5,3.1,2.8,2.53,21.4,0.3333,-0.0638,0.0014,-0.0489,0.3503,2.8126,9.2,0,1386
MSFT270115C00390000,MSFT,2027-01-15,113,C,390.0,-21.19,494.838,112.55,114.95,113.75,112.68,2.1,0.3464,0.9304,0.0015,-0.0295,0.3771,113.4606,88.6,3,2353
MSFT270115P00390000,MSFT,2027-01-15,113,P,390.0,-21.19,494.838,2.89,3.05,2.97,3.12,5.4,0.3249,-0.0713,0.0015,-0.0529,0.3804,2.9791,9.8,3,5485
MSFT270115C00395000,MSFT,2027-01-15,113,C,395.0,-20.18,494.838,107.9,110.65,109.275,110.77,2.5,0.3433,0.9222,0.0016,-0.0346,0.4094,108.9802,87.5,0,343
MSFT270115P00395000,MSFT,2027-01-15,113,P,395.0,-20.18,494.838,3.2,3.45,3.325,3.06,7.5,0.321,-0.0796,0.0017,-0.057,0.415,3.3344,10.7,0,2047
MSFT270115C00400000,MSFT,2027-01-15,113,C,400.0,-19.17,494.838,103.6,105.0,104.3,104.55,1.3,0.3284,0.9132,0.0018,-0.0398,0.444,103.9903,87.3,121,10795
MSFT270115P00400000,MSFT,2027-01-15,113,P,400.0,-19.17,494.838,3.7,3.9,3.8,3.7,5.3,0.3189,-0.0889,0.0018,-0.0614,0.4495,3.8045,11.9,117,11424
MSFT270115C00405000,MSFT,2027-01-15,113,C,405.0,-18.16,494.838,98.75,101.7,100.225,99.93,2.9,0.3325,0.9033,0.002,-0.0453,0.4803,99.9213,85.5,0,566
MSFT270115P00405000,MSFT,2027-01-15,113,P,405.0,-18.16,494.838,4.1,4.4,4.25,4.43,7.1,0.3152,-0.099,0.002,-0.066,0.4848,4.2515,13.0,13,1598
MSFT270115C00410000,MSFT,2027-01-15,113,C,410.0,-17.14,494.838,94.35,96.9,95.625,93.2,2.7,0.3245,0.8925,0.0021,-0.0509,0.5174,95.3043,84.6,4,5609
MSFT270115P00410000,MSFT,2027-01-15,113,P,410.0,-17.14,494.838,4.6,4.95,4.775,4.95,7.3,0.3122,-0.11,0.0022,-0.0707,0.5242,4.7787,14.3,1,7274
MSFT270115C00415000,MSFT,2027-01-15,113,C,415.0,-16.13,494.838,90.3,92.4,91.35,88.88,2.3,0.3221,0.8808,0.0023,-0.0566,0.5566,91.0279,83.2,7,1637
MSFT270115P00415000,MSFT,2027-01-15,113,P,415.0,-16.13,494.838,5.25,5.6,5.425,5.5,6.5,0.3103,-0.1221,0.0024,-0.0756,0.5635,5.4199,15.8,27,2151
MSFT270115C00420000,MSFT,2027-01-15,113,C,420.0,-15.12,494.838,85.85,87.95,86.9,87.3,2.4,0.3157,0.868,0.0025,-0.0624,0.5968,86.5714,82.0,2,9450
MSFT270115P00420000,MSFT,2027-01-15,113,P,420.0,-15.12,494.838,5.9,6.3,6.1,6.25,6.6,0.3077,-0.1352,0.0026,-0.0806,0.6025,6.0864,17.2,52,7480
MSFT270115C00425000,MSFT,2027-01-15,113,C,425.0,-14.11,494.838,82.0,84.5,83.25,83.28,3.0,0.3211,0.8542,0.0027,-0.0683,0.6372,82.9189,79.7,9,1312
MSFT270115P00425000,MSFT,2027-01-15,113,P,425.0,-14.11,494.838,6.55,7.25,6.9,7.0,10.1,0.3061,-0.1493,0.0028,-0.0858,0.6456,6.8813,18.9,31,3152
MSFT270115C00430000,MSFT,2027-01-15,113,C,430.0,-13.1,494.838,77.6,80.3,78.95,78.5,3.4,0.3152,0.8394,0.0029,-0.0742,0.6789,78.6167,78.3,1,5440
MSFT270115P00430000,MSFT,2027-01-15,113,P,430.0,-13.1,494.838,7.45,7.9,7.675,8.0,5.9,0.3029,-0.1646,0.003,-0.0909,0.6866,7.6466,20.5,73,6430
MSFT270115C00435000,MSFT,2027-01-15,113,C,435.0,-12.09,494.838,73.95,75.75,74.85,75.57,2.4,0.3113,0.8235,0.0031,-0.0801,0.7204,74.5103,76.7,12,620
MSFT270115P00435000,MSFT,2027-01-15,113,P,435.0,-12.09,494.838,8.45,8.85,8.65,8.58,4.6,0.3015,-0.1809,0.0032,-0.096,0.727,8.6097,22.4,423,2127
MSFT270115C00440000,MSFT,2027-01-15,113,C,440.0,-11.08,494.838,69.95,72.3,71.125,71.0,3.3,0.3114,0.8066,0.0033,-0.0859,0.7612,70.781,74.6,18,5660
MSFT270115P00440000,MSFT,2027-01-15,113,P,440.0,-11.08,494.838,9.4,9.9,9.65,9.61,5.2,0.2993,-0.1983,0.0034,-0.101,0.7716,9.6011,24.3,5,4297
MSFT270115C00445000,MSFT,2027-01-15,113,C,445.0,-10.07,494.838,66.0,68.65,67.325,67.0,3.9,0.3094,0.7887,0.0035,-0.0916,0.802,66.9851,72.7,7,1046
MSFT270115P00445000,MSFT,2027-01-15,113,P,445.0,-10.07,494.838,10.35,11.05,10.7,10.95,6.5,0.2966,-0.2168,0.0036,-0.106,0.8098,10.6393,26.2,9,4034
MSFT270115C00450000,MSFT,2027-01-15,113,C,450.0,-9.06,494.838,62.5,64.45,63.475,64.18,3.1,0.3059,0.7697,0.0037,-0.0971,0.8416,63.1528,70.7,9,14184
MSFT270115P00450000,MSFT,2027-01-15,113,P,450.0,-9.06,494.838,11.65,12.25,11.95,12.18,5.0,0.2952,-0.2363,0.0038,-0.1107,0.8485,11.8734,28.4,4,15302
MSFT270115C00455000,MSFT,2027-01-15,113,C,455.0,-8.05,494.838,58.85,60.05,59.45,58.42,2.0,0.299,0.7499,0.0039,-0.1023,0.879,59.1044,69.0,2,1306
MSFT270115P00455000,MSFT,2027-01-15,113,P,455.0,-8.05,494.838,13.05,13.65,13.35,13.1,4.5,0.2943,-0.2567,0.004,-0.1152,0.8899,13.2531,30.6,4,1501
MSFT270115C00460000,MSFT,2027-01-15,113,C,460.0,-7.04,494.838,55.1,57.45,56.275,56.18,4.2,0.3011,0.7292,0.0041,-0.1073,0.9154,55.9482,66.5,27,3039
MSFT270115P00460000,MSFT,2027-01-15,113,P,460.0,-7.04,494.838,14.5,15.05,14.775,14.8,3.7,0.2924,-0.2782,0.0042,-0.1194,0.9225,14.6506,32.9,3,4542
MSFT270115C00465000,MSFT,2027-01-15,113,C,465.0,-6.03,494.838,52.0,53.65,52.825,52.39,3.1,0.2988,0.7076,0.0043,-0.1118,0.9489,52.5037,64.3,11,965
MSFT270115P00465000,MSFT,2027-01-15,113,P,465.0,-6.03,494.838,16.35,16.8,16.575,16.38,2.7,0.2934,-0.3005,0.0044,-0.1233,0.9552,16.4288,35.4,278,2339
MSFT270115C00470000,MSFT,2027-01-15,113,C,470.0,-5.02,494.838,48.65,50.55,49.6,48.1,3.8,0.2977,0.6853,0.0044,-0.116,0.9797,49.2818,61.9,3,3737
MSFT270115P00470000,MSFT,2027-01-15,113,P,470.0,-5.02,494.838,17.45,18.4,17.925,16.5,5.3,0.2885,-0.3236,0.0046,-0.1267,0.9881,17.7559,37.5,0,4502
MSFT270115C00475000,MSFT,2027-01-15,113,C,475.0,-4.01,494.838,45.55,47.25,46.4,45.5,3.7,0.2956,0.6624,0.0046,-0.1197,1.0078,46.073,59.6,37,2629
MSFT270115P00475000,MSFT,2027-01-15,113,P,475.0,-4.01,494.838,19.45,20.3,19.875,19.55,4.3,0.2885,-0.3474,0.0047,-0.1297,1.0132,19.6719,40.1,1033,937
MSFT270115C00480000,MSFT,2027-01-15,113,C,480.0,-3.0,494.838,42.25,43.3,42.775,43.2,2.5,0.2884,0.6389,0.0047,-0.123,1.0323,42.4481,57.4,46,6050
MSFT270115P00480000,MSFT,2027-01-15,113,P,480.0,-3.0,494.838,21.5,22.15,21.825,22.1,3.0,0.2873,-0.3719,0.0049,-0.1323,1.0369,21.5889,42.5,24,5203
MSFT270115C00485000,MSFT,2027-01-15,113,C,485.0,-1.99,494.838,39.55,40.75,40.15,39.3,3.0,0.29,0.6147,0.0048,-0.1258,1.0532,39.8449,54.8,3,1776
MSFT270115P00485000,MSFT,2027-01-15,113,P,485.0,-1.99,494.838,23.0,24.35,23.675,23.65,5.7,0.2839,-0.397,0.005,-0.1343,1.0566,23.3942,45.0,80,1122
MSFT270115C00490000,MSFT,2027-01-15,113,C,490.0,-0.98,494.838,36.8,37.45,37.125,37.8,1.8,0.2864,0.5903,0.0049,-0.128,1.0705,36.8152,52.4,134,4718
MSFT270115P00490000,MSFT,2027-01-15,113,P,490.0,-0.98,494.838,25.45,26.5,25.975,26.03,4.0,0.2836,-0.4226,0.0051,-0.1358,1.0712,25.6464,47.5,32,2376
MSFT270115C00495000,MSFT,2027-01-15,113,C,495.0,0.03,494.838,34.0,34.8,34.4,35.1,2.3,0.2846,0.5655,0.005,-0.1297,1.0836,34.0959,49.9,107,2079
MSFT270115P00495000,MSFT,2027-01-15,113,P,495.0,0.03,494.838,28.35,28.95,28.65,28.12,2.1,0.2856,-0.4485,0.0052,-0.1368,1.0824,28.2743,50.1,12,2070
MSFT270115C00500000,MSFT,2027-01-15,113,C,500.0,1.04,494.838,31.7,32.25,31.975,32.0,1.7,0.2845,0.5405,0.0051,-0.1309,1.0925,31.6843,47.3,1342,21738
MSFT270115P00500000,MSFT,2027-01-15,113,P,500.0,1.04,494.838,30.05,31.55,30.8,30.75,4.9,0.2815,-0.4747,0.0053,-0.1372,1.0884,30.3645,52.6,49,4812
MSFT270115C00505000,MSFT,2027-01-15,113,C,505.0,2.05,494.838,29.25,30.35,29.8,29.75,3.7,0.2856,0.5153,0.0051,-0.1315,1.0972,29.5285,44.9,64,2500
MSFT270115P00505000,MSFT,2027-01-15,113,P,505.0,2.05,494.838,32.7,34.0,33.35,33.83,3.9,0.2799,-0.501,0.0054,-0.1372,1.0898,32.8495,55.1,103,1109
MSFT270115C00510000,MSFT,2027-01-15,113,C,510.0,3.06,494.838,27.3,27.6,27.45,27.95,1.1,0.2839,0.4903,0.0051,-0.1316,1.0978,27.1874,42.4,298,13856
MSFT270115P00510000,MSFT,2027-01-15,113,P,510.0,3.06,494.838,35.95,36.95,36.45,36.9,2.7,0.2823,-0.5273,0.0054,-0.1366,1.0876,35.8971,57.6,3,1122
MSFT270115C00515000,MSFT,2027-01-15,113,C,515.0,4.07,494.838,24.8,25.45,25.125,25.75,2.6,0.2814,0.4655,0.0051,-0.1312,1.0941,24.8797,40.0,14,2901
MSFT270115P00515000,MSFT,2027-01-15,113,P,515.0,4.07,494.838,38.0,39.95,38.975,37.6,5.0,0.278,-0.5534,0.0054,-0.1354,1.0791,38.3319,60.1,0,501
MSFT270115C00520000,MSFT,2027-01-15,113,C,520.0,5.08,494.838,22.8,23.45,23.125,23.3,2.8,0.2807,0.4409,0.0051,-0.1303,1.0863,22.8888,37.6,76,5557
MSFT270115P00520000,MSFT,2027-01-15,113,P,520.0,5.08,494.838,41.5,43.1,42.3,40.58,3.8,0.2801,-0.5794,0.0054,-0.1339,1.0667,41.586,62.4,0,1260
MSFT270115C00525000,MSFT,2027-01-15,113,C,525.0,6.1,494.838,21.0,21.9,21.45,21.9,4.2,0.2819,0.4168,0.005,-0.129,1.0749,21.2184,35.3,21,1916
MSFT270115P00525000,MSFT,2027-01-15,113,P,525.0,6.1,494.838,45.1,46.3,45.7,43.75,2.6,0.2818,-0.605,0.0053,-0.1319,1.0498,44.9084,64.7,0,476
MSFT270115C00530000,MSFT,2027-01-15,113,C,530.0,7.11,494.838,19.25,19.95,19.6,20.05,3.6,0.2805,0.3932,0.005,-0.1272,1.0596,19.3814,33.1,1019,7372
MSFT270115P00530000,MSFT,2027-01-15,113,P,530.0,7.11,494.838,47.55,49.55,48.55,48.03,4.1,0.277,-0.6301,0.0053,-0.1294,1.0287,47.6515,67.1,0,376
MSFT270115C00535000,MSFT,2027-01-15,113,C,535.0,8.12,494.838,17.8,18.45,18.125,18.35,3.6,0.2812,0.3702,0.0049,-0.1249,1.0407,17.8752,30.9,63,2291
MSFT270115P00535000,MSFT,2027-01-15,113,P,535.0,8.12,494.838,50.75,53.0,51.875,53.5,4.3,0.2756,-0.6548,0.0052,-0.1267,1.0037,50.8735,69.3,0,190
MSFT270115C00540000,MSFT,2027-01-15,113,C,540.0,9.13,494.838,16.25,16.8,16.525,16.95,3.3,0.2805,0.3478,0.0048,-0.1223,1.0193,16.3281,28.8,33,3697
MSFT270115P00540000,MSFT,2027-01-15,113,P,540.0,9.13,494.838,54.45,56.3,55.375,53.8,3.3,0.2748,-0.6787,0.0052,-0.1236,0.975,54.2681,71.5,0,369
MSFT270115C00545000,MSFT,2027-01-15,113,C,545.0,10.14,494.838,14.85,15.7,15.275,15.29,5.6,0.2819,0.3262,0.0047,-0.1194,0.9949,15.0919,26.9,65,2761
MSFT270115P00545000,MSFT,2027-01-15,113,P,545.0,10.14,494.838,58.35,60.15,59.25,58.19,3.0,0.2767,-0.702,0.0051,-0.1203,0.9423,58.0336,73.4,0,182
MSFT270115C00550000,MSFT,2027-01-15,113,C,550.0,11.15,494.838,13.6,14.25,13.925,14.2,4.7,0.2813,0.3054,0.0045,-0.1162,0.9677,13.7515,25.0,773,12438
MSFT270115P00550000,MSFT,2027-01-15,113,P,550.0,11.15,494.838,61.85,64.1,62.975,66.0,3.6,0.2758,-0.725,0.005,-0.1167,0.9061,61.618,75.3,25,622
MSFT270115C00555000,MSFT,2027-01-15,113,C,555.0,12.16,494.838,12.4,13.1,12.75,12.72,5.5,0.2815,0.2855,0.0044,-0.1127,0.9393,12.5801,23.2,41,2291
MSFT270115P00555000,MSFT,2027-01-15,113,P,555.0,12.16,494.838,65.6,67.7,66.65,69.65,3.2,0.2733,-0.7468,0.0048,-0.113,0.8696,65.1531,77.3,0,50
MSFT270115C00560000,MSFT,2027-01-15,113,C,560.0,13.17,494.838,11.3,11.95,11.625,11.5,5.6,0.2815,0.2663,0.0043,-0.109,0.9085,11.4763,21.5,29,3482
MSFT270115P00560000,MSFT,2027-01-15,113,P,560.0,13.17,494.838,69.45,71.75,70.6,72.55,3.3,0.2725,-0.768,0.0047,-0.1093,0.8266,68.9435,79.1,0,27
MSFT270115C00565000,MSFT,2027-01-15,113,C,565.0,14.18,494.838,10.25,10.95,10.6,10.57,6.6,0.2816,0.2481,0.0041,-0.1051,0.876,10.4634,19.9,16,1710
MSFT270115P00565000,MSFT,2027-01-15,113,P,565.0,14.18,494.838,73.3,75.85,74.575,66.0,3.4,0.2708,-0.7885,0.0046,-0.1052,0.7815,72.7469,80.9,0,22
MSFT270115C00570000,MSFT,2027-01-15,113,C,570.0,15.19,494.838,9.35,10.0,9.675,11.3,6.7,0.2819,0.2308,0.0039,-0.1011,0.843,9.5443,18.4,0,2076
MSFT270115P00570000,MSFT,2027-01-15,113,P,570.0,15.19,494.838,77.45,80.35,78.9,79.6,3.7,0.2725,-0.8083,0.0045,-0.1015,0.7407,76.9174,82.3,0,44
MSFT270115C00575000,MSFT,2027-01-15,113,C,575.0,16.2,494.838,8.5,8.9,8.7,8.9,4.6,0.2808,0.2144,0.0038,-0.0971,0.8095,8.585,16.9,53,26588
MSFT270115P00575000,MSFT,2027-01-15,113,P,575.0,16.2,494.838,81.85,84.55,83.2,80.45,3.2,0.2727,-0.8272,0.0044,-0.0979,0.6861,81.0335,83.7,0,27
MSFT270115C00580000,MSFT,2027-01-15,113,C,580.0,17.21,494.838,7.7,8.3,8.0,7.93,7.5,0.2822,0.1989,0.0036,-0.0929,0.7747,7.893,15.6,8,2567
MSFT270115P00580000,MSFT,2027-01-15,113,P,580.0,17.21,494.838,86.1,88.5,87.3,92.05,2.7,0.2681,-0.8454,0.0043,-0.094,0.638,84.8653,85.5,0,29
MSFT270115C00585000,MSFT,2027-01-15,113,C,585.0,18.22,494.838,7.0,7.3,7.15,7.45,4.2,0.2808,0.1843,0.0034,-0.0888,0.7401,7.0527,14.2,17,863
MSFT270115P00585000,MSFT,2027-01-15,113,P,585.0,18.22,494.838,91.65,93.45,92.55,91.35,1.9,0.2823,-0.8629,0.0041,-0.09,0.5908,90.1238,85.7,0,35
MSFT270115C00590000,MSFT,2027-01-15,113,C,590.0,19.23,494.838,6.35,6.75,6.55,6.56,6.1,0.2819,0.1706,0.0033,-0.0846,0.706,6.4556,13.1,20,3498
MSFT270115P00590000,MSFT,2027-01-15,113,P,590.0,19.23,494.838,94.9,97.85,96.375,96.62,3.1,0.269,-0.8795,0.004,-0.0855,0.5349,93.4887,87.8,0,5
MSFT270115C00595000,MSFT,2027-01-15,113,C,595.0,20.24,494.838,5.75,6.2,5.975,5.9,7.5,0.2827,0.1577,0.0031,-0.0805,0.6716,5.888,12.1,86,4127
MSFT270115P00595000,MSFT,2027-01-15,113,P,595.0,20.24,494.838,99.45,102.35,100.9,167.4,2.9,0.2666,-0.8953,0.0038,-0.0816,0.4824,97.7072,89.1,0,0
MSFT270115C00600000,MSFT,2027-01-15,113,C,600.0,21.25,494.838,5.3,5.55,5.425,5.4,4.6,0.2832,0.1456,0.0029,-0.0765,0.6375,5.3492,11.1,279,21489
MSFT270115P00600000,MSFT,2027-01-15,113,P,600.0,21.25,494.838,104.05,106.95,105.5,108.51,2.7,0.2631,-0.9101,0.0037,-0.0771,0.4286,101.9357,90.4,1,36
MSFT270115C00605000,MSFT,2027-01-15,113,C,605.0,22.26,494.838,4.7,5.05,4.875,4.9,7.2,0.2828,0.1344,0.0028,-0.0725,0.6046,4.8034,10.1,5,1358
MSFT270115P00605000,MSFT,2027-01-15,113,P,605.0,22.26,494.838,108.75,111.45,110.1,110.45,2.5,0.2535,-0.9242,0.0035,-0.0739,0.3774,105.9351,92.0,0,31
MSFT270115C00610000,MSFT,2027-01-15,113,C,610.0,23.27,494.838,4.15,4.7,4.425,4.45,12.4,0.2834,0.1239,0.0026,-0.0686,0.5724,4.3614,9.2,61,2231
MSFT270115P00610000,MSFT,2027-01-15,113,P,610.0,23.27,494.838,113.45,116.35,114.9,108.61,2.5,0.0,-0.9391,0.0035,-0.0686,0.3172,,,0,25
MSFT270115C00615000,MSFT,2027-01-15,113,C,615.0,24.28,494.838,3.8,4.25,4.025,4.05,11.2,0.2842,0.1141,0.0025,-0.0648,0.5405,3.9684,8.4,17,5676
MSFT270115P00615000,MSFT,2027-01-15,113,P,615.0,24.28,494.838,118.25,120.8,119.525,134.85,2.1,0.0,-0.9534,0.0036,-0.0608,0.2716,,,0,1
MSFT270319C00380000,MSFT,2027-03-19,176,C,380.0,-23.21,494.838,126.9,129.9,128.4,133.34,2.3,0.3503,0.9093,0.0014,-0.0368,0.5729,128.3623,85.2,0,2645
MSFT270319P00380000,MSFT,2027-03-19,176,P,380.0,-23.21,494.838,5.25,5.55,5.4,5.45,5.6,0.3355,-0.0933,0.0014,-0.0537,0.5777,5.4041,13.6,17,3533
MSFT270319C00390000,MSFT,2027-03-19,176,C,390.0,-21.19,494.838,118.2,120.15,119.175,123.8,1.6,0.3349,0.8922,0.0016,-0.0443,0.6476,119.1092,83.9,0,2693
MSFT270319P00390000,MSFT,2027-03-19,176,P,390.0,-21.19,494.838,6.3,6.85,6.575,6.55,8.4,0.331,-0.1108,0.0017,-0.0602,0.6551,6.5698,15.7,40,4773
MSFT270319C00400000,MSFT,2027-03-19,176,C,400.0,-19.17,494.838,109.95,112.85,111.4,111.92,2.6,0.3389,0.8727,0.0019,-0.0521,0.7266,111.3114,80.7,3,5179
MSFT270319P00400000,MSFT,2027-03-19,176,P,400.0,-19.17,494.838,7.8,8.15,7.975,8.05,4.4,0.327,-0.1308,0.0019,-0.0669,0.7333,7.9604,18.2,20,7122
MSFT270319C00410000,MSFT,2027-03-19,176,C,410.0,-17.14,494.838,101.85,104.55,103.2,102.17,2.6,0.3335,0.8508,0.0021,-0.0599,0.807,103.0904,78.2,2,1161
MSFT270319P00410000,MSFT,2027-03-19,176,P,410.0,-17.14,494.838,9.25,9.8,9.525,9.85,5.8,0.3221,-0.1532,0.0022,-0.0738,0.817,9.496,20.7,15,5365
MSFT270319C00420000,MSFT,2027-03-19,176,C,420.0,-15.12,494.838,94.05,96.75,95.4,95.54,2.8,0.3302,0.8265,0.0023,-0.0677,0.8885,95.2739,75.3,13,1243
MSFT270319P00420000,MSFT,2027-03-19,176,P,420.0,-15.12,494.838,11.1,11.7,11.4,11.7,5.3,0.3183,-0.1782,0.0024,-0.0806,0.8974,11.3508,23.6,19,4130
MSFT270319C00430000,MSFT,2027-03-19,176,C,430.0,-13.1,494.838,86.3,88.7,87.5,88.04,2.7,0.3231,0.7999,0.0026,-0.0753,0.9685,87.3522,72.6,4,1249
MSFT270319P00430000,MSFT,2027-03-19,176,P,430.0,-13.1,494.838,13.2,13.95,13.575,13.9,5.5,0.3148,-0.2056,0.0027,-0.0873,0.9802,13.495,26.7,24,4349
MSFT270319C00440000,MSFT,2027-03-19,176,C,440.0,-11.08,494.838,79.05,81.2,80.125,78.8,2.7,0.319,0.7709,0.0028,-0.0824,1.0457,79.9734,69.4,4,1068
MSFT270319P00440000,MSFT,2027-03-19,176,P,440.0,-11.08,494.838,15.9,16.5,16.2,16.2,3.7,0.3128,-0.2355,0.0029,-0.0937,1.0553,16.0805,30.1,48,3493
MSFT270319C00450000,MSFT,2027-03-19,176,C,450.0,-9.06,494.838,72.2,74.4,73.3,73.06,3.0,0.3172,0.7398,0.003,-0.0891,1.1182,73.1438,65.9,15,2709
MSFT270319P00450000,MSFT,2027-03-19,176,P,450.0,-9.06,494.838,18.8,19.5,19.15,19.0,3.7,0.3108,-0.2678,0.0032,-0.0996,1.1283,18.9915,33.7,82,3921
MSFT270319C00460000,MSFT,2027-03-19,176,C,460.0,-7.04,494.838,65.7,68.0,66.85,67.5,3.4,0.3156,0.7068,0.0032,-0.0951,1.1837,66.6755,62.2,9,12197
MSFT270319P00460000,MSFT,2027-03-19,176,P,460.0,-7.04,494.838,21.8,22.65,22.225,22.05,3.8,0.3068,-0.3021,0.0034,-0.1049,1.1929,22.0048,37.2,77,2903
MSFT270319C00470000,MSFT,2027-03-19,176,C,470.0,-5.02,494.838,59.3,61.2,60.25,61.2,3.2,0.3101,0.6722,0.0034,-0.1003,1.2415,60.0706,58.7,13,1283
MSFT270319P00470000,MSFT,2027-03-19,176,P,470.0,-5.02,494.838,25.25,26.25,25.75,26.2,3.9,0.3037,-0.3383,0.0036,-0.1094,1.2484,25.4574,40.9,53,1362
MSFT270319C00480000,MSFT,2027-03-19,176,C,480.0,-3.0,494.838,53.6,54.8,54.2,54.62,2.2,0.3064,0.6362,0.0036,-0.1046,1.2892,54.0177,55.1,7,3386
MSFT270319P00480000,MSFT,2027-03-19,176,P,480.0,-3.0,494.838,29.4,30.45,29.925,29.8,3.5,0.3029,-0.3761,0.0038,-0.1132,1.2944,29.5577,44.8,58,1566
MSFT270319C00490000,MSFT,2027-03-19,176,C,490.0,-0.98,494.838,48.3,49.0,48.65,49.2,1.4,0.3038,0.5993,0.0037,-0.1079,1.3265,48.4596,51.3,90,2942
MSFT270319P00490000,MSFT,2027-03-19,176,P,490.0,-0.98,494.838,34.1,34.9,34.5,34.35,2.3,0.302,-0.4151,0.0039,-0.116,1.327,34.0216,48.6,52,2089
MSFT270319C00500000,MSFT,2027-03-19,176,C,500.0,1.04,494.838,43.05,44.05,43.55,44.05,2.3,0.302,0.5619,0.0038,-0.1102,1.3519,43.3717,47.5,188,7327
MSFT270319P00500000,MSFT,2027-03-19,176,P,500.0,1.04,494.838,38.55,39.85,39.2,39.0,3.3,0.2992,-0.4549,0.004,-0.1178,1.3478,38.6026,52.4,152,3632
MSFT270319C00510000,MSFT,2027-03-19,176,C,510.0,3.06,494.838,38.75,39.5,39.125,39.85,1.9,0.3026,0.5243,0.0039,-0.1116,1.3655,38.9778,43.8,194,3851
MSFT270319P00510000,MSFT,2027-03-19,176,P,510.0,3.06,494.838,43.55,44.8,44.175,45.3,2.8,0.2954,-0.4951,0.0041,-0.1186,1.3539,43.4116,56.2,2,1390
MSFT270319C00520000,MSFT,2027-03-19,176,C,520.0,5.08,494.838,34.25,35.25,34.75,35.1,2.9,0.3007,0.487,0.0039,-0.1119,1.3674,34.6027,40.1,48,2333
MSFT270319P00520000,MSFT,2027-03-19,176,P,520.0,5.08,494.838,49.4,50.9,50.15,48.15,3.0,0.2962,-0.5352,0.0042,-0.1185,1.3469,49.2149,59.9,0,492
MSFT270319C00530000,MSFT,2027-03-19,176,C,530.0,7.11,494.838,30.55,31.2,30.875,31.05,2.1,0.2998,0.4505,0.0039,-0.1112,1.3575,30.7146,36.6,254,3355
MSFT270319P00530000,MSFT,2027-03-19,176,P,530.0,7.11,494.838,55.55,56.9,56.225,56.1,2.4,0.2948,-0.5748,0.0042,-0.1174,1.327,55.073,63.4,3,374
MSFT270319C00540000,MSFT,2027-03-19,176,C,540.0,9.13,494.838,27.05,28.0,27.525,27.65,3.5,0.3004,0.415,0.0038,-0.1097,1.3377,27.3645,33.3,35,3349
MSFT270319P00540000,MSFT,2027-03-19,176,P,540.0,9.13,494.838,62.6,63.9,63.25,62.65,2.1,0.298,-0.6136,0.0042,-0.1154,1.2915,61.8901,66.7,22,188
MSFT270319C00550000,MSFT,2027-03-19,176,C,550.0,11.15,494.838,23.9,24.5,24.2,24.45,2.5,0.2989,0.3809,0.0037,-0.1074,1.3076,24.0535,30.2,58,4763
MSFT270319P00550000,MSFT,2027-03-19,176,P,550.0,11.15,494.838,68.35,70.65,69.5,71.7,3.3,0.2922,-0.6512,0.0041,-0.1126,1.2487,67.8359,70.1,0,516
MSFT270319C00560000,MSFT,2027-03-19,176,C,560.0,13.17,494.838,20.9,22.1,21.5,21.42,5.6,0.2999,0.3483,0.0036,-0.1044,1.2703,21.3691,27.2,40,2320
MSFT270319P00560000,MSFT,2027-03-19,176,P,560.0,13.17,494.838,75.55,77.95,76.75,78.95,3.1,0.2916,-0.6874,0.004,-0.1093,1.1903,74.7857,73.1,0,199
MSFT270319C00570000,MSFT,2027-03-19,176,C,570.0,15.19,494.838,18.35,19.3,18.825,18.7,5.0,0.2988,0.3175,0.0035,-0.1008,1.225,18.6993,24.4,35,1371
MSFT270319P00570000,MSFT,2027-03-19,176,P,570.0,15.19,494.838,83.35,85.55,84.45,82.08,2.6,0.2921,-0.7222,0.0039,-0.1056,1.1268,82.1592,75.9,0,162
MSFT270319C00580000,MSFT,2027-03-19,176,C,580.0,17.21,494.838,16.25,17.15,16.7,16.45,5.4,0.3001,0.2885,0.0033,-0.0968,1.1752,16.5809,22.0,122,2524
MSFT270319P00580000,MSFT,2027-03-19,176,P,580.0,17.21,494.838,91.35,93.8,92.575,90.57,2.6,0.2937,-0.7555,0.0038,-0.1016,1.0493,89.919,78.4,0,114
MSFT270319C00590000,MSFT,2027-03-19,176,C,590.0,19.23,494.838,14.3,15.0,14.65,14.6,4.8,0.3001,0.2615,0.0032,-0.0923,1.1205,14.5439,19.6,15,1343
MSFT270319P00590000,MSFT,2027-03-19,176,P,590.0,19.23,494.838,99.1,101.75,100.425,100.93,2.6,0.2896,-0.7872,0.0037,-0.0973,0.9707,97.2796,81.0,0,20
MSFT270319C00600000,MSFT,2027-03-19,176,C,600.0,21.25,494.838,12.5,13.05,12.775,12.8,4.3,0.2996,0.2364,0.003,-0.0876,1.0632,12.6752,17.4,148,3660
MSFT270319P00600000,MSFT,2027-03-19,176,P,600.0,21.25,494.838,107.55,111.0,109.275,109.73,3.2,0.2934,-0.8173,0.0036,-0.093,0.8775,105.7288,83.0,0,37
MSFT270319C00605000,MSFT,2027-03-19,176,C,605.0,22.26,494.838,11.7,12.25,11.975,12.0,4.6,0.3,0.2244,0.0029,-0.0852,1.0338,11.8863,16.4,2,935
MSFT270319P00605000,MSFT,2027-03-19,176,P,605.0,22.26,494.838,111.9,115.35,113.625,110.76,3.0,0.2934,-0.8319,0.0036,-0.091,0.8277,109.8231,84.0,0,2
MSFT270319C00610000,MSFT,2027-03-19,176,C,610.0,23.27,494.838,10.95,11.6,11.275,11.05,5.8,0.3009,0.2131,0.0028,-0.0828,1.0037,11.1928,15.5,5,769
MSFT270319P00610000,MSFT,2027-03-19,176,P,610.0,23.27,494.838,116.3,119.75,118.025,176.1,2.9,0.2935,-0.8461,0.0035,-0.0893,0.7822,113.9756,84.9,0,1
MSFT270319C00615000,MSFT,2027-03-19,176,C,615.0,24.28,494.838,10.2,10.85,10.525,10.3,6.2,0.3008,0.2022,0.0027,-0.0803,0.9733,10.4436,14.6,2,893
MSFT270319P00615000,MSFT,2027-03-19,176,P,615.0,24.28,494.838,120.7,124.15,122.425,134.6,2.8,0.2925,-0.8598,0.0035,-0.0871,0.7366,118.0704,85.9,0,1
MSFT270416C00380000,MSFT,2027-04-16,204,C,380.0,-23.21,494.838,129.4,132.2,130.8,0.0,2.1,0.3417,0.9016,0.0014,-0.0374,0.6544,130.4075,84.0,0,0
MSFT270416P00380000,MSFT,2027-04-16,204,P,380.0,-23.21,494.838,6.25,7.0,6.625,6.7,11.3,0.334,-0.1019,0.0015,-0.0527,0.664,6.6548,15.3,85,93
MSFT270416C00385000,MSFT,2027-04-16,204,C,385.0,-22.2,494.838,124.9,128.05,126.475,130.64,2.5,0.338,0.8933,0.0015,-0.0407,0.6933,126.0677,83.0,0,2
MSFT270416P00385000,MSFT,2027-04-16,204,P,385.0,-22.2,494.838,6.7,7.75,7.225,7.35,14.5,0.3313,-0.1106,0.0016,-0.0556,0.7047,7.2469,16.4,6,13
MSFT270416C00390000,MSFT,2027-04-16,204,C,390.0,-21.19,494.838,120.95,123.8,122.375,126.07,2.3,0.3369,0.8844,0.0016,-0.0441,0.7334,121.9571,81.8,0,2
MSFT270416P00390000,MSFT,2027-04-16,204,P,390.0,-21.19,494.838,7.5,7.95,7.725,8.15,5.8,0.3267,-0.1197,0.0017,-0.0586,0.7438,7.7412,17.3,0,91
MSFT270416C00395000,MSFT,2027-04-16,204,C,395.0,-20.18,494.838,116.8,119.7,118.25,119.2,2.5,0.3348,0.8749,0.0017,-0.0475,0.7738,117.8233,80.6,0,1
MSFT270416P00395000,MSFT,2027-04-16,204,P,395.0,-20.18,494.838,8.1,8.75,8.425,8.35,7.7,0.3244,-0.1294,0.0018,-0.0615,0.7827,8.4406,18.4,0,55
MSFT270416C00400000,MSFT,2027-04-16,204,C,400.0,-19.17,494.838,112.55,115.6,114.075,115.21,2.7,0.3315,0.865,0.0018,-0.0509,0.8142,113.6398,79.5,0,3
MSFT270416P00400000,MSFT,2027-04-16,204,P,400.0,-19.17,494.838,8.9,9.75,9.325,9.45,9.1,0.3239,-0.1397,0.0019,-0.0645,0.8265,9.3341,19.8,0,128
MSFT270416C00405000,MSFT,2027-04-16,204,C,405.0,-18.16,494.838,108.7,111.6,110.15,0.0,2.6,0.3306,0.8545,0.0019,-0.0543,0.8554,109.7081,78.2,0,0
MSFT270416P00405000,MSFT,2027-04-16,204,P,405.0,-18.16,494.838,9.8,10.95,10.375,10.05,11.1,0.3243,-0.1505,0.002,-0.0676,0.869,10.3705,21.3,0,154
MSFT270416C00410000,MSFT,2027-04-16,204,C,410.0,-17.14,494.838,104.85,107.6,106.225,109.58,2.6,0.329,0.8435,0.002,-0.0577,0.8972,105.7765,76.8,0,1
MSFT270416P00410000,MSFT,2027-04-16,204,P,410.0,-17.14,494.838,10.45,11.65,11.05,10.95,10.9,0.3198,-0.1619,0.0021,-0.0706,0.9094,11.0416,22.3,0,10
MSFT270416C00415000,MSFT,2027-04-16,204,C,415.0,-16.13,494.838,100.85,103.55,102.2,106.5,2.6,0.3256,0.832,0.0021,-0.0611,0.9385,101.7335,75.6,0,15
MSFT270416P00415000,MSFT,2027-04-16,204,P,415.0,-16.13,494.838,11.65,12.3,11.975,11.7,5.4,0.3175,-0.1738,0.0022,-0.0736,0.949,11.9558,23.7,0,99
MSFT270416C00420000,MSFT,2027-04-16,204,C,420.0,-15.12,494.838,97.05,99.75,98.4,98.75,2.7,0.3242,0.82,0.0022,-0.0644,0.9791,97.9368,74.1,0,5
MSFT270416P00420000,MSFT,2027-04-16,204,P,420.0,-15.12,494.838,12.55,13.45,13.0,13.46,6.9,0.3156,-0.1863,0.0023,-0.0766,0.9939,12.9659,25.1,1,169
MSFT270416C00425000,MSFT,2027-04-16,204,C,425.0,-14.11,494.838,93.3,95.9,94.6,99.28,2.7,0.322,0.8074,0.0024,-0.0677,1.0199,94.1234,72.7,0,9
MSFT270416P00425000,MSFT,2027-04-16,204,P,425.0,-14.11,494.838,13.7,15.15,14.425,13.7,10.1,0.317,-0.1994,0.0024,-0.0795,1.0348,14.3753,26.8,0,85
MSFT270416C00430000,MSFT,2027-04-16,204,C,430.0,-13.1,494.838,89.6,92.2,90.9,94.6,2.9,0.3203,0.7944,0.0025,-0.0709,1.0603,90.4251,71.2,0,6
MSFT270416P00430000,MSFT,2027-04-16,204,P,430.0,-13.1,494.838,14.85,15.8,15.325,15.35,6.2,0.3126,-0.213,0.0026,-0.0823,1.0736,15.2597,28.1,7,115
MSFT270416C00435000,MSFT,2027-04-16,204,C,435.0,-12.09,494.838,85.9,88.75,87.325,91.62,3.3,0.319,0.7808,0.0026,-0.074,1.0995,86.8384,69.7,0,2
MSFT270416P00435000,MSFT,2027-04-16,204,P,435.0,-12.09,494.838,16.2,17.25,16.725,16.95,6.3,0.3123,-0.2271,0.0027,-0.0851,1.1111,16.6419,29.8,3,40
MSFT270416C00440000,MSFT,2027-04-16,204,C,440.0,-11.08,494.838,82.45,85.15,83.8,84.2,3.2,0.3178,0.7667,0.0027,-0.077,1.1373,83.3352,68.1,0,24
MSFT270416P00440000,MSFT,2027-04-16,204,P,440.0,-11.08,494.838,17.45,18.25,17.85,18.4,4.5,0.3089,-0.2417,0.0028,-0.0878,1.1531,17.7517,31.2,5,543
MSFT270416C00445000,MSFT,2027-04-16,204,C,445.0,-10.07,494.838,79.0,81.7,80.35,78.95,3.4,0.3164,0.7523,0.0028,-0.0799,1.1744,79.8828,66.5,1,21
MSFT270416P00445000,MSFT,2027-04-16,204,P,445.0,-10.07,494.838,18.85,20.1,19.475,18.95,6.4,0.3091,-0.2569,0.0029,-0.0905,1.189,19.3439,33.0,0,51
MSFT270416C00450000,MSFT,2027-04-16,204,C,450.0,-9.06,494.838,75.55,78.1,76.825,79.6,3.3,0.3138,0.7373,0.0029,-0.0827,1.2103,76.3583,64.9,0,18
MSFT270416P00450000,MSFT,2027-04-16,204,P,450.0,-9.06,494.838,20.45,21.4,20.925,20.45,4.5,0.3072,-0.2725,0.003,-0.093,1.223,20.7687,34.6,0,176
MSFT270416C00455000,MSFT,2027-04-16,204,C,455.0,-8.05,494.838,72.2,74.1,73.15,77.05,2.6,0.3094,0.722,0.003,-0.0853,1.2441,72.6764,63.5,0,101
MSFT270416P00455000,MSFT,2027-04-16,204,P,455.0,-8.05,494.838,21.95,23.15,22.55,22.05,5.3,0.3061,-0.2885,0.0031,-0.0953,1.2553,22.3669,36.3,0,268
MSFT270416C00460000,MSFT,2027-04-16,204,C,460.0,-7.04,494.838,69.15,72.0,70.575,72.44,4.0,0.3132,0.7063,0.0031,-0.0878,1.276,70.106,61.4,0,26
MSFT270416P00460000,MSFT,2027-04-16,204,P,460.0,-7.04,494.838,23.55,24.95,24.25,23.45,5.8,0.3049,-0.3051,0.0032,-0.0976,1.2898,24.0329,38.0,0,218
MSFT270416C00465000,MSFT,2027-04-16,204,C,465.0,-6.03,494.838,65.95,68.9,67.425,65.0,4.4,0.3118,0.6902,0.0031,-0.0901,1.3062,66.9623,59.7,1,11
MSFT270416P00465000,MSFT,2027-04-16,204,P,465.0,-6.03,494.838,25.35,26.45,25.9,25.35,4.2,0.3027,-0.3221,0.0033,-0.0997,1.3178,25.6488,39.7,0,19
MSFT270416C00470000,MSFT,2027-04-16,204,C,470.0,-5.02,494.838,62.95,65.5,64.225,62.35,4.0,0.3094,0.6738,0.0032,-0.0923,1.3345,63.7635,58.1,6,48
MSFT270416P00470000,MSFT,2027-04-16,204,P,470.0,-5.02,494.838,27.4,28.85,28.125,27.93,5.2,0.3041,-0.3394,0.0034,-0.1016,1.3439,27.8236,41.6,0,82
MSFT270416C00475000,MSFT,2027-04-16,204,C,475.0,-4.01,494.838,60.1,62.45,61.275,59.33,3.8,0.3083,0.6572,0.0033,-0.0943,1.3602,60.8177,56.3,1,2
MSFT270416P00475000,MSFT,2027-04-16,204,P,475.0,-4.01,494.838,29.25,30.45,29.85,28.4,4.0,0.3012,-0.357,0.0035,-0.1034,1.3676,29.5079,43.3,0,150
MSFT270416C00480000,MSFT,2027-04-16,204,C,480.0,-3.0,494.838,57.2,59.5,58.35,58.55,3.9,0.3068,0.6402,0.0034,-0.096,1.3833,57.8989,54.6,26,21
MSFT270416P00480000,MSFT,2027-04-16,204,P,480.0,-3.0,494.838,31.4,32.6,32.0,31.35,3.8,0.3008,-0.375,0.0036,-0.105,1.3909,31.615,45.1,0,123
MSFT270416C00485000,MSFT,2027-04-16,204,C,485.0,-1.99,494.838,54.5,56.75,55.625,60.95,4.0,0.3061,0.6231,0.0034,-0.0976,1.4041,55.1745,52.8,0,11
MSFT270416P00485000,MSFT,2027-04-16,204,P,485.0,-1.99,494.838,33.4,34.65,34.025,33.9,3.7,0.2987,-0.3933,0.0036,-0.1064,1.4088,33.5702,46.9,1,131
MSFT270416C00490000,MSFT,2027-04-16,204,C,490.0,-0.98,494.838,51.8,53.7,52.75,56.18,3.6,0.3038,0.6058,0.0035,-0.099,1.4224,52.3065,51.1,0,124
MSFT270416P00490000,MSFT,2027-04-16,204,P,490.0,-0.98,494.838,36.0,37.05,36.525,36.2,2.9,0.2995,-0.4118,0.0037,-0.1076,1.4244,36.0213,48.7,11,137
MSFT270416C00495000,MSFT,2027-04-16,204,C,495.0,0.03,494.838,49.4,51.1,50.25,50.55,3.4,0.3035,0.5884,0.0035,-0.1002,1.4378,49.8072,49.3,8,101
MSFT270416P00495000,MSFT,2027-04-16,204,P,495.0,0.03,494.838,37.8,39.35,38.575,38.9,4.0,0.2964,-0.4304,0.0038,-0.1087,1.4361,38.0008,50.5,2,3
MSFT270416C00500000,MSFT,2027-04-16,204,C,500.0,1.04,494.838,46.7,48.9,47.8,48.45,4.6,0.303,0.5709,0.0036,-0.1012,1.4504,47.3649,47.6,9,366
MSFT270416P00500000,MSFT,2027-04-16,204,P,500.0,1.04,494.838,40.6,42.0,41.3,41.55,3.4,0.2974,-0.4493,0.0038,-0.1095,1.4449,40.6576,52.3,2,112
MSFT270416C00505000,MSFT,2027-04-16,204,C,505.0,2.05,494.838,44.4,45.6,45.0,45.0,2.7,0.2997,0.5534,0.0036,-0.102,1.4602,44.5972,45.9,1,35
MSFT270416P00505000,MSFT,2027-04-16,204,P,505.0,2.05,494.838,43.25,44.5,43.875,43.55,2.8,0.2966,-0.4682,0.0039,-0.1102,1.452,43.1404,54.1,2,173
MSFT270416C00510000,MSFT,2027-04-16,204,C,510.0,3.06,494.838,42.2,44.0,43.1,43.7,4.2,0.3017,0.5359,0.0036,-0.1026,1.4673,42.6899,44.1,7,55
MSFT270416P00510000,MSFT,2027-04-16,204,P,510.0,3.06,494.838,46.0,47.4,46.7,48.32,3.0,0.297,-0.4871,0.0039,-0.1106,1.4557,45.8852,55.8,0,70
MSFT270416C00515000,MSFT,2027-04-16,204,C,515.0,4.07,494.838,39.85,41.55,40.7,40.28,4.2,0.2998,0.5184,0.0036,-0.103,1.4715,40.2933,42.4,0,800
MSFT270416P00515000,MSFT,2027-04-16,204,P,515.0,4.07,494.838,48.35,50.15,49.25,47.18,3.7,0.2949,-0.506,0.0039,-0.1108,1.4534,48.3468,57.5,0,90
MSFT270416C00520000,MSFT,2027-04-16,204,C,520.0,5.08,494.838,38.05,38.95,38.5,38.9,2.3,0.2987,0.5011,0.0036,-0.1032,1.4731,38.0968,40.8,57,94
MSFT270416P00520000,MSFT,2027-04-16,204,P,520.0,5.08,494.838,51.95,53.1,52.525,53.5,2.2,0.297,-0.525,0.004,-0.1109,1.4474,51.5117,59.2,0,152
MSFT270416C00525000,MSFT,2027-04-16,204,C,525.0,6.1,494.838,35.85,37.15,36.5,36.85,3.6,0.2985,0.4839,0.0036,-0.1032,1.472,36.1148,39.1,31,35
MSFT270416P00525000,MSFT,2027-04-16,204,P,525.0,6.1,494.838,54.35,55.9,55.125,56.85,2.8,0.2939,-0.5438,0.004,-0.1108,1.4419,53.9922,60.9,0,19
MSFT270416C00530000,MSFT,2027-04-16,204,C,530.0,7.11,494.838,33.95,35.15,34.55,34.8,3.5,0.298,0.4668,0.0036,-0.103,1.468,34.169,37.5,40,32
MSFT270416P00530000,MSFT,2027-04-16,204,P,530.0,7.11,494.838,57.35,59.25,58.3,59.21,3.3,0.2942,-0.5625,0.004,-0.1104,1.4344,57.0556,62.6,2,6
MSFT270416C00535000,MSFT,2027-04-16,204,C,535.0,8.12,494.838,32.1,33.3,32.7,32.95,3.7,0.2977,0.45,0.0036,-0.1026,1.4616,32.3316,35.9,49,55
MSFT270416P00535000,MSFT,2027-04-16,204,P,535.0,8.12,494.838,60.45,62.2,61.325,66.08,2.9,0.2929,-0.581,0.004,-0.1098,1.4201,59.9644,64.2,0,3
MSFT270416C00540000,MSFT,2027-04-16,204,C,540.0,9.13,494.838,30.4,31.25,30.825,31.05,2.8,0.2967,0.4334,0.0036,-0.102,1.453,30.4697,34.3,40,68
MSFT270416P00540000,MSFT,2027-04-16,204,P,540.0,9.13,494.838,63.6,65.75,64.675,63.7,3.3,0.2931,-0.5994,0.004,-0.1092,1.3976,63.171,65.8,0,9
MSFT270416C00545000,MSFT,2027-04-16,204,C,545.0,10.14,494.838,28.6,30.15,29.375,31.96,5.3,0.2981,0.4171,0.0036,-0.1013,1.442,29.0307,32.8,0,23
MSFT270416P00545000,MSFT,2027-04-16,204,P,545.0,10.14,494.838,66.65,68.8,67.725,72.7,3.2,0.2906,-0.6176,0.004,-0.1083,1.3799,66.065,67.4,0,3
MSFT270416C00550000,MSFT,2027-04-16,204,C,550.0,11.15,494.838,27.0,28.4,27.7,26.9,5.1,0.2974,0.4011,0.0035,-0.1004,1.4285,27.3613,31.3,17,176
MSFT270416P00550000,MSFT,2027-04-16,204,P,550.0,11.15,494.838,70.0,72.8,71.4,66.9,3.9,0.292,-0.6354,0.0039,-0.1073,1.3624,69.595,68.8,0,82
MSFT270416C00555000,MSFT,2027-04-16,204,C,555.0,12.16,494.838,25.6,26.7,26.15,26.3,4.2,0.2971,0.3854,0.0035,-0.0994,1.4129,25.8213,29.9,3,14
MSFT270416P00555000,MSFT,2027-04-16,204,P,555.0,12.16,494.838,74.15,76.25,75.2,0.0,2.8,0.294,-0.6529,0.0039,-0.1061,1.3389,73.2769,70.2,0,0
MSFT270416C00560000,MSFT,2027-04-16,204,C,560.0,13.17,494.838,24.05,25.3,24.675,24.85,5.1,0.2969,0.37,0.0034,-0.0982,1.3958,24.3651,28.5,15,92
MSFT270416P00560000,MSFT,2027-04-16,204,P,560.0,13.17,494.838,77.35,79.75,78.55,0.0,3.1,0.2918,-0.6704,0.0039,-0.1049,1.3014,76.4387,71.7,0,0
MSFT270416C00565000,MSFT,2027-04-16,204,C,565.0,14.18,494.838,22.85,23.75,23.3,23.05,3.9,0.2969,0.355,0.0034,-0.097,1.377,23.0039,27.2,78,40
MSFT270416P00565000,MSFT,2027-04-16,204,P,565.0,14.18,494.838,81.25,83.5,82.375,86.72,2.7,0.2925,-0.6876,0.0039,-0.1035,1.2686,80.073,73.0,0,24
MSFT270416C00570000,MSFT,2027-04-16,204,C,570.0,15.19,494.838,21.55,22.45,22.0,21.44,4.1,0.2969,0.3404,0.0034,-0.0955,1.3563,21.7073,25.9,2,68
MSFT270416P00570000,MSFT,2027-04-16,204,P,570.0,15.19,494.838,84.5,87.35,85.925,0.0,3.3,0.2907,-0.7042,0.0038,-0.102,1.2461,83.4343,74.4,0,0
MSFT270416C00575000,MSFT,2027-04-16,204,C,575.0,16.2,494.838,20.35,21.35,20.85,20.64,4.8,0.2977,0.3262,0.0033,-0.094,1.3337,20.5793,24.7,1,312
MSFT270416P00575000,MSFT,2027-04-16,204,P,575.0,16.2,494.838,88.9,91.1,90.0,91.9,2.4,0.2925,-0.7205,0.0038,-0.1005,1.215,87.3416,75.6,0,1
MSFT270416C00580000,MSFT,2027-04-16,204,C,580.0,17.21,494.838,19.05,20.2,19.625,18.98,5.9,0.2974,0.3123,0.0032,-0.0924,1.31,19.3646,23.4,0,183
MSFT270416P00580000,MSFT,2027-04-16,204,P,580.0,17.21,494.838,92.3,95.0,93.65,0.0,2.9,0.29,-0.7367,0.0038,-0.099,1.1716,90.7458,77.0,0,0
MSFT270416C00585000,MSFT,2027-04-16,204,C,585.0,18.22,494.838,18.0,18.8,18.4,19.84,4.3,0.2966,0.2989,0.0032,-0.0907,1.2856,18.1459,22.2,0,282
MSFT270416P00585000,MSFT,2027-04-16,204,P,585.0,18.22,494.838,96.3,99.2,97.75,0.0,3.0,0.2907,-0.7526,0.0037,-0.0974,1.1212,94.6265,78.1,0,0
MSFT270416C00600000,MSFT,2027-04-16,204,C,600.0,21.25,494.838,15.0,15.8,15.4,15.5,5.2,0.297,0.261,0.003,-0.0851,1.2052,15.1777,19.0,21,203
MSFT270416P00600000,MSFT,2027-04-16,204,P,600.0,21.25,494.838,108.85,112.1,110.475,107.0,2.9,0.2939,-0.798,0.0036,-0.0928,1.0116,106.7071,81.2,0,12
