contract,ticker,expiry,dte,type,strike,moneyness_pct,spot,bid,ask,mid,last,spread_pct,iv,delta,gamma,theta,vega,theo,prob_itm,volume,oi
GOOGL261016C00260000,GOOGL,2026-10-16,18,C,260.0,-24.14,342.75,81.5,85.3,83.4,80.96,4.6,0.672122419433594,0.97376,0.00119,-0.11389,0.04633,83.8005,96.3,2,155
GOOGL261016C00265000,GOOGL,2026-10-16,18,C,265.0,-22.68,342.75,76.5,80.3,78.4,76.24,4.8,0.632816171875,0.97226,0.00132,-0.11319,0.04853,78.8104,96.2,3,57
GOOGL261016C00270000,GOOGL,2026-10-16,18,C,270.0,-21.23,342.75,71.55,75.4,73.475,71.96,5.2,0.6064492480468751,0.9681,0.00155,-0.12007,0.0545,73.886,95.7,2,152
GOOGL261016C00275000,GOOGL,2026-10-16,18,C,275.0,-19.77,342.75,66.55,70.4,68.475,82.69,5.6,0.567387138671875,0.96611,0.00174,-0.119,0.05727,68.8954,95.5,5,377
GOOGL261016C00280000,GOOGL,2026-10-16,18,C,280.0,-18.31,342.75,62.1,64.7,63.4,60.56,4.1,0.51758294921875,0.96667,0.00188,-0.11055,0.0565,63.8398,95.7,1,252
GOOGL261016C00285000,GOOGL,2026-10-16,18,C,285.0,-16.85,342.75,56.7,60.5,58.6,77.25,6.5,0.506840869140625,0.95665,0.00238,-0.12802,0.07,59.0242,94.5,1,370
GOOGL261016C00290000,GOOGL,2026-10-16,18,C,290.0,-15.39,342.75,51.75,55.2,53.475,52.69,6.5,0.6096230444335939,0.90603,0.00361,-0.24405,0.12761,55.4795,88.1,6,342
GOOGL261016C00295000,GOOGL,2026-10-16,18,C,295.0,-13.93,342.75,46.85,50.6,48.725,50.47,7.7,0.589969920654297,0.88984,0.00419,-0.26265,0.14327,50.8599,86.3,2,171
GOOGL261016C00300000,GOOGL,2026-10-16,18,C,300.0,-12.47,342.75,42.4,44.9,43.65,43.08,5.7,0.497197410888672,0.89966,0.00465,-0.21378,0.13391,45.2262,87.9,27,964
GOOGL261016C00305000,GOOGL,2026-10-16,18,C,305.0,-11.01,342.75,37.45,40.2,38.825,37.05,7.1,0.47095255615234377,0.88237,0.0055,-0.22511,0.15013,40.5129,86.0,1,216
GOOGL261016C00310000,GOOGL,2026-10-16,18,C,310.0,-9.56,342.75,32.65,35.9,34.275,34.35,9.5,0.4631401342773438,0.85247,0.00654,-0.25385,0.17551,36.1722,82.7,31,561
GOOGL261016C00315000,GOOGL,2026-10-16,18,C,315.0,-8.1,342.75,28.2,31.1,29.65,29.64,9.8,0.42383388671875,0.83274,0.00776,-0.25225,0.19061,31.3707,80.8,1,497
GOOGL261016C00320000,GOOGL,2026-10-16,18,C,320.0,-6.64,342.75,23.3,26.45,24.875,24.84,12.7,0.3890441955566406,0.80538,0.0093,-0.25384,0.20961,26.7084,78.1,79,1732
GOOGL261016C00322500,GOOGL,2026-10-16,18,C,322.5,-5.91,342.75,22.05,24.2,23.125,20.44,9.3,0.3736024554443359,0.78793,0.01019,-0.25588,0.22063,24.4499,76.3,0,0
GOOGL261016C00325000,GOOGL,2026-10-16,18,C,325.0,-5.18,342.75,20.35,22.3,21.325,20.28,9.1,0.37103900451660154,0.7613,0.01097,-0.26928,0.23592,22.522,73.5,18,1598
GOOGL261016C00327500,GOOGL,2026-10-16,18,C,327.5,-4.45,342.75,18.45,20.2,19.325,17.6,9.1,0.35822174987792965,0.73784,0.01195,-0.27219,0.24794,20.407,71.1,14,79
GOOGL261016C00330000,GOOGL,2026-10-16,18,C,330.0,-3.72,342.75,16.45,18.15,17.3,16.8,9.8,0.3454655297851562,0.71165,0.01298,-0.27408,0.25985,18.3408,68.5,35,3242
GOOGL261016C00332500,GOOGL,2026-10-16,18,C,332.5,-2.99,342.75,14.9,17.0,15.95,13.85,13.2,0.362311064453125,0.67079,0.01312,-0.30047,0.27538,17.1383,64.1,5,78
GOOGL261016C00335000,GOOGL,2026-10-16,18,C,335.0,-2.26,342.75,13.2,14.45,13.825,13.9,9.0,0.32770447692871096,0.6472,0.01489,-0.28009,0.28274,14.5985,62.0,35,2353
GOOGL261016C00337500,GOOGL,2026-10-16,18,C,337.5,-1.53,342.75,12.0,12.8,12.4,11.0,6.5,0.3216010223388671,0.61006,0.01567,-0.28237,0.29202,12.9227,58.2,8,120
GOOGL261016C00340000,GOOGL,2026-10-16,18,C,340.0,-0.8,342.75,10.75,11.55,11.15,10.89,7.2,0.32556826782226556,0.5694,0.01585,-0.29056,0.29905,11.6389,54.1,346,7170
GOOGL261016C00342500,GOOGL,2026-10-16,18,C,342.5,-0.07,342.75,9.5,10.15,9.825,9.3,6.6,0.3214789532470703,0.52931,0.01626,-0.28919,0.30283,10.216,50.1,201,589
GOOGL261016C00345000,GOOGL,2026-10-16,18,C,345.0,0.66,342.75,8.3,8.65,8.475,8.3,4.1,0.3110420458984374,0.48738,0.01684,-0.27958,0.3035,8.7003,46.0,561,5869
GOOGL261016C00347500,GOOGL,2026-10-16,18,C,347.5,1.39,342.75,7.25,7.6,7.425,6.9,4.7,0.3117744604492187,0.44604,0.01666,-0.27648,0.30087,7.6264,41.9,144,246
GOOGL261016C00350000,GOOGL,2026-10-16,18,C,350.0,2.12,342.75,5.8,6.5,6.15,6.4,11.4,0.30762411132812495,0.40386,0.01654,-0.26636,0.29479,6.5092,37.8,3358,9487
GOOGL261016C00352500,GOOGL,2026-10-16,18,C,352.5,2.84,342.75,5.35,5.7,5.525,5.6,6.3,0.31024859680175776,0.36541,0.01592,-0.25975,0.2862,5.6909,34.0,38,168
GOOGL261016C00355000,GOOGL,2026-10-16,18,C,355.0,3.57,342.75,4.65,4.9,4.775,4.81,5.2,0.30982135498046875,0.32732,0.01531,-0.24821,0.27474,4.8775,30.3,853,6949
GOOGL261016C00357500,GOOGL,2026-10-16,18,C,357.5,4.3,342.75,3.9,4.85,4.375,3.9,21.7,0.3339300006103516,0.30695,0.01382,-0.25901,0.26737,4.8028,28.1,279,803
GOOGL261016C00360000,GOOGL,2026-10-16,18,C,360.0,5.03,342.75,3.4,3.55,3.475,3.5,4.3,0.3086616986083984,0.25678,0.01372,-0.21958,0.2453,3.5085,23.5,4419,15767
GOOGL261016C00362500,GOOGL,2026-10-16,18,C,362.5,5.76,342.75,2.4,3.2,2.8,2.77,28.6,0.31690136230468746,0.23182,0.01264,-0.21271,0.23214,3.1493,21.1,96,180
GOOGL261016C00365000,GOOGL,2026-10-16,18,C,365.0,6.49,342.75,2.48,2.8,2.64,2.72,12.1,0.3208686077880859,0.20629,0.01168,-0.20092,0.21707,2.743,18.7,664,8283
GOOGL261016C00367500,GOOGL,2026-10-16,18,C,367.5,7.22,342.75,2.01,2.62,2.315,2.18,26.3,0.33301448242187504,0.18966,0.01069,-0.1977,0.20632,2.5554,17.0,53,173
GOOGL261016C00370000,GOOGL,2026-10-16,18,C,370.0,7.95,342.75,1.8,1.9,1.85,1.85,5.4,0.31592480957031244,0.15216,0.00979,-0.16274,0.17916,1.8435,13.6,2143,33512
GOOGL261016C00372500,GOOGL,2026-10-16,18,C,372.5,8.68,342.75,1.04,1.99,1.515,1.51,62.7,0.3391789715576171,0.14889,0.00899,-0.17176,0.17659,1.9224,13.2,407,63
GOOGL261016C00375000,GOOGL,2026-10-16,18,C,375.0,9.41,342.75,1.24,1.48,1.36,1.36,17.6,0.3267889587402344,0.11986,0.00804,-0.14245,0.15214,1.4221,10.6,1198,69611
GOOGL261016C00380000,GOOGL,2026-10-16,18,C,380.0,10.87,342.75,0.97,1.23,1.1,1.0,23.6,0.3425358715820312,0.09812,0.00664,-0.1289,0.13174,1.1695,8.6,4248,10798
GOOGL261016C00385000,GOOGL,2026-10-16,18,C,385.0,12.33,342.75,0.65,0.81,0.73,0.74,21.9,0.3382634533691406,0.06895,0.00515,-0.09742,0.10102,0.7607,6.0,1010,6406
GOOGL261016C00390000,GOOGL,2026-10-16,18,C,390.0,13.79,342.75,0.57,0.6,0.585,0.59,5.1,0.3442448388671875,0.05205,0.00406,-0.07939,0.08105,0.5575,4.4,5924,10066
GOOGL261016C00395000,GOOGL,2026-10-16,18,C,395.0,15.24,342.75,0.44,0.49,0.465,0.44,10.8,0.35645174804687496,0.042,0.0033,-0.06909,0.06824,0.4503,3.5,220,2099
GOOGL261016C00400000,GOOGL,2026-10-16,18,C,400.0,16.7,342.75,0.35,0.38,0.365,0.37,8.2,0.3645083081054688,0.03264,0.00263,-0.05741,0.05553,0.3449,2.7,2775,22077
GOOGL261016C00405000,GOOGL,2026-10-16,18,C,405.0,18.16,342.75,0.23,0.33,0.28,0.28,35.7,0.37915659912109373,0.02765,0.0022,-0.05198,0.04839,0.2969,2.3,24,2567
GOOGL261016C00410000,GOOGL,2026-10-16,18,C,410.0,19.62,342.75,0.15,0.32,0.235,0.25,72.3,0.39990834472656256,0.02554,0.00196,-0.05125,0.0453,0.2859,2.1,338,33026
GOOGL261016C00415000,GOOGL,2026-10-16,18,C,415.0,21.08,342.75,0.17,0.32,0.245,0.2,61.2,0.42212491943359376,0.02427,0.00177,-0.05177,0.0434,0.2844,1.9,727,2366
GOOGL261016C00420000,GOOGL,2026-10-16,18,C,420.0,22.54,342.75,0.15,0.23,0.19,0.16,42.1,0.42236905761718746,0.01791,0.00137,-0.04001,0.03354,0.2022,1.4,21,9056
GOOGL261016C00425000,GOOGL,2026-10-16,18,C,425.0,24.0,342.75,0.08,0.21,0.145,0.14,89.7,0.4370173486328125,0.01588,0.0012,-0.03732,0.03027,0.1827,1.2,172,5462
GOOGL261016P00260000,GOOGL,2026-10-16,18,P,260.0,-24.14,342.75,0.04,0.17,0.105,0.11,123.8,0.5117236328125,-0.00611,0.00044,-0.01846,0.01315,0.0794,0.8,1,961
GOOGL261016P00265000,GOOGL,2026-10-16,18,P,265.0,-22.68,342.75,0.02,0.28,0.15,0.11,173.3,0.5029346582031251,-0.00873,0.00062,-0.02482,0.01801,0.1156,1.2,6,2236
GOOGL261016P00270000,GOOGL,2026-10-16,18,P,270.0,-21.23,342.75,0.12,0.17,0.145,0.15,34.5,0.47852083984375,-0.01026,0.00075,-0.02717,0.02074,0.1313,1.4,251,4345
GOOGL261016P00275000,GOOGL,2026-10-16,18,P,275.0,-19.77,342.75,0.1,0.42,0.26,0.14,123.1,0.5136767382812499,-0.02248,0.00137,-0.05718,0.04069,0.3407,2.9,2,3904
GOOGL261016P00280000,GOOGL,2026-10-16,18,P,280.0,-18.31,342.75,0.12,0.34,0.23,0.17,95.7,0.4611870288085938,-0.02043,0.0014,-0.04728,0.03753,0.2734,2.6,20,2200
GOOGL261016P00285000,GOOGL,2026-10-16,18,P,285.0,-16.85,342.75,0.24,0.34,0.29,0.24,34.5,0.42676354492187507,-0.02195,0.00161,-0.04641,0.03987,0.2736,2.7,11,3472
GOOGL261016P00290000,GOOGL,2026-10-16,18,P,290.0,-15.39,342.75,0.27,0.32,0.295,0.3,16.9,0.3881897119140625,-0.0225,0.00181,-0.04303,0.04072,0.2552,2.8,133,4964
GOOGL261016P00295000,GOOGL,2026-10-16,18,P,295.0,-13.93,342.75,0.34,0.45,0.395,0.37,27.8,0.37720349365234374,-0.03169,0.00248,-0.05556,0.0542,0.3659,3.8,15,4826
GOOGL261016P00300000,GOOGL,2026-10-16,18,P,300.0,-12.47,342.75,0.39,0.56,0.475,0.48,35.8,0.35742830078125,-0.04068,0.00321,-0.06443,0.06649,0.4611,4.8,236,7408
GOOGL261016P00305000,GOOGL,2026-10-16,18,P,305.0,-11.01,342.75,0.59,0.72,0.655,0.63,19.8,0.3391179370117187,-0.05333,0.00421,-0.07577,0.08264,0.5983,6.2,841,3515
GOOGL261016P00310000,GOOGL,2026-10-16,18,P,310.0,-9.56,342.75,0.85,0.94,0.895,0.86,10.1,0.3217841259765625,-0.07095,0.00554,-0.08955,0.10326,0.7927,8.1,598,6693
GOOGL261016P00315000,GOOGL,2026-10-16,18,P,315.0,-8.1,342.75,1.17,1.33,1.25,1.26,12.8,0.3106758386230468,-0.09908,0.00737,-0.11065,0.13268,1.1396,11.2,912,6216
GOOGL261016P00317500,GOOGL,2026-10-16,18,P,317.5,-7.37,342.75,1.2,1.57,1.385,1.39,26.7,0.304694453125,-0.11625,0.00843,-0.12149,0.14888,1.3564,13.0,14,43
GOOGL261016P00320000,GOOGL,2026-10-16,18,P,320.0,-6.64,342.75,1.68,1.87,1.775,1.86,10.7,0.29968962036132807,-0.13678,0.0096,-0.1335,0.16675,1.6286,15.2,586,10239
GOOGL261016P00322500,GOOGL,2026-10-16,18,P,322.5,-5.91,342.75,1.86,2.3,2.08,2.24,21.2,0.2985909985351562,-0.16322,0.01085,-0.14926,0.18762,2.0226,18.0,145,55
GOOGL261016P00325000,GOOGL,2026-10-16,18,P,325.0,-5.18,342.75,2.33,2.83,2.58,2.68,19.4,0.29871306762695304,-0.19365,0.01208,-0.16584,0.20897,2.5141,21.2,407,7359
GOOGL261016P00327500,GOOGL,2026-10-16,18,P,327.5,-4.45,342.75,3.0,3.6,3.3,3.35,18.2,0.30512169494628905,-0.23126,0.01311,-0.18745,0.23183,3.2349,25.2,137,1770
GOOGL261016P00330000,GOOGL,2026-10-16,18,P,330.0,-3.72,342.75,3.65,4.15,3.9,3.85,12.8,0.29883513671874995,-0.26299,0.01434,-0.19586,0.24834,3.7538,28.5,505,9656
GOOGL261016P00332500,GOOGL,2026-10-16,18,P,332.5,-2.99,342.75,4.35,5.0,4.675,4.55,13.9,0.30060513854980464,-0.30232,0.01525,-0.20989,0.26556,4.5614,32.6,441,570
GOOGL261016P00335000,GOOGL,2026-10-16,18,P,335.0,-2.26,342.75,5.25,5.85,5.55,5.4,10.8,0.29871306762695304,-0.34175,0.01615,-0.21844,0.27944,5.3732,36.6,114,3896
GOOGL261016P00337500,GOOGL,2026-10-16,18,P,337.5,-1.53,342.75,6.05,7.45,6.75,6.5,20.7,0.31836619140624994,-0.38913,0.01582,-0.24272,0.29185,6.9132,41.6,414,1733
GOOGL261016P00340000,GOOGL,2026-10-16,18,P,340.0,-0.8,342.75,7.2,8.0,7.6,7.55,10.5,0.2997506549072265,-0.42703,0.01719,-0.23174,0.29856,7.4474,45.3,309,10247
GOOGL261016P00342500,GOOGL,2026-10-16,18,P,342.5,-0.07,342.75,8.25,9.0,8.625,8.75,8.7,0.29267064758300776,-0.47048,0.01786,-0.22759,0.30282,8.4187,49.6,76,629
GOOGL261016P00345000,GOOGL,2026-10-16,18,P,345.0,0.66,342.75,9.75,10.2,9.975,10.09,4.5,0.2885813330078124,-0.51566,0.01815,-0.2228,0.30342,9.5888,54.1,401,7777
GOOGL261016P00347500,GOOGL,2026-10-16,18,P,347.5,1.39,342.75,11.15,11.8,11.475,11.45,5.7,0.29395237304687494,-0.55882,0.01764,-0.22303,0.30035,11.1559,58.4,122,1240
GOOGL261016P00350000,GOOGL,2026-10-16,18,P,350.0,2.12,342.75,12.65,13.5,13.075,13.1,6.5,0.2993844476318359,-0.59945,0.01696,-0.22072,0.29417,12.8268,62.5,251,6478
GOOGL261016P00352500,GOOGL,2026-10-16,18,P,352.5,2.84,342.75,14.05,16.0,15.025,14.65,13.0,0.3290472369384765,-0.62564,0.01513,-0.23849,0.28847,15.2864,65.3,20,364
GOOGL261016P00355000,GOOGL,2026-10-16,18,P,355.0,3.57,342.75,15.65,17.8,16.725,16.35,12.9,0.3328313787841797,-0.65964,0.01447,-0.2313,0.27901,17.0652,68.6,27,2933
GOOGL261016P00357500,GOOGL,2026-10-16,18,P,357.5,4.3,342.75,17.65,19.6,18.625,18.87,10.5,0.33399103515625,-0.69301,0.01382,-0.21997,0.26738,18.8499,71.9,3,160
GOOGL261016P00360000,GOOGL,2026-10-16,18,P,360.0,5.03,342.75,19.65,22.05,20.85,20.38,11.5,0.3570010589599609,-0.7105,0.01259,-0.22914,0.26033,21.2734,73.7,20,2529
GOOGL261016P00362500,GOOGL,2026-10-16,18,P,362.5,5.76,342.75,20.5,22.85,21.675,21.25,10.8,0.3127510131835937,-0.77141,0.01271,-0.1687,0.23032,22.0889,79.2,2,134
GOOGL261016P00365000,GOOGL,2026-10-16,18,P,365.0,6.49,342.75,23.05,26.2,24.625,24.15,12.8,0.370123486328125,-0.75808,0.01108,-0.21307,0.23765,25.3964,78.3,9,1409
GOOGL261016P00367500,GOOGL,2026-10-16,18,P,367.5,7.22,342.75,25.3,27.8,26.55,25.42,9.4,0.3529117443847656,-0.79539,0.01057,-0.17892,0.21601,27.0015,81.7,1,3
GOOGL261016P00370000,GOOGL,2026-10-16,18,P,370.0,7.95,342.75,27.4,30.35,28.875,29.58,10.2,0.3754945263671875,-0.80292,0.00971,-0.18691,0.21121,29.5327,82.5,6,1017
GOOGL261016P00372500,GOOGL,2026-10-16,18,P,372.5,8.68,342.75,29.7,32.3,31.0,36.73,8.4,0.36865865722656255,-0.82937,0.00904,-0.16311,0.19307,31.4839,84.9,1,13
GOOGL261016P00375000,GOOGL,2026-10-16,18,P,375.0,9.41,342.75,31.35,34.8,33.075,33.12,10.4,0.38733522827148437,-0.83634,0.00838,-0.16708,0.18795,33.9681,85.7,9,475
GOOGL261016P00380000,GOOGL,2026-10-16,18,P,380.0,10.87,342.75,36.6,39.55,38.075,38.34,7.7,0.4100400793457031,-0.85675,0.00724,-0.15956,0.17207,38.7023,87.6,9,2549
GOOGL261016P00385000,GOOGL,2026-10-16,18,P,385.0,12.33,342.75,41.05,44.25,42.65,44.78,7.5,0.42639733764648446,-0.87686,0.00628,-0.14596,0.15505,43.3911,89.5,1,320
GOOGL261016P00390000,GOOGL,2026-10-16,18,P,390.0,13.79,342.75,46.7,49.4,48.05,49.2,5.6,0.4683891052246094,-0.87913,0.00564,-0.16078,0.15304,48.5139,89.9,13,420
GOOGL261016P00395000,GOOGL,2026-10-16,18,P,395.0,15.24,342.75,51.55,54.35,52.95,52.5,5.3,0.49695327270507816,-0.88736,0.00506,-0.16176,0.14557,53.4465,90.7,43,703
GOOGL261016P00400000,GOOGL,2026-10-16,18,P,400.0,16.7,342.75,55.65,59.35,57.5,58.55,6.4,0.5277146838378908,-0.893,0.00459,-0.16572,0.1403,58.4278,91.3,49,2690
GOOGL261016P00405000,GOOGL,2026-10-16,18,P,405.0,18.16,342.75,60.65,64.35,62.5,48.8,5.9,0.5576216113281252,-0.89793,0.0042,-0.16934,0.13559,63.4099,91.8,7,0
GOOGL261016P00410000,GOOGL,2026-10-16,18,P,410.0,19.62,342.75,65.6,69.3,67.45,71.73,5.5,0.5831340515136718,-0.9038,0.00384,-0.16888,0.12984,68.3456,92.4,2,6
GOOGL261016P00415000,GOOGL,2026-10-16,18,P,415.0,21.08,342.75,70.6,74.35,72.475,73.09,5.2,0.6152382226562501,-0.90612,0.00358,-0.17586,0.12752,73.3774,92.7,1,6
GOOGL261016P00420000,GOOGL,2026-10-16,18,P,420.0,22.54,342.75,75.6,79.35,77.475,78.13,4.8,0.6429479064941408,-0.90961,0.00333,-0.17871,0.124,78.3611,93.1,2,2
GOOGL261016P00425000,GOOGL,2026-10-16,18,P,425.0,24.0,342.75,80.6,84.35,82.475,78.51,4.5,0.670047244873047,-0.91274,0.00311,-0.18139,0.12078,83.3456,93.4,19,0
GOOGL261023C00270000,GOOGL,2026-10-23,25,C,270.0,-21.23,342.75,71.8,75.75,73.775,68.7,5.4,0.5554243676757813,0.95844,0.00178,-0.11643,0.07974,74.3764,94.4,0,1
GOOGL261023C00275000,GOOGL,2026-10-23,25,C,275.0,-19.77,342.75,66.85,70.75,68.8,68.83,5.7,0.5229539892578124,0.95521,0.00201,-0.11687,0.08471,69.411,94.1,0,2
GOOGL261023C00280000,GOOGL,2026-10-23,25,C,280.0,-18.31,342.75,61.9,65.9,63.9,73.0,6.3,0.6452672192382812,0.90287,0.00297,-0.22552,0.15411,66.3592,87.1,6,6
GOOGL261023C00285000,GOOGL,2026-10-23,25,C,285.0,-16.85,342.75,57.05,60.8,58.925,67.4,6.4,0.5976602734375001,0.89891,0.0033,-0.21672,0.15868,61.279,86.8,1,2
GOOGL261023C00290000,GOOGL,2026-10-23,25,C,290.0,-15.39,342.75,52.15,55.9,54.025,51.7,6.9,0.5618940295410157,0.89039,0.00372,-0.21633,0.16824,56.3843,86.0,2,1
GOOGL261023C00295000,GOOGL,2026-10-23,25,C,295.0,-13.93,342.75,47.45,50.1,48.775,47.55,5.4,0.4757132507324219,0.90135,0.00407,-0.1766,0.15587,50.6521,87.8,1,11
GOOGL261023C00300000,GOOGL,2026-10-23,25,C,300.0,-12.47,342.75,43.25,45.9,44.575,44.38,5.9,0.47913118530273435,0.8743,0.00481,-0.20539,0.18538,46.4094,84.7,31,205
GOOGL261023C00305000,GOOGL,2026-10-23,25,C,305.0,-11.01,342.75,38.35,41.5,39.925,38.0,7.9,0.4655204815673829,0.85111,0.00556,-0.22113,0.20812,41.9829,82.1,10,4
GOOGL261023C00310000,GOOGL,2026-10-23,25,C,310.0,-9.56,342.75,34.0,36.95,35.475,35.5,8.3,0.44135080139160154,0.82918,0.00641,-0.22803,0.22769,37.4178,79.8,1,16
GOOGL261023C00315000,GOOGL,2026-10-23,25,C,315.0,-8.1,342.75,28.75,32.5,30.625,30.93,12.2,0.4180356048583984,0.80274,0.0074,-0.23476,0.24905,32.9481,77.1,1,16
GOOGL261023C00320000,GOOGL,2026-10-23,25,C,320.0,-6.64,342.75,24.8,28.3,26.55,24.24,13.2,0.39990834472656256,0.76875,0.00849,-0.24424,0.27321,28.7164,73.6,2,247
GOOGL261023C00325000,GOOGL,2026-10-23,25,C,325.0,-5.18,342.75,22.1,23.7,22.9,24.32,7.0,0.3640200317382813,0.73714,0.00999,-0.23807,0.2926,24.1065,70.5,11,85
GOOGL261023C00330000,GOOGL,2026-10-23,25,C,330.0,-3.72,342.75,17.4,19.65,18.525,18.36,12.1,0.3416203533935547,0.69123,0.01149,-0.23961,0.31591,20.0201,65.9,9,251
GOOGL261023C00335000,GOOGL,2026-10-23,25,C,335.0,-2.26,342.75,14.45,16.2,15.325,14.9,11.4,0.3306341351318359,0.63278,0.0127,-0.24537,0.33785,16.5195,60.0,9,309
GOOGL261023C00340000,GOOGL,2026-10-23,25,C,340.0,-0.8,342.75,12.25,14.0,13.125,12.78,13.3,0.34613690979003897,0.56532,0.01268,-0.26408,0.35305,14.2435,52.9,87,925
GOOGL261023C00345000,GOOGL,2026-10-23,25,C,345.0,0.66,342.75,9.65,10.75,10.2,10.2,10.8,0.32349309326171866,0.49897,0.01375,-0.24907,0.35786,10.9537,46.5,84,1478
GOOGL261023C00350000,GOOGL,2026-10-23,25,C,350.0,2.12,342.75,7.75,8.2,7.975,8.02,5.6,0.3108589422607422,0.42742,0.01407,-0.23393,0.35192,8.3564,39.6,95,1109
GOOGL261023C00355000,GOOGL,2026-10-23,25,C,355.0,3.57,342.75,5.3,6.7,6.0,5.93,23.3,0.31854929504394525,0.36442,0.01315,-0.22764,0.33699,6.8065,33.4,52,610
GOOGL261023C00360000,GOOGL,2026-10-23,25,C,360.0,5.03,342.75,4.45,5.15,4.8,4.85,14.6,0.31629101684570304,0.30198,0.01229,-0.20865,0.31281,5.221,27.4,1367,2065
GOOGL261023C00365000,GOOGL,2026-10-23,25,C,365.0,6.49,342.75,3.6,4.55,4.075,3.55,23.3,0.33704276245117193,0.26178,0.01077,-0.20615,0.29198,4.5865,23.4,131,545
GOOGL261023C00370000,GOOGL,2026-10-23,25,C,370.0,7.95,342.75,2.72,3.0,2.86,2.87,9.8,0.3169623968505859,0.1983,0.0098,-0.1655,0.24984,3.0202,17.6,214,1915
GOOGL261023C00375000,GOOGL,2026-10-23,25,C,375.0,9.41,342.75,2.08,2.47,2.275,2.0,17.1,0.3275213732910156,0.16496,0.00845,-0.15176,0.22263,2.473,14.5,410,864
GOOGL261023C00380000,GOOGL,2026-10-23,25,C,380.0,10.87,342.75,1.55,2.0,1.775,1.54,25.4,0.33563896789550784,0.1358,0.00724,-0.13615,0.19555,1.9914,11.8,530,1180
GOOGL261023C00385000,GOOGL,2026-10-23,25,C,385.0,12.33,342.75,1.16,1.58,1.37,1.18,30.7,0.34107104248046877,0.10993,0.00614,-0.11896,0.16859,1.5646,9.4,206,1496
GOOGL261023C00390000,GOOGL,2026-10-23,25,C,390.0,13.79,342.75,0.82,1.12,0.97,1.0,30.9,0.3375310388183594,0.08275,0.00504,-0.09534,0.1368,1.1035,7.0,168,1503
GOOGL261023C00395000,GOOGL,2026-10-23,25,C,395.0,15.24,342.75,0.7,0.88,0.79,0.7,22.8,0.3430241479492187,0.06615,0.00418,-0.08149,0.1153,0.8612,5.5,39,403
GOOGL261023C00400000,GOOGL,2026-10-23,25,C,400.0,16.7,342.75,0.54,0.84,0.69,0.6,43.5,0.36255520263671875,0.06038,0.00368,-0.08005,0.10739,0.8166,5.0,180,1070
GOOGL261023C00405000,GOOGL,2026-10-23,25,C,405.0,18.16,342.75,0.31,0.6,0.455,0.41,63.7,0.36035795898437495,0.0452,0.00294,-0.06313,0.08532,0.5805,3.7,30,100
GOOGL261023C00410000,GOOGL,2026-10-23,25,C,410.0,19.62,342.75,0.3,0.53,0.415,0.36,55.4,0.37256486816406253,0.03916,0.00253,-0.05802,0.07597,0.5085,3.2,23,566
GOOGL261023C00415000,GOOGL,2026-10-23,25,C,415.0,21.08,342.75,0.14,0.74,0.44,0.34,136.4,0.4177304321289062,0.04747,0.00264,-0.07586,0.08875,0.7083,3.8,22,72
GOOGL261023C00420000,GOOGL,2026-10-23,25,C,420.0,22.54,342.75,0.24,0.51,0.375,0.22,72.0,0.4096738720703125,0.03464,0.00208,-0.05756,0.06873,0.4845,2.7,44,464
GOOGL261023C00425000,GOOGL,2026-10-23,25,C,425.0,24.0,342.75,0.11,0.48,0.295,0.23,125.4,0.42456630126953127,0.03176,0.00187,-0.05548,0.06399,0.4543,2.5,15,252
GOOGL261023P00260000,GOOGL,2026-10-23,25,P,260.0,-24.14,342.75,0.01,0.4,0.205,0.13,190.2,0.5288133056640626,-0.01851,0.00096,-0.04228,0.04066,0.3346,2.6,14,26
GOOGL261023P00265000,GOOGL,2026-10-23,25,P,265.0,-22.68,342.75,0.01,0.46,0.235,0.17,191.5,0.5092822509765625,-0.02183,0.00114,-0.04677,0.04676,0.3875,3.0,3,32
GOOGL261023P00270000,GOOGL,2026-10-23,25,P,270.0,-21.23,342.75,0.01,0.26,0.135,0.19,185.2,0.43555251953125,-0.01485,0.00096,-0.02876,0.03368,0.2134,2.0,2,37
GOOGL261023P00275000,GOOGL,2026-10-23,25,P,275.0,-19.77,342.75,0.06,0.27,0.165,0.22,127.3,0.40869731933593745,-0.01626,0.00111,-0.02912,0.0364,0.2211,2.1,15,63
GOOGL261023P00280000,GOOGL,2026-10-23,25,P,280.0,-18.31,342.75,0.01,0.6,0.305,0.29,193.4,0.43604079589843747,-0.03194,0.00183,-0.0548,0.06428,0.5085,4.1,2,69
GOOGL261023P00285000,GOOGL,2026-10-23,25,P,285.0,-16.85,342.75,0.1,0.63,0.365,0.34,145.2,0.40796490478515623,-0.03537,0.00213,-0.05565,0.06991,0.5334,4.5,3,484
GOOGL261023P00290000,GOOGL,2026-10-23,25,P,290.0,-15.39,342.75,0.38,0.5,0.44,0.43,27.3,0.35962554443359374,-0.03203,0.00223,-0.04509,0.06443,0.4176,3.9,63,189
GOOGL261023P00295000,GOOGL,2026-10-23,25,P,295.0,-13.93,342.75,0.47,0.73,0.6,0.55,43.3,0.3552310571289062,-0.04554,0.003,-0.05922,0.08585,0.6187,5.5,78,3851
GOOGL261023P00300000,GOOGL,2026-10-23,25,P,300.0,-12.47,342.75,0.73,0.96,0.845,0.76,27.2,0.3437565625,-0.05983,0.00385,-0.07096,0.10662,0.8223,7.1,205,3141
GOOGL261023P00305000,GOOGL,2026-10-23,25,P,305.0,-11.01,342.75,1.01,1.15,1.08,1.05,13.0,0.3244696459960937,-0.07369,0.0048,-0.07842,0.12528,0.9906,8.6,77,692
GOOGL261023P00310000,GOOGL,2026-10-23,25,P,310.0,-9.56,342.75,1.36,1.93,1.645,1.54,34.7,0.33618827880859375,-0.11188,0.00631,-0.11041,0.17074,1.6982,13.0,88,3718
GOOGL261023P00315000,GOOGL,2026-10-23,25,P,315.0,-8.1,342.75,1.82,2.39,2.105,1.97,27.1,0.3200751586914062,-0.13952,0.00773,-0.12204,0.19919,2.1172,15.9,69,1669
GOOGL261023P00320000,GOOGL,2026-10-23,25,P,320.0,-6.64,342.75,2.48,3.0,2.74,2.6,19.0,0.3051827294921875,-0.17512,0.00942,-0.13432,0.23133,2.6799,19.6,95,1876
GOOGL261023P00325000,GOOGL,2026-10-23,25,P,325.0,-5.18,342.75,3.55,4.1,3.825,3.8,14.4,0.3016427258300781,-0.2273,0.01115,-0.15429,0.27058,3.7052,25.2,150,1785
GOOGL261023P00330000,GOOGL,2026-10-23,25,P,330.0,-3.72,342.75,5.0,5.6,5.3,5.2,11.3,0.3016427258300781,-0.28966,0.01264,-0.1737,0.30688,5.1213,31.7,265,1240
GOOGL261023P00335000,GOOGL,2026-10-23,25,P,335.0,-2.26,342.75,6.05,7.4,6.725,7.01,20.1,0.30048306945800785,-0.35756,0.01385,-0.18702,0.3348,6.8387,38.7,48,761
GOOGL261023P00340000,GOOGL,2026-10-23,25,P,340.0,-0.8,342.75,8.0,10.0,9.0,8.91,22.2,0.3115913568115234,-0.43126,0.01406,-0.20247,0.35253,9.3445,46.4,69,660
GOOGL261023P00345000,GOOGL,2026-10-23,25,P,345.0,0.66,342.75,10.4,11.85,11.125,11.64,13.0,0.2919992675781249,-0.50461,0.01523,-0.1888,0.35783,11.1328,53.5,6,394
GOOGL261023P00350000,GOOGL,2026-10-23,25,P,350.0,2.12,342.75,13.1,15.85,14.475,14.0,19.0,0.3221503332519531,-0.56892,0.0136,-0.2041,0.35251,15.0465,60.2,35,597
GOOGL261023P00355000,GOOGL,2026-10-23,25,P,355.0,3.57,342.75,16.45,19.35,17.9,18.35,16.2,0.3303289624023437,-0.62979,0.01274,-0.19812,0.33875,18.4833,66.2,2,242
GOOGL261023P00360000,GOOGL,2026-10-23,25,P,360.0,5.03,342.75,20.0,22.95,21.475,21.11,13.7,0.3336248278808594,-0.68699,0.01184,-0.18383,0.31779,22.0327,71.7,163,156
GOOGL261023P00365000,GOOGL,2026-10-23,25,P,365.0,6.49,342.75,23.55,27.1,25.325,25.32,14.0,0.3472355316162109,-0.73123,0.01059,-0.17518,0.29592,26.1376,76.0,2,63
GOOGL261023P00370000,GOOGL,2026-10-23,25,P,370.0,7.95,342.75,27.6,31.3,29.45,30.05,12.6,0.356878989868164,-0.77127,0.00946,-0.16152,0.27153,30.3005,79.9,24,32
GOOGL261023P00375000,GOOGL,2026-10-23,25,P,375.0,9.41,342.75,32.6,35.65,34.125,32.4,8.9,0.3667055517578125,-0.80523,0.00838,-0.14721,0.24714,34.6193,83.1,1,12
GOOGL261023P00380000,GOOGL,2026-10-23,25,P,380.0,10.87,342.75,36.45,40.15,38.3,37.2,9.7,0.3779969427490234,-0.83291,0.00738,-0.13414,0.22449,39.0935,85.6,4,162
GOOGL261023P00385000,GOOGL,2026-10-23,25,P,385.0,12.33,342.75,41.85,44.8,43.325,42.09,6.8,0.3921569573974609,-0.8542,0.0065,-0.12408,0.20521,43.7195,87.6,1,0
GOOGL261023P00390000,GOOGL,2026-10-23,25,P,390.0,13.79,342.75,46.3,49.65,47.975,61.25,7.0,0.41345801391601555,-0.86738,0.00578,-0.12119,0.19239,48.5457,88.9,0,5
GOOGL261023P00400000,GOOGL,2026-10-23,25,P,400.0,16.7,342.75,55.65,59.35,57.5,56.19,6.4,0.45117736328125,-0.88988,0.00465,-0.11251,0.1688,58.2055,91.1,1,4
GOOGL261023P00410000,GOOGL,2026-10-23,25,P,410.0,19.62,342.75,65.6,69.35,67.475,66.41,5.6,0.5015918981933594,-0.89942,0.00392,-0.11734,0.15809,68.1617,92.1,1,2
GOOGL261030C00260000,GOOGL,2026-10-30,32,C,260.0,-24.14,342.75,82.1,86.05,84.075,71.78,4.7,0.586918193359375,0.95516,0.00159,-0.11454,0.09592,84.8319,93.6,0,1
GOOGL261030C00265000,GOOGL,2026-10-30,32,C,265.0,-22.68,342.75,77.2,81.15,79.175,79.02,5.0,0.5627485131835939,0.95036,0.0018,-0.11844,0.10406,79.939,93.1,1,2
GOOGL261030C00270000,GOOGL,2026-10-30,32,C,270.0,-21.23,342.75,72.3,76.1,74.2,69.91,5.1,0.5317429638671876,0.94699,0.002,-0.11846,0.10965,74.9777,92.8,3,1
GOOGL261030C00275000,GOOGL,2026-10-30,32,C,275.0,-19.77,342.75,67.45,71.25,69.35,80.07,5.5,0.5106250109863282,0.94008,0.0023,-0.12398,0.12077,70.1315,92.0,1,2
GOOGL261030C00280000,GOOGL,2026-10-30,32,C,280.0,-18.31,342.75,62.6,66.35,64.475,63.95,5.8,0.5963175134277343,0.89497,0.00301,-0.19825,0.18458,67.0107,85.9,29,80
GOOGL261030C00285000,GOOGL,2026-10-30,32,C,285.0,-16.85,342.75,57.8,61.6,59.7,71.5,6.4,0.5703778314208985,0.88449,0.00336,-0.20251,0.19761,62.2611,84.8,4,4
GOOGL261030C00290000,GOOGL,2026-10-30,32,C,290.0,-15.39,342.75,53.05,56.85,54.95,51.6,6.9,0.5433395275878907,0.87307,0.00377,-0.20575,0.21115,57.5111,83.6,4,7
GOOGL261030C00295000,GOOGL,2026-10-30,32,C,295.0,-13.93,342.75,48.4,52.05,50.225,49.5,7.3,0.5130663928222656,0.86139,0.00425,-0.20643,0.22435,52.7123,82.5,5,7
GOOGL261030C00300000,GOOGL,2026-10-30,32,C,300.0,-12.47,342.75,43.8,47.65,45.725,44.0,8.4,0.49768568725585943,0.84171,0.00478,-0.217,0.2452,48.2933,80.3,1,204
GOOGL261030C00305000,GOOGL,2026-10-30,32,C,305.0,-11.01,342.75,39.35,43.1,41.225,40.15,9.1,0.4738822143554688,0.82298,0.0054,-0.22124,0.26351,43.7317,78.4,21,3
GOOGL261030C00310000,GOOGL,2026-10-30,32,C,310.0,-9.56,342.75,35.1,38.9,37.0,35.41,10.3,0.4598442687988281,0.79714,0.00605,-0.2315,0.28655,39.506,75.7,146,69
GOOGL261030C00315000,GOOGL,2026-10-30,32,C,315.0,-8.1,342.75,31.05,34.85,32.95,31.5,11.5,0.4467828759765625,0.76757,0.00674,-0.24134,0.30997,35.4234,72.5,1,23
GOOGL261030C00320000,GOOGL,2026-10-30,32,C,320.0,-6.64,342.75,27.2,30.35,28.775,29.0,10.9,0.41663181030273433,0.74113,0.00765,-0.23826,0.32844,30.9095,70.0,11,64
GOOGL261030C00325000,GOOGL,2026-10-30,32,C,325.0,-5.18,342.75,24.2,26.85,25.525,25.5,10.4,0.411688012084961,0.70054,0.00832,-0.25011,0.35257,27.3603,65.7,90,66
GOOGL261030C00330000,GOOGL,2026-10-30,32,C,330.0,-3.72,342.75,21.0,23.25,22.125,22.2,10.2,0.3986876538085938,0.65905,0.00907,-0.25405,0.37225,23.7192,61.5,165,466
GOOGL261030C00335000,GOOGL,2026-10-30,32,C,335.0,-2.26,342.75,18.35,20.2,19.275,19.32,9.6,0.3944762701416016,0.61188,0.00957,-0.26039,0.38884,20.6153,56.6,29,569
GOOGL261030C00340000,GOOGL,2026-10-30,32,C,340.0,-0.8,342.75,15.65,17.1,16.375,16.8,8.9,0.383245913696289,0.56302,0.01013,-0.25865,0.39981,17.469,51.8,109,997
GOOGL261030C00345000,GOOGL,2026-10-30,32,C,345.0,0.66,342.75,13.55,14.45,14.0,13.95,6.4,0.3771424591064453,0.51143,0.01042,-0.25608,0.4047,14.7692,46.7,98,640
GOOGL261030C00350000,GOOGL,2026-10-30,32,C,350.0,2.12,342.75,11.6,12.35,11.975,12.05,6.3,0.37827159820556633,0.46034,0.01034,-0.25402,0.40287,12.6155,41.6,384,3158
GOOGL261030C00355000,GOOGL,2026-10-30,32,C,355.0,3.57,342.75,9.65,10.4,10.025,10.0,7.5,0.3771424591064453,0.41012,0.01016,-0.24674,0.39455,10.6193,36.7,156,966
GOOGL261030C00360000,GOOGL,2026-10-30,32,C,360.0,5.03,342.75,8.25,8.6,8.425,8.5,4.2,0.3737855590820312,0.36068,0.00987,-0.23448,0.37992,8.7774,32.0,181,571
GOOGL261030C00365000,GOOGL,2026-10-30,32,C,365.0,6.49,342.75,6.25,7.5,6.875,6.85,18.2,0.3833679827880859,0.32045,0.0092,-0.22872,0.36314,7.6381,28.1,88,894
GOOGL261030C00370000,GOOGL,2026-10-30,32,C,370.0,7.95,342.75,5.4,5.8,5.6,5.67,7.1,0.3707338317871094,0.2709,0.0088,-0.20423,0.33612,5.9089,23.6,207,1026
GOOGL261030C00375000,GOOGL,2026-10-30,32,C,375.0,9.41,342.75,4.5,4.9,4.7,4.6,8.5,0.37573866455078125,0.23541,0.00807,-0.19157,0.31217,4.9808,20.3,159,819
GOOGL261030C00380000,GOOGL,2026-10-30,32,C,380.0,10.87,342.75,3.35,3.9,3.625,3.83,15.2,0.37244279907226563,0.19805,0.00736,-0.17137,0.28245,3.959,16.9,165,1397
GOOGL261030C00385000,GOOGL,2026-10-30,32,C,385.0,12.33,342.75,2.9,3.3,3.1,3.3,12.9,0.378363150024414,0.17099,0.00661,-0.15845,0.25777,3.341,14.4,73,559
GOOGL261030C00390000,GOOGL,2026-10-30,32,C,390.0,13.79,342.75,1.98,2.75,2.365,2.38,32.6,0.38233039550781245,0.14612,0.0059,-0.14408,0.23251,2.7776,12.2,44,615
GOOGL261030C00395000,GOOGL,2026-10-30,32,C,395.0,15.24,342.75,1.92,2.3,2.11,2.1,18.0,0.38672488281249995,0.12482,0.00524,-0.13055,0.2087,2.3163,10.3,27,447
GOOGL261030C00400000,GOOGL,2026-10-30,32,C,400.0,16.7,342.75,1.55,1.89,1.72,1.63,19.8,0.3892883337402344,0.10528,0.00461,-0.11621,0.1849,1.8981,8.6,137,998
GOOGL261030C00405000,GOOGL,2026-10-30,32,C,405.0,18.16,342.75,1.25,1.51,1.38,1.25,18.8,0.3892883337402344,0.08695,0.00401,-0.1008,0.16062,1.5109,7.0,15,151
GOOGL261030C00410000,GOOGL,2026-10-30,32,C,410.0,19.62,342.75,1.0,1.32,1.16,1.12,27.6,0.3978331701660156,0.07604,0.00354,-0.09295,0.14517,1.3166,6.1,29,296
GOOGL261030C00415000,GOOGL,2026-10-30,32,C,415.0,21.08,342.75,0.28,1.4,0.84,0.8,133.3,0.42358974853515624,0.07573,0.00332,-0.09848,0.14472,1.391,5.9,65,99
GOOGL261030C00420000,GOOGL,2026-10-30,32,C,420.0,22.54,342.75,0.68,0.86,0.77,0.99,23.4,0.40051869018554687,0.05208,0.00262,-0.06952,0.10811,0.8522,4.1,57,136
GOOGL261030C00425000,GOOGL,2026-10-30,32,C,425.0,24.0,342.75,0.46,0.96,0.71,0.6,70.4,0.4278621667480469,0.05405,0.00253,-0.07637,0.11135,0.9476,4.2,33,431
GOOGL261030P00260000,GOOGL,2026-10-30,32,P,260.0,-24.14,342.75,0.05,0.52,0.285,0.27,164.9,0.4904836108398438,-0.02278,0.00109,-0.04114,0.05486,0.4452,3.2,7,7
GOOGL261030P00265000,GOOGL,2026-10-30,32,P,265.0,-22.68,342.75,0.15,0.58,0.365,0.41,117.8,0.47046427978515626,-0.02609,0.00127,-0.04415,0.06147,0.4971,3.6,49,58
GOOGL261030P00270000,GOOGL,2026-10-30,32,P,270.0,-21.23,342.75,0.21,0.64,0.425,0.47,101.2,0.4497125341796875,-0.02974,0.00148,-0.047,0.06856,0.5506,4.0,12,275
GOOGL261030P00275000,GOOGL,2026-10-30,32,P,275.0,-19.77,342.75,0.24,0.83,0.535,0.54,110.3,0.442388388671875,-0.03807,0.00184,-0.05655,0.084,0.7187,5.0,8,82
GOOGL261030P00280000,GOOGL,2026-10-30,32,P,280.0,-18.31,342.75,0.6,0.94,0.77,0.7,44.2,0.4233456103515625,-0.04421,0.00217,-0.06098,0.09483,0.8159,5.7,14,100
GOOGL261030P00285000,GOOGL,2026-10-30,32,P,285.0,-16.85,342.75,0.6,1.03,0.815,0.81,52.8,0.40112903564453123,-0.05025,0.00254,-0.06388,0.10509,0.8952,6.4,7,138
GOOGL261030P00290000,GOOGL,2026-10-30,32,P,290.0,-15.39,342.75,0.88,1.34,1.11,1.11,41.4,0.3942931665039063,-0.06427,0.00314,-0.07604,0.12756,1.1735,8.0,11,1665
GOOGL261030P00295000,GOOGL,2026-10-30,32,P,295.0,-13.93,342.75,1.11,1.63,1.37,1.35,38.0,0.38147591186523433,-0.07843,0.00378,-0.08548,0.14862,1.4356,9.6,23,379
GOOGL261030P00300000,GOOGL,2026-10-30,32,P,300.0,-12.47,342.75,1.51,2.12,1.815,1.81,33.6,0.3758607336425781,-0.09954,0.00459,-0.1003,0.1775,1.8824,12.0,79,555
GOOGL261030P00305000,GOOGL,2026-10-30,32,P,305.0,-11.01,342.75,2.23,2.63,2.43,2.43,16.5,0.3657289990234375,-0.12219,0.00546,-0.11265,0.20562,2.3493,14.6,333,4280
GOOGL261030P00310000,GOOGL,2026-10-30,32,P,310.0,-9.56,342.75,2.93,3.3,3.115,3.09,11.9,0.35748933532714844,-0.15037,0.00644,-0.12642,0.23701,2.9672,17.6,200,843
GOOGL261030P00315000,GOOGL,2026-10-30,32,P,315.0,-8.1,342.75,3.85,4.3,4.075,4.13,11.0,0.3557193334960937,-0.18739,0.00745,-0.1443,0.27306,3.9003,21.7,408,870
GOOGL261030P00320000,GOOGL,2026-10-30,32,P,320.0,-6.64,342.75,4.85,5.4,5.125,5.1,10.7,0.35040932800292957,-0.22734,0.00848,-0.15854,0.30615,4.9325,26.0,256,1433
GOOGL261030P00325000,GOOGL,2026-10-30,32,P,325.0,-5.18,342.75,6.4,6.8,6.6,6.7,6.1,0.3476017388916015,-0.27352,0.00943,-0.17247,0.33773,6.2569,30.9,93,661
GOOGL261030P00330000,GOOGL,2026-10-30,32,P,330.0,-3.72,342.75,8.05,8.6,8.325,8.45,6.6,0.34882242980957034,-0.32541,0.01017,-0.18609,0.36545,7.9736,36.3,96,1364
GOOGL261030P00335000,GOOGL,2026-10-30,32,P,335.0,-2.26,342.75,9.75,10.6,10.175,10.24,8.4,0.34802898071289057,-0.37923,0.01077,-0.19467,0.38617,9.8922,41.9,136,588
GOOGL261030P00340000,GOOGL,2026-10-30,32,P,340.0,-0.8,342.75,12.35,12.65,12.5,12.7,2.4,0.3416203533935547,-0.43452,0.01135,-0.19557,0.3994,11.8653,47.5,121,2538
GOOGL261030P00345000,GOOGL,2026-10-30,32,P,345.0,0.66,342.75,14.5,16.15,15.325,15.38,10.8,0.363836928100586,-0.48976,0.0108,-0.21002,0.40474,15.2729,53.3,18,376
GOOGL261030P00350000,GOOGL,2026-10-30,32,P,350.0,2.12,342.75,17.5,18.65,18.075,18.0,6.4,0.3550479534912109,-0.54506,0.011,-0.20076,0.40229,17.7053,58.6,70,10668
GOOGL261030P00355000,GOOGL,2026-10-30,32,P,355.0,3.57,342.75,20.0,21.85,20.925,21.4,8.8,0.3570620935058594,-0.59721,0.01068,-0.19443,0.39279,20.836,63.8,12,317
GOOGL261030P00360000,GOOGL,2026-10-30,32,P,360.0,5.03,342.75,23.3,26.1,24.7,25.52,11.3,0.3803772900390625,-0.63628,0.00973,-0.19981,0.38101,25.0179,67.8,1,83
GOOGL261030P00365000,GOOGL,2026-10-30,32,P,365.0,6.49,342.75,26.7,29.3,28.0,28.7,9.3,0.3711000390625,-0.68636,0.00941,-0.17979,0.35985,28.1668,72.4,10,43
GOOGL261030P00370000,GOOGL,2026-10-30,32,P,370.0,7.95,342.75,30.5,33.35,31.925,31.11,8.9,0.37964487548828124,-0.72346,0.00868,-0.17073,0.33956,32.1647,76.0,2,59
GOOGL261030P00375000,GOOGL,2026-10-30,32,P,375.0,9.41,342.75,34.25,36.55,35.4,35.9,6.5,0.35632967895507806,-0.77826,0.00822,-0.13496,0.30185,35.3219,80.8,24,11
GOOGL261030P00380000,GOOGL,2026-10-30,32,P,380.0,10.87,342.75,38.5,41.8,40.15,44.0,8.2,0.39502558105468755,-0.78629,0.00726,-0.14841,0.2955,40.5317,81.9,1,88
GOOGL261030P00385000,GOOGL,2026-10-30,32,P,385.0,12.33,342.75,42.8,46.15,44.475,43.59,7.5,0.40106800109863283,-0.81325,0.0066,-0.13529,0.27248,44.8456,84.3,0,7
GOOGL261030P00390000,GOOGL,2026-10-30,32,P,390.0,13.79,342.75,46.85,50.6,48.725,48.0,7.7,0.407232490234375,-0.83687,0.00596,-0.12228,0.25007,49.2636,86.5,1,1
GOOGL261030P00395000,GOOGL,2026-10-30,32,P,395.0,15.24,342.75,51.35,55.2,53.275,41.93,7.2,0.4163266375732422,-0.85563,0.00538,-0.11199,0.23063,53.8345,88.2,0,1
GOOGL261030P00400000,GOOGL,2026-10-30,32,P,400.0,16.7,342.75,56.05,59.85,57.95,42.56,6.6,0.4249325085449219,-0.8722,0.00485,-0.1017,0.21216,58.4565,89.7,0,2
GOOGL261106C00290000,GOOGL,2026-11-06,39,C,290.0,-15.39,342.75,53.7,57.55,55.625,52.7,6.9,0.5211229528808592,0.86244,0.00377,-0.19062,0.2464,58.3893,82.1,0,1
GOOGL261106C00300000,GOOGL,2026-11-06,39,C,300.0,-12.47,342.75,44.65,48.5,46.575,45.23,8.3,0.48120635986328125,0.82964,0.0047,-0.2009,0.2839,49.3188,78.7,1,7
GOOGL261106C00320000,GOOGL,2026-11-06,39,C,320.0,-6.64,342.75,29.1,31.75,30.425,32.15,8.7,0.41522801574707036,0.72753,0.00714,-0.22187,0.37213,32.4689,68.1,2,15
GOOGL261106C00330000,GOOGL,2026-11-06,39,C,330.0,-3.72,342.75,22.75,25.1,23.925,22.7,9.8,0.4057676611328125,0.64964,0.00815,-0.23755,0.41514,25.7162,59.9,0,1
GOOGL261106C00335000,GOOGL,2026-11-06,39,C,335.0,-2.26,342.75,19.8,21.6,20.7,18.97,8.7,0.390203851928711,0.60895,0.00878,-0.23565,0.43019,22.1723,55.9,1,5
GOOGL261106C00340000,GOOGL,2026-11-06,39,C,340.0,-0.8,342.75,16.85,18.8,17.825,17.57,10.9,0.3859314337158203,0.56388,0.00911,-0.23737,0.44122,19.3144,51.4,70,37
GOOGL261106C00345000,GOOGL,2026-11-06,39,C,345.0,0.66,342.75,14.2,16.25,15.225,15.71,13.5,0.3822998782348632,0.51768,0.0093,-0.23647,0.44653,16.7092,46.8,58,26
GOOGL261106C00350000,GOOGL,2026-11-06,39,C,350.0,2.12,342.75,13.2,14.6,13.9,13.88,10.1,0.39359126922607424,0.47403,0.00903,-0.24122,0.44602,14.9972,42.3,48,65
GOOGL261106C00355000,GOOGL,2026-11-06,39,C,355.0,3.57,342.75,11.0,12.1,11.55,11.19,9.5,0.38114022186279295,0.42651,0.00918,-0.22935,0.43936,12.4497,37.8,14,6
GOOGL261106C00360000,GOOGL,2026-11-06,39,C,360.0,5.03,342.75,9.65,10.15,9.9,9.75,5.1,0.375982802734375,0.38083,0.00904,-0.21892,0.42687,10.4509,33.5,22,19
GOOGL261106C00365000,GOOGL,2026-11-06,39,C,365.0,6.49,342.75,7.25,8.7,7.975,8.1,18.2,0.3777528045654296,0.3398,0.00866,-0.21055,0.41042,8.9561,29.6,56,33
GOOGL261106C00370000,GOOGL,2026-11-06,39,C,370.0,7.95,342.75,6.2,7.5,6.85,6.75,19.0,0.38129280822753897,0.30251,0.00817,-0.20166,0.39101,7.7146,26.0,19,27
GOOGL261106C00375000,GOOGL,2026-11-06,39,C,375.0,9.41,342.75,4.95,6.3,5.625,5.63,24.0,0.3806214282226562,0.26559,0.00769,-0.18854,0.36739,6.4782,22.6,8,13
GOOGL261106C00380000,GOOGL,2026-11-06,39,C,380.0,10.87,342.75,4.2,5.1,4.65,4.64,19.4,0.37525038818359374,0.22816,0.00719,-0.17093,0.33867,5.2458,19.3,37,26
GOOGL261106C00385000,GOOGL,2026-11-06,39,C,385.0,12.33,342.75,3.55,4.15,3.85,3.65,15.6,0.3723817645263672,0.19517,0.00661,-0.15441,0.30906,4.2675,16.3,17,2
GOOGL261106C00390000,GOOGL,2026-11-06,39,C,390.0,13.79,342.75,3.0,3.4,3.2,3.2,12.5,0.3715883154296875,0.16669,0.006,-0.13925,0.27995,3.4949,13.8,22,21
GOOGL261106C00395000,GOOGL,2026-11-06,39,C,395.0,15.24,342.75,2.24,2.93,2.585,2.4,26.7,0.37720349365234374,0.14585,0.00541,-0.12912,0.25636,3.0053,11.9,4,98
GOOGL261106C00400000,GOOGL,2026-11-06,39,C,400.0,16.7,342.75,2.02,2.7,2.36,2.17,28.8,0.3900817828369141,0.13261,0.00491,-0.12485,0.24029,2.7616,10.7,153,21
GOOGL261106C00405000,GOOGL,2026-11-06,39,C,405.0,18.16,342.75,1.52,2.4,1.96,2.24,44.9,0.39819937744140627,0.11816,0.00444,-0.11735,0.22169,2.4481,9.4,19,18
GOOGL261106C00410000,GOOGL,2026-11-06,39,C,410.0,19.62,342.75,0.71,1.74,1.225,1.52,84.1,0.385626260986328,0.09269,0.00384,-0.09522,0.18596,1.7752,7.3,7,18
GOOGL261106C00420000,GOOGL,2026-11-06,39,C,420.0,22.54,342.75,0.73,1.38,1.055,0.98,61.6,0.4014952429199219,0.07346,0.0031,-0.08295,0.15609,1.4012,5.7,2,14
GOOGL261106P00260000,GOOGL,2026-11-06,39,P,260.0,-24.14,342.75,0.1,0.97,0.535,0.48,162.6,0.500005,-0.03605,0.00141,-0.05541,0.08869,0.8524,5.1,2,2
GOOGL261106P00270000,GOOGL,2026-11-06,39,P,270.0,-21.23,342.75,0.31,0.74,0.525,0.62,81.9,0.41968353759765625,-0.03297,0.00156,-0.04304,0.08242,0.6393,4.4,1,27
GOOGL261106P00275000,GOOGL,2026-11-06,39,P,275.0,-19.77,342.75,0.55,0.96,0.755,0.78,54.3,0.41394629028320307,-0.0421,0.00194,-0.05173,0.10063,0.8354,5.6,17,37
GOOGL261106P00280000,GOOGL,2026-11-06,39,P,280.0,-18.31,342.75,0.77,1.11,0.94,0.92,36.2,0.39856558471679693,-0.04947,0.00229,-0.05658,0.11457,0.9684,6.4,6,11
GOOGL261106P00285000,GOOGL,2026-11-06,39,P,285.0,-16.85,342.75,1.1,1.35,1.225,1.21,20.4,0.387701435546875,-0.06021,0.00275,-0.06413,0.13383,1.1842,7.7,9,38
GOOGL261106P00290000,GOOGL,2026-11-06,39,P,290.0,-15.39,342.75,1.39,1.68,1.535,1.55,18.9,0.3790345300292969,-0.07419,0.00331,-0.07348,0.15728,1.4805,9.3,11,277
GOOGL261106P00295000,GOOGL,2026-11-06,39,P,295.0,-13.93,342.75,1.78,2.0,1.89,1.96,11.6,0.36627830993652344,-0.08873,0.00392,-0.08101,0.18003,1.7692,11.0,48,55
GOOGL261106P00300000,GOOGL,2026-11-06,39,P,300.0,-12.47,342.75,2.24,2.55,2.395,2.49,12.9,0.36096830444335937,-0.11043,0.00466,-0.09337,0.21126,2.2709,13.4,1720,87
GOOGL261106P00305000,GOOGL,2026-11-06,39,P,305.0,-11.01,342.75,2.65,3.3,2.975,3.11,21.8,0.35864899169921877,-0.13776,0.00548,-0.10791,0.24665,2.9618,16.5,435,319
GOOGL261106P00310000,GOOGL,2026-11-06,39,P,310.0,-9.56,342.75,3.65,4.05,3.85,3.94,10.4,0.3508365698242187,-0.16594,0.00634,-0.11892,0.27914,3.6542,19.6,489,138
GOOGL261106P00315000,GOOGL,2026-11-06,39,P,315.0,-8.1,342.75,4.7,5.25,4.975,4.99,11.1,0.3523013989257812,-0.20388,0.00717,-0.13513,0.31729,4.777,23.8,453,78
GOOGL261106P00320000,GOOGL,2026-11-06,39,P,320.0,-6.64,342.75,5.65,6.5,6.075,6.3,14.0,0.34885294708251957,-0.24297,0.00801,-0.14704,0.35063,5.9499,28.0,115,41
GOOGL261106P00325000,GOOGL,2026-11-06,39,P,325.0,-5.18,342.75,6.55,8.0,7.275,7.75,19.9,0.3463810479736328,-0.28637,0.00877,-0.15774,0.38124,7.3669,32.6,16,41
GOOGL261106P00330000,GOOGL,2026-11-06,39,P,330.0,-3.72,342.75,8.3,10.25,9.275,9.93,21.0,0.3562686444091796,-0.33708,0.00915,-0.17318,0.40915,9.5177,38.1,30,28
GOOGL261106P00335000,GOOGL,2026-11-06,39,P,335.0,-2.26,342.75,10.95,12.25,11.6,11.49,11.2,0.35382726257324215,-0.38494,0.00964,-0.17855,0.42824,11.432,43.0,30,20
GOOGL261106P00340000,GOOGL,2026-11-06,39,P,340.0,-0.8,342.75,13.1,14.4,13.75,14.08,9.5,0.34931070617675775,-0.43444,0.01006,-0.17966,0.44092,13.4991,48.0,123,12
GOOGL261106P00345000,GOOGL,2026-11-06,39,P,345.0,0.66,342.75,15.45,17.7,16.575,16.5,13.6,0.3646914117431641,-0.48382,0.00976,-0.1888,0.4466,16.7015,53.1,80,6
GOOGL261106P00350000,GOOGL,2026-11-06,39,P,350.0,2.12,342.75,18.25,20.5,19.375,19.38,11.6,0.3637148590087891,-0.53215,0.00976,-0.18563,0.44551,19.4227,57.9,9,42
GOOGL261106P00355000,GOOGL,2026-11-06,39,P,355.0,3.57,342.75,21.1,23.0,22.05,22.32,8.6,0.3505924316406249,-0.58388,0.00993,-0.17212,0.43705,21.8469,62.8,21,1
GOOGL261106P00360000,GOOGL,2026-11-06,39,P,360.0,5.03,342.75,24.4,26.8,25.6,26.5,9.4,0.36200589172363284,-0.62539,0.00935,-0.17081,0.4247,25.5704,66.9,1,3
GOOGL261106P00370000,GOOGL,2026-11-06,39,P,370.0,7.95,342.75,32.05,34.35,33.2,33.05,6.9,0.3711000390625,-0.7036,0.00832,-0.15428,0.38741,32.9898,74.4,2,5
GOOGL261106P00390000,GOOGL,2026-11-06,39,P,390.0,13.79,342.75,48.15,51.15,49.65,48.6,6.0,0.3892883337402344,-0.82061,0.006,-0.11016,0.29336,49.5891,85.2,2,2
GOOGL261106P00395000,GOOGL,2026-11-06,39,P,395.0,15.24,342.75,52.3,55.6,53.95,52.37,6.1,0.3934386828613281,-0.84272,0.00546,-0.09839,0.26955,53.9977,87.2,1,1
GOOGL261120C00260000,GOOGL,2026-11-20,53,C,260.0,-24.14,342.75,83.3,87.0,85.15,83.5,4.3,0.5269822692871093,0.93388,0.00187,-0.10903,0.16781,86.416,90.4,1,262
GOOGL261120C00265000,GOOGL,2026-11-20,53,C,265.0,-22.68,342.75,78.4,81.0,79.7,82.0,3.3,0.5407760766601564,0.91616,0.00218,-0.12802,0.20115,82.236,88.0,2,113
GOOGL261120C00270000,GOOGL,2026-11-20,53,C,270.0,-21.23,342.75,73.6,77.55,75.575,75.74,5.2,0.575077491455078,0.88967,0.00251,-0.15831,0.24611,78.7218,84.3,13,743
GOOGL261120C00275000,GOOGL,2026-11-20,53,C,275.0,-19.77,342.75,68.9,72.8,70.85,68.9,5.5,0.5523116058349609,0.88085,0.00276,-0.16043,0.25996,73.9789,83.4,1,77
GOOGL261120C00280000,GOOGL,2026-11-20,53,C,280.0,-18.31,342.75,64.7,66.8,65.75,66.0,3.2,0.4836477416992188,0.88893,0.003,-0.13877,0.2473,68.0509,85.0,4,550
GOOGL261120C00285000,GOOGL,2026-11-20,53,C,285.0,-16.85,342.75,60.75,62.9,61.825,63.01,3.5,0.49182637084960945,0.86633,0.00336,-0.1562,0.28165,64.1114,82.2,5,182
GOOGL261120C00290000,GOOGL,2026-11-20,53,C,290.0,-15.39,342.75,55.2,58.0,56.6,54.65,4.9,0.46320116882324225,0.85724,0.00373,-0.15444,0.29458,59.2218,81.4,1,444
GOOGL261120C00295000,GOOGL,2026-11-20,53,C,295.0,-13.93,342.75,50.7,53.85,52.275,54.09,6.0,0.4570977142333985,0.83689,0.00413,-0.16417,0.3218,55.0462,79.0,6,190
GOOGL261120C00300000,GOOGL,2026-11-20,53,C,300.0,-12.47,342.75,47.1,49.8,48.45,47.76,5.6,0.4506890869140625,0.81471,0.00454,-0.17339,0.34897,50.9638,76.5,17,1081
GOOGL261120C00305000,GOOGL,2026-11-20,53,C,305.0,-11.01,342.75,42.3,45.9,44.1,45.32,8.2,0.4452264950561523,0.79013,0.00495,-0.18257,0.37628,47.0283,73.8,1,378
GOOGL261120C00310000,GOOGL,2026-11-20,53,C,310.0,-9.56,342.75,39.15,40.9,40.025,40.35,4.4,0.4099485275268554,0.77583,0.00559,-0.17571,0.39089,42.0348,72.6,1,551
GOOGL261120C00315000,GOOGL,2026-11-20,53,C,315.0,-8.1,342.75,35.85,37.65,36.75,36.73,4.9,0.41498387756347654,0.74206,0.00596,-0.1888,0.42191,38.7226,68.8,1,396
GOOGL261120C00320000,GOOGL,2026-11-20,53,C,320.0,-6.64,342.75,32.15,33.5,32.825,32.38,4.1,0.39597161651611334,0.71536,0.00656,-0.18863,0.44315,34.542,66.2,57,784
GOOGL261120C00325000,GOOGL,2026-11-20,53,C,325.0,-5.18,342.75,29.35,30.8,30.075,29.15,4.8,0.40500472930908205,0.67701,0.00679,-0.2011,0.46888,31.7684,62.0,33,1863
GOOGL261120C00330000,GOOGL,2026-11-20,53,C,330.0,-3.72,342.75,26.25,27.75,27.0,25.96,5.6,0.40250231292724614,0.64122,0.00711,-0.20627,0.48805,28.6598,58.3,125,3217
GOOGL261120C00335000,GOOGL,2026-11-20,53,C,335.0,-2.26,342.75,23.4,24.9,24.15,23.2,6.2,0.40027455200195317,0.60422,0.00737,-0.20988,0.50317,25.7479,54.4,103,2078
GOOGL261120C00340000,GOOGL,2026-11-20,53,C,340.0,-0.8,342.75,20.9,21.0,20.95,20.85,0.5,0.3743348699951171,0.56691,0.00804,-0.20032,0.5137,21.8047,51.0,1176,4090
GOOGL261120C00345000,GOOGL,2026-11-20,53,C,345.0,0.66,342.75,18.3,18.7,18.5,18.5,2.2,0.3756165954589844,0.52648,0.00811,-0.20188,0.5199,19.4363,46.9,387,5653
GOOGL261120C00350000,GOOGL,2026-11-20,53,C,350.0,2.12,342.75,16.0,16.4,16.2,16.18,2.5,0.37308366180419916,0.48592,0.00818,-0.19966,0.52073,17.0701,43.0,3373,5411
GOOGL261120C00355000,GOOGL,2026-11-20,53,C,355.0,3.57,342.75,14.0,15.15,14.575,14.15,7.9,0.3870300555419921,0.45027,0.00783,-0.20395,0.517,15.7522,39.3,28261,1873
GOOGL261120C00360000,GOOGL,2026-11-20,53,C,360.0,5.03,342.75,12.25,12.75,12.5,12.35,4.0,0.3752809054565429,0.40856,0.00792,-0.19349,0.5073,13.2935,35.4,431,9746
GOOGL261120C00365000,GOOGL,2026-11-20,53,C,365.0,6.49,342.75,10.6,11.05,10.825,10.65,4.2,0.37354142089843745,0.37074,0.00774,-0.18655,0.49345,11.5356,31.8,189,2797
GOOGL261120C00370000,GOOGL,2026-11-20,53,C,370.0,7.95,342.75,9.2,9.4,9.3,9.25,2.2,0.3691774508666992,0.33281,0.00754,-0.17671,0.47459,9.8292,28.3,29374,37625
GOOGL261120C00375000,GOOGL,2026-11-20,53,C,375.0,9.41,342.75,7.9,8.15,8.025,8.0,3.1,0.3698183135986328,0.29929,0.00719,-0.16857,0.45363,8.5286,25.2,376,2828
GOOGL261120C00380000,GOOGL,2026-11-20,53,C,380.0,10.87,342.75,6.7,7.0,6.85,6.7,4.4,0.369421589050293,0.26722,0.00682,-0.15896,0.42961,7.3306,22.3,351,6105
GOOGL261120C00385000,GOOGL,2026-11-20,53,C,385.0,12.33,342.75,5.7,5.9,5.8,5.77,3.4,0.36685813812255863,0.23574,0.00642,-0.14733,0.40206,6.1861,19.5,83,1647
GOOGL261120C00390000,GOOGL,2026-11-20,53,C,390.0,13.79,342.75,4.8,5.45,5.125,5.02,12.7,0.3780884945678711,0.21651,0.00594,-0.14418,0.38317,5.7043,17.7,284,3140
GOOGL261120C00395000,GOOGL,2026-11-20,53,C,395.0,15.24,342.75,4.15,4.5,4.325,4.35,8.1,0.3734193518066406,0.18804,0.00553,-0.13061,0.35216,4.7162,15.2,73,2318
GOOGL261120C00400000,GOOGL,2026-11-20,53,C,400.0,16.7,342.75,3.45,3.75,3.6,3.65,8.3,0.37103900451660154,0.16337,0.00509,-0.11846,0.32213,3.9334,13.1,1702,7920
GOOGL261120C00405000,GOOGL,2026-11-20,53,C,405.0,18.16,342.75,2.92,4.15,3.535,3.05,34.8,0.4032652447509766,0.16568,0.00473,-0.12942,0.32507,4.3271,13.0,69,1897
GOOGL261120C00410000,GOOGL,2026-11-20,53,C,410.0,19.62,342.75,2.46,2.85,2.655,2.57,14.7,0.3777528045654296,0.12876,0.00426,-0.10232,0.27446,2.9871,10.1,212,4260
GOOGL261120C00415000,GOOGL,2026-11-20,53,C,415.0,21.08,342.75,2.06,2.73,2.395,2.18,28.0,0.39075316284179684,0.12077,0.00394,-0.10097,0.26245,2.8533,9.3,77,1270
GOOGL261120C00420000,GOOGL,2026-11-20,53,C,420.0,22.54,342.75,1.63,2.11,1.87,1.96,25.7,0.38172005004882803,0.09945,0.00351,-0.08571,0.2283,2.2106,7.6,28036,4488
GOOGL261120C00425000,GOOGL,2026-11-20,53,C,425.0,24.0,342.75,1.28,2.2,1.74,1.6,52.9,0.4018614501953125,0.09851,0.00331,-0.0894,0.22671,2.294,7.4,56,1255
GOOGL261120P00260000,GOOGL,2026-11-20,53,P,260.0,-24.14,342.75,0.64,0.76,0.7,0.64,17.1,0.41040628662109374,-0.0299,0.00127,-0.03312,0.08863,0.6563,4.2,23,1969
GOOGL261120P00265000,GOOGL,2026-11-20,53,P,265.0,-22.68,342.75,0.68,1.05,0.865,0.73,42.8,0.41223732299804683,-0.03978,0.00159,-0.04198,0.11204,0.9157,5.5,28,896
GOOGL261120P00270000,GOOGL,2026-11-20,53,P,270.0,-21.23,342.75,0.9,1.07,0.985,0.96,17.3,0.3890441955566406,-0.04248,0.00178,-0.04167,0.11817,0.9294,5.8,201,1476
GOOGL261120P00275000,GOOGL,2026-11-20,53,P,275.0,-19.77,342.75,0.85,1.5,1.175,1.21,55.3,0.3931945446777344,-0.05665,0.00222,-0.05289,0.14872,1.3153,7.6,26,2374
GOOGL261120P00280000,GOOGL,2026-11-20,53,P,280.0,-18.31,342.75,1.47,1.66,1.565,1.5,12.1,0.37683728637695313,-0.0642,0.00255,-0.05574,0.16402,1.4572,8.4,22,2261
GOOGL261120P00285000,GOOGL,2026-11-20,53,P,285.0,-16.85,342.75,1.57,2.04,1.805,1.9,26.0,0.3701845208740234,-0.07784,0.00301,-0.0633,0.19019,1.7979,10.1,57,1759
GOOGL261120P00290000,GOOGL,2026-11-20,53,P,290.0,-15.39,342.75,2.13,2.46,2.295,2.38,14.4,0.36212796081542964,-0.09305,0.00352,-0.07054,0.21741,2.1763,11.8,102,12388
GOOGL261120P00295000,GOOGL,2026-11-20,53,P,295.0,-13.93,342.75,2.65,3.1,2.875,2.95,15.7,0.35938140625,-0.11383,0.00411,-0.08075,0.25168,2.7584,14.2,91,2204
GOOGL261120P00300000,GOOGL,2026-11-20,53,P,300.0,-12.47,342.75,3.55,3.95,3.75,3.62,10.7,0.3594424407958984,-0.13929,0.00472,-0.09262,0.2897,3.5401,17.2,139,7130
GOOGL261120P00305000,GOOGL,2026-11-20,53,P,305.0,-11.01,342.75,4.3,4.6,4.45,4.47,6.7,0.34894449890136714,-0.16164,0.00537,-0.09879,0.31991,4.1344,19.6,124,2344
GOOGL261120P00310000,GOOGL,2026-11-20,53,P,310.0,-9.56,342.75,5.3,5.55,5.425,5.6,4.6,0.3436955279541015,-0.19034,0.00605,-0.10735,0.35481,5.0105,22.8,694,6413
GOOGL261120P00315000,GOOGL,2026-11-20,53,P,315.0,-8.1,342.75,6.5,7.05,6.775,6.8,8.1,0.3481510498046875,-0.22768,0.00664,-0.12026,0.39434,6.4135,27.0,169,4281
GOOGL261120P00320000,GOOGL,2026-11-20,53,P,320.0,-6.64,342.75,7.95,8.25,8.1,8.2,3.7,0.34058276611328125,-0.26146,0.00731,-0.12587,0.42487,7.5313,30.5,274,5570
GOOGL261120P00325000,GOOGL,2026-11-20,53,P,325.0,-5.18,342.75,9.6,9.95,9.775,9.9,3.6,0.34006397247314457,-0.30154,0.00785,-0.1337,0.45516,9.132,34.8,153,2469
GOOGL261120P00330000,GOOGL,2026-11-20,53,P,330.0,-3.72,342.75,11.4,11.95,11.675,11.7,4.7,0.3411931115722656,-0.34412,0.00826,-0.14061,0.48075,11.0269,39.3,590,7786
GOOGL261120P00335000,GOOGL,2026-11-20,53,P,335.0,-2.26,342.75,13.45,14.15,13.8,13.9,5.1,0.3417729397583008,-0.3877,0.00858,-0.1453,0.50027,13.1219,43.8,156,3357
GOOGL261120P00340000,GOOGL,2026-11-20,53,P,340.0,-0.8,342.75,15.9,16.25,16.075,16.1,2.2,0.33609672698974613,-0.43161,0.00895,-0.14491,0.51337,15.1219,48.2,1560,5138
GOOGL261120P00345000,GOOGL,2026-11-20,53,P,345.0,0.66,342.75,18.2,18.85,18.525,18.7,3.5,0.33576103698730464,-0.47678,0.00908,-0.14493,0.52017,17.6156,52.8,776,6271
GOOGL261120P00350000,GOOGL,2026-11-20,53,P,350.0,2.12,342.75,21.0,21.65,21.325,21.2,3.0,0.3350286224365234,-0.52178,0.0091,-0.14261,0.52027,20.3123,57.2,90,2725
GOOGL261120P00355000,GOOGL,2026-11-20,53,P,355.0,3.57,342.75,22.95,24.7,23.825,25.43,7.3,0.33493707061767575,-0.56585,0.009,-0.13859,0.51394,23.2604,61.5,11,1444
GOOGL261120P00360000,GOOGL,2026-11-20,53,P,360.0,5.03,342.75,26.1,28.9,27.5,27.92,10.2,0.3536441589355468,-0.60021,0.00836,-0.14278,0.50452,27.3639,65.1,33,4624
GOOGL261120P00365000,GOOGL,2026-11-20,53,P,365.0,6.49,342.75,30.4,31.55,30.975,31.2,3.7,0.3377141424560547,-0.64776,0.00842,-0.12688,0.48489,29.9185,69.4,50,1497
GOOGL261120P00370000,GOOGL,2026-11-20,53,P,370.0,7.95,342.75,34.05,34.9,34.475,34.5,2.5,0.3315801705932617,-0.69017,0.00814,-0.11454,0.46067,33.1769,73.3,3,1292
GOOGL261120P00375000,GOOGL,2026-11-20,53,P,375.0,9.41,342.75,37.6,39.25,38.425,39.85,4.3,0.34393966613769533,-0.71779,0.00752,-0.11213,0.44133,37.4483,76.0,17,736
GOOGL261120P00380000,GOOGL,2026-11-20,53,P,380.0,10.87,342.75,40.65,43.25,41.95,42.55,6.2,0.3455875988769531,-0.74968,0.00705,-0.10271,0.41532,41.3725,79.0,42,505
GOOGL261120P00385000,GOOGL,2026-11-20,53,P,385.0,12.33,342.75,45.45,46.85,46.15,50.74,3.0,0.3330755169677735,-0.79006,0.00662,-0.08366,0.37635,44.8899,82.5,36,401
GOOGL261120P00390000,GOOGL,2026-11-20,53,P,390.0,13.79,342.75,48.8,51.65,50.225,51.6,5.7,0.3494938098144531,-0.80497,0.00604,-0.08306,0.36013,49.632,84.0,1,757
GOOGL261120P00395000,GOOGL,2026-11-20,53,P,395.0,15.24,342.75,53.45,56.65,55.05,53.57,5.8,0.37067279724121094,-0.81401,0.00553,-0.08576,0.34979,54.5822,84.9,1,354
GOOGL261120P00400000,GOOGL,2026-11-20,53,P,400.0,16.7,342.75,58.25,60.5,59.375,59.1,3.8,0.3549869189453124,-0.8488,0.00506,-0.06425,0.30614,58.3624,87.8,1,696
GOOGL261120P00405000,GOOGL,2026-11-20,53,P,405.0,18.16,342.75,62.2,65.05,63.625,69.3,4.5,0.3580386462402344,-0.86702,0.0046,-0.05534,0.28065,62.8582,89.4,7,153
GOOGL261120P00410000,GOOGL,2026-11-20,53,P,410.0,19.62,342.75,67.45,69.85,68.65,63.4,3.5,0.3684755535888672,-0.87786,0.00421,-0.05157,0.26453,67.6126,90.4,21,130
GOOGL261120P00415000,GOOGL,2026-11-20,53,P,415.0,21.08,342.75,71.9,74.55,73.225,72.7,3.6,0.37366348999023435,-0.89091,0.00383,-0.04468,0.24413,72.2669,91.5,1,153
GOOGL261120P00420000,GOOGL,2026-11-20,53,P,420.0,22.54,342.75,76.2,79.35,77.775,86.85,4.1,0.3815369464111328,-0.90067,0.0035,-0.03983,0.2281,77.024,92.4,3,94
GOOGL261120P00425000,GOOGL,2026-11-20,53,P,425.0,24.0,342.75,80.8,84.55,82.675,77.9,4.5,0.4066221447753906,-0.89852,0.00334,-0.04612,0.23168,82.1918,92.3,26,64
GOOGL261218C00260000,GOOGL,2026-12-18,81,C,260.0,-24.14,342.75,84.55,88.3,86.425,82.8,4.3,0.5437057348632813,0.8928,0.0021,-0.12369,0.29803,90.1061,83.8,1,1353
GOOGL261218C00265000,GOOGL,2026-12-18,81,C,265.0,-22.68,342.75,79.85,82.8,81.325,94.62,3.6,0.5007984490966797,0.89364,0.00227,-0.1159,0.29635,84.6639,84.4,8,851
GOOGL261218C00270000,GOOGL,2026-12-18,81,C,270.0,-21.23,342.75,75.8,78.45,77.125,78.65,3.4,0.4939015454101563,0.88098,0.00249,-0.1222,0.32113,80.3074,82.8,17,2050
GOOGL261218C00275000,GOOGL,2026-12-18,81,C,275.0,-19.77,342.75,70.65,74.0,72.325,72.25,4.6,0.48242705078125003,0.86902,0.00273,-0.12658,0.34336,75.8554,81.4,1,32
GOOGL261218C00280000,GOOGL,2026-12-18,81,C,280.0,-18.31,342.75,66.15,69.35,67.75,69.72,4.7,0.4644828942871094,0.85862,0.00299,-0.12818,0.36179,71.2126,80.4,160,2034
GOOGL261218C00285000,GOOGL,2026-12-18,81,C,285.0,-16.85,342.75,61.75,64.9,63.325,63.0,5.0,0.45087219055175787,0.84535,0.00327,-0.13136,0.38417,66.7568,78.9,3,587
GOOGL261218C00290000,GOOGL,2026-12-18,81,C,290.0,-15.39,342.75,58.15,61.0,59.575,58.03,4.8,0.4489190850830078,0.82587,0.00355,-0.13911,0.4149,62.8236,76.6,1,2557
GOOGL261218C00295000,GOOGL,2026-12-18,81,C,295.0,-13.93,342.75,53.9,56.75,55.325,56.65,5.2,0.43686476226806636,0.80922,0.00386,-0.14243,0.43926,58.5553,74.8,39,192
GOOGL261218C00300000,GOOGL,2026-12-18,81,C,300.0,-12.47,342.75,50.0,52.0,51.0,51.12,3.9,0.4130307720947265,0.79605,0.00425,-0.14061,0.45736,53.8069,73.7,12,17948
GOOGL261218C00305000,GOOGL,2026-12-18,81,C,305.0,-11.01,342.75,45.7,48.5,47.1,48.35,5.9,0.41358008300781246,0.77093,0.00454,-0.14833,0.48917,50.2532,70.8,2,2374
GOOGL261218C00310000,GOOGL,2026-12-18,81,C,310.0,-9.56,342.75,41.9,44.8,43.35,44.77,6.7,0.40759869750976563,0.74706,0.00486,-0.15286,0.51627,46.5081,68.2,4,15426
GOOGL261218C00315000,GOOGL,2026-12-18,81,C,315.0,-8.1,342.75,38.75,40.65,39.7,39.55,4.8,0.3913940255737304,0.72516,0.00528,-0.15273,0.5386,42.326,66.1,27,772
GOOGL261218C00320000,GOOGL,2026-12-18,81,C,320.0,-6.64,342.75,36.15,37.0,36.575,36.15,2.3,0.3823914300537109,0.69868,0.00564,-0.15479,0.56251,38.6238,63.3,126,4031
GOOGL261218C00325000,GOOGL,2026-12-18,81,C,325.0,-5.18,342.75,32.1,34.4,33.25,33.0,6.9,0.3888000573730469,0.66654,0.00579,-0.16202,0.58717,35.9427,59.8,16,1658
GOOGL261218C00330000,GOOGL,2026-12-18,81,C,330.0,-3.72,342.75,29.85,30.75,30.3,29.66,3.0,0.37518935363769534,0.63799,0.00619,-0.1606,0.60522,32.2369,57.0,75,2520
GOOGL261218C00335000,GOOGL,2026-12-18,81,C,335.0,-2.26,342.75,26.95,27.85,27.4,26.95,3.3,0.3714662463378906,0.606,0.00642,-0.16201,0.62127,29.2643,53.7,84,1543
GOOGL261218C00340000,GOOGL,2026-12-18,81,C,340.0,-0.8,342.75,24.15,25.65,24.9,24.65,6.0,0.3761048718261719,0.57305,0.00646,-0.1656,0.63331,26.9784,50.3,183,3433
GOOGL261218C00345000,GOOGL,2026-12-18,81,C,345.0,0.66,342.75,21.85,23.35,22.6,22.2,6.6,0.3765931481933594,0.54056,0.00653,-0.16657,0.64081,24.5996,47.0,152,1803
GOOGL261218C00350000,GOOGL,2026-12-18,81,C,350.0,2.12,342.75,19.7,20.9,20.3,19.87,5.9,0.3722596954345704,0.50756,0.00664,-0.16464,0.64403,22.0718,43.8,1355,6203
GOOGL261218C00355000,GOOGL,2026-12-18,81,C,355.0,3.57,342.75,17.5,18.65,18.075,17.24,6.4,0.3685976226806641,0.47437,0.00669,-0.16191,0.64281,19.7452,40.6,22,1647
GOOGL261218C00360000,GOOGL,2026-12-18,81,C,360.0,5.03,342.75,15.05,16.15,15.6,15.43,7.1,0.35846588806152346,0.43889,0.00681,-0.15546,0.63657,17.165,37.3,143,3672
GOOGL261218C00365000,GOOGL,2026-12-18,81,C,365.0,6.49,342.75,13.25,14.45,13.85,14.0,8.7,0.358404853515625,0.4069,0.00671,-0.15221,0.62652,15.3864,34.3,22,2244
GOOGL261218C00370000,GOOGL,2026-12-18,81,C,370.0,7.95,342.75,11.7,12.9,12.3,12.55,9.8,0.35843537078857424,0.37597,0.00656,-0.14819,0.61276,13.7613,31.4,198,4105
GOOGL261218C00375000,GOOGL,2026-12-18,81,C,375.0,9.41,342.75,10.05,11.75,10.9,10.74,15.6,0.3629214099121094,0.34879,0.00631,-0.14554,0.5973,12.5425,28.8,45,4058
GOOGL261218C00380000,GOOGL,2026-12-18,81,C,380.0,10.87,342.75,9.6,9.8,9.7,9.7,2.1,0.351294328918457,0.31311,0.00625,-0.13467,0.5721,10.5118,25.7,150,14107
GOOGL261218C00385000,GOOGL,2026-12-18,81,C,385.0,12.33,342.75,8.0,8.75,8.375,8.4,9.0,0.3530643307495117,0.28693,0.00597,-0.1296,0.54993,9.3974,23.3,60,2683
GOOGL261218C00390000,GOOGL,2026-12-18,81,C,390.0,13.79,342.75,7.05,7.85,7.45,7.57,10.7,0.3557193334960937,0.26307,0.00568,-0.12465,0.52689,8.4397,21.1,29,7639
GOOGL261218C00395000,GOOGL,2026-12-18,81,C,395.0,15.24,342.75,5.85,7.0,6.425,6.5,17.9,0.35748933532714844,0.24022,0.00539,-0.11902,0.5022,7.5342,19.1,9,2245
GOOGL261218C00400000,GOOGL,2026-12-18,81,C,400.0,16.7,342.75,5.65,5.85,5.75,5.75,3.5,0.3507755352783203,0.21231,0.00512,-0.10869,0.46834,6.32,16.8,895,14410
GOOGL261218C00405000,GOOGL,2026-12-18,81,C,405.0,18.16,342.75,4.75,5.5,5.125,5.1,14.6,0.3597476135253906,0.19832,0.0048,-0.10667,0.44975,5.9342,15.5,51,2373
GOOGL261218C00410000,GOOGL,2026-12-18,81,C,410.0,19.62,342.75,4.2,4.55,4.375,4.37,8.0,0.3530338134765625,0.17342,0.0045,-0.09616,0.41382,4.9294,13.4,638,3669
GOOGL261218C00415000,GOOGL,2026-12-18,81,C,415.0,21.08,342.75,3.6,4.2,3.9,3.75,15.4,0.3593203717041016,0.16037,0.0042,-0.09279,0.39345,4.5475,12.3,291,5957
GOOGL261218C00420000,GOOGL,2026-12-18,81,C,420.0,22.54,342.75,3.15,3.5,3.325,3.25,10.5,0.35455967712402336,0.14002,0.00389,-0.08351,0.35941,3.8021,10.6,660,2991
GOOGL261218C00425000,GOOGL,2026-12-18,81,C,425.0,24.0,342.75,2.4,3.2,2.8,2.78,28.6,0.35950347534179683,0.12862,0.00362,-0.07969,0.33905,3.4732,9.6,65,1954
GOOGL261218P00260000,GOOGL,2026-12-18,81,P,260.0,-24.14,342.75,1.1,1.47,1.285,1.26,28.8,0.3809876354980468,-0.0466,0.00158,-0.03513,0.1574,1.2683,6.7,2,2498
GOOGL261218P00265000,GOOGL,2026-12-18,81,P,265.0,-22.68,342.75,1.09,1.63,1.36,1.44,39.7,0.3682314154052735,-0.05251,0.0018,-0.03723,0.17313,1.4062,7.4,23,2273
GOOGL261218P00270000,GOOGL,2026-12-18,81,P,270.0,-21.23,342.75,1.68,2.05,1.865,1.75,19.8,0.3665834826660156,-0.06434,0.00213,-0.04335,0.20312,1.7781,8.9,14,4277
GOOGL261218P00275000,GOOGL,2026-12-18,81,P,275.0,-19.77,342.75,1.73,2.28,2.005,2.14,27.4,0.3541324353027343,-0.07259,0.00241,-0.04579,0.22293,1.9774,9.9,250,2940
GOOGL261218P00280000,GOOGL,2026-12-18,81,P,280.0,-18.31,342.75,2.55,2.99,2.77,2.61,15.9,0.3579165771484375,-0.09073,0.00283,-0.05459,0.26379,2.6136,12.1,426,6161
GOOGL261218P00285000,GOOGL,2026-12-18,81,P,285.0,-16.85,342.75,2.56,3.25,2.905,3.25,23.8,0.34314621704101556,-0.10077,0.00319,-0.05626,0.28496,2.8369,13.2,19,1153
GOOGL261218P00290000,GOOGL,2026-12-18,81,P,290.0,-15.39,342.75,3.4,4.25,3.825,3.74,22.2,0.3490055334472656,-0.12452,0.00364,-0.06633,0.33149,3.7445,16.2,97,6294
GOOGL261218P00295000,GOOGL,2026-12-18,81,P,295.0,-13.93,342.75,4.15,4.95,4.55,4.62,17.6,0.34256638885498036,-0.14336,0.00409,-0.07136,0.36519,4.3731,18.3,12,1397
GOOGL261218P00300000,GOOGL,2026-12-18,81,P,300.0,-12.47,342.75,5.3,5.9,5.6,5.5,10.7,0.3397282824707031,-0.16655,0.00455,-0.07773,0.40323,5.236,21.0,96,10400
GOOGL261218P00305000,GOOGL,2026-12-18,81,P,305.0,-11.01,342.75,6.1,6.75,6.425,6.75,10.1,0.3318243087768554,-0.18904,0.00505,-0.08171,0.43679,6.0027,23.4,59,2974
GOOGL261218P00310000,GOOGL,2026-12-18,81,P,310.0,-9.56,342.75,7.25,8.05,7.65,7.81,10.5,0.33078672149658206,-0.21788,0.00551,-0.0881,0.47543,7.1952,26.6,160,3332
GOOGL261218P00315000,GOOGL,2026-12-18,81,P,315.0,-8.1,342.75,8.8,9.4,9.1,9.21,6.6,0.3275213732910156,-0.24765,0.00598,-0.09299,0.51052,8.4343,29.9,76,3089
GOOGL261218P00320000,GOOGL,2026-12-18,81,P,320.0,-6.64,342.75,10.05,10.95,10.5,11.0,8.6,0.32498843963623036,-0.2799,0.00641,-0.09742,0.54343,9.8673,33.4,57,8368
GOOGL261218P00325000,GOOGL,2026-12-18,81,P,325.0,-5.18,342.75,11.75,12.65,12.2,12.48,7.4,0.3220282641601562,-0.31387,0.00682,-0.1008,0.5727,11.4435,36.9,294,2884
GOOGL261218P00330000,GOOGL,2026-12-18,81,P,330.0,-3.72,342.75,13.6,15.2,14.4,14.35,11.1,0.32996275512695306,-0.35245,0.00697,-0.10737,0.59957,13.8453,41.2,73,6471
GOOGL261218P00335000,GOOGL,2026-12-18,81,P,335.0,-2.26,342.75,15.65,17.55,16.6,16.76,11.4,0.33124448059082034,-0.38917,0.00717,-0.11022,0.61913,16.0589,45.0,289,2357
GOOGL261218P00340000,GOOGL,2026-12-18,81,P,340.0,-0.8,342.75,17.8,19.9,18.85,18.99,11.1,0.329535513305664,-0.42595,0.00737,-0.11076,0.63302,18.2749,48.7,341,3291
GOOGL261218P00345000,GOOGL,2026-12-18,81,P,345.0,0.66,342.75,20.85,22.6,21.725,21.43,8.1,0.3303899969482421,-0.46303,0.00745,-0.11113,0.64138,20.8386,52.5,73,3248
GOOGL261218P00350000,GOOGL,2026-12-18,81,P,350.0,2.12,342.75,23.3,24.85,24.075,24.0,6.4,0.32141791870117187,-0.50156,0.00769,-0.10645,0.64414,22.9539,56.2,23,6351
GOOGL261218P00355000,GOOGL,2026-12-18,81,P,355.0,3.57,342.75,26.15,28.35,27.25,26.95,8.1,0.32901671966552726,-0.53657,0.00748,-0.10724,0.64144,26.3161,59.7,2,1084
GOOGL261218P00360000,GOOGL,2026-12-18,81,P,360.0,5.03,342.75,29.5,30.35,29.925,30.05,2.8,0.31024859680175776,-0.5801,0.0078,-0.09599,0.63112,28.1762,63.6,28,1430
GOOGL261218P00365000,GOOGL,2026-12-18,81,P,365.0,6.49,342.75,32.3,33.9,33.1,32.75,4.8,0.3131172204589844,-0.61504,0.00756,-0.09273,0.61718,31.593,67.0,36,1576
GOOGL261218P00370000,GOOGL,2026-12-18,81,P,370.0,7.95,342.75,36.3,37.35,36.825,37.75,2.9,0.3117134259033203,-0.65066,0.00735,-0.08673,0.59765,34.9114,70.3,1,995
GOOGL261218P00375000,GOOGL,2026-12-18,81,P,375.0,9.41,342.75,39.4,42.1,40.75,39.47,6.6,0.3303899969482421,-0.67109,0.00678,-0.08955,0.58396,39.5561,72.5,40,637
GOOGL261218P00380000,GOOGL,2026-12-18,81,P,380.0,10.87,342.75,43.1,46.0,44.55,43.19,6.5,0.3325262060546875,-0.69973,0.00648,-0.08425,0.56162,43.3395,75.2,148,1360
GOOGL261218P00385000,GOOGL,2026-12-18,81,P,385.0,12.33,342.75,46.75,49.45,48.1,46.97,5.6,0.32379826599121087,-0.73487,0.00627,-0.07302,0.529,46.6651,78.2,40,401
GOOGL261218P00390000,GOOGL,2026-12-18,81,P,390.0,13.79,342.75,50.95,53.45,52.2,53.9,4.8,0.32282171325683584,-0.76264,0.00593,-0.06524,0.49892,50.5539,80.7,20,614
GOOGL261218P00395000,GOOGL,2026-12-18,81,P,395.0,15.24,342.75,55.0,57.6,56.3,46.55,4.6,0.32260809234619137,-0.78792,0.00556,-0.05763,0.46804,54.5988,82.9,21,617
GOOGL261218P00400000,GOOGL,2026-12-18,81,P,400.0,16.7,342.75,58.7,61.6,60.15,62.1,4.8,0.3163520513916015,-0.81658,0.0052,-0.04664,0.4287,58.4885,85.3,3,1072
GOOGL261218P00405000,GOOGL,2026-12-18,81,P,405.0,18.16,342.75,63.5,66.15,64.825,55.9,4.1,0.3210517114257812,-0.83376,0.00481,-0.0416,0.40275,62.952,86.9,3,298
GOOGL261218P00410000,GOOGL,2026-12-18,81,P,410.0,19.62,342.75,68.45,71.2,69.825,60.6,3.9,0.33777517700195314,-0.83905,0.00448,-0.04327,0.39438,67.9392,87.5,3,106
GOOGL261218P00415000,GOOGL,2026-12-18,81,P,415.0,21.08,342.75,72.65,75.2,73.925,65.6,3.4,0.3242255078124999,-0.86818,0.00408,-0.02854,0.34486,71.8319,89.8,25,247
GOOGL261218P00420000,GOOGL,2026-12-18,81,P,420.0,22.54,342.75,76.55,80.3,78.425,77.0,4.8,0.341376215209961,-0.8704,0.00383,-0.03071,0.34084,76.8787,90.1,2,47
GOOGL261218P00425000,GOOGL,2026-12-18,81,P,425.0,24.0,342.75,0.0,0.0,84.05,84.05,,1.0000000000000003e-05,-1.0,0.0,0.04616,0.0,78.4941,100.0,10,0
GOOGL270115C00260000,GOOGL,2027-01-15,109,C,260.0,-24.14,342.75,86.6,89.25,87.925,90.81,3.0,0.49469499450683596,0.88522,0.00209,-0.10559,0.36307,91.6838,82.4,2,2888
GOOGL270115C00265000,GOOGL,2027-01-15,109,C,265.0,-22.68,342.75,82.4,84.6,83.5,81.35,2.6,0.4790701507568359,0.87682,0.00227,-0.10726,0.38163,87.0522,81.5,2,5013
GOOGL270115C00270000,GOOGL,2027-01-15,109,C,270.0,-21.23,342.75,77.15,80.25,78.7,78.55,3.9,0.4699760034179688,0.86518,0.00246,-0.11103,0.40631,82.6997,80.2,2,2359
GOOGL270115C00275000,GOOGL,2027-01-15,109,C,275.0,-19.77,342.75,73.3,76.2,74.75,73.92,3.9,0.4663444479370118,0.85047,0.00266,-0.11655,0.43579,78.6313,78.3,1,2666
GOOGL270115C00280000,GOOGL,2027-01-15,109,C,280.0,-18.31,342.75,68.9,71.65,70.275,69.78,3.9,0.4506585696411133,0.83958,0.00289,-0.11779,0.45651,74.0882,77.2,4,2953
GOOGL270115C00285000,GOOGL,2027-01-15,109,C,285.0,-16.85,342.75,64.1,67.2,65.65,69.05,4.7,0.4364070031738281,0.82716,0.00313,-0.11933,0.47901,69.6373,75.9,2,744
GOOGL270115C00290000,GOOGL,2027-01-15,109,C,290.0,-15.39,342.75,59.95,62.65,61.3,60.2,4.4,0.4195309512329102,0.81479,0.0034,-0.11976,0.50032,65.0882,74.7,1,1740
GOOGL270115C00295000,GOOGL,2027-01-15,109,C,295.0,-13.93,342.75,55.9,59.05,57.475,55.5,5.5,0.4192257785034179,0.79433,0.00363,-0.12564,0.5332,61.4392,72.3,3,1441
GOOGL270115C00300000,GOOGL,2027-01-15,109,C,300.0,-12.47,342.75,52.0,55.35,53.675,53.7,6.2,0.41510594665527345,0.77438,0.00386,-0.1299,0.56262,57.6954,70.1,47,7042
GOOGL270115C00305000,GOOGL,2027-01-15,109,C,305.0,-11.01,342.75,49.85,51.55,50.7,49.55,3.4,0.40762921478271485,0.75454,0.00412,-0.13265,0.58941,53.8549,67.9,16,1933
GOOGL270115C00310000,GOOGL,2027-01-15,109,C,310.0,-9.56,342.75,44.65,47.4,46.025,46.0,6.0,0.3931945446777344,0.73579,0.00444,-0.13268,0.61257,49.6752,66.1,53,4537
GOOGL270115C00315000,GOOGL,2027-01-15,109,C,315.0,-8.1,342.75,41.8,43.75,42.775,42.65,4.6,0.38532108825683586,0.71327,0.00472,-0.13447,0.63772,45.9738,63.8,1,2150
GOOGL270115C00320000,GOOGL,2027-01-15,109,C,320.0,-6.64,342.75,38.7,40.3,39.5,40.75,4.1,0.3788209091186523,0.68898,0.00498,-0.13622,0.66173,42.4624,61.3,20,4041
GOOGL270115C00325000,GOOGL,2027-01-15,109,C,325.0,-5.18,342.75,35.65,37.85,36.75,36.04,6.0,0.38483281188964835,0.66086,0.00508,-0.14148,0.68563,39.9195,58.1,5,1616
GOOGL270115C00330000,GOOGL,2027-01-15,109,C,330.0,-3.72,342.75,33.35,34.35,33.85,33.4,3.0,0.37399917999267573,0.63537,0.00536,-0.14062,0.70379,36.3564,55.6,106,3422
GOOGL270115C00335000,GOOGL,2027-01-15,109,C,335.0,-2.26,342.75,29.4,31.2,30.3,29.9,5.9,0.3663698617553711,0.60796,0.0056,-0.14016,0.7197,33.1307,52.9,61,1663
GOOGL270115C00340000,GOOGL,2027-01-15,109,C,340.0,-0.8,342.75,27.25,28.5,27.875,27.85,4.5,0.36304347900390627,0.57926,0.00575,-0.14041,0.73243,30.3444,50.1,158,4400
GOOGL270115C00345000,GOOGL,2027-01-15,109,C,345.0,0.66,342.75,25.35,26.05,25.7,25.7,2.7,0.36116666671752923,0.55016,0.00585,-0.14043,0.74132,27.8045,47.2,137,2059
GOOGL270115C00350000,GOOGL,2027-01-15,109,C,350.0,2.12,342.75,23.0,23.45,23.225,23.41,1.9,0.35538364349365226,0.52027,0.00599,-0.13845,0.74627,25.1147,44.3,379,25303
GOOGL270115C00355000,GOOGL,2027-01-15,109,C,355.0,3.57,342.75,20.85,21.5,21.175,20.95,3.1,0.3563601962280273,0.49138,0.00598,-0.13805,0.74706,23.0701,41.4,128,2340
GOOGL270115C00360000,GOOGL,2027-01-15,109,C,360.0,5.03,342.75,19.05,19.3,19.175,18.95,1.3,0.3521335539245605,0.46141,0.00602,-0.13519,0.74373,20.7775,38.6,1133,15089
GOOGL270115C00365000,GOOGL,2027-01-15,109,C,365.0,6.49,342.75,17.1,17.6,17.35,17.35,2.9,0.35278967529296873,0.43334,0.00595,-0.13343,0.73677,18.9853,35.9,143,2653
GOOGL270115C00370000,GOOGL,2027-01-15,109,C,370.0,7.95,342.75,15.2,16.0,15.6,15.6,5.1,0.3530643307495117,0.40589,0.00586,-0.13099,0.72634,17.2954,33.3,40,9573
GOOGL270115C00375000,GOOGL,2027-01-15,109,C,375.0,9.41,342.75,13.7,15.3,14.5,13.95,11.0,0.36438623901367195,0.38513,0.0056,-0.13234,0.71603,16.52,31.2,42,3729
GOOGL270115C00380000,GOOGL,2027-01-15,109,C,380.0,10.87,342.75,12.45,12.9,12.675,12.5,3.6,0.34979898254394526,0.35136,0.00566,-0.12314,0.69474,14.0199,28.3,412,12744
GOOGL270115C00385000,GOOGL,2027-01-15,109,C,385.0,12.33,342.75,11.1,11.9,11.5,11.1,7.0,0.3537662280273437,0.32894,0.00546,-0.12087,0.67744,12.9447,26.2,123,1901
GOOGL270115C00390000,GOOGL,2027-01-15,109,C,390.0,13.79,342.75,10.0,10.75,10.375,10.05,7.2,0.3540103662109374,0.30534,0.00529,-0.11678,0.65641,11.7177,24.1,146,9099
GOOGL270115C00395000,GOOGL,2027-01-15,109,C,395.0,15.24,342.75,8.6,9.45,9.025,8.96,9.4,0.3502262243652343,0.27987,0.00513,-0.11065,0.63036,10.337,21.9,34,2013
GOOGL270115C00400000,GOOGL,2027-01-15,109,C,400.0,16.7,342.75,8.0,8.2,8.1,8.05,2.5,0.3453129434204102,0.25434,0.00496,-0.10371,0.60063,9.0047,19.8,2058,24740
GOOGL270115C00405000,GOOGL,2027-01-15,109,C,405.0,18.16,342.75,7.1,7.45,7.275,7.05,4.8,0.3474186352539062,0.2354,0.00473,-0.09976,0.57613,8.1931,18.1,47,4154
GOOGL270115C00410000,GOOGL,2027-01-15,109,C,410.0,19.62,342.75,5.75,6.6,6.175,6.37,13.8,0.3462589788818359,0.21503,0.00451,-0.09421,0.54733,7.2759,16.4,1158,10170
GOOGL270115C00415000,GOOGL,2027-01-15,109,C,415.0,21.08,342.75,5.15,6.15,5.65,5.75,17.7,0.3515384671020507,0.20117,0.00427,-0.09167,0.52621,6.7802,15.2,23,2341
GOOGL270115C00420000,GOOGL,2027-01-15,109,C,420.0,22.54,342.75,4.85,5.35,5.1,5.08,9.8,0.3485172570800781,0.18161,0.00404,-0.08519,0.49423,5.9166,13.6,39,4558
GOOGL270115C00425000,GOOGL,2027-01-15,109,C,425.0,24.0,342.75,4.2,4.7,4.45,4.47,11.2,0.347113462524414,0.16451,0.00381,-0.0795,0.46405,5.2135,12.2,41,1967
GOOGL270115P00260000,GOOGL,2027-01-15,109,P,260.0,-24.14,342.75,1.75,2.34,2.045,1.85,28.9,0.3670717590332031,-0.0621,0.00178,-0.03604,0.22921,2.0033,9.1,36,5030
GOOGL270115P00265000,GOOGL,2027-01-15,109,P,265.0,-22.68,342.75,2.1,2.33,2.215,2.25,10.4,0.3467472552490234,-0.06482,0.00195,-0.03504,0.23698,1.9818,9.2,17,8694
GOOGL270115P00270000,GOOGL,2027-01-15,109,P,270.0,-21.23,342.75,2.55,3.05,2.8,2.6,17.9,0.35169105346679685,-0.08081,0.00227,-0.04194,0.28059,2.6178,11.4,26,4203
GOOGL270115P00275000,GOOGL,2027-01-15,109,P,275.0,-19.77,342.75,2.99,3.2,3.095,3.15,6.8,0.3358220715332031,-0.08741,0.00253,-0.04226,0.29761,2.7368,12.0,40,3360
GOOGL270115P00280000,GOOGL,2027-01-15,109,P,280.0,-18.31,342.75,3.4,4.0,3.7,3.7,16.2,0.33765310791015624,-0.10512,0.00288,-0.04847,0.34087,3.4441,14.3,29,9177
GOOGL270115P00285000,GOOGL,2027-01-15,109,P,285.0,-16.85,342.75,4.05,4.6,4.325,4.4,12.7,0.33148861877441405,-0.11998,0.00322,-0.05203,0.37464,3.971,16.0,7,5542
GOOGL270115P00290000,GOOGL,2027-01-15,109,P,290.0,-15.39,342.75,5.1,5.8,5.45,5.15,12.8,0.3368901760864258,-0.14351,0.00359,-0.05957,0.42393,5.0492,18.9,37,4558
GOOGL270115P00295000,GOOGL,2027-01-15,109,P,295.0,-13.93,342.75,5.75,7.25,6.5,6.2,23.1,0.34363449340820307,-0.16943,0.00392,-0.06749,0.47296,6.3649,22.1,37,3064
GOOGL270115P00300000,GOOGL,2027-01-15,109,P,300.0,-12.47,342.75,7.05,7.4,7.225,7.2,4.8,0.32257757507324214,-0.18098,0.00436,-0.06547,0.49316,6.4643,23.1,134,16508
GOOGL270115P00305000,GOOGL,2027-01-15,109,P,305.0,-11.01,342.75,8.1,8.65,8.375,8.34,6.6,0.32092964233398436,-0.20578,0.00474,-0.06996,0.53337,7.5902,25.9,101,3498
GOOGL270115P00310000,GOOGL,2027-01-15,109,P,310.0,-9.56,342.75,9.45,10.0,9.725,9.48,5.7,0.31854929504394525,-0.23191,0.00511,-0.07381,0.57137,8.8105,28.8,128,7141
GOOGL270115P00315000,GOOGL,2027-01-15,109,P,315.0,-8.1,342.75,10.95,11.85,11.4,11.1,7.9,0.321723091430664,-0.26237,0.00541,-0.07907,0.61038,10.507,32.3,21,4452
GOOGL270115P00320000,GOOGL,2027-01-15,109,P,320.0,-6.64,342.75,12.6,13.6,13.1,12.8,7.6,0.32059395233154286,-0.29191,0.00572,-0.08229,0.64312,12.1092,35.5,139,7777
GOOGL270115P00325000,GOOGL,2027-01-15,109,P,325.0,-5.18,342.75,14.35,15.0,14.675,14.7,4.4,0.3120948918151855,-0.32021,0.00612,-0.08243,0.67,13.3737,38.3,143,5163
GOOGL270115P00330000,GOOGL,2027-01-15,109,P,330.0,-3.72,342.75,16.3,17.1,16.7,16.65,4.8,0.3114998049926757,-0.35272,0.00637,-0.08448,0.69571,15.3119,41.8,172,11299
GOOGL270115P00335000,GOOGL,2027-01-15,109,P,335.0,-2.26,342.75,18.15,19.05,18.6,18.6,4.8,0.3064949722290039,-0.38529,0.00666,-0.08434,0.71612,17.103,45.1,10,2284
GOOGL270115P00340000,GOOGL,2027-01-15,109,P,340.0,-0.8,342.75,20.7,21.6,21.15,21.03,4.3,0.3073799731445312,-0.41954,0.00679,-0.08532,0.73198,19.4811,48.6,85,4904
GOOGL270115P00345000,GOOGL,2027-01-15,109,P,345.0,0.66,342.75,23.35,24.25,23.8,23.75,3.8,0.30725790405273434,-0.45378,0.00689,-0.08516,0.74221,21.959,52.1,38,2172
GOOGL270115P00350000,GOOGL,2027-01-15,109,P,350.0,2.12,342.75,25.3,26.95,26.125,26.48,6.3,0.3055489367675781,-0.48817,0.00697,-0.08367,0.7469,24.4881,55.5,29,5720
GOOGL270115P00355000,GOOGL,2027-01-15,109,P,355.0,3.57,342.75,28.6,29.55,29.075,29.52,3.3,0.30023893127441403,-0.5236,0.00708,-0.08011,0.74592,26.9148,58.8,14,3377
GOOGL270115P00360000,GOOGL,2027-01-15,109,P,360.0,5.03,342.75,31.4,32.95,32.175,32.38,4.8,0.3035042794799804,-0.55611,0.00695,-0.07881,0.73983,30.1447,62.1,12,3325
GOOGL270115P00365000,GOOGL,2027-01-15,109,P,365.0,6.49,342.75,35.15,36.85,36.0,34.7,4.7,0.31165239135742184,-0.58473,0.00668,-0.07873,0.73031,33.8827,65.0,1,1071
GOOGL270115P00370000,GOOGL,2027-01-15,109,P,370.0,7.95,342.75,37.25,40.1,38.675,38.15,7.4,0.3089058367919921,-0.61716,0.0066,-0.07405,0.71477,36.9683,68.0,2,3765
GOOGL270115P00375000,GOOGL,2027-01-15,109,P,375.0,9.41,342.75,41.0,43.55,42.275,43.07,6.0,0.30689169677734374,-0.64844,0.00645,-0.06905,0.69489,40.2559,70.8,5,1164
GOOGL270115P00380000,GOOGL,2027-01-15,109,P,380.0,10.87,342.75,44.4,47.5,45.95,47.1,6.7,0.31037066589355466,-0.67474,0.00619,-0.06584,0.67435,44.0564,73.3,74,3762
GOOGL270115P00385000,GOOGL,2027-01-15,109,P,385.0,12.33,342.75,47.7,51.25,49.475,53.0,7.2,0.30902790588378903,-0.70304,0.00598,-0.06026,0.64823,47.6536,75.9,3,1018
GOOGL270115P00390000,GOOGL,2027-01-15,109,P,390.0,13.79,342.75,52.95,54.5,53.725,54.72,2.9,0.2971261694335937,-0.73912,0.00584,-0.04963,0.60861,50.7283,78.9,1,1219
GOOGL270115P00395000,GOOGL,2027-01-15,109,P,395.0,15.24,342.75,56.25,58.9,57.575,57.0,4.6,0.30261927856445314,-0.75899,0.0055,-0.04648,0.58361,55.0002,80.7,5,369
GOOGL270115P00400000,GOOGL,2027-01-15,109,P,400.0,16.7,342.75,60.35,63.5,61.925,62.0,5.1,0.31061480407714837,-0.7748,0.00516,-0.04446,0.56203,59.485,82.2,2,1168
GOOGL270115P00405000,GOOGL,2027-01-15,109,P,405.0,18.16,342.75,64.6,67.3,65.95,63.75,4.1,0.30179531219482425,-0.80428,0.00489,-0.03452,0.51757,63.132,84.7,1,412
GOOGL270115P00410000,GOOGL,2027-01-15,109,P,410.0,19.62,342.75,68.9,72.1,70.5,61.15,4.5,0.3114692877197265,-0.81522,0.00457,-0.03333,0.4996,67.8332,85.7,4,615
GOOGL270115P00415000,GOOGL,2027-01-15,109,P,415.0,21.08,342.75,73.45,76.55,75.0,66.7,4.1,0.3127510131835937,-0.83243,0.00428,-0.0282,0.4696,72.1667,87.2,3,77
GOOGL270115P00420000,GOOGL,2027-01-15,109,P,420.0,22.54,342.75,78.2,80.45,79.325,78.5,2.8,0.2987741021728515,-0.86216,0.00394,-0.01583,0.4125,75.9146,89.5,1,256
GOOGL270115P00425000,GOOGL,2027-01-15,109,P,425.0,24.0,342.75,82.45,85.05,83.75,82.95,3.1,0.299811689453125,-0.87656,0.00363,-0.01082,0.38219,80.4075,90.7,4,259
GOOGL270219C00260000,GOOGL,2027-02-19,144,C,260.0,-24.14,342.75,89.0,92.4,90.7,90.31,3.7,0.497197410888672,0.86247,0.00205,-0.10366,0.4734,95.4581,78.2,2,471
GOOGL270219C00265000,GOOGL,2027-02-19,144,C,265.0,-22.68,342.75,84.65,88.05,86.35,86.5,3.9,0.48648584808349615,0.85231,0.0022,-0.10594,0.49678,91.1174,77.1,2,70
GOOGL270219C00270000,GOOGL,2027-02-19,144,C,270.0,-21.23,342.75,80.35,84.0,82.175,80.6,4.4,0.48053497985839844,0.8398,0.00235,-0.10947,0.52423,87.0579,75.5,1,193
GOOGL270219C00275000,GOOGL,2027-02-19,144,C,275.0,-19.77,342.75,76.15,79.7,77.925,77.89,4.6,0.4691825543212891,0.82849,0.00252,-0.11131,0.54788,82.7609,74.3,3,104
GOOGL270219C00280000,GOOGL,2027-02-19,144,C,280.0,-18.31,342.75,72.5,75.15,73.825,73.59,3.6,0.45300839965820316,0.81817,0.00271,-0.11158,0.56851,78.2234,73.4,3,636
GOOGL270219C00285000,GOOGL,2027-02-19,144,C,285.0,-16.85,342.75,68.65,71.05,69.85,65.8,3.4,0.4437311486816406,0.80455,0.00289,-0.11368,0.59439,74.1095,71.9,1,17
GOOGL270219C00290000,GOOGL,2027-02-19,144,C,290.0,-15.39,342.75,64.75,67.0,65.875,62.94,3.4,0.4343928631591797,0.7901,0.00308,-0.11556,0.62028,70.0424,70.3,1,67
GOOGL270219C00295000,GOOGL,2027-02-19,144,C,295.0,-13.93,342.75,60.95,63.55,62.25,61.96,4.2,0.4329890686035156,0.77206,0.00324,-0.11949,0.65042,66.5437,68.2,1,114
GOOGL270219C00300000,GOOGL,2027-02-19,144,C,300.0,-12.47,342.75,56.7,59.95,58.325,60.12,5.6,0.42795371856689457,0.7545,0.00342,-0.12212,0.67752,62.8996,66.3,13,242
GOOGL270219C00305000,GOOGL,2027-02-19,144,C,305.0,-11.01,342.75,53.75,56.3,55.025,53.2,4.6,0.42104155624389655,0.73668,0.0036,-0.12394,0.70287,59.207,64.4,1,87
GOOGL270219C00310000,GOOGL,2027-02-19,144,C,310.0,-9.56,342.75,50.4,52.4,51.4,49.2,3.9,0.4097043893432617,0.71913,0.00382,-0.1242,0.72579,55.2704,62.7,1,84
GOOGL270219C00315000,GOOGL,2027-02-19,144,C,315.0,-8.1,342.75,46.55,49.8,48.175,49.66,6.7,0.41425146301269533,0.6968,0.00392,-0.12859,0.7521,52.5865,60.1,6,94
GOOGL270219C00320000,GOOGL,2027-02-19,144,C,320.0,-6.64,342.75,43.9,46.5,45.2,43.9,5.8,0.4082700775146484,0.67637,0.00409,-0.12966,0.77349,49.2253,58.0,26,171
GOOGL270219C00325000,GOOGL,2027-02-19,144,C,325.0,-5.18,342.75,40.55,43.5,42.025,43.25,7.0,0.40476059112548823,0.65481,0.00423,-0.13104,0.79335,46.1522,55.7,4,45
GOOGL270219C00330000,GOOGL,2027-02-19,144,C,330.0,-3.72,342.75,39.0,40.65,39.825,38.96,4.1,0.4017698983764648,0.63267,0.00435,-0.13215,0.81092,43.2254,53.4,27,577
GOOGL270219C00335000,GOOGL,2027-02-19,144,C,335.0,-2.26,342.75,35.4,37.4,36.4,35.95,5.5,0.3927062683105469,0.61027,0.00454,-0.13116,0.82584,39.9047,51.3,22,313
GOOGL270219C00340000,GOOGL,2027-02-19,144,C,340.0,-0.8,342.75,33.8,34.55,34.175,33.8,2.2,0.387152124633789,0.58691,0.00467,-0.1307,0.8384,36.9718,49.1,108,451
GOOGL270219C00345000,GOOGL,2027-02-19,144,C,345.0,0.66,342.75,31.05,32.5,31.775,31.14,4.6,0.389654541015625,0.56361,0.0047,-0.13207,0.84792,34.8284,46.6,107,553
GOOGL270219C00350000,GOOGL,2027-02-19,144,C,350.0,2.12,342.75,28.15,29.7,28.925,29.09,5.4,0.3820557400512695,0.53924,0.00483,-0.13014,0.8547,31.9417,44.4,43,1423
GOOGL270219C00355000,GOOGL,2027-02-19,144,C,355.0,3.57,342.75,26.65,27.85,27.25,26.74,4.4,0.3841614318847656,0.51616,0.00482,-0.13057,0.85816,29.9958,42.0,5,449
GOOGL270219C00360000,GOOGL,2027-02-19,144,C,360.0,5.03,342.75,24.0,25.75,24.875,24.77,7.0,0.3820709986877441,0.49248,0.00485,-0.12937,0.85871,27.8027,39.8,18,1229
GOOGL270219C00365000,GOOGL,2027-02-19,144,C,365.0,6.49,342.75,22.8,24.1,23.45,23.1,5.5,0.3839478109741211,0.47019,0.00481,-0.12898,0.85646,26.0596,37.6,42,586
GOOGL270219C00370000,GOOGL,2027-02-19,144,C,370.0,7.95,342.75,19.85,21.85,20.85,19.7,9.6,0.3775239250183105,0.44532,0.00486,-0.12565,0.85078,23.7146,35.4,23,417
GOOGL270219C00375000,GOOGL,2027-02-19,144,C,375.0,9.41,342.75,19.3,20.3,19.8,19.05,5.1,0.3781037532043457,0.4233,0.00481,-0.12415,0.84294,22.0729,33.3,6,274
GOOGL270219C00380000,GOOGL,2027-02-19,144,C,380.0,10.87,342.75,16.65,18.5,17.575,17.16,10.5,0.374456939086914,0.39977,0.00479,-0.12093,0.83161,20.1789,31.2,6,1464
GOOGL270219C00385000,GOOGL,2027-02-19,144,C,385.0,12.33,342.75,16.25,17.25,16.75,15.92,6.0,0.3763184927368164,0.37948,0.0047,-0.11925,0.81937,18.842,29.3,1,190
GOOGL270219C00390000,GOOGL,2027-02-19,144,C,390.0,13.79,342.75,14.0,15.6,14.8,14.55,10.8,0.37201555725097657,0.35632,0.00465,-0.11518,0.80253,17.0976,27.4,7,549
GOOGL270219C00395000,GOOGL,2027-02-19,144,C,395.0,15.24,342.75,13.65,14.35,14.0,13.81,5.0,0.3715883154296875,0.33593,0.00456,-0.1122,0.78516,15.7618,25.6,42,261
GOOGL270219C00400000,GOOGL,2027-02-19,144,C,400.0,16.7,342.75,12.5,13.0,12.75,12.6,3.9,0.3686891744995118,0.31452,0.00447,-0.10808,0.76427,14.3242,23.7,78,1669
GOOGL270219C00410000,GOOGL,2027-02-19,144,C,410.0,19.62,342.75,10.0,11.05,10.525,10.46,10.0,0.36972676177978514,0.27847,0.00422,-0.10191,0.72277,12.2208,20.6,2,949
GOOGL270219C00420000,GOOGL,2027-02-19,144,C,420.0,22.54,342.75,8.1,9.2,8.65,8.8,12.7,0.3681093463134766,0.24346,0.00395,-0.09423,0.67448,10.2237,17.7,32,1002
GOOGL270219P00260000,GOOGL,2027-02-19,144,P,260.0,-24.14,342.75,2.6,3.8,3.2,3.48,37.5,0.3642946871948243,-0.08212,0.00193,-0.03785,0.32642,3.2278,12.3,32,1517
GOOGL270219P00265000,GOOGL,2027-02-19,144,P,265.0,-22.68,342.75,3.7,4.15,3.925,3.77,11.5,0.3544681253051757,-0.09049,0.00214,-0.03942,0.35102,3.5222,13.2,3,857
GOOGL270219P00270000,GOOGL,2027-02-19,144,P,270.0,-21.23,342.75,3.85,5.0,4.425,4.37,26.0,0.3557193334960937,-0.10562,0.00238,-0.04412,0.39314,4.2688,15.2,18,461
GOOGL270219P00275000,GOOGL,2027-02-19,144,P,275.0,-19.77,342.75,4.7,5.45,5.075,5.16,14.8,0.3459538061523437,-0.11609,0.00262,-0.04566,0.42068,4.6499,16.4,2,577
GOOGL270219P00280000,GOOGL,2027-02-19,144,P,280.0,-18.31,342.75,5.6,6.4,6.0,6.05,13.3,0.3454655297851562,-0.13283,0.00289,-0.04986,0.46224,5.4873,18.5,15,2355
GOOGL270219P00285000,GOOGL,2027-02-19,144,P,285.0,-16.85,342.75,6.7,7.35,7.025,7.3,9.3,0.34290207885742185,-0.14972,0.00315,-0.05337,0.50133,6.3244,20.5,1,1138
GOOGL270219P00290000,GOOGL,2027-02-19,144,P,290.0,-15.39,342.75,7.85,8.45,8.15,7.97,7.4,0.3411625942993164,-0.16836,0.00342,-0.05701,0.5414,7.2992,22.8,12,2472
GOOGL270219P00295000,GOOGL,2027-02-19,144,P,295.0,-13.93,342.75,8.8,9.5,9.15,9.25,7.7,0.3367681069946289,-0.18684,0.0037,-0.05969,0.57819,8.2255,24.9,8,2431
GOOGL270219P00300000,GOOGL,2027-02-19,144,P,300.0,-12.47,342.75,9.9,10.85,10.375,10.37,9.2,0.3354558642578125,-0.20825,0.00397,-0.06306,0.6174,9.4325,27.4,16,2505
GOOGL270219P00305000,GOOGL,2027-02-19,144,P,305.0,-11.01,342.75,11.5,12.4,11.95,11.6,7.5,0.33518120880126956,-0.23133,0.00422,-0.06645,0.65581,10.8267,30.0,10,1401
GOOGL270219P00310000,GOOGL,2027-02-19,144,P,310.0,-9.56,342.75,12.75,14.1,13.425,12.96,10.1,0.3350896569824219,-0.25547,0.00446,-0.06956,0.69197,12.3648,32.7,2,1546
GOOGL270219P00315000,GOOGL,2027-02-19,144,P,315.0,-8.1,342.75,14.25,15.65,14.95,15.47,9.4,0.33112241149902344,-0.279,0.00471,-0.07119,0.72344,13.7576,35.3,35,1087
GOOGL270219P00320000,GOOGL,2027-02-19,144,P,320.0,-6.64,342.75,16.1,17.5,16.8,16.64,8.3,0.3294439614868163,-0.30445,0.00493,-0.07306,0.75349,15.4374,38.0,4,874
GOOGL270219P00325000,GOOGL,2027-02-19,144,P,325.0,-5.18,342.75,17.85,19.7,18.775,18.45,9.9,0.3303899969482421,-0.3314,0.0051,-0.07523,0.78097,17.4539,41.0,4,530
GOOGL270219P00330000,GOOGL,2027-02-19,144,P,330.0,-3.72,342.75,20.05,21.7,20.875,21.03,7.9,0.32709413146972655,-0.35791,0.0053,-0.07573,0.80379,19.2758,43.7,1,706
GOOGL270219P00335000,GOOGL,2027-02-19,144,P,335.0,-2.26,342.75,22.15,23.9,23.025,22.2,7.6,0.32459171508789053,-0.38533,0.00547,-0.07596,0.82313,21.292,46.5,63,685
GOOGL270219P00340000,GOOGL,2027-02-19,144,P,340.0,-0.8,342.75,24.7,26.25,25.475,25.9,6.1,0.32221136779785153,-0.41334,0.00561,-0.07572,0.83851,23.4527,49.3,10,1599
GOOGL270219P00345000,GOOGL,2027-02-19,144,P,345.0,0.66,342.75,27.5,28.7,28.1,27.0,4.3,0.31937326141357414,-0.44182,0.00574,-0.07481,0.84971,25.7108,52.2,2,680
GOOGL270219P00350000,GOOGL,2027-02-19,144,P,350.0,2.12,342.75,29.55,31.85,30.7,32.6,7.5,0.3230353341674803,-0.46968,0.00572,-0.07527,0.85638,28.6622,55.0,1,591
GOOGL270219P00355000,GOOGL,2027-02-19,144,P,355.0,3.57,342.75,32.3,34.7,33.5,36.05,7.2,0.3216010223388671,-0.49789,0.00576,-0.07377,0.85885,31.3162,57.8,1,211
GOOGL270219P00360000,GOOGL,2027-02-19,144,P,360.0,5.03,342.75,35.05,36.65,35.85,36.15,4.5,0.3080208358764648,-0.53009,0.006,-0.06806,0.85642,33.0638,60.6,5,1204
GOOGL270219P00365000,GOOGL,2027-02-19,144,P,365.0,6.49,342.75,38.1,40.95,39.525,30.93,7.2,0.3205024005126953,-0.55306,0.00573,-0.06988,0.85125,37.1752,63.1,10,255
GOOGL270219P00370000,GOOGL,2027-02-19,144,P,370.0,7.95,342.75,41.1,44.1,42.6,41.3,7.0,0.31796946685791017,-0.58089,0.00571,-0.06665,0.84114,40.1305,65.7,60,145
GOOGL270219P00375000,GOOGL,2027-02-19,144,P,375.0,9.41,342.75,44.7,47.25,45.975,38.9,5.5,0.3138496350097656,-0.60932,0.00568,-0.06245,0.82641,43.0829,68.2,10,42
GOOGL270219P00380000,GOOGL,2027-02-19,144,P,380.0,10.87,342.75,48.1,50.75,49.425,42.12,5.4,0.31250687499999996,-0.63573,0.00558,-0.05878,0.80866,46.3918,70.7,1,40
GOOGL270219P00385000,GOOGL,2027-02-19,144,P,385.0,12.33,342.75,51.75,54.4,53.075,51.7,5.0,0.3115913568115234,-0.66109,0.00546,-0.05494,0.78785,49.8529,72.9,2,3
GOOGL270219P00390000,GOOGL,2027-02-19,144,P,390.0,13.79,342.75,0.0,0.0,58.9,58.9,,1.0000000000000003e-05,-1.0,0.0,0.04207,0.0,41.1438,100.0,41,0
GOOGL270219P00395000,GOOGL,2027-02-19,144,P,395.0,15.24,342.75,59.25,62.3,60.775,61.74,5.0,0.31372756591796874,-0.70589,0.0051,-0.048,0.74177,57.3999,77.0,5,5
GOOGL270219P00400000,GOOGL,2027-02-19,144,P,400.0,16.7,342.75,63.2,65.75,64.475,63.64,4.0,0.30548790222167965,-0.73461,0.00498,-0.04061,0.70568,60.6507,79.4,8,29
GOOGL270219P00410000,GOOGL,2027-02-19,144,P,410.0,19.62,342.75,71.05,74.35,72.7,84.25,4.5,0.3100654931640625,-0.7708,0.00454,-0.03373,0.65243,68.9338,82.5,18,21
GOOGL270319C00260000,GOOGL,2027-03-19,172,C,260.0,-24.14,342.75,90.8,94.2,92.5,88.1,3.7,0.4871572280883789,0.85311,0.00201,-0.09794,0.54097,97.77,76.3,1,93
GOOGL270319C00265000,GOOGL,2027-03-19,172,C,265.0,-22.68,342.75,86.85,90.15,88.5,89.7,3.7,0.4809622216796875,0.84168,0.00214,-0.10083,0.56853,93.7173,74.9,1,43
GOOGL270319C00270000,GOOGL,2027-03-19,172,C,270.0,-21.23,342.75,82.95,85.55,84.25,83.47,3.1,0.4650932397460938,0.83296,0.00229,-0.10111,0.58871,89.1434,74.1,51,415
GOOGL270319C00275000,GOOGL,2027-03-19,172,C,275.0,-19.77,342.75,78.95,82.1,80.525,78.7,3.9,0.4667106552124024,0.81765,0.00241,-0.10577,0.62244,85.6541,72.1,1,152
GOOGL270319C00280000,GOOGL,2027-03-19,172,C,280.0,-18.31,342.75,74.95,77.0,75.975,74.35,2.7,0.4425104577636719,0.81047,0.0026,-0.10362,0.63752,80.5999,71.8,15,1222
GOOGL270319C00285000,GOOGL,2027-03-19,172,C,285.0,-16.85,342.75,70.45,73.55,72.0,69.18,4.3,0.44217476776123044,0.79439,0.00274,-0.10747,0.66969,77.1052,69.8,1,270
GOOGL270319C00290000,GOOGL,2027-03-19,172,C,290.0,-15.39,342.75,67.25,69.3,68.275,68.14,3.0,0.4295406167602539,0.78175,0.00292,-0.10797,0.69347,72.8499,68.6,5,445
GOOGL270319C00295000,GOOGL,2027-03-19,172,C,295.0,-13.93,342.75,63.0,65.7,64.35,62.25,4.2,0.4249935430908204,0.76569,0.00307,-0.11036,0.72186,69.2085,66.7,14,106
GOOGL270319C00300000,GOOGL,2027-03-19,172,C,300.0,-12.47,342.75,60.15,62.05,61.1,59.89,3.1,0.4187680194091796,0.74944,0.00323,-0.1121,0.74857,65.5184,65.0,3,1099
GOOGL270319C00305000,GOOGL,2027-03-19,172,C,305.0,-11.01,342.75,57.0,58.8,57.9,57.55,3.1,0.41654025848388665,0.73138,0.00337,-0.11461,0.77597,62.209,63.0,29,360
GOOGL270319C00310000,GOOGL,2027-03-19,172,C,310.0,-9.56,342.75,53.25,55.45,54.35,54.19,4.0,0.41190163299560545,0.71336,0.00351,-0.11626,0.80098,58.8006,61.0,1,362
GOOGL270319C00315000,GOOGL,2027-03-19,172,C,315.0,-8.1,342.75,49.55,52.55,51.05,52.5,5.9,0.4115049084472656,0.69387,0.00362,-0.1187,0.82551,55.8263,58.9,10,494
GOOGL270319C00320000,GOOGL,2027-03-19,172,C,320.0,-6.64,342.75,47.9,48.9,48.4,47.85,2.1,0.4012663633728027,0.67562,0.00381,-0.11837,0.84616,52.1238,57.1,1,616
GOOGL270319C00325000,GOOGL,2027-03-19,172,C,325.0,-5.18,342.75,44.0,46.3,45.15,44.9,5.1,0.4019835192871094,0.65505,0.0039,-0.12048,0.86684,49.4367,54.9,3,649
GOOGL270319C00330000,GOOGL,2027-03-19,172,C,330.0,-3.72,342.75,41.0,43.25,42.125,41.96,5.3,0.39649041015625003,0.63481,0.00403,-0.12072,0.88454,46.3111,52.9,20,676
GOOGL270319C00335000,GOOGL,2027-03-19,172,C,335.0,-2.26,342.75,39.2,40.85,40.025,39.7,4.1,0.39703972106933594,0.61384,0.0041,-0.12215,0.90017,43.8197,50.7,10,1093
GOOGL270319C00340000,GOOGL,2027-03-19,172,C,340.0,-0.8,342.75,35.65,37.8,36.725,36.64,5.9,0.38941040283203127,0.59263,0.00424,-0.12118,0.91324,40.6901,48.7,92,1374
GOOGL270319C00345000,GOOGL,2027-03-19,172,C,345.0,0.66,342.75,33.05,35.7,34.375,34.45,7.7,0.39089049057006836,0.57143,0.00427,-0.12219,0.92357,38.4916,46.5,20,725
GOOGL270319C00350000,GOOGL,2027-03-19,172,C,350.0,2.12,342.75,31.05,32.9,31.975,32.0,5.8,0.38377996597290037,0.54927,0.00438,-0.12065,0.93149,35.601,44.4,50,2522
GOOGL270319C00355000,GOOGL,2027-03-19,172,C,355.0,3.57,342.75,29.15,31.1,30.125,30.2,6.5,0.3862213478088378,0.52838,0.00438,-0.12127,0.93628,33.7009,42.3,9,750
GOOGL270319C00360000,GOOGL,2027-03-19,172,C,360.0,5.03,342.75,27.1,29.0,28.05,28.05,6.8,0.3843750527954102,0.50689,0.00441,-0.12045,0.93851,31.5021,40.3,49,1300
GOOGL270319C00365000,GOOGL,2027-03-19,172,C,365.0,6.49,342.75,25.2,26.7,25.95,26.05,5.8,0.37933970275878903,0.48447,0.00447,-0.11844,0.93794,29.1039,38.2,8,984
GOOGL270319C00370000,GOOGL,2027-03-19,172,C,370.0,7.95,342.75,23.1,25.05,24.075,24.05,8.1,0.3801636691284179,0.46397,0.00444,-0.11774,0.93482,27.3536,36.3,46,1416
GOOGL270319C00375000,GOOGL,2027-03-19,172,C,375.0,9.41,342.75,21.3,23.2,22.25,22.1,8.5,0.37782909774780266,0.44261,0.00444,-0.11587,0.92892,25.4045,34.3,28,967
GOOGL270319C00380000,GOOGL,2027-03-19,172,C,380.0,10.87,342.75,19.55,21.65,20.6,20.5,10.2,0.37772228729248036,0.42248,0.0044,-0.11438,0.92088,23.7565,32.5,469,1464
GOOGL270319C00385000,GOOGL,2027-03-19,172,C,385.0,12.33,342.75,19.0,19.7,19.35,18.83,3.6,0.3721681436157227,0.39995,0.00441,-0.11099,0.90898,21.7027,30.5,10,1033
GOOGL270319C00390000,GOOGL,2027-03-19,172,C,390.0,13.79,342.75,17.55,18.4,17.975,17.65,4.7,0.37283952362060546,0.38096,0.00434,-0.10925,0.89655,20.3075,28.8,23,1928
GOOGL270319C00395000,GOOGL,2027-03-19,172,C,395.0,15.24,342.75,15.4,17.2,16.3,16.3,11.0,0.3737703004455566,0.36271,0.00427,-0.10743,0.88251,19.0174,27.2,12,879
GOOGL270319C00400000,GOOGL,2027-03-19,172,C,400.0,16.7,342.75,15.0,15.9,15.45,15.3,5.8,0.372625902709961,0.34374,0.0042,-0.10475,0.8657,17.6249,25.5,264,7099
GOOGL270319C00405000,GOOGL,2027-03-19,172,C,405.0,18.16,342.75,13.3,14.5,13.9,13.9,8.6,0.36926900268554685,0.32375,0.00414,-0.10115,0.84548,16.1262,23.9,11,663
GOOGL270319C00410000,GOOGL,2027-03-19,172,C,410.0,19.62,342.75,11.9,13.25,12.575,13.0,10.7,0.3667360690307617,0.30471,0.00406,-0.09765,0.82381,14.7829,22.3,44,1029
GOOGL270319C00415000,GOOGL,2027-03-19,172,C,415.0,21.08,342.75,11.8,12.35,12.075,11.85,4.6,0.36771262176513675,0.2888,0.00395,-0.09526,0.80383,13.8028,20.9,1,346
GOOGL270319C00420000,GOOGL,2027-03-19,172,C,420.0,22.54,342.75,10.85,11.5,11.175,11.1,5.8,0.36856710540771487,0.27347,0.00384,-0.09274,0.78293,12.8765,19.6,23,2320
GOOGL270319C00425000,GOOGL,2027-03-19,172,C,425.0,24.0,342.75,8.75,11.4,10.075,10.81,26.3,0.3788514263916015,0.26614,0.00368,-0.09366,0.77234,12.7335,18.8,4,437
GOOGL270319P00260000,GOOGL,2027-03-19,172,P,260.0,-24.14,342.75,3.6,5.0,4.3,4.27,32.6,0.3622195126342773,-0.09486,0.00198,-0.0378,0.39724,4.2139,14.4,64,5901
GOOGL270319P00265000,GOOGL,2027-03-19,172,P,265.0,-22.68,342.75,4.45,5.15,4.8,4.95,14.6,0.347113462524414,-0.10063,0.00216,-0.03761,0.41483,4.3198,14.9,12,1251
GOOGL270319P00270000,GOOGL,2027-03-19,172,P,270.0,-21.23,342.75,5.35,5.85,5.6,5.68,8.9,0.343207251586914,-0.11305,0.00237,-0.04023,0.45117,4.9207,16.5,800,8040
GOOGL270319P00275000,GOOGL,2027-03-19,172,P,275.0,-19.77,342.75,5.95,6.75,6.35,6.6,12.6,0.3416508706665039,-0.12784,0.0026,-0.04344,0.49199,5.7014,18.3,12,1276
GOOGL270319P00280000,GOOGL,2027-03-19,172,P,280.0,-18.31,342.75,7.0,7.7,7.35,7.45,9.5,0.3392705233764648,-0.1433,0.00283,-0.04637,0.53201,6.5261,20.2,17,5351
GOOGL270319P00285000,GOOGL,2027-03-19,172,P,285.0,-16.85,342.75,8.2,8.65,8.425,8.45,5.3,0.3353643124389648,-0.15903,0.00307,-0.04881,0.5702,7.3498,22.1,1,1887
GOOGL270319P00290000,GOOGL,2027-03-19,172,P,290.0,-15.39,342.75,9.05,10.1,9.575,9.59,11.0,0.33768362518310546,-0.17927,0.00329,-0.05277,0.61581,8.6338,24.6,15,4567
GOOGL270319P00295000,GOOGL,2027-03-19,172,P,295.0,-13.93,342.75,10.2,11.35,10.775,10.85,10.7,0.33515069152832033,-0.19793,0.00353,-0.05527,0.65458,9.734,26.8,194,2669
GOOGL270319P00300000,GOOGL,2027-03-19,172,P,300.0,-12.47,342.75,11.9,12.8,12.35,12.05,7.3,0.33386896606445315,-0.21826,0.00375,-0.0579,0.69348,11.02,29.2,31,8567
GOOGL270319P00305000,GOOGL,2027-03-19,172,P,305.0,-11.01,342.75,13.3,14.6,13.95,13.65,9.3,0.33554741607666017,-0.24084,0.00395,-0.06105,0.73284,12.635,31.8,48,2131
GOOGL270319P00310000,GOOGL,2027-03-19,172,P,310.0,-9.56,342.75,14.65,15.75,15.2,15.11,7.2,0.32739930419921875,-0.26008,0.00421,-0.06138,0.76331,13.634,33.8,86,3717
GOOGL270319P00315000,GOOGL,2027-03-19,172,P,315.0,-8.1,342.75,15.65,18.3,16.975,17.0,15.6,0.334967587890625,-0.28634,0.00432,-0.06545,0.80058,15.9609,36.9,162,3356
GOOGL270319P00320000,GOOGL,2027-03-19,172,P,320.0,-6.64,342.75,18.05,19.45,18.75,18.8,7.5,0.3243170596313476,-0.30696,0.0046,-0.06453,0.8265,16.9538,38.9,23,4924
GOOGL270319P00325000,GOOGL,2027-03-19,172,P,325.0,-5.18,342.75,19.95,21.55,20.75,20.6,7.7,0.32340154144287103,-0.33162,0.00477,-0.06574,0.85376,18.8505,41.5,27,1683
GOOGL270319P00330000,GOOGL,2027-03-19,172,P,330.0,-3.72,342.75,22.55,23.65,23.1,22.72,4.8,0.3210517114257812,-0.35654,0.00494,-0.06621,0.87729,20.7493,44.1,707,2870
GOOGL270319P00335000,GOOGL,2027-03-19,172,P,335.0,-2.26,342.75,24.25,25.9,25.075,25.12,6.6,0.31891550231933585,-0.38208,0.00508,-0.06634,0.89734,22.79,46.8,7,1453
GOOGL270319P00340000,GOOGL,2027-03-19,172,P,340.0,-0.8,342.75,26.45,28.45,27.45,27.35,7.3,0.3186103295898437,-0.40812,0.00518,-0.06654,0.91365,25.1231,49.5,85,2374
GOOGL270319P00345000,GOOGL,2027-03-19,172,P,345.0,0.66,342.75,29.5,30.95,30.225,29.8,4.8,0.3163673100280761,-0.43437,0.00529,-0.06584,0.92592,27.4075,52.1,7,1420
GOOGL270319P00350000,GOOGL,2027-03-19,172,P,350.0,2.12,342.75,31.5,33.9,32.7,33.45,7.3,0.3175269664001465,-0.4604,0.00531,-0.06562,0.93402,30.1355,54.7,17,3331
GOOGL270319P00355000,GOOGL,2027-03-19,172,P,355.0,3.57,342.75,34.25,36.65,35.45,35.15,6.8,0.31519239501953117,-0.48684,0.00538,-0.06409,0.93814,32.6645,57.3,2,574
GOOGL270319P00360000,GOOGL,2027-03-19,172,P,360.0,5.03,342.75,37.6,39.55,38.575,37.4,5.1,0.3131172204589844,-0.51327,0.00541,-0.06224,0.93813,35.3422,59.8,5,1761
GOOGL270319P00365000,GOOGL,2027-03-19,172,P,365.0,6.49,342.75,40.25,42.45,41.35,41.6,5.3,0.3096992858886719,-0.54018,0.00545,-0.05962,0.93389,38.0179,62.3,1,2251
GOOGL270319P00370000,GOOGL,2027-03-19,172,P,370.0,7.95,342.75,43.2,45.75,44.475,44.8,5.7,0.30928730270385746,-0.56568,0.00541,-0.0575,0.9259,41.0961,64.7,1,522
GOOGL270319P00375000,GOOGL,2027-03-19,172,P,375.0,9.41,342.75,46.85,49.05,47.95,48.1,4.6,0.3075935940551757,-0.59135,0.00537,-0.05467,0.91393,44.174,67.1,71,756
GOOGL270319P00380000,GOOGL,2027-03-19,172,P,380.0,10.87,342.75,49.85,52.45,51.15,50.7,5.1,0.30571678176879885,-0.61671,0.00531,-0.05147,0.89819,47.3521,69.4,5,2098
GOOGL270319P00385000,GOOGL,2027-03-19,172,P,385.0,12.33,342.75,53.2,56.2,54.7,45.19,5.5,0.30663229995727537,-0.63962,0.00519,-0.04889,0.88056,50.8902,71.5,2,213
GOOGL270319P00390000,GOOGL,2027-03-19,172,P,390.0,13.79,342.75,56.85,59.55,58.2,59.51,4.6,0.30155117401123044,-0.66615,0.00513,-0.0441,0.85602,54.0129,73.8,6,324
GOOGL270319P00395000,GOOGL,2027-03-19,172,P,395.0,15.24,342.75,60.5,63.85,62.175,51.8,5.4,0.3068611795043945,-0.68394,0.00493,-0.04261,0.83702,58.1244,75.5,10,279
GOOGL270319P00400000,GOOGL,2027-03-19,172,P,400.0,16.7,342.75,64.6,67.15,65.875,67.4,3.9,0.2984078948974609,-0.71213,0.00486,-0.03617,0.80261,61.1906,77.8,4,331
GOOGL270319P00405000,GOOGL,2027-03-19,172,P,405.0,18.16,342.75,68.9,71.1,70.0,58.65,3.1,0.2969125485229491,-0.73382,0.0047,-0.03199,0.7724,64.9345,79.6,20,19
GOOGL270319P00410000,GOOGL,2027-03-19,172,P,410.0,19.62,342.75,0.0,0.0,77.1,77.1,,1.0000000000000003e-05,-1.0,0.0,0.04409,0.0,59.5942,100.0,14,0
GOOGL270319P00415000,GOOGL,2027-03-19,172,P,415.0,21.08,342.75,0.0,0.0,78.4,78.4,,1.0000000000000003e-05,-1.0,0.0,0.04463,0.0,64.5008,100.0,0,0
GOOGL270319P00420000,GOOGL,2027-03-19,172,P,420.0,22.54,342.75,80.45,83.95,82.2,74.45,4.3,0.3001778967285156,-0.78578,0.00413,-0.02188,0.68603,77.2333,84.1,1,75
GOOGL270319P00425000,GOOGL,2027-03-19,172,P,425.0,24.0,342.75,85.1,87.7,86.4,86.8,3.0,0.2902903002929687,-0.81196,0.00395,-0.01419,0.63442,80.7553,86.1,3,2
GOOGL270416C00270000,GOOGL,2027-04-16,200,C,270.0,-21.23,342.75,85.0,87.9,86.45,86.23,3.4,0.46570358520507815,0.8233,0.0022,-0.09746,0.65803,91.9611,72.0,1,2
GOOGL270416C00280000,GOOGL,2027-04-16,200,C,280.0,-18.31,342.75,77.0,79.65,78.325,75.05,3.4,0.44635563415527346,0.80054,0.00247,-0.10003,0.70915,83.7095,69.6,1,6
GOOGL270416C00285000,GOOGL,2027-04-16,200,C,285.0,-16.85,342.75,73.3,75.95,74.625,71.0,3.6,0.44136606002807616,0.78675,0.0026,-0.1022,0.73781,79.982,68.0,15,22
GOOGL270416C00290000,GOOGL,2027-04-16,200,C,290.0,-15.39,342.75,69.5,72.75,71.125,72.2,4.6,0.44170175003051754,0.77085,0.0027,-0.10544,0.76881,76.7272,66.1,1,2
GOOGL270416C00295000,GOOGL,2027-04-16,200,C,295.0,-13.93,342.75,65.9,69.25,67.575,68.3,5.0,0.4372309695434571,0.75587,0.00283,-0.10739,0.79606,73.1857,64.4,1,4
GOOGL270416C00300000,GOOGL,2027-04-16,200,C,300.0,-12.47,342.75,61.9,65.75,63.825,66.0,6.0,0.4318904467773438,0.74057,0.00296,-0.10894,0.82203,69.6432,62.8,4,26
GOOGL270416C00305000,GOOGL,2027-04-16,200,C,305.0,-11.01,342.75,59.25,61.5,60.375,59.55,3.7,0.4172116384887695,0.72682,0.00314,-0.10815,0.8438,65.3793,61.6,1,3
GOOGL270416C00310000,GOOGL,2027-04-16,200,C,310.0,-9.56,342.75,56.15,58.55,57.35,54.9,4.2,0.41654025848388665,0.70917,0.00324,-0.11036,0.86964,62.3584,59.6,1,13
GOOGL270416C00315000,GOOGL,2027-04-16,200,C,315.0,-8.1,342.75,52.55,55.4,53.975,54.08,5.3,0.41260353027343744,0.69178,0.00336,-0.1116,0.89284,59.1416,57.7,1,5
GOOGL270416C00320000,GOOGL,2027-04-16,200,C,320.0,-6.64,342.75,49.55,52.2,50.875,50.93,5.2,0.40724774887084964,0.6741,0.00349,-0.11227,0.91419,55.8765,56.0,7,91
GOOGL270416C00325000,GOOGL,2027-04-16,200,C,325.0,-5.18,342.75,46.75,48.7,47.725,49.1,4.1,0.39789420471191406,0.65624,0.00364,-0.11178,0.93352,52.3157,54.3,1,20
GOOGL270416C00330000,GOOGL,2027-04-16,200,C,330.0,-3.72,342.75,43.8,46.65,45.225,45.15,6.3,0.40263964065551755,0.63674,0.00367,-0.11426,0.95212,50.1625,52.1,1,56
GOOGL270416C00335000,GOOGL,2027-04-16,200,C,335.0,-2.26,342.75,41.15,43.7,42.425,42.5,6.0,0.3971312728881836,0.61766,0.00379,-0.11412,0.96783,47.132,50.2,23,62
GOOGL270416C00340000,GOOGL,2027-04-16,200,C,340.0,-0.8,342.75,38.65,41.0,39.825,39.82,5.9,0.39324032058715824,0.59813,0.00388,-0.11409,0.9814,44.3432,48.3,25,69
GOOGL270416C00345000,GOOGL,2027-04-16,200,C,345.0,0.66,342.75,36.4,38.65,37.525,37.7,6.0,0.3918975605773925,0.5785,0.00393,-0.11438,0.99252,41.8961,46.3,7,58
GOOGL270416C00350000,GOOGL,2027-04-16,200,C,350.0,2.12,342.75,33.85,35.85,34.85,35.0,5.7,0.38516850189208973,0.55805,0.00404,-0.11312,1.00144,39.0042,44.5,7,166
GOOGL270416C00355000,GOOGL,2027-04-16,200,C,355.0,3.57,342.75,31.35,33.6,32.475,32.0,6.9,0.38294074096679687,0.53791,0.00409,-0.11265,1.0076,36.6525,42.5,1,130
GOOGL270416C00360000,GOOGL,2027-04-16,200,C,360.0,5.03,342.75,29.9,31.8,30.85,30.75,6.2,0.38422246643066404,0.51859,0.00409,-0.11279,1.01108,34.7489,40.6,27,1034
GOOGL270416C00365000,GOOGL,2027-04-16,200,C,365.0,6.49,342.75,27.55,29.8,28.675,28.78,7.8,0.3826050509643554,0.49877,0.00411,-0.11197,1.01217,32.645,38.7,12,284
GOOGL270416C00370000,GOOGL,2027-04-16,200,C,370.0,7.95,342.75,25.6,27.9,26.75,25.99,8.6,0.3810791873168945,0.47908,0.00412,-0.11093,1.01078,30.641,36.9,1,83
GOOGL270416C00375000,GOOGL,2027-04-16,200,C,375.0,9.41,342.75,24.4,25.9,25.15,24.96,6.0,0.3776459941101074,0.45878,0.00414,-0.10916,1.00677,28.5341,35.1,25,210
GOOGL270416C00380000,GOOGL,2027-04-16,200,C,380.0,10.87,342.75,22.8,24.15,23.475,23.25,5.8,0.3758302163696289,0.43921,0.00414,-0.10757,1.0004,26.6791,33.3,113,31
GOOGL270416C00385000,GOOGL,2027-04-16,200,C,385.0,12.33,342.75,19.75,23.65,21.7,21.79,18.0,0.38590091644287106,0.42568,0.004,-0.10908,0.99456,26.0913,31.8,106,42
GOOGL270416C00390000,GOOGL,2027-04-16,200,C,390.0,13.79,342.75,18.25,20.9,19.575,20.19,13.5,0.37210710906982425,0.40069,0.00409,-0.10373,0.98065,23.2186,29.9,114,38
GOOGL270416C00395000,GOOGL,2027-04-16,200,C,395.0,15.24,342.75,17.75,19.75,18.75,18.8,10.7,0.3739381454467773,0.384,0.00403,-0.10261,0.96908,21.972,28.4,251,57
GOOGL270416C00400000,GOOGL,2027-04-16,200,C,400.0,16.7,342.75,16.55,18.2,17.375,17.3,9.5,0.370749090423584,0.36477,0.004,-0.09985,0.95345,20.3171,26.8,172,165
GOOGL270416C00410000,GOOGL,2027-04-16,200,C,410.0,19.62,342.75,14.4,15.8,15.1,15.4,9.3,0.3694521063232422,0.33062,0.00387,-0.09541,0.91951,17.7228,23.8,3,431
GOOGL270416C00420000,GOOGL,2027-04-16,200,C,420.0,22.54,342.75,11.75,14.2,12.975,13.95,18.9,0.3744264218139648,0.30304,0.00368,-0.09258,0.88616,15.962,21.4,479,924
GOOGL270416P00260000,GOOGL,2027-04-16,200,P,260.0,-24.14,342.75,4.65,5.5,5.075,5.1,16.7,0.346411565246582,-0.0983,0.00197,-0.03389,0.43973,4.5548,15.0,68,148
GOOGL270416P00265000,GOOGL,2027-04-16,200,P,265.0,-22.68,342.75,5.3,5.9,5.6,5.7,10.7,0.3367986242675781,-0.10666,0.00215,-0.03475,0.4666,4.8776,16.0,2,81
GOOGL270416P00270000,GOOGL,2027-04-16,200,P,270.0,-21.23,342.75,6.1,6.95,6.525,6.5,13.0,0.33829397064208977,-0.12192,0.00236,-0.03819,0.51322,5.7818,18.0,1,1652
GOOGL270416P00275000,GOOGL,2027-04-16,200,P,275.0,-19.77,342.75,7.1,7.9,7.5,7.7,10.7,0.3362187960815429,-0.13624,0.00256,-0.04075,0.55431,6.5956,19.8,1,497
GOOGL270416P00280000,GOOGL,2027-04-16,200,P,280.0,-18.31,342.75,7.1,9.85,8.475,8.55,32.4,0.3479069116210937,-0.15888,0.00274,-0.04657,0.61449,8.324,22.9,4,2153
GOOGL270416P00285000,GOOGL,2027-04-16,200,P,285.0,-16.85,342.75,9.25,10.6,9.925,9.5,13.6,0.33957569610595706,-0.17184,0.00296,-0.04745,0.64647,8.9542,24.3,3,555
GOOGL270416P00290000,GOOGL,2027-04-16,200,P,290.0,-15.39,342.75,10.45,11.05,10.75,10.85,5.6,0.32643801010131834,-0.18323,0.0032,-0.04704,0.67319,9.3039,25.4,134,2013
GOOGL270416P00295000,GOOGL,2027-04-16,200,P,295.0,-13.93,342.75,11.55,12.75,12.15,12.3,9.9,0.32923034057617184,-0.20401,0.00339,-0.05032,0.71879,10.8038,28.0,5,57
GOOGL270416P00300000,GOOGL,2027-04-16,200,P,300.0,-12.47,342.75,12.9,13.9,13.4,13.65,7.5,0.3234625759887695,-0.22135,0.00362,-0.05136,0.75387,11.7934,29.9,2,1532
GOOGL270416P00305000,GOOGL,2027-04-16,200,P,305.0,-11.01,342.75,14.25,16.55,15.4,14.7,14.9,0.334418276977539,-0.24708,0.00372,-0.05615,0.80122,14.1872,33.1,4,595
GOOGL270416P00310000,GOOGL,2027-04-16,200,P,310.0,-9.56,342.75,15.45,18.15,16.8,16.5,16.1,0.3311834460449219,-0.26709,0.00391,-0.05734,0.83434,15.5969,35.3,15,776
GOOGL270416P00315000,GOOGL,2027-04-16,200,P,315.0,-8.1,342.75,17.6,19.4,18.5,18.55,9.7,0.32292852371215813,-0.28624,0.00415,-0.0571,0.86314,16.6708,37.2,35,72
GOOGL270416P00320000,GOOGL,2027-04-16,200,P,320.0,-6.64,342.75,19.65,21.15,20.4,20.6,7.4,0.3191291232299803,-0.30796,0.00434,-0.05764,0.89251,18.2149,39.5,1,69
GOOGL270416P00325000,GOOGL,2027-04-16,200,P,325.0,-5.18,342.75,21.55,23.2,22.375,22.87,7.4,0.3173286041259765,-0.33101,0.0045,-0.05835,0.91994,20.0454,42.0,2,45
GOOGL270416P00330000,GOOGL,2027-04-16,200,P,330.0,-3.72,342.75,23.75,25.6,24.675,24.5,7.5,0.31784739776611326,-0.35498,0.00462,-0.05929,0.94454,22.2108,44.6,4,150
GOOGL270416P00335000,GOOGL,2027-04-16,200,P,335.0,-2.26,342.75,25.95,27.8,26.875,27.2,6.9,0.3150398086547851,-0.37879,0.00476,-0.05913,0.96509,24.1819,47.0,1,27
GOOGL270416P00340000,GOOGL,2027-04-16,200,P,340.0,-0.8,342.75,28.2,30.2,29.2,29.1,6.8,0.3130409272766113,-0.40315,0.00487,-0.05884,0.9822,26.3463,49.5,8,16
GOOGL270416P00345000,GOOGL,2027-04-16,200,P,345.0,0.66,342.75,30.4,32.75,31.575,32.4,7.4,0.31131670135498035,-0.42781,0.00497,-0.05827,0.99556,28.6557,51.9,6,126
GOOGL270416P00350000,GOOGL,2027-04-16,200,P,350.0,2.12,342.75,33.15,35.5,34.325,37.4,6.8,0.31037066589355466,-0.45257,0.00503,-0.05757,1.00502,31.162,54.4,15,489
GOOGL270416P00355000,GOOGL,2027-04-16,200,P,355.0,3.57,342.75,35.75,38.5,37.125,31.6,7.4,0.31069109725952143,-0.47703,0.00505,-0.05685,1.0105,33.9154,56.8,0,4
GOOGL270416P00360000,GOOGL,2027-04-16,200,P,360.0,5.03,342.75,38.7,40.85,39.775,38.0,5.4,0.3034127276611328,-0.50349,0.00518,-0.05391,1.01214,36.0176,59.2,1,3
GOOGL270416P00365000,GOOGL,2027-04-16,200,P,365.0,6.49,342.75,41.8,44.3,43.05,43.9,5.8,0.30585410949707037,-0.52703,0.00513,-0.05312,1.00985,39.2193,61.6,12,0
GOOGL270416P00375000,GOOGL,2027-04-16,200,P,375.0,9.41,342.75,48.55,50.55,49.55,48.21,4.0,0.30086453536987307,-0.57691,0.00513,-0.04811,0.99331,44.9681,66.2,0,20
GOOGL270416P00380000,GOOGL,2027-04-16,200,P,380.0,10.87,342.75,51.4,54.0,52.7,50.35,4.9,0.29999479309082033,-0.60058,0.00507,-0.04565,0.97983,48.1718,68.3,0,5
GOOGL270416P00385000,GOOGL,2027-04-16,200,P,385.0,12.33,342.75,54.65,57.45,56.05,55.25,5.0,0.29801117034912106,-0.62449,0.00502,-0.04262,0.96249,51.3741,70.5,2,3
GOOGL270416P00390000,GOOGL,2027-04-16,200,P,390.0,13.79,342.75,58.45,61.1,59.775,69.75,4.4,0.29706513488769526,-0.64716,0.00493,-0.03968,0.9425,54.7808,72.5,0,20
GOOGL270416P00395000,GOOGL,2027-04-16,200,P,395.0,15.24,342.75,61.85,64.9,63.375,72.36,4.8,0.2967599621582031,-0.66868,0.00482,-0.03677,0.92029,58.3457,74.4,0,20
GOOGL270416P00400000,GOOGL,2027-04-16,200,P,400.0,16.7,342.75,65.85,68.45,67.15,61.95,3.9,0.2924570266723632,-0.69287,0.00474,-0.0324,0.89144,61.6454,76.4,1,2
