contract,ticker,expiry,dte,type,strike,moneyness_pct,spot,bid,ask,mid,last,spread_pct,iv,delta,gamma,theta,vega,theo,prob_itm,volume,oi
GEV261009C00715000,GEV,2026-10-09,16,C,715.0,-24.88,951.8,235.1,242.0,238.55,0.0,2.9,0.6855,0.997,0.0001,0.0,0.0208,239.0405,97.3,0,0
GEV261009P00715000,GEV,2026-10-09,16,P,715.0,-24.88,951.8,0.0,1.5,0.55,0.55,,0.6376,-0.0032,0.0001,-0.0258,0.0209,0.6077,1.8,0,2
GEV261009C00720000,GEV,2026-10-09,16,C,720.0,-24.35,951.8,229.7,237.0,233.35,0.0,3.1,0.6505,0.9964,0.0001,-0.0038,0.0242,233.8683,97.7,0,0
GEV261009P00720000,GEV,2026-10-09,16,P,720.0,-24.35,951.8,0.0,1.5,0.58,0.58,,0.6241,-0.0039,0.0001,-0.0301,0.0242,0.6082,1.9,0,6
GEV261009C00725000,GEV,2026-10-09,16,C,725.0,-23.83,951.8,224.7,232.0,228.35,232.07,3.2,0.6354,0.9957,0.0001,-0.0093,0.028,228.8676,97.7,0,3
GEV261009P00725000,GEV,2026-10-09,16,P,725.0,-23.83,951.8,0.15,0.75,0.45,0.65,133.3,0.5682,-0.0046,0.0001,-0.035,0.0281,0.3582,1.2,0,1
GEV261009C00730000,GEV,2026-10-09,16,C,730.0,-23.3,951.8,220.1,227.0,223.55,0.0,3.1,0.6395,0.9949,0.0001,-0.0155,0.0324,224.0377,97.3,0,0
GEV261009P00730000,GEV,2026-10-09,16,P,730.0,-23.3,951.8,0.0,2.3,0.55,0.55,,0.6384,-0.0054,0.0001,-0.0407,0.0326,0.9484,2.7,0,4
GEV261009C00735000,GEV,2026-10-09,16,C,735.0,-22.78,951.8,214.9,222.0,218.45,0.0,3.3,0.6152,0.994,0.0002,-0.0224,0.0373,218.9513,97.5,0,0
GEV261009P00735000,GEV,2026-10-09,16,P,735.0,-22.78,951.8,0.0,3.7,0.71,0.71,,0.6781,-0.0063,0.0002,-0.0471,0.0374,1.555,3.9,0,6
GEV261009C00740000,GEV,2026-10-09,16,C,740.0,-22.25,951.8,210.4,217.0,213.7,0.0,3.1,0.6221,0.9929,0.0002,-0.0302,0.0429,214.1652,97.0,0,0
GEV261009P00740000,GEV,2026-10-09,16,P,740.0,-22.25,951.8,0.15,2.85,1.5,0.71,180.0,0.6386,-0.0074,0.0002,-0.0543,0.043,1.2511,3.4,0,26
GEV261009C00745000,GEV,2026-10-09,16,C,745.0,-21.73,951.8,204.8,212.0,208.4,0.0,3.5,0.5808,0.9916,0.0002,-0.0388,0.0492,208.9075,97.5,0,0
GEV261009P00745000,GEV,2026-10-09,16,P,745.0,-21.73,951.8,0.0,1.6,0.87,0.87,,0.5629,-0.0086,0.0002,-0.0624,0.0494,0.6521,2.1,0,75
GEV261009C00750000,GEV,2026-10-09,16,C,750.0,-21.2,951.8,200.3,207.0,203.65,0.0,3.3,0.588,0.9902,0.0003,-0.0484,0.0561,204.1209,97.1,0,0
GEV261009P00750000,GEV,2026-10-09,16,P,750.0,-21.2,951.8,0.0,1.2,0.8,0.8,,0.5264,-0.0101,0.0003,-0.0715,0.0563,0.4834,1.7,0,49
GEV261009C00755000,GEV,2026-10-09,16,C,755.0,-20.68,951.8,195.4,202.3,198.85,0.0,3.5,0.5886,0.9886,0.0003,-0.0591,0.0638,199.2933,96.7,0,0
GEV261009P00755000,GEV,2026-10-09,16,P,755.0,-20.68,951.8,0.15,3.5,1.825,0.9,183.6,0.6172,-0.0117,0.0003,-0.0817,0.0639,1.5361,4.1,0,7
GEV261009C00760000,GEV,2026-10-09,16,C,760.0,-20.15,951.8,190.1,197.7,193.9,0.0,3.9,0.5772,0.9868,0.0004,-0.0709,0.0725,194.3356,96.5,0,0
GEV261009P00760000,GEV,2026-10-09,16,P,760.0,-20.15,951.8,0.0,0.95,0.8,0.8,,0.4845,-0.0135,0.0004,-0.0929,0.073,0.38,1.4,28,13
GEV261009C00765000,GEV,2026-10-09,16,C,765.0,-19.63,951.8,185.5,192.8,189.15,0.0,3.9,0.5791,0.9847,0.0004,-0.0839,0.082,189.554,96.0,0,0
GEV261009P00765000,GEV,2026-10-09,16,P,765.0,-19.63,951.8,0.0,4.9,1.05,1.05,,0.623,-0.0156,0.0004,-0.1055,0.0822,2.0885,5.2,0,16
GEV261009C00770000,GEV,2026-10-09,16,C,770.0,-19.1,951.8,180.3,187.8,184.05,0.0,4.1,0.5575,0.9823,0.0004,-0.0982,0.0924,184.4651,96.2,0,0
GEV261009P00770000,GEV,2026-10-09,16,P,770.0,-19.1,951.8,0.35,3.7,2.025,2.1,165.4,0.585,-0.018,0.0004,-0.1193,0.0925,1.7135,4.6,1,41
GEV261009C00775000,GEV,2026-10-09,16,C,775.0,-18.58,951.8,177.0,182.9,179.95,0.0,3.3,0.5932,0.9796,0.0005,-0.1138,0.1039,180.2575,94.6,0,0
GEV261009P00775000,GEV,2026-10-09,16,P,775.0,-18.58,951.8,0.45,3.9,2.175,2.22,158.6,0.5785,-0.0207,0.0005,-0.1344,0.1046,1.8475,4.9,1,80
GEV261009C00780000,GEV,2026-10-09,16,C,780.0,-18.05,951.8,172.1,178.0,175.05,0.0,3.4,0.5824,0.9766,0.0006,-0.1309,0.1164,175.3461,94.4,0,0
GEV261009P00780000,GEV,2026-10-09,16,P,780.0,-18.05,951.8,0.05,2.15,1.1,1.4,190.9,0.4966,-0.0237,0.0006,-0.151,0.1168,0.9106,3.0,0,57
GEV261009C00785000,GEV,2026-10-09,16,C,785.0,-17.52,951.8,167.1,172.9,170.0,0.0,3.4,0.5644,0.9733,0.0006,-0.1494,0.1298,170.3023,94.4,0,0
GEV261009P00785000,GEV,2026-10-09,16,P,785.0,-17.52,951.8,0.0,5.2,2.8,2.8,,0.5696,-0.0271,0.0006,-0.1691,0.13,2.225,5.8,0,18
GEV261009C00790000,GEV,2026-10-09,16,C,790.0,-17.0,951.8,162.2,167.9,165.05,0.0,3.5,0.5512,0.9696,0.0007,-0.1695,0.1445,165.3472,94.2,0,0
GEV261009P00790000,GEV,2026-10-09,16,P,790.0,-17.0,951.8,0.85,1.8,1.325,0.96,71.7,0.4855,-0.0308,0.0007,-0.1886,0.1456,1.1056,3.6,8,40
GEV261009C00795000,GEV,2026-10-09,16,C,795.0,-16.47,951.8,157.5,163.4,160.45,0.0,3.7,0.5532,0.9654,0.0008,-0.1911,0.1605,160.7037,93.5,0,0
GEV261009P00795000,GEV,2026-10-09,16,P,795.0,-16.47,951.8,1.1,2.1,1.6,3.5,62.5,0.4887,-0.035,0.0008,-0.2099,0.1611,1.3453,4.2,0,93
GEV261009C00800000,GEV,2026-10-09,16,C,800.0,-15.95,951.8,151.3,158.5,154.9,138.3,4.6,0.5133,0.9608,0.0009,-0.2143,0.1773,155.2132,94.3,0,4
GEV261009P00800000,GEV,2026-10-09,16,P,800.0,-15.95,951.8,0.8,1.8,1.3,1.73,76.9,0.4565,-0.0396,0.0009,-0.2326,0.1776,1.0845,3.7,22,43
GEV261009C00805000,GEV,2026-10-09,16,C,805.0,-15.42,951.8,147.8,153.7,150.75,131.0,3.9,0.5336,0.9557,0.001,-0.239,0.1954,150.9735,92.8,0,1
GEV261009P00805000,GEV,2026-10-09,16,P,805.0,-15.42,951.8,0.95,2.55,1.75,1.75,91.4,0.4689,-0.0447,0.001,-0.2569,0.1965,1.4787,4.7,6,15
GEV261009C00810000,GEV,2026-10-09,16,C,810.0,-14.9,951.8,143.0,148.8,145.9,84.25,4.0,0.5234,0.9502,0.0011,-0.2654,0.2149,146.1105,92.4,0,1
GEV261009P00810000,GEV,2026-10-09,16,P,810.0,-14.9,951.8,0.55,3.0,1.775,2.3,138.0,0.4561,-0.0503,0.0011,-0.283,0.2158,1.5022,4.8,10,28
GEV261009C00815000,GEV,2026-10-09,16,C,815.0,-14.37,951.8,138.3,144.4,141.35,0.0,4.3,0.5233,0.944,0.0012,-0.2934,0.2351,141.5159,91.6,0,0
GEV261009P00815000,GEV,2026-10-09,16,P,815.0,-14.37,951.8,1.4,3.1,2.25,2.21,75.6,0.4643,-0.0565,0.0012,-0.3105,0.2356,1.9207,5.9,14,33
GEV261009C00820000,GEV,2026-10-09,16,C,820.0,-13.85,951.8,132.7,139.7,136.2,119.5,5.1,0.502,0.9373,0.0013,-0.3228,0.2565,136.3827,91.7,0,4
GEV261009P00820000,GEV,2026-10-09,16,P,820.0,-13.85,951.8,1.8,2.9,2.35,2.36,46.8,0.454,-0.0632,0.0013,-0.3396,0.2575,2.0112,6.2,17,52
GEV261009C00825000,GEV,2026-10-09,16,C,825.0,-13.32,951.8,128.9,134.7,131.8,93.86,4.4,0.5054,0.93,0.0014,-0.3538,0.2794,131.9286,90.6,0,3
GEV261009P00825000,GEV,2026-10-09,16,P,825.0,-13.32,951.8,2.2,3.2,2.7,2.72,37.0,0.4534,-0.0706,0.0014,-0.3702,0.2807,2.3265,7.0,44,47
GEV261009C00830000,GEV,2026-10-09,16,C,830.0,-12.8,951.8,124.2,129.9,127.05,113.51,4.5,0.4965,0.922,0.0015,-0.3861,0.3029,127.1575,90.0,0,1
GEV261009P00830000,GEV,2026-10-09,16,P,830.0,-12.8,951.8,2.8,3.7,3.25,3.08,27.7,0.4582,-0.0786,0.0015,-0.4022,0.3037,2.8207,8.1,93,37
GEV261009C00835000,GEV,2026-10-09,16,C,835.0,-12.27,951.8,118.7,124.5,121.6,73.0,4.8,0.4663,0.9134,0.0016,-0.4197,0.3272,121.7477,90.5,0,2
GEV261009P00835000,GEV,2026-10-09,16,P,835.0,-12.27,951.8,2.95,3.9,3.425,3.55,27.7,0.4486,-0.0872,0.0017,-0.4354,0.3278,2.9811,8.6,32,116
GEV261009C00840000,GEV,2026-10-09,16,C,840.0,-11.75,951.8,114.0,120.8,117.4,77.5,5.8,0.4732,0.9042,0.0018,-0.4544,0.3529,117.4818,89.1,0,4
GEV261009P00840000,GEV,2026-10-09,16,P,840.0,-11.75,951.8,3.4,4.6,4.0,4.0,30.0,0.4509,-0.0966,0.0018,-0.4698,0.3547,3.5054,9.8,15,29
GEV261009C00845000,GEV,2026-10-09,16,C,845.0,-11.22,951.8,109.1,116.3,112.7,58.17,6.4,0.4645,0.8942,0.0019,-0.4902,0.379,112.7605,88.4,0,2
GEV261009P00845000,GEV,2026-10-09,16,P,845.0,-11.22,951.8,3.6,5.1,4.35,4.8,34.5,0.4449,-0.1066,0.0019,-0.5053,0.3801,3.825,10.6,29,24
GEV261009C00850000,GEV,2026-10-09,16,C,850.0,-10.7,951.8,106.4,112.0,109.2,68.4,5.1,0.4845,0.8835,0.0021,-0.5268,0.4054,109.1489,86.0,0,13
GEV261009P00850000,GEV,2026-10-09,16,P,850.0,-10.7,951.8,4.3,5.9,5.1,5.2,31.4,0.4486,-0.1174,0.0021,-0.5416,0.406,4.5125,12.0,25,154
GEV261009C00855000,GEV,2026-10-09,16,C,855.0,-10.17,951.8,102.6,107.6,105.1,64.9,4.8,0.4869,0.872,0.0022,-0.5641,0.4328,104.9893,84.6,0,1
GEV261009P00855000,GEV,2026-10-09,16,P,855.0,-10.17,951.8,4.9,7.0,5.95,6.0,35.3,0.4527,-0.1289,0.0022,-0.5786,0.4353,5.3005,13.5,7,16
GEV261009C00860000,GEV,2026-10-09,16,C,860.0,-9.64,951.8,97.9,103.5,100.7,82.14,5.6,0.4814,0.8599,0.0024,-0.6018,0.4606,100.5555,83.5,0,3
GEV261009P00860000,GEV,2026-10-09,16,P,860.0,-9.64,951.8,5.4,7.3,6.35,6.68,29.9,0.4446,-0.1412,0.0024,-0.6161,0.462,5.6747,14.4,22,216
GEV261009C00865000,GEV,2026-10-09,16,C,865.0,-9.12,951.8,92.8,97.6,95.2,91.35,5.0,0.4525,0.8469,0.0025,-0.6398,0.488,95.0947,83.7,3,12
GEV261009P00865000,GEV,2026-10-09,16,P,865.0,-9.12,951.8,6.1,8.1,7.1,7.43,28.2,0.4433,-0.1542,0.0025,-0.6537,0.4889,6.3735,15.8,25,22
GEV261009C00870000,GEV,2026-10-09,16,C,870.0,-8.59,951.8,88.4,95.6,92.0,87.4,7.8,0.4697,0.8333,0.0026,-0.6778,0.5159,91.7889,81.1,3,18
GEV261009P00870000,GEV,2026-10-09,16,P,870.0,-8.59,951.8,7.2,9.3,8.25,11.27,25.5,0.4487,-0.1679,0.0027,-0.6914,0.5189,7.4534,17.7,1,27
GEV261009C00875000,GEV,2026-10-09,16,C,875.0,-8.07,951.8,84.4,91.2,87.8,71.61,7.7,0.4652,0.8189,0.0028,-0.7154,0.5438,87.547,79.8,0,10
GEV261009P00875000,GEV,2026-10-09,16,P,875.0,-8.07,951.8,8.3,10.0,9.15,9.42,18.6,0.4472,-0.1824,0.0028,-0.7289,0.5454,8.3002,19.2,3,9
GEV261009C00880000,GEV,2026-10-09,16,C,880.0,-7.54,951.8,81.7,87.3,84.5,87.62,6.6,0.4754,0.8037,0.003,-0.7526,0.5708,84.1663,77.5,0,17
GEV261009P00880000,GEV,2026-10-09,16,P,880.0,-7.54,951.8,9.2,11.0,10.1,10.93,17.8,0.4453,-0.1977,0.003,-0.7658,0.5719,9.2006,20.8,26,78
GEV261009C00885000,GEV,2026-10-09,16,C,885.0,-7.02,951.8,75.8,83.5,79.65,83.78,9.7,0.4575,0.7879,0.0031,-0.789,0.5974,79.3173,76.7,0,16
GEV261009P00885000,GEV,2026-10-09,16,P,885.0,-7.02,951.8,9.4,13.9,11.65,12.8,38.6,0.4523,-0.2136,0.0031,-0.802,0.6009,10.674,23.0,0,33
GEV261009C00890000,GEV,2026-10-09,16,C,890.0,-6.49,951.8,73.3,79.2,76.25,65.2,7.7,0.4628,0.7713,0.0032,-0.8244,0.6237,75.8478,74.6,0,10
GEV261009P00890000,GEV,2026-10-09,16,P,890.0,-6.49,951.8,10.6,14.8,12.7,16.1,33.1,0.4491,-0.2303,0.0033,-0.8371,0.6256,11.6785,24.6,0,20
GEV261009C00895000,GEV,2026-10-09,16,C,895.0,-5.97,951.8,69.7,75.6,72.65,58.77,8.1,0.4633,0.7541,0.0034,-0.8584,0.6487,72.2014,72.7,0,2
GEV261009P00895000,GEV,2026-10-09,16,P,895.0,-5.97,951.8,11.1,15.0,13.05,14.2,29.9,0.4337,-0.2477,0.0034,-0.8708,0.6499,12.0191,25.7,10,12
GEV261009C00900000,GEV,2026-10-09,16,C,900.0,-5.44,951.8,65.7,72.2,68.95,67.0,9.4,0.4608,0.7362,0.0035,-0.8908,0.6725,68.4593,70.9,1,10
GEV261009P00900000,GEV,2026-10-09,16,P,900.0,-5.44,951.8,14.2,16.0,15.1,15.49,11.9,0.4437,-0.2657,0.0035,-0.9031,0.6739,13.9871,28.3,3,67
GEV261009C00905000,GEV,2026-10-09,16,C,905.0,-4.92,951.8,63.5,68.6,66.05,71.43,7.7,0.4685,0.7177,0.0036,-0.9214,0.6954,65.487,68.5,0,15
GEV261009P00905000,GEV,2026-10-09,16,P,905.0,-4.92,951.8,13.9,19.8,16.85,25.15,35.0,0.447,-0.2843,0.0037,-0.9334,0.6974,15.6674,30.5,0,2
GEV261009C00907500,GEV,2026-10-09,16,C,907.5,-4.65,951.8,60.6,66.8,63.7,0.0,9.7,0.459,0.7083,0.0037,-0.9359,0.7063,63.1425,67.9,0,0
GEV261009P00907500,GEV,2026-10-09,16,P,907.5,-4.65,951.8,14.0,20.5,17.25,0.0,37.7,0.4413,-0.2938,0.0037,-0.9478,0.7079,16.0575,31.3,0,0
GEV261009C00910000,GEV,2026-10-09,16,C,910.0,-4.39,951.8,58.8,65.8,62.3,58.35,11.2,0.4626,0.6986,0.0038,-0.9499,0.7167,61.7081,66.8,0,8
GEV261009P00910000,GEV,2026-10-09,16,P,910.0,-4.39,951.8,16.0,21.4,18.7,19.75,28.9,0.4501,-0.3035,0.0038,-0.9616,0.718,17.4532,32.7,0,34
GEV261009C00912500,GEV,2026-10-09,16,C,912.5,-4.13,951.8,56.2,63.5,59.85,0.0,12.2,0.4514,0.6889,0.0038,-0.9633,0.7266,59.2718,66.2,0,0
GEV261009P00912500,GEV,2026-10-09,16,P,912.5,-4.13,951.8,17.1,20.9,19.0,0.0,20.0,0.4425,-0.3133,0.0038,-0.975,0.7276,17.7539,33.4,0,0
GEV261009C00915000,GEV,2026-10-09,16,C,915.0,-3.87,951.8,55.5,61.9,58.7,48.92,10.9,0.4578,0.6791,0.0039,-0.976,0.7361,58.0868,64.9,0,11
GEV261009P00915000,GEV,2026-10-09,16,P,915.0,-3.87,951.8,17.3,21.9,19.6,18.3,23.5,0.4388,-0.3232,0.0039,-0.9877,0.7369,18.3414,34.4,1,6
GEV261009C00917500,GEV,2026-10-09,16,C,917.5,-3.6,951.8,53.9,60.3,57.1,0.0,11.2,0.4576,0.6691,0.0039,-0.9882,0.7453,56.4668,63.8,0,0
GEV261009P00917500,GEV,2026-10-09,16,P,917.5,-3.6,951.8,19.0,23.9,21.45,0.0,22.8,0.4516,-0.3333,0.004,-0.9998,0.7477,20.1287,36.0,0,0
GEV261009C00920000,GEV,2026-10-09,16,C,920.0,-3.34,951.8,52.3,58.6,55.45,58.81,11.4,0.4564,0.659,0.004,-0.9997,0.754,54.8003,62.8,0,7
GEV261009P00920000,GEV,2026-10-09,16,P,920.0,-3.34,951.8,18.7,24.8,21.75,31.4,28.0,0.4431,-0.3434,0.004,-1.0111,0.7558,20.4232,36.7,0,10
GEV261009C00922500,GEV,2026-10-09,16,C,922.5,-3.08,951.8,50.7,57.4,54.05,0.0,12.4,0.4581,0.6489,0.004,-1.0104,0.7623,53.3719,61.7,0,0
GEV261009P00922500,GEV,2026-10-09,16,P,922.5,-3.08,951.8,20.3,25.5,22.9,23.38,22.7,0.4457,-0.3537,0.004,-1.0217,0.7636,21.5445,37.9,1,0
GEV261009C00925000,GEV,2026-10-09,16,C,925.0,-2.82,951.8,50.4,55.0,52.7,49.5,8.7,0.4602,0.6386,0.0041,-1.0205,0.77,52.0031,60.5,1,16
GEV261009P00925000,GEV,2026-10-09,16,P,925.0,-2.82,951.8,21.3,26.4,23.85,70.55,21.4,0.4452,-0.364,0.0041,-1.0316,0.7711,22.4679,39.0,0,30
GEV261009C00927500,GEV,2026-10-09,16,C,927.5,-2.55,951.8,47.3,53.9,50.6,0.0,13.0,0.4522,0.6282,0.0041,-1.0299,0.7771,49.9057,59.7,0,0
GEV261009P00927500,GEV,2026-10-09,16,P,927.5,-2.55,951.8,22.2,27.8,25.0,0.0,22.4,0.447,-0.3745,0.0041,-1.0409,0.7779,23.5907,40.2,0,0
GEV261009C00930000,GEV,2026-10-09,16,C,930.0,-2.29,951.8,47.3,52.3,49.8,53.72,10.0,0.4606,0.6178,0.0041,-1.0385,0.7837,49.0676,58.3,0,24
GEV261009P00930000,GEV,2026-10-09,16,P,930.0,-2.29,951.8,23.9,27.7,25.8,25.8,14.7,0.444,-0.385,0.0042,-1.0495,0.7843,24.3808,41.2,4,51
GEV261009C00932500,GEV,2026-10-09,16,C,932.5,-2.03,951.8,45.8,50.8,48.3,0.0,10.4,0.4596,0.6073,0.0042,-1.0463,0.7898,47.5491,57.3,0,0
GEV261009P00932500,GEV,2026-10-09,16,P,932.5,-2.03,951.8,24.5,29.8,27.15,0.0,19.5,0.4476,-0.3956,0.0042,-1.0574,0.7903,25.6986,42.4,0,0
GEV261009C00935000,GEV,2026-10-09,16,C,935.0,-1.77,951.8,44.4,49.2,46.8,52.5,10.3,0.4584,0.5967,0.0042,-1.0534,0.7954,46.0413,56.2,0,16
GEV261009P00935000,GEV,2026-10-09,16,P,935.0,-1.77,951.8,25.5,30.5,28.0,28.54,17.9,0.4446,-0.4063,0.0042,-1.0643,0.7964,26.5411,43.5,1,3
GEV261009C00937500,GEV,2026-10-09,16,C,937.5,-1.5,951.8,42.8,48.3,45.55,0.0,12.1,0.4599,0.586,0.0042,-1.0597,0.8004,44.769,55.1,0,0
GEV261009P00937500,GEV,2026-10-09,16,P,937.5,-1.5,951.8,26.4,31.9,29.15,0.0,18.9,0.4449,-0.4171,0.0043,-1.0704,0.8011,27.6641,44.6,0,0
GEV261009C00940000,GEV,2026-10-09,16,C,940.0,-1.24,951.8,40.2,46.9,43.55,56.45,15.4,0.4518,0.5753,0.0043,-1.0652,0.8049,42.7769,54.1,0,7
GEV261009P00940000,GEV,2026-10-09,16,P,940.0,-1.24,951.8,26.7,32.9,29.8,33.52,20.8,0.4387,-0.4278,0.0043,-1.0757,0.8053,28.3091,45.7,0,25
GEV261009C00942500,GEV,2026-10-09,16,C,942.5,-0.98,951.8,39.7,44.4,42.05,0.0,11.2,0.4496,0.5646,0.0043,-1.0698,0.8087,41.2681,53.0,0,0
GEV261009P00942500,GEV,2026-10-09,16,P,942.5,-0.98,951.8,28.6,33.4,31.0,34.5,15.5,0.439,-0.4387,0.0043,-1.0802,0.8088,29.4865,46.8,0,1
GEV261009C00945000,GEV,2026-10-09,16,C,945.0,-0.71,951.8,38.7,43.3,41.0,35.0,11.2,0.4527,0.5538,0.0043,-1.0737,0.8119,40.2028,51.9,0,6
GEV261009P00945000,GEV,2026-10-09,16,P,945.0,-0.71,951.8,29.8,35.2,32.5,41.0,16.6,0.4427,-0.4496,0.0044,-1.0841,0.8119,30.9603,48.0,1,2
GEV261009C00947500,GEV,2026-10-09,16,C,947.5,-0.45,951.8,37.3,42.7,40.0,44.4,13.5,0.456,0.543,0.0043,-1.0767,0.8146,39.183,50.7,0,1
GEV261009P00947500,GEV,2026-10-09,16,P,947.5,-0.45,951.8,30.9,35.9,33.4,0.0,15.0,0.4387,-0.4605,0.0044,-1.0871,0.8144,31.8566,49.1,0,0
GEV261009C00950000,GEV,2026-10-09,16,C,950.0,-0.19,951.8,36.2,40.4,38.3,38.8,11.0,0.4504,0.5322,0.0043,-1.0789,0.8166,37.4874,49.7,2,49
GEV261009P00950000,GEV,2026-10-09,16,P,950.0,-0.19,951.8,32.1,37.5,34.8,34.72,15.5,0.4404,-0.4714,0.0044,-1.0893,0.8161,33.231,50.3,0,21
GEV261009C00952500,GEV,2026-10-09,16,C,952.5,0.07,951.8,34.8,39.7,37.25,0.0,13.2,0.4524,0.5214,0.0044,-1.0803,0.8181,36.4207,48.5,0,0
GEV261009P00952500,GEV,2026-10-09,16,P,952.5,0.07,951.8,33.4,39.4,36.4,36.4,16.5,0.4443,-0.4824,0.0044,-1.0904,0.8175,34.8091,51.4,3,0
GEV261009C00955000,GEV,2026-10-09,16,C,955.0,0.34,951.8,33.8,38.5,36.15,39.85,13.0,0.4535,0.5105,0.0044,-1.0808,0.819,35.3105,47.4,0,6
GEV261009P00955000,GEV,2026-10-09,16,P,955.0,0.34,951.8,34.3,40.0,37.15,39.0,15.3,0.4374,-0.4933,0.0044,-1.0908,0.8184,35.558,52.5,1,4
GEV261009C00960000,GEV,2026-10-09,16,C,960.0,0.86,951.8,31.2,35.9,33.55,36.4,14.0,0.4498,0.4889,0.0044,-1.0794,0.819,32.7035,45.2,0,32
GEV261009P00960000,GEV,2026-10-09,16,P,960.0,0.86,951.8,36.9,42.5,39.7,41.2,14.1,0.4354,-0.5151,0.0044,-1.0892,0.8178,38.0773,54.8,1,11
GEV261009C00965000,GEV,2026-10-09,16,C,965.0,1.39,951.8,28.7,33.6,31.15,34.03,15.7,0.4473,0.4673,0.0044,-1.0747,0.8166,30.3017,43.0,0,16
GEV261009P00965000,GEV,2026-10-09,16,P,965.0,1.39,951.8,39.4,45.1,42.25,56.31,13.5,0.4322,-0.537,0.0044,-1.0846,0.8148,40.6149,57.1,0,4
GEV261009C00970000,GEV,2026-10-09,16,C,970.0,1.91,951.8,26.9,31.9,29.4,31.22,17.0,0.4515,0.4459,0.0043,-1.0669,0.8118,28.5379,40.9,1,37
GEV261009P00970000,GEV,2026-10-09,16,P,970.0,1.91,951.8,42.9,48.0,45.45,45.55,11.2,0.4355,-0.5586,0.0044,-1.0764,0.8093,43.7787,59.3,29,4
GEV261009C00975000,GEV,2026-10-09,16,C,975.0,2.44,951.8,24.4,29.8,27.1,25.41,19.9,0.4476,0.4247,0.0043,-1.0559,0.8047,26.2425,38.8,1,19
GEV261009P00975000,GEV,2026-10-09,16,P,975.0,2.44,951.8,45.1,50.8,47.95,47.91,11.9,0.4288,-0.58,0.0044,-1.0652,0.8019,46.2687,61.5,10,4
GEV261009C00980000,GEV,2026-10-09,16,C,980.0,2.96,951.8,22.1,26.7,24.4,23.39,18.9,0.4374,0.4038,0.0043,-1.0419,0.7956,23.573,36.5,1,28
GEV261009P00980000,GEV,2026-10-09,16,P,980.0,2.96,951.8,48.4,54.7,51.55,61.7,12.2,0.4346,-0.6012,0.0043,-1.0512,0.7923,49.8407,63.6,0,2
GEV261009C00985000,GEV,2026-10-09,16,C,985.0,3.49,951.8,21.8,25.1,23.45,23.0,14.1,0.4479,0.3832,0.0042,-1.0251,0.7843,22.6006,34.7,0,9
GEV261009P00985000,GEV,2026-10-09,16,P,985.0,3.49,951.8,52.2,58.6,55.4,70.0,11.6,0.4423,-0.622,0.0042,-1.0342,0.7787,53.6497,65.5,0,2
GEV261009C00990000,GEV,2026-10-09,16,C,990.0,4.01,951.8,19.2,23.5,21.35,18.53,20.1,0.4426,0.363,0.0041,-1.0057,0.7708,20.5234,32.6,0,6
GEV261009P00990000,GEV,2026-10-09,16,P,990.0,4.01,951.8,55.3,61.1,58.2,115.34,10.0,0.4353,-0.6424,0.0042,-1.0146,0.766,56.4457,67.7,0,1
GEV261009C00995000,GEV,2026-10-09,16,C,995.0,4.54,951.8,17.4,21.8,19.6,19.0,22.4,0.4404,0.3433,0.0041,-0.9838,0.7558,18.7862,30.6,1,20
GEV261009P00995000,GEV,2026-10-09,16,P,995.0,4.54,951.8,58.2,64.5,61.35,108.1,10.3,0.4314,-0.6625,0.0041,-0.9925,0.7497,59.5884,69.7,0,3
GEV261009C01000000,GEV,2026-10-09,16,C,1000.0,5.06,951.8,16.9,19.5,18.2,18.2,14.3,0.4416,0.324,0.004,-0.9596,0.7391,17.3936,28.7,7,126
GEV261009P01000000,GEV,2026-10-09,16,P,1000.0,5.06,951.8,61.7,66.8,64.25,82.7,7.9,0.4225,-0.6821,0.004,-0.9681,0.7291,62.4896,72.0,0,3
GEV261009C01005000,GEV,2026-10-09,16,C,1005.0,5.59,951.8,15.1,17.8,16.45,22.5,16.4,0.4368,0.3052,0.0039,-0.9334,0.7204,15.6733,26.7,0,22
GEV261009P01005000,GEV,2026-10-09,16,P,1005.0,5.59,951.8,65.3,71.8,68.55,92.8,9.5,0.4317,-0.7011,0.0039,-0.9417,0.7126,66.761,73.5,0,1
GEV261009C01010000,GEV,2026-10-09,16,C,1010.0,6.11,951.8,12.8,16.6,14.7,14.65,25.9,0.4304,0.287,0.0038,-0.9054,0.7005,13.9559,24.7,4,18
GEV261009P01010000,GEV,2026-10-09,16,P,1010.0,6.11,951.8,68.8,75.3,72.05,0.0,9.0,0.4284,-0.7196,0.0038,-0.9135,0.6911,70.2534,75.4,0,0
GEV261009C01015000,GEV,2026-10-09,16,C,1015.0,6.64,951.8,12.3,15.9,14.1,17.6,25.5,0.4395,0.2694,0.0037,-0.8758,0.6797,13.3552,23.4,0,3
GEV261009P01015000,GEV,2026-10-09,16,P,1015.0,6.64,951.8,72.8,77.8,75.3,0.0,6.6,0.4198,-0.7376,0.0037,-0.8836,0.6694,73.5094,77.5,0,0
GEV261009C01020000,GEV,2026-10-09,16,C,1020.0,7.17,951.8,11.2,14.4,12.8,13.29,25.0,0.4372,0.2524,0.0035,-0.8449,0.6574,12.0832,21.7,4,12
GEV261009P01020000,GEV,2026-10-09,16,P,1020.0,7.17,951.8,76.6,82.1,79.35,78.7,6.9,0.4218,-0.7548,0.0036,-0.8522,0.6447,77.5415,79.0,12,0
GEV261009C01025000,GEV,2026-10-09,16,C,1025.0,7.69,951.8,10.0,13.6,11.8,14.0,30.5,0.4382,0.236,0.0034,-0.8129,0.6341,11.0994,20.2,16,3
GEV261009P01025000,GEV,2026-10-09,16,P,1025.0,7.69,951.8,80.5,86.9,83.7,0.0,7.6,0.4277,-0.7715,0.0035,-0.8199,0.6217,81.875,80.3,0,0
GEV261009C01030000,GEV,2026-10-09,16,C,1030.0,8.22,951.8,9.0,12.5,10.75,14.0,32.6,0.4374,0.2203,0.0033,-0.7799,0.6105,10.0814,18.7,0,5
GEV261009P01030000,GEV,2026-10-09,16,P,1030.0,8.22,951.8,84.5,91.2,87.85,96.25,7.6,0.4293,-0.7876,0.0034,-0.7867,0.5957,86.0115,81.7,0,3
GEV261009C01035000,GEV,2026-10-09,16,C,1035.0,8.74,951.8,7.2,12.0,9.6,11.6,50.0,0.4335,0.2052,0.0032,-0.7464,0.5862,8.9676,17.1,0,6
GEV261009P01035000,GEV,2026-10-09,16,P,1035.0,8.74,951.8,88.6,95.8,92.2,0.0,7.8,0.4333,-0.8029,0.0032,-0.7526,0.5668,90.3434,82.9,0,0
GEV261009C01040000,GEV,2026-10-09,16,C,1040.0,9.27,951.8,7.6,9.6,8.6,9.6,23.3,0.4307,0.1909,0.003,-0.7124,0.561,7.9997,15.7,28,109
GEV261009P01040000,GEV,2026-10-09,16,P,1040.0,9.27,951.8,92.8,100.4,96.6,111.3,7.9,0.4374,-0.8176,0.0031,-0.7184,0.5444,94.7296,84.0,0,3
GEV261009C01045000,GEV,2026-10-09,16,C,1045.0,9.79,951.8,6.1,10.0,8.05,12.1,48.4,0.435,0.1772,0.0029,-0.6783,0.5359,7.4636,14.6,0,1
GEV261009P01045000,GEV,2026-10-09,16,P,1045.0,9.79,951.8,97.0,104.6,100.8,0.0,7.5,0.4367,-0.8316,0.003,-0.684,0.5161,98.9182,85.3,0,0
GEV261009C01050000,GEV,2026-10-09,16,C,1050.0,10.32,951.8,6.7,8.6,7.65,6.0,24.8,0.4415,0.1642,0.0028,-0.6441,0.511,7.0741,13.8,4,40
GEV261009P01050000,GEV,2026-10-09,16,P,1050.0,10.32,951.8,100.6,107.9,104.25,133.8,7.0,0.4187,-0.845,0.0028,-0.6499,0.4896,102.364,87.4,0,1
GEV261009C01055000,GEV,2026-10-09,16,C,1055.0,10.84,951.8,5.1,8.4,6.75,12.8,48.9,0.4371,0.1519,0.0026,-0.6101,0.4856,6.2126,12.5,0,1
GEV261009P01055000,GEV,2026-10-09,16,P,1055.0,10.84,951.8,105.0,112.6,108.8,179.2,7.0,0.4221,-0.8577,0.0027,-0.6159,0.4617,106.8989,88.3,0,1
GEV261009C01060000,GEV,2026-10-09,16,C,1060.0,11.37,951.8,4.8,7.0,5.9,5.95,37.3,0.4322,0.1402,0.0025,-0.5765,0.4603,5.4074,11.2,8,6
GEV261009P01060000,GEV,2026-10-09,16,P,1060.0,11.37,951.8,109.3,117.2,113.25,0.0,7.0,0.422,-0.8696,0.0026,-0.5819,0.4366,111.3269,89.3,0,0
GEV261009C01065000,GEV,2026-10-09,16,C,1065.0,11.89,951.8,4.2,7.0,5.6,7.91,50.0,0.4383,0.1292,0.0024,-0.5434,0.4357,5.1174,10.5,0,14
GEV261009P01065000,GEV,2026-10-09,16,P,1065.0,11.89,951.8,115.7,120.7,118.2,0.0,4.2,0.4335,-0.8811,0.0024,-0.5502,0.4066,116.2584,89.7,0,0
GEV261009C01070000,GEV,2026-10-09,16,C,1070.0,12.42,951.8,3.7,6.5,5.1,7.32,54.9,0.439,0.1189,0.0022,-0.511,0.4115,4.6408,9.7,0,17
GEV261009P01070000,GEV,2026-10-09,16,P,1070.0,12.42,951.8,118.6,126.7,122.65,127.1,6.6,0.4316,-0.8919,0.0023,-0.5188,0.3791,120.6867,90.7,0,1
GEV261009C01075000,GEV,2026-10-09,16,C,1075.0,12.94,951.8,3.0,6.9,4.95,19.3,78.8,0.4476,0.1092,0.0021,-0.4794,0.3873,4.4938,9.2,0,1
GEV261009P01075000,GEV,2026-10-09,16,P,1075.0,12.94,951.8,123.3,131.1,127.2,0.0,6.1,0.431,-0.902,0.0022,-0.4876,0.357,125.2127,91.5,0,0
GEV261009C01080000,GEV,2026-10-09,16,C,1080.0,13.47,951.8,2.9,5.5,4.2,6.79,61.9,0.44,0.1001,0.002,-0.4486,0.3638,3.792,8.1,0,10
GEV261009P01080000,GEV,2026-10-09,16,P,1080.0,13.47,951.8,127.8,135.2,131.5,0.0,5.6,0.4207,-0.9115,0.0021,-0.4578,0.3284,129.4731,92.8,0,0
GEV261009C01085000,GEV,2026-10-09,16,C,1085.0,13.99,951.8,2.75,5.3,4.025,3.8,63.4,0.4468,0.0916,0.0018,-0.4189,0.3414,3.6249,7.7,1,2
GEV261009P01085000,GEV,2026-10-09,16,P,1085.0,13.99,951.8,132.5,139.6,136.05,0.0,5.2,0.4158,-0.9206,0.002,-0.4306,0.3015,133.9812,93.7,0,0
GEV261009C01090000,GEV,2026-10-09,16,C,1090.0,14.52,951.8,2.15,5.1,3.625,14.8,81.4,0.4465,0.0837,0.0017,-0.3902,0.3194,3.2506,7.0,0,8
GEV261009P01090000,GEV,2026-10-09,16,P,1090.0,14.52,951.8,137.4,144.3,140.85,0.0,4.9,0.4189,-0.929,0.0018,-0.4035,0.2777,138.7541,94.2,0,0
GEV261009C01095000,GEV,2026-10-09,16,C,1095.0,15.05,951.8,1.85,4.8,3.325,2.3,88.7,0.4483,0.0764,0.0016,-0.3627,0.2979,2.9703,6.4,0,12
GEV261009P01095000,GEV,2026-10-09,16,P,1095.0,15.05,951.8,142.0,149.6,145.8,144.31,5.2,0.4274,-0.9368,0.0017,-0.3768,0.2589,143.683,94.4,2,0
GEV261009C01100000,GEV,2026-10-09,16,C,1100.0,15.57,951.8,2.4,3.9,3.15,2.98,47.6,0.4535,0.0696,0.0015,-0.3364,0.2776,2.8062,6.0,8,44
GEV261009P01100000,GEV,2026-10-09,16,P,1100.0,15.57,951.8,146.9,154.5,150.7,168.25,5.0,0.4334,-0.9441,0.0016,-0.3518,0.2246,148.5552,94.7,0,6
GEV261009C01105000,GEV,2026-10-09,16,C,1105.0,16.1,951.8,1.8,3.7,2.75,3.01,69.1,0.4502,0.0632,0.0014,-0.3113,0.2583,2.436,5.3,0,4
GEV261009P01105000,GEV,2026-10-09,16,P,1105.0,16.1,951.8,151.3,159.0,155.15,0.0,5.0,0.4154,-0.951,0.0015,-0.3289,0.2046,152.9092,95.9,0,0
GEV261009C01110000,GEV,2026-10-09,16,C,1110.0,16.62,951.8,0.55,4.5,2.525,7.4,156.4,0.4522,0.0574,0.0013,-0.2875,0.2395,2.2286,4.9,0,8
GEV261009P01110000,GEV,2026-10-09,16,P,1110.0,16.62,951.8,156.0,164.0,160.0,148.15,5.0,0.415,-0.9575,0.0014,-0.3061,0.1874,157.6995,96.4,0,2
GEV261009C01115000,GEV,2026-10-09,16,C,1115.0,17.15,951.8,0.0,6.5,1.89,1.89,,0.4889,0.052,0.0012,-0.2649,0.2216,2.887,5.7,0,10
GEV261009P01115000,GEV,2026-10-09,16,P,1115.0,17.15,951.8,161.0,169.0,165.0,0.0,4.8,0.4246,-0.9635,0.0014,-0.283,0.1695,162.6876,96.4,0,0
GEV261009C01120000,GEV,2026-10-09,16,C,1120.0,17.67,951.8,0.0,6.3,2.55,2.55,,0.4959,0.047,0.0011,-0.2436,0.2048,2.7925,5.5,0,21
GEV261009P01120000,GEV,2026-10-09,16,P,1120.0,17.67,951.8,166.0,173.8,169.9,0.0,4.6,0.4264,-0.969,0.0013,-0.2542,0.1358,167.5412,96.8,0,0
GEV261009C01125000,GEV,2026-10-09,16,C,1125.0,18.2,951.8,0.3,5.1,2.7,3.6,177.8,0.4895,0.0425,0.001,-0.2236,0.189,2.3793,4.8,0,31
GEV261009P01125000,GEV,2026-10-09,16,P,1125.0,18.2,951.8,171.0,178.7,174.85,192.0,4.4,0.4312,-0.974,0.0012,-0.2296,0.1209,172.4557,97.0,0,1
GEV261009C01130000,GEV,2026-10-09,16,C,1130.0,18.72,951.8,0.1,5.9,3.0,3.3,193.3,0.511,0.0383,0.0009,-0.2047,0.1739,2.6494,5.0,0,8
GEV261009P01130000,GEV,2026-10-09,16,P,1130.0,18.72,951.8,175.4,183.6,179.5,0.0,4.6,0.0,-0.9792,0.0011,-0.2148,0.101,,,0,0
GEV261009C01135000,GEV,2026-10-09,16,C,1135.0,19.25,951.8,0.0,5.8,3.1,3.1,,0.5173,0.0345,0.0008,-0.1872,0.1596,2.5556,4.8,0,5
GEV261009P01135000,GEV,2026-10-09,16,P,1135.0,19.25,951.8,180.3,188.5,184.4,0.0,4.4,0.0,-0.9835,0.001,-0.1946,0.0845,,,0,0
GEV261009C01140000,GEV,2026-10-09,16,C,1140.0,19.77,951.8,0.1,2.9,1.5,2.7,186.7,0.4633,0.031,0.0008,-0.1707,0.1465,1.2945,2.9,0,2
GEV261009P01140000,GEV,2026-10-09,16,P,1140.0,19.77,951.8,185.5,193.4,189.45,0.0,4.2,0.0,-0.9872,0.0009,-0.1647,0.0646,,,0,0
GEV261009C01145000,GEV,2026-10-09,16,C,1145.0,20.3,951.8,0.0,4.1,2.51,2.51,,0.5007,0.0278,0.0007,-0.1554,0.1341,1.7835,3.6,0,6
GEV261009P01145000,GEV,2026-10-09,16,P,1145.0,20.3,951.8,190.3,198.3,194.3,0.0,4.1,0.0,-0.9904,0.0007,-0.1476,0.0478,,,0,0
GEV261009C01150000,GEV,2026-10-09,16,C,1150.0,20.82,951.8,0.25,4.9,2.575,3.1,180.6,0.5336,0.025,0.0006,-0.1412,0.1224,2.253,4.2,0,2
GEV261009P01150000,GEV,2026-10-09,16,P,1150.0,20.82,951.8,195.1,203.3,199.2,0.0,4.1,0.0,-0.9932,0.0006,-0.1431,0.0281,,,0,0
GEV261009C01155000,GEV,2026-10-09,16,C,1155.0,21.35,951.8,0.0,5.3,3.4,3.4,,0.5464,0.0223,0.0006,-0.1281,0.1116,2.3196,4.2,0,2
GEV261009P01155000,GEV,2026-10-09,16,P,1155.0,21.35,951.8,200.2,208.2,204.2,0.0,3.9,0.0,-0.9954,0.0004,-0.134,0.0217,,,0,0
GEV261009C01160000,GEV,2026-10-09,16,C,1160.0,21.87,951.8,0.0,5.2,2.25,2.25,,0.5538,0.02,0.0005,-0.116,0.1017,2.2727,4.0,0,9
GEV261009P01160000,GEV,2026-10-09,16,P,1160.0,21.87,951.8,205.0,213.2,209.1,0.0,3.9,0.0,-0.9972,0.0003,-0.1219,0.0164,,,0,0
GEV261009C01165000,GEV,2026-10-09,16,C,1165.0,22.4,951.8,0.0,5.1,2.15,2.15,,0.561,0.0178,0.0005,-0.1048,0.0925,2.2248,3.9,0,46
GEV261009P01165000,GEV,2026-10-09,16,P,1165.0,22.4,951.8,210.0,218.1,214.05,0.0,3.8,0.0,-0.9983,0.0002,-0.118,0.0074,,,0,0
GEV261009C01170000,GEV,2026-10-09,16,C,1170.0,22.92,951.8,0.0,5.0,2.75,2.75,,0.5681,0.0159,0.0004,-0.0946,0.0838,2.178,3.8,0,20
GEV261009P01170000,GEV,2026-10-09,16,P,1170.0,22.92,951.8,215.1,223.1,219.1,0.0,3.7,0.0,-0.999,0.0001,-0.118,0.0,,,0,0
GEV261009C01175000,GEV,2026-10-09,16,C,1175.0,23.45,951.8,0.0,5.0,4.2,4.2,,0.5773,0.0141,0.0004,-0.0852,0.0759,2.1754,3.7,0,30
GEV261009P01175000,GEV,2026-10-09,16,P,1175.0,23.45,951.8,220.1,228.1,224.1,0.0,3.6,0.0,-0.9995,0.0001,-0.118,0.0,,,0,0
GEV261009C01180000,GEV,2026-10-09,16,C,1180.0,23.98,951.8,0.25,4.1,2.175,2.35,177.0,0.571,0.0126,0.0004,-0.0766,0.0687,1.8831,3.3,0,15
GEV261009P01180000,GEV,2026-10-09,16,P,1180.0,23.98,951.8,225.0,233.1,229.05,0.0,3.5,0.0,-0.9999,0.0,-0.118,0.0,,,0,0
GEV261009C01185000,GEV,2026-10-09,16,C,1185.0,24.5,951.8,0.0,4.8,2.65,2.65,,0.5908,0.0112,0.0003,-0.0688,0.062,2.0809,3.4,0,47
GEV261009P01185000,GEV,2026-10-09,16,P,1185.0,24.5,951.8,229.9,238.8,234.35,0.0,3.8,0.0,-1.0,0.0,-0.118,0.0,,,0,0
GEV261016C00720000,GEV,2026-10-16,23,C,720.0,-24.35,951.8,231.1,236.1,233.6,187.52,2.1,0.4989,0.9841,0.0003,-0.0796,0.1023,234.0519,98.6,0,25
GEV261016P00720000,GEV,2026-10-16,23,P,720.0,-24.35,951.8,0.7,1.0,0.85,0.75,35.3,0.5368,-0.0167,0.0003,-0.1051,0.1027,0.7395,2.2,5,308
GEV261016C00730000,GEV,2026-10-16,23,C,730.0,-23.3,951.8,220.1,228.0,224.05,360.7,3.5,0.5216,0.9806,0.0004,-0.0986,0.1205,224.4548,97.6,0,3
GEV261016P00730000,GEV,2026-10-16,23,P,730.0,-23.3,951.8,0.0,1.15,1.15,1.15,,0.4852,-0.0202,0.0004,-0.123,0.1209,0.4962,1.6,0,893
GEV261016C00740000,GEV,2026-10-16,23,C,740.0,-22.25,951.8,210.9,218.5,214.7,163.9,3.5,0.543,0.9764,0.0004,-0.1202,0.1417,215.0425,96.4,0,11
GEV261016P00740000,GEV,2026-10-16,23,P,740.0,-22.25,951.8,0.2,2.0,1.1,0.97,163.6,0.5116,-0.0245,0.0004,-0.1436,0.1423,0.9637,2.8,17,142
GEV261016C00750000,GEV,2026-10-16,23,C,750.0,-21.2,951.8,202.4,207.2,204.8,191.0,2.3,0.5229,0.9713,0.0005,-0.1446,0.1654,205.1345,96.2,0,11
GEV261016P00750000,GEV,2026-10-16,23,P,750.0,-21.2,951.8,1.0,1.65,1.325,1.28,49.1,0.5039,-0.0296,0.0005,-0.1669,0.1658,1.1668,3.3,33,442
GEV261016C00760000,GEV,2026-10-16,23,C,760.0,-20.15,951.8,192.8,199.0,195.9,177.6,3.2,0.5502,0.9654,0.0006,-0.1718,0.1928,196.144,94.3,0,9
GEV261016P00760000,GEV,2026-10-16,23,P,760.0,-20.15,951.8,0.95,2.05,1.5,1.6,73.3,0.4909,-0.0356,0.0006,-0.1932,0.1939,1.3257,3.7,62,782
GEV261016C00770000,GEV,2026-10-16,23,C,770.0,-19.1,951.8,183.1,189.3,186.2,161.9,3.3,0.535,0.9583,0.0007,-0.2022,0.2229,186.4212,93.7,0,14
GEV261016P00770000,GEV,2026-10-16,23,P,770.0,-19.1,951.8,1.9,2.25,2.075,1.95,16.9,0.4965,-0.0426,0.0007,-0.2227,0.2234,1.8489,4.9,9,976
GEV261016C00780000,GEV,2026-10-16,23,C,780.0,-18.05,951.8,172.7,180.0,176.35,168.79,4.1,0.5132,0.9501,0.0009,-0.2358,0.2573,176.5578,93.3,0,18
GEV261016P00780000,GEV,2026-10-16,23,P,780.0,-18.05,951.8,2.2,3.3,2.75,2.5,40.0,0.5,-0.0509,0.0009,-0.2552,0.259,2.4711,6.1,17,228
GEV261016C00790000,GEV,2026-10-16,23,C,790.0,-17.0,951.8,164.2,170.5,167.35,105.0,3.8,0.5189,0.9405,0.001,-0.2726,0.2945,167.4866,91.7,0,14
GEV261016P00790000,GEV,2026-10-16,23,P,790.0,-17.0,951.8,2.45,3.3,2.875,2.81,29.6,0.4789,-0.0606,0.001,-0.2912,0.2949,2.5876,6.5,13,220
GEV261016C00800000,GEV,2026-10-16,23,C,800.0,-15.95,951.8,154.0,161.3,157.65,149.48,4.6,0.4996,0.9294,0.0012,-0.3126,0.3359,157.768,91.0,0,62
GEV261016P00800000,GEV,2026-10-16,23,P,800.0,-15.95,951.8,3.5,3.9,3.7,3.65,10.8,0.4804,-0.0717,0.0012,-0.3302,0.3383,3.3552,8.1,24,1540
GEV261016C00810000,GEV,2026-10-16,23,C,810.0,-14.9,951.8,144.8,151.8,148.3,142.6,4.7,0.4914,0.9166,0.0013,-0.3556,0.3799,148.4696,89.7,0,20
GEV261016P00810000,GEV,2026-10-16,23,P,810.0,-14.9,951.8,4.0,5.4,4.7,4.45,29.8,0.4818,-0.0846,0.0013,-0.3724,0.3804,4.2883,9.8,5,284
GEV261016C00820000,GEV,2026-10-16,23,C,820.0,-13.85,951.8,136.7,143.1,139.9,145.92,4.6,0.4979,0.902,0.0015,-0.4013,0.4277,139.8836,87.5,0,45
GEV261016P00820000,GEV,2026-10-16,23,P,820.0,-13.85,951.8,5.0,5.7,5.35,4.9,13.1,0.4703,-0.0993,0.0015,-0.4172,0.4308,4.9015,11.0,13,384
GEV261016C00830000,GEV,2026-10-16,23,C,830.0,-12.8,951.8,126.9,134.1,130.5,108.7,5.5,0.4806,0.8854,0.0017,-0.4493,0.4774,130.4539,86.3,0,11
GEV261016P00830000,GEV,2026-10-16,23,P,830.0,-12.8,951.8,6.0,7.5,6.75,6.7,22.2,0.473,-0.1159,0.0017,-0.4645,0.4781,6.2224,13.2,6,254
GEV261016C00840000,GEV,2026-10-16,23,C,840.0,-11.75,951.8,119.1,125.7,122.4,128.01,5.4,0.4866,0.8668,0.0019,-0.499,0.53,122.2631,83.7,0,26
GEV261016P00840000,GEV,2026-10-16,23,P,840.0,-11.75,951.8,7.2,9.0,8.1,7.6,22.2,0.4701,-0.1346,0.0019,-0.5134,0.5334,7.5102,15.4,32,438
GEV261016C00850000,GEV,2026-10-16,23,C,850.0,-10.7,951.8,110.5,117.3,113.9,104.1,6.0,0.4808,0.8461,0.0021,-0.5498,0.583,113.7055,81.5,1,112
GEV261016P00850000,GEV,2026-10-16,23,P,850.0,-10.7,951.8,9.0,10.7,9.85,9.4,17.3,0.4704,-0.1555,0.0021,-0.5634,0.5838,9.1815,17.9,63,586
GEV261016C00860000,GEV,2026-10-16,23,C,860.0,-9.64,951.8,102.1,107.2,104.65,100.0,4.9,0.46,0.8232,0.0023,-0.6008,0.6374,104.4301,80.0,1,47
GEV261016P00860000,GEV,2026-10-16,23,P,860.0,-9.64,951.8,10.0,12.9,11.45,11.5,25.3,0.4642,-0.1784,0.0023,-0.6136,0.6409,10.7191,20.2,11,430
GEV261016C00865000,GEV,2026-10-16,23,C,865.0,-9.12,951.8,99.7,104.9,102.3,107.73,5.1,0.4835,0.8109,0.0024,-0.6261,0.664,101.9845,77.3,0,1
GEV261016P00865000,GEV,2026-10-16,23,P,865.0,-9.12,951.8,11.1,14.9,13.0,14.23,29.2,0.4591,-0.1908,0.0024,-0.6385,0.6658,11.4403,21.4,0,29
GEV261016C00870000,GEV,2026-10-16,23,C,870.0,-8.59,951.8,94.1,101.1,97.6,88.7,7.2,0.4704,0.7981,0.0025,-0.651,0.6903,97.2829,76.5,2,116
GEV261016P00870000,GEV,2026-10-16,23,P,870.0,-8.59,951.8,12.0,15.3,13.65,13.3,24.2,0.4636,-0.2036,0.0025,-0.6632,0.6911,12.8399,23.1,45,362
GEV261016C00875000,GEV,2026-10-16,23,C,875.0,-8.07,951.8,91.9,97.3,94.6,0.0,5.7,0.4806,0.7848,0.0026,-0.6756,0.7166,94.2179,74.5,0,0
GEV261016P00875000,GEV,2026-10-16,23,P,875.0,-8.07,951.8,10.5,16.7,13.6,14.28,45.6,0.4456,-0.217,0.0026,-0.6873,0.7172,12.8003,23.6,0,2
GEV261016C00880000,GEV,2026-10-16,23,C,880.0,-7.54,951.8,88.1,93.0,90.55,91.5,5.4,0.4751,0.771,0.0027,-0.6996,0.7424,90.1419,73.2,0,226
GEV261016P00880000,GEV,2026-10-16,23,P,880.0,-7.54,951.8,14.2,16.8,15.5,15.6,16.8,0.4544,-0.2309,0.0027,-0.711,0.7456,14.6399,25.7,12,552
GEV261016C00885000,GEV,2026-10-16,23,C,885.0,-7.02,951.8,84.4,90.0,87.2,0.0,6.4,0.4781,0.7566,0.0028,-0.7228,0.7671,86.7555,71.5,0,0
GEV261016P00885000,GEV,2026-10-16,23,P,885.0,-7.02,951.8,13.0,19.4,16.2,18.6,39.5,0.4457,-0.2454,0.0028,-0.7339,0.7687,15.3234,26.9,0,4
GEV261016C00890000,GEV,2026-10-16,23,C,890.0,-6.49,951.8,80.7,86.4,83.55,83.0,6.8,0.4761,0.7418,0.0029,-0.7453,0.7909,83.0758,70.0,24,92
GEV261016P00890000,GEV,2026-10-16,23,P,890.0,-6.49,951.8,16.8,20.6,18.7,18.15,20.3,0.4594,-0.2603,0.0029,-0.7561,0.7917,17.7483,29.2,26,334
GEV261016C00895000,GEV,2026-10-16,23,C,895.0,-5.97,951.8,77.2,81.1,79.15,81.0,4.9,0.464,0.7266,0.003,-0.7668,0.8142,78.6657,68.9,2,0
GEV261016P00895000,GEV,2026-10-16,23,P,895.0,-5.97,951.8,18.3,23.7,21.0,19.6,25.7,0.4688,-0.2756,0.003,-0.7773,0.8147,19.9935,31.4,2,0
GEV261016C00900000,GEV,2026-10-16,23,C,900.0,-5.44,951.8,73.8,77.8,75.8,74.35,5.3,0.4641,0.7108,0.0031,-0.7872,0.8363,75.2824,67.1,31,358
GEV261016P00900000,GEV,2026-10-16,23,P,900.0,-5.44,951.8,19.8,22.6,21.2,21.0,13.2,0.4515,-0.2914,0.0031,-0.7974,0.8389,20.1937,32.3,68,1015
GEV261016C00905000,GEV,2026-10-16,23,C,905.0,-4.92,951.8,70.4,75.0,72.7,0.0,6.3,0.4662,0.6947,0.0032,-0.8064,0.8567,72.1527,65.3,0,0
GEV261016P00905000,GEV,2026-10-16,23,P,905.0,-4.92,951.8,21.4,26.7,24.05,22.92,22.0,0.465,-0.3077,0.0032,-0.8163,0.858,22.9742,34.6,16,4
GEV261016C00907500,GEV,2026-10-16,23,C,907.5,-4.65,951.8,68.7,74.5,71.6,0.0,8.1,0.472,0.6865,0.0032,-0.8155,0.8665,71.0263,64.2,0,0
GEV261016P00907500,GEV,2026-10-16,23,P,907.5,-4.65,951.8,20.8,26.2,23.5,24.1,23.0,0.4483,-0.3159,0.0032,-0.8253,0.8674,22.4406,34.8,0,1
GEV261016C00910000,GEV,2026-10-16,23,C,910.0,-4.39,951.8,67.1,71.8,69.45,73.0,6.8,0.4654,0.6782,0.0032,-0.8243,0.8759,68.8703,63.6,0,51
GEV261016P00910000,GEV,2026-10-16,23,P,910.0,-4.39,951.8,21.6,25.9,23.75,25.5,18.1,0.4409,-0.3242,0.0033,-0.834,0.8765,22.6924,35.4,14,343
GEV261016C00912500,GEV,2026-10-16,23,C,912.5,-4.13,951.8,65.6,70.4,68.0,67.3,7.1,0.4667,0.6699,0.0033,-0.8327,0.8851,67.408,62.7,1,0
GEV261016P00912500,GEV,2026-10-16,23,P,912.5,-4.13,951.8,22.2,27.9,25.05,0.0,22.8,0.4454,-0.3327,0.0033,-0.8423,0.8857,23.9742,36.6,0,0
GEV261016C00915000,GEV,2026-10-16,23,C,915.0,-3.87,951.8,63.8,69.7,66.75,68.44,8.8,0.4699,0.6614,0.0033,-0.8408,0.8939,66.1363,61.7,0,1
GEV261016P00915000,GEV,2026-10-16,23,P,915.0,-3.87,951.8,24.5,29.2,26.85,27.08,17.5,0.455,-0.3412,0.0033,-0.8503,0.8943,25.7323,37.8,0,16
GEV261016C00917500,GEV,2026-10-16,23,C,917.5,-3.6,951.8,62.3,68.2,65.25,0.0,9.0,0.47,0.6529,0.0034,-0.8485,0.9023,64.6184,60.8,0,0
GEV261016P00917500,GEV,2026-10-16,23,P,917.5,-3.6,951.8,24.0,30.7,27.35,32.2,24.5,0.4498,-0.3498,0.0034,-0.8578,0.9046,26.2296,38.6,2,3
GEV261016C00920000,GEV,2026-10-16,23,C,920.0,-3.34,951.8,60.9,65.3,63.1,65.0,7.0,0.4628,0.6443,0.0034,-0.8557,0.9102,62.4732,60.1,0,66
GEV261016P00920000,GEV,2026-10-16,23,P,920.0,-3.34,951.8,26.5,30.3,28.4,28.45,13.4,0.4504,-0.3584,0.0034,-0.865,0.9118,27.2558,39.5,10,246
GEV261016C00922500,GEV,2026-10-16,23,C,922.5,-3.08,951.8,59.3,63.8,61.55,63.6,7.3,0.462,0.6356,0.0034,-0.8626,0.9176,60.9138,59.2,0,3
GEV261016P00922500,GEV,2026-10-16,23,P,922.5,-3.08,951.8,26.1,31.8,28.95,0.0,19.7,0.4453,-0.3672,0.0034,-0.8717,0.9188,27.7962,40.3,0,0
GEV261016C00925000,GEV,2026-10-16,23,C,925.0,-2.82,951.8,57.8,62.1,59.95,60.4,7.2,0.4604,0.6269,0.0034,-0.8691,0.9246,59.3036,58.4,3,5
GEV261016P00925000,GEV,2026-10-16,23,P,925.0,-2.82,951.8,27.9,32.6,30.25,31.75,15.5,0.4482,-0.376,0.0035,-0.8781,0.9253,29.0736,41.3,0,1
GEV261016C00927500,GEV,2026-10-16,23,C,927.5,-2.55,951.8,56.3,61.5,58.9,62.9,8.8,0.4645,0.6181,0.0035,-0.8751,0.9311,58.233,57.3,0,1
GEV261016P00927500,GEV,2026-10-16,23,P,927.5,-2.55,951.8,27.3,33.4,30.35,0.0,20.1,0.4379,-0.3848,0.0035,-0.8841,0.9316,29.1796,41.9,0,0
GEV261016C00930000,GEV,2026-10-16,23,C,930.0,-2.29,951.8,53.5,59.5,56.5,58.0,10.6,0.454,0.6093,0.0035,-0.8808,0.9372,55.8521,56.7,9,304
GEV261016P00930000,GEV,2026-10-16,23,P,930.0,-2.29,951.8,29.8,34.8,32.3,33.5,15.5,0.4473,-0.3937,0.0035,-0.8896,0.9376,31.0975,43.1,0,418
GEV261016C00932500,GEV,2026-10-16,23,C,932.5,-2.03,951.8,53.5,58.4,55.95,61.4,8.8,0.4629,0.6004,0.0035,-0.886,0.9429,55.2707,55.6,0,3
GEV261016P00932500,GEV,2026-10-16,23,P,932.5,-2.03,951.8,31.5,36.3,33.9,35.1,14.2,0.4526,-0.4026,0.0035,-0.8948,0.9431,32.6735,44.2,4,1
GEV261016C00935000,GEV,2026-10-16,23,C,935.0,-1.77,951.8,52.1,56.5,54.3,54.56,8.1,0.4599,0.5915,0.0035,-0.8907,0.9482,53.6182,54.7,9,12
GEV261016P00935000,GEV,2026-10-16,23,P,935.0,-1.77,951.8,32.5,38.5,35.5,35.13,16.9,0.4576,-0.4116,0.0036,-0.8995,0.9483,34.2512,45.2,1,10
GEV261016C00937500,GEV,2026-10-16,23,C,937.5,-1.5,951.8,50.4,55.4,52.9,54.92,9.5,0.4593,0.5826,0.0036,-0.895,0.9529,52.2094,53.8,0,7
GEV261016P00937500,GEV,2026-10-16,23,P,937.5,-1.5,951.8,32.2,38.1,35.15,38.2,16.8,0.4418,-0.4206,0.0036,-0.9037,0.9536,33.9186,45.9,0,2
GEV261016C00940000,GEV,2026-10-16,23,C,940.0,-1.24,951.8,49.2,53.7,51.45,50.76,8.7,0.4579,0.5736,0.0036,-0.8988,0.9572,50.748,52.9,3,202
GEV261016P00940000,GEV,2026-10-16,23,P,940.0,-1.24,951.8,34.6,38.7,36.65,35.0,11.2,0.4452,-0.4297,0.0036,-0.9074,0.9575,35.3925,46.9,2,176
GEV261016C00942500,GEV,2026-10-16,23,C,942.5,-0.98,951.8,47.7,53.2,50.45,54.1,10.9,0.461,0.5646,0.0036,-0.9022,0.9609,49.7316,51.9,0,8
GEV261016P00942500,GEV,2026-10-16,23,P,942.5,-0.98,951.8,34.4,40.5,37.45,38.9,16.3,0.4411,-0.4388,0.0036,-0.9107,0.961,36.188,47.8,5,2
GEV261016C00945000,GEV,2026-10-16,23,C,945.0,-0.71,951.8,46.2,51.4,48.8,48.14,10.7,0.4572,0.5556,0.0036,-0.9051,0.9642,48.089,51.1,1,3
GEV261016P00945000,GEV,2026-10-16,23,P,945.0,-0.71,951.8,35.8,43.0,39.4,38.25,18.3,0.4487,-0.4479,0.0036,-0.9136,0.9641,38.108,48.8,10,13
GEV261016C00947500,GEV,2026-10-16,23,C,947.5,-0.45,951.8,44.9,50.1,47.5,47.0,10.9,0.4567,0.5465,0.0036,-0.9076,0.9669,46.7794,50.2,0,4
GEV261016P00947500,GEV,2026-10-16,23,P,947.5,-0.45,951.8,37.7,42.9,40.3,0.0,12.9,0.4452,-0.457,0.0036,-0.916,0.9668,39.0057,49.7,0,0
GEV261016C00950000,GEV,2026-10-16,23,C,950.0,-0.19,951.8,44.0,49.0,46.5,46.0,10.8,0.4591,0.5375,0.0036,-0.9096,0.9692,45.7675,49.2,16,518
GEV261016P00950000,GEV,2026-10-16,23,P,950.0,-0.19,951.8,38.9,44.2,41.55,46.3,12.8,0.4451,-0.4661,0.0037,-0.918,0.9687,40.2477,50.7,0,561
GEV261016C00952500,GEV,2026-10-16,23,C,952.5,0.07,951.8,42.6,47.8,45.2,43.88,11.5,0.4582,0.5285,0.0036,-0.9112,0.971,44.4657,48.3,4,2
GEV261016P00952500,GEV,2026-10-16,23,P,952.5,0.07,951.8,40.5,46.5,43.5,44.2,13.8,0.4519,-0.4752,0.0037,-0.9196,0.9703,42.169,51.6,1,3
GEV261016C00955000,GEV,2026-10-16,23,C,955.0,0.34,951.8,41.2,46.4,43.8,43.5,11.9,0.456,0.5194,0.0036,-0.9123,0.9723,43.0625,47.4,0,2
GEV261016P00955000,GEV,2026-10-16,23,P,955.0,0.34,951.8,41.7,46.7,44.2,44.7,11.3,0.4456,-0.4844,0.0037,-0.9208,0.9712,42.8683,52.5,5,8
GEV261016C00960000,GEV,2026-10-16,23,C,960.0,0.86,951.8,39.1,43.4,41.25,40.0,10.4,0.4535,0.5014,0.0036,-0.913,0.9734,40.5041,45.6,78,201
GEV261016P00960000,GEV,2026-10-16,23,P,960.0,0.86,951.8,44.5,48.6,46.55,47.55,8.8,0.4421,-0.5026,0.0037,-0.9213,0.9718,45.2008,54.4,26,369
GEV261016C00965000,GEV,2026-10-16,23,C,965.0,1.39,951.8,36.4,42.3,39.35,42.1,15.0,0.4569,0.4835,0.0036,-0.912,0.9725,38.5979,43.8,0,5
GEV261016P00965000,GEV,2026-10-16,23,P,965.0,1.39,951.8,46.0,52.2,49.1,48.8,12.6,0.4397,-0.5207,0.0037,-0.9203,0.9711,47.7308,56.2,0,8
GEV261016C00970000,GEV,2026-10-16,23,C,970.0,1.91,951.8,34.6,39.9,37.25,36.84,14.2,0.4572,0.4656,0.0036,-0.9092,0.9698,36.485,42.1,9,136
GEV261016P00970000,GEV,2026-10-16,23,P,970.0,1.91,951.8,49.8,54.7,52.25,52.08,9.4,0.4426,-0.5387,0.0037,-0.9176,0.9678,50.857,58.1,11,70
GEV261016C00975000,GEV,2026-10-16,23,C,975.0,2.44,951.8,32.7,37.6,35.15,37.6,13.9,0.4567,0.448,0.0036,-0.9046,0.965,34.3838,40.3,3,13
GEV261016P00975000,GEV,2026-10-16,23,P,975.0,2.44,951.8,52.8,57.8,55.3,53.6,9.0,0.4436,-0.5566,0.0037,-0.9132,0.9616,53.892,59.8,0,1
GEV261016C00980000,GEV,2026-10-16,23,C,980.0,2.96,951.8,30.6,35.5,33.05,32.8,14.8,0.4553,0.4305,0.0036,-0.8984,0.9585,32.2851,38.6,1,243
GEV261016P00980000,GEV,2026-10-16,23,P,980.0,2.96,951.8,55.3,60.8,58.05,62.9,9.5,0.4404,-0.5743,0.0036,-0.9068,0.9542,56.6209,61.7,0,334
GEV261016C00985000,GEV,2026-10-16,23,C,985.0,3.49,951.8,28.9,33.5,31.2,30.88,14.7,0.4557,0.4133,0.0036,-0.8905,0.9504,30.441,36.9,1,3
GEV261016P00985000,GEV,2026-10-16,23,P,985.0,3.49,951.8,58.2,64.7,61.45,0.0,10.6,0.4432,-0.5918,0.0036,-0.899,0.9468,59.9997,63.4,0,0
GEV261016C00990000,GEV,2026-10-16,23,C,990.0,4.01,951.8,27.2,31.6,29.4,29.1,15.0,0.4557,0.3964,0.0035,-0.8811,0.9406,28.6428,35.2,3,200
GEV261016P00990000,GEV,2026-10-16,23,P,990.0,4.01,951.8,61.7,67.8,64.75,77.45,9.4,0.4441,-0.609,0.0036,-0.8898,0.9363,63.2844,65.0,0,67
GEV261016C00995000,GEV,2026-10-16,23,C,995.0,4.54,951.8,24.8,30.0,27.4,30.2,19.0,0.4527,0.3797,0.0035,-0.8702,0.929,26.6539,33.5,0,1
GEV261016P00995000,GEV,2026-10-16,23,P,995.0,4.54,951.8,64.8,70.2,67.5,0.0,8.0,0.4381,-0.6259,0.0035,-0.8792,0.9241,66.0263,66.8,0,0
GEV261016C01000000,GEV,2026-10-16,23,C,1000.0,5.06,951.8,24.1,27.9,26.0,26.3,14.6,0.4553,0.3634,0.0034,-0.858,0.9159,25.2541,32.0,67,825
GEV261016P01000000,GEV,2026-10-16,23,P,1000.0,5.06,951.8,68.2,74.3,71.25,81.1,8.6,0.442,-0.6424,0.0035,-0.8669,0.9078,69.7485,68.4,6,1343
GEV261016C01005000,GEV,2026-10-16,23,C,1005.0,5.59,951.8,21.8,26.7,24.25,24.8,20.2,0.4532,0.3474,0.0034,-0.8444,0.9017,23.5112,30.4,0,3
GEV261016P01005000,GEV,2026-10-16,23,P,1005.0,5.59,951.8,71.6,78.0,74.8,0.0,8.6,0.4429,-0.6587,0.0034,-0.8536,0.8946,73.2767,69.9,0,0
GEV261016C01020000,GEV,2026-10-16,23,C,1020.0,7.17,951.8,18.4,21.9,20.15,20.06,17.4,0.455,0.3019,0.0032,-0.7973,0.8514,19.4449,26.1,18,403
GEV261016P01020000,GEV,2026-10-16,23,P,1020.0,7.17,951.8,83.5,89.3,86.4,103.5,6.7,0.452,-0.7051,0.0032,-0.807,0.8381,84.8285,74.0,0,96
GEV261016C01040000,GEV,2026-10-16,23,C,1040.0,9.27,951.8,11.0,17.2,14.1,15.2,44.0,0.4377,0.2473,0.0029,-0.7228,0.7722,13.4949,20.1,6,355
GEV261016P01040000,GEV,2026-10-16,23,P,1040.0,9.27,951.8,97.2,104.6,100.9,106.3,7.3,0.4402,-0.7611,0.0029,-0.7332,0.751,99.2599,79.8,2,137
GEV261016C01060000,GEV,2026-10-16,23,C,1060.0,11.37,951.8,10.0,12.4,11.2,11.27,21.4,0.4485,0.2,0.0025,-0.6412,0.6852,10.6439,16.1,5,541
GEV261016P01060000,GEV,2026-10-16,23,P,1060.0,11.37,951.8,113.6,121.0,117.3,119.5,6.3,0.4392,-0.8098,0.0026,-0.6518,0.663,115.5779,84.3,0,75
GEV261016C01080000,GEV,2026-10-16,23,C,1080.0,13.47,951.8,7.6,9.6,8.6,8.8,23.3,0.4538,0.16,0.0022,-0.5581,0.5965,8.1102,12.6,16,343
GEV261016P01080000,GEV,2026-10-16,23,P,1080.0,13.47,951.8,131.0,138.3,134.65,129.08,5.4,0.4396,-0.8513,0.0023,-0.5686,0.5644,132.8102,88.0,0,83
GEV261016C01100000,GEV,2026-10-16,23,C,1100.0,15.57,951.8,5.6,8.2,6.9,6.4,37.7,0.4655,0.1269,0.0018,-0.4778,0.5106,6.4639,10.1,32,538
GEV261016P01100000,GEV,2026-10-16,23,P,1100.0,15.57,951.8,151.0,156.2,153.6,177.6,3.4,0.4606,-0.886,0.002,-0.4881,0.4742,151.6579,90.1,0,84
GEV261016C01120000,GEV,2026-10-16,23,C,1120.0,17.67,951.8,4.1,8.6,6.35,5.32,70.9,0.4942,0.0999,0.0015,-0.4034,0.4307,5.9234,8.8,21,244
GEV261016P01120000,GEV,2026-10-16,23,P,1120.0,17.67,951.8,167.9,175.5,171.7,239.1,4.4,0.4522,-0.9148,0.0017,-0.4178,0.3776,169.5616,92.9,0,48
GEV261016C01140000,GEV,2026-10-16,23,C,1140.0,19.77,951.8,3.4,3.9,3.65,3.72,13.7,0.4649,0.0781,0.0013,-0.3366,0.3592,3.3602,5.7,30,559
GEV261016P01140000,GEV,2026-10-16,23,P,1140.0,19.77,951.8,186.6,192.8,189.7,241.9,3.3,0.3996,-0.9386,0.0014,-0.3574,0.2894,186.9204,96.6,0,28
GEV261016C01160000,GEV,2026-10-16,23,C,1160.0,21.87,951.8,1.5,4.3,2.9,2.8,96.6,0.4749,0.0608,0.001,-0.2782,0.297,2.6519,4.5,5,316
GEV261016P01160000,GEV,2026-10-16,23,P,1160.0,21.87,951.8,206.0,212.1,209.05,283.85,2.9,0.0,-0.9576,0.0012,-0.3036,0.2074,,,0,38
GEV261016C01180000,GEV,2026-10-16,23,C,1180.0,23.98,951.8,1.8,2.55,2.175,2.0,34.5,0.479,0.0472,0.0008,-0.228,0.2433,1.9735,3.4,101,351
GEV261016P01180000,GEV,2026-10-16,23,P,1180.0,23.98,951.8,225.3,233.1,229.2,238.2,3.4,0.0,-0.9736,0.001,-0.251,0.1618,,,0,0
GEV261023C00715000,GEV,2026-10-23,30,C,715.0,-24.88,951.8,238.1,245.0,241.55,0.0,2.9,0.6016,0.9754,0.0004,-0.1016,0.1637,241.8814,94.4,0,0
GEV261023P00715000,GEV,2026-10-23,30,P,715.0,-24.88,951.8,0.0,5.5,,0.0,,0.5915,-0.025,0.0004,-0.1315,0.165,2.508,5.2,0,0
GEV261023C00720000,GEV,2026-10-23,30,C,720.0,-24.35,951.8,233.2,239.4,236.3,0.0,2.6,0.5947,0.9731,0.0004,-0.1118,0.1761,237.0198,94.2,0,0
GEV261023P00720000,GEV,2026-10-23,30,P,720.0,-24.35,951.8,0.75,5.6,3.175,1.4,152.8,0.5967,-0.0273,0.0004,-0.1412,0.1769,2.9046,5.9,6,19
GEV261023C00725000,GEV,2026-10-23,30,C,725.0,-23.83,951.8,228.4,234.4,231.4,0.0,2.6,0.5857,0.9706,0.0005,-0.1225,0.1894,232.1116,94.0,0,0
GEV261023P00725000,GEV,2026-10-23,30,P,725.0,-23.83,951.8,0.05,5.8,2.925,1.8,196.6,0.593,-0.0298,0.0005,-0.1514,0.1899,3.1146,6.2,0,13
GEV261023C00730000,GEV,2026-10-23,30,C,730.0,-23.3,951.8,223.5,229.3,226.4,0.0,2.6,0.5729,0.968,0.0005,-0.1338,0.2034,227.1101,94.0,0,0
GEV261023P00730000,GEV,2026-10-23,30,P,730.0,-23.3,951.8,0.15,3.1,1.625,2.7,181.5,0.5035,-0.0325,0.0005,-0.1621,0.2036,1.4666,3.7,1,6
GEV261023C00735000,GEV,2026-10-23,30,C,735.0,-22.78,951.8,218.7,224.6,221.65,0.0,2.7,0.5692,0.9651,0.0005,-0.1456,0.2179,222.341,93.6,0,0
GEV261023P00735000,GEV,2026-10-23,30,P,735.0,-22.78,951.8,0.0,6.1,3.46,3.46,,0.5558,-0.0354,0.0006,-0.1734,0.2185,2.7869,5.9,0,7
GEV261023C00740000,GEV,2026-10-23,30,C,740.0,-22.25,951.8,213.9,219.7,216.8,0.0,2.7,0.5616,0.962,0.0006,-0.158,0.2331,217.4786,93.4,0,0
GEV261023P00740000,GEV,2026-10-23,30,P,740.0,-22.25,951.8,0.0,6.2,8.06,8.06,,0.5458,-0.0385,0.0006,-0.1852,0.2346,2.8344,6.0,0,8
GEV261023C00745000,GEV,2026-10-23,30,C,745.0,-21.73,951.8,209.1,214.9,212.0,0.0,2.7,0.5556,0.9587,0.0006,-0.171,0.2492,212.6667,93.0,0,0
GEV261023P00745000,GEV,2026-10-23,30,P,745.0,-21.73,951.8,1.0,4.6,2.8,3.76,128.6,0.5228,-0.0418,0.0006,-0.1977,0.2503,2.5556,5.7,1,8
GEV261023C00750000,GEV,2026-10-23,30,C,750.0,-21.2,951.8,204.3,210.3,207.3,0.0,2.9,0.5523,0.9552,0.0007,-0.1845,0.2664,207.9444,92.6,0,0
GEV261023P00750000,GEV,2026-10-23,30,P,750.0,-21.2,951.8,1.15,5.3,3.225,3.4,128.7,0.5266,-0.0454,0.0007,-0.2107,0.267,2.9529,6.4,3,17
GEV261023C00755000,GEV,2026-10-23,30,C,755.0,-20.68,951.8,198.7,205.8,202.25,0.0,3.5,0.5379,0.9514,0.0007,-0.1986,0.2843,202.8957,92.6,0,0
GEV261023P00755000,GEV,2026-10-23,30,P,755.0,-20.68,951.8,1.4,6.6,4.0,3.45,130.0,0.5398,-0.0492,0.0007,-0.2243,0.2847,3.6753,7.5,0,10
GEV261023C00760000,GEV,2026-10-23,30,C,760.0,-20.15,951.8,193.6,201.1,197.35,0.0,3.8,0.5267,0.9473,0.0008,-0.2133,0.3026,197.9423,92.5,0,0
GEV261023P00760000,GEV,2026-10-23,30,P,760.0,-20.15,951.8,0.05,7.1,3.575,6.08,197.2,0.5144,-0.0533,0.0008,-0.2384,0.3043,3.2782,7.0,0,3
GEV261023C00765000,GEV,2026-10-23,30,C,765.0,-19.63,951.8,188.3,197.0,192.65,0.0,4.5,0.5139,0.9429,0.0008,-0.2286,0.3218,192.9385,92.4,0,0
GEV261023P00765000,GEV,2026-10-23,30,P,765.0,-19.63,951.8,0.0,7.4,5.3,5.3,,0.5064,-0.0577,0.0008,-0.2532,0.3235,3.3967,7.3,0,230
GEV261023C00770000,GEV,2026-10-23,30,C,770.0,-19.1,951.8,184.0,191.4,187.7,0.0,3.9,0.5128,0.9383,0.0009,-0.2444,0.3419,188.3136,91.8,0,0
GEV261023P00770000,GEV,2026-10-23,30,P,770.0,-19.1,951.8,0.75,6.2,3.475,3.4,156.8,0.4874,-0.0624,0.0009,-0.2685,0.3432,3.184,7.1,0,15
GEV261023C00775000,GEV,2026-10-23,30,C,775.0,-18.58,951.8,180.0,186.5,183.25,0.0,3.5,0.5149,0.9333,0.0009,-0.2607,0.363,183.8318,91.0,0,0
GEV261023P00775000,GEV,2026-10-23,30,P,775.0,-18.58,951.8,2.35,7.2,4.775,12.55,101.6,0.5126,-0.0673,0.0009,-0.2843,0.3637,4.4057,8.9,0,27
GEV261023C00780000,GEV,2026-10-23,30,C,780.0,-18.05,951.8,175.2,181.9,178.55,0.0,3.8,0.5096,0.9281,0.001,-0.2776,0.3847,179.1136,90.5,0,0
GEV261023P00780000,GEV,2026-10-23,30,P,780.0,-18.05,951.8,3.0,7.6,5.3,4.0,86.8,0.5135,-0.0726,0.001,-0.3006,0.3852,4.9012,9.7,3,9
GEV261023C00785000,GEV,2026-10-23,30,C,785.0,-17.52,951.8,171.6,177.3,174.45,124.14,3.3,0.5181,0.9225,0.0011,-0.2949,0.4067,174.9665,89.3,0,1
GEV261023P00785000,GEV,2026-10-23,30,P,785.0,-17.52,951.8,1.5,7.6,4.55,4.92,134.1,0.482,-0.0782,0.0011,-0.3175,0.4096,4.1942,8.9,4,15
GEV261023C00790000,GEV,2026-10-23,30,C,790.0,-17.0,951.8,167.0,173.0,170.0,0.0,3.5,0.517,0.9166,0.0011,-0.3128,0.4296,170.4859,88.6,0,0
GEV261023P00790000,GEV,2026-10-23,30,P,790.0,-17.0,951.8,3.6,8.0,5.8,5.23,75.9,0.5,-0.0842,0.0011,-0.3349,0.4315,5.3724,10.5,14,30
GEV261023C00795000,GEV,2026-10-23,30,C,795.0,-16.47,951.8,162.7,168.2,165.45,0.0,3.3,0.5131,0.9103,0.0012,-0.3311,0.4535,165.9129,88.0,0,0
GEV261023P00795000,GEV,2026-10-23,30,P,795.0,-16.47,951.8,2.7,8.6,5.65,5.64,104.4,0.4839,-0.0905,0.0012,-0.3527,0.4547,5.2329,10.5,9,5
GEV261023C00800000,GEV,2026-10-23,30,C,800.0,-15.95,951.8,158.0,164.0,161.0,0.0,3.7,0.5107,0.9036,0.0013,-0.3498,0.478,161.4362,87.2,0,0
GEV261023P00800000,GEV,2026-10-23,30,P,800.0,-15.95,951.8,4.6,8.7,6.65,8.25,61.7,0.4929,-0.0972,0.0013,-0.3709,0.4788,6.1809,11.9,0,26
GEV261023C00805000,GEV,2026-10-23,30,C,805.0,-15.42,951.8,153.7,159.2,156.45,114.1,3.5,0.5057,0.8966,0.0013,-0.3689,0.5026,156.8624,86.6,0,1
GEV261023P00805000,GEV,2026-10-23,30,P,805.0,-15.42,951.8,5.4,9.2,7.3,6.73,52.1,0.493,-0.1042,0.0013,-0.3895,0.5047,6.7988,12.8,7,27
GEV261023C00810000,GEV,2026-10-23,30,C,810.0,-14.9,951.8,149.3,155.0,152.15,0.0,3.7,0.505,0.8893,0.0014,-0.3883,0.5277,152.5356,85.6,0,0
GEV261023P00810000,GEV,2026-10-23,30,P,810.0,-14.9,951.8,5.4,9.2,7.3,7.37,52.1,0.4798,-0.1116,0.0014,-0.4084,0.5305,6.8002,13.0,22,29
GEV261023C00815000,GEV,2026-10-23,30,C,815.0,-14.37,951.8,144.6,150.9,147.75,0.0,4.3,0.5016,0.8815,0.0015,-0.408,0.5534,148.105,84.8,0,0
GEV261023P00815000,GEV,2026-10-23,30,P,815.0,-14.37,951.8,6.2,10.6,8.4,8.13,52.4,0.487,-0.1195,0.0015,-0.4277,0.5555,7.8462,14.3,11,28
GEV261023C00820000,GEV,2026-10-23,30,C,820.0,-13.85,951.8,140.6,146.4,143.5,0.0,4.0,0.5003,0.8734,0.0016,-0.4279,0.5799,143.8273,83.9,0,0
GEV261023P00820000,GEV,2026-10-23,30,P,820.0,-13.85,951.8,6.6,11.2,8.9,7.7,51.7,0.4822,-0.1277,0.0016,-0.4472,0.5811,8.3212,15.1,3,45
GEV261023C00825000,GEV,2026-10-23,30,C,825.0,-13.32,951.8,136.0,142.0,139.0,123.5,4.3,0.4941,0.8648,0.0016,-0.448,0.6065,139.3025,83.2,0,1
GEV261023P00825000,GEV,2026-10-23,30,P,825.0,-13.32,951.8,7.2,11.9,9.55,9.24,49.2,0.4795,-0.1362,0.0016,-0.4668,0.6075,8.9438,16.0,2,25
GEV261023C00830000,GEV,2026-10-23,30,C,830.0,-12.8,951.8,132.1,140.0,136.05,89.8,5.8,0.4962,0.8559,0.0017,-0.4682,0.6328,135.3143,82.0,0,2
GEV261023P00830000,GEV,2026-10-23,30,P,830.0,-12.8,951.8,8.2,12.7,10.45,9.8,43.1,0.4802,-0.1452,0.0017,-0.4866,0.6369,9.8094,17.1,4,17
GEV261023C00835000,GEV,2026-10-23,30,C,835.0,-12.27,951.8,127.9,133.7,130.8,0.0,4.4,0.4928,0.8466,0.0018,-0.4886,0.6594,131.0363,81.0,0,0
GEV261023P00835000,GEV,2026-10-23,30,P,835.0,-12.27,951.8,8.8,13.5,11.15,10.81,42.2,0.4768,-0.1546,0.0018,-0.5064,0.6623,10.4764,18.0,8,32
GEV261023C00840000,GEV,2026-10-23,30,C,840.0,-11.75,951.8,122.8,129.7,126.25,129.52,5.5,0.4845,0.8368,0.0019,-0.5088,0.6866,126.4707,80.3,2,0
GEV261023P00840000,GEV,2026-10-23,30,P,840.0,-11.75,951.8,8.1,14.5,11.3,11.92,56.6,0.4647,-0.1645,0.0019,-0.5263,0.6883,10.6202,18.5,8,17
GEV261023C00845000,GEV,2026-10-23,30,C,845.0,-11.22,951.8,119.2,125.6,122.4,0.0,5.2,0.4858,0.8267,0.0019,-0.529,0.7137,122.587,79.1,0,0
GEV261023P00845000,GEV,2026-10-23,30,P,845.0,-11.22,951.8,9.0,16.3,12.65,14.68,57.7,0.4699,-0.1746,0.002,-0.546,0.7151,11.9231,20.0,1,1
GEV261023C00850000,GEV,2026-10-23,30,C,850.0,-10.7,951.8,115.0,121.5,118.25,121.47,5.5,0.482,0.8162,0.002,-0.5491,0.7403,118.4039,78.0,2,57
GEV261023P00850000,GEV,2026-10-23,30,P,850.0,-10.7,951.8,11.2,16.4,13.8,15.73,37.7,0.471,-0.1852,0.002,-0.5656,0.7431,13.03,21.3,3,15
GEV261023C00855000,GEV,2026-10-23,30,C,855.0,-10.17,951.8,111.7,117.6,114.65,0.0,5.1,0.4849,0.8052,0.0021,-0.5689,0.7665,114.7635,76.6,0,0
GEV261023P00855000,GEV,2026-10-23,30,P,855.0,-10.17,951.8,12.2,18.2,15.2,14.0,39.5,0.4745,-0.1963,0.0021,-0.585,0.7699,14.3835,22.8,1,6
GEV261023C00860000,GEV,2026-10-23,30,C,860.0,-9.64,951.8,107.3,113.7,110.5,69.0,5.8,0.4799,0.7939,0.0022,-0.5885,0.7926,110.5917,75.6,0,15
GEV261023P00860000,GEV,2026-10-23,30,P,860.0,-9.64,951.8,13.4,18.5,15.95,17.2,32.0,0.4687,-0.2077,0.0022,-0.6042,0.7951,15.1108,23.8,1,198
GEV261023C00865000,GEV,2026-10-23,30,C,865.0,-9.12,951.8,104.0,109.9,106.95,93.5,5.5,0.4815,0.7823,0.0022,-0.6076,0.8186,106.9872,74.1,0,1
GEV261023P00865000,GEV,2026-10-23,30,P,865.0,-9.12,951.8,13.2,20.4,16.8,19.8,42.9,0.4636,-0.2194,0.0023,-0.6229,0.8202,15.9307,24.9,6,13
GEV261023C00870000,GEV,2026-10-23,30,C,870.0,-8.59,951.8,100.3,106.1,103.2,0.0,5.6,0.48,0.7702,0.0023,-0.6263,0.8439,103.2028,72.8,0,0
GEV261023P00870000,GEV,2026-10-23,30,P,870.0,-8.59,951.8,15.7,21.0,18.35,20.59,28.9,0.4664,-0.2316,0.0023,-0.6412,0.8453,17.4335,26.4,7,12
GEV261023C00875000,GEV,2026-10-23,30,C,875.0,-8.07,951.8,96.5,103.9,100.2,89.3,7.4,0.478,0.7577,0.0024,-0.6446,0.8683,99.4375,71.5,0,3
GEV261023P00875000,GEV,2026-10-23,30,P,875.0,-8.07,951.8,15.6,22.3,18.95,20.6,35.4,0.4573,-0.2441,0.0024,-0.6589,0.8726,18.0256,27.4,6,11
GEV261023C00880000,GEV,2026-10-23,30,C,880.0,-7.54,951.8,92.9,99.1,96.0,100.12,6.5,0.4784,0.745,0.0025,-0.6621,0.8919,95.9424,70.1,0,7
GEV261023P00880000,GEV,2026-10-23,30,P,880.0,-7.54,951.8,16.9,24.1,20.5,20.54,35.1,0.4584,-0.257,0.0025,-0.6761,0.895,19.5213,28.9,6,10
GEV261023C00885000,GEV,2026-10-23,30,C,885.0,-7.02,951.8,88.9,95.6,92.25,89.27,7.3,0.475,0.7318,0.0025,-0.6791,0.9151,92.1804,68.8,0,4
GEV261023P00885000,GEV,2026-10-23,30,P,885.0,-7.02,951.8,18.0,25.8,21.9,56.1,35.6,0.4571,-0.2702,0.0026,-0.6926,0.917,20.8839,30.3,0,3
GEV261023C00890000,GEV,2026-10-23,30,C,890.0,-6.49,951.8,85.6,92.2,88.9,76.19,7.4,0.4751,0.7184,0.0026,-0.6953,0.9374,88.7973,67.3,0,4
GEV261023P00890000,GEV,2026-10-23,30,P,890.0,-6.49,951.8,20.0,27.3,23.65,28.98,30.9,0.4589,-0.2837,0.0026,-0.7084,0.939,22.5968,31.9,1,14
GEV261023C00895000,GEV,2026-10-23,30,C,895.0,-5.97,951.8,82.2,90.0,86.1,0.0,9.1,0.4739,0.7047,0.0027,-0.7107,0.9584,85.3666,65.9,0,0
GEV261023P00895000,GEV,2026-10-23,30,P,895.0,-5.97,951.8,21.0,29.1,25.05,56.48,32.3,0.4561,-0.2975,0.0027,-0.7234,0.9618,23.966,33.3,0,2
GEV261023C00900000,GEV,2026-10-23,30,C,900.0,-5.44,951.8,78.8,85.4,82.1,84.7,8.0,0.4718,0.6907,0.0027,-0.7252,0.978,81.92,64.4,0,87
GEV261023P00900000,GEV,2026-10-23,30,P,900.0,-5.44,951.8,23.8,28.3,26.05,28.6,17.3,0.4485,-0.3117,0.0028,-0.7374,0.9808,24.9447,34.6,2,34
GEV261023C00905000,GEV,2026-10-23,30,C,905.0,-4.92,951.8,75.6,82.2,78.9,0.0,8.4,0.4713,0.6765,0.0028,-0.7388,0.9967,78.6977,62.9,0,0
GEV261023P00905000,GEV,2026-10-23,30,P,905.0,-4.92,951.8,24.8,32.6,28.7,34.73,27.2,0.457,-0.3261,0.0028,-0.7506,0.9987,27.5334,36.5,1,0
GEV261023C00910000,GEV,2026-10-23,30,C,910.0,-4.39,951.8,72.4,79.0,75.7,39.86,8.7,0.47,0.662,0.0028,-0.7514,1.0143,75.4709,61.4,0,3
GEV261023P00910000,GEV,2026-10-23,30,P,910.0,-4.39,951.8,27.1,33.7,30.4,40.1,21.7,0.455,-0.3407,0.0029,-0.7628,1.0156,29.1952,38.0,0,63
GEV261023C00915000,GEV,2026-10-23,30,C,915.0,-3.87,951.8,68.6,76.0,72.3,80.4,10.2,0.466,0.6472,0.0029,-0.763,1.0304,72.0446,60.0,0,1
GEV261023P00915000,GEV,2026-10-23,30,P,915.0,-3.87,951.8,28.4,37.3,32.85,47.66,27.1,0.4597,-0.3555,0.0029,-0.7739,1.0315,31.6053,39.8,0,4
GEV261023C00920000,GEV,2026-10-23,30,C,920.0,-3.34,951.8,66.2,73.2,69.7,61.4,10.0,0.4693,0.6322,0.0029,-0.7735,1.045,69.4331,58.3,0,2
GEV261023P00920000,GEV,2026-10-23,30,P,920.0,-3.34,951.8,31.0,37.9,34.45,36.05,20.0,0.4553,-0.3706,0.003,-0.7839,1.0474,33.1786,41.3,0,17
GEV261023C00925000,GEV,2026-10-23,30,C,925.0,-2.82,951.8,63.3,70.0,66.65,59.3,10.1,0.4672,0.6172,0.003,-0.7828,1.058,66.3484,56.8,0,5
GEV261023P00925000,GEV,2026-10-23,30,P,925.0,-2.82,951.8,32.6,40.1,36.35,52.18,20.6,0.453,-0.3858,0.003,-0.7928,1.0596,35.0378,42.8,0,7
GEV261023C00930000,GEV,2026-10-23,30,C,930.0,-2.29,951.8,60.7,67.3,64.0,67.0,10.3,0.4683,0.602,0.003,-0.791,1.0697,63.6738,55.2,0,14
GEV261023P00930000,GEV,2026-10-23,30,P,930.0,-2.29,951.8,35.8,42.9,39.35,38.25,18.0,0.4468,-0.4012,0.003,-0.8005,1.0706,36.563,44.3,3,19
GEV261023C00935000,GEV,2026-10-23,30,C,935.0,-1.77,951.8,57.7,61.3,59.5,59.3,6.1,0.4515,0.5866,0.0031,-0.798,1.0798,59.1811,53.9,1,3
GEV261023P00935000,GEV,2026-10-23,30,P,935.0,-1.77,951.8,36.9,44.1,40.5,48.8,17.8,0.4497,-0.4167,0.0031,-0.8071,1.0804,39.1213,46.1,0,3
GEV261023C00940000,GEV,2026-10-23,30,C,940.0,-1.24,951.8,54.9,59.8,57.35,61.9,8.5,0.4558,0.5712,0.0031,-0.8038,1.0882,56.9952,52.2,21,26
GEV261023P00940000,GEV,2026-10-23,30,P,940.0,-1.24,951.8,40.0,46.3,43.15,42.7,14.6,0.4524,-0.4322,0.0031,-0.8126,1.0891,41.7461,47.7,2,17
GEV261023C00945000,GEV,2026-10-23,30,C,945.0,-0.71,951.8,52.4,59.4,55.9,57.65,12.5,0.4658,0.5557,0.0031,-0.8083,1.095,55.5111,50.5,0,5
GEV261023P00945000,GEV,2026-10-23,30,P,945.0,-0.71,951.8,42.2,49.0,45.6,44.0,14.9,0.4522,-0.4479,0.0031,-0.8165,1.0951,44.1444,49.4,1,1
GEV261023C00950000,GEV,2026-10-23,30,C,950.0,-0.19,951.8,49.1,56.3,52.7,53.0,13.7,0.444,0.5401,0.0031,-0.8117,1.1001,50.6755,49.1,1,32
GEV261023P00950000,GEV,2026-10-23,30,P,950.0,-0.19,951.8,45.0,51.1,48.05,46.4,12.7,0.4515,-0.4636,0.0031,-0.8194,1.0998,46.5694,51.0,0,62
GEV261023C00955000,GEV,2026-10-23,30,C,955.0,0.34,951.8,47.3,54.4,50.85,50.0,14.0,0.4639,0.5246,0.0031,-0.8137,1.1035,50.4322,47.3,1,6
GEV261023P00955000,GEV,2026-10-23,30,P,955.0,0.34,951.8,47.6,55.3,51.45,59.76,15.0,0.4586,-0.4793,0.0032,-0.821,1.1031,49.9219,52.6,0,3
GEV261023C00960000,GEV,2026-10-23,30,C,960.0,0.86,951.8,44.2,52.2,48.2,48.2,16.6,0.4608,0.509,0.0031,-0.8146,1.1053,47.7751,45.8,0,7
GEV261023P00960000,GEV,2026-10-23,30,P,960.0,0.86,951.8,50.3,56.6,53.45,54.6,11.8,0.4524,-0.495,0.0032,-0.8215,1.1045,51.91,54.2,0,21
GEV261023C00965000,GEV,2026-10-23,30,C,965.0,1.39,951.8,42.6,50.1,46.35,43.01,16.2,0.4643,0.4935,0.0031,-0.8141,1.1054,45.9137,44.2,0,4
GEV261023P00965000,GEV,2026-10-23,30,P,965.0,1.39,951.8,51.9,61.0,56.45,74.95,16.1,0.4544,-0.5106,0.0032,-0.8207,1.1028,54.8687,55.8,0,3
GEV261023C00970000,GEV,2026-10-23,30,C,970.0,1.91,951.8,40.4,47.8,44.1,41.95,16.8,0.4633,0.4781,0.0031,-0.8126,1.104,43.6392,42.7,0,17
GEV261023P00970000,GEV,2026-10-23,30,P,970.0,1.91,951.8,55.2,62.6,58.9,63.95,12.6,0.4508,-0.5262,0.0032,-0.8186,1.1015,57.2967,57.4,0,2
GEV261023C00975000,GEV,2026-10-23,30,C,975.0,2.44,951.8,38.4,45.4,41.9,41.4,16.7,0.4622,0.4628,0.0031,-0.8098,1.1008,41.4302,41.2,1,7
GEV261023P00975000,GEV,2026-10-23,30,P,975.0,2.44,951.8,58.3,66.5,62.4,66.55,13.1,0.456,-0.5417,0.0032,-0.8154,1.0985,60.758,58.9,0,1
GEV261023C00980000,GEV,2026-10-23,30,C,980.0,2.96,951.8,36.4,43.7,40.05,40.0,18.2,0.4636,0.4476,0.0031,-0.8058,1.096,39.567,39.7,1,28
GEV261023P00980000,GEV,2026-10-23,30,P,980.0,2.96,951.8,61.2,69.0,65.1,68.0,12.0,0.4533,-0.5571,0.0032,-0.8111,1.0931,63.4388,60.4,0,5
GEV261023C00985000,GEV,2026-10-23,30,C,985.0,3.49,951.8,33.5,41.8,37.65,36.4,22.0,0.4593,0.4325,0.0031,-0.8007,1.0897,37.1642,38.2,1,7
GEV261023P00985000,GEV,2026-10-23,30,P,985.0,3.49,951.8,64.2,71.9,68.05,0.0,11.3,0.4521,-0.5723,0.0031,-0.8058,1.087,66.3589,61.9,0,0
GEV261023C00990000,GEV,2026-10-23,30,C,990.0,4.01,951.8,32.3,38.5,35.4,30.36,17.5,0.4557,0.4176,0.0031,-0.7946,1.0821,34.9155,36.6,1,4
GEV261023P00990000,GEV,2026-10-23,30,P,990.0,4.01,951.8,66.9,74.0,70.45,0.0,10.1,0.4451,-0.5874,0.0031,-0.7991,1.0761,68.7384,63.5,0,0
GEV261023C00995000,GEV,2026-10-23,30,C,995.0,4.54,951.8,31.1,38.1,34.6,35.5,20.2,0.4649,0.4029,0.0031,-0.7874,1.0731,34.0972,35.4,0,2
GEV261023P00995000,GEV,2026-10-23,30,P,995.0,4.54,951.8,70.3,77.6,73.95,0.0,9.9,0.4476,-0.6023,0.0031,-0.7915,1.0672,72.2055,65.0,0,0
GEV261023C01000000,GEV,2026-10-23,30,C,1000.0,5.06,951.8,29.5,36.4,32.95,36.8,20.9,0.4656,0.3884,0.003,-0.7791,1.0624,32.4419,34.0,0,30
GEV261023P01000000,GEV,2026-10-23,30,P,1000.0,5.06,951.8,73.5,82.3,77.9,93.4,11.3,0.4538,-0.617,0.0031,-0.783,1.0575,76.1258,66.3,0,4
GEV261023C01005000,GEV,2026-10-23,30,C,1005.0,5.59,951.8,27.1,33.7,30.4,32.25,21.7,0.4571,0.3741,0.003,-0.77,1.0503,29.9019,32.4,0,1
GEV261023P01005000,GEV,2026-10-23,30,P,1005.0,5.59,951.8,76.9,85.6,81.25,0.0,10.7,0.4537,-0.6315,0.003,-0.7736,1.0442,79.4522,67.6,0,0
GEV261023C01010000,GEV,2026-10-23,30,C,1010.0,6.11,951.8,25.4,32.1,28.75,30.85,23.3,0.4565,0.36,0.003,-0.7599,1.0372,28.2579,31.1,0,2
GEV261023P01010000,GEV,2026-10-23,30,P,1010.0,6.11,951.8,80.8,86.2,83.5,100.6,6.5,0.4422,-0.6457,0.003,-0.7633,1.0294,81.6895,69.3,0,2
GEV261023C01015000,GEV,2026-10-23,30,C,1015.0,6.64,951.8,24.1,30.6,27.35,26.45,23.8,0.4576,0.3463,0.0029,-0.749,1.0232,26.8529,29.8,1,2
GEV261023P01015000,GEV,2026-10-23,30,P,1015.0,6.64,951.8,84.0,91.0,87.5,115.99,8.0,0.4469,-0.6597,0.003,-0.752,1.0129,85.6486,70.5,0,2
GEV261023C01020000,GEV,2026-10-23,30,C,1020.0,7.17,951.8,22.3,29.2,25.75,27.8,26.8,0.4562,0.3327,0.0029,-0.7373,1.008,25.2622,28.5,0,7
GEV261023P01020000,GEV,2026-10-23,30,P,1020.0,7.17,951.8,87.3,94.5,90.9,89.05,7.9,0.4452,-0.6734,0.0029,-0.7401,0.9977,89.03,71.9,0,1
GEV261023C01025000,GEV,2026-10-23,30,C,1025.0,7.69,951.8,20.9,27.9,24.4,21.83,28.7,0.4469,0.3195,0.0028,-0.7248,0.9914,22.9743,26.9,0,2
GEV261023P01025000,GEV,2026-10-23,30,P,1025.0,7.69,951.8,90.9,98.9,94.9,0.0,8.4,0.4489,-0.6869,0.0029,-0.7275,0.9826,93.0033,73.1,0,0
GEV261023C01030000,GEV,2026-10-23,30,C,1030.0,8.22,951.8,19.9,26.5,23.2,24.0,28.4,0.4579,0.3066,0.0028,-0.7118,0.9738,22.7129,26.0,5,7
GEV261023P01030000,GEV,2026-10-23,30,P,1030.0,8.22,951.8,94.6,101.6,98.1,155.28,7.1,0.4437,-0.7001,0.0028,-0.7143,0.9634,96.1825,74.5,0,5
GEV261023C01035000,GEV,2026-10-23,30,C,1035.0,8.74,951.8,18.1,25.2,21.65,12.6,32.8,0.455,0.294,0.0027,-0.698,0.9557,21.1733,24.7,0,5
GEV261023P01035000,GEV,2026-10-23,30,P,1035.0,8.74,951.8,98.3,106.3,102.3,0.0,7.8,0.4483,-0.7129,0.0028,-0.7005,0.9415,100.3516,75.5,0,0
GEV261023C01040000,GEV,2026-10-23,30,C,1040.0,9.27,951.8,17.1,24.1,20.6,20.17,34.0,0.4567,0.2816,0.0027,-0.6838,0.937,20.1246,23.7,1,19
GEV261023P01040000,GEV,2026-10-23,30,P,1040.0,9.27,951.8,102.0,109.0,105.5,154.7,6.6,0.4414,-0.7255,0.0027,-0.6861,0.9207,103.5186,77.0,0,1
GEV261023C01045000,GEV,2026-10-23,30,C,1045.0,9.79,951.8,15.8,22.9,19.35,21.3,36.7,0.4557,0.2696,0.0026,-0.669,0.9176,18.8836,22.5,0,8
GEV261023P01045000,GEV,2026-10-23,30,P,1045.0,9.79,951.8,105.3,113.0,109.15,136.25,7.1,0.4385,-0.7378,0.0027,-0.6711,0.9015,107.1272,78.2,0,2
GEV261023C01050000,GEV,2026-10-23,30,C,1050.0,10.32,951.8,16.2,21.9,19.05,17.02,29.9,0.4646,0.258,0.0026,-0.6539,0.8971,18.5717,21.8,6,38
GEV261023P01050000,GEV,2026-10-23,30,P,1050.0,10.32,951.8,110.4,117.0,113.7,127.7,5.8,0.4455,-0.7497,0.0026,-0.6559,0.8827,111.6556,79.0,0,8
GEV261023C01055000,GEV,2026-10-23,30,C,1055.0,10.84,951.8,13.8,20.8,17.3,24.0,40.5,0.4568,0.2467,0.0025,-0.6384,0.876,16.8415,20.4,0,3
GEV261023P01055000,GEV,2026-10-23,30,P,1055.0,10.84,951.8,113.4,122.6,118.0,0.0,7.8,0.4468,-0.7612,0.0026,-0.6403,0.8593,115.7294,80.0,0,0
GEV261023C01060000,GEV,2026-10-23,30,C,1060.0,11.37,951.8,12.1,19.9,16.0,17.4,48.7,0.4533,0.2357,0.0024,-0.6225,0.8548,15.5578,19.3,0,9
GEV261023P01060000,GEV,2026-10-23,30,P,1060.0,11.37,951.8,117.3,126.6,121.95,0.0,7.6,0.4463,-0.7725,0.0025,-0.6245,0.8345,119.7013,81.1,0,0
GEV261023C01065000,GEV,2026-10-23,30,C,1065.0,11.89,951.8,12.7,18.3,15.5,14.5,36.1,0.4587,0.225,0.0024,-0.6064,0.8335,15.0596,18.5,1,7
GEV261023P01065000,GEV,2026-10-23,30,P,1065.0,11.89,951.8,122.0,129.3,125.65,0.0,5.8,0.4431,-0.7834,0.0024,-0.6085,0.8092,123.5105,82.2,0,0
GEV261023C01070000,GEV,2026-10-23,30,C,1070.0,12.42,951.8,11.1,18.1,14.6,22.2,47.9,0.4588,0.2148,0.0023,-0.5902,0.8118,14.1674,17.6,0,1
GEV261023P01070000,GEV,2026-10-23,30,P,1070.0,12.42,951.8,126.0,134.9,130.45,0.0,6.8,0.449,-0.794,0.0024,-0.5921,0.7878,128.0865,82.8,0,0
GEV261023C01075000,GEV,2026-10-23,30,C,1075.0,12.94,951.8,10.1,17.3,13.7,14.87,52.6,0.4584,0.2048,0.0022,-0.5738,0.7896,13.2822,16.7,0,2
GEV261023P01075000,GEV,2026-10-23,30,P,1075.0,12.94,951.8,130.0,139.7,134.85,0.0,7.2,0.448,-0.8042,0.0023,-0.5757,0.7677,132.1626,83.8,0,0
GEV261023C01080000,GEV,2026-10-23,30,C,1080.0,13.47,951.8,8.5,16.6,12.55,11.8,64.5,0.454,0.1952,0.0022,-0.5572,0.767,12.1462,15.6,0,15
GEV261023P01080000,GEV,2026-10-23,30,P,1080.0,13.47,951.8,134.0,143.5,138.75,131.98,6.8,0.4469,-0.8141,0.0022,-0.5591,0.742,136.2805,84.7,0,1
GEV261023C01085000,GEV,2026-10-23,30,C,1085.0,13.99,951.8,8.6,15.8,12.2,11.88,59.0,0.4604,0.1859,0.0021,-0.5407,0.7445,11.8503,15.1,0,2
GEV261023P01085000,GEV,2026-10-23,30,P,1085.0,13.99,951.8,138.2,147.8,143.0,0.0,6.7,0.4465,-0.8237,0.0022,-0.5425,0.7176,140.4956,85.6,0,0
GEV261023C01090000,GEV,2026-10-23,30,C,1090.0,14.52,951.8,7.0,15.2,11.1,11.25,73.9,0.4547,0.1769,0.002,-0.524,0.7222,10.7216,14.0,0,8
GEV261023P01090000,GEV,2026-10-23,30,P,1090.0,14.52,951.8,142.5,151.8,147.15,0.0,6.3,0.4461,-0.833,0.0021,-0.526,0.6877,144.7533,86.4,0,0
GEV261023C01095000,GEV,2026-10-23,30,C,1095.0,15.05,951.8,7.2,14.4,10.8,9.7,66.7,0.4603,0.1684,0.002,-0.5076,0.7003,10.4207,13.5,0,3
GEV261023P01095000,GEV,2026-10-23,30,P,1095.0,15.05,951.8,147.0,156.0,151.5,0.0,5.9,0.4475,-0.8419,0.002,-0.5094,0.6652,149.1702,87.1,0,0
GEV261023C01100000,GEV,2026-10-23,30,C,1100.0,15.57,951.8,7.8,11.0,9.4,10.0,34.0,0.4493,0.1601,0.0019,-0.4911,0.678,9.0543,12.3,6,22
GEV261023P01100000,GEV,2026-10-23,30,P,1100.0,15.57,951.8,152.0,160.4,156.2,0.0,5.4,0.4525,-0.8505,0.002,-0.4929,0.6461,153.8488,87.6,0,0
GEV261023C01105000,GEV,2026-10-23,30,C,1105.0,16.1,951.8,7.5,12.2,9.85,9.25,47.7,0.4656,0.1522,0.0018,-0.4748,0.6555,9.4863,12.3,1,11
GEV261023P01105000,GEV,2026-10-23,30,P,1105.0,16.1,951.8,156.0,165.0,160.5,0.0,5.6,0.4488,-0.8588,0.0019,-0.4764,0.6215,158.0035,88.5,0,0
GEV261023C01110000,GEV,2026-10-23,30,C,1110.0,16.62,951.8,5.3,12.7,9.0,8.3,82.2,0.4625,0.1445,0.0018,-0.4586,0.6333,8.6988,11.5,0,3
GEV261023P01110000,GEV,2026-10-23,30,P,1110.0,16.62,951.8,160.3,169.3,164.8,0.0,5.5,0.4477,-0.8667,0.0019,-0.4599,0.5976,162.3642,89.2,0,0
GEV261023C01115000,GEV,2026-10-23,30,C,1115.0,17.15,951.8,4.0,12.3,8.15,13.25,101.8,0.457,0.1372,0.0017,-0.4427,0.6117,7.8192,10.6,0,9
GEV261023P01115000,GEV,2026-10-23,30,P,1115.0,17.15,951.8,165.0,174.0,169.5,0.0,5.3,0.4484,-0.8744,0.0018,-0.4436,0.5667,166.8646,89.8,0,0
GEV261023C01120000,GEV,2026-10-23,30,C,1120.0,17.67,951.8,4.6,10.6,7.6,9.05,78.9,0.4566,0.1302,0.0017,-0.4269,0.5906,7.2841,10.0,0,15
GEV261023P01120000,GEV,2026-10-23,30,P,1120.0,17.67,951.8,169.3,178.1,173.7,0.0,5.1,0.4448,-0.8818,0.0018,-0.4284,0.5411,171.1596,90.6,0,0
GEV261023C01125000,GEV,2026-10-23,30,C,1125.0,18.2,951.8,3.5,11.3,7.4,7.85,105.4,0.4618,0.1235,0.0016,-0.4114,0.5696,7.0845,9.6,0,5
GEV261023P01125000,GEV,2026-10-23,30,P,1125.0,18.2,951.8,174.0,183.0,178.5,0.0,5.0,0.4486,-0.8889,0.0017,-0.4135,0.5236,175.8847,91.0,0,0
GEV261023C01130000,GEV,2026-10-23,30,C,1130.0,18.72,951.8,2.5,10.9,6.7,14.1,125.4,0.4577,0.1171,0.0015,-0.3961,0.5486,6.4053,8.9,0,4
GEV261023P01130000,GEV,2026-10-23,30,P,1130.0,18.72,951.8,179.0,187.5,183.25,0.0,4.6,0.453,-0.8957,0.0016,-0.3985,0.5036,180.6545,91.3,0,0
GEV261023C01135000,GEV,2026-10-23,30,C,1135.0,19.25,951.8,2.8,10.4,6.6,0.0,115.2,0.4642,0.111,0.0015,-0.3811,0.5279,6.3038,8.6,0,0
GEV261023P01135000,GEV,2026-10-23,30,P,1135.0,19.25,951.8,183.2,191.4,187.3,0.0,4.4,0.4399,-0.9022,0.0016,-0.3834,0.4792,184.5949,92.4,0,0
GEV261023C01140000,GEV,2026-10-23,30,C,1140.0,19.77,951.8,2.65,10.0,6.325,6.0,116.2,0.4672,0.1051,0.0014,-0.3665,0.5077,6.0347,8.2,0,4
GEV261023P01140000,GEV,2026-10-23,30,P,1140.0,19.77,951.8,188.0,197.0,192.5,0.0,4.7,0.4505,-0.9085,0.0015,-0.3684,0.4558,189.6925,92.5,0,0
GEV261023C01145000,GEV,2026-10-23,30,C,1145.0,20.3,951.8,2.75,9.7,6.225,5.6,111.6,0.4734,0.0995,0.0014,-0.3521,0.4883,5.9344,8.0,0,2
GEV261023P01145000,GEV,2026-10-23,30,P,1145.0,20.3,951.8,193.0,201.9,197.45,0.0,4.5,0.4536,-0.9144,0.0015,-0.3541,0.4251,194.45,92.8,0,0
GEV261023C01150000,GEV,2026-10-23,30,C,1150.0,20.82,951.8,3.8,8.0,5.9,5.5,71.2,0.475,0.0942,0.0013,-0.3381,0.4694,5.6225,7.6,1,21
GEV261023P01150000,GEV,2026-10-23,30,P,1150.0,20.82,951.8,197.5,206.1,201.8,274.1,4.3,0.4512,-0.9202,0.0014,-0.3416,0.4015,198.9834,93.3,0,1
GEV261023C01155000,GEV,2026-10-23,30,C,1155.0,21.35,951.8,3.5,9.1,6.3,0.0,88.9,0.4911,0.0891,0.0013,-0.3244,0.4507,6.0039,7.8,0,0
GEV261023P01155000,GEV,2026-10-23,30,P,1155.0,21.35,951.8,202.1,211.0,206.55,0.0,4.3,0.4405,-0.9258,0.0014,-0.3294,0.3877,203.2233,94.2,0,0
GEV261023C01160000,GEV,2026-10-23,30,C,1160.0,21.87,951.8,1.5,8.4,4.95,5.1,139.4,0.4701,0.0842,0.0012,-0.3111,0.4323,4.7005,6.5,0,38
GEV261023P01160000,GEV,2026-10-23,30,P,1160.0,21.87,951.8,207.0,215.6,211.3,0.0,4.1,0.4415,-0.9312,0.0013,-0.3182,0.3683,207.9628,94.5,0,0
GEV261023C01165000,GEV,2026-10-23,30,C,1165.0,22.4,951.8,1.2,8.5,4.85,4.32,150.5,0.4755,0.0796,0.0012,-0.2982,0.4143,4.6054,6.3,0,5
GEV261023P01165000,GEV,2026-10-23,30,P,1165.0,22.4,951.8,212.0,220.4,216.2,233.0,3.9,0.4453,-0.9363,0.0013,-0.3066,0.3474,212.8168,94.8,0,1
GEV261023C01170000,GEV,2026-10-23,30,C,1170.0,22.92,951.8,0.9,8.2,4.55,4.1,160.4,0.4759,0.0753,0.0011,-0.2856,0.397,4.3148,6.0,0,9
GEV261023P01170000,GEV,2026-10-23,30,P,1170.0,22.92,951.8,216.3,225.1,220.7,0.0,4.0,0.4353,-0.9411,0.0012,-0.2946,0.3261,217.2182,95.4,0,0
GEV261023C01175000,GEV,2026-10-23,30,C,1175.0,23.45,951.8,0.55,8.0,4.275,10.5,174.3,0.4765,0.0711,0.001,-0.2734,0.3804,4.049,5.6,0,10
GEV261023P01175000,GEV,2026-10-23,30,P,1175.0,23.45,951.8,221.4,229.9,225.65,0.0,3.8,0.4524,-0.9456,0.0012,-0.2821,0.2962,222.529,95.2,0,0
GEV261023C01180000,GEV,2026-10-23,30,C,1180.0,23.98,951.8,0.0,7.7,9.8,9.8,,0.4727,0.0672,0.001,-0.2615,0.3643,3.64,5.2,0,5
GEV261023P01180000,GEV,2026-10-23,30,P,1180.0,23.98,951.8,226.0,234.1,230.05,0.0,3.5,0.4331,-0.9501,0.0011,-0.2698,0.2722,226.7004,96.1,0,0
GEV261023C01185000,GEV,2026-10-23,30,C,1185.0,24.5,951.8,1.2,7.5,4.35,0.0,144.8,0.4929,0.0634,0.001,-0.2501,0.3486,4.1152,5.5,0,0
GEV261023P01185000,GEV,2026-10-23,30,P,1185.0,24.5,951.8,231.0,240.0,235.5,0.0,3.8,0.4542,-0.9543,0.0011,-0.2578,0.2621,232.1032,95.8,0,0
GEV261030C00720000,GEV,2026-10-30,37,C,720.0,-24.35,951.8,235.0,240.6,237.8,0.0,2.4,0.5454,0.9587,0.0006,-0.1645,0.279,237.8056,93.9,0,0
GEV261030P00720000,GEV,2026-10-30,37,P,720.0,-24.35,951.8,0.15,5.2,2.675,3.55,188.8,0.5229,-0.0425,0.0006,-0.1895,0.2798,2.5038,5.3,2,14
GEV261030C00730000,GEV,2026-10-30,37,C,730.0,-23.3,951.8,225.4,231.4,228.4,0.0,2.6,0.5426,0.9519,0.0006,-0.189,0.3148,228.4188,93.0,0,0
GEV261030P00730000,GEV,2026-10-30,37,P,730.0,-23.3,951.8,1.45,4.3,2.875,3.3,99.1,0.5089,-0.0494,0.0006,-0.2132,0.3161,2.6928,5.7,3,747
GEV261030C00735000,GEV,2026-10-30,37,C,735.0,-22.78,951.8,220.7,226.8,223.75,0.0,2.7,0.5396,0.9482,0.0007,-0.202,0.3335,223.7039,92.5,0,0
GEV261030P00735000,GEV,2026-10-30,37,P,735.0,-22.78,951.8,2.95,4.0,3.475,3.7,30.2,0.5184,-0.0532,0.0007,-0.2257,0.3364,3.2651,6.6,2,26
GEV261030C00740000,GEV,2026-10-30,37,C,740.0,-22.25,951.8,216.4,222.3,219.35,0.0,2.7,0.5443,0.9442,0.0007,-0.2154,0.3528,219.2759,91.8,0,0
GEV261030P00740000,GEV,2026-10-30,37,P,740.0,-22.25,951.8,3.0,4.4,3.7,3.92,37.8,0.5098,-0.0572,0.0007,-0.2387,0.3546,3.337,6.8,7,52
GEV261030C00745000,GEV,2026-10-30,37,C,745.0,-21.73,951.8,211.4,217.5,214.45,0.0,2.8,0.5349,0.94,0.0008,-0.2292,0.3732,214.3718,91.6,0,0
GEV261030P00745000,GEV,2026-10-30,37,P,745.0,-21.73,951.8,1.6,6.6,4.1,4.24,122.0,0.515,-0.0614,0.0008,-0.2521,0.3743,3.8595,7.5,6,84
GEV261030C00750000,GEV,2026-10-30,37,C,750.0,-21.2,951.8,206.8,212.8,209.8,0.0,2.9,0.5317,0.9355,0.0008,-0.2434,0.3943,209.7036,91.1,0,0
GEV261030P00750000,GEV,2026-10-30,37,P,750.0,-21.2,951.8,1.95,5.2,3.575,4.55,90.9,0.4842,-0.0659,0.0008,-0.266,0.3958,3.2197,6.7,27,60
GEV261030C00755000,GEV,2026-10-30,37,C,755.0,-20.68,951.8,202.2,208.5,205.35,0.0,3.1,0.5329,0.9308,0.0008,-0.258,0.4159,205.232,90.4,0,0
GEV261030P00755000,GEV,2026-10-30,37,P,755.0,-20.68,951.8,2.25,7.1,4.675,4.97,103.7,0.5081,-0.0706,0.0008,-0.2802,0.4172,4.411,8.4,4,1
GEV261030C00760000,GEV,2026-10-30,37,C,760.0,-20.15,951.8,197.7,203.9,200.8,0.0,3.1,0.5309,0.9259,0.0009,-0.2731,0.4378,200.6613,89.8,0,0
GEV261030P00760000,GEV,2026-10-30,37,P,760.0,-20.15,951.8,2.65,8.0,5.325,5.5,100.5,0.5128,-0.0756,0.0009,-0.2949,0.4416,5.0344,9.3,4,6
GEV261030C00765000,GEV,2026-10-30,37,C,765.0,-19.63,951.8,193.2,199.2,196.2,0.0,3.1,0.5284,0.9207,0.0009,-0.2885,0.4603,196.0937,89.2,0,0
GEV261030P00765000,GEV,2026-10-30,37,P,765.0,-19.63,951.8,3.1,6.7,4.9,5.91,73.5,0.4911,-0.0808,0.0009,-0.31,0.4626,4.628,8.9,3,9
GEV261030C00770000,GEV,2026-10-30,37,C,770.0,-19.1,951.8,188.8,194.6,191.7,0.0,3.0,0.5285,0.9152,0.001,-0.3042,0.4837,191.6734,88.5,0,0
GEV261030P00770000,GEV,2026-10-30,37,P,770.0,-19.1,951.8,3.6,9.0,6.3,6.35,85.7,0.5114,-0.0864,0.001,-0.3254,0.4853,5.9682,10.7,2,15
GEV261030C00775000,GEV,2026-10-30,37,C,775.0,-18.58,951.8,184.3,190.3,187.3,0.0,3.2,0.5248,0.9095,0.001,-0.3203,0.5078,187.102,87.9,0,0
GEV261030P00775000,GEV,2026-10-30,37,P,775.0,-18.58,951.8,4.6,7.2,5.9,7.15,44.1,0.491,-0.0922,0.001,-0.3411,0.5097,5.5825,10.3,19,26
GEV261030C00780000,GEV,2026-10-30,37,C,780.0,-18.05,951.8,178.9,184.9,181.9,165.2,3.3,0.5044,0.9034,0.0011,-0.3367,0.5322,181.7142,88.2,0,1
GEV261030P00780000,GEV,2026-10-30,37,P,780.0,-18.05,951.8,5.8,8.4,7.1,8.07,36.6,0.504,-0.0982,0.0011,-0.3571,0.5339,6.7383,11.8,94,160
GEV261030C00785000,GEV,2026-10-30,37,C,785.0,-17.52,951.8,176.4,181.5,178.95,0.0,2.8,0.5298,0.8971,0.0011,-0.3534,0.5567,178.7006,86.0,0,0
GEV261030P00785000,GEV,2026-10-30,37,P,785.0,-17.52,951.8,5.3,10.7,8.0,8.19,67.5,0.5091,-0.1046,0.0012,-0.3734,0.5613,7.61,12.9,19,20
GEV261030C00790000,GEV,2026-10-30,37,C,790.0,-17.0,951.8,172.0,176.0,174.0,181.13,2.3,0.5177,0.8905,0.0012,-0.3703,0.5816,173.7466,85.8,0,10
GEV261030P00790000,GEV,2026-10-30,37,P,790.0,-17.0,951.8,6.0,11.4,8.7,9.48,62.1,0.5093,-0.1113,0.0012,-0.39,0.5845,8.2826,13.7,0,13
GEV261030C00795000,GEV,2026-10-30,37,C,795.0,-16.47,951.8,167.8,172.9,170.35,0.0,3.0,0.5271,0.8836,0.0012,-0.3874,0.6071,170.0542,84.4,0,0
GEV261030P00795000,GEV,2026-10-30,37,P,795.0,-16.47,951.8,6.2,12.1,9.15,9.73,64.5,0.5046,-0.1182,0.0013,-0.4068,0.6092,8.7179,14.3,0,2
GEV261030C00800000,GEV,2026-10-30,37,C,800.0,-15.95,951.8,163.5,167.7,165.6,147.23,2.5,0.5179,0.8764,0.0013,-0.4046,0.6332,165.2987,84.0,0,1
GEV261030P00800000,GEV,2026-10-30,37,P,800.0,-15.95,951.8,7.3,11.6,9.45,11.5,45.5,0.4971,-0.1255,0.0013,-0.4237,0.6355,9.0099,14.8,6,36
GEV261030C00805000,GEV,2026-10-30,37,C,805.0,-15.42,951.8,159.3,164.8,162.05,143.35,3.4,0.5267,0.869,0.0014,-0.422,0.6593,161.7087,82.6,0,1
GEV261030P00805000,GEV,2026-10-30,37,P,805.0,-15.42,951.8,8.0,13.7,10.85,12.15,52.5,0.5067,-0.133,0.0014,-0.4408,0.6614,10.3675,16.3,3,8
GEV261030C00810000,GEV,2026-10-30,37,C,810.0,-14.9,951.8,155.2,160.6,157.9,0.0,3.4,0.5255,0.8612,0.0014,-0.4396,0.6852,157.5366,81.7,0,0
GEV261030P00810000,GEV,2026-10-30,37,P,810.0,-14.9,951.8,9.0,14.5,11.75,13.05,46.8,0.5072,-0.1408,0.0014,-0.458,0.6906,11.2351,17.3,3,11
GEV261030C00815000,GEV,2026-10-30,37,C,815.0,-14.37,951.8,151.0,156.3,153.65,0.0,3.4,0.5223,0.8531,0.0015,-0.4571,0.7112,153.2659,80.9,0,0
GEV261030P00815000,GEV,2026-10-30,37,P,815.0,-14.37,951.8,8.4,15.4,11.9,14.0,58.8,0.4963,-0.149,0.0015,-0.4753,0.7146,11.3818,17.7,0,9
GEV261030C00820000,GEV,2026-10-30,37,C,820.0,-13.85,951.8,147.0,152.5,149.75,0.0,3.7,0.5234,0.8448,0.0015,-0.4747,0.7376,149.3428,79.8,0,0
GEV261030P00820000,GEV,2026-10-30,37,P,820.0,-13.85,951.8,12.4,15.0,13.7,13.95,19.0,0.5083,-0.1574,0.0015,-0.4925,0.74,13.1333,19.3,52,106
GEV261030C00825000,GEV,2026-10-30,37,C,825.0,-13.32,951.8,142.9,147.8,145.35,0.0,3.4,0.5172,0.8361,0.0016,-0.4922,0.7642,144.9253,79.1,0,0
GEV261030P00825000,GEV,2026-10-30,37,P,825.0,-13.32,951.8,11.6,17.3,14.45,14.68,39.4,0.5048,-0.1662,0.0016,-0.5098,0.7668,13.8641,20.2,0,1
GEV261030C00830000,GEV,2026-10-30,37,C,830.0,-12.8,951.8,137.1,144.1,140.6,140.0,5.0,0.5064,0.8272,0.0016,-0.5096,0.7905,140.1779,78.6,4,1
GEV261030P00830000,GEV,2026-10-30,37,P,830.0,-12.8,951.8,12.5,17.4,14.95,15.85,32.8,0.4976,-0.1752,0.0017,-0.5269,0.7929,14.3495,20.9,2,9
GEV261030C00835000,GEV,2026-10-30,37,C,835.0,-12.27,951.8,135.1,140.2,137.65,0.0,3.7,0.5175,0.8179,0.0017,-0.527,0.8163,137.1766,76.9,0,0
GEV261030P00835000,GEV,2026-10-30,37,P,835.0,-12.27,951.8,12.8,19.5,16.15,21.24,41.5,0.499,-0.1845,0.0017,-0.5439,0.8222,15.5264,22.1,0,8
GEV261030C00840000,GEV,2026-10-30,37,C,840.0,-11.75,951.8,129.5,136.3,132.9,0.0,5.1,0.506,0.8084,0.0018,-0.5441,0.8417,132.4234,76.4,0,0
GEV261030P00840000,GEV,2026-10-30,37,P,840.0,-11.75,951.8,14.7,19.3,17.0,17.3,27.1,0.4952,-0.1941,0.0018,-0.5608,0.8456,16.345,23.0,5,10
GEV261030C00845000,GEV,2026-10-30,37,C,845.0,-11.22,951.8,127.3,132.6,129.95,0.0,4.1,0.5153,0.7986,0.0018,-0.561,0.8672,129.4371,74.8,0,0
GEV261030P00845000,GEV,2026-10-30,37,P,845.0,-11.22,951.8,15.4,21.9,18.65,25.71,34.9,0.5005,-0.204,0.0018,-0.5774,0.87,17.9625,24.4,0,3
GEV261030C00850000,GEV,2026-10-30,37,C,850.0,-10.7,951.8,123.6,128.8,126.2,85.0,4.1,0.5145,0.7886,0.0019,-0.5777,0.8925,125.6708,73.7,0,2
GEV261030P00850000,GEV,2026-10-30,37,P,850.0,-10.7,951.8,17.0,23.1,20.05,24.38,30.4,0.5019,-0.2142,0.0019,-0.5938,0.8954,19.3296,25.7,1,19
GEV261030C00855000,GEV,2026-10-30,37,C,855.0,-10.17,951.8,119.9,125.2,122.55,0.0,4.3,0.5141,0.7782,0.0019,-0.594,0.9173,121.9951,72.5,0,0
GEV261030P00855000,GEV,2026-10-30,37,P,855.0,-10.17,951.8,18.4,24.4,21.4,0.0,28.0,0.5021,-0.2246,0.0019,-0.6098,0.92,20.6558,26.9,0,0
GEV261030C00860000,GEV,2026-10-30,37,C,860.0,-9.64,951.8,116.2,121.5,118.85,73.82,4.5,0.5126,0.7677,0.002,-0.61,0.9412,118.2746,71.4,0,0
GEV261030P00860000,GEV,2026-10-30,37,P,860.0,-9.64,951.8,19.5,25.8,22.65,22.81,27.8,0.5005,-0.2352,0.002,-0.6255,0.9473,21.8777,28.0,1,15
GEV261030C00865000,GEV,2026-10-30,37,C,865.0,-9.12,951.8,112.6,118.4,115.5,0.0,5.0,0.5142,0.7568,0.002,-0.6255,0.9644,114.9024,70.1,0,0
GEV261030P00865000,GEV,2026-10-30,37,P,865.0,-9.12,951.8,20.9,27.3,24.1,24.67,26.6,0.5004,-0.2462,0.002,-0.6407,0.9685,23.2944,29.3,0,4
GEV261030C00870000,GEV,2026-10-30,37,C,870.0,-8.59,951.8,109.1,114.2,111.65,94.3,4.6,0.5101,0.7458,0.0021,-0.6407,0.9872,111.0434,69.0,0,24
GEV261030P00870000,GEV,2026-10-30,37,P,870.0,-8.59,951.8,22.2,28.8,25.5,25.97,25.9,0.4992,-0.2573,0.0021,-0.6556,0.9902,24.6664,30.5,3,16
GEV261030C00875000,GEV,2026-10-30,37,C,875.0,-8.07,951.8,105.7,111.5,108.6,99.0,5.3,0.5134,0.7345,0.0021,-0.6553,1.0094,107.965,67.6,0,7
GEV261030P00875000,GEV,2026-10-30,37,P,875.0,-8.07,951.8,23.7,30.3,27.0,29.9,24.4,0.4985,-0.2687,0.0022,-0.6699,1.0123,26.1453,31.7,0,3
GEV261030C00880000,GEV,2026-10-30,37,C,880.0,-7.54,951.8,102.3,108.1,105.2,121.07,5.5,0.5126,0.723,0.0022,-0.6693,1.0309,104.5465,66.4,0,3
GEV261030P00880000,GEV,2026-10-30,37,P,880.0,-7.54,951.8,25.3,30.7,28.0,32.3,19.3,0.4923,-0.2803,0.0022,-0.6837,1.0336,27.1303,32.7,2,5
GEV261030C00885000,GEV,2026-10-30,37,C,885.0,-7.02,951.8,98.9,104.9,101.9,97.35,5.9,0.5122,0.7114,0.0022,-0.6828,1.0512,101.2293,65.2,0,5
GEV261030P00885000,GEV,2026-10-30,37,P,885.0,-7.02,951.8,27.1,34.6,30.85,35.85,24.3,0.5034,-0.2921,0.0022,-0.6969,1.0569,29.9366,34.5,2,5
GEV261030C00890000,GEV,2026-10-30,37,C,890.0,-6.49,951.8,95.7,101.5,98.6,85.0,5.9,0.5112,0.6995,0.0023,-0.6957,1.0705,97.911,63.9,0,22
GEV261030P00890000,GEV,2026-10-30,37,P,890.0,-6.49,951.8,28.8,35.3,32.05,35.5,20.3,0.4979,-0.3041,0.0023,-0.7094,1.0743,31.1075,35.6,1,10
GEV261030C00895000,GEV,2026-10-30,37,C,895.0,-5.97,951.8,92.5,98.3,95.4,54.0,6.1,0.5106,0.6874,0.0023,-0.7079,1.0888,94.6963,62.6,0,2
GEV261030P00895000,GEV,2026-10-30,37,P,895.0,-5.97,951.8,32.5,38.1,35.3,33.67,15.9,0.5109,-0.3163,0.0023,-0.7214,1.0914,34.3068,37.4,2,2
GEV261030C00900000,GEV,2026-10-30,37,C,900.0,-5.44,951.8,89.3,95.4,92.35,86.0,6.6,0.5108,0.6752,0.0024,-0.7195,1.1064,91.6316,61.3,0,10
GEV261030P00900000,GEV,2026-10-30,37,P,900.0,-5.44,951.8,32.3,39.9,36.1,36.07,21.1,0.5008,-0.3286,0.0024,-0.7327,1.1086,35.0987,38.3,8,25
GEV261030C00905000,GEV,2026-10-30,37,C,905.0,-4.92,951.8,86.2,92.3,89.25,0.0,6.8,0.51,0.6629,0.0024,-0.7303,1.123,88.5218,60.0,0,0
GEV261030P00905000,GEV,2026-10-30,37,P,905.0,-4.92,951.8,33.4,41.7,37.55,43.95,22.1,0.4962,-0.3411,0.0024,-0.7433,1.1253,36.5323,39.5,1,1
GEV261030C00910000,GEV,2026-10-30,37,C,910.0,-4.39,951.8,83.2,87.8,85.5,65.1,5.4,0.5029,0.6504,0.0024,-0.7404,1.1382,84.7676,58.9,0,3
GEV261030P00910000,GEV,2026-10-30,37,P,910.0,-4.39,951.8,36.1,42.8,39.45,44.77,17.0,0.4951,-0.3537,0.0024,-0.7531,1.1409,38.4105,40.8,0,1
GEV261030C00915000,GEV,2026-10-30,37,C,915.0,-3.87,951.8,80.3,86.5,83.4,73.25,7.4,0.5097,0.6378,0.0024,-0.7497,1.1522,82.6394,57.4,2,10
GEV261030P00915000,GEV,2026-10-30,37,P,915.0,-3.87,951.8,37.3,45.5,41.4,47.93,19.8,0.4938,-0.3665,0.0025,-0.762,1.155,40.3301,42.2,1,0
GEV261030C00920000,GEV,2026-10-30,37,C,920.0,-3.34,951.8,77.1,83.7,80.4,69.95,8.2,0.5081,0.6251,0.0025,-0.7582,1.165,79.6294,56.1,0,15
GEV261030P00920000,GEV,2026-10-30,37,P,920.0,-3.34,951.8,41.0,45.9,43.45,43.0,11.3,0.4929,-0.3793,0.0025,-0.7702,1.1667,42.3598,43.5,0,7
GEV261030C00925000,GEV,2026-10-30,37,C,925.0,-2.82,951.8,74.3,80.8,77.55,80.4,8.4,0.5073,0.6123,0.0025,-0.766,1.1767,76.7744,54.8,0,12
GEV261030P00925000,GEV,2026-10-30,37,P,925.0,-2.82,951.8,42.4,48.5,45.45,47.3,13.4,0.491,-0.3923,0.0025,-0.7777,1.1779,44.339,44.8,0,39
GEV261030C00930000,GEV,2026-10-30,37,C,930.0,-2.29,951.8,71.7,77.6,74.65,74.1,7.9,0.5055,0.5995,0.0025,-0.7729,1.1873,73.8664,53.5,0,2
GEV261030P00930000,GEV,2026-10-30,37,P,930.0,-2.29,951.8,44.9,51.4,48.15,48.02,13.5,0.4944,-0.4053,0.0026,-0.7843,1.1884,47.0026,46.2,1,1
GEV261030C00935000,GEV,2026-10-30,37,C,935.0,-1.77,951.8,68.8,75.5,72.15,62.7,9.3,0.5065,0.5866,0.0026,-0.7789,1.1965,71.3517,52.2,2,13
GEV261030P00935000,GEV,2026-10-30,37,P,935.0,-1.77,951.8,47.2,54.5,50.85,50.52,14.4,0.4973,-0.4183,0.0026,-0.7901,1.1972,49.6817,47.7,0,21
GEV261030C00940000,GEV,2026-10-30,37,C,940.0,-1.24,951.8,66.0,72.9,69.45,68.2,9.9,0.5054,0.5736,0.0026,-0.7841,1.2044,68.6548,50.9,2,3
GEV261030P00940000,GEV,2026-10-30,37,P,940.0,-1.24,951.8,49.3,56.0,52.65,52.7,12.7,0.492,-0.4314,0.0026,-0.7949,1.205,51.458,48.9,0,3
GEV261030C00945000,GEV,2026-10-30,37,C,945.0,-0.71,951.8,63.8,69.4,66.6,61.0,8.4,0.5024,0.5607,0.0026,-0.7885,1.2109,65.7948,49.6,0,1
GEV261030P00945000,GEV,2026-10-30,37,P,945.0,-0.71,951.8,52.0,59.5,55.75,66.63,13.5,0.497,-0.4445,0.0026,-0.7989,1.211,54.5252,50.3,0,5
GEV261030C00950000,GEV,2026-10-30,37,C,950.0,-0.19,951.8,61.4,66.9,64.15,57.8,8.6,0.5023,0.5477,0.0026,-0.792,1.2162,63.3452,48.3,1,12
GEV261030P00950000,GEV,2026-10-30,37,P,950.0,-0.19,951.8,54.5,60.9,57.7,55.5,11.1,0.4919,-0.4576,0.0026,-0.8022,1.2156,56.4521,51.6,0,8
GEV261030C00955000,GEV,2026-10-30,37,C,955.0,0.34,951.8,59.0,65.5,62.25,64.5,10.4,0.5061,0.5347,0.0026,-0.7947,1.2203,61.4306,47.0,1,3
GEV261030P00955000,GEV,2026-10-30,37,P,955.0,0.34,951.8,58.3,62.9,60.6,59.89,7.6,0.4942,-0.4708,0.0026,-0.8046,1.2194,59.3325,53.0,0,3
GEV261030C00960000,GEV,2026-10-30,37,C,960.0,0.86,951.8,56.5,62.2,59.35,64.53,9.6,0.5012,0.5218,0.0026,-0.7965,1.223,58.5325,45.7,0,25
GEV261030P00960000,GEV,2026-10-30,37,P,960.0,0.86,951.8,59.4,66.8,63.1,62.75,11.7,0.4926,-0.4839,0.0026,-0.8062,1.2217,61.8094,54.3,0,10
GEV261030C00965000,GEV,2026-10-30,37,C,965.0,1.39,951.8,54.1,61.1,57.6,64.9,12.2,0.5052,0.5089,0.0026,-0.7975,1.2245,56.7726,44.4,0,2
GEV261030P00965000,GEV,2026-10-30,37,P,965.0,1.39,951.8,62.4,69.5,65.95,0.0,10.8,0.4934,-0.4969,0.0026,-0.8068,1.2216,64.6414,55.6,0,0
GEV261030C00970000,GEV,2026-10-30,37,C,970.0,1.91,951.8,51.9,58.0,54.95,55.5,11.1,0.5014,0.4961,0.0026,-0.7976,1.2247,54.1339,43.1,0,3
GEV261030P00970000,GEV,2026-10-30,37,P,970.0,1.91,951.8,65.1,72.5,68.8,67.44,10.8,0.4935,-0.5099,0.0026,-0.8066,1.2215,67.4537,56.9,0,2
GEV261030C00975000,GEV,2026-10-30,37,C,975.0,2.44,951.8,49.8,56.1,52.95,43.23,11.9,0.5023,0.4833,0.0026,-0.797,1.2237,52.1263,41.9,0,3
GEV261030P00975000,GEV,2026-10-30,37,P,975.0,2.44,951.8,68.0,74.5,71.25,98.0,9.1,0.4899,-0.5228,0.0026,-0.8056,1.2208,69.8835,58.2,0,1
GEV261030C00980000,GEV,2026-10-30,37,C,980.0,2.96,951.8,47.7,53.5,50.6,53.5,11.5,0.4999,0.4707,0.0026,-0.7955,1.2214,49.783,40.6,0,11
GEV261030P00980000,GEV,2026-10-30,37,P,980.0,2.96,951.8,70.9,78.2,74.55,0.0,9.8,0.4928,-0.5357,0.0026,-0.8038,1.2178,73.1617,59.4,0,0
GEV261030C00985000,GEV,2026-10-30,37,C,985.0,3.49,951.8,46.1,50.8,48.45,40.37,9.7,0.4986,0.4581,0.0026,-0.7932,1.2179,47.6352,39.4,0,3
GEV261030P00985000,GEV,2026-10-30,37,P,985.0,3.49,951.8,74.1,80.9,77.5,0.0,8.8,0.4923,-0.5485,0.0026,-0.8014,1.2135,76.0925,60.7,0,0
GEV261030C00990000,GEV,2026-10-30,37,C,990.0,4.01,951.8,43.7,49.8,46.75,46.0,13.0,0.5005,0.4456,0.0026,-0.7902,1.2131,45.9328,38.2,0,11
GEV261030P00990000,GEV,2026-10-30,37,P,990.0,4.01,951.8,76.5,83.0,79.75,0.0,8.2,0.4855,-0.5611,0.0026,-0.7981,1.2087,78.3326,62.0,0,0
GEV261030C00995000,GEV,2026-10-30,37,C,995.0,4.54,951.8,41.8,46.8,44.3,40.74,11.3,0.4958,0.4332,0.0026,-0.7864,1.2074,43.5027,36.9,1,2
GEV261030P00995000,GEV,2026-10-30,37,P,995.0,4.54,951.8,79.9,85.4,82.65,100.2,6.7,0.4834,-0.5736,0.0026,-0.794,1.1996,81.2015,63.3,0,1
GEV261030C01000000,GEV,2026-10-30,37,C,1000.0,5.06,951.8,39.7,45.5,42.6,43.69,13.6,0.4967,0.421,0.0026,-0.7819,1.2007,41.8012,35.7,5,63
GEV261030P01000000,GEV,2026-10-30,37,P,1000.0,5.06,951.8,82.8,89.2,86.0,0.0,7.4,0.4846,-0.586,0.0026,-0.7891,1.1932,84.5244,64.5,0,0
GEV261030C01005000,GEV,2026-10-30,37,C,1005.0,5.59,951.8,37.4,44.4,40.9,25.75,17.1,0.4972,0.409,0.0026,-0.7768,1.1928,40.1102,34.6,0,2
GEV261030P01005000,GEV,2026-10-30,37,P,1005.0,5.59,951.8,86.4,92.4,89.4,106.8,6.7,0.4857,-0.5983,0.0026,-0.7837,1.1848,87.8937,65.6,0,1
GEV261030C01010000,GEV,2026-10-30,37,C,1010.0,6.11,951.8,36.2,42.6,39.4,39.94,16.2,0.4988,0.397,0.0025,-0.7709,1.1838,38.6042,33.4,0,7
GEV261030P01010000,GEV,2026-10-30,37,P,1010.0,6.11,951.8,89.7,96.7,93.2,131.0,7.5,0.4898,-0.6105,0.0026,-0.7776,1.1759,91.6688,66.7,0,1
GEV261030C01015000,GEV,2026-10-30,37,C,1015.0,6.64,951.8,34.3,39.7,37.0,40.34,14.6,0.4924,0.3853,0.0025,-0.7644,1.1737,36.2276,32.2,0,1
GEV261030P01015000,GEV,2026-10-30,37,P,1015.0,6.64,951.8,93.1,100.2,96.65,134.9,7.3,0.4905,-0.6224,0.0026,-0.7709,1.1641,95.1012,67.9,0,1
GEV261030C01020000,GEV,2026-10-30,37,C,1020.0,7.17,951.8,33.0,39.5,36.25,43.78,17.9,0.4996,0.3737,0.0025,-0.7573,1.1627,35.4762,31.2,0,12
GEV261030P01020000,GEV,2026-10-30,37,P,1020.0,7.17,951.8,97.1,104.2,100.65,117.1,7.1,0.495,-0.6342,0.0025,-0.7637,1.1535,99.0224,68.9,0,1
GEV261030C01025000,GEV,2026-10-30,37,C,1025.0,7.69,951.8,31.6,37.9,34.75,30.75,18.1,0.4999,0.3623,0.0025,-0.7496,1.1511,33.9815,30.2,0,4
GEV261030P01025000,GEV,2026-10-30,37,P,1025.0,7.69,951.8,100.5,106.7,103.6,120.6,6.0,0.4907,-0.6458,0.0025,-0.7557,1.1371,101.9933,70.1,0,1
GEV261030C01030000,GEV,2026-10-30,37,C,1030.0,8.22,951.8,29.0,36.4,32.7,28.5,22.6,0.4949,0.351,0.0024,-0.7414,1.1387,31.9464,29.0,0,7
GEV261030P01030000,GEV,2026-10-30,37,P,1030.0,8.22,951.8,104.8,109.4,107.1,0.0,4.3,0.4904,-0.6572,0.0025,-0.7472,1.1255,105.476,71.2,0,0
GEV261030C01035000,GEV,2026-10-30,37,C,1035.0,8.74,951.8,28.6,33.6,31.1,30.0,16.1,0.4934,0.34,0.0024,-0.7326,1.1254,30.3641,27.9,6,1
GEV261030P01035000,GEV,2026-10-30,37,P,1035.0,8.74,951.8,106.8,112.9,109.85,0.0,5.6,0.4827,-0.6685,0.0024,-0.7382,1.111,108.1994,72.4,0,0
GEV261030C01040000,GEV,2026-10-30,37,C,1040.0,9.27,951.8,27.4,33.4,30.4,26.45,19.7,0.4994,0.3292,0.0024,-0.7234,1.1112,29.6547,27.0,0,12
GEV261030P01040000,GEV,2026-10-30,37,P,1040.0,9.27,951.8,110.5,116.5,113.5,0.0,5.3,0.4827,-0.6795,0.0024,-0.7288,1.0969,111.8323,73.5,0,0
GEV261030C01045000,GEV,2026-10-30,37,C,1045.0,9.79,951.8,25.9,32.3,29.1,18.66,22.0,0.4997,0.3185,0.0023,-0.7137,1.0962,28.3647,26.1,0,27
GEV261030P01045000,GEV,2026-10-30,37,P,1045.0,9.79,951.8,114.2,120.2,117.2,0.0,5.1,0.4826,-0.6904,0.0024,-0.719,1.0802,115.5056,74.5,0,0
GEV261030C01050000,GEV,2026-10-30,37,C,1050.0,10.32,951.8,25.0,30.0,27.5,25.27,18.2,0.4968,0.3081,0.0023,-0.7036,1.0805,26.7835,25.0,6,33
GEV261030P01050000,GEV,2026-10-30,37,P,1050.0,10.32,951.8,117.9,123.9,120.9,0.0,5.0,0.482,-0.701,0.0024,-0.7089,1.0649,119.1768,75.5,0,0
GEV261030C01055000,GEV,2026-10-30,37,C,1055.0,10.84,951.8,23.4,29.7,26.55,26.46,23.7,0.4995,0.2979,0.0023,-0.6931,1.0646,25.8433,24.2,1,15
GEV261030P01055000,GEV,2026-10-30,37,P,1055.0,10.84,951.8,121.7,127.7,124.7,0.0,4.8,0.4818,-0.7114,0.0023,-0.6982,1.0426,122.9397,76.5,0,0
GEV261030C01060000,GEV,2026-10-30,37,C,1060.0,11.37,951.8,21.3,28.5,24.9,0.0,28.9,0.4951,0.288,0.0022,-0.6823,1.0483,24.2125,23.1,0,0
GEV261030P01060000,GEV,2026-10-30,37,P,1060.0,11.37,951.8,127.0,131.5,129.25,177.1,3.5,0.4886,-0.7216,0.0023,-0.6872,1.0273,127.4603,77.2,0,1
GEV261030C01065000,GEV,2026-10-30,37,C,1065.0,11.89,951.8,21.1,27.4,24.25,11.9,26.0,0.4999,0.2782,0.0022,-0.6711,1.0314,23.5689,22.4,0,1
GEV261030P01065000,GEV,2026-10-30,37,P,1065.0,11.89,951.8,130.2,135.4,132.8,0.0,3.9,0.4852,-0.7316,0.0022,-0.676,1.0097,130.986,78.2,0,0
GEV261030C01070000,GEV,2026-10-30,37,C,1070.0,12.42,951.8,20.0,26.3,23.15,23.25,27.2,0.4999,0.2686,0.0022,-0.6596,1.0138,22.4772,21.5,2,4
GEV261030P01070000,GEV,2026-10-30,37,P,1070.0,12.42,951.8,133.4,139.3,136.35,0.0,4.3,0.4811,-0.7414,0.0022,-0.6644,0.9917,134.5022,79.2,0,0
GEV261030C01075000,GEV,2026-10-30,37,C,1075.0,12.94,951.8,19.2,25.3,22.25,24.1,27.4,0.5016,0.2593,0.0021,-0.6479,0.9956,21.5938,20.7,0,7
GEV261030P01075000,GEV,2026-10-30,37,P,1075.0,12.94,951.8,138.0,143.1,140.55,0.0,3.6,0.4833,-0.751,0.0022,-0.6527,0.9718,138.6787,80.0,0,0
GEV261030C01080000,GEV,2026-10-30,37,C,1080.0,13.47,951.8,18.0,24.3,21.15,28.14,29.8,0.5008,0.2503,0.0021,-0.636,0.977,20.5068,19.9,0,1
GEV261030P01080000,GEV,2026-10-30,37,P,1080.0,13.47,951.8,141.5,147.2,144.35,0.0,3.9,0.4807,-0.7603,0.0021,-0.6408,0.9527,142.4409,80.9,0,0
GEV261030C01085000,GEV,2026-10-30,37,C,1085.0,13.99,951.8,17.0,22.5,19.75,20.0,27.8,0.4964,0.2414,0.002,-0.6238,0.9585,19.1275,18.9,2,6
GEV261030P01085000,GEV,2026-10-30,37,P,1085.0,13.99,951.8,145.6,151.3,148.45,0.0,3.8,0.4808,-0.7694,0.0021,-0.6286,0.926,146.5008,81.7,0,0
GEV261030C01090000,GEV,2026-10-30,37,C,1090.0,14.52,951.8,16.1,21.4,18.75,21.76,28.3,0.4957,0.2328,0.002,-0.6115,0.9399,18.1428,18.1,0,4
GEV261030P01090000,GEV,2026-10-30,37,P,1090.0,14.52,951.8,149.8,155.3,152.55,0.0,3.6,0.4805,-0.7783,0.002,-0.6163,0.9085,150.5645,82.5,0,0
GEV261030C01095000,GEV,2026-10-30,37,C,1095.0,15.05,951.8,16.3,21.5,18.9,20.82,27.5,0.5071,0.2244,0.002,-0.599,0.9211,18.2837,17.8,0,1
GEV261030P01095000,GEV,2026-10-30,37,P,1095.0,15.05,951.8,154.1,162.0,158.05,0.0,5.0,0.496,-0.7869,0.002,-0.6039,0.8911,156.0569,82.7,0,0
GEV261030C01100000,GEV,2026-10-30,37,C,1100.0,15.57,951.8,14.4,18.9,16.65,17.55,27.0,0.4918,0.2162,0.0019,-0.5865,0.9019,16.0786,16.4,10,26
GEV261030P01100000,GEV,2026-10-30,37,P,1100.0,15.57,951.8,158.3,165.8,162.05,0.0,4.6,0.494,-0.7954,0.002,-0.5913,0.869,160.0177,83.5,0,0
GEV261030C01105000,GEV,2026-10-30,37,C,1105.0,16.1,951.8,13.7,19.8,16.75,18.0,36.4,0.5023,0.2083,0.0019,-0.5738,0.8823,16.1709,16.2,0,1
GEV261030P01105000,GEV,2026-10-30,37,P,1105.0,16.1,951.8,162.5,170.7,166.6,0.0,4.9,0.4981,-0.8036,0.0019,-0.5787,0.8479,164.5403,84.0,0,0
GEV261030C01110000,GEV,2026-10-30,37,C,1110.0,16.62,951.8,13.5,19.0,16.25,0.0,33.8,0.5058,0.2005,0.0018,-0.5611,0.8625,15.6774,15.6,0,0
GEV261030P01110000,GEV,2026-10-30,37,P,1110.0,16.62,951.8,166.6,175.0,170.8,0.0,4.9,0.4977,-0.8116,0.0019,-0.566,0.8266,168.7075,84.7,0,0
GEV261030C01115000,GEV,2026-10-30,37,C,1115.0,17.15,951.8,11.5,18.3,14.9,0.0,45.6,0.499,0.193,0.0018,-0.5483,0.8428,14.3598,14.7,0,0
GEV261030P01115000,GEV,2026-10-30,37,P,1115.0,17.15,951.8,170.9,179.3,175.1,0.0,4.8,0.498,-0.8194,0.0018,-0.5532,0.8034,172.9667,85.4,0,0
GEV261030C01120000,GEV,2026-10-30,37,C,1120.0,17.67,951.8,12.0,17.5,14.75,19.63,37.3,0.5061,0.1858,0.0017,-0.5355,0.8234,14.2109,14.3,0,1
GEV261030P01120000,GEV,2026-10-30,37,P,1120.0,17.67,951.8,175.4,183.6,179.5,0.0,4.6,0.4992,-0.8269,0.0018,-0.5405,0.7794,177.3281,85.9,0,0
GEV261030C01125000,GEV,2026-10-30,37,C,1125.0,18.2,951.8,9.7,16.9,13.3,13.7,54.1,0.4968,0.1787,0.0017,-0.5228,0.8042,12.7909,13.3,0,1
GEV261030P01125000,GEV,2026-10-30,37,P,1125.0,18.2,951.8,179.7,188.0,183.85,0.0,4.5,0.4994,-0.8343,0.0018,-0.5278,0.7606,181.6388,86.6,0,0
GEV261030C01130000,GEV,2026-10-30,37,C,1130.0,18.72,951.8,9.6,16.2,12.9,0.0,51.2,0.5002,0.1719,0.0016,-0.51,0.7849,12.3967,12.9,0,0
GEV261030P01130000,GEV,2026-10-30,37,P,1130.0,18.72,951.8,184.1,192.8,188.45,0.0,4.6,0.5026,-0.8414,0.0017,-0.515,0.7402,186.2053,87.0,0,0
GEV261030C01140000,GEV,2026-10-30,37,C,1140.0,19.77,951.8,7.9,15.0,11.45,13.2,62.0,0.4976,0.1588,0.0016,-0.4847,0.7458,10.9853,11.7,0,4
GEV261030P01140000,GEV,2026-10-30,37,P,1140.0,19.77,951.8,193.0,201.1,197.05,0.0,4.1,0.4996,-0.8551,0.0016,-0.4896,0.6968,194.7142,88.3,0,0
GEV261030C01150000,GEV,2026-10-30,37,C,1150.0,20.82,951.8,7.9,12.8,10.35,12.68,47.3,0.4981,0.1466,0.0015,-0.4597,0.7071,9.9108,10.6,0,5
GEV261030P01150000,GEV,2026-10-30,37,P,1150.0,20.82,951.8,201.9,210.1,206.0,0.0,4.0,0.4998,-0.8678,0.0016,-0.4639,0.6505,203.5712,89.3,0,0
GEV261030C01160000,GEV,2026-10-30,37,C,1160.0,21.87,951.8,5.8,12.8,9.3,13.0,75.3,0.4979,0.1352,0.0014,-0.4351,0.67,8.8884,9.7,0,1
GEV261030P01160000,GEV,2026-10-30,37,P,1160.0,21.87,951.8,211.0,219.2,215.1,0.0,3.8,0.5007,-0.8799,0.0015,-0.4397,0.6095,212.5713,90.2,0,0
GEV261030C01170000,GEV,2026-10-30,37,C,1170.0,22.92,951.8,6.0,11.9,8.95,10.24,65.9,0.5075,0.1245,0.0013,-0.4111,0.6334,8.5477,9.1,0,11
GEV261030P01170000,GEV,2026-10-30,37,P,1170.0,22.92,951.8,220.2,228.4,224.3,0.0,3.7,0.5019,-0.8913,0.0014,-0.4156,0.5689,221.6753,91.1,0,0
GEV261030C01180000,GEV,2026-10-30,37,C,1180.0,23.98,951.8,5.2,11.1,8.15,0.0,72.4,0.5091,0.1146,0.0012,-0.3878,0.5971,7.7727,8.3,0,0
GEV261030P01180000,GEV,2026-10-30,37,P,1180.0,23.98,951.8,229.8,236.5,233.15,0.0,2.9,0.4944,-0.9018,0.0013,-0.3912,0.5275,230.374,92.2,0,0
GEV261120C00720000,GEV,2026-11-20,58,C,720.0,-24.35,951.8,240.6,247.0,243.8,219.83,2.6,0.5266,0.9294,0.0007,-0.1973,0.5284,243.2697,89.5,0,1
GEV261120P00720000,GEV,2026-11-20,58,P,720.0,-24.35,951.8,3.8,7.4,5.6,6.65,64.3,0.4964,-0.0724,0.0007,-0.2298,0.5306,5.4285,9.0,15,17
GEV261120C00740000,GEV,2026-11-20,58,C,740.0,-22.25,951.8,222.7,229.1,225.9,0.0,2.8,0.5199,0.9116,0.0008,-0.2392,0.624,225.3155,87.3,0,0
GEV261120P00740000,GEV,2026-11-20,58,P,740.0,-22.25,951.8,5.5,11.7,8.6,9.4,72.1,0.5121,-0.0904,0.0008,-0.2696,0.627,8.357,12.3,0,57
GEV261120C00750000,GEV,2026-11-20,58,C,750.0,-21.2,951.8,213.3,220.1,216.7,215.4,3.1,0.5105,0.9015,0.0009,-0.2612,0.6741,216.0917,86.4,5,1
GEV261120P00750000,GEV,2026-11-20,58,P,750.0,-21.2,951.8,8.3,11.5,9.9,10.1,32.3,0.5119,-0.1005,0.0009,-0.2906,0.6769,9.6304,13.6,12,39
GEV261120C00760000,GEV,2026-11-20,58,C,760.0,-20.15,951.8,204.4,211.5,207.95,0.0,3.4,0.5068,0.8907,0.001,-0.2837,0.7254,207.3157,85.2,0,0
GEV261120P00760000,GEV,2026-11-20,58,P,760.0,-20.15,951.8,10.6,11.9,11.25,11.16,11.6,0.5104,-0.1114,0.001,-0.312,0.7305,10.9521,15.0,13,92
GEV261120C00770000,GEV,2026-11-20,58,C,770.0,-19.1,951.8,196.3,203.2,199.75,0.0,3.5,0.5089,0.8792,0.001,-0.3066,0.7788,199.086,83.5,0,0
GEV261120P00770000,GEV,2026-11-20,58,P,770.0,-19.1,951.8,11.5,13.5,12.5,12.9,16.0,0.5059,-0.1231,0.001,-0.3339,0.7827,12.181,16.3,21,3
GEV261120C00780000,GEV,2026-11-20,58,C,780.0,-18.05,951.8,189.8,195.1,192.45,146.0,2.8,0.5195,0.8668,0.0011,-0.3297,0.8323,191.7391,81.3,0,1
GEV261120P00780000,GEV,2026-11-20,58,P,780.0,-18.05,951.8,12.7,16.1,14.4,16.44,23.6,0.5079,-0.1356,0.0011,-0.3561,0.8356,14.044,18.1,3,1762
GEV261120C00790000,GEV,2026-11-20,58,C,790.0,-17.0,951.8,179.5,186.7,183.1,0.0,3.9,0.5039,0.8536,0.0012,-0.3529,0.886,182.3807,80.5,0,0
GEV261120P00790000,GEV,2026-11-20,58,P,790.0,-17.0,951.8,14.5,17.3,15.9,16.95,17.6,0.5033,-0.1489,0.0012,-0.3784,0.8921,15.5234,19.5,1,16
GEV261120C00800000,GEV,2026-11-20,58,C,800.0,-15.95,951.8,171.3,178.5,174.9,178.2,4.1,0.5004,0.8396,0.0013,-0.3762,0.9407,174.1501,78.9,4,8
GEV261120P00800000,GEV,2026-11-20,58,P,800.0,-15.95,951.8,16.5,18.9,17.7,18.0,13.6,0.5005,-0.1631,0.0013,-0.4007,0.9452,17.2905,21.1,69,238
GEV261120C00810000,GEV,2026-11-20,58,C,810.0,-14.9,951.8,163.6,170.7,167.15,0.0,4.2,0.5001,0.8248,0.0013,-0.3992,0.9946,166.3715,77.1,0,0
GEV261120P00810000,GEV,2026-11-20,58,P,810.0,-14.9,951.8,16.4,21.0,18.7,20.5,24.6,0.4881,-0.178,0.0014,-0.4228,0.9978,18.2824,22.2,7,12
GEV261120C00820000,GEV,2026-11-20,58,C,820.0,-13.85,951.8,156.0,163.4,159.7,165.32,4.6,0.501,0.8093,0.0014,-0.4218,1.0473,158.8994,75.1,0,6
GEV261120P00820000,GEV,2026-11-20,58,P,820.0,-13.85,951.8,20.8,23.9,22.35,22.3,13.9,0.5007,-0.1937,0.0014,-0.4446,1.0543,21.873,24.9,18,130
GEV261120C00830000,GEV,2026-11-20,58,C,830.0,-12.8,951.8,150.5,156.0,153.25,0.0,3.6,0.5091,0.7931,0.0015,-0.444,1.0998,152.4134,72.7,0,0
GEV261120P00830000,GEV,2026-11-20,58,P,830.0,-12.8,951.8,20.6,27.4,24.0,24.72,28.3,0.492,-0.2101,0.0015,-0.4659,1.1045,23.5021,26.4,3,8
GEV261120C00840000,GEV,2026-11-20,58,C,840.0,-11.75,951.8,142.0,148.7,145.35,154.0,4.6,0.5021,0.7761,0.0016,-0.4654,1.1505,144.4871,71.1,0,5
GEV261120P00840000,GEV,2026-11-20,58,P,840.0,-11.75,951.8,23.8,28.5,26.15,27.9,18.0,0.4867,-0.2273,0.0016,-0.4866,1.1539,25.6251,28.1,3,228
GEV261120C00850000,GEV,2026-11-20,58,C,850.0,-10.7,951.8,136.1,140.9,138.5,131.0,3.5,0.5029,0.7585,0.0016,-0.4861,1.1986,137.62,69.0,10,28
GEV261120P00850000,GEV,2026-11-20,58,P,850.0,-10.7,951.8,28.6,32.7,30.65,31.0,13.4,0.4998,-0.2451,0.0017,-0.5064,1.2061,30.0666,30.9,3,272
GEV261120C00860000,GEV,2026-11-20,58,C,860.0,-9.64,951.8,129.1,133.7,131.4,126.0,3.5,0.4999,0.7403,0.0017,-0.5057,1.2453,130.4974,67.0,0,21
GEV261120P00860000,GEV,2026-11-20,58,P,860.0,-9.64,951.8,31.3,35.9,33.6,33.8,13.7,0.4977,-0.2636,0.0017,-0.5253,1.2497,32.9773,32.9,2,79
GEV261120C00870000,GEV,2026-11-20,58,C,870.0,-8.59,951.8,122.5,127.0,124.75,115.95,3.6,0.4991,0.7215,0.0018,-0.5242,1.2892,123.8383,65.0,1,0
GEV261120P00870000,GEV,2026-11-20,58,P,870.0,-8.59,951.8,32.6,39.8,36.2,37.7,19.9,0.4915,-0.2826,0.0018,-0.543,1.2928,35.5572,34.7,1,11
GEV261120C00880000,GEV,2026-11-20,58,C,880.0,-7.54,951.8,116.0,121.7,118.85,120.0,4.8,0.5023,0.7022,0.0018,-0.5414,1.3296,117.9127,62.7,0,94
GEV261120P00880000,GEV,2026-11-20,58,P,880.0,-7.54,951.8,38.2,41.8,40.0,39.5,9.0,0.493,-0.3022,0.0019,-0.5595,1.3338,39.3116,36.9,25,161
GEV261120C00890000,GEV,2026-11-20,58,C,890.0,-6.49,951.8,109.8,115.4,112.6,113.5,5.0,0.5013,0.6825,0.0019,-0.5573,1.3671,111.6559,60.6,14,0
GEV261120P00890000,GEV,2026-11-20,58,P,890.0,-6.49,951.8,40.6,45.9,43.25,44.8,12.3,0.4888,-0.3223,0.0019,-0.5746,1.371,42.5235,39.0,3,18
GEV261120C00900000,GEV,2026-11-20,58,C,900.0,-5.44,951.8,103.9,108.3,106.1,107.05,4.1,0.497,0.6624,0.0019,-0.5716,1.4013,105.1482,58.5,20,61
GEV261120P00900000,GEV,2026-11-20,58,P,900.0,-5.44,951.8,45.1,50.6,47.85,47.54,11.5,0.4929,-0.3427,0.002,-0.5882,1.4043,47.0763,41.3,9,109
GEV261120C00910000,GEV,2026-11-20,58,C,910.0,-4.39,951.8,98.1,103.6,100.85,102.4,5.5,0.5001,0.6419,0.002,-0.5844,1.4312,99.8811,56.3,11,1
GEV261120P00910000,GEV,2026-11-20,58,P,910.0,-4.39,951.8,48.6,54.0,51.3,53.0,10.5,0.4873,-0.3634,0.002,-0.6004,1.434,50.4987,43.4,1,3
GEV261120C00920000,GEV,2026-11-20,58,C,920.0,-3.34,951.8,92.5,98.0,95.25,98.6,5.8,0.4992,0.6213,0.002,-0.5955,1.4573,94.2687,54.1,4,48
GEV261120P00920000,GEV,2026-11-20,58,P,920.0,-3.34,951.8,53.2,58.6,55.9,56.0,9.7,0.4882,-0.3845,0.0021,-0.6108,1.4597,55.0494,45.6,152,159
GEV261120C00930000,GEV,2026-11-20,58,C,930.0,-2.29,951.8,87.1,92.3,89.7,79.0,5.8,0.4973,0.6004,0.002,-0.6049,1.4796,88.7206,52.0,0,13
GEV261120P00930000,GEV,2026-11-20,58,P,930.0,-2.29,951.8,57.8,63.5,60.65,61.6,9.4,0.4886,-0.4057,0.0021,-0.6194,1.4807,59.7513,47.8,1,105
GEV261120C00940000,GEV,2026-11-20,58,C,940.0,-1.24,951.8,82.3,86.6,84.45,85.5,5.1,0.496,0.5795,0.0021,-0.6125,1.4974,83.4688,49.9,3,53
GEV261120P00940000,GEV,2026-11-20,58,P,940.0,-1.24,951.8,62.6,67.3,64.95,70.0,7.2,0.4846,-0.427,0.0021,-0.6265,1.4977,64.0196,50.0,50,125
GEV261120C00950000,GEV,2026-11-20,58,C,950.0,-0.19,951.8,76.8,82.7,79.75,79.47,7.4,0.497,0.5585,0.0021,-0.6185,1.511,78.7709,47.7,5,143
GEV261120P00950000,GEV,2026-11-20,58,P,950.0,-0.19,951.8,69.0,73.0,71.0,71.1,5.6,0.4907,-0.4484,0.0021,-0.6317,1.51,70.0074,52.2,4,904
GEV261120C00960000,GEV,2026-11-20,58,C,960.0,0.86,951.8,72.1,76.9,74.5,75.9,6.4,0.493,0.5375,0.0021,-0.6226,1.5205,73.5316,45.6,32,89
GEV261120P00960000,GEV,2026-11-20,58,P,960.0,0.86,951.8,72.6,79.6,76.1,76.89,9.2,0.4891,-0.4698,0.0022,-0.6352,1.5179,75.0609,54.3,5,52
GEV261120C00970000,GEV,2026-11-20,58,C,970.0,1.91,951.8,67.2,72.6,69.9,71.4,7.7,0.4919,0.5167,0.0021,-0.625,1.5257,68.9342,43.6,1,24
GEV261120P00970000,GEV,2026-11-20,58,P,970.0,1.91,951.8,79.1,83.8,81.45,84.12,5.8,0.4878,-0.4911,0.0022,-0.6369,1.5221,80.368,56.4,0,7
GEV261120C00980000,GEV,2026-11-20,58,C,980.0,2.96,951.8,63.4,67.7,65.55,66.9,6.6,0.4912,0.496,0.0021,-0.6258,1.5269,64.6024,41.5,6,87
GEV261120P00980000,GEV,2026-11-20,58,P,980.0,2.96,951.8,84.2,90.4,87.3,86.43,7.1,0.4884,-0.5122,0.0022,-0.637,1.5213,86.1693,58.5,2,27
GEV261120C00990000,GEV,2026-11-20,58,C,990.0,4.01,951.8,59.3,63.9,61.6,60.55,7.5,0.4917,0.4755,0.0021,-0.6248,1.524,60.6538,39.5,2,23
GEV261120P00990000,GEV,2026-11-20,58,P,990.0,4.01,951.8,90.5,95.2,92.85,104.75,5.1,0.4856,-0.5332,0.0022,-0.6353,1.5167,91.6602,60.5,0,4
GEV261120C01000000,GEV,2026-11-20,58,C,1000.0,5.06,951.8,55.3,60.7,58.0,58.63,9.3,0.4933,0.4553,0.0021,-0.6223,1.5171,57.0671,37.6,13,242
GEV261120P01000000,GEV,2026-11-20,58,P,1000.0,5.06,951.8,96.2,102.0,99.1,99.5,5.9,0.4861,-0.5538,0.0022,-0.632,1.5076,97.8495,62.5,0,607
GEV261120C01010000,GEV,2026-11-20,58,C,1010.0,6.11,951.8,51.3,56.8,54.05,56.85,10.2,0.4913,0.4355,0.0021,-0.6182,1.5067,53.1322,35.6,0,4
GEV261120P01010000,GEV,2026-11-20,58,P,1010.0,6.11,951.8,103.0,107.7,105.35,118.85,4.5,0.4854,-0.5742,0.0022,-0.6273,1.4942,104.0534,64.5,0,7
GEV261120C01020000,GEV,2026-11-20,58,C,1020.0,7.17,951.8,47.0,53.4,50.2,50.27,12.7,0.4888,0.416,0.0021,-0.6127,1.493,49.3161,33.7,2,54
GEV261120P01020000,GEV,2026-11-20,58,P,1020.0,7.17,951.8,108.7,115.5,112.1,123.64,6.1,0.4866,-0.5942,0.0021,-0.621,1.477,110.7287,66.3,0,9
GEV261120C01040000,GEV,2026-11-20,58,C,1040.0,9.27,951.8,41.8,47.3,44.55,44.01,12.3,0.4938,0.3783,0.002,-0.5978,1.455,43.6898,30.3,2,37
GEV261120P01040000,GEV,2026-11-20,58,P,1040.0,9.27,951.8,122.9,128.0,125.45,130.01,4.1,0.4844,-0.633,0.0021,-0.6045,1.4368,123.9505,69.9,0,5
GEV261120C01050000,GEV,2026-11-20,58,C,1050.0,10.32,951.8,39.8,43.5,41.65,42.47,8.9,0.4941,0.3601,0.002,-0.5885,1.4323,40.8071,28.6,1,86
GEV261120P01050000,GEV,2026-11-20,58,P,1050.0,10.32,951.8,129.4,135.0,132.2,138.0,4.2,0.4818,-0.6517,0.002,-0.5945,1.4097,130.6189,71.7,0,2
GEV261120C01060000,GEV,2026-11-20,58,C,1060.0,11.37,951.8,36.0,41.3,38.65,40.0,13.7,0.4926,0.3425,0.002,-0.5782,1.4069,37.8365,27.0,1,174
GEV261120P01060000,GEV,2026-11-20,58,P,1060.0,11.37,951.8,136.7,142.2,139.45,0.0,3.9,0.4815,-0.6698,0.002,-0.5832,1.3796,137.7852,73.4,0,0
GEV261120C01080000,GEV,2026-11-20,58,C,1080.0,13.47,951.8,31.4,36.0,33.7,32.1,13.6,0.4937,0.3088,0.0019,-0.5548,1.3484,32.9326,23.9,2,21
GEV261120P01080000,GEV,2026-11-20,58,P,1080.0,13.47,951.8,151.4,159.2,155.3,0.0,5.0,0.4876,-0.7046,0.0019,-0.5584,1.3156,153.4814,76.3,0,0
GEV261120C01100000,GEV,2026-11-20,58,C,1100.0,15.57,951.8,27.2,31.2,29.2,28.65,13.7,0.4939,0.2775,0.0018,-0.5285,1.2841,28.4819,21.2,169,125
GEV261120P01100000,GEV,2026-11-20,58,P,1100.0,15.57,951.8,167.0,172.7,169.85,172.4,3.4,0.4788,-0.7371,0.0018,-0.5303,1.2416,167.8226,79.4,0,4
GEV261120C01120000,GEV,2026-11-20,58,C,1120.0,17.67,951.8,21.0,26.0,23.5,24.89,21.3,0.4797,0.2484,0.0017,-0.5,1.2133,22.864,18.1,16,32
GEV261120P01120000,GEV,2026-11-20,58,P,1120.0,17.67,951.8,183.7,188.8,186.25,0.0,2.7,0.4801,-0.7674,0.0018,-0.5009,1.1631,184.0143,81.9,0,0
GEV261120C01140000,GEV,2026-11-20,58,C,1140.0,19.77,951.8,17.6,23.0,20.3,22.3,26.6,0.4816,0.2218,0.0016,-0.4702,1.1407,19.7187,15.8,2,13
GEV261120P01140000,GEV,2026-11-20,58,P,1140.0,19.77,951.8,200.4,205.4,202.9,0.0,2.5,0.4791,-0.7952,0.0016,-0.4693,1.0788,200.4238,84.3,0,0
GEV261120C01150000,GEV,2026-11-20,58,C,1150.0,20.82,951.8,18.8,21.2,20.0,22.53,12.0,0.493,0.2093,0.0015,-0.455,1.1028,19.411,15.2,0,71
GEV261120P01150000,GEV,2026-11-20,58,P,1150.0,20.82,951.8,208.9,214.0,211.45,247.3,2.4,0.479,-0.8083,0.0016,-0.4539,1.034,208.844,85.4,0,2
GEV261120C01160000,GEV,2026-11-20,58,C,1160.0,21.87,951.8,14.7,21.5,18.1,18.45,37.6,0.4891,0.1974,0.0015,-0.4396,1.0648,17.552,14.0,1,15
GEV261120P01160000,GEV,2026-11-20,58,P,1160.0,21.87,951.8,217.3,222.6,219.95,288.27,2.4,0.4773,-0.8209,0.0016,-0.4384,0.9941,217.2085,86.5,0,1
GEV261120C01180000,GEV,2026-11-20,58,C,1180.0,23.98,951.8,12.5,17.2,14.85,15.78,31.6,0.4828,0.1752,0.0014,-0.4089,0.9904,14.3646,11.9,12,57
GEV261120P01180000,GEV,2026-11-20,58,P,1180.0,23.98,951.8,235.1,240.1,237.6,0.0,2.1,0.4771,-0.8443,0.0014,-0.4063,0.9046,234.5619,88.3,0,0
GEV261218C00720000,GEV,2026-12-18,86,C,720.0,-24.35,951.8,248.0,253.0,250.5,199.05,2.0,0.5049,0.9008,0.0007,-0.1912,0.8175,250.3612,85.4,0,19
GEV261218P00720000,GEV,2026-12-18,86,P,720.0,-24.35,951.8,8.9,14.4,11.65,11.87,47.2,0.4998,-0.1005,0.0008,-0.2355,0.8215,11.4063,14.3,2,195
GEV261218C00730000,GEV,2026-12-18,86,C,730.0,-23.3,951.8,238.8,245.7,242.25,230.93,2.8,0.5063,0.8916,0.0008,-0.2076,0.8717,242.0836,84.0,0,16
GEV261218P00730000,GEV,2026-12-18,86,P,730.0,-23.3,951.8,11.9,16.9,14.4,12.9,34.7,0.5142,-0.1098,0.0008,-0.2504,0.8776,14.1167,16.5,0,93
GEV261218C00740000,GEV,2026-12-18,86,C,740.0,-22.25,951.8,230.3,235.4,232.85,231.87,2.2,0.4933,0.8817,0.0008,-0.2242,0.9274,232.6596,83.4,0,30
GEV261218P00740000,GEV,2026-12-18,86,P,740.0,-22.25,951.8,10.6,17.3,13.95,14.4,48.0,0.4905,-0.1198,0.0009,-0.2655,0.9328,13.6708,16.4,3,154
GEV261218C00750000,GEV,2026-12-18,86,C,750.0,-21.2,951.8,222.1,227.6,224.85,223.62,2.4,0.495,0.8712,0.0009,-0.241,0.9832,224.6278,81.9,0,100
GEV261218P00750000,GEV,2026-12-18,86,P,750.0,-21.2,951.8,14.6,20.0,17.3,16.54,31.2,0.5072,-0.1304,0.0009,-0.2808,0.9874,16.9666,18.9,65,1142
GEV261218C00760000,GEV,2026-12-18,86,C,760.0,-20.15,951.8,214.0,221.1,217.55,294.47,3.3,0.5019,0.8602,0.001,-0.2578,1.0389,217.2921,80.0,0,25
GEV261218P00760000,GEV,2026-12-18,86,P,760.0,-20.15,951.8,14.6,22.3,18.45,18.24,41.7,0.4993,-0.1415,0.001,-0.2962,1.0441,18.0974,19.9,7,265
GEV261218C00770000,GEV,2026-12-18,86,C,770.0,-19.1,951.8,206.0,211.4,208.7,167.11,2.6,0.4924,0.8486,0.001,-0.2747,1.0958,208.4242,79.0,0,15
GEV261218P00770000,GEV,2026-12-18,86,P,770.0,-19.1,951.8,17.0,23.5,20.25,21.55,32.1,0.4968,-0.1533,0.001,-0.3116,1.104,19.8724,21.3,1,158
GEV261218C00780000,GEV,2026-12-18,86,C,780.0,-18.05,951.8,198.0,205.4,201.7,155.21,3.7,0.4986,0.8365,0.0011,-0.2914,1.1527,201.3777,77.0,0,34
GEV261218P00780000,GEV,2026-12-18,86,P,780.0,-18.05,951.8,18.1,25.5,21.8,22.28,33.9,0.491,-0.1656,0.0011,-0.3269,1.1584,21.4013,22.5,4,432
GEV261218C00790000,GEV,2026-12-18,86,C,790.0,-17.0,951.8,190.6,195.9,193.25,137.12,2.7,0.4909,0.8238,0.0011,-0.308,1.2081,192.9089,75.9,0,31
GEV261218P00790000,GEV,2026-12-18,86,P,790.0,-17.0,951.8,21.3,26.6,23.95,27.4,22.1,0.4894,-0.1784,0.0011,-0.342,1.2142,23.521,24.0,1,146
GEV261218C00800000,GEV,2026-12-18,86,C,800.0,-15.95,951.8,182.9,188.9,185.9,188.22,3.2,0.4914,0.8106,0.0012,-0.3243,1.2631,185.5373,74.2,0,79
GEV261218P00800000,GEV,2026-12-18,86,P,800.0,-15.95,951.8,25.0,30.6,27.8,26.5,20.1,0.5001,-0.1919,0.0012,-0.357,1.2697,27.3203,26.3,13,434
GEV261218C00810000,GEV,2026-12-18,86,C,810.0,-14.9,951.8,175.6,182.5,179.05,160.0,3.9,0.4943,0.7968,0.0012,-0.3402,1.3179,178.6519,72.3,0,27
GEV261218P00810000,GEV,2026-12-18,86,P,810.0,-14.9,951.8,26.1,30.5,28.3,32.0,15.5,0.4832,-0.2058,0.0012,-0.3716,1.3251,27.8141,27.1,2,123
GEV261218C00820000,GEV,2026-12-18,86,C,820.0,-13.85,951.8,168.0,175.4,171.7,175.25,4.3,0.4921,0.7826,0.0013,-0.3558,1.3708,171.2772,70.7,0,21
GEV261218P00820000,GEV,2026-12-18,86,P,820.0,-13.85,951.8,29.0,35.9,32.45,37.1,21.3,0.493,-0.2203,0.0013,-0.3857,1.3767,31.9074,29.4,0,100
GEV261218C00830000,GEV,2026-12-18,86,C,830.0,-12.8,951.8,161.0,168.4,164.7,123.52,4.5,0.4913,0.7678,0.0013,-0.3708,1.4216,164.2503,69.0,0,42
GEV261218P00830000,GEV,2026-12-18,86,P,830.0,-12.8,951.8,31.0,36.4,33.7,37.51,16.0,0.4804,-0.2352,0.0014,-0.3995,1.4273,33.1351,30.5,1,139
GEV261218C00840000,GEV,2026-12-18,86,C,840.0,-11.75,951.8,156.2,161.9,159.05,117.87,3.6,0.4986,0.7527,0.0014,-0.3853,1.471,158.5768,66.8,0,80
GEV261218P00840000,GEV,2026-12-18,86,P,840.0,-11.75,951.8,36.2,42.0,39.1,38.18,14.8,0.4957,-0.2506,0.0014,-0.4126,1.4809,38.4724,33.1,10,536
GEV261218C00860000,GEV,2026-12-18,86,C,860.0,-9.64,951.8,142.3,148.1,145.2,130.0,4.0,0.492,0.7212,0.0015,-0.4122,1.5632,144.6718,63.5,0,125
GEV261218P00860000,GEV,2026-12-18,86,P,860.0,-9.64,951.8,41.6,47.4,44.5,44.34,13.0,0.4855,-0.2826,0.0015,-0.437,1.5688,43.7955,36.2,6,3354
GEV261218C00880000,GEV,2026-12-18,86,C,880.0,-7.54,951.8,129.2,136.1,132.65,129.71,5.2,0.4898,0.6883,0.0016,-0.4361,1.6443,132.0974,59.9,5,77
GEV261218P00880000,GEV,2026-12-18,86,P,880.0,-7.54,951.8,50.3,55.0,52.65,56.7,8.9,0.4926,-0.316,0.0016,-0.4584,1.6517,52.5008,40.2,1,204
GEV261218C00900000,GEV,2026-12-18,86,C,900.0,-5.44,951.8,119.0,124.6,121.8,123.4,4.6,0.4934,0.6545,0.0016,-0.4565,1.7136,121.2106,56.1,2,226
GEV261218P00900000,GEV,2026-12-18,86,P,900.0,-5.44,951.8,57.2,63.9,60.55,59.7,11.1,0.4858,-0.3506,0.0017,-0.4764,1.7178,59.6721,43.7,0,405
GEV261218C00920000,GEV,2026-12-18,86,C,920.0,-3.34,951.8,108.0,113.5,110.75,115.4,5.0,0.4916,0.6199,0.0017,-0.4731,1.7692,110.1419,52.5,0,203
GEV261218P00920000,GEV,2026-12-18,86,P,920.0,-3.34,951.8,65.8,70.9,68.35,69.5,7.5,0.4783,-0.3859,0.0017,-0.4906,1.7729,67.3699,47.2,5,119
GEV261218C00930000,GEV,2026-12-18,86,C,930.0,-2.29,951.8,102.8,108.3,105.55,106.0,5.2,0.491,0.6025,0.0017,-0.4799,1.792,104.9242,50.7,2,122
GEV261218P00930000,GEV,2026-12-18,86,P,930.0,-2.29,951.8,70.7,77.8,74.25,79.45,9.6,0.4843,-0.4037,0.0018,-0.4963,1.794,73.2053,49.2,3,72
GEV261218C00940000,GEV,2026-12-18,86,C,940.0,-1.24,951.8,97.6,102.0,99.8,95.9,4.4,0.4864,0.585,0.0017,-0.4857,1.8109,99.1612,49.0,1,130
GEV261218P00940000,GEV,2026-12-18,86,P,940.0,-1.24,951.8,76.5,82.4,79.45,78.6,7.4,0.4853,-0.4216,0.0018,-0.5009,1.8119,78.3453,51.0,0,144
GEV261218C00950000,GEV,2026-12-18,86,C,950.0,-0.19,951.8,92.8,97.7,95.25,94.87,5.1,0.4876,0.5675,0.0018,-0.4905,1.8263,94.6148,47.2,5,328
GEV261218P00950000,GEV,2026-12-18,86,P,950.0,-0.19,951.8,81.3,87.7,84.5,84.95,7.6,0.4845,-0.4395,0.0018,-0.5046,1.8258,83.3399,52.8,0,193
GEV261218C00960000,GEV,2026-12-18,86,C,960.0,0.86,951.8,86.7,92.2,89.45,91.5,6.1,0.481,0.55,0.0018,-0.4943,1.8381,88.8199,45.5,12,52
GEV261218P00960000,GEV,2026-12-18,86,P,960.0,0.86,951.8,86.1,91.9,89.0,88.7,6.5,0.4797,-0.4574,0.0018,-0.5073,1.8359,87.7768,54.5,5,89
GEV261218C00970000,GEV,2026-12-18,86,C,970.0,1.91,951.8,82.5,89.3,85.9,83.0,7.9,0.4857,0.5326,0.0018,-0.497,1.8464,85.2637,43.7,0,33
GEV261218P00970000,GEV,2026-12-18,86,P,970.0,1.91,951.8,91.3,97.6,94.45,92.0,6.7,0.4791,-0.4753,0.0018,-0.5089,1.8426,93.1518,56.2,0,291
GEV261218C00980000,GEV,2026-12-18,86,C,980.0,2.96,951.8,79.0,85.0,82.0,82.0,7.3,0.4875,0.5153,0.0018,-0.4988,1.8511,81.3498,42.0,4,49
GEV261218P00980000,GEV,2026-12-18,86,P,980.0,2.96,951.8,97.2,103.2,100.2,100.3,6.0,0.4793,-0.4931,0.0018,-0.5097,1.8461,98.8465,58.0,5,154
GEV261218C00990000,GEV,2026-12-18,86,C,990.0,4.01,951.8,75.9,80.3,78.1,78.7,5.6,0.4885,0.4981,0.0018,-0.4996,1.8525,77.4564,40.3,9,43
GEV261218P00990000,GEV,2026-12-18,86,P,990.0,4.01,951.8,102.3,109.7,106.0,128.4,7.0,0.4788,-0.5108,0.0018,-0.5094,1.8445,104.5821,59.7,0,29
GEV261218C01000000,GEV,2026-12-18,86,C,1000.0,5.06,951.8,71.8,75.0,73.4,74.0,4.4,0.4821,0.4811,0.0018,-0.4996,1.8504,72.3641,38.7,8,260
GEV261218P01000000,GEV,2026-12-18,86,P,1000.0,5.06,951.8,109.1,115.9,112.5,111.5,6.0,0.4811,-0.5283,0.0018,-0.5082,1.8388,110.9997,61.3,1,500
GEV261218C01010000,GEV,2026-12-18,86,C,1010.0,6.11,951.8,65.6,72.1,68.85,70.0,9.4,0.4799,0.4644,0.0018,-0.4985,1.8448,68.2099,37.0,0,57
GEV261218P01010000,GEV,2026-12-18,86,P,1010.0,6.11,951.8,114.9,121.1,118.0,156.4,5.3,0.477,-0.5456,0.0018,-0.5061,1.8319,116.4038,63.0,0,29
GEV261218C01020000,GEV,2026-12-18,86,C,1020.0,7.17,951.8,62.4,69.2,65.8,60.0,10.3,0.4829,0.4478,0.0018,-0.4966,1.8364,65.1671,35.5,0,50
GEV261218P01020000,GEV,2026-12-18,86,P,1020.0,7.17,951.8,120.9,128.2,124.55,170.3,5.9,0.4779,-0.5627,0.0018,-0.5031,1.8215,122.8865,64.6,0,35
GEV261218C01030000,GEV,2026-12-18,86,C,1030.0,8.22,951.8,58.8,65.6,62.2,61.26,10.9,0.482,0.4315,0.0018,-0.4939,1.8253,61.565,33.9,0,75
GEV261218P01030000,GEV,2026-12-18,86,P,1030.0,8.22,951.8,127.4,134.7,131.05,109.43,5.6,0.4776,-0.5795,0.0018,-0.4993,1.8081,129.3056,66.1,0,28
GEV261218C01040000,GEV,2026-12-18,86,C,1040.0,9.27,951.8,56.5,61.7,59.1,53.45,8.8,0.4831,0.4155,0.0017,-0.4904,1.8111,58.4756,32.5,0,65
GEV261218P01040000,GEV,2026-12-18,86,P,1040.0,9.27,951.8,134.6,141.5,138.05,136.8,5.0,0.4791,-0.5961,0.0018,-0.4947,1.7862,136.2007,67.6,32,56
GEV261218C01050000,GEV,2026-12-18,86,C,1050.0,10.32,951.8,52.2,59.0,55.6,55.82,12.2,0.4812,0.3998,0.0017,-0.4862,1.7938,54.9944,31.0,18,209
GEV261218P01050000,GEV,2026-12-18,86,P,1050.0,10.32,951.8,142.2,148.1,145.15,143.5,4.1,0.4804,-0.6124,0.0018,-0.4893,1.7676,143.2026,69.0,2,31
GEV261218C01060000,GEV,2026-12-18,86,C,1060.0,11.37,951.8,50.8,55.9,53.35,48.94,9.6,0.4854,0.3844,0.0017,-0.4812,1.7742,52.7371,29.6,1,22
GEV261218P01060000,GEV,2026-12-18,86,P,1060.0,11.37,951.8,147.8,153.7,150.75,157.9,3.9,0.4723,-0.6283,0.0018,-0.4832,1.7458,148.6902,70.6,0,65
GEV261218C01070000,GEV,2026-12-18,86,C,1070.0,12.42,951.8,46.6,53.0,49.8,52.01,12.9,0.4816,0.3694,0.0017,-0.4756,1.7528,49.208,28.2,0,106
GEV261218P01070000,GEV,2026-12-18,86,P,1070.0,12.42,951.8,154.8,160.8,157.8,162.0,3.8,0.4716,-0.644,0.0018,-0.4764,1.7206,155.6371,72.1,0,8
GEV261218C01080000,GEV,2026-12-18,86,C,1080.0,13.47,951.8,43.6,50.5,47.05,48.2,14.7,0.4815,0.3547,0.0017,-0.4695,1.7293,46.4648,26.9,0,64
GEV261218P01080000,GEV,2026-12-18,86,P,1080.0,13.47,951.8,162.2,168.0,165.1,180.5,3.5,0.4715,-0.6593,0.0017,-0.469,1.692,162.8258,73.4,0,36
GEV261218C01090000,GEV,2026-12-18,86,C,1090.0,14.52,951.8,40.5,47.8,44.15,45.8,16.5,0.4798,0.3404,0.0016,-0.4627,1.7032,43.582,25.5,1,154
GEV261218P01090000,GEV,2026-12-18,86,P,1090.0,14.52,951.8,169.6,175.4,172.5,196.25,3.4,0.4711,-0.6742,0.0017,-0.4611,1.6575,170.0963,74.7,0,11
GEV261218C01100000,GEV,2026-12-18,86,C,1100.0,15.57,951.8,40.1,45.3,42.7,38.5,12.2,0.486,0.3265,0.0016,-0.4555,1.6751,42.1437,24.5,8,451
GEV261218P01100000,GEV,2026-12-18,86,P,1100.0,15.57,951.8,178.1,182.9,180.5,199.1,2.7,0.4737,-0.6888,0.0017,-0.4527,1.6285,177.9899,75.9,0,84
GEV261218C01120000,GEV,2026-12-18,86,C,1120.0,17.67,951.8,35.2,40.6,37.9,38.2,14.2,0.4849,0.2998,0.0016,-0.4396,1.6157,37.3548,22.1,0,304
GEV261218P01120000,GEV,2026-12-18,86,P,1120.0,17.67,951.8,192.7,198.4,195.55,258.5,2.9,0.4706,-0.7168,0.0016,-0.4343,1.5611,192.7771,78.4,0,28
GEV261218C01140000,GEV,2026-12-18,86,C,1140.0,19.77,951.8,29.6,36.6,33.1,30.39,21.1,0.481,0.2747,0.0015,-0.4224,1.5506,32.5989,19.8,1,100
GEV261218P01140000,GEV,2026-12-18,86,P,1140.0,19.77,951.8,209.6,214.4,212.0,267.0,2.3,0.4734,-0.7432,0.0016,-0.4146,1.4788,208.9511,80.5,0,12
GEV261218C01160000,GEV,2026-12-18,86,C,1160.0,21.87,951.8,25.8,33.1,29.45,26.75,24.8,0.4816,0.2512,0.0014,-0.4041,1.4814,28.9667,17.8,1,133
GEV261218P01160000,GEV,2026-12-18,86,P,1160.0,21.87,951.8,225.6,230.8,228.2,250.0,2.3,0.4716,-0.768,0.0015,-0.3937,1.4041,224.8416,82.6,0,34
GEV261218C01180000,GEV,2026-12-18,86,C,1180.0,23.98,951.8,23.2,29.7,26.45,26.2,24.6,0.4843,0.2293,0.0013,-0.385,1.411,25.997,16.1,0,52
GEV261218P01180000,GEV,2026-12-18,86,P,1180.0,23.98,951.8,242.3,249.6,245.95,231.4,3.0,0.4784,-0.7913,0.0014,-0.3723,1.316,242.3151,84.2,0,2
GEV270115C00720000,GEV,2027-01-15,114,C,720.0,-24.35,951.8,255.4,262.8,259.1,261.0,2.9,0.5018,0.883,0.0007,-0.1926,1.0625,258.4356,81.6,0,169
GEV270115P00720000,GEV,2027-01-15,114,P,720.0,-24.35,951.8,15.9,18.6,17.25,16.9,15.7,0.4961,-0.1193,0.0008,-0.2272,1.0677,17.0972,18.1,3,350
GEV270115C00730000,GEV,2027-01-15,114,C,730.0,-23.3,951.8,247.3,254.2,250.75,189.81,2.8,0.4984,0.8736,0.0008,-0.2055,1.1201,250.065,80.5,0,37
GEV270115P00730000,GEV,2027-01-15,114,P,730.0,-23.3,951.8,17.5,19.9,18.7,19.4,12.8,0.4923,-0.1288,0.0008,-0.2391,1.1246,18.5273,19.2,0,189
GEV270115C00740000,GEV,2027-01-15,114,C,740.0,-22.25,951.8,239.2,246.1,242.65,195.4,2.8,0.4963,0.8637,0.0008,-0.2185,1.1781,241.9406,79.2,0,37
GEV270115P00740000,GEV,2027-01-15,114,P,740.0,-22.25,951.8,19.3,21.8,20.55,23.93,12.2,0.4913,-0.1388,0.0008,-0.2511,1.1834,20.3708,20.5,0,260
GEV270115C00750000,GEV,2027-01-15,114,C,750.0,-21.2,951.8,231.2,238.1,234.65,221.74,2.9,0.4941,0.8534,0.0009,-0.2315,1.2372,233.9165,77.9,1,71
GEV270115P00750000,GEV,2027-01-15,114,P,750.0,-21.2,951.8,21.2,23.6,22.4,23.0,10.7,0.4892,-0.1492,0.0009,-0.263,1.2469,22.2058,21.8,3,490
GEV270115C00760000,GEV,2027-01-15,114,C,760.0,-20.15,951.8,222.9,230.3,226.6,241.36,3.3,0.4907,0.8427,0.0009,-0.2444,1.2962,225.8535,76.7,0,45
GEV270115P00760000,GEV,2027-01-15,114,P,760.0,-20.15,951.8,22.2,25.5,23.85,24.42,13.8,0.483,-0.1601,0.0009,-0.2749,1.3029,23.6357,22.8,21,176
GEV270115C00770000,GEV,2027-01-15,114,C,770.0,-19.1,951.8,215.7,221.4,218.55,219.75,2.6,0.4864,0.8315,0.001,-0.2572,1.354,217.7752,75.5,0,67
GEV270115P00770000,GEV,2027-01-15,114,P,770.0,-19.1,951.8,25.3,27.8,26.55,31.3,9.4,0.4856,-0.1715,0.001,-0.2868,1.3597,26.3085,24.5,0,118
GEV270115C00780000,GEV,2027-01-15,114,C,780.0,-18.05,951.8,208.2,215.7,211.95,187.08,3.5,0.4918,0.8198,0.001,-0.2698,1.411,211.1522,73.6,0,49
GEV270115P00780000,GEV,2027-01-15,114,P,780.0,-18.05,951.8,27.9,30.1,29.0,29.5,7.6,0.4852,-0.1833,0.001,-0.2984,1.4176,28.7436,26.0,15,220
GEV270115C00790000,GEV,2027-01-15,114,C,790.0,-17.0,951.8,201.7,207.8,204.75,148.15,3.0,0.4917,0.8078,0.001,-0.2822,1.4682,203.9406,72.1,0,38
GEV270115P00790000,GEV,2027-01-15,114,P,790.0,-17.0,951.8,29.1,33.1,31.1,31.75,12.9,0.4814,-0.1955,0.0011,-0.3099,1.4788,30.8316,27.3,0,523
GEV270115C00800000,GEV,2027-01-15,114,C,800.0,-15.95,951.8,193.8,201.0,197.4,203.0,3.6,0.4896,0.7954,0.0011,-0.2944,1.5243,196.5765,70.7,1,148
GEV270115P00800000,GEV,2027-01-15,114,P,800.0,-15.95,951.8,31.6,36.5,34.05,34.5,14.4,0.4824,-0.2082,0.0011,-0.3211,1.5323,33.7539,28.9,0,2243
GEV270115C00810000,GEV,2027-01-15,114,C,810.0,-14.9,951.8,186.4,193.9,190.15,175.85,3.9,0.4872,0.7826,0.0011,-0.3062,1.5783,189.2973,69.2,0,51
GEV270115P00810000,GEV,2027-01-15,114,P,810.0,-14.9,951.8,34.4,39.5,36.95,43.4,13.8,0.482,-0.2212,0.0012,-0.332,1.5849,36.625,30.5,0,152
GEV270115C00820000,GEV,2027-01-15,114,C,820.0,-13.85,951.8,180.4,186.6,183.5,134.43,3.4,0.4878,0.7694,0.0012,-0.3177,1.6305,182.6374,67.6,0,62
GEV270115P00820000,GEV,2027-01-15,114,P,820.0,-13.85,951.8,38.2,41.7,39.95,39.5,8.8,0.4813,-0.2346,0.0012,-0.3427,1.6377,39.6015,32.1,0,89
GEV270115C00830000,GEV,2027-01-15,114,C,830.0,-12.8,951.8,173.5,179.9,176.7,176.7,3.6,0.4865,0.7559,0.0012,-0.3288,1.6816,175.8237,66.0,2,52
GEV270115P00830000,GEV,2027-01-15,114,P,830.0,-12.8,951.8,41.4,45.4,43.4,43.47,9.2,0.4824,-0.2483,0.0012,-0.3529,1.6928,43.0319,33.7,7,302
GEV270115C00840000,GEV,2027-01-15,114,C,840.0,-11.75,951.8,166.7,172.8,169.75,153.11,3.6,0.4835,0.7421,0.0013,-0.3395,1.731,168.8639,64.6,0,87
GEV270115P00840000,GEV,2027-01-15,114,P,840.0,-11.75,951.8,44.7,48.1,46.4,46.47,7.3,0.4798,-0.2624,0.0013,-0.3627,1.7394,45.9973,35.3,5,116
GEV270115C00850000,GEV,2027-01-15,114,C,850.0,-10.7,951.8,159.3,166.3,162.8,149.55,4.3,0.4797,0.728,0.0013,-0.3496,1.7776,161.8957,63.1,0,228
GEV270115P00850000,GEV,2027-01-15,114,P,850.0,-10.7,951.8,49.0,51.1,50.05,49.84,4.2,0.4801,-0.2768,0.0013,-0.372,1.7843,49.6134,36.9,42,385
GEV270115C00860000,GEV,2027-01-15,114,C,860.0,-9.64,951.8,154.3,160.0,157.15,141.18,3.6,0.4824,0.7137,0.0013,-0.3592,1.8214,156.2362,61.3,0,123
GEV270115P00860000,GEV,2027-01-15,114,P,860.0,-9.64,951.8,52.2,56.5,54.35,54.6,7.9,0.4831,-0.2914,0.0014,-0.3808,1.8283,53.8861,38.7,2,186
GEV270115C00870000,GEV,2027-01-15,114,C,870.0,-8.59,951.8,147.2,153.8,150.5,143.7,4.4,0.4788,0.6991,0.0014,-0.3683,1.8631,149.5926,59.8,0,250
GEV270115P00870000,GEV,2027-01-15,114,P,870.0,-8.59,951.8,56.1,60.3,58.2,57.7,7.2,0.4826,-0.3064,0.0014,-0.3891,1.8737,57.6973,40.3,4,109
GEV270115C00880000,GEV,2027-01-15,114,C,880.0,-7.54,951.8,142.0,147.5,144.75,145.85,3.8,0.4791,0.6843,0.0014,-0.3768,1.9025,143.8237,58.1,3,197
GEV270115P00880000,GEV,2027-01-15,114,P,880.0,-7.54,951.8,58.4,63.1,60.75,61.4,7.7,0.4744,-0.3215,0.0014,-0.3968,1.9099,60.2069,41.7,1,284
GEV270115C00890000,GEV,2027-01-15,114,C,890.0,-6.49,951.8,136.0,142.1,139.05,140.08,4.4,0.4789,0.6694,0.0014,-0.3847,1.9387,138.124,56.5,1,62
GEV270115P00890000,GEV,2027-01-15,114,P,890.0,-6.49,951.8,62.4,68.1,65.25,65.22,8.7,0.4757,-0.3368,0.0014,-0.404,1.9442,64.6557,43.4,0,146
GEV270115C00900000,GEV,2027-01-15,114,C,900.0,-5.44,951.8,131.6,137.3,134.45,135.9,4.2,0.4834,0.6543,0.0014,-0.392,1.9716,133.5109,54.7,2,287
GEV270115P00900000,GEV,2027-01-15,114,P,900.0,-5.44,951.8,68.2,73.2,70.7,69.4,7.1,0.481,-0.3523,0.0015,-0.4105,1.9763,70.0647,45.2,21,504
GEV270115C00910000,GEV,2027-01-15,114,C,910.0,-4.39,951.8,126.1,131.1,128.6,129.63,3.9,0.4808,0.639,0.0015,-0.3986,2.0016,127.6688,53.2,10,57
GEV270115P00910000,GEV,2027-01-15,114,P,910.0,-4.39,951.8,72.0,76.2,74.1,74.9,5.7,0.4751,-0.3679,0.0015,-0.4165,2.0057,73.4324,46.7,2,85
GEV270115C00920000,GEV,2027-01-15,114,C,920.0,-3.34,951.8,119.5,125.8,122.65,117.0,5.1,0.4769,0.6237,0.0015,-0.4046,2.0288,121.7096,51.6,1,61
GEV270115P00920000,GEV,2027-01-15,114,P,920.0,-3.34,951.8,77.0,80.8,78.9,86.72,4.8,0.4754,-0.3837,0.0015,-0.4217,2.0326,78.1838,48.3,0,147
GEV270115C00930000,GEV,2027-01-15,114,C,930.0,-2.29,951.8,116.0,121.5,118.75,120.4,4.6,0.4824,0.6084,0.0015,-0.4099,2.0527,117.816,49.9,0,114
GEV270115P00930000,GEV,2027-01-15,114,P,930.0,-2.29,951.8,81.2,87.3,84.25,94.44,7.2,0.4775,-0.3995,0.0016,-0.4263,2.0549,83.4662,50.0,0,361
GEV270115C00940000,GEV,2027-01-15,114,C,940.0,-1.24,951.8,110.8,115.4,113.1,114.14,4.1,0.4785,0.593,0.0015,-0.4145,2.0733,112.1597,48.4,6,60
GEV270115P00940000,GEV,2027-01-15,114,P,940.0,-1.24,951.8,85.7,90.6,88.15,92.43,5.6,0.4719,-0.4153,0.0016,-0.4303,2.0738,87.3242,51.5,0,367
GEV270115C00950000,GEV,2027-01-15,114,C,950.0,-0.19,951.8,106.0,110.3,108.15,108.99,4.0,0.4773,0.5776,0.0015,-0.4184,2.0906,107.2084,46.8,4,638
GEV270115P00950000,GEV,2027-01-15,114,P,950.0,-0.19,951.8,90.4,96.8,93.6,93.2,6.8,0.473,-0.4312,0.0016,-0.4336,2.0892,92.7171,53.1,5,488
GEV270115C00960000,GEV,2027-01-15,114,C,960.0,0.86,951.8,101.4,106.5,103.95,104.1,4.9,0.479,0.5622,0.0016,-0.4217,2.1047,103.0171,45.3,5,177
GEV270115P00960000,GEV,2027-01-15,114,P,960.0,0.86,951.8,95.9,101.6,98.75,98.6,5.8,0.4719,-0.4471,0.0016,-0.4362,2.1019,97.8079,54.7,2,124
GEV270115C00970000,GEV,2027-01-15,114,C,970.0,1.91,951.8,96.9,101.7,99.3,100.0,4.8,0.4778,0.5469,0.0016,-0.4243,2.1157,98.3704,43.7,0,72
GEV270115P00970000,GEV,2027-01-15,114,P,970.0,1.91,951.8,102.2,107.7,104.95,118.0,5.2,0.475,-0.463,0.0016,-0.4382,2.1106,103.9368,56.2,0,168
GEV270115C00980000,GEV,2027-01-15,114,C,980.0,2.96,951.8,92.3,97.0,94.65,97.75,5.0,0.4759,0.5316,0.0016,-0.4263,2.1235,93.7236,42.2,0,174
GEV270115P00980000,GEV,2027-01-15,114,P,980.0,2.96,951.8,107.8,112.7,110.25,110.0,4.4,0.4731,-0.4787,0.0016,-0.4396,2.1175,109.1637,57.7,0,82
GEV270115C00990000,GEV,2027-01-15,114,C,990.0,4.01,951.8,88.1,92.8,90.45,90.4,5.2,0.4755,0.5165,0.0016,-0.4276,2.1283,89.541,40.8,5,283
GEV270115P00990000,GEV,2027-01-15,114,P,990.0,4.01,951.8,113.7,119.1,116.4,123.6,4.6,0.4745,-0.4944,0.0016,-0.4403,2.1193,115.2376,59.2,0,66
GEV270115C01000000,GEV,2027-01-15,114,C,1000.0,5.06,951.8,84.1,89.0,86.55,87.7,5.7,0.4758,0.5015,0.0016,-0.4282,2.13,85.6525,39.3,6,1062
GEV270115P01000000,GEV,2027-01-15,114,P,1000.0,5.06,951.8,119.8,125.1,122.45,120.01,4.3,0.4748,-0.5101,0.0016,-0.4404,2.1171,121.2248,60.7,0,934
GEV270115C01010000,GEV,2027-01-15,114,C,1010.0,6.11,951.8,80.3,84.5,82.4,83.6,5.1,0.4742,0.4866,0.0016,-0.4283,2.1287,81.5039,37.9,2,67
GEV270115P01010000,GEV,2027-01-15,114,P,1010.0,6.11,951.8,125.7,129.9,127.8,139.48,3.3,0.4709,-0.5255,0.0016,-0.4399,2.1118,126.4648,62.2,0,84
GEV270115C01020000,GEV,2027-01-15,114,C,1020.0,7.17,951.8,76.8,81.9,79.35,79.4,6.4,0.4772,0.4719,0.0016,-0.4278,2.1243,78.4697,36.5,2,58
GEV270115P01020000,GEV,2027-01-15,114,P,1020.0,7.17,951.8,131.7,137.4,134.55,145.59,4.2,0.473,-0.5409,0.0016,-0.4387,2.1054,133.1176,63.6,0,59
GEV270115C01030000,GEV,2027-01-15,114,C,1030.0,8.22,951.8,73.2,78.0,75.6,80.0,6.3,0.4762,0.4574,0.0016,-0.4266,2.1174,74.7252,35.1,0,137
GEV270115P01030000,GEV,2027-01-15,114,P,1030.0,8.22,951.8,138.0,143.7,140.85,139.77,4.0,0.4724,-0.556,0.0016,-0.4371,2.097,139.3365,64.9,0,42
GEV270115C01040000,GEV,2027-01-15,114,C,1040.0,9.27,951.8,69.4,74.0,71.7,67.5,6.4,0.4739,0.443,0.0016,-0.425,2.1081,70.8434,33.7,1,403
GEV270115P01040000,GEV,2027-01-15,114,P,1040.0,9.27,951.8,143.9,151.2,147.55,157.6,4.9,0.473,-0.571,0.0016,-0.4349,2.0823,145.9426,66.3,0,51
GEV270115C01050000,GEV,2027-01-15,114,C,1050.0,10.32,951.8,66.1,72.0,69.05,66.0,8.5,0.4769,0.429,0.0016,-0.4228,2.0962,68.2026,32.5,2,470
GEV270115P01050000,GEV,2027-01-15,114,P,1050.0,10.32,951.8,151.2,157.0,154.1,165.7,3.8,0.4722,-0.5858,0.0016,-0.4322,2.0645,152.3869,67.6,0,308
GEV270115C01060000,GEV,2027-01-15,114,C,1060.0,11.37,951.8,63.2,68.3,65.75,67.83,7.8,0.4762,0.4151,0.0015,-0.4201,2.0814,64.9147,31.2,1,76
GEV270115P01060000,GEV,2027-01-15,114,P,1060.0,11.37,951.8,158.1,162.9,160.5,204.2,3.0,0.47,-0.6004,0.0016,-0.4288,2.0439,158.6723,68.9,0,38
GEV270115C01070000,GEV,2027-01-15,114,C,1070.0,12.42,951.8,59.8,65.3,62.55,56.7,8.8,0.4754,0.4015,0.0015,-0.417,2.0643,61.7324,29.9,0,59
GEV270115P01070000,GEV,2027-01-15,114,P,1070.0,12.42,951.8,165.7,171.6,168.65,209.93,3.5,0.4757,-0.6147,0.0016,-0.4251,2.0245,166.7094,70.1,0,24
GEV270115C01080000,GEV,2027-01-15,114,C,1080.0,13.47,951.8,57.1,61.3,59.2,63.01,7.1,0.4733,0.3881,0.0015,-0.4133,2.0453,58.4099,28.7,0,431
GEV270115P01080000,GEV,2027-01-15,114,P,1080.0,13.47,951.8,172.1,177.6,174.85,223.2,3.1,0.4712,-0.6288,0.0016,-0.4209,2.0041,172.7752,71.4,0,13
GEV270115C01090000,GEV,2027-01-15,114,C,1090.0,14.52,951.8,54.6,59.1,56.85,54.9,7.9,0.4754,0.375,0.0015,-0.4093,2.0247,56.0575,27.6,0,744
GEV270115P01090000,GEV,2027-01-15,114,P,1090.0,14.52,951.8,178.7,184.8,181.75,205.7,3.4,0.4696,-0.6426,0.0016,-0.4163,1.9764,179.5607,72.6,0,108
GEV270115C01100000,GEV,2027-01-15,114,C,1100.0,15.57,951.8,51.9,56.8,54.35,55.0,9.0,0.4764,0.3622,0.0015,-0.4049,2.0022,53.5913,26.4,13,478
GEV270115P01100000,GEV,2027-01-15,114,P,1100.0,15.57,951.8,187.2,192.2,189.7,236.64,2.6,0.4726,-0.6562,0.0016,-0.4113,1.9445,187.3801,73.7,0,207
GEV270115C01110000,GEV,2027-01-15,114,C,1110.0,16.62,951.8,47.6,54.4,51.0,45.65,13.3,0.4724,0.3496,0.0015,-0.4001,1.9775,50.2508,25.2,0,99
GEV270115P01110000,GEV,2027-01-15,114,P,1110.0,16.62,951.8,194.3,200.5,197.4,234.6,3.1,0.4738,-0.6695,0.0016,-0.4058,1.9124,194.9437,74.7,0,18
GEV270115C01120000,GEV,2027-01-15,114,C,1120.0,17.67,951.8,46.9,51.7,49.3,51.1,9.7,0.4763,0.3374,0.0014,-0.395,1.9509,48.565,24.3,2,259
GEV270115P01120000,GEV,2027-01-15,114,P,1120.0,17.67,951.8,203.5,206.8,205.15,204.0,1.6,0.4746,-0.6825,0.0015,-0.4,1.8808,202.5312,75.8,147,452
GEV270115C01130000,GEV,2027-01-15,114,C,1130.0,18.72,951.8,44.7,49.5,47.1,47.82,10.2,0.4772,0.3254,0.0014,-0.3896,1.923,46.3904,23.3,0,80
GEV270115P01130000,GEV,2027-01-15,114,P,1130.0,18.72,951.8,208.9,215.1,212.0,165.86,2.9,0.4701,-0.6952,0.0015,-0.3939,1.8531,209.2111,76.9,0,34
GEV270115C01140000,GEV,2027-01-15,114,C,1140.0,19.77,951.8,42.2,46.2,44.2,43.25,9.0,0.4738,0.3138,0.0014,-0.3839,1.8943,43.5049,22.2,5,59
GEV270115P01140000,GEV,2027-01-15,114,P,1140.0,19.77,951.8,217.1,222.7,219.9,251.0,2.5,0.4706,-0.7077,0.0015,-0.3876,1.8146,216.9534,77.9,0,5
GEV270115C01150000,GEV,2027-01-15,114,C,1150.0,20.82,951.8,39.2,44.6,41.9,39.4,12.9,0.4731,0.3025,0.0014,-0.3779,1.8647,41.2353,21.2,1,102
GEV270115P01150000,GEV,2027-01-15,114,P,1150.0,20.82,951.8,225.2,231.4,228.3,223.05,2.7,0.4734,-0.7198,0.0015,-0.3809,1.7748,225.2127,78.8,0,8
GEV270115C01160000,GEV,2027-01-15,114,C,1160.0,21.87,951.8,38.8,43.5,41.15,40.36,11.4,0.4802,0.2914,0.0014,-0.3718,1.8336,40.4768,20.5,1,135
GEV270115P01160000,GEV,2027-01-15,114,P,1160.0,21.87,951.8,233.0,239.4,236.2,299.0,2.7,0.4728,-0.7317,0.0014,-0.374,1.7305,232.9346,79.8,0,29
GEV270115C01170000,GEV,2027-01-15,114,C,1170.0,22.92,951.8,36.8,39.9,38.35,36.3,8.1,0.4758,0.2807,0.0013,-0.3654,1.8011,37.7157,19.4,2,63
GEV270115P01170000,GEV,2027-01-15,114,P,1170.0,22.92,951.8,241.3,248.0,244.65,228.1,2.7,0.4748,-0.7432,0.0014,-0.3669,1.6907,241.2121,80.6,0,34
GEV270115C01180000,GEV,2027-01-15,114,C,1180.0,23.98,951.8,34.9,38.7,36.8,37.31,10.3,0.4777,0.2702,0.0013,-0.3588,1.7676,36.1714,18.6,1,74
GEV270115P01180000,GEV,2027-01-15,114,P,1180.0,23.98,951.8,249.4,255.6,252.5,237.1,2.5,0.4727,-0.7545,0.0014,-0.3595,1.6576,248.8508,81.5,0,9
GEV270319C00720000,GEV,2027-03-19,177,C,720.0,-24.35,951.8,274.7,282.3,278.5,276.11,2.7,0.5003,0.8512,0.0007,-0.1607,1.5667,276.3781,75.3,0,10
GEV270319P00720000,GEV,2027-03-19,177,P,720.0,-24.35,951.8,29.7,33.1,31.4,46.53,10.8,0.5052,-0.1538,0.0007,-0.218,1.5781,31.5108,25.1,0,68
GEV270319C00730000,GEV,2027-03-19,177,C,730.0,-23.3,951.8,267.0,274.7,270.85,269.65,2.8,0.4982,0.8422,0.0007,-0.1704,1.626,268.7198,74.1,0,5
GEV270319P00730000,GEV,2027-03-19,177,P,730.0,-23.3,951.8,30.8,34.9,32.85,35.3,12.5,0.4986,-0.1629,0.0007,-0.2259,1.6368,32.9608,25.9,5,57
GEV270319C00740000,GEV,2027-03-19,177,C,740.0,-22.25,951.8,260.2,267.0,263.6,203.4,2.6,0.4979,0.833,0.0008,-0.18,1.685,261.4624,72.9,0,21
GEV270319P00740000,GEV,2027-03-19,177,P,740.0,-22.25,951.8,34.8,37.6,36.2,35.9,7.7,0.5031,-0.1723,0.0008,-0.2337,1.6939,36.3206,27.5,1,87
GEV270319C00750000,GEV,2027-03-19,177,C,750.0,-21.2,951.8,253.4,260.0,256.7,239.85,2.6,0.499,0.8235,0.0008,-0.1894,1.7439,254.5713,71.5,0,21
GEV270319P00750000,GEV,2027-03-19,177,P,750.0,-21.2,951.8,36.9,40.2,38.55,43.7,8.6,0.5007,-0.182,0.0008,-0.2414,1.757,38.6595,28.6,0,307
GEV270319C00760000,GEV,2027-03-19,177,C,760.0,-20.15,951.8,245.8,253.1,249.45,228.83,2.9,0.4973,0.8138,0.0008,-0.1987,1.8024,247.3178,70.3,0,9
GEV270319P00760000,GEV,2027-03-19,177,P,760.0,-20.15,951.8,40.2,43.4,41.8,42.5,7.7,0.5028,-0.192,0.0008,-0.2489,1.8161,41.9088,30.0,10,98
GEV270319C00770000,GEV,2027-03-19,177,C,770.0,-19.1,951.8,240.3,246.1,243.2,240.0,2.4,0.5004,0.8038,0.0008,-0.2078,1.8595,241.0649,68.8,0,12
GEV270319P00770000,GEV,2027-03-19,177,P,770.0,-19.1,951.8,41.4,45.9,43.65,66.4,10.3,0.4965,-0.2022,0.0009,-0.2562,1.873,43.7484,31.0,0,65
GEV270319C00780000,GEV,2027-03-19,177,C,780.0,-18.05,951.8,233.1,238.7,235.9,240.11,2.4,0.4972,0.7936,0.0009,-0.2168,1.9147,233.7704,67.6,0,3
GEV270319P00780000,GEV,2027-03-19,177,P,780.0,-18.05,951.8,45.7,50.1,47.9,47.0,9.2,0.5024,-0.2126,0.0009,-0.2634,1.9268,47.9834,32.7,4,79
GEV270319C00790000,GEV,2027-03-19,177,C,790.0,-17.0,951.8,224.7,232.0,228.35,228.47,3.2,0.4922,0.7832,0.0009,-0.2255,1.9686,226.2176,66.6,0,7
GEV270319P00790000,GEV,2027-03-19,177,P,790.0,-17.0,951.8,47.5,51.5,49.5,51.9,8.1,0.4939,-0.2233,0.0009,-0.2704,1.9789,49.5754,33.5,1,84
GEV270319C00800000,GEV,2027-03-19,177,C,800.0,-15.95,951.8,218.8,226.4,222.6,220.9,3.4,0.4957,0.7726,0.0009,-0.234,2.0217,220.459,65.1,0,31
GEV270319P00800000,GEV,2027-03-19,177,P,800.0,-15.95,951.8,50.6,54.9,52.75,53.6,8.2,0.4934,-0.2342,0.0009,-0.2772,2.0356,52.8258,34.8,0,681
GEV270319C00810000,GEV,2027-03-19,177,C,810.0,-14.9,951.8,213.0,219.5,216.25,215.9,3.0,0.4956,0.7618,0.001,-0.2422,2.0736,214.1231,63.7,0,22
GEV270319P00810000,GEV,2027-03-19,177,P,810.0,-14.9,951.8,55.0,59.3,57.15,60.5,7.5,0.4977,-0.2452,0.001,-0.2837,2.088,57.1987,36.4,2,39
GEV270319C00820000,GEV,2027-03-19,177,C,820.0,-13.85,951.8,206.6,212.7,209.65,209.07,2.9,0.4936,0.7508,0.001,-0.2501,2.1236,207.5139,62.5,0,19
GEV270319P00820000,GEV,2027-03-19,177,P,820.0,-13.85,951.8,58.6,61.7,60.15,62.5,5.2,0.4946,-0.2565,0.001,-0.29,2.1374,60.1739,37.6,0,86
GEV270319C00830000,GEV,2027-03-19,177,C,830.0,-12.8,951.8,200.4,207.2,203.8,203.42,3.3,0.4946,0.7397,0.001,-0.2578,2.1711,201.6689,61.1,0,42
GEV270319P00830000,GEV,2027-03-19,177,P,830.0,-12.8,951.8,62.2,65.1,63.65,65.6,4.6,0.4934,-0.268,0.001,-0.2961,2.1835,63.6636,38.9,1,74
GEV270319C00840000,GEV,2027-03-19,177,C,840.0,-11.75,951.8,195.1,199.9,197.5,180.77,2.4,0.493,0.7284,0.001,-0.2652,2.2166,195.3879,59.8,0,16
GEV270319P00840000,GEV,2027-03-19,177,P,840.0,-11.75,951.8,65.0,69.2,67.1,71.7,6.3,0.4914,-0.2796,0.001,-0.3018,2.227,67.0962,40.1,0,164
GEV270319C00850000,GEV,2027-03-19,177,C,850.0,-10.7,951.8,188.4,194.3,191.35,192.65,3.1,0.4915,0.717,0.001,-0.2723,2.2604,189.2466,58.6,15,29
GEV270319P00850000,GEV,2027-03-19,177,P,850.0,-10.7,951.8,68.8,74.5,71.65,72.0,8.0,0.4938,-0.2913,0.0011,-0.3073,2.2737,71.6383,41.5,3,116
GEV270319C00860000,GEV,2027-03-19,177,C,860.0,-9.64,951.8,182.6,188.1,185.35,186.7,3.0,0.4902,0.7055,0.0011,-0.279,2.3026,183.2699,57.3,15,32
GEV270319P00860000,GEV,2027-03-19,177,P,860.0,-9.64,951.8,72.8,78.1,75.45,103.06,7.0,0.4922,-0.3032,0.0011,-0.3124,2.315,75.4099,42.8,0,115
GEV270319C00870000,GEV,2027-03-19,177,C,870.0,-8.59,951.8,177.8,182.5,180.15,168.38,2.6,0.4917,0.6939,0.0011,-0.2855,2.3424,178.0699,55.9,0,134
GEV270319P00870000,GEV,2027-03-19,177,P,870.0,-8.59,951.8,77.5,80.9,79.2,78.5,4.3,0.4898,-0.3152,0.0011,-0.3172,2.3539,79.1115,44.0,2,24
GEV270319C00880000,GEV,2027-03-19,177,C,880.0,-7.54,951.8,172.2,176.9,174.55,168.0,2.7,0.491,0.6822,0.0011,-0.2916,2.3797,172.4875,54.6,0,131
GEV270319P00880000,GEV,2027-03-19,177,P,880.0,-7.54,951.8,81.2,85.5,83.35,95.1,5.2,0.4887,-0.3273,0.0011,-0.3218,2.3897,83.2346,45.3,0,122
GEV270319C00890000,GEV,2027-03-19,177,C,890.0,-6.49,951.8,165.2,173.0,169.1,138.5,4.6,0.4904,0.6704,0.0011,-0.2973,2.4144,167.0534,53.3,0,37
GEV270319P00890000,GEV,2027-03-19,177,P,890.0,-6.49,951.8,86.1,91.5,88.8,101.92,6.1,0.4924,-0.3396,0.0012,-0.3259,2.4227,88.6395,46.8,0,45
GEV270319C00900000,GEV,2027-03-19,177,C,900.0,-5.44,951.8,161.5,166.0,163.75,172.72,2.7,0.4897,0.6585,0.0011,-0.3027,2.4469,161.719,52.0,0,101
GEV270319P00900000,GEV,2027-03-19,177,P,900.0,-5.44,951.8,91.5,94.4,92.95,93.6,3.1,0.4902,-0.3518,0.0012,-0.3298,2.4556,92.7521,48.0,9,525
GEV270319C00910000,GEV,2027-03-19,177,C,910.0,-4.39,951.8,155.5,162.2,158.85,118.0,4.2,0.4903,0.6466,0.0012,-0.3078,2.4773,156.8298,50.7,0,12
GEV270319P00910000,GEV,2027-03-19,177,P,910.0,-4.39,951.8,95.5,99.5,97.5,96.7,4.1,0.4892,-0.3641,0.0012,-0.3333,2.4848,97.2757,49.3,1,25
GEV270319C00920000,GEV,2027-03-19,177,C,920.0,-3.34,951.8,151.3,157.1,154.2,151.23,3.8,0.4914,0.6347,0.0012,-0.3125,2.5053,152.1953,49.4,0,27
GEV270319P00920000,GEV,2027-03-19,177,P,920.0,-3.34,951.8,101.5,104.7,103.1,102.1,3.1,0.4918,-0.3765,0.0012,-0.3365,2.5109,102.8221,50.6,3,21
GEV270319C00930000,GEV,2027-03-19,177,C,930.0,-2.29,951.8,144.9,150.7,147.8,139.3,3.9,0.4851,0.6228,0.0012,-0.3168,2.5308,145.8176,48.3,5,275
GEV270319P00930000,GEV,2027-03-19,177,P,930.0,-2.29,951.8,104.3,111.7,108.0,107.3,6.9,0.491,-0.389,0.0012,-0.3393,2.5341,107.6455,51.9,7,84
GEV270319C00940000,GEV,2027-03-19,177,C,940.0,-1.24,951.8,139.4,146.5,142.95,134.4,5.0,0.4845,0.6108,0.0012,-0.3208,2.5537,140.9901,47.0,0,250
GEV270319P00940000,GEV,2027-03-19,177,P,940.0,-1.24,951.8,109.4,115.7,112.55,111.1,5.6,0.4885,-0.4014,0.0012,-0.3418,2.5552,112.154,53.0,0,106
GEV270319C00950000,GEV,2027-03-19,177,C,950.0,-0.19,951.8,137.1,142.0,139.55,144.79,3.5,0.489,0.5989,0.0012,-0.3244,2.5741,137.5958,45.7,0,65
GEV270319P00950000,GEV,2027-03-19,177,P,950.0,-0.19,951.8,115.5,120.5,118.0,117.34,4.2,0.489,-0.4139,0.0012,-0.344,2.5744,117.546,54.3,11,102
GEV270319C00960000,GEV,2027-03-19,177,C,960.0,0.86,951.8,130.8,138.5,134.65,138.0,5.7,0.4873,0.587,0.0012,-0.3277,2.5921,132.732,44.5,0,26
GEV270319P00960000,GEV,2027-03-19,177,P,960.0,0.86,951.8,120.3,126.3,123.3,121.7,4.9,0.4885,-0.4263,0.0013,-0.3458,2.5894,122.801,55.5,1,63
GEV270319C00970000,GEV,2027-03-19,177,C,970.0,1.91,951.8,128.1,132.9,130.5,134.3,3.7,0.488,0.5751,0.0012,-0.3306,2.6077,128.6071,43.3,0,37
GEV270319P00970000,GEV,2027-03-19,177,P,970.0,1.91,951.8,125.3,131.9,128.6,135.4,5.1,0.4874,-0.4387,0.0013,-0.3472,2.603,128.0167,56.7,0,38
GEV270319C00980000,GEV,2027-03-19,177,C,980.0,2.96,951.8,122.1,129.7,125.9,129.5,6.0,0.4865,0.5633,0.0012,-0.3332,2.6209,124.0251,42.1,0,20
GEV270319P00980000,GEV,2027-03-19,177,P,980.0,2.96,951.8,130.9,136.9,133.9,134.4,4.5,0.4859,-0.4511,0.0013,-0.3484,2.6133,133.2419,57.9,1,41
GEV270319C00990000,GEV,2027-03-19,177,C,990.0,4.01,951.8,119.6,124.2,121.9,123.9,3.8,0.4869,0.5515,0.0012,-0.3354,2.6318,120.0547,41.0,2,21
GEV270319P00990000,GEV,2027-03-19,177,P,990.0,4.01,951.8,137.2,142.7,139.95,139.1,3.9,0.4868,-0.4635,0.0013,-0.3492,2.6199,139.2101,59.0,2,19
GEV270319C01000000,GEV,2027-03-19,177,C,1000.0,5.06,951.8,115.5,120.9,118.2,117.76,4.6,0.488,0.5398,0.0012,-0.3372,2.6403,116.383,39.8,2,392
GEV270319P01000000,GEV,2027-03-19,177,P,1000.0,5.06,951.8,142.5,149.1,145.8,157.4,4.5,0.4865,-0.4758,0.0013,-0.3497,2.6263,144.9773,60.2,0,183
GEV270319C01010000,GEV,2027-03-19,177,C,1010.0,6.11,951.8,111.2,116.6,113.9,116.8,4.7,0.4864,0.5282,0.0012,-0.3388,2.6466,112.111,38.7,0,38
GEV270319P01010000,GEV,2027-03-19,177,P,1010.0,6.11,951.8,149.4,153.6,151.5,151.9,2.8,0.4852,-0.4881,0.0013,-0.3498,2.6318,150.5917,61.3,2,27
GEV270319C01020000,GEV,2027-03-19,177,C,1020.0,7.17,951.8,107.7,112.5,110.1,109.7,4.4,0.4862,0.5167,0.0012,-0.34,2.6506,108.3177,37.6,2,17
GEV270319P01020000,GEV,2027-03-19,177,P,1020.0,7.17,951.8,154.4,159.6,157.0,158.7,3.3,0.4827,-0.5003,0.0013,-0.3497,2.6277,155.9979,62.4,1,33
GEV270319C01030000,GEV,2027-03-19,177,C,1030.0,8.22,951.8,103.4,108.4,105.9,106.1,4.7,0.4842,0.5053,0.0012,-0.3409,2.6523,104.1561,36.5,1,101
GEV270319P01030000,GEV,2027-03-19,177,P,1030.0,8.22,951.8,160.6,167.0,163.8,164.9,3.9,0.4847,-0.5124,0.0013,-0.3492,2.6267,162.7016,63.5,5,68
GEV270319C01040000,GEV,2027-03-19,177,C,1040.0,9.27,951.8,100.4,105.9,103.15,102.4,5.3,0.4872,0.4939,0.0012,-0.3415,2.6518,101.4221,35.4,1,34
GEV270319P01040000,GEV,2027-03-19,177,P,1040.0,9.27,951.8,168.4,173.8,171.1,187.1,3.2,0.4881,-0.5244,0.0013,-0.3485,2.6219,169.8812,64.6,0,11
GEV270319C01050000,GEV,2027-03-19,177,C,1050.0,10.32,951.8,97.8,101.1,99.45,105.0,3.3,0.4863,0.4827,0.0012,-0.3418,2.6492,97.7608,34.4,0,266
GEV270319P01050000,GEV,2027-03-19,177,P,1050.0,10.32,951.8,174.2,180.5,177.35,176.0,3.6,0.4872,-0.5363,0.0013,-0.3474,2.6113,176.0274,65.6,0,19
GEV270319C01060000,GEV,2027-03-19,177,C,1060.0,11.37,951.8,94.5,98.7,96.6,98.3,4.3,0.4882,0.4716,0.0012,-0.3418,2.6448,94.9391,33.4,3,25
GEV270319P01060000,GEV,2027-03-19,177,P,1060.0,11.37,951.8,179.7,185.7,182.7,203.7,3.3,0.4823,-0.5481,0.0013,-0.3461,2.604,181.2227,66.7,0,40
GEV270319C01070000,GEV,2027-03-19,177,C,1070.0,12.42,951.8,90.3,96.1,93.2,94.5,6.2,0.4876,0.4607,0.0012,-0.3416,2.6387,91.5575,32.4,3,26
GEV270319P01070000,GEV,2027-03-19,177,P,1070.0,12.42,951.8,186.6,193.6,190.1,231.17,3.7,0.485,-0.5598,0.0013,-0.3446,2.5976,188.5198,67.7,0,13
GEV270319C01080000,GEV,2027-03-19,177,C,1080.0,13.47,951.8,87.3,92.1,89.7,91.8,5.4,0.4863,0.4499,0.0012,-0.341,2.6307,88.0908,31.4,1,40
GEV270319P01080000,GEV,2027-03-19,177,P,1080.0,13.47,951.8,193.4,200.4,196.9,203.3,3.6,0.485,-0.5714,0.0013,-0.3428,2.5822,195.2036,68.6,0,21
GEV270319C01090000,GEV,2027-03-19,177,C,1090.0,14.52,951.8,84.4,89.8,87.1,86.4,6.2,0.4881,0.4392,0.0012,-0.3402,2.6207,85.5294,30.4,1,26
GEV270319P01090000,GEV,2027-03-19,177,P,1090.0,14.52,951.8,201.1,206.8,203.95,245.75,2.8,0.4855,-0.5828,0.0013,-0.3406,2.5644,202.1129,69.6,0,20
GEV270319C01100000,GEV,2027-03-19,177,C,1100.0,15.57,951.8,81.6,85.9,83.75,84.1,5.1,0.4866,0.4287,0.0012,-0.3392,2.6087,82.201,29.5,37,409
GEV270319P01100000,GEV,2027-03-19,177,P,1100.0,15.57,951.8,208.8,213.3,211.05,219.1,2.1,0.4858,-0.5941,0.0013,-0.3383,2.5439,209.0623,70.5,0,102
GEV270319C01120000,GEV,2027-03-19,177,C,1120.0,17.67,951.8,75.7,80.7,78.2,79.6,6.4,0.487,0.4081,0.0012,-0.3364,2.5798,76.6982,27.7,21,73
GEV270319P01120000,GEV,2027-03-19,177,P,1120.0,17.67,951.8,223.1,227.5,225.3,277.49,2.0,0.4854,-0.6163,0.0013,-0.3328,2.5009,222.973,72.3,0,35
GEV270319C01140000,GEV,2027-03-19,177,C,1140.0,19.77,951.8,70.3,75.2,72.75,73.8,6.7,0.4865,0.3882,0.0012,-0.3327,2.5462,71.3113,26.0,1,174
GEV270319P01140000,GEV,2027-03-19,177,P,1140.0,19.77,951.8,236.4,243.1,239.75,252.2,2.8,0.4844,-0.638,0.0013,-0.3266,2.4634,237.0819,74.1,0,20
GEV270319C01160000,GEV,2027-03-19,177,C,1160.0,21.87,951.8,65.3,70.6,67.95,67.9,7.8,0.4873,0.3689,0.0012,-0.3283,2.5069,66.5802,24.3,1,113
GEV270319P01160000,GEV,2027-03-19,177,P,1160.0,21.87,951.8,251.5,257.7,254.6,279.14,2.4,0.4836,-0.659,0.0013,-0.3195,2.4013,251.5789,75.7,0,11
GEV270319C01180000,GEV,2027-03-19,177,C,1180.0,23.98,951.8,60.7,64.7,62.7,64.6,6.4,0.485,0.3503,0.0011,-0.3232,2.4617,61.3999,22.7,0,25
GEV270319P01180000,GEV,2027-03-19,177,P,1180.0,23.98,951.8,267.7,273.0,270.35,293.8,2.0,0.485,-0.6793,0.0013,-0.3118,2.3358,266.9317,77.3,0,8
GEV270416C00720000,GEV,2027-04-16,205,C,720.0,-24.35,951.8,283.6,290.4,287.0,228.02,2.4,0.5042,0.8425,0.0007,-0.1592,1.7461,284.7113,72.9,0,2
GEV270416P00720000,GEV,2027-04-16,205,P,720.0,-24.35,951.8,32.5,41.1,36.8,36.67,23.4,0.5042,-0.1631,0.0007,-0.2105,1.7598,36.9163,27.1,12,25
GEV270416C00740000,GEV,2027-04-16,205,C,740.0,-22.25,951.8,269.2,276.1,272.65,0.0,2.5,0.5023,0.8249,0.0007,-0.1759,1.8659,270.3431,70.5,0,0
GEV270416P00740000,GEV,2027-04-16,205,P,740.0,-22.25,951.8,38.7,46.2,42.45,42.08,17.7,0.5047,-0.1811,0.0007,-0.2242,1.8845,42.553,29.6,2,2
GEV270416C00760000,GEV,2027-04-16,205,C,760.0,-20.15,951.8,255.5,262.2,258.85,0.0,2.6,0.501,0.8065,0.0008,-0.1919,1.9831,256.5321,68.1,0,0
GEV270416P00760000,GEV,2027-04-16,205,P,760.0,-20.15,951.8,45.5,52.0,48.75,48.4,13.3,0.5059,-0.2,0.0008,-0.2373,1.9994,48.8245,32.2,1,48
GEV270416C00780000,GEV,2027-04-16,205,C,780.0,-18.05,951.8,242.0,248.7,245.35,242.54,2.7,0.499,0.7873,0.0008,-0.2074,2.0941,243.0327,65.7,0,3
GEV270416P00780000,GEV,2027-04-16,205,P,780.0,-18.05,951.8,50.0,55.0,52.5,71.4,9.5,0.4926,-0.2197,0.0008,-0.2498,2.1128,52.5633,33.9,0,1
GEV270416C00800000,GEV,2027-04-16,205,C,800.0,-15.95,951.8,229.2,234.8,232.0,230.2,2.4,0.4956,0.7674,0.0009,-0.2221,2.2012,229.6726,63.4,0,4
GEV270416P00800000,GEV,2027-04-16,205,P,800.0,-15.95,951.8,56.1,64.7,60.4,60.05,14.2,0.497,-0.2402,0.0009,-0.2616,2.2203,60.4093,36.7,0,40
GEV270416C00820000,GEV,2027-04-16,205,C,820.0,-13.85,951.8,216.0,223.5,219.75,170.5,3.4,0.4953,0.7469,0.0009,-0.2359,2.3016,217.4517,60.9,0,1
GEV270416P00820000,GEV,2027-04-16,205,P,820.0,-13.85,951.8,64.0,70.5,67.25,73.1,9.7,0.4944,-0.2613,0.0009,-0.2726,2.3179,67.2276,39.1,0,73
GEV270416C00840000,GEV,2027-04-16,205,C,840.0,-11.75,951.8,204.4,211.3,207.85,201.52,3.3,0.4943,0.726,0.001,-0.2488,2.3939,205.5501,58.4,0,16
GEV270416P00840000,GEV,2027-04-16,205,P,840.0,-11.75,951.8,72.0,77.9,74.95,83.5,7.9,0.4934,-0.283,0.001,-0.2828,2.4113,74.8733,41.5,0,16
GEV270416C00850000,GEV,2027-04-16,205,C,850.0,-10.7,951.8,198.9,204.5,201.7,195.72,2.8,0.4923,0.7153,0.001,-0.2548,2.4377,199.41,57.3,0,25
GEV270416P00850000,GEV,2027-04-16,205,P,850.0,-10.7,951.8,75.0,81.9,78.45,78.88,8.8,0.4907,-0.294,0.001,-0.2875,2.4552,78.3361,42.7,2,45
GEV270416C00860000,GEV,2027-04-16,205,C,860.0,-9.64,951.8,193.2,199.7,196.45,197.42,3.3,0.4935,0.7046,0.001,-0.2606,2.4797,194.1704,56.0,2,19
GEV270416P00860000,GEV,2027-04-16,205,P,860.0,-9.64,951.8,79.1,86.0,82.55,85.21,8.4,0.49,-0.3051,0.001,-0.2919,2.4951,82.3954,43.9,0,20
GEV270416C00870000,GEV,2027-04-16,205,C,870.0,-8.59,951.8,188.0,194.2,191.1,143.39,3.2,0.4938,0.6938,0.001,-0.2661,2.5194,188.8346,54.7,0,2
GEV270416P00870000,GEV,2027-04-16,205,P,870.0,-8.59,951.8,83.6,90.3,86.95,87.23,7.7,0.49,-0.3163,0.001,-0.2961,2.5338,86.7478,45.1,5,21
GEV270416C00880000,GEV,2027-04-16,205,C,880.0,-7.54,951.8,182.5,188.7,185.6,139.45,3.3,0.493,0.6829,0.001,-0.2714,2.5566,183.3395,53.5,0,2
GEV270416P00880000,GEV,2027-04-16,205,P,880.0,-7.54,951.8,89.7,94.6,92.15,91.48,5.3,0.4927,-0.3276,0.0011,-0.3,2.5695,91.9132,46.5,2,28
GEV270416C00890000,GEV,2027-04-16,205,C,890.0,-6.49,951.8,176.8,183.4,180.1,137.1,3.7,0.4918,0.6719,0.001,-0.2763,2.5916,177.8542,52.3,0,9
GEV270416P00890000,GEV,2027-04-16,205,P,890.0,-6.49,951.8,92.3,99.2,95.75,101.8,7.2,0.4887,-0.339,0.0011,-0.3037,2.6045,95.4775,47.5,0,25
GEV270416C00900000,GEV,2027-04-16,205,C,900.0,-5.44,951.8,172.0,178.3,175.15,162.0,3.6,0.4923,0.661,0.001,-0.281,2.6245,172.9267,51.1,0,26
GEV270416P00900000,GEV,2027-04-16,205,P,900.0,-5.44,951.8,97.0,103.8,100.4,130.3,6.8,0.4883,-0.3504,0.0011,-0.3071,2.6365,100.081,48.8,0,64
GEV270416C00910000,GEV,2027-04-16,205,C,910.0,-4.39,951.8,166.0,173.2,169.6,174.0,4.2,0.4901,0.6499,0.0011,-0.2854,2.6554,167.4014,50.0,0,3
GEV270416P00910000,GEV,2027-04-16,205,P,910.0,-4.39,951.8,102.1,110.0,106.05,0.0,7.4,0.4912,-0.3619,0.0011,-0.3103,2.6664,105.6782,50.0,0,0
GEV270416C00920000,GEV,2027-04-16,205,C,920.0,-3.34,951.8,161.8,168.2,165.0,132.0,3.9,0.491,0.6389,0.0011,-0.2895,2.6841,162.8134,48.8,0,9
GEV270416P00920000,GEV,2027-04-16,205,P,920.0,-3.34,951.8,107.0,114.8,110.9,131.2,7.0,0.4906,-0.3735,0.0011,-0.3131,2.6924,110.4678,51.2,0,4
GEV270416C00930000,GEV,2027-04-16,205,C,930.0,-2.29,951.8,156.9,163.3,160.1,148.5,4.0,0.4904,0.6279,0.0011,-0.2934,2.7105,157.9383,47.6,0,14
GEV270416P00930000,GEV,2027-04-16,205,P,930.0,-2.29,951.8,112.5,118.3,115.4,132.7,5.0,0.4883,-0.385,0.0011,-0.3157,2.7166,114.9081,52.3,0,12
GEV270416C00940000,GEV,2027-04-16,205,C,940.0,-1.24,951.8,151.9,158.6,155.25,135.0,4.3,0.4896,0.6168,0.0011,-0.2969,2.7344,153.1194,46.5,0,3
GEV270416P00940000,GEV,2027-04-16,205,P,940.0,-1.24,951.8,117.0,124.2,120.6,137.0,6.0,0.4881,-0.3966,0.0011,-0.318,2.7381,120.0264,53.5,0,1
GEV270416C00950000,GEV,2027-04-16,205,C,950.0,-0.19,951.8,147.3,153.8,150.55,118.9,4.3,0.4889,0.6058,0.0011,-0.3001,2.756,148.4372,45.4,0,62
GEV270416P00950000,GEV,2027-04-16,205,P,950.0,-0.19,951.8,122.0,128.6,125.3,150.0,5.3,0.4858,-0.4081,0.0012,-0.32,2.758,124.6775,54.6,0,2
GEV270416C00960000,GEV,2027-04-16,205,C,960.0,0.86,951.8,142.0,148.2,145.1,150.15,4.3,0.4851,0.5948,0.0011,-0.3031,2.7754,143.0026,44.3,0,11
GEV270416P00960000,GEV,2027-04-16,205,P,960.0,0.86,951.8,127.0,133.9,130.45,148.8,5.3,0.4846,-0.4197,0.0012,-0.3218,2.7746,129.737,55.7,0,5
GEV270416C00970000,GEV,2027-04-16,205,C,970.0,1.91,951.8,138.0,145.0,141.5,153.4,4.9,0.4876,0.5838,0.0011,-0.3058,2.7926,139.4253,43.1,0,1
GEV270416P00970000,GEV,2027-04-16,205,P,970.0,1.91,951.8,133.0,140.4,136.7,0.0,5.4,0.487,-0.4313,0.0012,-0.3233,2.7891,135.9088,56.9,0,0
GEV270416C00980000,GEV,2027-04-16,205,C,980.0,2.96,951.8,133.7,139.9,136.8,150.0,4.5,0.4858,0.5728,0.0011,-0.3082,2.8075,134.7566,42.1,0,1
GEV270416P00980000,GEV,2027-04-16,205,P,980.0,2.96,951.8,138.0,146.0,142.0,160.45,5.6,0.4856,-0.4428,0.0012,-0.3245,2.8015,141.1295,57.9,0,3
GEV270416C00990000,GEV,2027-04-16,205,C,990.0,4.01,951.8,129.0,135.8,132.4,133.77,5.1,0.4846,0.5619,0.0011,-0.3103,2.8203,130.3596,41.0,0,2
GEV270416P00990000,GEV,2027-04-16,205,P,990.0,4.01,951.8,144.0,151.6,147.8,171.43,5.1,0.4856,-0.4543,0.0012,-0.3255,2.8112,146.8485,59.0,0,4
GEV270416C01000000,GEV,2027-04-16,205,C,1000.0,5.06,951.8,125.7,132.5,129.1,130.0,5.3,0.487,0.5511,0.0011,-0.3122,2.8309,127.0843,39.9,0,15
GEV270416P01000000,GEV,2027-04-16,205,P,1000.0,5.06,951.8,150.0,158.2,154.1,170.99,5.3,0.4869,-0.4657,0.0012,-0.3262,2.8186,153.0407,60.1,0,3
GEV270416C01010000,GEV,2027-04-16,205,C,1010.0,6.11,951.8,121.0,128.6,124.8,127.26,6.1,0.4855,0.5404,0.0011,-0.3138,2.8394,122.8102,38.8,0,6
GEV270416P01010000,GEV,2027-04-16,205,P,1010.0,6.11,951.8,156.0,163.5,159.75,181.5,4.7,0.4856,-0.4771,0.0012,-0.3266,2.8241,158.6011,61.2,0,1
GEV270416C01020000,GEV,2027-04-16,205,C,1020.0,7.17,951.8,117.9,124.8,121.35,124.63,5.7,0.4867,0.5296,0.0011,-0.3151,2.8458,119.4034,37.8,0,3
GEV270416P01020000,GEV,2027-04-16,205,P,1020.0,7.17,951.8,162.0,169.7,165.85,187.8,4.6,0.4854,-0.4885,0.0012,-0.3268,2.824,164.5744,62.2,0,2
GEV270416C01030000,GEV,2027-04-16,205,C,1030.0,8.22,951.8,114.1,121.1,117.6,120.42,6.0,0.4864,0.519,0.0012,-0.3162,2.8502,115.6709,36.8,0,6
GEV270416P01030000,GEV,2027-04-16,205,P,1030.0,8.22,951.8,168.0,175.8,171.9,172.34,4.5,0.4848,-0.4998,0.0012,-0.3268,2.8245,170.534,63.2,0,3
GEV270416C01040000,GEV,2027-04-16,205,C,1040.0,9.27,951.8,109.2,116.6,112.9,103.8,6.6,0.4825,0.5085,0.0012,-0.317,2.8523,111.0119,35.8,0,2
GEV270416P01040000,GEV,2027-04-16,205,P,1040.0,9.27,951.8,175.0,182.3,178.65,182.79,4.1,0.4862,-0.511,0.0012,-0.3265,2.8203,177.1609,64.2,0,5
GEV270416C01050000,GEV,2027-04-16,205,C,1050.0,10.32,951.8,106.0,114.0,110.0,102.1,7.3,0.4845,0.4981,0.0012,-0.3176,2.8525,108.1284,34.8,0,1
GEV270416P01050000,GEV,2027-04-16,205,P,1050.0,10.32,951.8,181.0,188.8,184.9,190.3,4.2,0.4855,-0.5221,0.0012,-0.326,2.8186,183.2868,65.2,0,1
GEV270416C01060000,GEV,2027-04-16,205,C,1060.0,11.37,951.8,103.0,110.7,106.85,83.0,7.2,0.4853,0.4878,0.0012,-0.3179,2.8508,104.9978,33.9,0,2
GEV270416P01060000,GEV,2027-04-16,205,P,1060.0,11.37,951.8,187.0,194.1,190.55,214.29,3.7,0.4823,-0.5332,0.0012,-0.3253,2.8123,188.7972,66.1,0,4
GEV270416C01070000,GEV,2027-04-16,205,C,1070.0,12.42,951.8,100.0,107.4,103.7,0.0,7.1,0.4858,0.4775,0.0012,-0.318,2.8474,101.8744,32.9,0,0
GEV270416P01070000,GEV,2027-04-16,205,P,1070.0,12.42,951.8,194.0,201.9,197.95,234.85,4.0,0.4849,-0.5441,0.0012,-0.3243,2.8034,196.0487,67.1,0,1
GEV270416C01080000,GEV,2027-04-16,205,C,1080.0,13.47,951.8,97.6,104.2,100.9,104.13,6.5,0.4872,0.4674,0.0011,-0.3179,2.8425,99.096,32.0,0,15
GEV270416P01080000,GEV,2027-04-16,205,P,1080.0,13.47,951.8,201.0,208.6,204.8,0.0,3.7,0.4853,-0.555,0.0012,-0.3231,2.7949,202.7657,68.0,0,0
GEV270416C01090000,GEV,2027-04-16,205,C,1090.0,14.52,951.8,94.8,101.4,98.1,0.0,6.7,0.4884,0.4574,0.0011,-0.3175,2.8359,96.3478,31.1,0,0
GEV270416P01090000,GEV,2027-04-16,205,P,1090.0,14.52,951.8,208.0,215.7,211.85,0.0,3.6,0.4861,-0.5658,0.0012,-0.3218,2.7773,209.6839,68.9,0,0
GEV270416C01100000,GEV,2027-04-16,205,C,1100.0,15.57,951.8,91.4,98.1,94.75,106.82,7.1,0.4872,0.4476,0.0011,-0.317,2.8274,93.0089,30.2,0,10
GEV270416P01100000,GEV,2027-04-16,205,P,1100.0,15.57,951.8,215.0,222.5,218.75,0.0,3.4,0.4859,-0.5765,0.0012,-0.3203,2.762,216.4065,69.8,0,0
GEV270416C01110000,GEV,2027-04-16,205,C,1110.0,16.62,951.8,87.0,95.5,91.25,65.02,9.3,0.4853,0.4378,0.0011,-0.3163,2.817,89.5616,29.4,0,9
GEV270416P01110000,GEV,2027-04-16,205,P,1110.0,16.62,951.8,222.0,229.2,225.6,234.97,3.2,0.4853,-0.587,0.0012,-0.3185,2.7427,223.1027,70.6,0,1
GEV270416C01120000,GEV,2027-04-16,205,C,1120.0,17.67,951.8,85.6,92.4,89.0,73.35,7.6,0.4874,0.4282,0.0011,-0.3153,2.805,87.3175,28.5,0,24
GEV270416P01120000,GEV,2027-04-16,205,P,1120.0,17.67,951.8,229.0,236.8,232.9,0.0,3.3,0.4859,-0.5974,0.0012,-0.3166,2.7283,230.2182,71.5,0,0
GEV270416C01130000,GEV,2027-04-16,205,C,1130.0,18.72,951.8,82.0,89.6,85.8,93.1,8.9,0.4859,0.4187,0.0011,-0.3142,2.7916,84.1504,27.7,0,2
GEV270416P01130000,GEV,2027-04-16,205,P,1130.0,18.72,951.8,236.1,244.1,240.1,0.0,3.3,0.4859,-0.6077,0.0012,-0.3144,2.7092,237.2471,72.3,0,0
GEV270416C01140000,GEV,2027-04-16,205,C,1140.0,19.77,951.8,79.6,87.5,83.55,95.04,9.5,0.4875,0.4094,0.0011,-0.3129,2.777,81.9223,26.9,0,20
GEV270416P01140000,GEV,2027-04-16,205,P,1140.0,19.77,951.8,243.4,250.3,246.85,241.04,2.8,0.4839,-0.6179,0.0012,-0.3121,2.6881,243.8044,73.1,0,1
GEV270416C01160000,GEV,2027-04-16,205,C,1160.0,21.87,951.8,74.0,81.9,77.95,69.45,10.1,0.486,0.3911,0.0011,-0.3098,2.7446,76.4009,25.3,0,6
GEV270416P01160000,GEV,2027-04-16,205,P,1160.0,21.87,951.8,258.4,266.6,262.5,255.49,3.1,0.487,-0.6379,0.0012,-0.307,2.6331,259.1034,74.6,0,0
GEV270416C01180000,GEV,2027-04-16,205,C,1180.0,23.98,951.8,69.0,76.9,72.95,55.49,10.8,0.4855,0.3734,0.0011,-0.3062,2.707,71.4556,23.9,0,20
GEV270416P01180000,GEV,2027-04-16,205,P,1180.0,23.98,951.8,274.0,282.5,278.25,0.0,3.1,0.4892,-0.6575,0.0012,-0.3015,2.5752,274.4339,76.1,0,0
