contract,ticker,expiry,dte,type,strike,moneyness_pct,spot,bid,ask,mid,last,spread_pct,iv,delta,gamma,theta,vega,theo,prob_itm,volume,oi
GOOGL261009C00255000,GOOGL,2026-10-09,16,C,255.0,-24.52,337.8299865722656,81.65,85.55,83.6,75.08,4.7,0.7460962890625,0.97062,0.00127,-0.13702,0.0473,83.9099,95.9,0,20
GOOGL261009C00260000,GOOGL,2026-10-09,16,C,260.0,-23.04,337.8299865722656,76.7,80.55,78.625,71.98,4.9,0.7070341796875,0.96819,0.00143,-0.13882,0.05052,78.9407,95.6,0,29
GOOGL261009C00265000,GOOGL,2026-10-09,16,C,265.0,-21.56,337.8299865722656,71.7,75.55,73.625,67.06,5.2,0.6640658593750002,0.96627,0.0016,-0.13771,0.05302,73.9504,95.4,0,29
GOOGL261009C00270000,GOOGL,2026-10-09,16,C,270.0,-20.08,337.8299865722656,66.75,70.6,68.675,63.43,5.6,0.6291540991210938,0.96251,0.00184,-0.14175,0.05782,69.0031,95.0,56,20
GOOGL261009C00275000,GOOGL,2026-10-09,16,C,275.0,-18.6,337.8299865722656,61.8,65.65,63.725,57.7,6.0,0.5937540625000001,0.95832,0.00212,-0.14539,0.06302,64.0564,94.6,46,17
GOOGL261009C00280000,GOOGL,2026-10-09,16,C,280.0,-17.12,337.8299865722656,56.8,60.7,58.75,75.55,6.6,0.5544478149414063,0.95454,0.00244,-0.14599,0.0676,59.0872,94.2,2,10
GOOGL261009C00285000,GOOGL,2026-10-09,16,C,285.0,-15.64,337.8299865722656,51.9,55.8,53.85,58.66,7.2,0.5239305419921875,0.9475,0.00289,-0.15331,0.07584,54.1839,93.5,2,11
GOOGL261009C00290000,GOOGL,2026-10-09,16,C,290.0,-14.16,337.8299865722656,47.25,50.8,49.025,52.83,7.2,0.6425816992187501,0.88782,0.0042,-0.29814,0.13488,50.9589,86.0,2,10
GOOGL261009C00295000,GOOGL,2026-10-09,16,C,295.0,-12.68,337.8299865722656,41.9,45.9,43.9,44.55,9.1,0.5975382043457032,0.87701,0.00482,-0.29623,0.14396,46.0637,85.0,78,3
GOOGL261009C00300000,GOOGL,2026-10-09,16,C,300.0,-11.2,337.8299865722656,37.2,41.05,39.125,39.74,9.8,0.5546919531250001,0.86341,0.00558,-0.29579,0.15481,41.2154,83.6,86,8
GOOGL261009C00305000,GOOGL,2026-10-09,16,C,305.0,-9.72,337.8299865722656,34.0,36.3,35.15,35.14,6.5,0.5159960510253907,0.84531,0.00652,-0.29871,0.16832,36.4602,81.8,280,37
GOOGL261009C00310000,GOOGL,2026-10-09,16,C,310.0,-8.24,337.8299865722656,27.75,31.2,29.475,32.85,11.7,0.4567925415039063,0.83274,0.00775,-0.28023,0.17713,31.3796,80.8,47,66
GOOGL261009C00315000,GOOGL,2026-10-09,16,C,315.0,-6.76,337.8299865722656,23.9,27.25,25.575,26.3,13.1,0.45227598510742195,0.78953,0.00902,-0.31472,0.20412,27.3757,76.1,20,52
GOOGL261009C00320000,GOOGL,2026-10-09,16,C,320.0,-5.28,337.8299865722656,19.75,22.3,21.025,21.75,12.1,0.39563592651367196,0.76336,0.01102,-0.29557,0.21819,22.4388,73.7,4,42
GOOGL261009C00325000,GOOGL,2026-10-09,16,C,325.0,-3.8,337.8299865722656,16.6,17.8,17.2,18.6,7.0,0.3546207116699218,0.71979,0.01343,-0.28864,0.23819,17.9264,69.4,8,55
GOOGL261009C00330000,GOOGL,2026-10-09,16,C,330.0,-2.32,337.8299865722656,13.3,14.25,13.775,13.89,6.9,0.3424748370361328,0.65075,0.01528,-0.30269,0.26178,14.3287,62.4,47,167
GOOGL261009C00332500,GOOGL,2026-10-09,16,C,332.5,-1.58,337.8299865722656,11.8,12.6,12.2,13.4,6.6,0.3363103479003906,0.61255,0.0161,-0.30597,0.27087,12.6552,58.5,4,1
GOOGL261009C00335000,GOOGL,2026-10-09,16,C,335.0,-0.84,337.8299865722656,10.45,11.1,10.775,10.89,6.0,0.3321599987792969,0.5718,0.0167,-0.30809,0.2776,11.1313,54.4,67,590
GOOGL261009C00337500,GOOGL,2026-10-09,16,C,337.5,-0.1,337.8299865722656,9.15,10.15,9.65,9.55,10.4,0.3435124243164062,0.52947,0.01637,-0.32057,0.28141,10.1454,50.1,87,4
GOOGL261009C00340000,GOOGL,2026-10-09,16,C,340.0,0.64,337.8299865722656,8.0,8.45,8.225,8.22,5.5,0.3254461987304687,0.48637,0.01732,-0.30389,0.28201,8.4372,45.9,463,195
GOOGL261009C00342500,GOOGL,2026-10-09,16,C,342.5,1.38,337.8299865722656,6.85,7.35,7.1,7.15,7.0,0.3245306805419921,0.44343,0.0172,-0.29891,0.27934,7.3185,41.7,2065,7
GOOGL261009C00345000,GOOGL,2026-10-09,16,C,345.0,2.12,337.8299865722656,6.0,6.35,6.175,6.1,5.7,0.32349309326171866,0.40117,0.0169,-0.29062,0.27347,6.3019,37.5,418,821
GOOGL261009C00347500,GOOGL,2026-10-09,16,C,347.5,2.86,337.8299865722656,5.1,5.55,5.325,5.36,8.5,0.32617861328125,0.36188,0.01624,-0.28301,0.26509,5.4865,33.7,320,28
GOOGL261009C00350000,GOOGL,2026-10-09,16,C,350.0,3.6,337.8299865722656,4.45,4.75,4.6,4.6,6.5,0.32556826782226556,0.32298,0.01559,-0.26978,0.25392,4.6781,29.9,713,769
GOOGL261009C00352500,GOOGL,2026-10-09,16,C,352.5,4.34,337.8299865722656,3.7,4.3,4.0,4.25,15.0,0.33539482971191403,0.29279,0.01449,-0.26528,0.2432,4.2143,26.9,61,64
GOOGL261009C00355000,GOOGL,2026-10-09,16,C,355.0,5.08,337.8299865722656,3.25,3.5,3.375,3.4,7.4,0.3280096496582031,0.25398,0.01381,-0.24135,0.22665,3.415,23.2,684,7035
GOOGL261009C00357500,GOOGL,2026-10-09,16,C,357.5,5.82,337.8299865722656,2.72,3.15,2.935,2.88,14.7,0.33667655517578127,0.22882,0.01271,-0.23345,0.21416,3.057,20.8,102,629
GOOGL261009C00360000,GOOGL,2026-10-09,16,C,360.0,6.56,337.8299865722656,2.4,2.62,2.51,2.4,8.8,0.3345403460693359,0.19838,0.01177,-0.21308,0.19705,2.53,17.9,1512,1811
GOOGL261009C00362500,GOOGL,2026-10-09,16,C,362.5,7.3,337.8299865722656,1.89,2.24,2.065,2.14,16.9,0.3365544860839844,0.17358,0.01077,-0.19696,0.18138,2.1499,15.6,207,97
GOOGL261009C00365000,GOOGL,2026-10-09,16,C,365.0,8.04,337.8299865722656,1.77,1.94,1.855,1.81,9.2,0.3403386279296875,0.1526,0.0098,-0.18286,0.16681,1.8513,13.6,1054,587
GOOGL261009C00367500,GOOGL,2026-10-09,16,C,367.5,8.78,337.8299865722656,1.5,1.64,1.57,1.6,8.9,0.34168138793945313,0.13211,0.00885,-0.16628,0.15131,1.5564,11.7,14,71
GOOGL261009C00370000,GOOGL,2026-10-09,16,C,370.0,9.52,337.8299865722656,1.31,1.51,1.41,1.35,14.2,0.35169105346679685,0.12006,0.00804,-0.15985,0.14154,1.4245,10.6,422,1397
GOOGL261009C00372500,GOOGL,2026-10-09,16,C,372.5,10.26,337.8299865722656,1.05,1.36,1.205,1.24,25.7,0.3591372680664062,0.10779,0.0073,-0.15096,0.13108,1.2761,9.5,72,33
GOOGL261009C00375000,GOOGL,2026-10-09,16,C,375.0,11.0,337.8299865722656,0.89,1.07,0.98,1.0,18.4,0.3537662280273437,0.08874,0.00642,-0.12883,0.11366,0.9964,7.7,1041,1225
GOOGL261009C00380000,GOOGL,2026-10-09,16,C,380.0,12.48,337.8299865722656,0.72,0.88,0.8,0.76,20.0,0.36890279541015625,0.07192,0.00525,-0.11436,0.09696,0.8094,6.2,366,903
GOOGL261009C00385000,GOOGL,2026-10-09,16,C,385.0,13.96,337.8299865722656,0.54,0.69,0.615,0.6,24.4,0.37915659912109373,0.05652,0.00424,-0.09728,0.0804,0.6272,4.8,121,1587
GOOGL261009C00390000,GOOGL,2026-10-09,16,C,390.0,15.44,337.8299865722656,0.43,0.64,0.535,0.54,39.3,0.4018614501953125,0.0501,0.00363,-0.09355,0.07307,0.5771,4.2,64,335
GOOGL261009C00395000,GOOGL,2026-10-09,16,C,395.0,16.92,337.8299865722656,0.21,0.54,0.375,0.37,88.0,0.4157773266601562,0.04161,0.00303,-0.08326,0.06293,0.4815,3.4,18,242
GOOGL261009C00400000,GOOGL,2026-10-09,16,C,400.0,18.4,337.8299865722656,0.25,0.4,0.325,0.29,46.2,0.41919526123046874,0.03139,0.00238,-0.06657,0.04996,0.3518,2.6,285,471
GOOGL261009C00405000,GOOGL,2026-10-09,16,C,405.0,19.88,337.8299865722656,0.2,0.35,0.275,0.23,54.5,0.4343318286132813,0.02684,0.00202,-0.0605,0.04387,0.3049,2.2,89,87
GOOGL261009C00410000,GOOGL,2026-10-09,16,C,410.0,21.36,337.8299865722656,0.06,0.38,0.22,0.21,145.5,0.4646049633789063,0.02719,0.00191,-0.06536,0.04435,0.3303,2.2,112,56
GOOGL261009C00415000,GOOGL,2026-10-09,16,C,415.0,22.84,337.8299865722656,0.06,0.25,0.155,0.14,122.6,0.45752495605468757,0.01869,0.00141,-0.0469,0.03233,0.2134,1.5,30,31
GOOGL261009C00420000,GOOGL,2026-10-09,16,C,420.0,24.32,337.8299865722656,0.07,0.19,0.13,0.17,92.3,0.46094289062500005,0.01428,0.00111,-0.0375,0.02568,0.1592,1.1,743,239
GOOGL261009P00255000,GOOGL,2026-10-09,16,P,255.0,-24.52,337.8299865722656,0.03,0.24,0.135,0.05,155.6,0.56836369140625,-0.00739,0.00051,-0.02538,0.01445,0.1011,1.0,4,24
GOOGL261009P00260000,GOOGL,2026-10-09,16,P,260.0,-23.04,337.8299865722656,0.03,0.19,0.11,0.08,145.5,0.5195360546875,-0.00661,0.0005,-0.02101,0.0131,0.0815,0.9,10,50
GOOGL261009P00265000,GOOGL,2026-10-09,16,P,265.0,-21.56,337.8299865722656,0.04,0.21,0.125,0.08,136.0,0.5312546875,-0.01209,0.00084,-0.03644,0.02223,0.1629,1.6,72,41
GOOGL261009P00270000,GOOGL,2026-10-09,16,P,270.0,-20.08,337.8299865722656,0.05,0.29,0.17,0.08,141.2,0.5200243310546875,-0.01663,0.00112,-0.04691,0.02926,0.2276,2.2,9,22
GOOGL261009P00275000,GOOGL,2026-10-09,16,P,275.0,-18.6,337.8299865722656,0.05,0.16,0.105,0.11,104.8,0.4419001123046875,-0.01103,0.00093,-0.02794,0.02054,0.1216,1.4,30,49
GOOGL261009P00280000,GOOGL,2026-10-09,16,P,280.0,-17.12,337.8299865722656,0.03,0.35,0.19,0.18,168.4,0.46094289062500005,-0.02212,0.00162,-0.05286,0.03729,0.2772,2.8,19,74
GOOGL261009P00285000,GOOGL,2026-10-09,16,P,285.0,-15.64,337.8299865722656,0.08,0.23,0.155,0.19,96.8,0.39551385742187506,-0.01717,0.00152,-0.03651,0.03007,0.1779,2.1,5,108
GOOGL261009P00290000,GOOGL,2026-10-09,16,P,290.0,-14.16,337.8299865722656,0.17,0.46,0.315,0.28,92.1,0.407232490234375,-0.03189,0.00248,-0.0632,0.05062,0.3699,3.8,21,166
GOOGL261009P00295000,GOOGL,2026-10-09,16,P,295.0,-12.68,337.8299865722656,0.21,0.41,0.31,0.34,64.5,0.36133451171875,-0.03194,0.0028,-0.05602,0.05069,0.3277,3.8,40,366
GOOGL261009P00300000,GOOGL,2026-10-09,16,P,300.0,-11.2,337.8299865722656,0.45,0.71,0.58,0.5,44.8,0.36377589355468753,-0.05258,0.00417,-0.0843,0.07592,0.5867,6.1,157,625
GOOGL261009P00305000,GOOGL,2026-10-09,16,P,305.0,-9.72,337.8299865722656,0.7,0.9,0.8,0.71,25.0,0.34229173339843744,-0.06853,0.00546,-0.09732,0.09343,0.7522,7.9,40,2805
GOOGL261009P00310000,GOOGL,2026-10-09,16,P,310.0,-8.24,337.8299865722656,0.95,1.15,1.05,1.08,19.0,0.3205634350585937,-0.09002,0.00716,-0.11165,0.11488,0.9729,10.1,138,561
GOOGL261009P00315000,GOOGL,2026-10-09,16,P,315.0,-6.76,337.8299865722656,1.56,1.7,1.63,1.62,8.6,0.31214066772460936,-0.1292,0.00954,-0.14039,0.14899,1.4684,14.3,1335,574
GOOGL261009P00320000,GOOGL,2026-10-09,16,P,320.0,-5.28,337.8299865722656,2.19,2.56,2.375,2.47,15.6,0.3082954913330078,-0.1842,0.01221,-0.17434,0.1883,2.26,20.2,493,949
GOOGL261009P00325000,GOOGL,2026-10-09,16,P,325.0,-3.8,337.8299865722656,3.35,3.95,3.65,3.62,16.4,0.3133613586425781,-0.25796,0.01457,-0.21381,0.22849,3.5632,28.0,483,777
GOOGL261009P00327500,GOOGL,2026-10-09,16,P,327.5,-3.06,337.8299865722656,4.15,4.5,4.325,4.3,8.1,0.30408410766601557,-0.29214,0.01597,-0.2196,0.24295,4.0849,31.4,68,31
GOOGL261009P00330000,GOOGL,2026-10-09,16,P,330.0,-2.32,337.8299865722656,4.9,5.35,5.125,5.15,8.8,0.3031075549316406,-0.33401,0.01697,-0.23089,0.25738,4.8982,35.7,401,402
GOOGL261009P00332500,GOOGL,2026-10-09,16,P,332.5,-1.58,337.8299865722656,5.75,6.2,5.975,6.0,7.5,0.29822479125976553,-0.37676,0.018,-0.23575,0.2686,5.7151,40.1,27,27
GOOGL261009P00335000,GOOGL,2026-10-09,16,P,335.0,-0.84,337.8299865722656,6.65,7.3,6.975,6.85,9.3,0.2984078948974609,-0.42311,0.01855,-0.24183,0.27692,6.7786,44.8,160,811
GOOGL261009P00337500,GOOGL,2026-10-09,16,P,337.5,-0.1,337.8299865722656,7.85,8.75,8.3,8.35,10.8,0.3067085931396484,-0.47025,0.01834,-0.2514,0.28139,8.1885,49.6,84,149
GOOGL261009P00340000,GOOGL,2026-10-09,16,P,340.0,0.64,337.8299865722656,9.15,10.1,9.625,9.63,9.9,0.30762411132812495,-0.51595,0.01832,-0.2509,0.28195,9.509,54.2,494,732
GOOGL261009P00342500,GOOGL,2026-10-09,16,P,342.5,1.38,337.8299865722656,10.85,11.55,11.2,10.99,6.3,0.3081734222412109,-0.56094,0.01809,-0.24661,0.27888,10.932,58.6,66,77
GOOGL261009P00345000,GOOGL,2026-10-09,16,P,345.0,2.12,337.8299865722656,12.05,13.2,12.625,11.82,9.1,0.31214066772460936,-0.60328,0.01746,-0.24226,0.27267,12.5575,62.8,207,404
GOOGL261009P00347500,GOOGL,2026-10-09,16,P,347.5,2.86,337.8299865722656,13.65,14.95,14.3,13.55,9.1,0.31629101684570304,-0.64304,0.01667,-0.23541,0.26384,14.2862,66.7,25,29
GOOGL261009P00350000,GOOGL,2026-10-09,16,P,350.0,3.6,337.8299865722656,15.25,16.8,16.025,15.05,9.7,0.3209906768798828,-0.67972,0.01576,-0.22689,0.25304,16.1189,70.3,109,293
GOOGL261009P00352500,GOOGL,2026-10-09,16,P,352.5,4.34,337.8299865722656,17.05,18.5,17.775,17.0,8.2,0.3164741204833984,-0.7197,0.01505,-0.207,0.23822,17.8112,74.2,46,30
GOOGL261009P00355000,GOOGL,2026-10-09,16,P,355.0,5.08,337.8299865722656,18.95,20.75,19.85,18.69,9.1,0.33148861877441405,-0.74355,0.01374,-0.20625,0.2278,20.0422,76.5,16,160
GOOGL261009P00357500,GOOGL,2026-10-09,16,P,357.5,5.82,337.8299865722656,20.2,22.8,21.5,12.38,12.1,0.33588310607910155,-0.77176,0.01273,-0.19347,0.21385,22.0837,79.2,0,14
GOOGL261009P00360000,GOOGL,2026-10-09,16,P,360.0,6.56,337.8299865722656,22.95,24.95,23.95,23.35,8.4,0.34241380249023434,-0.79568,0.01171,-0.1825,0.20057,24.2259,81.5,5,32
GOOGL261009P00362500,GOOGL,2026-10-09,16,P,362.5,7.3,337.8299865722656,24.9,28.05,26.475,16.0,11.9,0.39331661376953125,-0.78624,0.01047,-0.22107,0.20598,27.2882,80.9,0,4
GOOGL261009P00365000,GOOGL,2026-10-09,16,P,365.0,8.04,337.8299865722656,26.85,29.9,28.375,27.46,10.7,0.38318487915039057,-0.81653,0.0098,-0.19149,0.18783,29.1434,83.7,3,49
GOOGL261009P00370000,GOOGL,2026-10-09,16,P,370.0,9.52,337.8299865722656,31.2,34.8,33.0,31.52,10.9,0.418951123046875,-0.83476,0.00838,-0.19546,0.17574,34.0193,85.6,7,8
GOOGL261009P00372500,GOOGL,2026-10-09,16,P,372.5,10.26,337.8299865722656,33.35,37.15,35.25,23.16,10.8,0.43030354858398445,-0.8461,0.00779,-0.19026,0.16775,36.3633,86.6,0,3
GOOGL261009P00375000,GOOGL,2026-10-09,16,P,375.0,11.0,337.8299865722656,35.65,39.3,37.475,33.41,9.7,0.42847251220703125,-0.86415,0.00719,-0.1703,0.15423,38.5169,88.3,1,1
GOOGL261009P00380000,GOOGL,2026-10-09,16,P,380.0,12.48,337.8299865722656,40.4,43.6,42.0,40.17,7.6,0.41602146484374997,-0.90091,0.00592,-0.12225,0.1233,42.8339,91.5,8,21
GOOGL261009P00385000,GOOGL,2026-10-09,16,P,385.0,13.96,337.8299865722656,45.3,49.3,47.3,44.0,8.5,0.500005,-0.88088,0.00563,-0.18201,0.14076,48.4758,90.0,0,17
GOOGL261009P00390000,GOOGL,2026-10-09,16,P,390.0,15.44,337.8299865722656,50.3,54.1,52.2,43.65,7.3,0.5197801928710937,-0.89418,0.00497,-0.17115,0.12934,53.2686,91.3,10,12
GOOGL261009P00400000,GOOGL,2026-10-09,16,P,400.0,18.4,337.8299865722656,60.05,64.05,62.05,42.61,6.4,0.5800823242187501,-0.90586,0.00409,-0.1748,0.11875,63.1895,92.5,0,2
GOOGL261016C00255000,GOOGL,2026-10-16,23,C,255.0,-24.52,337.8299865722656,82.0,85.85,83.925,95.3,4.6,0.6728548339843752,0.96119,0.00147,-0.13063,0.0713,84.4194,94.5,7,148
GOOGL261016C00260000,GOOGL,2026-10-16,23,C,260.0,-23.04,337.8299865722656,77.2,81.0,79.1,96.57,4.8,0.6547886083984377,0.95455,0.00172,-0.14196,0.08103,79.5901,93.7,11,155
GOOGL261016C00265000,GOOGL,2026-10-16,23,C,265.0,-21.56,337.8299865722656,72.05,75.85,73.95,75.6,5.1,0.5993692407226563,0.95598,0.00183,-0.13013,0.07897,74.467,94.0,1,58
GOOGL261016C00270000,GOOGL,2026-10-16,23,C,270.0,-20.08,337.8299865722656,67.0,71.1,69.05,71.9,5.9,0.5722699023437501,0.95048,0.00211,-0.13554,0.08679,69.569,93.4,1,152
GOOGL261016C00275000,GOOGL,2026-10-16,23,C,275.0,-18.6,337.8299865722656,62.05,66.1,64.075,82.69,6.3,0.5368698657226563,0.94662,0.00239,-0.13549,0.09213,64.6033,93.0,5,377
GOOGL261016C00280000,GOOGL,2026-10-16,23,C,280.0,-17.12,337.8299865722656,58.0,61.05,59.525,60.75,5.1,0.5380905566406251,0.93005,0.00294,-0.16097,0.1138,60.0251,91.0,1,280
GOOGL261016C00285000,GOOGL,2026-10-16,23,C,285.0,-15.64,337.8299865722656,52.25,55.95,54.1,77.25,6.8,0.5931437170410157,0.8913,0.00371,-0.23069,0.1581,56.3561,86.1,1,370
GOOGL261016C00290000,GOOGL,2026-10-16,23,C,290.0,-14.16,337.8299865722656,47.3,51.4,49.35,67.24,8.3,0.5739788696289063,0.87474,0.00424,-0.24486,0.17483,51.7883,84.3,40,342
GOOGL261016C00295000,GOOGL,2026-10-16,23,C,295.0,-12.68,337.8299865722656,42.6,46.45,44.525,47.83,8.6,0.5316208947753907,0.86466,0.00482,-0.24004,0.18445,46.8476,83.3,5,178
GOOGL261016C00300000,GOOGL,2026-10-16,23,C,300.0,-11.2,337.8299865722656,39.0,40.55,39.775,40.1,3.9,0.4409235595703125,0.87515,0.0055,-0.19509,0.17442,41.018,85.1,104,904
GOOGL261016C00305000,GOOGL,2026-10-16,23,C,305.0,-9.72,337.8299865722656,34.4,35.95,35.175,36.3,4.4,0.4176693975830078,0.85349,0.00648,-0.20433,0.19464,36.4006,82.8,7,216
GOOGL261016C00310000,GOOGL,2026-10-16,23,C,310.0,-8.24,337.8299865722656,29.95,31.4,30.675,30.75,4.7,0.3931945446777344,0.8279,0.00765,-0.21204,0.21629,31.8322,80.2,43,564
GOOGL261016C00315000,GOOGL,2026-10-16,23,C,315.0,-6.76,337.8299865722656,25.75,27.15,26.45,29.41,5.3,0.3767762518310547,0.7921,0.00897,-0.22531,0.24296,27.5487,76.4,10,499
GOOGL261016C00320000,GOOGL,2026-10-16,23,C,320.0,-5.28,337.8299865722656,22.0,23.1,22.55,23.5,4.9,0.3616396844482421,0.74871,0.01039,-0.23759,0.27022,23.4594,71.9,481,1488
GOOGL261016C00325000,GOOGL,2026-10-16,23,C,325.0,-3.8,337.8299865722656,18.6,19.6,19.1,18.9,5.2,0.35761140441894534,0.69296,0.01158,-0.25509,0.29793,19.9022,66.1,442,1727
GOOGL261016C00327500,GOOGL,2026-10-16,23,C,327.5,-3.06,337.8299865722656,16.8,17.45,17.125,17.6,3.8,0.3397282824707031,0.66871,0.01259,-0.24999,0.3076,17.7417,63.7,79,5
GOOGL261016C00330000,GOOGL,2026-10-16,23,C,330.0,-2.32,337.8299865722656,15.3,15.75,15.525,15.55,2.9,0.33411310424804685,0.63743,0.01324,-0.25285,0.31804,16.0161,60.6,1156,3017
GOOGL261016C00332500,GOOGL,2026-10-16,23,C,332.5,-1.58,337.8299865722656,13.75,14.4,14.075,14.65,4.6,0.33661552062988287,0.60268,0.01351,-0.26004,0.32705,14.6314,57.0,65,3
GOOGL261016C00335000,GOOGL,2026-10-16,23,C,335.0,-0.84,337.8299865722656,12.3,12.85,12.575,12.65,4.4,0.3306951696777344,0.56876,0.01401,-0.25922,0.33328,13.0569,53.6,235,2341
GOOGL261016C00337500,GOOGL,2026-10-16,23,C,337.5,-0.1,337.8299865722656,11.15,11.6,11.375,11.35,4.0,0.331061376953125,0.53333,0.01416,-0.26109,0.33714,11.7773,50.0,116,5
GOOGL261016C00340000,GOOGL,2026-10-16,23,C,340.0,0.64,337.8299865722656,10.1,10.25,10.175,10.16,1.5,0.32605654418945307,0.4974,0.01443,-0.25708,0.33831,10.4048,46.5,3579,5408
GOOGL261016C00342500,GOOGL,2026-10-16,23,C,342.5,1.38,337.8299865722656,8.8,9.2,9.0,9.02,4.4,0.327155166015625,0.46199,0.01431,-0.2556,0.33678,9.327,43.0,542,14
GOOGL261016C00345000,GOOGL,2026-10-16,23,C,345.0,2.12,337.8299865722656,7.9,8.35,8.125,8.05,5.5,0.33173275695800786,0.42846,0.01395,-0.25498,0.33286,8.4514,39.6,1671,4728
GOOGL261016C00347500,GOOGL,2026-10-16,23,C,347.5,2.86,337.8299865722656,6.95,7.3,7.125,7.2,4.9,0.32794861511230466,0.39318,0.01383,-0.24625,0.32612,7.3816,36.2,228,115
GOOGL261016C00350000,GOOGL,2026-10-16,23,C,350.0,3.6,337.8299865722656,6.3,6.45,6.375,6.3,2.4,0.32776551147460936,0.36004,0.01346,-0.23869,0.31728,6.5136,33.0,4250,7570
GOOGL261016C00352500,GOOGL,2026-10-16,23,C,352.5,4.34,337.8299865722656,5.45,5.7,5.575,5.55,4.5,0.32831482238769527,0.32853,0.01298,-0.23034,0.30656,5.7467,29.9,134,156
GOOGL261016C00355000,GOOGL,2026-10-16,23,C,355.0,5.08,337.8299865722656,4.85,5.05,4.95,4.91,4.0,0.3297796514892578,0.29909,0.01242,-0.22161,0.29445,5.0801,27.1,1300,6994
GOOGL261016C00357500,GOOGL,2026-10-16,23,C,357.5,5.82,337.8299865722656,4.1,4.45,4.275,4.35,8.2,0.33081723876953123,0.27106,0.01181,-0.2116,0.28095,4.4678,24.4,81,634
GOOGL261016C00360000,GOOGL,2026-10-16,23,C,360.0,6.56,337.8299865722656,3.75,3.95,3.85,3.78,5.2,0.3332586206054688,0.24578,0.01114,-0.20214,0.26705,3.956,22.0,5792,12988
GOOGL261016C00362500,GOOGL,2026-10-16,23,C,362.5,7.3,337.8299865722656,3.1,3.75,3.425,3.6,19.0,0.34534346069335936,0.22946,0.01035,-0.20115,0.25717,3.7442,20.4,87,152
GOOGL261016C00365000,GOOGL,2026-10-16,23,C,365.0,8.04,337.8299865722656,2.9,3.2,3.05,2.95,9.8,0.342230698852539,0.2038,0.00976,-0.18583,0.24011,3.1878,18.0,2377,6472
GOOGL261016C00367500,GOOGL,2026-10-16,23,C,367.5,8.78,337.8299865722656,2.45,2.74,2.595,2.56,11.2,0.3404606970214844,0.18069,0.00911,-0.17148,0.22306,2.7239,15.9,67,121
GOOGL261016C00370000,GOOGL,2026-10-16,23,C,370.0,9.52,337.8299865722656,2.24,2.4,2.32,2.25,6.9,0.34180345703125,0.16161,0.00845,-0.16005,0.20769,2.3784,14.1,5360,31049
GOOGL261016C00372500,GOOGL,2026-10-16,23,C,372.5,10.26,337.8299865722656,1.87,2.25,2.06,2.23,18.4,0.3508365698242187,0.14995,0.00783,-0.15608,0.19769,2.2228,13.0,43,61
GOOGL261016C00375000,GOOGL,2026-10-16,23,C,375.0,11.0,337.8299865722656,1.75,1.9,1.825,1.76,8.2,0.3482731188964844,0.13105,0.0072,-0.14123,0.1804,1.8708,11.3,6240,66541
GOOGL261016C00380000,GOOGL,2026-10-16,23,C,380.0,12.48,337.8299865722656,1.33,1.4,1.365,1.36,5.1,0.34802898071289057,0.10135,0.006,-0.11731,0.15029,1.3701,8.7,2845,10217
GOOGL261016C00385000,GOOGL,2026-10-16,23,C,385.0,13.96,337.8299865722656,1.07,1.19,1.13,1.09,10.6,0.36084623535156246,0.08538,0.0051,-0.1069,0.1324,1.1563,7.2,4915,3789
GOOGL261016C00390000,GOOGL,2026-10-16,23,C,390.0,15.44,337.8299865722656,0.85,1.01,0.93,0.85,17.2,0.3726869372558594,0.07197,0.00434,-0.0968,0.11632,0.9751,6.0,1102,9825
GOOGL261016C00395000,GOOGL,2026-10-16,23,C,395.0,16.92,337.8299865722656,0.65,0.85,0.75,0.68,26.7,0.3830628100585937,0.06038,0.00369,-0.08669,0.10152,0.8153,5.0,250,1916
GOOGL261016C00400000,GOOGL,2026-10-16,23,C,400.0,18.4,337.8299865722656,0.54,0.64,0.59,0.54,16.9,0.3842835009765625,0.04679,0.003,-0.07096,0.08295,0.6087,3.8,5656,21472
GOOGL261016C00405000,GOOGL,2026-10-16,23,C,405.0,19.88,337.8299865722656,0.42,0.54,0.48,0.48,25.0,0.3940490283203125,0.03934,0.00254,-0.06316,0.0721,0.511,3.2,103,2520
GOOGL261016C00410000,GOOGL,2026-10-16,23,C,410.0,21.36,337.8299865722656,0.34,0.43,0.385,0.4,23.4,0.3991759301757813,0.03166,0.0021,-0.05348,0.06033,0.4038,2.5,729,31904
GOOGL261016C00415000,GOOGL,2026-10-16,23,C,415.0,22.84,337.8299865722656,0.3,0.5,0.4,0.32,50.0,0.43018147949218755,0.03378,0.00206,-0.06073,0.06365,0.4674,2.6,308,2288
GOOGL261016C00420000,GOOGL,2026-10-16,23,C,420.0,24.32,337.8299865722656,0.24,0.29,0.265,0.27,18.9,0.41260353027343744,0.02139,0.00146,-0.03975,0.04346,0.2677,1.7,307,9014
GOOGL261016P00255000,GOOGL,2026-10-16,23,P,255.0,-24.52,337.8299865722656,0.06,0.17,0.115,0.13,95.7,0.4936574072265626,-0.00933,0.0006,-0.02248,0.02128,0.1367,1.3,57,983
GOOGL261016P00260000,GOOGL,2026-10-16,23,P,260.0,-23.04,337.8299865722656,0.12,0.18,0.15,0.15,40.0,0.46680220703125,-0.01031,0.00069,-0.02316,0.02322,0.1441,1.4,31,975
GOOGL261016P00265000,GOOGL,2026-10-16,23,P,265.0,-21.56,337.8299865722656,0.06,0.37,0.215,0.16,144.2,0.48779809082031256,-0.01947,0.00114,-0.04181,0.04014,0.3073,2.6,7,2235
GOOGL261016P00270000,GOOGL,2026-10-16,23,P,270.0,-20.08,337.8299865722656,0.1,0.29,0.195,0.21,97.4,0.437505625,-0.01706,0.00114,-0.03346,0.03587,0.2365,2.2,1693,3673
GOOGL261016P00275000,GOOGL,2026-10-16,23,P,275.0,-18.6,337.8299865722656,0.14,0.45,0.295,0.23,105.1,0.4379939013671875,-0.02562,0.00161,-0.04718,0.05059,0.3749,3.3,9,3886
GOOGL261016P00280000,GOOGL,2026-10-16,23,P,280.0,-17.12,337.8299865722656,0.23,0.34,0.285,0.32,38.6,0.38623660644531244,-0.02216,0.00161,-0.03676,0.04479,0.2792,2.8,67,2165
GOOGL261016P00285000,GOOGL,2026-10-16,23,P,285.0,-15.64,337.8299865722656,0.24,0.45,0.345,0.38,60.9,0.37354142089843745,-0.02956,0.00212,-0.04515,0.057,0.3741,3.6,32,3473
GOOGL261016P00290000,GOOGL,2026-10-16,23,P,290.0,-14.16,337.8299865722656,0.34,0.72,0.53,0.57,71.7,0.37500625,-0.04498,0.00298,-0.06378,0.08036,0.609,5.5,58,5034
GOOGL261016P00295000,GOOGL,2026-10-16,23,P,295.0,-12.68,337.8299865722656,0.62,0.75,0.685,0.7,19.0,0.34400070068359373,-0.05027,0.00355,-0.06375,0.08783,0.6337,6.0,98,4828
GOOGL261016P00300000,GOOGL,2026-10-16,23,P,300.0,-11.2,337.8299865722656,0.9,0.99,0.945,0.97,9.5,0.33081723876953123,-0.06655,0.0046,-0.0762,0.10951,0.8458,7.8,739,7650
GOOGL261016P00305000,GOOGL,2026-10-16,23,P,305.0,-9.72,337.8299865722656,1.25,1.35,1.3,1.36,7.7,0.32044136596679684,-0.08972,0.00596,-0.09226,0.1374,1.1678,10.3,592,3231
GOOGL261016P00310000,GOOGL,2026-10-16,23,P,310.0,-8.24,337.8299865722656,1.62,1.91,1.765,1.86,16.4,0.3143379113769531,-0.12284,0.00763,-0.11311,0.17245,1.6762,14.0,1053,6108
GOOGL261016P00315000,GOOGL,2026-10-16,23,P,315.0,-6.76,337.8299865722656,2.48,2.65,2.565,2.61,6.6,0.3078682495117187,-0.16438,0.00948,-0.1342,0.20999,2.3564,18.4,1300,6192
GOOGL261016P00320000,GOOGL,2026-10-16,23,P,320.0,-5.28,337.8299865722656,3.5,3.65,3.575,3.6,4.2,0.3025582440185547,-0.2162,0.01142,-0.15514,0.24859,3.2864,23.9,2074,8818
GOOGL261016P00325000,GOOGL,2026-10-16,23,P,325.0,-3.8,337.8299865722656,4.85,5.05,4.95,4.97,4.0,0.30121548400878906,-0.27988,0.01318,-0.17603,0.28541,4.6063,30.6,2025,6115
GOOGL261016P00327500,GOOGL,2026-10-16,23,P,327.5,-3.06,337.8299865722656,5.65,5.85,5.75,5.6,3.5,0.2996285858154296,-0.31419,0.01397,-0.18379,0.30092,5.3664,34.1,733,606
GOOGL261016P00330000,GOOGL,2026-10-16,23,P,330.0,-2.32,337.8299865722656,6.6,6.8,6.7,6.65,3.0,0.2999337585449219,-0.35101,0.01458,-0.19134,0.31444,6.2742,37.9,1181,8852
GOOGL261016P00332500,GOOGL,2026-10-16,23,P,332.5,-1.58,337.8299865722656,7.5,7.9,7.7,7.55,5.2,0.30188686401367193,-0.38935,0.01498,-0.19822,0.32522,7.3316,41.9,96,456
GOOGL261016P00335000,GOOGL,2026-10-16,23,P,335.0,-0.84,337.8299865722656,8.55,8.9,8.725,8.9,4.0,0.2980416876220703,-0.42719,0.01552,-0.19882,0.33267,8.2963,45.7,983,3762
GOOGL261016P00337500,GOOGL,2026-10-16,23,P,337.5,-0.1,337.8299865722656,9.75,10.1,9.925,9.88,3.5,0.29724823852539056,-0.46645,0.01577,-0.19954,0.33712,9.4578,49.6,1124,578
GOOGL261016P00340000,GOOGL,2026-10-16,23,P,340.0,0.64,337.8299865722656,10.95,11.5,11.225,11.24,4.9,0.29944548217773437,-0.50561,0.01571,-0.20031,0.33829,10.8187,53.6,3294,9600
GOOGL261016P00342500,GOOGL,2026-10-16,23,P,342.5,1.38,337.8299865722656,12.3,13.0,12.65,12.66,5.5,0.30188686401367193,-0.5438,0.01549,-0.19921,0.33628,12.2845,57.4,197,383
GOOGL261016P00345000,GOOGL,2026-10-16,23,P,345.0,2.12,337.8299865722656,13.8,14.5,14.15,14.15,4.9,0.30158169128417966,-0.58171,0.01527,-0.19409,0.3312,13.7516,61.1,387,7507
GOOGL261016P00347500,GOOGL,2026-10-16,23,P,347.5,2.86,337.8299865722656,15.35,16.1,15.725,15.68,4.8,0.3016427258300781,-0.61851,0.0149,-0.18741,0.32328,15.3225,64.7,184,1186
GOOGL261016P00350000,GOOGL,2026-10-16,23,P,350.0,3.6,337.8299865722656,17.2,17.75,17.475,17.46,3.1,0.30054410400390624,-0.65467,0.01446,-0.17812,0.31256,16.945,68.2,577,6461
GOOGL261016P00352500,GOOGL,2026-10-16,23,P,352.5,4.34,337.8299865722656,18.9,19.5,19.2,19.45,3.1,0.29999479309082033,-0.68911,0.01388,-0.1678,0.29955,18.6707,71.5,7,352
GOOGL261016P00355000,GOOGL,2026-10-16,23,P,355.0,5.08,337.8299865722656,20.3,21.95,21.125,21.49,7.8,0.32080757324218745,-0.70679,0.01265,-0.17501,0.29178,21.0934,73.4,112,2936
GOOGL261016P00357500,GOOGL,2026-10-16,23,P,357.5,5.82,337.8299865722656,22.15,23.9,23.025,22.15,7.6,0.323126885986328,-0.73437,0.01197,-0.16565,0.27811,23.0229,76.0,30,139
GOOGL261016P00360000,GOOGL,2026-10-16,23,P,360.0,6.56,337.8299865722656,24.25,25.3,24.775,25.04,4.2,0.30213100219726563,-0.77843,0.0116,-0.1341,0.25212,24.4108,80.0,49,2492
GOOGL261016P00362500,GOOGL,2026-10-16,23,P,362.5,7.3,337.8299865722656,26.05,28.05,27.05,25.8,7.4,0.331061376953125,-0.78119,0.01051,-0.14826,0.25032,27.1392,80.5,12,122
GOOGL261016P00365000,GOOGL,2026-10-16,23,P,365.0,8.04,337.8299865722656,28.15,31.05,29.6,28.04,9.8,0.3695131408691406,-0.77649,0.00953,-0.17149,0.25338,30.1127,80.3,13,973
GOOGL261016P00367500,GOOGL,2026-10-16,23,P,367.5,8.78,337.8299865722656,30.25,32.4,31.325,20.65,6.9,0.34009448974609374,-0.8196,0.00911,-0.13096,0.22284,31.4606,84.1,0,3
GOOGL261016P00370000,GOOGL,2026-10-16,23,P,370.0,9.52,337.8299865722656,32.75,34.4,33.575,32.62,4.9,0.33374689697265625,-0.84465,0.00843,-0.1119,0.20238,33.4518,86.4,3,1034
GOOGL261016P00372500,GOOGL,2026-10-16,23,P,372.5,10.26,337.8299865722656,34.65,36.95,35.8,34.42,6.4,0.35242346801757807,-0.84886,0.00784,-0.11688,0.19872,35.9865,86.9,12,7
GOOGL261016P00375000,GOOGL,2026-10-16,23,P,375.0,11.0,337.8299865722656,37.35,38.95,38.15,36.67,4.2,0.34180345703125,-0.87375,0.00715,-0.09411,0.17579,37.9815,89.1,2,474
GOOGL261016P00380000,GOOGL,2026-10-16,23,P,380.0,12.48,337.8299865722656,40.8,43.9,42.35,29.88,7.3,0.36865865722656255,-0.88446,0.00623,-0.09492,0.16516,42.9091,90.1,116,2552
GOOGL261016P00385000,GOOGL,2026-10-16,23,P,385.0,13.96,337.8299865722656,46.35,48.55,47.45,45.5,4.6,0.3745179736328125,-0.90598,0.00528,-0.07706,0.14224,47.5449,92.1,17,318
GOOGL261016P00390000,GOOGL,2026-10-16,23,P,390.0,15.44,337.8299865722656,51.2,53.45,52.325,52.35,4.3,0.3940490283203125,-0.91572,0.00463,-0.07268,0.13113,52.4277,93.0,13,342
GOOGL261016P00395000,GOOGL,2026-10-16,23,P,395.0,16.92,337.8299865722656,56.15,58.3,57.225,56.4,3.8,0.40796490478515623,-0.92659,0.00403,-0.06416,0.1181,57.2645,94.0,10,725
GOOGL261016P00400000,GOOGL,2026-10-16,23,P,400.0,18.4,337.8299865722656,60.2,63.15,61.675,58.55,4.8,0.4193173303222656,-0.93677,0.00349,-0.05444,0.10524,62.1016,94.9,49,3051
GOOGL261016P00405000,GOOGL,2026-10-16,23,P,405.0,19.88,337.8299865722656,65.1,69.2,67.15,48.8,6.1,0.5240526110839843,-0.90209,0.00389,-0.12609,0.14654,68.0952,92.3,7,79
GOOGL261016P00410000,GOOGL,2026-10-16,23,P,410.0,21.36,337.8299865722656,70.15,74.05,72.1,71.73,5.4,0.539189178466797,-0.91055,0.00354,-0.11898,0.13708,72.9321,93.0,2,7
GOOGL261016P00415000,GOOGL,2026-10-16,23,P,415.0,22.84,337.8299865722656,75.1,79.05,77.075,81.42,5.1,0.5637250659179689,-0.91392,0.00329,-0.12088,0.13321,77.9135,93.4,23,6
GOOGL261016P00420000,GOOGL,2026-10-16,23,P,420.0,24.32,337.8299865722656,80.1,83.95,82.025,86.55,4.7,0.5803264624023439,-0.91989,0.00302,-0.11608,0.1262,82.801,93.9,88,2
GOOGL261023C00255000,GOOGL,2026-10-23,30,C,255.0,-24.52,337.8299865722656,82.35,86.05,84.2,94.27,4.4,0.6208534008789064,0.95427,0.0016,-0.12226,0.093,84.8792,93.4,0,50
GOOGL261023C00275000,GOOGL,2026-10-23,30,C,275.0,-18.6,337.8299865722656,62.55,66.5,64.525,68.83,6.1,0.5083056982421875,0.93415,0.0026,-0.13252,0.12404,65.2358,91.3,0,2
GOOGL261023C00280000,GOOGL,2026-10-23,30,C,280.0,-17.12,337.8299865722656,58.05,61.55,59.8,73.0,5.9,0.5920450952148439,0.88694,0.00334,-0.2093,0.18573,62.1404,85.1,6,6
GOOGL261023C00285000,GOOGL,2026-10-23,30,C,285.0,-15.64,337.8299865722656,53.0,56.75,54.875,67.4,6.8,0.5616498913574219,0.87637,0.00376,-0.21136,0.19784,57.3426,84.0,1,2
GOOGL261023C00290000,GOOGL,2026-10-23,30,C,290.0,-14.16,337.8299865722656,47.9,51.9,49.9,43.05,8.0,0.5280808911132813,0.86559,0.00423,-0.21082,0.20966,52.496,83.0,1,2
GOOGL261023C00295000,GOOGL,2026-10-23,30,C,295.0,-12.68,337.8299865722656,43.75,47.15,45.45,47.55,7.5,0.4981739636230469,0.85167,0.0048,-0.2124,0.22414,47.7448,81.6,1,10
GOOGL261023C00300000,GOOGL,2026-10-23,30,C,300.0,-11.2,337.8299865722656,39.4,42.25,40.825,40.4,7.0,0.46106495971679695,0.83877,0.00548,-0.20835,0.23684,42.8512,80.4,91,47
GOOGL261023C00305000,GOOGL,2026-10-23,30,C,305.0,-9.72,337.8299865722656,34.6,36.9,35.75,37.0,6.4,0.40601179931640624,0.83266,0.00637,-0.19089,0.24262,37.529,80.2,3,3
GOOGL261023C00310000,GOOGL,2026-10-23,30,C,310.0,-8.24,337.8299865722656,30.05,33.75,31.9,34.29,11.6,0.4297542376708985,0.78408,0.00704,-0.22847,0.28369,34.2972,74.6,3,11
GOOGL261023C00315000,GOOGL,2026-10-23,30,C,315.0,-6.76,337.8299865722656,25.7,29.65,27.675,30.52,14.3,0.41296973754882804,0.7511,0.00793,-0.23584,0.30706,30.1656,71.2,7,9
GOOGL261023C00320000,GOOGL,2026-10-23,30,C,320.0,-5.28,337.8299865722656,23.0,25.8,24.4,24.7,11.5,0.3992369647216797,0.71215,0.00882,-0.24331,0.33037,26.2772,67.2,31,240
GOOGL261023C00325000,GOOGL,2026-10-23,30,C,325.0,-3.8,337.8299865722656,20.0,21.05,20.525,21.19,5.1,0.3554141607666015,0.67839,0.01041,-0.22835,0.34708,21.5182,64.1,25,61
GOOGL261023C00330000,GOOGL,2026-10-23,30,C,330.0,-2.32,337.8299865722656,15.8,18.35,17.075,17.2,14.9,0.36310451354980466,0.6213,0.01082,-0.24388,0.36839,18.7487,58.1,64,237
GOOGL261023C00335000,GOOGL,2026-10-23,30,C,335.0,-0.84,337.8299865722656,14.05,15.0,14.525,14.4,6.5,0.3462589788818359,0.56651,0.01173,-0.23917,0.381,15.3527,52.7,1130,58
GOOGL261023C00340000,GOOGL,2026-10-23,30,C,340.0,0.64,337.8299865722656,11.6,12.45,12.025,11.9,7.1,0.34290207885742185,0.50697,0.01201,-0.23816,0.38633,12.7443,46.8,2287,258
GOOGL261023C00345000,GOOGL,2026-10-23,30,C,345.0,2.12,337.8299865722656,9.45,10.65,10.05,9.7,11.9,0.3513858807373046,0.45008,0.01163,-0.23998,0.38336,10.8848,41.1,663,1093
GOOGL261023C00350000,GOOGL,2026-10-23,30,C,350.0,3.6,337.8299865722656,7.8,8.7,8.25,7.9,10.9,0.3490055334472656,0.39327,0.01138,-0.23025,0.37247,8.8872,35.5,658,491
GOOGL261023C00355000,GOOGL,2026-10-23,30,C,355.0,5.08,337.8299865722656,6.1,6.6,6.35,6.32,7.9,0.3349065533447265,0.33212,0.01119,-0.20784,0.35165,6.7475,29.8,501,370
GOOGL261023C00360000,GOOGL,2026-10-23,30,C,360.0,6.56,337.8299865722656,4.95,5.45,5.2,5.08,9.6,0.3402165588378906,0.28461,0.0103,-0.19626,0.3286,5.559,25.2,398,1113
GOOGL261023C00365000,GOOGL,2026-10-23,30,C,365.0,8.04,337.8299865722656,3.95,4.2,4.075,4.17,6.1,0.3358220715332031,0.2354,0.00946,-0.17499,0.29791,4.2785,20.7,226,402
GOOGL261023C00370000,GOOGL,2026-10-23,30,C,370.0,9.52,337.8299865722656,3.1,3.55,3.325,3.28,13.5,0.3454655297851562,0.20167,0.00841,-0.16397,0.2725,3.6045,17.5,416,669
GOOGL261023C00375000,GOOGL,2026-10-23,30,C,375.0,11.0,337.8299865722656,2.52,2.89,2.705,2.6,13.7,0.34998208618164056,0.16918,0.00744,-0.14846,0.24433,2.9257,14.5,432,533
GOOGL261023C00380000,GOOGL,2026-10-23,30,C,380.0,12.48,337.8299865722656,2.02,2.22,2.12,2.1,9.4,0.34839518798828123,0.1368,0.00649,-0.12803,0.2122,2.2405,11.6,736,806
GOOGL261023C00385000,GOOGL,2026-10-23,30,C,385.0,13.96,337.8299865722656,1.42,2.15,1.785,1.69,40.9,0.3712221081542969,0.12632,0.00577,-0.1287,0.20084,2.1601,10.6,531,975
GOOGL261023C00390000,GOOGL,2026-10-23,30,C,390.0,15.44,337.8299865722656,1.25,2.31,1.78,1.4,59.6,0.40454697021484376,0.12469,0.00524,-0.13856,0.19903,2.3082,10.2,222,1000
GOOGL261023C00395000,GOOGL,2026-10-23,30,C,395.0,16.92,337.8299865722656,0.8,1.36,1.08,1.12,51.9,0.3745179736328125,0.08506,0.00429,-0.09713,0.1508,1.3558,7.0,237,228
GOOGL261023C00400000,GOOGL,2026-10-23,30,C,400.0,18.4,337.8299865722656,0.8,0.94,0.87,0.87,16.1,0.3654848608398438,0.06321,0.00351,-0.07544,0.12017,0.9342,5.1,738,757
GOOGL261023C00405000,GOOGL,2026-10-23,30,C,405.0,19.88,337.8299865722656,0.6,1.14,0.87,0.72,62.1,0.4023497265625,0.06865,0.00339,-0.08832,0.1281,1.128,5.5,9,85
GOOGL261023C00410000,GOOGL,2026-10-23,30,C,410.0,21.36,337.8299865722656,0.15,1.09,0.62,0.67,151.6,0.418951123046875,0.06369,0.00308,-0.08664,0.12087,1.074,5.0,25,560
GOOGL261023C00415000,GOOGL,2026-10-23,30,C,415.0,22.84,337.8299865722656,0.43,0.6,0.515,0.54,33.0,0.39087523193359375,0.04001,0.00228,-0.0558,0.08348,0.5874,3.1,7,70
GOOGL261023C00420000,GOOGL,2026-10-23,30,C,420.0,24.32,337.8299865722656,0.25,1.37,0.81,0.45,138.3,0.48120635986328125,0.06873,0.00284,-0.10524,0.12822,1.3396,5.2,64,425
GOOGL261023P00255000,GOOGL,2026-10-23,30,P,255.0,-24.52,337.8299865722656,0.02,0.62,0.32,0.08,187.5,0.5312546875,-0.02592,0.00117,-0.05063,0.05834,0.5342,3.7,23,7
GOOGL261023P00260000,GOOGL,2026-10-23,30,P,260.0,-23.04,337.8299865722656,0.08,0.36,0.22,0.18,127.3,0.4555718505859375,-0.01807,0.00101,-0.03196,0.04301,0.3021,2.5,5,13
GOOGL261023P00265000,GOOGL,2026-10-23,30,P,265.0,-21.56,337.8299865722656,0.03,0.33,0.18,0.3,166.7,0.4211483666992188,-0.01792,0.00108,-0.02929,0.04272,0.2758,2.4,13,12
GOOGL261023P00270000,GOOGL,2026-10-23,30,P,270.0,-20.08,337.8299865722656,0.03,0.65,0.34,0.32,182.4,0.44287666503906253,-0.03183,0.00167,-0.04985,0.06921,0.5581,4.2,4,36
GOOGL261023P00275000,GOOGL,2026-10-23,30,P,275.0,-18.6,337.8299865722656,0.16,0.45,0.305,0.44,95.1,0.3852600537109374,-0.02571,0.0016,-0.03621,0.05794,0.3781,3.3,26,19
GOOGL261023P00280000,GOOGL,2026-10-23,30,P,280.0,-17.12,337.8299865722656,0.38,0.56,0.47,0.51,38.3,0.3715883154296875,-0.03241,0.00202,-0.04225,0.07024,0.4744,4.1,16,36
GOOGL261023P00285000,GOOGL,2026-10-23,30,P,285.0,-15.64,337.8299865722656,0.31,0.77,0.54,0.64,85.2,0.36511865356445317,-0.04379,0.00262,-0.05296,0.08981,0.659,5.4,28,353
GOOGL261023P00290000,GOOGL,2026-10-23,30,P,290.0,-14.16,337.8299865722656,0.61,0.95,0.78,0.8,43.6,0.35071450073242183,-0.05466,0.00326,-0.06055,0.10721,0.8181,6.7,127,101
GOOGL261023P00295000,GOOGL,2026-10-23,30,P,295.0,-12.68,337.8299865722656,1.06,1.15,1.105,1.11,8.1,0.33447931152343746,-0.06733,0.00402,-0.06775,0.1262,0.9953,8.1,182,3090
GOOGL261023P00300000,GOOGL,2026-10-23,30,P,300.0,-11.2,337.8299865722656,1.43,1.5,1.465,1.46,4.8,0.32434757690429683,-0.08707,0.00504,-0.07959,0.15345,1.3091,10.3,355,2859
GOOGL261023P00305000,GOOGL,2026-10-23,30,P,305.0,-9.72,337.8299865722656,1.87,2.03,1.95,1.94,8.2,0.3181220532226562,-0.11457,0.00628,-0.09497,0.1875,1.7886,13.3,265,606
GOOGL261023P00310000,GOOGL,2026-10-23,30,P,310.0,-8.24,337.8299865722656,2.53,2.71,2.62,2.6,6.9,0.3117744604492187,-0.14841,0.00767,-0.11075,0.22422,2.4109,17.0,481,3125
GOOGL261023P00315000,GOOGL,2026-10-23,30,P,315.0,-6.76,337.8299865722656,3.4,3.6,3.5,3.5,5.7,0.30634238586425777,-0.18996,0.00914,-0.12679,0.26279,3.2344,21.5,813,926
GOOGL261023P00320000,GOOGL,2026-10-23,30,P,320.0,-5.28,337.8299865722656,4.5,4.75,4.625,4.65,5.4,0.3019478985595704,-0.23959,0.01062,-0.14204,0.30081,4.3086,26.7,1294,941
GOOGL261023P00325000,GOOGL,2026-10-23,30,P,325.0,-3.8,337.8299865722656,6.0,6.25,6.125,6.12,4.1,0.2998727239990234,-0.29751,0.01193,-0.15602,0.33548,5.7233,32.8,1557,672
GOOGL261023P00330000,GOOGL,2026-10-23,30,P,330.0,-2.32,337.8299865722656,7.1,8.15,7.625,7.94,13.8,0.3001778967285156,-0.36177,0.01289,-0.16737,0.36296,7.5328,39.4,588,646
GOOGL261023P00335000,GOOGL,2026-10-23,30,P,335.0,-0.84,337.8299865722656,9.0,10.6,9.8,10.13,16.3,0.30597617858886716,-0.42966,0.01325,-0.17698,0.38037,9.8895,46.4,287,564
GOOGL261023P00340000,GOOGL,2026-10-23,30,P,340.0,0.64,337.8299865722656,11.6,13.0,12.3,12.63,11.4,0.30170376037597657,-0.49711,0.01365,-0.17454,0.38638,12.2066,53.2,364,367
GOOGL261023P00345000,GOOGL,2026-10-23,30,P,345.0,2.12,337.8299865722656,14.1,16.8,15.45,15.47,17.5,0.3251410260009765,-0.55702,0.01254,-0.18487,0.38243,15.9174,59.4,106,276
GOOGL261023P00350000,GOOGL,2026-10-23,30,P,350.0,3.6,337.8299865722656,17.5,20.0,18.75,18.66,13.3,0.32581240600585937,-0.61676,0.0121,-0.17584,0.36972,19.0477,65.2,88,593
GOOGL261023P00355000,GOOGL,2026-10-23,30,P,355.0,5.08,337.8299865722656,21.05,23.6,22.325,20.98,11.4,0.3301458587646484,-0.67065,0.01132,-0.16554,0.35047,22.5852,70.4,12,170
GOOGL261023P00360000,GOOGL,2026-10-23,30,P,360.0,6.56,337.8299865722656,24.7,27.7,26.2,25.94,11.5,0.3427189752197265,-0.71373,0.01025,-0.15887,0.32951,26.6297,74.6,17,151
GOOGL261023P00365000,GOOGL,2026-10-23,30,P,365.0,8.04,337.8299865722656,28.05,31.4,29.725,29.1,11.3,0.3369817279052735,-0.76373,0.00944,-0.13606,0.29852,30.2851,79.2,31,38
GOOGL261023P00370000,GOOGL,2026-10-23,30,P,370.0,9.52,337.8299865722656,33.0,36.05,34.525,24.0,8.8,0.35748933532714844,-0.78936,0.00834,-0.13356,0.27963,34.892,81.8,5,32
GOOGL261023P00375000,GOOGL,2026-10-23,30,P,375.0,11.0,337.8299865722656,37.9,40.75,39.325,37.95,7.2,0.37720349365234374,-0.81078,0.00741,-0.13046,0.26216,39.5548,83.9,5,17
GOOGL261023P00380000,GOOGL,2026-10-23,30,P,380.0,12.48,337.8299865722656,41.25,45.1,43.175,43.3,8.9,0.38013315185546875,-0.84006,0.00661,-0.11336,0.2356,43.8749,86.5,51,112
GOOGL261023P00385000,GOOGL,2026-10-23,30,P,385.0,13.96,337.8299865722656,45.85,49.65,47.75,42.09,8.0,0.38721315917968746,-0.86264,0.00586,-0.10009,0.2128,48.3973,88.6,1,0
GOOGL261023P00390000,GOOGL,2026-10-23,30,P,390.0,15.44,337.8299865722656,50.55,54.2,52.375,61.25,7.0,0.3903259210205078,-0.88453,0.00515,-0.0841,0.18854,52.9224,90.5,0,5
GOOGL261023P00400000,GOOGL,2026-10-23,30,P,400.0,18.4,337.8299865722656,60.55,64.35,62.45,58.29,6.1,0.44653873779296877,-0.89062,0.00433,-0.09511,0.18138,63.0213,91.3,1,3
GOOGL261023P00410000,GOOGL,2026-10-23,30,P,410.0,21.36,337.8299865722656,70.1,74.2,72.15,72.31,5.7,0.48352567260742196,-0.90383,0.00364,-0.09167,0.16518,72.8248,92.5,0,2
GOOGL261030C00260000,GOOGL,2026-10-30,37,C,260.0,-23.04,337.8299865722656,78.05,81.75,79.9,71.78,4.6,0.5825237060546875,0.93656,0.00199,-0.13118,0.13384,80.7429,91.0,0,1
GOOGL261030C00265000,GOOGL,2026-10-30,37,C,265.0,-21.56,337.8299865722656,73.0,76.9,74.95,94.34,5.2,0.5523726403808593,0.9321,0.00221,-0.1315,0.14106,75.807,90.6,1,1
GOOGL261030C00270000,GOOGL,2026-10-30,37,C,270.0,-20.08,337.8299865722656,68.15,72.05,70.1,87.75,5.6,0.528447098388672,0.92511,0.00249,-0.13508,0.15209,70.9639,89.8,1,3
GOOGL261030C00275000,GOOGL,2026-10-30,37,C,275.0,-18.6,337.8299865722656,63.35,67.25,65.3,80.07,6.0,0.5065967309570312,0.91644,0.00282,-0.1398,0.16523,66.1673,88.9,1,2
GOOGL261030C00280000,GOOGL,2026-10-30,37,C,280.0,-17.12,337.8299865722656,58.45,62.5,60.475,62.78,6.7,0.5764202514648438,0.87221,0.00337,-0.2005,0.22485,63.2548,83.0,62,51
GOOGL261030C00285000,GOOGL,2026-10-30,37,C,285.0,-15.64,337.8299865722656,53.7,57.85,55.775,71.5,7.4,0.5526167785644531,0.85938,0.00376,-0.20472,0.24013,58.6023,81.6,4,4
GOOGL261030C00290000,GOOGL,2026-10-30,37,C,290.0,-14.16,337.8299865722656,49.25,53.1,51.175,51.6,7.5,0.5237474383544922,0.84689,0.0042,-0.20539,0.25423,53.8535,80.4,4,3
GOOGL261030C00295000,GOOGL,2026-10-30,37,C,295.0,-12.68,337.8299865722656,44.8,48.75,46.775,49.24,8.4,0.5080005255126954,0.82745,0.00468,-0.21385,0.27479,49.4845,78.3,1,6
GOOGL261030C00300000,GOOGL,2026-10-30,37,C,300.0,-11.2,337.8299865722656,42.0,43.35,42.675,43.4,3.2,0.45483943603515625,0.82134,0.00534,-0.19824,0.28091,44.1131,78.1,408,4
GOOGL261030C00305000,GOOGL,2026-10-30,37,C,305.0,-9.72,337.8299865722656,36.85,39.4,38.125,41.18,6.7,0.44885805053710937,0.79252,0.00593,-0.21164,0.3078,40.1256,74.9,1,2
GOOGL261030C00310000,GOOGL,2026-10-30,37,C,310.0,-8.24,337.8299865722656,32.9,35.6,34.25,35.4,7.9,0.4428156304931641,0.76085,0.00651,-0.2239,0.33373,36.2847,71.5,13,11
GOOGL261030C00315000,GOOGL,2026-10-30,37,C,315.0,-6.76,337.8299865722656,29.2,32.45,30.825,32.8,10.5,0.4498346032714844,0.72189,0.00693,-0.24248,0.36088,33.0752,67.2,7,16
GOOGL261030C00320000,GOOGL,2026-10-30,37,C,320.0,-5.28,337.8299865722656,25.6,27.75,26.675,26.8,8.1,0.41132180480957037,0.69514,0.00792,-0.232,0.37668,28.367,64.8,42,14
GOOGL261030C00325000,GOOGL,2026-10-30,37,C,325.0,-3.8,337.8299865722656,23.0,25.05,24.025,23.9,8.5,0.42011077941894537,0.65049,0.00819,-0.24734,0.3982,25.6018,60.0,4,55
GOOGL261030C00330000,GOOGL,2026-10-30,37,C,330.0,-2.32,337.8299865722656,20.55,21.25,20.9,22.0,3.3,0.39691765197753903,0.61058,0.00898,-0.24148,0.41251,21.7679,56.1,419,450
GOOGL261030C00335000,GOOGL,2026-10-30,37,C,335.0,-0.84,337.8299865722656,18.0,18.5,18.25,18.5,2.7,0.3938964419555664,0.56439,0.00929,-0.24424,0.4235,18.9621,51.5,106,291
GOOGL261030C00340000,GOOGL,2026-10-30,37,C,340.0,0.64,337.8299865722656,15.5,16.0,15.75,15.7,3.2,0.3913635083007812,0.51733,0.00947,-0.24408,0.4287,16.4083,46.8,862,372
GOOGL261030C00345000,GOOGL,2026-10-30,37,C,345.0,2.12,337.8299865722656,13.4,13.85,13.625,13.6,3.3,0.3915466119384765,0.47066,0.00945,-0.2423,0.42794,14.2031,42.1,349,177
GOOGL261030C00350000,GOOGL,2026-10-30,37,C,350.0,3.6,337.8299865722656,11.5,12.0,11.75,11.77,4.3,0.39362178649902346,0.42568,0.00926,-0.23869,0.42164,12.3037,37.7,1394,1154
GOOGL261030C00355000,GOOGL,2026-10-30,37,C,355.0,5.08,337.8299865722656,9.75,10.4,10.075,10.2,6.5,0.39667351379394533,0.38313,0.00895,-0.23309,0.41056,10.6563,33.6,696,669
GOOGL261030C00360000,GOOGL,2026-10-30,37,C,360.0,6.56,337.8299865722656,8.0,9.05,8.525,8.5,12.3,0.4012816220092773,0.34389,0.00853,-0.22636,0.39582,9.2647,29.8,540,356
GOOGL261030C00365000,GOOGL,2026-10-30,37,C,365.0,8.04,337.8299865722656,6.8,7.8,7.3,7.15,13.7,0.4041197283935547,0.30665,0.00808,-0.21672,0.37766,7.9784,26.3,267,770
GOOGL261030C00370000,GOOGL,2026-10-30,37,C,370.0,9.52,337.8299865722656,5.7,6.2,5.95,6.2,8.4,0.3926147164916992,0.26346,0.00773,-0.19542,0.35126,6.3458,22.4,451,852
GOOGL261030C00375000,GOOGL,2026-10-30,37,C,375.0,11.0,337.8299865722656,4.9,5.3,5.1,5.1,7.8,0.39600213378906257,0.23187,0.00716,-0.18356,0.32809,5.4177,19.5,433,608
GOOGL261030C00380000,GOOGL,2026-10-30,37,C,380.0,12.48,337.8299865722656,4.0,4.4,4.2,4.21,9.5,0.3952697192382813,0.20058,0.0066,-0.16806,0.30166,4.4935,16.7,647,907
GOOGL261030C00385000,GOOGL,2026-10-30,37,C,385.0,13.96,337.8299865722656,3.3,4.0,3.65,3.55,19.2,0.4078428356933594,0.18131,0.00601,-0.16253,0.28352,4.0749,14.9,119,383
GOOGL261030C00390000,GOOGL,2026-10-30,37,C,390.0,15.44,337.8299865722656,2.75,3.1,2.925,2.97,12.0,0.3987486883544922,0.15017,0.00544,-0.14045,0.25097,3.1566,12.2,268,489
GOOGL261030C00395000,GOOGL,2026-10-30,37,C,395.0,16.92,337.8299865722656,2.32,3.5,2.91,2.52,40.5,0.4382380395507813,0.15347,0.00502,-0.15608,0.25462,3.5442,12.3,226,239
GOOGL261030C00400000,GOOGL,2026-10-30,37,C,400.0,18.4,337.8299865722656,2.0,2.34,2.17,2.1,15.7,0.41089456298828125,0.11608,0.00442,-0.12074,0.21017,2.373,9.2,624,632
GOOGL261030C00405000,GOOGL,2026-10-30,37,C,405.0,19.88,337.8299865722656,1.65,1.9,1.775,1.79,14.1,0.4094297338867187,0.09769,0.00392,-0.10607,0.18556,1.9228,7.7,41,134
GOOGL261030C00410000,GOOGL,2026-10-30,37,C,410.0,21.36,337.8299865722656,1.39,2.5,1.945,1.5,57.1,0.4606987524414063,0.11142,0.00383,-0.13093,0.20412,2.5164,8.6,238,236
GOOGL261030C00415000,GOOGL,2026-10-30,37,C,415.0,22.84,337.8299865722656,0.55,1.92,1.235,1.29,110.9,0.450200810546875,0.09088,0.00338,-0.11019,0.17593,1.9303,7.0,22,50
GOOGL261030C00420000,GOOGL,2026-10-30,37,C,420.0,24.32,337.8299865722656,0.87,1.2,1.035,1.1,31.9,0.42249112670898437,0.06412,0.00276,-0.07928,0.13494,1.2059,4.9,77,46
GOOGL261030P00255000,GOOGL,2026-10-30,37,P,255.0,-24.52,337.8299865722656,0.16,1.07,0.615,0.43,148.0,0.5324753784179688,-0.03854,0.00146,-0.06318,0.08994,0.9438,5.5,48,38
GOOGL261030P00260000,GOOGL,2026-10-30,37,P,260.0,-23.04,337.8299865722656,0.29,0.51,0.4,0.46,55.0,0.43628493408203123,-0.02364,0.00119,-0.03444,0.05998,0.4367,3.3,5,1
GOOGL261030P00265000,GOOGL,2026-10-30,37,P,265.0,-21.56,337.8299865722656,0.24,1.15,0.695,0.51,130.9,0.4792532543945312,-0.04512,0.00184,-0.06439,0.10217,1.013,6.2,16,3
GOOGL261030P00270000,GOOGL,2026-10-30,37,P,270.0,-20.08,337.8299865722656,0.37,0.86,0.615,0.63,79.7,0.42249112670898437,-0.03891,0.00185,-0.05022,0.09062,0.7469,5.2,12,11
GOOGL261030P00275000,GOOGL,2026-10-30,37,P,275.0,-18.6,337.8299865722656,0.68,1.0,0.84,0.86,38.1,0.4067442138671875,-0.04599,0.0022,-0.05523,0.10376,0.8714,6.0,23,31
GOOGL261030P00280000,GOOGL,2026-10-30,37,P,280.0,-17.12,337.8299865722656,1.06,1.2,1.13,1.15,12.4,0.393560751953125,-0.05554,0.00265,-0.06195,0.12057,1.049,7.1,62,23
GOOGL261030P00285000,GOOGL,2026-10-30,37,P,285.0,-15.64,337.8299865722656,1.31,1.54,1.425,1.5,16.1,0.38684695190429685,-0.07008,0.00323,-0.07282,0.14455,1.3554,8.8,61,80
GOOGL261030P00290000,GOOGL,2026-10-30,37,P,290.0,-14.16,337.8299865722656,1.75,2.09,1.92,1.82,17.7,0.3869690209960937,-0.09117,0.00394,-0.08864,0.17635,1.8567,11.3,141,51
GOOGL261030P00295000,GOOGL,2026-10-30,37,P,295.0,-12.68,337.8299865722656,2.26,2.44,2.35,2.25,7.7,0.3715883154296875,-0.10762,0.00463,-0.09575,0.19909,2.1751,13.1,215,229
GOOGL261030P00300000,GOOGL,2026-10-30,37,P,300.0,-11.2,337.8299865722656,2.73,3.2,2.965,2.99,15.9,0.3702455554199219,-0.13549,0.00547,-0.11181,0.23412,2.8762,16.3,424,217
GOOGL261030P00305000,GOOGL,2026-10-30,37,P,305.0,-9.72,337.8299865722656,3.75,3.85,3.8,3.8,2.6,0.3590151989746094,-0.16182,0.00635,-0.12154,0.26365,3.4772,19.1,4370,134
GOOGL261030P00310000,GOOGL,2026-10-30,37,P,310.0,-8.24,337.8299865722656,4.7,4.9,4.8,4.77,4.2,0.3565127825927734,-0.1977,0.00725,-0.13626,0.29904,4.4562,23.1,463,304
GOOGL261030P00315000,GOOGL,2026-10-30,37,P,315.0,-6.76,337.8299865722656,5.8,6.2,6.0,6.1,6.7,0.3554141607666015,-0.23862,0.00811,-0.15064,0.33333,5.6793,27.5,507,425
GOOGL261030P00320000,GOOGL,2026-10-30,37,P,320.0,-5.28,337.8299865722656,7.35,7.8,7.575,7.5,5.9,0.3561465753173828,-0.28412,0.00885,-0.16418,0.36463,7.1948,32.4,626,781
GOOGL261030P00325000,GOOGL,2026-10-30,37,P,325.0,-3.8,337.8299865722656,9.1,9.5,9.3,9.35,4.3,0.35312536529541017,-0.33118,0.00955,-0.17292,0.39009,8.8141,37.3,326,323
GOOGL261030P00330000,GOOGL,2026-10-30,37,P,330.0,-2.32,337.8299865722656,11.2,11.5,11.35,11.3,2.6,0.3513858807373046,-0.38141,0.01009,-0.17939,0.41,10.7297,42.5,439,409
GOOGL261030P00335000,GOOGL,2026-10-30,37,P,335.0,-0.84,337.8299865722656,13.5,13.9,13.7,13.65,2.9,0.3529117443847656,-0.43363,0.01036,-0.18432,0.42315,13.0415,47.8,173,298
GOOGL261030P00340000,GOOGL,2026-10-30,37,P,340.0,0.64,337.8299865722656,16.05,16.55,16.3,16.15,3.1,0.35419346984863276,-0.48582,0.01047,-0.18556,0.42883,15.6088,53.1,1302,303
GOOGL261030P00345000,GOOGL,2026-10-30,37,P,345.0,2.12,337.8299865722656,18.65,19.95,19.3,18.85,6.7,0.36688865539550786,-0.53453,0.01007,-0.19009,0.4275,18.9223,58.1,268,155
GOOGL261030P00350000,GOOGL,2026-10-30,37,P,350.0,3.6,337.8299865722656,21.7,22.45,22.075,22.48,3.4,0.3530338134765625,-0.58807,0.01025,-0.17559,0.41861,21.3519,63.1,10079,139
GOOGL261030P00355000,GOOGL,2026-10-30,37,P,355.0,5.08,337.8299865722656,25.0,26.75,25.875,24.99,6.8,0.37683728637695313,-0.62529,0.00935,-0.1817,0.40776,25.5781,67.0,12,195
GOOGL261030P00360000,GOOGL,2026-10-30,37,P,360.0,6.56,337.8299865722656,27.7,29.5,28.6,29.0,6.3,0.35742830078125,-0.67939,0.00931,-0.15769,0.38495,28.2647,71.9,11,77
GOOGL261030P00365000,GOOGL,2026-10-30,37,P,365.0,8.04,337.8299865722656,31.15,33.85,32.5,31.62,8.3,0.3742128009033203,-0.71077,0.00849,-0.15607,0.36772,32.5563,75.0,1,36
GOOGL261030P00370000,GOOGL,2026-10-30,37,P,370.0,9.52,337.8299865722656,35.75,38.05,36.9,35.27,6.2,0.38355108642578123,-0.74235,0.00783,-0.14848,0.34726,36.7021,78.0,5,57
GOOGL261030P00375000,GOOGL,2026-10-30,37,P,375.0,11.0,337.8299865722656,38.85,41.9,40.375,39.9,7.6,0.37842418457031246,-0.78008,0.00727,-0.12951,0.31841,40.5019,81.4,7,3
GOOGL261030P00380000,GOOGL,2026-10-30,37,P,380.0,12.48,337.8299865722656,42.75,46.35,44.55,34.01,8.1,0.3880676428222656,-0.8044,0.00662,-0.12111,0.29711,44.9102,83.7,163,87
GOOGL261030P00385000,GOOGL,2026-10-30,37,P,385.0,13.96,337.8299865722656,47.1,50.7,48.9,43.59,7.4,0.3909973010253906,-0.83023,0.00601,-0.10756,0.27195,49.219,86.0,0,7
GOOGL261030P00395000,GOOGL,2026-10-30,37,P,395.0,16.92,337.8299865722656,56.15,59.8,57.975,41.93,6.3,0.4023497265625,-0.86965,0.0049,-0.08537,0.22796,58.2487,89.5,0,1
GOOGL261030P00400000,GOOGL,2026-10-30,37,P,400.0,18.4,337.8299865722656,60.85,64.5,62.675,42.56,5.8,0.41058939025878904,-0.88411,0.00442,-0.07685,0.20992,62.9179,90.8,0,2
GOOGL261120C00255000,GOOGL,2026-11-20,58,C,255.0,-24.52,337.8299865722656,83.85,87.6,85.725,94.9,4.4,0.5387009020996094,0.92603,0.00193,-0.11234,0.18864,87.0639,89.1,1,270
GOOGL261120C00260000,GOOGL,2026-11-20,58,C,260.0,-23.04,337.8299865722656,78.85,82.8,80.825,96.0,4.9,0.514653291015625,0.92073,0.00213,-0.1133,0.19883,82.1838,88.6,12,262
GOOGL261120C00265000,GOOGL,2026-11-20,58,C,265.0,-21.56,337.8299865722656,74.2,78.05,76.125,80.84,5.1,0.5752605950927734,0.88517,0.0025,-0.15357,0.26112,79.3075,83.4,2,113
GOOGL261120C00270000,GOOGL,2026-11-20,58,C,270.0,-20.08,337.8299865722656,69.9,72.9,71.4,71.95,4.2,0.5382736602783205,0.88128,0.00274,-0.14856,0.26736,74.1875,83.3,28,733
GOOGL261120C00275000,GOOGL,2026-11-20,58,C,275.0,-18.6,337.8299865722656,64.75,68.3,66.525,84.87,5.3,0.5205126074218749,0.86994,0.00302,-0.15246,0.28498,69.5878,82.1,6,77
GOOGL261120C00280000,GOOGL,2026-11-20,58,C,280.0,-17.12,337.8299865722656,60.95,63.65,62.3,63.4,4.3,0.5000660345458985,0.85846,0.00333,-0.15484,0.30197,64.9387,80.9,33,524
GOOGL261120C00285000,GOOGL,2026-11-20,58,C,285.0,-15.64,337.8299865722656,55.75,59.25,57.5,57.96,6.1,0.4862111926269531,0.84306,0.00367,-0.16019,0.32355,60.5279,79.2,1,177
GOOGL261120C00290000,GOOGL,2026-11-20,58,C,290.0,-14.16,337.8299865722656,52.0,54.65,53.325,53.5,5.0,0.4650932397460938,0.82905,0.00405,-0.16169,0.34201,55.925,77.8,9,443
GOOGL261120C00295000,GOOGL,2026-11-20,58,C,295.0,-12.68,337.8299865722656,47.95,51.1,49.525,49.05,6.4,0.4703422106933594,0.80253,0.00439,-0.17568,0.37413,52.326,74.6,2,190
GOOGL261120C00300000,GOOGL,2026-11-20,58,C,300.0,-11.2,337.8299865722656,43.95,45.85,44.9,45.25,4.2,0.4298763067626954,0.7927,0.00494,-0.16692,0.38517,47.0962,74.0,54,1044
GOOGL261120C00305000,GOOGL,2026-11-20,58,C,305.0,-9.72,337.8299865722656,40.15,42.5,41.325,41.43,5.7,0.43445389770507814,0.76226,0.00529,-0.17942,0.41649,43.6876,70.6,39,357
GOOGL261120C00310000,GOOGL,2026-11-20,58,C,310.0,-8.24,337.8299865722656,37.2,38.7,37.95,38.51,4.0,0.4250545776367188,0.73553,0.00572,-0.18433,0.44065,39.8487,67.7,7,548
GOOGL261120C00315000,GOOGL,2026-11-20,58,C,315.0,-6.76,337.8299865722656,33.7,34.45,34.075,34.95,2.2,0.4035399002075196,0.71052,0.00629,-0.18263,0.46059,35.5728,65.3,17,398
GOOGL261120C00320000,GOOGL,2026-11-20,58,C,320.0,-5.28,337.8299865722656,30.45,31.15,30.8,30.9,2.3,0.3993590338134766,0.67729,0.00667,-0.18793,0.48328,32.2163,61.8,64,753
GOOGL261120C00325000,GOOGL,2026-11-20,58,C,325.0,-3.8,337.8299865722656,27.2,28.1,27.65,27.7,3.3,0.39670403106689456,0.64211,0.00699,-0.19253,0.50279,29.1043,58.2,54,1873
GOOGL261120C00330000,GOOGL,2026-11-20,58,C,330.0,-2.32,337.8299865722656,24.4,25.0,24.7,24.55,2.4,0.38968505828857425,0.60625,0.00733,-0.19364,0.51808,25.9455,54.5,983,2535
GOOGL261120C00335000,GOOGL,2026-11-20,58,C,335.0,-0.84,337.8299865722656,22.0,23.2,22.6,22.17,5.3,0.4035704174804688,0.56837,0.00723,-0.20257,0.52934,24.0663,50.5,245,1785
GOOGL261120C00340000,GOOGL,2026-11-20,58,C,340.0,0.64,337.8299865722656,19.5,19.95,19.725,19.7,2.3,0.3869690209960937,0.53062,0.00763,-0.19606,0.53567,20.7619,46.9,2304,2379
GOOGL261120C00345000,GOOGL,2026-11-20,58,C,345.0,2.12,337.8299865722656,17.2,17.65,17.425,17.42,2.6,0.38458867370605465,0.49247,0.0077,-0.19431,0.53715,18.3966,43.2,533,4830
GOOGL261120C00350000,GOOGL,2026-11-20,58,C,350.0,3.6,337.8299865722656,15.3,15.6,15.45,15.38,1.9,0.3834290173339844,0.4548,0.00768,-0.1915,0.5338,16.2815,39.5,1193,4891
GOOGL261120C00355000,GOOGL,2026-11-20,58,C,355.0,5.08,337.8299865722656,13.4,13.75,13.575,13.75,2.6,0.38269660278320305,0.41799,0.00758,-0.18739,0.52586,14.3688,36.0,913,1537
GOOGL261120C00360000,GOOGL,2026-11-20,58,C,360.0,6.56,337.8299865722656,11.75,12.1,11.925,11.9,2.9,0.3825134991455078,0.3825,0.00741,-0.18219,0.51377,12.6572,32.6,1290,9391
GOOGL261120C00365000,GOOGL,2026-11-20,58,C,365.0,8.04,337.8299865722656,10.3,10.6,10.45,10.48,2.9,0.3821472918701171,0.3483,0.00718,-0.17571,0.49793,11.1001,29.4,352,2582
GOOGL261120C00370000,GOOGL,2026-11-20,58,C,370.0,9.52,337.8299865722656,9.1,9.3,9.2,9.2,2.2,0.38281867187499996,0.31629,0.0069,-0.16879,0.47922,9.7477,26.4,7981,41521
GOOGL261120C00375000,GOOGL,2026-11-20,58,C,375.0,11.0,337.8299865722656,7.85,8.15,8.0,7.95,3.8,0.38373419006347653,0.28626,0.00658,-0.16122,0.45816,8.5477,23.7,409,2671
GOOGL261120C00380000,GOOGL,2026-11-20,58,C,380.0,12.48,337.8299865722656,6.9,7.1,7.0,6.95,2.9,0.38410039733886714,0.25779,0.00624,-0.15273,0.43489,7.4533,21.1,5043,6778
GOOGL261120C00385000,GOOGL,2026-11-20,58,C,385.0,13.96,337.8299865722656,5.85,6.25,6.05,6.0,6.6,0.386450227355957,0.23265,0.00587,-0.145,0.41154,6.562,18.8,295,1605
GOOGL261120C00390000,GOOGL,2026-11-20,58,C,390.0,15.44,337.8299865722656,5.15,5.5,5.325,5.27,6.6,0.3888916091918946,0.2096,0.0055,-0.1371,0.38768,5.7757,16.8,400,2780
GOOGL261120C00395000,GOOGL,2026-11-20,58,C,395.0,16.92,337.8299865722656,4.45,4.85,4.65,4.55,8.6,0.3916686810302734,0.18873,0.00512,-0.12931,0.36394,5.0927,14.9,168,2201
GOOGL261120C00400000,GOOGL,2026-11-20,58,C,400.0,18.4,337.8299865722656,3.95,4.3,4.125,4.0,8.5,0.39514765014648445,0.17022,0.00476,-0.12199,0.34107,4.5136,13.3,2400,7166
GOOGL261120C00405000,GOOGL,2026-11-20,58,C,405.0,19.88,337.8299865722656,3.1,3.85,3.475,3.5,21.6,0.39978627563476565,0.15426,0.00441,-0.11551,0.31988,4.0395,11.9,69,1841
GOOGL261120C00410000,GOOGL,2026-11-20,58,C,410.0,21.36,337.8299865722656,2.87,3.15,3.01,2.96,9.3,0.39386592468261716,0.1326,0.00404,-0.10261,0.28881,3.3103,10.2,196,4203
GOOGL261120C00415000,GOOGL,2026-11-20,58,C,415.0,22.84,337.8299865722656,2.23,2.99,2.61,2.54,29.1,0.40491317749023437,0.12414,0.00376,-0.10055,0.27589,3.1358,9.4,66,1240
GOOGL261120C00420000,GOOGL,2026-11-20,58,C,420.0,24.32,337.8299865722656,2.06,2.62,2.34,2.25,23.9,0.4068662829589844,0.11084,0.00345,-0.09311,0.25461,2.7478,8.3,691,4387
GOOGL261120P00255000,GOOGL,2026-11-20,58,P,255.0,-24.52,337.8299865722656,0.46,0.81,0.635,0.74,55.1,0.40454697021484376,-0.03114,0.00129,-0.03173,0.09451,0.7001,4.4,54,1228
GOOGL261120P00260000,GOOGL,2026-11-20,58,P,260.0,-23.04,337.8299865722656,0.75,0.97,0.86,0.88,25.6,0.39490351196289064,-0.03733,0.00153,-0.03587,0.1097,0.8406,5.2,52,1938
GOOGL261120P00265000,GOOGL,2026-11-20,58,P,265.0,-21.56,337.8299865722656,0.84,1.17,1.005,1.17,32.8,0.3859924682617187,-0.04491,0.00182,-0.04064,0.12745,1.0166,6.1,73,785
GOOGL261120P00270000,GOOGL,2026-11-20,58,P,270.0,-20.08,337.8299865722656,1.26,1.47,1.365,1.4,15.4,0.3809876354980468,-0.05552,0.00218,-0.04738,0.15093,1.2845,7.5,81,1418
GOOGL261120P00275000,GOOGL,2026-11-20,58,P,275.0,-18.6,337.8299865722656,1.41,1.82,1.615,1.78,25.4,0.37525038818359374,-0.06773,0.00259,-0.05434,0.17628,1.598,9.0,203,1930
GOOGL261120P00280000,GOOGL,2026-11-20,58,P,280.0,-17.12,337.8299865722656,2.06,2.27,2.165,2.2,9.7,0.37085590087890624,-0.08273,0.00305,-0.06236,0.20534,2.0032,10.8,127,2118
GOOGL261120P00285000,GOOGL,2026-11-20,58,P,285.0,-15.64,337.8299865722656,2.6,2.82,2.71,2.71,8.1,0.36688865539550786,-0.10039,0.00356,-0.07097,0.23701,2.5013,12.9,138,1668
GOOGL261120P00290000,GOOGL,2026-11-20,58,P,290.0,-14.16,337.8299865722656,3.25,3.5,3.375,3.26,7.4,0.36377589355468753,-0.12118,0.00411,-0.08024,0.27126,3.1203,15.3,9337,3123
GOOGL261120P00295000,GOOGL,2026-11-20,58,P,295.0,-12.68,337.8299865722656,3.95,4.25,4.1,4.11,7.3,0.35907623352050777,-0.14387,0.00469,-0.08877,0.30533,3.8077,17.9,613,1796
GOOGL261120P00300000,GOOGL,2026-11-20,58,P,300.0,-11.2,337.8299865722656,4.85,5.15,5.0,5.04,6.0,0.3549869189453124,-0.16981,0.00529,-0.09742,0.34054,4.6353,20.8,2456,7017
GOOGL261120P00305000,GOOGL,2026-11-20,58,P,305.0,-9.72,337.8299865722656,5.85,6.6,6.225,6.1,12.0,0.3610903735351562,-0.2043,0.00583,-0.11064,0.38185,5.9866,24.7,317,2082
GOOGL261120P00310000,GOOGL,2026-11-20,58,P,310.0,-8.24,337.8299865722656,6.85,7.5,7.175,7.37,9.1,0.3492191543579102,-0.23183,0.00649,-0.11432,0.41073,6.8163,27.6,708,4882
GOOGL261120P00315000,GOOGL,2026-11-20,58,P,315.0,-6.76,337.8299865722656,8.7,8.95,8.825,8.81,2.8,0.3466251861572265,-0.26714,0.00705,-0.12156,0.4429,8.1723,31.4,394,3983
GOOGL261120P00320000,GOOGL,2026-11-20,58,P,320.0,-5.28,337.8299865722656,10.35,10.65,10.5,10.5,2.9,0.3452213916015625,-0.30537,0.00754,-0.12808,0.47197,9.7708,35.5,1135,5103
GOOGL261120P00325000,GOOGL,2026-11-20,58,P,325.0,-3.8,337.8299865722656,12.2,12.55,12.375,12.35,2.8,0.34372604522705075,-0.34551,0.00796,-0.13304,0.49644,11.567,39.7,264,2317
GOOGL261120P00330000,GOOGL,2026-11-20,58,P,330.0,-2.32,337.8299865722656,14.2,14.65,14.425,14.42,3.1,0.3419865606689453,-0.38713,0.00831,-0.13619,0.5156,13.5589,44.0,665,7006
GOOGL261120P00335000,GOOGL,2026-11-20,58,P,335.0,-0.84,337.8299865722656,15.85,16.95,16.4,16.77,6.7,0.34003345520019534,-0.42986,0.00858,-0.1374,0.52892,15.7515,48.4,825,2480
GOOGL261120P00340000,GOOGL,2026-11-20,58,P,340.0,0.64,337.8299865722656,19.15,19.5,19.325,19.41,1.8,0.3386906951904296,-0.47323,0.00873,-0.137,0.53604,18.1906,52.7,1492,3985
GOOGL261120P00345000,GOOGL,2026-11-20,58,P,345.0,2.12,337.8299865722656,21.75,22.75,22.25,22.12,4.5,0.3463810479736328,-0.51477,0.00855,-0.13892,0.53688,21.3288,57.0,325,5869
GOOGL261120P00350000,GOOGL,2026-11-20,58,P,350.0,3.6,337.8299865722656,24.8,25.7,25.25,25.05,3.6,0.34479414978027345,-0.55667,0.0085,-0.13482,0.53182,24.1751,61.0,324,2306
GOOGL261120P00355000,GOOGL,2026-11-20,58,P,355.0,5.08,337.8299865722656,28.1,29.0,28.55,27.35,3.2,0.3460758752441406,-0.5965,0.00831,-0.13049,0.52145,27.3714,64.9,56,1501
GOOGL261120P00360000,GOOGL,2026-11-20,58,P,360.0,6.56,337.8299865722656,31.3,32.15,31.725,30.75,2.7,0.340826904296875,-0.638,0.00817,-0.12136,0.50478,30.4222,68.8,60,4620
GOOGL261120P00365000,GOOGL,2026-11-20,58,P,365.0,8.04,337.8299865722656,34.45,36.45,35.45,34.0,5.6,0.35535312622070303,-0.66654,0.0076,-0.12155,0.48973,34.6339,71.6,20,1362
GOOGL261120P00370000,GOOGL,2026-11-20,58,P,370.0,9.52,337.8299865722656,37.7,39.75,38.725,37.55,5.3,0.3460453579711914,-0.7069,0.00738,-0.10788,0.46327,37.8392,75.2,4,1279
GOOGL261120P00375000,GOOGL,2026-11-20,58,P,375.0,11.0,337.8299865722656,41.65,44.15,42.9,42.4,5.8,0.35761140441894534,-0.73118,0.00685,-0.10528,0.4443,42.1624,77.6,12,729
GOOGL261120P00380000,GOOGL,2026-11-20,58,P,380.0,12.48,337.8299865722656,45.9,48.05,46.975,46.65,4.6,0.35510898803710933,-0.76278,0.00646,-0.09407,0.41598,45.9813,80.4,37,479
GOOGL261120P00385000,GOOGL,2026-11-20,58,P,385.0,13.96,337.8299865722656,49.35,52.6,50.975,50.74,6.4,0.36597313720703123,-0.78212,0.00597,-0.09061,0.39652,50.4649,82.3,36,374
GOOGL261120P00390000,GOOGL,2026-11-20,58,P,390.0,15.44,337.8299865722656,54.55,56.2,55.375,44.0,3.0,0.3485477743530273,-0.82078,0.00558,-0.06959,0.35241,53.979,85.5,151,714
GOOGL261120P00395000,GOOGL,2026-11-20,58,P,395.0,16.92,337.8299865722656,57.75,61.1,59.425,58.55,5.6,0.3651796881103516,-0.83086,0.00513,-0.06973,0.33968,58.8273,86.5,29,373
GOOGL261120P00400000,GOOGL,2026-11-20,58,P,400.0,18.4,337.8299865722656,62.9,65.25,64.075,61.55,3.7,0.35657381713867187,-0.85828,0.00467,-0.05423,0.30223,62.9061,88.8,3,719
GOOGL261120P00405000,GOOGL,2026-11-20,58,P,405.0,19.88,337.8299865722656,66.55,69.95,68.25,69.3,5.0,0.36365382446289063,-0.87174,0.00428,-0.0488,0.28224,67.5538,90.0,7,153
GOOGL261120P00410000,GOOGL,2026-11-20,58,P,410.0,21.36,337.8299865722656,71.25,74.9,73.075,63.4,5.0,0.37879039184570307,-0.87792,0.00397,-0.04859,0.27267,72.4592,90.6,21,130
GOOGL261120P00415000,GOOGL,2026-11-20,58,P,415.0,22.84,337.8299865722656,75.9,79.55,77.725,72.7,4.7,0.3814148773193359,-0.89164,0.00362,-0.04091,0.2505,77.0575,91.7,1,153
GOOGL261120P00420000,GOOGL,2026-11-20,58,P,420.0,24.32,337.8299865722656,80.6,84.25,82.425,86.85,4.4,0.3842835009765625,-0.90374,0.0033,-0.03373,0.22984,81.7094,92.7,3,94
GOOGL261218C00255000,GOOGL,2026-12-18,86,C,255.0,-24.52,337.8299865722656,85.15,89.1,87.125,104.07,4.5,0.5592695440673829,0.8862,0.0021,-0.12557,0.31592,90.9505,82.5,7,1767
GOOGL261218C00260000,GOOGL,2026-12-18,86,C,260.0,-23.04,337.8299865722656,80.35,84.4,82.375,95.0,4.9,0.5402267657470705,0.87812,0.00228,-0.12722,0.33164,86.2674,81.7,10,1353
GOOGL261218C00265000,GOOGL,2026-12-18,86,C,265.0,-21.56,337.8299865722656,76.2,79.65,77.925,94.62,4.4,0.5194139855957032,0.87002,0.00248,-0.12802,0.34685,81.5346,80.9,8,851
GOOGL261218C00270000,GOOGL,2026-12-18,86,C,270.0,-20.08,337.8299865722656,71.85,74.45,73.15,89.2,3.6,0.4864553308105469,0.86588,0.00271,-0.12393,0.35444,76.3739,80.8,4,2035
GOOGL261218C00275000,GOOGL,2026-12-18,86,C,275.0,-18.6,337.8299865722656,66.7,70.75,68.725,86.81,5.9,0.4918568881225587,0.84631,0.00294,-0.13449,0.38857,72.6341,78.3,4,33
GOOGL261218C00280000,GOOGL,2026-12-18,86,C,280.0,-17.12,337.8299865722656,63.1,65.65,64.375,65.68,4.0,0.46130909790039065,0.83953,0.00322,-0.13089,0.39976,67.562,77.9,104,1896
GOOGL261218C00285000,GOOGL,2026-12-18,86,C,285.0,-15.64,337.8299865722656,58.85,61.95,60.4,61.65,5.1,0.4626518579101563,0.81898,0.00347,-0.13948,0.43182,63.8213,75.4,1,586
GOOGL261218C00290000,GOOGL,2026-12-18,86,C,290.0,-14.16,337.8299865722656,55.4,57.25,56.325,56.8,3.3,0.4402521795654296,0.80657,0.0038,-0.13854,0.4499,59.127,74.3,9,2567
GOOGL261218C00295000,GOOGL,2026-12-18,86,C,295.0,-12.68,337.8299865722656,50.75,53.3,52.025,53.25,4.9,0.43256182678222654,0.78685,0.0041,-0.14298,0.47674,55.1455,72.1,3,160
GOOGL261218C00300000,GOOGL,2026-12-18,86,C,300.0,-11.2,337.8299865722656,47.75,49.1,48.425,48.2,2.8,0.4182492257690429,0.76819,0.00445,-0.14447,0.50012,50.9222,70.2,114,17906
GOOGL261218C00305000,GOOGL,2026-12-18,86,C,305.0,-9.72,337.8299865722656,42.95,44.8,43.875,44.5,4.2,0.4007933456420898,0.74895,0.00485,-0.14432,0.52226,46.5989,68.3,9,2373
GOOGL261218C00310000,GOOGL,2026-12-18,86,C,310.0,-8.24,337.8299865722656,40.5,41.95,41.225,41.35,3.5,0.40775128387451176,0.71936,0.00504,-0.15285,0.55262,43.6736,64.9,35,15419
GOOGL261218C00315000,GOOGL,2026-12-18,86,C,315.0,-6.76,337.8299865722656,37.15,38.7,37.925,37.8,4.1,0.40479110839843746,0.69228,0.0053,-0.15692,0.57666,40.3627,62.0,41,742
GOOGL261218C00320000,GOOGL,2026-12-18,86,C,320.0,-5.28,337.8299865722656,34.05,34.5,34.275,34.5,1.3,0.38397832824707034,0.6681,0.00576,-0.15366,0.59523,36.1252,59.8,101,4036
GOOGL261218C00325000,GOOGL,2026-12-18,86,C,325.0,-3.8,337.8299865722656,30.65,31.55,31.1,31.34,2.9,0.3816895327758788,0.63776,0.00599,-0.15642,0.6148,33.1027,56.6,49,1652
GOOGL261218C00330000,GOOGL,2026-12-18,86,C,330.0,-2.32,337.8299865722656,28.15,28.65,28.4,28.43,1.8,0.3777528045654296,0.60679,0.00621,-0.15766,0.63062,30.1298,53.5,115,2481
GOOGL261218C00335000,GOOGL,2026-12-18,86,C,335.0,-0.84,337.8299865722656,25.5,26.0,25.75,25.7,1.9,0.3752809054565429,0.57495,0.00637,-0.15849,0.64262,27.4026,50.3,261,1331
GOOGL261218C00340000,GOOGL,2026-12-18,86,C,340.0,0.64,337.8299865722656,22.95,24.35,23.65,23.22,5.9,0.3855957437133788,0.54369,0.00627,-0.1631,0.65027,25.6639,46.9,618,2866
GOOGL261218C00345000,GOOGL,2026-12-18,86,C,345.0,2.12,337.8299865722656,20.8,21.55,21.175,21.1,3.5,0.37601332000732424,0.5111,0.00647,-0.15939,0.65395,22.7904,43.9,396,1673
GOOGL261218C00350000,GOOGL,2026-12-18,86,C,350.0,3.6,337.8299865722656,18.7,19.45,19.075,18.84,3.9,0.37473159454345706,0.47934,0.00648,-0.15783,0.65332,20.6114,40.8,1068,5332
GOOGL261218C00355000,GOOGL,2026-12-18,86,C,355.0,5.08,337.8299865722656,16.8,17.5,17.15,16.91,4.1,0.3734193518066406,0.44794,0.00646,-0.15537,0.64862,18.582,37.7,269,1598
GOOGL261218C00360000,GOOGL,2026-12-18,86,C,360.0,6.56,337.8299865722656,15.05,15.4,15.225,15.23,2.3,0.36743796630859377,0.41514,0.00647,-0.15015,0.63934,16.4018,34.7,481,4081
GOOGL261218C00365000,GOOGL,2026-12-18,86,C,365.0,8.04,337.8299865722656,13.45,13.85,13.65,13.68,2.9,0.36783469085693365,0.38546,0.00634,-0.14675,0.62705,14.7768,31.9,56,2239
GOOGL261218C00370000,GOOGL,2026-12-18,86,C,370.0,9.52,337.8299865722656,12.0,12.45,12.225,12.1,3.7,0.36853658813476564,0.35705,0.00617,-0.14284,0.61174,13.3051,29.3,393,3925
GOOGL261218C00375000,GOOGL,2026-12-18,86,C,375.0,11.0,337.8299865722656,10.7,11.15,10.925,10.9,4.1,0.3688417608642578,0.32965,0.00598,-0.13819,0.59362,11.9361,26.8,430,3787
GOOGL261218C00380000,GOOGL,2026-12-18,86,C,380.0,12.48,337.8299865722656,9.55,9.85,9.7,9.7,3.1,0.3670412417602539,0.30214,0.0058,-0.13209,0.57199,10.5668,24.3,803,13818
GOOGL261218C00385000,GOOGL,2026-12-18,86,C,385.0,13.96,337.8299865722656,8.45,9.2,8.825,8.6,8.5,0.3751283190917969,0.28265,0.0055,-0.13032,0.55452,9.8651,22.5,77,2635
GOOGL261218C00390000,GOOGL,2026-12-18,86,C,390.0,15.44,337.8299865722656,7.5,8.0,7.75,7.55,6.5,0.37128314270019536,0.25642,0.00529,-0.12255,0.5281,8.6012,20.2,213,7591
GOOGL261218C00395000,GOOGL,2026-12-18,86,C,395.0,16.92,337.8299865722656,6.45,6.9,6.675,6.8,6.7,0.36710227630615233,0.23105,0.00506,-0.11428,0.4992,7.4397,18.0,133,2244
GOOGL261218C00400000,GOOGL,2026-12-18,86,C,400.0,18.4,337.8299865722656,5.9,6.5,6.2,6.01,9.7,0.37567763000488286,0.21667,0.00476,-0.11238,0.4813,7.0,16.7,998,13742
GOOGL261218C00405000,GOOGL,2026-12-18,86,C,405.0,19.88,337.8299865722656,5.25,5.5,5.375,5.36,4.7,0.3696962445068359,0.19261,0.00451,-0.10293,0.44874,5.9436,14.7,56,1751
GOOGL261218C00410000,GOOGL,2026-12-18,86,C,410.0,21.36,337.8299865722656,4.6,5.15,4.875,4.95,11.3,0.37695935546875,0.18006,0.00425,-0.10038,0.43038,5.5613,13.6,76,3574
GOOGL261218C00415000,GOOGL,2026-12-18,86,C,415.0,22.84,337.8299865722656,4.15,4.4,4.275,4.25,5.8,0.3730226272583008,0.16019,0.00398,-0.09201,0.39931,4.7641,12.0,63,5842
GOOGL261218C00420000,GOOGL,2026-12-18,86,C,420.0,24.32,337.8299865722656,3.6,3.9,3.75,3.8,8.0,0.3737245245361328,0.14515,0.00372,-0.08618,0.37401,4.2277,10.8,799,2569
GOOGL261218P00255000,GOOGL,2026-12-18,86,P,255.0,-24.52,337.8299865722656,1.03,1.69,1.36,1.35,48.5,0.3885559191894531,-0.05096,0.00164,-0.03674,0.1717,1.4638,7.4,6,3865
GOOGL261218P00260000,GOOGL,2026-12-18,86,P,260.0,-23.04,337.8299865722656,1.31,1.86,1.585,1.65,34.7,0.37525038818359374,-0.057,0.00186,-0.03865,0.18764,1.6084,8.1,14,2459
GOOGL261218P00265000,GOOGL,2026-12-18,86,P,265.0,-21.56,337.8299865722656,1.74,2.34,2.04,1.92,29.4,0.3745790081787109,-0.06968,0.00218,-0.04498,0.2194,2.0358,9.7,36,2270
GOOGL261218P00270000,GOOGL,2026-12-18,86,P,270.0,-20.08,337.8299865722656,2.13,2.68,2.405,2.45,22.9,0.36536279174804687,-0.07993,0.00248,-0.04854,0.24363,2.3349,11.0,36,3889
GOOGL261218P00275000,GOOGL,2026-12-18,86,P,275.0,-18.6,337.8299865722656,2.51,3.3,2.905,2.88,27.2,0.3639589971923829,-0.0957,0.00285,-0.05511,0.27867,2.8893,12.9,508,1737
GOOGL261218P00280000,GOOGL,2026-12-18,86,P,280.0,-17.12,337.8299865722656,3.35,3.6,3.475,3.5,7.2,0.3498600170898437,-0.10638,0.0032,-0.05695,0.30102,3.1495,14.1,665,5625
GOOGL261218P00285000,GOOGL,2026-12-18,86,P,285.0,-15.64,337.8299865722656,3.75,4.5,4.125,4.01,18.2,0.35144691528320304,-0.12769,0.00363,-0.06484,0.34261,3.9618,16.7,66,1107
GOOGL261218P00290000,GOOGL,2026-12-18,86,P,290.0,-14.16,337.8299865722656,4.85,5.55,5.2,5.09,13.5,0.35309484802246094,-0.15118,0.00405,-0.07276,0.38434,4.9167,19.5,54,6269
GOOGL261218P00295000,GOOGL,2026-12-18,86,P,295.0,-12.68,337.8299865722656,5.75,6.5,6.125,5.9,12.2,0.3490055334472656,-0.17346,0.00448,-0.07824,0.42034,5.7796,22.0,178,1273
GOOGL261218P00300000,GOOGL,2026-12-18,86,P,300.0,-11.2,337.8299865722656,6.85,7.2,7.025,7.1,5.0,0.3371037969970704,-0.19347,0.00496,-0.08032,0.44995,6.4046,24.1,532,10151
GOOGL261218P00305000,GOOGL,2026-12-18,86,P,305.0,-9.72,337.8299865722656,7.7,8.9,8.3,8.2,14.5,0.34311569976806633,-0.22552,0.00534,-0.08901,0.49245,7.9756,27.9,162,2941
GOOGL261218P00310000,GOOGL,2026-12-18,86,P,310.0,-8.24,337.8299865722656,9.55,9.85,9.7,9.5,3.1,0.3315801705932617,-0.25042,0.00585,-0.09031,0.52156,8.8331,30.4,181,3279
GOOGL261218P00315000,GOOGL,2026-12-18,86,P,315.0,-6.76,337.8299865722656,11.05,11.5,11.275,11.3,4.0,0.3303289624023437,-0.28253,0.00624,-0.09488,0.55441,10.3584,33.9,156,2978
GOOGL261218P00320000,GOOGL,2026-12-18,86,P,320.0,-5.28,337.8299865722656,12.8,13.2,13.0,13.08,3.1,0.32697206237792964,-0.31548,0.00663,-0.09782,0.58291,11.9325,37.4,282,8135
GOOGL261218P00325000,GOOGL,2026-12-18,86,P,325.0,-3.8,337.8299865722656,14.8,15.25,15.025,14.25,3.0,0.3264837860107421,-0.35085,0.00692,-0.10089,0.60793,13.8473,41.1,271,2590
GOOGL261218P00330000,GOOGL,2026-12-18,86,P,330.0,-2.32,337.8299865722656,16.9,17.55,17.225,17.33,3.8,0.3269415451049804,-0.38725,0.00714,-0.10326,0.62789,16.0063,44.9,688,6056
GOOGL261218P00335000,GOOGL,2026-12-18,86,P,335.0,-0.84,337.8299865722656,18.7,20.1,19.4,19.6,7.2,0.32831482238769527,-0.42402,0.00728,-0.10489,0.6423,18.4126,48.7,205,2272
GOOGL261218P00340000,GOOGL,2026-12-18,86,P,340.0,0.64,337.8299865722656,21.15,23.05,22.1,22.05,8.6,0.33292293060302736,-0.46037,0.00727,-0.10663,0.65097,21.2175,52.5,286,2948
GOOGL261218P00345000,GOOGL,2026-12-18,86,P,345.0,2.12,337.8299865722656,23.75,25.75,24.75,24.3,8.1,0.3309698251342773,-0.4967,0.00735,-0.10488,0.65418,23.778,56.1,1019,2342
GOOGL261218P00350000,GOOGL,2026-12-18,86,P,350.0,3.6,337.8299865722656,27.35,28.7,28.025,26.65,4.8,0.3301458587646484,-0.53264,0.00734,-0.10252,0.65201,26.588,59.6,139,6417
GOOGL261218P00355000,GOOGL,2026-12-18,86,P,355.0,5.08,337.8299865722656,29.6,31.8,30.7,30.24,7.2,0.32901671966552726,-0.5681,0.00729,-0.09904,0.64464,29.55,63.0,11,1099
GOOGL261218P00360000,GOOGL,2026-12-18,86,P,360.0,6.56,337.8299865722656,33.0,34.3,33.65,33.55,3.9,0.3156196368408203,-0.60902,0.00742,-0.08949,0.62962,31.9051,66.6,55,1405
GOOGL261218P00365000,GOOGL,2026-12-18,86,P,365.0,8.04,337.8299865722656,36.25,38.8,37.525,31.72,6.8,0.3318853433227539,-0.63349,0.00692,-0.09167,0.61722,36.2855,69.2,1,1566
GOOGL261218P00370000,GOOGL,2026-12-18,86,P,370.0,9.52,337.8299865722656,39.85,41.35,40.6,38.43,3.7,0.3133003240966796,-0.67728,0.00699,-0.07788,0.58849,38.6845,73.0,8,981
GOOGL261218P00375000,GOOGL,2026-12-18,86,P,375.0,11.0,337.8299865722656,43.55,46.55,45.05,39.47,6.7,0.3382024188232422,-0.69018,0.00636,-0.08338,0.57838,43.792,74.6,40,597
GOOGL261218P00380000,GOOGL,2026-12-18,86,P,380.0,12.48,337.8299865722656,47.4,50.05,48.725,46.27,5.4,0.33124448059082034,-0.72327,0.00616,-0.07376,0.54886,47.1642,77.4,86,1150
GOOGL261218P00385000,GOOGL,2026-12-18,86,P,385.0,13.96,337.8299865722656,51.35,53.05,52.2,46.97,3.3,0.31082842498779295,-0.76681,0.006,-0.05681,0.50178,50.0142,81.0,40,361
GOOGL261218P00390000,GOOGL,2026-12-18,86,P,390.0,15.44,337.8299865722656,55.45,58.6,57.025,45.13,5.5,0.34006397247314457,-0.76741,0.00548,-0.06457,0.50106,55.5048,81.5,4,614
GOOGL261218P00395000,GOOGL,2026-12-18,86,P,395.0,16.92,337.8299865722656,59.2,62.75,60.975,46.55,5.8,0.3391789715576171,-0.79104,0.00517,-0.05711,0.47122,59.5484,83.5,21,617
GOOGL261218P00400000,GOOGL,2026-12-18,86,P,400.0,18.4,337.8299865722656,63.25,67.05,65.15,61.49,5.8,0.33960621337890623,-0.81196,0.00484,-0.05026,0.44217,63.7497,85.3,6,1074
GOOGL261218P00405000,GOOGL,2026-12-18,86,P,405.0,19.88,337.8299865722656,67.8,71.05,69.425,55.9,4.7,0.3302679278564453,-0.83946,0.0045,-0.03829,0.39987,67.6379,87.5,3,298
GOOGL261218P00410000,GOOGL,2026-12-18,86,P,410.0,21.36,337.8299865722656,72.05,76.15,74.1,60.6,5.5,0.34766277343749996,-0.84305,0.00421,-0.04046,0.39399,72.6764,88.0,3,106
GOOGL261218P00415000,GOOGL,2026-12-18,86,P,415.0,22.84,337.8299865722656,76.75,80.7,78.725,65.6,5.0,0.3496463961791991,-0.8581,0.00392,-0.03465,0.36834,77.1434,89.3,25,247
GOOGL261218P00420000,GOOGL,2026-12-18,86,P,420.0,24.32,337.8299865722656,81.3,85.35,83.325,77.0,4.9,0.35309484802246094,-0.87067,0.00364,-0.02977,0.34566,81.7152,90.3,2,47
GOOGL270115C00255000,GOOGL,2027-01-15,114,C,255.0,-24.52,337.8299865722656,87.4,89.95,88.675,105.67,2.9,0.5081225946044923,0.8803,0.00208,-0.10648,0.37701,92.4134,81.4,6,2362
GOOGL270115C00260000,GOOGL,2027-01-15,114,C,260.0,-23.04,337.8299865722656,83.0,86.2,84.6,100.83,3.8,0.5128222546386718,0.86446,0.00225,-0.11474,0.41105,88.6329,79.2,6,2890
GOOGL270115C00265000,GOOGL,2027-01-15,114,C,265.0,-21.56,337.8299865722656,78.15,81.7,79.925,80.4,4.4,0.49847913635253904,0.85446,0.00243,-0.11673,0.4314,84.1433,78.1,2,5010
GOOGL270115C00270000,GOOGL,2027-01-15,114,C,270.0,-20.08,337.8299865722656,73.95,76.55,75.25,76.5,3.5,0.4697928997802735,0.84908,0.00264,-0.11385,0.44201,79.037,77.9,32,2357
GOOGL270115C00275000,GOOGL,2027-01-15,114,C,275.0,-18.6,337.8299865722656,69.6,72.65,71.125,88.0,4.3,0.4670463452148438,0.83316,0.00284,-0.11931,0.47204,75.1111,76.0,2,2666
GOOGL270115C00280000,GOOGL,2027-01-15,114,C,280.0,-17.12,337.8299865722656,66.5,68.05,67.275,66.7,2.3,0.44910218872070307,0.82208,0.00307,-0.11958,0.4918,70.5201,74.9,15,2944
GOOGL270115C00285000,GOOGL,2027-01-15,114,C,285.0,-15.64,337.8299865722656,62.3,63.9,63.1,65.56,2.5,0.439031488647461,0.80694,0.00331,-0.12223,0.51738,66.3523,73.3,4,745
GOOGL270115C00290000,GOOGL,2027-01-15,114,C,290.0,-14.16,337.8299865722656,58.25,59.65,58.95,58.8,2.4,0.4261226821899414,0.79177,0.00356,-0.1237,0.54142,62.0886,71.7,4,1739
GOOGL270115C00295000,GOOGL,2027-01-15,114,C,295.0,-12.68,337.8299865722656,54.2,56.1,55.15,55.5,3.4,0.4240475076293946,0.77134,0.00378,-0.12842,0.57142,58.4895,69.4,3,1440
GOOGL270115C00300000,GOOGL,2027-01-15,114,C,300.0,-11.2,337.8299865722656,50.75,51.25,51.0,51.0,1.0,0.3991454129028321,0.75802,0.00414,-0.1254,0.58957,53.644,68.3,199,6881
GOOGL270115C00305000,GOOGL,2027-01-15,114,C,305.0,-9.72,337.8299865722656,46.85,48.65,47.75,48.4,3.8,0.4090940438842773,0.73109,0.00427,-0.13327,0.623,50.9541,65.1,52,1900
GOOGL270115C00310000,GOOGL,2027-01-15,114,C,310.0,-8.24,337.8299865722656,43.6,45.25,44.425,43.9,3.7,0.4043333493041992,0.7084,0.0045,-0.13593,0.64793,47.4974,62.7,40,4526
GOOGL270115C00315000,GOOGL,2027-01-15,114,C,315.0,-6.76,337.8299865722656,39.35,41.95,40.65,41.05,6.4,0.39932851654052737,0.68477,0.00471,-0.13802,0.6709,44.1344,60.2,4,2139
GOOGL270115C00320000,GOOGL,2027-01-15,114,C,320.0,-5.28,337.8299865722656,37.25,38.6,37.925,37.5,3.6,0.39197385375976557,0.66059,0.00495,-0.13885,0.69132,40.7219,57.7,278,4047
GOOGL270115C00325000,GOOGL,2027-01-15,114,C,325.0,-3.8,337.8299865722656,33.7,34.75,34.225,35.45,3.1,0.37616590637207037,0.63635,0.00529,-0.13646,0.70878,36.8185,55.5,26,1617
GOOGL270115C00330000,GOOGL,2027-01-15,114,C,330.0,-2.32,337.8299865722656,31.6,32.05,31.825,32.05,1.4,0.3745790081787109,0.60887,0.00543,-0.13792,0.72498,34.0338,52.7,116,3244
GOOGL270115C00335000,GOOGL,2027-01-15,114,C,335.0,-0.84,337.8299865722656,29.0,29.3,29.15,29.05,1.0,0.37045917633056635,0.58102,0.00559,-0.13794,0.73762,31.1998,49.9,219,1572
GOOGL270115C00340000,GOOGL,2027-01-15,114,C,340.0,0.64,337.8299865722656,26.55,26.85,26.7,26.65,1.1,0.3685060708618164,0.55272,0.00568,-0.138,0.74662,28.6607,47.1,752,3830
GOOGL270115C00345000,GOOGL,2027-01-15,114,C,345.0,2.12,337.8299865722656,24.05,24.65,24.35,24.6,2.5,0.3680177944946289,0.52451,0.00573,-0.13788,0.75179,26.3691,44.3,157,1768
GOOGL270115C00350000,GOOGL,2027-01-15,114,C,350.0,3.6,337.8299865722656,22.0,22.65,22.325,22.2,2.9,0.3683534844970704,0.49669,0.00574,-0.13741,0.75318,24.2767,41.5,1419,24557
GOOGL270115C00355000,GOOGL,2027-01-15,114,C,355.0,5.08,337.8299865722656,19.95,20.55,20.25,20.2,3.0,0.3656069299316406,0.46839,0.00576,-0.13532,0.75084,22.0863,38.8,187,2278
GOOGL270115C00360000,GOOGL,2027-01-15,114,C,360.0,6.56,337.8299865722656,18.25,18.45,18.35,18.35,1.1,0.36105985626220705,0.43952,0.00578,-0.132,0.74453,19.8945,36.2,1027,14899
GOOGL270115C00365000,GOOGL,2027-01-15,114,C,365.0,8.04,337.8299865722656,16.35,16.8,16.575,16.75,2.7,0.36084623535156246,0.41262,0.00571,-0.12962,0.73507,18.1557,33.6,122,2578
GOOGL270115C00370000,GOOGL,2027-01-15,114,C,370.0,9.52,337.8299865722656,14.9,15.2,15.05,15.05,2.0,0.35962554443359374,0.38594,0.00563,-0.1264,0.72221,16.467,31.2,533,9434
GOOGL270115C00375000,GOOGL,2027-01-15,114,C,375.0,11.0,337.8299865722656,13.5,14.15,13.825,13.55,4.7,0.36463037719726565,0.36353,0.00545,-0.12512,0.70869,15.3396,29.0,456,3602
GOOGL270115C00380000,GOOGL,2027-01-15,114,C,380.0,12.48,337.8299865722656,12.25,13.05,12.65,12.34,6.3,0.3675295181274414,0.34121,0.00529,-0.12275,0.69273,14.1617,26.9,695,12320
GOOGL270115C00385000,GOOGL,2027-01-15,114,C,385.0,13.96,337.8299865722656,10.95,11.8,11.375,11.17,7.5,0.3668276208496094,0.31771,0.00515,-0.11866,0.67314,12.8354,24.9,364,1982
GOOGL270115C00390000,GOOGL,2027-01-15,114,C,390.0,15.44,337.8299865722656,9.95,10.1,10.025,10.03,1.5,0.35736726623535153,0.2889,0.00506,-0.1106,0.64512,11.0431,22.5,127,9034
GOOGL270115C00395000,GOOGL,2027-01-15,114,C,395.0,16.92,337.8299865722656,8.55,9.2,8.875,9.0,7.3,0.3588931298828125,0.26865,0.00487,-0.10686,0.62269,10.0749,20.7,69,2003
GOOGL270115C00400000,GOOGL,2027-01-15,114,C,400.0,18.4,337.8299865722656,8.05,8.25,8.15,8.15,2.5,0.3581912326049804,0.24783,0.00468,-0.102,0.59718,9.0552,18.9,3843,22070
GOOGL270115C00405000,GOOGL,2027-01-15,114,C,405.0,19.88,337.8299865722656,6.95,7.8,7.375,7.5,11.5,0.3650576190185547,0.23404,0.00445,-0.10041,0.57887,8.5576,17.6,223,4036
GOOGL270115C00410000,GOOGL,2027-01-15,114,C,410.0,21.36,337.8299865722656,6.4,6.65,6.525,6.6,3.8,0.35785554260253905,0.21022,0.00427,-0.09244,0.54447,7.3296,15.7,65,10112
GOOGL270115C00415000,GOOGL,2027-01-15,114,C,415.0,22.84,337.8299865722656,5.5,6.35,5.925,5.9,14.3,0.36557641265869145,0.19942,0.00405,-0.09122,0.52765,6.9918,14.7,290,2098
GOOGL270115C00420000,GOOGL,2027-01-15,114,C,420.0,24.32,337.8299865722656,5.25,5.5,5.375,5.35,4.7,0.36118192535400384,0.1799,0.00385,-0.08445,0.49524,6.0781,13.2,513,4394
GOOGL270115P00255000,GOOGL,2027-01-15,114,P,255.0,-24.52,337.8299865722656,1.68,2.39,2.035,1.85,34.9,0.3673158972167969,-0.06255,0.00177,-0.03489,0.23234,2.0418,9.2,2,2616
GOOGL270115P00260000,GOOGL,2027-01-15,114,P,260.0,-23.04,337.8299865722656,2.34,2.56,2.45,2.4,9.0,0.35358312438964834,-0.06848,0.00198,-0.03588,0.24925,2.1817,9.9,28,5002
GOOGL270115P00265000,GOOGL,2027-01-15,114,P,265.0,-21.56,337.8299865722656,2.42,3.3,2.86,2.68,30.8,0.3579165771484375,-0.08435,0.00229,-0.04242,0.29211,2.8371,12.0,31,8628
GOOGL270115P00270000,GOOGL,2027-01-15,114,P,270.0,-20.08,337.8299865722656,2.99,3.85,3.42,3.37,25.1,0.35309484802246094,-0.09719,0.00258,-0.04629,0.3245,3.3182,13.6,91,4098
GOOGL270115P00275000,GOOGL,2027-01-15,114,P,275.0,-18.6,337.8299865722656,3.7,4.5,4.1,4.0,19.5,0.3490055334472656,-0.11189,0.00289,-0.05044,0.35936,3.8916,15.4,672,3088
GOOGL270115P00280000,GOOGL,2027-01-15,114,P,280.0,-17.12,337.8299865722656,4.6,4.85,4.725,4.6,5.3,0.33579155426025387,-0.12284,0.00321,-0.05154,0.38395,4.1871,16.5,874,8228
GOOGL270115P00285000,GOOGL,2027-01-15,114,P,285.0,-15.64,337.8299865722656,5.25,5.7,5.475,5.55,8.2,0.33292293060302736,-0.14138,0.00356,-0.05599,0.42303,4.9409,18.7,26,5534
GOOGL270115P00290000,GOOGL,2027-01-15,114,P,290.0,-14.16,337.8299865722656,6.3,6.7,6.5,6.3,6.2,0.3308477560424804,-0.16215,0.00393,-0.0606,0.46339,5.833,21.2,135,4535
GOOGL270115P00295000,GOOGL,2027-01-15,114,P,295.0,-12.68,337.8299865722656,6.95,7.7,7.325,7.33,10.2,0.32642275146484373,-0.18331,0.00431,-0.06422,0.50109,6.7232,23.6,387,2912
GOOGL270115P00300000,GOOGL,2027-01-15,114,P,300.0,-11.2,337.8299865722656,8.6,8.9,8.75,8.6,3.4,0.3235236105346678,-0.20715,0.00468,-0.06807,0.53977,7.8017,26.3,3910,13663
GOOGL270115P00305000,GOOGL,2027-01-15,114,P,305.0,-9.72,337.8299865722656,9.45,10.3,9.875,10.1,8.6,0.3216925741577148,-0.2333,0.00504,-0.0719,0.57786,9.0673,29.2,52,3492
GOOGL270115P00310000,GOOGL,2027-01-15,114,P,310.0,-8.24,337.8299865722656,11.25,11.8,11.525,11.51,4.8,0.31909860595703116,-0.26066,0.00539,-0.07503,0.61321,10.4269,32.2,135,7370
GOOGL270115P00315000,GOOGL,2027-01-15,114,P,315.0,-6.76,337.8299865722656,12.55,13.45,13.0,13.25,6.9,0.31650463775634763,-0.28957,0.00572,-0.07762,0.64582,11.9284,35.3,72,4464
GOOGL270115P00320000,GOOGL,2027-01-15,114,P,320.0,-5.28,337.8299865722656,14.4,15.3,14.85,15.2,6.1,0.3145820495605468,-0.32011,0.00602,-0.07983,0.67527,13.6234,38.5,165,7577
GOOGL270115P00325000,GOOGL,2027-01-15,114,P,325.0,-3.8,337.8299865722656,16.35,17.5,16.925,17.23,6.8,0.31522291229248034,-0.35243,0.00624,-0.08216,0.70107,15.655,42.0,257,5617
GOOGL270115P00330000,GOOGL,2027-01-15,114,P,330.0,-2.32,337.8299865722656,19.1,19.7,19.4,19.4,3.1,0.3135139450073242,-0.38486,0.00646,-0.08304,0.72161,17.6885,45.3,769,11200
GOOGL270115P00335000,GOOGL,2027-01-15,114,P,335.0,-0.84,337.8299865722656,20.75,21.95,21.35,21.23,5.6,0.31024859680175776,-0.4179,0.00667,-0.08268,0.7372,19.7702,48.6,212,2318
GOOGL270115P00340000,GOOGL,2027-01-15,114,P,340.0,0.64,337.8299865722656,23.85,25.25,24.55,24.0,5.7,0.3187018814086914,-0.45095,0.00658,-0.08528,0.74751,22.8887,52.2,380,4791
GOOGL270115P00345000,GOOGL,2027-01-15,114,P,345.0,2.12,337.8299865722656,26.2,27.95,27.075,26.35,6.5,0.31699291412353514,-0.48383,0.00666,-0.08394,0.75259,25.4177,55.4,208,2221
GOOGL270115P00350000,GOOGL,2027-01-15,114,P,350.0,3.6,337.8299865722656,29.45,30.0,29.725,29.8,1.9,0.30451134948730463,-0.51972,0.00693,-0.07824,0.75229,27.2949,58.7,67,5731
GOOGL270115P00355000,GOOGL,2027-01-15,114,P,355.0,5.08,337.8299865722656,31.65,33.3,32.475,32.35,5.1,0.3064949722290039,-0.55205,0.00684,-0.07662,0.74679,30.421,61.9,44,3399
GOOGL270115P00360000,GOOGL,2027-01-15,114,P,360.0,6.56,337.8299865722656,35.7,36.65,36.175,35.95,2.6,0.3071205763244628,-0.58383,0.00673,-0.07391,0.73651,33.5986,64.9,71,3350
GOOGL270115P00365000,GOOGL,2027-01-15,114,P,365.0,8.04,337.8299865722656,37.95,40.55,39.25,38.15,6.6,0.313483427734375,-0.61127,0.00648,-0.07278,0.72372,37.3374,67.6,23,1086
GOOGL270115P00370000,GOOGL,2027-01-15,114,P,370.0,9.52,337.8299865722656,41.6,44.25,42.925,39.75,6.2,0.31534498138427725,-0.6395,0.00629,-0.06958,0.70668,40.8774,70.3,10,3754
GOOGL270115P00375000,GOOGL,2027-01-15,114,P,375.0,11.0,337.8299865722656,45.2,47.85,46.525,37.25,5.7,0.3139411868286133,-0.66859,0.00612,-0.0647,0.68491,44.3174,73.0,1,1169
GOOGL270115P00380000,GOOGL,2027-01-15,114,P,380.0,12.48,337.8299865722656,48.95,52.1,50.525,46.5,6.2,0.3206549868774413,-0.69043,0.00582,-0.06275,0.66567,48.4261,75.1,1,3801
GOOGL270115P00385000,GOOGL,2027-01-15,114,P,385.0,13.96,337.8299865722656,52.8,55.45,54.125,53.0,4.9,0.31153032226562494,-0.72304,0.00569,-0.05395,0.63218,51.6081,77.8,3,1018
GOOGL270115P00390000,GOOGL,2027-01-15,114,P,390.0,15.44,337.8299865722656,56.25,59.5,57.875,47.65,5.6,0.31168290863037107,-0.74717,0.00543,-0.04876,0.60355,55.5133,79.9,48,1224
GOOGL270115P00395000,GOOGL,2027-01-15,114,P,395.0,16.92,337.8299865722656,60.9,64.1,62.5,56.0,5.1,0.320044641418457,-0.76264,0.00511,-0.04708,0.58339,59.9945,81.4,2,369
GOOGL270115P00400000,GOOGL,2027-01-15,114,P,400.0,18.4,337.8299865722656,65.45,67.65,66.55,64.7,3.3,0.30750204223632804,-0.79512,0.00489,-0.03594,0.53624,63.3772,84.0,9,1159
GOOGL270115P00405000,GOOGL,2027-01-15,114,P,405.0,19.88,337.8299865722656,68.85,71.9,70.375,64.5,4.3,0.30597617858886716,-0.81646,0.0046,-0.02968,0.50149,67.4929,85.8,2,412
GOOGL270115P00410000,GOOGL,2027-01-15,114,P,410.0,21.36,337.8299865722656,73.0,76.45,74.725,61.15,4.6,0.30930256134033207,-0.83182,0.0043,-0.02569,0.47448,71.927,87.2,4,615
GOOGL270115P00415000,GOOGL,2027-01-15,114,P,415.0,22.84,337.8299865722656,77.55,81.55,79.55,66.7,5.0,0.3242865423583984,-0.83538,0.00405,-0.0272,0.46796,76.949,87.6,3,77
GOOGL270115P00420000,GOOGL,2027-01-15,114,P,420.0,24.32,337.8299865722656,82.0,86.05,84.025,70.95,4.8,0.3248968878173828,-0.8507,0.00379,-0.02212,0.43883,81.3356,88.9,3,255
GOOGL270219C00255000,GOOGL,2027-02-19,149,C,255.0,-24.52,337.8299865722656,89.55,92.85,91.2,113.45,3.6,0.5048267291259765,0.86081,0.00203,-0.10242,0.47853,95.9323,77.7,1,143
GOOGL270219C00260000,GOOGL,2027-02-19,149,C,260.0,-23.04,337.8299865722656,85.7,88.35,87.025,94.0,3.0,0.49088033538818365,0.85171,0.00218,-0.10378,0.49942,91.4524,76.7,1,471
GOOGL270219C00265000,GOOGL,2027-02-19,149,C,265.0,-21.56,337.8299865722656,81.3,84.8,83.05,83.94,4.2,0.49359637268066414,0.83631,0.00232,-0.10962,0.53305,87.8687,74.7,11,62
GOOGL270219C00270000,GOOGL,2027-02-19,149,C,270.0,-20.08,337.8299865722656,77.35,80.65,79.0,81.89,4.2,0.4841665353393555,0.82432,0.00247,-0.11197,0.55777,83.7144,73.3,8,193
GOOGL270219C00275000,GOOGL,2027-02-19,149,C,275.0,-18.6,337.8299865722656,73.15,75.8,74.475,75.76,3.6,0.46249927154541026,0.81577,0.00267,-0.11074,0.57467,78.8959,72.7,4,103
GOOGL270219C00280000,GOOGL,2027-02-19,149,C,280.0,-17.12,337.8299865722656,69.15,71.85,70.5,72.22,3.8,0.45514460876464846,0.80156,0.00284,-0.11333,0.60145,74.9262,71.1,5,637
GOOGL270219C00285000,GOOGL,2027-02-19,149,C,285.0,-15.64,337.8299865722656,65.3,67.95,66.625,80.9,4.0,0.4475763250732422,0.78662,0.00301,-0.11565,0.62791,71.0037,69.5,4,18
GOOGL270219C00290000,GOOGL,2027-02-19,149,C,290.0,-14.16,337.8299865722656,61.5,64.15,62.825,62.94,4.2,0.44043528320312497,0.77072,0.00319,-0.11787,0.65426,67.1718,67.7,1,67
GOOGL270219C00295000,GOOGL,2027-02-19,149,C,295.0,-12.68,337.8299865722656,57.9,60.5,59.2,65.56,4.4,0.4343928631591797,0.75366,0.00336,-0.12015,0.68053,63.4831,65.9,1,112
GOOGL270219C00300000,GOOGL,2027-02-19,149,C,300.0,-11.2,337.8299865722656,55.25,57.0,56.125,56.25,3.1,0.429265961303711,0.73555,0.00353,-0.1224,0.70625,59.9363,63.9,18,225
GOOGL270219C00305000,GOOGL,2027-02-19,149,C,305.0,-9.72,337.8299865722656,50.95,53.75,52.35,52.5,5.3,0.42624475128173833,0.71617,0.00368,-0.12492,0.73136,56.6287,61.8,4,85
GOOGL270219C00310000,GOOGL,2027-02-19,149,C,310.0,-8.24,337.8299865722656,47.75,49.9,48.825,49.05,4.4,0.4141904284667969,0.69808,0.0039,-0.12468,0.75264,52.7383,60.0,6,77
GOOGL270219C00315000,GOOGL,2027-02-19,149,C,315.0,-6.76,337.8299865722656,44.55,47.35,45.95,46.8,6.1,0.4175778457641601,0.67611,0.00399,-0.12825,0.77577,50.1057,57.5,6,96
GOOGL270219C00320000,GOOGL,2027-02-19,149,C,320.0,-5.28,337.8299865722656,41.8,44.0,42.9,42.9,5.1,0.40955180297851557,0.65559,0.00417,-0.12838,0.79475,46.6945,55.5,6,166
GOOGL270219C00325000,GOOGL,2027-02-19,149,C,325.0,-3.8,337.8299865722656,38.95,41.1,40.025,40.15,5.4,0.40582869567871094,0.6338,0.0043,-0.12928,0.8122,43.7189,53.3,11,37
GOOGL270219C00330000,GOOGL,2027-02-19,149,C,330.0,-2.32,337.8299865722656,36.5,37.95,37.225,37.45,3.9,0.39787894607543944,0.61164,0.00446,-0.12865,0.82716,40.4976,51.2,23,748
GOOGL270219C00335000,GOOGL,2027-02-19,149,C,335.0,-0.84,337.8299865722656,34.0,35.15,34.575,35.0,3.3,0.39284359603881835,0.58865,0.00459,-0.12837,0.83976,37.6158,48.9,64,263
GOOGL270219C00340000,GOOGL,2027-02-19,149,C,340.0,0.64,337.8299865722656,32.2,33.5,32.85,32.5,4.0,0.39990834472656256,0.56616,0.00456,-0.131,0.84923,35.8672,46.5,124,412
GOOGL270219C00345000,GOOGL,2027-02-19,149,C,345.0,2.12,337.8299865722656,29.45,30.25,29.85,30.3,2.7,0.38706057281494133,0.54171,0.00475,-0.12772,0.85639,32.5378,44.3,54,498
GOOGL270219C00350000,GOOGL,2027-02-19,149,C,350.0,3.6,337.8299865722656,27.3,28.9,28.1,27.62,5.7,0.39493402923583987,0.52019,0.00467,-0.12983,0.86,31.0907,42.0,259,1406
GOOGL270219C00355000,GOOGL,2027-02-19,149,C,355.0,5.08,337.8299865722656,25.05,26.25,25.65,25.7,4.7,0.3864807446289062,0.49554,0.00478,-0.12691,0.86105,28.3504,39.8,20,451
GOOGL270219C00360000,GOOGL,2027-02-19,149,C,360.0,6.56,337.8299865722656,23.4,24.1,23.75,23.84,2.9,0.3825134991455078,0.47167,0.00482,-0.12485,0.85893,26.1047,37.6,136,1153
GOOGL270219C00365000,GOOGL,2027-02-19,149,C,365.0,8.04,337.8299865722656,21.3,22.55,21.925,21.94,5.7,0.38434453552246095,0.44997,0.00477,-0.12416,0.85432,24.463,35.5,99,527
GOOGL270219C00370000,GOOGL,2027-02-19,149,C,370.0,9.52,337.8299865722656,19.6,20.85,20.225,20.12,6.2,0.3832153964233398,0.42764,0.00474,-0.12226,0.8469,22.6706,33.5,23,338
GOOGL270219C00375000,GOOGL,2027-02-19,149,C,375.0,11.0,337.8299865722656,18.05,19.25,18.65,19.15,6.4,0.3820862573242187,0.40569,0.0047,-0.12003,0.83693,20.9789,31.5,33,276
GOOGL270219C00380000,GOOGL,2027-02-19,149,C,380.0,12.48,337.8299865722656,16.75,17.8,17.275,17.25,6.1,0.38162849822998035,0.38456,0.00464,-0.11773,0.82479,19.4406,29.6,31,1462
GOOGL270219C00385000,GOOGL,2027-02-19,149,C,385.0,13.96,337.8299865722656,15.2,16.45,15.825,16.29,7.9,0.38129280822753897,0.36404,0.00456,-0.11522,0.8106,18.0049,27.7,13,184
GOOGL270219C00390000,GOOGL,2027-02-19,149,C,390.0,15.44,337.8299865722656,14.35,14.75,14.55,14.75,2.7,0.3752809054565429,0.34056,0.00453,-0.11049,0.79138,16.208,25.8,77,492
GOOGL270219C00395000,GOOGL,2027-02-19,149,C,395.0,16.92,337.8299865722656,12.8,14.0,13.4,13.81,9.0,0.38049935913085936,0.32478,0.00438,-0.1095,0.77665,15.387,24.3,42,259
GOOGL270219C00400000,GOOGL,2027-02-19,149,C,400.0,18.4,337.8299865722656,11.9,12.95,12.425,12.4,8.5,0.38086556640624997,0.30664,0.00427,-0.10665,0.75786,14.26,22.7,146,1620
GOOGL270219C00410000,GOOGL,2027-02-19,149,C,410.0,21.36,337.8299865722656,10.05,10.75,10.4,10.4,6.7,0.3770509072875976,0.26913,0.00406,-0.09881,0.71253,11.9014,19.6,40,933
GOOGL270219C00420000,GOOGL,2027-02-19,149,C,420.0,24.32,337.8299865722656,8.15,9.3,8.725,8.7,13.2,0.3802552209472656,0.23965,0.00378,-0.0933,0.67048,10.321,17.1,95,732
GOOGL270219P00255000,GOOGL,2027-02-19,149,P,255.0,-24.52,337.8299865722656,3.0,3.95,3.475,3.16,27.3,0.36865865722656255,-0.0836,0.00193,-0.03757,0.33171,3.3562,12.6,1,341
GOOGL270219P00260000,GOOGL,2027-02-19,149,P,260.0,-23.04,337.8299865722656,3.55,4.55,4.05,3.9,24.7,0.36475244628906256,-0.09506,0.00215,-0.04073,0.36499,3.8756,14.1,15,1507
GOOGL270219P00265000,GOOGL,2027-02-19,149,P,265.0,-21.56,337.8299865722656,4.2,5.25,4.725,4.25,22.2,0.36157864990234373,-0.108,0.00238,-0.04411,0.40055,4.4862,15.7,4,855
GOOGL270219P00270000,GOOGL,2027-02-19,149,P,270.0,-20.08,337.8299865722656,4.9,6.0,5.45,5.35,20.2,0.3577945080566406,-0.12178,0.00262,-0.04731,0.43628,5.1425,17.4,4,447
GOOGL270219P00275000,GOOGL,2027-02-19,149,P,275.0,-18.6,337.8299865722656,5.7,6.9,6.3,5.95,19.0,0.3553226089477538,-0.13745,0.00287,-0.05083,0.47446,5.9342,19.4,101,549
GOOGL270219P00280000,GOOGL,2027-02-19,149,P,280.0,-17.12,337.8299865722656,6.65,7.85,7.25,6.85,16.6,0.35202674346923823,-0.15391,0.00312,-0.05403,0.51193,6.772,21.3,67,2302
GOOGL270219P00285000,GOOGL,2027-02-19,149,P,285.0,-15.64,337.8299865722656,7.65,8.9,8.275,7.95,15.1,0.3487919125366211,-0.17162,0.00338,-0.05712,0.54953,7.7007,23.4,2,1138
GOOGL270219P00290000,GOOGL,2027-02-19,149,P,290.0,-14.16,337.8299865722656,9.0,9.75,9.375,9.4,8.0,0.34073535247802733,-0.18805,0.00367,-0.05866,0.58203,8.441,25.2,136,2474
GOOGL270219P00295000,GOOGL,2027-02-19,149,P,295.0,-12.68,337.8299865722656,10.0,11.15,10.575,10.48,10.9,0.3398808688354492,-0.20953,0.00392,-0.06204,0.62125,9.6916,27.7,19,2431
GOOGL270219P00300000,GOOGL,2027-02-19,149,P,300.0,-11.2,337.8299865722656,11.85,12.35,12.1,11.55,4.1,0.33432672515869144,-0.22989,0.00421,-0.06382,0.65523,10.7555,30.0,42,2472
GOOGL270219P00305000,GOOGL,2027-02-19,149,P,305.0,-9.72,337.8299865722656,12.85,13.8,13.325,13.45,7.1,0.33078672149658206,-0.2525,0.00447,-0.06587,0.68953,12.0518,32.4,82,1363
GOOGL270219P00310000,GOOGL,2027-02-19,149,P,310.0,-8.24,337.8299865722656,14.6,16.1,15.35,15.26,9.8,0.33685965881347657,-0.27997,0.00463,-0.07021,0.72656,14.1571,35.7,889,763
GOOGL270219P00315000,GOOGL,2027-02-19,149,P,315.0,-6.76,337.8299865722656,16.2,17.95,17.075,17.2,10.2,0.33495232925415036,-0.30494,0.00484,-0.07195,0.75599,15.8357,38.4,40,1036
GOOGL270219P00320000,GOOGL,2027-02-19,149,P,320.0,-5.28,337.8299865722656,18.1,19.35,18.725,18.43,6.7,0.32581240600585937,-0.32888,0.00514,-0.0713,0.78062,17.0775,40.7,95,874
GOOGL270219P00325000,GOOGL,2027-02-19,149,P,325.0,-3.8,337.8299865722656,20.2,22.05,21.125,20.65,8.8,0.331061376953125,-0.35718,0.00522,-0.0741,0.80532,19.5746,43.9,38,517
GOOGL270219P00330000,GOOGL,2027-02-19,149,P,330.0,-2.32,337.8299865722656,22.5,24.3,23.4,23.33,7.7,0.3290624955749511,-0.38425,0.00538,-0.07446,0.8246,21.6377,46.6,152,668
GOOGL270219P00335000,GOOGL,2027-02-19,149,P,335.0,-0.84,337.8299865722656,24.85,25.95,25.4,25.8,4.3,0.31842722595214834,-0.41164,0.00566,-0.07197,0.83989,23.1093,49.2,107,584
GOOGL270219P00340000,GOOGL,2027-02-19,149,P,340.0,0.64,337.8299865722656,27.3,29.3,28.3,27.55,7.1,0.32605654418945307,-0.43967,0.0056,-0.07398,0.85124,26.2509,52.3,9,1219
GOOGL270219P00345000,GOOGL,2027-02-19,149,P,345.0,2.12,337.8299865722656,29.8,31.5,30.65,30.18,5.5,0.31867136413574215,-0.46858,0.00578,-0.07135,0.85843,28.2561,55.0,4,674
GOOGL270219P00350000,GOOGL,2027-02-19,149,P,350.0,3.6,337.8299865722656,33.35,34.0,33.675,33.5,1.9,0.31317825500488283,-0.49809,0.0059,-0.06871,0.86109,30.5555,57.7,118,541
GOOGL270219P00355000,GOOGL,2027-02-19,149,P,355.0,5.08,337.8299865722656,36.15,37.85,37.0,36.05,4.6,0.3218146432495117,-0.52348,0.00573,-0.0697,0.85961,34.2062,60.4,1,210
GOOGL270219P00360000,GOOGL,2027-02-19,149,P,360.0,6.56,337.8299865722656,38.5,41.0,39.75,34.25,6.3,0.32080757324218745,-0.55091,0.00571,-0.06748,0.85408,37.1569,63.0,1,1199
GOOGL270219P00365000,GOOGL,2027-02-19,149,P,365.0,8.04,337.8299865722656,41.7,44.2,42.95,30.93,5.8,0.3188849850463866,-0.57834,0.00568,-0.06455,0.84445,40.1576,65.6,10,255
GOOGL270219P00370000,GOOGL,2027-02-19,149,P,370.0,9.52,337.8299865722656,45.05,47.7,46.375,35.95,5.7,0.31911386459350577,-0.60415,0.00559,-0.06192,0.83159,43.4632,68.0,11,91
GOOGL270219P00375000,GOOGL,2027-02-19,149,P,375.0,11.0,337.8299865722656,48.4,51.15,49.775,38.9,5.5,0.3172980868530273,-0.63043,0.00551,-0.05828,0.81466,46.7181,70.4,10,42
GOOGL270219P00380000,GOOGL,2027-02-19,149,P,380.0,12.48,337.8299865722656,52.35,54.85,53.6,42.12,4.7,0.31722179367065423,-0.65486,0.00538,-0.05492,0.79539,50.2296,72.6,1,40
GOOGL270219P00385000,GOOGL,2027-02-19,149,P,385.0,13.96,337.8299865722656,55.75,58.45,57.1,51.7,4.7,0.3144294631958008,-0.68042,0.00527,-0.05033,0.77147,53.638,74.8,2,3
GOOGL270219P00390000,GOOGL,2027-02-19,149,P,390.0,15.44,337.8299865722656,0.0,0.0,58.9,58.9,,1.0000000000000003e-05,-1.0,0.0,0.04205,0.0,45.8535,100.0,41,0
GOOGL270219P00395000,GOOGL,2027-02-19,149,P,395.0,16.92,337.8299865722656,62.7,66.3,64.5,54.85,5.6,0.31345291046142576,-0.72541,0.00493,-0.04215,0.71969,61.1265,78.8,3,5
GOOGL270219P00400000,GOOGL,2027-02-19,149,P,400.0,18.4,337.8299865722656,67.55,70.2,68.875,63.64,3.8,0.3105232522583008,-0.74855,0.00476,-0.03687,0.68802,64.8443,80.7,8,21
GOOGL270219P00410000,GOOGL,2027-02-19,149,P,410.0,21.36,337.8299865722656,75.35,78.7,77.025,84.25,4.3,0.3115913568115234,-0.78552,0.00434,-0.02877,0.62979,73.0167,83.9,18,21
GOOGL270319C00255000,GOOGL,2027-03-19,177,C,255.0,-24.52,337.8299865722656,91.3,95.15,93.225,107.05,4.1,0.5037891418457032,0.84907,0.00198,-0.099,0.55077,98.6992,75.2,100,181
GOOGL270319C00260000,GOOGL,2027-03-19,177,C,260.0,-23.04,337.8299865722656,87.05,90.25,88.65,92.59,3.6,0.48282377532958987,0.84246,0.00212,-0.09819,0.56661,93.8491,74.8,1,92
GOOGL270319C00265000,GOOGL,2027-03-19,177,C,265.0,-21.56,337.8299865722656,83.45,86.1,84.775,85.75,3.1,0.47400428344726564,0.83133,0.00226,-0.10026,0.59234,89.7004,73.5,2,44
GOOGL270319C00270000,GOOGL,2027-03-19,177,C,270.0,-20.08,337.8299865722656,79.4,82.05,80.725,80.7,3.3,0.46603927520751964,0.81928,0.0024,-0.10242,0.61886,85.6448,72.2,64,363
GOOGL270319C00275000,GOOGL,2027-03-19,177,C,275.0,-18.6,337.8299865722656,75.35,78.1,76.725,87.75,3.6,0.4587761642456055,0.80635,0.00254,-0.10461,0.64587,81.6817,70.7,1,152
GOOGL270319C00280000,GOOGL,2027-03-19,177,C,280.0,-17.12,337.8299865722656,71.55,74.2,72.875,72.87,3.6,0.4513909841918946,0.7928,0.00269,-0.1066,0.67266,77.7636,69.2,1,1223
GOOGL270319C00285000,GOOGL,2027-03-19,177,C,285.0,-15.64,337.8299865722656,67.8,70.45,69.125,71.81,3.8,0.4452264950561523,0.77818,0.00284,-0.10872,0.69986,73.9862,67.6,1,269
GOOGL270319C00290000,GOOGL,2027-03-19,177,C,290.0,-14.16,337.8299865722656,64.65,66.8,65.725,67.75,3.3,0.43945873046875,0.76277,0.00299,-0.11075,0.72671,70.3022,65.9,109,525
GOOGL270319C00295000,GOOGL,2027-03-19,177,C,295.0,-12.68,337.8299865722656,60.9,62.8,61.85,61.95,3.1,0.4282588912963867,0.74817,0.00317,-0.11123,0.75048,66.279,64.4,13,81
GOOGL270319C00300000,GOOGL,2027-03-19,177,C,300.0,-11.2,337.8299865722656,58.0,59.05,58.525,58.5,1.8,0.4195309512329102,0.73203,0.00334,-0.11209,0.77491,62.4926,62.8,30,1084
GOOGL270319C00305000,GOOGL,2027-03-19,177,C,305.0,-9.72,337.8299865722656,53.85,56.5,55.175,55.55,4.8,0.4244137149047852,0.71202,0.00342,-0.11603,0.80264,59.8569,60.4,11,360
GOOGL270319C00310000,GOOGL,2027-03-19,177,C,310.0,-8.24,337.8299865722656,50.65,53.3,51.975,52.45,5.1,0.4201412966918946,0.69372,0.00355,-0.11746,0.82558,56.5943,58.5,10,346
GOOGL270319C00315000,GOOGL,2027-03-19,177,C,315.0,-6.76,337.8299865722656,47.5,50.1,48.8,50.15,5.3,0.414846549835205,0.67501,0.00369,-0.11837,0.8467,53.3312,56.5,16,475
GOOGL270319C00320000,GOOGL,2027-03-19,177,C,320.0,-5.28,337.8299865722656,44.65,47.2,45.925,46.74,5.6,0.41190163299560545,0.65545,0.0038,-0.11955,0.86635,50.3558,54.5,13,611
GOOGL270319C00325000,GOOGL,2027-03-19,177,C,325.0,-3.8,337.8299865722656,42.1,44.2,43.15,44.0,4.9,0.40677473114013674,0.63563,0.00393,-0.1199,0.88376,47.2824,52.5,2,648
GOOGL270319C00330000,GOOGL,2027-03-19,177,C,330.0,-2.32,337.8299865722656,40.1,41.35,40.725,40.7,3.1,0.40225817474365233,0.61525,0.00404,-0.12008,0.89909,44.3529,50.5,69,647
GOOGL270319C00335000,GOOGL,2027-03-19,177,C,335.0,-0.84,337.8299865722656,37.0,38.7,37.85,38.1,4.5,0.39884024017333986,0.59445,0.00413,-0.12021,0.91211,41.6166,48.5,66,1087
GOOGL270319C00340000,GOOGL,2027-03-19,177,C,340.0,0.64,337.8299865722656,35.0,35.6,35.3,35.55,1.7,0.38954773056030273,0.57281,0.00428,-0.11855,0.92286,38.4352,46.5,202,1311
GOOGL270319C00345000,GOOGL,2027-03-19,177,C,345.0,2.12,337.8299865722656,32.55,34.2,33.375,33.4,4.9,0.39731437652587887,0.55272,0.00423,-0.12083,0.93032,36.9298,44.3,144,543
GOOGL270319C00350000,GOOGL,2027-03-19,177,C,350.0,3.6,337.8299865722656,30.25,32.1,31.175,30.8,5.9,0.3965209274291992,0.53194,0.00426,-0.12068,0.93552,34.735,42.2,272,2299
GOOGL270319C00355000,GOOGL,2027-03-19,177,C,355.0,5.08,337.8299865722656,28.0,29.4,28.7,29.3,4.9,0.3882965223693848,0.50941,0.00437,-0.11828,0.93827,31.9416,40.3,44,717
GOOGL270319C00360000,GOOGL,2027-03-19,177,C,360.0,6.56,337.8299865722656,26.05,27.1,26.575,26.79,4.0,0.383245913696289,0.48722,0.00442,-0.11636,0.93805,29.5428,38.2,309,1242
GOOGL270319C00365000,GOOGL,2027-03-19,177,C,365.0,8.04,337.8299865722656,24.5,25.6,25.05,24.8,4.4,0.3857025541687011,0.46753,0.00438,-0.11617,0.93542,27.945,36.3,104,1005
GOOGL270319C00370000,GOOGL,2027-03-19,177,C,370.0,9.52,337.8299865722656,22.75,23.85,23.3,23.3,4.7,0.38448186325073236,0.44693,0.00437,-0.11472,0.93022,26.097,34.4,41,1444
GOOGL270319C00375000,GOOGL,2027-03-19,177,C,375.0,11.0,337.8299865722656,20.85,22.2,21.525,21.5,6.3,0.3833374655151367,0.42666,0.00435,-0.11304,0.92262,24.3488,32.6,57,925
GOOGL270319C00380000,GOOGL,2027-03-19,177,C,380.0,12.48,337.8299865722656,19.65,20.85,20.25,20.01,5.9,0.3845581564331054,0.40791,0.00429,-0.11182,0.91341,22.9066,30.8,91,1399
GOOGL270319C00385000,GOOGL,2027-03-19,177,C,385.0,13.96,337.8299865722656,17.85,19.25,18.55,19.25,7.5,0.3820252227783203,0.38768,0.00426,-0.10927,0.90108,21.2083,29.1,24,1016
GOOGL270319C00390000,GOOGL,2027-03-19,177,C,390.0,15.44,337.8299865722656,17.0,17.9,17.45,17.22,5.2,0.38138436004638665,0.36886,0.0042,-0.10709,0.88735,19.7665,27.4,23,1888
GOOGL270319C00395000,GOOGL,2027-03-19,177,C,395.0,16.92,337.8299865722656,15.3,16.65,15.975,16.15,8.5,0.3809723768615722,0.35066,0.00414,-0.1048,0.87198,18.4252,25.8,214,907
GOOGL270319C00400000,GOOGL,2027-03-19,177,C,400.0,18.4,337.8299865722656,14.6,15.0,14.8,14.8,2.7,0.3748231463623046,0.32912,0.0041,-0.10047,0.85106,16.6716,24.1,794,6560
GOOGL270319C00405000,GOOGL,2027-03-19,177,C,405.0,19.88,337.8299865722656,13.05,13.95,13.5,13.6,6.7,0.37494521545410153,0.31217,0.00401,-0.09803,0.83248,15.5363,22.6,26,655
GOOGL270319C00410000,GOOGL,2027-03-19,177,C,410.0,21.36,337.8299865722656,12.3,13.35,12.825,12.73,8.2,0.37995004821777345,0.29939,0.00389,-0.09717,0.81721,14.8683,21.5,14,1021
GOOGL270319C00415000,GOOGL,2027-03-19,177,C,415.0,22.84,337.8299865722656,11.6,12.4,12.0,12.25,6.7,0.37982797912597654,0.28358,0.00379,-0.09447,0.79679,13.8389,20.1,14,320
GOOGL270319C00420000,GOOGL,2027-03-19,177,C,420.0,24.32,337.8299865722656,10.55,11.5,11.025,11.0,8.6,0.3795533236694336,0.26824,0.00369,-0.09165,0.7753,12.861,18.9,204,2115
GOOGL270319P00255000,GOOGL,2027-03-19,177,P,255.0,-24.52,337.8299865722656,3.85,5.0,4.425,4.05,26.0,0.36344020355224615,-0.09433,0.00197,-0.03666,0.39555,4.207,14.4,1,778
GOOGL270319P00260000,GOOGL,2027-03-19,177,P,260.0,-23.04,337.8299865722656,4.5,5.4,4.95,5.05,18.2,0.3536441589355468,-0.1029,0.00215,-0.03781,0.42154,4.5381,15.4,22,5908
GOOGL270319P00265000,GOOGL,2027-03-19,177,P,265.0,-21.56,337.8299865722656,5.25,6.5,5.875,5.7,21.3,0.3570926107788086,-0.11924,0.00237,-0.04224,0.4685,5.5009,17.6,79,1121
GOOGL270319P00270000,GOOGL,2027-03-19,177,P,270.0,-20.08,337.8299865722656,6.3,6.8,6.55,6.7,7.6,0.3435734588623046,-0.12768,0.00258,-0.04234,0.49148,5.7363,18.5,125,8013
GOOGL270319P00275000,GOOGL,2027-03-19,177,P,275.0,-18.6,337.8299865722656,6.95,8.35,7.65,7.3,18.3,0.3513248461914062,-0.14855,0.0028,-0.04781,0.54496,7.1112,21.2,22,1266
GOOGL270319P00280000,GOOGL,2027-03-19,177,P,280.0,-17.12,337.8299865722656,7.95,9.4,8.675,8.53,16.7,0.3482731188964844,-0.16468,0.00303,-0.0504,0.58325,8.0279,23.2,9,5316
GOOGL270319P00285000,GOOGL,2027-03-19,177,P,285.0,-15.64,337.8299865722656,9.65,9.95,9.8,9.9,3.1,0.3362798306274414,-0.1772,0.00328,-0.05057,0.61124,8.4793,24.4,266,1462
GOOGL270319P00290000,GOOGL,2027-03-19,177,P,290.0,-14.16,337.8299865722656,10.75,11.6,11.175,11.15,7.6,0.33954517883300783,-0.1988,0.00349,-0.05449,0.65625,9.9503,27.1,371,3791
GOOGL270319P00295000,GOOGL,2027-03-19,177,P,295.0,-12.68,337.8299865722656,11.6,13.0,12.3,12.1,11.4,0.3373479351806641,-0.21855,0.00372,-0.05681,0.69393,11.1869,29.4,15,2675
GOOGL270319P00300000,GOOGL,2027-03-19,177,P,300.0,-11.2,337.8299865722656,13.0,14.35,13.675,13.95,9.9,0.3330602583312989,-0.23834,0.00395,-0.05837,0.72858,12.3762,31.6,437,8680
GOOGL270319P00305000,GOOGL,2027-03-19,177,P,305.0,-9.72,337.8299865722656,14.55,16.4,15.475,14.5,12.0,0.3361577615356446,-0.26219,0.00412,-0.06151,0.76637,14.2245,34.4,12,1958
GOOGL270319P00310000,GOOGL,2027-03-19,177,P,310.0,-8.24,337.8299865722656,17.05,17.65,17.35,17.65,3.5,0.3278875805664062,-0.28243,0.00438,-0.06152,0.79524,15.3139,36.4,180,3600
GOOGL270319P00315000,GOOGL,2027-03-19,177,P,315.0,-6.76,337.8299865722656,18.05,20.05,19.05,18.51,10.5,0.3319158605957031,-0.30776,0.0045,-0.06426,0.82733,17.498,39.3,206,3222
GOOGL270319P00320000,GOOGL,2027-03-19,177,P,320.0,-5.28,337.8299865722656,20.25,21.5,20.875,20.9,6.0,0.3234625759887695,-0.33016,0.00476,-0.06358,0.85214,18.7696,41.5,46,4866
GOOGL270319P00325000,GOOGL,2027-03-19,177,P,325.0,-3.8,337.8299865722656,22.95,24.05,23.5,23.15,4.7,0.3260718028259277,-0.35589,0.00486,-0.06526,0.87661,21.1007,44.3,260,1516
GOOGL270319P00330000,GOOGL,2027-03-19,177,P,330.0,-2.32,337.8299865722656,25.15,25.75,25.45,25.3,2.4,0.3178626564025879,-0.38047,0.00509,-0.0639,0.89608,22.6046,46.7,345,3511
GOOGL270319P00335000,GOOGL,2027-03-19,177,P,335.0,-0.84,337.8299865722656,26.85,29.0,27.925,27.95,7.7,0.32507999145507804,-0.4067,0.00507,-0.06595,0.91275,25.6198,49.6,20,1418
GOOGL270319P00340000,GOOGL,2027-03-19,177,P,340.0,0.64,337.8299865722656,29.65,30.65,30.15,29.75,3.3,0.31371230728149413,-0.43301,0.00533,-0.063,0.92527,27.0654,52.0,150,2374
GOOGL270319P00345000,GOOGL,2027-03-19,177,P,345.0,2.12,337.8299865722656,32.55,34.25,33.4,32.84,5.1,0.3217841259765625,-0.45824,0.00524,-0.06454,0.93338,30.4335,54.7,81,1390
GOOGL270319P00350000,GOOGL,2027-03-19,177,P,350.0,3.6,337.8299865722656,34.7,36.35,35.525,35.05,4.6,0.3125373922729492,-0.48591,0.00542,-0.06128,0.93794,32.3133,57.2,15,3323
GOOGL270319P00355000,GOOGL,2027-03-19,177,P,355.0,5.08,337.8299865722656,38.4,40.05,39.225,37.95,4.2,0.3189765368652343,-0.50989,0.00531,-0.06174,0.93824,35.7867,59.8,13,569
GOOGL270319P00360000,GOOGL,2027-03-19,177,P,360.0,6.56,337.8299865722656,40.45,43.1,41.775,40.7,6.3,0.31723705230712884,-0.53564,0.00532,-0.05971,0.93478,38.6138,62.2,16,1761
GOOGL270319P00365000,GOOGL,2027-03-19,177,P,365.0,8.04,337.8299865722656,43.55,46.35,44.95,44.0,6.2,0.3163673100280761,-0.56077,0.0053,-0.05758,0.92762,41.6406,64.6,2,2230
GOOGL270319P00370000,GOOGL,2027-03-19,177,P,370.0,9.52,337.8299865722656,46.9,49.5,48.2,45.75,5.4,0.3131172204589844,-0.58674,0.00529,-0.05444,0.91626,44.5643,66.9,11,567
GOOGL270319P00375000,GOOGL,2027-03-19,177,P,375.0,11.0,337.8299865722656,50.25,52.9,51.575,39.05,5.1,0.3113777359008788,-0.61161,0.00523,-0.05143,0.90156,47.7426,69.2,29,755
GOOGL270319P00380000,GOOGL,2027-03-19,177,P,380.0,12.48,337.8299865722656,53.9,56.45,55.175,54.35,4.6,0.31009601043701174,-0.63568,0.00515,-0.04828,0.88372,51.0731,71.3,1,2099
GOOGL270319P00385000,GOOGL,2027-03-19,177,P,385.0,13.96,337.8299865722656,56.7,60.05,58.375,45.19,5.7,0.3081581636047363,-0.6596,0.00506,-0.04468,0.86238,54.4536,73.4,2,213
GOOGL270319P00390000,GOOGL,2027-03-19,177,P,390.0,15.44,337.8299865722656,60.35,63.8,62.075,50.25,5.6,0.30680014495849606,-0.68244,0.00494,-0.04106,0.83859,57.9886,75.4,18,323
GOOGL270319P00395000,GOOGL,2027-03-19,177,P,395.0,16.92,337.8299865722656,64.95,67.6,66.275,51.8,4.0,0.30486229812622073,-0.70503,0.00481,-0.03705,0.81167,61.5758,77.4,10,279
GOOGL270319P00400000,GOOGL,2027-03-19,177,P,400.0,18.4,337.8299865722656,68.7,71.55,70.125,70.0,4.1,0.3036568658447265,-0.72621,0.00466,-0.03314,0.78327,65.3188,79.2,4,330
GOOGL270319P00405000,GOOGL,2027-03-19,177,P,405.0,19.88,337.8299865722656,72.5,75.8,74.15,58.65,4.5,0.30547264358520504,-0.74375,0.00448,-0.03022,0.75736,69.38,80.7,20,19
GOOGL270319P00410000,GOOGL,2027-03-19,177,P,410.0,21.36,337.8299865722656,0.0,0.0,77.1,77.1,,1.0000000000000003e-05,-1.0,0.0,0.04407,0.0,64.2938,100.0,14,0
GOOGL270319P00415000,GOOGL,2027-03-19,177,P,415.0,22.84,337.8299865722656,0.0,0.0,78.4,78.4,,1.0000000000000003e-05,-1.0,0.0,0.04461,0.0,69.1977,100.0,0,0
GOOGL270319P00420000,GOOGL,2027-03-19,177,P,420.0,24.32,337.8299865722656,84.8,88.1,86.45,74.45,3.8,0.2978585839843749,-0.803,0.00396,-0.0163,0.65264,81.0821,85.5,1,75
GOOGL270416C00270000,GOOGL,2027-04-16,205,C,270.0,-20.08,337.8299865722656,81.45,84.75,83.1,86.23,4.0,0.4708457456970215,0.80928,0.00228,-0.09932,0.68864,88.7832,69.9,1,1
GOOGL270416C00280000,GOOGL,2027-04-16,205,C,280.0,-17.12,337.8299865722656,73.15,76.55,74.85,95.0,4.5,0.4500787414550781,0.78579,0.00256,-0.1013,0.73819,80.5799,67.5,1,5
GOOGL270416C00285000,GOOGL,2027-04-16,205,C,285.0,-15.64,337.8299865722656,70.9,73.15,72.025,72.0,3.1,0.4476373596191406,0.77084,0.00267,-0.10385,0.7672,77.1377,65.8,6,1
GOOGL270416C00295000,GOOGL,2027-04-16,205,C,295.0,-12.68,337.8299865722656,62.45,66.35,64.4,73.9,6.1,0.4397791618347168,0.7403,0.00291,-0.10774,0.82073,70.249,62.4,1,3
GOOGL270416C00300000,GOOGL,2027-04-16,205,C,300.0,-11.2,337.8299865722656,60.0,61.95,60.975,60.9,3.2,0.4231319894409179,0.72705,0.0031,-0.10656,0.84167,65.8427,61.3,17,11
GOOGL270416C00305000,GOOGL,2027-04-16,205,C,305.0,-9.72,337.8299865722656,56.4,58.85,57.625,59.55,4.3,0.4206295730590821,0.70993,0.00321,-0.10834,0.86674,62.6786,59.4,1,3
GOOGL270416C00310000,GOOGL,2027-04-16,205,C,310.0,-8.24,337.8299865722656,53.25,55.75,54.5,55.44,4.6,0.41715060394287107,0.69258,0.00333,-0.10967,0.88994,59.5139,57.6,11,4
GOOGL270416C00315000,GOOGL,2027-04-16,205,C,315.0,-6.76,337.8299865722656,49.6,53.6,51.6,52.05,7.8,0.4227962994384765,0.6737,0.00337,-0.11279,0.91272,57.2644,55.3,2,2
GOOGL270416C00320000,GOOGL,2027-04-16,205,C,320.0,-5.28,337.8299865722656,47.35,49.2,48.275,49.35,3.8,0.4037535211181641,0.65716,0.0036,-0.11018,0.93061,52.8353,54.1,6,89
GOOGL270416C00325000,GOOGL,2027-04-16,205,C,325.0,-3.8,337.8299865722656,44.55,47.15,45.85,46.5,5.7,0.4084074052429199,0.63793,0.00363,-0.1126,0.94905,50.6835,51.9,2,18
GOOGL270416C00330000,GOOGL,2027-04-16,205,C,330.0,-2.32,337.8299865722656,41.9,44.0,42.95,43.63,4.9,0.4007628283691406,0.61907,0.00376,-0.11202,0.96471,47.4589,50.1,33,31
GOOGL270416C00335000,GOOGL,2027-04-16,205,C,335.0,-0.84,337.8299865722656,39.6,41.7,40.65,41.6,5.2,0.400823862915039,0.59986,0.00381,-0.1129,0.97823,45.0641,48.1,43,26
GOOGL270416C00340000,GOOGL,2027-04-16,205,C,340.0,0.64,337.8299865722656,37.65,39.4,38.525,38.15,4.5,0.39990834472656256,0.58061,0.00386,-0.11332,0.98935,42.6696,46.2,32,33
GOOGL270416C00345000,GOOGL,2027-04-16,205,C,345.0,2.12,337.8299865722656,34.95,36.65,35.8,35.88,4.7,0.3935760105895996,0.56058,0.00396,-0.11223,0.99837,39.8278,44.3,8,47
GOOGL270416C00350000,GOOGL,2027-04-16,205,C,350.0,3.6,337.8299865722656,32.65,34.4,33.525,33.6,5.2,0.3913024737548828,0.54084,0.00401,-0.11181,1.00474,37.479,42.4,52,109
GOOGL270416C00355000,GOOGL,2027-04-16,205,C,355.0,5.08,337.8299865722656,31.0,32.3,31.65,31.55,4.1,0.38959350646972657,0.52119,0.00404,-0.11127,1.00862,35.2782,40.6,6,113
GOOGL270416C00360000,GOOGL,2027-04-16,205,C,360.0,6.56,337.8299865722656,28.7,30.3,29.5,30.23,5.4,0.3879760910034179,0.50161,0.00406,-0.11051,1.01003,33.1771,38.7,40,1009
GOOGL270416C00365000,GOOGL,2027-04-16,205,C,365.0,8.04,337.8299865722656,26.85,28.4,27.625,28.4,5.6,0.3864349687194824,0.48216,0.00407,-0.10954,1.00903,31.1731,36.9,5,261
GOOGL270416C00370000,GOOGL,2027-04-16,205,C,370.0,9.52,337.8299865722656,25.05,26.6,25.825,27.0,6.0,0.3850159155273437,0.46291,0.00407,-0.10837,1.00567,29.2692,35.1,3,62
GOOGL270416C00375000,GOOGL,2027-04-16,205,C,375.0,11.0,337.8299865722656,24.0,24.95,24.475,24.75,3.9,0.38425298370361327,0.44414,0.00406,-0.10716,1.00012,27.5171,33.4,169,139
GOOGL270416C00380000,GOOGL,2027-04-16,205,C,380.0,12.48,337.8299865722656,21.8,23.35,22.575,22.65,6.9,0.38315436187744134,0.4255,0.00404,-0.10566,0.99238,25.8151,31.7,15,24
GOOGL270416C00385000,GOOGL,2027-04-16,205,C,385.0,13.96,337.8299865722656,20.3,21.85,21.075,21.45,7.4,0.3822541023254394,0.40727,0.00401,-0.10404,0.98263,24.2144,30.1,21,40
GOOGL270416C00390000,GOOGL,2027-04-16,205,C,390.0,15.44,337.8299865722656,18.9,20.35,19.625,20.2,7.4,0.38052987640380853,0.3889,0.00398,-0.102,0.97062,22.6127,28.5,6,31
GOOGL270416C00395000,GOOGL,2027-04-16,205,C,395.0,16.92,337.8299865722656,17.6,19.1,18.35,19.1,8.2,0.38065194549560544,0.37196,0.00392,-0.10034,0.95756,21.2668,27.0,37,54
GOOGL270416C00400000,GOOGL,2027-04-16,205,C,400.0,18.4,337.8299865722656,16.35,17.9,17.125,17.55,9.1,0.38056039367675776,0.35535,0.00387,-0.09849,0.9429,19.9721,25.6,40,119
GOOGL270416C00410000,GOOGL,2027-04-16,205,C,410.0,21.36,337.8299865722656,14.15,15.6,14.875,15.15,9.7,0.3792786682128906,0.32276,0.00374,-0.09409,0.90864,17.4878,22.8,412,31
GOOGL270416C00420000,GOOGL,2027-04-16,205,C,420.0,24.32,337.8299865722656,12.75,13.6,13.175,13.35,6.5,0.37853099502563475,0.29239,0.00359,-0.08947,0.86997,15.3129,20.3,404,116
GOOGL270416P00255000,GOOGL,2027-04-16,205,P,255.0,-24.52,337.8299865722656,5.0,5.8,5.4,5.0,14.8,0.35431553894042955,-0.10086,0.00197,-0.03438,0.44711,4.8169,15.6,2,5
GOOGL270416P00260000,GOOGL,2027-04-16,205,P,260.0,-23.04,337.8299865722656,5.2,6.65,5.925,5.95,24.5,0.3526981234741211,-0.11355,0.00215,-0.03708,0.48702,5.5445,17.3,8,139
GOOGL270416P00265000,GOOGL,2027-04-16,205,P,265.0,-21.56,337.8299865722656,6.0,7.5,6.75,6.45,22.2,0.3495853616333008,-0.12641,0.00234,-0.03942,0.52526,6.2708,18.9,4,77
GOOGL270416P00270000,GOOGL,2027-04-16,205,P,270.0,-20.08,337.8299865722656,7.05,7.75,7.4,7.45,9.5,0.33539482971191403,-0.13421,0.00255,-0.03911,0.54749,6.4511,19.6,840,190
GOOGL270416P00275000,GOOGL,2027-04-16,205,P,275.0,-18.6,337.8299865722656,7.85,9.5,8.675,8.25,19.0,0.3442753561401367,-0.15538,0.00274,-0.04411,0.60428,7.992,22.5,35,462
GOOGL270416P00280000,GOOGL,2027-04-16,205,P,280.0,-17.12,337.8299865722656,8.95,10.0,9.475,9.52,11.1,0.3325262060546875,-0.16648,0.00297,-0.04418,0.63212,8.3924,23.6,804,554
GOOGL270416P00285000,GOOGL,2027-04-16,205,P,285.0,-15.64,337.8299865722656,10.75,11.85,11.3,10.6,9.7,0.33884328155517573,-0.18805,0.00314,-0.04836,0.68269,10.0301,26.4,508,9
GOOGL270416P00290000,GOOGL,2027-04-16,205,P,290.0,-14.16,337.8299865722656,11.4,13.25,12.325,11.95,15.0,0.3371343142700196,-0.20626,0.00334,-0.0505,0.72197,11.2528,28.5,808,431
GOOGL270416P00295000,GOOGL,2027-04-16,205,P,295.0,-12.68,337.8299865722656,12.75,14.75,13.75,13.7,14.5,0.3353643124389648,-0.22529,0.00353,-0.05244,0.75987,12.5706,30.7,25,43
GOOGL270416P00300000,GOOGL,2027-04-16,205,P,300.0,-11.2,337.8299865722656,14.55,16.25,15.4,14.95,11.0,0.3322515505981446,-0.24457,0.00373,-0.05386,0.79516,13.884,32.9,39,1379
GOOGL270416P00305000,GOOGL,2027-04-16,205,P,305.0,-9.72,337.8299865722656,15.9,17.55,16.725,16.4,9.9,0.32569033691406246,-0.26339,0.00396,-0.05427,0.82671,15.0082,34.9,430,292
GOOGL270416P00310000,GOOGL,2027-04-16,205,P,310.0,-8.24,337.8299865722656,17.6,19.85,18.725,18.0,12.0,0.3291998233032226,-0.28676,0.00409,-0.05673,0.86206,17.0761,37.6,84,228
GOOGL270416P00315000,GOOGL,2027-04-16,205,P,315.0,-6.76,337.8299865722656,19.65,21.75,20.7,19.95,10.1,0.32683473464965823,-0.30859,0.00425,-0.05758,0.89142,18.7638,39.9,35,20
GOOGL270416P00320000,GOOGL,2027-04-16,205,P,320.0,-5.28,337.8299865722656,21.4,23.8,22.6,22.44,10.6,0.32483585327148434,-0.33115,0.00441,-0.05823,0.91816,20.594,42.3,80,16
GOOGL270416P00325000,GOOGL,2027-04-16,205,P,325.0,-3.8,337.8299865722656,23.5,26.05,24.775,24.6,10.3,0.32367619689941396,-0.35438,0.00454,-0.05877,0.94199,22.6159,44.8,40,6
GOOGL270416P00330000,GOOGL,2027-04-16,205,P,330.0,-2.32,337.8299865722656,25.75,27.95,26.85,26.55,8.2,0.31772532867431635,-0.37756,0.00472,-0.05792,0.96209,24.2942,47.1,14,161
GOOGL270416P00335000,GOOGL,2027-04-16,205,P,335.0,-0.84,337.8299865722656,28.1,30.85,29.475,29.15,9.3,0.32068550415039054,-0.40182,0.00476,-0.05877,0.9793,26.9464,49.7,2,8
GOOGL270416P00340000,GOOGL,2027-04-16,205,P,340.0,0.64,337.8299865722656,30.55,33.35,31.95,31.69,8.8,0.3183967086791991,-0.42598,0.00486,-0.05811,0.9926,29.2078,52.1,13,9
GOOGL270416P00345000,GOOGL,2027-04-16,205,P,345.0,2.12,337.8299865722656,34.4,36.0,35.2,34.2,4.5,0.31641308593749995,-0.45037,0.00494,-0.05721,1.00221,31.6144,54.5,12,124
GOOGL270416P00350000,GOOGL,2027-04-16,205,P,350.0,3.6,337.8299865722656,36.15,38.8,37.475,36.26,7.1,0.31474989456176755,-0.47482,0.005,-0.05606,1.00803,34.1688,56.9,460,18
GOOGL270416P00355000,GOOGL,2027-04-16,205,P,355.0,5.08,337.8299865722656,39.05,41.8,40.425,31.6,6.8,0.31391066955566405,-0.49905,0.00502,-0.05481,1.01004,36.9214,59.2,0,4
GOOGL270416P00360000,GOOGL,2027-04-16,205,P,360.0,6.56,337.8299865722656,42.8,44.7,43.75,38.0,4.3,0.3109199768066406,-0.52387,0.00506,-0.05273,1.00823,39.5707,61.5,1,2
GOOGL270416P00365000,GOOGL,2027-04-16,205,P,365.0,8.04,337.8299865722656,45.15,48.05,46.6,41.61,6.2,0.31133195999145497,-0.5472,0.00503,-0.05122,1.00296,42.6747,63.8,1,1
GOOGL270416P00375000,GOOGL,2027-04-16,205,P,375.0,11.0,337.8299865722656,51.8,54.4,53.1,48.21,4.9,0.30524376403808595,-0.59627,0.00501,-0.0456,0.98048,48.5212,68.2,0,20
GOOGL270416P00380000,GOOGL,2027-04-16,205,P,380.0,12.48,337.8299865722656,55.15,57.9,56.525,50.35,4.9,0.3039010040283203,-0.61942,0.00495,-0.04288,0.96444,51.7746,70.3,0,5
GOOGL270416P00385000,GOOGL,2027-04-16,205,P,385.0,13.96,337.8299865722656,59.25,62.0,60.625,55.25,4.5,0.3080208358764648,-0.63813,0.00481,-0.04156,0.94888,55.6478,72.0,2,1
GOOGL270416P00390000,GOOGL,2027-04-16,205,P,390.0,15.44,337.8299865722656,61.7,65.05,63.375,69.75,5.3,0.29953703399658205,-0.66545,0.0048,-0.03631,0.92188,58.4307,74.3,0,20
GOOGL270416P00395000,GOOGL,2027-04-16,205,P,395.0,16.92,337.8299865722656,66.0,68.85,67.425,72.36,4.2,0.29825530853271476,-0.68694,0.00469,-0.03303,0.89701,61.9912,76.1,0,20
GOOGL270416P00400000,GOOGL,2027-04-16,205,P,400.0,18.4,337.8299865722656,70.0,72.75,71.375,61.95,3.9,0.2971109107971191,-0.70761,0.00457,-0.02965,0.86997,65.6559,77.9,1,2
