contract,ticker,expiry,dte,type,strike,moneyness_pct,spot,bid,ask,mid,last,spread_pct,iv,delta,gamma,theta,vega,theo,prob_itm,volume,oi
ISRG261009C00305000,ISRG,2026-10-09,16,C,305.0,-23.95,401.03,94.1,101.5,97.8,0.0,7.6,0.5416,0.9955,0.0003,-0.0031,0.0112,96.6628,99.1,0,0
ISRG261009P00305000,ISRG,2026-10-09,16,P,305.0,-23.95,401.03,0.0,5.7,1.01,1.01,,0.948,-0.0043,0.0003,-0.0141,0.0112,2.6025,9.9,0,10
ISRG261009C00310000,ISRG,2026-10-09,16,C,310.0,-22.7,401.03,89.5,96.5,93.0,0.0,7.5,0.585,0.9942,0.0004,-0.0071,0.0142,91.8394,98.0,0,0
ISRG261009P00310000,ISRG,2026-10-09,16,P,310.0,-22.7,401.03,0.0,4.1,1.85,1.85,,0.8344,-0.0056,0.0004,-0.0176,0.0142,1.8661,8.1,0,6
ISRG261009C00315000,ISRG,2026-10-09,16,C,315.0,-21.45,401.03,84.2,91.5,87.85,0.0,8.3,0.4982,0.9925,0.0005,-0.0119,0.0178,86.7052,98.9,0,0
ISRG261009P00315000,ISRG,2026-10-09,16,P,315.0,-21.45,401.03,0.0,1.0,1.0,1.0,,0.5993,-0.0072,0.0005,-0.0218,0.0178,0.4449,3.0,0,4
ISRG261009C00320000,ISRG,2026-10-09,16,C,320.0,-20.21,401.03,79.2,87.0,83.1,0.0,9.4,0.5416,0.9904,0.0006,-0.0176,0.0225,81.9293,97.4,0,0
ISRG261009P00320000,ISRG,2026-10-09,16,P,320.0,-20.21,401.03,0.05,2.15,1.1,0.6,190.9,0.6559,-0.0094,0.0006,-0.027,0.0226,0.9971,5.6,0,27
ISRG261009C00325000,ISRG,2026-10-09,16,C,325.0,-18.96,401.03,74.3,82.2,78.25,0.0,10.1,0.5374,0.9875,0.0008,-0.0246,0.0282,77.0666,96.6,0,0
ISRG261009P00325000,ISRG,2026-10-09,16,P,325.0,-18.96,401.03,0.0,5.8,2.41,2.41,,0.7796,-0.0123,0.0008,-0.0335,0.0283,2.6823,11.2,0,8
ISRG261009C00330000,ISRG,2026-10-09,16,C,330.0,-17.71,401.03,69.3,77.5,73.4,73.1,11.2,0.5271,0.9838,0.001,-0.0331,0.0355,72.206,95.8,0,3
ISRG261009P00330000,ISRG,2026-10-09,16,P,330.0,-17.71,401.03,0.0,5.6,2.51,2.51,,0.7303,-0.016,0.001,-0.0414,0.0356,2.5989,11.3,0,21
ISRG261009C00335000,ISRG,2026-10-09,16,C,335.0,-16.47,401.03,64.4,72.0,68.2,44.8,11.1,0.4603,0.979,0.0013,-0.0432,0.0445,67.0222,96.7,0,6
ISRG261009P00335000,ISRG,2026-10-09,16,P,335.0,-16.47,401.03,0.0,5.2,0.66,0.66,,0.6746,-0.0209,0.0013,-0.0511,0.0448,2.4208,11.2,0,11
ISRG261009C00340000,ISRG,2026-10-09,16,C,340.0,-15.22,401.03,59.7,67.5,63.6,55.2,12.3,0.4832,0.9726,0.0017,-0.0555,0.0555,62.3967,94.5,0,1
ISRG261009P00340000,ISRG,2026-10-09,16,P,340.0,-15.22,401.03,0.0,5.0,0.7,0.7,,0.6267,-0.0272,0.0017,-0.0629,0.0556,2.3371,11.4,0,6
ISRG261009C00345000,ISRG,2026-10-09,16,C,345.0,-13.97,401.03,54.8,62.6,58.7,0.0,13.3,0.4589,0.9643,0.0022,-0.0702,0.0692,57.4942,93.8,0,0
ISRG261009P00345000,ISRG,2026-10-09,16,P,345.0,-13.97,401.03,0.0,2.25,0.95,0.95,,0.4791,-0.0356,0.0022,-0.077,0.0694,1.0481,7.1,0,14
ISRG261009C00350000,ISRG,2026-10-09,16,C,350.0,-12.72,401.03,50.0,57.6,53.8,43.9,14.1,0.4332,0.9536,0.0028,-0.0875,0.0855,52.5931,93.0,0,33
ISRG261009P00350000,ISRG,2026-10-09,16,P,350.0,-12.72,401.03,0.0,2.1,0.75,0.75,,0.4367,-0.0463,0.0028,-0.0939,0.0861,0.9847,7.2,2,18
ISRG261009C00355000,ISRG,2026-10-09,16,C,355.0,-11.48,401.03,45.2,53.0,49.1,31.3,15.9,0.423,0.9397,0.0035,-0.1079,0.1051,47.885,91.2,0,0
ISRG261009P00355000,ISRG,2026-10-09,16,P,355.0,-11.48,401.03,0.0,5.9,1.75,1.75,,0.5312,-0.0603,0.0036,-0.1138,0.1053,2.8066,14.5,0,12
ISRG261009C00360000,ISRG,2026-10-09,16,C,360.0,-10.23,401.03,40.1,48.3,44.2,34.63,18.6,0.3934,0.9219,0.0044,-0.1313,0.1283,42.9902,90.2,0,3
ISRG261009P00360000,ISRG,2026-10-09,16,P,360.0,-10.23,401.03,0.0,2.7,1.0,1.0,,0.3903,-0.0782,0.0045,-0.1369,0.1286,1.2894,9.7,1,6
ISRG261009C00365000,ISRG,2026-10-09,16,C,365.0,-8.98,401.03,37.5,43.2,40.35,16.0,14.1,0.4254,0.8993,0.0055,-0.1577,0.1548,39.114,84.9,0,8
ISRG261009P00365000,ISRG,2026-10-09,16,P,365.0,-8.98,401.03,0.0,3.5,2.69,2.69,,0.38,-0.101,0.0055,-0.1629,0.1554,1.6869,12.2,0,4
ISRG261009C00367500,ISRG,2026-10-09,16,C,367.5,-8.36,401.03,33.8,41.3,37.55,0.0,20.0,0.3884,0.8859,0.0061,-0.1719,0.1691,36.3331,85.4,0,0
ISRG261009P00367500,ISRG,2026-10-09,16,P,367.5,-8.36,401.03,0.0,4.3,,0.0,,0.384,-0.1145,0.0061,-0.1769,0.1695,2.0825,14.3,0,0
ISRG261009C00370000,ISRG,2026-10-09,16,C,370.0,-7.74,401.03,30.9,39.2,35.05,35.16,23.7,0.368,0.871,0.0067,-0.1866,0.1843,33.844,84.8,1,19
ISRG261009P00370000,ISRG,2026-10-09,16,P,370.0,-7.74,401.03,1.5,4.0,2.75,1.8,90.9,0.3949,-0.1295,0.0068,-0.1915,0.1854,2.6738,17.0,2,8
ISRG261009C00372500,ISRG,2026-10-09,16,C,372.5,-7.11,401.03,29.4,37.0,33.2,0.0,22.9,0.3796,0.8543,0.0074,-0.2018,0.2001,31.9878,81.9,0,0
ISRG261009P00372500,ISRG,2026-10-09,16,P,372.5,-7.11,401.03,0.0,5.5,3.0,3.0,,0.3738,-0.1463,0.0074,-0.2066,0.2006,2.6871,17.7,0,3
ISRG261009C00375000,ISRG,2026-10-09,16,C,375.0,-6.49,401.03,27.2,33.0,30.1,30.5,19.3,0.3292,0.8359,0.0081,-0.2173,0.2161,28.9148,83.3,0,60
ISRG261009P00375000,ISRG,2026-10-09,16,P,375.0,-6.49,401.03,0.0,3.0,3.9,3.9,,0.2885,-0.1648,0.0081,-0.2219,0.2172,1.4823,13.4,0,4
ISRG261009C00377500,ISRG,2026-10-09,16,C,377.5,-5.87,401.03,24.4,32.8,28.6,0.0,29.4,0.3536,0.8157,0.0088,-0.2329,0.2327,27.4099,78.9,0,0
ISRG261009P00377500,ISRG,2026-10-09,16,P,377.5,-5.87,401.03,2.4,4.0,3.2,0.0,50.0,0.3508,-0.1852,0.0088,-0.2374,0.2334,3.1549,20.9,0,0
ISRG261009C00380000,ISRG,2026-10-09,16,C,380.0,-5.24,401.03,23.6,30.7,27.15,15.8,26.2,0.373,0.7935,0.0095,-0.2483,0.2489,25.9568,75.0,0,108
ISRG261009P00380000,ISRG,2026-10-09,16,P,380.0,-5.24,401.03,0.35,6.0,3.175,4.5,178.0,0.3274,-0.2075,0.0096,-0.2527,0.2493,3.1488,21.9,0,3
ISRG261009C00382500,ISRG,2026-10-09,16,C,382.5,-4.62,401.03,20.6,29.0,24.8,0.0,33.9,0.3544,0.7695,0.0102,-0.2633,0.2651,23.6265,73.4,0,0
ISRG261009P00382500,ISRG,2026-10-09,16,P,382.5,-4.62,401.03,3.3,4.8,4.05,0.0,37.0,0.339,-0.2318,0.0103,-0.2676,0.266,4.0262,25.6,0,0
ISRG261009C00385000,ISRG,2026-10-09,16,C,385.0,-4.0,401.03,18.9,27.0,22.95,21.34,35.3,0.353,0.7435,0.0109,-0.2776,0.2805,21.7932,70.5,1,29
ISRG261009P00385000,ISRG,2026-10-09,16,P,385.0,-4.0,401.03,3.8,5.2,4.5,8.4,31.1,0.3313,-0.258,0.011,-0.2818,0.281,4.4927,28.1,0,162
ISRG261009C00387500,ISRG,2026-10-09,16,C,387.5,-3.37,401.03,17.0,25.2,21.1,0.0,38.9,0.3492,0.7157,0.0116,-0.291,0.2952,19.9615,67.6,0,0
ISRG261009P00387500,ISRG,2026-10-09,16,P,387.5,-3.37,401.03,4.5,5.6,5.05,6.48,21.8,0.3252,-0.286,0.0117,-0.2951,0.2961,5.0602,31.0,0,1
ISRG261009C00390000,ISRG,2026-10-09,16,C,390.0,-2.75,401.03,15.0,23.6,19.3,18.11,44.6,0.3449,0.6862,0.0122,-0.3031,0.3085,18.1836,64.6,4,13
ISRG261009P00390000,ISRG,2026-10-09,16,P,390.0,-2.75,401.03,1.7,7.3,4.5,25.92,124.4,0.2805,-0.3158,0.0123,-0.3071,0.309,4.555,31.7,0,2
ISRG261009C00392500,ISRG,2026-10-09,16,C,392.5,-2.13,401.03,13.7,22.0,17.85,13.76,46.5,0.3494,0.655,0.0127,-0.3137,0.3203,16.7546,61.1,0,1
ISRG261009P00392500,ISRG,2026-10-09,16,P,392.5,-2.13,401.03,6.0,8.2,7.1,0.0,31.0,0.3368,-0.3472,0.0128,-0.3176,0.321,7.1414,38.4,0,0
ISRG261009C00395000,ISRG,2026-10-09,16,C,395.0,-1.5,401.03,12.1,20.5,16.3,13.5,51.5,0.3482,0.6226,0.0132,-0.3224,0.3302,15.2335,57.7,1,23
ISRG261009P00395000,ISRG,2026-10-09,16,P,395.0,-1.5,401.03,6.9,9.2,8.05,8.1,28.6,0.3359,-0.38,0.0133,-0.3262,0.3305,8.1145,41.9,0,8
ISRG261009C00397500,ISRG,2026-10-09,16,C,397.5,-0.88,401.03,10.6,19.0,14.8,0.0,56.8,0.3461,0.589,0.0136,-0.329,0.3378,13.7657,54.4,0,0
ISRG261009P00397500,ISRG,2026-10-09,16,P,397.5,-0.88,401.03,7.8,10.0,8.9,0.0,24.7,0.3295,-0.4139,0.0137,-0.3327,0.3382,8.9927,45.3,0,0
ISRG261009C00400000,ISRG,2026-10-09,16,C,400.0,-0.26,401.03,8.9,17.4,13.15,12.73,64.6,0.3373,0.5547,0.0138,-0.3334,0.3432,12.1582,51.0,1,54
ISRG261009P00400000,ISRG,2026-10-09,16,P,400.0,-0.26,401.03,9.5,11.3,10.4,10.2,17.3,0.3398,-0.4486,0.014,-0.337,0.3432,10.5108,49.0,3,4
ISRG261009C00402500,ISRG,2026-10-09,16,C,402.5,0.37,401.03,11.1,15.1,13.1,11.8,30.5,0.3725,0.5199,0.014,-0.3354,0.346,12.1075,47.5,11,0
ISRG261009P00402500,ISRG,2026-10-09,16,P,402.5,0.37,401.03,10.1,12.6,11.35,13.49,22.0,0.3315,-0.4837,0.0142,-0.339,0.3457,11.4991,52.5,0,1
ISRG261009C00405000,ISRG,2026-10-09,16,C,405.0,0.99,401.03,9.3,11.7,10.5,9.5,22.9,0.3315,0.485,0.014,-0.335,0.3462,9.5925,44.0,5,5
ISRG261009P00405000,ISRG,2026-10-09,16,P,405.0,0.99,401.03,11.3,13.5,12.4,48.29,17.7,0.3237,-0.519,0.0142,-0.3385,0.3456,12.5926,56.1,0,1
ISRG261009C00407500,ISRG,2026-10-09,16,C,407.5,1.61,401.03,8.2,10.6,9.4,7.5,25.5,0.3314,0.4504,0.014,-0.3322,0.3438,8.535,40.5,0,1
ISRG261009P00407500,ISRG,2026-10-09,16,P,407.5,1.61,401.03,9.0,17.6,13.3,0.0,64.7,0.3088,-0.554,0.0141,-0.3357,0.3426,13.5462,60.0,0,0
ISRG261009C00410000,ISRG,2026-10-09,16,C,410.0,2.24,401.03,7.1,9.5,8.3,8.3,28.9,0.3289,0.4164,0.0138,-0.3272,0.3389,7.4853,37.1,13,57
ISRG261009P00410000,ISRG,2026-10-09,16,P,410.0,2.24,401.03,12.5,19.0,15.75,0.0,41.3,0.3368,-0.5885,0.0139,-0.3306,0.3375,15.9931,62.7,0,0
ISRG261009C00412500,ISRG,2026-10-09,16,C,412.5,2.86,401.03,6.3,8.6,7.45,0.0,30.9,0.3313,0.3832,0.0134,-0.3201,0.3318,6.6773,33.9,0,0
ISRG261009P00412500,ISRG,2026-10-09,16,P,412.5,2.86,401.03,12.1,20.5,16.3,17.9,51.5,0.3057,-0.6221,0.0136,-0.3234,0.3293,16.622,67.2,0,3
ISRG261009C00415000,ISRG,2026-10-09,16,C,415.0,3.48,401.03,5.4,7.7,6.55,5.0,35.1,0.3299,0.3513,0.013,-0.311,0.3225,5.8286,30.7,0,5
ISRG261009P00415000,ISRG,2026-10-09,16,P,415.0,3.48,401.03,14.0,22.1,18.05,43.0,44.9,0.3079,-0.6544,0.0132,-0.3143,0.3199,18.4067,70.4,0,1
ISRG261009C00420000,ISRG,2026-10-09,16,C,420.0,4.73,401.03,4.0,6.1,5.05,4.52,41.6,0.3293,0.2919,0.012,-0.2884,0.299,4.4281,24.8,100,13
ISRG261009P00420000,ISRG,2026-10-09,16,P,420.0,4.73,401.03,17.6,26.0,21.8,50.58,38.5,0.3131,-0.7148,0.0122,-0.2915,0.2947,22.2167,76.1,0,1
ISRG261009C00425000,ISRG,2026-10-09,16,C,425.0,5.98,401.03,3.0,4.8,3.9,3.41,46.2,0.3313,0.2394,0.0108,-0.2617,0.2709,3.368,19.9,101,0
ISRG261009P00425000,ISRG,2026-10-09,16,P,425.0,5.98,401.03,21.3,29.8,25.55,0.0,33.3,0.3082,-0.7682,0.011,-0.2645,0.2656,26.0352,81.7,0,0
ISRG261009C00430000,ISRG,2026-10-09,16,C,430.0,7.22,401.03,2.15,3.8,2.975,2.6,55.5,0.3332,0.1944,0.0095,-0.233,0.2406,2.5291,15.6,2,44
ISRG261009P00430000,ISRG,2026-10-09,16,P,430.0,7.22,401.03,25.7,33.9,29.8,0.0,27.5,0.313,-0.8142,0.0097,-0.2354,0.2329,30.3237,85.8,0,0
ISRG261009C00435000,ISRG,2026-10-09,16,C,435.0,8.47,401.03,0.0,2.95,1.57,1.57,,0.2947,0.1565,0.0081,-0.2043,0.2103,1.1986,9.3,0,4
ISRG261009P00435000,ISRG,2026-10-09,16,P,435.0,8.47,401.03,29.8,38.2,34.0,0.0,24.7,0.3048,-0.853,0.0084,-0.2066,0.1996,34.5641,89.9,0,0
ISRG261009C00440000,ISRG,2026-10-09,16,C,440.0,9.72,401.03,1.1,7.1,4.1,0.0,146.3,0.4521,0.1254,0.0069,-0.1769,0.1812,3.5591,15.7,0,0
ISRG261009P00440000,ISRG,2026-10-09,16,P,440.0,9.72,401.03,36.1,42.7,39.4,0.0,16.8,0.3594,-0.8852,0.0072,-0.1797,0.1688,39.9371,89.4,0,0
ISRG261009C00445000,ISRG,2026-10-09,16,C,445.0,10.96,401.03,0.0,6.2,,0.0,,0.442,0.1,0.0058,-0.1517,0.1545,2.6505,12.5,0,0
ISRG261009P00445000,ISRG,2026-10-09,16,P,445.0,10.96,401.03,39.2,47.2,43.2,0.0,18.5,0.2993,-0.9114,0.0061,-0.155,0.1401,43.7597,95.2,0,0
ISRG261009C00450000,ISRG,2026-10-09,16,C,450.0,12.21,401.03,0.0,2.7,0.96,0.96,,0.3745,0.0797,0.0048,-0.1291,0.1309,1.0988,6.9,34,0
ISRG261009P00450000,ISRG,2026-10-09,16,P,450.0,12.21,401.03,45.1,52.2,48.65,0.0,14.6,0.3686,-0.9328,0.0052,-0.1339,0.1138,49.2083,93.4,0,0
ISRG261009C00455000,ISRG,2026-10-09,16,C,455.0,13.46,401.03,0.0,5.9,,0.0,,0.4975,0.0635,0.004,-0.1093,0.1102,2.5157,10.6,0,0
ISRG261009P00455000,ISRG,2026-10-09,16,P,455.0,13.46,401.03,50.4,57.0,53.7,81.8,12.3,0.3997,-0.95,0.0043,-0.1152,0.088,54.2484,93.7,0,0
ISRG261009C00460000,ISRG,2026-10-09,16,C,460.0,14.7,401.03,0.0,2.6,0.6,0.6,,0.4246,0.0506,0.0033,-0.0922,0.0923,1.0587,5.8,312,0
ISRG261009P00460000,ISRG,2026-10-09,16,P,460.0,14.7,401.03,53.7,61.7,57.7,0.0,13.9,0.0,-0.9641,0.0037,-0.0985,0.0717,,,0,0
ISRG261009C00465000,ISRG,2026-10-09,16,C,465.0,15.95,401.03,0.0,5.5,,0.0,,0.5456,0.0404,0.0027,-0.0775,0.0773,2.3371,9.1,0,0
ISRG261009P00465000,ISRG,2026-10-09,16,P,465.0,15.95,401.03,61.2,66.7,63.95,0.0,8.6,0.4731,-0.975,0.0031,-0.0794,0.05,64.4754,93.6,0,0
ISRG261009C00470000,ISRG,2026-10-09,16,C,470.0,17.2,401.03,0.0,7.1,,0.0,,0.6124,0.0323,0.0022,-0.0652,0.0644,2.9654,9.9,0,0
ISRG261009P00470000,ISRG,2026-10-09,16,P,470.0,17.2,401.03,63.6,71.7,67.65,0.0,12.0,0.0,-0.9844,0.0025,-0.0674,0.0349,,,0,0
ISRG261009C00475000,ISRG,2026-10-09,16,C,475.0,18.45,401.03,0.0,5.7,,0.0,,0.6071,0.0259,0.0018,-0.0547,0.0538,2.4252,8.4,0,0
ISRG261009P00475000,ISRG,2026-10-09,16,P,475.0,18.45,401.03,68.6,76.4,72.5,0.0,10.8,0.0,-0.9907,0.0019,-0.051,0.0212,,,0,0
ISRG261009C00480000,ISRG,2026-10-09,16,C,480.0,19.69,401.03,0.0,5.9,,0.0,,0.64,0.0209,0.0015,-0.046,0.0449,2.513,8.1,0,0
ISRG261009P00480000,ISRG,2026-10-09,16,P,480.0,19.69,401.03,73.6,81.8,77.7,0.0,10.6,0.0,-0.9953,0.0011,-0.0473,0.0097,,,0,0
ISRG261009C00485000,ISRG,2026-10-09,16,C,485.0,20.94,401.03,0.0,5.5,4.45,4.45,,0.6543,0.0169,0.0012,-0.0387,0.0375,2.3344,7.4,1,0
ISRG261009P00485000,ISRG,2026-10-09,16,P,485.0,20.94,401.03,80.1,86.8,83.45,0.0,8.0,0.523,-0.998,0.0006,-0.0403,0.0058,83.9593,96.2,0,0
ISRG261009C00490000,ISRG,2026-10-09,16,C,490.0,22.19,401.03,0.0,6.9,,0.0,,0.7224,0.0137,0.001,-0.0326,0.0313,2.9595,8.2,0,0
ISRG261009P00490000,ISRG,2026-10-09,16,P,490.0,22.19,401.03,83.6,91.5,87.55,98.58,9.0,0.0,-0.9992,0.0003,-0.0403,0.0,,,0,1
ISRG261009C00495000,ISRG,2026-10-09,16,C,495.0,23.43,401.03,0.0,7.1,,0.0,,0.7543,0.0111,0.0008,-0.0274,0.0263,3.0478,8.1,0,0
ISRG261009P00495000,ISRG,2026-10-09,16,P,495.0,23.43,401.03,88.6,96.2,92.4,0.0,8.2,0.0,-0.9998,0.0001,-0.0403,0.0,,,0,0
ISRG261009C00500000,ISRG,2026-10-09,16,C,500.0,24.68,401.03,0.0,5.0,,0.0,,0.7129,0.0091,0.0007,-0.0232,0.022,2.1095,6.2,0,0
ISRG261009P00500000,ISRG,2026-10-09,16,P,500.0,24.68,401.03,93.8,98.7,96.25,0.0,5.1,0.0,-1.0,0.0,-0.0403,0.0,,,0,0
ISRG261016C00305000,ISRG,2026-10-16,23,C,305.0,-23.95,401.03,94.9,102.3,98.6,94.55,7.5,0.6133,0.9926,0.0004,-0.006,0.0198,97.5747,95.7,0,6
ISRG261016P00305000,ISRG,2026-10-16,23,P,305.0,-23.95,401.03,0.0,1.65,0.24,0.24,,0.6121,-0.0067,0.0004,-0.0165,0.0199,0.7686,4.3,0,62
ISRG261016C00310000,ISRG,2026-10-16,23,C,310.0,-22.7,401.03,89.9,95.7,92.8,81.82,6.2,0.3512,0.9906,0.0005,-0.0107,0.0251,91.8246,99.8,0,17
ISRG261016P00310000,ISRG,2026-10-16,23,P,310.0,-22.7,401.03,0.0,0.8,0.29,0.29,,0.5143,-0.0087,0.0005,-0.0206,0.0252,0.3714,2.6,0,191
ISRG261016C00315000,ISRG,2026-10-16,23,C,315.0,-21.45,401.03,85.0,92.4,88.7,69.0,8.3,0.5614,0.9879,0.0007,-0.0162,0.0316,87.6687,95.2,0,1
ISRG261016P00315000,ISRG,2026-10-16,23,P,315.0,-21.45,401.03,0.0,0.85,0.25,0.25,,0.4919,-0.0114,0.0007,-0.0256,0.0316,0.3963,2.8,2,48
ISRG261016C00320000,ISRG,2026-10-16,23,C,320.0,-20.21,401.03,79.8,87.2,83.5,78.0,8.9,0.5048,0.9845,0.0008,-0.0229,0.0396,82.4799,95.9,0,13
ISRG261016P00320000,ISRG,2026-10-16,23,P,320.0,-20.21,401.03,0.2,0.9,0.55,0.33,127.3,0.4854,-0.0148,0.0008,-0.0318,0.0398,0.5159,3.5,0,205
ISRG261016C00325000,ISRG,2026-10-16,23,C,325.0,-18.96,401.03,77.8,82.3,80.05,57.3,5.6,0.6133,0.9801,0.0011,-0.0309,0.0494,78.9622,90.4,0,3
ISRG261016P00325000,ISRG,2026-10-16,23,P,325.0,-18.96,401.03,0.0,0.9,0.33,0.33,,0.4422,-0.0192,0.0011,-0.0393,0.0495,0.4234,3.1,1,234
ISRG261016C00330000,ISRG,2026-10-16,23,C,330.0,-17.71,401.03,70.1,77.9,74.0,65.18,10.5,0.4972,0.9745,0.0014,-0.0403,0.0613,72.9584,93.6,0,15
ISRG261016P00330000,ISRG,2026-10-16,23,P,330.0,-17.71,401.03,0.25,0.5,0.375,0.38,66.7,0.403,-0.0249,0.0014,-0.0483,0.0616,0.3543,2.9,9,312
ISRG261016C00335000,ISRG,2026-10-16,23,C,335.0,-16.47,401.03,65.7,73.1,69.4,39.0,10.7,0.4982,0.9673,0.0017,-0.0515,0.0757,68.3444,91.9,0,14
ISRG261016P00335000,ISRG,2026-10-16,23,P,335.0,-16.47,401.03,0.2,0.6,0.4,0.52,100.0,0.396,-0.0321,0.0017,-0.059,0.0758,0.4748,3.7,18,130
ISRG261016C00340000,ISRG,2026-10-16,23,C,340.0,-15.22,401.03,60.4,68.2,64.3,43.0,12.1,0.458,0.9582,0.0022,-0.0646,0.0926,63.2512,91.9,0,8
ISRG261016P00340000,ISRG,2026-10-16,23,P,340.0,-15.22,401.03,0.45,0.8,0.625,0.67,56.0,0.3933,-0.0413,0.0022,-0.0716,0.0929,0.669,5.0,11,1076
ISRG261016C00345000,ISRG,2026-10-16,23,C,345.0,-13.97,401.03,58.4,63.4,60.9,56.35,8.2,0.5218,0.9467,0.0027,-0.0796,0.1128,59.8074,86.5,0,8
ISRG261016P00345000,ISRG,2026-10-16,23,P,345.0,-13.97,401.03,0.6,1.45,1.025,0.71,82.9,0.3958,-0.0528,0.0027,-0.0862,0.1135,0.9858,6.8,2,167
ISRG261016C00350000,ISRG,2026-10-16,23,C,350.0,-12.72,401.03,50.5,58.9,54.7,55.0,15.4,0.42,0.9324,0.0033,-0.0968,0.1358,53.6496,89.7,0,142
ISRG261016P00350000,ISRG,2026-10-16,23,P,350.0,-12.72,401.03,0.85,1.35,1.1,1.0,45.5,0.3724,-0.0672,0.0033,-0.1029,0.136,1.0649,7.5,27,1118
ISRG261016C00355000,ISRG,2026-10-16,23,C,355.0,-11.48,401.03,46.0,54.0,50.0,25.2,16.0,0.4039,0.9147,0.004,-0.116,0.162,48.948,88.0,0,100
ISRG261016P00355000,ISRG,2026-10-16,23,P,355.0,-11.48,401.03,0.4,3.7,2.05,1.4,161.0,0.4023,-0.085,0.004,-0.1217,0.1624,1.996,11.9,5,580
ISRG261016C00360000,ISRG,2026-10-16,23,C,360.0,-10.23,401.03,42.7,49.6,46.15,43.23,15.0,0.4249,0.8932,0.0048,-0.137,0.1912,45.0835,83.7,0,131
ISRG261016P00360000,ISRG,2026-10-16,23,P,360.0,-10.23,401.03,1.7,2.4,2.05,1.88,34.1,0.3693,-0.1066,0.0049,-0.1423,0.1922,2.007,12.6,15,426
ISRG261016C00365000,ISRG,2026-10-16,23,C,365.0,-8.98,401.03,38.6,45.3,41.95,40.0,16.0,0.4206,0.8672,0.0057,-0.1594,0.2227,40.8834,80.6,1,173
ISRG261016P00365000,ISRG,2026-10-16,23,P,365.0,-8.98,401.03,1.8,3.4,2.6,2.58,61.5,0.3621,-0.1327,0.0058,-0.1644,0.2232,2.5592,15.4,2,172
ISRG261016C00367500,ISRG,2026-10-16,23,C,367.5,-8.36,401.03,36.6,43.0,39.8,0.0,16.1,0.4146,0.8524,0.0062,-0.171,0.2391,38.7371,79.1,0,0
ISRG261016P00367500,ISRG,2026-10-16,23,P,367.5,-8.36,401.03,0.95,3.4,2.175,3.16,112.6,0.3254,-0.1476,0.0062,-0.1759,0.24,2.1489,14.5,1,1
ISRG261016C00370000,ISRG,2026-10-16,23,C,370.0,-7.74,401.03,36.0,41.0,38.5,36.0,13.0,0.4371,0.8364,0.0067,-0.1827,0.2557,37.4275,75.9,52,264
ISRG261016P00370000,ISRG,2026-10-16,23,P,370.0,-7.74,401.03,2.4,3.9,3.15,3.0,47.6,0.3498,-0.1638,0.0068,-0.1874,0.2562,3.1151,18.4,96,297
ISRG261016C00372500,ISRG,2026-10-16,23,C,372.5,-7.11,401.03,32.7,39.0,35.85,0.0,17.6,0.4115,0.8191,0.0072,-0.1944,0.2726,34.7954,75.4,0,0
ISRG261016P00372500,ISRG,2026-10-16,23,P,372.5,-7.11,401.03,2.75,6.1,4.425,4.03,75.7,0.3784,-0.1812,0.0072,-0.1989,0.2742,4.3778,22.5,0,13
ISRG261016C00375000,ISRG,2026-10-16,23,C,375.0,-6.49,401.03,30.8,37.0,33.9,30.7,18.3,0.4086,0.8005,0.0077,-0.206,0.2892,32.8516,73.5,52,196
ISRG261016P00375000,ISRG,2026-10-16,23,P,375.0,-6.49,401.03,2.65,5.0,3.825,4.1,61.4,0.3379,-0.1999,0.0078,-0.2104,0.2902,3.8036,21.8,17,224
ISRG261016C00377500,ISRG,2026-10-16,23,C,377.5,-5.87,401.03,29.0,33.0,31.0,0.0,12.9,0.3747,0.7806,0.0082,-0.2173,0.3058,29.9731,73.3,0,0
ISRG261016P00377500,ISRG,2026-10-16,23,P,377.5,-5.87,401.03,3.6,6.4,5.0,4.41,56.0,0.3578,-0.22,0.0082,-0.2216,0.3063,4.9733,25.6,1,3
ISRG261016C00380000,ISRG,2026-10-16,23,C,380.0,-5.24,401.03,25.1,33.1,29.1,28.4,27.5,0.3719,0.7594,0.0087,-0.2283,0.3219,28.0827,71.1,2,312
ISRG261016P00380000,ISRG,2026-10-16,23,P,380.0,-5.24,401.03,4.1,5.6,4.85,5.68,30.9,0.3325,-0.2413,0.0088,-0.2324,0.3231,4.8428,26.3,6,643
ISRG261016C00382500,ISRG,2026-10-16,23,C,382.5,-4.62,401.03,25.5,31.3,28.4,0.0,20.4,0.4022,0.737,0.0092,-0.2387,0.3371,27.3784,67.1,0,0
ISRG261016P00382500,ISRG,2026-10-16,23,P,382.5,-4.62,401.03,2.9,9.7,6.3,6.2,107.9,0.3554,-0.264,0.0092,-0.2427,0.3378,6.29,30.4,1,0
ISRG261016C00385000,ISRG,2026-10-16,23,C,385.0,-4.0,401.03,22.1,29.5,25.8,24.0,28.7,0.376,0.7134,0.0096,-0.2484,0.3516,24.8021,66.0,3,53
ISRG261016P00385000,ISRG,2026-10-16,23,P,385.0,-4.0,401.03,5.4,7.2,6.3,6.9,28.6,0.3332,-0.2878,0.0097,-0.2523,0.3526,6.3108,31.7,9,258
ISRG261016C00387500,ISRG,2026-10-16,23,C,387.5,-3.37,401.03,20.3,27.8,24.05,21.84,31.2,0.3727,0.6886,0.01,-0.2573,0.3649,23.0683,63.6,1,0
ISRG261016P00387500,ISRG,2026-10-16,23,P,387.5,-3.37,401.03,4.6,11.6,8.1,10.2,86.4,0.3601,-0.3127,0.0101,-0.261,0.3658,8.1048,35.9,0,1
ISRG261016C00390000,ISRG,2026-10-16,23,C,390.0,-2.75,401.03,20.1,25.0,22.55,21.0,21.7,0.3745,0.6629,0.0104,-0.2652,0.3768,21.583,60.9,17,365
ISRG261016P00390000,ISRG,2026-10-16,23,P,390.0,-2.75,401.03,6.9,12.3,9.6,8.2,56.3,0.3755,-0.3387,0.0105,-0.2688,0.3774,9.6087,39.1,13,324
ISRG261016C00392500,ISRG,2026-10-16,23,C,392.5,-2.13,401.03,16.2,24.6,20.4,18.66,41.2,0.3579,0.6362,0.0107,-0.2719,0.3874,19.4614,58.8,1,22
ISRG261016P00392500,ISRG,2026-10-16,23,P,392.5,-2.13,401.03,6.3,13.6,9.95,0.0,73.4,0.3589,-0.3656,0.0108,-0.2755,0.3882,9.9816,41.2,0,0
ISRG261016C00395000,ISRG,2026-10-16,23,C,395.0,-1.5,401.03,14.7,20.7,17.7,17.7,33.9,0.3264,0.6088,0.011,-0.2775,0.396,16.8031,56.9,0,248
ISRG261016P00395000,ISRG,2026-10-16,23,P,395.0,-1.5,401.03,8.6,14.6,11.6,10.5,51.7,0.3741,-0.3933,0.0111,-0.2809,0.3964,11.6376,44.4,47,72
ISRG261016C00397500,ISRG,2026-10-16,23,C,397.5,-0.88,401.03,13.2,21.6,17.4,16.01,48.3,0.3538,0.5808,0.0113,-0.2818,0.4029,16.5047,53.3,1,14
ISRG261016P00397500,ISRG,2026-10-16,23,P,397.5,-0.88,401.03,7.7,15.2,11.45,11.4,65.5,0.3425,-0.4216,0.0114,-0.2851,0.4032,11.527,46.4,0,12
ISRG261016C00400000,ISRG,2026-10-16,23,C,400.0,-0.26,401.03,14.6,18.7,16.65,15.55,24.6,0.3678,0.5523,0.0114,-0.2846,0.4078,15.7693,50.4,16,998
ISRG261016P00400000,ISRG,2026-10-16,23,P,400.0,-0.26,401.03,10.8,16.5,13.65,12.81,41.8,0.3676,-0.4504,0.0116,-0.2878,0.4079,13.7244,49.6,5,498
ISRG261016C00402500,ISRG,2026-10-16,23,C,402.5,0.37,401.03,13.9,17.2,15.55,14.4,21.2,0.3714,0.5236,0.0115,-0.2861,0.4106,14.6916,47.7,15,1
ISRG261016P00402500,ISRG,2026-10-16,23,P,402.5,0.37,401.03,13.0,16.0,14.5,14.2,20.7,0.3578,-0.4794,0.0117,-0.2892,0.4104,14.6025,52.3,0,3
ISRG261016C00405000,ISRG,2026-10-16,23,C,405.0,0.99,401.03,12.5,13.6,13.05,13.2,8.4,0.3393,0.4948,0.0116,-0.286,0.4113,12.248,44.9,17,424
ISRG261016P00405000,ISRG,2026-10-16,23,P,405.0,0.99,401.03,14.2,18.8,16.5,15.3,27.9,0.3743,-0.5085,0.0117,-0.2891,0.4108,16.6031,55.0,2,42
ISRG261016C00407500,ISRG,2026-10-16,23,C,407.5,1.61,401.03,8.1,16.3,12.2,12.5,67.2,0.3457,0.4661,0.0116,-0.2846,0.41,11.4197,42.1,0,10
ISRG261016P00407500,ISRG,2026-10-16,23,P,407.5,1.61,401.03,13.6,20.1,16.85,17.33,38.6,0.3491,-0.5375,0.0117,-0.2876,0.4091,16.9995,57.8,0,1
ISRG261016C00410000,ISRG,2026-10-16,23,C,410.0,2.24,401.03,9.3,15.2,12.25,10.95,48.2,0.3727,0.4377,0.0115,-0.2818,0.4065,11.4718,39.9,6,367
ISRG261016P00410000,ISRG,2026-10-16,23,P,410.0,2.24,401.03,14.4,21.5,17.95,17.7,39.6,0.3404,-0.5663,0.0116,-0.2847,0.4052,18.1321,60.7,11,122
ISRG261016C00412500,ISRG,2026-10-16,23,C,412.5,2.86,401.03,8.1,14.4,11.25,9.5,56.0,0.3725,0.4098,0.0113,-0.2776,0.4011,10.5005,37.4,0,4
ISRG261016P00412500,ISRG,2026-10-16,23,P,412.5,2.86,401.03,14.5,23.1,18.8,0.0,45.7,0.3234,-0.5946,0.0115,-0.2804,0.3991,19.0214,63.9,0,0
ISRG261016C00415000,ISRG,2026-10-16,23,C,415.0,3.48,401.03,7.4,9.6,8.5,8.8,25.9,0.3265,0.3825,0.0111,-0.2722,0.3938,7.8423,33.4,4,251
ISRG261016P00415000,ISRG,2026-10-16,23,P,415.0,3.48,401.03,16.1,24.5,20.3,27.6,41.4,0.3206,-0.6224,0.0113,-0.275,0.3918,20.5447,66.8,0,305
ISRG261016C00420000,ISRG,2026-10-16,23,C,420.0,4.73,401.03,6.0,7.8,6.9,7.5,26.1,0.3267,0.3303,0.0106,-0.2581,0.3744,6.3119,28.3,32,508
ISRG261016P00420000,ISRG,2026-10-16,23,P,420.0,4.73,401.03,19.4,27.8,23.6,23.9,35.6,0.3173,-0.6754,0.0108,-0.2608,0.3708,23.8915,72.2,11,47
ISRG261016C00425000,ISRG,2026-10-16,23,C,425.0,5.98,401.03,5.0,9.1,7.05,5.6,58.2,0.3695,0.282,0.0098,-0.2405,0.3495,6.4606,25.9,21,211
ISRG261016P00425000,ISRG,2026-10-16,23,P,425.0,5.98,401.03,23.5,31.4,27.45,41.48,28.8,0.3223,-0.7245,0.01,-0.2431,0.3439,27.775,76.6,0,77
ISRG261016C00430000,ISRG,2026-10-16,23,C,430.0,7.22,401.03,3.6,5.4,4.5,4.28,40.0,0.3301,0.2384,0.009,-0.2206,0.321,4.0473,19.7,22,284
ISRG261016P00430000,ISRG,2026-10-16,23,P,430.0,7.22,401.03,29.1,35.5,32.3,39.5,19.8,0.3526,-0.7691,0.0092,-0.223,0.3129,32.621,78.9,0,112
ISRG261016C00435000,ISRG,2026-10-16,23,C,435.0,8.47,401.03,2.7,4.7,3.7,3.79,54.1,0.3355,0.1998,0.0081,-0.1993,0.2906,3.3026,16.4,4,219
ISRG261016P00435000,ISRG,2026-10-16,23,P,435.0,8.47,401.03,32.9,39.6,36.25,42.0,18.5,0.3509,-0.8088,0.0083,-0.2016,0.2821,36.6005,82.6,0,28
ISRG261016C00440000,ISRG,2026-10-16,23,C,440.0,9.72,401.03,2.6,3.2,2.9,3.0,20.7,0.3354,0.166,0.0072,-0.1778,0.2594,2.5618,13.3,13,411
ISRG261016P00440000,ISRG,2026-10-16,23,P,440.0,9.72,401.03,35.2,43.8,39.5,74.45,21.8,0.3121,-0.8435,0.0074,-0.1798,0.2473,39.8962,88.3,0,0
ISRG261016C00445000,ISRG,2026-10-16,23,C,445.0,10.96,401.03,0.4,6.4,3.4,2.14,176.5,0.3828,0.1371,0.0063,-0.1568,0.2287,3.0278,13.5,0,97
ISRG261016P00445000,ISRG,2026-10-16,23,P,445.0,10.96,401.03,39.7,48.1,43.9,88.5,19.1,0.308,-0.8734,0.0065,-0.1586,0.2142,44.2935,91.2,0,17
ISRG261016C00450000,ISRG,2026-10-16,23,C,450.0,12.21,401.03,1.25,2.05,1.65,1.85,48.5,0.3312,0.1126,0.0054,-0.1369,0.1999,1.4249,8.1,10,517
ISRG261016P00450000,ISRG,2026-10-16,23,P,450.0,12.21,401.03,46.0,52.3,49.15,99.5,12.8,0.3465,-0.899,0.0057,-0.1384,0.1839,49.532,91.0,0,0
ISRG261016C00455000,ISRG,2026-10-16,23,C,455.0,13.46,401.03,0.15,4.0,2.075,1.5,185.5,0.3773,0.092,0.0046,-0.1185,0.173,1.813,8.8,2,244
ISRG261016P00455000,ISRG,2026-10-16,23,P,455.0,13.46,401.03,51.5,57.1,54.3,105.55,10.3,0.3791,-0.9207,0.005,-0.1209,0.1519,54.6704,91.1,0,2
ISRG261016C00460000,ISRG,2026-10-16,23,C,460.0,14.7,401.03,0.1,3.4,1.75,1.03,188.6,0.3836,0.075,0.004,-0.1019,0.1485,1.5183,7.4,1,265
ISRG261016P00460000,ISRG,2026-10-16,23,P,460.0,14.7,401.03,54.8,61.9,58.35,96.5,12.2,0.3383,-0.939,0.0043,-0.1055,0.1226,58.6868,94.8,0,7
ISRG261016C00465000,ISRG,2026-10-16,23,C,465.0,15.95,401.03,0.0,2.05,1.05,1.05,,0.3588,0.0609,0.0033,-0.087,0.127,0.8703,4.8,0,199
ISRG261016P00465000,ISRG,2026-10-16,23,P,465.0,15.95,401.03,61.0,65.8,63.4,134.1,7.6,0.364,-0.9541,0.0037,-0.0911,0.1011,63.7317,94.9,0,0
ISRG261016C00470000,ISRG,2026-10-16,23,C,470.0,17.2,401.03,0.0,3.5,0.62,0.62,,0.4285,0.0494,0.0028,-0.074,0.1077,1.5222,6.6,1,49
ISRG261016P00470000,ISRG,2026-10-16,23,P,470.0,17.2,401.03,64.0,72.0,68.0,104.45,11.8,0.3351,-0.9669,0.0031,-0.0792,0.0741,68.2375,97.1,0,2
ISRG261016C00475000,ISRG,2026-10-16,23,C,475.0,18.45,401.03,0.15,2.7,1.425,1.7,178.9,0.429,0.04,0.0023,-0.0627,0.0912,1.2293,5.5,0,43
ISRG261016P00475000,ISRG,2026-10-16,23,P,475.0,18.45,401.03,69.3,76.8,73.05,49.3,10.3,0.3624,-0.9778,0.0029,-0.0664,0.0596,73.2945,97.0,0,1
ISRG261016C00480000,ISRG,2026-10-16,23,C,480.0,19.69,401.03,0.0,1.4,1.33,1.33,,0.3782,0.0324,0.002,-0.0529,0.0769,0.5006,2.8,0,159
ISRG261016P00480000,ISRG,2026-10-16,23,P,480.0,19.69,401.03,73.7,81.8,77.75,60.0,10.4,0.0,-0.986,0.0023,-0.0501,0.0331,,,0,1
ISRG261016C00485000,ISRG,2026-10-16,23,C,485.0,20.94,401.03,0.0,1.5,0.3,0.3,,0.4046,0.0262,0.0016,-0.0446,0.0647,0.5663,2.9,0,135
ISRG261016P00485000,ISRG,2026-10-16,23,P,485.0,20.94,401.03,78.9,86.8,82.85,136.0,9.5,0.0,-0.9929,0.0016,-0.0431,0.0212,,,0,1
ISRG261016C00490000,ISRG,2026-10-16,23,C,490.0,22.19,401.03,0.0,0.75,0.42,0.42,,0.3828,0.0213,0.0013,-0.0375,0.0543,0.3077,1.8,0,129
ISRG261016P00490000,ISRG,2026-10-16,23,P,490.0,22.19,401.03,84.2,91.8,88.0,75.6,8.6,0.4072,-0.9967,0.001,-0.033,0.0078,88.1919,97.7,0,0
ISRG261016C00495000,ISRG,2026-10-16,23,C,495.0,23.43,401.03,0.0,4.2,1.8,1.8,,0.4734,0.0172,0.0011,-0.0315,0.0456,0.8534,3.5,0,294
ISRG261016P00495000,ISRG,2026-10-16,23,P,495.0,23.43,401.03,91.0,96.0,93.5,145.53,5.3,0.4932,-0.9989,0.0003,-0.033,0.0,93.7799,95.9,0,0
ISRG261016C00500000,ISRG,2026-10-16,23,C,500.0,24.68,401.03,0.05,1.0,0.525,0.2,181.0,0.4382,0.014,0.0009,-0.0264,0.0381,0.4374,2.1,2,506
ISRG261016P00500000,ISRG,2026-10-16,23,P,500.0,24.68,401.03,94.1,101.8,97.95,134.6,7.9,0.4253,-1.0,0.0,-0.033,0.0,98.0725,98.2,0,1
ISRG261023C00305000,ISRG,2026-10-23,30,C,305.0,-23.95,401.03,95.3,102.8,99.05,0.0,7.6,0.6131,0.9739,0.001,-0.039,0.0671,98.536,93.2,0,0
ISRG261023P00305000,ISRG,2026-10-23,30,P,305.0,-23.95,401.03,0.0,5.8,4.5,4.5,,0.705,-0.0241,0.001,-0.0514,0.0674,2.7503,10.2,0,2
ISRG261023C00310000,ISRG,2026-10-23,30,C,310.0,-22.7,401.03,90.4,98.0,94.2,0.0,8.1,0.594,0.9684,0.0012,-0.0488,0.0798,93.6788,92.6,0,0
ISRG261023P00310000,ISRG,2026-10-23,30,P,310.0,-22.7,401.03,0.0,5.7,1.0,1.0,,0.6696,-0.0297,0.0012,-0.0606,0.0802,2.7056,10.3,0,2
ISRG261023C00315000,ISRG,2026-10-23,30,C,315.0,-21.45,401.03,85.4,92.5,88.95,0.0,8.0,0.5437,0.9617,0.0014,-0.0599,0.0943,88.4395,93.2,0,0
ISRG261023P00315000,ISRG,2026-10-23,30,P,315.0,-21.45,401.03,0.0,7.2,4.75,4.75,,0.6794,-0.0362,0.0014,-0.0709,0.0944,3.4375,12.3,0,3
ISRG261023C00320000,ISRG,2026-10-23,30,C,320.0,-20.21,401.03,80.6,88.5,84.55,0.0,9.3,0.5568,0.9537,0.0016,-0.0723,0.1107,84.0149,91.2,0,0
ISRG261023P00320000,ISRG,2026-10-23,30,P,320.0,-20.21,401.03,0.0,7.3,1.55,1.55,,0.6489,-0.0442,0.0016,-0.0827,0.111,3.4914,12.8,0,13
ISRG261023C00325000,ISRG,2026-10-23,30,C,325.0,-18.96,401.03,76.0,83.7,79.85,0.0,9.6,0.5444,0.9443,0.0019,-0.086,0.1292,79.3048,90.1,0,0
ISRG261023P00325000,ISRG,2026-10-23,30,P,325.0,-18.96,401.03,0.0,6.2,1.7,1.7,,0.5877,-0.0539,0.002,-0.0962,0.1297,2.9565,11.8,0,25
ISRG261023C00330000,ISRG,2026-10-23,30,C,330.0,-17.71,401.03,71.1,79.0,75.05,0.0,10.5,0.5244,0.9332,0.0023,-0.101,0.1496,74.498,89.3,0,0
ISRG261023P00330000,ISRG,2026-10-23,30,P,330.0,-17.71,401.03,0.45,2.8,1.625,1.75,144.6,0.471,-0.0651,0.0023,-0.1106,0.1504,1.5427,8.1,1,28
ISRG261023C00335000,ISRG,2026-10-23,30,C,335.0,-16.47,401.03,66.6,73.9,70.25,0.0,10.4,0.5036,0.9202,0.0026,-0.1173,0.172,69.6941,88.4,0,0
ISRG261023P00335000,ISRG,2026-10-23,30,P,335.0,-16.47,401.03,0.0,6.5,2.17,2.17,,0.5321,-0.0779,0.0027,-0.126,0.1721,3.1199,13.0,2,8
ISRG261023C00340000,ISRG,2026-10-23,30,C,340.0,-15.22,401.03,62.1,69.5,65.8,0.0,11.2,0.4989,0.9051,0.0031,-0.1347,0.1962,65.2397,86.6,0,0
ISRG261023P00340000,ISRG,2026-10-23,30,P,340.0,-15.22,401.03,0.5,6.5,3.5,4.42,171.4,0.5117,-0.093,0.0031,-0.1428,0.1966,3.3677,14.1,0,18
ISRG261023C00345000,ISRG,2026-10-23,30,C,345.0,-13.97,401.03,57.7,64.3,61.0,0.0,10.8,0.4748,0.8879,0.0035,-0.153,0.2218,60.427,85.6,0,0
ISRG261023P00345000,ISRG,2026-10-23,30,P,345.0,-13.97,401.03,1.3,5.0,3.15,4.55,117.5,0.4666,-0.1103,0.0035,-0.1607,0.2223,3.0831,13.9,0,13
ISRG261023C00350000,ISRG,2026-10-23,30,C,350.0,-12.72,401.03,53.3,60.2,56.75,27.5,12.2,0.4724,0.8683,0.004,-0.1721,0.249,56.1637,83.2,0,22
ISRG261023P00350000,ISRG,2026-10-23,30,P,350.0,-12.72,401.03,1.65,3.9,2.775,3.0,81.1,0.4166,-0.13,0.004,-0.1792,0.2494,2.677,13.4,7,35
ISRG261023C00355000,ISRG,2026-10-23,30,C,355.0,-11.48,401.03,49.2,57.0,53.1,42.0,14.7,0.4866,0.8462,0.0044,-0.1916,0.2766,52.4891,79.6,0,16
ISRG261023P00355000,ISRG,2026-10-23,30,P,355.0,-11.48,401.03,2.8,6.0,4.4,4.0,72.7,0.4496,-0.1522,0.0045,-0.1982,0.2777,4.2652,18.2,0,14
ISRG261023C00360000,ISRG,2026-10-23,30,C,360.0,-10.23,401.03,44.3,52.6,48.45,48.63,17.1,0.4622,0.8215,0.0049,-0.2111,0.3049,47.8387,78.0,0,5
ISRG261023P00360000,ISRG,2026-10-23,30,P,360.0,-10.23,401.03,3.8,6.5,5.15,4.6,52.4,0.4448,-0.1769,0.005,-0.2172,0.3055,5.1046,20.9,3,2
ISRG261023C00365000,ISRG,2026-10-23,30,C,365.0,-8.98,401.03,40.3,46.8,43.55,38.9,14.9,0.4294,0.7942,0.0054,-0.2303,0.3326,42.9601,76.7,0,2
ISRG261023P00365000,ISRG,2026-10-23,30,P,365.0,-8.98,401.03,1.55,8.2,4.875,7.5,136.4,0.3979,-0.2043,0.0055,-0.2359,0.3334,4.7522,21.3,4,6
ISRG261023C00370000,ISRG,2026-10-23,30,C,370.0,-7.74,401.03,36.5,45.2,40.85,40.88,21.3,0.4579,0.7645,0.0059,-0.2486,0.3596,40.2296,71.7,0,8
ISRG261023P00370000,ISRG,2026-10-23,30,P,370.0,-7.74,401.03,6.4,7.8,7.1,7.19,19.7,0.4284,-0.2341,0.006,-0.2537,0.3601,6.9437,26.7,6,73
ISRG261023C00375000,ISRG,2026-10-23,30,C,375.0,-6.49,401.03,33.3,41.5,37.4,36.42,21.9,0.4586,0.7325,0.0064,-0.2657,0.3846,36.7731,68.1,4,23
ISRG261023P00375000,ISRG,2026-10-23,30,P,375.0,-6.49,401.03,6.5,9.6,8.05,8.75,38.5,0.4158,-0.2663,0.0064,-0.2703,0.3854,7.8973,29.8,5,45
ISRG261023C00380000,ISRG,2026-10-23,30,C,380.0,-5.24,401.03,29.3,38.0,33.65,32.1,25.9,0.4476,0.6983,0.0068,-0.281,0.4076,33.0277,64.8,0,11
ISRG261023P00380000,ISRG,2026-10-23,30,P,380.0,-5.24,401.03,8.7,12.0,10.35,11.41,31.9,0.4358,-0.3006,0.0068,-0.2851,0.408,10.2764,34.6,1,18
ISRG261023C00385000,ISRG,2026-10-23,30,C,385.0,-4.0,401.03,26.0,35.0,30.5,31.3,29.5,0.4472,0.6622,0.0072,-0.2941,0.4273,29.8746,61.0,0,19
ISRG261023P00385000,ISRG,2026-10-23,30,P,385.0,-4.0,401.03,10.7,12.9,11.8,10.1,18.6,0.4246,-0.3369,0.0072,-0.2977,0.4279,11.63,38.2,14,26
ISRG261023C00390000,ISRG,2026-10-23,30,C,390.0,-2.75,401.03,23.0,31.6,27.3,26.1,31.5,0.4415,0.6246,0.0075,-0.3046,0.4435,26.6818,57.3,2,10
ISRG261023P00390000,ISRG,2026-10-23,30,P,390.0,-2.75,401.03,10.6,15.5,13.05,13.77,37.5,0.4076,-0.3747,0.0075,-0.3078,0.4442,12.8931,41.7,0,7
ISRG261023C00395000,ISRG,2026-10-23,30,C,395.0,-1.5,401.03,20.3,28.7,24.5,24.5,34.3,0.4407,0.5859,0.0077,-0.3124,0.4557,23.8914,53.3,3,14
ISRG261023P00395000,ISRG,2026-10-23,30,P,395.0,-1.5,401.03,14.6,17.4,16.0,16.07,17.5,0.4244,-0.4136,0.0078,-0.3151,0.4561,15.8337,46.4,1,1
ISRG261023C00400000,ISRG,2026-10-23,30,C,400.0,-0.26,401.03,18.6,22.5,20.55,22.13,19.0,0.4109,0.5465,0.0079,-0.3171,0.4635,19.9755,49.6,6,51
ISRG261023P00400000,ISRG,2026-10-23,30,P,400.0,-0.26,401.03,16.9,20.1,18.5,18.52,17.3,0.4264,-0.4533,0.008,-0.3194,0.4637,18.3394,50.5,1,1
ISRG261023C00405000,ISRG,2026-10-23,30,C,405.0,0.99,401.03,15.0,22.0,18.5,18.62,37.8,0.4181,0.5068,0.008,-0.3186,0.4667,17.9371,45.4,2,7
ISRG261023P00405000,ISRG,2026-10-23,30,P,405.0,0.99,401.03,18.8,23.4,21.1,0.0,21.8,0.4304,-0.4932,0.008,-0.3205,0.4667,21.1419,54.6,0,0
ISRG261023C00410000,ISRG,2026-10-23,30,C,410.0,2.24,401.03,15.6,19.8,17.7,15.75,23.7,0.4478,0.4674,0.008,-0.3172,0.4654,17.1304,41.6,4,11
ISRG261023P00410000,ISRG,2026-10-23,30,P,410.0,2.24,401.03,18.5,26.9,22.7,0.0,37.0,0.4002,-0.5329,0.008,-0.3186,0.4651,22.5811,58.8,0,0
ISRG261023C00415000,ISRG,2026-10-23,30,C,415.0,3.48,401.03,13.2,15.9,14.55,15.1,18.6,0.4251,0.4287,0.0079,-0.3127,0.4595,14.1226,37.6,0,60
ISRG261023P00415000,ISRG,2026-10-23,30,P,415.0,3.48,401.03,22.3,29.9,26.1,0.0,29.1,0.4086,-0.572,0.008,-0.3137,0.4591,25.9885,62.7,0,0
ISRG261023C00420000,ISRG,2026-10-23,30,C,420.0,4.73,401.03,11.7,14.0,12.85,12.77,17.9,0.4253,0.391,0.0077,-0.3055,0.4498,12.3476,34.0,16,45
ISRG261023P00420000,ISRG,2026-10-23,30,P,420.0,4.73,401.03,25.0,32.9,28.95,68.26,27.3,0.4006,-0.61,0.0078,-0.3061,0.4487,28.8572,66.7,0,1
ISRG261023C00425000,ISRG,2026-10-23,30,C,425.0,5.98,401.03,6.8,12.3,9.55,10.0,57.6,0.3867,0.3547,0.0075,-0.2958,0.4361,9.116,29.1,0,16
ISRG261023P00425000,ISRG,2026-10-23,30,P,425.0,5.98,401.03,28.9,36.5,32.7,0.0,23.2,0.4088,-0.6466,0.0076,-0.2961,0.435,32.6178,70.1,0,0
ISRG261023C00430000,ISRG,2026-10-23,30,C,430.0,7.22,401.03,8.4,13.4,10.9,9.8,45.9,0.4157,0.3202,0.0072,-0.2841,0.4195,8.9141,26.9,5,9
ISRG261023P00430000,ISRG,2026-10-23,30,P,430.0,7.22,401.03,33.3,40.0,36.65,0.0,18.3,0.4181,-0.6815,0.0073,-0.284,0.4174,36.57,73.1,0,0
ISRG261023C00435000,ISRG,2026-10-23,30,C,435.0,8.47,401.03,6.9,11.0,8.95,7.05,45.8,0.4405,0.2876,0.0069,-0.2707,0.4001,8.6184,24.8,0,10
ISRG261023P00435000,ISRG,2026-10-23,30,P,435.0,8.47,401.03,37.0,43.1,40.05,0.0,15.2,0.4104,-0.7144,0.007,-0.2702,0.3979,39.9932,76.5,0,0
ISRG261023C00440000,ISRG,2026-10-23,30,C,440.0,9.72,401.03,4.0,9.7,6.85,7.0,83.2,0.414,0.2572,0.0065,-0.256,0.3788,6.4812,20.8,0,47
ISRG261023P00440000,ISRG,2026-10-23,30,P,440.0,9.72,401.03,41.5,47.5,44.5,0.0,13.5,0.426,-0.7453,0.0066,-0.2552,0.3752,44.443,78.6,0,0
ISRG261023C00445000,ISRG,2026-10-23,30,C,445.0,10.96,401.03,4.7,9.6,7.15,6.5,68.5,0.4571,0.229,0.0061,-0.2404,0.356,7.0079,20.2,4,0
ISRG261023P00445000,ISRG,2026-10-23,30,P,445.0,10.96,401.03,43.8,51.1,47.45,0.0,15.4,0.3963,-0.7738,0.0062,-0.2392,0.3523,47.4348,82.7,0,0
ISRG261023C00450000,ISRG,2026-10-23,30,C,450.0,12.21,401.03,2.8,7.5,5.15,5.3,91.3,0.4195,0.2031,0.0057,-0.2243,0.3324,4.836,16.1,1,2
ISRG261023P00450000,ISRG,2026-10-23,30,P,450.0,12.21,401.03,48.5,55.2,51.85,0.0,12.9,0.4035,-0.8002,0.0058,-0.2228,0.3271,51.835,84.7,0,0
ISRG261023C00455000,ISRG,2026-10-23,30,C,455.0,13.46,401.03,3.5,9.1,6.3,4.3,88.9,0.4825,0.1795,0.0052,-0.208,0.3083,6.0362,16.9,21,67
ISRG261023P00455000,ISRG,2026-10-23,30,P,455.0,13.46,401.03,52.0,59.6,55.8,0.0,13.6,0.3915,-0.8244,0.0054,-0.2061,0.3026,55.7861,87.5,0,0
ISRG261023C00460000,ISRG,2026-10-23,30,C,460.0,14.7,401.03,2.8,5.8,4.3,3.6,69.8,0.4407,0.1581,0.0048,-0.1917,0.2846,4.0174,13.1,1,53
ISRG261023P00460000,ISRG,2026-10-23,30,P,460.0,14.7,401.03,56.5,63.9,60.2,0.0,12.3,0.3914,-0.8462,0.0049,-0.1896,0.2771,60.1939,89.4,0,0
ISRG261023C00465000,ISRG,2026-10-23,30,C,465.0,15.95,401.03,1.05,5.7,3.375,2.8,137.8,0.4297,0.1388,0.0044,-0.1759,0.2609,3.1336,10.8,0,14
ISRG261023P00465000,ISRG,2026-10-23,30,P,465.0,15.95,401.03,60.7,68.2,64.45,0.0,11.6,0.3792,-0.866,0.0045,-0.1733,0.2529,64.4381,91.7,0,0
ISRG261023C00470000,ISRG,2026-10-23,30,C,470.0,17.2,401.03,2.3,5.0,3.65,2.7,74.0,0.462,0.1215,0.004,-0.1606,0.2385,3.396,10.8,21,79
ISRG261023P00470000,ISRG,2026-10-23,30,P,470.0,17.2,401.03,65.3,72.6,68.95,0.0,10.6,0.3721,-0.8838,0.0041,-0.1576,0.2288,68.92,93.4,0,0
ISRG261023C00475000,ISRG,2026-10-23,30,C,475.0,18.45,401.03,1.55,3.4,2.475,2.15,74.7,0.4335,0.1062,0.0036,-0.1459,0.2166,2.2815,8.1,20,0
ISRG261023P00475000,ISRG,2026-10-23,30,P,475.0,18.45,401.03,70.4,77.6,74.0,0.0,9.7,0.3942,-0.8996,0.0038,-0.1425,0.2052,73.9582,93.6,0,0
ISRG261023C00480000,ISRG,2026-10-23,30,C,480.0,19.69,401.03,0.8,3.7,2.25,2.1,128.9,0.4421,0.0926,0.0033,-0.1321,0.1963,2.0678,7.3,0,2
ISRG261023P00480000,ISRG,2026-10-23,30,P,480.0,19.69,401.03,74.3,82.2,78.25,0.0,10.1,0.3551,-0.9138,0.0034,-0.1282,0.183,78.1453,96.3,0,0
ISRG261023C00485000,ISRG,2026-10-23,30,C,485.0,20.94,401.03,0.0,5.2,,0.0,,0.4782,0.0805,0.0029,-0.1192,0.177,2.3975,7.6,0,0
ISRG261023P00485000,ISRG,2026-10-23,30,P,485.0,20.94,401.03,79.2,87.0,83.1,0.0,9.4,0.3534,-0.9264,0.0031,-0.1151,0.1625,82.9472,97.1,0,0
ISRG261023C00490000,ISRG,2026-10-23,30,C,490.0,22.19,401.03,0.0,6.1,,0.0,,0.5181,0.07,0.0026,-0.1073,0.1593,2.8206,8.1,0,0
ISRG261023P00490000,ISRG,2026-10-23,30,P,490.0,22.19,401.03,84.7,91.7,88.2,0.0,7.9,0.3826,-0.9374,0.0028,-0.1026,0.1428,88.0596,96.8,0,0
ISRG261023C00495000,ISRG,2026-10-23,30,C,495.0,23.43,401.03,0.0,3.2,,0.0,,0.4606,0.0606,0.0023,-0.096,0.1426,1.4646,5.1,0,0
ISRG261023P00495000,ISRG,2026-10-23,30,P,495.0,23.43,401.03,88.8,96.7,92.75,0.0,8.5,0.0,-0.9474,0.0025,-0.0918,0.1243,,,0,0
ISRG261023C00500000,ISRG,2026-10-23,30,C,500.0,24.68,401.03,0.0,5.8,,0.0,,0.5485,0.0526,0.0021,-0.0861,0.1277,2.6771,7.2,0,0
ISRG261023P00500000,ISRG,2026-10-23,30,P,500.0,24.68,401.03,93.7,101.5,97.6,0.0,8.0,0.0,-0.9561,0.0023,-0.0822,0.1082,,,0,0
ISRG261030C00305000,ISRG,2026-10-30,37,C,305.0,-23.95,401.03,95.9,103.6,99.75,0.0,7.7,0.5662,0.9665,0.0011,-0.0479,0.0947,98.9379,92.7,0,0
ISRG261030P00305000,ISRG,2026-10-30,37,P,305.0,-23.95,401.03,0.0,1.5,1.1,1.1,,0.4798,-0.0322,0.0011,-0.058,0.0949,0.725,4.1,1,1
ISRG261030C00310000,ISRG,2026-10-30,37,C,310.0,-22.7,401.03,90.9,96.3,93.6,0.0,5.8,0.4321,0.96,0.0013,-0.0573,0.11,92.8173,96.7,0,0
ISRG261030P00310000,ISRG,2026-10-30,37,P,310.0,-22.7,401.03,0.0,2.2,1.03,1.03,,0.4904,-0.0387,0.0013,-0.067,0.1106,1.0653,5.5,10,15
ISRG261030C00315000,ISRG,2026-10-30,37,C,315.0,-21.45,401.03,86.2,93.5,89.85,0.0,8.1,0.5162,0.9523,0.0016,-0.0677,0.1274,89.0329,92.1,0,0
ISRG261030P00315000,ISRG,2026-10-30,37,P,315.0,-21.45,401.03,0.0,2.8,,0.0,,0.4896,-0.0464,0.0016,-0.077,0.1276,1.3597,6.7,0,0
ISRG261030C00320000,ISRG,2026-10-30,37,C,320.0,-20.21,401.03,81.3,88.8,85.05,0.0,8.8,0.5007,0.9433,0.0018,-0.0791,0.1464,84.2273,91.3,0,0
ISRG261030P00320000,ISRG,2026-10-30,37,P,320.0,-20.21,401.03,0.85,2.05,1.45,1.41,82.8,0.4677,-0.0554,0.0018,-0.0879,0.1474,1.4106,7.1,1,17
ISRG261030C00325000,ISRG,2026-10-30,37,C,325.0,-18.96,401.03,76.6,84.4,80.5,65.4,9.7,0.4979,0.933,0.0021,-0.0915,0.1675,79.6677,89.8,0,1
ISRG261030P00325000,ISRG,2026-10-30,37,P,325.0,-18.96,401.03,1.0,2.5,1.75,0.0,85.7,0.4618,-0.0659,0.0021,-0.0998,0.1678,1.7067,8.3,0,0
ISRG261030C00330000,ISRG,2026-10-30,37,C,330.0,-17.71,401.03,72.0,79.7,75.85,0.0,10.2,0.4869,0.921,0.0024,-0.1048,0.1902,75.0125,88.6,0,0
ISRG261030P00330000,ISRG,2026-10-30,37,P,330.0,-17.71,401.03,1.2,3.3,2.25,2.21,93.3,0.4638,-0.0779,0.0024,-0.1127,0.1916,2.1997,10.1,1,2
ISRG261030C00335000,ISRG,2026-10-30,37,C,335.0,-16.47,401.03,67.5,74.4,70.95,0.0,9.7,0.4626,0.9072,0.0028,-0.1189,0.2148,70.1116,88.0,0,0
ISRG261030P00335000,ISRG,2026-10-30,37,P,335.0,-16.47,401.03,1.4,3.6,2.5,3.8,88.0,0.4492,-0.0917,0.0028,-0.1264,0.2152,2.4479,11.2,0,3
ISRG261030C00340000,ISRG,2026-10-30,37,C,340.0,-15.22,401.03,63.0,70.1,66.55,0.0,10.7,0.4594,0.8917,0.0031,-0.1338,0.2407,65.7043,86.1,0,0
ISRG261030P00340000,ISRG,2026-10-30,37,P,340.0,-15.22,401.03,1.45,3.7,2.575,3.0,87.4,0.4254,-0.1074,0.0032,-0.1409,0.2424,2.527,11.9,7,8
ISRG261030C00345000,ISRG,2026-10-30,37,C,345.0,-13.97,401.03,60.2,64.7,62.45,0.0,7.2,0.4639,0.8741,0.0035,-0.1492,0.2681,61.5975,83.5,0,0
ISRG261030P00345000,ISRG,2026-10-30,37,P,345.0,-13.97,401.03,2.95,4.8,3.875,3.5,47.7,0.4504,-0.1251,0.0035,-0.156,0.2686,3.8101,15.7,3,2
ISRG261030C00350000,ISRG,2026-10-30,37,C,350.0,-12.72,401.03,55.6,60.2,57.9,46.8,7.9,0.4485,0.8544,0.0039,-0.165,0.2962,57.0458,81.9,0,0
ISRG261030P00350000,ISRG,2026-10-30,37,P,350.0,-12.72,401.03,3.6,5.3,4.45,4.5,38.2,0.4412,-0.1449,0.004,-0.1714,0.2981,4.3876,17.7,4,12
ISRG261030C00355000,ISRG,2026-10-30,37,C,355.0,-11.48,401.03,50.1,58.0,54.05,32.19,14.6,0.4533,0.8326,0.0044,-0.1809,0.3249,53.1924,78.8,0,1
ISRG261030P00355000,ISRG,2026-10-30,37,P,355.0,-11.48,401.03,4.2,6.3,5.25,5.5,40.0,0.4364,-0.1669,0.0044,-0.187,0.3256,5.1831,20.1,2,1
ISRG261030C00360000,ISRG,2026-10-30,37,C,360.0,-10.23,401.03,46.0,52.3,49.15,39.9,12.8,0.4235,0.8086,0.0048,-0.1967,0.3534,48.301,77.7,0,0
ISRG261030P00360000,ISRG,2026-10-30,37,P,360.0,-10.23,401.03,5.4,7.1,6.25,6.45,27.2,0.4342,-0.191,0.0048,-0.2024,0.3553,6.1815,22.9,2,5
ISRG261030C00365000,ISRG,2026-10-30,37,C,365.0,-8.98,401.03,42.1,48.7,45.4,30.53,14.5,0.4247,0.7824,0.0052,-0.212,0.3815,44.5529,74.5,0,1
ISRG261030P00365000,ISRG,2026-10-30,37,P,365.0,-8.98,401.03,2.8,9.3,6.05,0.0,107.4,0.396,-0.2174,0.0052,-0.2174,0.3823,5.999,23.7,0,0
ISRG261030C00370000,ISRG,2026-10-30,37,C,370.0,-7.74,401.03,39.8,45.9,42.85,42.83,14.2,0.4511,0.7542,0.0056,-0.2266,0.4082,41.9954,69.7,0,50
ISRG261030P00370000,ISRG,2026-10-30,37,P,370.0,-7.74,401.03,7.2,9.0,8.1,8.0,22.2,0.4158,-0.2458,0.0056,-0.2316,0.41,8.0434,28.3,5,5
ISRG261030C00375000,ISRG,2026-10-30,37,C,375.0,-6.49,401.03,35.6,42.7,39.15,37.81,18.1,0.4442,0.724,0.006,-0.2401,0.4333,38.3061,66.7,4,63
ISRG261030P00375000,ISRG,2026-10-30,37,P,375.0,-6.49,401.03,8.6,10.6,9.6,9.89,20.8,0.4159,-0.2762,0.006,-0.2448,0.4343,9.5462,31.9,26,46
ISRG261030C00380000,ISRG,2026-10-30,37,C,380.0,-5.24,401.03,32.6,39.6,36.1,35.68,19.4,0.4485,0.6921,0.0063,-0.2521,0.4559,35.2644,63.1,2,11
ISRG261030P00380000,ISRG,2026-10-30,37,P,380.0,-5.24,401.03,6.8,12.2,9.5,11.4,56.8,0.3765,-0.3084,0.0064,-0.2565,0.4573,9.4733,33.6,21,7
ISRG261030C00385000,ISRG,2026-10-30,37,C,385.0,-4.0,401.03,28.9,36.3,32.6,25.58,22.7,0.4394,0.6586,0.0066,-0.2625,0.4756,31.7798,59.9,0,6
ISRG261030P00385000,ISRG,2026-10-30,37,P,385.0,-4.0,401.03,11.7,14.6,13.15,16.57,22.1,0.4164,-0.3422,0.0067,-0.2666,0.4765,13.1093,39.3,0,18
ISRG261030C00390000,ISRG,2026-10-30,37,C,390.0,-2.75,401.03,27.0,33.3,30.15,29.0,20.9,0.4487,0.6239,0.0069,-0.2709,0.4918,29.3401,56.0,2,4
ISRG261030P00390000,ISRG,2026-10-30,37,P,390.0,-2.75,401.03,13.6,17.0,15.3,16.0,22.2,0.4185,-0.3772,0.007,-0.2747,0.4928,15.2616,43.1,2,1
ISRG261030C00395000,ISRG,2026-10-30,37,C,395.0,-1.5,401.03,23.7,28.2,25.95,15.95,17.3,0.4194,0.5883,0.0071,-0.2772,0.5043,25.1767,53.1,0,1
ISRG261030P00395000,ISRG,2026-10-30,37,P,395.0,-1.5,401.03,15.6,19.9,17.75,21.2,24.2,0.4229,-0.4132,0.0072,-0.2808,0.5048,17.7226,47.0,0,1
ISRG261030C00400000,ISRG,2026-10-30,37,C,400.0,-0.26,401.03,21.4,27.4,24.4,22.3,24.6,0.4394,0.5521,0.0072,-0.2813,0.5126,23.6393,49.1,1,22
ISRG261030P00400000,ISRG,2026-10-30,37,P,400.0,-0.26,401.03,18.3,21.2,19.75,20.25,14.7,0.4146,-0.4497,0.0073,-0.2845,0.5129,19.736,50.6,2,2
ISRG261030C00405000,ISRG,2026-10-30,37,C,405.0,0.99,401.03,17.5,23.9,20.7,17.71,30.9,0.4139,0.5157,0.0073,-0.283,0.5167,19.984,45.6,0,6
ISRG261030P00405000,ISRG,2026-10-30,37,P,405.0,0.99,401.03,20.4,24.7,22.55,43.9,19.1,0.4185,-0.4865,0.0074,-0.2861,0.5164,22.5494,54.4,0,1
ISRG261030C00410000,ISRG,2026-10-30,37,C,410.0,2.24,401.03,17.0,20.2,18.6,18.4,17.2,0.416,0.4795,0.0073,-0.2824,0.5165,17.9104,42.0,1,7
ISRG261030P00410000,ISRG,2026-10-30,37,P,410.0,2.24,401.03,21.5,27.5,24.5,28.13,24.5,0.4023,-0.5232,0.0074,-0.2852,0.5159,24.5254,58.1,0,1
ISRG261030C00415000,ISRG,2026-10-30,37,C,415.0,3.48,401.03,15.2,17.8,16.5,16.61,15.8,0.4147,0.4437,0.0073,-0.2796,0.5121,15.8436,38.4,1,1
ISRG261030P00415000,ISRG,2026-10-30,37,P,415.0,3.48,401.03,26.4,31.3,28.85,51.7,17.0,0.4293,-0.5594,0.0074,-0.2822,0.5107,28.8688,61.4,0,1
ISRG261030C00420000,ISRG,2026-10-30,37,C,420.0,4.73,401.03,13.2,17.2,15.2,13.55,26.3,0.4259,0.4088,0.0072,-0.2748,0.504,14.5696,35.2,0,29
ISRG261030P00420000,ISRG,2026-10-30,37,P,420.0,4.73,401.03,26.4,34.4,30.4,0.0,26.3,0.3978,-0.5948,0.0073,-0.2771,0.502,30.4549,65.4,0,0
ISRG261030C00425000,ISRG,2026-10-30,37,C,425.0,5.98,401.03,11.9,14.0,12.95,13.0,16.2,0.4149,0.375,0.007,-0.268,0.492,12.3649,31.7,1,10
ISRG261030P00425000,ISRG,2026-10-30,37,P,425.0,5.98,401.03,30.2,37.6,33.9,0.0,21.8,0.4013,-0.6292,0.0071,-0.2702,0.4889,33.9637,68.7,0,0
ISRG261030C00430000,ISRG,2026-10-30,37,C,430.0,7.22,401.03,10.0,12.9,11.45,11.75,25.3,0.4157,0.3426,0.0068,-0.2596,0.4772,10.8988,28.7,5,11
ISRG261030P00430000,ISRG,2026-10-30,37,P,430.0,7.22,401.03,33.9,41.0,37.45,0.0,19.0,0.4026,-0.6621,0.0069,-0.2615,0.4732,37.5228,71.8,0,0
ISRG261030C00435000,ISRG,2026-10-30,37,C,435.0,8.47,401.03,8.6,11.5,10.05,8.9,28.9,0.4156,0.3118,0.0065,-0.2498,0.4594,9.5387,25.8,1,7
ISRG261030P00435000,ISRG,2026-10-30,37,P,435.0,8.47,401.03,37.1,44.5,40.8,0.0,18.1,0.3961,-0.6936,0.0067,-0.2515,0.4539,40.8869,75.0,0,0
ISRG261030C00440000,ISRG,2026-10-30,37,C,440.0,9.72,401.03,7.3,12.7,10.0,8.5,54.0,0.4427,0.2826,0.0062,-0.2388,0.4396,9.489,24.2,1,1
ISRG261030P00440000,ISRG,2026-10-30,37,P,440.0,9.72,401.03,42.7,48.0,45.35,0.0,11.7,0.4136,-0.7233,0.0064,-0.2403,0.4328,45.4277,77.0,0,0
ISRG261030C00445000,ISRG,2026-10-30,37,C,445.0,10.96,401.03,6.5,8.9,7.7,7.25,31.2,0.4162,0.2553,0.0059,-0.2269,0.4179,7.2614,20.6,8,0
ISRG261030P00445000,ISRG,2026-10-30,37,P,445.0,10.96,401.03,44.5,52.5,48.5,0.0,16.5,0.395,-0.7513,0.0061,-0.2283,0.41,48.5914,80.5,0,0
ISRG261030C00450000,ISRG,2026-10-30,37,C,450.0,12.21,401.03,6.3,7.5,6.9,6.66,17.4,0.4214,0.2299,0.0056,-0.2145,0.3951,6.4921,18.5,1,19
ISRG261030P00450000,ISRG,2026-10-30,37,P,450.0,12.21,401.03,49.5,56.2,52.85,0.0,12.7,0.4026,-0.7773,0.0057,-0.2157,0.3849,52.9357,82.4,0,0
ISRG261030C00455000,ISRG,2026-10-30,37,C,455.0,13.46,401.03,4.3,7.7,6.0,5.8,56.7,0.4214,0.2064,0.0052,-0.2017,0.3717,5.6231,16.4,10,28
ISRG261030P00455000,ISRG,2026-10-30,37,P,455.0,13.46,401.03,54.1,60.3,57.2,0.0,10.8,0.4079,-0.8015,0.0054,-0.2028,0.3608,57.2768,84.3,0,0
ISRG261030C00460000,ISRG,2026-10-30,37,C,460.0,14.7,401.03,3.9,8.4,6.15,5.5,73.2,0.4482,0.1848,0.0049,-0.1887,0.3477,5.7715,15.8,0,20
ISRG261030P00460000,ISRG,2026-10-30,37,P,460.0,14.7,401.03,56.4,64.9,60.65,0.0,14.0,0.3817,-0.8238,0.0051,-0.1896,0.335,60.7105,87.6,0,0
ISRG261030C00465000,ISRG,2026-10-30,37,C,465.0,15.95,401.03,3.3,6.0,4.65,4.24,58.1,0.4264,0.1651,0.0045,-0.1758,0.3242,4.3335,13.0,1,0
ISRG261030P00465000,ISRG,2026-10-30,37,P,465.0,15.95,401.03,62.5,69.1,65.8,0.0,10.0,0.4075,-0.8442,0.0047,-0.1766,0.3088,65.8485,88.0,0,0
ISRG261030C00470000,ISRG,2026-10-30,37,C,470.0,17.2,401.03,2.85,5.0,3.925,0.0,54.8,0.4234,0.1471,0.0042,-0.1632,0.3005,3.6426,11.2,0,0
ISRG261030P00470000,ISRG,2026-10-30,37,P,470.0,17.2,401.03,68.2,73.1,70.65,0.0,6.9,0.4224,-0.8629,0.0044,-0.1636,0.2831,70.6823,88.8,0,0
ISRG261030C00475000,ISRG,2026-10-30,37,C,475.0,18.45,401.03,1.0,4.6,2.8,2.2,128.6,0.4018,0.1309,0.0039,-0.1508,0.2779,2.5792,8.8,0,1
ISRG261030P00475000,ISRG,2026-10-30,37,P,475.0,18.45,401.03,70.4,78.2,74.3,0.0,10.5,0.3844,-0.8798,0.004,-0.151,0.2584,74.2252,92.1,0,0
ISRG261030C00480000,ISRG,2026-10-30,37,C,480.0,19.69,401.03,2.5,5.1,3.8,3.2,68.4,0.4575,0.1162,0.0035,-0.139,0.2559,3.5267,10.0,0,2
ISRG261030P00480000,ISRG,2026-10-30,37,P,480.0,19.69,401.03,74.8,82.9,78.85,0.0,10.3,0.3811,-0.8952,0.0037,-0.1388,0.2337,78.7765,93.4,0,0
ISRG261030C00485000,ISRG,2026-10-30,37,C,485.0,20.94,401.03,1.0,4.5,2.75,1.25,127.3,0.4354,0.103,0.0032,-0.1277,0.2348,2.5336,7.9,0,1
ISRG261030P00485000,ISRG,2026-10-30,37,P,485.0,20.94,401.03,80.0,87.1,83.55,0.0,8.5,0.3791,-0.9091,0.0034,-0.1272,0.2106,83.421,94.5,0,0
ISRG261030C00490000,ISRG,2026-10-30,37,C,490.0,22.19,401.03,1.0,4.7,2.85,0.0,129.8,0.4568,0.0912,0.0029,-0.117,0.2152,2.6276,7.7,0,0
ISRG261030P00490000,ISRG,2026-10-30,37,P,490.0,22.19,401.03,84.4,91.9,88.15,0.0,8.5,0.3612,-0.9216,0.0032,-0.1157,0.1889,87.9005,96.1,0,0
ISRG261030C00495000,ISRG,2026-10-30,37,C,495.0,23.43,401.03,1.0,4.6,2.8,0.0,128.6,0.4716,0.0807,0.0027,-0.1069,0.1964,2.5806,7.4,0,0
ISRG261030P00495000,ISRG,2026-10-30,37,P,495.0,23.43,401.03,88.9,97.2,93.05,0.0,8.9,0.3636,-0.933,0.0029,-0.1063,0.1651,92.7319,96.7,0,0
ISRG261030C00500000,ISRG,2026-10-30,37,C,500.0,24.68,401.03,0.6,2.9,1.75,1.6,131.4,0.4369,0.0714,0.0024,-0.0975,0.179,1.5967,5.2,0,10
ISRG261030P00500000,ISRG,2026-10-30,37,P,500.0,24.68,401.03,94.4,101.9,98.15,0.0,7.6,0.3908,-0.9431,0.0027,-0.0973,0.1461,97.8669,96.4,0,0
ISRG261120C00305000,ISRG,2026-11-20,58,C,305.0,-23.95,401.03,97.3,104.7,101.0,0.0,7.3,0.4653,0.9504,0.0014,-0.0482,0.1666,99.8089,92.2,0,0
ISRG261120P00305000,ISRG,2026-11-20,58,P,305.0,-23.95,401.03,0.0,3.0,2.0,2.0,,0.4448,-0.0493,0.0014,-0.0615,0.167,1.5028,6.8,0,12
ISRG261120C00310000,ISRG,2026-11-20,58,C,310.0,-22.7,401.03,92.6,99.5,96.05,62.61,7.2,0.4443,0.9422,0.0016,-0.0562,0.1878,94.857,91.9,0,2
ISRG261120P00310000,ISRG,2026-11-20,58,P,310.0,-22.7,401.03,0.85,2.7,1.775,1.8,104.2,0.4397,-0.0575,0.0016,-0.0689,0.1892,1.7793,7.8,6,286
ISRG261120C00315000,ISRG,2026-11-20,58,C,315.0,-21.45,401.03,88.0,94.4,91.2,62.5,7.0,0.4286,0.9329,0.0018,-0.0648,0.2113,90.0047,91.4,0,2
ISRG261120P00315000,ISRG,2026-11-20,58,P,315.0,-21.45,401.03,1.0,3.5,2.25,3.1,111.1,0.4422,-0.0669,0.0018,-0.0769,0.2122,2.2543,9.4,0,11
ISRG261120C00320000,ISRG,2026-11-20,58,C,320.0,-20.21,401.03,83.4,89.0,86.2,86.5,6.5,0.4052,0.9224,0.002,-0.0738,0.236,85.0025,91.2,0,11
ISRG261120P00320000,ISRG,2026-11-20,58,P,320.0,-20.21,401.03,2.05,3.8,2.925,2.96,59.8,0.4492,-0.0775,0.0021,-0.0854,0.2371,2.9277,11.4,0,181
ISRG261120C00325000,ISRG,2026-11-20,58,C,325.0,-18.96,401.03,78.8,84.5,81.65,0.0,7.0,0.4027,0.9106,0.0023,-0.0833,0.2626,80.4511,89.8,0,0
ISRG261120P00325000,ISRG,2026-11-20,58,P,325.0,-18.96,401.03,2.15,4.3,3.225,3.1,66.7,0.438,-0.0894,0.0023,-0.0943,0.2637,3.2346,12.4,3,14
ISRG261120C00330000,ISRG,2026-11-20,58,C,330.0,-17.71,401.03,74.3,81.5,77.9,39.4,9.2,0.4271,0.8974,0.0026,-0.0932,0.2904,76.7032,86.4,0,10
ISRG261120P00330000,ISRG,2026-11-20,58,P,330.0,-17.71,401.03,3.0,4.8,3.9,3.37,46.2,0.4385,-0.1027,0.0026,-0.1037,0.2915,3.9139,14.4,6,112
ISRG261120C00335000,ISRG,2026-11-20,58,C,335.0,-16.47,401.03,70.6,76.0,73.3,0.0,7.4,0.4157,0.8828,0.0028,-0.1034,0.3195,72.1046,85.1,0,0
ISRG261120P00335000,ISRG,2026-11-20,58,P,335.0,-16.47,401.03,3.1,5.9,4.5,4.07,62.2,0.4336,-0.1175,0.0029,-0.1134,0.3213,4.5177,16.1,2,71
ISRG261120C00340000,ISRG,2026-11-20,58,C,340.0,-15.22,401.03,65.7,73.2,69.45,59.3,10.8,0.4253,0.8666,0.0031,-0.1139,0.3498,68.2612,82.3,0,14
ISRG261120P00340000,ISRG,2026-11-20,58,P,340.0,-15.22,401.03,4.4,6.5,5.45,4.65,38.5,0.4365,-0.1338,0.0032,-0.1234,0.351,5.4739,18.5,10,520
ISRG261120C00345000,ISRG,2026-11-20,58,C,345.0,-13.97,401.03,62.2,67.2,64.7,42.39,7.7,0.4063,0.8488,0.0034,-0.1245,0.3802,63.5165,81.3,0,2
ISRG261120P00345000,ISRG,2026-11-20,58,P,345.0,-13.97,401.03,3.0,6.2,4.6,5.5,69.6,0.3878,-0.1517,0.0035,-0.1335,0.3829,4.6352,17.4,4,34
ISRG261120C00350000,ISRG,2026-11-20,58,C,350.0,-12.72,401.03,57.0,63.2,60.1,53.0,10.3,0.3908,0.8295,0.0038,-0.1351,0.4114,58.9266,79.9,0,1058
ISRG261120P00350000,ISRG,2026-11-20,58,P,350.0,-12.72,401.03,5.2,7.8,6.5,6.8,40.0,0.4124,-0.1713,0.0038,-0.1436,0.4132,6.5395,21.6,2,1126
ISRG261120C00355000,ISRG,2026-11-20,58,C,355.0,-11.48,401.03,54.4,59.1,56.75,52.3,8.3,0.4039,0.8086,0.0041,-0.1455,0.442,55.587,76.3,0,34
ISRG261120P00355000,ISRG,2026-11-20,58,P,355.0,-11.48,401.03,7.2,8.1,7.65,7.6,11.8,0.4128,-0.1925,0.0041,-0.1536,0.4439,7.6967,24.3,13,168
ISRG261120C00360000,ISRG,2026-11-20,58,C,360.0,-10.23,401.03,50.4,55.3,52.85,52.83,9.3,0.4004,0.786,0.0044,-0.1557,0.4723,51.701,73.8,3,1013
ISRG261120P00360000,ISRG,2026-11-20,58,P,360.0,-10.23,401.03,8.4,10.1,9.25,8.5,18.4,0.4199,-0.2153,0.0044,-0.1633,0.4743,9.3068,27.5,12,133
ISRG261120C00365000,ISRG,2026-11-20,58,C,365.0,-8.98,401.03,47.7,53.2,50.45,44.72,10.9,0.4245,0.762,0.0047,-0.1654,0.5013,49.3157,69.5,0,31
ISRG261120P00365000,ISRG,2026-11-20,58,P,365.0,-8.98,401.03,9.6,11.1,10.35,10.5,14.5,0.4155,-0.2396,0.0047,-0.1726,0.5035,10.5187,30.0,1,380
ISRG261120C00370000,ISRG,2026-11-20,58,C,370.0,-7.74,401.03,43.3,50.7,47.0,39.82,15.7,0.4235,0.7365,0.005,-0.1745,0.5288,45.8818,66.7,0,258
ISRG261120P00370000,ISRG,2026-11-20,58,P,370.0,-7.74,401.03,6.9,13.5,10.2,11.6,64.7,0.3812,-0.2654,0.005,-0.1814,0.5308,10.285,31.0,6,178
ISRG261120C00375000,ISRG,2026-11-20,58,C,375.0,-6.49,401.03,39.8,44.4,42.1,41.5,10.9,0.394,0.7098,0.0052,-0.1829,0.5544,41.0106,65.1,7,75
ISRG261120P00375000,ISRG,2026-11-20,58,P,375.0,-6.49,401.03,12.0,15.0,13.5,12.65,22.2,0.4119,-0.2926,0.0053,-0.1894,0.5558,13.5925,35.7,2,183
ISRG261120C00380000,ISRG,2026-11-20,58,C,380.0,-5.24,401.03,35.3,40.4,37.85,35.8,13.5,0.3753,0.6818,0.0055,-0.1905,0.5772,36.7843,62.8,0,117
ISRG261120P00380000,ISRG,2026-11-20,58,P,380.0,-5.24,401.03,12.5,17.0,14.75,15.3,30.5,0.4017,-0.321,0.0056,-0.1966,0.5792,14.8567,38.4,1,411
ISRG261120C00385000,ISRG,2026-11-20,58,C,385.0,-4.0,401.03,33.4,38.0,35.7,34.6,12.9,0.3908,0.6529,0.0057,-0.197,0.5974,34.6628,58.9,0,62
ISRG261120P00385000,ISRG,2026-11-20,58,P,385.0,-4.0,401.03,16.2,16.9,16.55,24.3,4.2,0.3988,-0.3504,0.0058,-0.2028,0.5988,16.6685,41.4,0,50
ISRG261120C00390000,ISRG,2026-11-20,58,C,390.0,-2.75,401.03,31.6,37.6,34.6,33.3,17.3,0.4197,0.6232,0.0059,-0.2025,0.6141,33.5833,54.8,9,210
ISRG261120P00390000,ISRG,2026-11-20,58,P,390.0,-2.75,401.03,16.3,20.3,18.3,18.3,21.9,0.3928,-0.3806,0.006,-0.2079,0.6157,18.4386,44.4,2,133
ISRG261120C00395000,ISRG,2026-11-20,58,C,395.0,-1.5,401.03,27.8,31.9,29.85,29.8,13.7,0.3867,0.5928,0.006,-0.2067,0.6276,28.8783,52.5,2,63
ISRG261120P00395000,ISRG,2026-11-20,58,P,395.0,-1.5,401.03,20.3,21.0,20.65,21.4,3.4,0.3948,-0.4115,0.0062,-0.2119,0.6282,20.8502,47.7,1,56
ISRG261120C00400000,ISRG,2026-11-20,58,C,400.0,-0.26,401.03,27.1,29.4,28.25,27.54,8.1,0.4018,0.5621,0.0062,-0.2098,0.6372,27.3056,49.0,15,240
ISRG261120P00400000,ISRG,2026-11-20,58,P,400.0,-0.26,401.03,22.7,23.4,23.05,23.7,3.0,0.3942,-0.4429,0.0063,-0.2146,0.6373,23.2609,50.9,0,52
ISRG261120C00405000,ISRG,2026-11-20,58,C,405.0,0.99,401.03,23.1,29.4,26.25,23.75,24.0,0.4079,0.5313,0.0062,-0.2116,0.643,25.335,45.9,2,47
ISRG261120P00405000,ISRG,2026-11-20,58,P,405.0,0.99,401.03,21.1,29.4,25.25,25.9,32.9,0.3873,-0.4743,0.0064,-0.2162,0.6422,25.4272,54.0,2,47
ISRG261120C00410000,ISRG,2026-11-20,58,C,410.0,2.24,401.03,22.4,24.3,23.35,23.0,8.1,0.3977,0.5005,0.0062,-0.2121,0.645,22.4781,42.9,29,45
ISRG261120P00410000,ISRG,2026-11-20,58,P,410.0,2.24,401.03,27.0,30.5,28.75,56.0,12.2,0.3989,-0.5058,0.0064,-0.2165,0.6433,28.9268,57.1,0,26
ISRG261120C00415000,ISRG,2026-11-20,58,C,415.0,3.48,401.03,17.2,24.9,21.05,20.94,36.6,0.3946,0.47,0.0062,-0.2115,0.6433,20.2239,39.9,2,71
ISRG261120P00415000,ISRG,2026-11-20,58,P,415.0,3.48,401.03,28.8,34.0,31.4,35.5,16.6,0.395,-0.537,0.0064,-0.2155,0.6402,31.5898,60.1,0,41
ISRG261120C00420000,ISRG,2026-11-20,58,C,420.0,4.73,401.03,17.6,19.6,18.6,19.0,10.8,0.3867,0.4401,0.0062,-0.2096,0.6379,17.8182,36.9,23,813
ISRG261120P00420000,ISRG,2026-11-20,58,P,420.0,4.73,401.03,29.6,38.3,33.95,40.5,25.6,0.387,-0.5678,0.0064,-0.2134,0.6341,34.1459,63.1,0,71
ISRG261120C00425000,ISRG,2026-11-20,58,C,425.0,5.98,401.03,17.0,18.5,17.75,17.5,8.5,0.4018,0.4108,0.0061,-0.2067,0.6293,16.9918,34.4,4,250
ISRG261120P00425000,ISRG,2026-11-20,58,P,425.0,5.98,401.03,34.4,39.8,37.1,42.92,14.6,0.3861,-0.5979,0.0063,-0.2103,0.6222,37.2987,66.0,0,10
ISRG261120C00430000,ISRG,2026-11-20,58,C,430.0,7.22,401.03,15.3,16.4,15.85,15.85,6.9,0.3983,0.3824,0.006,-0.2028,0.6173,15.139,31.6,10,131
ISRG261120P00430000,ISRG,2026-11-20,58,P,430.0,7.22,401.03,39.4,43.6,41.5,45.7,10.1,0.4033,-0.6273,0.0062,-0.2061,0.6091,41.6878,68.2,0,34
ISRG261120C00435000,ISRG,2026-11-20,58,C,435.0,8.47,401.03,13.8,14.5,14.15,12.8,4.9,0.395,0.3549,0.0058,-0.198,0.6026,13.4376,29.0,0,52
ISRG261120P00435000,ISRG,2026-11-20,58,P,435.0,8.47,401.03,42.8,47.0,44.9,70.46,9.4,0.4023,-0.6556,0.006,-0.2011,0.5929,45.0825,70.8,0,5
ISRG261120C00440000,ISRG,2026-11-20,58,C,440.0,9.72,401.03,10.3,15.7,13.0,11.8,41.5,0.4004,0.3286,0.0057,-0.1924,0.5856,12.369,26.7,2,207
ISRG261120P00440000,ISRG,2026-11-20,58,P,440.0,9.72,401.03,44.2,51.5,47.85,70.0,15.3,0.3911,-0.6829,0.0059,-0.1953,0.5729,48.0198,73.6,0,15
ISRG261120C00445000,ISRG,2026-11-20,58,C,445.0,10.96,401.03,7.1,13.0,10.05,6.5,58.7,0.3711,0.3035,0.0055,-0.1862,0.5662,9.4996,23.1,0,60
ISRG261120P00445000,ISRG,2026-11-20,58,P,445.0,10.96,401.03,48.2,54.3,51.25,95.6,11.9,0.385,-0.709,0.0057,-0.1888,0.5527,51.4024,76.2,0,14
ISRG261120C00450000,ISRG,2026-11-20,58,C,450.0,12.21,401.03,7.9,10.4,9.15,10.08,27.3,0.3755,0.2797,0.0053,-0.1794,0.5456,8.6324,21.1,3,245
ISRG261120P00450000,ISRG,2026-11-20,58,P,450.0,12.21,401.03,53.7,58.1,55.9,111.0,7.9,0.4,-0.7339,0.0055,-0.1817,0.5257,56.0346,77.7,0,20
ISRG261120C00455000,ISRG,2026-11-20,58,C,455.0,13.46,401.03,8.1,10.9,9.5,8.65,29.5,0.4024,0.2572,0.005,-0.1721,0.5232,8.9811,20.4,1,186
ISRG261120P00455000,ISRG,2026-11-20,58,P,455.0,13.46,401.03,55.3,62.3,58.8,40.0,11.9,0.379,-0.7575,0.0053,-0.1743,0.5018,58.8939,80.8,0,1
ISRG261120C00460000,ISRG,2026-11-20,58,C,460.0,14.7,401.03,6.1,10.6,8.35,7.8,53.9,0.3995,0.236,0.0048,-0.1646,0.4999,7.8743,18.4,10,83
ISRG261120P00460000,ISRG,2026-11-20,58,P,460.0,14.7,401.03,59.0,67.3,63.15,72.5,13.1,0.3845,-0.7797,0.0051,-0.1665,0.4767,63.2127,82.4,0,46
ISRG261120C00465000,ISRG,2026-11-20,58,C,465.0,15.95,401.03,5.9,8.9,7.4,5.91,40.5,0.3985,0.2162,0.0046,-0.1569,0.4764,6.9595,16.6,0,130
ISRG261120P00465000,ISRG,2026-11-20,58,P,465.0,15.95,401.03,65.6,70.6,68.1,64.8,7.3,0.4019,-0.8006,0.0048,-0.1585,0.4468,68.1397,83.3,0,11
ISRG261120C00470000,ISRG,2026-11-20,58,C,470.0,17.2,401.03,4.0,8.7,6.35,5.9,74.0,0.3933,0.1977,0.0043,-0.149,0.4519,5.9529,14.7,2,48
ISRG261120P00470000,ISRG,2026-11-20,58,P,470.0,17.2,401.03,70.1,74.9,72.5,71.24,6.6,0.4061,-0.8202,0.0046,-0.1506,0.4205,72.5009,84.7,0,42
ISRG261120C00475000,ISRG,2026-11-20,58,C,475.0,18.45,401.03,4.0,6.5,5.25,5.65,47.6,0.3843,0.1806,0.0041,-0.1412,0.4277,4.9038,12.7,22,38
ISRG261120P00475000,ISRG,2026-11-20,58,P,475.0,18.45,401.03,73.2,79.7,76.45,47.0,8.5,0.3972,-0.8385,0.0044,-0.1424,0.393,76.3791,86.6,0,0
ISRG261120C00480000,ISRG,2026-11-20,58,C,480.0,19.69,401.03,1.65,6.5,4.075,4.75,119.0,0.3696,0.1647,0.0038,-0.1334,0.4038,3.7829,10.6,0,94
ISRG261120P00480000,ISRG,2026-11-20,58,P,480.0,19.69,401.03,78.7,83.7,81.2,79.94,6.2,0.407,-0.8555,0.0041,-0.1342,0.3612,81.0952,87.5,0,1
ISRG261120C00485000,ISRG,2026-11-20,58,C,485.0,20.94,401.03,3.3,5.6,4.45,3.75,51.7,0.395,0.15,0.0036,-0.1257,0.3798,4.145,10.6,0,13
ISRG261120P00485000,ISRG,2026-11-20,58,P,485.0,20.94,401.03,83.0,88.2,85.6,151.0,6.1,0.4056,-0.8715,0.0039,-0.1264,0.336,85.4227,88.8,0,1
ISRG261120C00490000,ISRG,2026-11-20,58,C,490.0,22.19,401.03,1.4,6.6,4.0,2.75,130.0,0.3972,0.1366,0.0034,-0.1182,0.3568,3.7177,9.6,0,14
ISRG261120P00490000,ISRG,2026-11-20,58,P,490.0,22.19,401.03,87.7,92.8,90.25,0.0,5.7,0.4105,-0.886,0.0037,-0.1184,0.3095,90.0336,89.8,0,0
ISRG261120C00495000,ISRG,2026-11-20,58,C,495.0,23.43,401.03,2.45,4.7,3.575,16.1,62.9,0.3988,0.1242,0.0031,-0.1109,0.3345,3.3162,8.6,0,1
ISRG261120P00495000,ISRG,2026-11-20,58,P,495.0,23.43,401.03,92.1,97.7,94.9,145.53,5.9,0.4134,-0.8995,0.0035,-0.1104,0.2773,94.6138,90.7,0,0
ISRG261120C00500000,ISRG,2026-11-20,58,C,500.0,24.68,401.03,1.0,5.3,3.15,3.0,136.5,0.399,0.1128,0.0029,-0.1039,0.3126,2.9171,7.7,2,232
ISRG261120P00500000,ISRG,2026-11-20,58,P,500.0,24.68,401.03,96.8,102.4,99.6,150.0,5.6,0.4167,-0.9123,0.0033,-0.1042,0.2514,99.2447,91.5,0,0
ISRG261218C00310000,ISRG,2026-12-18,86,C,310.0,-22.7,401.03,95.1,102.8,98.95,63.14,7.8,0.4358,0.9229,0.0018,-0.0495,0.2858,97.5888,87.6,0,6
ISRG261218P00310000,ISRG,2026-12-18,86,P,310.0,-22.7,401.03,2.25,4.5,3.375,2.85,66.7,0.4281,-0.0773,0.0018,-0.067,0.2874,3.4194,11.9,6,423
ISRG261218C00320000,ISRG,2026-12-18,86,C,320.0,-20.21,401.03,86.0,93.8,89.9,70.35,8.7,0.4212,0.9011,0.0022,-0.0638,0.3442,88.5423,85.3,0,9
ISRG261218P00320000,ISRG,2026-12-18,86,P,320.0,-20.21,401.03,3.5,5.9,4.7,3.8,51.1,0.4279,-0.0993,0.0022,-0.0795,0.3455,4.7505,15.2,78,209
ISRG261218C00330000,ISRG,2026-12-18,86,C,330.0,-17.71,401.03,78.5,84.4,81.45,70.0,7.2,0.4171,0.8748,0.0026,-0.0788,0.4071,80.1048,81.8,0,9
ISRG261218P00330000,ISRG,2026-12-18,86,P,330.0,-17.71,401.03,4.0,8.4,6.2,5.25,71.0,0.4239,-0.126,0.0026,-0.0931,0.4095,6.2666,18.7,25,331
ISRG261218C00340000,ISRG,2026-12-18,86,C,340.0,-15.22,401.03,69.2,74.9,72.05,36.2,7.9,0.3857,0.8438,0.0031,-0.0942,0.4724,70.7144,79.9,0,27
ISRG261218P00340000,ISRG,2026-12-18,86,P,340.0,-15.22,401.03,6.2,8.7,7.45,6.8,33.6,0.4077,-0.1575,0.0031,-0.1071,0.4766,7.5284,21.7,18,638
ISRG261218C00350000,ISRG,2026-12-18,86,C,350.0,-12.72,401.03,62.0,67.0,64.5,65.0,7.8,0.3889,0.8079,0.0035,-0.1093,0.5381,63.194,75.1,0,55
ISRG261218P00350000,ISRG,2026-12-18,86,P,350.0,-12.72,401.03,6.5,9.3,7.9,9.0,35.4,0.3722,-0.1939,0.0036,-0.1209,0.5414,8.0006,23.7,6,1278
ISRG261218C00360000,ISRG,2026-12-18,86,C,360.0,-10.23,401.03,53.2,61.8,57.5,54.39,15.0,0.3927,0.7674,0.004,-0.1237,0.6014,56.2301,69.9,0,77
ISRG261218P00360000,ISRG,2026-12-18,86,P,360.0,-10.23,401.03,9.4,13.2,11.3,11.8,33.6,0.386,-0.2352,0.004,-0.134,0.6046,11.4203,29.7,38,303
ISRG261218C00370000,ISRG,2026-12-18,86,C,370.0,-7.74,401.03,48.6,52.6,50.6,47.9,7.9,0.3898,0.7227,0.0044,-0.1367,0.659,49.3732,64.8,1,65
ISRG261218P00370000,ISRG,2026-12-18,86,P,370.0,-7.74,401.03,12.4,15.1,13.75,14.47,19.6,0.3749,-0.2808,0.0045,-0.1458,0.6621,13.8931,34.3,0,267
ISRG261218C00380000,ISRG,2026-12-18,86,C,380.0,-5.24,401.03,41.6,48.5,45.05,43.62,15.3,0.3996,0.6742,0.0048,-0.1476,0.7078,43.9101,59.1,1,187
ISRG261218P00380000,ISRG,2026-12-18,86,P,380.0,-5.24,401.03,16.5,20.4,18.45,17.98,21.1,0.3897,-0.3301,0.0049,-0.1556,0.7108,18.6135,40.5,34,299
ISRG261218C00390000,ISRG,2026-12-18,86,C,390.0,-2.75,401.03,34.9,39.0,36.95,38.4,11.1,0.3667,0.6232,0.0051,-0.1561,0.7456,35.8727,54.8,1,244
ISRG261218P00390000,ISRG,2026-12-18,86,P,390.0,-2.75,401.03,19.1,22.5,20.8,22.74,16.3,0.3641,-0.3823,0.0052,-0.163,0.7473,20.9913,45.1,13,129
ISRG261218C00400000,ISRG,2026-12-18,86,C,400.0,-0.26,401.03,30.8,34.0,32.4,31.08,9.9,0.3754,0.5708,0.0053,-0.1618,0.7708,31.3928,49.0,2,1577
ISRG261218P00400000,ISRG,2026-12-18,86,P,400.0,-0.26,401.03,23.6,27.3,25.45,27.8,14.5,0.3628,-0.4362,0.0054,-0.1676,0.7709,25.644,50.8,20,321
ISRG261218C00410000,ISRG,2026-12-18,86,C,410.0,2.24,401.03,27.4,28.9,28.15,27.5,5.3,0.3806,0.5179,0.0054,-0.1646,0.7824,27.2113,43.6,8,141
ISRG261218P00410000,ISRG,2026-12-18,86,P,410.0,2.24,401.03,30.6,33.5,32.05,31.8,9.0,0.3796,-0.4906,0.0056,-0.1695,0.7799,32.2578,56.4,27,163
ISRG261218C00420000,ISRG,2026-12-18,86,C,420.0,4.73,401.03,22.5,25.5,24.0,23.5,12.5,0.3804,0.4657,0.0054,-0.1644,0.7804,23.13,38.5,7,272
ISRG261218P00420000,ISRG,2026-12-18,86,P,420.0,4.73,401.03,36.3,39.5,37.9,38.75,8.4,0.3795,-0.5446,0.0056,-0.1685,0.7743,38.0908,61.5,0,121
ISRG261218C00430000,ISRG,2026-12-18,86,C,430.0,7.22,401.03,18.7,22.3,20.5,20.16,17.6,0.3825,0.4153,0.0053,-0.1616,0.766,19.7108,33.8,26,187
ISRG261218P00430000,ISRG,2026-12-18,86,P,430.0,7.22,401.03,42.5,47.8,45.15,43.67,11.7,0.3913,-0.5972,0.0055,-0.1648,0.7552,45.3132,66.0,0,189
ISRG261218C00440000,ISRG,2026-12-18,86,C,440.0,9.72,401.03,15.6,17.6,16.6,17.0,12.0,0.373,0.3674,0.0051,-0.1564,0.7403,15.892,29.1,5,168
ISRG261218P00440000,ISRG,2026-12-18,86,P,440.0,9.72,401.03,46.2,53.7,49.95,51.9,15.0,0.3633,-0.6475,0.0054,-0.1586,0.7246,50.033,71.2,20,94
ISRG261218C00450000,ISRG,2026-12-18,86,C,450.0,12.21,401.03,13.2,14.8,14.0,13.7,11.4,0.3752,0.3228,0.0048,-0.1494,0.7059,13.368,25.1,5,268
ISRG261218P00450000,ISRG,2026-12-18,86,P,450.0,12.21,401.03,56.6,61.0,58.8,63.63,7.5,0.3857,-0.6946,0.0051,-0.151,0.6815,58.8433,74.5,0,131
ISRG261218C00460000,ISRG,2026-12-18,86,C,460.0,14.7,401.03,9.7,12.4,11.05,11.09,24.4,0.3662,0.2822,0.0046,-0.141,0.6655,10.4924,21.0,51,106
ISRG261218P00460000,ISRG,2026-12-18,86,P,460.0,14.7,401.03,61.5,69.4,65.45,109.93,12.1,0.3697,-0.7383,0.0049,-0.1417,0.632,65.3708,78.9,0,98
ISRG261218C00470000,ISRG,2026-12-18,86,C,470.0,17.2,401.03,8.4,11.5,9.95,9.4,31.2,0.3806,0.245,0.0042,-0.1316,0.6195,9.4378,18.4,19,211
ISRG261218P00470000,ISRG,2026-12-18,86,P,470.0,17.2,401.03,72.6,77.0,74.8,74.8,5.9,0.3912,-0.7782,0.0046,-0.1316,0.5776,74.6418,81.1,6,84
ISRG261218C00480000,ISRG,2026-12-18,86,C,480.0,19.69,401.03,3.7,9.0,6.35,7.8,83.5,0.3409,0.2118,0.0039,-0.1216,0.5717,5.6792,13.3,15,955
ISRG261218P00480000,ISRG,2026-12-18,86,P,480.0,19.69,401.03,80.1,85.4,82.75,120.4,6.4,0.3841,-0.8144,0.0043,-0.1207,0.517,82.4217,84.3,0,110
ISRG261218C00490000,ISRG,2026-12-18,86,C,490.0,22.19,401.03,4.5,9.6,7.05,4.4,72.3,0.3866,0.1823,0.0035,-0.1115,0.5227,6.6523,13.3,0,123
ISRG261218P00490000,ISRG,2026-12-18,86,P,490.0,22.19,401.03,88.7,94.8,91.75,98.9,6.6,0.3914,-0.8469,0.0039,-0.1099,0.4556,91.2708,86.4,0,58
ISRG261218C00500000,ISRG,2026-12-18,86,C,500.0,24.68,401.03,5.1,6.1,5.6,5.5,17.9,0.3827,0.1565,0.0032,-0.1015,0.4744,5.2665,10.9,0,535
ISRG261218P00500000,ISRG,2026-12-18,86,P,500.0,24.68,401.03,96.8,103.7,100.25,112.1,6.9,0.3818,-0.8757,0.0036,-0.0987,0.3919,99.5058,89.1,0,31
ISRG270115C00310000,ISRG,2027-01-15,114,C,310.0,-22.7,401.03,97.8,104.1,100.95,84.3,6.2,0.4121,0.9036,0.0018,-0.0541,0.3876,99.6497,85.5,0,9
ISRG270115P00310000,ISRG,2027-01-15,114,P,310.0,-22.7,401.03,3.9,5.1,4.5,4.5,26.7,0.4066,-0.0969,0.0019,-0.0678,0.39,4.5581,14.1,3,402
ISRG270115C00320000,ISRG,2027-01-15,114,C,320.0,-20.21,401.03,89.8,94.7,92.25,95.0,5.3,0.4029,0.8807,0.0022,-0.0656,0.4518,90.9523,82.8,0,15
ISRG270115P00320000,ISRG,2027-01-15,114,P,320.0,-20.21,401.03,2.9,6.3,4.6,6.04,73.9,0.3733,-0.1202,0.0022,-0.0783,0.4556,4.6722,15.0,0,213
ISRG270115C00330000,ISRG,2027-01-15,114,C,330.0,-17.71,401.03,81.4,88.1,84.75,72.3,7.9,0.4126,0.854,0.0025,-0.0774,0.5184,83.4713,78.4,0,23
ISRG270115P00330000,ISRG,2027-01-15,114,P,330.0,-17.71,401.03,6.8,8.2,7.5,7.6,18.7,0.3982,-0.1473,0.0026,-0.089,0.5237,7.5859,20.6,5,242
ISRG270115C00335000,ISRG,2027-01-15,114,C,335.0,-16.47,401.03,76.5,85.0,80.75,59.78,10.5,0.4095,0.8393,0.0027,-0.0832,0.5526,79.4741,76.6,0,4
ISRG270115P00335000,ISRG,2027-01-15,114,P,335.0,-16.47,401.03,5.5,9.8,7.65,10.4,56.2,0.3816,-0.1623,0.0028,-0.0945,0.5569,7.7435,21.3,0,171
ISRG270115C00340000,ISRG,2027-01-15,114,C,340.0,-15.22,401.03,72.6,79.5,76.05,56.53,9.1,0.3933,0.8237,0.0029,-0.0891,0.5863,74.778,75.7,0,16
ISRG270115P00340000,ISRG,2027-01-15,114,P,340.0,-15.22,401.03,8.6,9.8,9.2,12.5,13.0,0.3894,-0.1782,0.003,-0.0998,0.5899,9.2987,24.0,0,211
ISRG270115C00345000,ISRG,2027-01-15,114,C,345.0,-13.97,401.03,69.7,74.6,72.15,60.0,6.8,0.3901,0.8071,0.0031,-0.0948,0.6195,70.8914,73.8,0,7
ISRG270115P00345000,ISRG,2027-01-15,114,P,345.0,-13.97,401.03,9.5,11.0,10.25,10.5,14.6,0.3865,-0.1952,0.0032,-0.1051,0.6256,10.3556,25.9,1,111
ISRG270115C00350000,ISRG,2027-01-15,114,C,350.0,-12.72,401.03,65.0,73.2,69.1,67.56,11.9,0.3986,0.7896,0.0033,-0.1004,0.6526,67.8576,71.1,0,247
ISRG270115P00350000,ISRG,2027-01-15,114,P,350.0,-12.72,401.03,10.8,12.2,11.5,11.5,12.2,0.3853,-0.213,0.0033,-0.1102,0.6571,11.6104,28.0,1,580
ISRG270115C00355000,ISRG,2027-01-15,114,C,355.0,-11.48,401.03,62.3,69.8,66.05,44.0,11.4,0.4047,0.7713,0.0034,-0.1058,0.6842,64.8258,68.5,0,16
ISRG270115P00355000,ISRG,2027-01-15,114,P,355.0,-11.48,401.03,12.4,13.6,13.0,13.4,9.2,0.3863,-0.2317,0.0035,-0.1152,0.6885,13.1177,30.3,1,136
ISRG270115C00360000,ISRG,2027-01-15,114,C,360.0,-10.23,401.03,58.0,66.3,62.15,61.0,13.4,0.397,0.7522,0.0036,-0.111,0.7146,60.9417,66.7,0,146
ISRG270115P00360000,ISRG,2027-01-15,114,P,360.0,-10.23,401.03,9.8,15.3,12.55,16.0,43.8,0.3582,-0.2513,0.0037,-0.12,0.7212,12.683,30.8,0,236
ISRG270115C00365000,ISRG,2027-01-15,114,C,365.0,-8.98,401.03,55.5,59.9,57.7,51.5,7.6,0.3809,0.7323,0.0038,-0.1159,0.7439,56.5012,65.3,0,25
ISRG270115P00365000,ISRG,2027-01-15,114,P,365.0,-8.98,401.03,12.3,17.6,14.95,16.73,35.5,0.3693,-0.2718,0.0039,-0.1244,0.7482,15.0804,34.0,0,195
ISRG270115C00370000,ISRG,2027-01-15,114,C,370.0,-7.74,401.03,52.1,59.1,55.6,52.5,12.6,0.395,0.7116,0.004,-0.1204,0.771,54.4248,62.2,0,65
ISRG270115P00370000,ISRG,2027-01-15,114,P,370.0,-7.74,401.03,14.3,21.5,17.9,18.33,40.2,0.3851,-0.2929,0.004,-0.1286,0.7751,18.0343,37.3,1,210
ISRG270115C00375000,ISRG,2027-01-15,114,C,375.0,-6.49,401.03,48.9,55.3,52.1,43.0,12.3,0.3892,0.6904,0.0041,-0.1246,0.7959,50.9467,60.1,0,9
ISRG270115P00375000,ISRG,2027-01-15,114,P,375.0,-6.49,401.03,18.6,20.2,19.4,27.4,8.2,0.3801,-0.3147,0.0042,-0.1324,0.8014,19.535,39.4,0,106
ISRG270115C00380000,ISRG,2027-01-15,114,C,380.0,-5.24,401.03,45.9,52.2,49.05,49.7,12.8,0.3878,0.6686,0.0042,-0.1284,0.8189,47.9201,57.8,0,76
ISRG270115P00380000,ISRG,2027-01-15,114,P,380.0,-5.24,401.03,20.6,21.5,21.05,21.1,4.3,0.3758,-0.3371,0.0044,-0.1358,0.8223,21.1889,41.6,1,214
ISRG270115C00385000,ISRG,2027-01-15,114,C,385.0,-4.0,401.03,42.0,49.4,45.7,45.0,16.2,0.3815,0.6464,0.0043,-0.1318,0.839,44.5937,55.7,0,31
ISRG270115P00385000,ISRG,2027-01-15,114,P,385.0,-4.0,401.03,22.3,24.4,23.35,23.2,9.0,0.378,-0.36,0.0045,-0.1389,0.8418,23.4902,44.2,1,39
ISRG270115C00390000,ISRG,2027-01-15,114,C,390.0,-2.75,401.03,40.2,47.3,43.75,43.3,16.2,0.3905,0.6238,0.0044,-0.1347,0.8564,42.6731,53.0,0,63
ISRG270115P00390000,ISRG,2027-01-15,114,P,390.0,-2.75,401.03,24.3,27.6,25.95,25.4,12.7,0.3821,-0.3834,0.0046,-0.1414,0.8594,26.082,46.7,5,311
ISRG270115C00395000,ISRG,2027-01-15,114,C,395.0,-1.5,401.03,39.2,41.5,40.35,40.01,5.7,0.3812,0.6009,0.0045,-0.1371,0.8711,39.3036,50.9,5,59
ISRG270115P00395000,ISRG,2027-01-15,114,P,395.0,-1.5,401.03,26.6,29.4,28.0,31.02,10.0,0.3784,-0.4071,0.0047,-0.1436,0.8724,28.126,49.0,0,52
ISRG270115C00400000,ISRG,2027-01-15,114,C,400.0,-0.26,401.03,34.6,39.9,37.25,38.16,14.2,0.3742,0.5779,0.0046,-0.1391,0.8827,36.2309,48.7,6,379
ISRG270115P00400000,ISRG,2027-01-15,114,P,400.0,-0.26,401.03,27.1,33.1,30.1,30.2,19.9,0.374,-0.431,0.0048,-0.1452,0.8827,30.2172,51.3,7,612
ISRG270115C00405000,ISRG,2027-01-15,114,C,405.0,0.99,401.03,34.8,39.3,37.05,34.9,12.1,0.3986,0.5548,0.0047,-0.1405,0.8914,36.0505,46.0,1,75
ISRG270115P00405000,ISRG,2027-01-15,114,P,405.0,0.99,401.03,31.7,34.3,33.0,62.67,7.9,0.3773,-0.455,0.0048,-0.1464,0.89,33.1016,53.7,0,36
ISRG270115C00410000,ISRG,2027-01-15,114,C,410.0,2.24,401.03,31.5,34.7,33.1,32.5,9.7,0.3797,0.5316,0.0047,-0.1415,0.897,32.1449,44.0,3,146
ISRG270115P00410000,ISRG,2027-01-15,114,P,410.0,2.24,401.03,33.8,37.1,35.45,47.4,9.3,0.3742,-0.479,0.0049,-0.1471,0.8944,35.5337,56.0,0,387
ISRG270115C00415000,ISRG,2027-01-15,114,C,415.0,3.48,401.03,26.7,32.6,29.65,29.7,19.9,0.3652,0.5087,0.0047,-0.142,0.8997,28.7323,41.7,2,84
ISRG270115P00415000,ISRG,2027-01-15,114,P,415.0,3.48,401.03,34.3,39.6,36.95,47.4,14.3,0.3593,-0.503,0.0049,-0.1474,0.8947,37.0224,58.3,0,283
ISRG270115C00420000,ISRG,2027-01-15,114,C,420.0,4.73,401.03,26.8,30.5,28.65,28.3,12.9,0.3767,0.4859,0.0047,-0.142,0.8995,27.7542,39.5,1,142
ISRG270115P00420000,ISRG,2027-01-15,114,P,420.0,4.73,401.03,39.8,44.7,42.25,41.5,11.6,0.3855,-0.5269,0.005,-0.1472,0.8913,42.2955,60.4,1,315
ISRG270115C00425000,ISRG,2027-01-15,114,C,425.0,5.98,401.03,22.5,31.5,27.0,26.45,33.3,0.3799,0.4634,0.0047,-0.1416,0.8963,26.1398,37.4,2,88
ISRG270115P00425000,ISRG,2027-01-15,114,P,425.0,5.98,401.03,42.8,47.2,45.0,44.1,9.8,0.382,-0.5505,0.005,-0.1465,0.8872,45.0199,62.6,2,47
ISRG270115C00430000,ISRG,2027-01-15,114,C,430.0,7.22,401.03,23.4,25.7,24.55,24.3,9.4,0.3729,0.4412,0.0047,-0.1408,0.8904,23.7261,35.2,2,227
ISRG270115P00430000,ISRG,2027-01-15,114,P,430.0,7.22,401.03,44.3,50.9,47.6,47.3,13.9,0.3755,-0.5738,0.0049,-0.1454,0.8782,47.5866,64.7,2,302
ISRG270115C00435000,ISRG,2027-01-15,114,C,435.0,8.47,401.03,19.0,27.5,23.25,19.6,36.6,0.3777,0.4195,0.0046,-0.1395,0.8822,22.4553,33.3,0,90
ISRG270115P00435000,ISRG,2027-01-15,114,P,435.0,8.47,401.03,46.9,54.1,50.5,54.5,14.3,0.371,-0.5968,0.0049,-0.1439,0.8652,50.4404,66.8,0,72
ISRG270115C00440000,ISRG,2027-01-15,114,C,440.0,9.72,401.03,19.0,23.0,21.0,20.9,19.0,0.3706,0.3983,0.0046,-0.1378,0.8713,20.2486,31.2,1,253
ISRG270115P00440000,ISRG,2027-01-15,114,P,440.0,9.72,401.03,49.0,58.0,53.5,76.5,16.8,0.3663,-0.6192,0.0049,-0.1421,0.852,53.3868,68.9,0,629
ISRG270115C00445000,ISRG,2027-01-15,114,C,445.0,10.96,401.03,15.9,20.7,18.3,15.0,26.2,0.3568,0.3777,0.0045,-0.1358,0.8581,17.5956,28.8,0,71
ISRG270115P00445000,ISRG,2027-01-15,114,P,445.0,10.96,401.03,53.7,60.4,57.05,58.9,11.7,0.3669,-0.6412,0.0048,-0.1399,0.8355,56.8897,70.8,0,17
ISRG270115C00450000,ISRG,2027-01-15,114,C,450.0,12.21,401.03,17.1,19.0,18.05,19.25,10.5,0.3707,0.3577,0.0044,-0.1335,0.8433,17.3651,27.4,0,354
ISRG270115P00450000,ISRG,2027-01-15,114,P,450.0,12.21,401.03,56.9,64.4,60.65,64.8,12.4,0.3669,-0.6626,0.0048,-0.1374,0.8147,60.4339,72.7,0,135
ISRG270115C00455000,ISRG,2027-01-15,114,C,455.0,13.46,401.03,13.0,20.3,16.65,16.5,43.8,0.37,0.3383,0.0043,-0.1309,0.8265,15.9967,25.7,1,67
ISRG270115P00455000,ISRG,2027-01-15,114,P,455.0,13.46,401.03,62.7,67.6,65.15,69.4,7.5,0.3769,-0.6834,0.0047,-0.1346,0.7929,64.8775,74.1,0,2
ISRG270115C00460000,ISRG,2027-01-15,114,C,460.0,14.7,401.03,14.0,16.4,15.2,15.8,15.8,0.3676,0.3196,0.0042,-0.1281,0.8078,14.5816,23.9,0,189
ISRG270115P00460000,ISRG,2027-01-15,114,P,460.0,14.7,401.03,66.3,71.2,68.75,69.99,7.1,0.3748,-0.7035,0.0046,-0.1316,0.7714,68.4094,75.8,1,92
ISRG270115C00465000,ISRG,2027-01-15,114,C,465.0,15.95,401.03,10.6,16.0,13.3,10.65,40.6,0.3583,0.3016,0.0041,-0.125,0.7882,12.7334,21.9,0,50
ISRG270115P00465000,ISRG,2027-01-15,114,P,465.0,15.95,401.03,68.2,75.7,71.95,73.8,10.4,0.3659,-0.723,0.0045,-0.1283,0.7449,71.5084,77.8,2,2
ISRG270115C00470000,ISRG,2027-01-15,114,C,470.0,17.2,401.03,12.1,14.6,13.35,13.1,18.7,0.3731,0.2843,0.004,-0.1218,0.7675,12.7887,21.0,1,386
ISRG270115P00470000,ISRG,2027-01-15,114,P,470.0,17.2,401.03,71.9,79.7,75.8,77.84,10.3,0.3641,-0.7418,0.0044,-0.1249,0.7158,75.2541,79.4,1,199
ISRG270115C00475000,ISRG,2027-01-15,114,C,475.0,18.45,401.03,8.2,13.7,10.95,11.8,50.2,0.3544,0.2677,0.0039,-0.1184,0.7453,10.4501,18.7,0,151
ISRG270115P00475000,ISRG,2027-01-15,114,P,475.0,18.45,401.03,78.9,83.4,81.15,76.6,5.5,0.383,-0.7599,0.0043,-0.1214,0.6908,80.5816,79.9,0,1
ISRG270115C00480000,ISRG,2027-01-15,114,C,480.0,19.69,401.03,7.3,12.9,10.1,11.5,55.4,0.3554,0.252,0.0038,-0.1148,0.7225,9.6312,17.3,4,380
ISRG270115P00480000,ISRG,2027-01-15,114,P,480.0,19.69,401.03,83.1,87.6,85.35,112.15,5.3,0.385,-0.7774,0.0042,-0.1177,0.6618,84.7051,81.2,0,73
ISRG270115C00485000,ISRG,2027-01-15,114,C,485.0,20.94,401.03,7.0,14.2,10.6,9.03,67.9,0.3752,0.2369,0.0036,-0.1112,0.6995,10.1261,17.1,0,33
ISRG270115P00485000,ISRG,2027-01-15,114,P,485.0,20.94,401.03,86.8,91.8,89.3,121.8,5.6,0.382,-0.7941,0.0041,-0.114,0.6298,88.5392,82.6,0,1
ISRG270115C00490000,ISRG,2027-01-15,114,C,490.0,22.19,401.03,9.3,10.7,10.0,10.4,14.0,0.3787,0.2226,0.0035,-0.1076,0.676,9.5438,16.0,0,186
ISRG270115P00490000,ISRG,2027-01-15,114,P,490.0,22.19,401.03,90.2,96.5,93.35,95.7,6.7,0.3791,-0.8101,0.004,-0.11,0.5962,92.4566,84.0,1,195
ISRG270115C00495000,ISRG,2027-01-15,114,C,495.0,23.43,401.03,5.9,10.2,8.05,9.5,53.4,0.3606,0.209,0.0034,-0.1038,0.6518,7.6586,13.9,0,31
ISRG270115P00495000,ISRG,2027-01-15,114,P,495.0,23.43,401.03,94.5,100.3,97.4,146.33,6.0,0.3748,-0.8254,0.0038,-0.1062,0.5686,96.3594,85.3,0,0
ISRG270115C00500000,ISRG,2027-01-15,114,C,500.0,24.68,401.03,6.6,8.9,7.75,8.78,29.7,0.367,0.1961,0.0032,-0.1001,0.6277,7.3717,13.2,0,524
ISRG270115P00500000,ISRG,2027-01-15,114,P,500.0,24.68,401.03,97.0,105.0,101.0,102.43,7.9,0.3593,-0.8401,0.0037,-0.1022,0.5352,99.6847,87.2,0,327
ISRG270219C00305000,ISRG,2027-02-19,149,C,305.0,-23.95,401.03,105.8,111.0,108.4,0.0,4.8,0.4111,0.8892,0.0017,-0.0389,0.4864,107.1342,83.5,0,0
ISRG270219P00305000,ISRG,2027-02-19,149,P,305.0,-23.95,401.03,5.6,7.7,6.65,10.8,31.6,0.4228,-0.1107,0.0018,-0.0662,0.4914,6.7312,17.4,0,11
ISRG270219C00310000,ISRG,2027-02-19,149,C,310.0,-22.7,401.03,102.2,108.3,105.25,69.9,5.8,0.4288,0.8787,0.0019,-0.0441,0.5192,103.9959,80.6,0,1
ISRG270219P00310000,ISRG,2027-02-19,149,P,310.0,-22.7,401.03,5.9,8.7,7.3,7.3,38.4,0.4182,-0.1214,0.0019,-0.0702,0.523,7.384,18.6,5,54
ISRG270219C00315000,ISRG,2027-02-19,149,C,315.0,-21.45,401.03,98.1,103.0,100.55,0.0,4.9,0.4149,0.8675,0.002,-0.0493,0.552,99.2893,80.0,0,0
ISRG270219P00315000,ISRG,2027-02-19,149,P,315.0,-21.45,401.03,7.0,9.2,8.1,7.9,27.2,0.4155,-0.1328,0.002,-0.0742,0.5569,8.1908,20.1,5,48
ISRG270219C00320000,ISRG,2027-02-19,149,C,320.0,-20.21,401.03,93.3,100.7,97.0,64.1,7.6,0.4208,0.8556,0.0021,-0.0544,0.5853,95.7493,77.8,0,1
ISRG270219P00320000,ISRG,2027-02-19,149,P,320.0,-20.21,401.03,7.9,9.5,8.7,10.4,18.4,0.4083,-0.145,0.0022,-0.0783,0.5907,8.7974,21.3,0,69
ISRG270219C00325000,ISRG,2027-02-19,149,C,325.0,-18.96,401.03,89.8,95.5,92.65,0.0,6.2,0.4118,0.843,0.0023,-0.0596,0.6193,91.3982,76.7,0,0
ISRG270219P00325000,ISRG,2027-02-19,149,P,325.0,-18.96,401.03,8.7,11.4,10.05,17.5,26.9,0.4125,-0.1578,0.0023,-0.0824,0.6247,10.1481,23.3,0,87
ISRG270219C00330000,ISRG,2027-02-19,149,C,330.0,-17.71,401.03,86.0,92.0,89.0,58.09,6.7,0.4131,0.8297,0.0024,-0.0648,0.6528,87.7549,74.8,0,5
ISRG270219P00330000,ISRG,2027-02-19,149,P,330.0,-17.71,401.03,9.2,11.4,10.3,15.93,21.4,0.3982,-0.1714,0.0025,-0.0864,0.6574,10.4055,24.1,0,50
ISRG270219C00335000,ISRG,2027-02-19,149,C,335.0,-16.47,401.03,82.2,87.7,84.95,54.99,6.5,0.4072,0.8157,0.0025,-0.0698,0.6858,83.7109,73.4,0,3
ISRG270219P00335000,ISRG,2027-02-19,149,P,335.0,-16.47,401.03,10.3,13.4,11.85,12.8,26.2,0.4029,-0.1857,0.0026,-0.0904,0.6917,11.9587,26.3,0,42
ISRG270219C00340000,ISRG,2027-02-19,149,C,340.0,-15.22,401.03,78.8,84.0,81.4,68.55,6.4,0.4075,0.8011,0.0027,-0.0748,0.719,80.17,71.5,0,1
ISRG270219P00340000,ISRG,2027-02-19,149,P,340.0,-15.22,401.03,11.9,14.5,13.2,17.0,19.7,0.4031,-0.2007,0.0027,-0.0943,0.7258,13.3146,28.2,0,37
ISRG270219C00345000,ISRG,2027-02-19,149,C,345.0,-13.97,401.03,74.8,79.8,77.3,54.19,6.5,0.3992,0.7858,0.0028,-0.0796,0.7514,76.075,70.1,0,1
ISRG270219P00345000,ISRG,2027-02-19,149,P,345.0,-13.97,401.03,13.0,16.3,14.65,16.8,22.5,0.4033,-0.2164,0.0029,-0.098,0.7565,14.7668,30.2,0,18
ISRG270219C00350000,ISRG,2027-02-19,149,C,350.0,-12.72,401.03,71.7,76.7,74.2,60.8,6.7,0.4032,0.7698,0.003,-0.0842,0.7824,72.9917,67.8,0,8
ISRG270219P00350000,ISRG,2027-02-19,149,P,350.0,-12.72,401.03,13.3,16.4,14.85,15.62,20.9,0.3864,-0.2328,0.003,-0.1016,0.7883,14.9779,31.1,3,29
ISRG270219C00355000,ISRG,2027-02-19,149,C,355.0,-11.48,401.03,67.9,73.4,70.65,68.5,7.8,0.4001,0.7533,0.0031,-0.0887,0.8126,69.4506,66.0,0,8
ISRG270219P00355000,ISRG,2027-02-19,149,P,355.0,-11.48,401.03,16.0,19.2,17.6,31.9,18.2,0.4007,-0.2497,0.0032,-0.1051,0.8196,17.72,34.0,0,27
ISRG270219C00360000,ISRG,2027-02-19,149,C,360.0,-10.23,401.03,63.8,71.7,67.75,66.95,11.7,0.4038,0.7362,0.0032,-0.093,0.8417,66.5664,63.8,10,9
ISRG270219P00360000,ISRG,2027-02-19,149,P,360.0,-10.23,401.03,16.2,20.2,18.2,21.55,22.0,0.3874,-0.2673,0.0033,-0.1083,0.8474,18.3209,35.3,0,16
ISRG270219C00365000,ISRG,2027-02-19,149,C,365.0,-8.98,401.03,61.3,66.5,63.9,60.0,8.1,0.3952,0.7187,0.0033,-0.097,0.8689,62.7274,62.2,0,12
ISRG270219P00365000,ISRG,2027-02-19,149,P,365.0,-8.98,401.03,19.2,22.1,20.65,37.1,14.0,0.3951,-0.2854,0.0034,-0.1114,0.875,20.777,37.8,0,37
ISRG270219C00370000,ISRG,2027-02-19,149,C,370.0,-7.74,401.03,58.3,64.1,61.2,60.45,9.5,0.3989,0.7006,0.0034,-0.1008,0.8943,60.0499,60.0,10,28
ISRG270219P00370000,ISRG,2027-02-19,149,P,370.0,-7.74,401.03,19.4,24.3,21.85,39.1,22.4,0.3872,-0.304,0.0035,-0.1142,0.9002,21.9779,39.4,0,15
ISRG270219C00375000,ISRG,2027-02-19,149,C,375.0,-6.49,401.03,54.3,61.1,57.7,30.7,11.8,0.3926,0.6822,0.0035,-0.1043,0.9182,56.5699,58.2,0,20
ISRG270219P00375000,ISRG,2027-02-19,149,P,375.0,-6.49,401.03,21.5,25.3,23.4,41.9,16.2,0.3823,-0.3231,0.0036,-0.1167,0.9237,23.5196,41.3,0,3
ISRG270219C00380000,ISRG,2027-02-19,149,C,380.0,-5.24,401.03,52.1,57.1,54.6,45.45,9.2,0.3897,0.6633,0.0036,-0.1076,0.9399,53.4847,56.3,0,9
ISRG270219P00380000,ISRG,2027-02-19,149,P,380.0,-5.24,401.03,22.4,27.4,24.9,28.77,20.1,0.376,-0.3426,0.0038,-0.1189,0.9441,25.0122,43.2,0,93
ISRG270219C00385000,ISRG,2027-02-19,149,C,385.0,-4.0,401.03,48.5,55.3,51.9,38.88,13.1,0.3901,0.6442,0.0037,-0.1105,0.9591,50.807,54.2,0,12
ISRG270219P00385000,ISRG,2027-02-19,149,P,385.0,-4.0,401.03,25.9,30.3,28.1,0.0,15.7,0.3866,-0.3624,0.0039,-0.1209,0.9631,28.2055,45.7,0,0
ISRG270219C00390000,ISRG,2027-02-19,149,C,390.0,-2.75,401.03,46.2,51.6,48.9,25.5,11.0,0.3864,0.6249,0.0038,-0.1131,0.9762,47.8321,52.2,0,17
ISRG270219P00390000,ISRG,2027-02-19,149,P,390.0,-2.75,401.03,28.1,31.9,30.0,56.52,12.7,0.3824,-0.3825,0.0039,-0.1226,0.9798,30.095,47.7,0,13
ISRG270219C00395000,ISRG,2027-02-19,149,C,395.0,-1.5,401.03,43.8,49.0,46.4,38.8,11.2,0.3868,0.6053,0.0039,-0.1154,0.9911,45.3537,50.2,0,20
ISRG270219P00395000,ISRG,2027-02-19,149,P,395.0,-1.5,401.03,31.3,35.0,33.15,50.0,11.2,0.3898,-0.4029,0.004,-0.1239,0.993,33.2234,49.9,0,9
ISRG270219C00400000,ISRG,2027-02-19,149,C,400.0,-0.26,401.03,41.6,46.1,43.85,43.4,10.3,0.3857,0.5857,0.0039,-0.1173,1.0032,42.8265,48.1,0,34
ISRG270219P00400000,ISRG,2027-02-19,149,P,400.0,-0.26,401.03,31.3,38.9,35.1,34.55,21.7,0.3841,-0.4234,0.0041,-0.1249,1.0039,35.1578,51.8,8,16
ISRG270219C00405000,ISRG,2027-02-19,149,C,405.0,0.99,401.03,38.2,46.2,42.2,42.0,19.0,0.3926,0.566,0.004,-0.1189,1.0129,41.2051,46.0,15,241
ISRG270219P00405000,ISRG,2027-02-19,149,P,405.0,0.99,401.03,35.1,39.8,37.45,50.98,12.6,0.3814,-0.4439,0.0042,-0.1256,1.012,37.4836,53.8,0,7
ISRG270219C00410000,ISRG,2027-02-19,149,C,410.0,2.24,401.03,38.1,41.4,39.75,39.7,8.3,0.3905,0.5463,0.004,-0.1202,1.0202,38.775,44.1,4,21
ISRG270219P00410000,ISRG,2027-02-19,149,P,410.0,2.24,401.03,37.9,42.6,40.25,44.2,11.7,0.3822,-0.4646,0.0042,-0.126,1.0174,40.2603,55.8,0,12
ISRG270219C00415000,ISRG,2027-02-19,149,C,415.0,3.48,401.03,34.3,39.1,36.7,33.7,13.1,0.3817,0.5266,0.004,-0.1212,1.0248,35.7535,42.3,0,3
ISRG270219P00415000,ISRG,2027-02-19,149,P,415.0,3.48,401.03,39.0,45.8,42.4,47.81,16.0,0.3756,-0.4852,0.0042,-0.1261,1.0205,42.3793,57.7,0,16
ISRG270219C00420000,ISRG,2027-02-19,149,C,420.0,4.73,401.03,33.0,36.8,34.9,34.8,10.9,0.3842,0.5071,0.004,-0.1218,1.0271,33.9778,40.3,0,24
ISRG270219P00420000,ISRG,2027-02-19,149,P,420.0,4.73,401.03,42.9,48.0,45.45,46.0,11.2,0.3769,-0.5058,0.0043,-0.1258,1.0203,45.3992,59.7,0,7
ISRG270219C00425000,ISRG,2027-02-19,149,C,425.0,5.98,401.03,30.4,35.0,32.7,19.32,14.1,0.382,0.4878,0.004,-0.1221,1.027,31.8145,38.5,0,33
ISRG270219P00425000,ISRG,2027-02-19,149,P,425.0,5.98,401.03,47.4,52.0,49.7,54.1,9.3,0.389,-0.5262,0.0043,-0.1252,1.0171,49.6159,61.5,0,7
ISRG270219C00430000,ISRG,2027-02-19,149,C,430.0,7.22,401.03,28.7,34.0,31.35,26.8,16.9,0.3871,0.4687,0.004,-0.1221,1.0243,30.4858,36.7,0,21
ISRG270219P00430000,ISRG,2027-02-19,149,P,430.0,7.22,401.03,48.7,55.4,52.05,81.25,12.9,0.3814,-0.5464,0.0043,-0.1244,1.012,51.9114,63.3,0,1
ISRG270219C00435000,ISRG,2027-02-19,149,C,435.0,8.47,401.03,26.6,31.1,28.85,19.5,15.6,0.3801,0.4499,0.004,-0.1218,1.0195,28.015,34.9,0,25
ISRG270219P00435000,ISRG,2027-02-19,149,P,435.0,8.47,401.03,53.9,58.0,55.95,110.41,7.3,0.3884,-0.5664,0.0043,-0.1233,1.0047,55.7796,65.0,0,2
ISRG270219C00440000,ISRG,2027-02-19,149,C,440.0,9.72,401.03,23.7,31.9,27.8,27.17,29.5,0.3866,0.4314,0.004,-0.1212,1.0128,26.9953,33.3,2,37
ISRG270219P00440000,ISRG,2027-02-19,149,P,440.0,9.72,401.03,56.8,60.7,58.75,97.38,6.6,0.3834,-0.5861,0.0043,-0.1218,0.9936,58.5176,66.8,0,11
ISRG270219C00445000,ISRG,2027-02-19,149,C,445.0,10.96,401.03,23.7,27.5,25.6,17.45,14.8,0.3808,0.4132,0.004,-0.1204,1.0038,24.8234,31.5,0,49
ISRG270219P00445000,ISRG,2027-02-19,149,P,445.0,10.96,401.03,60.0,64.5,62.25,0.0,7.2,0.3846,-0.6055,0.0042,-0.1202,0.9791,61.9638,68.4,0,0
ISRG270219C00450000,ISRG,2027-02-19,149,C,450.0,12.21,401.03,20.4,25.9,23.15,21.85,23.8,0.3716,0.3955,0.0039,-0.1193,0.9928,22.4132,29.6,0,66
ISRG270219P00450000,ISRG,2027-02-19,149,P,450.0,12.21,401.03,62.0,68.5,65.25,102.89,10.0,0.3797,-0.6246,0.0042,-0.1183,0.9663,64.8883,70.2,0,6
ISRG270219C00455000,ISRG,2027-02-19,149,C,455.0,13.46,401.03,20.4,24.8,22.6,17.75,19.5,0.3808,0.3782,0.0039,-0.118,0.9802,21.8836,28.3,0,20
ISRG270219P00455000,ISRG,2027-02-19,149,P,455.0,13.46,401.03,65.6,71.6,68.6,90.57,8.7,0.3775,-0.6433,0.0042,-0.1162,0.9486,68.1652,71.8,0,1
ISRG270219C00460000,ISRG,2027-02-19,149,C,460.0,14.7,401.03,18.9,24.0,21.45,20.0,23.8,0.3832,0.3614,0.0038,-0.1165,0.9663,20.7567,26.9,1,33
ISRG270219P00460000,ISRG,2027-02-19,149,P,460.0,14.7,401.03,70.6,75.3,72.95,88.57,6.4,0.3851,-0.6616,0.0041,-0.1138,0.9298,72.4579,73.0,0,5
ISRG270219C00465000,ISRG,2027-02-19,149,C,465.0,15.95,401.03,17.6,21.8,19.7,12.0,21.3,0.3786,0.345,0.0038,-0.1148,0.9507,19.0388,25.3,0,5
ISRG270219P00465000,ISRG,2027-02-19,149,P,465.0,15.95,401.03,74.4,78.4,76.4,0.0,5.2,0.3822,-0.6794,0.0041,-0.1113,0.9065,75.8145,74.6,0,0
ISRG270219C00470000,ISRG,2027-02-19,149,C,470.0,17.2,401.03,16.3,20.8,18.55,11.86,24.3,0.3796,0.3291,0.0037,-0.113,0.9335,17.9208,23.9,0,46
ISRG270219P00470000,ISRG,2027-02-19,149,P,470.0,17.2,401.03,75.6,82.8,79.2,0.0,9.1,0.3709,-0.6967,0.004,-0.1086,0.8861,78.4838,76.4,0,0
ISRG270219C00475000,ISRG,2027-02-19,149,C,475.0,18.45,401.03,15.6,19.1,17.35,10.5,20.2,0.3792,0.3137,0.0036,-0.111,0.9154,16.7403,22.6,0,34
ISRG270219P00475000,ISRG,2027-02-19,149,P,475.0,18.45,401.03,80.8,86.8,83.8,0.0,7.2,0.3792,-0.7136,0.004,-0.1058,0.8616,83.0172,77.4,0,0
ISRG270219C00480000,ISRG,2027-02-19,149,C,480.0,19.69,401.03,14.1,18.1,16.1,11.28,24.8,0.3776,0.2989,0.0035,-0.1088,0.8966,15.5206,21.2,0,41
ISRG270219P00480000,ISRG,2027-02-19,149,P,480.0,19.69,401.03,85.7,90.7,88.2,0.0,5.7,0.3847,-0.73,0.0039,-0.1029,0.8365,87.3406,78.5,0,0
ISRG270219C00485000,ISRG,2027-02-19,149,C,485.0,20.94,401.03,13.4,17.3,15.35,11.2,25.4,0.381,0.2846,0.0034,-0.1065,0.8768,14.797,20.2,0,2
ISRG270219P00485000,ISRG,2027-02-19,149,P,485.0,20.94,401.03,89.8,94.7,92.25,0.0,5.3,0.3853,-0.7459,0.0038,-0.0998,0.8073,91.2817,79.6,0,0
ISRG270219C00490000,ISRG,2027-02-19,149,C,490.0,22.19,401.03,12.9,15.8,14.35,5.7,20.2,0.3808,0.2708,0.0034,-0.1042,0.8558,13.8171,19.0,0,5
ISRG270219P00490000,ISRG,2027-02-19,149,P,490.0,22.19,401.03,91.6,98.7,95.15,0.0,7.5,0.3702,-0.7613,0.0038,-0.0966,0.78,93.9722,81.5,0,0
ISRG270219C00495000,ISRG,2027-02-19,149,C,495.0,23.43,401.03,11.3,15.4,13.35,11.8,30.7,0.38,0.2576,0.0033,-0.1017,0.8344,12.8452,17.8,0,2
ISRG270219P00495000,ISRG,2027-02-19,149,P,495.0,23.43,401.03,98.0,102.9,100.45,157.22,4.9,0.3855,-0.7763,0.0037,-0.0933,0.7529,99.2468,81.9,0,1
ISRG270219C00500000,ISRG,2027-02-19,149,C,500.0,24.68,401.03,11.1,14.5,12.8,10.3,26.6,0.384,0.2448,0.0032,-0.0992,0.8129,12.3103,17.0,0,14
ISRG270219P00500000,ISRG,2027-02-19,149,P,500.0,24.68,401.03,102.0,107.0,104.5,0.0,4.8,0.3836,-0.7907,0.0036,-0.09,0.722,103.1505,83.0,0,0
ISRG270319C00310000,ISRG,2027-03-19,177,C,310.0,-22.7,401.03,104.8,110.0,107.4,76.48,4.8,0.4093,0.8705,0.0018,-0.0446,0.5963,105.6838,79.6,0,2
ISRG270319P00310000,ISRG,2027-03-19,177,P,310.0,-22.7,401.03,7.6,9.1,8.35,8.9,18.0,0.4062,-0.1316,0.0019,-0.0674,0.6017,8.5136,20.1,0,218
ISRG270319C00320000,ISRG,2027-03-19,177,C,320.0,-20.21,401.03,98.2,104.6,101.4,83.35,6.3,0.4338,0.8476,0.0021,-0.0536,0.6658,99.7183,74.5,0,3
ISRG270319P00320000,ISRG,2027-03-19,177,P,320.0,-20.21,401.03,7.2,11.0,9.1,12.25,41.8,0.3854,-0.1552,0.0021,-0.0746,0.6733,9.28,21.8,0,375
ISRG270319C00330000,ISRG,2027-03-19,177,C,330.0,-17.71,401.03,90.2,94.6,92.4,74.36,4.8,0.4095,0.8222,0.0023,-0.0624,0.7343,90.7282,72.9,0,10
ISRG270319P00330000,ISRG,2027-03-19,177,P,330.0,-17.71,401.03,11.6,13.2,12.4,15.9,12.9,0.3993,-0.1812,0.0024,-0.0817,0.7416,12.6022,26.4,0,53
ISRG270319C00340000,ISRG,2027-03-19,177,C,340.0,-15.22,401.03,81.9,87.1,84.5,65.75,6.2,0.3983,0.7946,0.0025,-0.0709,0.8019,82.8466,70.1,0,4
ISRG270319P00340000,ISRG,2027-03-19,177,P,340.0,-15.22,401.03,12.1,15.5,13.8,14.91,24.6,0.3824,-0.2096,0.0026,-0.0885,0.8095,14.014,28.8,5,227
ISRG270319C00350000,ISRG,2027-03-19,177,C,350.0,-12.72,401.03,74.8,80.1,77.45,70.0,6.8,0.3946,0.7649,0.0028,-0.079,0.8652,75.8338,66.6,0,28
ISRG270319P00350000,ISRG,2027-03-19,177,P,350.0,-12.72,401.03,16.8,18.5,17.65,17.8,9.6,0.3923,-0.2403,0.0029,-0.0948,0.8733,17.8802,33.3,1,404
ISRG270319C00360000,ISRG,2027-03-19,177,C,360.0,-10.23,401.03,69.4,73.2,71.3,63.0,5.3,0.3972,0.7334,0.003,-0.0863,0.9246,69.7315,62.6,0,50
ISRG270319P00360000,ISRG,2027-03-19,177,P,360.0,-10.23,401.03,18.2,21.4,19.8,21.0,16.2,0.3783,-0.273,0.0031,-0.1006,0.9317,20.034,36.3,4,46
ISRG270319C00370000,ISRG,2027-03-19,177,C,370.0,-7.74,401.03,61.0,69.5,65.25,63.0,13.0,0.3967,0.7002,0.0032,-0.0929,0.9772,63.7264,58.8,1,18
ISRG270319P00370000,ISRG,2027-03-19,177,P,370.0,-7.74,401.03,22.4,25.3,23.85,24.5,12.2,0.3814,-0.3074,0.0033,-0.1056,0.9842,24.0876,40.4,1,113
ISRG270319C00380000,ISRG,2027-03-19,177,C,380.0,-5.24,401.03,55.0,63.5,59.25,59.0,14.3,0.3932,0.6658,0.0033,-0.0986,1.0229,57.7816,55.2,0,27
ISRG270319P00380000,ISRG,2027-03-19,177,P,380.0,-5.24,401.03,27.1,29.1,28.1,30.9,7.1,0.3822,-0.3433,0.0035,-0.1098,1.028,28.3232,44.3,0,93
ISRG270319C00390000,ISRG,2027-03-19,177,C,390.0,-2.75,401.03,49.6,57.8,53.7,35.25,15.3,0.3907,0.6305,0.0035,-0.1034,1.0601,52.2878,51.5,0,50
ISRG270319P00390000,ISRG,2027-03-19,177,P,390.0,-2.75,401.03,32.0,36.4,34.2,33.15,12.9,0.3967,-0.3803,0.0036,-0.1131,1.064,34.403,48.7,3,67
ISRG270319C00400000,ISRG,2027-03-19,177,C,400.0,-0.26,401.03,44.7,52.8,48.75,48.0,16.6,0.3905,0.5945,0.0036,-0.1071,1.0887,47.3971,47.8,2,119
ISRG270319P00400000,ISRG,2027-03-19,177,P,400.0,-0.26,401.03,36.4,38.4,37.4,39.0,5.3,0.3802,-0.4181,0.0038,-0.1154,1.0892,37.5619,52.0,1,82
ISRG270319C00410000,ISRG,2027-03-19,177,C,410.0,2.24,401.03,39.4,48.0,43.7,42.8,19.7,0.3862,0.5584,0.0037,-0.1097,1.1081,42.4113,44.3,1,73
ISRG270319P00410000,ISRG,2027-03-19,177,P,410.0,2.24,401.03,41.6,43.5,42.55,42.9,4.5,0.3786,-0.4563,0.0039,-0.1167,1.1043,42.6647,55.7,1,28
ISRG270319C00420000,ISRG,2027-03-19,177,C,420.0,4.73,401.03,35.0,40.2,37.6,38.3,13.8,0.3696,0.5225,0.0037,-0.1114,1.1183,36.3959,40.8,4,72
ISRG270319P00420000,ISRG,2027-03-19,177,P,420.0,4.73,401.03,47.0,49.0,48.0,50.2,4.2,0.3762,-0.4945,0.004,-0.117,1.1102,48.0326,59.2,1,59
ISRG270319C00430000,ISRG,2027-03-19,177,C,430.0,7.22,401.03,31.0,37.7,34.35,34.2,19.5,0.3754,0.487,0.0037,-0.112,1.1195,33.2133,37.3,1,68
ISRG270319P00430000,ISRG,2027-03-19,177,P,430.0,7.22,401.03,52.7,57.8,55.25,55.3,9.2,0.3869,-0.5325,0.004,-0.1164,1.1032,55.202,62.6,1,18
ISRG270319C00440000,ISRG,2027-03-19,177,C,440.0,9.72,401.03,29.0,32.6,30.8,30.1,11.7,0.3755,0.4523,0.0037,-0.1117,1.1122,29.726,34.0,2,55
ISRG270319P00440000,ISRG,2027-03-19,177,P,440.0,9.72,401.03,57.2,64.0,60.6,94.95,11.2,0.3771,-0.5699,0.004,-0.1148,1.0899,60.4198,65.9,0,27
ISRG270319C00450000,ISRG,2027-03-19,177,C,450.0,12.21,401.03,24.9,29.2,27.05,27.4,15.9,0.371,0.4187,0.0037,-0.1105,1.0973,26.0528,30.9,1,35
ISRG270319P00450000,ISRG,2027-03-19,177,P,450.0,12.21,401.03,65.6,70.7,68.15,84.36,7.5,0.3845,-0.6064,0.004,-0.1124,1.0625,67.8419,68.9,0,64
ISRG270319C00460000,ISRG,2027-03-19,177,C,460.0,14.7,401.03,23.1,26.1,24.6,24.4,12.2,0.3757,0.3864,0.0036,-0.1086,1.075,23.6691,28.1,1,20
ISRG270319P00460000,ISRG,2027-03-19,177,P,460.0,14.7,401.03,71.0,76.9,73.95,75.5,8.0,0.3722,-0.6419,0.004,-0.1093,1.0309,73.4321,72.0,2,25
ISRG270319C00470000,ISRG,2027-03-19,177,C,470.0,17.2,401.03,20.2,23.7,21.95,16.32,15.9,0.3761,0.3555,0.0035,-0.106,1.0473,21.0921,25.4,0,15
ISRG270319P00470000,ISRG,2027-03-19,177,P,470.0,17.2,401.03,80.1,83.8,81.95,110.0,4.5,0.3783,-0.6761,0.0039,-0.1056,0.9902,81.2596,74.6,0,17
ISRG270319C00480000,ISRG,2027-03-19,177,C,480.0,19.69,401.03,18.3,22.1,20.2,20.1,18.8,0.3828,0.3263,0.0034,-0.1028,1.0136,19.395,23.1,0,37
ISRG270319P00480000,ISRG,2027-03-19,177,P,480.0,19.69,401.03,86.2,92.9,89.55,114.9,7.5,0.3775,-0.7089,0.0038,-0.1013,0.9429,88.6161,77.1,0,10
ISRG270319C00490000,ISRG,2027-03-19,177,C,490.0,22.19,401.03,15.9,18.5,17.2,13.7,15.1,0.3747,0.2987,0.0033,-0.0992,0.9768,16.4669,20.5,0,31
ISRG270319P00490000,ISRG,2027-03-19,177,P,490.0,22.19,401.03,95.3,100.2,97.75,140.54,5.0,0.3806,-0.7403,0.0037,-0.0966,0.8875,96.5868,79.3,0,13
ISRG270319C00500000,ISRG,2027-03-19,177,C,500.0,24.68,401.03,11.2,17.7,14.45,15.05,45.0,0.3662,0.2728,0.0031,-0.0952,0.9359,13.7964,18.0,11,417
ISRG270319P00500000,ISRG,2027-03-19,177,P,500.0,24.68,401.03,103.3,109.1,106.2,113.1,5.5,0.3838,-0.77,0.0036,-0.0914,0.8243,104.7589,81.2,0,624
ISRG270416C00305000,ISRG,2027-04-16,205,C,305.0,-23.95,401.03,111.0,118.6,114.8,0.0,6.6,0.4151,0.8726,0.0017,-0.0416,0.6374,112.5429,78.7,0,0
ISRG270416P00305000,ISRG,2027-04-16,205,P,305.0,-23.95,401.03,7.6,11.1,9.35,13.7,37.4,0.4129,-0.1307,0.0017,-0.0628,0.6447,9.5947,21.1,0,36
ISRG270416C00310000,ISRG,2027-04-16,205,C,310.0,-22.7,401.03,107.3,114.5,110.9,69.2,6.5,0.414,0.8622,0.0018,-0.0455,0.6721,108.6568,77.2,0,4
ISRG270416P00310000,ISRG,2027-04-16,205,P,310.0,-22.7,401.03,6.6,12.5,9.55,9.4,61.8,0.4002,-0.1414,0.0018,-0.066,0.681,9.8068,21.7,100,155
ISRG270416C00315000,ISRG,2027-04-16,205,C,315.0,-21.45,401.03,103.4,110.9,107.15,83.9,7.0,0.414,0.8512,0.0019,-0.0494,0.7074,104.9188,75.7,0,0
ISRG270416P00315000,ISRG,2027-04-16,205,P,315.0,-21.45,401.03,9.4,12.9,11.15,13.7,31.4,0.4075,-0.1527,0.0019,-0.0691,0.716,11.4236,23.8,0,8
ISRG270416C00320000,ISRG,2027-04-16,205,C,320.0,-20.21,401.03,99.8,105.8,102.8,0.0,5.8,0.4049,0.8398,0.002,-0.0532,0.7423,100.5723,74.7,0,0
ISRG270416P00320000,ISRG,2027-04-16,205,P,320.0,-20.21,401.03,11.0,13.6,12.3,12.38,21.1,0.4069,-0.1645,0.002,-0.0722,0.7503,12.5835,25.4,2,119
ISRG270416C00325000,ISRG,2027-04-16,205,C,325.0,-18.96,401.03,95.8,103.3,99.55,76.23,7.5,0.4098,0.8279,0.0021,-0.057,0.7766,97.3457,72.7,0,1
ISRG270416P00325000,ISRG,2027-04-16,205,P,325.0,-18.96,401.03,11.5,15.3,13.4,13.3,28.4,0.4048,-0.1768,0.0022,-0.0753,0.7858,13.7012,26.9,0,41
ISRG270416C00330000,ISRG,2027-04-16,205,C,330.0,-17.71,401.03,93.1,99.2,96.15,88.3,6.3,0.4115,0.8154,0.0022,-0.0608,0.811,93.9726,70.9,0,1
ISRG270416P00330000,ISRG,2027-04-16,205,P,330.0,-17.71,401.03,13.0,17.8,15.4,14.68,31.2,0.4127,-0.1896,0.0023,-0.0784,0.8215,15.7111,29.2,2,45
ISRG270416C00335000,ISRG,2027-04-16,205,C,335.0,-16.47,401.03,87.4,96.1,91.75,0.0,9.5,0.4002,0.8025,0.0023,-0.0645,0.8451,89.5771,70.0,0,0
ISRG270416P00335000,ISRG,2027-04-16,205,P,335.0,-16.47,401.03,13.8,18.1,15.95,20.7,27.0,0.4022,-0.203,0.0024,-0.0813,0.855,16.2759,30.1,0,20
ISRG270416C00340000,ISRG,2027-04-16,205,C,340.0,-15.22,401.03,84.5,90.9,87.7,0.0,7.3,0.3928,0.7892,0.0024,-0.068,0.8781,85.542,68.8,0,0
ISRG270416P00340000,ISRG,2027-04-16,205,P,340.0,-15.22,401.03,15.3,18.8,17.05,30.35,20.5,0.3976,-0.2168,0.0025,-0.0842,0.8869,17.3829,31.5,0,21
ISRG270416C00345000,ISRG,2027-04-16,205,C,345.0,-13.97,401.03,81.1,88.4,84.75,64.24,8.6,0.3972,0.7754,0.0025,-0.0715,0.91,82.6257,66.7,0,3
ISRG270416P00345000,ISRG,2027-04-16,205,P,345.0,-13.97,401.03,14.5,21.7,18.1,26.2,39.8,0.3919,-0.2311,0.0026,-0.087,0.9198,18.4456,32.9,0,10
ISRG270416C00350000,ISRG,2027-04-16,205,C,350.0,-12.72,401.03,77.7,84.0,80.85,77.0,7.8,0.3902,0.7612,0.0026,-0.0749,0.9412,78.7433,65.4,0,4
ISRG270416P00350000,ISRG,2027-04-16,205,P,350.0,-12.72,401.03,18.2,22.0,20.1,33.81,18.9,0.3956,-0.2459,0.0027,-0.0897,0.9523,20.4498,35.0,0,1
ISRG270416C00355000,ISRG,2027-04-16,205,C,355.0,-11.48,401.03,74.5,81.9,78.2,44.3,9.5,0.3957,0.7466,0.0027,-0.0781,0.9714,76.1284,63.3,0,4
ISRG270416P00355000,ISRG,2027-04-16,205,P,355.0,-11.48,401.03,19.8,23.5,21.65,23.86,17.1,0.3936,-0.2611,0.0028,-0.0922,0.9813,22.0063,36.6,0,3
ISRG270416C00360000,ISRG,2027-04-16,205,C,360.0,-10.23,401.03,71.3,78.4,74.85,69.55,9.5,0.393,0.7316,0.0028,-0.0811,1.0,72.8076,61.6,0,5
ISRG270416P00360000,ISRG,2027-04-16,205,P,360.0,-10.23,401.03,19.1,26.5,22.8,41.95,32.5,0.3869,-0.2768,0.0029,-0.0946,1.0085,23.1663,38.0,0,2
ISRG270416C00365000,ISRG,2027-04-16,205,C,365.0,-8.98,401.03,68.0,75.9,71.95,46.2,11.0,0.394,0.7163,0.0029,-0.084,1.0269,69.9426,59.8,0,14
ISRG270416P00365000,ISRG,2027-04-16,205,P,365.0,-8.98,401.03,23.1,26.0,24.55,31.25,11.8,0.3855,-0.2927,0.003,-0.0969,1.0359,24.9256,39.8,0,1
ISRG270416C00370000,ISRG,2027-04-16,205,C,370.0,-7.74,401.03,65.2,72.5,68.85,52.88,10.6,0.3922,0.7007,0.003,-0.0868,1.0525,66.8738,58.1,0,80
ISRG270416P00370000,ISRG,2027-04-16,205,P,370.0,-7.74,401.03,24.2,28.9,26.55,0.0,17.7,0.3856,-0.3091,0.0031,-0.099,1.0621,26.9255,41.6,0,0
ISRG270416C00375000,ISRG,2027-04-16,205,C,375.0,-6.49,401.03,61.2,68.9,65.05,64.65,11.8,0.3832,0.6848,0.003,-0.0893,1.0765,63.1055,56.7,1,11
ISRG270416P00375000,ISRG,2027-04-16,205,P,375.0,-6.49,401.03,26.1,31.7,28.9,29.43,19.4,0.388,-0.3257,0.0032,-0.101,1.0844,29.2638,43.5,0,1
ISRG270416C00380000,ISRG,2027-04-16,205,C,380.0,-5.24,401.03,58.5,66.9,62.7,64.0,13.4,0.3869,0.6687,0.0031,-0.0917,1.0985,60.7869,54.7,40,41
ISRG270416P00380000,ISRG,2027-04-16,205,P,380.0,-5.24,401.03,29.1,33.4,31.25,0.0,13.8,0.3896,-0.3426,0.0032,-0.1027,1.1047,31.6129,45.4,0,0
ISRG270416C00385000,ISRG,2027-04-16,205,C,385.0,-4.0,401.03,55.5,63.7,59.6,45.01,13.8,0.3831,0.6524,0.0032,-0.0938,1.1184,57.7296,53.1,0,31
ISRG270416P00385000,ISRG,2027-04-16,205,P,385.0,-4.0,401.03,30.5,35.1,32.8,47.91,14.0,0.3832,-0.3598,0.0033,-0.1043,1.1242,33.1579,46.9,0,1
ISRG270416C00390000,ISRG,2027-04-16,205,C,390.0,-2.75,401.03,54.0,61.0,57.5,48.5,12.2,0.3874,0.636,0.0032,-0.0958,1.1365,55.6694,51.1,0,12
ISRG270416P00390000,ISRG,2027-04-16,205,P,390.0,-2.75,401.03,30.4,38.5,34.45,35.3,23.5,0.377,-0.3772,0.0034,-0.1057,1.1416,34.7903,48.5,1,2
ISRG270416C00395000,ISRG,2027-04-16,205,C,395.0,-1.5,401.03,51.4,58.6,55.0,41.18,13.1,0.3873,0.6194,0.0033,-0.0976,1.1527,53.2011,49.4,0,24
ISRG270416P00395000,ISRG,2027-04-16,205,P,395.0,-1.5,401.03,33.0,39.9,36.45,0.0,18.9,0.3733,-0.3947,0.0035,-0.1069,1.1557,36.7795,50.2,0,0
ISRG270416C00400000,ISRG,2027-04-16,205,C,400.0,-0.26,401.03,48.7,56.0,52.35,36.88,13.9,0.3853,0.6028,0.0033,-0.0991,1.1667,50.5958,47.7,0,35
ISRG270416P00400000,ISRG,2027-04-16,205,P,400.0,-0.26,401.03,38.1,42.2,40.15,40.75,10.2,0.3834,-0.4124,0.0035,-0.1079,1.1674,40.4579,52.3,1,2
ISRG270416C00405000,ISRG,2027-04-16,205,C,405.0,0.99,401.03,46.2,53.3,49.75,39.0,14.3,0.383,0.5861,0.0034,-0.1005,1.1785,48.0347,46.0,0,37
ISRG270416P00405000,ISRG,2027-04-16,205,P,405.0,0.99,401.03,37.7,45.8,41.75,0.0,19.4,0.3747,-0.4302,0.0036,-0.1088,1.1773,42.0295,53.8,0,0
ISRG270416C00410000,ISRG,2027-04-16,205,C,410.0,2.24,401.03,43.9,50.9,47.4,32.4,14.8,0.3822,0.5694,0.0034,-0.1016,1.1883,45.7307,44.4,0,3
ISRG270416P00410000,ISRG,2027-04-16,205,P,410.0,2.24,401.03,42.6,47.4,45.0,63.1,10.7,0.3793,-0.448,0.0036,-0.1094,1.185,45.2483,55.6,0,2
ISRG270416C00415000,ISRG,2027-04-16,205,C,415.0,3.48,401.03,41.0,48.6,44.8,43.9,17.0,0.3786,0.5527,0.0034,-0.1025,1.1959,43.1737,42.7,0,41
ISRG270416P00415000,ISRG,2027-04-16,205,P,415.0,3.48,401.03,44.3,51.1,47.7,0.0,14.3,0.3785,-0.4659,0.0037,-0.1098,1.1894,47.9125,57.3,0,0
ISRG270416C00420000,ISRG,2027-04-16,205,C,420.0,4.73,401.03,39.5,46.2,42.85,29.89,15.6,0.3797,0.5361,0.0034,-0.1033,1.2014,41.257,41.1,0,26
ISRG270416P00420000,ISRG,2027-04-16,205,P,420.0,4.73,401.03,47.1,53.9,50.5,0.0,13.5,0.3778,-0.4838,0.0037,-0.11,1.1916,50.6692,58.9,0,0
ISRG270416C00425000,ISRG,2027-04-16,205,C,425.0,5.98,401.03,36.4,44.6,40.5,41.0,20.2,0.3769,0.5195,0.0035,-0.1038,1.2049,38.953,39.5,0,4
ISRG270416P00425000,ISRG,2027-04-16,205,P,425.0,5.98,401.03,49.6,56.0,52.8,0.0,12.1,0.3723,-0.5017,0.0037,-0.11,1.1922,52.93,60.5,0,0
ISRG270416C00430000,ISRG,2027-04-16,205,C,430.0,7.22,401.03,35.3,41.2,38.25,32.5,15.4,0.3743,0.5031,0.0035,-0.1041,1.2063,36.7508,37.9,0,8
ISRG270416P00430000,ISRG,2027-04-16,205,P,430.0,7.22,401.03,52.9,59.8,56.35,0.0,12.2,0.3764,-0.5194,0.0038,-0.1099,1.1901,56.4199,62.1,0,0
ISRG270416C00435000,ISRG,2027-04-16,205,C,435.0,8.47,401.03,33.3,41.2,37.25,0.0,21.2,0.3814,0.4869,0.0035,-0.1043,1.2056,35.7869,36.4,0,0
ISRG270416P00435000,ISRG,2027-04-16,205,P,435.0,8.47,401.03,55.6,62.7,59.15,92.05,12.0,0.3732,-0.537,0.0038,-0.1096,1.1854,59.1123,63.7,0,1
ISRG270416C00440000,ISRG,2027-04-16,205,C,440.0,9.72,401.03,31.7,36.8,34.25,27.0,14.9,0.3713,0.4708,0.0035,-0.1042,1.203,32.8418,34.8,0,14
ISRG270416P00440000,ISRG,2027-04-16,205,P,440.0,9.72,401.03,60.2,65.9,63.05,0.0,9.0,0.3794,-0.5546,0.0038,-0.109,1.1775,63.0025,65.1,0,0
ISRG270416C00445000,ISRG,2027-04-16,205,C,445.0,10.96,401.03,30.2,35.2,32.7,16.0,15.3,0.3726,0.4549,0.0035,-0.104,1.1986,31.3328,33.3,0,7
ISRG270416P00445000,ISRG,2027-04-16,205,P,445.0,10.96,401.03,61.8,69.2,65.5,0.0,11.3,0.3722,-0.572,0.0038,-0.1084,1.1685,65.3696,66.7,0,0
ISRG270416C00450000,ISRG,2027-04-16,205,C,450.0,12.21,401.03,28.1,35.5,31.8,15.6,23.3,0.3788,0.4393,0.0034,-0.1036,1.1926,30.4706,32.0,0,9
ISRG270416P00450000,ISRG,2027-04-16,205,P,450.0,12.21,401.03,65.3,72.3,68.8,0.0,10.2,0.3702,-0.5892,0.0038,-0.1076,1.1565,68.4311,68.2,0,0
ISRG270416C00455000,ISRG,2027-04-16,205,C,455.0,13.46,401.03,26.8,31.7,29.25,22.5,16.8,0.3705,0.4239,0.0034,-0.103,1.1847,27.9723,30.4,0,1
ISRG270416P00455000,ISRG,2027-04-16,205,P,455.0,13.46,401.03,69.7,76.0,72.85,0.0,8.6,0.3767,-0.6062,0.0038,-0.1066,1.1433,72.5582,69.5,0,0
ISRG270416C00460000,ISRG,2027-04-16,205,C,460.0,14.7,401.03,25.5,30.6,28.05,21.3,18.2,0.373,0.4088,0.0034,-0.1024,1.175,26.8079,29.1,0,5
ISRG270416P00460000,ISRG,2027-04-16,205,P,460.0,14.7,401.03,72.1,79.5,75.8,0.0,9.8,0.3712,-0.6229,0.0038,-0.1054,1.1265,75.3509,70.9,0,0
ISRG270416C00465000,ISRG,2027-04-16,205,C,465.0,15.95,401.03,23.3,29.9,26.6,0.0,24.8,0.3729,0.3941,0.0034,-0.1015,1.1639,25.4056,27.8,0,0
ISRG270416P00465000,ISRG,2027-04-16,205,P,465.0,15.95,401.03,75.7,83.1,79.4,0.0,9.3,0.3706,-0.6395,0.0038,-0.1042,1.1065,78.7828,72.3,0,0
ISRG270416C00470000,ISRG,2027-04-16,205,C,470.0,17.2,401.03,21.9,29.1,25.5,0.0,28.2,0.3752,0.3796,0.0033,-0.1005,1.1517,24.3377,26.6,0,0
ISRG270416P00470000,ISRG,2027-04-16,205,P,470.0,17.2,401.03,80.8,86.8,83.8,0.0,7.2,0.3782,-0.6558,0.0038,-0.1028,1.09,83.2058,73.3,0,0
ISRG270416C00475000,ISRG,2027-04-16,205,C,475.0,18.45,401.03,21.2,26.5,23.85,24.0,22.2,0.3722,0.3654,0.0033,-0.0994,1.1382,22.7333,25.3,0,7
ISRG270416P00475000,ISRG,2027-04-16,205,P,475.0,18.45,401.03,85.1,90.3,87.7,0.0,5.9,0.3798,-0.6718,0.0037,-0.1013,1.069,86.9988,74.5,0,0
ISRG270416C00480000,ISRG,2027-04-16,205,C,480.0,19.69,401.03,20.2,25.2,22.7,0.0,22.0,0.3731,0.3516,0.0032,-0.0982,1.1232,21.6253,24.1,0,0
ISRG270416P00480000,ISRG,2027-04-16,205,P,480.0,19.69,401.03,86.7,93.7,90.2,0.0,7.8,0.3663,-0.6874,0.0037,-0.0997,1.0446,89.1884,76.1,0,0
ISRG270416C00485000,ISRG,2027-04-16,205,C,485.0,20.94,401.03,19.0,24.9,21.95,0.0,26.9,0.3771,0.3381,0.0032,-0.0969,1.1068,20.9062,23.1,0,0
ISRG270416P00485000,ISRG,2027-04-16,205,P,485.0,20.94,401.03,90.5,97.8,94.15,0.0,7.8,0.3668,-0.7028,0.0037,-0.098,1.0182,92.9919,77.3,0,0
ISRG270416C00490000,ISRG,2027-04-16,205,C,490.0,22.19,401.03,16.9,22.2,19.55,16.2,27.1,0.3654,0.325,0.0032,-0.0954,1.0897,18.5644,21.6,0,1
ISRG270416P00490000,ISRG,2027-04-16,205,P,490.0,22.19,401.03,94.9,101.8,98.35,0.0,7.0,0.3704,-0.718,0.0036,-0.0962,0.989,97.176,78.2,0,0
ISRG270416C00495000,ISRG,2027-04-16,205,C,495.0,23.43,401.03,16.4,21.6,19.0,15.3,27.4,0.3704,0.3123,0.0031,-0.094,1.072,18.0529,20.7,0,1
ISRG270416P00495000,ISRG,2027-04-16,205,P,495.0,23.43,401.03,100.0,106.2,103.1,0.0,6.0,0.3782,-0.7328,0.0036,-0.0943,0.9659,101.8389,79.0,0,0
ISRG270416C00500000,ISRG,2027-04-16,205,C,500.0,24.68,401.03,14.0,22.5,18.25,18.0,46.6,0.373,0.2999,0.003,-0.0924,1.0535,17.3298,19.8,0,29
ISRG270416P00500000,ISRG,2027-04-16,205,P,500.0,24.68,401.03,103.8,109.8,106.8,131.0,5.6,0.3744,-0.7472,0.0036,-0.0923,0.9382,105.3351,80.1,0,1
