contract,ticker,expiry,dte,type,strike,moneyness_pct,spot,bid,ask,mid,last,spread_pct,iv,delta,gamma,theta,vega,theo,prob_itm,volume,oi
LLY261009C00880000,LLY,2026-10-09,16,C,880.0,-24.8,1170.2349,289.85,297.6,293.725,297.0,2.6,0.6593,0.9969,0.0001,0.0,0.0243,292.7375,97.8,0,0
LLY261009P00880000,LLY,2026-10-09,16,P,880.0,-24.8,1170.2349,0.0,0.46,0.05,0.05,,0.5336,-0.0031,0.0001,-0.0298,0.0244,0.1838,0.6,5,2
LLY261009C00885000,LLY,2026-10-09,16,C,885.0,-24.37,1170.2349,284.8,293.6,289.2,0.0,3.0,0.6844,0.9966,0.0001,0.0,0.0262,288.1518,97.1,0,0
LLY261009P00885000,LLY,2026-10-09,16,P,885.0,-24.37,1170.2349,0.01,0.13,0.07,0.07,171.4,0.4636,-0.0034,0.0001,-0.032,0.0264,0.0541,0.2,3,92
LLY261009C00890000,LLY,2026-10-09,16,C,890.0,-23.95,1170.2349,279.9,289.6,284.75,0.0,3.4,0.7073,0.9963,0.0001,-0.0025,0.0283,283.6393,96.3,0,0
LLY261009P00890000,LLY,2026-10-09,16,P,890.0,-23.95,1170.2349,0.0,3.0,1.03,1.03,,0.6647,-0.0036,0.0001,-0.0344,0.0284,1.27,2.8,0,18
LLY261009C00895000,LLY,2026-10-09,16,C,895.0,-23.52,1170.2349,274.9,281.6,278.25,0.0,2.4,0.5736,0.996,0.0001,-0.0055,0.0306,277.3261,98.6,0,0
LLY261009P00895000,LLY,2026-10-09,16,P,895.0,-23.52,1170.2349,0.01,0.17,0.09,0.08,177.8,0.4575,-0.004,0.0001,-0.0369,0.0307,0.0702,0.3,30,15
LLY261009C00900000,LLY,2026-10-09,16,C,900.0,-23.09,1170.2349,269.9,277.6,273.75,268.85,2.8,0.6126,0.9956,0.0001,-0.0088,0.033,272.7574,97.7,0,1
LLY261009P00900000,LLY,2026-10-09,16,P,900.0,-23.09,1170.2349,0.01,0.16,0.085,0.08,176.5,0.4464,-0.0043,0.0001,-0.0396,0.0331,0.0663,0.3,2,53
LLY261009C00905000,LLY,2026-10-09,16,C,905.0,-22.67,1170.2349,264.8,273.6,269.2,0.0,3.3,0.6345,0.9952,0.0001,-0.0122,0.0357,268.1498,97.0,0,0
LLY261009P00905000,LLY,2026-10-09,16,P,905.0,-22.67,1170.2349,0.0,2.81,0.16,0.16,,0.6233,-0.0047,0.0001,-0.0425,0.0359,1.1903,2.8,0,40
LLY261009C00910000,LLY,2026-10-09,16,C,910.0,-22.24,1170.2349,259.95,269.6,264.775,0.0,3.6,0.6578,0.9948,0.0001,-0.0158,0.0386,263.6624,96.2,0,0
LLY261009P00910000,LLY,2026-10-09,16,P,910.0,-22.24,1170.2349,0.0,3.5,0.36,0.36,,0.635,-0.0052,0.0001,-0.0456,0.0388,1.4932,3.3,0,1
LLY261009C00915000,LLY,2026-10-09,16,C,915.0,-21.81,1170.2349,254.95,261.6,258.275,0.0,2.6,0.5296,0.9943,0.0001,-0.0196,0.0416,257.3446,98.5,0,0
LLY261009P00915000,LLY,2026-10-09,16,P,915.0,-21.81,1170.2349,0.01,0.15,0.08,0.08,175.0,0.4184,-0.0056,0.0001,-0.0488,0.0418,0.0625,0.3,24,26
LLY261009C00920000,LLY,2026-10-09,16,C,920.0,-21.38,1170.2349,249.95,257.6,253.775,217.72,3.0,0.5667,0.9938,0.0001,-0.0236,0.0448,252.7767,97.6,0,10
LLY261009P00920000,LLY,2026-10-09,16,P,920.0,-21.38,1170.2349,0.0,3.0,0.22,0.22,,0.5958,-0.0061,0.0001,-0.0523,0.045,1.2765,3.0,0,15
LLY261009C00925000,LLY,2026-10-09,16,C,925.0,-20.96,1170.2349,245.0,252.65,248.825,0.0,3.1,0.5588,0.9933,0.0002,-0.0278,0.0483,247.8195,97.5,0,0
LLY261009P00925000,LLY,2026-10-09,16,P,925.0,-20.96,1170.2349,0.01,0.72,0.365,0.11,194.5,0.4753,-0.0066,0.0002,-0.056,0.0484,0.2978,1.0,6,10
LLY261009C00930000,LLY,2026-10-09,16,C,930.0,-20.53,1170.2349,240.0,248.35,244.175,196.7,3.4,0.572,0.9927,0.0002,-0.0323,0.0521,243.1274,96.9,0,1
LLY261009P00930000,LLY,2026-10-09,16,P,930.0,-20.53,1170.2349,0.01,0.93,0.47,0.12,195.7,0.4813,-0.0072,0.0002,-0.0599,0.0522,0.3869,1.2,6,26
LLY261009C00935000,LLY,2026-10-09,16,C,935.0,-20.1,1170.2349,235.05,242.65,238.85,0.0,3.2,0.5372,0.9921,0.0002,-0.0369,0.0561,237.8411,97.5,0,0
LLY261009P00935000,LLY,2026-10-09,16,P,935.0,-20.1,1170.2349,0.01,0.7,0.355,0.2,194.4,0.4545,-0.0079,0.0002,-0.064,0.0565,0.2899,1.0,17,24
LLY261009C00940000,LLY,2026-10-09,16,C,940.0,-19.67,1170.2349,230.05,237.6,233.825,0.0,3.2,0.5236,0.9914,0.0002,-0.0419,0.0605,232.8189,97.5,0,0
LLY261009P00940000,LLY,2026-10-09,16,P,940.0,-19.67,1170.2349,0.0,0.8,0.14,0.14,,0.4527,-0.0086,0.0002,-0.0684,0.0609,0.3327,1.1,8,6
LLY261009C00945000,LLY,2026-10-09,16,C,945.0,-19.25,1170.2349,225.0,233.6,229.3,0.0,3.8,0.5439,0.9906,0.0002,-0.0471,0.0651,228.2368,96.7,0,0
LLY261009P00945000,LLY,2026-10-09,16,P,945.0,-19.25,1170.2349,0.0,1.01,0.15,0.15,,0.4564,-0.0093,0.0002,-0.0731,0.0655,0.418,1.4,14,14
LLY261009C00950000,LLY,2026-10-09,16,C,950.0,-18.82,1170.2349,220.0,227.6,223.8,229.4,3.4,0.4985,0.9898,0.0002,-0.0526,0.07,222.7962,97.5,0,10
LLY261009P00950000,LLY,2026-10-09,16,P,950.0,-18.82,1170.2349,0.01,0.55,0.28,0.1,192.9,0.4137,-0.0102,0.0002,-0.078,0.0703,0.2283,0.9,6,8
LLY261009C00955000,LLY,2026-10-09,16,C,955.0,-18.39,1170.2349,215.1,221.65,218.375,0.0,3.0,0.4496,0.9889,0.0003,-0.0583,0.0753,217.425,98.3,0,0
LLY261009P00955000,LLY,2026-10-09,16,P,955.0,-18.39,1170.2349,0.01,0.64,0.325,0.17,193.8,0.4121,-0.0111,0.0003,-0.0833,0.0756,0.2663,1.0,8,1
LLY261009C00960000,LLY,2026-10-09,16,C,960.0,-17.97,1170.2349,210.05,221.6,215.825,0.0,5.4,0.5805,0.988,0.0003,-0.0645,0.0811,214.6092,94.3,0,0
LLY261009P00960000,LLY,2026-10-09,16,P,960.0,-17.97,1170.2349,0.01,0.39,0.2,0.14,190.0,0.3796,-0.012,0.0003,-0.0889,0.0814,0.1616,0.7,26,20
LLY261009C00965000,LLY,2026-10-09,16,C,965.0,-17.54,1170.2349,205.25,212.65,208.95,0.0,3.5,0.4747,0.9869,0.0003,-0.071,0.0873,207.9269,97.2,0,0
LLY261009P00965000,LLY,2026-10-09,16,P,965.0,-17.54,1170.2349,0.0,1.06,0.25,0.25,,0.4202,-0.0131,0.0003,-0.0948,0.088,0.4411,1.5,16,5
LLY261009C00970000,LLY,2026-10-09,16,C,970.0,-17.11,1170.2349,200.2,211.4,205.8,0.0,5.4,0.5542,0.9858,0.0004,-0.0778,0.094,204.5891,94.2,0,0
LLY261009P00970000,LLY,2026-10-09,16,P,970.0,-17.11,1170.2349,0.01,0.64,0.325,0.18,193.8,0.3843,-0.0143,0.0004,-0.1013,0.0946,0.2671,1.0,6,20
LLY261009C00975000,LLY,2026-10-09,16,C,975.0,-16.68,1170.2349,194.65,202.8,198.725,0.0,4.1,0.4359,0.9845,0.0004,-0.0852,0.1012,197.7279,97.6,0,0
LLY261009P00975000,LLY,2026-10-09,16,P,975.0,-16.68,1170.2349,0.0,0.54,0.19,0.19,,0.3664,-0.0156,0.0004,-0.1081,0.1016,0.2212,0.9,10,3
LLY261009C00980000,LLY,2026-10-09,16,C,980.0,-16.26,1170.2349,189.15,201.95,195.55,187.45,6.5,0.5194,0.9831,0.0004,-0.093,0.1088,194.3647,94.4,0,1
LLY261009P00980000,LLY,2026-10-09,16,P,980.0,-16.26,1170.2349,0.01,4.45,2.23,1.48,199.1,0.4977,-0.017,0.0004,-0.1154,0.1092,1.9428,4.8,0,12
LLY261009C00985000,LLY,2026-10-09,16,C,985.0,-15.83,1170.2349,184.1,196.7,190.4,0.0,6.6,0.5009,0.9815,0.0004,-0.1013,0.1171,189.2256,94.6,0,0
LLY261009P00985000,LLY,2026-10-09,16,P,985.0,-15.83,1170.2349,0.0,4.2,1.57,1.57,,0.4804,-0.0185,0.0004,-0.1232,0.1175,1.8286,4.6,0,6
LLY261009C00990000,LLY,2026-10-09,16,C,990.0,-15.4,1170.2349,180.2,192.15,186.175,0.0,6.4,0.5172,0.9798,0.0005,-0.1103,0.1263,184.9332,93.4,0,0
LLY261009P00990000,LLY,2026-10-09,16,P,990.0,-15.4,1170.2349,0.0,1.6,1.74,1.74,,0.3957,-0.0202,0.0005,-0.1317,0.1273,0.6787,2.3,0,2
LLY261009C00995000,LLY,2026-10-09,16,C,995.0,-14.97,1170.2349,172.85,186.2,179.525,156.22,7.4,0.4386,0.978,0.0005,-0.1199,0.1362,178.4422,95.9,0,1
LLY261009P00995000,LLY,2026-10-09,16,P,995.0,-14.97,1170.2349,0.07,2.99,1.53,0.88,190.8,0.4306,-0.0221,0.0005,-0.1408,0.1372,1.3223,3.8,0,19
LLY261009C01000000,LLY,2026-10-09,16,C,1000.0,-14.55,1170.2349,170.2,182.3,176.25,168.95,6.9,0.4945,0.9759,0.0006,-0.1302,0.1469,175.0081,93.1,0,2
LLY261009P01000000,LLY,2026-10-09,16,P,1000.0,-14.55,1170.2349,0.4,1.0,0.7,0.7,85.7,0.3678,-0.0242,0.0006,-0.1507,0.1477,0.5936,2.1,35,53
LLY261009C01005000,LLY,2026-10-09,16,C,1005.0,-14.12,1170.2349,165.05,177.35,171.2,0.0,7.2,0.4802,0.9736,0.0006,-0.1414,0.1584,169.9634,93.1,0,0
LLY261009P01005000,LLY,2026-10-09,16,P,1005.0,-14.12,1170.2349,0.11,4.2,2.155,2.04,189.8,0.437,-0.0265,0.0006,-0.1614,0.159,1.8887,5.1,0,5
LLY261009C01010000,LLY,2026-10-09,16,C,1010.0,-13.69,1170.2349,160.4,172.45,166.425,128.49,7.2,0.4747,0.971,0.0007,-0.1534,0.171,165.1707,92.6,0,1
LLY261009P01010000,LLY,2026-10-09,16,P,1010.0,-13.69,1170.2349,0.0,2.55,2.05,2.05,,0.3848,-0.0291,0.0007,-0.173,0.172,1.1011,3.5,0,26
LLY261009C01015000,LLY,2026-10-09,16,C,1015.0,-13.27,1170.2349,155.7,166.75,161.225,113.8,6.9,0.4559,0.9682,0.0008,-0.1665,0.185,159.9924,92.8,0,3
LLY261009P01015000,LLY,2026-10-09,16,P,1015.0,-13.27,1170.2349,0.0,5.65,7.32,7.32,,0.4386,-0.032,0.0008,-0.1856,0.1866,2.4981,6.4,0,1
LLY261009C01020000,LLY,2026-10-09,16,C,1020.0,-12.84,1170.2349,150.75,162.65,156.7,117.3,7.6,0.4576,0.965,0.0008,-0.1806,0.2001,155.4319,92.0,0,3
LLY261009P01020000,LLY,2026-10-09,16,P,1020.0,-12.84,1170.2349,0.4,1.51,0.955,1.58,116.2,0.3456,-0.0352,0.0008,-0.1993,0.2013,0.8216,3.0,0,371
LLY261009C01025000,LLY,2026-10-09,16,C,1025.0,-12.41,1170.2349,145.95,157.8,151.875,0.0,7.8,0.4498,0.9614,0.0009,-0.196,0.2163,150.5975,91.6,0,0
LLY261009P01025000,LLY,2026-10-09,16,P,1025.0,-12.41,1170.2349,0.47,1.85,1.16,1.13,119.0,0.347,-0.0388,0.0009,-0.2142,0.2172,1.0041,3.5,2,22
LLY261009C01030000,LLY,2026-10-09,16,C,1030.0,-11.98,1170.2349,141.5,152.7,147.1,142.23,7.6,0.4429,0.9575,0.001,-0.2126,0.2339,145.8038,91.1,0,2
LLY261009P01030000,LLY,2026-10-09,16,P,1030.0,-11.98,1170.2349,0.31,2.21,1.26,1.45,150.8,0.3417,-0.0428,0.001,-0.2304,0.2352,1.0954,3.8,29,408
LLY261009C01035000,LLY,2026-10-09,16,C,1035.0,-11.56,1170.2349,136.7,147.95,142.325,136.53,7.9,0.4359,0.953,0.0011,-0.2305,0.2533,141.0197,90.6,0,12
LLY261009P01035000,LLY,2026-10-09,16,P,1035.0,-11.56,1170.2349,0.49,1.99,1.24,1.43,121.0,0.3301,-0.0473,0.0011,-0.248,0.2556,1.0783,3.9,2,8
LLY261009C01040000,LLY,2026-10-09,16,C,1040.0,-11.13,1170.2349,130.65,143.3,136.975,100.5,9.2,0.4139,0.9481,0.0012,-0.25,0.2743,135.7003,91.0,0,11
LLY261009P01040000,LLY,2026-10-09,16,P,1040.0,-11.13,1170.2349,0.69,4.55,2.62,3.85,147.3,0.3728,-0.0523,0.0012,-0.2671,0.2759,2.3307,6.7,0,20
LLY261009C01045000,LLY,2026-10-09,16,C,1045.0,-10.7,1170.2349,125.85,138.55,132.2,122.5,9.6,0.4067,0.9426,0.0013,-0.2709,0.2966,130.9121,90.4,0,7
LLY261009P01045000,LLY,2026-10-09,16,P,1045.0,-10.7,1170.2349,0.71,4.6,2.655,1.93,146.5,0.3624,-0.0577,0.0013,-0.2872,0.2973,2.3736,7.0,22,8
LLY261009C01050000,LLY,2026-10-09,16,C,1050.0,-10.27,1170.2349,122.7,133.75,128.225,93.98,8.6,0.4178,0.9364,0.0014,-0.2935,0.3207,126.8764,88.8,0,23
LLY261009P01050000,LLY,2026-10-09,16,P,1050.0,-10.27,1170.2349,0.49,2.75,1.62,2.11,139.5,0.3149,-0.0639,0.0014,-0.3093,0.3228,1.4322,5.1,15,43
LLY261009C01055000,LLY,2026-10-09,16,C,1055.0,-9.85,1170.2349,117.3,129.1,123.2,92.22,9.6,0.4037,0.9296,0.0016,-0.3176,0.3469,121.8547,88.6,0,5
LLY261009P01055000,LLY,2026-10-09,16,P,1055.0,-9.85,1170.2349,0.78,3.55,2.165,2.64,127.9,0.3234,-0.0707,0.0016,-0.3332,0.3488,1.9318,6.4,14,28
LLY261009C01060000,LLY,2026-10-09,16,C,1060.0,-9.42,1170.2349,112.0,124.45,118.225,101.4,10.5,0.3909,0.9221,0.0017,-0.3434,0.3746,116.8893,88.3,0,3
LLY261009P01060000,LLY,2026-10-09,16,P,1060.0,-9.42,1170.2349,1.0,4.25,2.625,3.41,123.8,0.3262,-0.0784,0.0017,-0.3587,0.3758,2.3601,7.5,5,20
LLY261009C01065000,LLY,2026-10-09,16,C,1065.0,-8.99,1170.2349,107.25,119.9,113.575,81.3,11.1,0.3847,0.9137,0.0018,-0.3708,0.4037,112.2247,87.5,0,4
LLY261009P01065000,LLY,2026-10-09,16,P,1065.0,-8.99,1170.2349,1.81,3.6,2.705,6.9,66.2,0.3166,-0.0867,0.0019,-0.3857,0.4049,2.436,7.9,5,39
LLY261009C01070000,LLY,2026-10-09,16,C,1070.0,-8.57,1170.2349,103.55,114.6,109.075,89.55,10.1,0.3809,0.9046,0.002,-0.3998,0.4349,107.7015,86.5,0,2
LLY261009P01070000,LLY,2026-10-09,16,P,1070.0,-8.57,1170.2349,0.97,4.4,2.685,3.29,127.7,0.3042,-0.096,0.002,-0.4144,0.4376,2.4234,8.1,5,40
LLY261009C01075000,LLY,2026-10-09,16,C,1075.0,-8.14,1170.2349,98.65,107.65,103.15,85.1,8.7,0.3489,0.8945,0.0022,-0.4302,0.4676,101.8419,87.5,0,2
LLY261009P01075000,LLY,2026-10-09,16,P,1075.0,-8.14,1170.2349,1.85,4.8,3.325,3.76,88.7,0.3087,-0.1061,0.0022,-0.4445,0.4692,3.0227,9.5,9,38
LLY261009C01080000,LLY,2026-10-09,16,C,1080.0,-7.71,1170.2349,95.0,103.25,99.125,81.65,8.3,0.3541,0.8835,0.0023,-0.4619,0.5011,97.771,85.7,0,2
LLY261009P01080000,LLY,2026-10-09,16,P,1080.0,-7.71,1170.2349,2.25,5.2,3.725,4.2,79.2,0.3056,-0.1172,0.0024,-0.4759,0.5022,3.4014,10.6,30,54
LLY261009C01085000,LLY,2026-10-09,16,C,1085.0,-7.28,1170.2349,89.6,98.55,94.075,93.25,9.5,0.3392,0.8716,0.0025,-0.4948,0.5362,92.7341,85.4,6,2
LLY261009P01085000,LLY,2026-10-09,16,P,1085.0,-7.28,1170.2349,4.4,7.05,5.725,4.52,46.3,0.3331,-0.1293,0.0025,-0.5085,0.5396,5.2852,14.1,10,22
LLY261009C01090000,LLY,2026-10-09,16,C,1090.0,-6.86,1170.2349,85.35,94.3,89.825,78.25,10.0,0.3382,0.8586,0.0027,-0.5286,0.5725,88.4535,84.0,0,14
LLY261009P01090000,LLY,2026-10-09,16,P,1090.0,-6.86,1170.2349,2.88,9.0,5.94,6.75,103.0,0.3233,-0.1424,0.0027,-0.5421,0.5745,5.5012,14.9,2,40
LLY261009C01095000,LLY,2026-10-09,16,C,1095.0,-6.43,1170.2349,82.35,90.35,86.35,84.55,9.3,0.3485,0.8446,0.0029,-0.5631,0.6087,84.9234,81.5,6,8
LLY261009P01095000,LLY,2026-10-09,16,P,1095.0,-6.43,1170.2349,3.25,8.4,5.825,6.55,88.4,0.3074,-0.1564,0.0029,-0.5764,0.6101,5.404,15.2,296,30
LLY261009C01100000,LLY,2026-10-09,16,C,1100.0,-6.0,1170.2349,77.05,85.45,81.25,80.47,10.3,0.3319,0.8296,0.0031,-0.5979,0.6458,79.842,81.1,0,16
LLY261009P01100000,LLY,2026-10-09,16,P,1100.0,-6.0,1170.2349,3.6,8.85,6.225,7.6,84.3,0.3003,-0.1716,0.0031,-0.6111,0.6495,5.7984,16.3,14,148
LLY261009C01105000,LLY,2026-10-09,16,C,1105.0,-5.57,1170.2349,74.65,82.1,78.375,56.65,9.5,0.3476,0.8136,0.0033,-0.6329,0.6831,76.8936,78.1,2,7
LLY261009P01105000,LLY,2026-10-09,16,P,1105.0,-5.57,1170.2349,4.25,10.7,7.475,8.5,86.3,0.3058,-0.1878,0.0033,-0.6458,0.6853,6.997,18.6,6,27
LLY261009C01110000,LLY,2026-10-09,16,C,1110.0,-5.15,1170.2349,70.25,78.1,74.175,74.0,10.6,0.3426,0.7965,0.0035,-0.6676,0.7194,72.6843,76.6,6,7
LLY261009P01110000,LLY,2026-10-09,16,P,1110.0,-5.15,1170.2349,5.6,10.6,8.1,9.9,61.7,0.3002,-0.2049,0.0035,-0.6804,0.7211,7.608,20.1,13,38
LLY261009C01115000,LLY,2026-10-09,16,C,1115.0,-4.72,1170.2349,66.45,74.15,70.3,66.8,11.0,0.341,0.7785,0.0037,-0.7016,0.7555,68.7911,74.7,3,2
LLY261009P01115000,LLY,2026-10-09,16,P,1115.0,-4.72,1170.2349,6.0,12.45,9.225,10.17,69.9,0.3008,-0.2232,0.0037,-0.7142,0.759,8.7052,22.2,8,52
LLY261009C01120000,LLY,2026-10-09,16,C,1120.0,-4.29,1170.2349,62.7,70.35,66.525,62.7,11.5,0.3396,0.7595,0.0038,-0.7346,0.7906,65.0029,72.8,34,18
LLY261009P01120000,LLY,2026-10-09,16,P,1120.0,-4.29,1170.2349,7.5,12.5,10.0,11.67,50.0,0.2953,-0.2424,0.0039,-0.7471,0.7929,9.4671,24.0,37,47
LLY261009C01125000,LLY,2026-10-09,16,C,1125.0,-3.87,1170.2349,58.8,66.65,62.725,60.85,12.5,0.3367,0.7395,0.004,-0.7663,0.8237,61.1885,70.8,22,16
LLY261009P01125000,LLY,2026-10-09,16,P,1125.0,-3.87,1170.2349,8.45,14.95,11.7,13.32,55.6,0.3006,-0.2624,0.004,-0.7787,0.8255,11.1286,26.7,2,34
LLY261009C01130000,LLY,2026-10-09,16,C,1130.0,-3.44,1170.2349,56.1,63.05,59.575,55.8,11.7,0.3404,0.7187,0.0042,-0.7961,0.8555,58.0172,68.4,6,8
LLY261009P01130000,LLY,2026-10-09,16,P,1130.0,-3.44,1170.2349,10.8,18.25,14.525,14.57,51.3,0.3172,-0.2835,0.0042,-0.8083,0.8585,13.8733,30.2,92,97
LLY261009C01135000,LLY,2026-10-09,16,C,1135.0,-3.01,1170.2349,51.4,59.55,55.475,52.4,14.7,0.332,0.6971,0.0043,-0.8238,0.8851,53.9305,66.7,18,25
LLY261009P01135000,LLY,2026-10-09,16,P,1135.0,-3.01,1170.2349,11.35,18.5,14.925,17.5,47.9,0.3037,-0.3053,0.0044,-0.8359,0.8871,14.2901,31.7,2,66
LLY261009C01140000,LLY,2026-10-09,16,C,1140.0,-2.58,1170.2349,48.65,56.25,52.45,45.5,14.5,0.3345,0.6748,0.0045,-0.8491,0.9118,50.884,64.2,5,20
LLY261009P01140000,LLY,2026-10-09,16,P,1140.0,-2.58,1170.2349,13.1,21.5,17.3,17.55,48.6,0.3116,-0.3278,0.0045,-0.8612,0.9139,16.6264,34.6,61,59
LLY261009C01145000,LLY,2026-10-09,16,C,1145.0,-2.16,1170.2349,45.95,52.95,49.45,47.55,14.2,0.336,0.6518,0.0046,-0.8715,0.936,47.8753,61.8,2,41
LLY261009P01145000,LLY,2026-10-09,16,P,1145.0,-2.16,1170.2349,14.85,23.1,18.975,17.75,43.5,0.3102,-0.3511,0.0047,-0.8833,0.9383,18.2903,37.1,25,9
LLY261009C01150000,LLY,2026-10-09,16,C,1150.0,-1.73,1170.2349,42.2,49.85,46.025,44.5,16.6,0.3319,0.6282,0.0047,-0.8909,0.9571,44.4692,59.5,38,42
LLY261009P01150000,LLY,2026-10-09,16,P,1150.0,-1.73,1170.2349,16.65,24.85,20.75,20.53,39.5,0.3083,-0.3749,0.0048,-0.9027,0.9583,20.028,39.5,4,40
LLY261009C01155000,LLY,2026-10-09,16,C,1155.0,-1.3,1170.2349,39.1,46.8,42.95,37.4,17.9,0.3302,0.6041,0.0048,-0.907,0.9746,41.3969,57.2,2,9
LLY261009P01155000,LLY,2026-10-09,16,P,1155.0,-1.3,1170.2349,18.65,26.5,22.575,35.73,34.8,0.3063,-0.3992,0.0049,-0.9188,0.9767,21.878,42.1,4,39
LLY261009C01160000,LLY,2026-10-09,16,C,1160.0,-0.87,1170.2349,37.15,43.9,40.525,34.74,16.7,0.334,0.5797,0.0049,-0.9195,0.9889,38.9706,54.6,15,11
LLY261009P01160000,LLY,2026-10-09,16,P,1160.0,-0.87,1170.2349,20.75,28.3,24.525,25.95,30.8,0.304,-0.424,0.005,-0.931,0.9896,23.8243,44.7,3,10
LLY261009C01165000,LLY,2026-10-09,16,C,1165.0,-0.45,1170.2349,33.45,41.1,37.275,35.45,20.5,0.3282,0.5549,0.005,-0.9284,0.9993,35.7435,52.2,1,27
LLY261009P01165000,LLY,2026-10-09,16,P,1165.0,-0.45,1170.2349,22.95,29.55,26.25,27.57,25.1,0.2982,-0.449,0.005,-0.94,0.9993,25.5592,47.3,1,7
LLY261009C01170000,LLY,2026-10-09,16,C,1170.0,-0.02,1170.2349,30.85,38.5,34.675,32.75,22.1,0.3279,0.53,0.005,-0.9336,1.0059,33.1684,49.8,10,25
LLY261009P01170000,LLY,2026-10-09,16,P,1170.0,-0.02,1170.2349,25.35,32.7,29.025,33.5,25.3,0.3017,-0.4743,0.0051,-0.9451,1.0052,28.3279,50.0,0,11
LLY261009C01175000,LLY,2026-10-09,16,C,1175.0,0.41,1170.2349,28.6,36.0,32.3,30.2,22.9,0.3285,0.5049,0.005,-0.9349,1.0086,30.805,47.3,3,32
LLY261009P01175000,LLY,2026-10-09,16,P,1175.0,0.41,1170.2349,27.9,35.5,31.7,35.32,24.0,0.3028,-0.4996,0.0051,-0.9462,1.007,30.9996,52.7,2,39
LLY261009C01180000,LLY,2026-10-09,16,C,1180.0,0.83,1170.2349,27.25,33.65,30.45,30.0,21.0,0.3332,0.4799,0.005,-0.9325,1.0075,28.9645,44.9,31,48
LLY261009P01180000,LLY,2026-10-09,16,P,1180.0,0.83,1170.2349,30.55,37.4,33.975,34.0,20.2,0.2986,-0.525,0.0051,-0.9439,1.0056,33.2878,55.4,16,18
LLY261009C01185000,LLY,2026-10-09,16,C,1185.0,1.26,1170.2349,23.95,31.4,27.675,25.75,26.9,0.3276,0.455,0.005,-0.9264,1.0025,26.2411,42.4,3,16
LLY261009P01185000,LLY,2026-10-09,16,P,1185.0,1.26,1170.2349,33.3,39.15,36.225,38.04,16.1,0.2928,-0.5503,0.0051,-0.9378,0.9987,35.559,58.2,11,13
LLY261009C01190000,LLY,2026-10-09,16,C,1190.0,1.69,1170.2349,22.1,29.35,25.725,23.35,28.2,0.329,0.4303,0.005,-0.9167,0.9936,24.3189,40.0,5,25
LLY261009P01190000,LLY,2026-10-09,16,P,1190.0,1.69,1170.2349,36.25,43.25,39.75,66.9,17.6,0.2985,-0.5753,0.005,-0.9279,0.9888,39.0746,60.7,0,14
LLY261009C01195000,LLY,2026-10-09,16,C,1195.0,2.12,1170.2349,21.15,26.05,23.6,22.45,20.8,0.3274,0.4059,0.0049,-0.9035,0.9812,22.2267,37.7,26,41
LLY261009P01195000,LLY,2026-10-09,16,P,1195.0,2.12,1170.2349,39.25,46.2,42.725,47.9,16.3,0.2974,-0.6001,0.005,-0.9149,0.9766,42.0642,63.3,10,38
LLY261009C01200000,LLY,2026-10-09,16,C,1200.0,2.54,1170.2349,18.25,25.45,21.85,22.06,33.0,0.3286,0.382,0.0048,-0.8872,0.9654,20.5159,35.4,82,87
LLY261009P01200000,LLY,2026-10-09,16,P,1200.0,2.54,1170.2349,42.45,49.8,46.125,43.4,15.9,0.2994,-0.6244,0.0049,-0.8985,0.9577,45.4696,65.7,7,12
LLY261009C01205000,LLY,2026-10-09,16,C,1205.0,2.97,1170.2349,15.6,23.75,19.675,21.2,41.4,0.3241,0.3586,0.0048,-0.868,0.9459,18.3927,33.0,13,40
LLY261009P01205000,LLY,2026-10-09,16,P,1205.0,2.97,1170.2349,45.75,52.35,49.05,51.64,13.5,0.295,-0.6482,0.0048,-0.879,0.9368,48.4135,68.3,26,8
LLY261009C01210000,LLY,2026-10-09,16,C,1210.0,3.4,1170.2349,13.9,22.15,18.025,17.0,45.8,0.324,0.3358,0.0046,-0.8461,0.9239,16.7907,30.8,29,14
LLY261009P01210000,LLY,2026-10-09,16,P,1210.0,3.4,1170.2349,49.15,55.55,52.35,57.75,12.2,0.2933,-0.6714,0.0047,-0.8572,0.9149,51.7343,70.8,14,14
LLY261009C01215000,LLY,2026-10-09,16,C,1215.0,3.83,1170.2349,12.25,20.65,16.45,13.15,51.1,0.3235,0.3138,0.0045,-0.8219,0.8992,15.2615,28.7,2,321
LLY261009P01215000,LLY,2026-10-09,16,P,1215.0,3.83,1170.2349,52.65,59.55,56.1,59.33,12.3,0.2953,-0.6938,0.0046,-0.8328,0.8869,55.4909,72.9,11,32
LLY261009C01220000,LLY,2026-10-09,16,C,1220.0,4.25,1170.2349,11.15,19.25,15.2,15.51,53.3,0.3255,0.2925,0.0044,-0.7957,0.8716,14.0478,26.8,82,59
LLY261009P01220000,LLY,2026-10-09,16,P,1220.0,4.25,1170.2349,56.3,63.0,59.65,62.02,11.2,0.2937,-0.7154,0.0045,-0.8063,0.8567,59.0543,75.2,11,6
LLY261009C01225000,LLY,2026-10-09,16,C,1225.0,4.68,1170.2349,9.75,16.65,13.2,13.16,52.3,0.3177,0.2722,0.0042,-0.7678,0.8427,12.1306,24.4,0,50
LLY261009P01225000,LLY,2026-10-09,16,P,1225.0,4.68,1170.2349,60.05,67.15,63.6,87.11,11.2,0.2957,-0.7363,0.0043,-0.7782,0.8279,63.0124,77.1,0,3
LLY261009C01230000,LLY,2026-10-09,16,C,1230.0,5.11,1170.2349,8.1,16.4,12.25,12.35,67.8,0.321,0.2527,0.004,-0.7386,0.812,11.2166,22.7,73,45
LLY261009P01230000,LLY,2026-10-09,16,P,1230.0,5.11,1170.2349,63.9,70.9,67.4,74.92,10.4,0.2945,-0.7562,0.0042,-0.7488,0.7938,66.8197,79.1,0,1
LLY261009C01235000,LLY,2026-10-09,16,C,1235.0,5.53,1170.2349,9.65,14.65,12.15,9.5,41.2,0.3341,0.2341,0.0039,-0.7084,0.7794,11.1122,21.8,0,12
LLY261009P01235000,LLY,2026-10-09,16,P,1235.0,5.53,1170.2349,67.85,76.8,72.325,69.87,12.4,0.3072,-0.7751,0.004,-0.7182,0.7574,71.7189,80.0,5,9
LLY261009C01240000,LLY,2026-10-09,16,C,1240.0,5.96,1170.2349,5.8,12.7,9.25,10.0,74.6,0.3102,0.2165,0.0037,-0.6774,0.7466,8.37,18.5,1,9
LLY261009P01240000,LLY,2026-10-09,16,P,1240.0,5.96,1170.2349,71.9,79.55,75.725,92.84,10.1,0.2982,-0.7932,0.0038,-0.6869,0.725,75.1454,82.4,0,3
LLY261009C01245000,LLY,2026-10-09,16,C,1245.0,6.39,1170.2349,4.8,12.2,8.5,8.9,87.1,0.3128,0.1999,0.0035,-0.6461,0.7132,7.659,17.1,3,67
LLY261009P01245000,LLY,2026-10-09,16,P,1245.0,6.39,1170.2349,76.0,85.1,80.55,102.9,11.3,0.3084,-0.8102,0.0036,-0.6552,0.6873,79.9543,83.3,0,19
LLY261009C01250000,LLY,2026-10-09,16,C,1250.0,6.82,1170.2349,4.4,12.0,8.2,6.45,92.7,0.3211,0.1843,0.0034,-0.6147,0.6788,7.3697,16.1,19,75
LLY261009P01250000,LLY,2026-10-09,16,P,1250.0,6.82,1170.2349,80.25,87.65,83.95,92.39,8.8,0.2955,-0.8263,0.0035,-0.6243,0.6483,83.3706,85.7,0,34
LLY261009C01255000,LLY,2026-10-09,16,C,1255.0,7.24,1170.2349,3.6,11.7,7.65,7.48,105.9,0.3253,0.1697,0.0032,-0.5834,0.6449,6.8548,15.0,2,30
LLY261009P01255000,LLY,2026-10-09,16,P,1255.0,7.24,1170.2349,84.5,93.35,88.925,91.58,10.0,0.307,-0.8414,0.0033,-0.5928,0.6149,88.3333,86.3,12,0
LLY261009C01260000,LLY,2026-10-09,16,C,1260.0,7.67,1170.2349,4.0,11.05,7.525,6.2,93.7,0.3354,0.156,0.003,-0.5524,0.6115,6.7315,14.4,12,66
LLY261009P01260000,LLY,2026-10-09,16,P,1260.0,7.67,1170.2349,86.4,95.55,90.975,97.73,10.1,0.2585,-0.8555,0.0031,-0.5616,0.5757,90.3418,91.3,2,2
LLY261009C01265000,LLY,2026-10-09,16,C,1265.0,8.1,1170.2349,2.83,9.6,6.215,5.4,108.9,0.3258,0.1432,0.0028,-0.522,0.5779,5.512,12.5,28,13
LLY261009P01265000,LLY,2026-10-09,16,P,1265.0,8.1,1170.2349,90.7,100.35,95.525,98.38,10.1,0.2565,-0.8688,0.003,-0.5328,0.5379,94.8524,92.6,11,1
LLY261009C01270000,LLY,2026-10-09,16,C,1270.0,8.53,1170.2349,1.22,10.0,5.61,4.07,156.5,0.3265,0.1313,0.0026,-0.4922,0.5452,4.9525,11.4,12,9
LLY261009P01270000,LLY,2026-10-09,16,P,1270.0,8.53,1170.2349,95.05,104.4,99.725,129.18,9.4,0.236,-0.8812,0.0028,-0.5042,0.504,98.8732,95.0,0,2
LLY261009C01275000,LLY,2026-10-09,16,C,1275.0,8.95,1170.2349,2.1,7.05,4.575,5.15,108.2,0.3178,0.1203,0.0025,-0.4634,0.5139,4.0022,9.8,1,13
LLY261009P01275000,LLY,2026-10-09,16,P,1275.0,8.95,1170.2349,98.6,110.35,104.475,0.0,11.2,0.2277,-0.8927,0.0026,-0.4757,0.4696,103.4452,96.3,0,0
LLY261009C01280000,LLY,2026-10-09,16,C,1280.0,9.38,1170.2349,1.81,7.2,4.505,4.7,119.6,0.3269,0.1101,0.0023,-0.4355,0.483,3.9376,9.4,0,38
LLY261009P01280000,LLY,2026-10-09,16,P,1280.0,9.38,1170.2349,103.45,114.45,108.95,0.0,10.1,0.0,-0.9034,0.0025,-0.4492,0.4356,,,0,0
LLY261009C01285000,LLY,2026-10-09,16,C,1285.0,9.81,1170.2349,2.3,7.1,4.7,3.8,102.1,0.3412,0.1007,0.0022,-0.4086,0.4531,4.1113,9.3,12,37
LLY261009P01285000,LLY,2026-10-09,16,P,1285.0,9.81,1170.2349,107.5,120.25,113.875,115.35,11.2,0.0,-0.9134,0.0023,-0.4249,0.397,,,0,8
LLY261009C01290000,LLY,2026-10-09,16,C,1290.0,10.23,1170.2349,2.42,5.05,3.735,2.52,70.4,0.3305,0.0921,0.002,-0.383,0.4249,3.2334,7.8,1,25
LLY261009P01290000,LLY,2026-10-09,16,P,1290.0,10.23,1170.2349,112.2,124.55,118.375,126.0,10.4,0.0,-0.9226,0.0022,-0.4006,0.3704,,,0,5
LLY261009C01295000,LLY,2026-10-09,16,C,1295.0,10.66,1170.2349,2.33,5.45,3.89,3.39,80.2,0.3439,0.0842,0.0019,-0.3585,0.3979,3.372,7.8,0,14
LLY261009P01295000,LLY,2026-10-09,16,P,1295.0,10.66,1170.2349,116.95,130.5,123.725,0.0,11.0,0.0,-0.9308,0.002,-0.3769,0.341,,,0,0
LLY261009C01300000,LLY,2026-10-09,16,C,1300.0,11.09,1170.2349,1.3,5.3,3.3,2.84,121.2,0.3394,0.0769,0.0018,-0.3352,0.3718,2.8388,6.8,27,43
LLY261009P01300000,LLY,2026-10-09,16,P,1300.0,11.09,1170.2349,122.25,135.6,128.925,0.0,10.4,0.0,-0.9387,0.0019,-0.3554,0.3043,,,0,0
LLY261009C01305000,LLY,2026-10-09,16,C,1305.0,11.52,1170.2349,1.0,4.6,2.8,2.29,128.6,0.3355,0.0702,0.0016,-0.3133,0.3472,2.3896,5.9,0,18
LLY261009P01305000,LLY,2026-10-09,16,P,1305.0,11.52,1170.2349,126.55,137.75,132.15,0.0,8.5,0.0,-0.9459,0.0018,-0.3354,0.2741,,,0,0
LLY261009C01310000,LLY,2026-10-09,16,C,1310.0,11.94,1170.2349,1.16,4.4,2.78,2.21,116.5,0.3441,0.0641,0.0015,-0.2925,0.3243,2.3724,5.7,2,24
LLY261009P01310000,LLY,2026-10-09,16,P,1310.0,11.94,1170.2349,131.25,144.1,137.675,143.05,9.3,0.0,-0.9527,0.0017,-0.3157,0.2534,,,0,6
LLY261009C01315000,LLY,2026-10-09,16,C,1315.0,12.37,1170.2349,1.37,3.85,2.61,1.88,95.0,0.3481,0.0586,0.0014,-0.2731,0.3026,2.2189,5.3,0,6
LLY261009P01315000,LLY,2026-10-09,16,P,1315.0,12.37,1170.2349,136.5,149.4,142.95,147.5,9.0,0.0,-0.9588,0.0016,-0.2968,0.2332,,,0,2
LLY261009C01320000,LLY,2026-10-09,16,C,1320.0,12.8,1170.2349,0.96,2.85,1.905,4.7,99.2,0.334,0.0535,0.0013,-0.2548,0.2819,1.5988,4.2,0,67
LLY261009P01320000,LLY,2026-10-09,16,P,1320.0,12.8,1170.2349,141.65,153.2,147.425,177.9,7.8,0.0,-0.9643,0.0015,-0.2725,0.1989,,,0,7
LLY261009C01325000,LLY,2026-10-09,16,C,1325.0,13.23,1170.2349,0.0,5.0,2.05,2.05,,0.3623,0.0489,0.0012,-0.2378,0.2626,2.1192,4.9,0,85
LLY261009P01325000,LLY,2026-10-09,16,P,1325.0,13.23,1170.2349,146.55,157.95,152.25,0.0,7.5,0.0,-0.9692,0.0014,-0.249,0.1715,,,0,0
LLY261009C01330000,LLY,2026-10-09,16,C,1330.0,13.65,1170.2349,0.6,2.65,1.625,1.89,126.2,0.3399,0.0447,0.0011,-0.2218,0.2449,1.3521,3.5,0,2
LLY261009P01330000,LLY,2026-10-09,16,P,1330.0,13.65,1170.2349,150.8,162.55,156.675,0.0,7.5,0.0,-0.9741,0.0013,-0.2338,0.1513,,,0,0
LLY261009C01335000,LLY,2026-10-09,16,C,1335.0,14.08,1170.2349,0.49,3.95,2.22,1.36,155.9,0.3702,0.041,0.001,-0.207,0.2284,1.8712,4.3,0,11
LLY261009P01335000,LLY,2026-10-09,16,P,1335.0,14.08,1170.2349,156.4,167.7,162.05,0.0,7.0,0.0,-0.9786,0.0012,-0.2222,0.1301,,,0,0
LLY261009C01340000,LLY,2026-10-09,16,C,1340.0,14.51,1170.2349,0.0,3.2,1.24,1.24,,0.3552,0.0374,0.001,-0.1929,0.2122,1.3344,3.3,0,83
LLY261009P01340000,LLY,2026-10-09,16,P,1340.0,14.51,1170.2349,160.65,172.45,166.55,170.15,7.1,0.0,-0.9823,0.0011,-0.2049,0.1142,,,0,0
LLY261009C01345000,LLY,2026-10-09,16,C,1345.0,14.93,1170.2349,0.0,8.95,1.19,1.19,,0.4524,0.0343,0.0009,-0.1802,0.1977,3.8841,6.7,0,2
LLY261009P01345000,LLY,2026-10-09,16,P,1345.0,14.93,1170.2349,166.3,178.8,172.55,0.0,7.2,0.0,-0.9855,0.001,-0.1808,0.0904,,,0,0
LLY261009C01360000,LLY,2026-10-09,16,C,1360.0,16.22,1170.2349,0.14,1.64,0.89,0.88,168.5,0.3496,0.0266,0.0007,-0.1474,0.1608,0.7238,1.9,0,12
LLY261009P01360000,LLY,2026-10-09,16,P,1360.0,16.22,1170.2349,181.2,194.6,187.9,0.0,7.1,0.0,-0.9929,0.0006,-0.1531,0.0363,,,0,0
LLY261009C01380000,LLY,2026-10-09,16,C,1380.0,17.93,1170.2349,0.0,7.7,0.71,0.71,,0.497,0.0193,0.0005,-0.1141,0.1229,3.3094,5.3,0,4
LLY261009P01380000,LLY,2026-10-09,16,P,1380.0,17.93,1170.2349,200.55,214.45,207.5,0.0,6.7,0.0,-0.998,0.0002,-0.1273,0.0152,,,0,0
LLY261009C01400000,LLY,2026-10-09,16,C,1400.0,19.63,1170.2349,0.0,1.92,1.06,1.06,,0.4104,0.0143,0.0004,-0.0898,0.0952,0.78,1.7,3,15
LLY261009P01400000,LLY,2026-10-09,16,P,1400.0,19.63,1170.2349,220.65,232.35,226.5,0.0,5.2,0.0,-0.9995,0.0001,-0.1273,0.0,,,0,0
LLY261009C01420000,LLY,2026-10-09,16,C,1420.0,21.34,1170.2349,0.0,1.5,0.78,0.78,,0.4217,0.0108,0.0003,-0.0718,0.0749,0.6025,1.3,0,15
LLY261009P01420000,LLY,2026-10-09,16,P,1420.0,21.34,1170.2349,240.55,253.2,246.875,0.0,5.1,0.0,-1.0,0.0,-0.1273,0.0,,,0,0
LLY261009C01440000,LLY,2026-10-09,16,C,1440.0,23.05,1170.2349,0.0,5.4,,0.0,,0.5532,0.0083,0.0002,-0.0583,0.0596,2.2754,3.3,0,0
LLY261009P01440000,LLY,2026-10-09,16,P,1440.0,23.05,1170.2349,260.55,273.2,266.875,0.0,4.7,0.0,-1.0,0.0,-0.1273,0.0,,,0,0
LLY261009C01460000,LLY,2026-10-09,16,C,1460.0,24.76,1170.2349,0.0,2.41,0.28,0.28,,0.5073,0.0065,0.0002,-0.0478,0.048,0.9829,1.7,0,2
LLY261009P01460000,LLY,2026-10-09,16,P,1460.0,24.76,1170.2349,280.55,293.2,286.875,0.0,4.4,0.0,-1.0,0.0,-0.1273,0.0,,,0,0
LLY261016C00880000,LLY,2026-10-16,23,C,880.0,-24.8,1170.2349,288.8,302.4,295.6,298.35,4.6,0.6199,0.9945,0.0001,-0.008,0.0477,294.4393,96.2,2,100
LLY261016P00880000,LLY,2026-10-16,23,P,880.0,-24.8,1170.2349,0.0,1.11,0.4,0.4,,0.5015,-0.0054,0.0001,-0.0395,0.0481,0.4884,1.3,0,212
LLY261016C00900000,LLY,2026-10-16,23,C,900.0,-23.09,1170.2349,269.85,283.05,276.45,249.58,4.8,0.6131,0.9924,0.0002,-0.022,0.0636,275.2254,95.0,0,135
LLY261016P00900000,LLY,2026-10-16,23,P,900.0,-23.09,1170.2349,0.04,0.64,0.34,0.4,176.5,0.4382,-0.0075,0.0002,-0.0514,0.0639,0.2973,0.9,57,890
LLY261016C00910000,LLY,2026-10-16,23,C,910.0,-22.24,1170.2349,258.35,272.6,265.475,240.1,5.4,0.5479,0.9912,0.0002,-0.03,0.0732,264.3185,96.2,0,30
LLY261016P00910000,LLY,2026-10-16,23,P,910.0,-22.24,1170.2349,0.03,0.76,0.395,0.4,184.8,0.43,-0.0088,0.0002,-0.0584,0.0738,0.3475,1.1,39,110
LLY261016C00920000,LLY,2026-10-16,23,C,920.0,-21.38,1170.2349,250.6,262.7,256.65,227.3,4.7,0.5759,0.9897,0.0002,-0.0387,0.0839,255.41,94.6,0,47
LLY261016P00920000,LLY,2026-10-16,23,P,920.0,-21.38,1170.2349,0.2,0.87,0.535,0.52,125.2,0.4303,-0.0103,0.0002,-0.0661,0.0846,0.4726,1.4,31,55
LLY261016C00930000,LLY,2026-10-16,23,C,930.0,-20.53,1170.2349,240.9,252.8,246.85,217.26,4.8,0.5608,0.988,0.0002,-0.0482,0.0961,245.5965,94.3,0,42
LLY261016P00930000,LLY,2026-10-16,23,P,930.0,-20.53,1170.2349,0.0,0.94,0.6,0.6,,0.4063,-0.012,0.0002,-0.0746,0.0966,0.415,1.3,16,61
LLY261016C00940000,LLY,2026-10-16,23,C,940.0,-19.67,1170.2349,228.65,242.9,235.775,193.53,6.0,0.4976,0.9859,0.0003,-0.0586,0.11,234.5915,95.7,0,89
LLY261016P00940000,LLY,2026-10-16,23,P,940.0,-19.67,1170.2349,0.28,0.95,0.615,0.87,108.9,0.4046,-0.014,0.0003,-0.0841,0.1109,0.5468,1.7,3,328
LLY261016C00950000,LLY,2026-10-16,23,C,950.0,-18.82,1170.2349,221.05,233.0,227.025,183.33,5.3,0.5223,0.9836,0.0003,-0.0702,0.1256,225.7594,93.9,0,29
LLY261016P00950000,LLY,2026-10-16,23,P,950.0,-18.82,1170.2349,0.24,1.25,0.745,0.82,135.6,0.3986,-0.0164,0.0003,-0.0947,0.1266,0.6642,2.0,22,200
LLY261016C00960000,LLY,2026-10-16,23,C,960.0,-17.97,1170.2349,208.85,223.15,216.0,194.69,6.6,0.4645,0.9808,0.0004,-0.083,0.1435,214.7987,95.2,0,41
LLY261016P00960000,LLY,2026-10-16,23,P,960.0,-17.97,1170.2349,0.32,1.07,0.695,0.97,107.9,0.3776,-0.0192,0.0004,-0.1066,0.1442,0.6208,1.9,16,348
LLY261016C00970000,LLY,2026-10-16,23,C,970.0,-17.11,1170.2349,200.0,213.05,206.525,165.2,6.3,0.458,0.9776,0.0005,-0.0973,0.1642,205.173,94.5,0,26
LLY261016P00970000,LLY,2026-10-16,23,P,970.0,-17.11,1170.2349,0.25,1.55,0.9,1.25,144.4,0.3757,-0.0224,0.0005,-0.1196,0.1653,0.8142,2.4,32,88
LLY261016C00980000,LLY,2026-10-16,23,C,980.0,-16.26,1170.2349,191.5,202.9,197.2,155.61,5.8,0.462,0.9736,0.0005,-0.1136,0.1876,195.9275,93.2,0,33
LLY261016P00980000,LLY,2026-10-16,23,P,980.0,-16.26,1170.2349,0.54,1.85,1.195,1.17,109.6,0.3754,-0.0264,0.0006,-0.135,0.1884,1.0864,3.1,25,173
LLY261016C00990000,LLY,2026-10-16,23,C,990.0,-15.4,1170.2349,182.2,193.7,187.95,187.05,6.1,0.4606,0.969,0.0006,-0.132,0.2151,186.6359,92.1,3,21
LLY261016P00990000,LLY,2026-10-16,23,P,990.0,-15.4,1170.2349,0.67,1.95,1.31,1.57,97.7,0.3633,-0.0311,0.0006,-0.1525,0.2155,1.1957,3.5,16,495
LLY261016C01000000,LLY,2026-10-16,23,C,1000.0,-14.55,1170.2349,172.5,184.65,178.575,175.55,6.8,0.4536,0.9633,0.0007,-0.1532,0.2468,177.2308,91.1,4,110
LLY261016P01000000,LLY,2026-10-16,23,P,1000.0,-14.55,1170.2349,1.0,1.5,1.25,1.0,40.0,0.3424,-0.0368,0.0008,-0.1727,0.2485,1.1423,3.5,447,1381
LLY261016C01010000,LLY,2026-10-16,23,C,1010.0,-13.69,1170.2349,161.45,173.95,167.7,140.0,7.5,0.4102,0.9564,0.0009,-0.1774,0.2832,166.4055,92.0,0,48
LLY261016P01010000,LLY,2026-10-16,23,P,1010.0,-13.69,1170.2349,1.05,2.4,1.725,2.15,78.3,0.3445,-0.0437,0.0009,-0.1962,0.2839,1.5869,4.6,48,601
LLY261016C01020000,LLY,2026-10-16,23,C,1020.0,-12.84,1170.2349,153.95,164.3,159.125,135.87,6.5,0.4206,0.9481,0.001,-0.2052,0.3257,157.7675,89.8,0,45
LLY261016P01020000,LLY,2026-10-16,23,P,1020.0,-12.84,1170.2349,1.66,2.5,2.08,2.2,40.4,0.3384,-0.0521,0.001,-0.2231,0.3284,1.9246,5.4,16,303
LLY261016C01030000,LLY,2026-10-16,23,C,1030.0,-11.98,1170.2349,143.15,155.0,149.075,125.83,7.9,0.3968,0.938,0.0012,-0.2369,0.3735,147.7246,89.6,0,54
LLY261016P01030000,LLY,2026-10-16,23,P,1030.0,-11.98,1170.2349,2.15,3.1,2.625,2.85,36.2,0.3356,-0.0623,0.0012,-0.2541,0.3746,2.4391,6.6,13,230
LLY261016C01040000,LLY,2026-10-16,23,C,1040.0,-11.13,1170.2349,134.5,145.4,139.95,124.75,7.8,0.3908,0.9259,0.0014,-0.2728,0.4284,138.5678,88.1,0,87
LLY261016P01040000,LLY,2026-10-16,23,P,1040.0,-11.13,1170.2349,2.66,3.5,3.08,3.11,27.3,0.3278,-0.0744,0.0014,-0.2892,0.4319,2.8781,7.7,161,676
LLY261016C01050000,LLY,2026-10-16,23,C,1050.0,-10.27,1170.2349,125.45,137.25,131.35,127.15,9.0,0.3915,0.9115,0.0016,-0.3128,0.4886,129.923,86.0,8,138
LLY261016P01050000,LLY,2026-10-16,23,P,1050.0,-10.27,1170.2349,3.4,4.45,3.925,3.97,26.8,0.3266,-0.089,0.0016,-0.3286,0.49,3.6849,9.5,90,701
LLY261016C01060000,LLY,2026-10-16,23,C,1060.0,-9.42,1170.2349,116.05,128.05,122.05,113.64,9.8,0.3783,0.8945,0.0018,-0.3568,0.5555,120.6109,84.6,0,404
LLY261016P01060000,LLY,2026-10-16,23,P,1060.0,-9.42,1170.2349,4.2,5.35,4.775,4.6,24.1,0.3222,-0.1062,0.0018,-0.3719,0.5592,4.507,11.2,185,1107
LLY261016C01070000,LLY,2026-10-16,23,C,1070.0,-8.57,1170.2349,107.45,118.25,112.85,112.65,9.6,0.3654,0.8746,0.0021,-0.4042,0.6263,111.4031,83.1,5,156
LLY261016P01070000,LLY,2026-10-16,23,P,1070.0,-8.57,1170.2349,5.55,6.45,6.0,6.14,15.0,0.3213,-0.1262,0.0021,-0.4188,0.6279,5.6914,13.5,149,485
LLY261016C01075000,LLY,2026-10-16,23,C,1075.0,-8.14,1170.2349,102.95,115.0,108.975,0.0,11.1,0.3684,0.8636,0.0022,-0.4288,0.6637,107.5057,81.6,0,0
LLY261016P01075000,LLY,2026-10-16,23,P,1075.0,-8.14,1170.2349,5.2,7.75,6.475,7.2,39.4,0.3174,-0.1373,0.0022,-0.4432,0.6692,6.1576,14.5,26,3
LLY261016C01080000,LLY,2026-10-16,23,C,1080.0,-7.71,1170.2349,100.0,107.3,103.65,101.25,7.0,0.3512,0.8518,0.0024,-0.454,0.701,102.2022,81.5,1,46
LLY261016P01080000,LLY,2026-10-16,23,P,1080.0,-7.71,1170.2349,6.85,8.3,7.575,7.03,19.1,0.3221,-0.1492,0.0024,-0.4681,0.7046,7.226,16.3,69,498
LLY261016C01085000,LLY,2026-10-16,23,C,1085.0,-7.28,1170.2349,94.9,103.9,99.4,0.0,9.1,0.3481,0.8393,0.0025,-0.4796,0.7387,97.9404,80.3,0,0
LLY261016P01085000,LLY,2026-10-16,23,P,1085.0,-7.28,1170.2349,6.75,9.2,7.975,8.7,30.7,0.3156,-0.1619,0.0025,-0.4935,0.7409,7.619,17.2,3,3
LLY261016C01090000,LLY,2026-10-16,23,C,1090.0,-6.86,1170.2349,91.85,98.8,95.325,75.35,7.3,0.3465,0.826,0.0026,-0.5053,0.7773,93.8485,78.9,0,97
LLY261016P01090000,LLY,2026-10-16,23,P,1090.0,-6.86,1170.2349,8.25,10.15,9.2,9.11,20.7,0.3197,-0.1752,0.0027,-0.519,0.7815,8.8162,19.0,29,323
LLY261016C01095000,LLY,2026-10-16,23,C,1095.0,-6.43,1170.2349,87.25,95.8,91.525,0.0,9.3,0.3475,0.812,0.0028,-0.531,0.8154,90.0359,77.2,0,0
LLY261016P01095000,LLY,2026-10-16,23,P,1095.0,-6.43,1170.2349,8.15,11.05,9.6,10.3,30.2,0.3121,-0.1894,0.0028,-0.5445,0.8199,9.2163,20.0,25,10
LLY261016C01100000,LLY,2026-10-16,23,C,1100.0,-6.0,1170.2349,83.15,91.65,87.4,88.8,9.7,0.3438,0.7973,0.0029,-0.5565,0.8526,85.9046,75.9,4,157
LLY261016P01100000,LLY,2026-10-16,23,P,1100.0,-6.0,1170.2349,10.15,11.95,11.05,11.65,16.3,0.3167,-0.2043,0.003,-0.5698,0.8556,10.6296,22.1,109,879
LLY261016C01105000,LLY,2026-10-16,23,C,1105.0,-5.57,1170.2349,78.85,87.85,83.35,0.0,10.8,0.3403,0.7818,0.0031,-0.5816,0.8897,81.8485,74.5,0,0
LLY261016P01105000,LLY,2026-10-16,23,P,1105.0,-5.57,1170.2349,9.6,13.0,11.3,11.52,30.1,0.3063,-0.2199,0.0031,-0.5948,0.8921,10.8906,23.0,21,2
LLY261016C01110000,LLY,2026-10-16,23,C,1110.0,-5.15,1170.2349,75.55,84.0,79.775,80.0,10.6,0.3412,0.7657,0.0032,-0.6062,0.926,78.2598,72.7,1,129
LLY261016P01110000,LLY,2026-10-16,23,P,1110.0,-5.15,1170.2349,11.7,14.55,13.125,14.0,21.7,0.3131,-0.2362,0.0032,-0.6191,0.9312,12.6816,25.3,11,363
LLY261016C01115000,LLY,2026-10-16,23,C,1115.0,-4.72,1170.2349,71.55,79.25,75.4,68.6,10.2,0.333,0.7489,0.0033,-0.6299,0.9604,73.8969,71.5,0,1
LLY261016P01115000,LLY,2026-10-16,23,P,1115.0,-4.72,1170.2349,10.4,17.35,13.875,16.05,50.1,0.307,-0.2532,0.0033,-0.6426,0.964,13.4271,26.7,1,3
LLY261016C01120000,LLY,2026-10-16,23,C,1120.0,-4.29,1170.2349,68.4,76.25,72.325,69.2,10.9,0.3373,0.7315,0.0034,-0.6526,0.9934,70.8015,69.3,13,115
LLY261016P01120000,LLY,2026-10-16,23,P,1120.0,-4.29,1170.2349,15.45,17.5,16.475,15.38,12.4,0.3193,-0.2707,0.0035,-0.6652,0.9954,15.9898,29.5,40,465
LLY261016C01125000,LLY,2026-10-16,23,C,1125.0,-3.87,1170.2349,64.7,74.45,69.575,69.66,14.0,0.3436,0.7135,0.0036,-0.6741,1.0252,68.0299,67.1,12,2
LLY261016P01125000,LLY,2026-10-16,23,P,1125.0,-3.87,1170.2349,13.1,19.25,16.175,16.18,38.0,0.3012,-0.2889,0.0036,-0.6867,1.0308,15.7143,30.3,16,13
LLY261016C01130000,LLY,2026-10-16,23,C,1130.0,-3.44,1170.2349,62.1,69.9,66.0,69.8,11.8,0.3412,0.695,0.0036,-0.6943,1.0546,64.4785,65.4,8,195
LLY261016P01130000,LLY,2026-10-16,23,P,1130.0,-3.44,1170.2349,16.85,21.55,19.2,17.98,24.5,0.315,-0.3076,0.0037,-0.7066,1.0581,18.6851,33.2,28,195
LLY261016C01135000,LLY,2026-10-16,23,C,1135.0,-3.01,1170.2349,58.75,66.7,62.725,54.0,12.7,0.3406,0.676,0.0038,-0.7129,1.0814,61.2023,63.5,2,36
LLY261016P01135000,LLY,2026-10-16,23,P,1135.0,-3.01,1170.2349,14.55,22.7,18.625,20.0,43.8,0.2936,-0.3268,0.0038,-0.7251,1.0836,18.1472,34.0,9,5
LLY261016C01140000,LLY,2026-10-16,23,C,1140.0,-2.58,1170.2349,55.55,62.95,59.25,54.9,12.5,0.3374,0.6566,0.0038,-0.7298,1.1063,57.7364,61.7,5,134
LLY261016P01140000,LLY,2026-10-16,23,P,1140.0,-2.58,1170.2349,21.65,24.45,23.05,22.65,12.1,0.3179,-0.3464,0.0039,-0.742,1.1082,22.514,37.5,12,474
LLY261016C01145000,LLY,2026-10-16,23,C,1145.0,-2.16,1170.2349,52.3,60.2,56.25,53.75,14.0,0.3377,0.6368,0.0039,-0.7448,1.1284,54.7441,59.7,24,2
LLY261016P01145000,LLY,2026-10-16,23,P,1145.0,-2.16,1170.2349,19.6,27.6,23.6,29.1,33.9,0.3056,-0.3664,0.004,-0.7568,1.1313,23.0785,39.0,16,12
LLY261016C01150000,LLY,2026-10-16,23,C,1150.0,-1.73,1170.2349,49.15,57.25,53.2,53.55,15.2,0.3366,0.6168,0.004,-0.7579,1.1474,51.6946,57.7,10,298
LLY261016P01150000,LLY,2026-10-16,23,P,1150.0,-1.73,1170.2349,25.3,28.0,26.65,26.87,10.1,0.3146,-0.3868,0.004,-0.7697,1.149,26.0892,41.6,31,648
LLY261016C01155000,LLY,2026-10-16,23,C,1155.0,-1.3,1170.2349,46.75,54.05,50.4,0.0,14.5,0.3368,0.5965,0.0041,-0.7689,1.1636,48.8904,55.7,0,0
LLY261016P01155000,LLY,2026-10-16,23,P,1155.0,-1.3,1170.2349,22.35,31.15,26.75,32.2,32.9,0.2972,-0.4074,0.0041,-0.7808,1.1644,26.2351,43.2,14,5
LLY261016C01160000,LLY,2026-10-16,23,C,1160.0,-0.87,1170.2349,43.7,48.0,45.85,47.0,9.4,0.3216,0.5758,0.0041,-0.7777,1.177,44.4113,54.0,66,795
LLY261016P01160000,LLY,2026-10-16,23,P,1160.0,-0.87,1170.2349,28.8,33.0,30.9,31.18,13.6,0.3136,-0.4282,0.0042,-0.7895,1.1781,30.334,45.8,26,497
LLY261016C01165000,LLY,2026-10-16,23,C,1165.0,-0.45,1170.2349,40.4,48.25,44.325,44.35,17.7,0.331,0.5552,0.0042,-0.7843,1.1871,42.8653,51.7,16,9
LLY261016P01165000,LLY,2026-10-16,23,P,1165.0,-0.45,1170.2349,29.3,35.9,32.6,37.45,20.2,0.3081,-0.4492,0.0042,-0.7959,1.187,32.0356,47.9,3,9
LLY261016C01170000,LLY,2026-10-16,23,C,1170.0,-0.02,1170.2349,38.05,45.35,41.7,39.54,17.5,0.3304,0.5343,0.0042,-0.7887,1.194,40.2677,49.7,38,386
LLY261016P01170000,LLY,2026-10-16,23,P,1170.0,-0.02,1170.2349,31.4,38.25,34.825,36.5,19.7,0.3064,-0.4702,0.0042,-0.8003,1.1933,34.2825,50.1,7,256
LLY261016C01175000,LLY,2026-10-16,23,C,1175.0,0.41,1170.2349,36.0,41.65,38.825,40.0,14.6,0.3268,0.5135,0.0042,-0.7908,1.1977,37.4206,47.6,48,23
LLY261016P01175000,LLY,2026-10-16,23,P,1175.0,0.41,1170.2349,31.75,40.25,36.0,37.25,23.6,0.2948,-0.4914,0.0042,-0.8025,1.1957,35.4783,52.3,4,2
LLY261016C01180000,LLY,2026-10-16,23,C,1180.0,0.83,1170.2349,33.0,40.2,36.6,37.1,19.7,0.3278,0.4927,0.0042,-0.7907,1.1982,35.2144,45.6,26,374
LLY261016P01180000,LLY,2026-10-16,23,P,1180.0,0.83,1170.2349,35.3,42.4,38.85,38.5,18.3,0.2962,-0.5126,0.0043,-0.8022,1.1956,38.3079,54.6,84,722
LLY261016C01185000,LLY,2026-10-16,23,C,1185.0,1.26,1170.2349,30.7,39.3,35.0,28.4,24.6,0.3332,0.4719,0.0042,-0.7883,1.1956,33.6236,43.6,2,4
LLY261016P01185000,LLY,2026-10-16,23,P,1185.0,1.26,1170.2349,37.05,46.0,41.525,48.15,21.6,0.2954,-0.5337,0.0043,-0.7997,1.1919,40.9928,56.8,0,5
LLY261016C01190000,LLY,2026-10-16,23,C,1190.0,1.69,1170.2349,28.95,35.0,31.975,32.5,18.9,0.3258,0.4513,0.0042,-0.7837,1.1898,30.6395,41.5,22,573
LLY261016P01190000,LLY,2026-10-16,23,P,1190.0,1.69,1170.2349,40.35,48.8,44.575,60.95,19.0,0.2968,-0.5547,0.0042,-0.7952,1.1857,44.0451,59.0,8,200
LLY261016C01195000,LLY,2026-10-16,23,C,1195.0,2.12,1170.2349,27.05,34.05,30.55,29.06,22.9,0.3311,0.4309,0.0041,-0.777,1.1807,29.2306,39.6,1,33
LLY261016P01195000,LLY,2026-10-16,23,P,1195.0,2.12,1170.2349,42.05,51.0,46.525,54.3,19.2,0.2877,-0.5755,0.0042,-0.7885,1.1734,46.0011,61.5,0,1
LLY261016C01200000,LLY,2026-10-16,23,C,1200.0,2.54,1170.2349,25.45,27.0,26.225,26.85,5.9,0.3108,0.4106,0.0041,-0.7682,1.1689,24.9914,37.1,535,1419
LLY261016P01200000,LLY,2026-10-16,23,P,1200.0,2.54,1170.2349,45.65,54.6,50.125,55.08,17.9,0.2919,-0.596,0.0042,-0.7797,1.1607,49.5949,63.5,5,744
LLY261016C01205000,LLY,2026-10-16,23,C,1205.0,2.97,1170.2349,22.95,26.85,24.9,26.2,15.7,0.3153,0.3907,0.004,-0.7576,1.1544,23.694,35.3,6,10
LLY261016P01205000,LLY,2026-10-16,23,P,1205.0,2.97,1170.2349,50.35,57.0,53.675,60.85,12.4,0.2948,-0.6164,0.0041,-0.769,1.1467,53.1368,65.5,0,12
LLY261016C01210000,LLY,2026-10-16,23,C,1210.0,3.4,1170.2349,20.4,29.1,24.75,16.41,35.2,0.3293,0.3712,0.004,-0.7451,1.1367,23.53,33.9,2,39
LLY261016P01210000,LLY,2026-10-16,23,P,1210.0,3.4,1170.2349,53.35,62.2,57.775,65.0,15.3,0.3018,-0.6364,0.0041,-0.7568,1.1238,57.2187,67.2,0,2
LLY261016C01215000,LLY,2026-10-16,23,C,1215.0,3.83,1170.2349,19.6,24.75,22.175,19.5,23.2,0.3213,0.352,0.0039,-0.7309,1.1166,21.0148,31.8,3,7
LLY261016P01215000,LLY,2026-10-16,23,P,1215.0,3.83,1170.2349,54.75,63.75,59.25,68.4,15.2,0.284,-0.6559,0.004,-0.7425,1.1035,58.7255,70.1,0,2
LLY261016C01220000,LLY,2026-10-16,23,C,1220.0,4.25,1170.2349,18.95,21.5,20.225,20.7,12.6,0.3179,0.3333,0.0038,-0.7152,1.0945,19.1154,29.8,75,639
LLY261016P01220000,LLY,2026-10-16,23,P,1220.0,4.25,1170.2349,64.45,67.45,65.95,63.72,4.5,0.3139,-0.675,0.0039,-0.7268,1.0798,65.3864,70.4,1,218
LLY261016C01240000,LLY,2026-10-16,23,C,1240.0,5.96,1170.2349,11.45,17.3,14.375,15.59,40.7,0.3135,0.2636,0.0035,-0.6401,0.9857,13.4351,22.9,95,704
LLY261016P01240000,LLY,2026-10-16,23,P,1240.0,5.96,1170.2349,75.45,81.9,78.675,81.4,8.2,0.3134,-0.7465,0.0036,-0.6517,0.9636,80.0692,77.1,6,107
LLY261016C01260000,LLY,2026-10-16,23,C,1260.0,7.67,1170.2349,9.6,11.25,10.425,11.02,15.8,0.3161,0.2037,0.003,-0.5531,0.8566,9.6661,17.4,199,873
LLY261016P01260000,LLY,2026-10-16,23,P,1260.0,7.67,1170.2349,91.7,100.4,96.05,93.6,9.1,0.2893,-0.8084,0.0031,-0.5644,0.8233,94.1686,84.6,14,87
LLY261016C01280000,LLY,2026-10-16,23,C,1280.0,9.38,1170.2349,6.25,8.75,7.5,7.64,33.3,0.3188,0.1544,0.0025,-0.4638,0.7217,6.8585,12.9,43,570
LLY261016P01280000,LLY,2026-10-16,23,P,1280.0,9.38,1170.2349,106.7,114.9,110.8,120.0,7.4,0.2596,-0.8598,0.0026,-0.4749,0.6732,109.8912,91.5,0,153
LLY261016C01300000,LLY,2026-10-16,23,C,1300.0,11.09,1170.2349,5.0,5.5,5.25,5.35,9.5,0.3205,0.1152,0.002,-0.3795,0.5927,4.7471,9.4,419,1024
LLY261016P01300000,LLY,2026-10-16,23,P,1300.0,11.09,1170.2349,124.45,133.65,129.05,158.8,7.1,0.0,-0.9012,0.0022,-0.3933,0.5259,,,0,37
LLY261016C01320000,LLY,2026-10-16,23,C,1320.0,12.8,1170.2349,3.35,4.8,4.075,3.45,35.6,0.3316,0.0852,0.0016,-0.305,0.4771,3.6512,7.2,3,412
LLY261016P01320000,LLY,2026-10-16,23,P,1320.0,12.8,1170.2349,144.1,152.6,148.35,172.65,5.7,0.0,-0.9337,0.0018,-0.3246,0.3872,,,0,19
LLY261016C01340000,LLY,2026-10-16,23,C,1340.0,14.51,1170.2349,1.99,2.93,2.46,2.69,38.2,0.3238,0.0627,0.0012,-0.2422,0.3788,2.1701,4.7,20,911
LLY261016P01340000,LLY,2026-10-16,23,P,1340.0,14.51,1170.2349,162.15,172.2,167.175,197.5,6.0,0.0,-0.9583,0.0014,-0.2667,0.2588,,,0,37
LLY261016C01360000,LLY,2026-10-16,23,C,1360.0,16.22,1170.2349,1.6,2.13,1.865,1.82,28.4,0.333,0.0461,0.001,-0.1913,0.2982,1.6293,3.5,24,1032
LLY261016P01360000,LLY,2026-10-16,23,P,1360.0,16.22,1170.2349,181.3,195.0,188.15,212.25,7.3,0.0,-0.9772,0.0012,-0.1965,0.165,,,2,20
LLY261016C01380000,LLY,2026-10-16,23,C,1380.0,17.93,1170.2349,0.83,1.51,1.17,1.25,58.1,0.3308,0.0342,0.0008,-0.151,0.2342,1.0075,2.3,2,239
LLY261016P01380000,LLY,2026-10-16,23,P,1380.0,17.93,1170.2349,200.55,213.95,207.25,202.35,6.5,0.0,-0.9906,0.0008,-0.1583,0.0763,,,0,0
LLY261016C01400000,LLY,2026-10-16,23,C,1400.0,19.63,1170.2349,0.6,1.2,0.9,0.97,66.7,0.3404,0.0255,0.0006,-0.1197,0.1846,0.77,1.7,8,513
LLY261016P01400000,LLY,2026-10-16,23,P,1400.0,19.63,1170.2349,220.55,237.6,229.075,145.31,7.4,0.0,-0.9969,0.0003,-0.119,0.0107,,,0,0
LLY261016C01420000,LLY,2026-10-16,23,C,1420.0,21.34,1170.2349,0.09,1.0,0.545,0.66,167.0,0.3378,0.0192,0.0004,-0.0955,0.1461,0.4598,1.1,0,462
LLY261016P01420000,LLY,2026-10-16,23,P,1420.0,21.34,1170.2349,240.0,254.5,247.25,257.55,5.9,0.0,-0.9997,0.0,-0.119,0.0,,,0,0
LLY261016C01440000,LLY,2026-10-16,23,C,1440.0,23.05,1170.2349,0.05,0.8,0.425,0.6,176.5,0.3476,0.0146,0.0003,-0.0766,0.1157,0.3588,0.8,4,377
LLY261016P01440000,LLY,2026-10-16,23,P,1440.0,23.05,1170.2349,260.0,273.2,266.6,185.5,5.0,0.0,-1.0,0.0,-0.119,0.0,,,0,0
LLY261016C01460000,LLY,2026-10-16,23,C,1460.0,24.76,1170.2349,0.09,0.5,0.295,0.37,139.0,0.3515,0.0113,0.0003,-0.0621,0.093,0.2463,0.6,2,173
LLY261016P01460000,LLY,2026-10-16,23,P,1460.0,24.76,1170.2349,280.55,292.9,286.725,203.35,4.3,0.0,-1.0,0.0,-0.119,0.0,,,0,0
LLY261023C00880000,LLY,2026-10-23,30,C,880.0,-24.8,1170.2349,289.8,303.6,296.7,0.0,4.7,0.571,0.9885,0.0002,-0.0318,0.103,295.7249,95.3,0,0
LLY261023P00880000,LLY,2026-10-23,30,P,880.0,-24.8,1170.2349,0.0,0.55,0.35,0.35,,0.4052,-0.0113,0.0002,-0.0685,0.1037,0.249,0.8,2,7
LLY261023C00885000,LLY,2026-10-23,30,C,885.0,-24.37,1170.2349,284.75,299.1,291.925,0.0,4.9,0.5608,0.9876,0.0002,-0.0364,0.1096,290.7228,95.3,0,0
LLY261023P00885000,LLY,2026-10-23,30,P,885.0,-24.37,1170.2349,0.0,1.56,0.37,0.37,,0.4553,-0.0121,0.0002,-0.0725,0.1103,0.7134,1.8,4,1
LLY261023C00890000,LLY,2026-10-23,30,C,890.0,-23.95,1170.2349,279.8,293.95,286.875,0.0,4.9,0.5526,0.9867,0.0002,-0.0411,0.1167,285.7695,95.2,0,0
LLY261023P00890000,LLY,2026-10-23,30,P,890.0,-23.95,1170.2349,0.0,1.77,5.68,5.68,,0.4556,-0.013,0.0002,-0.0767,0.1172,0.811,2.0,0,2
LLY261023C00895000,LLY,2026-10-23,30,C,895.0,-23.52,1170.2349,271.9,289.55,280.725,0.0,6.3,0.4781,0.9858,0.0002,-0.046,0.1241,279.4238,97.2,0,0
LLY261023P00895000,LLY,2026-10-23,30,P,895.0,-23.52,1170.2349,0.0,10.0,4.69,4.69,,0.6115,-0.014,0.0002,-0.081,0.1246,4.6854,7.2,0,1
LLY261023C00900000,LLY,2026-10-23,30,C,900.0,-23.09,1170.2349,266.7,284.1,275.4,260.0,6.3,0.4642,0.9848,0.0002,-0.0511,0.1317,274.3519,97.3,0,1
LLY261023P00900000,LLY,2026-10-23,30,P,900.0,-23.09,1170.2349,0.0,1.91,0.82,0.82,,0.4446,-0.015,0.0003,-0.0855,0.1323,0.8772,2.2,0,13
LLY261023C00905000,LLY,2026-10-23,30,C,905.0,-22.67,1170.2349,262.15,278.5,270.325,0.0,6.0,0.4685,0.9837,0.0003,-0.0563,0.1397,269.5839,96.9,0,0
LLY261023P00905000,LLY,2026-10-23,30,P,905.0,-22.67,1170.2349,0.0,10.0,,0.0,,0.5912,-0.016,0.0003,-0.0901,0.1409,4.6884,7.3,0,0
LLY261023C00910000,LLY,2026-10-23,30,C,910.0,-22.24,1170.2349,257.05,274.85,265.95,0.0,6.7,0.4629,0.9826,0.0003,-0.0617,0.1481,264.6539,96.8,0,0
LLY261023P00910000,LLY,2026-10-23,30,P,910.0,-22.24,1170.2349,0.0,10.0,1.88,1.88,,0.5811,-0.0172,0.0003,-0.095,0.1494,4.6899,7.4,0,6
LLY261023C00915000,LLY,2026-10-23,30,C,915.0,-21.81,1170.2349,251.2,269.0,260.1,217.12,6.8,0.4358,0.9814,0.0003,-0.0673,0.1569,259.3455,97.3,0,1
LLY261023P00915000,LLY,2026-10-23,30,P,915.0,-21.81,1170.2349,0.0,10.0,,0.0,,0.571,-0.0184,0.0003,-0.1,0.158,4.6902,7.5,0,0
LLY261023C00920000,LLY,2026-10-23,30,C,920.0,-21.38,1170.2349,249.55,264.35,256.95,222.55,5.8,0.4946,0.9801,0.0003,-0.0731,0.1663,255.8086,95.0,0,4
LLY261023P00920000,LLY,2026-10-23,30,P,920.0,-21.38,1170.2349,0.0,10.0,2.54,2.54,,0.561,-0.0197,0.0003,-0.1052,0.1672,4.693,7.6,0,15
LLY261023C00925000,LLY,2026-10-23,30,C,925.0,-20.96,1170.2349,244.75,259.55,252.15,0.0,5.9,0.4899,0.9787,0.0004,-0.079,0.1761,250.9484,94.8,0,0
LLY261023P00925000,LLY,2026-10-23,30,P,925.0,-20.96,1170.2349,0.0,1.6,1.64,1.64,,0.394,-0.0211,0.0004,-0.1105,0.1769,0.7352,2.0,2,12
LLY261023C00930000,LLY,2026-10-23,30,C,930.0,-20.53,1170.2349,240.9,254.5,247.7,240.6,5.5,0.4992,0.9773,0.0004,-0.0851,0.1863,246.5196,94.0,0,5
LLY261023P00930000,LLY,2026-10-23,30,P,930.0,-20.53,1170.2349,0.0,1.81,0.45,0.45,,0.3934,-0.0226,0.0004,-0.1161,0.187,0.8321,2.2,2,40
LLY261023C00935000,LLY,2026-10-23,30,C,935.0,-20.1,1170.2349,236.25,249.7,242.975,0.0,5.5,0.4958,0.9757,0.0004,-0.0914,0.1969,241.7318,93.7,0,0
LLY261023P00935000,LLY,2026-10-23,30,P,935.0,-20.1,1170.2349,0.0,4.0,4.39,4.39,,0.4402,-0.0241,0.0004,-0.1218,0.1983,1.8585,4.1,0,10
LLY261023C00940000,LLY,2026-10-23,30,C,940.0,-19.67,1170.2349,226.7,244.65,235.675,0.0,7.6,0.4091,0.9741,0.0004,-0.0979,0.2079,234.6903,96.7,0,0
LLY261023P00940000,LLY,2026-10-23,30,P,940.0,-19.67,1170.2349,0.05,10.0,5.025,2.01,198.0,0.5218,-0.0257,0.0004,-0.1277,0.2101,4.7247,7.9,0,12
LLY261023C00945000,LLY,2026-10-23,30,C,945.0,-19.25,1170.2349,227.1,234.75,230.925,0.0,3.3,0.4132,0.9724,0.0005,-0.1046,0.2195,229.9703,96.2,0,0
LLY261023P00945000,LLY,2026-10-23,30,P,945.0,-19.25,1170.2349,0.0,10.0,3.75,3.75,,0.5113,-0.0275,0.0005,-0.1339,0.2213,4.7023,8.0,0,10
LLY261023C00950000,LLY,2026-10-23,30,C,950.0,-18.82,1170.2349,221.5,229.6,225.55,0.0,3.6,0.3871,0.9705,0.0005,-0.1116,0.2319,224.6152,96.8,0,0
LLY261023P00950000,LLY,2026-10-23,30,P,950.0,-18.82,1170.2349,0.05,3.9,1.975,1.21,194.9,0.4137,-0.0293,0.0005,-0.1401,0.2328,1.8452,4.2,0,9
LLY261023C00955000,LLY,2026-10-23,30,C,955.0,-18.39,1170.2349,217.55,225.6,221.575,0.0,3.6,0.4193,0.9686,0.0005,-0.1188,0.2449,220.5861,95.1,0,0
LLY261023P00955000,LLY,2026-10-23,30,P,955.0,-18.39,1170.2349,0.0,2.2,0.85,0.85,,0.366,-0.0313,0.0005,-0.1467,0.2456,1.022,2.8,2,12
LLY261023C00960000,LLY,2026-10-23,30,C,960.0,-17.97,1170.2349,212.0,221.65,216.825,0.0,4.5,0.4181,0.9664,0.0006,-0.1262,0.2585,215.8206,94.7,0,0
LLY261023P00960000,LLY,2026-10-23,30,P,960.0,-17.97,1170.2349,0.13,2.64,1.385,1.43,181.2,0.3722,-0.0334,0.0006,-0.1536,0.259,1.2908,3.3,4,19
LLY261023C00965000,LLY,2026-10-23,30,C,965.0,-17.54,1170.2349,207.7,219.55,213.625,0.0,5.5,0.4581,0.9642,0.0006,-0.1339,0.2726,212.5421,92.3,0,0
LLY261023P00965000,LLY,2026-10-23,30,P,965.0,-17.54,1170.2349,0.51,4.35,2.43,2.1,158.0,0.4039,-0.0356,0.0006,-0.1607,0.2736,2.2786,5.1,2,5
LLY261023C00970000,LLY,2026-10-23,30,C,970.0,-17.11,1170.2349,202.95,214.2,208.575,167.55,5.4,0.4468,0.9618,0.0006,-0.1419,0.2873,207.491,92.3,0,1
LLY261023P00970000,LLY,2026-10-23,30,P,970.0,-17.11,1170.2349,0.05,3.8,1.925,1.94,194.8,0.3778,-0.0381,0.0006,-0.1681,0.2897,1.8023,4.4,0,2
LLY261023C00975000,LLY,2026-10-23,30,C,975.0,-16.68,1170.2349,195.05,209.55,202.3,0.0,7.2,0.4039,0.9592,0.0007,-0.1502,0.3029,201.2703,93.9,0,0
LLY261023P00975000,LLY,2026-10-23,30,P,975.0,-16.68,1170.2349,0.27,4.0,2.135,2.0,174.7,0.3767,-0.0407,0.0007,-0.176,0.3049,2.0009,4.8,0,2
LLY261023C00980000,LLY,2026-10-23,30,C,980.0,-16.26,1170.2349,191.3,205.0,198.15,158.65,6.9,0.4135,0.9564,0.0007,-0.1589,0.3195,196.9609,92.9,0,1
LLY261023P00980000,LLY,2026-10-23,30,P,980.0,-16.26,1170.2349,0.0,3.8,2.08,2.08,,0.3602,-0.0434,0.0007,-0.1841,0.321,1.7848,4.5,0,15
LLY261023C00985000,LLY,2026-10-23,30,C,985.0,-15.83,1170.2349,186.3,200.55,193.425,0.0,7.4,0.4135,0.9535,0.0008,-0.168,0.3371,192.3484,92.2,0,0
LLY261023P00985000,LLY,2026-10-23,30,P,985.0,-15.83,1170.2349,0.75,5.0,2.875,2.4,147.8,0.3821,-0.0464,0.0008,-0.1926,0.3381,2.7064,6.1,0,9
LLY261023C00990000,LLY,2026-10-23,30,C,990.0,-15.4,1170.2349,181.7,195.4,188.55,0.0,7.3,0.4065,0.9503,0.0008,-0.1774,0.3556,187.4671,92.0,0,0
LLY261023P00990000,LLY,2026-10-23,30,P,990.0,-15.4,1170.2349,0.4,5.05,2.725,2.63,170.6,0.369,-0.0496,0.0008,-0.2016,0.3565,2.565,5.9,0,35
LLY261023C00995000,LLY,2026-10-23,30,C,995.0,-14.97,1170.2349,179.4,190.65,185.025,0.0,6.1,0.425,0.9469,0.0009,-0.1874,0.375,183.7661,90.3,0,0
LLY261023P00995000,LLY,2026-10-23,30,P,995.0,-14.97,1170.2349,0.72,2.8,1.76,2.83,118.2,0.3301,-0.0531,0.0009,-0.2109,0.3769,1.6523,4.4,0,37
LLY261023C01000000,LLY,2026-10-23,30,C,1000.0,-14.55,1170.2349,172.55,186.95,179.75,159.47,8.0,0.4043,0.9432,0.0009,-0.1978,0.3952,178.2593,90.8,0,1
LLY261023P01000000,LLY,2026-10-23,30,P,1000.0,-14.55,1170.2349,0.55,5.9,3.225,2.6,165.9,0.3646,-0.0568,0.0009,-0.2208,0.3986,3.0474,6.9,13,445
LLY261023C01005000,LLY,2026-10-23,30,C,1005.0,-14.12,1170.2349,169.4,181.45,175.425,0.0,6.9,0.4144,0.9392,0.001,-0.2087,0.4167,174.2727,89.4,0,0
LLY261023P01005000,LLY,2026-10-23,30,P,1005.0,-14.12,1170.2349,1.76,4.2,2.98,4.2,81.9,0.3494,-0.0609,0.001,-0.2313,0.4191,2.8149,6.7,2,13
LLY261023C01010000,LLY,2026-10-23,30,C,1010.0,-13.69,1170.2349,164.05,176.75,170.4,0.0,7.5,0.4037,0.9348,0.001,-0.2202,0.4396,169.2538,89.3,0,0
LLY261023P01010000,LLY,2026-10-23,30,P,1010.0,-13.69,1170.2349,1.84,4.3,3.07,3.7,80.1,0.3428,-0.0653,0.001,-0.2422,0.4413,2.9038,6.9,2,25
LLY261023C01015000,LLY,2026-10-23,30,C,1015.0,-13.27,1170.2349,158.65,172.05,165.35,0.0,8.1,0.3925,0.9302,0.0011,-0.2322,0.464,164.2066,89.2,0,0
LLY261023P01015000,LLY,2026-10-23,30,P,1015.0,-13.27,1170.2349,1.19,6.4,3.795,8.9,137.3,0.3507,-0.07,0.0011,-0.2537,0.4651,3.6011,8.1,0,1
LLY261023C01020000,LLY,2026-10-23,30,C,1020.0,-12.84,1170.2349,152.5,166.9,159.7,135.61,9.0,0.3704,0.9251,0.0012,-0.2449,0.4893,158.5784,89.8,1,0
LLY261023P01020000,LLY,2026-10-23,30,P,1020.0,-12.84,1170.2349,1.68,5.2,3.44,4.3,102.3,0.3336,-0.0751,0.0012,-0.2659,0.4914,3.2622,7.7,1,6
LLY261023C01025000,LLY,2026-10-23,30,C,1025.0,-12.41,1170.2349,150.95,162.7,156.825,0.0,7.5,0.3964,0.9196,0.0013,-0.2582,0.5156,155.6354,87.2,0,0
LLY261023P01025000,LLY,2026-10-23,30,P,1025.0,-12.41,1170.2349,1.86,8.5,5.18,4.45,128.2,0.3594,-0.0805,0.0013,-0.2787,0.5199,4.9318,10.3,0,7
LLY261023C01030000,LLY,2026-10-23,30,C,1030.0,-11.98,1170.2349,146.9,157.7,152.3,110.77,7.1,0.3931,0.9137,0.0013,-0.2721,0.5434,151.0985,86.6,0,2
LLY261023P01030000,LLY,2026-10-23,30,P,1030.0,-11.98,1170.2349,2.85,6.9,4.875,4.22,83.1,0.3441,-0.0865,0.0014,-0.2922,0.5465,4.6406,10.1,1,8
LLY261023C01035000,LLY,2026-10-23,30,C,1035.0,-11.56,1170.2349,142.3,153.2,147.75,137.3,7.4,0.3891,0.9074,0.0014,-0.2867,0.5729,146.542,85.9,0,1
LLY261023P01035000,LLY,2026-10-23,30,P,1035.0,-11.56,1170.2349,2.55,7.7,5.125,5.2,100.5,0.339,-0.093,0.0014,-0.3064,0.5749,4.8848,10.6,0,852
LLY261023C01040000,LLY,2026-10-23,30,C,1040.0,-11.13,1170.2349,135.75,148.7,142.225,114.0,9.1,0.3706,0.9005,0.0015,-0.3019,0.6038,141.0356,86.2,0,2
LLY261023P01040000,LLY,2026-10-23,30,P,1040.0,-11.13,1170.2349,2.33,6.5,4.415,5.15,94.5,0.3165,-0.0999,0.0015,-0.3212,0.6054,4.205,9.8,12,50
LLY261023C01045000,LLY,2026-10-23,30,C,1045.0,-10.7,1170.2349,133.25,144.1,138.675,0.0,7.8,0.3803,0.8932,0.0016,-0.3178,0.6355,137.4472,84.5,0,0
LLY261023P01045000,LLY,2026-10-23,30,P,1045.0,-10.7,1170.2349,2.29,6.8,4.545,5.81,99.2,0.3094,-0.1073,0.0016,-0.3366,0.6405,4.3328,10.2,5,12
LLY261023C01050000,LLY,2026-10-23,30,C,1050.0,-10.27,1170.2349,129.7,139.65,134.675,108.05,7.4,0.3824,0.8852,0.0017,-0.3343,0.6681,133.4217,83.2,0,12
LLY261023P01050000,LLY,2026-10-23,30,P,1050.0,-10.27,1170.2349,3.95,7.0,5.475,6.33,55.7,0.3158,-0.1153,0.0017,-0.3527,0.6726,5.2391,11.7,16,76
LLY261023C01055000,LLY,2026-10-23,30,C,1055.0,-9.85,1170.2349,124.0,135.25,129.625,0.0,8.7,0.3706,0.8768,0.0018,-0.3514,0.7023,128.3854,83.0,0,0
LLY261023P01055000,LLY,2026-10-23,30,P,1055.0,-9.85,1170.2349,2.5,10.3,6.4,7.75,121.9,0.3202,-0.1239,0.0018,-0.3694,0.7052,6.1303,13.2,0,22
LLY261023C01060000,LLY,2026-10-23,30,C,1060.0,-9.42,1170.2349,119.5,130.85,125.175,113.25,9.1,0.3661,0.8677,0.0019,-0.369,0.7378,123.9206,82.2,0,1
LLY261023P01060000,LLY,2026-10-23,30,P,1060.0,-9.42,1170.2349,5.25,10.2,7.725,9.25,64.1,0.329,-0.133,0.0019,-0.3866,0.74,7.4252,15.0,5,39
LLY261023C01065000,LLY,2026-10-23,30,C,1065.0,-8.99,1170.2349,114.0,126.65,120.325,83.85,10.5,0.3566,0.858,0.002,-0.3871,0.7737,119.0792,81.7,0,5
LLY261023P01065000,LLY,2026-10-23,30,P,1065.0,-8.99,1170.2349,5.35,13.25,9.3,12.8,84.9,0.339,-0.1428,0.002,-0.4042,0.7785,8.96,17.0,0,3
LLY261023C01070000,LLY,2026-10-23,30,C,1070.0,-8.57,1170.2349,111.7,121.85,116.775,108.0,8.7,0.362,0.8477,0.0021,-0.4056,0.8098,115.4991,80.0,0,2
LLY261023P01070000,LLY,2026-10-23,30,P,1070.0,-8.57,1170.2349,5.8,13.15,9.475,9.85,77.6,0.3302,-0.1532,0.0021,-0.4224,0.8152,9.1342,17.5,0,11
LLY261023C01075000,LLY,2026-10-23,30,C,1075.0,-8.14,1170.2349,106.25,118.3,112.275,97.7,10.7,0.3559,0.8369,0.0022,-0.4244,0.8469,111.0021,79.2,0,5
LLY261023P01075000,LLY,2026-10-23,30,P,1075.0,-8.14,1170.2349,5.4,12.95,9.175,11.9,82.3,0.3155,-0.1642,0.0022,-0.4408,0.8504,8.8456,17.6,1,57
LLY261023C01080000,LLY,2026-10-23,30,C,1080.0,-7.71,1170.2349,103.2,114.25,108.725,74.0,10.2,0.3596,0.8254,0.0023,-0.4433,0.8847,107.4288,77.6,0,6
LLY261023P01080000,LLY,2026-10-23,30,P,1080.0,-7.71,1170.2349,6.3,11.7,9.0,11.35,60.0,0.3024,-0.1758,0.0023,-0.4594,0.8873,8.6811,17.9,4,43
LLY261023C01085000,LLY,2026-10-23,30,C,1085.0,-7.28,1170.2349,99.95,107.05,103.5,0.0,6.9,0.3451,0.8132,0.0024,-0.4624,0.9221,102.2223,77.3,0,0
LLY261023P01085000,LLY,2026-10-23,30,P,1085.0,-7.28,1170.2349,7.25,16.35,11.8,11.8,77.1,0.3232,-0.188,0.0024,-0.4781,0.9278,11.4219,21.0,7,15
LLY261023C01090000,LLY,2026-10-23,30,C,1090.0,-6.86,1170.2349,94.2,103.1,98.65,86.7,9.0,0.3344,0.8005,0.0025,-0.4814,0.9589,97.3761,76.6,0,1
LLY261023P01090000,LLY,2026-10-23,30,P,1090.0,-6.86,1170.2349,10.85,14.3,12.575,12.52,27.4,0.3198,-0.2009,0.0026,-0.4968,0.9645,12.1898,22.2,1,44
LLY261023C01095000,LLY,2026-10-23,30,C,1095.0,-6.43,1170.2349,90.8,99.2,95.0,0.0,8.8,0.3356,0.7872,0.0026,-0.5003,0.9957,93.7123,75.1,0,0
LLY261023P01095000,LLY,2026-10-23,30,P,1095.0,-6.43,1170.2349,9.35,17.8,13.575,13.62,62.2,0.3181,-0.2143,0.0027,-0.5154,0.9994,13.1707,23.6,7,27
LLY261023C01100000,LLY,2026-10-23,30,C,1100.0,-6.0,1170.2349,87.05,95.35,91.2,78.9,9.1,0.3348,0.7733,0.0027,-0.519,1.0325,89.9267,73.6,0,7
LLY261023P01100000,LLY,2026-10-23,30,P,1100.0,-6.0,1170.2349,13.15,16.1,14.625,14.85,20.2,0.3163,-0.2283,0.0028,-0.5338,1.0351,14.2056,25.0,31,28
LLY261023C01105000,LLY,2026-10-23,30,C,1105.0,-5.57,1170.2349,83.8,91.6,87.7,68.9,8.9,0.3359,0.7589,0.0028,-0.5372,1.0678,86.4146,72.0,0,14
LLY261023P01105000,LLY,2026-10-23,30,P,1105.0,-5.57,1170.2349,11.7,19.15,15.425,15.9,48.3,0.3116,-0.2428,0.0029,-0.5517,1.0752,15.0074,26.3,3,74
LLY261023C01110000,LLY,2026-10-23,30,C,1110.0,-5.15,1170.2349,79.45,87.95,83.7,90.0,10.2,0.3317,0.744,0.0029,-0.5549,1.1015,82.4085,70.6,1,14
LLY261023P01110000,LLY,2026-10-23,30,P,1110.0,-5.15,1170.2349,13.95,20.35,17.15,17.54,37.3,0.3148,-0.258,0.003,-0.569,1.1067,16.7017,28.2,12,6
LLY261023C01115000,LLY,2026-10-23,30,C,1115.0,-4.72,1170.2349,75.6,84.3,79.95,0.0,10.9,0.3293,0.7286,0.003,-0.572,1.1344,78.6598,69.1,0,0
LLY261023P01115000,LLY,2026-10-23,30,P,1115.0,-4.72,1170.2349,14.4,23.05,18.725,21.0,46.2,0.3158,-0.2736,0.0031,-0.5858,1.1377,18.2602,30.0,0,17
LLY261023C01120000,LLY,2026-10-23,30,C,1120.0,-4.29,1170.2349,72.65,80.8,76.725,80.0,10.6,0.3308,0.7127,0.0031,-0.5882,1.166,75.4291,67.4,2,23
LLY261023P01120000,LLY,2026-10-23,30,P,1120.0,-4.29,1170.2349,15.95,24.2,20.075,22.35,41.1,0.3141,-0.2896,0.0032,-0.6018,1.1684,19.6036,31.6,0,14
LLY261023C01125000,LLY,2026-10-23,30,C,1125.0,-3.87,1170.2349,70.2,77.35,73.775,76.84,9.7,0.3338,0.6964,0.0032,-0.6035,1.1954,72.4697,65.5,1,7
LLY261023P01125000,LLY,2026-10-23,30,P,1125.0,-3.87,1170.2349,17.5,25.8,21.65,22.0,38.3,0.3137,-0.306,0.0032,-0.6168,1.2015,21.1762,33.4,16,15
LLY261023C01130000,LLY,2026-10-23,30,C,1130.0,-3.44,1170.2349,65.25,74.0,69.625,56.85,12.6,0.3262,0.6798,0.0033,-0.6178,1.2226,68.3306,64.2,0,22
LLY261023P01130000,LLY,2026-10-23,30,P,1130.0,-3.44,1170.2349,19.1,27.45,23.275,21.91,35.9,0.3128,-0.3229,0.0033,-0.6308,1.2266,22.7761,35.1,27,25
LLY261023C01135000,LLY,2026-10-23,30,C,1135.0,-3.01,1170.2349,61.25,70.75,66.0,52.3,14.4,0.3224,0.6627,0.0034,-0.631,1.2481,64.7103,62.6,0,9
LLY261023P01135000,LLY,2026-10-23,30,P,1135.0,-3.01,1170.2349,20.85,27.8,24.325,28.0,28.6,0.3067,-0.3402,0.0034,-0.6438,1.2506,23.8266,36.7,0,11
LLY261023C01140000,LLY,2026-10-23,30,C,1140.0,-2.58,1170.2349,59.05,67.6,63.325,61.4,13.5,0.3256,0.6454,0.0034,-0.6429,1.2714,62.0388,60.6,1,12
LLY261023P01140000,LLY,2026-10-23,30,P,1140.0,-2.58,1170.2349,25.3,31.0,28.15,33.43,20.2,0.322,-0.3577,0.0035,-0.6556,1.2733,27.6112,39.2,3,47
LLY261023C01145000,LLY,2026-10-23,30,C,1145.0,-2.16,1170.2349,56.8,64.5,60.65,41.96,12.7,0.3279,0.6278,0.0035,-0.6536,1.292,59.3568,58.7,3,32
LLY261023P01145000,LLY,2026-10-23,30,P,1145.0,-2.16,1170.2349,24.6,32.85,28.725,29.05,28.7,0.3108,-0.3756,0.0035,-0.666,1.2957,28.1891,40.6,3,12
LLY261023C01150000,LLY,2026-10-23,30,C,1150.0,-1.73,1170.2349,53.6,58.2,55.9,57.0,8.2,0.3136,0.6101,0.0036,-0.6628,1.3099,54.6318,57.4,40,41
LLY261023P01150000,LLY,2026-10-23,30,P,1150.0,-1.73,1170.2349,26.6,34.2,30.4,30.53,25.0,0.3077,-0.3937,0.0036,-0.675,1.3121,29.8624,42.4,142,23
LLY261023C01155000,LLY,2026-10-23,30,C,1155.0,-1.3,1170.2349,50.15,58.65,54.4,55.0,15.6,0.3236,0.592,0.0036,-0.6707,1.3256,53.1253,55.2,1,26
LLY261023P01155000,LLY,2026-10-23,30,P,1155.0,-1.3,1170.2349,28.7,36.3,32.5,46.92,23.4,0.3071,-0.412,0.0036,-0.6827,1.3267,31.9469,44.3,0,8
LLY261023C01160000,LLY,2026-10-23,30,C,1160.0,-0.87,1170.2349,48.8,55.85,52.325,51.0,13.5,0.3284,0.5738,0.0036,-0.6771,1.3385,51.0538,53.2,12,12
LLY261023P01160000,LLY,2026-10-23,30,P,1160.0,-0.87,1170.2349,30.9,38.4,34.65,35.6,21.6,0.3063,-0.4304,0.0037,-0.689,1.339,34.1001,46.3,1,8
LLY261023C01165000,LLY,2026-10-23,30,C,1165.0,-0.45,1170.2349,46.25,53.2,49.725,50.45,14.0,0.3285,0.5555,0.0037,-0.6819,1.3485,48.4595,51.4,11,6
LLY261023P01165000,LLY,2026-10-23,30,P,1165.0,-0.45,1170.2349,33.3,41.15,37.225,54.21,21.1,0.3078,-0.449,0.0037,-0.6935,1.3486,36.6538,48.2,0,2
LLY261023C01170000,LLY,2026-10-23,30,C,1170.0,-0.02,1170.2349,44.0,50.6,47.3,42.6,14.0,0.3293,0.5371,0.0037,-0.6852,1.3556,46.0492,49.6,0,26
LLY261023P01170000,LLY,2026-10-23,30,P,1170.0,-0.02,1170.2349,35.7,43.45,39.575,53.2,19.6,0.3069,-0.4677,0.0038,-0.6966,1.3548,38.9864,50.2,8,4
LLY261023C01175000,LLY,2026-10-23,30,C,1175.0,0.41,1170.2349,41.0,48.1,44.55,43.84,15.9,0.327,0.5187,0.0037,-0.687,1.36,43.3151,47.8,17,28
LLY261023P01175000,LLY,2026-10-23,30,P,1175.0,0.41,1170.2349,38.25,45.8,42.025,41.5,18.0,0.3062,-0.4864,0.0038,-0.6984,1.3584,41.4414,52.1,4,12
LLY261023C01180000,LLY,2026-10-23,30,C,1180.0,0.83,1170.2349,38.85,45.7,42.275,41.0,16.2,0.3276,0.5002,0.0037,-0.6873,1.3616,41.0581,46.0,3,38
LLY261023P01180000,LLY,2026-10-23,30,P,1180.0,0.83,1170.2349,40.75,47.75,44.25,44.65,15.8,0.303,-0.5052,0.0038,-0.6985,1.359,43.6578,54.0,143,44
LLY261023C01185000,LLY,2026-10-23,30,C,1185.0,1.26,1170.2349,36.4,43.4,39.9,35.75,17.5,0.3268,0.4818,0.0037,-0.686,1.3603,38.7032,44.2,0,10
LLY261023P01185000,LLY,2026-10-23,30,P,1185.0,1.26,1170.2349,43.45,50.35,46.9,50.55,14.7,0.3023,-0.5238,0.0038,-0.697,1.3556,46.3051,56.0,0,2
LLY261023C01190000,LLY,2026-10-23,30,C,1190.0,1.69,1170.2349,34.15,41.15,37.65,31.11,18.6,0.3262,0.4635,0.0037,-0.6832,1.3562,36.4641,42.4,0,1
LLY261023P01190000,LLY,2026-10-23,30,P,1190.0,1.69,1170.2349,46.3,53.05,49.675,60.28,13.6,0.3017,-0.5426,0.0038,-0.694,1.3508,49.062,57.9,0,3
LLY261023C01195000,LLY,2026-10-23,30,C,1195.0,2.12,1170.2349,31.9,39.05,35.475,29.45,20.2,0.3256,0.4453,0.0037,-0.679,1.3492,34.3133,40.7,0,16
LLY261023P01195000,LLY,2026-10-23,30,P,1195.0,2.12,1170.2349,49.2,56.4,52.8,69.7,13.6,0.3031,-0.5611,0.0038,-0.6898,1.3434,52.1787,59.7,2,2
LLY261023C01200000,LLY,2026-10-23,30,C,1200.0,2.54,1170.2349,29.25,37.05,33.15,30.51,23.5,0.3232,0.4273,0.0037,-0.6733,1.3394,32.0135,38.9,25,66
LLY261023P01200000,LLY,2026-10-23,30,P,1200.0,2.54,1170.2349,52.2,58.7,55.45,64.4,11.7,0.3002,-0.5796,0.0037,-0.6841,1.3323,54.8223,61.7,0,4
LLY261023C01205000,LLY,2026-10-23,30,C,1205.0,2.97,1170.2349,28.7,35.1,31.9,28.11,20.1,0.3283,0.4094,0.0036,-0.6663,1.3273,30.7821,37.3,0,6
LLY261023P01205000,LLY,2026-10-23,30,P,1205.0,2.97,1170.2349,55.3,61.65,58.475,76.57,10.9,0.2994,-0.5978,0.0037,-0.6768,1.3162,57.8376,63.5,2,1
LLY261023C01210000,LLY,2026-10-23,30,C,1210.0,3.4,1170.2349,26.55,33.25,29.9,29.35,22.4,0.3271,0.3918,0.0036,-0.6581,1.3126,28.8085,35.6,0,10
LLY261023P01210000,LLY,2026-10-23,30,P,1210.0,3.4,1170.2349,58.45,65.3,61.875,80.37,11.1,0.3007,-0.6158,0.0037,-0.6684,1.3008,61.2142,65.3,2,1
LLY261023C01215000,LLY,2026-10-23,30,C,1215.0,3.83,1170.2349,23.9,30.65,27.275,24.0,24.7,0.3204,0.3744,0.0036,-0.6486,1.2952,26.2218,33.8,0,21
LLY261023P01215000,LLY,2026-10-23,30,P,1215.0,3.83,1170.2349,61.75,68.45,65.1,67.6,10.3,0.3001,-0.6336,0.0036,-0.659,1.2831,64.4353,67.0,7,4
LLY261023C01220000,LLY,2026-10-23,30,C,1220.0,4.25,1170.2349,21.95,29.85,25.9,23.15,30.5,0.3227,0.3574,0.0035,-0.638,1.2754,24.8669,32.2,0,17
LLY261023P01220000,LLY,2026-10-23,30,P,1220.0,4.25,1170.2349,65.1,71.7,68.4,75.25,9.6,0.2993,-0.6511,0.0036,-0.6484,1.261,67.7205,68.8,0,3
LLY261023C01225000,LLY,2026-10-23,30,C,1225.0,4.68,1170.2349,21.7,25.4,23.55,22.92,15.7,0.3167,0.3407,0.0034,-0.6264,1.254,22.5632,30.4,4,11
LLY261023P01225000,LLY,2026-10-23,30,P,1225.0,4.68,1170.2349,68.55,74.9,71.725,79.15,8.9,0.298,-0.6682,0.0035,-0.6365,1.2344,71.0335,70.5,2,1
LLY261023C01230000,LLY,2026-10-23,30,C,1230.0,5.11,1170.2349,19.55,26.15,22.85,20.8,28.9,0.3232,0.3244,0.0034,-0.6138,1.2306,21.8691,29.2,1,78
LLY261023P01230000,LLY,2026-10-23,30,P,1230.0,5.11,1170.2349,72.1,78.5,75.3,78.05,8.5,0.298,-0.6849,0.0035,-0.6239,1.2097,74.5888,72.1,5,2
LLY261023C01235000,LLY,2026-10-23,30,C,1235.0,5.53,1170.2349,16.95,25.35,21.15,20.69,39.7,0.3211,0.3084,0.0033,-0.6004,1.2049,20.2047,27.6,6,8
LLY261023P01235000,LLY,2026-10-23,30,P,1235.0,5.53,1170.2349,75.7,84.3,80.0,0.0,10.7,0.307,-0.7014,0.0034,-0.6107,1.1837,79.265,73.2,0,0
LLY261023C01240000,LLY,2026-10-23,30,C,1240.0,5.96,1170.2349,16.3,23.55,19.925,20.5,36.4,0.3223,0.293,0.0032,-0.5862,1.1775,19.005,26.2,6,14
LLY261023P01240000,LLY,2026-10-23,30,P,1240.0,5.96,1170.2349,79.4,85.85,82.625,89.8,7.8,0.2975,-0.7173,0.0033,-0.5965,1.1532,81.8798,75.3,0,2
LLY261023C01245000,LLY,2026-10-23,30,C,1245.0,6.39,1170.2349,14.2,22.3,18.25,17.98,44.4,0.3191,0.278,0.0032,-0.5714,1.1492,17.3751,24.6,6,67
LLY261023P01245000,LLY,2026-10-23,30,P,1245.0,6.39,1170.2349,83.2,90.95,87.075,0.0,8.9,0.3034,-0.7327,0.0032,-0.5816,1.1185,86.3121,76.4,0,0
LLY261023C01250000,LLY,2026-10-23,30,C,1250.0,6.82,1170.2349,14.8,19.15,16.975,15.83,25.6,0.3186,0.2634,0.0031,-0.5561,1.1198,16.1281,23.2,28,35
LLY261023P01250000,LLY,2026-10-23,30,P,1250.0,6.82,1170.2349,87.05,94.9,90.975,0.0,8.6,0.3038,-0.7477,0.0032,-0.5661,1.0872,90.1948,77.7,0,0
LLY261023C01255000,LLY,2026-10-23,30,C,1255.0,7.24,1170.2349,13.25,20.45,16.85,16.25,42.7,0.328,0.2494,0.003,-0.5403,1.0887,16.0071,22.5,10,22
LLY261023P01255000,LLY,2026-10-23,30,P,1255.0,7.24,1170.2349,90.95,97.9,94.425,121.5,7.4,0.2991,-0.7623,0.0031,-0.5505,1.0552,93.6192,79.4,0,1
LLY261023C01260000,LLY,2026-10-23,30,C,1260.0,7.67,1170.2349,12.4,16.65,14.525,13.0,29.3,0.3167,0.2359,0.0029,-0.5241,1.0566,13.7488,20.5,4,26
LLY261023P01260000,LLY,2026-10-23,30,P,1260.0,7.67,1170.2349,94.95,101.8,98.375,0.0,7.0,0.2984,-0.7764,0.003,-0.5343,1.0218,97.5393,80.7,0,0
LLY261023C01265000,LLY,2026-10-23,30,C,1265.0,8.1,1170.2349,9.55,18.35,13.95,10.65,63.1,0.3211,0.2229,0.0028,-0.5077,1.0244,13.1945,19.6,0,1
LLY261023P01265000,LLY,2026-10-23,30,P,1265.0,8.1,1170.2349,99.0,108.25,103.625,100.05,8.9,0.3106,-0.7898,0.0029,-0.5175,0.9798,102.7695,81.1,1,0
LLY261023C01270000,LLY,2026-10-23,30,C,1270.0,8.53,1170.2349,8.55,17.2,12.875,12.19,67.2,0.3201,0.2104,0.0027,-0.491,0.9919,12.1506,18.4,6,43
LLY261023P01270000,LLY,2026-10-23,30,P,1270.0,8.53,1170.2349,100.15,114.5,107.325,0.0,13.4,0.3062,-0.8028,0.0028,-0.5006,0.945,106.4289,82.6,0,0
LLY261023C01275000,LLY,2026-10-23,30,C,1275.0,8.95,1170.2349,9.85,15.2,12.525,12.33,42.7,0.3259,0.1984,0.0026,-0.4744,0.9585,11.807,17.6,12,34
LLY261023P01275000,LLY,2026-10-23,30,P,1275.0,8.95,1170.2349,104.3,114.85,109.575,137.8,9.6,0.2832,-0.8153,0.0027,-0.4839,0.9091,108.5837,85.5,0,1
LLY261023C01280000,LLY,2026-10-23,30,C,1280.0,9.38,1170.2349,7.05,13.6,10.325,11.24,63.4,0.3118,0.187,0.0025,-0.4576,0.9247,9.6952,15.6,67,27
LLY261023P01280000,LLY,2026-10-23,30,P,1280.0,9.38,1170.2349,108.55,120.45,114.5,120.75,10.4,0.2909,-0.8273,0.0026,-0.4671,0.875,113.4892,85.9,0,1
LLY261023C01285000,LLY,2026-10-23,30,C,1285.0,9.81,1170.2349,5.95,15.05,10.5,9.2,86.7,0.3225,0.1762,0.0024,-0.441,0.8913,9.8574,15.3,0,12
LLY261023P01285000,LLY,2026-10-23,30,P,1285.0,9.81,1170.2349,112.85,125.5,119.175,0.0,10.6,0.2951,-0.8386,0.0025,-0.45,0.8304,118.1272,86.6,0,0
LLY261023C01290000,LLY,2026-10-23,30,C,1290.0,10.23,1170.2349,6.2,13.5,9.85,8.8,74.1,0.3239,0.1658,0.0023,-0.4244,0.8584,9.2351,14.4,1,6
LLY261023P01290000,LLY,2026-10-23,30,P,1290.0,10.23,1170.2349,116.8,128.7,122.75,0.0,9.7,0.2833,-0.8494,0.0024,-0.4328,0.7961,121.601,88.5,0,0
LLY261023C01295000,LLY,2026-10-23,30,C,1295.0,10.66,1170.2349,4.45,11.0,7.725,7.2,84.8,0.3067,0.1559,0.0022,-0.408,0.8256,7.197,12.3,0,82
LLY261023P01295000,LLY,2026-10-23,30,P,1295.0,10.66,1170.2349,121.35,133.95,127.65,0.0,9.9,0.2896,-0.8598,0.0024,-0.4159,0.7581,126.4676,88.9,0,0
LLY261023C01300000,LLY,2026-10-23,30,C,1300.0,11.09,1170.2349,6.45,8.95,7.7,8.0,32.5,0.3145,0.1466,0.0021,-0.3919,0.7925,7.1749,12.0,11,89
LLY261023P01300000,LLY,2026-10-23,30,P,1300.0,11.09,1170.2349,126.15,136.85,131.5,138.35,8.1,0.278,-0.8698,0.0023,-0.4004,0.7214,130.175,90.6,0,1
LLY261023C01305000,LLY,2026-10-23,30,C,1305.0,11.52,1170.2349,4.0,10.45,7.225,7.42,89.3,0.3162,0.1377,0.002,-0.3761,0.7601,6.7186,11.3,9,19
LLY261023P01305000,LLY,2026-10-23,30,P,1305.0,11.52,1170.2349,130.5,143.3,136.9,0.0,9.3,0.2831,-0.8792,0.0022,-0.3849,0.6853,135.0142,91.0,0,0
LLY261023C01310000,LLY,2026-10-23,30,C,1310.0,11.94,1170.2349,2.93,10.8,6.865,6.0,114.6,0.3191,0.1294,0.002,-0.3606,0.7289,6.3747,10.7,0,65
LLY261023P01310000,LLY,2026-10-23,30,P,1310.0,11.94,1170.2349,134.25,147.55,140.9,166.75,9.4,0.2809,-0.8881,0.0021,-0.3692,0.6482,139.4456,91.9,0,1
LLY261023C01315000,LLY,2026-10-23,30,C,1315.0,12.37,1170.2349,3.6,10.25,6.925,5.85,96.0,0.3276,0.1214,0.0019,-0.3454,0.6984,6.4301,10.5,0,21
LLY261023P01315000,LLY,2026-10-23,30,P,1315.0,12.37,1170.2349,139.55,152.0,145.775,155.4,8.5,0.2852,-0.8965,0.002,-0.3533,0.6137,144.2738,92.3,0,1
LLY261023C01320000,LLY,2026-10-23,30,C,1320.0,12.8,1170.2349,2.62,9.05,5.835,6.05,110.2,0.3194,0.114,0.0018,-0.3307,0.6682,5.4015,9.3,1,11
LLY261023P01320000,LLY,2026-10-23,30,P,1320.0,12.8,1170.2349,143.0,155.9,149.45,156.6,8.6,0.2513,-0.9046,0.0019,-0.3387,0.5753,147.3856,95.2,0,1
LLY261023C01325000,LLY,2026-10-23,30,C,1325.0,13.23,1170.2349,2.19,7.45,4.82,5.05,109.1,0.3105,0.1069,0.0017,-0.3164,0.6385,4.4413,8.0,0,17
LLY261023P01325000,LLY,2026-10-23,30,P,1325.0,13.23,1170.2349,147.65,161.4,154.525,185.2,8.9,0.2612,-0.9123,0.0018,-0.326,0.5399,152.5044,95.1,0,1
LLY261023C01330000,LLY,2026-10-23,30,C,1330.0,13.65,1170.2349,2.85,6.6,4.725,4.7,79.4,0.3159,0.1003,0.0016,-0.3025,0.61,4.3494,7.8,0,18
LLY261023P01330000,LLY,2026-10-23,30,P,1330.0,13.65,1170.2349,152.35,166.75,159.55,0.0,9.0,0.2686,-0.9195,0.0018,-0.3139,0.5078,157.5287,95.1,0,0
LLY261023C01335000,LLY,2026-10-23,30,C,1335.0,14.08,1170.2349,1.4,6.1,3.75,5.85,125.3,0.3051,0.0941,0.0015,-0.2891,0.5827,3.4341,6.5,0,5
LLY261023P01335000,LLY,2026-10-23,30,P,1335.0,14.08,1170.2349,157.1,170.0,163.55,0.0,7.9,0.0,-0.9263,0.0017,-0.3023,0.4768,,,0,0
LLY261023C01340000,LLY,2026-10-23,30,C,1340.0,14.51,1170.2349,2.59,5.8,4.195,3.05,76.5,0.3202,0.0882,0.0014,-0.2762,0.5564,3.8493,6.9,2,2
LLY261023P01340000,LLY,2026-10-23,30,P,1340.0,14.51,1170.2349,161.8,176.2,169.0,198.55,8.5,0.0,-0.9326,0.0016,-0.2901,0.4471,,,0,1
LLY261023C01345000,LLY,2026-10-23,30,C,1345.0,14.93,1170.2349,2.3,6.3,4.3,3.95,93.0,0.3289,0.0828,0.0014,-0.2637,0.5308,3.9486,6.8,0,4
LLY261023P01345000,LLY,2026-10-23,30,P,1345.0,14.93,1170.2349,166.8,181.2,174.0,203.1,8.3,0.0,-0.9386,0.0016,-0.2771,0.4113,,,0,19
LLY261023C01360000,LLY,2026-10-23,30,C,1360.0,16.22,1170.2349,1.6,8.35,4.975,2.72,135.7,0.3613,0.0683,0.0012,-0.2293,0.4594,4.5816,7.1,0,8
LLY261023P01360000,LLY,2026-10-23,30,P,1360.0,16.22,1170.2349,181.1,194.45,187.775,217.75,7.1,0.0,-0.955,0.0014,-0.2479,0.3206,,,0,1
LLY261023C01380000,LLY,2026-10-23,30,C,1380.0,17.93,1170.2349,1.06,3.85,2.455,2.42,113.6,0.3322,0.0531,0.001,-0.1901,0.3781,2.2257,4.1,8,2
LLY261023P01380000,LLY,2026-10-23,30,P,1380.0,17.93,1170.2349,200.7,218.0,209.35,0.0,8.3,0.0,-0.9727,0.0012,-0.205,0.2136,,,0,0
LLY261023C01400000,LLY,2026-10-23,30,C,1400.0,19.63,1170.2349,1.06,2.72,1.89,1.76,87.8,0.3382,0.0415,0.0008,-0.1579,0.3117,1.7016,3.1,4,41
LLY261023P01400000,LLY,2026-10-23,30,P,1400.0,19.63,1170.2349,220.0,238.0,229.0,0.0,7.9,0.0,-0.9859,0.0008,-0.1725,0.1036,,,0,0
LLY261023C01420000,LLY,2026-10-23,30,C,1420.0,21.34,1170.2349,0.45,2.17,1.31,1.35,131.3,0.3381,0.0327,0.0006,-0.1317,0.2568,1.1713,2.2,3,28
LLY261023P01420000,LLY,2026-10-23,30,P,1420.0,21.34,1170.2349,240.0,257.85,248.925,0.0,7.2,0.0,-0.9941,0.0005,-0.139,0.0609,,,0,0
LLY261023C01440000,LLY,2026-10-23,30,C,1440.0,23.05,1170.2349,0.4,1.57,0.985,1.02,118.8,0.3428,0.026,0.0005,-0.1104,0.213,0.8762,1.7,2,21
LLY261023P01440000,LLY,2026-10-23,30,P,1440.0,23.05,1170.2349,260.55,277.95,269.25,0.0,6.5,0.0,-0.9979,0.0002,-0.1322,0.0,,,0,0
LLY261023C01460000,LLY,2026-10-23,30,C,1460.0,24.76,1170.2349,0.54,1.35,0.945,0.79,85.7,0.3598,0.0209,0.0004,-0.0932,0.1773,0.8394,1.5,6,3
LLY261023P01460000,LLY,2026-10-23,30,P,1460.0,24.76,1170.2349,280.0,297.5,288.75,0.0,6.1,0.0,-0.9998,0.0,-0.1322,0.0,,,0,0
LLY261030C00880000,LLY,2026-10-30,37,C,880.0,-24.8,1170.2349,292.9,304.8,298.85,0.0,4.0,0.5571,0.9801,0.0003,-0.0718,0.1832,297.6744,93.8,0,0
LLY261030P00880000,LLY,2026-10-30,37,P,880.0,-24.8,1170.2349,0.64,1.75,1.195,1.25,92.9,0.4471,-0.0197,0.0003,-0.1023,0.1841,1.1242,2.5,5,7
LLY261030C00890000,LLY,2026-10-30,37,C,890.0,-23.95,1170.2349,280.75,295.05,287.9,0.0,5.0,0.5093,0.9771,0.0003,-0.0853,0.2071,286.754,94.9,0,0
LLY261030P00890000,LLY,2026-10-30,37,P,890.0,-23.95,1170.2349,0.95,1.86,1.405,1.34,64.8,0.4435,-0.0227,0.0003,-0.1147,0.2081,1.3297,2.9,1,7
LLY261030C00900000,LLY,2026-10-30,37,C,900.0,-23.09,1170.2349,273.45,285.3,279.375,0.0,4.2,0.5325,0.9736,0.0004,-0.1003,0.2333,278.1693,93.2,0,0
LLY261030P00900000,LLY,2026-10-30,37,P,900.0,-23.09,1170.2349,0.67,2.01,1.34,1.64,100.0,0.4249,-0.0262,0.0004,-0.1288,0.2347,1.2693,2.9,130,14
LLY261030C00910000,LLY,2026-10-30,37,C,910.0,-22.24,1170.2349,263.75,275.6,269.675,0.0,4.4,0.5207,0.9695,0.0004,-0.1167,0.263,268.454,92.8,0,0
LLY261030P00910000,LLY,2026-10-30,37,P,910.0,-22.24,1170.2349,1.22,2.31,1.765,1.95,61.8,0.4291,-0.0303,0.0004,-0.1444,0.2638,1.6749,3.6,25,15
LLY261030C00920000,LLY,2026-10-30,37,C,920.0,-21.38,1170.2349,254.15,265.95,260.05,0.0,4.5,0.5103,0.9649,0.0005,-0.1348,0.2955,258.8126,92.3,0,0
LLY261030P00920000,LLY,2026-10-30,37,P,920.0,-21.38,1170.2349,1.13,2.46,1.795,2.33,74.1,0.4147,-0.035,0.0005,-0.1615,0.2973,1.7039,3.7,9,9
LLY261030C00930000,LLY,2026-10-30,37,C,930.0,-20.53,1170.2349,244.6,256.4,250.5,0.0,4.7,0.501,0.9597,0.0005,-0.1544,0.3308,249.2441,91.7,0,0
LLY261030P00930000,LLY,2026-10-30,37,P,930.0,-20.53,1170.2349,1.81,3.0,2.405,2.75,49.5,0.4212,-0.0402,0.0005,-0.1804,0.3326,2.2901,4.7,2,5
LLY261030C00935000,LLY,2026-10-30,37,C,935.0,-20.1,1170.2349,237.2,251.65,244.425,0.0,5.9,0.4941,0.9568,0.0006,-0.1649,0.35,244.3675,91.5,0,0
LLY261030P00935000,LLY,2026-10-30,37,P,935.0,-20.1,1170.2349,1.7,2.93,2.315,2.7,53.1,0.4102,-0.0432,0.0006,-0.1904,0.3512,2.2051,4.6,27,3
LLY261030C00940000,LLY,2026-10-30,37,C,940.0,-19.67,1170.2349,235.05,246.9,240.975,0.0,4.9,0.4916,0.9537,0.0006,-0.1757,0.3701,239.7027,91.1,0,0
LLY261030P00940000,LLY,2026-10-30,37,P,940.0,-19.67,1170.2349,1.9,4.45,3.175,4.45,80.3,0.4281,-0.0462,0.0006,-0.2008,0.3714,3.0314,5.8,4,4
LLY261030C00945000,LLY,2026-10-30,37,C,945.0,-19.25,1170.2349,229.8,242.2,236.0,0.0,5.3,0.4825,0.9504,0.0006,-0.187,0.391,234.7287,91.0,0,0
LLY261030P00945000,LLY,2026-10-30,37,P,945.0,-19.25,1170.2349,1.56,7.75,4.655,5.08,133.0,0.4561,-0.0495,0.0006,-0.2117,0.3923,4.4575,7.7,2,65
LLY261030C00950000,LLY,2026-10-30,37,C,950.0,-18.82,1170.2349,226.25,237.45,231.85,0.0,4.8,0.4891,0.947,0.0007,-0.1988,0.4123,230.553,90.1,0,0
LLY261030P00950000,LLY,2026-10-30,37,P,950.0,-18.82,1170.2349,2.55,4.1,3.325,5.6,46.6,0.4155,-0.053,0.0007,-0.223,0.4159,3.1792,6.2,1,13
LLY261030C00955000,LLY,2026-10-30,37,C,955.0,-18.39,1170.2349,220.9,232.8,226.85,0.0,5.2,0.4793,0.9433,0.0007,-0.2109,0.4344,225.5511,90.0,0,0
LLY261030P00955000,LLY,2026-10-30,37,P,955.0,-18.39,1170.2349,2.6,10.0,6.3,5.5,117.5,0.4717,-0.0567,0.0007,-0.2348,0.4374,6.054,9.6,0,8
LLY261030C00960000,LLY,2026-10-30,37,C,960.0,-17.97,1170.2349,214.8,228.1,221.45,0.0,6.0,0.4622,0.9394,0.0008,-0.2235,0.4576,220.1609,90.3,0,0
LLY261030P00960000,LLY,2026-10-30,37,P,960.0,-17.97,1170.2349,2.65,5.1,3.875,5.25,63.2,0.4123,-0.0607,0.0008,-0.247,0.4595,3.7115,7.0,4,5
LLY261030C00965000,LLY,2026-10-30,37,C,965.0,-17.54,1170.2349,211.55,223.45,217.5,0.0,5.5,0.4712,0.9353,0.0008,-0.2365,0.4819,216.1813,89.2,0,0
LLY261030P00965000,LLY,2026-10-30,37,P,965.0,-17.54,1170.2349,2.65,5.3,3.975,4.5,66.7,0.4061,-0.0648,0.0008,-0.2596,0.4834,3.809,7.2,6,3
LLY261030C00970000,LLY,2026-10-30,37,C,970.0,-17.11,1170.2349,206.85,218.85,212.85,0.0,5.6,0.4672,0.9309,0.0008,-0.2498,0.507,211.519,88.8,0,0
LLY261030P00970000,LLY,2026-10-30,37,P,970.0,-17.11,1170.2349,3.2,5.9,4.55,5.4,59.3,0.4102,-0.0692,0.0008,-0.2725,0.5088,4.3696,8.0,5,9
LLY261030C00975000,LLY,2026-10-30,37,C,975.0,-16.68,1170.2349,201.45,213.75,207.6,189.39,5.9,0.4532,0.9263,0.0009,-0.2636,0.5325,206.2747,88.9,0,1
LLY261030P00975000,LLY,2026-10-30,37,P,975.0,-16.68,1170.2349,4.2,6.4,5.3,6.7,41.5,0.4165,-0.0738,0.0009,-0.286,0.5359,5.0963,9.0,1,15
LLY261030C00980000,LLY,2026-10-30,37,C,980.0,-16.26,1170.2349,196.45,209.15,202.8,0.0,6.3,0.4467,0.9215,0.0009,-0.2778,0.5585,201.4704,88.6,0,0
LLY261030P00980000,LLY,2026-10-30,37,P,980.0,-16.26,1170.2349,4.15,7.55,5.85,7.65,58.1,0.4178,-0.0788,0.0009,-0.2998,0.5629,5.6296,9.7,0,13
LLY261030C00985000,LLY,2026-10-30,37,C,985.0,-15.83,1170.2349,194.4,204.6,199.5,0.0,5.1,0.463,0.9164,0.001,-0.2924,0.5854,198.1303,86.9,0,0
LLY261030P00985000,LLY,2026-10-30,37,P,985.0,-15.83,1170.2349,3.4,9.6,6.5,5.7,95.4,0.4201,-0.0839,0.001,-0.314,0.5881,6.2607,10.5,5,0
LLY261030C00990000,LLY,2026-10-30,37,C,990.0,-15.4,1170.2349,189.85,200.1,194.975,0.0,5.3,0.4597,0.911,0.001,-0.3072,0.6134,193.5927,86.4,0,0
LLY261030P00990000,LLY,2026-10-30,37,P,990.0,-15.4,1170.2349,3.0,11.35,7.175,8.0,116.4,0.422,-0.0893,0.001,-0.3285,0.6154,6.917,11.4,0,23
LLY261030C00995000,LLY,2026-10-30,37,C,995.0,-14.97,1170.2349,185.3,195.6,190.45,163.65,5.4,0.4562,0.9053,0.0011,-0.3224,0.6421,189.0612,85.8,0,1
LLY261030P00995000,LLY,2026-10-30,37,P,995.0,-14.97,1170.2349,2.61,11.85,7.23,10.14,127.8,0.4136,-0.095,0.0011,-0.3434,0.6447,6.9758,11.6,0,5
LLY261030C01000000,LLY,2026-10-30,37,C,1000.0,-14.55,1170.2349,180.85,190.8,185.825,164.0,5.4,0.451,0.8994,0.0011,-0.338,0.6712,184.426,85.3,0,1
LLY261030P01000000,LLY,2026-10-30,37,P,1000.0,-14.55,1170.2349,6.1,9.4,7.75,7.92,42.6,0.4123,-0.101,0.0011,-0.3585,0.6738,7.4868,12.2,2,22
LLY261030C01005000,LLY,2026-10-30,37,C,1005.0,-14.12,1170.2349,174.5,187.55,181.025,0.0,7.2,0.4595,0.8932,0.0012,-0.3538,0.7005,180.848,84.0,0,0
LLY261030P01005000,LLY,2026-10-30,37,P,1005.0,-14.12,1170.2349,6.5,10.0,8.25,7.88,42.4,0.4102,-0.1073,0.0012,-0.374,0.7064,7.9748,12.9,1,22
LLY261030C01010000,LLY,2026-10-30,37,C,1010.0,-13.69,1170.2349,171.5,182.65,177.075,0.0,6.3,0.4465,0.8867,0.0012,-0.3698,0.7302,175.6545,84.0,0,0
LLY261030P01010000,LLY,2026-10-30,37,P,1010.0,-13.69,1170.2349,3.7,12.5,8.1,10.7,108.6,0.3985,-0.1138,0.0012,-0.3897,0.7341,7.8308,12.9,0,2
LLY261030C01015000,LLY,2026-10-30,37,C,1015.0,-13.27,1170.2349,167.25,178.05,172.65,0.0,6.3,0.4431,0.8799,0.0013,-0.3861,0.7609,171.2196,83.3,0,0
LLY261030P01015000,LLY,2026-10-30,37,P,1015.0,-13.27,1170.2349,7.35,14.15,10.75,10.46,63.3,0.4245,-0.1207,0.0013,-0.4057,0.7636,10.4157,15.5,0,9
LLY261030C01020000,LLY,2026-10-30,37,C,1020.0,-12.84,1170.2349,162.85,174.05,168.45,0.0,6.6,0.4421,0.8728,0.0013,-0.4025,0.7922,167.0088,82.5,0,0
LLY261030P01020000,LLY,2026-10-30,37,P,1020.0,-12.84,1170.2349,7.6,12.3,9.95,9.75,47.2,0.4043,-0.1278,0.0014,-0.4218,0.7952,9.6383,15.0,1,38
LLY261030C01025000,LLY,2026-10-30,37,C,1025.0,-12.41,1170.2349,158.05,169.75,163.9,0.0,7.1,0.4367,0.8655,0.0014,-0.4191,0.8236,162.4587,81.9,0,0
LLY261030P01025000,LLY,2026-10-30,37,P,1025.0,-12.41,1170.2349,9.0,12.85,10.925,15.0,35.2,0.4067,-0.1352,0.0014,-0.4381,0.8264,10.5999,16.1,3,22
LLY261030C01030000,LLY,2026-10-30,37,C,1030.0,-11.98,1170.2349,153.05,165.45,159.25,0.0,7.8,0.4299,0.8578,0.0014,-0.4358,0.8547,157.8034,81.4,0,0
LLY261030P01030000,LLY,2026-10-30,37,P,1030.0,-11.98,1170.2349,9.8,14.1,11.95,11.19,36.0,0.4088,-0.143,0.0015,-0.4544,0.862,11.5997,17.2,4,25
LLY261030C01035000,LLY,2026-10-30,37,C,1035.0,-11.56,1170.2349,149.75,162.15,155.95,0.0,8.0,0.4376,0.8498,0.0015,-0.4526,0.886,154.4751,80.0,0,0
LLY261030P01035000,LLY,2026-10-30,37,P,1035.0,-11.56,1170.2349,10.3,16.6,13.45,13.56,46.8,0.4156,-0.151,0.0015,-0.4709,0.8908,13.0728,18.6,2,8
LLY261030C01040000,LLY,2026-10-30,37,C,1040.0,-11.13,1170.2349,145.65,157.4,151.525,0.0,7.8,0.4326,0.8416,0.0016,-0.4694,0.9176,150.0436,79.3,0,0
LLY261030P01040000,LLY,2026-10-30,37,P,1040.0,-11.13,1170.2349,8.75,16.1,12.425,14.37,59.2,0.3937,-0.1594,0.0016,-0.4874,0.9211,12.0729,18.1,7,14
LLY261030C01045000,LLY,2026-10-30,37,C,1045.0,-10.7,1170.2349,141.6,153.7,147.65,0.0,8.2,0.433,0.833,0.0016,-0.4862,0.9497,146.1581,78.3,0,0
LLY261030P01045000,LLY,2026-10-30,37,P,1045.0,-10.7,1170.2349,11.95,17.75,14.85,15.75,39.1,0.4095,-0.168,0.0016,-0.5039,0.9532,14.452,20.2,0,5
LLY261030C01050000,LLY,2026-10-30,37,C,1050.0,-10.27,1170.2349,138.1,149.45,143.775,144.3,7.9,0.4329,0.8241,0.0017,-0.5028,0.9816,142.2758,77.2,1,2
LLY261030P01050000,LLY,2026-10-30,37,P,1050.0,-10.27,1170.2349,11.65,18.55,15.1,15.23,45.7,0.4014,-0.177,0.0017,-0.5203,0.9851,14.7075,20.7,18,40
LLY261030C01055000,LLY,2026-10-30,37,C,1055.0,-9.85,1170.2349,133.25,144.65,138.95,124.14,8.2,0.4233,0.8149,0.0017,-0.5195,1.0129,137.468,76.8,0,1
LLY261030P01055000,LLY,2026-10-30,37,P,1055.0,-9.85,1170.2349,12.9,19.8,16.35,17.5,42.2,0.4032,-0.1862,0.0018,-0.5366,1.0212,15.9437,21.9,0,22
LLY261030C01060000,LLY,2026-10-30,37,C,1060.0,-9.42,1170.2349,129.75,139.95,134.85,0.0,7.6,0.4204,0.8055,0.0018,-0.5359,1.0437,133.3666,75.9,0,0
LLY261030P01060000,LLY,2026-10-30,37,P,1060.0,-9.42,1170.2349,14.65,20.5,17.575,17.22,33.3,0.404,-0.1958,0.0018,-0.5527,1.0493,17.1444,23.1,14,33
LLY261030C01065000,LLY,2026-10-30,37,C,1065.0,-8.99,1170.2349,125.25,134.35,129.8,102.5,7.0,0.4084,0.7958,0.0019,-0.5521,1.0744,128.3315,75.5,0,1
LLY261030P01065000,LLY,2026-10-30,37,P,1065.0,-8.99,1170.2349,13.9,18.85,16.375,19.96,30.2,0.3814,-0.2056,0.0019,-0.5687,1.0783,15.9784,22.7,1,38
LLY261030C01070000,LLY,2026-10-30,37,C,1070.0,-8.57,1170.2349,122.1,132.85,127.475,0.0,8.4,0.4209,0.7858,0.0019,-0.5681,1.1051,125.9753,73.6,0,0
LLY261030P01070000,LLY,2026-10-30,37,P,1070.0,-8.57,1170.2349,14.85,20.35,17.6,20.72,31.3,0.3819,-0.2157,0.0019,-0.5844,1.1087,17.1908,23.9,0,18
LLY261030C01075000,LLY,2026-10-30,37,C,1075.0,-8.14,1170.2349,117.85,128.55,123.2,90.0,8.7,0.4152,0.7755,0.002,-0.5837,1.1352,121.6913,72.8,0,2
LLY261030P01075000,LLY,2026-10-30,37,P,1075.0,-8.14,1170.2349,15.35,22.75,19.05,21.43,38.8,0.3838,-0.226,0.002,-0.5998,1.1391,18.6183,25.2,4,17
LLY261030C01080000,LLY,2026-10-30,37,C,1080.0,-7.71,1170.2349,114.2,126.4,120.3,113.5,10.1,0.4211,0.765,0.002,-0.599,1.1644,118.7819,71.3,0,3
LLY261030P01080000,LLY,2026-10-30,37,P,1080.0,-7.71,1170.2349,18.7,26.25,22.475,24.87,33.6,0.4022,-0.2367,0.002,-0.6148,1.1716,21.9915,27.6,6,14
LLY261030C01085000,LLY,2026-10-30,37,C,1085.0,-7.28,1170.2349,111.1,122.7,116.9,0.0,9.9,0.422,0.7542,0.0021,-0.6139,1.1926,115.3691,70.1,0,0
LLY261030P01085000,LLY,2026-10-30,37,P,1085.0,-7.28,1170.2349,20.65,27.1,23.875,30.35,27.0,0.402,-0.2476,0.0021,-0.6294,1.1986,23.3735,28.8,0,12
LLY261030C01090000,LLY,2026-10-30,37,C,1090.0,-6.86,1170.2349,108.7,118.2,113.45,0.0,8.4,0.422,0.7431,0.0021,-0.6283,1.2201,111.9105,68.9,0,0
LLY261030P01090000,LLY,2026-10-30,37,P,1090.0,-6.86,1170.2349,19.4,28.0,23.7,23.5,36.3,0.3884,-0.2588,0.0022,-0.6436,1.2241,23.2134,29.3,18,13
LLY261030C01095000,LLY,2026-10-30,37,C,1095.0,-6.43,1170.2349,105.1,114.45,109.775,0.0,8.5,0.4198,0.7319,0.0022,-0.6422,1.2472,108.2378,67.7,0,0
LLY261030P01095000,LLY,2026-10-30,37,P,1095.0,-6.43,1170.2349,22.35,27.3,24.825,24.7,19.9,0.3854,-0.2702,0.0022,-0.6573,1.2505,24.3385,30.4,16,5
LLY261030C01100000,LLY,2026-10-30,37,C,1100.0,-6.0,1170.2349,101.6,111.1,106.35,99.7,8.9,0.4191,0.7204,0.0022,-0.6556,1.2734,104.8058,66.6,0,3
LLY261030P01100000,LLY,2026-10-30,37,P,1100.0,-6.0,1170.2349,23.85,28.8,26.325,25.72,18.8,0.3849,-0.2818,0.0023,-0.6705,1.2774,25.8223,31.7,14,29
LLY261030C01105000,LLY,2026-10-30,37,C,1105.0,-5.57,1170.2349,97.35,105.25,101.3,85.1,7.8,0.4056,0.7086,0.0023,-0.6684,1.2983,99.7823,65.9,0,1
LLY261030P01105000,LLY,2026-10-30,37,P,1105.0,-5.57,1170.2349,23.0,31.8,27.4,29.3,32.1,0.3807,-0.2936,0.0023,-0.6831,1.3025,26.9003,32.8,13,8
LLY261030C01110000,LLY,2026-10-30,37,C,1110.0,-5.15,1170.2349,94.7,102.1,98.4,82.2,7.5,0.4082,0.6967,0.0023,-0.6806,1.3218,96.8708,64.5,0,1
LLY261030P01110000,LLY,2026-10-30,37,P,1110.0,-5.15,1170.2349,25.5,34.5,30.0,30.65,30.0,0.3877,-0.3057,0.0024,-0.695,1.3274,29.4721,34.5,1,4
LLY261030C01115000,LLY,2026-10-30,37,C,1115.0,-4.72,1170.2349,91.4,99.3,95.35,97.68,8.3,0.4092,0.6846,0.0024,-0.6921,1.3442,93.8225,63.2,1,0
LLY261030P01115000,LLY,2026-10-30,37,P,1115.0,-4.72,1170.2349,27.1,36.1,31.6,45.04,28.5,0.3864,-0.318,0.0024,-0.7062,1.348,31.0514,35.8,0,0
LLY261030C01120000,LLY,2026-10-30,37,C,1120.0,-4.29,1170.2349,88.8,97.3,93.05,86.0,9.1,0.4151,0.6723,0.0024,-0.7029,1.3656,91.507,61.7,0,5
LLY261030P01120000,LLY,2026-10-30,37,P,1120.0,-4.29,1170.2349,30.75,37.8,34.275,33.55,20.6,0.3926,-0.3305,0.0024,-0.7169,1.3685,33.7003,37.4,5,35
LLY261030C01125000,LLY,2026-10-30,37,C,1125.0,-3.87,1170.2349,85.6,92.5,89.05,80.0,7.7,0.4082,0.6598,0.0024,-0.713,1.3859,87.5208,60.6,0,8
LLY261030P01125000,LLY,2026-10-30,37,P,1125.0,-3.87,1170.2349,31.0,38.5,34.75,34.45,21.6,0.3823,-0.3431,0.0025,-0.7268,1.3892,34.1919,38.3,2,2
LLY261030C01130000,LLY,2026-10-30,37,C,1130.0,-3.44,1170.2349,82.45,89.4,85.925,75.1,8.1,0.4072,0.6472,0.0025,-0.7223,1.4047,84.3956,59.3,0,30
LLY261030P01130000,LLY,2026-10-30,37,P,1130.0,-3.44,1170.2349,32.3,41.4,36.85,41.47,24.7,0.3834,-0.3558,0.0025,-0.7358,1.4072,36.2884,39.8,0,4
LLY261030C01135000,LLY,2026-10-30,37,C,1135.0,-3.01,1170.2349,79.35,86.15,82.75,77.42,8.2,0.4055,0.6344,0.0025,-0.7308,1.4218,81.2345,58.1,0,1
LLY261030P01135000,LLY,2026-10-30,37,P,1135.0,-3.01,1170.2349,34.3,43.35,38.825,43.21,23.3,0.383,-0.3688,0.0026,-0.7441,1.4259,38.2487,41.2,0,5
LLY261030C01140000,LLY,2026-10-30,37,C,1140.0,-2.58,1170.2349,76.3,84.95,80.625,73.15,10.7,0.4106,0.6215,0.0026,-0.7385,1.4374,79.1012,56.6,0,18
LLY261030P01140000,LLY,2026-10-30,37,P,1140.0,-2.58,1170.2349,37.7,44.6,41.15,40.63,16.8,0.3845,-0.3819,0.0026,-0.7516,1.44,40.5469,42.6,1,13
LLY261030C01145000,LLY,2026-10-30,37,C,1145.0,-2.16,1170.2349,73.25,80.55,76.9,76.0,9.5,0.4042,0.6084,0.0026,-0.7453,1.4517,75.3975,55.4,12,9
LLY261030P01145000,LLY,2026-10-30,37,P,1145.0,-2.16,1170.2349,37.45,47.35,42.4,42.63,23.3,0.3782,-0.3951,0.0026,-0.7583,1.4534,41.8029,43.9,1,12
LLY261030C01150000,LLY,2026-10-30,37,C,1150.0,-1.73,1170.2349,69.5,78.15,73.825,78.35,11.7,0.4018,0.5953,0.0026,-0.7513,1.4644,72.3233,54.1,10,28
LLY261030P01150000,LLY,2026-10-30,37,P,1150.0,-1.73,1170.2349,40.55,49.45,45.0,47.75,19.8,0.3808,-0.4084,0.0026,-0.7642,1.466,44.3983,45.4,5,17
LLY261030C01155000,LLY,2026-10-30,37,C,1155.0,-1.3,1170.2349,67.55,76.0,71.775,68.78,11.8,0.406,0.5821,0.0026,-0.7564,1.4756,70.2728,52.7,1,19
LLY261030P01155000,LLY,2026-10-30,37,P,1155.0,-1.3,1170.2349,42.0,51.0,46.5,48.9,19.4,0.3753,-0.4218,0.0027,-0.7691,1.4768,45.8913,46.7,1,14
LLY261030C01160000,LLY,2026-10-30,37,C,1160.0,-0.87,1170.2349,65.05,72.3,68.675,68.01,10.6,0.4027,0.5688,0.0026,-0.7606,1.4851,67.1969,51.4,10,14
LLY261030P01160000,LLY,2026-10-30,37,P,1160.0,-0.87,1170.2349,44.4,53.7,49.05,51.85,19.0,0.3765,-0.4353,0.0027,-0.7731,1.4862,48.4266,48.1,1,3
LLY261030C01165000,LLY,2026-10-30,37,C,1165.0,-0.45,1170.2349,60.7,69.75,65.225,62.0,13.9,0.3966,0.5554,0.0027,-0.7639,1.4928,63.7698,50.2,2,14
LLY261030P01165000,LLY,2026-10-30,37,P,1165.0,-0.45,1170.2349,46.8,55.75,51.275,55.65,17.5,0.375,-0.4489,0.0027,-0.7762,1.4929,50.6374,49.5,0,1
LLY261030C01170000,LLY,2026-10-30,37,C,1170.0,-0.02,1170.2349,59.6,67.05,63.325,49.33,11.8,0.4004,0.542,0.0027,-0.7663,1.499,61.8669,48.8,3,8
LLY261030P01170000,LLY,2026-10-30,37,P,1170.0,-0.02,1170.2349,49.75,57.85,53.8,54.32,15.1,0.3751,-0.4625,0.0027,-0.7784,1.4982,53.1542,51.0,65,3
LLY261030C01175000,LLY,2026-10-30,37,C,1175.0,0.41,1170.2349,57.65,65.25,61.45,62.0,12.4,0.404,0.5286,0.0027,-0.7678,1.5035,60.0045,47.4,6,11
LLY261030P01175000,LLY,2026-10-30,37,P,1175.0,0.41,1170.2349,53.05,60.05,56.55,56.27,12.4,0.3763,-0.4761,0.0027,-0.7798,1.5024,55.9055,52.4,7,2
LLY261030C01180000,LLY,2026-10-30,37,C,1180.0,0.83,1170.2349,54.15,62.7,58.425,56.12,14.6,0.3994,0.5152,0.0027,-0.7684,1.5062,56.9918,46.1,12,7
LLY261030P01180000,LLY,2026-10-30,37,P,1180.0,0.83,1170.2349,53.75,62.75,58.25,60.48,15.5,0.37,-0.4898,0.0028,-0.7803,1.5047,57.6134,53.8,4,1
LLY261030C01185000,LLY,2026-10-30,37,C,1185.0,1.26,1170.2349,52.4,60.4,56.4,46.0,14.2,0.4011,0.5018,0.0027,-0.7681,1.5074,54.9799,44.8,0,29
LLY261030P01185000,LLY,2026-10-30,37,P,1185.0,1.26,1170.2349,57.25,66.05,61.65,65.66,14.3,0.3744,-0.5034,0.0028,-0.7798,1.5033,60.9812,55.2,0,2
LLY261030C01190000,LLY,2026-10-30,37,C,1190.0,1.69,1170.2349,50.35,58.7,54.525,48.85,15.3,0.4034,0.4883,0.0027,-0.7669,1.5068,53.1222,43.5,0,12
LLY261030P01190000,LLY,2026-10-30,37,P,1190.0,1.69,1170.2349,59.95,68.95,64.45,75.23,14.0,0.3744,-0.5171,0.0028,-0.7784,1.5022,63.7649,56.6,0,6
LLY261030C01195000,LLY,2026-10-30,37,C,1195.0,2.12,1170.2349,47.85,54.65,51.25,44.57,13.3,0.3959,0.475,0.0027,-0.7648,1.5046,49.8747,42.2,0,2
LLY261030P01195000,LLY,2026-10-30,37,P,1195.0,2.12,1170.2349,62.9,71.65,67.275,73.7,13.0,0.3742,-0.5307,0.0028,-0.7762,1.4999,66.588,58.0,12,1
LLY261030C01200000,LLY,2026-10-30,37,C,1200.0,2.54,1170.2349,45.65,53.75,49.7,48.45,16.3,0.3995,0.4616,0.0027,-0.7618,1.5007,48.3381,40.9,10,24
LLY261030P01200000,LLY,2026-10-30,37,P,1200.0,2.54,1170.2349,66.6,73.65,70.125,71.3,10.1,0.3737,-0.5443,0.0028,-0.7731,1.4958,69.4354,59.3,2,1
LLY261030C01205000,LLY,2026-10-30,37,C,1205.0,2.97,1170.2349,43.25,52.25,47.75,45.25,18.8,0.4,0.4484,0.0027,-0.758,1.495,46.4048,39.7,4,20
LLY261030P01205000,LLY,2026-10-30,37,P,1205.0,2.97,1170.2349,67.75,77.35,72.55,96.2,13.2,0.3698,-0.5578,0.0028,-0.7692,1.4887,71.8516,60.8,0,5
LLY261030C01210000,LLY,2026-10-30,37,C,1210.0,3.4,1170.2349,41.55,48.55,45.05,43.69,15.5,0.395,0.4352,0.0027,-0.7534,1.4877,43.7274,38.3,1,2
LLY261030P01210000,LLY,2026-10-30,37,P,1210.0,3.4,1170.2349,71.95,80.3,76.125,0.0,11.0,0.3732,-0.5713,0.0028,-0.7645,1.4808,75.4073,62.0,0,0
LLY261030C01215000,LLY,2026-10-30,37,C,1215.0,3.83,1170.2349,39.2,47.8,43.5,33.46,19.8,0.3974,0.4221,0.0027,-0.7479,1.4791,42.1984,37.1,0,20
LLY261030P01215000,LLY,2026-10-30,37,P,1215.0,3.83,1170.2349,73.8,83.4,78.6,90.9,12.2,0.3687,-0.5846,0.0027,-0.7588,1.4678,77.8773,63.5,2,0
LLY261030C01220000,LLY,2026-10-30,37,C,1220.0,4.25,1170.2349,37.85,45.05,41.45,39.93,17.4,0.3959,0.4091,0.0027,-0.7417,1.469,40.162,35.9,4,7
LLY261030P01220000,LLY,2026-10-30,37,P,1220.0,4.25,1170.2349,77.2,85.5,81.35,0.0,10.2,0.3655,-0.5979,0.0027,-0.7524,1.458,80.6104,64.8,0,0
LLY261030C01225000,LLY,2026-10-30,37,C,1225.0,4.68,1170.2349,35.45,43.0,39.225,30.28,19.2,0.3928,0.3963,0.0026,-0.7348,1.4573,37.9602,34.6,2,5
LLY261030P01225000,LLY,2026-10-30,37,P,1225.0,4.68,1170.2349,80.55,89.35,84.95,99.39,10.4,0.3678,-0.611,0.0027,-0.7454,1.4458,84.199,66.1,0,2
LLY261030C01230000,LLY,2026-10-30,37,C,1230.0,5.11,1170.2349,33.9,41.2,37.55,34.85,19.4,0.3932,0.3835,0.0026,-0.7271,1.4438,36.3232,33.4,0,5
LLY261030P01230000,LLY,2026-10-30,37,P,1230.0,5.11,1170.2349,85.75,91.8,88.775,95.15,6.8,0.3713,-0.6241,0.0027,-0.7377,1.4318,88.0136,67.2,0,5
LLY261030C01235000,LLY,2026-10-30,37,C,1235.0,5.53,1170.2349,32.15,40.3,36.225,33.35,22.5,0.3955,0.371,0.0026,-0.7187,1.429,35.011,32.3,0,8
LLY261030P01235000,LLY,2026-10-30,37,P,1235.0,5.53,1170.2349,88.45,95.4,91.925,0.0,7.6,0.3696,-0.6369,0.0027,-0.7293,1.4167,91.1554,68.5,0,0
LLY261030C01240000,LLY,2026-10-30,37,C,1240.0,5.96,1170.2349,31.1,37.0,34.05,31.11,17.3,0.3915,0.3586,0.0026,-0.7097,1.413,32.8739,31.1,0,7
LLY261030P01240000,LLY,2026-10-30,37,P,1240.0,5.96,1170.2349,89.45,98.45,93.95,102.1,9.6,0.3591,-0.6496,0.0026,-0.7202,1.3922,93.1604,70.1,0,1
LLY261030C01245000,LLY,2026-10-30,37,C,1245.0,6.39,1170.2349,28.85,34.85,31.85,32.93,18.8,0.3867,0.3463,0.0025,-0.7,1.396,30.6986,29.7,0,1
LLY261030P01245000,LLY,2026-10-30,37,P,1245.0,6.39,1170.2349,95.25,103.6,99.425,105.9,8.4,0.3733,-0.6621,0.0026,-0.7104,1.3755,98.6005,70.8,0,7
LLY261030C01250000,LLY,2026-10-30,37,C,1250.0,6.82,1170.2349,27.45,34.8,31.125,27.5,23.6,0.3922,0.3343,0.0025,-0.6899,1.3778,29.9881,28.8,2,48
LLY261030P01250000,LLY,2026-10-30,37,P,1250.0,6.82,1170.2349,97.35,106.05,101.7,121.27,8.6,0.3637,-0.6744,0.0026,-0.7,1.3572,100.8744,72.3,0,1
LLY261030C01255000,LLY,2026-10-30,37,C,1255.0,7.24,1170.2349,25.6,33.35,29.475,22.6,26.3,0.3906,0.3225,0.0025,-0.6792,1.3582,28.3656,27.7,2,16
LLY261030P01255000,LLY,2026-10-30,37,P,1255.0,7.24,1170.2349,100.15,109.25,104.7,112.7,8.7,0.3588,-0.6866,0.0025,-0.6894,1.3378,103.8665,73.7,0,8
LLY261030C01260000,LLY,2026-10-30,37,C,1260.0,7.67,1170.2349,24.15,32.95,28.55,30.1,30.8,0.394,0.3109,0.0024,-0.668,1.3373,27.4596,26.8,4,1
LLY261030P01260000,LLY,2026-10-30,37,P,1260.0,7.67,1170.2349,104.1,113.15,108.625,131.5,8.3,0.3605,-0.6985,0.0025,-0.6784,1.315,107.781,74.7,0,1
LLY261030C01265000,LLY,2026-10-30,37,C,1265.0,8.1,1170.2349,23.8,28.8,26.3,26.3,19.0,0.387,0.2996,0.0024,-0.6564,1.3155,25.2485,25.4,1,16
LLY261030P01265000,LLY,2026-10-30,37,P,1265.0,8.1,1170.2349,106.4,117.5,111.95,0.0,9.9,0.3567,-0.7102,0.0025,-0.6667,1.2902,111.0548,76.0,0,0
LLY261030C01270000,LLY,2026-10-30,37,C,1270.0,8.53,1170.2349,23.35,27.4,25.375,23.63,16.0,0.3897,0.2884,0.0024,-0.6444,1.2932,24.3487,24.5,0,2
LLY261030P01270000,LLY,2026-10-30,37,P,1270.0,8.53,1170.2349,110.4,120.35,115.375,139.45,8.6,0.3533,-0.7216,0.0024,-0.6545,1.26,114.4527,77.3,0,1
LLY261030C01275000,LLY,2026-10-30,37,C,1275.0,8.95,1170.2349,20.15,28.1,24.125,23.98,33.0,0.3895,0.2776,0.0023,-0.6321,1.2703,23.126,23.6,7,12
LLY261030P01275000,LLY,2026-10-30,37,P,1275.0,8.95,1170.2349,113.9,124.15,119.025,136.79,8.6,0.3512,-0.7329,0.0024,-0.642,1.2386,118.0772,78.4,0,1
LLY261030C01280000,LLY,2026-10-30,37,C,1280.0,9.38,1170.2349,19.55,25.15,22.35,21.45,25.1,0.3847,0.267,0.0023,-0.6194,1.2464,21.393,22.4,0,12
LLY261030P01280000,LLY,2026-10-30,37,P,1280.0,9.38,1170.2349,119.55,127.85,123.7,147.85,6.7,0.3576,-0.7438,0.0024,-0.6294,1.2137,122.751,79.1,0,2
LLY261030C01285000,LLY,2026-10-30,37,C,1285.0,9.81,1170.2349,17.9,24.9,21.4,20.5,32.7,0.386,0.2566,0.0022,-0.6066,1.2216,20.4577,21.5,0,8
LLY261030P01285000,LLY,2026-10-30,37,P,1285.0,9.81,1170.2349,121.7,131.5,126.6,0.0,7.7,0.3477,-0.7545,0.0023,-0.6167,1.1872,125.5945,80.6,0,0
LLY261030C01290000,LLY,2026-10-30,37,C,1290.0,10.23,1170.2349,16.65,24.0,20.325,22.72,36.2,0.386,0.2466,0.0022,-0.5935,1.196,19.4106,20.6,2,4
LLY261030P01290000,LLY,2026-10-30,37,P,1290.0,10.23,1170.2349,127.15,135.7,131.425,0.0,6.5,0.3547,-0.7649,0.0023,-0.6037,1.1619,130.4008,81.1,0,0
LLY261030C01295000,LLY,2026-10-30,37,C,1295.0,10.66,1170.2349,17.55,21.9,19.725,19.35,22.1,0.3897,0.2368,0.0021,-0.5802,1.1702,18.8308,19.9,0,7
LLY261030P01295000,LLY,2026-10-30,37,P,1295.0,10.66,1170.2349,130.0,140.5,135.25,0.0,7.8,0.352,-0.7751,0.0022,-0.5904,1.1252,134.175,82.2,0,0
LLY261030C01300000,LLY,2026-10-30,37,C,1300.0,11.09,1170.2349,14.9,20.9,17.9,18.13,33.5,0.3824,0.2272,0.0021,-0.5668,1.1445,17.0499,18.6,10,36
LLY261030P01300000,LLY,2026-10-30,37,P,1300.0,11.09,1170.2349,133.85,143.85,138.85,164.85,7.2,0.3466,-0.7849,0.0022,-0.5768,1.0961,137.7339,83.4,0,1
LLY261030C01305000,LLY,2026-10-30,37,C,1305.0,11.52,1170.2349,15.55,20.1,17.825,16.58,25.5,0.3901,0.218,0.002,-0.5534,1.1185,16.9791,18.2,0,13
LLY261030P01305000,LLY,2026-10-30,37,P,1305.0,11.52,1170.2349,139.05,149.5,144.275,0.0,7.2,0.3588,-0.7945,0.0021,-0.5633,1.0711,143.1428,83.5,0,0
LLY261030C01310000,LLY,2026-10-30,37,C,1310.0,11.94,1170.2349,15.7,18.6,17.15,18.53,16.9,0.3922,0.2091,0.002,-0.5399,1.092,16.3166,17.5,2,4
LLY261030P01310000,LLY,2026-10-30,37,P,1310.0,11.94,1170.2349,142.85,153.3,148.075,0.0,7.1,0.3545,-0.8038,0.0021,-0.5498,1.0439,146.8975,84.6,0,0
LLY261030C01315000,LLY,2026-10-30,37,C,1315.0,12.37,1170.2349,13.45,17.7,15.575,0.0,27.3,0.3858,0.2004,0.0019,-0.5264,1.065,14.7986,16.4,0,0
LLY261030P01315000,LLY,2026-10-30,37,P,1315.0,12.37,1170.2349,147.45,157.55,152.5,0.0,6.6,0.356,-0.8129,0.002,-0.5362,1.0132,151.2744,85.3,0,0
LLY261030C01320000,LLY,2026-10-30,37,C,1320.0,12.8,1170.2349,12.15,18.65,15.4,15.03,42.2,0.392,0.1921,0.0019,-0.5129,1.0378,14.6273,16.0,13,18
LLY261030P01320000,LLY,2026-10-30,37,P,1320.0,12.8,1170.2349,150.45,161.8,156.125,175.7,7.3,0.3481,-0.8216,0.002,-0.5227,0.9862,154.8168,86.6,0,3
LLY261030C01325000,LLY,2026-10-30,37,C,1325.0,13.23,1170.2349,12.55,15.95,14.25,14.41,23.9,0.3886,0.184,0.0018,-0.4995,1.011,13.5135,15.1,1,2
LLY261030P01325000,LLY,2026-10-30,37,P,1325.0,13.23,1170.2349,155.45,166.1,160.775,0.0,6.6,0.3514,-0.8301,0.0019,-0.5091,0.9467,159.4356,87.1,0,0
LLY261030C01330000,LLY,2026-10-30,37,C,1330.0,13.65,1170.2349,11.1,16.7,13.9,13.15,40.3,0.3927,0.1762,0.0018,-0.4861,0.9846,13.1741,14.6,0,17
LLY261030P01330000,LLY,2026-10-30,37,P,1330.0,13.65,1170.2349,159.05,170.45,164.75,0.0,6.9,0.346,-0.8382,0.0019,-0.4955,0.9177,163.3318,88.1,0,0
LLY261030C01340000,LLY,2026-10-30,37,C,1340.0,14.51,1170.2349,10.95,14.0,12.475,9.75,24.4,0.3928,0.1615,0.0017,-0.4598,0.9321,11.7958,13.3,0,1
LLY261030P01340000,LLY,2026-10-30,37,P,1340.0,14.51,1170.2349,167.65,180.4,174.025,0.0,7.3,0.3503,-0.8537,0.0018,-0.4687,0.8639,172.5092,89.1,0,0
LLY261030C01360000,LLY,2026-10-30,37,C,1360.0,16.22,1170.2349,7.9,10.45,9.175,9.83,27.8,0.383,0.1353,0.0015,-0.4093,0.8288,8.6175,10.4,0,33
LLY261030P01360000,LLY,2026-10-30,37,P,1360.0,16.22,1170.2349,185.5,194.95,190.225,198.9,5.0,0.3081,-0.8814,0.0016,-0.4171,0.7395,187.9558,93.8,0,3
LLY261030C01380000,LLY,2026-10-30,37,C,1380.0,17.93,1170.2349,7.05,8.9,7.975,7.6,23.2,0.3934,0.1132,0.0013,-0.3625,0.7327,7.4716,8.9,11,14
LLY261030P01380000,LLY,2026-10-30,37,P,1380.0,17.93,1170.2349,203.55,215.05,209.3,228.16,5.5,0.29,-0.9049,0.0014,-0.3676,0.6369,206.112,96.3,0,1
LLY261030C01400000,LLY,2026-10-30,37,C,1400.0,19.63,1170.2349,4.7,8.15,6.425,6.35,53.7,0.3954,0.0946,0.0011,-0.3199,0.6448,5.9956,7.3,1,52
LLY261030P01400000,LLY,2026-10-30,37,P,1400.0,19.63,1170.2349,222.35,234.3,228.325,0.0,5.2,0.0,-0.9251,0.0013,-0.3289,0.5286,,,0,0
LLY261030C01420000,LLY,2026-10-30,37,C,1420.0,21.34,1170.2349,3.65,6.7,5.175,4.56,58.9,0.3976,0.0792,0.001,-0.2817,0.5649,4.8079,5.9,0,2
LLY261030P01420000,LLY,2026-10-30,37,P,1420.0,21.34,1170.2349,241.5,253.35,247.425,279.2,4.8,0.0,-0.942,0.0011,-0.2939,0.4391,,,0,1
LLY261030C01440000,LLY,2026-10-30,37,C,1440.0,23.05,1170.2349,1.37,6.1,3.735,4.1,126.6,0.3909,0.0664,0.0008,-0.2478,0.4947,3.4508,4.5,0,2
LLY261030P01440000,LLY,2026-10-30,37,P,1440.0,23.05,1170.2349,260.95,274.55,267.75,0.0,5.1,0.0,-0.9565,0.001,-0.2639,0.3425,,,0,0
LLY261030C01460000,LLY,2026-10-30,37,C,1460.0,24.76,1170.2349,2.16,4.1,3.13,3.12,62.0,0.3971,0.0558,0.0007,-0.2178,0.4319,2.8837,3.7,0,2
LLY261030P01460000,LLY,2026-10-30,37,P,1460.0,24.76,1170.2349,280.0,297.45,288.725,0.0,6.0,0.0,-0.9692,0.0009,-0.2468,0.2668,,,0,0
LLY261120C00880000,LLY,2026-11-20,58,C,880.0,-24.8,1170.2349,296.15,307.9,302.025,273.87,3.9,0.4905,0.9627,0.0004,-0.0972,0.3876,301.7161,91.8,0,39
LLY261120P00880000,LLY,2026-11-20,58,P,880.0,-24.8,1170.2349,2.1,4.8,3.45,3.9,78.3,0.4338,-0.0382,0.0004,-0.1381,0.3979,3.3078,5.5,1,80
LLY261120C00890000,LLY,2026-11-20,58,C,890.0,-23.95,1170.2349,286.6,298.35,292.475,244.35,4.0,0.4821,0.9583,0.0004,-0.11,0.421,292.1616,91.3,0,4
LLY261120P00890000,LLY,2026-11-20,58,P,890.0,-23.95,1170.2349,3.0,4.3,3.65,3.66,35.6,0.4245,-0.0426,0.0004,-0.1497,0.4342,3.4989,5.8,7,322
LLY261120C00900000,LLY,2026-11-20,58,C,900.0,-23.09,1170.2349,277.1,288.9,283.0,262.0,4.2,0.4746,0.9535,0.0005,-0.1237,0.4636,282.684,90.8,0,18
LLY261120P00900000,LLY,2026-11-20,58,P,900.0,-23.09,1170.2349,2.73,4.85,3.79,3.94,55.9,0.4137,-0.0476,0.0005,-0.1621,0.473,3.6368,6.1,4,165
LLY261120C00910000,LLY,2026-11-20,58,C,910.0,-22.24,1170.2349,267.65,279.45,273.55,266.6,4.3,0.4668,0.9482,0.0005,-0.1382,0.5064,273.2196,90.2,0,10
LLY261120P00910000,LLY,2026-11-20,58,P,910.0,-22.24,1170.2349,3.2,7.1,5.15,4.76,75.7,0.4271,-0.053,0.0006,-0.1753,0.5152,4.9509,7.6,3,102
LLY261120C00920000,LLY,2026-11-20,58,C,920.0,-21.38,1170.2349,258.15,270.05,264.1,239.63,4.5,0.4586,0.9422,0.0006,-0.1536,0.5479,263.761,89.6,0,18
LLY261120P00920000,LLY,2026-11-20,58,P,920.0,-21.38,1170.2349,4.25,6.0,5.125,5.0,34.1,0.412,-0.059,0.0006,-0.1894,0.5618,4.9256,7.8,11,77
LLY261120C00930000,LLY,2026-11-20,58,C,930.0,-20.53,1170.2349,248.75,260.7,254.725,221.45,4.7,0.4511,0.9357,0.0006,-0.1698,0.5952,254.3827,88.9,0,7
LLY261120P00930000,LLY,2026-11-20,58,P,930.0,-20.53,1170.2349,3.9,6.3,5.1,5.7,47.1,0.3971,-0.0656,0.0007,-0.2043,0.6084,4.905,7.9,11,126
LLY261120C00940000,LLY,2026-11-20,58,C,940.0,-19.67,1170.2349,239.5,251.45,245.475,208.13,4.9,0.4448,0.9285,0.0007,-0.1868,0.6507,245.1322,88.2,0,21
LLY261120P00940000,LLY,2026-11-20,58,P,940.0,-19.67,1170.2349,5.45,6.85,6.15,6.22,22.8,0.4001,-0.0728,0.0007,-0.22,0.6584,5.9217,9.1,24,281
LLY261120C00950000,LLY,2026-11-20,58,C,950.0,-18.82,1170.2349,230.35,242.3,236.325,210.1,5.1,0.4389,0.9206,0.0008,-0.2047,0.7008,235.9661,87.3,0,15
LLY261120P00950000,LLY,2026-11-20,58,P,950.0,-18.82,1170.2349,5.35,7.65,6.5,7.2,35.4,0.3907,-0.0808,0.0008,-0.2366,0.7145,6.2646,9.7,10,277
LLY261120C00960000,LLY,2026-11-20,58,C,960.0,-17.97,1170.2349,222.3,232.75,227.525,215.15,4.6,0.4365,0.9119,0.0008,-0.2234,0.754,227.1528,86.2,0,34
LLY261120P00960000,LLY,2026-11-20,58,P,960.0,-17.97,1170.2349,5.2,9.5,7.35,8.55,58.5,0.388,-0.0896,0.0009,-0.254,0.7694,7.0925,10.7,3,70
LLY261120C00970000,LLY,2026-11-20,58,C,970.0,-17.11,1170.2349,212.35,224.3,218.325,319.64,5.5,0.4285,0.9024,0.0009,-0.2428,0.8201,217.9435,85.3,0,7
LLY261120P00970000,LLY,2026-11-20,58,P,970.0,-17.11,1170.2349,6.65,9.9,8.275,7.92,39.3,0.385,-0.0991,0.0009,-0.2721,0.8272,7.9876,11.8,14,106
LLY261120C00980000,LLY,2026-11-20,58,C,980.0,-16.26,1170.2349,203.25,215.95,209.6,203.85,6.1,0.4251,0.8921,0.001,-0.2629,0.8778,209.2142,84.1,0,10
LLY261120P00980000,LLY,2026-11-20,58,P,980.0,-16.26,1170.2349,7.55,11.1,9.325,8.85,38.1,0.3825,-0.1095,0.001,-0.2909,0.8903,9.017,12.9,21,177
LLY261120C00990000,LLY,2026-11-20,58,C,990.0,-15.4,1170.2349,195.8,207.2,201.5,210.05,5.7,0.4267,0.8809,0.0011,-0.2837,0.9374,201.0897,82.5,0,31
LLY261120P00990000,LLY,2026-11-20,58,P,990.0,-15.4,1170.2349,8.3,12.7,10.5,11.45,41.9,0.3801,-0.1207,0.0011,-0.3103,0.953,10.1623,14.2,5,432
LLY261120C01000000,LLY,2026-11-20,58,C,1000.0,-14.55,1170.2349,188.45,197.8,193.125,177.24,4.8,0.4242,0.8689,0.0012,-0.3049,1.0097,192.6981,81.1,0,75
LLY261120P01000000,LLY,2026-11-20,58,P,1000.0,-14.55,1170.2349,12.0,13.6,12.8,13.11,12.5,0.3879,-0.1329,0.0012,-0.3302,1.0167,12.4059,16.3,56,770
LLY261120C01010000,LLY,2026-11-20,58,C,1010.0,-13.69,1170.2349,177.75,190.25,184.0,159.64,6.8,0.414,0.8559,0.0012,-0.3264,1.0727,183.5692,80.2,0,11
LLY261120P01010000,LLY,2026-11-20,58,P,1010.0,-13.69,1170.2349,12.65,15.3,13.975,14.8,19.0,0.3826,-0.1459,0.0012,-0.3505,1.0834,13.5583,17.6,4,131
LLY261120C01020000,LLY,2026-11-20,58,C,1020.0,-12.84,1170.2349,169.6,181.0,175.3,166.48,6.5,0.4071,0.842,0.0013,-0.3482,1.1373,174.8757,79.0,0,5
LLY261120P01020000,LLY,2026-11-20,58,P,1020.0,-12.84,1170.2349,12.85,16.6,14.725,16.03,25.5,0.3726,-0.1599,0.0013,-0.371,1.151,14.2969,18.6,34,99
LLY261120C01030000,LLY,2026-11-20,58,C,1030.0,-11.98,1170.2349,162.3,174.0,168.15,156.0,7.0,0.4118,0.8272,0.0014,-0.3701,1.2101,167.7004,76.9,0,13
LLY261120P01030000,LLY,2026-11-20,58,P,1030.0,-11.98,1170.2349,16.65,19.05,17.85,18.02,13.4,0.3823,-0.1747,0.0014,-0.3915,1.2166,17.3642,21.1,19,123
LLY261120C01040000,LLY,2026-11-20,58,C,1040.0,-11.13,1170.2349,154.25,164.9,159.575,143.68,6.7,0.4039,0.8115,0.0015,-0.3917,1.2741,159.1258,75.5,0,18
LLY261120P01040000,LLY,2026-11-20,58,P,1040.0,-11.13,1170.2349,17.7,20.9,19.3,20.02,16.6,0.3762,-0.1905,0.0015,-0.4119,1.2837,18.7946,22.5,36,126
LLY261120C01050000,LLY,2026-11-20,58,C,1050.0,-10.27,1170.2349,146.75,156.5,151.625,122.75,6.4,0.3998,0.7949,0.0016,-0.4132,1.3398,151.1576,73.9,0,55
LLY261120P01050000,LLY,2026-11-20,58,P,1050.0,-10.27,1170.2349,20.2,23.45,21.825,22.2,14.9,0.3773,-0.2071,0.0016,-0.4321,1.3504,21.2749,24.6,66,310
LLY261120C01060000,LLY,2026-11-20,58,C,1060.0,-9.42,1170.2349,138.55,150.0,144.275,108.8,7.9,0.3989,0.7775,0.0017,-0.434,1.407,143.7839,72.0,0,23
LLY261120P01060000,LLY,2026-11-20,58,P,1060.0,-9.42,1170.2349,20.75,25.5,23.125,25.69,20.5,0.368,-0.2246,0.0017,-0.4518,1.4129,22.5434,26.0,5,91
LLY261120C01070000,LLY,2026-11-20,58,C,1070.0,-8.57,1170.2349,132.75,142.15,137.45,103.28,6.8,0.4004,0.7593,0.0017,-0.4542,1.4668,136.9515,69.9,0,30
LLY261120P01070000,LLY,2026-11-20,58,P,1070.0,-8.57,1170.2349,23.9,28.85,26.375,30.15,18.8,0.3717,-0.2428,0.0018,-0.4707,1.4753,25.7579,28.3,1,117
LLY261120C01080000,LLY,2026-11-20,58,C,1080.0,-7.71,1170.2349,125.6,134.25,129.925,112.35,6.7,0.3958,0.7403,0.0018,-0.4735,1.5286,129.4053,68.1,0,38
LLY261120P01080000,LLY,2026-11-20,58,P,1080.0,-7.71,1170.2349,25.05,34.2,29.625,28.9,30.9,0.3736,-0.2619,0.0018,-0.4889,1.5352,28.9646,30.6,5,79
LLY261120C01090000,LLY,2026-11-20,58,C,1090.0,-6.86,1170.2349,118.6,127.25,122.925,119.53,7.0,0.3936,0.7207,0.0019,-0.4917,1.5844,122.3971,66.1,0,31
LLY261120P01090000,LLY,2026-11-20,58,P,1090.0,-6.86,1170.2349,27.75,34.7,31.225,34.45,22.3,0.3635,-0.2817,0.0019,-0.506,1.5895,30.5452,32.2,9,112
LLY261120C01100000,LLY,2026-11-20,58,C,1100.0,-6.0,1170.2349,111.85,123.15,117.5,112.0,9.6,0.3998,0.7005,0.002,-0.5086,1.635,116.9502,63.6,33,79
LLY261120P01100000,LLY,2026-11-20,58,P,1100.0,-6.0,1170.2349,34.0,37.35,35.675,35.76,9.4,0.3702,-0.302,0.002,-0.5219,1.642,34.938,34.9,11,298
LLY261120C01110000,LLY,2026-11-20,58,C,1110.0,-5.15,1170.2349,105.3,113.95,109.625,105.15,7.9,0.3899,0.6797,0.002,-0.5242,1.6847,109.073,61.9,0,24
LLY261120P01110000,LLY,2026-11-20,58,P,1110.0,-5.15,1170.2349,36.85,42.05,39.45,39.0,13.2,0.3711,-0.3229,0.002,-0.5365,1.69,38.6668,37.2,9,204
LLY261120C01120000,LLY,2026-11-20,58,C,1120.0,-4.29,1170.2349,99.55,106.65,103.1,101.25,6.9,0.387,0.6585,0.0021,-0.5382,1.7276,102.5332,59.8,3,84
LLY261120P01120000,LLY,2026-11-20,58,P,1120.0,-4.29,1170.2349,38.15,47.1,42.625,43.45,21.0,0.3672,-0.3443,0.0021,-0.5496,1.7315,41.8134,39.4,3,456
LLY261120C01130000,LLY,2026-11-20,58,C,1130.0,-3.44,1170.2349,93.45,99.6,96.525,95.1,6.4,0.3827,0.6368,0.0021,-0.5506,1.7647,95.9476,57.7,9,399
LLY261120P01130000,LLY,2026-11-20,58,P,1130.0,-3.44,1170.2349,42.7,49.6,46.15,47.25,15.0,0.3642,-0.3661,0.0021,-0.5611,1.7696,45.3172,41.6,4,101
LLY261120C01140000,LLY,2026-11-20,58,C,1140.0,-2.58,1170.2349,87.55,92.25,89.9,88.65,5.2,0.3771,0.6148,0.0022,-0.5613,1.7985,89.326,55.6,7,83
LLY261120P01140000,LLY,2026-11-20,58,P,1140.0,-2.58,1170.2349,47.7,54.8,51.25,52.55,13.9,0.3686,-0.3882,0.0022,-0.5708,1.8018,50.3527,44.1,22,211
LLY261120C01150000,LLY,2026-11-20,58,C,1150.0,-1.73,1170.2349,82.1,85.95,84.025,84.8,4.6,0.3745,0.5927,0.0022,-0.57,1.8255,83.4432,53.4,12,171
LLY261120P01150000,LLY,2026-11-20,58,P,1150.0,-1.73,1170.2349,53.2,59.3,56.25,57.45,10.8,0.3712,-0.4106,0.0022,-0.5789,1.8277,55.3244,46.5,2,107
LLY261120C01160000,LLY,2026-11-20,58,C,1160.0,-0.87,1170.2349,76.75,85.0,80.875,78.42,10.2,0.3855,0.5703,0.0022,-0.5769,1.8465,80.2699,50.9,10,170
LLY261120P01160000,LLY,2026-11-20,58,P,1160.0,-0.87,1170.2349,59.1,63.1,61.1,61.95,6.5,0.3716,-0.4331,0.0022,-0.5851,1.8481,60.1381,48.9,10,150
LLY261120C01170000,LLY,2026-11-20,58,C,1170.0,-0.02,1170.2349,72.05,79.35,75.7,77.2,9.6,0.3842,0.5479,0.0022,-0.5819,1.8625,75.0862,48.7,9,140
LLY261120P01170000,LLY,2026-11-20,58,P,1170.0,-0.02,1170.2349,65.0,69.25,67.125,66.75,6.3,0.3771,-0.4558,0.0023,-0.5894,1.8625,66.1262,51.3,29,63
LLY261120C01180000,LLY,2026-11-20,58,C,1180.0,0.83,1170.2349,68.1,74.55,71.325,68.4,9.0,0.3861,0.5255,0.0023,-0.5849,1.872,70.7147,46.4,7,92
LLY261120P01180000,LLY,2026-11-20,58,P,1180.0,0.83,1170.2349,69.75,73.95,71.85,71.92,5.8,0.3743,-0.4785,0.0023,-0.5919,1.8713,70.8117,53.5,12,85
LLY261120C01190000,LLY,2026-11-20,58,C,1190.0,1.69,1170.2349,63.25,69.95,66.6,64.1,10.1,0.385,0.5031,0.0023,-0.586,1.8757,66.0048,44.3,23,253
LLY261120P01190000,LLY,2026-11-20,58,P,1190.0,1.69,1170.2349,75.65,78.85,77.25,74.25,4.1,0.3736,-0.5012,0.0023,-0.5926,1.8733,76.1085,55.7,35,41
LLY261120C01200000,LLY,2026-11-20,58,C,1200.0,2.54,1170.2349,58.4,65.25,61.825,62.75,11.1,0.3823,0.4809,0.0023,-0.5852,1.874,61.212,42.1,35,282
LLY261120P01200000,LLY,2026-11-20,58,P,1200.0,2.54,1170.2349,76.85,84.5,80.675,80.75,9.5,0.3618,-0.5237,0.0023,-0.5913,1.8687,79.564,58.0,5,92
LLY261120C01210000,LLY,2026-11-20,58,C,1210.0,3.4,1170.2349,55.15,60.9,58.025,58.8,9.9,0.3838,0.4589,0.0023,-0.5826,1.8662,57.4118,40.0,2,1
LLY261120P01210000,LLY,2026-11-20,58,P,1210.0,3.4,1170.2349,83.0,90.35,86.675,93.62,8.5,0.3622,-0.5461,0.0023,-0.5884,1.8606,85.5138,60.2,0,1
LLY261120C01220000,LLY,2026-11-20,58,C,1220.0,4.25,1170.2349,51.0,57.1,54.05,53.88,11.3,0.3833,0.4372,0.0022,-0.5782,1.8531,53.4482,37.9,7,250
LLY261120P01220000,LLY,2026-11-20,58,P,1220.0,4.25,1170.2349,87.3,96.3,91.8,98.65,9.8,0.3567,-0.5683,0.0023,-0.5838,1.8462,90.6006,62.5,2,52
LLY261120C01230000,LLY,2026-11-20,58,C,1230.0,5.11,1170.2349,47.2,53.3,50.25,52.1,12.1,0.3826,0.4158,0.0022,-0.5721,1.8349,49.6525,35.9,1,6
LLY261120P01230000,LLY,2026-11-20,58,P,1230.0,5.11,1170.2349,95.2,103.65,99.425,112.42,8.5,0.3636,-0.5901,0.0023,-0.5774,1.8231,98.1713,64.5,0,4
LLY261120C01240000,LLY,2026-11-20,58,C,1240.0,5.96,1170.2349,43.85,48.35,46.1,44.45,9.8,0.3789,0.3947,0.0022,-0.5644,1.8117,45.5184,33.8,6,124
LLY261120P01240000,LLY,2026-11-20,58,P,1240.0,5.96,1170.2349,100.05,108.85,104.45,128.95,8.4,0.355,-0.6117,0.0022,-0.5696,1.7982,103.1494,66.8,0,42
LLY261120C01250000,LLY,2026-11-20,58,C,1250.0,6.82,1170.2349,39.7,44.8,42.25,43.55,12.1,0.3757,0.3742,0.0022,-0.5552,1.7835,41.6862,31.8,68,34
LLY261120P01250000,LLY,2026-11-20,58,P,1250.0,6.82,1170.2349,107.4,116.15,111.775,0.0,7.8,0.358,-0.6328,0.0022,-0.5605,1.7684,110.4165,68.8,0,0
LLY261120C01260000,LLY,2026-11-20,58,C,1260.0,7.67,1170.2349,36.95,44.15,40.55,40.25,17.8,0.3835,0.3541,0.0021,-0.5446,1.7512,39.9731,30.2,10,300
LLY261120P01260000,LLY,2026-11-20,58,P,1260.0,7.67,1170.2349,114.5,122.95,118.725,136.0,7.1,0.3578,-0.6534,0.0022,-0.5498,1.7299,117.3113,70.7,0,53
LLY261120C01270000,LLY,2026-11-20,58,C,1270.0,8.53,1170.2349,34.1,40.0,37.05,38.55,15.9,0.3802,0.3346,0.0021,-0.5329,1.7154,36.4976,28.3,8,19
LLY261120P01270000,LLY,2026-11-20,58,P,1270.0,8.53,1170.2349,120.45,129.95,125.2,0.0,7.6,0.3534,-0.6736,0.0022,-0.538,1.6884,123.6952,72.8,0,0
LLY261120C01280000,LLY,2026-11-20,58,C,1280.0,9.38,1170.2349,30.95,38.5,34.725,33.78,21.7,0.3827,0.3156,0.002,-0.52,1.6752,34.187,26.7,24,424
LLY261120P01280000,LLY,2026-11-20,58,P,1280.0,9.38,1170.2349,128.4,137.1,132.75,155.15,6.6,0.3544,-0.6933,0.0021,-0.5255,1.6478,131.1802,74.5,0,104
LLY261120C01300000,LLY,2026-11-20,58,C,1300.0,11.09,1170.2349,26.5,30.9,28.7,29.05,15.3,0.3763,0.2796,0.0019,-0.4915,1.5868,28.2009,23.2,532,601
LLY261120P01300000,LLY,2026-11-20,58,P,1300.0,11.09,1170.2349,143.0,152.2,147.6,192.58,6.2,0.3512,-0.7307,0.002,-0.497,1.5425,145.8494,78.1,0,28
LLY261120C01320000,LLY,2026-11-20,58,C,1320.0,12.8,1170.2349,22.35,24.8,23.575,23.52,10.4,0.371,0.2463,0.0018,-0.4603,1.4878,23.1234,19.9,48,187
LLY261120P01320000,LLY,2026-11-20,58,P,1320.0,12.8,1170.2349,159.25,168.85,164.05,185.9,5.9,0.3544,-0.7657,0.0019,-0.4666,1.4414,162.1357,81.0,0,17
LLY261120C01340000,LLY,2026-11-20,58,C,1340.0,14.51,1170.2349,18.9,22.75,20.825,21.5,18.5,0.3779,0.2159,0.0017,-0.4275,1.3851,20.3831,17.6,14,236
LLY261120P01340000,LLY,2026-11-20,58,P,1340.0,14.51,1170.2349,174.9,186.25,180.575,228.89,6.3,0.3537,-0.7979,0.0018,-0.4339,1.3135,178.4215,83.8,0,21
LLY261120C01360000,LLY,2026-11-20,58,C,1360.0,16.22,1170.2349,16.15,20.7,18.425,17.0,24.7,0.3848,0.1884,0.0015,-0.394,1.2769,18.0182,15.5,21,471
LLY261120P01360000,LLY,2026-11-20,58,P,1360.0,16.22,1170.2349,191.6,201.85,196.725,171.5,5.2,0.3442,-0.8275,0.0017,-0.4013,1.2008,194.2132,86.8,0,23
LLY261120C01380000,LLY,2026-11-20,58,C,1380.0,17.93,1170.2349,13.65,17.9,15.775,14.5,26.9,0.3869,0.1638,0.0014,-0.3608,1.1709,15.4033,13.5,18,160
LLY261120P01380000,LLY,2026-11-20,58,P,1380.0,17.93,1170.2349,210.05,220.05,215.05,212.55,4.7,0.3498,-0.8542,0.0015,-0.3678,1.0601,212.2667,88.6,0,16
LLY261120C01400000,LLY,2026-11-20,58,C,1400.0,19.63,1170.2349,11.5,13.85,12.675,11.8,18.5,0.3815,0.1419,0.0013,-0.3284,1.0655,12.3455,11.3,46,351
LLY261120P01400000,LLY,2026-11-20,58,P,1400.0,19.63,1170.2349,225.85,238.1,231.975,249.75,5.3,0.3329,-0.8783,0.0014,-0.3355,0.9495,228.5428,91.5,0,22
LLY261120C01420000,LLY,2026-11-20,58,C,1420.0,21.34,1170.2349,9.45,10.8,10.125,11.05,13.3,0.3769,0.1227,0.0012,-0.2976,0.966,9.8438,9.3,5,603
LLY261120P01420000,LLY,2026-11-20,58,P,1420.0,21.34,1170.2349,244.15,255.9,250.025,253.5,4.7,0.3162,-0.8998,0.0013,-0.3045,0.8029,245.6797,93.9,0,13
LLY261120C01440000,LLY,2026-11-20,58,C,1440.0,23.05,1170.2349,6.25,9.0,7.625,8.3,36.1,0.3678,0.1059,0.001,-0.2686,0.8702,7.3912,7.4,21,211
LLY261120P01440000,LLY,2026-11-20,58,P,1440.0,23.05,1170.2349,263.15,275.1,269.125,311.74,4.4,0.0,-0.919,0.0012,-0.279,0.707,,,0,26
LLY261120C01460000,LLY,2026-11-20,58,C,1460.0,24.76,1170.2349,6.0,8.0,7.0,7.41,28.6,0.378,0.0913,0.0009,-0.2416,0.7827,6.7826,6.7,717,432
LLY261120P01460000,LLY,2026-11-20,58,P,1460.0,24.76,1170.2349,282.15,294.15,288.15,284.2,4.2,0.0,-0.9359,0.0011,-0.2504,0.5657,,,0,27
LLY261218C00880000,LLY,2026-12-18,86,C,880.0,-24.8,1170.2349,299.9,313.5,306.7,305.39,4.4,0.4346,0.9433,0.0005,-0.0953,0.6591,306.3434,90.2,1,85
LLY261218P00880000,LLY,2026-12-18,86,P,880.0,-24.8,1170.2349,4.0,7.4,5.7,8.0,59.6,0.4011,-0.0571,0.0005,-0.1493,0.6641,5.5826,7.9,0,191
LLY261218C00890000,LLY,2026-12-18,86,C,890.0,-23.95,1170.2349,292.3,304.7,298.5,284.9,4.2,0.4427,0.9378,0.0005,-0.1068,0.7082,298.114,88.7,0,163
LLY261218P00890000,LLY,2026-12-18,86,P,890.0,-23.95,1170.2349,3.9,10.05,6.975,10.85,88.2,0.4073,-0.0626,0.0005,-0.1593,0.7141,6.8322,9.1,0,341
LLY261218C00900000,LLY,2026-12-18,86,C,900.0,-23.09,1170.2349,283.0,295.5,289.25,290.6,4.3,0.4365,0.932,0.0006,-0.1189,0.7595,288.8374,88.1,2,157
LLY261218P00900000,LLY,2026-12-18,86,P,900.0,-23.09,1170.2349,6.6,7.85,7.225,7.7,17.3,0.3979,-0.0685,0.0006,-0.1698,0.7637,7.0803,9.5,1,504
LLY261218C00920000,LLY,2026-12-18,86,C,920.0,-21.38,1170.2349,264.75,276.7,270.725,239.55,4.4,0.4227,0.9187,0.0007,-0.1444,0.8687,270.268,86.8,0,367
LLY261218P00920000,LLY,2026-12-18,86,P,920.0,-21.38,1170.2349,6.55,9.95,8.25,9.4,41.2,0.3851,-0.082,0.0007,-0.1922,0.8761,8.087,10.7,17,384
LLY261218C00940000,LLY,2026-12-18,86,C,940.0,-19.67,1170.2349,247.15,258.8,252.975,228.85,4.6,0.4149,0.9031,0.0008,-0.1717,0.989,252.4733,84.9,0,143
LLY261218P00940000,LLY,2026-12-18,86,P,940.0,-19.67,1170.2349,8.7,11.0,9.85,11.0,23.4,0.377,-0.0977,0.0008,-0.2164,0.9942,9.6626,12.4,119,295
LLY261218C00960000,LLY,2026-12-18,86,C,960.0,-17.97,1170.2349,229.3,242.0,235.65,220.34,5.4,0.4082,0.8852,0.0009,-0.2005,1.1164,235.1018,82.8,0,52
LLY261218P00960000,LLY,2026-12-18,86,P,960.0,-17.97,1170.2349,9.9,14.6,12.25,13.85,38.4,0.3738,-0.1159,0.0009,-0.2422,1.1275,12.0149,14.6,15,304
LLY261218C00980000,LLY,2026-12-18,86,C,980.0,-16.26,1170.2349,212.65,225.1,218.875,205.04,5.7,0.403,0.8647,0.001,-0.2304,1.2513,218.28,80.4,0,272
LLY261218P00980000,LLY,2026-12-18,86,P,980.0,-16.26,1170.2349,15.5,16.95,16.225,15.5,8.9,0.3799,-0.1367,0.001,-0.2692,1.258,15.9262,17.9,10,429
LLY261218C01000000,LLY,2026-12-18,86,C,1000.0,-14.55,1170.2349,197.1,207.4,202.25,200.3,5.1,0.396,0.8414,0.0011,-0.2611,1.3896,201.6316,78.0,3,849
LLY261218P01000000,LLY,2026-12-18,86,P,1000.0,-14.55,1170.2349,15.6,20.2,17.9,19.15,25.7,0.3639,-0.1603,0.0011,-0.297,1.4011,17.5876,19.6,26,900
LLY261218C01020000,LLY,2026-12-18,86,C,1020.0,-12.84,1170.2349,181.3,191.65,186.475,180.83,5.6,0.3916,0.8156,0.0012,-0.2918,1.5286,185.8111,75.1,11,149
LLY261218P01020000,LLY,2026-12-18,86,P,1020.0,-12.84,1170.2349,20.8,24.65,22.725,25.43,16.9,0.3676,-0.1865,0.0013,-0.3248,1.5373,22.3457,23.2,25,508
LLY261218C01040000,LLY,2026-12-18,86,C,1040.0,-11.13,1170.2349,167.4,176.9,172.15,152.75,5.5,0.3927,0.7872,0.0014,-0.3218,1.6654,171.4489,71.7,0,140
LLY261218P01040000,LLY,2026-12-18,86,P,1040.0,-11.13,1170.2349,23.3,30.55,26.925,28.0,26.9,0.3627,-0.2154,0.0014,-0.352,1.6762,26.4707,26.3,3,422
LLY261218C01060000,LLY,2026-12-18,86,C,1060.0,-9.42,1170.2349,150.1,163.15,156.625,154.92,8.3,0.3833,0.7564,0.0015,-0.3504,1.7946,155.8892,68.8,1,105
LLY261218P01060000,LLY,2026-12-18,86,P,1060.0,-9.42,1170.2349,29.6,34.0,31.8,31.67,13.8,0.3585,-0.2467,0.0015,-0.3779,1.8051,31.2882,29.6,30,433
LLY261218C01080000,LLY,2026-12-18,86,C,1080.0,-7.71,1170.2349,137.45,148.5,142.975,126.87,7.7,0.3812,0.7235,0.0016,-0.3767,1.915,142.2197,65.3,0,130
LLY261218P01080000,LLY,2026-12-18,86,P,1080.0,-7.71,1170.2349,34.55,40.7,37.625,38.95,16.3,0.3559,-0.2802,0.0016,-0.4015,1.9243,37.0391,33.3,21,382
LLY261218C01100000,LLY,2026-12-18,86,C,1100.0,-6.0,1170.2349,124.55,132.95,128.75,128.3,6.5,0.3728,0.6887,0.0017,-0.4003,2.0206,127.9652,61.9,3,832
LLY261218P01100000,LLY,2026-12-18,86,P,1100.0,-6.0,1170.2349,42.7,47.85,45.275,45.65,11.4,0.3588,-0.3156,0.0017,-0.4223,2.029,44.5989,37.4,6,899
LLY261218C01120000,LLY,2026-12-18,86,C,1120.0,-4.29,1170.2349,112.5,121.75,117.125,118.5,7.9,0.374,0.6526,0.0018,-0.4203,2.1114,116.3284,58.0,11,269
LLY261218P01120000,LLY,2026-12-18,86,P,1120.0,-4.29,1170.2349,49.85,56.05,52.95,53.56,11.7,0.3578,-0.3525,0.0018,-0.4396,2.1174,52.1838,41.3,5,359
LLY261218C01130000,LLY,2026-12-18,86,C,1130.0,-3.44,1170.2349,107.3,117.15,112.225,99.97,8.8,0.3774,0.6341,0.0018,-0.4288,2.1493,111.4029,56.0,0,8
LLY261218P01130000,LLY,2026-12-18,86,P,1130.0,-3.44,1170.2349,53.5,60.1,56.8,57.2,11.6,0.356,-0.3713,0.0018,-0.4469,2.1549,55.9888,43.2,58,50
LLY261218C01140000,LLY,2026-12-18,86,C,1140.0,-2.58,1170.2349,101.8,111.8,106.8,103.55,9.4,0.3776,0.6154,0.0018,-0.4363,2.1828,105.9937,54.1,11,202
LLY261218P01140000,LLY,2026-12-18,86,P,1140.0,-2.58,1170.2349,57.5,64.0,60.75,61.6,10.7,0.3538,-0.3904,0.0019,-0.453,2.189,59.893,45.2,9,165
LLY261218C01150000,LLY,2026-12-18,86,C,1150.0,-1.73,1170.2349,96.5,101.5,99.0,100.0,5.1,0.3661,0.5966,0.0019,-0.4428,2.2117,98.1972,52.5,5,6
LLY261218P01150000,LLY,2026-12-18,86,P,1150.0,-1.73,1170.2349,61.5,69.55,65.525,65.61,12.3,0.3542,-0.4099,0.0019,-0.4581,2.2149,64.5555,47.2,4,3
LLY261218C01160000,LLY,2026-12-18,86,C,1160.0,-0.87,1170.2349,91.0,98.0,94.5,94.2,7.4,0.3688,0.5776,0.0019,-0.4481,2.2352,93.695,50.5,42,222
LLY261218P01160000,LLY,2026-12-18,86,P,1160.0,-0.87,1170.2349,66.75,73.25,70.0,71.0,9.3,0.3528,-0.4291,0.0019,-0.4622,2.2368,69.019,49.2,9,421
LLY261218C01180000,LLY,2026-12-18,86,C,1180.0,0.83,1170.2349,81.4,88.85,85.125,85.9,8.8,0.3699,0.5395,0.0019,-0.4555,2.2669,84.3187,46.7,28,302
LLY261218P01180000,LLY,2026-12-18,86,P,1180.0,0.83,1170.2349,75.7,84.0,79.85,80.0,10.4,0.351,-0.4681,0.002,-0.467,2.2638,78.7508,53.1,17,91
LLY261218C01200000,LLY,2026-12-18,86,C,1200.0,2.54,1170.2349,72.5,78.35,75.425,75.31,7.8,0.3664,0.5016,0.0019,-0.4584,2.2781,74.6476,43.0,64,1189
LLY261218P01200000,LLY,2026-12-18,86,P,1200.0,2.54,1170.2349,89.15,94.4,91.775,94.4,5.7,0.3548,-0.507,0.002,-0.4675,2.2703,90.5275,57.0,19,908
LLY261218C01220000,LLY,2026-12-18,86,C,1220.0,4.25,1170.2349,63.85,70.55,67.2,68.4,10.0,0.3661,0.4641,0.0019,-0.4571,2.2692,66.427,39.4,9,535
LLY261218P01220000,LLY,2026-12-18,86,P,1220.0,4.25,1170.2349,97.7,106.5,102.1,120.15,8.6,0.3481,-0.5456,0.002,-0.4638,2.2543,100.6891,60.8,0,38
LLY261218C01240000,LLY,2026-12-18,86,C,1240.0,5.96,1170.2349,56.0,62.75,59.375,61.6,11.4,0.3645,0.4275,0.0019,-0.4516,2.2413,58.6206,35.8,3,464
LLY261218P01240000,LLY,2026-12-18,86,P,1240.0,5.96,1170.2349,111.95,120.2,116.075,129.8,7.1,0.3544,-0.5834,0.002,-0.4562,2.2193,114.5065,64.4,0,72
LLY261218C01260000,LLY,2026-12-18,86,C,1260.0,7.67,1170.2349,48.15,57.15,52.65,54.0,17.1,0.3649,0.392,0.0019,-0.4425,2.1958,51.9369,32.5,1,395
LLY261218P01260000,LLY,2026-12-18,86,P,1260.0,7.67,1170.2349,125.0,132.55,128.775,128.2,5.9,0.3517,-0.6202,0.0019,-0.445,2.1628,127.0096,67.8,6,155
LLY261218C01280000,LLY,2026-12-18,86,C,1280.0,9.38,1170.2349,41.75,50.75,46.25,48.3,19.5,0.3638,0.3578,0.0018,-0.43,2.1347,45.5701,29.4,1,233
LLY261218P01280000,LLY,2026-12-18,86,P,1280.0,9.38,1170.2349,137.1,147.45,142.275,156.15,7.3,0.3495,-0.6558,0.0019,-0.4309,2.0924,140.31,71.1,2,17
LLY261218C01300000,LLY,2026-12-18,86,C,1300.0,11.09,1170.2349,37.95,42.95,40.45,41.26,12.4,0.3626,0.3253,0.0018,-0.4148,2.0601,39.8015,26.4,39,664
LLY261218P01300000,LLY,2026-12-18,86,P,1300.0,11.09,1170.2349,151.75,161.25,156.5,164.7,6.1,0.3473,-0.6899,0.0018,-0.4142,2.002,154.2669,74.3,0,98
LLY261218C01320000,LLY,2026-12-18,86,C,1320.0,12.8,1170.2349,34.0,37.6,35.8,36.65,10.1,0.3643,0.2946,0.0017,-0.3974,1.9742,35.1857,23.7,3,119
LLY261218P01320000,LLY,2026-12-18,86,P,1320.0,12.8,1170.2349,166.5,176.15,171.325,185.7,5.6,0.345,-0.7223,0.0018,-0.3956,1.9038,168.8276,77.2,0,13
LLY261218C01340000,LLY,2026-12-18,86,C,1340.0,14.51,1170.2349,27.65,33.9,30.775,30.01,20.3,0.3614,0.2658,0.0016,-0.3782,1.88,30.2067,21.0,22,252
LLY261218P01340000,LLY,2026-12-18,86,P,1340.0,14.51,1170.2349,181.55,191.7,186.625,199.5,5.4,0.3416,-0.7529,0.0017,-0.3754,1.7879,183.7783,80.0,0,4
LLY261218C01360000,LLY,2026-12-18,86,C,1360.0,16.22,1170.2349,22.2,30.9,26.55,26.51,32.8,0.36,0.239,0.0015,-0.3578,1.7788,26.0357,18.6,3,319
LLY261218P01360000,LLY,2026-12-18,86,P,1360.0,16.22,1170.2349,197.3,207.75,202.525,217.35,5.2,0.3381,-0.7817,0.0016,-0.3545,1.6707,199.2889,82.6,0,4
LLY261218C01380000,LLY,2026-12-18,86,C,1380.0,17.93,1170.2349,19.3,28.1,23.7,24.3,37.1,0.3639,0.2143,0.0014,-0.3367,1.675,23.2141,16.6,12,232
LLY261218P01380000,LLY,2026-12-18,86,P,1380.0,17.93,1170.2349,213.6,226.0,219.8,242.75,5.6,0.34,-0.8086,0.0016,-0.3328,1.5368,216.1804,84.7,0,6
LLY261218C01400000,LLY,2026-12-18,86,C,1400.0,19.63,1170.2349,17.95,23.9,20.925,20.86,28.4,0.3662,0.1917,0.0013,-0.3153,1.5675,20.4705,14.8,27,713
LLY261218P01400000,LLY,2026-12-18,86,P,1400.0,19.63,1170.2349,230.8,244.0,237.4,188.6,5.6,0.3413,-0.8335,0.0015,-0.3111,1.4096,233.3521,86.6,0,5
LLY261218C01420000,LLY,2026-12-18,86,C,1420.0,21.34,1170.2349,15.1,19.2,17.15,17.6,23.9,0.3595,0.171,0.0012,-0.2941,1.4625,16.7526,12.7,0,167
LLY261218P01420000,LLY,2026-12-18,86,P,1420.0,21.34,1170.2349,248.4,261.6,255.0,301.54,5.2,0.3391,-0.8566,0.0014,-0.2897,1.2708,250.3962,88.5,0,6
LLY261218C01440000,LLY,2026-12-18,86,C,1440.0,23.05,1170.2349,12.05,19.3,15.675,15.17,46.3,0.3663,0.1524,0.0011,-0.2732,1.3569,15.3025,11.5,0,297
LLY261218P01440000,LLY,2026-12-18,86,P,1440.0,23.05,1170.2349,266.3,277.95,272.125,253.45,4.3,0.3265,-0.8776,0.0013,-0.2673,1.1334,266.6061,90.8,0,5
LLY261218C01460000,LLY,2026-12-18,86,C,1460.0,24.76,1170.2349,11.75,16.05,13.9,11.0,30.9,0.3694,0.1356,0.001,-0.253,1.2562,13.562,10.2,3,125
LLY261218P01460000,LLY,2026-12-18,86,P,1460.0,24.76,1170.2349,284.6,297.3,290.95,269.7,4.4,0.3263,-0.8973,0.0012,-0.2457,1.0004,284.7128,92.2,0,7
LLY270115C00880000,LLY,2027-01-15,114,C,880.0,-24.8,1170.2349,307.65,317.05,312.35,264.68,3.0,0.4036,0.929,0.0005,-0.1087,0.9058,311.0595,88.6,0,115
LLY270115P00880000,LLY,2027-01-15,114,P,880.0,-24.8,1170.2349,7.3,10.05,8.675,8.46,31.7,0.3895,-0.0722,0.0005,-0.1512,0.9119,8.6197,10.4,1,653
LLY270115C00890000,LLY,2027-01-15,114,C,890.0,-23.95,1170.2349,298.1,310.75,304.425,256.2,4.2,0.411,0.9231,0.0006,-0.1183,0.9617,303.1108,87.1,0,75
LLY270115P00890000,LLY,2027-01-15,114,P,890.0,-23.95,1170.2349,4.6,12.25,8.425,11.94,90.8,0.375,-0.0782,0.0006,-0.1596,0.9722,8.3677,10.4,0,269
LLY270115C00900000,LLY,2027-01-15,114,C,900.0,-23.09,1170.2349,289.95,301.85,295.9,292.0,4.0,0.411,0.9168,0.0006,-0.1281,1.0208,294.5601,86.1,10,575
LLY270115P00900000,LLY,2027-01-15,114,P,900.0,-23.09,1170.2349,8.3,11.1,9.7,10.15,28.9,0.377,-0.0846,0.0006,-0.1684,1.0323,9.632,11.5,3,935
LLY270115C00910000,LLY,2027-01-15,114,C,910.0,-22.24,1170.2349,281.2,293.0,287.1,267.95,4.1,0.4078,0.9099,0.0006,-0.1383,1.0822,285.742,85.2,1,344
LLY270115P00910000,LLY,2027-01-15,114,P,910.0,-22.24,1170.2349,9.6,12.6,11.1,11.5,27.0,0.379,-0.0916,0.0007,-0.1775,1.0901,11.0278,12.7,5,189
LLY270115C00920000,LLY,2027-01-15,114,C,920.0,-21.38,1170.2349,273.25,281.4,277.325,275.89,2.9,0.396,0.9026,0.0007,-0.1488,1.1448,275.9561,84.9,0,80
LLY270115P00920000,LLY,2027-01-15,114,P,920.0,-21.38,1170.2349,9.65,14.7,12.175,13.5,41.5,0.3768,-0.099,0.0007,-0.1869,1.1532,12.0913,13.6,0,350
LLY270115C00930000,LLY,2027-01-15,114,C,930.0,-20.53,1170.2349,263.5,274.9,269.2,270.3,4.2,0.3975,0.8948,0.0007,-0.1596,1.2093,267.817,83.6,1,91
LLY270115P00930000,LLY,2027-01-15,114,P,930.0,-20.53,1170.2349,10.3,15.05,12.675,13.95,37.5,0.369,-0.1069,0.0008,-0.1966,1.2217,12.5828,14.2,9,281
LLY270115C00940000,LLY,2027-01-15,114,C,940.0,-19.67,1170.2349,254.05,267.0,260.525,263.1,5.0,0.3938,0.8865,0.0008,-0.1707,1.2766,259.1234,82.7,2,123
LLY270115P00940000,LLY,2027-01-15,114,P,940.0,-19.67,1170.2349,12.8,16.05,14.425,15.12,22.5,0.3713,-0.1154,0.0008,-0.2066,1.292,14.3273,15.6,2,792
LLY270115C00950000,LLY,2027-01-15,114,C,950.0,-18.82,1170.2349,246.2,255.35,250.775,229.4,3.6,0.3817,0.8777,0.0008,-0.1819,1.346,249.3478,82.4,0,530
LLY270115P00950000,LLY,2027-01-15,114,P,950.0,-18.82,1170.2349,14.0,17.1,15.55,16.65,19.9,0.3675,-0.1244,0.0008,-0.2169,1.3566,15.4286,16.5,16,603
LLY270115C00960000,LLY,2027-01-15,114,C,960.0,-17.97,1170.2349,236.4,250.1,243.25,221.4,5.6,0.3854,0.8683,0.0009,-0.1934,1.4157,241.8109,80.8,0,115
LLY270115P00960000,LLY,2027-01-15,114,P,960.0,-17.97,1170.2349,15.6,18.7,17.15,20.86,18.1,0.3667,-0.134,0.0009,-0.2274,1.4266,17.0134,17.8,1,237
LLY270115C00970000,LLY,2027-01-15,114,C,970.0,-17.11,1170.2349,229.9,242.2,236.05,227.2,5.2,0.39,0.8583,0.0009,-0.205,1.486,234.604,79.1,0,102
LLY270115P00970000,LLY,2027-01-15,114,P,970.0,-17.11,1170.2349,17.5,21.6,19.55,21.3,21.0,0.3706,-0.1441,0.0009,-0.238,1.5009,19.4041,19.4,0,164
LLY270115C00980000,LLY,2027-01-15,114,C,980.0,-16.26,1170.2349,224.1,230.4,227.25,195.27,2.8,0.3833,0.8478,0.001,-0.2168,1.5581,225.7874,78.2,0,181
LLY270115P00980000,LLY,2027-01-15,114,P,980.0,-16.26,1170.2349,16.15,24.75,20.45,21.45,42.1,0.3635,-0.1549,0.001,-0.2488,1.5762,20.2976,20.2,20,355
LLY270115C00990000,LLY,2027-01-15,114,C,990.0,-15.4,1170.2349,213.55,226.05,219.8,181.55,5.7,0.3846,0.8368,0.001,-0.2286,1.6313,218.3501,76.7,0,44
LLY270115P00990000,LLY,2027-01-15,114,P,990.0,-15.4,1170.2349,18.75,24.8,21.775,23.2,27.8,0.3587,-0.1662,0.001,-0.2597,1.644,21.6008,21.3,11,598
LLY270115C01000000,LLY,2027-01-15,114,C,1000.0,-14.55,1170.2349,207.0,215.5,211.25,211.92,4.0,0.3785,0.8252,0.0011,-0.2404,1.7033,209.7883,75.7,3,895
LLY270115P01000000,LLY,2027-01-15,114,P,1000.0,-14.55,1170.2349,21.8,27.1,24.45,25.0,21.7,0.3616,-0.178,0.0011,-0.2706,1.7165,24.261,23.0,92,1348
LLY270115C01010000,LLY,2027-01-15,114,C,1010.0,-13.69,1170.2349,199.15,210.45,204.8,188.0,5.5,0.3837,0.8131,0.0011,-0.2522,1.7744,203.3267,73.8,12,214
LLY270115P01010000,LLY,2027-01-15,114,P,1010.0,-13.69,1170.2349,23.9,29.7,26.8,29.75,21.6,0.3615,-0.1904,0.0011,-0.2814,1.791,26.5902,24.5,0,322
LLY270115C01020000,LLY,2027-01-15,114,C,1020.0,-12.84,1170.2349,190.45,202.45,196.45,196.75,6.1,0.3776,0.8005,0.0012,-0.2638,1.8458,194.9657,72.7,3,150
LLY270115P01020000,LLY,2027-01-15,114,P,1020.0,-12.84,1170.2349,25.1,31.8,28.45,29.35,23.6,0.3568,-0.2033,0.0012,-0.2922,1.8645,28.2319,25.7,6,160
LLY270115C01030000,LLY,2027-01-15,114,C,1030.0,-11.98,1170.2349,183.4,192.5,187.95,195.25,4.8,0.3704,0.7874,0.0012,-0.2753,1.9164,186.468,71.7,0,145
LLY270115P01030000,LLY,2027-01-15,114,P,1030.0,-11.98,1170.2349,28.65,36.3,32.475,34.0,23.6,0.3639,-0.2167,0.0012,-0.3028,1.9303,32.1996,27.8,3,131
LLY270115C01040000,LLY,2027-01-15,114,C,1040.0,-11.13,1170.2349,178.0,186.5,182.25,163.6,4.7,0.3769,0.7738,0.0013,-0.2865,1.9844,180.7673,69.6,0,197
LLY270115P01040000,LLY,2027-01-15,114,P,1040.0,-11.13,1170.2349,29.35,39.25,34.3,33.95,28.9,0.3588,-0.2306,0.0013,-0.3131,1.9987,34.0227,29.1,15,1090
LLY270115C01050000,LLY,2027-01-15,114,C,1050.0,-10.27,1170.2349,169.95,180.85,175.4,173.3,6.2,0.3766,0.7598,0.0013,-0.2974,2.05,173.9066,68.1,2,834
LLY270115P01050000,LLY,2027-01-15,114,P,1050.0,-10.27,1170.2349,32.8,38.85,35.825,37.07,16.9,0.3516,-0.245,0.0013,-0.3232,2.0671,35.5166,30.3,6,258
LLY270115C01060000,LLY,2027-01-15,114,C,1060.0,-9.42,1170.2349,161.6,171.25,166.425,138.7,5.8,0.3656,0.7453,0.0014,-0.3079,2.1142,164.9288,67.1,0,122
LLY270115P01060000,LLY,2027-01-15,114,P,1060.0,-9.42,1170.2349,35.2,43.4,39.3,41.58,20.9,0.3533,-0.2598,0.0014,-0.3329,2.1322,38.9443,32.1,5,252
LLY270115C01070000,LLY,2027-01-15,114,C,1070.0,-8.57,1170.2349,155.8,167.05,161.425,142.2,7.0,0.3727,0.7305,0.0014,-0.318,2.176,159.9323,65.0,0,113
LLY270115P01070000,LLY,2027-01-15,114,P,1070.0,-8.57,1170.2349,39.15,48.15,43.65,43.45,20.6,0.3582,-0.275,0.0014,-0.3422,2.1894,43.2564,34.1,13,182
LLY270115C01080000,LLY,2027-01-15,114,C,1080.0,-7.71,1170.2349,150.4,160.4,155.4,145.15,6.4,0.3741,0.7154,0.0014,-0.3277,2.2339,153.9079,63.3,0,198
LLY270115P01080000,LLY,2027-01-15,114,P,1080.0,-7.71,1170.2349,41.45,48.4,44.925,46.6,15.5,0.3483,-0.2906,0.0015,-0.351,2.2473,44.5116,35.2,5,152
LLY270115C01090000,LLY,2027-01-15,114,C,1090.0,-6.86,1170.2349,143.9,152.8,148.35,141.7,6.0,0.3703,0.6999,0.0015,-0.3368,2.2882,146.8694,61.8,0,14
LLY270115P01090000,LLY,2027-01-15,114,P,1090.0,-6.86,1170.2349,46.0,54.55,50.275,63.14,17.0,0.3559,-0.3065,0.0015,-0.3593,2.3031,49.808,37.4,6,101
LLY270115C01100000,LLY,2027-01-15,114,C,1100.0,-6.0,1170.2349,137.75,145.0,141.375,142.7,5.1,0.3662,0.6841,0.0015,-0.3453,2.3395,139.8898,60.3,16,1284
LLY270115P01100000,LLY,2027-01-15,114,P,1100.0,-6.0,1170.2349,49.35,58.35,53.85,53.5,16.7,0.3549,-0.3227,0.0016,-0.367,2.3542,53.3579,39.1,27,390
LLY270115C01110000,LLY,2027-01-15,114,C,1110.0,-5.15,1170.2349,131.4,141.2,136.3,132.75,7.2,0.3696,0.6681,0.0015,-0.3532,2.3873,134.8312,58.4,3,31
LLY270115P01110000,LLY,2027-01-15,114,P,1110.0,-5.15,1170.2349,53.45,59.95,56.7,57.1,11.5,0.35,-0.3392,0.0016,-0.3741,2.3979,56.1441,40.7,3,90
LLY270115C01120000,LLY,2027-01-15,114,C,1120.0,-4.29,1170.2349,125.4,135.3,130.35,129.35,7.6,0.3686,0.6519,0.0016,-0.3604,2.4305,128.9011,56.8,1,127
LLY270115P01120000,LLY,2027-01-15,114,P,1120.0,-4.29,1170.2349,57.25,64.05,60.65,61.15,11.2,0.3492,-0.3559,0.0016,-0.3806,2.4398,60.0544,42.4,2,124
LLY270115C01130000,LLY,2027-01-15,114,C,1130.0,-3.44,1170.2349,119.7,129.7,124.7,123.0,8.0,0.3681,0.6355,0.0016,-0.367,2.4692,123.2549,55.1,8,64
LLY270115P01130000,LLY,2027-01-15,114,P,1130.0,-3.44,1170.2349,60.55,69.5,65.025,65.4,13.8,0.3494,-0.3728,0.0016,-0.3864,2.4776,64.381,44.2,5,105
LLY270115C01140000,LLY,2027-01-15,114,C,1140.0,-2.58,1170.2349,113.9,124.25,119.075,120.0,8.7,0.3671,0.619,0.0016,-0.3729,2.5039,117.6481,53.4,17,508
LLY270115P01140000,LLY,2027-01-15,114,P,1140.0,-2.58,1170.2349,64.9,72.5,68.7,71.85,11.1,0.346,-0.3899,0.0017,-0.3914,2.5117,67.9869,45.9,34,243
LLY270115C01160000,LLY,2027-01-15,114,C,1160.0,-0.87,1170.2349,103.1,108.4,105.75,106.6,5.0,0.355,0.5857,0.0017,-0.3824,2.5602,104.34,50.3,15,349
LLY270115P01160000,LLY,2027-01-15,114,P,1160.0,-0.87,1170.2349,74.15,82.95,78.55,81.85,11.2,0.3472,-0.4243,0.0017,-0.3994,2.5611,77.7111,49.5,29,214
LLY270115C01180000,LLY,2027-01-15,114,C,1180.0,0.83,1170.2349,93.8,101.75,97.775,96.55,8.1,0.3615,0.5522,0.0017,-0.3889,2.5977,96.4246,46.8,55,220
LLY270115P01180000,LLY,2027-01-15,114,P,1180.0,0.83,1170.2349,83.65,92.1,87.875,91.01,9.6,0.3435,-0.459,0.0018,-0.4043,2.5929,86.8766,53.0,22,207
LLY270115C01200000,LLY,2027-01-15,114,C,1200.0,2.54,1170.2349,84.1,92.0,88.05,89.5,9.0,0.3622,0.5188,0.0017,-0.3924,2.617,87.6901,43.5,126,1148
LLY270115P01200000,LLY,2027-01-15,114,P,1200.0,2.54,1170.2349,94.3,103.15,98.725,101.2,9.0,0.3431,-0.4937,0.0018,-0.4063,2.6055,97.5762,56.4,114,397
LLY270115C01220000,LLY,2027-01-15,114,C,1220.0,4.25,1170.2349,75.5,83.85,79.675,78.4,10.5,0.3583,0.4858,0.0017,-0.3931,2.6185,78.3976,40.3,4,252
LLY270115P01220000,LLY,2027-01-15,114,P,1220.0,4.25,1170.2349,105.1,114.9,110.0,114.65,8.9,0.3415,-0.5282,0.0018,-0.4054,2.5945,108.6384,59.8,2,104
LLY270115C01240000,LLY,2027-01-15,114,C,1240.0,5.96,1170.2349,67.8,76.6,72.2,71.13,12.2,0.3592,0.4532,0.0017,-0.3909,2.6021,70.9806,37.2,1,571
LLY270115P01240000,LLY,2027-01-15,114,P,1240.0,5.96,1170.2349,117.75,127.3,122.525,130.07,7.8,0.3422,-0.5622,0.0018,-0.4017,2.5726,120.9546,63.0,0,69
LLY270115C01260000,LLY,2027-01-15,114,C,1260.0,7.67,1170.2349,60.9,69.9,65.4,61.95,13.8,0.3604,0.4215,0.0017,-0.3862,2.5704,64.2356,34.3,9,312
LLY270115P01260000,LLY,2027-01-15,114,P,1260.0,7.67,1170.2349,130.05,142.1,136.075,143.4,8.9,0.3444,-0.5955,0.0018,-0.3956,2.5228,134.2768,66.1,5,60
LLY270115C01280000,LLY,2027-01-15,114,C,1280.0,9.38,1170.2349,55.05,62.95,59.0,58.0,13.4,0.361,0.3907,0.0016,-0.3791,2.5226,57.9022,31.4,6,697
LLY270115P01280000,LLY,2027-01-15,114,P,1280.0,9.38,1170.2349,143.8,155.1,149.45,155.5,7.6,0.3433,-0.628,0.0017,-0.3872,2.4653,147.3526,69.1,56,165
LLY270115C01300000,LLY,2027-01-15,114,C,1300.0,11.09,1170.2349,48.65,55.0,51.825,50.49,12.3,0.3562,0.361,0.0016,-0.3699,2.4622,50.7856,28.6,31,830
LLY270115P01300000,LLY,2027-01-15,114,P,1300.0,11.09,1170.2349,159.25,169.0,164.125,188.27,5.9,0.3452,-0.6594,0.0017,-0.3768,2.3834,161.7353,71.8,0,24
LLY270115C01320000,LLY,2027-01-15,114,C,1320.0,12.8,1170.2349,41.9,48.9,45.4,45.72,15.4,0.3522,0.3325,0.0016,-0.3589,2.3899,44.4458,25.9,1,330
LLY270115P01320000,LLY,2027-01-15,114,P,1320.0,12.8,1170.2349,172.45,183.4,177.925,178.6,6.2,0.3409,-0.6897,0.0017,-0.3649,2.2939,175.1709,74.6,2,41
LLY270115C01340000,LLY,2027-01-15,114,C,1340.0,14.51,1170.2349,39.4,44.05,41.725,40.65,11.1,0.3576,0.3055,0.0015,-0.3464,2.307,40.8032,23.7,0,365
LLY270115P01340000,LLY,2027-01-15,114,P,1340.0,14.51,1170.2349,188.55,197.95,193.25,218.35,4.9,0.3408,-0.7187,0.0016,-0.3518,2.1895,190.1282,77.1,0,27
LLY270115C01360000,LLY,2027-01-15,114,C,1360.0,16.22,1170.2349,32.4,41.1,36.75,35.91,23.7,0.3556,0.2799,0.0014,-0.3327,2.2178,35.9022,21.4,0,406
LLY270115P01360000,LLY,2027-01-15,114,P,1360.0,16.22,1170.2349,204.25,215.5,209.875,222.86,5.4,0.3445,-0.7464,0.0016,-0.3376,2.069,206.3729,79.2,0,4
LLY270115C01380000,LLY,2027-01-15,114,C,1380.0,17.93,1170.2349,31.15,34.45,32.8,31.85,10.1,0.3563,0.2559,0.0014,-0.3182,2.12,32.0298,19.4,5,669
LLY270115P01380000,LLY,2027-01-15,114,P,1380.0,17.93,1170.2349,220.7,231.3,226.0,181.7,4.7,0.3436,-0.7727,0.0015,-0.323,1.9595,222.0347,81.3,0,15
LLY270115C01400000,LLY,2027-01-15,114,C,1400.0,19.63,1170.2349,28.4,29.95,29.175,29.0,5.3,0.3565,0.2334,0.0013,-0.303,2.02,28.4386,17.4,200,1207
LLY270115P01400000,LLY,2027-01-15,114,P,1400.0,19.63,1170.2349,236.1,246.85,241.475,245.0,4.5,0.336,-0.7976,0.0015,-0.308,1.815,236.8316,83.7,0,29
LLY270115C01420000,LLY,2027-01-15,114,C,1420.0,21.34,1170.2349,21.75,30.75,26.25,24.98,34.3,0.3586,0.2125,0.0012,-0.2874,1.9164,25.5661,15.8,1,558
LLY270115P01420000,LLY,2027-01-15,114,P,1420.0,21.34,1170.2349,252.8,265.55,259.175,202.05,4.9,0.3387,-0.821,0.0014,-0.2927,1.6855,254.027,85.3,0,6
LLY270115C01440000,LLY,2027-01-15,114,C,1440.0,23.05,1170.2349,20.1,27.9,24.0,23.29,32.5,0.3628,0.1931,0.0012,-0.2717,1.8108,23.3631,14.4,25,162
LLY270115P01440000,LLY,2027-01-15,114,P,1440.0,23.05,1170.2349,270.2,282.95,276.575,264.19,4.6,0.3369,-0.8431,0.0014,-0.2776,1.5418,270.7422,87.1,0,12
LLY270115C01460000,LLY,2027-01-15,114,C,1460.0,24.76,1170.2349,18.8,23.75,21.275,19.91,23.3,0.3629,0.1752,0.0011,-0.2561,1.7076,20.6864,12.9,90,436
LLY270115P01460000,LLY,2027-01-15,114,P,1460.0,24.76,1170.2349,289.7,298.65,294.175,290.75,3.0,0.3332,-0.8636,0.0013,-0.2622,1.3908,287.5148,88.8,0,5
LLY270319C00880000,LLY,2027-03-19,177,C,880.0,-24.8,1170.2349,322.45,335.9,329.175,427.2,4.1,0.4126,0.8947,0.0006,-0.0935,1.5065,328.4483,82.0,0,24
LLY270319P00880000,LLY,2027-03-19,177,P,880.0,-24.8,1170.2349,12.95,22.45,17.7,21.8,53.7,0.3884,-0.1075,0.0006,-0.1625,1.5217,17.6217,16.1,0,92
LLY270319C00890000,LLY,2027-03-19,177,C,890.0,-23.95,1170.2349,314.9,327.6,321.25,340.0,4.0,0.4128,0.8878,0.0006,-0.1023,1.577,320.4887,80.9,0,25
LLY270319P00890000,LLY,2027-03-19,177,P,890.0,-23.95,1170.2349,17.1,21.6,19.35,24.7,23.3,0.3884,-0.1146,0.0006,-0.1695,1.5942,19.2516,17.1,0,194
LLY270319C00900000,LLY,2027-03-19,177,C,900.0,-23.09,1170.2349,306.6,318.95,312.775,301.1,3.9,0.4093,0.8805,0.0006,-0.1113,1.648,311.9997,80.1,0,62
LLY270319P00900000,LLY,2027-03-19,177,P,900.0,-23.09,1170.2349,19.25,24.25,21.75,21.5,23.0,0.3924,-0.122,0.0006,-0.1765,1.6611,21.6387,18.5,60,635
LLY270319C00910000,LLY,2027-03-19,177,C,910.0,-22.24,1170.2349,298.65,309.45,304.05,279.88,3.6,0.4039,0.8729,0.0007,-0.1203,1.719,303.2327,79.5,0,17
LLY270319P00910000,LLY,2027-03-19,177,P,910.0,-22.24,1170.2349,20.45,24.75,22.6,22.85,19.0,0.3864,-0.1298,0.0007,-0.1837,1.7321,22.4854,19.2,15,82
LLY270319C00920000,LLY,2027-03-19,177,C,920.0,-21.38,1170.2349,290.5,301.15,295.825,263.63,3.6,0.4012,0.8649,0.0007,-0.1294,1.7905,294.9975,78.5,0,12
LLY270319P00920000,LLY,2027-03-19,177,P,920.0,-21.38,1170.2349,22.15,26.45,24.3,24.62,17.7,0.385,-0.1379,0.0007,-0.1909,1.8079,24.1711,20.2,1,205
LLY270319C00930000,LLY,2027-03-19,177,C,930.0,-20.53,1170.2349,282.45,293.55,288.0,308.54,3.9,0.4001,0.8566,0.0007,-0.1385,1.8635,287.1397,77.5,0,32
LLY270319P00930000,LLY,2027-03-19,177,P,930.0,-20.53,1170.2349,22.8,30.4,26.6,34.3,28.6,0.3863,-0.1464,0.0007,-0.1981,1.8822,26.4458,21.4,0,110
LLY270319C00940000,LLY,2027-03-19,177,C,940.0,-19.67,1170.2349,274.5,287.1,280.8,330.11,4.5,0.4018,0.848,0.0008,-0.1476,1.9373,279.9342,76.2,0,10
LLY270319P00940000,LLY,2027-03-19,177,P,940.0,-19.67,1170.2349,23.75,30.85,27.3,29.05,26.0,0.3787,-0.1552,0.0008,-0.2054,1.9574,27.1488,22.0,10,138
LLY270319C00950000,LLY,2027-03-19,177,C,950.0,-18.82,1170.2349,266.65,279.0,272.825,269.06,4.5,0.3989,0.839,0.0008,-0.1567,2.0106,271.9232,75.2,11,52
LLY270319P00950000,LLY,2027-03-19,177,P,950.0,-18.82,1170.2349,27.2,31.1,29.15,31.1,13.4,0.3767,-0.1643,0.0008,-0.2127,2.0263,28.9697,23.0,3,158
LLY270319C00960000,LLY,2027-03-19,177,C,960.0,-17.97,1170.2349,258.75,271.6,265.175,281.75,4.8,0.3973,0.8298,0.0008,-0.1657,2.0826,264.2647,74.1,0,18
LLY270319P00960000,LLY,2027-03-19,177,P,960.0,-17.97,1170.2349,29.7,36.2,32.95,35.55,19.7,0.3838,-0.1738,0.0008,-0.2199,2.0992,32.7544,24.8,0,128
LLY270319C00970000,LLY,2027-03-19,177,C,970.0,-17.11,1170.2349,251.5,264.0,257.75,248.68,4.8,0.3962,0.8202,0.0008,-0.1747,2.1541,256.8123,73.0,0,18
LLY270319P00970000,LLY,2027-03-19,177,P,970.0,-17.11,1170.2349,32.35,36.85,34.6,34.95,13.0,0.3797,-0.1836,0.0009,-0.2271,2.1741,34.3709,25.8,2,192
LLY270319C00980000,LLY,2027-03-19,177,C,980.0,-16.26,1170.2349,244.05,256.9,250.475,263.6,5.1,0.3954,0.8103,0.0009,-0.1836,2.2259,249.5334,71.8,0,51
LLY270319P00980000,LLY,2027-03-19,177,P,980.0,-16.26,1170.2349,32.8,38.25,35.525,37.55,15.3,0.3721,-0.1937,0.0009,-0.2342,2.2473,35.2855,26.4,27,109
LLY270319C00990000,LLY,2027-03-19,177,C,990.0,-15.4,1170.2349,237.25,249.35,243.3,237.65,5.0,0.3945,0.8002,0.0009,-0.1923,2.2972,242.3426,70.6,0,24
LLY270319P00990000,LLY,2027-03-19,177,P,990.0,-15.4,1170.2349,35.1,40.65,37.875,42.2,14.7,0.3706,-0.2041,0.0009,-0.2411,2.3189,37.6023,27.6,0,105
LLY270319C01000000,LLY,2027-03-19,177,C,1000.0,-14.55,1170.2349,229.5,240.8,235.15,233.1,4.8,0.389,0.7898,0.0009,-0.2009,2.3666,234.1642,69.7,2,67
LLY270319P01000000,LLY,2027-03-19,177,P,1000.0,-14.55,1170.2349,37.55,46.1,41.825,42.3,20.4,0.3755,-0.2148,0.001,-0.248,2.3845,41.5234,29.3,18,112
LLY270319C01010000,LLY,2027-03-19,177,C,1010.0,-13.69,1170.2349,222.15,235.25,228.7,230.5,5.7,0.3904,0.779,0.001,-0.2093,2.4339,227.7327,68.3,1,37
LLY270319P01010000,LLY,2027-03-19,177,P,1010.0,-13.69,1170.2349,41.45,49.45,45.45,46.45,17.6,0.3782,-0.2258,0.001,-0.2547,2.4527,45.1163,30.8,1,145
LLY270319C01020000,LLY,2027-03-19,177,C,1020.0,-12.84,1170.2349,217.9,228.0,222.95,232.17,4.5,0.3938,0.7681,0.001,-0.2176,2.4995,221.9529,66.8,0,36
LLY270319P01020000,LLY,2027-03-19,177,P,1020.0,-12.84,1170.2349,41.75,50.95,46.35,47.8,19.8,0.3693,-0.237,0.001,-0.2612,2.5203,45.9913,31.5,1,188
LLY270319C01030000,LLY,2027-03-19,177,C,1030.0,-11.98,1170.2349,209.35,219.65,214.5,213.88,4.8,0.3862,0.7569,0.001,-0.2255,2.564,213.4996,66.0,6,14
LLY270319P01030000,LLY,2027-03-19,177,P,1030.0,-11.98,1170.2349,48.5,54.45,51.475,50.75,11.6,0.3769,-0.2485,0.001,-0.2675,2.5858,51.089,33.4,31,143
LLY270319C01040000,LLY,2027-03-19,177,C,1040.0,-11.13,1170.2349,201.75,213.7,207.725,174.5,5.8,0.3848,0.7456,0.001,-0.2333,2.6268,206.7226,64.8,0,62
LLY270319P01040000,LLY,2027-03-19,177,P,1040.0,-11.13,1170.2349,52.5,55.75,54.125,54.6,6.0,0.3741,-0.2602,0.0011,-0.2736,2.648,53.6965,34.6,13,226
LLY270319C01050000,LLY,2027-03-19,177,C,1050.0,-10.27,1170.2349,195.1,207.2,201.15,164.18,6.0,0.3836,0.734,0.0011,-0.2408,2.687,200.1133,63.5,0,21
LLY270319P01050000,LLY,2027-03-19,177,P,1050.0,-10.27,1170.2349,54.25,58.65,56.45,58.65,7.8,0.3697,-0.2722,0.0011,-0.2794,2.7046,55.9753,35.7,2,45
LLY270319C01060000,LLY,2027-03-19,177,C,1060.0,-9.42,1170.2349,191.45,201.55,196.5,179.2,5.1,0.3891,0.7222,0.0011,-0.248,2.744,195.4681,61.8,0,44
LLY270319P01060000,LLY,2027-03-19,177,P,1060.0,-9.42,1170.2349,56.9,64.85,60.875,61.65,13.1,0.3727,-0.2843,0.0011,-0.285,2.762,60.3609,37.2,7,117
LLY270319C01070000,LLY,2027-03-19,177,C,1070.0,-8.57,1170.2349,184.25,193.15,188.7,164.12,4.7,0.3827,0.7103,0.0011,-0.2548,2.7984,187.6695,60.9,0,31
LLY270319P01070000,LLY,2027-03-19,177,P,1070.0,-8.57,1170.2349,60.1,70.1,65.1,64.75,15.4,0.3743,-0.2967,0.0012,-0.2903,2.8169,64.5258,38.7,10,56
LLY270319C01080000,LLY,2027-03-19,177,C,1080.0,-7.71,1170.2349,178.05,187.7,182.875,167.66,5.3,0.3829,0.6982,0.0011,-0.2614,2.8507,181.8242,59.5,0,72
LLY270319P01080000,LLY,2027-03-19,177,P,1080.0,-7.71,1170.2349,64.2,72.15,68.175,71.45,11.7,0.3714,-0.3092,0.0012,-0.2952,2.8693,67.5606,39.9,0,97
LLY270319C01100000,LLY,2027-03-19,177,C,1100.0,-6.0,1170.2349,164.65,175.0,169.825,166.61,6.1,0.3773,0.6736,0.0012,-0.2735,2.9471,168.764,57.1,2,136
LLY270319P01100000,LLY,2027-03-19,177,P,1100.0,-6.0,1170.2349,70.4,78.2,74.3,77.0,10.5,0.3643,-0.3347,0.0012,-0.3042,2.9613,73.568,42.3,16,604
LLY270319C01120000,LLY,2027-03-19,177,C,1120.0,-4.29,1170.2349,155.75,164.7,160.225,148.12,5.6,0.3817,0.6485,0.0012,-0.2842,3.0301,159.1711,54.2,0,65
LLY270319P01120000,LLY,2027-03-19,177,P,1120.0,-4.29,1170.2349,80.0,88.0,84.0,87.7,9.5,0.3676,-0.3607,0.0013,-0.3118,3.0422,83.1447,45.3,0,128
LLY270319C01140000,LLY,2027-03-19,177,C,1140.0,-2.58,1170.2349,145.0,153.4,149.2,145.97,5.6,0.3796,0.6232,0.0012,-0.2934,3.101,148.1506,51.6,0,85
LLY270319P01140000,LLY,2027-03-19,177,P,1140.0,-2.58,1170.2349,87.7,96.6,92.15,92.95,9.7,0.3639,-0.3871,0.0013,-0.318,3.1096,91.1444,47.9,3,171
LLY270319C01160000,LLY,2027-03-19,177,C,1160.0,-0.87,1170.2349,134.7,142.9,138.8,133.08,5.9,0.3779,0.5977,0.0013,-0.301,3.1586,137.7489,49.0,0,159
LLY270319P01160000,LLY,2027-03-19,177,P,1160.0,-0.87,1170.2349,98.25,107.25,102.75,101.85,8.8,0.3664,-0.4138,0.0013,-0.3227,3.161,101.5959,50.7,2,127
LLY270319C01180000,LLY,2027-03-19,177,C,1180.0,0.83,1170.2349,124.7,132.65,128.675,124.05,6.2,0.3755,0.572,0.0013,-0.3071,3.2025,127.6186,46.5,0,104
LLY270319P01180000,LLY,2027-03-19,177,P,1180.0,0.83,1170.2349,107.9,115.35,111.625,113.5,6.7,0.3616,-0.4407,0.0014,-0.3259,3.1985,110.2625,53.3,2,65
LLY270319C01200000,LLY,2027-03-19,177,C,1200.0,2.54,1170.2349,113.15,127.45,120.3,116.15,11.9,0.3771,0.5465,0.0013,-0.3116,3.2331,119.2688,43.9,8,428
LLY270319P01200000,LLY,2027-03-19,177,P,1200.0,2.54,1170.2349,117.55,126.7,122.125,122.1,7.5,0.3603,-0.4677,0.0014,-0.3275,3.2204,120.5504,55.9,2,179
LLY270319C01220000,LLY,2027-03-19,177,C,1220.0,4.25,1170.2349,104.15,117.35,110.75,107.3,11.9,0.3735,0.521,0.0013,-0.3146,3.2504,109.7283,41.5,3,91
LLY270319P01220000,LLY,2027-03-19,177,P,1220.0,4.25,1170.2349,131.55,138.7,135.125,145.0,5.3,0.3651,-0.4946,0.0014,-0.3277,3.2282,133.3283,58.5,0,94
LLY270319C01240000,LLY,2027-03-19,177,C,1240.0,5.96,1170.2349,98.5,107.5,103.0,98.65,8.7,0.374,0.4959,0.0013,-0.3162,3.2548,101.9955,39.0,0,111
LLY270319P01240000,LLY,2027-03-19,177,P,1240.0,5.96,1170.2349,142.9,150.65,146.775,151.14,5.3,0.3641,-0.5213,0.0014,-0.3264,3.2218,144.722,61.0,0,35
LLY270319C01260000,LLY,2027-03-19,177,C,1260.0,7.67,1170.2349,90.9,97.75,94.325,92.37,7.3,0.3703,0.471,0.0013,-0.3164,3.2462,93.3676,36.7,5,193
LLY270319P01260000,LLY,2027-03-19,177,P,1260.0,7.67,1170.2349,152.45,166.3,159.375,159.75,8.7,0.3644,-0.5477,0.0014,-0.3238,3.199,157.0165,63.4,1,89
LLY270319C01280000,LLY,2027-03-19,177,C,1280.0,9.38,1170.2349,85.0,93.75,89.375,89.35,9.8,0.3766,0.4467,0.0013,-0.3152,3.2261,88.425,34.5,5,175
LLY270319P01280000,LLY,2027-03-19,177,P,1280.0,9.38,1170.2349,165.5,177.75,171.625,177.15,7.1,0.3621,-0.5738,0.0014,-0.3199,3.1637,168.9359,65.7,0,12
LLY270319C01300000,LLY,2027-03-19,177,C,1300.0,11.09,1170.2349,76.75,85.75,81.25,78.84,11.1,0.3718,0.4229,0.0013,-0.3129,3.1951,80.3413,32.3,6,247
LLY270319P01300000,LLY,2027-03-19,177,P,1300.0,11.09,1170.2349,178.25,189.7,183.975,186.05,6.2,0.3585,-0.5995,0.0014,-0.3147,3.1165,180.9036,68.0,1,32
LLY270319C01320000,LLY,2027-03-19,177,C,1320.0,12.8,1170.2349,70.3,79.55,74.925,73.75,12.3,0.3712,0.3997,0.0013,-0.3094,3.1526,74.0326,30.2,6,73
LLY270319P01320000,LLY,2027-03-19,177,P,1320.0,12.8,1170.2349,192.95,203.5,198.225,222.03,5.3,0.3594,-0.6246,0.0014,-0.3084,3.053,194.7412,70.2,0,4
LLY270319C01340000,LLY,2027-03-19,177,C,1340.0,14.51,1170.2349,65.35,73.2,69.275,66.71,11.3,0.3716,0.3772,0.0013,-0.3049,3.1015,68.4393,28.2,9,104
LLY270319P01340000,LLY,2027-03-19,177,P,1340.0,14.51,1170.2349,206.45,219.2,212.825,238.45,6.0,0.3602,-0.6491,0.0014,-0.3012,2.9806,208.9507,72.2,0,4
LLY270319C01360000,LLY,2027-03-19,177,C,1360.0,16.22,1170.2349,58.9,67.2,63.05,57.75,13.2,0.3688,0.3554,0.0012,-0.2995,3.0426,62.255,26.2,1,78
LLY270319P01360000,LLY,2027-03-19,177,P,1360.0,16.22,1170.2349,220.15,233.6,226.875,184.9,5.9,0.3574,-0.6729,0.0014,-0.2932,2.8996,222.4609,74.2,0,4
LLY270319C01380000,LLY,2027-03-19,177,C,1380.0,17.93,1170.2349,54.7,62.1,58.4,57.09,12.7,0.3699,0.3345,0.0012,-0.2934,2.9745,57.6258,24.4,8,187
LLY270319P01380000,LLY,2027-03-19,177,P,1380.0,17.93,1170.2349,235.1,248.75,241.925,265.6,5.6,0.3567,-0.696,0.0013,-0.2843,2.8015,237.0001,76.1,0,3
LLY270319C01400000,LLY,2027-03-19,177,C,1400.0,19.63,1170.2349,49.05,56.0,52.525,53.38,13.2,0.3657,0.3144,0.0012,-0.2865,2.9008,51.8027,22.5,3,303
LLY270319P01400000,LLY,2027-03-19,177,P,1400.0,19.63,1170.2349,251.65,262.3,256.975,220.08,4.1,0.3545,-0.7184,0.0013,-0.2752,2.7016,251.4799,78.0,0,9
LLY270319C01420000,LLY,2027-03-19,177,C,1420.0,21.34,1170.2349,45.3,51.75,48.525,43.15,13.3,0.3667,0.2952,0.0012,-0.2791,2.8231,47.828,20.9,0,184
LLY270319P01420000,LLY,2027-03-19,177,P,1420.0,21.34,1170.2349,267.4,278.15,272.775,300.75,3.9,0.3534,-0.7399,0.0013,-0.2655,2.5935,266.6366,79.7,0,7
LLY270319C01440000,LLY,2027-03-19,177,C,1440.0,23.05,1170.2349,42.6,47.65,45.125,43.8,11.2,0.3688,0.2769,0.0011,-0.2712,2.7391,44.4455,19.5,0,236
LLY270319P01440000,LLY,2027-03-19,177,P,1440.0,23.05,1170.2349,283.35,296.05,289.7,449.75,4.4,0.3554,-0.7607,0.0013,-0.2553,2.4673,282.9526,81.2,0,0
LLY270319C01460000,LLY,2027-03-19,177,C,1460.0,24.76,1170.2349,40.25,45.1,42.675,41.5,11.4,0.3736,0.2595,0.0011,-0.2629,2.6514,42.0309,18.2,0,245
LLY270319P01460000,LLY,2027-03-19,177,P,1460.0,24.76,1170.2349,300.0,313.45,306.725,246.87,4.4,0.3566,-0.7807,0.0012,-0.2449,2.3489,299.3243,82.6,0,1
LLY270416C00880000,LLY,2027-04-16,205,C,880.0,-24.8,1170.2349,330.0,340.7,335.35,309.73,3.2,0.4032,0.8879,0.0006,-0.0945,1.6965,334.0318,80.7,0,1
LLY270416P00880000,LLY,2027-04-16,205,P,880.0,-24.8,1170.2349,16.15,24.75,20.45,26.45,42.1,0.3809,-0.115,0.0006,-0.156,1.7171,20.4211,17.5,0,61
LLY270416C00900000,LLY,2027-04-16,205,C,900.0,-23.09,1170.2349,313.6,326.0,319.8,291.0,3.9,0.4031,0.8736,0.0006,-0.1103,1.8424,318.4372,78.6,0,3
LLY270416P00900000,LLY,2027-04-16,205,P,900.0,-23.09,1170.2349,21.45,26.1,23.775,24.5,19.6,0.3791,-0.1297,0.0006,-0.1686,1.8611,23.7203,19.5,1,83
LLY270416C00920000,LLY,2027-04-16,205,C,920.0,-21.38,1170.2349,297.3,310.0,303.65,0.0,4.2,0.398,0.8582,0.0007,-0.1261,1.9911,302.2256,76.8,0,0
LLY270416P00920000,LLY,2027-04-16,205,P,920.0,-21.38,1170.2349,24.9,32.35,28.625,32.03,26.0,0.3831,-0.1455,0.0007,-0.1814,2.0188,28.5335,22.0,0,70
LLY270416C00940000,LLY,2027-04-16,205,C,940.0,-19.67,1170.2349,281.3,294.15,287.725,273.3,4.5,0.3928,0.8416,0.0007,-0.142,2.1418,286.2795,75.0,0,1
LLY270416P00940000,LLY,2027-04-16,205,P,940.0,-19.67,1170.2349,27.1,35.45,31.275,38.45,26.7,0.3742,-0.1626,0.0008,-0.1942,2.1648,31.1531,23.5,0,77
LLY270416C00960000,LLY,2027-04-16,205,C,960.0,-17.97,1170.2349,266.6,279.15,272.875,250.85,4.6,0.3908,0.8239,0.0008,-0.1577,2.289,271.3788,72.8,0,3
LLY270416P00960000,LLY,2027-04-16,205,P,960.0,-17.97,1170.2349,34.1,39.35,36.725,39.05,14.3,0.3767,-0.1808,0.0008,-0.2069,2.3152,36.5582,26.1,0,374
LLY270416C00980000,LLY,2027-04-16,205,C,980.0,-16.26,1170.2349,250.75,264.55,257.65,0.0,5.4,0.3858,0.8051,0.0008,-0.173,2.4357,256.1399,70.8,0,0
LLY270416P00980000,LLY,2027-04-16,205,P,980.0,-16.26,1170.2349,36.5,43.05,39.775,41.25,16.5,0.3671,-0.2002,0.0009,-0.2193,2.4635,39.5739,27.8,2,18
LLY270416C01000000,LLY,2027-04-16,205,C,1000.0,-14.55,1170.2349,237.5,249.15,243.325,211.56,4.8,0.3829,0.7853,0.0009,-0.1879,2.577,241.7829,68.5,0,0
LLY270416P01000000,LLY,2027-04-16,205,P,1000.0,-14.55,1170.2349,42.05,50.55,46.3,55.7,18.4,0.3701,-0.2206,0.0009,-0.2313,2.6001,46.0235,30.5,0,13
LLY270416C01020000,LLY,2027-04-16,205,C,1020.0,-12.84,1170.2349,223.25,236.6,229.925,191.18,5.8,0.382,0.7647,0.0009,-0.2021,2.7113,228.3775,66.1,0,1
LLY270416P01020000,LLY,2027-04-16,205,P,1020.0,-12.84,1170.2349,48.35,54.45,51.4,62.58,11.9,0.3658,-0.242,0.001,-0.2428,2.743,51.0802,32.8,0,25
LLY270416C01040000,LLY,2027-04-16,205,C,1040.0,-11.13,1170.2349,211.4,223.0,217.2,247.4,5.3,0.3819,0.7432,0.001,-0.2156,2.8402,215.6677,63.6,0,0
LLY270416P01040000,LLY,2027-04-16,205,P,1040.0,-11.13,1170.2349,55.45,60.45,57.95,64.4,8.6,0.365,-0.2642,0.001,-0.2534,2.8666,57.5167,35.3,0,31
LLY270416C01060000,LLY,2027-04-16,205,C,1060.0,-9.42,1170.2349,197.65,209.25,203.45,184.38,5.7,0.3766,0.7211,0.001,-0.2282,2.958,201.9015,61.4,0,1
LLY270416P01060000,LLY,2027-04-16,205,P,1060.0,-9.42,1170.2349,62.55,67.8,65.175,77.3,8.1,0.365,-0.2872,0.0011,-0.2634,2.9842,64.6799,37.9,0,25
LLY270416C01070000,LLY,2027-04-16,205,C,1070.0,-8.57,1170.2349,191.85,201.35,196.6,195.0,4.8,0.3736,0.7098,0.001,-0.2341,3.0133,195.0554,60.3,0,3
LLY270416P01070000,LLY,2027-04-16,205,P,1070.0,-8.57,1170.2349,64.95,73.95,69.45,70.65,13.0,0.3665,-0.2989,0.0011,-0.268,3.0402,68.9061,39.3,3,79
LLY270416C01080000,LLY,2027-04-16,205,C,1080.0,-7.71,1170.2349,187.85,197.1,192.475,163.77,4.8,0.3791,0.6984,0.0011,-0.2398,3.0665,190.9201,58.7,0,1
LLY270416P01080000,LLY,2027-04-16,205,P,1080.0,-7.71,1170.2349,69.45,77.9,73.675,94.5,11.5,0.3673,-0.3109,0.0011,-0.2723,3.0931,73.0623,40.7,0,51
LLY270416C01090000,LLY,2027-04-16,205,C,1090.0,-6.86,1170.2349,179.4,191.4,185.4,186.61,6.5,0.3746,0.6868,0.0011,-0.2452,3.1172,183.8356,57.6,1,2
LLY270416P01090000,LLY,2027-04-16,205,P,1090.0,-6.86,1170.2349,71.95,80.95,76.45,89.97,11.8,0.363,-0.3229,0.0011,-0.2764,3.14,75.763,41.8,0,53
LLY270416C01100000,LLY,2027-04-16,205,C,1100.0,-6.0,1170.2349,176.1,184.75,180.425,180.6,4.8,0.3765,0.6752,0.0011,-0.2503,3.1647,178.8656,56.3,0,1
LLY270416P01100000,LLY,2027-04-16,205,P,1100.0,-6.0,1170.2349,76.95,85.95,81.45,96.1,11.0,0.3655,-0.3351,0.0012,-0.2802,3.1843,80.7041,43.2,0,87
LLY270416C01110000,LLY,2027-04-16,205,C,1110.0,-5.15,1170.2349,170.4,180.5,175.45,142.63,5.8,0.378,0.6634,0.0011,-0.2551,3.2089,173.9082,54.9,0,1
LLY270416P01110000,LLY,2027-04-16,205,P,1110.0,-5.15,1170.2349,79.95,88.5,84.225,86.68,10.2,0.3606,-0.3474,0.0012,-0.2838,3.2257,83.4185,44.3,26,60
LLY270416C01120000,LLY,2027-04-16,205,C,1120.0,-4.29,1170.2349,163.5,175.0,169.25,150.88,6.8,0.3753,0.6516,0.0011,-0.2596,3.2499,167.7173,53.8,0,4
LLY270416P01120000,LLY,2027-04-16,205,P,1120.0,-4.29,1170.2349,85.45,94.45,89.95,96.7,10.0,0.3644,-0.3598,0.0012,-0.2871,3.2664,89.0505,45.8,0,51
LLY270416C01130000,LLY,2027-04-16,205,C,1130.0,-3.44,1170.2349,157.65,170.0,163.825,145.75,7.5,0.3746,0.6397,0.0012,-0.2638,3.2882,162.2882,52.6,0,2
LLY270416P01130000,LLY,2027-04-16,205,P,1130.0,-3.44,1170.2349,90.85,98.05,94.45,98.95,7.6,0.364,-0.3723,0.0012,-0.2901,3.3033,93.4568,47.0,0,9
LLY270416C01140000,LLY,2027-04-16,205,C,1140.0,-2.58,1170.2349,153.15,164.35,158.75,151.13,7.1,0.3746,0.6278,0.0012,-0.2677,3.3236,157.2099,51.3,0,6
LLY270416P01140000,LLY,2027-04-16,205,P,1140.0,-2.58,1170.2349,95.5,102.7,99.1,114.09,7.3,0.3637,-0.3848,0.0012,-0.2928,3.3359,98.0196,48.3,0,11
LLY270416C01150000,LLY,2027-04-16,205,C,1150.0,-1.73,1170.2349,147.95,159.55,153.75,137.8,7.5,0.3746,0.6158,0.0012,-0.2713,3.3559,152.2534,50.1,0,3
LLY270416P01150000,LLY,2027-04-16,205,P,1150.0,-1.73,1170.2349,99.95,108.25,104.1,112.1,8.0,0.3641,-0.3974,0.0012,-0.2952,3.3646,102.941,49.6,0,5
LLY270416C01160000,LLY,2027-04-16,205,C,1160.0,-0.87,1170.2349,143.9,151.85,147.875,145.8,5.4,0.3715,0.6038,0.0012,-0.2746,3.3848,146.3669,48.9,0,6
LLY270416P01160000,LLY,2027-04-16,205,P,1160.0,-0.87,1170.2349,103.55,116.1,109.825,135.82,11.4,0.3662,-0.4101,0.0013,-0.2972,3.3889,108.5656,50.9,0,5
LLY270416C01170000,LLY,2027-04-16,205,C,1170.0,-0.02,1170.2349,138.95,147.8,143.375,129.73,6.2,0.3722,0.5918,0.0012,-0.2775,3.4104,141.8823,47.7,0,11
LLY270416P01170000,LLY,2027-04-16,205,P,1170.0,-0.02,1170.2349,108.75,119.4,114.075,92.45,9.3,0.3636,-0.4228,0.0013,-0.2991,3.4103,112.7186,52.1,0,1
LLY270416C01180000,LLY,2027-04-16,205,C,1180.0,0.83,1170.2349,133.75,144.35,139.05,136.2,7.6,0.373,0.5797,0.0012,-0.2802,3.4328,137.5547,46.4,1,9
LLY270416P01180000,LLY,2027-04-16,205,P,1180.0,0.83,1170.2349,112.2,125.4,118.8,95.6,11.1,0.362,-0.4356,0.0013,-0.3006,3.4293,117.3253,53.3,0,10
LLY270416C01190000,LLY,2027-04-16,205,C,1190.0,1.69,1170.2349,129.2,140.5,134.85,130.96,8.4,0.3739,0.5677,0.0012,-0.2826,3.452,133.3825,45.2,2,13
LLY270416P01190000,LLY,2027-04-16,205,P,1190.0,1.69,1170.2349,117.6,130.3,123.95,142.48,10.2,0.3613,-0.4483,0.0013,-0.3018,3.4431,122.358,54.5,0,5
LLY270416C01200000,LLY,2027-04-16,205,C,1200.0,2.54,1170.2349,124.65,133.85,129.25,126.82,7.1,0.3704,0.5557,0.0012,-0.2846,3.4681,127.803,44.1,0,12
LLY270416P01200000,LLY,2027-04-16,205,P,1200.0,2.54,1170.2349,122.9,134.45,128.675,148.9,9.0,0.359,-0.461,0.0013,-0.3027,3.4565,126.9532,55.7,0,49
LLY270416C01210000,LLY,2027-04-16,205,C,1210.0,3.4,1170.2349,119.6,129.65,124.625,118.45,8.1,0.3694,0.5438,0.0012,-0.2863,3.481,123.2001,42.9,0,3
LLY270416P01210000,LLY,2027-04-16,205,P,1210.0,3.4,1170.2349,130.6,141.65,136.125,136.11,8.1,0.364,-0.4739,0.0013,-0.3032,3.4639,134.2044,57.0,1,33
LLY270416C01220000,LLY,2027-04-16,205,C,1220.0,4.25,1170.2349,115.5,126.45,120.975,102.82,9.1,0.3708,0.5319,0.0012,-0.2878,3.4907,119.5475,41.8,0,3
LLY270416P01220000,LLY,2027-04-16,205,P,1220.0,4.25,1170.2349,133.6,146.55,140.075,146.6,9.2,0.359,-0.4864,0.0013,-0.3036,3.467,138.0905,58.2,0,44
LLY270416C01230000,LLY,2027-04-16,205,C,1230.0,5.11,1170.2349,111.1,122.25,116.675,99.05,9.6,0.3701,0.52,0.0012,-0.2889,3.4975,115.2753,40.6,0,7
LLY270416P01230000,LLY,2027-04-16,205,P,1230.0,5.11,1170.2349,140.45,152.75,146.6,148.04,8.4,0.3608,-0.4992,0.0013,-0.3037,3.4654,144.464,59.3,0,11
LLY270416C01240000,LLY,2027-04-16,205,C,1240.0,5.96,1170.2349,107.95,119.4,113.675,109.6,10.1,0.3728,0.5082,0.0012,-0.2898,3.5012,112.3032,39.5,1,18
LLY270416P01240000,LLY,2027-04-16,205,P,1240.0,5.96,1170.2349,145.6,158.15,151.875,165.53,8.3,0.3587,-0.5118,0.0013,-0.3034,3.4638,149.5883,60.5,0,14
LLY270416C01250000,LLY,2027-04-16,205,C,1250.0,6.82,1170.2349,103.7,115.6,109.65,104.22,10.9,0.3722,0.4965,0.0012,-0.2903,3.5018,108.286,38.4,21,13
LLY270416P01250000,LLY,2027-04-16,205,P,1250.0,6.82,1170.2349,154.3,163.1,158.7,180.98,5.5,0.3607,-0.5244,0.0013,-0.3028,3.4544,156.2593,61.6,0,3
LLY270416C01260000,LLY,2027-04-16,205,C,1260.0,7.67,1170.2349,99.65,108.15,103.9,101.05,8.2,0.3664,0.4849,0.0012,-0.2906,3.4992,102.5588,37.3,2,5
LLY270416P01260000,LLY,2027-04-16,205,P,1260.0,7.67,1170.2349,160.75,169.65,165.2,171.85,5.4,0.3614,-0.5369,0.0013,-0.3019,3.4487,162.5856,62.8,0,25
LLY270416C01270000,LLY,2027-04-16,205,C,1270.0,8.53,1170.2349,96.75,104.75,100.75,107.56,7.9,0.3677,0.4734,0.0012,-0.2906,3.4938,99.4209,36.2,0,2
LLY270416P01270000,LLY,2027-04-16,205,P,1270.0,8.53,1170.2349,163.85,176.25,170.05,192.26,7.3,0.357,-0.5493,0.0013,-0.3008,3.4357,167.2418,63.9,0,4
LLY270416C01280000,LLY,2027-04-16,205,C,1280.0,9.38,1170.2349,92.3,100.85,96.575,86.95,8.9,0.3658,0.462,0.0012,-0.2904,3.4857,95.2725,35.1,0,2
LLY270416P01280000,LLY,2027-04-16,205,P,1280.0,9.38,1170.2349,171.4,184.6,178.0,198.28,7.4,0.3614,-0.5616,0.0013,-0.2994,3.4158,175.0719,64.9,0,2
LLY270416C01290000,LLY,2027-04-16,205,C,1290.0,10.23,1170.2349,88.4,97.4,92.9,80.55,9.7,0.365,0.4506,0.0012,-0.2898,3.4752,91.6129,34.1,0,16
LLY270416P01290000,LLY,2027-04-16,205,P,1290.0,10.23,1170.2349,177.95,188.8,183.375,206.55,5.9,0.3577,-0.574,0.0013,-0.2979,3.3943,180.1916,66.0,0,3
LLY270416C01300000,LLY,2027-04-16,205,C,1300.0,11.09,1170.2349,85.45,94.05,89.75,81.35,9.6,0.3654,0.4395,0.0012,-0.2891,3.4622,88.4711,33.0,0,5
LLY270416P01300000,LLY,2027-04-16,205,P,1300.0,11.09,1170.2349,184.65,195.55,190.1,197.04,5.7,0.3577,-0.5862,0.0013,-0.2961,3.3705,186.7009,67.1,0,3
LLY270416C01310000,LLY,2027-04-16,205,C,1310.0,11.94,1170.2349,82.0,90.8,86.4,73.75,10.2,0.365,0.4284,0.0012,-0.2881,3.4465,85.1529,32.0,0,7
LLY270416P01310000,LLY,2027-04-16,205,P,1310.0,11.94,1170.2349,191.45,201.65,196.55,221.55,5.2,0.3566,-0.5982,0.0013,-0.294,3.3404,192.9347,68.1,0,1
LLY270416C01320000,LLY,2027-04-16,205,C,1320.0,12.8,1170.2349,78.85,87.65,83.25,74.16,10.6,0.3649,0.4175,0.0012,-0.2869,3.428,82.0362,31.0,0,9
LLY270416P01320000,LLY,2027-04-16,205,P,1320.0,12.8,1170.2349,198.25,211.1,204.675,241.04,6.3,0.3602,-0.6101,0.0013,-0.2916,3.3177,200.8737,69.1,0,1
LLY270416C01330000,LLY,2027-04-16,205,C,1330.0,13.65,1170.2349,75.8,84.6,80.2,72.63,11.0,0.3648,0.4067,0.0012,-0.2855,3.4068,79.0155,30.1,0,20
LLY270416P01330000,LLY,2027-04-16,205,P,1330.0,13.65,1170.2349,203.5,218.0,210.75,235.16,6.9,0.3573,-0.6219,0.0013,-0.289,3.2886,206.694,70.1,0,5
LLY270416C01340000,LLY,2027-04-16,205,C,1340.0,14.51,1170.2349,73.55,81.65,77.6,69.28,10.4,0.3657,0.3961,0.0012,-0.2838,3.3836,76.4257,29.1,0,3
LLY270416P01340000,LLY,2027-04-16,205,P,1340.0,14.51,1170.2349,210.55,222.8,216.675,242.57,5.7,0.3535,-0.6336,0.0013,-0.2863,3.2486,212.3233,71.2,0,4
LLY270416C01350000,LLY,2027-04-16,205,C,1350.0,15.36,1170.2349,70.85,78.8,74.825,65.2,10.6,0.3658,0.3857,0.0012,-0.282,3.3588,73.6553,28.2,0,10
LLY270416P01350000,LLY,2027-04-16,205,P,1350.0,15.36,1170.2349,218.0,230.1,224.05,250.09,5.4,0.3538,-0.6452,0.0013,-0.2834,3.208,219.4306,72.1,0,2
LLY270416C01360000,LLY,2027-04-16,205,C,1360.0,16.22,1170.2349,68.85,77.7,73.275,70.02,12.1,0.3694,0.3754,0.0012,-0.28,3.3322,72.1348,27.4,0,52
LLY270416P01360000,LLY,2027-04-16,205,P,1360.0,16.22,1170.2349,224.85,238.25,231.55,189.85,5.8,0.3543,-0.6566,0.0013,-0.2805,3.1621,226.6938,73.0,0,1
LLY270416C01380000,LLY,2027-04-16,205,C,1380.0,17.93,1170.2349,62.55,70.75,66.65,61.5,12.3,0.3652,0.3553,0.0012,-0.2754,3.2731,65.5755,25.6,0,9
LLY270416P01380000,LLY,2027-04-16,205,P,1380.0,17.93,1170.2349,240.0,252.35,246.175,274.38,5.0,0.353,-0.6789,0.0013,-0.2738,3.0808,240.7349,74.9,0,1
LLY270416C01400000,LLY,2027-04-16,205,C,1400.0,19.63,1170.2349,58.15,65.9,62.025,56.38,12.5,0.366,0.336,0.0011,-0.2702,3.2055,60.9967,23.9,0,28
LLY270416P01400000,LLY,2027-04-16,205,P,1400.0,19.63,1170.2349,254.45,266.95,260.7,222.52,4.8,0.35,-0.7006,0.0013,-0.2666,2.9908,254.6025,76.7,0,1
LLY270416C01420000,LLY,2027-04-16,205,C,1420.0,21.34,1170.2349,52.9,60.8,56.85,54.31,13.9,0.364,0.3174,0.0011,-0.2645,3.1331,55.8528,22.3,0,13
LLY270416P01420000,LLY,2027-04-16,205,P,1420.0,21.34,1170.2349,271.1,283.45,277.275,0.0,4.5,0.3526,-0.7217,0.0013,-0.2589,2.868,270.5569,78.2,0,0
LLY270416C01440000,LLY,2027-04-16,205,C,1440.0,23.05,1170.2349,49.2,57.45,53.325,49.96,15.5,0.3664,0.2995,0.0011,-0.2584,3.0571,52.3723,20.9,0,61
LLY270416P01440000,LLY,2027-04-16,205,P,1440.0,23.05,1170.2349,287.1,300.9,294.0,323.0,4.7,0.3548,-0.7422,0.0012,-0.2512,2.759,286.6575,79.6,0,1
LLY270416C01460000,LLY,2027-04-16,205,C,1460.0,24.76,1170.2349,45.5,54.4,49.95,44.73,17.8,0.3685,0.2824,0.0011,-0.2518,2.9752,49.0499,19.5,0,13
LLY270416P01460000,LLY,2027-04-16,205,P,1460.0,24.76,1170.2349,303.25,316.3,309.775,339.19,4.2,0.3522,-0.7619,0.0012,-0.243,2.6511,301.6205,81.2,0,1
