contract,ticker,expiry,dte,type,strike,moneyness_pct,spot,bid,ask,mid,last,spread_pct,iv,delta,gamma,theta,vega,theo,prob_itm,volume,oi
LMT261009C00395000,LMT,2026-10-09,16,C,395.0,-24.55,523.56,123.8,131.3,127.55,0.0,5.9,0.0,0.9924,0.0003,-0.0206,0.0244,,,0,0
LMT261009P00395000,LMT,2026-10-09,16,P,395.0,-24.55,523.56,0.0,3.7,,0.0,,0.8163,-0.0078,0.0003,-0.0351,0.0245,1.5644,5.8,0,0
LMT261009C00400000,LMT,2026-10-09,16,C,400.0,-23.6,523.56,119.3,125.8,122.55,128.97,5.3,0.0,0.9917,0.0004,-0.0226,0.0263,,,0,1
LMT261009P00400000,LMT,2026-10-09,16,P,400.0,-23.6,523.56,0.0,5.2,,0.0,,0.8475,-0.0084,0.0004,-0.0365,0.0264,2.2291,7.5,0,0
LMT261009C00405000,LMT,2026-10-09,16,C,405.0,-22.64,523.56,113.8,120.9,117.35,0.0,6.1,0.0,0.991,0.0004,-0.0247,0.0284,,,0,0
LMT261009P00405000,LMT,2026-10-09,16,P,405.0,-22.64,523.56,0.0,3.5,,0.0,,0.7476,-0.0092,0.0004,-0.0382,0.0285,1.477,5.8,0,0
LMT261009C00410000,LMT,2026-10-09,16,C,410.0,-21.69,523.56,110.4,116.2,113.3,0.0,5.1,0.3649,0.9901,0.0005,-0.0271,0.0307,114.2843,99.9,0,0
LMT261009P00410000,LMT,2026-10-09,16,P,410.0,-21.69,523.56,0.0,5.0,0.1,0.1,,0.7777,-0.01,0.0005,-0.04,0.0308,2.1425,7.6,0,1
LMT261009C00415000,LMT,2026-10-09,16,C,415.0,-20.73,523.56,105.5,110.0,107.75,0.0,4.2,0.0,0.9892,0.0005,-0.0296,0.0333,,,0,0
LMT261009P00415000,LMT,2026-10-09,16,P,415.0,-20.73,523.56,0.0,3.5,0.05,0.05,,0.6892,-0.011,0.0005,-0.042,0.0334,1.478,6.1,1,0
LMT261009C00420000,LMT,2026-10-09,16,C,420.0,-19.78,523.56,100.5,107.2,103.85,0.0,6.5,0.5284,0.988,0.0006,-0.0324,0.0364,104.726,97.5,0,0
LMT261009P00420000,LMT,2026-10-09,16,P,420.0,-19.78,523.56,0.0,3.2,,0.0,,0.6477,-0.0121,0.0006,-0.0442,0.0365,1.3465,5.8,0,0
LMT261009C00425000,LMT,2026-10-09,16,C,425.0,-18.82,523.56,95.5,99.8,97.65,0.0,4.4,0.0,0.9867,0.0007,-0.0354,0.0398,,,0,0
LMT261009P00425000,LMT,2026-10-09,16,P,425.0,-18.82,523.56,0.0,1.35,0.1,0.1,,0.5241,-0.0135,0.0007,-0.0467,0.0401,0.5468,3.1,2,0
LMT261009C00430000,LMT,2026-10-09,16,C,430.0,-17.87,523.56,90.5,95.1,92.8,0.0,5.0,0.0,0.9852,0.0008,-0.0388,0.0438,,,0,0
LMT261009P00430000,LMT,2026-10-09,16,P,430.0,-17.87,523.56,0.0,3.0,,0.0,,0.583,-0.015,0.0008,-0.0496,0.044,1.2593,5.9,0,0
LMT261009C00435000,LMT,2026-10-09,16,C,435.0,-16.91,523.56,84.7,90.8,87.75,0.0,7.0,0.0,0.9833,0.0009,-0.0426,0.0484,,,0,0
LMT261009P00435000,LMT,2026-10-09,16,P,435.0,-16.91,523.56,0.0,1.25,0.2,0.2,,0.468,-0.0169,0.0009,-0.0528,0.0484,0.504,3.1,49,0
LMT261009C00440000,LMT,2026-10-09,16,C,440.0,-15.96,523.56,80.6,86.0,83.3,0.0,6.5,0.0,0.9811,0.001,-0.0469,0.0537,,,0,0
LMT261009P00440000,LMT,2026-10-09,16,P,440.0,-15.96,523.56,0.0,5.3,,0.0,,0.6044,-0.0191,0.001,-0.0566,0.054,2.2818,9.3,0,0
LMT261009C00445000,LMT,2026-10-09,16,C,445.0,-15.0,523.56,74.0,81.9,77.95,0.0,10.1,0.0,0.9785,0.0012,-0.0518,0.0601,,,0,0
LMT261009P00445000,LMT,2026-10-09,16,P,445.0,-15.0,523.56,0.0,5.7,1.0,1.0,,0.5855,-0.0217,0.0012,-0.061,0.0604,2.4645,10.0,0,10
LMT261009C00450000,LMT,2026-10-09,16,C,450.0,-14.05,523.56,69.5,75.3,72.4,0.0,8.0,0.0,0.9752,0.0014,-0.0575,0.0677,,,0,0
LMT261009P00450000,LMT,2026-10-09,16,P,450.0,-14.05,523.56,0.0,4.4,1.1,1.1,,0.5183,-0.025,0.0014,-0.0661,0.0678,1.8799,8.7,0,38
LMT261009C00455000,LMT,2026-10-09,16,C,455.0,-13.09,523.56,64.5,71.4,67.95,0.0,10.2,0.0,0.9712,0.0017,-0.0641,0.0767,,,0,0
LMT261009P00455000,LMT,2026-10-09,16,P,455.0,-13.09,523.56,0.0,4.3,0.65,0.65,,0.4863,-0.0291,0.0017,-0.0722,0.0771,1.8361,8.9,0,17
LMT261009C00460000,LMT,2026-10-09,16,C,460.0,-12.14,523.56,59.7,65.6,62.65,0.0,9.4,0.0,0.9661,0.002,-0.0721,0.0878,,,0,0
LMT261009P00460000,LMT,2026-10-09,16,P,460.0,-12.14,523.56,0.0,4.8,0.85,0.85,,0.4709,-0.0343,0.002,-0.0797,0.0882,2.0602,10.0,0,8
LMT261009C00465000,LMT,2026-10-09,16,C,465.0,-11.18,523.56,54.8,62.4,58.6,0.0,13.0,0.2624,0.9595,0.0024,-0.0817,0.1013,59.5104,98.5,0,0
LMT261009P00465000,LMT,2026-10-09,16,P,465.0,-11.18,523.56,0.0,3.0,0.25,0.25,,0.3906,-0.0409,0.0024,-0.0889,0.1015,1.2587,7.6,0,3
LMT261009C00470000,LMT,2026-10-09,16,C,470.0,-10.23,523.56,50.0,56.1,53.05,0.0,11.5,0.0,0.9508,0.0029,-0.0936,0.1183,,,0,0
LMT261009P00470000,LMT,2026-10-09,16,P,470.0,-10.23,523.56,0.15,5.0,2.575,0.56,188.3,0.4201,-0.0496,0.003,-0.1004,0.1188,2.2181,11.5,0,7
LMT261009C00475000,LMT,2026-10-09,16,C,475.0,-9.27,523.56,45.1,50.8,47.95,0.0,11.9,0.0,0.9392,0.0036,-0.1087,0.1393,,,0,0
LMT261009P00475000,LMT,2026-10-09,16,P,475.0,-9.27,523.56,0.0,3.7,0.5,0.5,,0.3548,-0.0613,0.0036,-0.115,0.1401,1.5664,9.7,0,18
LMT261009C00480000,LMT,2026-10-09,16,C,480.0,-8.32,523.56,41.7,46.3,44.0,51.91,10.5,0.2444,0.9236,0.0044,-0.1278,0.166,44.8343,95.6,0,1
LMT261009P00480000,LMT,2026-10-09,16,P,480.0,-8.32,523.56,0.4,2.8,1.6,1.05,150.0,0.3135,-0.0771,0.0045,-0.1338,0.1664,1.3436,9.4,0,12
LMT261009C00485000,LMT,2026-10-09,16,C,485.0,-7.36,523.56,35.8,42.4,39.1,0.0,16.9,0.2278,0.9023,0.0055,-0.152,0.1986,39.9162,94.7,0,0
LMT261009P00485000,LMT,2026-10-09,16,P,485.0,-7.36,523.56,0.0,4.4,1.38,1.38,,0.3132,-0.0985,0.0055,-0.1577,0.1996,1.8768,12.3,0,32
LMT261009C00490000,LMT,2026-10-09,16,C,490.0,-6.41,523.56,31.3,37.8,34.55,40.49,18.8,0.2307,0.8741,0.0067,-0.1814,0.2371,35.2992,91.7,0,1
LMT261009P00490000,LMT,2026-10-09,16,P,490.0,-6.41,523.56,0.4,5.5,2.95,2.5,172.9,0.3123,-0.127,0.0067,-0.1869,0.2387,2.5524,15.7,2,12
LMT261009C00495000,LMT,2026-10-09,16,C,495.0,-5.45,523.56,26.9,33.1,30.0,0.0,20.7,0.2248,0.8382,0.008,-0.2147,0.2797,30.6919,88.6,0,0
LMT261009P00495000,LMT,2026-10-09,16,P,495.0,-5.45,523.56,1.9,3.9,2.9,3.0,69.0,0.2783,-0.1632,0.0081,-0.22,0.2819,2.5026,16.8,1,11
LMT261009C00500000,LMT,2026-10-09,16,C,500.0,-4.5,523.56,22.8,28.4,25.6,63.7,21.9,0.2185,0.7948,0.0094,-0.2491,0.3234,26.2234,84.7,0,1
LMT261009P00500000,LMT,2026-10-09,16,P,500.0,-4.5,523.56,2.65,4.2,3.425,3.52,45.3,0.2593,-0.2071,0.0095,-0.2544,0.3254,2.8881,19.7,5,25
LMT261009C00502500,LMT,2026-10-09,16,C,502.5,-4.02,523.56,21.1,26.8,23.95,0.0,23.8,0.2309,0.7703,0.0101,-0.2658,0.3447,24.4947,80.5,0,0
LMT261009P00502500,LMT,2026-10-09,16,P,502.5,-4.02,523.56,1.9,6.9,4.4,4.08,113.6,0.2739,-0.2319,0.0102,-0.2711,0.346,3.8772,23.6,4,0
LMT261009C00505000,LMT,2026-10-09,16,C,505.0,-3.54,523.56,19.9,25.0,22.45,0.0,22.7,0.2433,0.7442,0.0107,-0.2817,0.3648,22.9186,76.3,0,0
LMT261009P00505000,LMT,2026-10-09,16,P,505.0,-3.54,523.56,3.7,5.7,4.7,5.2,42.6,0.2638,-0.2583,0.0108,-0.287,0.3656,4.1557,25.5,9,15
LMT261009C00507500,LMT,2026-10-09,16,C,507.5,-3.07,523.56,17.0,24.0,20.5,0.0,34.1,0.2398,0.7164,0.0113,-0.2965,0.3837,20.9296,73.6,0,0
LMT261009P00507500,LMT,2026-10-09,16,P,507.5,-3.07,523.56,2.35,9.2,5.775,0.0,118.6,0.2729,-0.2864,0.0115,-0.3018,0.385,5.1592,29.2,0,0
LMT261009C00510000,LMT,2026-10-09,16,C,510.0,-2.59,523.56,19.1,20.9,20.0,19.2,9.0,0.2713,0.6872,0.0119,-0.3098,0.4008,20.3179,67.9,6,0
LMT261009P00510000,LMT,2026-10-09,16,P,510.0,-2.59,523.56,4.4,7.1,5.75,6.3,47.0,0.2519,-0.3159,0.012,-0.3152,0.4015,5.1306,30.7,8,8
LMT261009C00512500,LMT,2026-10-09,16,C,512.5,-2.11,523.56,13.5,19.3,16.4,17.8,35.4,0.2229,0.6567,0.0124,-0.3215,0.4157,16.7714,68.1,2,0
LMT261009P00512500,LMT,2026-10-09,16,P,512.5,-2.11,523.56,4.4,8.0,6.2,7.79,58.1,0.2416,-0.3474,0.0126,-0.3271,0.4171,5.5353,33.3,2,0
LMT261009C00515000,LMT,2026-10-09,16,C,515.0,-1.63,523.56,13.7,17.8,15.75,26.46,26.0,0.2455,0.625,0.0128,-0.3312,0.4284,16.0315,62.9,0,12
LMT261009P00515000,LMT,2026-10-09,16,P,515.0,-1.63,523.56,6.4,9.1,7.75,8.0,34.8,0.2561,-0.3795,0.013,-0.3369,0.4291,7.0015,37.7,17,15
LMT261009C00517500,LMT,2026-10-09,16,C,517.5,-1.16,523.56,13.3,16.3,14.8,14.5,20.3,0.2576,0.5925,0.0131,-0.3388,0.4382,15.0154,58.8,2,2
LMT261009P00517500,LMT,2026-10-09,16,P,517.5,-1.16,523.56,8.4,10.6,9.5,9.8,23.2,0.2724,-0.4126,0.0133,-0.3446,0.4388,8.673,41.8,1,0
LMT261009C00520000,LMT,2026-10-09,16,C,520.0,-0.68,523.56,10.8,15.0,12.9,13.0,32.6,0.246,0.5593,0.0134,-0.3442,0.4453,13.0943,55.6,3,0
LMT261009P00520000,LMT,2026-10-09,16,P,520.0,-0.68,523.56,9.3,11.4,10.35,11.72,20.3,0.266,-0.4463,0.0136,-0.35,0.4453,9.4828,45.0,1,45
LMT261009C00522500,LMT,2026-10-09,16,C,522.5,-0.2,523.56,10.8,13.5,12.15,12.68,22.2,0.2583,0.5257,0.0135,-0.3471,0.4492,12.2883,51.7,6,0
LMT261009P00522500,LMT,2026-10-09,16,P,522.5,-0.2,523.56,9.1,13.1,11.1,11.67,36.0,0.2556,-0.4805,0.0137,-0.3529,0.4484,10.1954,48.3,6,0
LMT261009C00525000,LMT,2026-10-09,16,C,525.0,0.28,523.56,8.3,11.9,10.1,21.0,35.6,0.2397,0.492,0.0136,-0.3475,0.45,10.2284,48.2,0,6
LMT261009P00525000,LMT,2026-10-09,16,P,525.0,0.28,523.56,11.8,13.9,12.85,7.53,16.3,0.2657,-0.5148,0.0138,-0.3535,0.449,11.8856,51.8,0,9
LMT261009C00527500,LMT,2026-10-09,16,C,527.5,0.75,523.56,8.5,13.8,11.15,9.18,47.5,0.2883,0.4585,0.0135,-0.3455,0.4478,11.1913,45.0,22,0
LMT261009P00527500,LMT,2026-10-09,16,P,527.5,0.75,523.56,13.1,16.6,14.85,0.0,23.6,0.2796,-0.5488,0.0138,-0.3515,0.4451,13.8276,55.1,0,0
LMT261009C00530000,LMT,2026-10-09,16,C,530.0,1.23,523.56,7.6,9.8,8.7,8.45,25.3,0.2569,0.4254,0.0133,-0.3411,0.4424,8.7498,41.2,13,12
LMT261009P00530000,LMT,2026-10-09,16,P,530.0,1.23,523.56,14.5,18.4,16.45,17.89,23.7,0.2828,-0.5826,0.0136,-0.3472,0.4398,15.38,58.2,1,10
LMT261009C00532500,LMT,2026-10-09,16,C,532.5,1.71,523.56,3.3,11.8,7.55,0.0,112.6,0.2526,0.393,0.0131,-0.3344,0.4344,7.5812,37.7,0,0
LMT261009P00532500,LMT,2026-10-09,16,P,532.5,1.71,523.56,15.9,20.9,18.4,0.0,27.2,0.2926,-0.6156,0.0134,-0.3406,0.4292,17.2886,61.0,0,0
LMT261009C00535000,LMT,2026-10-09,16,C,535.0,2.19,523.56,5.2,7.6,6.4,6.65,37.5,0.2461,0.3616,0.0127,-0.3257,0.4235,6.415,34.0,10,7
LMT261009P00535000,LMT,2026-10-09,16,P,535.0,2.19,523.56,17.6,22.6,20.1,11.81,24.9,0.295,-0.6478,0.013,-0.3319,0.4182,18.947,63.8,0,9
LMT261009C00537500,LMT,2026-10-09,16,C,537.5,2.66,523.56,4.6,7.0,5.8,5.8,41.4,0.2508,0.3313,0.0123,-0.3152,0.4104,5.7924,31.1,2,0
LMT261009P00537500,LMT,2026-10-09,16,P,537.5,2.66,523.56,18.8,23.5,21.15,0.0,22.2,0.2802,-0.6787,0.0126,-0.3215,0.404,19.9708,67.3,0,0
LMT261009C00540000,LMT,2026-10-09,16,C,540.0,3.14,523.56,3.6,6.1,4.85,10.11,51.5,0.2446,0.3029,0.0118,-0.3036,0.3955,4.8201,27.6,0,12
LMT261009P00540000,LMT,2026-10-09,16,P,540.0,3.14,523.56,18.4,26.6,22.5,15.27,36.4,0.2699,-0.7084,0.0121,-0.3093,0.3863,21.283,70.7,0,8
LMT261009C00542500,LMT,2026-10-09,16,C,542.5,3.62,523.56,2.0,8.9,5.45,0.0,126.6,0.2776,0.2756,0.0113,-0.2905,0.3787,5.3798,27.1,0,0
LMT261009P00542500,LMT,2026-10-09,16,P,542.5,3.62,523.56,20.5,28.0,24.25,0.0,30.9,0.2677,-0.7364,0.0116,-0.2964,0.3702,23.0,73.6,0,0
LMT261009C00545000,LMT,2026-10-09,16,C,545.0,4.1,523.56,2.7,6.0,4.35,9.4,75.9,0.2648,0.25,0.0107,-0.2767,0.3608,4.2823,23.6,0,10
LMT261009P00545000,LMT,2026-10-09,16,P,545.0,4.1,523.56,24.3,30.1,27.2,24.96,21.3,0.2967,-0.7627,0.011,-0.2824,0.3474,25.9154,74.2,0,3
LMT261009C00547500,LMT,2026-10-09,16,C,547.5,4.57,523.56,2.25,4.6,3.425,4.3,68.6,0.2537,0.2263,0.0101,-0.2626,0.3419,3.3626,20.2,6,3
LMT261009P00547500,LMT,2026-10-09,16,P,547.5,4.57,523.56,26.0,31.9,28.95,0.0,20.4,0.2921,-0.7871,0.0104,-0.2681,0.3296,27.6348,76.8,0,0
LMT261009C00550000,LMT,2026-10-09,16,C,550.0,5.05,523.56,2.55,5.2,3.875,3.0,68.4,0.2824,0.2044,0.0094,-0.2484,0.323,3.7855,20.2,11,20
LMT261009P00550000,LMT,2026-10-09,16,P,550.0,5.05,523.56,28.7,32.3,30.5,33.4,11.8,0.2789,-0.8096,0.0098,-0.2542,0.3055,29.149,80.0,2,13
LMT261009C00555000,LMT,2026-10-09,16,C,555.0,6.01,523.56,1.95,3.1,2.525,2.2,45.5,0.2668,0.1666,0.0082,-0.2207,0.2852,2.4464,14.9,15,8
LMT261009P00555000,LMT,2026-10-09,16,P,555.0,6.01,523.56,31.9,38.0,34.95,30.05,17.5,0.2892,-0.8489,0.0086,-0.2273,0.2665,33.5419,83.3,0,3
LMT261009C00560000,LMT,2026-10-09,16,C,560.0,6.96,523.56,1.25,4.1,2.675,1.5,106.5,0.2987,0.1359,0.007,-0.1954,0.2497,2.5704,14.0,2,13
LMT261009P00560000,LMT,2026-10-09,16,P,560.0,6.96,523.56,36.6,41.6,39.1,33.28,12.8,0.2825,-0.8807,0.0074,-0.2027,0.2268,37.6198,87.2,0,22
LMT261009C00565000,LMT,2026-10-09,16,C,565.0,7.92,523.56,0.0,3.7,4.5,4.5,,0.2903,0.1114,0.006,-0.1729,0.218,1.7615,10.5,0,38
LMT261009P00565000,LMT,2026-10-09,16,P,565.0,7.92,523.56,40.9,47.6,44.25,19.93,15.1,0.3139,-0.9065,0.0064,-0.1826,0.1877,42.7472,87.8,0,4
LMT261009C00570000,LMT,2026-10-09,16,C,570.0,8.87,523.56,0.6,2.5,1.55,1.7,122.6,0.2992,0.0921,0.0051,-0.1535,0.1902,1.4637,8.7,0,78
LMT261009P00570000,LMT,2026-10-09,16,P,570.0,8.87,523.56,45.6,52.3,48.95,23.54,13.7,0.324,-0.9267,0.0055,-0.1641,0.1593,47.4056,89.6,0,2
LMT261009C00575000,LMT,2026-10-09,16,C,575.0,9.83,523.56,0.45,3.7,2.075,1.76,156.6,0.3472,0.0769,0.0043,-0.137,0.1665,1.9522,9.7,0,131
LMT261009P00575000,LMT,2026-10-09,16,P,575.0,9.83,523.56,50.3,57.1,53.7,53.8,12.7,0.3335,-0.9428,0.0047,-0.1493,0.1286,52.1123,91.2,1,1
LMT261009C00580000,LMT,2026-10-09,16,C,580.0,10.78,523.56,0.1,5.5,2.8,1.38,192.9,0.4024,0.065,0.0037,-0.1232,0.1465,2.6312,10.8,0,17
LMT261009P00580000,LMT,2026-10-09,16,P,580.0,10.78,523.56,56.0,60.8,58.4,44.92,8.2,0.3366,-0.9556,0.0042,-0.1355,0.1113,56.7612,92.8,0,0
LMT261009C00585000,LMT,2026-10-09,16,C,585.0,11.74,523.56,0.0,5.4,1.33,1.33,,0.4212,0.0556,0.0032,-0.1118,0.1299,2.5256,10.0,0,80
LMT261009P00585000,LMT,2026-10-09,16,P,585.0,11.74,523.56,59.0,67.2,63.1,0.0,13.0,0.3331,-0.9652,0.0036,-0.1189,0.0836,61.3856,94.5,0,0
LMT261009C00590000,LMT,2026-10-09,16,C,590.0,12.69,523.56,0.0,5.4,1.3,1.3,,0.4437,0.0482,0.0027,-0.1025,0.1159,2.5155,9.4,0,61
LMT261009P00590000,LMT,2026-10-09,16,P,590.0,12.69,523.56,66.3,72.2,69.25,0.0,8.5,0.4295,-0.9732,0.0032,-0.1098,0.0693,67.6348,91.2,0,0
LMT261009C00595000,LMT,2026-10-09,16,C,595.0,13.65,523.56,0.1,3.8,1.95,0.89,189.7,0.428,0.0423,0.0024,-0.0948,0.1046,1.7997,7.3,1,42
LMT261009P00595000,LMT,2026-10-09,16,P,595.0,13.65,523.56,69.5,77.0,73.25,64.9,10.2,0.4511,-0.9794,0.0028,-0.1036,0.0588,72.6172,91.7,0,0
LMT261009C00600000,LMT,2026-10-09,16,C,600.0,14.6,523.56,0.0,4.3,0.67,0.67,,0.4595,0.0376,0.0021,-0.0885,0.0949,1.9812,7.4,0,31
LMT261009P00600000,LMT,2026-10-09,16,P,600.0,14.6,523.56,75.5,82.0,78.75,0.0,8.3,0.442,-0.9837,0.0024,-0.091,0.0454,77.0741,93.3,0,0
LMT261009C00605000,LMT,2026-10-09,16,C,605.0,15.56,523.56,0.0,2.0,1.75,1.75,,0.405,0.0337,0.0018,-0.0832,0.0867,0.9052,4.2,0,6
LMT261009P00605000,LMT,2026-10-09,16,P,605.0,15.56,523.56,80.9,87.5,84.2,0.0,7.8,0.4902,-0.9871,0.0021,-0.0801,0.0375,82.5338,92.5,0,0
LMT261009C00610000,LMT,2026-10-09,16,C,610.0,16.51,523.56,0.0,5.3,0.47,0.47,,0.5266,0.0304,0.0016,-0.0785,0.0798,2.4349,7.7,0,56
LMT261009P00610000,LMT,2026-10-09,16,P,610.0,16.51,523.56,84.0,92.0,88.0,0.0,9.1,0.4151,-0.9898,0.0017,-0.0767,0.028,86.1882,96.3,0,0
LMT261009C00615000,LMT,2026-10-09,16,C,615.0,17.47,523.56,0.0,5.1,0.45,0.45,,0.5417,0.0276,0.0015,-0.0744,0.0736,2.3352,7.2,0,25
LMT261009P00615000,LMT,2026-10-09,16,P,615.0,17.47,523.56,90.4,96.7,93.55,0.0,6.7,0.4862,-0.992,0.0014,-0.0754,0.0177,91.8203,94.7,0,0
LMT261009C00620000,LMT,2026-10-09,16,C,620.0,18.42,523.56,0.0,5.2,0.33,0.33,,0.5642,0.0252,0.0013,-0.0706,0.0681,2.375,7.0,0,3
LMT261009P00620000,LMT,2026-10-09,16,P,620.0,18.42,523.56,95.4,102.1,98.75,0.0,6.8,0.5198,-0.9939,0.0011,-0.0742,0.0154,97.0184,94.4,0,0
LMT261009C00625000,LMT,2026-10-09,16,C,625.0,19.38,523.56,0.0,1.6,2.8,2.8,,0.4562,0.023,0.0012,-0.0672,0.0632,0.7111,3.0,0,10
LMT261009P00625000,LMT,2026-10-09,16,P,625.0,19.38,523.56,99.6,107.3,103.45,0.0,7.4,0.5146,-0.9953,0.0009,-0.0708,0.0126,101.6847,95.4,0,0
LMT261009C00630000,LMT,2026-10-09,16,C,630.0,20.33,523.56,0.0,5.3,,0.0,,0.6058,0.0212,0.0011,-0.0639,0.0588,2.41,6.6,0,0
LMT261009P00630000,LMT,2026-10-09,16,P,630.0,20.33,523.56,105.9,112.5,109.2,85.0,6.0,0.5884,-0.9964,0.0007,-0.0672,0.0098,107.4623,93.9,0,0
LMT261009C00635000,LMT,2026-10-09,16,C,635.0,21.29,523.56,0.0,5.2,,0.0,,0.622,0.0195,0.001,-0.0609,0.0548,2.3587,6.3,0,0
LMT261009P00635000,LMT,2026-10-09,16,P,635.0,21.29,523.56,109.3,117.5,113.4,0.0,7.2,0.5452,-0.9973,0.0006,-0.0639,0.0088,111.6032,95.8,0,0
LMT261009C00640000,LMT,2026-10-09,16,C,640.0,22.24,523.56,0.0,3.6,,0.0,,0.5902,0.018,0.0009,-0.0581,0.0512,1.6164,4.7,0,0
LMT261009P00640000,LMT,2026-10-09,16,P,640.0,22.24,523.56,115.1,122.0,118.55,0.0,5.8,0.5765,-0.998,0.0004,-0.0622,0.0068,116.7602,95.6,0,0
LMT261009C00645000,LMT,2026-10-09,16,C,645.0,23.2,523.56,0.0,4.9,1.7,1.7,,0.6501,0.0167,0.0008,-0.0556,0.0479,2.2104,5.6,0,1
LMT261009P00645000,LMT,2026-10-09,16,P,645.0,23.2,523.56,119.3,127.3,123.3,0.0,6.5,0.5692,-0.9984,0.0004,-0.0622,0.0034,121.4679,96.4,0,0
LMT261009C00650000,LMT,2026-10-09,16,C,650.0,24.15,523.56,0.0,5.1,,0.0,,0.6742,0.0155,0.0008,-0.0532,0.0449,2.2989,5.6,0,0
LMT261009P00650000,LMT,2026-10-09,16,P,650.0,24.15,523.56,124.3,132.5,128.4,0.0,6.4,0.5963,-0.9988,0.0003,-0.0622,0.0002,126.5709,96.3,0,0
LMT261016C00455000,LMT,2026-10-16,23,C,455.0,-13.09,523.56,66.2,70.9,68.55,0.0,6.9,0.0,0.9715,0.0016,-0.0438,0.091,,,0,0
LMT261016P00455000,LMT,2026-10-16,23,P,455.0,-13.09,523.56,0.0,2.15,,0.0,,0.3496,-0.0288,0.0017,-0.0514,0.0912,0.9297,5.7,0,0
LMT261016C00460000,LMT,2026-10-16,23,C,460.0,-12.14,523.56,61.4,66.9,64.15,72.15,8.6,0.2677,0.9634,0.0021,-0.0551,0.1115,65.0261,97.3,0,1
LMT261016P00460000,LMT,2026-10-16,23,P,460.0,-12.14,523.56,0.45,0.8,0.625,0.6,56.0,0.2913,-0.0369,0.0021,-0.0624,0.1122,0.5057,3.9,49,33
LMT261016C00465000,LMT,2026-10-16,23,C,465.0,-11.18,523.56,55.8,62.3,59.05,0.0,11.0,0.2341,0.9529,0.0026,-0.0688,0.1362,59.9388,97.9,0,0
LMT261016P00465000,LMT,2026-10-16,23,P,465.0,-11.18,523.56,0.5,1.0,0.75,0.8,66.7,0.2834,-0.0475,0.0026,-0.0757,0.1371,0.6365,4.8,20,72
LMT261016C00470000,LMT,2026-10-16,23,C,470.0,-10.23,523.56,50.8,57.4,54.1,0.0,12.2,0.2206,0.9393,0.0032,-0.0852,0.1656,54.9796,97.5,0,0
LMT261016P00470000,LMT,2026-10-16,23,P,470.0,-10.23,523.56,0.75,1.65,1.2,1.2,75.0,0.2913,-0.0612,0.0032,-0.0916,0.1659,1.0365,7.0,17,28
LMT261016C00475000,LMT,2026-10-16,23,C,475.0,-9.27,523.56,46.3,53.1,49.7,0.0,13.7,0.2504,0.9222,0.0039,-0.104,0.1999,50.5028,94.0,0,0
LMT261016P00475000,LMT,2026-10-16,23,P,475.0,-9.27,523.56,0.8,2.0,1.4,1.39,85.7,0.2793,-0.0785,0.004,-0.1102,0.201,1.213,8.2,0,23
LMT261016C00480000,LMT,2026-10-16,23,C,480.0,-8.32,523.56,42.1,47.9,45.0,45.76,12.9,0.2448,0.9009,0.0048,-0.1253,0.2384,45.7672,92.3,20,20
LMT261016P00480000,LMT,2026-10-16,23,P,480.0,-8.32,523.56,1.4,2.05,1.725,1.72,37.7,0.2711,-0.0999,0.0048,-0.1312,0.2407,1.5067,10.0,128,51
LMT261016C00485000,LMT,2026-10-16,23,C,485.0,-7.36,523.56,38.2,43.9,41.05,0.0,13.9,0.2657,0.875,0.0057,-0.1484,0.2802,41.7229,87.5,0,0
LMT261016P00485000,LMT,2026-10-16,23,P,485.0,-7.36,523.56,1.8,2.85,2.325,2.43,45.2,0.27,-0.1261,0.0058,-0.1541,0.281,2.0505,12.9,96,135
LMT261016C00490000,LMT,2026-10-16,23,C,490.0,-6.41,523.56,34.1,39.5,36.8,40.61,14.7,0.2648,0.8442,0.0067,-0.1726,0.3244,37.4147,84.2,0,2
LMT261016P00490000,LMT,2026-10-16,23,P,490.0,-6.41,523.56,1.95,3.9,2.925,3.1,66.7,0.2641,-0.1573,0.0068,-0.1782,0.3253,2.6005,15.8,26,153
LMT261016C00495000,LMT,2026-10-16,23,C,495.0,-5.45,523.56,30.1,35.0,32.55,0.0,15.1,0.2589,0.8082,0.0077,-0.197,0.3694,33.1121,80.8,0,0
LMT261016P00495000,LMT,2026-10-16,23,P,495.0,-5.45,523.56,3.4,4.6,4.0,4.65,30.0,0.2673,-0.1938,0.0078,-0.2025,0.3712,3.5943,20.0,34,79
LMT261016C00500000,LMT,2026-10-16,23,C,500.0,-4.5,523.56,24.4,30.6,27.5,37.6,22.5,0.2284,0.7669,0.0087,-0.2206,0.4128,28.057,79.3,0,63
LMT261016P00500000,LMT,2026-10-16,23,P,500.0,-4.5,523.56,4.2,5.7,4.95,5.15,30.3,0.2617,-0.2355,0.0088,-0.226,0.4156,4.4841,24.0,128,148
LMT261016C00502500,LMT,2026-10-16,23,C,502.5,-4.02,523.56,24.7,29.7,27.2,0.0,18.4,0.2666,0.7444,0.0092,-0.2318,0.4332,27.6399,73.2,0,0
LMT261016P00502500,LMT,2026-10-16,23,P,502.5,-4.02,523.56,4.7,9.8,7.25,6.12,70.3,0.2985,-0.2584,0.0093,-0.2371,0.4344,6.6684,29.3,4,6
LMT261016C00505000,LMT,2026-10-16,23,C,505.0,-3.54,523.56,23.0,28.0,25.5,0.0,19.6,0.2679,0.7206,0.0096,-0.2422,0.4526,25.9031,70.6,0,0
LMT261016P00505000,LMT,2026-10-16,23,P,505.0,-3.54,523.56,5.6,7.6,6.6,6.78,30.3,0.2672,-0.2824,0.0098,-0.2476,0.455,6.0413,29.4,4,61
LMT261016C00507500,LMT,2026-10-16,23,C,507.5,-3.07,523.56,21.4,24.9,23.15,0.0,15.1,0.2539,0.6958,0.01,-0.2519,0.4705,23.5435,69.0,0,0
LMT261016P00507500,LMT,2026-10-16,23,P,507.5,-3.07,523.56,4.3,8.5,6.4,7.05,65.6,0.2457,-0.3077,0.0102,-0.2573,0.4722,5.8402,30.3,1,10
LMT261016C00510000,LMT,2026-10-16,23,C,510.0,-2.59,523.56,19.8,23.8,21.8,31.71,18.3,0.2601,0.6699,0.0104,-0.2606,0.4865,22.1466,65.8,0,24
LMT261016P00510000,LMT,2026-10-16,23,P,510.0,-2.59,523.56,7.0,8.7,7.85,8.8,21.7,0.2584,-0.3339,0.0106,-0.2661,0.4874,7.2231,34.1,9,278
LMT261016C00512500,LMT,2026-10-16,23,C,512.5,-2.11,523.56,18.2,22.8,20.5,0.0,22.4,0.2656,0.6432,0.0108,-0.2683,0.5008,20.8064,62.7,0,0
LMT261016P00512500,LMT,2026-10-16,23,P,512.5,-2.11,523.56,7.1,9.8,8.45,5.6,32.0,0.2519,-0.3611,0.0109,-0.2738,0.5025,7.7932,36.5,0,2
LMT261016C00515000,LMT,2026-10-16,23,C,515.0,-1.63,523.56,17.8,20.6,19.2,15.8,14.6,0.2694,0.6157,0.0111,-0.2748,0.5126,19.4663,59.8,1,3
LMT261016P00515000,LMT,2026-10-16,23,P,515.0,-1.63,523.56,9.1,10.7,9.9,11.21,16.2,0.2608,-0.3891,0.0112,-0.2803,0.5132,9.1813,39.8,4,183
LMT261016C00517500,LMT,2026-10-16,23,C,517.5,-1.16,523.56,16.0,18.6,17.3,15.99,15.0,0.2603,0.5876,0.0113,-0.2799,0.522,17.5479,57.3,2,0
LMT261016P00517500,LMT,2026-10-16,23,P,517.5,-1.16,523.56,9.5,15.1,12.3,0.0,45.5,0.2862,-0.4176,0.0115,-0.2856,0.523,11.5043,43.6,0,0
LMT261016C00520000,LMT,2026-10-16,23,C,520.0,-0.68,523.56,14.4,17.5,15.95,15.5,19.4,0.2605,0.5591,0.0114,-0.2836,0.529,16.1655,54.4,62,15
LMT261016P00520000,LMT,2026-10-16,23,P,520.0,-0.68,523.56,11.3,13.0,12.15,12.2,14.0,0.2614,-0.4466,0.0116,-0.2893,0.5289,11.3429,45.6,21,252
LMT261016C00522500,LMT,2026-10-16,23,C,522.5,-0.2,523.56,12.0,16.3,14.15,14.24,30.4,0.2505,0.5309,0.0115,-0.2859,0.5332,14.3241,51.6,2,0
LMT261016P00522500,LMT,2026-10-16,23,P,522.5,-0.2,523.56,12.5,14.1,13.3,8.2,12.0,0.2602,-0.4759,0.0118,-0.2918,0.5326,12.4547,48.5,8,0
LMT261016C00525000,LMT,2026-10-16,23,C,525.0,0.28,523.56,12.5,13.9,13.2,13.23,10.6,0.2556,0.5022,0.0116,-0.2868,0.5347,13.3417,48.6,36,27
LMT261016P00525000,LMT,2026-10-16,23,P,525.0,0.28,523.56,13.6,15.3,14.45,14.7,11.8,0.2572,-0.5057,0.0118,-0.2926,0.5327,13.5439,51.4,9,38
LMT261016C00527500,LMT,2026-10-16,23,C,527.5,0.75,523.56,9.7,14.4,12.05,0.0,39.0,0.2556,0.4735,0.0116,-0.2861,0.5336,12.167,45.6,0,0
LMT261016P00527500,LMT,2026-10-16,23,P,527.5,0.75,523.56,14.8,16.9,15.85,0.0,13.2,0.2579,-0.5351,0.0118,-0.292,0.5314,14.8996,54.3,0,0
LMT261016C00530000,LMT,2026-10-16,23,C,530.0,1.23,523.56,7.7,11.5,9.6,10.2,39.6,0.2297,0.4451,0.0115,-0.284,0.5299,9.7187,42.2,9,71
LMT261016P00530000,LMT,2026-10-16,23,P,530.0,1.23,523.56,14.9,18.0,16.45,21.04,18.8,0.242,-0.5641,0.0118,-0.2901,0.5257,15.4636,57.5,5,107
LMT261016C00532500,LMT,2026-10-16,23,C,532.5,1.71,523.56,7.4,11.3,9.35,16.35,41.7,0.2439,0.4171,0.0113,-0.2804,0.5235,9.4341,39.5,0,10
LMT261016P00532500,LMT,2026-10-16,23,P,532.5,1.71,523.56,17.8,19.5,18.65,0.0,9.1,0.2551,-0.5927,0.0116,-0.2865,0.5185,17.6094,60.1,0,0
LMT261016C00535000,LMT,2026-10-16,23,C,535.0,2.19,523.56,7.0,10.2,8.6,8.46,37.2,0.2474,0.3898,0.0111,-0.2756,0.5149,8.6618,36.7,3,100
LMT261016P00535000,LMT,2026-10-16,23,P,535.0,2.19,523.56,19.0,21.4,20.2,21.26,11.9,0.2546,-0.6209,0.0114,-0.2819,0.5096,19.1189,63.0,1,84
LMT261016C00537500,LMT,2026-10-16,23,C,537.5,2.66,523.56,6.0,12.3,9.15,7.85,68.9,0.2754,0.3631,0.0109,-0.2696,0.5038,9.1708,35.3,1,2
LMT261016P00537500,LMT,2026-10-16,23,P,537.5,2.66,523.56,20.9,23.1,22.0,0.0,10.0,0.2577,-0.6482,0.0112,-0.2759,0.4945,20.8765,65.5,0,0
LMT261016C00540000,LMT,2026-10-16,23,C,540.0,3.14,523.56,7.2,7.8,7.5,7.32,8.0,0.2592,0.3369,0.0106,-0.2624,0.4906,7.535,32.0,24,130
LMT261016P00540000,LMT,2026-10-16,23,P,540.0,3.14,523.56,23.4,26.8,25.1,24.64,13.5,0.2863,-0.6748,0.0109,-0.269,0.4818,23.937,66.7,32,153
LMT261016C00542500,LMT,2026-10-16,23,C,542.5,3.62,523.56,5.0,7.0,6.0,10.58,33.3,0.243,0.3125,0.0102,-0.2546,0.4762,6.0171,28.4,0,1
LMT261016P00542500,LMT,2026-10-16,23,P,542.5,3.62,523.56,24.6,28.2,26.4,16.6,13.6,0.2773,-0.7004,0.0106,-0.2612,0.4656,25.1987,69.5,0,1
LMT261016C00545000,LMT,2026-10-16,23,C,545.0,4.1,523.56,4.4,7.0,5.7,5.37,45.6,0.2511,0.2889,0.0099,-0.246,0.4599,5.7007,26.5,9,31
LMT261016P00545000,LMT,2026-10-16,23,P,545.0,4.1,523.56,26.4,31.1,28.75,27.56,16.3,0.2893,-0.7248,0.0102,-0.2525,0.4452,27.5166,71.0,1,31
LMT261016C00547500,LMT,2026-10-16,23,C,547.5,4.57,523.56,3.5,7.7,5.6,5.54,75.0,0.263,0.2664,0.0094,-0.2368,0.4427,5.5836,25.1,4,0
LMT261016P00547500,LMT,2026-10-16,23,P,547.5,4.57,523.56,28.1,33.7,30.9,0.0,18.1,0.2963,-0.7481,0.0098,-0.2433,0.428,29.6321,72.7,0,0
LMT261016C00550000,LMT,2026-10-16,23,C,550.0,5.05,523.56,4.2,5.5,4.85,4.9,26.8,0.2592,0.2452,0.009,-0.2272,0.4244,4.8272,22.6,27,328
LMT261016P00550000,LMT,2026-10-16,23,P,550.0,5.05,523.56,30.2,35.2,32.7,32.39,15.3,0.2946,-0.7701,0.0094,-0.2338,0.4057,31.3959,74.8,1,30
LMT261016C00555000,LMT,2026-10-16,23,C,555.0,6.01,523.56,3.3,4.4,3.85,3.49,28.6,0.2597,0.2068,0.0081,-0.2073,0.3864,3.8178,18.7,80,527
LMT261016P00555000,LMT,2026-10-16,23,P,555.0,6.01,523.56,33.2,38.9,36.05,36.85,15.8,0.2804,-0.81,0.0085,-0.2136,0.365,34.6553,79.6,1,26
LMT261016C00560000,LMT,2026-10-16,23,C,560.0,6.96,523.56,2.45,3.5,2.975,2.97,35.3,0.2586,0.1736,0.0072,-0.1875,0.3477,2.9368,15.1,24,181
LMT261016P00560000,LMT,2026-10-16,23,P,560.0,6.96,523.56,37.4,43.9,40.65,41.67,16.0,0.2939,-0.8447,0.0076,-0.1942,0.3193,39.2008,82.0,3,41
LMT261016C00565000,LMT,2026-10-16,23,C,565.0,7.92,523.56,1.5,3.8,2.65,2.25,86.8,0.2703,0.1454,0.0063,-0.1684,0.3105,2.6015,13.1,18,181
LMT261016P00565000,LMT,2026-10-16,23,P,565.0,7.92,523.56,41.6,48.4,45.0,46.0,15.1,0.2974,-0.8746,0.0068,-0.1759,0.2759,43.482,84.7,6,14
LMT261016C00570000,LMT,2026-10-16,23,C,570.0,8.87,523.56,1.0,2.65,1.825,2.05,90.4,0.2613,0.1216,0.0055,-0.1503,0.2754,1.7826,9.9,40,142
LMT261016P00570000,LMT,2026-10-16,23,P,570.0,8.87,523.56,46.4,52.9,49.65,40.84,13.1,0.3074,-0.8999,0.006,-0.1585,0.2371,48.0761,86.6,0,20
LMT261016C00575000,LMT,2026-10-16,23,C,575.0,9.83,523.56,1.05,2.75,1.9,1.45,89.5,0.2836,0.1017,0.0048,-0.1336,0.2427,1.8481,9.4,19,119
LMT261016P00575000,LMT,2026-10-16,23,P,575.0,9.83,523.56,50.8,57.5,54.15,54.43,12.4,0.3092,-0.9216,0.0053,-0.1445,0.1941,52.5026,88.8,6,18
LMT261016C00580000,LMT,2026-10-16,23,C,580.0,10.78,523.56,0.45,2.0,1.225,1.25,126.5,0.2713,0.0851,0.0041,-0.1184,0.2136,1.1853,6.7,13,81
LMT261016P00580000,LMT,2026-10-16,23,P,580.0,10.78,523.56,55.6,62.3,58.95,50.9,11.4,0.3203,-0.9393,0.0046,-0.1301,0.1642,57.2552,90.0,0,7
LMT261016C00585000,LMT,2026-10-16,23,C,585.0,11.74,523.56,0.6,1.95,1.275,1.31,105.9,0.2911,0.0714,0.0036,-0.1049,0.1872,1.227,6.4,3,110
LMT261016P00585000,LMT,2026-10-16,23,P,585.0,11.74,523.56,60.4,67.0,63.7,0.0,10.4,0.3273,-0.9547,0.0041,-0.1182,0.1244,61.948,91.3,0,0
LMT261016C00590000,LMT,2026-10-16,23,C,590.0,12.69,523.56,0.4,1.15,0.775,1.15,96.8,0.2773,0.0601,0.0031,-0.093,0.1645,0.7413,4.3,10,43
LMT261016P00590000,LMT,2026-10-16,23,P,590.0,12.69,523.56,65.5,72.0,68.75,0.0,9.5,0.3479,-0.9676,0.0038,-0.1052,0.1049,66.983,91.7,0,0
LMT261016C00595000,LMT,2026-10-16,23,C,595.0,13.65,523.56,0.35,1.1,0.725,1.0,103.4,0.2891,0.051,0.0026,-0.0827,0.1445,0.6908,3.9,1,35
LMT261016P00595000,LMT,2026-10-16,23,P,595.0,13.65,523.56,70.8,75.8,73.3,66.37,6.8,0.3394,-0.9772,0.0033,-0.0833,0.0698,71.4252,93.5,0,1
LMT261016C00600000,LMT,2026-10-16,23,C,600.0,14.6,523.56,0.15,1.45,0.8,0.55,162.5,0.3099,0.0435,0.0023,-0.0739,0.1276,0.759,3.9,6,119
LMT261016P00600000,LMT,2026-10-16,23,P,600.0,14.6,523.56,74.5,82.7,78.6,64.7,10.4,0.3748,-0.9855,0.0025,-0.0776,0.0418,76.7689,92.9,0,2
LMT261016C00605000,LMT,2026-10-16,23,C,605.0,15.56,523.56,0.15,1.05,0.6,0.42,150.0,0.3082,0.0374,0.002,-0.0664,0.113,0.5662,3.0,1,35
LMT261016P00605000,LMT,2026-10-16,23,P,605.0,15.56,523.56,78.7,86.9,82.8,69.58,9.9,0.3216,-0.9914,0.0019,-0.0679,0.033,80.6331,96.4,0,1
LMT261016C00610000,LMT,2026-10-16,23,C,610.0,16.51,523.56,0.2,3.0,1.6,1.0,175.0,0.3914,0.0324,0.0017,-0.06,0.1005,1.5173,5.7,0,44
LMT261016P00610000,LMT,2026-10-16,23,P,610.0,16.51,523.56,84.0,92.2,88.1,72.19,9.3,0.3725,-0.995,0.0013,-0.0571,0.018,86.1093,95.1,0,1
LMT261016C00615000,LMT,2026-10-16,23,C,615.0,17.47,523.56,0.0,1.95,0.55,0.55,,0.3677,0.0282,0.0015,-0.0544,0.0899,0.9178,3.9,0,12
LMT261016P00615000,LMT,2026-10-16,23,P,615.0,17.47,523.56,89.3,96.4,92.85,0.0,7.6,0.36,-0.997,0.0008,-0.0571,0.0025,90.7126,96.4,0,0
LMT261016C00620000,LMT,2026-10-16,23,C,620.0,18.42,523.56,0.05,0.6,0.325,0.3,169.2,0.3176,0.0248,0.0013,-0.0496,0.0806,0.3023,1.7,1,15
LMT261016P00620000,LMT,2026-10-16,23,P,620.0,18.42,523.56,95.6,100.7,98.15,67.47,5.2,0.4077,-0.9987,0.0003,-0.0571,0.0,96.1466,95.3,0,0
LMT261016C00625000,LMT,2026-10-16,23,C,625.0,19.38,523.56,0.0,0.7,0.26,0.26,,0.334,0.0218,0.0012,-0.0452,0.0724,0.3251,1.7,13,4
LMT261016P00625000,LMT,2026-10-16,23,P,625.0,19.38,523.56,100.3,106.4,103.35,93.65,5.9,0.4391,-0.9996,0.0001,-0.0571,0.0,101.3852,94.9,0,0
LMT261016C00630000,LMT,2026-10-16,23,C,630.0,20.33,523.56,0.0,1.3,0.52,0.52,,0.3824,0.0192,0.001,-0.0413,0.0652,0.6054,2.6,0,24
LMT261016P00630000,LMT,2026-10-16,23,P,630.0,20.33,523.56,104.7,111.4,108.05,0.0,6.2,0.4275,-1.0,0.0,-0.0571,0.0,105.9756,96.0,0,0
LMT261016C00635000,LMT,2026-10-16,23,C,635.0,21.29,523.56,0.0,1.35,0.49,0.49,,0.3982,0.017,0.0009,-0.0377,0.0587,0.627,2.5,0,8
LMT261016P00635000,LMT,2026-10-16,23,P,635.0,21.29,523.56,109.9,117.5,113.7,0.0,6.7,0.4942,-1.0,0.0,-0.0571,0.0,111.77,94.5,0,0
LMT261016C00640000,LMT,2026-10-16,23,C,640.0,22.24,523.56,0.0,2.7,1.08,1.08,,0.4669,0.015,0.0008,-0.0342,0.0526,1.2622,4.0,0,2
LMT261016P00640000,LMT,2026-10-16,23,P,640.0,22.24,523.56,114.4,121.4,117.9,0.0,5.9,0.4384,-1.0,0.0,-0.0571,0.0,115.7318,96.8,0,0
LMT261016C00645000,LMT,2026-10-16,23,C,645.0,23.2,523.56,0.0,2.0,0.78,0.78,,0.4546,0.0132,0.0007,-0.0311,0.0472,0.9305,3.1,0,2
LMT261016P00645000,LMT,2026-10-16,23,P,645.0,23.2,523.56,119.5,127.4,123.45,0.0,6.4,0.5065,-1.0,0.0,-0.0571,0.0,121.4465,95.4,0,0
LMT261016C00650000,LMT,2026-10-16,23,C,650.0,24.15,523.56,0.0,0.3,0.17,0.17,,0.354,0.0115,0.0006,-0.028,0.0421,0.1382,0.7,0,10
LMT261016P00650000,LMT,2026-10-16,23,P,650.0,24.15,523.56,126.0,132.4,129.2,0.0,5.0,0.5704,-1.0,0.0,-0.0571,0.0,127.2823,94.1,0,0
LMT261023C00395000,LMT,2026-10-23,30,C,395.0,-24.55,523.56,124.7,132.9,128.8,0.0,6.4,0.0,0.9923,0.0003,-0.0046,0.0341,,,0,0
LMT261023P00395000,LMT,2026-10-23,30,P,395.0,-24.55,523.56,0.0,5.6,,0.0,,0.6656,-0.0079,0.0003,-0.0206,0.0342,2.5665,8.1,0,0
LMT261023C00400000,LMT,2026-10-23,30,C,400.0,-23.6,523.56,119.9,128.0,123.95,0.0,6.5,0.0,0.9911,0.0004,-0.0075,0.0388,,,0,0
LMT261023P00400000,LMT,2026-10-23,30,P,400.0,-23.6,523.56,0.0,5.8,0.55,0.55,,0.6472,-0.0091,0.0004,-0.0229,0.0388,2.6601,8.4,0,1
LMT261023C00405000,LMT,2026-10-23,30,C,405.0,-22.64,523.56,114.9,123.3,119.1,0.0,7.1,0.3552,0.9896,0.0005,-0.0108,0.0441,119.9686,99.4,0,0
LMT261023P00405000,LMT,2026-10-23,30,P,405.0,-22.64,523.56,0.0,4.7,,0.0,,0.5937,-0.0106,0.0005,-0.0256,0.0445,2.1459,7.5,0,0
LMT261023C00410000,LMT,2026-10-23,30,C,410.0,-21.69,523.56,109.8,118.4,114.1,0.0,7.5,0.3308,0.9878,0.0005,-0.0146,0.0506,114.9673,99.5,0,0
LMT261023P00410000,LMT,2026-10-23,30,P,410.0,-21.69,523.56,0.0,5.7,,0.0,,0.5975,-0.0124,0.0006,-0.0288,0.0507,2.6135,8.7,0,0
LMT261023C00415000,LMT,2026-10-23,30,C,415.0,-20.73,523.56,105.0,113.3,109.15,0.0,7.6,0.3286,0.9856,0.0006,-0.0189,0.0582,110.0095,99.3,0,0
LMT261023P00415000,LMT,2026-10-23,30,P,415.0,-20.73,523.56,0.0,5.7,,0.0,,0.5742,-0.0146,0.0006,-0.0325,0.0583,2.6131,8.9,0,0
LMT261023C00420000,LMT,2026-10-23,30,C,420.0,-19.78,523.56,100.0,108.5,104.25,110.4,8.2,0.3367,0.983,0.0008,-0.0238,0.067,105.0957,98.8,0,1
LMT261023P00420000,LMT,2026-10-23,30,P,420.0,-19.78,523.56,0.0,5.5,,0.0,,0.5462,-0.0173,0.0008,-0.0369,0.0675,2.5185,8.8,0,0
LMT261023C00425000,LMT,2026-10-23,30,C,425.0,-18.82,523.56,95.3,103.6,99.45,107.86,8.3,0.3535,0.9797,0.0009,-0.0296,0.0777,100.2717,97.9,0,0
LMT261023P00425000,LMT,2026-10-23,30,P,425.0,-18.82,523.56,0.1,5.6,2.85,0.0,193.0,0.528,-0.0206,0.0009,-0.0421,0.0778,2.6114,9.3,0,0
LMT261023C00430000,LMT,2026-10-23,30,C,430.0,-17.87,523.56,90.2,98.0,94.1,103.12,8.3,0.0,0.9757,0.0011,-0.0363,0.0902,,,0,3
LMT261023P00430000,LMT,2026-10-23,30,P,430.0,-17.87,523.56,0.0,3.2,,0.0,,0.4409,-0.0246,0.0011,-0.0482,0.091,1.4447,6.4,0,0
LMT261023C00435000,LMT,2026-10-23,30,C,435.0,-16.91,523.56,85.3,93.8,89.55,98.31,9.5,0.3273,0.9707,0.0013,-0.0441,0.1051,90.3571,97.5,0,4
LMT261023P00435000,LMT,2026-10-23,30,P,435.0,-16.91,523.56,0.0,5.0,,0.0,,0.4666,-0.0296,0.0013,-0.0555,0.1054,2.2832,9.0,0,0
LMT261023C00440000,LMT,2026-10-23,30,C,440.0,-15.96,523.56,80.6,88.1,84.35,92.51,8.9,0.2776,0.9646,0.0015,-0.0532,0.1227,85.1771,98.6,0,4
LMT261023P00440000,LMT,2026-10-23,30,P,440.0,-15.96,523.56,0.0,4.0,2.5,2.5,,0.4206,-0.0358,0.0015,-0.064,0.1234,1.8133,7.9,0,2
LMT261023C00445000,LMT,2026-10-23,30,C,445.0,-15.0,523.56,75.5,83.2,79.35,0.0,9.7,0.2581,0.957,0.0018,-0.0638,0.143,80.1752,98.6,0,0
LMT261023P00445000,LMT,2026-10-23,30,P,445.0,-15.0,523.56,0.0,4.0,1.15,1.15,,0.3993,-0.0434,0.0018,-0.0741,0.1436,1.8124,8.2,0,1
LMT261023C00450000,LMT,2026-10-23,30,C,450.0,-14.05,523.56,71.0,78.7,74.85,0.0,10.3,0.2988,0.9478,0.0021,-0.0759,0.1668,75.6206,96.1,0,0
LMT261023P00450000,LMT,2026-10-23,30,P,450.0,-14.05,523.56,0.5,1.75,1.125,1.7,111.1,0.3316,-0.0527,0.0021,-0.0857,0.1679,1.0031,5.7,0,6
LMT261023C00455000,LMT,2026-10-23,30,C,455.0,-13.09,523.56,66.3,73.9,70.1,0.0,10.8,0.2977,0.9366,0.0025,-0.0896,0.1936,70.8455,95.0,0,0
LMT261023P00455000,LMT,2026-10-23,30,P,455.0,-13.09,523.56,1.0,2.25,1.625,1.64,76.9,0.3392,-0.064,0.0025,-0.099,0.1943,1.4616,7.7,0,1
LMT261023C00460000,LMT,2026-10-23,30,C,460.0,-12.14,523.56,62.0,68.2,65.1,0.0,9.5,0.2777,0.9232,0.0029,-0.105,0.224,65.8422,94.8,0,0
LMT261023P00460000,LMT,2026-10-23,30,P,460.0,-12.14,523.56,0.0,5.0,1.33,1.33,,0.3561,-0.0775,0.0029,-0.1139,0.2261,2.2755,10.6,0,7
LMT261023C00465000,LMT,2026-10-23,30,C,465.0,-11.18,523.56,57.2,64.5,60.85,0.0,12.0,0.2976,0.9073,0.0034,-0.1219,0.2571,61.5313,91.7,0,0
LMT261023P00465000,LMT,2026-10-23,30,P,465.0,-11.18,523.56,1.05,2.65,1.85,2.14,86.5,0.3081,-0.0936,0.0034,-0.1304,0.2579,1.6656,9.1,26,9
LMT261023C00470000,LMT,2026-10-23,30,C,470.0,-10.23,523.56,53.0,59.9,56.45,0.0,12.2,0.3007,0.8888,0.0039,-0.1401,0.2928,57.0869,89.4,0,0
LMT261023P00470000,LMT,2026-10-23,30,P,470.0,-10.23,523.56,2.4,3.2,2.8,2.69,28.6,0.3224,-0.1122,0.0039,-0.1481,0.295,2.5497,12.4,9,16
LMT261023C00475000,LMT,2026-10-23,30,C,475.0,-9.27,523.56,49.1,55.0,52.05,0.0,11.3,0.2991,0.8675,0.0044,-0.1591,0.3306,52.6459,87.1,0,0
LMT261023P00475000,LMT,2026-10-23,30,P,475.0,-9.27,523.56,2.9,4.3,3.6,3.65,38.9,0.3248,-0.1338,0.0045,-0.1668,0.3314,3.3027,15.1,1866,1
LMT261023C00480000,LMT,2026-10-23,30,C,480.0,-8.32,523.56,44.1,50.7,47.4,45.8,13.9,0.2866,0.8433,0.005,-0.1786,0.3691,47.9713,85.5,6,0
LMT261023P00480000,LMT,2026-10-23,30,P,480.0,-8.32,523.56,1.2,6.1,3.65,3.99,134.2,0.3023,-0.1582,0.005,-0.1859,0.371,3.3433,15.9,106,2
LMT261023C00485000,LMT,2026-10-23,30,C,485.0,-7.36,523.56,39.5,47.8,43.65,0.0,19.0,0.2967,0.8162,0.0056,-0.1981,0.4084,44.156,81.5,0,0
LMT261023P00485000,LMT,2026-10-23,30,P,485.0,-7.36,523.56,4.4,5.4,4.9,5.1,20.4,0.3105,-0.1856,0.0056,-0.2052,0.4107,4.5251,19.7,54,105
LMT261023C00490000,LMT,2026-10-23,30,C,490.0,-6.41,523.56,36.1,42.7,39.4,0.0,16.8,0.2891,0.7861,0.0061,-0.2172,0.4464,39.8672,78.7,0,0
LMT261023P00490000,LMT,2026-10-23,30,P,490.0,-6.41,523.56,5.4,7.5,6.45,6.5,32.6,0.32,-0.2161,0.0062,-0.224,0.4478,5.9983,23.8,7,21
LMT261023C00495000,LMT,2026-10-23,30,C,495.0,-5.45,523.56,33.7,38.1,35.9,0.0,12.3,0.2951,0.7532,0.0067,-0.2354,0.483,36.3056,74.5,0,0
LMT261023P00495000,LMT,2026-10-23,30,P,495.0,-5.45,523.56,4.3,8.6,6.45,6.0,66.7,0.2923,-0.2494,0.0068,-0.242,0.4858,5.9941,25.2,1,10
LMT261023C00500000,LMT,2026-10-23,30,C,500.0,-4.5,523.56,29.8,34.9,32.35,0.0,15.8,0.2954,0.7176,0.0072,-0.2522,0.5167,32.704,70.5,0,0
LMT261023P00500000,LMT,2026-10-23,30,P,500.0,-4.5,523.56,5.2,9.9,7.55,8.75,62.3,0.2859,-0.2855,0.0073,-0.2586,0.5179,7.0375,28.7,20,26
LMT261023C00505000,LMT,2026-10-23,30,C,505.0,-3.54,523.56,26.4,31.2,28.8,0.0,16.7,0.2919,0.6795,0.0076,-0.2672,0.5462,29.1074,66.6,0,0
LMT261023P00505000,LMT,2026-10-23,30,P,505.0,-3.54,523.56,9.4,12.3,10.85,11.5,26.7,0.317,-0.3241,0.0077,-0.2734,0.5479,10.2195,34.9,3,2
LMT261023C00510000,LMT,2026-10-23,30,C,510.0,-2.59,523.56,23.2,27.7,25.45,22.1,17.7,0.2885,0.6396,0.008,-0.2798,0.5709,25.7091,62.4,2,3
LMT261023P00510000,LMT,2026-10-23,30,P,510.0,-2.59,523.56,10.3,15.0,12.65,12.93,37.2,0.3153,-0.3646,0.0081,-0.2859,0.5726,11.9655,38.9,4,11
LMT261023C00515000,LMT,2026-10-23,30,C,515.0,-1.63,523.56,19.3,24.6,21.95,34.14,24.1,0.2787,0.5986,0.0083,-0.2895,0.5894,22.1493,58.2,0,1
LMT261023P00515000,LMT,2026-10-23,30,P,515.0,-1.63,523.56,10.5,16.9,13.7,15.01,46.7,0.2973,-0.4066,0.0084,-0.2956,0.59,12.9697,42.5,4,15
LMT261023C00520000,LMT,2026-10-23,30,C,520.0,-0.68,523.56,17.8,22.0,19.9,20.91,21.1,0.2901,0.5565,0.0084,-0.2963,0.6018,20.04,53.2,20,0
LMT261023P00520000,LMT,2026-10-23,30,P,520.0,-0.68,523.56,12.4,20.8,16.6,16.6,50.6,0.3073,-0.4494,0.0086,-0.3023,0.6017,15.79,47.2,6,16
LMT261023C00525000,LMT,2026-10-23,30,C,525.0,0.28,523.56,15.4,19.5,17.45,17.1,23.5,0.2909,0.5142,0.0085,-0.2998,0.6074,17.5517,48.6,28,3
LMT261023P00525000,LMT,2026-10-23,30,P,525.0,0.28,523.56,17.5,21.8,19.65,22.07,21.9,0.316,-0.4925,0.0087,-0.3057,0.6063,18.7696,51.6,1,26
LMT261023C00530000,LMT,2026-10-23,30,C,530.0,1.23,523.56,12.6,17.5,15.05,25.5,32.6,0.2888,0.4723,0.0085,-0.2998,0.6064,15.1172,44.1,0,9
LMT261023P00530000,LMT,2026-10-23,30,P,530.0,1.23,523.56,20.8,22.9,21.85,24.46,9.6,0.307,-0.5354,0.0087,-0.3056,0.6036,20.9053,55.8,69,30
LMT261023C00535000,LMT,2026-10-23,30,C,535.0,2.19,523.56,12.3,16.2,14.25,26.9,27.4,0.3098,0.4312,0.0084,-0.2965,0.5989,14.2714,40.1,0,3
LMT261023P00535000,LMT,2026-10-23,30,P,535.0,2.19,523.56,21.6,29.1,25.35,18.35,29.6,0.3164,-0.5775,0.0086,-0.3024,0.5951,24.3456,59.8,0,62
LMT261023C00540000,LMT,2026-10-23,30,C,540.0,3.14,523.56,9.9,14.0,11.95,19.68,34.3,0.3025,0.3912,0.0082,-0.29,0.5856,11.9517,35.9,0,3
LMT261023P00540000,LMT,2026-10-23,30,P,540.0,3.14,523.56,24.0,31.7,27.85,24.4,27.6,0.3048,-0.6188,0.0084,-0.2957,0.5794,26.7519,64.1,0,17
LMT261023C00545000,LMT,2026-10-23,30,C,545.0,4.1,523.56,7.4,11.7,9.55,16.66,45.0,0.2895,0.3527,0.0079,-0.2806,0.5666,9.541,31.4,0,6
LMT261023P00545000,LMT,2026-10-23,30,P,545.0,4.1,523.56,29.2,35.0,32.1,25.98,18.1,0.3208,-0.6584,0.0081,-0.2863,0.5556,30.9372,67.2,0,2
LMT261023C00550000,LMT,2026-10-23,30,C,550.0,5.05,523.56,6.7,10.6,8.65,8.59,45.1,0.2998,0.316,0.0076,-0.2686,0.5433,8.617,28.2,3,7
LMT261023P00550000,LMT,2026-10-23,30,P,550.0,5.05,523.56,33.0,39.0,36.0,30.0,16.7,0.3281,-0.6962,0.0078,-0.2744,0.5323,34.7718,70.4,0,2
LMT261023C00555000,LMT,2026-10-23,30,C,555.0,6.01,523.56,7.0,8.7,7.85,8.12,21.7,0.3097,0.2814,0.0072,-0.2547,0.5158,7.7994,25.3,1,1
LMT261023P00555000,LMT,2026-10-23,30,P,555.0,6.01,523.56,35.7,43.0,39.35,33.57,18.6,0.3222,-0.732,0.0074,-0.2605,0.4986,38.0568,74.0,0,2
LMT261023C00560000,LMT,2026-10-23,30,C,560.0,6.96,523.56,4.5,9.0,6.75,9.93,66.7,0.3113,0.2492,0.0067,-0.2394,0.4856,6.6923,22.3,0,18
LMT261023P00560000,LMT,2026-10-23,30,P,560.0,6.96,523.56,41.1,46.6,43.85,37.13,12.5,0.336,-0.7656,0.007,-0.2452,0.4681,42.4964,76.2,0,3
LMT261023C00565000,LMT,2026-10-23,30,C,565.0,7.92,523.56,4.0,7.9,5.95,7.37,65.5,0.3165,0.2196,0.0062,-0.2232,0.4534,5.885,19.8,0,108
LMT261023P00565000,LMT,2026-10-23,30,P,565.0,7.92,523.56,44.0,50.8,47.4,0.0,14.3,0.3276,-0.7964,0.0066,-0.2289,0.4279,45.9748,79.5,0,0
LMT261023C00570000,LMT,2026-10-23,30,C,570.0,8.87,523.56,3.7,5.5,4.6,5.0,39.1,0.3061,0.1927,0.0058,-0.2068,0.4202,4.5374,16.5,4,20
LMT261023P00570000,LMT,2026-10-23,30,P,570.0,8.87,523.56,48.5,54.2,51.35,37.1,11.1,0.3239,-0.8247,0.0061,-0.2124,0.3941,49.843,82.3,0,1
LMT261023C00575000,LMT,2026-10-23,30,C,575.0,9.83,523.56,2.05,5.9,3.975,6.4,96.9,0.3098,0.1685,0.0053,-0.1905,0.387,3.9127,14.4,0,12
LMT261023P00575000,LMT,2026-10-23,30,P,575.0,9.83,523.56,52.4,59.7,56.05,0.0,13.0,0.2936,-0.85,0.0056,-0.1957,0.3516,52.8784,86.8,0,0
LMT261023C00580000,LMT,2026-10-23,30,C,580.0,10.78,523.56,2.15,6.5,4.325,3.5,100.6,0.3378,0.1471,0.0048,-0.1747,0.3544,4.2433,14.2,3,27
LMT261023P00580000,LMT,2026-10-23,30,P,580.0,10.78,523.56,56.4,63.7,60.05,50.72,12.2,0.3272,-0.873,0.0052,-0.1803,0.3185,58.3915,86.5,0,1
LMT261023C00585000,LMT,2026-10-23,30,C,585.0,11.74,523.56,0.1,5.4,2.75,2.47,192.7,0.3101,0.1281,0.0044,-0.1596,0.3232,2.6917,10.5,3,5
LMT261023P00585000,LMT,2026-10-23,30,P,585.0,11.74,523.56,61.6,68.1,64.85,0.0,10.0,0.3391,-0.8931,0.0047,-0.1647,0.278,63.1482,87.6,0,0
LMT261023C00590000,LMT,2026-10-23,30,C,590.0,12.69,523.56,1.9,3.2,2.55,2.1,51.0,0.3201,0.1115,0.0039,-0.1454,0.2936,2.4891,9.5,1,4
LMT261023P00590000,LMT,2026-10-23,30,P,590.0,12.69,523.56,66.3,72.1,69.2,0.0,8.4,0.3338,-0.9114,0.0043,-0.1523,0.2451,67.3953,89.7,0,0
LMT261023C00595000,LMT,2026-10-23,30,C,595.0,13.65,523.56,0.85,4.9,2.875,3.3,140.9,0.3475,0.0971,0.0035,-0.1322,0.2659,2.8005,9.7,0,9
LMT261023P00595000,LMT,2026-10-23,30,P,595.0,13.65,523.56,71.0,76.8,73.9,0.0,7.8,0.3382,-0.9271,0.004,-0.1406,0.2107,72.0226,90.9,0,0
LMT261023C00600000,LMT,2026-10-23,30,C,600.0,14.6,523.56,0.25,2.75,1.5,1.75,166.7,0.3093,0.0846,0.0031,-0.1201,0.2407,1.4539,6.1,20,27
LMT261023P00600000,LMT,2026-10-23,30,P,600.0,14.6,523.56,76.2,81.6,78.9,0.0,6.8,0.3541,-0.9408,0.0036,-0.1277,0.174,76.9999,91.3,0,0
LMT261023C00605000,LMT,2026-10-23,30,C,605.0,15.56,523.56,0.1,2.1,1.1,3.65,181.8,0.3029,0.0739,0.0028,-0.1091,0.2173,1.063,4.7,0,0
LMT261023P00605000,LMT,2026-10-23,30,P,605.0,15.56,523.56,80.7,86.5,83.6,0.0,6.9,0.3556,-0.9533,0.0033,-0.1209,0.1477,81.6188,92.5,0,0
LMT261023C00610000,LMT,2026-10-23,30,C,610.0,16.51,523.56,1.0,6.2,3.6,0.0,144.4,0.4199,0.0647,0.0025,-0.0993,0.1967,3.489,9.6,0,0
LMT261023P00610000,LMT,2026-10-23,30,P,610.0,16.51,523.56,84.0,92.2,88.1,0.0,9.3,0.34,-0.964,0.0031,-0.1125,0.1228,85.9276,94.3,0,0
LMT261023C00615000,LMT,2026-10-23,30,C,615.0,17.47,523.56,0.9,2.2,1.55,0.0,83.9,0.3544,0.0568,0.0022,-0.0906,0.1779,1.4955,5.4,0,0
LMT261023P00615000,LMT,2026-10-23,30,P,615.0,17.47,523.56,89.0,97.0,93.0,0.0,8.6,0.346,-0.9726,0.0028,-0.098,0.0975,90.7586,94.9,0,0
LMT261023C00620000,LMT,2026-10-23,30,C,620.0,18.42,523.56,0.0,7.3,,0.0,,0.4529,0.0503,0.002,-0.083,0.1615,3.5268,9.0,0,0
LMT261023P00620000,LMT,2026-10-23,30,P,620.0,18.42,523.56,94.0,102.2,98.1,0.0,8.4,0.3676,-0.98,0.0024,-0.0884,0.0657,95.8877,94.8,0,0
LMT261023C00625000,LMT,2026-10-23,30,C,625.0,19.38,523.56,0.0,2.5,1.45,1.45,,0.3649,0.0446,0.0018,-0.0763,0.1471,1.1982,4.3,0,0
LMT261023P00625000,LMT,2026-10-23,30,P,625.0,19.38,523.56,99.3,106.8,103.05,0.0,7.3,0.3771,-0.9862,0.0019,-0.0864,0.0471,100.7962,95.2,0,0
LMT261023C00630000,LMT,2026-10-23,30,C,630.0,20.33,523.56,0.0,6.0,2.05,2.05,,0.4594,0.0398,0.0016,-0.0704,0.1342,2.8876,7.4,0,1
LMT261023P00630000,LMT,2026-10-23,30,P,630.0,20.33,523.56,104.0,112.2,108.1,0.0,7.6,0.3944,-0.9906,0.0015,-0.0797,0.0357,105.8502,95.2,0,0
LMT261023C00635000,LMT,2026-10-23,30,C,635.0,21.29,523.56,0.0,5.7,1.5,1.5,,0.4678,0.0357,0.0014,-0.0651,0.1227,2.7381,6.9,0,1
LMT261023P00635000,LMT,2026-10-23,30,P,635.0,21.29,523.56,108.7,117.6,113.15,0.0,7.9,0.4033,-0.994,0.0012,-0.069,0.028,110.759,95.5,0,0
LMT261023C00640000,LMT,2026-10-23,30,C,640.0,22.24,523.56,0.0,4.3,1.67,1.67,,0.4514,0.0321,0.0013,-0.0604,0.1126,2.0603,5.6,0,2
LMT261023P00640000,LMT,2026-10-23,30,P,640.0,22.24,523.56,114.1,122.5,118.3,0.0,7.1,0.4359,-0.996,0.0008,-0.0677,0.0087,116.0936,95.0,0,0
LMT261023C00645000,LMT,2026-10-23,30,C,645.0,23.2,523.56,0.0,5.6,,0.0,,0.4936,0.029,0.0012,-0.0562,0.1036,2.684,6.4,0,0
LMT261023P00645000,LMT,2026-10-23,30,P,645.0,23.2,523.56,119.0,127.3,123.15,0.0,6.7,0.4374,-0.9975,0.0005,-0.0677,0.0,120.8685,95.5,0,0
LMT261023C00650000,LMT,2026-10-23,30,C,650.0,24.15,523.56,0.0,3.2,1.45,1.45,,0.449,0.0262,0.0011,-0.0523,0.0953,1.5265,4.3,0,3
LMT261023P00650000,LMT,2026-10-23,30,P,650.0,24.15,523.56,123.7,132.1,127.9,0.0,6.6,0.425,-0.9986,0.0003,-0.0677,0.0,125.4572,96.5,0,0
LMT261030C00395000,LMT,2026-10-30,37,C,395.0,-24.55,523.56,125.0,133.5,129.25,0.0,6.6,0.0,0.9892,0.0004,-0.0108,0.0503,,,0,0
LMT261030P00395000,LMT,2026-10-30,37,P,395.0,-24.55,523.56,0.0,5.4,,0.0,,0.5977,-0.011,0.0004,-0.024,0.0505,2.5116,8.0,0,0
LMT261030C00400000,LMT,2026-10-30,37,C,400.0,-23.6,523.56,120.1,128.8,124.45,0.0,7.0,0.3231,0.9877,0.0005,-0.0137,0.0566,125.236,99.5,0,0
LMT261030P00400000,LMT,2026-10-30,37,P,400.0,-23.6,523.56,0.0,5.5,,0.0,,0.5789,-0.0126,0.0005,-0.0264,0.0567,2.5593,8.2,0,0
LMT261030C00405000,LMT,2026-10-30,37,C,405.0,-22.64,523.56,115.2,123.7,119.45,0.0,7.1,0.2946,0.9858,0.0006,-0.017,0.0638,120.2338,99.7,0,0
LMT261030P00405000,LMT,2026-10-30,37,P,405.0,-22.64,523.56,0.0,5.4,,0.0,,0.5552,-0.0145,0.0006,-0.0292,0.0642,2.5098,8.3,0,0
LMT261030C00410000,LMT,2026-10-30,37,C,410.0,-21.69,523.56,110.2,119.2,114.7,0.0,7.8,0.3301,0.9836,0.0007,-0.0207,0.0721,115.3658,99.0,0,0
LMT261030P00410000,LMT,2026-10-30,37,P,410.0,-21.69,523.56,0.0,5.7,1.48,1.48,,0.5412,-0.0168,0.0007,-0.0325,0.0727,2.6518,8.8,0,1
LMT261030C00415000,LMT,2026-10-30,37,C,415.0,-20.73,523.56,105.4,113.6,109.5,0.0,7.5,0.2689,0.9808,0.0008,-0.025,0.082,110.2738,99.7,0,0
LMT261030P00415000,LMT,2026-10-30,37,P,415.0,-20.73,523.56,0.0,5.7,,0.0,,0.5202,-0.0195,0.0008,-0.0363,0.0823,2.6519,8.9,0,0
LMT261030C00420000,LMT,2026-10-30,37,C,420.0,-19.78,523.56,100.5,107.9,104.2,110.72,7.1,0.0,0.9776,0.0009,-0.0299,0.0935,,,0,1
LMT261030P00420000,LMT,2026-10-30,37,P,420.0,-19.78,523.56,0.0,5.7,,0.0,,0.4993,-0.0228,0.0009,-0.0407,0.0942,2.6512,9.1,0,0
LMT261030C00425000,LMT,2026-10-30,37,C,425.0,-18.82,523.56,96.0,104.1,100.05,108.23,8.1,0.3414,0.9736,0.001,-0.0355,0.1068,100.7676,97.1,0,0
LMT261030P00425000,LMT,2026-10-30,37,P,425.0,-18.82,523.56,0.0,7.0,,0.0,,0.5045,-0.0268,0.001,-0.046,0.1075,3.2656,10.7,0,0
LMT261030C00430000,LMT,2026-10-30,37,C,430.0,-17.87,523.56,91.2,97.6,94.4,103.55,6.8,0.0,0.9688,0.0012,-0.042,0.1227,,,0,3
LMT261030P00430000,LMT,2026-10-30,37,P,430.0,-17.87,523.56,0.0,3.7,0.65,0.65,,0.4127,-0.0316,0.0012,-0.052,0.1232,1.7032,7.2,0,3
LMT261030C00435000,LMT,2026-10-30,37,C,435.0,-16.91,523.56,86.3,92.1,89.2,98.77,6.5,0.0,0.9629,0.0014,-0.0496,0.1409,,,0,4
LMT261030P00435000,LMT,2026-10-30,37,P,435.0,-16.91,523.56,0.05,2.8,1.425,1.05,193.0,0.3715,-0.0376,0.0014,-0.0591,0.1424,1.3047,6.2,4,1
LMT261030C00440000,LMT,2026-10-30,37,C,440.0,-15.96,523.56,81.5,88.2,84.85,93.06,7.9,0.2618,0.9558,0.0017,-0.0582,0.1621,85.5749,98.2,0,4
LMT261030P00440000,LMT,2026-10-30,37,P,440.0,-15.96,523.56,0.75,3.0,1.875,1.98,120.0,0.3757,-0.0448,0.0017,-0.0674,0.1628,1.7254,7.7,1,2
LMT261030C00445000,LMT,2026-10-30,37,C,445.0,-15.0,523.56,77.0,83.5,80.25,0.0,8.1,0.2858,0.9471,0.002,-0.0682,0.1866,80.9385,96.3,0,0
LMT261030P00445000,LMT,2026-10-30,37,P,445.0,-15.0,523.56,0.05,2.5,1.275,1.61,192.2,0.327,-0.0535,0.002,-0.0769,0.1888,1.1631,6.1,7,22
LMT261030C00450000,LMT,2026-10-30,37,C,450.0,-14.05,523.56,72.0,78.0,75.0,0.0,8.0,0.2447,0.9367,0.0023,-0.0795,0.2142,75.7052,97.5,0,0
LMT261030P00450000,LMT,2026-10-30,37,P,450.0,-14.05,523.56,1.2,3.5,2.35,1.65,97.9,0.3572,-0.064,0.0023,-0.0879,0.2152,2.1692,9.5,1,6
LMT261030C00455000,LMT,2026-10-30,37,C,455.0,-13.09,523.56,68.1,74.0,71.05,0.0,8.3,0.2974,0.9244,0.0026,-0.0921,0.2453,71.6763,93.0,0,0
LMT261030P00455000,LMT,2026-10-30,37,P,455.0,-13.09,523.56,1.45,2.55,2.0,2.3,55.0,0.3238,-0.0765,0.0027,-0.1002,0.2482,1.8365,8.9,12,0
LMT261030C00460000,LMT,2026-10-30,37,C,460.0,-12.14,523.56,63.5,69.4,66.45,0.0,8.9,0.2958,0.9098,0.003,-0.1061,0.2793,67.048,91.5,0,0
LMT261030P00460000,LMT,2026-10-30,37,P,460.0,-12.14,523.56,0.35,5.6,2.975,2.58,176.5,0.3394,-0.0913,0.0031,-0.1138,0.2807,2.7581,11.9,1,8
LMT261030C00465000,LMT,2026-10-30,37,C,465.0,-11.18,523.56,58.2,65.3,61.75,0.0,11.5,0.2877,0.8928,0.0035,-0.1211,0.316,62.3286,90.2,0,0
LMT261030P00465000,LMT,2026-10-30,37,P,465.0,-11.18,523.56,1.6,5.3,3.45,1.97,107.2,0.3333,-0.1084,0.0035,-0.1286,0.319,3.2033,13.5,0,2
LMT261030C00470000,LMT,2026-10-30,37,C,470.0,-10.23,523.56,53.4,61.4,57.4,0.0,13.9,0.2894,0.8735,0.0039,-0.137,0.3547,57.9402,87.9,0,0
LMT261030P00470000,LMT,2026-10-30,37,P,470.0,-10.23,523.56,2.6,6.3,4.45,4.26,83.1,0.3394,-0.128,0.004,-0.1442,0.3566,4.1541,16.3,1,2
LMT261030C00475000,LMT,2026-10-30,37,C,475.0,-9.27,523.56,49.5,56.1,52.8,0.0,12.5,0.2803,0.8516,0.0044,-0.1534,0.3946,53.3166,86.2,0,0
LMT261030P00475000,LMT,2026-10-30,37,P,475.0,-9.27,523.56,1.8,5.5,3.65,4.5,101.4,0.2964,-0.1502,0.0045,-0.1604,0.3973,3.3868,15.2,10,8
LMT261030C00480000,LMT,2026-10-30,37,C,480.0,-8.32,523.56,45.4,51.8,48.6,0.0,13.2,0.28,0.8273,0.0049,-0.17,0.4351,49.0774,83.5,0,0
LMT261030P00480000,LMT,2026-10-30,37,P,480.0,-8.32,523.56,2.35,6.4,4.375,5.4,92.6,0.2929,-0.1748,0.005,-0.1768,0.437,4.0732,17.7,4,3
LMT261030C00485000,LMT,2026-10-30,37,C,485.0,-7.36,523.56,41.0,49.3,45.15,0.0,18.4,0.2932,0.8004,0.0054,-0.1864,0.4748,45.5628,79.3,0,0
LMT261030P00485000,LMT,2026-10-30,37,P,485.0,-7.36,523.56,3.4,7.2,5.3,6.48,71.7,0.2912,-0.2021,0.0054,-0.193,0.4771,4.9525,20.5,3,9
LMT261030C00490000,LMT,2026-10-30,37,C,490.0,-6.41,523.56,38.1,43.7,40.9,0.0,13.7,0.2846,0.7712,0.0058,-0.2022,0.5135,41.2835,76.7,0,0
LMT261030P00490000,LMT,2026-10-30,37,P,490.0,-6.41,523.56,6.7,8.9,7.8,6.17,28.2,0.3176,-0.2317,0.0059,-0.2087,0.5158,7.357,26.0,0,9
LMT261030C00495000,LMT,2026-10-30,37,C,495.0,-5.45,523.56,35.2,41.4,38.3,0.0,16.2,0.3048,0.7398,0.0063,-0.2171,0.5494,38.6094,71.6,0,0
LMT261030P00495000,LMT,2026-10-30,37,P,495.0,-5.45,523.56,5.7,10.2,7.95,9.05,56.6,0.2942,-0.2636,0.0064,-0.2235,0.5512,7.4864,27.6,6,27
LMT261030C00500000,LMT,2026-10-30,37,C,500.0,-4.5,523.56,31.3,36.3,33.8,45.0,14.8,0.2863,0.7063,0.0067,-0.2306,0.5825,34.0926,69.3,0,2
LMT261030P00500000,LMT,2026-10-30,37,P,500.0,-4.5,523.56,6.4,11.5,8.95,10.63,57.0,0.2852,-0.2976,0.0068,-0.237,0.5868,8.4481,30.6,12,12
LMT261030C00505000,LMT,2026-10-30,37,C,505.0,-3.54,523.56,28.4,32.7,30.55,0.0,14.1,0.2873,0.671,0.007,-0.2426,0.611,30.7987,65.3,0,0
LMT261030P00505000,LMT,2026-10-30,37,P,505.0,-3.54,523.56,10.8,14.6,12.7,14.15,29.9,0.319,-0.3335,0.0071,-0.2489,0.6129,12.0875,36.5,1,6
LMT261030C00510000,LMT,2026-10-30,37,C,510.0,-2.59,523.56,25.3,30.1,27.7,0.0,17.3,0.291,0.6347,0.0073,-0.2525,0.6349,27.8772,61.1,0,0
LMT261030P00510000,LMT,2026-10-30,37,P,510.0,-2.59,523.56,12.9,15.2,14.05,11.2,16.4,0.3093,-0.3708,0.0074,-0.2588,0.6372,13.392,39.8,0,2
LMT261030C00515000,LMT,2026-10-30,37,C,515.0,-1.63,523.56,21.0,27.7,24.35,23.1,27.5,0.2841,0.5971,0.0075,-0.2603,0.6532,24.4962,57.2,2,0
LMT261030P00515000,LMT,2026-10-30,37,P,515.0,-1.63,523.56,14.9,18.2,16.55,17.7,19.9,0.3149,-0.4092,0.0077,-0.2666,0.654,15.8307,43.9,5,0
LMT261030C00520000,LMT,2026-10-30,37,C,520.0,-0.68,523.56,19.9,24.6,22.25,28.5,21.1,0.2933,0.5588,0.0077,-0.2657,0.6657,22.3557,52.8,0,3
LMT261030P00520000,LMT,2026-10-30,37,P,520.0,-0.68,523.56,16.7,22.0,19.35,19.35,27.4,0.3217,-0.4482,0.0078,-0.272,0.6656,18.5561,47.8,3,7
LMT261030C00525000,LMT,2026-10-30,37,C,525.0,0.28,523.56,16.9,22.0,19.45,18.85,26.2,0.2888,0.5204,0.0077,-0.2686,0.672,19.5305,48.7,1,10
LMT261030P00525000,LMT,2026-10-30,37,P,525.0,0.28,523.56,18.4,23.7,21.05,17.6,25.2,0.3094,-0.4875,0.0079,-0.2749,0.6706,20.2134,51.4,0,22
LMT261030C00530000,LMT,2026-10-30,37,C,530.0,1.23,523.56,14.5,20.2,17.35,22.7,32.9,0.2917,0.4822,0.0077,-0.2689,0.6722,17.3986,44.7,0,9
LMT261030P00530000,LMT,2026-10-30,37,P,530.0,1.23,523.56,22.2,24.3,23.25,23.5,9.0,0.3015,-0.5267,0.0079,-0.2752,0.6692,22.3452,55.3,71,38
LMT261030C00535000,LMT,2026-10-30,37,C,535.0,2.19,523.56,12.8,19.8,16.3,14.0,42.9,0.3075,0.4445,0.0077,-0.2666,0.6665,16.3151,41.0,9,4
LMT261030P00535000,LMT,2026-10-30,37,P,535.0,2.19,523.56,24.7,29.7,27.2,29.8,18.4,0.3172,-0.5655,0.0079,-0.273,0.6615,26.2301,58.9,2,65
LMT261030C00540000,LMT,2026-10-30,37,C,540.0,3.14,523.56,11.8,15.4,13.6,13.7,26.5,0.2957,0.4075,0.0075,-0.2619,0.6552,13.6023,37.0,1,4
LMT261030P00540000,LMT,2026-10-30,37,P,540.0,3.14,523.56,27.7,33.1,30.4,31.8,17.8,0.3189,-0.6035,0.0078,-0.2683,0.6483,29.3612,62.4,3,16
LMT261030C00545000,LMT,2026-10-30,37,C,545.0,4.1,523.56,9.1,15.0,12.05,0.0,49.0,0.2986,0.3717,0.0074,-0.2549,0.6385,12.0343,33.5,0,0
LMT261030P00545000,LMT,2026-10-30,37,P,545.0,4.1,523.56,31.1,36.9,34.0,33.0,17.1,0.324,-0.6408,0.0076,-0.2613,0.6281,32.8764,65.6,1,3
LMT261030C00550000,LMT,2026-10-30,37,C,550.0,5.05,523.56,8.8,14.1,11.45,10.5,46.3,0.3143,0.3372,0.0071,-0.2459,0.6173,11.4117,30.8,2,1
LMT261030P00550000,LMT,2026-10-30,37,P,550.0,5.05,523.56,32.6,40.4,36.5,34.2,21.4,0.3088,-0.6766,0.0074,-0.2524,0.6048,35.2893,69.5,2,0
LMT261030C00555000,LMT,2026-10-30,37,C,555.0,6.01,523.56,6.2,11.9,9.05,14.48,63.0,0.2981,0.3043,0.0068,-0.2353,0.5918,9.0097,26.8,0,9
LMT261030P00555000,LMT,2026-10-30,37,P,555.0,6.01,523.56,38.0,44.0,41.0,33.3,14.6,0.3242,-0.7108,0.0071,-0.242,0.5743,39.7366,71.8,0,5
LMT261030C00560000,LMT,2026-10-30,37,C,560.0,6.96,523.56,5.0,10.0,7.5,5.8,66.7,0.2927,0.2732,0.0065,-0.2235,0.5633,7.4563,23.4,2,7
LMT261030P00560000,LMT,2026-10-30,37,P,560.0,6.96,523.56,42.0,47.2,44.6,0.0,11.7,0.322,-0.7432,0.0068,-0.2303,0.5432,43.2598,74.8,0,0
LMT261030C00565000,LMT,2026-10-30,37,C,565.0,7.92,523.56,4.9,9.6,7.25,0.0,64.8,0.3087,0.2443,0.0061,-0.2108,0.5321,7.1908,21.7,0,0
LMT261030P00565000,LMT,2026-10-30,37,P,565.0,7.92,523.56,46.0,51.5,48.75,44.37,11.3,0.3274,-0.7735,0.0064,-0.2178,0.5057,47.3435,77.2,0,1
LMT261030C00570000,LMT,2026-10-30,37,C,570.0,8.87,523.56,4.1,8.6,6.35,8.8,70.9,0.3109,0.2177,0.0057,-0.1977,0.4997,6.2838,19.3,1,3
LMT261030P00570000,LMT,2026-10-30,37,P,570.0,8.87,523.56,49.3,55.6,52.45,37.0,12.0,0.3216,-0.8015,0.006,-0.2047,0.4697,50.9529,80.0,0,2
LMT261030C00575000,LMT,2026-10-30,37,C,575.0,9.83,523.56,2.8,7.9,5.35,9.9,95.3,0.3088,0.1934,0.0053,-0.1845,0.4663,5.2852,16.8,0,6
LMT261030P00575000,LMT,2026-10-30,37,P,575.0,9.83,523.56,53.4,59.9,56.65,0.0,11.5,0.3233,-0.8273,0.0056,-0.1915,0.4295,55.0754,82.2,0,0
LMT261030C00580000,LMT,2026-10-30,37,C,580.0,10.78,523.56,2.9,7.5,5.2,6.0,88.5,0.3233,0.1714,0.0049,-0.1715,0.4332,5.1285,15.7,0,1
LMT261030P00580000,LMT,2026-10-30,37,P,580.0,10.78,523.56,56.7,64.5,60.6,59.25,12.9,0.3161,-0.8506,0.0052,-0.1782,0.3908,58.9064,84.8,0,1
LMT261030C00585000,LMT,2026-10-30,37,C,585.0,11.74,523.56,1.55,6.7,4.125,3.75,124.8,0.315,0.1518,0.0045,-0.1589,0.4008,4.0607,13.2,3,3
LMT261030P00585000,LMT,2026-10-30,37,P,585.0,11.74,523.56,61.9,69.0,65.45,0.0,10.8,0.3292,-0.8717,0.0049,-0.1655,0.3516,63.7111,85.8,0,0
LMT261030C00590000,LMT,2026-10-30,37,C,590.0,12.69,523.56,1.45,6.0,3.725,5.37,122.1,0.3208,0.1343,0.0041,-0.1469,0.3693,3.6592,11.9,0,3
LMT261030P00590000,LMT,2026-10-30,37,P,590.0,12.69,523.56,66.8,73.2,70.0,0.0,9.1,0.3333,-0.8904,0.0045,-0.1525,0.3123,68.1875,87.3,0,0
LMT261030C00595000,LMT,2026-10-30,37,C,595.0,13.65,523.56,1.6,6.6,4.1,1.75,122.0,0.3464,0.1188,0.0038,-0.1356,0.34,4.0232,11.9,0,3
LMT261030P00595000,LMT,2026-10-30,37,P,595.0,13.65,523.56,71.2,77.4,74.3,0.0,8.3,0.3272,-0.9076,0.0042,-0.1432,0.2776,72.3595,89.3,0,0
LMT261030C00600000,LMT,2026-10-30,37,C,600.0,14.6,523.56,0.35,3.4,1.875,2.5,162.7,0.2928,0.1052,0.0034,-0.125,0.3118,1.8347,7.1,35,8
LMT261030P00600000,LMT,2026-10-30,37,P,600.0,14.6,523.56,76.8,82.6,79.7,0.0,7.3,0.3553,-0.9223,0.0039,-0.1333,0.2427,77.7907,89.0,0,0
LMT261030C00605000,LMT,2026-10-30,37,C,605.0,15.56,523.56,1.3,4.4,2.85,3.5,108.8,0.3403,0.0933,0.0031,-0.1153,0.2862,2.7857,8.8,1,13
LMT261030P00605000,LMT,2026-10-30,37,P,605.0,15.56,523.56,81.1,86.9,84.0,0.0,6.9,0.3458,-0.9358,0.0036,-0.1258,0.2087,81.9488,90.8,0,0
LMT261030C00610000,LMT,2026-10-30,37,C,610.0,16.51,523.56,1.2,6.0,3.6,2.6,133.3,0.3775,0.0829,0.0028,-0.1064,0.2626,3.5142,9.7,0,1
LMT261030P00610000,LMT,2026-10-30,37,P,610.0,16.51,523.56,85.6,91.7,88.65,0.0,6.9,0.3454,-0.9477,0.0033,-0.1178,0.1784,86.4909,92.0,0,0
LMT261030C00615000,LMT,2026-10-30,37,C,615.0,17.47,523.56,1.0,7.6,4.3,0.0,153.5,0.4121,0.0739,0.0025,-0.0983,0.2407,4.1972,10.4,0,0
LMT261030P00615000,LMT,2026-10-30,37,P,615.0,17.47,523.56,89.1,97.2,93.15,0.0,8.7,0.3324,-0.9583,0.0032,-0.1115,0.1526,90.7764,93.8,0,0
LMT261030C00620000,LMT,2026-10-30,37,C,620.0,18.42,523.56,1.0,5.9,3.45,0.0,142.0,0.4012,0.066,0.0023,-0.091,0.2212,3.3599,8.8,0,0
LMT261030P00620000,LMT,2026-10-30,37,P,620.0,18.42,523.56,94.0,101.5,97.75,0.0,7.7,0.3005,-0.9673,0.0029,-0.1074,0.1201,94.8668,96.2,0,0
LMT261030C00625000,LMT,2026-10-30,37,C,625.0,19.38,523.56,0.8,6.2,3.5,0.0,154.3,0.4166,0.0592,0.0021,-0.0843,0.2033,3.4085,8.5,0,0
LMT261030P00625000,LMT,2026-10-30,37,P,625.0,19.38,523.56,99.0,107.5,103.25,0.0,8.2,0.3639,-0.9747,0.0026,-0.0976,0.097,100.8755,94.0,0,0
LMT261030C00630000,LMT,2026-10-30,37,C,630.0,20.33,523.56,0.0,5.8,,0.0,,0.4098,0.0533,0.0019,-0.0784,0.1871,2.8152,7.3,0,0
LMT261030P00630000,LMT,2026-10-30,37,P,630.0,20.33,523.56,104.3,112.3,108.3,0.0,7.4,0.3794,-0.9815,0.0022,-0.103,0.0673,105.9239,94.0,0,0
LMT261030C00635000,LMT,2026-10-30,37,C,635.0,21.29,523.56,0.05,5.7,2.875,1.6,196.5,0.4218,0.048,0.0017,-0.073,0.1726,2.7874,7.0,0,9
LMT261030P00635000,LMT,2026-10-30,37,P,635.0,21.29,523.56,109.8,117.3,113.55,0.0,6.6,0.4062,-0.9869,0.0018,-0.0883,0.0504,111.2505,93.6,0,0
LMT261030C00640000,LMT,2026-10-30,37,C,640.0,22.24,523.56,0.0,5.9,1.6,1.6,,0.4373,0.0434,0.0016,-0.068,0.1595,2.8596,6.9,0,18
LMT261030P00640000,LMT,2026-10-30,37,P,640.0,22.24,523.56,114.0,122.5,118.25,0.0,7.2,0.4008,-0.9908,0.0014,-0.0697,0.0363,115.8095,94.6,0,0
LMT261030C00645000,LMT,2026-10-30,37,C,645.0,23.2,523.56,0.0,5.6,1.6,1.6,,0.4443,0.0394,0.0014,-0.0635,0.1473,2.7115,6.5,0,34
LMT261030P00645000,LMT,2026-10-30,37,P,645.0,23.2,523.56,119.0,127.5,123.25,0.0,6.9,0.4127,-0.994,0.0011,-0.0549,0.0289,120.787,94.8,0,0
LMT261030C00650000,LMT,2026-10-30,37,C,650.0,24.15,523.56,0.0,3.3,1.3,1.3,,0.4066,0.0357,0.0013,-0.0592,0.1361,1.5918,4.4,0,17
LMT261030P00650000,LMT,2026-10-30,37,P,650.0,24.15,523.56,124.3,132.4,128.35,0.0,6.3,0.431,-0.996,0.0008,-0.0549,0.0103,125.9085,94.7,0,0
LMT261120C00395000,LMT,2026-11-20,58,C,395.0,-24.55,523.56,126.4,134.1,130.25,0.0,5.9,0.0,0.9822,0.0006,-0.0097,0.096,,,0,0
LMT261120P00395000,LMT,2026-11-20,58,P,395.0,-24.55,523.56,0.0,0.85,0.5,0.5,,0.3436,-0.018,0.0006,-0.0268,0.0968,0.3969,2.1,0,10
LMT261120C00400000,LMT,2026-11-20,58,C,400.0,-23.6,523.56,121.4,129.3,125.35,105.75,6.3,0.0,0.9798,0.0007,-0.0128,0.1069,,,0,1
LMT261120P00400000,LMT,2026-11-20,58,P,400.0,-23.6,523.56,0.05,1.05,0.55,0.39,181.8,0.3437,-0.0205,0.0007,-0.0293,0.1074,0.5141,2.6,0,75
LMT261120C00405000,LMT,2026-11-20,58,C,405.0,-22.64,523.56,117.0,123.2,120.1,0.0,5.2,0.0,0.977,0.0008,-0.0163,0.1192,,,0,0
LMT261120P00405000,LMT,2026-11-20,58,P,405.0,-22.64,523.56,0.1,1.2,0.65,0.62,169.2,0.339,-0.0234,0.0008,-0.0321,0.1197,0.6051,3.0,0,74
LMT261120C00410000,LMT,2026-11-20,58,C,410.0,-21.69,523.56,113.1,118.1,115.6,174.0,4.3,0.2555,0.9736,0.0009,-0.0202,0.1334,116.2633,99.2,0,1
LMT261120P00410000,LMT,2026-11-20,58,P,410.0,-21.69,523.56,0.2,1.2,0.7,0.74,142.9,0.3294,-0.0268,0.0009,-0.0355,0.1347,0.6514,3.3,10,76
LMT261120C00415000,LMT,2026-11-20,58,C,415.0,-20.73,523.56,108.3,113.3,110.8,173.3,4.5,0.2739,0.9696,0.001,-0.0247,0.15,111.4468,98.3,0,1
LMT261120P00415000,LMT,2026-11-20,58,P,415.0,-20.73,523.56,0.05,1.25,0.65,0.8,184.6,0.3118,-0.0309,0.001,-0.0394,0.151,0.604,3.2,0,12
LMT261120C00420000,LMT,2026-11-20,58,C,420.0,-19.78,523.56,102.0,108.8,105.4,0.0,6.5,0.0,0.9648,0.0012,-0.0297,0.1689,,,0,0
LMT261120P00420000,LMT,2026-11-20,58,P,420.0,-19.78,523.56,0.65,1.55,1.1,1.02,81.8,0.3281,-0.0358,0.0012,-0.0439,0.1701,1.0277,4.8,0,30
LMT261120C00425000,LMT,2026-11-20,58,C,425.0,-18.82,523.56,98.0,104.4,101.2,0.0,6.3,0.2817,0.959,0.0013,-0.0354,0.1904,101.8151,96.8,0,0
LMT261120P00425000,LMT,2026-11-20,58,P,425.0,-18.82,523.56,0.5,2.1,1.3,1.36,123.1,0.3247,-0.0415,0.0013,-0.0489,0.1922,1.223,5.5,0,23
LMT261120C00430000,LMT,2026-11-20,58,C,430.0,-17.87,523.56,93.0,99.6,96.3,106.7,6.9,0.2732,0.9522,0.0015,-0.0419,0.2154,96.9054,96.5,0,2
LMT261120P00430000,LMT,2026-11-20,58,P,430.0,-17.87,523.56,1.1,1.9,1.5,1.5,53.3,0.3195,-0.0484,0.0015,-0.0549,0.2163,1.4124,6.3,5,20
LMT261120C00435000,LMT,2026-11-20,58,C,435.0,-16.91,523.56,89.4,93.7,91.55,0.0,4.7,0.2735,0.944,0.0017,-0.0492,0.2433,92.1377,95.6,0,0
LMT261120P00435000,LMT,2026-11-20,58,P,435.0,-16.91,523.56,0.7,2.6,1.65,1.31,115.2,0.311,-0.0567,0.0018,-0.0616,0.2455,1.5529,6.9,0,22
LMT261120C00440000,LMT,2026-11-20,58,C,440.0,-15.96,523.56,83.6,91.1,87.35,150.6,8.6,0.2959,0.9344,0.002,-0.0574,0.2749,87.8971,92.9,0,2
LMT261120P00440000,LMT,2026-11-20,58,P,440.0,-15.96,523.56,0.8,2.95,1.875,1.47,114.7,0.3048,-0.0664,0.002,-0.0693,0.2766,1.7669,7.7,0,113
LMT261120C00445000,LMT,2026-11-20,58,C,445.0,-15.0,523.56,79.0,85.7,82.35,122.29,8.1,0.2795,0.9231,0.0022,-0.0665,0.3096,82.8917,92.8,0,2
LMT261120P00445000,LMT,2026-11-20,58,P,445.0,-15.0,523.56,1.75,2.8,2.275,2.25,46.2,0.3035,-0.0778,0.0023,-0.0779,0.3116,2.149,9.1,0,43
LMT261120C00450000,LMT,2026-11-20,58,C,450.0,-14.05,523.56,75.3,81.2,78.25,95.49,7.5,0.2942,0.9101,0.0025,-0.0764,0.3473,78.7533,90.1,0,16
LMT261120P00450000,LMT,2026-11-20,58,P,450.0,-14.05,523.56,2.45,3.5,2.975,3.0,35.3,0.3088,-0.091,0.0026,-0.0873,0.3497,2.8158,11.1,2,229
LMT261120C00455000,LMT,2026-11-20,58,C,455.0,-13.09,523.56,70.0,76.7,73.35,0.0,9.1,0.2802,0.8954,0.0028,-0.087,0.3876,73.8443,89.6,0,0
LMT261120P00455000,LMT,2026-11-20,58,P,455.0,-13.09,523.56,2.65,4.6,3.625,2.5,53.8,0.3096,-0.1059,0.0029,-0.0975,0.39,3.4427,13.0,0,86
LMT261120C00460000,LMT,2026-11-20,58,C,460.0,-12.14,523.56,65.7,72.3,69.0,0.0,9.6,0.2809,0.8787,0.0032,-0.0982,0.4295,69.4659,87.6,0,0
LMT261120P00460000,LMT,2026-11-20,58,P,460.0,-12.14,523.56,3.6,5.0,4.3,4.2,32.6,0.3085,-0.1228,0.0032,-0.1082,0.4326,4.0895,14.9,1,59
LMT261120C00465000,LMT,2026-11-20,58,C,465.0,-11.18,523.56,61.3,68.1,64.7,0.0,10.5,0.2803,0.8603,0.0035,-0.1097,0.4728,65.1381,85.6,0,0
LMT261120P00465000,LMT,2026-11-20,58,P,465.0,-11.18,523.56,2.2,5.9,4.05,5.1,91.4,0.2853,-0.1415,0.0036,-0.1193,0.4759,3.843,14.9,3,26
LMT261120C00470000,LMT,2026-11-20,58,C,470.0,-10.23,523.56,57.3,63.9,60.6,64.47,10.9,0.2817,0.8402,0.0038,-0.1213,0.5161,61.0063,83.2,0,3
LMT261120P00470000,LMT,2026-11-20,58,P,470.0,-10.23,523.56,3.3,6.5,4.9,6.0,65.3,0.2858,-0.162,0.0039,-0.1306,0.52,4.6616,17.2,1,138
LMT261120C00475000,LMT,2026-11-20,58,C,475.0,-9.27,523.56,53.4,59.8,56.6,56.41,11.3,0.2825,0.8183,0.0042,-0.1328,0.5596,56.9754,80.6,1,0
LMT261120P00475000,LMT,2026-11-20,58,P,475.0,-9.27,523.56,6.0,7.8,6.9,6.0,26.1,0.3048,-0.1842,0.0042,-0.1417,0.5629,6.5941,21.4,6,32
LMT261120C00480000,LMT,2026-11-20,58,C,480.0,-8.32,523.56,49.8,55.8,52.8,61.44,11.4,0.2844,0.7948,0.0045,-0.144,0.6013,53.1417,77.8,0,1
LMT261120P00480000,LMT,2026-11-20,58,P,480.0,-8.32,523.56,4.8,8.6,6.7,8.38,56.7,0.2818,-0.208,0.0046,-0.1527,0.6058,6.3938,22.0,57,72
LMT261120C00485000,LMT,2026-11-20,58,C,485.0,-7.36,523.56,46.0,51.0,48.5,45.8,10.3,0.2757,0.7699,0.0048,-0.1548,0.642,48.8186,75.8,2,1
LMT261120P00485000,LMT,2026-11-20,58,P,485.0,-7.36,523.56,7.0,11.2,9.1,7.4,46.2,0.3007,-0.2334,0.0049,-0.1632,0.645,8.7222,26.4,2,18
LMT261120C00490000,LMT,2026-11-20,58,C,490.0,-6.41,523.56,42.3,47.9,45.1,108.85,12.4,0.2797,0.7436,0.0051,-0.1649,0.6796,45.3868,72.4,0,11
LMT261120P00490000,LMT,2026-11-20,58,P,490.0,-6.41,523.56,7.9,11.8,9.85,10.82,39.6,0.2907,-0.2603,0.0052,-0.173,0.6843,9.4412,28.5,24,115
LMT261120C00495000,LMT,2026-11-20,58,C,495.0,-5.45,523.56,39.6,43.9,41.75,51.85,10.3,0.2817,0.7159,0.0054,-0.1742,0.7149,42.0036,69.1,0,5
LMT261120P00495000,LMT,2026-11-20,58,P,495.0,-5.45,523.56,10.9,14.8,12.85,12.1,30.4,0.3111,-0.2885,0.0055,-0.1821,0.7178,12.3663,32.9,4,53
LMT261120C00500000,LMT,2026-11-20,58,C,500.0,-4.5,523.56,38.0,40.9,39.45,38.5,7.4,0.2951,0.6874,0.0056,-0.1825,0.7458,39.6257,65.0,2,58
LMT261120P00500000,LMT,2026-11-20,58,P,500.0,-4.5,523.56,12.7,14.7,13.7,13.69,14.6,0.299,-0.3179,0.0058,-0.1902,0.7505,13.184,35.2,22,287
LMT261120C00505000,LMT,2026-11-20,58,C,505.0,-3.54,523.56,32.0,38.0,35.0,69.7,17.1,0.2779,0.6577,0.0059,-0.1898,0.7734,35.1664,62.8,0,55
LMT261120P00505000,LMT,2026-11-20,58,P,505.0,-3.54,523.56,14.3,16.3,15.3,15.97,13.1,0.2954,-0.3483,0.006,-0.1973,0.7758,14.7358,38.1,5,94
LMT261120C00510000,LMT,2026-11-20,58,C,510.0,-2.59,523.56,29.1,35.0,32.05,37.56,18.4,0.2787,0.6273,0.006,-0.1959,0.7963,32.191,59.4,0,23
LMT261120P00510000,LMT,2026-11-20,58,P,510.0,-2.59,523.56,13.4,19.3,16.35,18.13,36.1,0.2832,-0.3796,0.0062,-0.2033,0.7986,15.7524,40.8,6,113
LMT261120C00515000,LMT,2026-11-20,58,C,515.0,-1.63,523.56,26.2,31.5,28.85,34.45,18.4,0.2742,0.5962,0.0062,-0.2007,0.8145,28.9631,56.1,2,175
LMT261120P00515000,LMT,2026-11-20,58,P,515.0,-1.63,523.56,18.3,22.7,20.5,21.0,21.5,0.3074,-0.4115,0.0064,-0.2079,0.8154,19.8157,45.0,12,34
LMT261120C00520000,LMT,2026-11-20,58,C,520.0,-0.68,523.56,26.7,28.6,27.65,27.7,6.9,0.2921,0.5648,0.0063,-0.2042,0.8277,27.7295,52.2,9,66
LMT261120P00520000,LMT,2026-11-20,58,P,520.0,-0.68,523.56,20.1,24.1,22.1,22.7,18.1,0.2981,-0.4439,0.0065,-0.2113,0.8273,21.3671,47.9,54,49
LMT261120C00525000,LMT,2026-11-20,58,C,525.0,0.28,523.56,24.3,26.6,25.45,24.25,9.0,0.2956,0.5331,0.0064,-0.2062,0.8357,25.5083,48.9,18,37
LMT261120P00525000,LMT,2026-11-20,58,P,525.0,0.28,523.56,23.6,26.9,25.25,26.85,13.1,0.3056,-0.4766,0.0066,-0.2132,0.8335,24.4511,51.2,10,29
LMT261120C00530000,LMT,2026-11-20,58,C,530.0,1.23,523.56,22.4,23.7,23.05,21.12,5.6,0.2947,0.5015,0.0064,-0.2069,0.8386,23.0849,45.7,8,120
LMT261120P00530000,LMT,2026-11-20,58,P,530.0,1.23,523.56,26.6,30.4,28.5,29.14,13.3,0.3124,-0.5094,0.0066,-0.2139,0.8343,27.6405,54.4,5,39
LMT261120C00535000,LMT,2026-11-20,58,C,535.0,2.19,523.56,20.2,21.5,20.85,20.4,6.2,0.2944,0.47,0.0064,-0.2062,0.8364,20.8695,42.5,8,78
LMT261120P00535000,LMT,2026-11-20,58,P,535.0,2.19,523.56,28.5,32.4,30.45,23.6,12.8,0.3016,-0.542,0.0067,-0.213,0.8289,29.5178,57.4,0,59
LMT261120C00540000,LMT,2026-11-20,58,C,540.0,3.14,523.56,17.1,20.5,18.8,18.38,18.1,0.2941,0.4389,0.0064,-0.2041,0.8289,18.8093,39.4,13,127
LMT261120P00540000,LMT,2026-11-20,58,P,540.0,3.14,523.56,31.3,37.0,34.15,26.2,16.7,0.3102,-0.5745,0.0066,-0.211,0.8192,33.1546,60.3,0,146
LMT261120C00545000,LMT,2026-11-20,58,C,545.0,4.1,523.56,13.5,20.6,17.05,14.9,41.6,0.2955,0.4083,0.0063,-0.2008,0.817,17.0385,36.5,18,35
LMT261120P00545000,LMT,2026-11-20,58,P,545.0,4.1,523.56,34.5,40.4,37.45,32.78,15.8,0.3119,-0.6067,0.0066,-0.2076,0.8019,36.3587,63.1,0,46
LMT261120C00550000,LMT,2026-11-20,58,C,550.0,5.05,523.56,13.1,15.5,14.3,14.25,16.8,0.2827,0.3784,0.0062,-0.1964,0.8003,14.2837,33.1,2,80
LMT261120P00550000,LMT,2026-11-20,58,P,550.0,5.05,523.56,37.3,42.8,40.05,40.0,13.7,0.3036,-0.6379,0.0065,-0.2032,0.783,38.8979,66.1,0,43
LMT261120C00555000,LMT,2026-11-20,58,C,555.0,6.01,523.56,11.0,14.7,12.85,15.7,28.8,0.2842,0.3494,0.006,-0.1909,0.7795,12.8258,30.3,0,36
LMT261120P00555000,LMT,2026-11-20,58,P,555.0,6.01,523.56,40.8,47.0,43.9,39.3,14.1,0.309,-0.6684,0.0063,-0.1977,0.7586,42.6698,68.6,0,28
LMT261120C00560000,LMT,2026-11-20,58,C,560.0,6.96,523.56,10.8,12.7,11.75,11.4,16.2,0.2886,0.3215,0.0058,-0.1846,0.7553,11.7144,27.9,9,281
LMT261120P00560000,LMT,2026-11-20,58,P,560.0,6.96,523.56,44.3,49.8,47.05,38.8,11.7,0.3031,-0.6981,0.0062,-0.1912,0.727,45.6934,71.4,0,31
LMT261120C00565000,LMT,2026-11-20,58,C,565.0,7.92,523.56,8.9,11.3,10.1,14.5,23.8,0.284,0.2949,0.0056,-0.1776,0.7276,10.0656,25.0,0,60
LMT261120P00565000,LMT,2026-11-20,58,P,565.0,7.92,523.56,48.7,53.6,51.15,41.0,9.6,0.3088,-0.7265,0.006,-0.1844,0.6941,49.7178,73.5,0,26
LMT261120C00570000,LMT,2026-11-20,58,C,570.0,8.87,523.56,8.2,10.1,9.15,8.77,20.8,0.2873,0.2698,0.0054,-0.1701,0.698,9.1069,22.8,3,52
LMT261120P00570000,LMT,2026-11-20,58,P,570.0,8.87,523.56,51.9,58.1,55.0,45.7,11.3,0.3094,-0.7533,0.0058,-0.1767,0.6556,53.4705,75.8,0,38
LMT261120C00575000,LMT,2026-11-20,58,C,575.0,9.83,523.56,6.8,10.0,8.4,11.7,38.1,0.2923,0.2462,0.0051,-0.1623,0.666,8.3542,21.0,0,60
LMT261120P00575000,LMT,2026-11-20,58,P,575.0,9.83,523.56,55.8,61.9,58.85,53.66,10.4,0.3083,-0.7789,0.0055,-0.1691,0.6162,57.2152,78.0,0,10
LMT261120C00580000,LMT,2026-11-20,58,C,580.0,10.78,523.56,6.8,7.9,7.35,7.5,15.0,0.2913,0.2242,0.0048,-0.1543,0.6333,7.3033,18.8,28,78
LMT261120P00580000,LMT,2026-11-20,58,P,580.0,10.78,523.56,59.8,66.3,63.05,54.1,10.3,0.311,-0.8025,0.0053,-0.1611,0.5798,61.3156,79.9,0,35
LMT261120C00585000,LMT,2026-11-20,58,C,585.0,11.74,523.56,5.3,7.7,6.5,9.52,36.9,0.2919,0.2038,0.0046,-0.1464,0.6001,6.4523,16.9,0,45
LMT261120P00585000,LMT,2026-11-20,58,P,585.0,11.74,523.56,64.1,70.4,67.25,62.34,9.4,0.3123,-0.8246,0.005,-0.1529,0.535,65.4105,81.7,0,28
LMT261120C00590000,LMT,2026-11-20,58,C,590.0,12.69,523.56,5.2,6.3,5.75,6.9,19.1,0.2927,0.1852,0.0043,-0.1384,0.5664,5.7002,15.2,6,57
LMT261120P00590000,LMT,2026-11-20,58,P,590.0,12.69,523.56,69.8,74.8,72.3,66.77,6.9,0.3276,-0.8453,0.0048,-0.145,0.4934,70.4195,82.4,0,58
LMT261120C00595000,LMT,2026-11-20,58,C,595.0,13.65,523.56,4.2,7.5,5.85,6.06,56.4,0.308,0.1681,0.004,-0.1307,0.5338,5.7932,14.7,3,41
LMT261120P00595000,LMT,2026-11-20,58,P,595.0,13.65,523.56,72.7,79.2,75.95,49.26,8.6,0.3156,-0.8638,0.0045,-0.1368,0.4539,73.8792,84.8,0,13
LMT261120C00600000,LMT,2026-11-20,58,C,600.0,14.6,523.56,3.5,5.0,4.25,4.4,35.3,0.2897,0.1526,0.0038,-0.1233,0.5017,4.2079,11.8,14,386
LMT261120P00600000,LMT,2026-11-20,58,P,600.0,14.6,523.56,77.1,83.7,80.4,68.02,8.2,0.3172,-0.8812,0.0042,-0.1296,0.4064,78.2152,86.2,0,14
LMT261120C00605000,LMT,2026-11-20,58,C,605.0,15.56,523.56,3.2,5.0,4.1,4.47,43.9,0.2987,0.1386,0.0035,-0.1162,0.4705,4.0541,11.1,10,121
LMT261120P00605000,LMT,2026-11-20,58,P,605.0,15.56,523.56,81.6,88.3,84.95,72.4,7.9,0.3196,-0.8971,0.004,-0.1234,0.3695,82.6526,87.5,0,8
LMT261120C00610000,LMT,2026-11-20,58,C,610.0,16.51,523.56,3.0,4.3,3.65,3.61,35.6,0.3004,0.1259,0.0032,-0.1093,0.4413,3.6051,10.0,13,40
LMT261120P00610000,LMT,2026-11-20,58,P,610.0,16.51,523.56,86.3,92.4,89.35,52.5,6.8,0.3161,-0.9111,0.0038,-0.1169,0.3368,86.87,89.0,0,99
LMT261120C00615000,LMT,2026-11-20,58,C,615.0,17.47,523.56,2.5,4.2,3.35,3.9,50.7,0.3046,0.1144,0.003,-0.1029,0.4131,3.304,9.1,2,41
LMT261120P00615000,LMT,2026-11-20,58,P,615.0,17.47,523.56,90.9,97.6,94.25,40.7,7.1,0.3251,-0.9243,0.0036,-0.11,0.2905,91.7088,89.6,0,2
LMT261120C00620000,LMT,2026-11-20,58,C,620.0,18.42,523.56,2.35,3.6,2.975,2.95,42.0,0.3061,0.1042,0.0028,-0.0968,0.3862,2.9332,8.2,2,49
LMT261120P00620000,LMT,2026-11-20,58,P,620.0,18.42,523.56,95.7,102.4,99.05,46.2,6.8,0.3307,-0.9363,0.0033,-0.1033,0.2468,96.4192,90.3,0,6
LMT261120C00625000,LMT,2026-11-20,58,C,625.0,19.38,523.56,1.95,3.3,2.625,3.2,51.4,0.3071,0.0949,0.0026,-0.0911,0.3614,2.5859,7.3,0,243
LMT261120P00625000,LMT,2026-11-20,58,P,625.0,19.38,523.56,100.3,107.3,103.8,0.0,6.7,0.3339,-0.9468,0.0031,-0.097,0.2294,101.0582,91.1,0,0
LMT261120C00630000,LMT,2026-11-20,58,C,630.0,20.33,523.56,1.45,3.1,2.275,3.09,72.5,0.3069,0.0865,0.0024,-0.0857,0.338,2.2402,6.4,0,95
LMT261120P00630000,LMT,2026-11-20,58,P,630.0,20.33,523.56,104.6,112.6,108.6,67.71,7.4,0.3372,-0.9566,0.003,-0.0942,0.1985,105.7324,91.9,0,3
LMT261120C00635000,LMT,2026-11-20,58,C,635.0,21.29,523.56,1.5,3.4,2.45,2.7,77.6,0.3224,0.079,0.0022,-0.0806,0.3157,2.409,6.5,0,51
LMT261120P00635000,LMT,2026-11-20,58,P,635.0,21.29,523.56,110.2,117.0,113.6,127.55,6.0,0.3478,-0.9659,0.0028,-0.0882,0.1418,110.6982,92.2,0,1
LMT261120C00640000,LMT,2026-11-20,58,C,640.0,22.24,523.56,1.3,2.8,2.05,2.05,73.2,0.3192,0.0722,0.002,-0.0758,0.2951,2.0139,5.6,3,35
LMT261120P00640000,LMT,2026-11-20,58,P,640.0,22.24,523.56,114.0,122.5,118.25,68.05,7.2,0.3428,-0.9739,0.0026,-0.0806,0.1188,115.128,93.2,0,4
LMT261120C00645000,LMT,2026-11-20,58,C,645.0,23.2,523.56,1.0,2.9,1.95,3.5,97.4,0.3253,0.066,0.0019,-0.0714,0.2761,1.916,5.2,0,33
LMT261120P00645000,LMT,2026-11-20,58,P,645.0,23.2,523.56,119.1,127.3,123.2,127.68,6.7,0.3505,-0.9809,0.0025,-0.0738,0.1104,120.0193,93.5,0,2
LMT261120C00650000,LMT,2026-11-20,58,C,650.0,24.15,523.56,1.15,1.85,1.5,1.8,46.7,0.317,0.0605,0.0018,-0.0672,0.258,1.4727,4.2,1,112
LMT261120P00650000,LMT,2026-11-20,58,P,650.0,24.15,523.56,123.0,132.0,127.5,95.07,7.1,0.0,-0.9867,0.0022,-0.0699,0.0843,,,0,1
LMT261218C00400000,LMT,2026-12-18,86,C,400.0,-23.6,523.56,122.3,129.8,126.05,135.1,6.0,0.2656,0.9734,0.0008,-0.007,0.1638,127.632,98.2,0,40
LMT261218P00400000,LMT,2026-12-18,86,P,400.0,-23.6,523.56,0.7,1.75,1.225,0.84,85.7,0.3218,-0.0345,0.001,-0.0343,0.1991,1.0558,4.4,0,391
LMT261218C00410000,LMT,2026-12-18,86,C,410.0,-21.69,523.56,114.1,119.1,116.6,178.4,4.3,0.2868,0.964,0.0011,-0.0162,0.2054,118.267,96.0,0,40
LMT261218P00410000,LMT,2026-12-18,86,P,410.0,-21.69,523.56,1.0,2.55,1.775,1.4,87.3,0.3207,-0.0452,0.0012,-0.0419,0.2478,1.5462,6.0,0,55
LMT261218C00420000,LMT,2026-12-18,86,C,420.0,-19.78,523.56,103.7,110.4,107.05,149.7,6.3,0.2834,0.9511,0.0014,-0.0274,0.253,108.7583,94.5,0,66
LMT261218P00420000,LMT,2026-12-18,86,P,420.0,-19.78,523.56,1.1,3.1,2.1,2.0,95.2,0.3063,-0.0594,0.0015,-0.0514,0.3075,1.8271,7.1,0,359
LMT261218C00430000,LMT,2026-12-18,86,C,430.0,-17.87,523.56,94.2,100.9,97.55,144.45,6.9,0.2762,0.9342,0.0018,-0.0404,0.3262,99.2886,92.9,0,29
LMT261218P00430000,LMT,2026-12-18,86,P,430.0,-17.87,523.56,1.9,4.9,3.4,2.91,88.2,0.3162,-0.0779,0.0019,-0.0626,0.376,2.9966,10.3,5,176
LMT261218C00440000,LMT,2026-12-18,86,C,440.0,-15.96,523.56,85.5,92.0,88.75,95.5,7.3,0.2856,0.9126,0.0022,-0.0552,0.4098,90.558,89.5,0,33
LMT261218P00440000,LMT,2026-12-18,86,P,440.0,-15.96,523.56,3.6,4.3,3.95,4.1,17.7,0.3006,-0.1011,0.0024,-0.0753,0.4544,3.474,11.8,1,677
LMT261218C00450000,LMT,2026-12-18,86,C,450.0,-14.05,523.56,76.8,82.9,79.85,79.01,7.6,0.282,0.8857,0.0027,-0.0713,0.5008,81.6799,86.6,5,167
LMT261218P00450000,LMT,2026-12-18,86,P,450.0,-14.05,523.56,4.6,5.5,5.05,5.4,17.8,0.2936,-0.1293,0.0028,-0.089,0.5404,4.4567,14.5,18,310
LMT261218C00460000,LMT,2026-12-18,86,C,460.0,-12.14,523.56,68.0,74.8,71.4,90.0,9.5,0.2813,0.8534,0.0032,-0.0881,0.5872,73.2472,82.9,0,100
LMT261218P00460000,LMT,2026-12-18,86,P,460.0,-12.14,523.56,6.3,7.0,6.65,6.9,10.5,0.2905,-0.1628,0.0033,-0.1032,0.6303,5.8985,18.0,0,105
LMT261218C00470000,LMT,2026-12-18,86,C,470.0,-10.23,523.56,60.6,65.7,63.15,72.6,8.1,0.2774,0.8156,0.0038,-0.1046,0.6641,64.9923,78.9,0,198
LMT261218P00470000,LMT,2026-12-18,86,P,470.0,-10.23,523.56,5.2,9.9,7.55,9.24,62.3,0.2721,-0.2013,0.0038,-0.1172,0.7172,6.6802,20.5,38,313
LMT261218C00480000,LMT,2026-12-18,86,C,480.0,-8.32,523.56,52.2,58.5,55.35,67.1,11.4,0.2742,0.7726,0.0043,-0.1203,0.7582,57.1683,74.4,0,225
LMT261218P00480000,LMT,2026-12-18,86,P,480.0,-8.32,523.56,10.3,12.7,11.5,11.34,20.9,0.2907,-0.2447,0.0043,-0.1302,0.7984,10.3484,27.0,13,146
LMT261218C00490000,LMT,2026-12-18,86,C,490.0,-6.41,523.56,45.8,51.4,48.6,64.62,11.5,0.2778,0.7253,0.0047,-0.1343,0.8424,50.349,68.9,0,24
LMT261218P00490000,LMT,2026-12-18,86,P,490.0,-6.41,523.56,13.7,14.5,14.1,14.41,5.7,0.2842,-0.2925,0.0048,-0.1416,0.8717,12.727,31.6,6,87
LMT261218C00500000,LMT,2026-12-18,86,C,500.0,-4.5,523.56,40.0,44.2,42.1,44.0,10.0,0.2778,0.6739,0.0051,-0.1462,0.9123,43.7901,63.5,21,193
LMT261218P00500000,LMT,2026-12-18,86,P,500.0,-4.5,523.56,14.1,21.6,17.85,18.22,42.0,0.2855,-0.3436,0.0051,-0.1507,0.9324,16.2376,37.0,129,168
LMT261218C00510000,LMT,2026-12-18,86,C,510.0,-2.59,523.56,34.1,37.9,36.0,34.74,10.6,0.276,0.6197,0.0054,-0.1552,0.9643,37.6101,57.9,2,92
LMT261218P00510000,LMT,2026-12-18,86,P,510.0,-2.59,523.56,20.4,24.3,22.35,24.4,17.4,0.2885,-0.3973,0.0054,-0.1571,0.977,20.4667,42.7,3,74
LMT261218C00515000,LMT,2026-12-18,86,C,515.0,-1.63,523.56,30.6,35.2,32.9,33.35,14.0,0.2723,0.592,0.0055,-0.1584,0.9792,34.4508,55.2,1,20
LMT261218P00515000,LMT,2026-12-18,86,P,515.0,-1.63,523.56,23.5,26.7,25.1,26.65,12.7,0.293,-0.4248,0.0055,-0.1592,0.9917,23.0902,45.6,2,25
LMT261218C00520000,LMT,2026-12-18,86,C,520.0,-0.68,523.56,30.1,32.6,31.35,29.8,8.0,0.2833,0.5638,0.0056,-0.161,0.9916,32.8859,52.0,26,128
LMT261218P00520000,LMT,2026-12-18,86,P,520.0,-0.68,523.56,22.9,29.1,26.0,27.5,23.8,0.2775,-0.4524,0.0056,-0.1606,1.0023,23.8703,47.9,1,338
LMT261218C00525000,LMT,2026-12-18,86,C,525.0,0.28,523.56,27.7,30.0,28.85,38.77,8.0,0.2825,0.5361,0.0056,-0.1625,1.0034,30.3001,49.2,0,26
LMT261218P00525000,LMT,2026-12-18,86,P,525.0,0.28,523.56,27.9,32.4,30.15,23.55,14.9,0.293,-0.48,0.0056,-0.161,1.0081,27.8726,51.0,0,22
LMT261218C00530000,LMT,2026-12-18,86,C,530.0,1.23,523.56,25.5,27.8,26.65,23.7,8.6,0.2836,0.5082,0.0057,-0.1633,1.0059,28.0425,46.4,14,109
LMT261218P00530000,LMT,2026-12-18,86,P,530.0,1.23,523.56,31.2,32.8,32.0,32.1,5.0,0.2844,-0.5074,0.0056,-0.1607,1.0094,29.5919,53.6,4,122
LMT261218C00535000,LMT,2026-12-18,86,C,535.0,2.19,523.56,23.4,25.1,24.25,29.6,7.0,0.2814,0.4805,0.0056,-0.1632,1.0068,25.586,43.7,1,47
LMT261218P00535000,LMT,2026-12-18,86,P,535.0,2.19,523.56,32.9,38.3,35.6,33.8,15.2,0.2919,-0.5347,0.0056,-0.1596,1.0049,33.0719,56.2,0,24
LMT261218C00540000,LMT,2026-12-18,86,C,540.0,3.14,523.56,19.2,23.5,21.35,21.58,20.1,0.2727,0.4533,0.0056,-0.1623,1.0008,22.6075,41.0,19,51
LMT261218P00540000,LMT,2026-12-18,86,P,540.0,3.14,523.56,35.8,40.7,38.25,38.72,12.8,0.2885,-0.5615,0.0056,-0.1576,0.9983,35.5775,58.8,2,109
LMT261218C00545000,LMT,2026-12-18,86,C,545.0,4.1,523.56,16.9,21.1,19.0,27.4,22.1,0.2682,0.4263,0.0056,-0.1606,0.9914,20.1956,38.2,0,35
LMT261218P00545000,LMT,2026-12-18,86,P,545.0,4.1,523.56,39.0,45.0,42.0,37.25,14.3,0.2951,-0.5879,0.0055,-0.1549,0.9863,39.2173,61.3,0,8
LMT261218C00550000,LMT,2026-12-18,86,C,550.0,5.05,523.56,18.0,19.6,18.8,17.0,8.5,0.2842,0.4002,0.0055,-0.1582,0.977,19.9505,36.0,78,269
LMT261218P00550000,LMT,2026-12-18,86,P,550.0,5.05,523.56,41.8,46.8,44.3,45.72,11.3,0.2856,-0.6137,0.0054,-0.1515,0.9677,41.3698,63.9,4,265
LMT261218C00555000,LMT,2026-12-18,86,C,555.0,6.01,523.56,14.5,17.8,16.15,17.0,20.4,0.2738,0.3746,0.0054,-0.1551,0.9597,17.2165,33.2,1,24
LMT261218P00555000,LMT,2026-12-18,86,P,555.0,6.01,523.56,45.6,51.2,48.4,48.8,11.6,0.2935,-0.6389,0.0053,-0.1475,0.9511,45.3674,66.1,1,31
LMT261218C00560000,LMT,2026-12-18,86,C,560.0,6.96,523.56,13.4,16.3,14.85,20.5,19.5,0.2762,0.3497,0.0052,-0.1514,0.9369,15.8596,30.9,0,87
LMT261218P00560000,LMT,2026-12-18,86,P,560.0,6.96,523.56,49.1,53.9,51.5,51.5,9.3,0.2895,-0.6635,0.0052,-0.1428,0.9253,48.3136,68.5,1,221
LMT261218C00565000,LMT,2026-12-18,86,C,565.0,7.92,523.56,12.0,14.9,13.45,12.1,21.6,0.2762,0.3258,0.0051,-0.1472,0.9132,14.3862,28.6,7,50
LMT261218P00565000,LMT,2026-12-18,86,P,565.0,7.92,523.56,52.8,57.8,55.3,55.37,9.0,0.2921,-0.6869,0.005,-0.1376,0.897,52.0052,70.6,1,17
LMT261218C00570000,LMT,2026-12-18,86,C,570.0,8.87,523.56,10.4,14.7,12.55,11.98,34.3,0.2808,0.3027,0.0049,-0.1425,0.8871,13.4374,26.7,1,262
LMT261218P00570000,LMT,2026-12-18,86,P,570.0,8.87,523.56,56.2,61.9,59.05,52.6,9.7,0.2931,-0.7095,0.0048,-0.1322,0.8709,55.6457,72.6,0,168
LMT261218C00575000,LMT,2026-12-18,86,C,575.0,9.83,523.56,8.8,12.0,10.4,11.42,30.8,0.2697,0.2808,0.0048,-0.1376,0.8552,11.2076,23.9,44,34
LMT261218P00575000,LMT,2026-12-18,86,P,575.0,9.83,523.56,59.6,66.4,63.0,51.5,10.8,0.2954,-0.7311,0.0047,-0.1264,0.8384,59.4979,74.5,0,18
LMT261218C00580000,LMT,2026-12-18,86,C,580.0,10.78,523.56,8.4,11.3,9.85,9.9,29.4,0.2762,0.2599,0.0046,-0.1323,0.8249,10.6122,22.4,3,196
LMT261218P00580000,LMT,2026-12-18,86,P,580.0,10.78,523.56,63.9,70.0,66.95,54.6,9.1,0.2966,-0.7516,0.0045,-0.1204,0.804,63.3397,76.4,0,361
LMT261218C00585000,LMT,2026-12-18,86,C,585.0,11.74,523.56,7.4,10.3,8.85,12.88,32.8,0.2763,0.2401,0.0044,-0.1269,0.7936,9.5597,20.5,0,25
LMT261218P00585000,LMT,2026-12-18,86,P,585.0,11.74,523.56,68.1,73.9,71.0,63.17,8.2,0.2982,-0.7711,0.0043,-0.1145,0.772,67.2992,78.0,0,10
LMT261218C00590000,LMT,2026-12-18,86,C,590.0,12.69,523.56,6.9,10.7,8.8,11.72,43.2,0.2878,0.2216,0.0042,-0.1214,0.7571,9.4782,19.6,0,45
LMT261218P00590000,LMT,2026-12-18,86,P,590.0,12.69,523.56,71.7,77.9,74.8,74.65,8.3,0.2955,-0.7895,0.0042,-0.1086,0.735,70.992,79.9,2,11
LMT261218C00595000,LMT,2026-12-18,86,C,595.0,13.65,523.56,5.8,8.7,7.25,7.28,40.0,0.2784,0.2043,0.004,-0.1158,0.724,7.8547,17.2,5,24
LMT261218P00595000,LMT,2026-12-18,86,P,595.0,13.65,523.56,76.0,82.5,79.25,75.5,8.2,0.3004,-0.8068,0.004,-0.103,0.6974,75.3669,81.2,0,37
LMT261218C00600000,LMT,2026-12-18,86,C,600.0,14.6,523.56,6.0,7.5,6.75,6.9,22.2,0.2824,0.188,0.0038,-0.1103,0.6901,7.318,16.0,30,623
LMT261218P00600000,LMT,2026-12-18,86,P,600.0,14.6,523.56,79.9,86.4,83.15,72.0,7.8,0.2967,-0.8232,0.0038,-0.0977,0.6637,79.155,83.0,0,45
LMT261218C00605000,LMT,2026-12-18,86,C,605.0,15.56,523.56,4.3,8.6,6.45,8.6,66.7,0.2887,0.1731,0.0036,-0.1049,0.6543,6.9845,15.0,0,13
LMT261218P00605000,LMT,2026-12-18,86,P,605.0,15.56,523.56,84.5,90.8,87.65,72.75,7.2,0.3008,-0.8386,0.0036,-0.0928,0.6267,83.5872,84.1,0,5
LMT261218C00610000,LMT,2026-12-18,86,C,610.0,16.51,523.56,4.4,7.0,5.7,5.8,45.6,0.2874,0.1593,0.0034,-0.0997,0.622,6.1891,13.6,1,82
LMT261218P00610000,LMT,2026-12-18,86,P,610.0,16.51,523.56,88.5,95.2,91.85,89.1,7.3,0.2993,-0.853,0.0035,-0.0884,0.5857,87.6857,85.5,0,2
LMT261218C00615000,LMT,2026-12-18,86,C,615.0,17.47,523.56,4.1,6.0,5.05,5.94,37.6,0.2866,0.1465,0.0032,-0.0946,0.5898,5.4973,12.3,1,23
LMT261218P00615000,LMT,2026-12-18,86,P,615.0,17.47,523.56,93.4,99.7,96.55,83.07,6.5,0.3052,-0.8666,0.0034,-0.0845,0.5529,92.3308,86.4,0,17
LMT261218C00620000,LMT,2026-12-18,86,C,620.0,18.42,523.56,3.8,5.1,4.45,6.16,29.2,0.2856,0.1349,0.003,-0.0897,0.5566,4.859,11.1,0,143
LMT261218P00620000,LMT,2026-12-18,86,P,620.0,18.42,523.56,97.8,103.7,100.75,90.9,5.9,0.3016,-0.8794,0.0032,-0.0809,0.5162,96.4187,87.8,0,58
LMT261218C00625000,LMT,2026-12-18,86,C,625.0,19.38,523.56,3.2,4.6,3.9,4.4,35.9,0.2843,0.1242,0.0028,-0.0851,0.5274,4.2669,10.0,1,36
LMT261218P00625000,LMT,2026-12-18,86,P,625.0,19.38,523.56,101.9,108.8,105.35,74.49,6.5,0.3042,-0.8915,0.0032,-0.0773,0.4762,100.9423,88.7,0,25
LMT261218C00630000,LMT,2026-12-18,86,C,630.0,20.33,523.56,2.8,5.0,3.9,4.6,56.4,0.2934,0.1144,0.0026,-0.0806,0.4991,4.2566,9.6,0,120
LMT261218P00630000,LMT,2026-12-18,86,P,630.0,20.33,523.56,106.5,113.3,109.9,56.09,6.2,0.3049,-0.9031,0.0031,-0.0744,0.4382,105.3977,89.6,0,31
LMT261218C00635000,LMT,2026-12-18,86,C,635.0,21.29,523.56,2.8,3.8,3.3,3.4,30.3,0.2895,0.1056,0.0025,-0.0765,0.4696,3.6175,8.4,4,110
LMT261218P00635000,LMT,2026-12-18,86,P,635.0,21.29,523.56,111.8,118.0,114.9,82.69,5.4,0.3146,-0.9137,0.003,-0.0712,0.4074,110.3707,89.9,0,2
LMT261218C00640000,LMT,2026-12-18,86,C,640.0,22.24,523.56,2.65,4.0,3.325,2.87,40.6,0.2986,0.0975,0.0023,-0.0726,0.4444,3.6327,8.2,5,133
LMT261218P00640000,LMT,2026-12-18,86,P,640.0,22.24,523.56,116.1,122.7,119.4,105.4,5.5,0.3127,-0.9235,0.0029,-0.0679,0.3721,114.7518,90.9,0,41
LMT261218C00645000,LMT,2026-12-18,86,C,645.0,23.2,523.56,2.15,3.6,2.875,2.7,50.4,0.2964,0.09,0.0022,-0.0688,0.4204,3.1521,7.3,1,141
LMT261218P00645000,LMT,2026-12-18,86,P,645.0,23.2,523.56,121.0,127.5,124.25,67.7,5.2,0.3184,-0.9335,0.0028,-0.0707,0.3258,119.5495,91.4,0,4
LMT261218C00650000,LMT,2026-12-18,86,C,650.0,24.15,523.56,1.85,4.0,2.925,3.42,73.5,0.3058,0.0833,0.002,-0.0653,0.397,3.1972,7.1,0,98
LMT261218P00650000,LMT,2026-12-18,86,P,650.0,24.15,523.56,126.4,132.3,129.35,97.15,4.6,0.33,-0.9431,0.0028,-0.0706,0.2873,124.6436,91.5,0,29
LMT270115C00400000,LMT,2027-01-15,114,C,400.0,-23.6,523.56,124.5,129.1,126.8,126.0,3.6,0.2802,0.9606,0.001,-0.0176,0.259,129.5435,95.7,2,133
LMT270115P00400000,LMT,2027-01-15,114,P,400.0,-23.6,523.56,1.0,2.5,1.75,1.4,85.7,0.3039,-0.0461,0.0011,-0.0365,0.2888,1.5575,5.8,0,1027
LMT270115C00410000,LMT,2027-01-15,114,C,410.0,-21.69,523.56,114.0,120.7,117.35,131.0,5.7,0.2793,0.9479,0.0013,-0.0265,0.3166,120.1429,94.2,0,67
LMT270115P00410000,LMT,2027-01-15,114,P,410.0,-21.69,523.56,1.35,3.8,2.575,2.22,95.1,0.3066,-0.0591,0.0014,-0.0438,0.3524,2.307,7.9,0,197
LMT270115C00420000,LMT,2027-01-15,114,C,420.0,-19.78,523.56,106.4,111.3,108.85,165.64,4.5,0.2995,0.9314,0.0016,-0.0369,0.3862,111.6821,90.5,0,108
LMT270115P00420000,LMT,2027-01-15,114,P,420.0,-19.78,523.56,2.6,4.0,3.3,3.5,42.4,0.3008,-0.0758,0.0017,-0.0526,0.423,2.959,9.7,0,237
LMT270115C00430000,LMT,2027-01-15,114,C,430.0,-17.87,523.56,96.8,102.3,99.55,110.2,5.5,0.2889,0.9108,0.002,-0.0485,0.4748,102.3812,88.8,0,197
LMT270115P00430000,LMT,2027-01-15,114,P,430.0,-17.87,523.56,2.8,5.3,4.05,4.1,61.7,0.2922,-0.0965,0.002,-0.0626,0.5055,3.6332,11.5,3,165
LMT270115C00440000,LMT,2027-01-15,114,C,440.0,-15.96,523.56,88.1,93.1,90.6,112.7,5.5,0.2826,0.886,0.0024,-0.0608,0.5688,93.4158,86.5,0,33
LMT270115P00440000,LMT,2027-01-15,114,P,440.0,-15.96,523.56,4.0,6.3,5.15,4.55,44.7,0.287,-0.1214,0.0024,-0.0735,0.5952,4.628,14.0,0,187
LMT270115C00450000,LMT,2027-01-15,114,C,450.0,-14.05,523.56,79.8,84.8,82.3,78.8,6.1,0.2831,0.8572,0.0028,-0.0734,0.6651,85.0703,83.1,1,101
LMT270115P00450000,LMT,2027-01-15,114,P,450.0,-14.05,523.56,6.3,7.7,7.0,7.0,20.0,0.2897,-0.1501,0.0028,-0.0847,0.6869,6.3422,17.6,12,315
LMT270115C00460000,LMT,2027-01-15,114,C,460.0,-12.14,523.56,70.4,76.8,73.6,78.84,8.7,0.2728,0.8245,0.0032,-0.0856,0.7606,76.3127,80.4,0,132
LMT270115P00460000,LMT,2027-01-15,114,P,460.0,-12.14,523.56,6.0,9.7,7.85,7.6,47.1,0.2733,-0.1831,0.0032,-0.0959,0.7762,7.0768,19.7,0,359
LMT270115C00470000,LMT,2027-01-15,114,C,470.0,-10.23,523.56,64.2,69.2,66.7,83.0,7.5,0.2816,0.7881,0.0035,-0.0972,0.8501,69.2903,75.4,0,118
LMT270115P00470000,LMT,2027-01-15,114,P,470.0,-10.23,523.56,9.4,12.8,11.1,11.1,30.6,0.2841,-0.2198,0.0036,-0.1065,0.8646,10.1,24.9,3,315
LMT270115C00480000,LMT,2027-01-15,114,C,480.0,-8.32,523.56,57.5,61.5,59.5,70.02,6.7,0.2806,0.7484,0.0039,-0.1076,0.9301,61.9706,71.1,0,144
LMT270115P00480000,LMT,2027-01-15,114,P,480.0,-8.32,523.56,12.1,15.3,13.7,14.6,23.4,0.2812,-0.26,0.004,-0.1161,0.9483,12.5056,29.0,5,313
LMT270115C00490000,LMT,2027-01-15,114,C,490.0,-6.41,523.56,49.4,54.7,52.05,59.9,10.2,0.2726,0.7056,0.0042,-0.1168,1.0059,54.3945,67.0,0,121
LMT270115P00490000,LMT,2027-01-15,114,P,490.0,-6.41,523.56,13.4,21.3,17.35,13.2,45.5,0.2845,-0.3035,0.0043,-0.1244,1.0173,15.9224,33.9,0,279
LMT270115C00500000,LMT,2027-01-15,114,C,500.0,-4.5,523.56,44.2,48.4,46.3,45.7,9.1,0.277,0.6603,0.0045,-0.1243,1.0687,48.4796,61.8,5,1009
LMT270115P00500000,LMT,2027-01-15,114,P,500.0,-4.5,523.56,17.3,21.6,19.45,21.0,22.1,0.2684,-0.3498,0.0046,-0.1311,1.0763,17.809,37.6,16,567
LMT270115C00510000,LMT,2027-01-15,114,C,510.0,-2.59,523.56,39.5,42.2,40.85,38.79,6.6,0.2791,0.613,0.0047,-0.1301,1.1161,42.8513,56.8,5,154
LMT270115P00510000,LMT,2027-01-15,114,P,510.0,-2.59,523.56,21.8,26.8,24.3,25.05,20.6,0.2739,-0.3982,0.0049,-0.136,1.1207,22.3842,43.0,11,654
LMT270115C00520000,LMT,2027-01-15,114,C,520.0,-0.68,523.56,33.7,36.1,34.9,35.45,6.9,0.2725,0.5646,0.0049,-0.134,1.1474,36.7346,52.0,110,217
LMT270115P00520000,LMT,2027-01-15,114,P,520.0,-0.68,523.56,27.6,30.5,29.05,30.69,10.0,0.2737,-0.4478,0.005,-0.1388,1.1473,26.8558,48.0,3,202
LMT270115C00530000,LMT,2027-01-15,114,C,530.0,1.23,523.56,29.2,31.2,30.2,32.1,6.6,0.2727,0.516,0.0049,-0.1359,1.1616,31.8674,47.0,13,310
LMT270115P00530000,LMT,2027-01-15,114,P,530.0,1.23,523.56,33.0,39.0,36.0,34.78,16.7,0.2881,-0.4977,0.0051,-0.1394,1.1561,33.5191,53.1,1,521
LMT270115C00540000,LMT,2027-01-15,114,C,540.0,3.14,523.56,24.8,27.6,26.2,26.36,10.7,0.2747,0.468,0.0049,-0.1358,1.1591,27.6964,42.2,16,265
LMT270115P00540000,LMT,2027-01-15,114,P,540.0,3.14,523.56,37.3,42.3,39.8,37.6,12.6,0.271,-0.547,0.0051,-0.1379,1.148,37.0006,57.8,0,151
LMT270115C00550000,LMT,2027-01-15,114,C,550.0,5.05,523.56,21.6,23.7,22.65,22.5,9.3,0.2767,0.4215,0.0048,-0.1339,1.1408,23.9887,37.6,60,385
LMT270115P00550000,LMT,2027-01-15,114,P,550.0,5.05,523.56,44.6,49.1,46.85,48.4,9.6,0.2785,-0.5945,0.005,-0.1345,1.1234,43.8077,62.3,3,1530
LMT270115C00560000,LMT,2027-01-15,114,C,560.0,6.96,523.56,16.4,20.2,18.3,18.7,20.8,0.2676,0.3769,0.0047,-0.1303,1.1083,19.4681,33.0,3,122
LMT270115P00560000,LMT,2027-01-15,114,P,560.0,6.96,523.56,51.6,56.2,53.9,44.59,8.5,0.282,-0.6402,0.0048,-0.1291,1.0833,50.5717,66.5,0,142
LMT270115C00570000,LMT,2027-01-15,114,C,570.0,8.87,523.56,15.1,16.9,16.0,15.8,11.2,0.2733,0.335,0.0045,-0.1254,1.0646,17.035,29.1,12,151
LMT270115P00570000,LMT,2027-01-15,114,P,570.0,8.87,523.56,58.4,64.3,61.35,50.82,9.6,0.2857,-0.683,0.0046,-0.1222,1.0318,57.7417,70.3,0,110
LMT270115C00580000,LMT,2027-01-15,114,C,580.0,10.78,523.56,13.2,14.4,13.8,17.83,8.7,0.2768,0.2959,0.0043,-0.1192,1.0107,14.7111,25.5,0,247
LMT270115P00580000,LMT,2027-01-15,114,P,580.0,10.78,523.56,65.8,71.6,68.7,69.7,8.4,0.285,-0.7228,0.0043,-0.1141,0.9743,64.7973,74.0,3,124
LMT270115C00590000,LMT,2027-01-15,114,C,590.0,12.69,523.56,11.2,12.1,11.65,13.0,7.7,0.2776,0.26,0.004,-0.1123,0.9506,12.4401,22.2,4,200
LMT270115P00590000,LMT,2027-01-15,114,P,590.0,12.69,523.56,73.8,79.2,76.5,54.05,7.1,0.2854,-0.7592,0.004,-0.1052,0.9065,72.3149,77.4,0,113
LMT270115C00600000,LMT,2027-01-15,114,C,600.0,14.6,523.56,9.5,10.4,9.95,9.0,9.0,0.2802,0.2274,0.0037,-0.1048,0.8857,10.6424,19.2,10,779
LMT270115P00600000,LMT,2027-01-15,114,P,600.0,14.6,523.56,81.8,87.7,84.75,78.09,7.0,0.2876,-0.7924,0.0038,-0.0962,0.8327,80.3088,80.2,0,121
LMT270115C00610000,LMT,2027-01-15,114,C,610.0,16.51,523.56,7.8,8.8,8.3,8.12,12.0,0.2804,0.1981,0.0034,-0.097,0.8184,8.8967,16.5,2,168
LMT270115P00610000,LMT,2027-01-15,114,P,610.0,16.51,523.56,90.2,96.7,93.45,42.5,7.0,0.2923,-0.8225,0.0035,-0.0878,0.7563,88.7744,82.7,0,46
LMT270115C00620000,LMT,2027-01-15,114,C,620.0,18.42,523.56,6.7,7.3,7.0,7.0,8.6,0.282,0.172,0.0031,-0.0891,0.7514,7.5122,14.2,7,267
LMT270115P00620000,LMT,2027-01-15,114,P,620.0,18.42,523.56,99.2,105.8,102.5,97.4,6.4,0.2993,-0.8498,0.0032,-0.0803,0.6796,97.622,84.6,0,57
LMT270115C00630000,LMT,2027-01-15,114,C,630.0,20.33,523.56,4.4,8.1,6.25,5.47,59.2,0.2889,0.1489,0.0028,-0.0815,0.685,6.7081,12.5,1,113
LMT270115P00630000,LMT,2027-01-15,114,P,630.0,20.33,523.56,108.1,114.4,111.25,101.2,5.7,0.2997,-0.875,0.0031,-0.0745,0.6001,106.1161,86.7,0,19
LMT270115C00640000,LMT,2027-01-15,114,C,640.0,22.24,523.56,3.6,8.1,5.85,4.3,76.9,0.2995,0.1288,0.0025,-0.0742,0.6223,6.2709,11.3,7,301
LMT270115P00640000,LMT,2027-01-15,114,P,640.0,22.24,523.56,117.0,123.5,120.25,66.2,5.4,0.3009,-0.8979,0.0029,-0.0701,0.5186,114.8603,88.6,0,27
LMT270115C00650000,LMT,2027-01-15,114,C,650.0,24.15,523.56,1.2,6.6,3.9,3.94,138.5,0.2821,0.1113,0.0023,-0.0673,0.5624,4.2156,8.5,2,486
LMT270115P00650000,LMT,2027-01-15,114,P,650.0,24.15,523.56,126.2,132.4,129.3,141.0,4.8,0.2995,-0.9199,0.0029,-0.0654,0.4378,123.6062,90.3,0,130
LMT270319C00400000,LMT,2027-03-19,177,C,400.0,-23.6,523.56,127.6,133.9,130.75,146.5,4.8,0.3039,0.9262,0.0013,-0.0157,0.5223,135.0373,89.6,0,5
LMT270319P00400000,LMT,2027-03-19,177,P,400.0,-23.6,523.56,1.75,6.7,4.225,4.4,117.2,0.302,-0.0824,0.0014,-0.0458,0.5583,3.6999,10.3,0,107
LMT270319C00410000,LMT,2027-03-19,177,C,410.0,-21.69,523.56,118.4,125.0,121.7,177.5,5.4,0.2966,0.9099,0.0015,-0.0242,0.5828,125.9435,88.0,0,19
LMT270319P00410000,LMT,2027-03-19,177,P,410.0,-21.69,523.56,1.45,9.8,5.625,5.2,148.4,0.3044,-0.0994,0.0016,-0.052,0.6379,4.9537,12.7,0,47
LMT270319C00415000,LMT,2027-03-19,177,C,415.0,-20.73,523.56,114.2,121.7,117.95,174.1,6.4,0.305,0.9009,0.0016,-0.0286,0.6475,122.1784,86.0,0,3
LMT270319P00415000,LMT,2027-03-19,177,P,415.0,-20.73,523.56,5.7,8.4,7.05,3.6,38.3,0.3146,-0.1088,0.0017,-0.0553,0.6815,6.2655,14.9,0,16
LMT270319C00420000,LMT,2027-03-19,177,C,420.0,-19.78,523.56,111.4,116.4,113.9,150.84,4.4,0.3065,0.8911,0.0018,-0.0331,0.6843,118.0957,84.5,0,7
LMT270319P00420000,LMT,2027-03-19,177,P,420.0,-19.78,523.56,4.0,8.3,6.15,7.2,69.9,0.2904,-0.119,0.0018,-0.0587,0.7252,5.4059,13.9,2,50
LMT270319C00425000,LMT,2027-03-19,177,C,425.0,-18.82,523.56,105.6,112.3,108.95,0.0,6.1,0.2944,0.8806,0.0019,-0.0376,0.7186,113.1206,84.4,0,0
LMT270319P00425000,LMT,2027-03-19,177,P,425.0,-18.82,523.56,4.9,11.0,7.95,0.0,76.7,0.3037,-0.1298,0.002,-0.0621,0.7676,7.0555,16.5,0,0
LMT270319C00430000,LMT,2027-03-19,177,C,430.0,-17.87,523.56,101.0,108.4,104.7,149.19,7.1,0.2921,0.8696,0.002,-0.0422,0.7706,108.8473,83.2,0,12
LMT270319P00430000,LMT,2027-03-19,177,P,430.0,-17.87,523.56,6.1,11.1,8.6,4.4,58.1,0.3003,-0.1412,0.0021,-0.0655,0.8144,7.6413,17.6,0,36
LMT270319C00435000,LMT,2027-03-19,177,C,435.0,-16.91,523.56,97.1,104.0,100.55,156.7,6.9,0.2904,0.8578,0.0021,-0.0468,0.8232,104.6702,81.9,0,4
LMT270319P00435000,LMT,2027-03-19,177,P,435.0,-16.91,523.56,5.3,13.3,9.3,6.3,86.0,0.2969,-0.1533,0.0022,-0.0689,0.8615,8.2681,18.8,0,5
LMT270319C00440000,LMT,2027-03-19,177,C,440.0,-15.96,523.56,93.1,101.0,97.05,122.75,8.1,0.2955,0.8454,0.0023,-0.0513,0.86,101.1193,79.9,0,3
LMT270319P00440000,LMT,2027-03-19,177,P,440.0,-15.96,523.56,9.3,11.4,10.35,10.5,20.3,0.2968,-0.166,0.0024,-0.0723,0.9031,9.2169,20.3,1,24
LMT270319C00445000,LMT,2027-03-19,177,C,445.0,-15.0,523.56,89.7,95.7,92.7,0.0,6.5,0.2898,0.8324,0.0024,-0.0558,0.8942,96.7365,78.8,0,0
LMT270319P00445000,LMT,2027-03-19,177,P,445.0,-15.0,523.56,7.2,13.3,10.25,11.15,59.5,0.2836,-0.1792,0.0025,-0.0756,0.9487,9.0871,20.5,5,4
LMT270319C00450000,LMT,2027-03-19,177,C,450.0,-14.05,523.56,85.4,92.6,89.0,168.1,8.1,0.2908,0.8188,0.0025,-0.0602,0.9623,93.0033,77.1,0,7
LMT270319P00450000,LMT,2027-03-19,177,P,450.0,-14.05,523.56,9.3,16.1,12.7,12.0,53.5,0.2969,-0.1931,0.0026,-0.0788,0.9933,11.3706,23.5,2,112
LMT270319C00455000,LMT,2027-03-19,177,C,455.0,-13.09,523.56,83.0,87.0,85.0,94.6,4.7,0.2875,0.8046,0.0027,-0.0644,0.9991,88.9415,75.7,0,13
LMT270319P00455000,LMT,2027-03-19,177,P,455.0,-13.09,523.56,12.6,15.2,13.9,9.23,18.7,0.2959,-0.2076,0.0027,-0.082,1.0364,12.4645,25.1,0,8
LMT270319C00460000,LMT,2027-03-19,177,C,460.0,-12.14,523.56,78.2,84.9,81.55,96.1,8.2,0.2892,0.7897,0.0028,-0.0686,1.0336,85.4435,73.8,0,11
LMT270319P00460000,LMT,2027-03-19,177,P,460.0,-12.14,523.56,13.9,15.5,14.7,14.5,10.9,0.2905,-0.2227,0.0029,-0.085,1.0763,13.1798,26.3,3,21
LMT270319C00465000,LMT,2027-03-19,177,C,465.0,-11.18,523.56,74.0,82.0,78.0,76.9,10.3,0.2891,0.7744,0.0029,-0.0727,1.0943,81.8554,72.1,0,1
LMT270319P00465000,LMT,2027-03-19,177,P,465.0,-11.18,523.56,12.0,17.4,14.7,0.0,36.7,0.2774,-0.2383,0.003,-0.0878,1.1188,13.1252,26.8,0,0
LMT270319C00470000,LMT,2027-03-19,177,C,470.0,-10.23,523.56,70.7,78.6,74.65,80.4,10.6,0.2897,0.7584,0.003,-0.0765,1.1289,78.4322,70.2,0,16
LMT270319P00470000,LMT,2027-03-19,177,P,470.0,-10.23,523.56,13.3,21.8,17.55,16.7,48.4,0.2893,-0.2544,0.0031,-0.0906,1.1604,15.7989,29.8,0,53
LMT270319C00475000,LMT,2027-03-19,177,C,475.0,-9.27,523.56,68.3,75.0,71.65,78.0,9.4,0.2925,0.742,0.0032,-0.0802,1.1613,75.3584,68.1,0,1
LMT270319P00475000,LMT,2027-03-19,177,P,475.0,-9.27,523.56,17.9,21.6,19.75,17.62,18.7,0.2941,-0.2711,0.0032,-0.0931,1.1945,17.859,32.0,0,37
LMT270319C00480000,LMT,2027-03-19,177,C,480.0,-8.32,523.56,64.9,71.8,68.35,78.6,10.1,0.2921,0.725,0.0033,-0.0838,1.193,72.015,66.3,0,6
LMT270319P00480000,LMT,2027-03-19,177,P,480.0,-8.32,523.56,17.7,21.7,19.7,20.6,20.3,0.2795,-0.2883,0.0033,-0.0955,1.2311,17.7346,32.7,1,80
LMT270319C00485000,LMT,2027-03-19,177,C,485.0,-7.36,523.56,62.6,66.4,64.5,96.0,5.9,0.2863,0.7076,0.0034,-0.0871,1.2424,68.0954,64.9,0,4
LMT270319P00485000,LMT,2027-03-19,177,P,485.0,-7.36,523.56,21.2,23.6,22.4,22.8,10.7,0.2868,-0.3059,0.0034,-0.0977,1.2646,20.2798,35.2,2,3
LMT270319C00490000,LMT,2027-03-19,177,C,490.0,-6.41,523.56,57.8,62.6,60.2,66.8,8.0,0.2764,0.6897,0.0035,-0.0901,1.2701,63.7144,63.6,0,15
LMT270319P00490000,LMT,2027-03-19,177,P,490.0,-6.41,523.56,23.1,25.5,24.3,25.1,9.9,0.2867,-0.324,0.0035,-0.0996,1.2951,22.0397,37.1,3,154
LMT270319C00495000,LMT,2027-03-19,177,C,495.0,-5.45,523.56,54.1,61.8,57.95,63.8,13.3,0.2822,0.6714,0.0036,-0.093,1.295,61.3925,61.3,0,11
LMT270319P00495000,LMT,2027-03-19,177,P,495.0,-5.45,523.56,24.9,27.5,26.2,26.92,9.9,0.2859,-0.3425,0.0036,-0.1014,1.3216,23.8029,39.0,3,4
LMT270319C00500000,LMT,2027-03-19,177,C,500.0,-4.5,523.56,53.4,57.3,55.35,65.0,7.0,0.2844,0.6528,0.0037,-0.0956,1.3333,58.7288,59.2,0,22
LMT270319P00500000,LMT,2027-03-19,177,P,500.0,-4.5,523.56,26.8,29.5,28.15,27.0,9.6,0.2848,-0.3613,0.0037,-0.1029,1.3475,25.6167,40.9,1,98
LMT270319C00505000,LMT,2027-03-19,177,C,505.0,-3.54,523.56,49.6,53.7,51.65,94.2,7.9,0.2774,0.634,0.0037,-0.0979,1.3542,54.9295,57.6,0,4
LMT270319P00505000,LMT,2027-03-19,177,P,505.0,-3.54,523.56,26.1,31.5,28.8,30.9,18.7,0.2735,-0.3804,0.0038,-0.1042,1.3696,26.1416,42.2,2,12
LMT270319C00510000,LMT,2027-03-19,177,C,510.0,-2.59,523.56,47.6,51.9,49.75,49.3,8.6,0.283,0.615,0.0038,-0.0999,1.3722,52.927,55.3,2,237
LMT270319P00510000,LMT,2027-03-19,177,P,510.0,-2.59,523.56,31.0,33.7,32.35,32.9,8.3,0.2827,-0.3997,0.0039,-0.1053,1.3882,29.5284,44.7,2,66
LMT270319C00515000,LMT,2027-03-19,177,C,515.0,-1.63,523.56,44.1,48.2,46.15,44.0,8.9,0.2757,0.5956,0.0039,-0.1018,1.3872,49.2432,53.6,4,22
LMT270319P00515000,LMT,2027-03-19,177,P,515.0,-1.63,523.56,33.2,36.0,34.6,35.75,8.1,0.2818,-0.4193,0.0039,-0.1061,1.4035,31.6425,46.6,0,36
LMT270319C00520000,LMT,2027-03-19,177,C,520.0,-0.68,523.56,42.4,46.2,44.3,53.0,8.6,0.2803,0.5763,0.0039,-0.1033,1.4091,47.314,51.5,0,340
LMT270319P00520000,LMT,2027-03-19,177,P,520.0,-0.68,523.56,35.7,38.7,37.2,38.0,8.1,0.2826,-0.4389,0.004,-0.1067,1.4158,34.0903,48.6,3,67
LMT270319C00525000,LMT,2027-03-19,177,C,525.0,0.28,523.56,40.2,43.6,41.9,39.0,8.1,0.2802,0.5568,0.004,-0.1045,1.4189,44.8239,49.5,2,182
LMT270319P00525000,LMT,2027-03-19,177,P,525.0,0.28,523.56,38.1,41.3,39.7,39.85,8.1,0.282,-0.4587,0.004,-0.107,1.424,36.436,50.5,2,16
LMT270319C00530000,LMT,2027-03-19,177,C,530.0,1.23,523.56,37.2,40.8,39.0,39.42,9.2,0.2759,0.5373,0.004,-0.1055,1.4256,41.8236,47.7,2,39
LMT270319P00530000,LMT,2027-03-19,177,P,530.0,1.23,523.56,40.3,45.2,42.75,43.03,11.5,0.2845,-0.4785,0.004,-0.107,1.4299,39.3218,52.5,4,32
LMT270319C00535000,LMT,2027-03-19,177,C,535.0,2.19,523.56,34.9,38.6,36.75,43.5,10.1,0.2757,0.5179,0.004,-0.1062,1.4329,39.5052,45.7,0,4
LMT270319P00535000,LMT,2027-03-19,177,P,535.0,2.19,523.56,41.2,49.1,45.15,45.1,17.5,0.2819,-0.4982,0.0041,-0.1068,1.4309,41.5662,54.4,4,42
LMT270319C00540000,LMT,2027-03-19,177,C,540.0,3.14,523.56,32.6,36.3,34.45,34.7,10.7,0.2742,0.4987,0.004,-0.1066,1.4338,37.0923,43.8,1,32
LMT270319P00540000,LMT,2027-03-19,177,P,540.0,3.14,523.56,46.3,50.8,48.55,44.5,9.3,0.2856,-0.5179,0.0041,-0.1063,1.4282,44.8156,56.3,0,57
LMT270319C00545000,LMT,2027-03-19,177,C,545.0,4.1,523.56,30.8,34.2,32.5,37.0,10.5,0.2746,0.4796,0.004,-0.1067,1.4319,35.0487,41.9,0,11
LMT270319P00545000,LMT,2027-03-19,177,P,545.0,4.1,523.56,48.8,53.7,51.25,43.0,9.6,0.2837,-0.5375,0.0041,-0.1055,1.4232,47.3426,58.1,0,133
LMT270319C00550000,LMT,2027-03-19,177,C,550.0,5.05,523.56,28.5,32.2,30.35,36.5,12.2,0.2731,0.4606,0.004,-0.1066,1.4274,32.8211,40.0,0,157
LMT270319P00550000,LMT,2027-03-19,177,P,550.0,5.05,523.56,49.9,56.7,53.3,53.99,12.8,0.2766,-0.5568,0.0041,-0.1045,1.4165,49.2035,59.9,1,62
LMT270319C00555000,LMT,2027-03-19,177,C,555.0,6.01,523.56,27.1,30.3,28.7,28.6,11.1,0.2743,0.442,0.004,-0.1062,1.4184,31.0757,38.2,4,10
LMT270319P00555000,LMT,2027-03-19,177,P,555.0,6.01,523.56,55.2,59.9,57.55,49.7,8.2,0.2845,-0.576,0.0041,-0.1033,1.4035,53.3297,61.6,0,13
LMT270319C00560000,LMT,2027-03-19,177,C,560.0,6.96,523.56,23.4,28.4,25.9,26.82,19.3,0.2667,0.4238,0.0039,-0.1056,1.4083,28.153,36.3,17,38
LMT270319P00560000,LMT,2027-03-19,177,P,560.0,6.96,523.56,58.1,63.0,60.55,56.0,8.1,0.2828,-0.5948,0.004,-0.1018,1.3872,56.1491,63.4,0,29
LMT270319C00565000,LMT,2027-03-19,177,C,565.0,7.92,523.56,24.3,30.0,27.15,32.9,21.0,0.2875,0.4058,0.0039,-0.1048,1.3959,29.3838,35.1,0,33
LMT270319P00565000,LMT,2027-03-19,177,P,565.0,7.92,523.56,61.4,66.3,63.85,59.0,7.7,0.2826,-0.6133,0.004,-0.1001,1.3701,59.2696,65.1,0,10
LMT270319C00570000,LMT,2027-03-19,177,C,570.0,8.87,523.56,22.9,25.4,24.15,30.61,10.4,0.2774,0.3881,0.0038,-0.1038,1.3815,26.2753,33.1,0,44
LMT270319P00570000,LMT,2027-03-19,177,P,570.0,8.87,523.56,64.8,70.1,67.45,46.6,7.9,0.2841,-0.6315,0.004,-0.0981,1.3525,62.7128,66.7,0,24
LMT270319C00575000,LMT,2027-03-19,177,C,575.0,9.83,523.56,22.0,23.4,22.7,23.17,6.2,0.2777,0.371,0.0038,-0.1025,1.359,24.7321,31.5,2,28
LMT270319P00575000,LMT,2027-03-19,177,P,575.0,9.83,523.56,68.8,73.2,71.0,53.5,6.2,0.2845,-0.6494,0.0039,-0.0959,1.326,66.0767,68.2,0,11
LMT270319C00580000,LMT,2027-03-19,177,C,580.0,10.78,523.56,19.4,21.9,20.65,26.9,12.1,0.273,0.3543,0.0037,-0.1011,1.34,22.579,29.8,0,41
LMT270319P00580000,LMT,2027-03-19,177,P,580.0,10.78,523.56,71.7,76.8,74.25,60.45,6.9,0.2821,-0.6668,0.0038,-0.0935,1.299,69.1293,69.9,0,14
LMT270319C00585000,LMT,2027-03-19,177,C,585.0,11.74,523.56,18.6,21.1,19.85,19.3,12.6,0.2771,0.338,0.0036,-0.0995,1.3193,21.7124,28.4,1,16
LMT270319P00585000,LMT,2027-03-19,177,P,585.0,11.74,523.56,75.4,80.8,78.1,51.4,6.9,0.2837,-0.6837,0.0038,-0.091,1.2718,72.8103,71.3,0,5
LMT270319C00590000,LMT,2027-03-19,177,C,590.0,12.69,523.56,17.2,19.9,18.55,20.15,14.6,0.2771,0.322,0.0036,-0.0978,1.2946,20.356,26.9,0,88
LMT270319P00590000,LMT,2027-03-19,177,P,590.0,12.69,523.56,79.0,84.2,81.6,67.92,6.4,0.282,-0.7001,0.0037,-0.0882,1.2475,76.1153,72.8,0,24
LMT270319C00595000,LMT,2027-03-19,177,C,595.0,13.65,523.56,16.3,18.1,17.2,21.25,10.5,0.2758,0.307,0.0035,-0.096,1.2653,18.9013,25.4,0,45
LMT270319P00595000,LMT,2027-03-19,177,P,595.0,13.65,523.56,82.9,88.0,85.45,53.9,6.0,0.2826,-0.716,0.0036,-0.0853,1.2108,79.8005,74.2,0,7
LMT270319C00600000,LMT,2027-03-19,177,C,600.0,14.6,523.56,13.4,17.3,15.35,15.8,25.4,0.2699,0.2922,0.0034,-0.094,1.24,16.9386,23.7,2,66
LMT270319P00600000,LMT,2027-03-19,177,P,600.0,14.6,523.56,87.2,91.9,89.55,78.5,5.2,0.2846,-0.7314,0.0036,-0.0822,1.1762,83.7307,75.5,0,17
LMT270319C00605000,LMT,2027-03-19,177,C,605.0,15.56,523.56,13.8,16.5,15.15,18.4,17.8,0.2771,0.2779,0.0033,-0.092,1.2138,16.7035,22.8,0,34
LMT270319P00605000,LMT,2027-03-19,177,P,605.0,15.56,523.56,89.2,97.6,93.4,57.5,9.0,0.284,-0.7463,0.0035,-0.079,1.1416,87.3872,76.8,0,5
LMT270319C00610000,LMT,2027-03-19,177,C,610.0,16.51,523.56,14.0,15.4,14.7,14.6,9.5,0.282,0.264,0.0032,-0.0898,1.1848,16.2159,21.8,13,62
LMT270319P00610000,LMT,2027-03-19,177,P,610.0,16.51,523.56,94.3,101.0,97.65,53.6,6.9,0.2864,-0.7606,0.0034,-0.0757,1.1132,91.48,77.9,0,12
LMT270319C00615000,LMT,2027-03-19,177,C,615.0,17.47,523.56,13.2,15.9,14.55,13.5,18.6,0.289,0.251,0.0032,-0.0876,1.1496,16.0185,21.1,1,17
LMT270319P00615000,LMT,2027-03-19,177,P,615.0,17.47,523.56,98.2,104.2,101.2,69.51,5.9,0.282,-0.7745,0.0033,-0.0724,1.0738,94.8002,79.4,0,10
LMT270319C00620000,LMT,2027-03-19,177,C,620.0,18.42,523.56,11.8,13.4,12.6,13.4,12.7,0.2799,0.2384,0.0031,-0.0854,1.1206,13.9466,19.3,0,123
LMT270319P00620000,LMT,2027-03-19,177,P,620.0,18.42,523.56,103.0,109.4,106.2,66.5,6.0,0.2905,-0.7878,0.0032,-0.069,1.0346,99.7208,80.0,0,14
LMT270319C00630000,LMT,2027-03-19,177,C,630.0,20.33,523.56,10.3,11.9,11.1,13.35,14.4,0.2815,0.2146,0.0029,-0.0808,1.0622,12.3333,17.3,0,142
LMT270319P00630000,LMT,2027-03-19,177,P,630.0,20.33,523.56,111.2,117.9,114.55,83.3,5.8,0.2908,-0.8129,0.003,-0.0625,0.9592,107.7057,82.1,0,10
LMT270319C00640000,LMT,2027-03-19,177,C,640.0,22.24,523.56,9.3,12.6,10.95,11.85,30.1,0.2947,0.1931,0.0027,-0.0761,0.9936,12.1265,16.2,0,39
LMT270319P00640000,LMT,2027-03-19,177,P,640.0,22.24,523.56,118.5,127.0,122.75,86.4,6.9,0.2872,-0.8362,0.0029,-0.0563,0.8814,115.476,84.3,0,9
LMT270319C00650000,LMT,2027-03-19,177,C,650.0,24.15,523.56,5.1,12.0,8.55,9.6,80.7,0.2839,0.1734,0.0025,-0.0715,0.9348,9.5578,13.7,0,181
LMT270319P00650000,LMT,2027-03-19,177,P,650.0,24.15,523.56,128.9,135.5,132.2,75.1,5.0,0.2958,-0.8581,0.0028,-0.0514,0.7987,124.6916,85.5,0,6
