contract,ticker,expiry,dte,type,strike,moneyness_pct,spot,bid,ask,mid,last,spread_pct,iv,delta,gamma,theta,vega,theo,prob_itm,volume,oi
MELI261009C01380000,MELI,2026-10-09,16,C,1380.0,-24.45,1826.58,436.3,467.2,451.75,0.0,6.8,0.6097,0.9874,0.0001,-0.1579,0.1303,449.9577,98.4,0,0
MELI261009P01380000,MELI,2026-10-09,16,P,1380.0,-24.45,1826.58,0.0,5.0,,0.0,,0.6864,-0.0126,0.0001,-0.2092,0.1306,2.1314,2.9,0,0
MELI261009C01400000,MELI,2026-10-09,16,C,1400.0,-23.35,1826.58,416.4,446.4,431.4,0.0,7.0,0.5497,0.986,0.0001,-0.1729,0.1428,429.6551,98.8,0,0
MELI261009P01400000,MELI,2026-10-09,16,P,1400.0,-23.35,1826.58,0.0,5.0,,0.0,,0.6564,-0.014,0.0002,-0.2221,0.1435,2.1363,3.0,0,0
MELI261009C01420000,MELI,2026-10-09,16,C,1420.0,-22.26,1826.58,396.6,427.6,412.1,0.0,7.5,0.572,0.9844,0.0002,-0.1892,0.1568,410.2548,98.0,0,0
MELI261009P01420000,MELI,2026-10-09,16,P,1420.0,-22.26,1826.58,0.0,5.0,,0.0,,0.6266,-0.0156,0.0002,-0.2362,0.1571,2.1395,3.1,0,0
MELI261009C01430000,MELI,2026-10-09,16,C,1430.0,-21.71,1826.58,386.6,417.6,402.1,390.6,7.7,0.5569,0.9835,0.0002,-0.1979,0.1644,400.2542,98.0,0,1
MELI261009P01430000,MELI,2026-10-09,16,P,1430.0,-21.71,1826.58,0.0,17.6,,0.0,,0.7864,-0.0165,0.0002,-0.2439,0.1647,7.821,7.9,0,0
MELI261009C01440000,MELI,2026-10-09,16,C,1440.0,-21.16,1826.58,376.7,407.7,392.2,0.0,7.9,0.5477,0.9825,0.0002,-0.2072,0.1726,390.3398,97.9,0,0
MELI261009P01440000,MELI,2026-10-09,16,P,1440.0,-21.16,1826.58,0.0,17.6,1.0,1.0,,0.7688,-0.0175,0.0002,-0.252,0.1729,7.8324,8.0,0,2
MELI261009C01450000,MELI,2026-10-09,16,C,1450.0,-20.62,1826.58,366.8,396.9,381.85,528.7,7.9,0.5111,0.9815,0.0002,-0.2171,0.1816,380.0346,98.3,0,2
MELI261009P01450000,MELI,2026-10-09,16,P,1450.0,-20.62,1826.58,0.0,5.0,1.52,1.52,,0.5826,-0.0186,0.0002,-0.2608,0.1818,2.1488,3.2,0,1
MELI261009C01460000,MELI,2026-10-09,16,C,1460.0,-20.07,1826.58,356.9,387.9,372.4,0.0,8.3,0.5286,0.9803,0.0002,-0.2277,0.1915,370.5129,97.6,0,0
MELI261009P01460000,MELI,2026-10-09,16,P,1460.0,-20.07,1826.58,0.0,17.8,2.0,2.0,,0.7356,-0.0198,0.0002,-0.2704,0.1921,7.9397,8.2,0,0
MELI261009C01470000,MELI,2026-10-09,16,C,1470.0,-19.52,1826.58,347.0,378.0,362.5,357.19,8.6,0.5187,0.979,0.0002,-0.2392,0.2022,360.5998,97.5,0,0
MELI261009P01470000,MELI,2026-10-09,16,P,1470.0,-19.52,1826.58,0.0,17.9,,0.0,,0.719,-0.021,0.0002,-0.2808,0.2034,7.9919,8.4,0,0
MELI261009C01480000,MELI,2026-10-09,16,C,1480.0,-18.97,1826.58,337.2,368.1,352.65,0.0,8.8,0.5109,0.9776,0.0003,-0.2518,0.2139,350.7308,97.3,0,0
MELI261009P01480000,MELI,2026-10-09,16,P,1480.0,-18.97,1826.58,0.0,18.0,,0.0,,0.7025,-0.0225,0.0003,-0.2924,0.2148,8.048,8.6,0,0
MELI261009C01490000,MELI,2026-10-09,16,C,1490.0,-18.43,1826.58,328.2,357.2,342.7,0.0,8.5,0.4983,0.976,0.0003,-0.2656,0.2267,340.7746,97.2,0,0
MELI261009P01490000,MELI,2026-10-09,16,P,1490.0,-18.43,1826.58,0.0,18.0,,0.0,,0.685,-0.0241,0.0003,-0.3052,0.2273,8.0543,8.7,0,0
MELI261009C01500000,MELI,2026-10-09,16,C,1500.0,-17.88,1826.58,318.3,347.3,332.8,0.0,8.7,0.4878,0.9742,0.0003,-0.2808,0.2406,330.8621,97.1,0,0
MELI261009P01500000,MELI,2026-10-09,16,P,1500.0,-17.88,1826.58,0.0,3.9,1.1,1.1,,0.4888,-0.0259,0.0003,-0.3194,0.241,1.6751,2.9,2,0
MELI261009C01510000,MELI,2026-10-09,16,C,1510.0,-17.33,1826.58,307.6,338.7,323.15,0.0,9.6,0.487,0.9722,0.0003,-0.2977,0.2561,321.1733,96.7,0,0
MELI261009P01510000,MELI,2026-10-09,16,P,1510.0,-17.33,1826.58,0.0,3.4,1.9,1.9,,0.4642,-0.0279,0.0003,-0.3352,0.2564,1.4568,2.7,0,1
MELI261009C01520000,MELI,2026-10-09,16,C,1520.0,-16.78,1826.58,301.7,327.7,314.7,0.0,8.3,0.5213,0.9699,0.0004,-0.3165,0.2736,312.5663,95.0,0,0
MELI261009P01520000,MELI,2026-10-09,16,P,1520.0,-16.78,1826.58,0.0,4.7,2.05,2.05,,0.4765,-0.0302,0.0004,-0.353,0.2748,2.0376,3.5,0,6
MELI261009C01530000,MELI,2026-10-09,16,C,1530.0,-16.24,1826.58,288.1,319.2,303.65,0.0,10.2,0.4746,0.9673,0.0004,-0.3375,0.2931,301.6232,96.0,0,0
MELI261009P01530000,MELI,2026-10-09,16,P,1530.0,-16.24,1826.58,1.0,3.9,2.45,1.55,118.4,0.4659,-0.0328,0.0004,-0.373,0.2948,2.1303,3.7,2,4
MELI261009C01540000,MELI,2026-10-09,16,C,1540.0,-15.69,1826.58,282.7,308.2,295.45,0.0,8.6,0.509,0.9644,0.0004,-0.3609,0.3147,293.2524,94.1,0,0
MELI261009P01540000,MELI,2026-10-09,16,P,1540.0,-15.69,1826.58,1.0,3.8,2.4,2.3,116.7,0.45,-0.0358,0.0004,-0.3955,0.3157,2.0873,3.7,0,5
MELI261009C01550000,MELI,2026-10-09,16,C,1550.0,-15.14,1826.58,268.6,299.6,284.1,0.0,10.9,0.458,0.961,0.0005,-0.3871,0.3383,282.0287,95.4,0,0
MELI261009P01550000,MELI,2026-10-09,16,P,1550.0,-15.14,1826.58,0.0,19.0,3.2,3.2,,0.5896,-0.0392,0.0005,-0.4207,0.3389,8.5815,10.0,0,6
MELI261009C01560000,MELI,2026-10-09,16,C,1560.0,-14.59,1826.58,259.0,289.9,274.45,0.0,11.3,0.4524,0.9572,0.0005,-0.4162,0.3646,272.3472,94.9,0,0
MELI261009P01560000,MELI,2026-10-09,16,P,1560.0,-14.59,1826.58,0.0,19.5,3.68,3.68,,0.5763,-0.043,0.0005,-0.4489,0.3651,8.8286,10.4,0,11
MELI261009C01570000,MELI,2026-10-09,16,C,1570.0,-14.05,1826.58,249.4,279.2,264.3,0.0,11.3,0.4332,0.9528,0.0006,-0.4486,0.3943,262.216,95.0,0,0
MELI261009P01570000,MELI,2026-10-09,16,P,1570.0,-14.05,1826.58,1.2,4.7,2.95,4.83,118.6,0.4244,-0.0473,0.0006,-0.4803,0.3968,2.5954,4.7,0,11
MELI261009C01580000,MELI,2026-10-09,16,C,1580.0,-13.5,1826.58,239.8,270.7,255.25,380.3,12.1,0.4412,0.9479,0.0006,-0.4845,0.4268,253.0855,93.9,0,1
MELI261009P01580000,MELI,2026-10-09,16,P,1580.0,-13.5,1826.58,0.0,8.5,5.07,5.07,,0.4423,-0.0523,0.0006,-0.5155,0.4283,3.7817,6.2,0,16
MELI261009C01590000,MELI,2026-10-09,16,C,1590.0,-12.95,1826.58,230.3,261.5,245.9,0.0,12.7,0.4395,0.9423,0.0007,-0.5241,0.462,243.6836,93.1,0,0
MELI261009P01590000,MELI,2026-10-09,16,P,1590.0,-12.95,1826.58,0.05,10.7,5.375,5.75,198.1,0.4505,-0.058,0.0007,-0.5542,0.4629,4.8197,7.5,0,12
MELI261009C01600000,MELI,2026-10-09,16,C,1600.0,-12.4,1826.58,220.9,251.8,236.35,0.0,13.1,0.4326,0.936,0.0008,-0.5676,0.5008,234.1068,92.5,0,0
MELI261009P01600000,MELI,2026-10-09,16,P,1600.0,-12.4,1826.58,0.55,7.2,3.875,6.15,171.6,0.4037,-0.0643,0.0008,-0.5967,0.5032,3.4518,6.1,0,19
MELI261009C01610000,MELI,2026-10-09,16,C,1610.0,-11.86,1826.58,211.5,242.4,226.95,0.0,13.6,0.4276,0.9289,0.0008,-0.6149,0.5435,224.6676,91.7,0,0
MELI261009P01610000,MELI,2026-10-09,16,P,1610.0,-11.86,1826.58,0.0,20.2,10.49,10.49,,0.4944,-0.0715,0.0008,-0.6434,0.546,9.2246,11.8,0,12
MELI261009C01620000,MELI,2026-10-09,16,C,1620.0,-11.31,1826.58,202.2,233.1,217.65,0.0,14.2,0.4233,0.9209,0.0009,-0.6661,0.5888,215.3269,90.8,0,0
MELI261009P01620000,MELI,2026-10-09,16,P,1620.0,-11.31,1826.58,3.4,8.4,5.9,6.7,84.7,0.4127,-0.0795,0.0009,-0.6938,0.5902,5.3314,8.6,0,10
MELI261009C01630000,MELI,2026-10-09,16,C,1630.0,-10.76,1826.58,193.0,224.3,208.65,0.0,15.0,0.4225,0.912,0.001,-0.7212,0.6372,206.2708,89.7,0,0
MELI261009P01630000,MELI,2026-10-09,16,P,1630.0,-10.76,1826.58,0.0,9.5,7.75,7.75,,0.3763,-0.0885,0.001,-0.7481,0.6388,4.2825,7.7,0,8
MELI261009C01640000,MELI,2026-10-09,16,C,1640.0,-10.21,1826.58,183.9,214.8,199.35,248.2,15.5,0.4157,0.902,0.0011,-0.7798,0.6895,196.9333,88.8,0,5
MELI261009P01640000,MELI,2026-10-09,16,P,1640.0,-10.21,1826.58,1.85,10.1,5.975,11.92,138.1,0.3821,-0.0985,0.0011,-0.8061,0.6928,5.4287,9.2,0,67
MELI261009C01650000,MELI,2026-10-09,16,C,1650.0,-9.67,1826.58,175.9,205.8,190.85,239.3,15.7,0.4188,0.8911,0.0012,-0.8418,0.7439,188.3625,87.2,0,5
MELI261009P01650000,MELI,2026-10-09,16,P,1650.0,-9.67,1826.58,1.85,12.1,6.975,7.05,147.0,0.3815,-0.1095,0.0012,-0.8675,0.7457,6.3738,10.5,4,23
MELI261009C01660000,MELI,2026-10-09,16,C,1660.0,-9.12,1826.58,165.9,196.4,181.15,179.06,16.8,0.4048,0.879,0.0013,-0.9067,0.8004,178.6583,86.6,2,2
MELI261009P01660000,MELI,2026-10-09,16,P,1660.0,-9.12,1826.58,5.8,12.0,8.9,10.7,69.7,0.3914,-0.1216,0.0013,-0.9317,0.8029,8.1871,12.6,0,26
MELI261009C01670000,MELI,2026-10-09,16,C,1670.0,-8.57,1826.58,156.9,188.2,172.55,0.0,18.1,0.4037,0.8659,0.0014,-0.974,0.86,170.0049,85.1,0,0
MELI261009P01670000,MELI,2026-10-09,16,P,1670.0,-8.57,1826.58,4.9,13.8,9.35,15.03,95.2,0.3799,-0.1349,0.0014,-0.9985,0.8636,8.6361,13.4,0,8
MELI261009C01680000,MELI,2026-10-09,16,C,1680.0,-8.02,1826.58,148.6,180.1,164.35,193.12,19.2,0.4053,0.8516,0.0015,-1.0432,0.9201,161.7389,83.2,0,2
MELI261009P01680000,MELI,2026-10-09,16,P,1680.0,-8.02,1826.58,1.6,22.0,11.8,15.73,172.9,0.3908,-0.1493,0.0015,-1.067,0.9222,10.9631,15.8,1,4
MELI261009C01690000,MELI,2026-10-09,16,C,1690.0,-7.48,1826.58,140.0,172.0,156.0,300.5,20.5,0.4034,0.8361,0.0016,-1.1135,0.981,153.339,81.6,0,6
MELI261009P01690000,MELI,2026-10-09,16,P,1690.0,-7.48,1826.58,2.8,28.1,15.45,18.45,163.8,0.4104,-0.1648,0.0016,-1.1368,0.9864,14.462,18.9,10,7
MELI261009C01700000,MELI,2026-10-09,16,C,1700.0,-6.93,1826.58,131.7,163.0,147.35,205.6,21.2,0.3971,0.8195,0.0017,-1.1841,1.0433,144.6627,80.0,0,13
MELI261009P01700000,MELI,2026-10-09,16,P,1700.0,-6.93,1826.58,5.5,22.9,14.2,18.06,122.5,0.3786,-0.1815,0.0017,-1.207,1.0467,13.3015,18.7,2,26
MELI261009C01710000,MELI,2026-10-09,16,C,1710.0,-6.38,1826.58,123.7,155.9,139.8,197.3,23.0,0.3996,0.8018,0.0018,-1.2543,1.104,137.0374,77.9,0,5
MELI261009P01710000,MELI,2026-10-09,16,P,1710.0,-6.38,1826.58,14.6,24.8,19.7,19.47,51.8,0.4102,-0.1994,0.0018,-1.2767,1.1061,18.5971,22.8,0,40
MELI261009C01720000,MELI,2026-10-09,16,C,1720.0,-5.83,1826.58,115.8,147.5,131.65,111.64,24.1,0.3951,0.783,0.0019,-1.3233,1.164,128.8661,76.0,0,5
MELI261009P01720000,MELI,2026-10-09,16,P,1720.0,-5.83,1826.58,7.9,30.6,19.25,28.9,117.9,0.3855,-0.2184,0.0019,-1.3453,1.1701,18.2077,23.4,0,13
MELI261009C01730000,MELI,2026-10-09,16,C,1730.0,-5.29,1826.58,108.2,139.7,123.95,198.2,25.4,0.3929,0.7631,0.002,-1.3901,1.2228,121.1302,73.9,0,2
MELI261009P01730000,MELI,2026-10-09,16,P,1730.0,-5.29,1826.58,7.4,35.1,21.25,32.36,130.4,0.3814,-0.2384,0.002,-1.4116,1.2263,20.1777,25.4,0,10
MELI261009C01740000,MELI,2026-10-09,16,C,1740.0,-4.74,1826.58,101.1,131.3,116.2,113.3,26.0,0.3888,0.7422,0.0021,-1.4539,1.2781,113.3631,71.8,0,1
MELI261009P01740000,MELI,2026-10-09,16,P,1740.0,-4.74,1826.58,18.5,32.4,25.45,26.5,54.6,0.3932,-0.2595,0.0021,-1.4751,1.28,24.2763,28.4,0,7
MELI261009C01745000,MELI,2026-10-09,16,C,1745.0,-4.47,1826.58,100.6,128.3,114.45,0.0,24.2,0.4025,0.7313,0.0021,-1.4844,1.3048,111.5394,69.9,0,0
MELI261009P01745000,MELI,2026-10-09,16,P,1745.0,-4.47,1826.58,11.5,40.1,25.8,0.0,110.9,0.3846,-0.2704,0.0022,-1.5054,1.3114,24.6449,29.2,0,0
MELI261009C01750000,MELI,2026-10-09,16,C,1750.0,-4.19,1826.58,96.9,125.5,111.2,106.6,25.7,0.4039,0.7203,0.0022,-1.5138,1.331,108.2629,68.6,0,5
MELI261009P01750000,MELI,2026-10-09,16,P,1750.0,-4.19,1826.58,11.3,38.2,24.75,39.41,108.7,0.3651,-0.2816,0.0022,-1.5346,1.3356,23.6568,29.3,0,62
MELI261009C01755000,MELI,2026-10-09,16,C,1755.0,-3.92,1826.58,94.8,121.9,108.35,103.42,25.0,0.4078,0.709,0.0022,-1.5421,1.3563,105.3843,67.2,2,0
MELI261009P01755000,MELI,2026-10-09,16,P,1755.0,-3.92,1826.58,13.0,33.9,23.45,36.7,89.1,0.3438,-0.2929,0.0022,-1.5625,1.3595,22.4359,29.3,2,0
MELI261009C01760000,MELI,2026-10-09,16,C,1760.0,-3.65,1826.58,91.7,118.0,104.85,101.85,25.1,0.4065,0.6975,0.0023,-1.569,1.3801,101.8842,66.1,2,2
MELI261009P01760000,MELI,2026-10-09,16,P,1760.0,-3.65,1826.58,18.5,45.5,32.0,43.75,84.4,0.3954,-0.3045,0.0023,-1.5892,1.3827,30.7303,33.4,0,2
MELI261009C01765000,MELI,2026-10-09,16,C,1765.0,-3.37,1826.58,88.4,115.6,102.0,0.0,26.7,0.4094,0.6858,0.0023,-1.5946,1.4027,99.0143,64.7,0,0
MELI261009P01765000,MELI,2026-10-09,16,P,1765.0,-3.37,1826.58,20.3,43.2,31.75,0.0,72.1,0.3814,-0.3163,0.0023,-1.6148,1.4047,30.5298,34.0,0,0
MELI261009C01770000,MELI,2026-10-09,16,C,1770.0,-3.1,1826.58,85.1,111.9,98.5,78.88,27.2,0.4072,0.674,0.0024,-1.6188,1.4242,95.509,63.6,0,5
MELI261009P01770000,MELI,2026-10-09,16,P,1770.0,-3.1,1826.58,21.8,45.4,33.6,33.46,70.2,0.3821,-0.3282,0.0024,-1.6389,1.4262,32.3574,35.4,2,29
MELI261009C01775000,MELI,2026-10-09,16,C,1775.0,-2.82,1826.58,81.9,108.5,95.2,90.07,27.9,0.4061,0.6619,0.0024,-1.6414,1.4447,92.2122,62.4,6,0
MELI261009P01775000,MELI,2026-10-09,16,P,1775.0,-2.82,1826.58,21.0,46.7,33.85,38.47,75.9,0.3713,-0.3404,0.0024,-1.6612,1.4488,32.6504,36.2,2,0
MELI261009C01780000,MELI,2026-10-09,16,C,1780.0,-2.55,1826.58,78.7,105.3,92.0,87.88,28.9,0.4053,0.6497,0.0024,-1.6624,1.4641,89.0169,61.1,0,0
MELI261009P01780000,MELI,2026-10-09,16,P,1780.0,-2.55,1826.58,26.4,48.5,37.45,50.85,59.0,0.3832,-0.3527,0.0024,-1.6819,1.4668,36.1764,38.1,0,7
MELI261009C01785000,MELI,2026-10-09,16,C,1785.0,-2.28,1826.58,76.1,101.0,88.55,83.15,28.1,0.4024,0.6373,0.0025,-1.6817,1.4819,85.5794,59.9,125,0
MELI261009P01785000,MELI,2026-10-09,16,P,1785.0,-2.28,1826.58,28.4,50.0,39.2,0.0,55.1,0.3818,-0.3652,0.0025,-1.7008,1.484,37.9089,39.4,0,0
MELI261009C01790000,MELI,2026-10-09,16,C,1790.0,-2.0,1826.58,72.6,99.7,86.15,84.38,31.5,0.4061,0.6248,0.0025,-1.6992,1.4981,83.1587,58.6,4,1
MELI261009P01790000,MELI,2026-10-09,16,P,1790.0,-2.0,1826.58,32.1,49.9,41.0,46.61,43.4,0.3805,-0.3778,0.0025,-1.7183,1.4996,39.7183,40.7,0,16
MELI261009C01795000,MELI,2026-10-09,16,C,1795.0,-1.73,1826.58,69.9,91.8,80.85,78.38,27.1,0.3902,0.6122,0.0025,-1.7149,1.5128,77.9305,57.7,6,0
MELI261009P01795000,MELI,2026-10-09,16,P,1795.0,-1.73,1826.58,32.2,58.9,45.55,0.0,58.6,0.3969,-0.3906,0.0026,-1.734,1.5138,44.1903,42.5,0,0
MELI261009C01800000,MELI,2026-10-09,16,C,1800.0,-1.46,1826.58,66.6,87.3,76.95,82.6,26.9,0.3834,0.5994,0.0026,-1.7287,1.5261,74.0769,56.5,2,44
MELI261009P01800000,MELI,2026-10-09,16,P,1800.0,-1.46,1826.58,34.2,56.6,45.4,58.66,49.3,0.3818,-0.4035,0.0026,-1.7477,1.5286,44.1066,43.4,10,28
MELI261009C01805000,MELI,2026-10-09,16,C,1805.0,-1.18,1826.58,63.7,90.5,77.1,74.3,34.8,0.4025,0.5865,0.0026,-1.7406,1.5381,74.1419,54.8,2,0
MELI261009P01805000,MELI,2026-10-09,16,P,1805.0,-1.18,1826.58,36.3,58.7,47.5,43.91,47.2,0.381,-0.4165,0.0026,-1.7592,1.5396,46.1893,44.8,4,0
MELI261009C01810000,MELI,2026-10-09,16,C,1810.0,-0.91,1826.58,66.1,87.5,76.8,57.01,27.9,0.4181,0.5735,0.0026,-1.7504,1.5484,73.7871,53.2,1,22
MELI261009P01810000,MELI,2026-10-09,16,P,1810.0,-0.91,1826.58,38.5,60.8,49.65,55.0,44.9,0.3802,-0.4296,0.0026,-1.7687,1.5493,48.3387,46.1,0,52
MELI261009C01815000,MELI,2026-10-09,16,C,1815.0,-0.63,1826.58,58.2,80.8,69.5,0.0,32.5,0.3881,0.5605,0.0026,-1.7582,1.5569,66.6294,52.4,0,0
MELI261009P01815000,MELI,2026-10-09,16,P,1815.0,-0.63,1826.58,40.8,62.5,51.65,0.0,42.0,0.3781,-0.4428,0.0026,-1.7764,1.5572,50.3592,47.5,0,0
MELI261009C01820000,MELI,2026-10-09,16,C,1820.0,-0.36,1826.58,55.2,78.1,66.65,66.75,34.4,0.3865,0.5474,0.0026,-1.7641,1.5638,63.8068,51.0,0,34
MELI261009P01820000,MELI,2026-10-09,16,P,1820.0,-0.36,1826.58,43.2,66.7,54.95,55.67,42.8,0.3838,-0.456,0.0027,-1.7823,1.5636,53.6288,48.9,2,2
MELI261009C01825000,MELI,2026-10-09,16,C,1825.0,-0.09,1826.58,53.0,78.3,65.65,67.29,38.5,0.3962,0.5342,0.0026,-1.7678,1.5691,62.7696,49.6,0,5
MELI261009P01825000,MELI,2026-10-09,16,P,1825.0,-0.09,1826.58,45.6,71.1,58.35,0.0,43.7,0.3897,-0.4694,0.0027,-1.7862,1.5685,57.0033,50.3,0,0
MELI261009C01830000,MELI,2026-10-09,16,C,1830.0,0.19,1826.58,50.5,72.8,61.65,50.01,36.2,0.3865,0.521,0.0026,-1.7695,1.5726,58.8478,48.3,0,4
MELI261009P01830000,MELI,2026-10-09,16,P,1830.0,0.19,1826.58,48.1,65.2,56.65,70.56,30.2,0.3627,-0.4827,0.0027,-1.7874,1.5715,55.4333,51.6,0,28
MELI261009C01835000,MELI,2026-10-09,16,C,1835.0,0.46,1826.58,48.0,73.4,60.7,56.26,41.8,0.3957,0.5077,0.0027,-1.7691,1.5745,57.8727,47.0,6,0
MELI261009P01835000,MELI,2026-10-09,16,P,1835.0,0.46,1826.58,50.7,76.1,63.4,0.0,40.1,0.389,-0.4961,0.0027,-1.7866,1.5733,62.0558,53.0,0,0
MELI261009C01840000,MELI,2026-10-09,16,C,1840.0,0.73,1826.58,51.7,59.6,55.65,45.33,14.2,0.3784,0.4944,0.0027,-1.7665,1.5747,52.9221,45.6,0,46
MELI261009P01840000,MELI,2026-10-09,16,P,1840.0,0.73,1826.58,52.8,73.4,63.1,80.32,32.6,0.3701,-0.5095,0.0027,-1.7839,1.5723,61.8529,54.4,0,8
MELI261009C01845000,MELI,2026-10-09,16,C,1845.0,1.01,1826.58,43.2,65.3,54.25,49.72,40.7,0.384,0.4812,0.0027,-1.7619,1.5731,51.5313,44.3,2,1
MELI261009P01845000,MELI,2026-10-09,16,P,1845.0,1.01,1826.58,55.5,74.9,65.2,0.0,29.8,0.3661,-0.5229,0.0027,-1.7793,1.5704,63.9941,55.8,0,0
MELI261009C01850000,MELI,2026-10-09,16,C,1850.0,1.28,1826.58,41.0,63.0,52.0,52.6,42.3,0.3837,0.4679,0.0027,-1.7552,1.5699,49.3074,43.0,0,22
MELI261009P01850000,MELI,2026-10-09,16,P,1850.0,1.28,1826.58,58.4,83.4,70.9,66.0,35.3,0.3846,-0.5364,0.0027,-1.7728,1.5665,69.6231,57.0,0,9
MELI261009C01855000,MELI,2026-10-09,16,C,1855.0,1.56,1826.58,39.4,57.8,48.6,0.0,37.9,0.3757,0.4547,0.0027,-1.7465,1.5649,45.9853,41.6,0,0
MELI261009P01855000,MELI,2026-10-09,16,P,1855.0,1.56,1826.58,61.2,83.1,72.15,0.0,30.4,0.3742,-0.5497,0.0027,-1.7638,1.5592,70.9287,58.5,0,0
MELI261009C01860000,MELI,2026-10-09,16,C,1860.0,1.83,1826.58,39.7,51.4,45.55,47.6,25.7,0.3694,0.4415,0.0027,-1.7358,1.5581,42.9972,40.1,3,49
MELI261009P01860000,MELI,2026-10-09,16,P,1860.0,1.83,1826.58,64.1,88.5,76.3,36.0,32.0,0.3819,-0.5631,0.0027,-1.7528,1.5533,75.0388,59.7,0,4
MELI261009C01865000,MELI,2026-10-09,16,C,1865.0,2.1,1826.58,34.5,56.3,45.4,42.74,48.0,0.3814,0.4284,0.0026,-1.7231,1.5496,42.8219,39.0,126,0
MELI261009P01865000,MELI,2026-10-09,16,P,1865.0,2.1,1826.58,67.7,91.9,79.8,0.0,30.3,0.3852,-0.5764,0.0027,-1.7398,1.5439,78.5432,60.9,0,0
MELI261009C01870000,MELI,2026-10-09,16,C,1870.0,2.38,1826.58,35.4,51.2,43.3,43.81,36.5,0.3804,0.4153,0.0026,-1.7084,1.5397,40.7575,37.7,0,13
MELI261009P01870000,MELI,2026-10-09,16,P,1870.0,2.38,1826.58,70.0,91.7,80.85,95.82,26.8,0.3721,-0.5896,0.0027,-1.7251,1.5332,79.6701,62.5,0,59
MELI261009C01880000,MELI,2026-10-09,16,C,1880.0,2.92,1826.58,36.7,43.2,39.95,40.8,16.3,0.3828,0.3894,0.0026,-1.6735,1.5151,37.4682,35.3,2,26
MELI261009P01880000,MELI,2026-10-09,16,P,1880.0,2.92,1826.58,77.3,97.4,87.35,105.15,23.0,0.3732,-0.6159,0.0026,-1.6902,1.5026,86.1955,65.0,0,8
MELI261009C01890000,MELI,2026-10-09,16,C,1890.0,3.47,1826.58,21.8,39.4,30.6,33.26,57.5,0.343,0.364,0.0026,-1.6316,1.4836,28.4384,31.3,8,31
MELI261009P01890000,MELI,2026-10-09,16,P,1890.0,3.47,1826.58,84.0,103.8,93.9,98.98,21.1,0.373,-0.6416,0.0026,-1.6479,1.4738,92.781,67.5,0,8
MELI261009C01900000,MELI,2026-10-09,16,C,1900.0,4.02,1826.58,16.2,40.4,28.3,30.2,85.5,0.3486,0.3391,0.0025,-1.5833,1.447,26.2002,29.0,4,84
MELI261009P01900000,MELI,2026-10-09,16,P,1900.0,4.02,1826.58,90.3,112.8,101.55,71.9,22.2,0.3788,-0.6669,0.0025,-1.5993,1.4343,100.4426,69.7,0,7
MELI261009C01910000,MELI,2026-10-09,16,C,1910.0,4.57,1826.58,12.8,39.9,26.35,25.73,102.8,0.3554,0.3149,0.0024,-1.5293,1.4049,24.3175,27.0,9,59
MELI261009P01910000,MELI,2026-10-09,16,P,1910.0,4.57,1826.58,97.5,123.5,110.5,111.67,23.5,0.3925,-0.6916,0.0025,-1.5448,1.3867,109.3626,71.3,2,15
MELI261009C01920000,MELI,2026-10-09,16,C,1920.0,5.11,1826.58,13.1,37.0,25.05,23.59,95.4,0.3656,0.2914,0.0024,-1.4704,1.3573,23.0395,25.2,4,15
MELI261009P01920000,MELI,2026-10-09,16,P,1920.0,5.11,1826.58,102.2,130.6,116.4,130.66,24.4,0.383,-0.7154,0.0024,-1.4857,1.3378,115.346,73.9,0,6
MELI261009C01930000,MELI,2026-10-09,16,C,1930.0,5.66,1826.58,11.6,35.1,23.35,20.49,100.6,0.3719,0.2689,0.0023,-1.4075,1.3066,21.4038,23.5,9,55
MELI261009P01930000,MELI,2026-10-09,16,P,1930.0,5.66,1826.58,106.1,137.2,121.65,138.54,25.6,0.366,-0.7385,0.0023,-1.4222,1.2862,120.7147,76.9,0,8
MELI261009C01940000,MELI,2026-10-09,16,C,1940.0,6.21,1826.58,10.3,37.0,23.65,17.9,112.9,0.3927,0.2472,0.0022,-1.3416,1.2516,21.6614,22.6,6,72
MELI261009P01940000,MELI,2026-10-09,16,P,1940.0,6.21,1826.58,113.8,144.8,129.3,62.68,24.0,0.3652,-0.7605,0.0022,-1.3556,1.2268,128.3941,78.9,0,21
MELI261009C01950000,MELI,2026-10-09,16,C,1950.0,6.76,1826.58,7.8,32.2,20.0,21.0,122.0,0.3814,0.2267,0.0021,-1.2733,1.1938,18.1925,20.1,130,19
MELI261009P01950000,MELI,2026-10-09,16,P,1950.0,6.76,1826.58,121.0,153.2,137.1,137.97,23.5,0.364,-0.7815,0.0021,-1.2868,1.1643,136.2328,80.9,0,5
MELI261009C01960000,MELI,2026-10-09,16,C,1960.0,7.3,1826.58,5.9,29.4,17.65,15.35,133.1,0.3786,0.2072,0.002,-1.2038,1.135,15.9666,18.2,2,34
MELI261009P01960000,MELI,2026-10-09,16,P,1960.0,7.3,1826.58,129.7,161.1,145.4,161.49,21.6,0.3655,-0.8014,0.002,-1.2165,1.0985,144.5528,82.6,0,2
MELI261009C01970000,MELI,2026-10-09,16,C,1970.0,7.85,1826.58,6.4,18.5,12.45,15.58,97.2,0.3468,0.1889,0.0019,-1.134,1.0737,11.097,14.6,0,13
MELI261009P01970000,MELI,2026-10-09,16,P,1970.0,7.85,1826.58,138.5,168.9,153.7,0.0,19.8,0.3654,-0.8202,0.0019,-1.1458,1.0395,152.8673,84.2,0,0
MELI261009C01980000,MELI,2026-10-09,16,C,1980.0,8.4,1826.58,2.65,27.6,15.125,13.8,165.0,0.388,0.1718,0.0018,-1.0644,1.0125,13.5732,15.6,4,58
MELI261009P01980000,MELI,2026-10-09,16,P,1980.0,8.4,1826.58,152.3,177.7,165.0,156.31,15.4,0.3936,-0.8378,0.0018,-1.0767,0.969,164.0823,84.1,2,0
MELI261009C01990000,MELI,2026-10-09,16,C,1990.0,8.95,1826.58,10.0,13.8,11.9,13.0,31.9,0.3713,0.1558,0.0017,-0.996,0.952,10.5704,13.2,0,10
MELI261009P01990000,MELI,2026-10-09,16,P,1990.0,8.95,1826.58,154.6,186.2,170.4,190.8,18.5,0.3609,-0.8542,0.0017,-1.0082,0.9003,169.5963,87.5,2,1
MELI261009C02000000,MELI,2026-10-09,16,C,2000.0,9.49,1826.58,0.0,27.0,9.0,9.0,,0.4024,0.1411,0.0016,-0.9294,0.8911,12.0336,13.6,2,105
MELI261009P02000000,MELI,2026-10-09,16,P,2000.0,9.49,1826.58,163.4,194.7,179.05,126.1,17.5,0.3591,-0.8694,0.0016,-0.9419,0.84,178.251,88.9,0,3
MELI261009C02010000,MELI,2026-10-09,16,C,2010.0,10.04,1826.58,0.0,24.5,9.9,9.9,,0.404,0.1276,0.0014,-0.865,0.8326,10.8755,12.4,4,34
MELI261009P02010000,MELI,2026-10-09,16,P,2010.0,10.04,1826.58,173.0,202.6,187.8,180.4,15.8,0.3565,-0.8836,0.0015,-0.8804,0.7741,186.9962,90.2,0,0
MELI261009C02020000,MELI,2026-10-09,16,C,2020.0,10.59,1826.58,0.0,21.9,6.7,6.7,,0.4037,0.1152,0.0014,-0.8033,0.776,9.6674,11.3,4,14
MELI261009P02020000,MELI,2026-10-09,16,P,2020.0,10.59,1826.58,185.8,207.4,196.6,206.3,11.0,0.3522,-0.8965,0.0014,-0.8199,0.7102,195.7775,91.6,0,2
MELI261009C02030000,MELI,2026-10-09,16,C,2030.0,11.14,1826.58,3.2,9.2,6.2,5.75,96.8,0.3561,0.1038,0.0012,-0.7447,0.7206,5.3419,7.6,0,69
MELI261009P02030000,MELI,2026-10-09,16,P,2030.0,11.14,1826.58,196.0,217.2,206.6,0.0,10.3,0.3648,-0.9084,0.0013,-0.763,0.6514,205.7477,91.9,0,0
MELI261009C02040000,MELI,2026-10-09,16,C,2040.0,11.68,1826.58,0.0,8.3,6.05,6.05,,0.3347,0.0936,0.0012,-0.6892,0.6687,3.5136,5.6,4,91
MELI261009P02040000,MELI,2026-10-09,16,P,2040.0,11.68,1826.58,200.2,231.2,215.7,219.1,14.4,0.362,-0.9194,0.0012,-0.7124,0.5891,214.8051,93.0,0,5
MELI261009C02050000,MELI,2026-10-09,16,C,2050.0,12.23,1826.58,0.0,16.0,4.6,4.6,,0.4067,0.0843,0.0011,-0.6371,0.6197,6.9562,8.4,126,20
MELI261009P02050000,MELI,2026-10-09,16,P,2050.0,12.23,1826.58,209.6,240.6,225.1,142.1,13.8,0.3626,-0.9292,0.0011,-0.6628,0.5346,224.1584,93.8,0,1
MELI261009C02060000,MELI,2026-10-09,16,C,2060.0,12.78,1826.58,2.9,11.6,7.25,4.7,120.0,0.4086,0.0759,0.001,-0.5884,0.5726,6.2755,7.7,7,22
MELI261009P02060000,MELI,2026-10-09,16,P,2060.0,12.78,1826.58,218.2,250.0,234.1,120.78,13.6,0.3516,-0.938,0.001,-0.6148,0.4885,233.0493,95.0,0,4
MELI261009C02070000,MELI,2026-10-09,16,C,2070.0,13.33,1826.58,2.55,6.7,4.625,4.53,89.7,0.3778,0.0683,0.0009,-0.5431,0.529,3.9255,5.5,2,21
MELI261009P02070000,MELI,2026-10-09,16,P,2070.0,13.33,1826.58,228.7,259.5,244.1,240.0,12.6,0.3627,-0.9462,0.001,-0.574,0.4212,243.0288,95.2,0,9
MELI261009C02080000,MELI,2026-10-09,16,C,2080.0,13.87,1826.58,2.0,6.0,4.0,4.0,100.0,0.3769,0.0616,0.0008,-0.5012,0.4888,3.3708,4.8,6,37
MELI261009P02080000,MELI,2026-10-09,16,P,2080.0,13.87,1826.58,239.3,269.2,254.25,180.0,11.8,0.3775,-0.9536,0.0009,-0.5348,0.383,253.173,95.2,0,3
MELI261009C02090000,MELI,2026-10-09,16,C,2090.0,14.42,1826.58,1.15,5.5,3.325,4.3,130.8,0.3733,0.0555,0.0008,-0.4624,0.4508,2.7802,4.1,0,32
MELI261009P02090000,MELI,2026-10-09,16,P,2090.0,14.42,1826.58,248.3,278.8,263.55,148.37,11.6,0.3686,-0.9603,0.0009,-0.4974,0.3514,262.3619,96.1,0,1
MELI261009C02100000,MELI,2026-10-09,16,C,2100.0,14.97,1826.58,1.7,5.2,3.45,2.45,101.4,0.3867,0.0501,0.0007,-0.4268,0.4156,2.8867,4.1,0,11
MELI261009P02100000,MELI,2026-10-09,16,P,2100.0,14.97,1826.58,258.8,283.6,271.2,268.0,9.1,0.0,-0.9662,0.0008,-0.452,0.2922,,,0,2
MELI261009C02110000,MELI,2026-10-09,16,C,2110.0,15.52,1826.58,0.0,9.0,2.4,2.4,,0.4197,0.0452,0.0006,-0.394,0.3836,3.8041,4.8,2,25
MELI261009P02110000,MELI,2026-10-09,16,P,2110.0,15.52,1826.58,268.5,295.2,281.85,150.48,9.5,0.0,-0.9714,0.0007,-0.4075,0.253,,,0,3
MELI261009C02120000,MELI,2026-10-09,16,C,2120.0,16.06,1826.58,0.05,5.4,2.725,13.0,196.3,0.3894,0.0409,0.0006,-0.364,0.3542,2.2541,3.2,0,6
MELI261009P02120000,MELI,2026-10-09,16,P,2120.0,16.06,1826.58,278.2,308.1,293.15,155.26,10.2,0.3833,-0.9765,0.0007,-0.3801,0.2139,291.7691,97.0,0,8
MELI261009C02130000,MELI,2026-10-09,16,C,2130.0,16.61,1826.58,0.0,11.4,4.13,4.13,,0.4645,0.037,0.0005,-0.3366,0.3266,4.8633,5.4,0,59
MELI261009P02130000,MELI,2026-10-09,16,P,2130.0,16.61,1826.58,286.9,318.0,302.45,162.55,10.3,0.0,-0.9811,0.0006,-0.3585,0.1889,,,0,3
MELI261009C02140000,MELI,2026-10-09,16,C,2140.0,17.16,1826.58,0.0,6.6,4.57,4.57,,0.4244,0.0336,0.0005,-0.3115,0.3015,2.7503,3.5,0,24
MELI261009P02140000,MELI,2026-10-09,16,P,2140.0,17.16,1826.58,296.8,328.0,312.4,0.0,10.0,0.0,-0.9847,0.0006,-0.318,0.1504,,,0,0
MELI261009C02150000,MELI,2026-10-09,16,C,2150.0,17.71,1826.58,0.0,10.0,1.8,1.8,,0.4726,0.0305,0.0004,-0.2886,0.2789,4.2388,4.7,0,28
MELI261009P02150000,MELI,2026-10-09,16,P,2150.0,17.71,1826.58,306.7,337.9,322.3,193.77,9.7,0.0,-0.9877,0.0005,-0.2756,0.123,,,0,6
MELI261009C02160000,MELI,2026-10-09,16,C,2160.0,18.25,1826.58,0.0,18.3,3.26,3.26,,0.555,0.0277,0.0004,-0.2677,0.2582,7.942,6.9,0,12
MELI261009P02160000,MELI,2026-10-09,16,P,2160.0,18.25,1826.58,316.6,348.8,332.7,181.65,9.7,0.3922,-0.9904,0.0004,-0.255,0.0943,330.9447,98.0,0,1
MELI261009C02170000,MELI,2026-10-09,16,C,2170.0,18.8,1826.58,0.0,18.2,8.08,8.08,,0.5655,0.0253,0.0004,-0.2486,0.2388,7.8877,6.7,0,3
MELI261009P02170000,MELI,2026-10-09,16,P,2170.0,18.8,1826.58,326.7,358.3,342.5,238.02,9.2,0.0,-0.9927,0.0003,-0.249,0.0561,,,0,0
MELI261009C02180000,MELI,2026-10-09,16,C,2180.0,19.35,1826.58,0.0,5.0,5.7,5.7,,0.4412,0.023,0.0004,-0.2312,0.2212,2.0563,2.6,0,17
MELI261009P02180000,MELI,2026-10-09,16,P,2180.0,19.35,1826.58,336.7,368.6,352.65,256.0,9.0,0.4012,-0.9947,0.0003,-0.2416,0.0488,350.7295,98.3,0,0
MELI261009C02190000,MELI,2026-10-09,16,C,2190.0,19.9,1826.58,0.0,16.5,5.3,5.3,,0.5742,0.0211,0.0003,-0.2153,0.2053,7.1154,6.0,0,13
MELI261009P02190000,MELI,2026-10-09,16,P,2190.0,19.9,1826.58,346.7,378.3,362.5,0.0,8.7,0.0,-0.9961,0.0002,-0.2252,0.0372,,,0,0
MELI261009C02200000,MELI,2026-10-09,16,C,2200.0,20.44,1826.58,0.0,5.0,1.4,1.4,,0.4598,0.0193,0.0003,-0.2007,0.1908,2.0532,2.5,0,109
MELI261009P02200000,MELI,2026-10-09,16,P,2200.0,20.44,1826.58,356.7,387.6,372.15,0.0,8.3,0.0,-0.9973,0.0002,-0.2104,0.0308,,,0,0
MELI261009C02210000,MELI,2026-10-09,16,C,2210.0,20.99,1826.58,0.0,17.8,8.0,8.0,,0.6066,0.0177,0.0003,-0.1874,0.1775,7.6931,6.1,0,9
MELI261009P02210000,MELI,2026-10-09,16,P,2210.0,20.99,1826.58,366.7,398.3,382.5,0.0,8.3,0.0,-0.9981,0.0001,-0.2041,0.0213,,,0,0
MELI261009C02220000,MELI,2026-10-09,16,C,2220.0,21.54,1826.58,0.0,17.7,4.5,4.5,,0.6166,0.0163,0.0002,-0.1752,0.1651,7.646,5.9,0,5
MELI261009P02220000,MELI,2026-10-09,16,P,2220.0,21.54,1826.58,376.7,407.6,392.15,0.0,7.9,0.0,-0.9986,0.0001,-0.2041,0.0065,,,0,0
MELI261009C02230000,MELI,2026-10-09,16,C,2230.0,22.09,1826.58,0.0,17.6,1.95,1.95,,0.6264,0.015,0.0002,-0.1639,0.1537,7.5944,5.8,0,4
MELI261009P02230000,MELI,2026-10-09,16,P,2230.0,22.09,1826.58,386.7,418.3,402.5,0.0,7.9,0.0,-0.9991,0.0001,-0.2041,0.0,,,0,0
MELI261009C02240000,MELI,2026-10-09,16,C,2240.0,22.63,1826.58,0.0,17.6,6.8,6.8,,0.637,0.0138,0.0002,-0.1536,0.1434,7.5914,5.7,0,15
MELI261009P02240000,MELI,2026-10-09,16,P,2240.0,22.63,1826.58,396.9,428.3,412.6,0.0,7.6,0.4393,-0.9994,0.0,-0.2041,0.0,410.4054,98.8,0,0
MELI261009C02250000,MELI,2026-10-09,16,C,2250.0,23.18,1826.58,0.0,17.5,6.3,6.3,,0.6466,0.0128,0.0002,-0.1441,0.134,7.5406,5.5,0,4
MELI261009P02250000,MELI,2026-10-09,16,P,2250.0,23.18,1826.58,406.7,438.3,422.5,0.0,7.5,0.0,-0.9996,0.0,-0.2041,0.0,,,0,0
MELI261009C02260000,MELI,2026-10-09,16,C,2260.0,23.73,1826.58,0.0,17.5,5.9,5.9,,0.657,0.0118,0.0002,-0.1354,0.1253,7.5371,5.4,0,16
MELI261009P02260000,MELI,2026-10-09,16,P,2260.0,23.73,1826.58,416.7,448.3,432.5,0.0,7.3,0.0,-0.9999,0.0,-0.2041,0.0,,,0,0
MELI261009C02270000,MELI,2026-10-09,16,C,2270.0,24.28,1826.58,0.0,10.2,5.0,5.0,,0.5951,0.0109,0.0002,-0.1273,0.1173,4.2985,3.7,0,26
MELI261009P02270000,MELI,2026-10-09,16,P,2270.0,24.28,1826.58,426.7,458.3,442.5,0.0,7.1,0.0,-1.0,0.0,-0.2041,0.0,,,0,0
MELI261009C02280000,MELI,2026-10-09,16,C,2280.0,24.82,1826.58,0.0,17.4,4.8,4.8,,0.6766,0.0101,0.0002,-0.1198,0.1098,7.4821,5.2,0,10
MELI261009P02280000,MELI,2026-10-09,16,P,2280.0,24.82,1826.58,436.9,467.2,452.05,342.2,6.7,0.0,-1.0,0.0,-0.2041,0.0,,,0,0
MELI261016C01380000,MELI,2026-10-16,23,C,1380.0,-24.45,1826.58,437.7,468.6,453.15,530.95,6.8,0.5244,0.9828,0.0002,-0.1626,0.2024,451.2302,98.1,0,13
MELI261016P01380000,MELI,2026-10-16,23,P,1380.0,-24.45,1826.58,0.0,3.2,0.8,0.8,,0.5398,-0.0173,0.0002,-0.2115,0.2029,1.4354,2.2,0,18
MELI261016C01400000,MELI,2026-10-16,23,C,1400.0,-23.35,1826.58,417.9,448.9,433.4,404.1,7.2,0.511,0.9807,0.0002,-0.1805,0.2236,431.4526,97.9,2,3
MELI261016P01400000,MELI,2026-10-16,23,P,1400.0,-23.35,1826.58,0.0,1.6,0.85,0.85,,0.4676,-0.0194,0.0002,-0.2274,0.224,0.7112,1.3,1,246
MELI261016C01420000,MELI,2026-10-16,23,C,1420.0,-22.26,1826.58,398.1,429.1,413.6,617.0,7.5,0.4941,0.9782,0.0002,-0.2005,0.2481,411.631,97.7,0,2
MELI261016P01420000,MELI,2026-10-16,23,P,1420.0,-22.26,1826.58,0.0,10.0,4.81,4.81,,0.601,-0.0219,0.0002,-0.2453,0.249,4.5855,5.4,0,18
MELI261016C01440000,MELI,2026-10-16,23,C,1440.0,-21.16,1826.58,378.4,409.5,393.95,410.37,7.9,0.4828,0.9753,0.0002,-0.2231,0.2758,391.947,97.3,0,7
MELI261016P01440000,MELI,2026-10-16,23,P,1440.0,-21.16,1826.58,0.0,5.0,5.13,5.13,,0.5042,-0.0248,0.0002,-0.2659,0.2771,2.2699,3.3,0,19
MELI261016C01450000,MELI,2026-10-16,23,C,1450.0,-20.62,1826.58,368.6,399.6,384.1,529.8,8.1,0.4755,0.9736,0.0003,-0.2356,0.2913,382.0824,97.1,0,10
MELI261016P01450000,MELI,2026-10-16,23,P,1450.0,-20.62,1826.58,0.0,18.4,2.24,2.24,,0.6408,-0.0265,0.0003,-0.2775,0.2923,8.5403,8.5,0,53
MELI261016C01460000,MELI,2026-10-16,23,C,1460.0,-20.07,1826.58,358.8,389.8,374.3,440.3,8.3,0.4698,0.9718,0.0003,-0.249,0.3083,372.2664,96.9,0,5
MELI261016P01460000,MELI,2026-10-16,23,P,1460.0,-20.07,1826.58,0.05,3.8,1.925,4.2,194.8,0.459,-0.0284,0.0003,-0.2899,0.309,1.7445,2.8,0,15
MELI261016C01480000,MELI,2026-10-16,23,C,1480.0,-18.97,1826.58,339.3,370.3,354.8,421.8,8.7,0.4601,0.9675,0.0003,-0.2792,0.3471,352.7272,96.3,0,3
MELI261016P01480000,MELI,2026-10-16,23,P,1480.0,-18.97,1826.58,0.0,5.0,2.07,2.07,,0.4553,-0.0327,0.0003,-0.3181,0.3481,2.2799,3.5,0,10
MELI261016C01500000,MELI,2026-10-16,23,C,1500.0,-17.88,1826.58,319.4,350.8,335.1,466.7,9.4,0.4426,0.9622,0.0004,-0.3145,0.3921,333.004,95.9,0,8
MELI261016P01500000,MELI,2026-10-16,23,P,1500.0,-17.88,1826.58,0.0,5.0,4.1,4.1,,0.4311,-0.038,0.0004,-0.3517,0.3938,2.2846,3.7,0,136
MELI261016C01520000,MELI,2026-10-16,23,C,1520.0,-16.78,1826.58,300.5,331.6,316.05,360.0,9.8,0.4403,0.9557,0.0004,-0.3561,0.4454,313.8897,94.8,0,9
MELI261016P01520000,MELI,2026-10-16,23,P,1520.0,-16.78,1826.58,1.45,4.0,2.725,4.67,93.6,0.4136,-0.0445,0.0004,-0.3914,0.4462,2.5017,4.1,0,59
MELI261016C01540000,MELI,2026-10-16,23,C,1540.0,-15.69,1826.58,281.2,312.4,296.8,428.1,10.5,0.4297,0.9477,0.0005,-0.405,0.5087,294.5971,94.0,0,9
MELI261016P01540000,MELI,2026-10-16,23,P,1540.0,-15.69,1826.58,0.0,9.2,4.3,4.3,,0.4323,-0.0526,0.0005,-0.4385,0.512,4.2613,6.2,3,71
MELI261016C01550000,MELI,2026-10-16,23,C,1550.0,-15.14,1826.58,271.8,302.9,287.35,416.9,10.8,0.4268,0.943,0.0006,-0.4325,0.5436,285.1151,93.4,0,12
MELI261016P01550000,MELI,2026-10-16,23,P,1550.0,-15.14,1826.58,2.6,10.4,6.5,4.0,120.0,0.4566,-0.0573,0.0006,-0.4652,0.5457,6.2496,8.1,3,106
MELI261016C01560000,MELI,2026-10-16,23,C,1560.0,-14.59,1826.58,262.3,293.5,277.9,379.33,11.2,0.4231,0.9379,0.0006,-0.462,0.5815,275.6415,92.7,0,8
MELI261016P01560000,MELI,2026-10-16,23,P,1560.0,-14.59,1826.58,1.0,9.4,5.2,5.22,161.5,0.4175,-0.0625,0.0006,-0.4939,0.5828,4.8367,7.0,1,65
MELI261016C01580000,MELI,2026-10-16,23,C,1580.0,-13.5,1826.58,246.1,268.4,257.25,237.5,8.7,0.3841,0.9258,0.0007,-0.5277,0.6666,255.0274,93.1,0,41
MELI261016P01580000,MELI,2026-10-16,23,P,1580.0,-13.5,1826.58,0.0,8.8,7.0,7.0,,0.3768,-0.0746,0.0007,-0.5579,0.6711,4.0943,6.5,2,72
MELI261016C01600000,MELI,2026-10-16,23,C,1600.0,-12.4,1826.58,225.7,255.0,240.35,214.0,12.2,0.404,0.9113,0.0008,-0.6022,0.7616,237.9821,90.0,2,44
MELI261016P01600000,MELI,2026-10-16,23,P,1600.0,-12.4,1826.58,4.9,12.2,8.55,7.9,85.4,0.4134,-0.0893,0.0008,-0.631,0.7633,8.05,10.6,4,403
MELI261016C01620000,MELI,2026-10-16,23,C,1620.0,-11.31,1826.58,211.6,234.1,222.85,322.45,10.1,0.4056,0.8938,0.001,-0.6849,0.8682,220.3921,87.5,0,15
MELI261016P01620000,MELI,2026-10-16,23,P,1620.0,-11.31,1826.58,0.05,18.0,9.025,10.92,198.9,0.3907,-0.1068,0.001,-0.7123,0.8728,8.5266,11.5,1,66
MELI261016C01640000,MELI,2026-10-16,23,C,1640.0,-10.21,1826.58,189.0,219.2,204.1,185.37,14.8,0.389,0.8732,0.0011,-0.7747,0.983,201.6284,86.0,0,24
MELI261016P01640000,MELI,2026-10-16,23,P,1640.0,-10.21,1826.58,1.05,19.9,10.475,13.37,180.0,0.3781,-0.1276,0.0011,-0.8008,0.9849,9.9418,13.3,1,92
MELI261016C01650000,MELI,2026-10-16,23,C,1650.0,-9.67,1826.58,180.3,212.0,196.15,194.43,16.2,0.394,0.8617,0.0012,-0.8216,1.0436,193.6148,84.2,0,39
MELI261016P01650000,MELI,2026-10-16,23,P,1650.0,-9.67,1826.58,5.0,20.0,12.5,12.9,120.0,0.3841,-0.1392,0.0012,-0.8471,1.0502,11.9094,15.1,6,125
MELI261016C01660000,MELI,2026-10-16,23,C,1660.0,-9.12,1826.58,177.3,203.2,190.25,161.3,13.6,0.4153,0.8493,0.0013,-0.8696,1.1043,187.6104,81.3,0,22
MELI261016P01660000,MELI,2026-10-16,23,P,1660.0,-9.12,1826.58,10.9,16.8,13.85,14.41,42.6,0.3815,-0.1517,0.0013,-0.8945,1.1083,13.2214,16.4,1,113
MELI261016C01670000,MELI,2026-10-16,23,C,1670.0,-8.57,1826.58,163.5,193.9,178.7,0.0,17.0,0.3852,0.836,0.0014,-0.9182,1.1664,176.1314,81.7,0,0
MELI261016P01670000,MELI,2026-10-16,23,P,1670.0,-8.57,1826.58,12.4,18.0,15.2,18.65,36.8,0.3779,-0.1651,0.0014,-0.9426,1.1688,14.5455,17.8,8,12
MELI261016C01680000,MELI,2026-10-16,23,C,1680.0,-8.02,1826.58,157.0,186.9,171.95,188.3,17.4,0.3956,0.8219,0.0014,-0.967,1.2296,169.3,79.3,0,6
MELI261016P01680000,MELI,2026-10-16,23,P,1680.0,-8.02,1826.58,6.8,19.5,13.15,19.33,96.6,0.3436,-0.1793,0.0014,-0.9908,1.2381,12.5874,17.0,0,84
MELI261016C01690000,MELI,2026-10-16,23,C,1690.0,-7.48,1826.58,147.2,177.7,162.45,161.7,18.8,0.3824,0.8069,0.0015,-1.0156,1.2915,159.8201,78.5,0,2
MELI261016P01690000,MELI,2026-10-16,23,P,1690.0,-7.48,1826.58,15.1,22.0,18.55,17.7,37.2,0.373,-0.1944,0.0015,-1.039,1.2966,17.8324,20.9,39,4
MELI261016C01700000,MELI,2026-10-16,23,C,1700.0,-6.93,1826.58,140.0,169.8,154.9,156.47,19.2,0.3836,0.7911,0.0016,-1.0637,1.3528,152.2416,76.5,0,88
MELI261016P01700000,MELI,2026-10-16,23,P,1700.0,-6.93,1826.58,19.5,26.4,22.95,19.6,30.1,0.3893,-0.2104,0.0016,-1.0866,1.356,22.1301,23.8,108,156
MELI261016C01710000,MELI,2026-10-16,23,C,1710.0,-6.38,1826.58,131.2,163.1,147.15,164.95,21.7,0.3819,0.7745,0.0017,-1.1107,1.414,144.4685,74.7,0,2
MELI261016P01710000,MELI,2026-10-16,23,P,1710.0,-6.38,1826.58,12.1,38.7,25.4,22.3,104.7,0.389,-0.2271,0.0017,-1.1332,1.4206,24.5597,25.7,1,19
MELI261016C01720000,MELI,2026-10-16,23,C,1720.0,-5.83,1826.58,128.7,154.2,141.45,307.8,18.0,0.393,0.757,0.0017,-1.1563,1.4726,138.709,72.1,0,25
MELI261016P01720000,MELI,2026-10-16,23,P,1720.0,-5.83,1826.58,20.5,41.4,30.95,24.7,67.5,0.408,-0.2448,0.0018,-1.1783,1.4783,29.9862,28.8,10,83
MELI261016C01730000,MELI,2026-10-16,23,C,1730.0,-5.29,1826.58,120.8,147.2,134.0,120.42,19.7,0.3906,0.7388,0.0018,-1.1999,1.5284,131.2567,70.2,0,2
MELI261016P01730000,MELI,2026-10-16,23,P,1730.0,-5.29,1826.58,12.6,40.0,26.3,27.5,104.2,0.358,-0.2631,0.0018,-1.2215,1.532,25.5017,27.8,1,23
MELI261016C01740000,MELI,2026-10-16,23,C,1740.0,-4.74,1826.58,114.1,141.3,127.7,149.4,21.3,0.3943,0.7199,0.0019,-1.2412,1.5825,124.9313,68.0,0,18
MELI261016P01740000,MELI,2026-10-16,23,P,1740.0,-4.74,1826.58,20.3,46.7,33.5,37.42,78.8,0.3854,-0.2822,0.0019,-1.2625,1.5859,32.5879,31.6,0,78
MELI261016C01745000,MELI,2026-10-16,23,C,1745.0,-4.47,1826.58,110.1,136.6,123.35,0.0,21.5,0.3881,0.7102,0.0019,-1.2608,1.6083,120.5876,67.2,0,0
MELI261016P01745000,MELI,2026-10-16,23,P,1745.0,-4.47,1826.58,21.5,48.8,35.15,0.0,77.7,0.3855,-0.292,0.0019,-1.2818,1.6151,34.2048,32.6,0,0
MELI261016C01750000,MELI,2026-10-16,23,C,1750.0,-4.19,1826.58,107.1,134.3,120.7,99.9,22.5,0.3922,0.7004,0.002,-1.2796,1.6329,117.9192,66.0,0,35
MELI261016P01750000,MELI,2026-10-16,23,P,1750.0,-4.19,1826.58,27.9,49.7,38.8,38.25,56.2,0.3976,-0.302,0.002,-1.3004,1.6382,37.8024,34.3,0,92
MELI261016C01755000,MELI,2026-10-16,23,C,1755.0,-3.92,1826.58,103.7,129.8,116.75,0.0,22.4,0.3881,0.6903,0.002,-1.2976,1.6564,113.9886,65.1,0,0
MELI261016P01755000,MELI,2026-10-16,23,P,1755.0,-3.92,1826.58,24.6,51.2,37.9,0.0,70.2,0.3817,-0.3121,0.002,-1.3183,1.6605,36.9514,34.6,0,0
MELI261016C01760000,MELI,2026-10-16,23,C,1760.0,-3.65,1826.58,100.4,127.2,113.8,102.1,23.6,0.3897,0.6802,0.002,-1.3148,1.6789,111.0337,63.9,0,60
MELI261016P01760000,MELI,2026-10-16,23,P,1760.0,-3.65,1826.58,24.0,52.9,38.45,39.34,75.2,0.3744,-0.3224,0.002,-1.3353,1.6822,37.5071,35.4,0,27
MELI261016C01765000,MELI,2026-10-16,23,C,1765.0,-3.37,1826.58,96.9,124.0,110.45,0.0,24.5,0.3886,0.6698,0.002,-1.3311,1.7006,107.6889,62.9,0,0
MELI261016P01765000,MELI,2026-10-16,23,P,1765.0,-3.37,1826.58,27.9,50.5,39.2,0.0,57.7,0.3683,-0.3328,0.0021,-1.3515,1.7031,38.2879,36.2,0,0
MELI261016C01770000,MELI,2026-10-16,23,C,1770.0,-3.1,1826.58,92.0,120.7,106.35,119.95,27.0,0.3829,0.6594,0.0021,-1.3465,1.7214,103.6177,62.0,0,6
MELI261016P01770000,MELI,2026-10-16,23,P,1770.0,-3.1,1826.58,29.9,57.1,43.5,52.41,62.5,0.3826,-0.3433,0.0021,-1.3668,1.7243,42.5313,38.0,1,16
MELI261016C01775000,MELI,2026-10-16,23,C,1775.0,-2.82,1826.58,90.4,116.8,103.6,0.0,25.5,0.3847,0.6488,0.0021,-1.3609,1.741,100.8606,60.8,0,0
MELI261016P01775000,MELI,2026-10-16,23,P,1775.0,-2.82,1826.58,36.0,54.1,45.05,46.5,40.2,0.3804,-0.354,0.0021,-1.381,1.7464,44.0784,39.0,0,1
MELI261016C01780000,MELI,2026-10-16,23,C,1780.0,-2.55,1826.58,84.8,112.5,98.65,96.7,28.1,0.3736,0.6382,0.0021,-1.3742,1.7592,95.9428,60.1,0,76
MELI261016P01780000,MELI,2026-10-16,23,P,1780.0,-2.55,1826.58,30.7,59.8,45.25,52.0,64.3,0.3702,-0.3648,0.0022,-1.3941,1.7631,44.297,39.8,1,79
MELI261016C01785000,MELI,2026-10-16,23,C,1785.0,-2.28,1826.58,84.5,106.8,95.65,92.84,23.3,0.3735,0.6274,0.0022,-1.3865,1.776,92.9579,58.9,126,0
MELI261016P01785000,MELI,2026-10-16,23,P,1785.0,-2.28,1826.58,36.0,58.0,47.0,51.62,46.8,0.3687,-0.3757,0.0022,-1.4062,1.7789,46.0504,40.9,2,1
MELI261016C01790000,MELI,2026-10-16,23,C,1790.0,-2.0,1826.58,81.2,106.7,93.95,75.33,27.1,0.3803,0.6165,0.0022,-1.3978,1.7915,91.2415,57.6,0,23
MELI261016P01790000,MELI,2026-10-16,23,P,1790.0,-2.0,1826.58,36.8,63.9,50.35,61.59,53.8,0.3758,-0.3868,0.0022,-1.4173,1.7937,49.3655,42.3,1,49
MELI261016C01795000,MELI,2026-10-16,23,C,1795.0,-1.73,1826.58,78.1,105.4,91.75,81.6,29.8,0.3839,0.6055,0.0022,-1.4079,1.8058,89.0368,56.3,2,0
MELI261016P01795000,MELI,2026-10-16,23,P,1795.0,-1.73,1826.58,40.0,62.2,51.1,0.0,43.4,0.3681,-0.3979,0.0022,-1.4274,1.8072,50.143,43.3,0,0
MELI261016C01800000,MELI,2026-10-16,23,C,1800.0,-1.46,1826.58,74.6,100.7,87.65,75.83,29.8,0.3767,0.5944,0.0022,-1.4169,1.8188,84.9732,55.3,5,152
MELI261016P01800000,MELI,2026-10-16,23,P,1800.0,-1.46,1826.58,42.3,68.7,55.5,61.15,47.6,0.3802,-0.4091,0.0022,-1.4364,1.8198,54.4857,44.7,5,152
MELI261016C01805000,MELI,2026-10-16,23,C,1805.0,-1.18,1826.58,70.2,98.1,84.15,0.0,33.2,0.3726,0.5833,0.0022,-1.4247,1.8305,81.5068,54.3,0,0
MELI261016P01805000,MELI,2026-10-16,23,P,1805.0,-1.18,1826.58,44.2,66.5,55.35,0.0,40.3,0.3671,-0.4203,0.0022,-1.4441,1.8329,54.3971,45.6,0,0
MELI261016C01810000,MELI,2026-10-16,23,C,1810.0,-0.91,1826.58,71.4,92.8,82.1,72.19,26.1,0.376,0.572,0.0022,-1.4314,1.8408,79.4423,53.0,10,82
MELI261016P01810000,MELI,2026-10-16,23,P,1810.0,-0.91,1826.58,46.4,68.7,57.55,66.52,38.7,0.3664,-0.4317,0.0023,-1.4504,1.8419,56.5754,46.8,20,82
MELI261016C01815000,MELI,2026-10-16,23,C,1815.0,-0.63,1826.58,66.1,90.0,78.05,76.02,30.6,0.3684,0.5608,0.0023,-1.4368,1.8494,75.45,52.0,0,0
MELI261016P01815000,MELI,2026-10-16,23,P,1815.0,-0.63,1826.58,49.4,65.2,57.3,67.51,27.6,0.3523,-0.4431,0.0023,-1.4556,1.8499,56.3861,47.8,2,0
MELI261016C01820000,MELI,2026-10-16,23,C,1820.0,-0.36,1826.58,63.5,86.0,74.75,76.9,30.1,0.3645,0.5495,0.0023,-1.441,1.8566,72.178,50.8,5,100
MELI261016P01820000,MELI,2026-10-16,23,P,1820.0,-0.36,1826.58,51.0,77.1,64.05,70.15,40.7,0.3756,-0.4546,0.0023,-1.4597,1.8562,63.034,49.3,6,26
MELI261016C01825000,MELI,2026-10-16,23,C,1825.0,-0.09,1826.58,61.4,80.9,71.15,0.0,27.4,0.3587,0.5381,0.0023,-1.444,1.8624,68.6145,49.7,0,0
MELI261016P01825000,MELI,2026-10-16,23,P,1825.0,-0.09,1826.58,53.3,78.7,66.0,73.65,38.5,0.3728,-0.4661,0.0023,-1.4627,1.8615,65.0107,50.4,2,0
MELI261016C01830000,MELI,2026-10-16,23,C,1830.0,0.19,1826.58,58.8,84.8,71.8,66.6,36.2,0.3754,0.5267,0.0023,-1.4458,1.8667,69.2163,48.4,5,47
MELI261016P01830000,MELI,2026-10-16,23,P,1830.0,0.19,1826.58,54.8,81.8,68.3,66.2,39.5,0.3715,-0.4776,0.0023,-1.4645,1.8655,67.3171,51.6,3,25
MELI261016C01835000,MELI,2026-10-16,23,C,1835.0,0.46,1826.58,56.5,73.7,65.1,0.0,26.4,0.3524,0.5153,0.0023,-1.4463,1.8695,62.6253,47.3,0,0
MELI261016P01835000,MELI,2026-10-16,23,P,1835.0,0.46,1826.58,58.3,80.4,69.35,0.0,31.9,0.3632,-0.4892,0.0023,-1.465,1.8677,68.401,52.7,0,0
MELI261016C01840000,MELI,2026-10-16,23,C,1840.0,0.73,1826.58,53.9,80.2,67.05,71.0,39.2,0.3754,0.5039,0.0023,-1.4456,1.8708,64.5038,46.1,3,108
MELI261016P01840000,MELI,2026-10-16,23,P,1840.0,0.73,1826.58,62.6,85.4,74.0,94.55,30.8,0.3738,-0.5007,0.0023,-1.4639,1.8673,72.9992,53.9,0,34
MELI261016C01845000,MELI,2026-10-16,23,C,1845.0,1.01,1826.58,51.7,74.5,63.1,63.95,36.1,0.3666,0.4925,0.0023,-1.4436,1.8705,60.6246,44.9,1,0
MELI261016P01845000,MELI,2026-10-16,23,P,1845.0,1.01,1826.58,63.9,80.4,72.15,0.0,22.9,0.3493,-0.5123,0.0023,-1.4619,1.8665,71.2379,55.2,0,0
MELI261016C01850000,MELI,2026-10-16,23,C,1850.0,1.28,1826.58,49.4,74.8,62.1,48.8,40.9,0.3732,0.4811,0.0023,-1.4405,1.8689,59.6181,43.8,1,62
MELI261016P01850000,MELI,2026-10-16,23,P,1850.0,1.28,1826.58,66.2,92.4,79.3,94.88,33.0,0.3728,-0.5239,0.0023,-1.4586,1.8643,78.3079,56.2,0,26
MELI261016C01855000,MELI,2026-10-16,23,C,1855.0,1.56,1826.58,47.2,69.9,58.55,57.51,38.8,0.3659,0.4697,0.0023,-1.4361,1.8657,56.1321,42.6,6,2
MELI261016P01855000,MELI,2026-10-16,23,P,1855.0,1.56,1826.58,68.9,91.0,79.95,0.0,27.6,0.3611,-0.5355,0.0023,-1.4541,1.8606,79.0083,57.5,0,0
MELI261016C01860000,MELI,2026-10-16,23,C,1860.0,1.83,1826.58,45.0,71.3,58.15,56.77,45.2,0.3751,0.4583,0.0023,-1.4305,1.861,55.7066,41.6,5,82
MELI261016P01860000,MELI,2026-10-16,23,P,1860.0,1.83,1826.58,71.0,97.9,84.45,80.9,31.9,0.3698,-0.547,0.0023,-1.4486,1.8558,83.4818,58.5,2,104
MELI261016C01865000,MELI,2026-10-16,23,C,1865.0,2.1,1826.58,43.0,68.1,55.55,53.38,45.2,0.3723,0.447,0.0023,-1.4238,1.8546,53.1543,40.4,126,0
MELI261016P01865000,MELI,2026-10-16,23,P,1865.0,2.1,1826.58,73.9,99.4,86.65,0.0,29.4,0.3658,-0.5585,0.0023,-1.4419,1.8481,85.704,59.7,0,0
MELI261016C01870000,MELI,2026-10-16,23,C,1870.0,2.38,1826.58,40.5,67.1,53.8,40.93,49.4,0.3737,0.4357,0.0023,-1.4158,1.8468,51.4182,39.3,0,29
MELI261016P01870000,MELI,2026-10-16,23,P,1870.0,2.38,1826.58,77.3,104.2,90.75,101.34,29.6,0.3718,-0.57,0.0023,-1.4337,1.8373,89.7885,60.7,0,17
MELI261016C01880000,MELI,2026-10-16,23,C,1880.0,2.92,1826.58,42.3,59.7,51.0,46.73,34.1,0.3796,0.4133,0.0023,-1.3965,1.8272,48.6535,37.3,7,111
MELI261016P01880000,MELI,2026-10-16,23,P,1880.0,2.92,1826.58,83.4,108.5,95.95,99.19,26.2,0.3665,-0.5928,0.0023,-1.4143,1.8173,95.0093,63.0,2,72
MELI261016C01890000,MELI,2026-10-16,23,C,1890.0,3.47,1826.58,38.6,56.0,47.3,41.92,36.8,0.3795,0.3911,0.0022,-1.3729,1.8022,45.0191,35.2,4,67
MELI261016P01890000,MELI,2026-10-16,23,P,1890.0,3.47,1826.58,90.0,115.1,102.55,105.44,24.5,0.3677,-0.6153,0.0023,-1.3906,1.7906,101.6118,65.1,0,64
MELI261016C01900000,MELI,2026-10-16,23,C,1900.0,4.02,1826.58,29.2,50.0,39.6,42.7,52.5,0.3557,0.3694,0.0022,-1.3452,1.7712,37.5187,32.4,9,193
MELI261016P01900000,MELI,2026-10-16,23,P,1900.0,4.02,1826.58,96.8,122.0,109.4,108.0,23.0,0.3692,-0.6375,0.0022,-1.3629,1.7523,108.4702,67.2,1,55
MELI261016C01910000,MELI,2026-10-16,23,C,1910.0,4.57,1826.58,25.4,52.9,39.15,39.0,70.2,0.3715,0.348,0.0022,-1.3137,1.7355,37.0462,30.9,2,53
MELI261016P01910000,MELI,2026-10-16,23,P,1910.0,4.57,1826.58,103.2,130.3,116.75,127.84,23.2,0.3724,-0.6593,0.0022,-1.3314,1.717,115.8097,69.1,0,140
MELI261016C01920000,MELI,2026-10-16,23,C,1920.0,5.11,1826.58,23.1,49.9,36.5,28.47,73.4,0.374,0.3272,0.0021,-1.2788,1.6957,34.4723,29.1,2,140
MELI261016P01920000,MELI,2026-10-16,23,P,1920.0,5.11,1826.58,110.1,137.2,123.65,135.04,21.9,0.3719,-0.6806,0.0022,-1.2965,1.6749,122.7132,71.0,0,18
MELI261016C01930000,MELI,2026-10-16,23,C,1930.0,5.66,1826.58,22.3,40.1,31.2,33.03,57.1,0.3593,0.307,0.0021,-1.241,1.6507,29.3238,26.5,0,49
MELI261016P01930000,MELI,2026-10-16,23,P,1930.0,5.66,1826.58,112.5,144.2,128.35,91.58,24.7,0.3568,-0.7013,0.0021,-1.2588,1.6239,127.4899,73.6,0,23
MELI261016C01940000,MELI,2026-10-16,23,C,1940.0,6.21,1826.58,24.1,35.0,29.55,28.93,36.9,0.3655,0.2873,0.002,-1.2006,1.6021,27.7257,25.0,8,95
MELI261016P01940000,MELI,2026-10-16,23,P,1940.0,6.21,1826.58,119.9,151.5,135.7,96.81,23.3,0.3561,-0.7214,0.0021,-1.2183,1.5708,134.819,75.5,0,32
MELI261016C01950000,MELI,2026-10-16,23,C,1950.0,6.76,1826.58,9.4,31.0,20.2,25.95,106.9,0.3199,0.2684,0.002,-1.158,1.5511,18.7433,20.5,131,52
MELI261016P01950000,MELI,2026-10-16,23,P,1950.0,6.76,1826.58,126.8,158.9,142.85,165.2,22.5,0.353,-0.7408,0.002,-1.1754,1.5183,141.9839,77.4,0,36
MELI261016C01960000,MELI,2026-10-16,23,C,1960.0,7.3,1826.58,19.8,28.6,24.2,20.15,36.4,0.3618,0.2502,0.0019,-1.1138,1.4964,22.5572,21.4,1,35
MELI261016P01960000,MELI,2026-10-16,23,P,1960.0,7.3,1826.58,135.3,166.6,150.95,158.9,20.7,0.355,-0.7595,0.0019,-1.1312,1.4604,150.0768,79.0,0,27
MELI261016C01980000,MELI,2026-10-16,23,C,1980.0,8.4,1826.58,5.6,35.6,20.6,21.0,145.6,0.3655,0.2162,0.0017,-1.022,1.3817,19.0982,18.5,1,80
MELI261016P01980000,MELI,2026-10-16,23,P,1980.0,8.4,1826.58,150.6,182.1,166.35,122.5,18.9,0.3494,-0.7945,0.0018,-1.0386,1.3342,165.4401,82.5,0,25
MELI261016C02000000,MELI,2026-10-16,23,C,2000.0,9.49,1826.58,12.0,20.0,16.0,16.76,50.0,0.3572,0.1855,0.0016,-0.9288,1.2616,14.7068,15.2,31,181
MELI261016P02000000,MELI,2026-10-16,23,P,2000.0,9.49,1826.58,173.6,199.0,186.3,176.16,13.6,0.3757,-0.8263,0.0016,-0.9446,1.1943,185.3231,83.7,0,56
MELI261016C02020000,MELI,2026-10-16,23,C,2020.0,10.59,1826.58,11.0,16.0,13.5,14.0,37.0,0.3611,0.1583,0.0014,-0.837,1.1428,12.341,13.0,0,57
MELI261016P02020000,MELI,2026-10-16,23,P,2020.0,10.59,1826.58,189.7,216.1,202.9,215.83,13.0,0.372,-0.8546,0.0015,-0.8524,1.0744,201.8604,86.4,0,29
MELI261016C02040000,MELI,2026-10-16,23,C,2040.0,11.68,1826.58,8.4,13.8,11.1,9.6,48.6,0.3622,0.1345,0.0013,-0.7492,1.0253,10.0786,10.9,0,64
MELI261016P02040000,MELI,2026-10-16,23,P,2040.0,11.68,1826.58,203.6,227.9,215.75,232.67,11.3,0.3163,-0.8794,0.0014,-0.7636,0.9397,214.4072,91.9,0,25
MELI261016C02050000,MELI,2026-10-16,23,C,2050.0,12.23,1826.58,1.35,19.0,10.175,10.0,173.5,0.3641,0.1238,0.0012,-0.7073,0.9698,9.2133,10.0,128,97
MELI261016P02050000,MELI,2026-10-16,23,P,2050.0,12.23,1826.58,216.0,235.7,225.85,178.97,8.7,0.3282,-0.8907,0.0013,-0.7235,0.8783,224.49,92.1,0,16
MELI261016C02060000,MELI,2026-10-16,23,C,2060.0,12.78,1826.58,7.3,11.1,9.2,8.52,41.3,0.3646,0.114,0.0011,-0.6671,0.9154,8.3022,9.1,2,121
MELI261016P02060000,MELI,2026-10-16,23,P,2060.0,12.78,1826.58,221.0,252.1,236.55,257.9,13.1,0.3484,-0.9013,0.0012,-0.6863,0.818,235.2153,91.8,2,16
MELI261016C02080000,MELI,2026-10-16,23,C,2080.0,13.87,1826.58,5.7,8.8,7.25,8.55,42.8,0.3625,0.0965,0.001,-0.5919,0.8122,6.4898,7.4,2,59
MELI261016P02080000,MELI,2026-10-16,23,P,2080.0,13.87,1826.58,239.6,270.7,255.15,227.2,12.2,0.3473,-0.9198,0.0011,-0.6123,0.7028,253.609,93.4,0,3
MELI261016C02100000,MELI,2026-10-16,23,C,2100.0,14.97,1826.58,0.9,7.0,3.95,6.1,154.4,0.333,0.0816,0.0009,-0.524,0.7189,3.4656,4.6,8,438
MELI261016P02100000,MELI,2026-10-16,23,P,2100.0,14.97,1826.58,258.5,289.6,274.05,196.4,11.3,0.3452,-0.936,0.001,-0.553,0.5838,272.2533,94.8,0,17
MELI261016C02120000,MELI,2026-10-16,23,C,2120.0,16.06,1826.58,3.7,6.4,5.05,5.38,53.5,0.3698,0.0692,0.0008,-0.4637,0.6344,4.4655,5.2,0,69
MELI261016P02120000,MELI,2026-10-16,23,P,2120.0,16.06,1826.58,278.2,308.9,293.55,249.0,10.5,0.3505,-0.9492,0.0008,-0.4938,0.497,291.527,95.6,0,16
MELI261016C02140000,MELI,2026-10-16,23,C,2140.0,17.16,1826.58,0.0,4.7,3.89,3.89,,0.3338,0.0588,0.0007,-0.4104,0.5601,2.0274,2.9,0,16
MELI261016P02140000,MELI,2026-10-16,23,P,2140.0,17.16,1826.58,298.4,324.1,311.25,229.2,8.3,0.0,-0.9609,0.0007,-0.4471,0.3842,,,0,14
MELI261016C02150000,MELI,2026-10-16,23,C,2150.0,17.71,1826.58,2.6,6.5,4.55,2.8,85.7,0.3883,0.0542,0.0006,-0.3864,0.5257,4.01,4.5,1,47
MELI261016P02150000,MELI,2026-10-16,23,P,2150.0,17.71,1826.58,308.2,333.8,321.0,333.04,8.0,0.0,-0.9662,0.0007,-0.4216,0.3467,,,0,5
MELI261016C02160000,MELI,2026-10-16,23,C,2160.0,18.25,1826.58,1.65,8.5,5.075,4.54,135.0,0.4062,0.0501,0.0006,-0.3639,0.4938,4.4844,4.7,0,32
MELI261016P02160000,MELI,2026-10-16,23,P,2160.0,18.25,1826.58,316.9,348.0,332.45,245.6,9.4,0.0,-0.971,0.0007,-0.3976,0.3204,,,0,10
MELI261016C02180000,MELI,2026-10-16,23,C,2180.0,19.35,1826.58,0.75,6.9,3.825,3.64,160.8,0.4002,0.0428,0.0005,-0.3233,0.4369,3.3523,3.7,0,21
MELI261016P02180000,MELI,2026-10-16,23,P,2180.0,19.35,1826.58,336.7,367.8,352.25,275.6,8.8,0.0,-0.9788,0.0006,-0.325,0.2337,,,0,0
MELI261016C02200000,MELI,2026-10-16,23,C,2200.0,20.44,1826.58,0.7,4.5,2.6,2.55,146.2,0.3882,0.0368,0.0004,-0.2882,0.3863,2.2519,2.7,0,118
MELI261016P02200000,MELI,2026-10-16,23,P,2200.0,20.44,1826.58,356.6,387.6,372.1,202.8,8.3,0.0,-0.9854,0.0005,-0.2834,0.1442,,,0,0
MELI261016C02220000,MELI,2026-10-16,23,C,2220.0,21.54,1826.58,1.15,3.2,2.175,2.2,94.3,0.3916,0.0318,0.0004,-0.2576,0.3429,1.8721,2.2,0,64
MELI261016P02220000,MELI,2026-10-16,23,P,2220.0,21.54,1826.58,376.7,408.6,392.65,342.6,8.1,0.3889,-0.9909,0.0004,-0.2638,0.1139,389.6248,97.8,0,2
MELI261016C02240000,MELI,2026-10-16,23,C,2240.0,22.63,1826.58,0.1,4.2,2.15,1.91,190.7,0.4058,0.0276,0.0003,-0.2311,0.3054,1.8502,2.1,3,26
MELI261016P02240000,MELI,2026-10-16,23,P,2240.0,22.63,1826.58,396.7,428.3,412.5,369.1,7.7,0.0,-0.9945,0.0003,-0.2094,0.0714,,,0,0
MELI261016C02250000,MELI,2026-10-16,23,C,2250.0,23.18,1826.58,0.75,18.1,9.425,2.96,184.1,0.552,0.0258,0.0003,-0.2192,0.2882,8.4658,6.0,0,22
MELI261016P02250000,MELI,2026-10-16,23,P,2250.0,23.18,1826.58,406.7,438.2,422.45,241.2,7.5,0.0,-0.9958,0.0002,-0.1952,0.0509,,,0,0
MELI261016C02260000,MELI,2026-10-16,23,C,2260.0,23.73,1826.58,0.4,5.4,2.9,1.45,172.4,0.4422,0.0241,0.0003,-0.208,0.2721,2.5167,2.6,0,32
MELI261016P02260000,MELI,2026-10-16,23,P,2260.0,23.73,1826.58,416.7,448.3,432.5,381.8,7.3,0.0,-0.9967,0.0002,-0.1952,0.0225,,,0,1
MELI261016C02280000,MELI,2026-10-16,23,C,2280.0,24.82,1826.58,0.0,4.7,1.01,1.01,,0.4413,0.0211,0.0003,-0.1879,0.2436,2.0261,2.1,0,69
MELI261016P02280000,MELI,2026-10-16,23,P,2280.0,24.82,1826.58,436.7,467.6,452.15,406.2,6.8,0.0,-0.9983,0.0001,-0.1952,0.0,,,0,0
MELI261023C01380000,MELI,2026-10-23,30,C,1380.0,-24.45,1826.58,438.2,470.1,454.15,537.29,7.0,0.4488,0.9779,0.0002,-0.1626,0.2862,452.0918,98.4,0,2
MELI261023P01380000,MELI,2026-10-23,30,P,1380.0,-24.45,1826.58,0.0,5.0,2.77,2.77,,0.5111,-0.0223,0.0002,-0.2196,0.2866,2.3333,3.1,0,2
MELI261023C01400000,MELI,2026-10-23,30,C,1400.0,-23.35,1826.58,418.5,451.5,435.0,516.27,7.6,0.4649,0.9749,0.0002,-0.1842,0.3179,432.8833,97.5,0,2
MELI261023P01400000,MELI,2026-10-23,30,P,1400.0,-23.35,1826.58,0.15,1.6,0.875,1.4,165.7,0.4176,-0.0253,0.0002,-0.2388,0.3204,0.8104,1.4,314,2
MELI261023C01420000,MELI,2026-10-23,30,C,1420.0,-22.26,1826.58,398.3,431.5,414.9,436.9,8.0,0.4366,0.9714,0.0003,-0.2082,0.3544,412.7815,97.6,0,3
MELI261023P01420000,MELI,2026-10-23,30,P,1420.0,-22.26,1826.58,0.0,17.9,9.65,9.65,,0.6011,-0.0288,0.0003,-0.2606,0.3558,8.4721,8.2,0,1
MELI261023C01430000,MELI,2026-10-23,30,C,1430.0,-21.71,1826.58,388.5,421.2,404.85,0.0,8.1,0.4225,0.9694,0.0003,-0.2212,0.3748,402.7296,97.7,0,0
MELI261023P01430000,MELI,2026-10-23,30,P,1430.0,-21.71,1826.58,0.0,18.3,,0.0,,0.591,-0.0308,0.0003,-0.2725,0.3757,8.6698,8.4,0,0
MELI261023C01440000,MELI,2026-10-23,30,C,1440.0,-21.16,1826.58,379.3,411.1,395.2,472.8,8.0,0.4242,0.9673,0.0003,-0.2351,0.3966,393.0563,97.3,0,1
MELI261023P01440000,MELI,2026-10-23,30,P,1440.0,-21.16,1826.58,0.0,18.5,13.6,13.6,,0.5793,-0.0329,0.0003,-0.2852,0.3973,8.7695,8.6,0,1
MELI261023C01450000,MELI,2026-10-23,30,C,1450.0,-20.62,1826.58,369.1,401.4,385.25,0.0,8.4,0.4141,0.9649,0.0003,-0.2498,0.4196,383.0995,97.2,0,0
MELI261023P01450000,MELI,2026-10-23,30,P,1450.0,-20.62,1826.58,0.0,18.8,2.85,2.85,,0.5684,-0.0353,0.0003,-0.2987,0.4206,8.9224,8.8,0,176
MELI261023C01460000,MELI,2026-10-23,30,C,1460.0,-20.07,1826.58,359.6,391.7,375.65,0.0,8.5,0.4157,0.9624,0.0003,-0.2654,0.444,373.4772,96.8,0,0
MELI261023P01460000,MELI,2026-10-23,30,P,1460.0,-20.07,1826.58,0.0,19.0,9.5,9.5,,0.5567,-0.0379,0.0003,-0.3132,0.4477,9.0244,8.9,0,2
MELI261023C01470000,MELI,2026-10-23,30,C,1470.0,-19.52,1826.58,355.4,380.9,368.15,0.0,6.9,0.465,0.9596,0.0004,-0.282,0.4704,365.8574,94.4,0,0
MELI261023P01470000,MELI,2026-10-23,30,P,1470.0,-19.52,1826.58,0.0,19.1,,0.0,,0.5443,-0.0407,0.0004,-0.3287,0.4729,9.0791,9.1,0,0
MELI261023C01480000,MELI,2026-10-23,30,C,1480.0,-18.97,1826.58,340.2,372.5,356.35,0.0,9.1,0.4119,0.9565,0.0004,-0.2997,0.4989,354.1352,96.0,0,0
MELI261023P01480000,MELI,2026-10-23,30,P,1480.0,-18.97,1826.58,1.0,5.6,3.3,3.27,139.4,0.4227,-0.0438,0.0004,-0.3454,0.5008,3.1081,4.4,3,0
MELI261023C01490000,MELI,2026-10-23,30,C,1490.0,-18.43,1826.58,331.6,362.9,347.25,0.0,9.0,0.4214,0.9532,0.0004,-0.3184,0.5296,344.9905,95.1,0,0
MELI261023P01490000,MELI,2026-10-23,30,P,1490.0,-18.43,1826.58,0.0,19.8,5.4,5.4,,0.5229,-0.0471,0.0004,-0.363,0.5308,9.4301,9.6,0,6
MELI261023C01500000,MELI,2026-10-23,30,C,1500.0,-17.88,1826.58,321.0,353.4,337.2,319.4,9.6,0.4083,0.9496,0.0004,-0.3384,0.5621,334.9439,95.1,0,5
MELI261023P01500000,MELI,2026-10-23,30,P,1500.0,-17.88,1826.58,2.0,7.1,4.55,4.2,112.1,0.4269,-0.0508,0.0004,-0.3819,0.5631,4.3066,5.8,0,9
MELI261023C01510000,MELI,2026-10-23,30,C,1510.0,-17.33,1826.58,312.0,343.9,327.95,353.7,9.7,0.4116,0.9456,0.0005,-0.3597,0.5964,325.658,94.3,0,4
MELI261023P01510000,MELI,2026-10-23,30,P,1510.0,-17.33,1826.58,0.0,10.1,5.1,5.1,,0.4246,-0.0548,0.0005,-0.402,0.6011,4.7893,6.3,0,5
MELI261023C01520000,MELI,2026-10-23,30,C,1520.0,-16.78,1826.58,302.0,335.5,318.75,338.96,10.5,0.4139,0.9413,0.0005,-0.3822,0.6329,316.4155,93.5,0,2
MELI261023P01520000,MELI,2026-10-23,30,P,1520.0,-16.78,1826.58,0.0,11.0,7.16,7.16,,0.4206,-0.0591,0.0005,-0.4236,0.6365,5.2213,6.8,0,7
MELI261023C01530000,MELI,2026-10-23,30,C,1530.0,-16.24,1826.58,293.0,326.1,309.55,0.0,10.7,0.4149,0.9365,0.0006,-0.406,0.6723,307.1887,92.8,0,0
MELI261023P01530000,MELI,2026-10-23,30,P,1530.0,-16.24,1826.58,0.25,22.0,11.125,5.0,195.5,0.4855,-0.0639,0.0006,-0.4464,0.6747,10.6362,11.0,0,3
MELI261023C01540000,MELI,2026-10-23,30,C,1540.0,-15.69,1826.58,283.4,315.9,299.65,0.0,10.8,0.4039,0.9314,0.0006,-0.4312,0.7143,297.2812,92.6,0,0
MELI261023P01540000,MELI,2026-10-23,30,P,1540.0,-15.69,1826.58,0.0,22.7,,0.0,,0.4748,-0.0691,0.0006,-0.4706,0.716,10.8566,11.3,0,0
MELI261023C01550000,MELI,2026-10-23,30,C,1550.0,-15.14,1826.58,274.2,306.7,290.45,0.0,11.2,0.4033,0.9258,0.0006,-0.4578,0.7582,288.0547,91.8,0,0
MELI261023P01550000,MELI,2026-10-23,30,P,1550.0,-15.14,1826.58,0.0,23.3,,0.0,,0.4649,-0.0747,0.0006,-0.4962,0.7608,11.1548,11.7,0,0
MELI261023C01560000,MELI,2026-10-23,30,C,1560.0,-14.59,1826.58,265.0,297.5,281.25,414.2,11.6,0.4017,0.9197,0.0007,-0.4858,0.804,278.8334,91.0,0,1
MELI261023P01560000,MELI,2026-10-23,30,P,1560.0,-14.59,1826.58,0.0,21.2,10.5,10.5,,0.44,-0.0809,0.0007,-0.5232,0.8097,10.1543,11.2,0,2
MELI261023C01570000,MELI,2026-10-23,30,C,1570.0,-14.05,1826.58,256.0,288.5,272.25,0.0,11.9,0.4016,0.9131,0.0007,-0.5151,0.8526,269.8014,90.1,0,0
MELI261023P01570000,MELI,2026-10-23,30,P,1570.0,-14.05,1826.58,1.1,15.3,8.2,0.0,173.2,0.3988,-0.0875,0.0007,-0.5516,0.8565,7.8503,9.8,0,0
MELI261023C01580000,MELI,2026-10-23,30,C,1580.0,-13.5,1826.58,247.6,279.5,263.55,0.0,12.1,0.4039,0.9059,0.0008,-0.5458,0.9042,261.0681,88.9,0,0
MELI261023P01580000,MELI,2026-10-23,30,P,1580.0,-13.5,1826.58,2.2,15.9,9.05,10.5,151.4,0.3964,-0.0947,0.0008,-0.5813,0.9066,8.6723,10.6,1,2
MELI261023C01590000,MELI,2026-10-23,30,C,1590.0,-12.95,1826.58,244.1,269.2,256.65,0.0,9.8,0.4233,0.8982,0.0008,-0.5777,0.9577,254.0959,86.6,0,0
MELI261023P01590000,MELI,2026-10-23,30,P,1590.0,-12.95,1826.58,0.0,26.3,15.9,15.9,,0.4269,-0.1025,0.0008,-0.6122,0.9594,12.6518,13.6,0,2
MELI261023C01600000,MELI,2026-10-23,30,C,1600.0,-12.4,1826.58,229.7,261.9,245.8,0.0,13.1,0.4009,0.8899,0.0009,-0.6108,1.0123,243.2616,86.9,0,0
MELI261023P01600000,MELI,2026-10-23,30,P,1600.0,-12.4,1826.58,6.4,14.7,10.55,10.0,78.7,0.3874,-0.1109,0.0009,-0.6444,1.0196,10.1512,12.2,3,64
MELI261023C01610000,MELI,2026-10-23,30,C,1610.0,-11.86,1826.58,221.0,253.3,237.15,0.0,13.6,0.4003,0.881,0.0009,-0.6449,1.0692,234.5928,85.8,0,0
MELI261023P01610000,MELI,2026-10-23,30,P,1610.0,-11.86,1826.58,2.8,22.8,12.8,12.02,156.2,0.3965,-0.1199,0.0009,-0.6778,1.0741,12.3377,14.0,0,5
MELI261023C01620000,MELI,2026-10-23,30,C,1620.0,-11.31,1826.58,212.3,244.7,228.5,0.0,14.2,0.3986,0.8714,0.001,-0.68,1.1288,225.9167,84.7,0,0
MELI261023P01620000,MELI,2026-10-23,30,P,1620.0,-11.31,1826.58,3.5,23.7,13.6,13.37,148.5,0.3903,-0.1296,0.001,-0.712,1.1318,13.1213,14.8,0,5
MELI261023C01630000,MELI,2026-10-23,30,C,1630.0,-10.76,1826.58,203.7,236.2,219.95,0.0,14.8,0.3969,0.8611,0.001,-0.7159,1.1892,217.3462,83.5,0,0
MELI261023P01630000,MELI,2026-10-23,30,P,1630.0,-10.76,1826.58,5.5,17.7,11.6,16.88,105.2,0.3583,-0.1399,0.0011,-0.747,1.1922,11.1917,13.8,5,21
MELI261023C01640000,MELI,2026-10-23,30,C,1640.0,-10.21,1826.58,195.2,227.8,211.5,0.0,15.4,0.3951,0.8502,0.0011,-0.7524,1.2498,208.8748,82.2,0,0
MELI261023P01640000,MELI,2026-10-23,30,P,1640.0,-10.21,1826.58,10.4,30.3,20.35,15.5,97.8,0.4176,-0.1509,0.0011,-0.7827,1.2575,19.7297,19.3,5,12
MELI261023C01650000,MELI,2026-10-23,30,C,1650.0,-9.67,1826.58,186.8,219.4,203.1,199.06,16.1,0.3928,0.8386,0.0012,-0.7893,1.312,200.4554,80.9,0,9
MELI261023P01650000,MELI,2026-10-23,30,P,1650.0,-9.67,1826.58,6.6,23.8,15.2,19.63,113.2,0.3626,-0.1626,0.0012,-0.8189,1.3169,14.7246,16.9,1,31
MELI261023C01660000,MELI,2026-10-23,30,C,1660.0,-9.12,1826.58,178.6,211.2,194.9,0.0,16.7,0.3911,0.8264,0.0012,-0.8264,1.3753,192.2327,79.6,0,0
MELI261023P01660000,MELI,2026-10-23,30,P,1660.0,-9.12,1826.58,8.5,31.0,19.75,27.25,113.9,0.3834,-0.175,0.0012,-0.8552,1.379,19.1763,19.9,0,8
MELI261023C01670000,MELI,2026-10-23,30,C,1670.0,-8.57,1826.58,170.5,203.1,186.8,0.0,17.5,0.3893,0.8134,0.0013,-0.8634,1.4379,184.1256,78.1,0,0
MELI261023P01670000,MELI,2026-10-23,30,P,1670.0,-8.57,1826.58,11.3,33.6,22.45,24.5,99.3,0.3877,-0.188,0.0013,-0.8915,1.4473,21.8392,21.8,0,15
MELI261023C01680000,MELI,2026-10-23,30,C,1680.0,-8.02,1826.58,162.5,195.2,178.85,303.1,18.3,0.3875,0.7998,0.0014,-0.9002,1.4996,176.1528,76.6,0,1
MELI261023P01680000,MELI,2026-10-23,30,P,1680.0,-8.02,1826.58,10.4,38.6,24.5,25.0,115.1,0.3862,-0.2018,0.0014,-0.9276,1.5071,23.8676,23.3,1,2
MELI261023C01690000,MELI,2026-10-23,30,C,1690.0,-7.48,1826.58,154.6,187.1,170.85,0.0,19.0,0.3846,0.7855,0.0014,-0.9365,1.5614,168.1522,75.2,0,0
MELI261023P01690000,MELI,2026-10-23,30,P,1690.0,-7.48,1826.58,20.0,31.5,25.75,26.23,44.7,0.3786,-0.2162,0.0014,-0.9632,1.566,25.1115,24.4,2,23
MELI261023C01700000,MELI,2026-10-23,30,C,1700.0,-6.93,1826.58,147.0,179.6,163.3,240.0,20.0,0.3836,0.7706,0.0015,-0.972,1.6225,160.5873,73.5,0,1
MELI261023P01700000,MELI,2026-10-23,30,P,1700.0,-6.93,1826.58,21.2,36.8,29.0,28.58,53.8,0.383,-0.2313,0.0015,-0.998,1.6259,28.332,26.5,1,22
MELI261023C01710000,MELI,2026-10-23,30,C,1710.0,-6.38,1826.58,144.2,172.0,158.1,0.0,17.6,0.3956,0.755,0.0016,-1.0063,1.6808,155.3448,71.0,0,0
MELI261023P01710000,MELI,2026-10-23,30,P,1710.0,-6.38,1826.58,16.0,46.0,31.0,33.81,96.8,0.3785,-0.247,0.0016,-1.0318,1.6902,30.3164,28.0,0,6
MELI261023C01720000,MELI,2026-10-23,30,C,1720.0,-5.83,1826.58,132.0,164.7,148.35,261.55,22.0,0.3798,0.7388,0.0016,-1.0394,1.7371,145.6421,70.1,0,1
MELI261023P01720000,MELI,2026-10-23,30,P,1720.0,-5.83,1826.58,21.4,48.8,35.1,36.31,78.1,0.3854,-0.2634,0.0016,-1.0642,1.7432,34.3742,30.2,0,7
MELI261023C01730000,MELI,2026-10-23,30,C,1730.0,-5.29,1826.58,125.0,157.6,141.3,288.39,23.1,0.3789,0.7221,0.0017,-1.0708,1.7919,138.5875,68.3,0,1
MELI261023P01730000,MELI,2026-10-23,30,P,1730.0,-5.29,1826.58,24.7,52.1,38.4,43.2,71.4,0.3864,-0.2804,0.0017,-1.0951,1.7962,37.6534,32.1,0,6
MELI261023C01740000,MELI,2026-10-23,30,C,1740.0,-4.74,1826.58,117.5,150.8,134.15,0.0,24.8,0.3765,0.7048,0.0017,-1.1004,1.8434,131.4401,66.5,0,0
MELI261023P01740000,MELI,2026-10-23,30,P,1740.0,-4.74,1826.58,26.2,52.9,39.55,42.05,67.5,0.3747,-0.2978,0.0017,-1.1242,1.8485,38.8231,33.4,0,48
MELI261023C01750000,MELI,2026-10-23,30,C,1750.0,-4.19,1826.58,116.2,144.0,130.1,135.4,21.4,0.3896,0.687,0.0018,-1.128,1.891,127.3532,63.9,0,16
MELI261023P01750000,MELI,2026-10-23,30,P,1750.0,-4.19,1826.58,30.0,50.0,40.0,46.65,50.0,0.3588,-0.3159,0.0018,-1.151,1.8973,39.3055,34.6,0,8
MELI261023C01760000,MELI,2026-10-23,30,C,1760.0,-3.65,1826.58,117.0,137.2,127.1,0.0,15.9,0.4065,0.6687,0.0018,-1.1532,1.9354,124.3196,61.4,0,0
MELI261023P01760000,MELI,2026-10-23,30,P,1760.0,-3.65,1826.58,35.6,58.6,47.1,47.8,48.8,0.377,-0.3344,0.0018,-1.1757,1.9394,46.3113,37.5,0,9
MELI261023C01770000,MELI,2026-10-23,30,C,1770.0,-3.1,1826.58,103.3,129.2,116.25,122.7,22.3,0.3822,0.65,0.0019,-1.1758,1.9762,113.5465,60.3,0,2
MELI261023P01770000,MELI,2026-10-23,30,P,1770.0,-3.1,1826.58,37.6,63.6,50.6,60.5,51.4,0.3753,-0.3533,0.0019,-1.1979,1.979,49.8129,39.4,0,5
MELI261023C01780000,MELI,2026-10-23,30,C,1780.0,-2.55,1826.58,97.2,124.7,110.95,116.5,24.8,0.3854,0.6309,0.0019,-1.1957,2.0122,108.2659,58.3,0,10
MELI261023P01780000,MELI,2026-10-23,30,P,1780.0,-2.55,1826.58,43.1,68.9,56.0,58.1,46.1,0.3821,-0.3726,0.0019,-1.2173,2.0178,55.1884,41.6,0,10
MELI261023C01790000,MELI,2026-10-23,30,C,1790.0,-2.0,1826.58,90.7,118.8,104.75,239.33,26.8,0.383,0.6115,0.0019,-1.2128,2.0434,102.0754,56.3,0,1
MELI261023P01790000,MELI,2026-10-23,30,P,1790.0,-2.0,1826.58,45.1,72.3,58.7,61.37,46.3,0.3744,-0.3923,0.002,-1.2338,2.0465,57.8882,43.4,0,55
MELI261023C01800000,MELI,2026-10-23,30,C,1800.0,-1.46,1826.58,84.4,112.2,98.3,95.5,28.3,0.3786,0.5918,0.002,-1.2268,2.0703,95.6637,54.4,2,10
MELI261023P01800000,MELI,2026-10-23,30,P,1800.0,-1.46,1826.58,56.0,77.9,66.95,68.42,32.7,0.3928,-0.4122,0.002,-1.2475,2.0718,66.0727,45.9,4,25
MELI261023C01810000,MELI,2026-10-23,30,C,1810.0,-0.91,1826.58,78.7,104.3,91.5,80.97,28.0,0.3717,0.5719,0.002,-1.2377,2.092,88.9194,52.5,2,1
MELI261023P01810000,MELI,2026-10-23,30,P,1810.0,-0.91,1826.58,54.7,77.3,66.0,74.63,34.2,0.366,-0.4324,0.002,-1.2581,2.0923,65.2248,47.4,8,10
MELI261023C01820000,MELI,2026-10-23,30,C,1820.0,-0.36,1826.58,76.6,98.5,87.55,86.57,25.0,0.3775,0.5518,0.002,-1.2454,2.1084,84.991,50.4,0,22
MELI261023P01820000,MELI,2026-10-23,30,P,1820.0,-0.36,1826.58,59.7,81.5,70.6,75.17,30.9,0.3648,-0.4528,0.002,-1.2651,2.108,69.8025,49.5,0,22
MELI261023C01830000,MELI,2026-10-23,30,C,1830.0,0.19,1826.58,67.3,95.8,81.55,80.85,34.9,0.3726,0.5316,0.002,-1.2498,2.1195,79.0486,48.4,0,5
MELI261023P01830000,MELI,2026-10-23,30,P,1830.0,0.19,1826.58,62.9,90.3,76.6,79.0,35.8,0.3693,-0.4733,0.0021,-1.269,2.1177,75.7741,51.6,0,7
MELI261023C01840000,MELI,2026-10-23,30,C,1840.0,0.73,1826.58,62.4,92.2,77.3,75.0,38.6,0.375,0.5114,0.002,-1.2509,2.1252,74.8272,46.4,2,16
MELI261023P01840000,MELI,2026-10-23,30,P,1840.0,0.73,1826.58,68.0,90.6,79.3,101.1,28.5,0.3574,-0.4939,0.0021,-1.27,2.1227,78.5314,53.6,0,0
MELI261023C01850000,MELI,2026-10-23,30,C,1850.0,1.28,1826.58,57.8,86.3,72.05,75.04,39.6,0.3717,0.4911,0.002,-1.2486,2.1256,69.6168,44.4,0,12
MELI261023P01850000,MELI,2026-10-23,30,P,1850.0,1.28,1826.58,76.4,100.7,88.55,96.5,27.4,0.3753,-0.5145,0.0021,-1.2673,2.1192,87.7162,55.6,0,5
MELI261023C01860000,MELI,2026-10-23,30,C,1860.0,1.83,1826.58,53.6,79.0,66.3,62.66,38.3,0.3652,0.4708,0.002,-1.2431,2.1207,63.9426,42.3,2,3
MELI261023P01860000,MELI,2026-10-23,30,P,1860.0,1.83,1826.58,78.8,103.5,91.15,86.54,27.1,0.3608,-0.5351,0.0021,-1.2612,2.1135,90.3421,57.7,0,8
MELI261023C01870000,MELI,2026-10-23,30,C,1870.0,2.38,1826.58,53.2,73.2,63.2,86.03,31.6,0.3703,0.4507,0.002,-1.2344,2.1102,60.8809,40.4,0,22
MELI261023P01870000,MELI,2026-10-23,30,P,1870.0,2.38,1826.58,84.5,111.1,97.8,0.0,27.2,0.3646,-0.5557,0.0021,-1.2523,2.1017,96.9837,59.7,0,0
MELI261023C01880000,MELI,2026-10-23,30,C,1880.0,2.92,1826.58,45.5,70.3,57.9,63.4,42.8,0.364,0.4307,0.002,-1.2224,2.0944,55.6598,38.3,0,19
MELI261023P01880000,MELI,2026-10-23,30,P,1880.0,2.92,1826.58,90.7,111.7,101.2,75.32,20.8,0.3519,-0.5761,0.0021,-1.2404,2.0843,100.4301,61.9,0,21
MELI261023C01890000,MELI,2026-10-23,30,C,1890.0,3.47,1826.58,40.7,66.2,53.45,52.34,47.7,0.3608,0.4109,0.002,-1.2075,2.0739,51.2872,36.3,6,2
MELI261023P01890000,MELI,2026-10-23,30,P,1890.0,3.47,1826.58,97.4,120.2,108.8,111.17,21.0,0.3582,-0.5962,0.002,-1.2249,2.0572,107.9769,63.7,0,49
MELI261023C01900000,MELI,2026-10-23,30,C,1900.0,4.02,1826.58,36.9,59.3,48.1,44.03,46.6,0.3521,0.3914,0.002,-1.1897,2.0484,46.0257,34.2,4,10
MELI261023P01900000,MELI,2026-10-23,30,P,1900.0,4.02,1826.58,103.8,130.3,117.05,132.81,22.6,0.3671,-0.6162,0.002,-1.2068,2.0308,116.2061,65.4,0,6
MELI261023C01910000,MELI,2026-10-23,30,C,1910.0,4.57,1826.58,33.4,58.7,46.05,42.01,54.9,0.3587,0.3721,0.002,-1.1692,2.0176,44.0107,32.5,4,10
MELI261023P01910000,MELI,2026-10-23,30,P,1910.0,4.57,1826.58,110.3,132.9,121.6,126.0,18.6,0.3568,-0.6359,0.002,-1.1864,1.9997,120.7885,67.6,0,9
MELI261023C01920000,MELI,2026-10-23,30,C,1920.0,5.11,1826.58,28.0,58.0,43.0,46.45,69.8,0.3596,0.3532,0.0019,-1.1461,1.9827,41.0351,30.7,0,15
MELI261023P01920000,MELI,2026-10-23,30,P,1920.0,5.11,1826.58,113.3,143.6,128.45,90.6,23.6,0.3568,-0.6553,0.002,-1.1631,1.9524,127.6137,69.4,0,9
MELI261023C01930000,MELI,2026-10-23,30,C,1930.0,5.66,1826.58,24.5,54.5,39.5,49.07,75.9,0.3572,0.3347,0.0019,-1.1207,1.9443,37.6071,28.9,0,16
MELI261023P01930000,MELI,2026-10-23,30,P,1930.0,5.66,1826.58,124.6,151.8,138.2,112.71,19.7,0.371,-0.6742,0.002,-1.1373,1.9148,137.3046,70.5,0,5
MELI261023C01940000,MELI,2026-10-23,30,C,1940.0,6.21,1826.58,21.6,49.0,35.3,32.82,77.6,0.3501,0.3167,0.0019,-1.0932,1.9013,33.5121,26.8,0,25
MELI261023P01940000,MELI,2026-10-23,30,P,1940.0,6.21,1826.58,131.5,158.5,145.0,138.9,18.6,0.3693,-0.6928,0.0019,-1.1097,1.8702,144.1026,72.3,0,3
MELI261023C01950000,MELI,2026-10-23,30,C,1950.0,6.76,1826.58,18.9,46.1,32.5,34.13,83.7,0.3494,0.2991,0.0018,-1.0638,1.8543,30.7958,25.1,2,22
MELI261023P01950000,MELI,2026-10-23,30,P,1950.0,6.76,1826.58,133.8,166.2,150.0,0.0,21.6,0.3567,-0.711,0.0019,-1.0806,1.8214,149.117,74.5,0,0
MELI261023C01960000,MELI,2026-10-23,30,C,1960.0,7.3,1826.58,23.2,42.5,32.85,25.9,58.8,0.3652,0.282,0.0018,-1.0328,1.8052,31.1186,24.4,0,12
MELI261023P01960000,MELI,2026-10-23,30,P,1960.0,7.3,1826.58,141.3,173.4,157.35,0.0,20.4,0.3556,-0.7285,0.0018,-1.0491,1.7583,156.4291,76.1,0,0
MELI261023C01970000,MELI,2026-10-23,30,C,1970.0,7.85,1826.58,18.2,37.4,27.8,30.1,69.1,0.3502,0.2655,0.0017,-1.0004,1.7535,26.2338,22.1,0,15
MELI261023P01970000,MELI,2026-10-23,30,P,1970.0,7.85,1826.58,148.9,181.3,165.1,0.0,19.6,0.3559,-0.7456,0.0018,-1.0165,1.7048,164.1431,77.6,0,0
MELI261023C01980000,MELI,2026-10-23,30,C,1980.0,8.4,1826.58,12.1,38.5,25.3,20.5,104.3,0.3483,0.2496,0.0017,-0.9668,1.6984,23.8034,20.5,2,21
MELI261023P01980000,MELI,2026-10-23,30,P,1980.0,8.4,1826.58,156.6,189.1,172.85,132.59,18.8,0.3554,-0.7621,0.0017,-0.9831,1.6469,171.8719,79.1,0,1
MELI261023C01990000,MELI,2026-10-23,30,C,1990.0,8.95,1826.58,9.3,37.0,23.15,24.9,119.7,0.3477,0.2342,0.0016,-0.9324,1.6414,21.7401,19.0,3,7
MELI261023P01990000,MELI,2026-10-23,30,P,1990.0,8.95,1826.58,165.8,197.0,181.4,147.79,17.2,0.3589,-0.778,0.0017,-0.9486,1.5803,180.3773,80.3,0,1
MELI261023C02000000,MELI,2026-10-23,30,C,2000.0,9.49,1826.58,12.6,31.4,22.0,24.2,85.5,0.3525,0.2195,0.0016,-0.8974,1.584,20.6257,18.0,0,34
MELI261023P02000000,MELI,2026-10-23,30,P,2000.0,9.49,1826.58,173.2,201.3,187.25,190.0,15.0,0.3436,-0.7932,0.0016,-0.913,1.5163,186.1594,82.6,0,3
MELI261023C02010000,MELI,2026-10-23,30,C,2010.0,10.04,1826.58,14.4,26.5,20.45,21.75,59.2,0.3542,0.2054,0.0015,-0.862,1.5252,19.1406,16.8,0,38
MELI261023P02010000,MELI,2026-10-23,30,P,2010.0,10.04,1826.58,180.9,213.4,197.15,0.0,16.5,0.3546,-0.8079,0.0016,-0.8771,1.4517,196.0211,83.1,0,0
MELI261023C02020000,MELI,2026-10-23,30,C,2020.0,10.59,1826.58,4.1,34.1,19.1,26.73,157.1,0.3565,0.192,0.0014,-0.8265,1.4646,17.8421,15.8,0,5
MELI261023P02020000,MELI,2026-10-23,30,P,2020.0,10.59,1826.58,189.9,221.8,205.85,226.26,15.5,0.3568,-0.822,0.0015,-0.8416,1.3885,204.6737,84.2,0,1
MELI261023C02030000,MELI,2026-10-23,30,C,2030.0,11.14,1826.58,7.0,26.2,16.6,13.6,115.7,0.3498,0.1793,0.0014,-0.7911,1.4043,15.4439,14.2,0,24
MELI261023P02030000,MELI,2026-10-23,30,P,2030.0,11.14,1826.58,197.2,230.4,213.8,0.0,15.5,0.3524,-0.8353,0.0014,-0.8056,1.3124,212.5415,85.6,0,0
MELI261023C02040000,MELI,2026-10-23,30,C,2040.0,11.68,1826.58,3.5,29.9,16.7,19.48,158.1,0.3613,0.1672,0.0013,-0.7559,1.3451,15.5359,13.9,0,32
MELI261023P02040000,MELI,2026-10-23,30,P,2040.0,11.68,1826.58,207.1,238.9,223.0,229.76,14.3,0.3568,-0.8479,0.0014,-0.7694,1.2507,221.6842,86.4,0,1
MELI261023C02050000,MELI,2026-10-23,30,C,2050.0,12.23,1826.58,2.25,29.0,15.625,15.4,171.2,0.3638,0.1558,0.0013,-0.7213,1.2855,14.5145,13.0,0,4
MELI261023P02050000,MELI,2026-10-23,30,P,2050.0,12.23,1826.58,215.8,247.8,231.8,0.0,13.8,0.3572,-0.86,0.0013,-0.7333,1.1817,230.3972,87.4,0,0
MELI261023C02060000,MELI,2026-10-23,30,C,2060.0,12.78,1826.58,1.0,28.4,14.7,11.88,186.4,0.3669,0.145,0.0012,-0.6873,1.2258,13.636,12.2,4,19
MELI261023P02060000,MELI,2026-10-23,30,P,2060.0,12.78,1826.58,225.6,252.1,238.85,0.0,11.1,0.3403,-0.8715,0.0013,-0.7006,1.1165,237.2721,89.4,0,0
MELI261023C02070000,MELI,2026-10-23,30,C,2070.0,13.33,1826.58,0.25,25.6,12.925,16.17,196.1,0.3623,0.1349,0.0011,-0.654,1.1679,11.9476,11.0,0,10
MELI261023P02070000,MELI,2026-10-23,30,P,2070.0,13.33,1826.58,234.6,261.1,247.85,225.0,10.7,0.3395,-0.8822,0.0012,-0.6679,1.0443,246.1454,90.3,0,0
MELI261023C02080000,MELI,2026-10-23,30,C,2080.0,13.87,1826.58,8.5,18.5,13.5,13.45,74.1,0.377,0.1254,0.0011,-0.6218,1.112,12.4903,11.0,2,12
MELI261023P02080000,MELI,2026-10-23,30,P,2080.0,13.87,1826.58,242.7,267.6,255.15,0.0,9.8,0.3155,-0.8923,0.0012,-0.6349,0.9861,253.0418,92.6,0,0
MELI261023C02090000,MELI,2026-10-23,30,C,2090.0,14.42,1826.58,6.0,17.7,11.85,9.64,98.7,0.3722,0.1165,0.001,-0.5905,1.0569,10.9276,9.9,2,6
MELI261023P02090000,MELI,2026-10-23,30,P,2090.0,14.42,1826.58,251.9,284.0,267.95,0.0,12.0,0.3594,-0.9017,0.0011,-0.6016,0.9188,266.1875,90.8,0,0
MELI261023C02100000,MELI,2026-10-23,30,C,2100.0,14.97,1826.58,0.0,22.0,7.96,7.96,,0.3737,0.1082,0.001,-0.5603,1.0027,10.124,9.3,9,36
MELI261023P02100000,MELI,2026-10-23,30,P,2100.0,14.97,1826.58,261.1,292.8,276.95,226.57,11.4,0.3569,-0.9109,0.0011,-0.5748,0.8495,275.0411,91.7,0,4
MELI261023C02110000,MELI,2026-10-23,30,C,2110.0,15.52,1826.58,0.05,20.0,10.025,12.9,199.0,0.3734,0.1005,0.0009,-0.5313,0.9508,9.2088,8.5,0,14
MELI261023P02110000,MELI,2026-10-23,30,P,2110.0,15.52,1826.58,270.4,302.6,286.5,163.7,11.2,0.3602,-0.9193,0.001,-0.5494,0.7899,284.4999,92.2,0,6
MELI261023C02120000,MELI,2026-10-23,30,C,2120.0,16.06,1826.58,0.0,12.4,26.09,26.09,,0.3393,0.0933,0.0009,-0.5034,0.9016,5.6259,6.1,0,1
MELI261023P02120000,MELI,2026-10-23,30,P,2120.0,16.06,1826.58,279.4,312.0,295.7,170.5,11.0,0.3582,-0.9272,0.001,-0.5252,0.737,293.5544,92.9,0,1
MELI261023C02130000,MELI,2026-10-23,30,C,2130.0,16.61,1826.58,0.0,23.5,12.87,12.87,,0.4084,0.0866,0.0008,-0.4768,0.8541,10.8364,9.0,0,4
MELI261023P02130000,MELI,2026-10-23,30,P,2130.0,16.61,1826.58,288.8,321.5,305.15,256.87,10.7,0.3585,-0.9345,0.0009,-0.4995,0.6814,302.8694,93.5,0,4
MELI261023C02140000,MELI,2026-10-23,30,C,2140.0,17.16,1826.58,1.2,22.9,12.05,13.0,180.1,0.4203,0.0804,0.0008,-0.4515,0.8079,11.1184,8.9,0,3
MELI261023P02140000,MELI,2026-10-23,30,P,2140.0,17.16,1826.58,298.6,331.0,314.8,262.49,10.3,0.3609,-0.9414,0.0009,-0.4727,0.6108,312.3922,93.9,0,1
MELI261023C02150000,MELI,2026-10-23,30,C,2150.0,17.71,1826.58,0.0,20.0,6.14,6.14,,0.4085,0.0747,0.0007,-0.4274,0.7638,9.1828,7.7,0,11
MELI261023P02150000,MELI,2026-10-23,30,P,2150.0,17.71,1826.58,308.3,340.0,324.15,347.4,9.8,0.357,-0.9477,0.0008,-0.4472,0.5568,321.5184,94.7,0,1
MELI261023C02160000,MELI,2026-10-23,30,C,2160.0,18.25,1826.58,0.0,21.8,15.39,15.39,,0.4265,0.0693,0.0007,-0.4046,0.7226,10.026,8.0,0,4
MELI261023P02160000,MELI,2026-10-23,30,P,2160.0,18.25,1826.58,317.9,349.7,333.8,0.0,9.5,0.3574,-0.9538,0.0008,-0.4336,0.507,331.0014,95.1,0,0
MELI261023C02170000,MELI,2026-10-23,30,C,2170.0,18.8,1826.58,0.0,21.3,9.01,9.01,,0.4325,0.0644,0.0006,-0.3829,0.6836,9.7875,7.7,0,5
MELI261023P02170000,MELI,2026-10-23,30,P,2170.0,18.8,1826.58,327.6,359.6,343.6,253.07,9.3,0.3606,-0.9598,0.0008,-0.4203,0.4631,340.6919,95.4,0,1
MELI261023C02180000,MELI,2026-10-23,30,C,2180.0,19.35,1826.58,0.0,20.9,8.77,8.77,,0.4389,0.0599,0.0006,-0.3624,0.6461,9.5995,7.5,0,4
MELI261023P02180000,MELI,2026-10-23,30,P,2180.0,19.35,1826.58,337.4,369.6,353.5,0.0,9.1,0.3657,-0.9652,0.0008,-0.4047,0.4226,350.5118,95.6,0,0
MELI261023C02190000,MELI,2026-10-23,30,C,2190.0,19.9,1826.58,0.0,20.5,3.8,3.8,,0.4452,0.0557,0.0006,-0.343,0.6103,9.4158,7.2,0,8
MELI261023P02190000,MELI,2026-10-23,30,P,2190.0,19.9,1826.58,347.1,379.4,363.25,304.87,8.9,0.3659,-0.97,0.0007,-0.3743,0.3606,360.0729,96.0,0,2
MELI261023C02200000,MELI,2026-10-23,30,C,2200.0,20.44,1826.58,0.0,20.2,4.6,4.6,,0.4518,0.0518,0.0005,-0.3248,0.5765,9.2696,7.0,0,19
MELI261023P02200000,MELI,2026-10-23,30,P,2200.0,20.44,1826.58,358.1,387.2,372.65,0.0,7.8,0.3426,-0.9743,0.0007,-0.3457,0.3193,368.6039,97.2,0,0
MELI261023C02210000,MELI,2026-10-23,30,C,2210.0,20.99,1826.58,0.0,10.1,3.5,3.5,,0.3936,0.0482,0.0005,-0.3076,0.5451,4.5604,4.3,4,1
MELI261023P02210000,MELI,2026-10-23,30,P,2210.0,20.99,1826.58,366.9,399.5,383.2,276.61,8.5,0.3789,-0.9781,0.0006,-0.3072,0.2777,379.9207,96.2,0,0
MELI261023C02220000,MELI,2026-10-23,30,C,2220.0,21.54,1826.58,0.05,19.6,9.825,4.1,199.0,0.465,0.0449,0.0005,-0.2914,0.5157,9.0082,6.6,0,8
MELI261023P02220000,MELI,2026-10-23,30,P,2220.0,21.54,1826.58,375.4,409.3,392.35,0.0,8.6,0.0,-0.9821,0.0006,-0.3038,0.2048,,,0,0
MELI261023C02230000,MELI,2026-10-23,30,C,2230.0,22.09,1826.58,0.0,19.4,4.65,4.65,,0.4716,0.0419,0.0004,-0.2762,0.4877,8.8915,6.4,0,1
MELI261023P02230000,MELI,2026-10-23,30,P,2230.0,22.09,1826.58,385.7,419.3,402.5,0.0,8.3,0.0,-0.9856,0.0005,-0.2995,0.162,,,0,0
MELI261023C02240000,MELI,2026-10-23,30,C,2240.0,22.63,1826.58,0.0,19.2,3.8,3.8,,0.4784,0.039,0.0004,-0.2619,0.461,8.7992,6.3,0,7
MELI261023P02240000,MELI,2026-10-23,30,P,2240.0,22.63,1826.58,395.3,428.4,411.85,0.0,8.0,0.0,-0.9885,0.0004,-0.2886,0.1407,,,0,0
MELI261023C02250000,MELI,2026-10-23,30,C,2250.0,23.18,1826.58,0.0,19.0,4.5,4.5,,0.4851,0.0365,0.0004,-0.2484,0.4358,8.7067,6.1,0,4
MELI261023P02250000,MELI,2026-10-23,30,P,2250.0,23.18,1826.58,406.7,438.7,422.7,0.0,7.6,0.381,-0.991,0.0004,-0.274,0.1176,418.615,97.3,0,0
MELI261023C02260000,MELI,2026-10-23,30,C,2260.0,23.73,1826.58,0.0,18.8,3.93,3.93,,0.4916,0.0341,0.0004,-0.2357,0.4124,8.6062,6.0,0,10
MELI261023P02260000,MELI,2026-10-23,30,P,2260.0,23.73,1826.58,416.7,449.1,432.9,0.0,7.5,0.4018,-0.9932,0.0003,-0.2583,0.104,429.1707,97.0,0,0
MELI261023C02270000,MELI,2026-10-23,30,C,2270.0,24.28,1826.58,0.0,18.7,2.65,2.65,,0.4988,0.0319,0.0004,-0.2238,0.3907,8.566,5.8,0,38
MELI261023P02270000,MELI,2026-10-23,30,P,2270.0,24.28,1826.58,426.7,459.1,442.9,0.0,7.3,0.4086,-0.9948,0.0003,-0.2288,0.0827,439.1384,97.0,0,0
MELI261023C02280000,MELI,2026-10-23,30,C,2280.0,24.82,1826.58,0.0,18.5,1.8,1.8,,0.5052,0.0298,0.0003,-0.2126,0.3702,8.4715,5.7,0,18
MELI261023P02280000,MELI,2026-10-23,30,P,2280.0,24.82,1826.58,436.7,469.1,452.9,0.0,7.2,0.4154,-0.996,0.0002,-0.2288,0.0359,449.1084,97.1,0,0
MELI261030C01380000,MELI,2026-10-30,37,C,1380.0,-24.45,1826.58,440.1,472.8,456.45,477.1,7.2,0.4611,0.9727,0.0002,-0.1796,0.3777,454.4917,96.9,0,1
MELI261030P01380000,MELI,2026-10-30,37,P,1380.0,-24.45,1826.58,0.0,18.7,,0.0,,0.598,-0.0276,0.0002,-0.2269,0.3794,8.9369,8.1,0,0
MELI261030C01400000,MELI,2026-10-30,37,C,1400.0,-23.35,1826.58,421.1,452.8,436.95,0.0,7.3,0.4526,0.9689,0.0002,-0.2027,0.4214,434.9597,96.4,0,0
MELI261030P01400000,MELI,2026-10-30,37,P,1400.0,-23.35,1826.58,0.0,19.1,2.75,2.75,,0.5764,-0.0314,0.0003,-0.2483,0.4233,9.1309,8.4,0,1
MELI261030C01420000,MELI,2026-10-30,37,C,1420.0,-22.26,1826.58,401.0,433.3,417.15,403.0,7.7,0.435,0.9644,0.0003,-0.2285,0.47,415.1397,96.2,0,1
MELI261030P01420000,MELI,2026-10-30,37,P,1420.0,-22.26,1826.58,0.0,19.5,4.6,4.6,,0.5552,-0.0359,0.0003,-0.272,0.4743,9.3521,8.7,0,1
MELI261030C01430000,MELI,2026-10-30,37,C,1430.0,-21.71,1826.58,392.0,423.6,407.8,0.0,7.7,0.4394,0.9619,0.0003,-0.2425,0.4966,405.759,95.6,0,0
MELI261030P01430000,MELI,2026-10-30,37,P,1430.0,-21.71,1826.58,0.0,19.8,10.2,10.2,,0.5451,-0.0384,0.0003,-0.2852,0.5001,9.4999,8.9,0,5
MELI261030C01440000,MELI,2026-10-30,37,C,1440.0,-21.16,1826.58,381.8,413.9,397.85,0.0,8.1,0.4291,0.9592,0.0003,-0.2573,0.525,395.8016,95.6,0,0
MELI261030P01440000,MELI,2026-10-30,37,P,1440.0,-21.16,1826.58,0.0,20.0,10.65,10.65,,0.5343,-0.0412,0.0003,-0.2992,0.5272,9.5976,9.1,0,4
MELI261030C01450000,MELI,2026-10-30,37,C,1450.0,-20.62,1826.58,372.2,404.3,388.25,0.0,8.3,0.4264,0.9563,0.0004,-0.273,0.5557,386.1829,95.2,0,0
MELI261030P01450000,MELI,2026-10-30,37,P,1450.0,-20.62,1826.58,0.0,20.3,5.1,5.1,,0.5242,-0.0442,0.0004,-0.314,0.5575,9.7488,9.3,0,1
MELI261030C01460000,MELI,2026-10-30,37,C,1460.0,-20.07,1826.58,362.4,394.7,378.55,0.0,8.5,0.4211,0.953,0.0004,-0.2896,0.5883,376.467,94.9,0,0
MELI261030P01460000,MELI,2026-10-30,37,P,1460.0,-20.07,1826.58,0.0,20.7,5.63,5.63,,0.5147,-0.0474,0.0004,-0.3297,0.5905,9.9496,9.5,0,1
MELI261030C01470000,MELI,2026-10-30,37,C,1470.0,-19.52,1826.58,353.0,385.2,369.1,0.0,8.7,0.4202,0.9496,0.0004,-0.3072,0.6225,366.9964,94.4,0,0
MELI261030P01470000,MELI,2026-10-30,37,P,1470.0,-19.52,1826.58,0.0,21.1,5.4,5.4,,0.5051,-0.0509,0.0004,-0.3464,0.6262,10.1476,9.8,0,1
MELI261030C01480000,MELI,2026-10-30,37,C,1480.0,-18.97,1826.58,343.3,375.7,359.5,0.0,9.0,0.4158,0.9458,0.0004,-0.3257,0.6584,357.3771,94.0,0,0
MELI261030P01480000,MELI,2026-10-30,37,P,1480.0,-18.97,1826.58,0.0,21.5,7.5,7.5,,0.4954,-0.0547,0.0004,-0.3642,0.6642,10.3426,10.0,0,1
MELI261030C01490000,MELI,2026-10-30,37,C,1490.0,-18.43,1826.58,333.9,366.8,350.35,0.0,9.4,0.4182,0.9417,0.0005,-0.3453,0.6966,348.1946,93.2,0,0
MELI261030P01490000,MELI,2026-10-30,37,P,1490.0,-18.43,1826.58,1.85,21.9,11.875,0.0,168.8,0.4961,-0.0588,0.0005,-0.383,0.7001,11.4394,10.8,0,0
MELI261030C01500000,MELI,2026-10-30,37,C,1500.0,-17.88,1826.58,324.5,358.0,341.25,321.9,9.8,0.42,0.9373,0.0005,-0.3659,0.7375,339.0636,92.5,0,1
MELI261030P01500000,MELI,2026-10-30,37,P,1500.0,-17.88,1826.58,3.3,7.3,5.3,6.2,75.5,0.3991,-0.0633,0.0005,-0.403,0.7404,5.0806,6.4,2,7
MELI261030C01510000,MELI,2026-10-30,37,C,1510.0,-17.33,1826.58,316.0,347.4,331.7,0.0,9.5,0.4146,0.9325,0.0005,-0.3876,0.7809,329.5024,92.0,0,0
MELI261030P01510000,MELI,2026-10-30,37,P,1510.0,-17.33,1826.58,1.6,20.0,10.8,10.3,170.4,0.4599,-0.0681,0.0005,-0.4239,0.7845,10.3976,10.5,0,1
MELI261030C01520000,MELI,2026-10-30,37,C,1520.0,-16.78,1826.58,305.5,338.1,321.8,0.0,10.1,0.4042,0.9274,0.0006,-0.4103,0.826,319.5987,91.8,0,0
MELI261030P01520000,MELI,2026-10-30,37,P,1520.0,-16.78,1826.58,0.0,20.6,,0.0,,0.4426,-0.0733,0.0006,-0.4456,0.8315,9.9325,10.3,0,0
MELI261030C01530000,MELI,2026-10-30,37,C,1530.0,-16.24,1826.58,296.6,328.9,312.75,0.0,10.3,0.4046,0.9218,0.0006,-0.4342,0.8727,310.5218,91.0,0,0
MELI261030P01530000,MELI,2026-10-30,37,P,1530.0,-16.24,1826.58,0.0,19.2,18.74,18.74,,0.4228,-0.079,0.0006,-0.469,0.88,9.2437,10.0,0,7
MELI261030C01540000,MELI,2026-10-30,37,C,1540.0,-15.69,1826.58,288.0,319.7,303.85,0.0,10.4,0.4057,0.9158,0.0006,-0.4591,0.9219,301.5909,90.1,0,0
MELI261030P01540000,MELI,2026-10-30,37,P,1540.0,-15.69,1826.58,2.5,12.1,7.3,12.25,131.5,0.3841,-0.085,0.0006,-0.493,0.926,7.0344,8.6,0,1
MELI261030C01550000,MELI,2026-10-30,37,C,1550.0,-15.14,1826.58,284.1,309.5,296.8,0.0,8.6,0.4248,0.9094,0.0007,-0.485,0.974,294.4689,88.0,0,0
MELI261030P01550000,MELI,2026-10-30,37,P,1550.0,-15.14,1826.58,3.4,17.5,10.45,11.7,134.9,0.4088,-0.0915,0.0007,-0.5182,0.9776,10.0926,11.0,2,4
MELI261030C01560000,MELI,2026-10-30,37,C,1560.0,-14.59,1826.58,272.0,300.5,286.25,0.0,10.0,0.4068,0.9024,0.0007,-0.5119,1.0281,283.9296,88.2,0,0
MELI261030P01560000,MELI,2026-10-30,37,P,1560.0,-14.59,1826.58,0.1,20.0,10.05,13.68,198.0,0.3929,-0.0984,0.0007,-0.5444,1.032,9.7137,10.9,3,1
MELI261030C01570000,MELI,2026-10-30,37,C,1570.0,-14.05,1826.58,266.0,292.7,279.35,258.9,9.6,0.4233,0.895,0.0008,-0.5398,1.0832,276.9652,86.1,0,11
MELI261030P01570000,MELI,2026-10-30,37,P,1570.0,-14.05,1826.58,0.8,18.9,9.85,0.0,183.8,0.3791,-0.1059,0.0008,-0.5716,1.0937,9.5208,11.0,0,0
MELI261030C01580000,MELI,2026-10-30,37,C,1580.0,-13.5,1826.58,252.2,283.9,268.05,0.0,11.8,0.3989,0.8872,0.0008,-0.5685,1.1399,265.7006,86.7,0,0
MELI261030P01580000,MELI,2026-10-30,37,P,1580.0,-13.5,1826.58,10.2,17.9,14.05,13.78,54.8,0.407,-0.1139,0.0008,-0.5997,1.1459,13.6131,13.9,0,47
MELI261030C01590000,MELI,2026-10-30,37,C,1590.0,-12.95,1826.58,244.0,275.9,259.95,0.0,12.3,0.4027,0.8787,0.0008,-0.598,1.199,257.5625,85.3,0,0
MELI261030P01590000,MELI,2026-10-30,37,P,1590.0,-12.95,1826.58,5.0,24.5,14.75,14.2,132.2,0.4006,-0.1224,0.0008,-0.6286,1.2032,14.3057,14.6,2,11
MELI261030C01600000,MELI,2026-10-30,37,C,1600.0,-12.4,1826.58,236.0,266.7,251.35,0.0,12.2,0.4012,0.8698,0.0009,-0.6282,1.2599,248.9404,84.2,0,0
MELI261030P01600000,MELI,2026-10-30,37,P,1600.0,-12.4,1826.58,5.6,23.9,14.75,16.0,124.1,0.3882,-0.1314,0.0009,-0.658,1.2652,14.3273,14.9,1,11
MELI261030C01610000,MELI,2026-10-30,37,C,1610.0,-11.86,1826.58,228.0,258.9,243.45,0.0,12.7,0.4043,0.8603,0.0009,-0.6589,1.3212,241.0106,82.8,0,0
MELI261030P01610000,MELI,2026-10-30,37,P,1610.0,-11.86,1826.58,5.0,30.9,17.95,20.0,144.3,0.4008,-0.141,0.001,-0.6881,1.3338,17.4626,16.9,2,13
MELI261030C01620000,MELI,2026-10-30,37,C,1620.0,-11.31,1826.58,218.2,250.6,234.4,234.6,13.8,0.3979,0.8503,0.001,-0.69,1.3827,231.954,82.0,0,1
MELI261030P01620000,MELI,2026-10-30,37,P,1620.0,-11.31,1826.58,13.1,30.0,21.55,21.0,78.4,0.4137,-0.1511,0.001,-0.7188,1.3904,20.9862,19.0,0,3
MELI261030C01630000,MELI,2026-10-30,37,C,1630.0,-10.76,1826.58,209.5,242.3,225.9,0.0,14.5,0.395,0.8398,0.001,-0.7214,1.4456,223.4407,80.9,0,0
MELI261030P01630000,MELI,2026-10-30,37,P,1630.0,-10.76,1826.58,9.0,32.3,20.65,25.04,112.8,0.394,-0.1618,0.001,-0.7496,1.4504,20.1242,19.0,4,1
MELI261030C01640000,MELI,2026-10-30,37,C,1640.0,-10.21,1826.58,201.5,234.2,217.85,0.0,15.0,0.3945,0.8287,0.0011,-0.753,1.5095,215.3751,79.6,0,0
MELI261030P01640000,MELI,2026-10-30,37,P,1640.0,-10.21,1826.58,8.3,28.0,18.15,22.0,108.5,0.3631,-0.173,0.0011,-0.7806,1.5158,17.6865,18.2,7,22
MELI261030C01650000,MELI,2026-10-30,37,C,1650.0,-9.67,1826.58,193.4,225.6,209.5,0.0,15.4,0.3912,0.817,0.0011,-0.7844,1.5726,207.0098,78.4,0,0
MELI261030P01650000,MELI,2026-10-30,37,P,1650.0,-9.67,1826.58,19.2,30.4,24.8,20.78,45.2,0.3942,-0.1847,0.0012,-0.8116,1.5862,24.2138,21.8,3,11
MELI261030C01660000,MELI,2026-10-30,37,C,1660.0,-9.12,1826.58,185.8,218.4,202.1,0.0,16.1,0.3932,0.8049,0.0012,-0.8158,1.6346,199.5913,76.8,0,0
MELI261030P01660000,MELI,2026-10-30,37,P,1660.0,-9.12,1826.58,19.6,31.1,25.35,30.16,45.4,0.3836,-0.1971,0.0012,-0.8424,1.6432,24.7658,22.5,0,7
MELI261030C01670000,MELI,2026-10-30,37,C,1670.0,-8.57,1826.58,180.0,210.7,195.35,0.0,15.7,0.398,0.7922,0.0012,-0.8467,1.6967,192.8162,75.0,0,0
MELI261030P01670000,MELI,2026-10-30,37,P,1670.0,-8.57,1826.58,19.7,35.6,27.65,42.52,57.5,0.3834,-0.2099,0.0013,-0.8728,1.7022,27.0491,24.0,0,7
MELI261030C01680000,MELI,2026-10-30,37,C,1680.0,-8.02,1826.58,172.0,203.0,187.5,0.0,16.5,0.3954,0.779,0.0013,-0.877,1.7585,184.9647,73.7,0,0
MELI261030P01680000,MELI,2026-10-30,37,P,1680.0,-8.02,1826.58,23.6,38.8,31.2,31.5,48.7,0.3894,-0.2232,0.0013,-0.9027,1.7652,30.5472,25.9,1,18
MELI261030C01690000,MELI,2026-10-30,37,C,1690.0,-7.48,1826.58,168.5,194.0,181.25,164.5,14.1,0.4008,0.7653,0.0013,-0.9066,1.8182,178.678,71.8,2,1
MELI261030P01690000,MELI,2026-10-30,37,P,1690.0,-7.48,1826.58,24.0,44.0,34.0,32.1,58.8,0.3901,-0.2371,0.0014,-0.9318,1.8325,33.3332,27.5,2,10
MELI261030C01700000,MELI,2026-10-30,37,C,1700.0,-6.93,1826.58,156.0,188.5,172.25,0.0,18.9,0.3906,0.7511,0.0014,-0.9353,1.8755,169.7085,70.8,0,0
MELI261030P01700000,MELI,2026-10-30,37,P,1700.0,-6.93,1826.58,25.0,45.0,35.0,34.66,57.1,0.3801,-0.2515,0.0014,-0.96,1.884,34.3159,28.6,6,14
MELI261030C01710000,MELI,2026-10-30,37,C,1710.0,-6.38,1826.58,148.9,180.6,164.75,241.2,19.2,0.3878,0.7365,0.0014,-0.9629,1.9313,162.2036,69.3,0,6
MELI261030P01710000,MELI,2026-10-30,37,P,1710.0,-6.38,1826.58,27.3,54.6,40.95,45.83,66.7,0.3956,-0.2663,0.0014,-0.9873,1.9368,40.1938,31.1,3,2
MELI261030C01720000,MELI,2026-10-30,37,C,1720.0,-5.83,1826.58,144.0,174.3,159.15,231.8,19.0,0.3939,0.7214,0.0015,-0.9892,1.9855,156.5795,67.3,0,3
MELI261030P01720000,MELI,2026-10-30,37,P,1720.0,-5.83,1826.58,30.2,53.6,41.9,54.29,55.8,0.3844,-0.2815,0.0015,-1.0132,1.9919,41.1764,32.2,0,7
MELI261030C01730000,MELI,2026-10-30,37,C,1730.0,-5.29,1826.58,140.2,167.7,153.95,225.1,17.9,0.4009,0.706,0.0015,-1.0141,2.0364,151.3727,65.3,0,3
MELI261030P01730000,MELI,2026-10-30,37,P,1730.0,-5.29,1826.58,33.3,61.1,47.2,54.1,58.9,0.3941,-0.2971,0.0015,-1.0377,2.0487,46.4173,34.4,2,1
MELI261030C01740000,MELI,2026-10-30,37,C,1740.0,-4.74,1826.58,133.1,161.1,147.1,217.3,19.0,0.3988,0.6902,0.0016,-1.0374,2.0838,144.5175,63.7,0,3
MELI261030P01740000,MELI,2026-10-30,37,P,1740.0,-4.74,1826.58,36.5,61.5,49.0,60.86,51.0,0.3856,-0.3134,0.0016,-1.0608,2.0915,48.1722,35.7,0,7
MELI261030C01750000,MELI,2026-10-30,37,C,1750.0,-4.19,1826.58,126.9,153.7,140.3,146.9,19.1,0.3963,0.674,0.0016,-1.059,2.1284,137.7285,62.1,0,6
MELI261030P01750000,MELI,2026-10-30,37,P,1750.0,-4.19,1826.58,39.3,67.3,53.3,57.5,52.5,0.3886,-0.3299,0.0016,-1.0821,2.1334,52.4437,37.6,2,25
MELI261030C01760000,MELI,2026-10-30,37,C,1760.0,-3.65,1826.58,120.6,147.1,133.85,133.6,19.8,0.3948,0.6575,0.0016,-1.0787,2.17,131.3056,60.4,2,6
MELI261030P01760000,MELI,2026-10-30,37,P,1760.0,-3.65,1826.58,43.4,71.1,57.25,69.82,48.4,0.3893,-0.3463,0.0016,-1.1013,2.175,56.4221,39.3,0,3
MELI261030C01770000,MELI,2026-10-30,37,C,1770.0,-3.1,1826.58,115.0,139.1,127.05,109.74,19.0,0.3909,0.6407,0.0017,-1.0964,2.2075,124.5206,58.8,0,4
MELI261030P01770000,MELI,2026-10-30,37,P,1770.0,-3.1,1826.58,47.8,75.3,61.55,62.0,44.7,0.3905,-0.3634,0.0017,-1.1187,2.2157,60.6908,41.2,1,3
MELI261030C01780000,MELI,2026-10-30,37,C,1780.0,-2.55,1826.58,108.3,133.1,120.7,113.68,20.5,0.3884,0.6236,0.0017,-1.112,2.2406,118.1955,57.1,0,5
MELI261030P01780000,MELI,2026-10-30,37,P,1780.0,-2.55,1826.58,51.0,78.7,64.85,77.42,42.7,0.3864,-0.3807,0.0017,-1.134,2.2451,63.9695,42.8,0,3
MELI261030C01790000,MELI,2026-10-30,37,C,1790.0,-2.0,1826.58,99.6,129.0,114.3,109.71,25.7,0.3849,0.6064,0.0017,-1.1255,2.27,111.8086,55.4,0,8
MELI261030P01790000,MELI,2026-10-30,37,P,1790.0,-2.0,1826.58,55.1,77.9,66.5,87.1,34.3,0.3744,-0.3982,0.0017,-1.1473,2.2725,65.6309,44.3,0,4
MELI261030C01800000,MELI,2026-10-30,37,C,1800.0,-1.46,1826.58,95.1,122.4,108.75,111.49,25.1,0.3845,0.5889,0.0017,-1.1367,2.2954,106.2856,53.7,0,7
MELI261030P01800000,MELI,2026-10-30,37,P,1800.0,-1.46,1826.58,59.3,88.4,73.85,79.94,39.4,0.3868,-0.4159,0.0018,-1.1582,2.2973,72.9433,46.4,2,18
MELI261030C01810000,MELI,2026-10-30,37,C,1810.0,-0.91,1826.58,89.4,119.0,104.2,91.9,28.4,0.3876,0.5713,0.0018,-1.1456,2.3161,101.741,51.8,2,7
MELI261030P01810000,MELI,2026-10-30,37,P,1810.0,-0.91,1826.58,63.3,85.2,74.25,57.9,29.5,0.3681,-0.4338,0.0018,-1.1669,2.3179,73.3771,47.9,0,7
MELI261030C01820000,MELI,2026-10-30,37,C,1820.0,-0.36,1826.58,84.5,112.5,98.5,92.14,28.4,0.385,0.5536,0.0018,-1.1521,2.3322,96.0724,50.0,0,20
MELI261030P01820000,MELI,2026-10-30,37,P,1820.0,-0.36,1826.58,68.4,92.0,80.2,94.87,29.4,0.3726,-0.4519,0.0018,-1.173,2.3315,79.2727,49.8,1,7
MELI261030C01830000,MELI,2026-10-30,37,C,1830.0,0.19,1826.58,79.3,107.5,93.4,95.0,30.2,0.3843,0.5358,0.0018,-1.1563,2.3438,91.0147,48.3,0,8
MELI261030P01830000,MELI,2026-10-30,37,P,1830.0,0.19,1826.58,72.7,94.4,83.55,100.42,26.0,0.3653,-0.47,0.0018,-1.177,2.3422,82.6347,51.6,1,3
MELI261030C01840000,MELI,2026-10-30,37,C,1840.0,0.73,1826.58,80.0,100.6,90.3,85.36,22.8,0.3913,0.518,0.0018,-1.158,2.3508,87.9185,46.5,0,6
MELI261030P01840000,MELI,2026-10-30,37,P,1840.0,0.73,1826.58,77.7,99.3,88.5,114.23,24.4,0.3641,-0.4881,0.0018,-1.1786,2.3474,87.5856,53.4,0,4
MELI261030C01850000,MELI,2026-10-30,37,C,1850.0,1.28,1826.58,68.0,97.7,82.85,87.0,35.8,0.3791,0.5002,0.0018,-1.1573,2.3532,80.5456,44.7,1,3
MELI261030P01850000,MELI,2026-10-30,37,P,1850.0,1.28,1826.58,82.9,110.2,96.55,105.3,28.3,0.3752,-0.5063,0.0018,-1.1778,2.3456,95.5747,55.3,0,2
MELI261030C01860000,MELI,2026-10-30,37,C,1860.0,1.83,1826.58,69.1,90.6,79.85,73.75,26.9,0.3851,0.4823,0.0018,-1.1543,2.3511,77.5678,43.0,0,5
MELI261030P01860000,MELI,2026-10-30,37,P,1860.0,1.83,1826.58,88.3,111.1,99.7,101.9,22.9,0.3646,-0.5245,0.0018,-1.1743,2.3423,98.7131,57.1,0,2
MELI261030C01870000,MELI,2026-10-30,37,C,1870.0,2.38,1826.58,57.3,87.3,72.3,75.84,41.5,0.371,0.4646,0.0018,-1.1489,2.3443,70.115,41.2,0,12
MELI261030P01870000,MELI,2026-10-30,37,P,1870.0,2.38,1826.58,93.4,123.0,108.2,132.8,27.4,0.3762,-0.5427,0.0018,-1.1689,2.3358,107.1678,58.8,0,2
MELI261030C01880000,MELI,2026-10-30,37,C,1880.0,2.92,1826.58,53.2,83.2,68.2,66.45,44.0,0.3708,0.4469,0.0018,-1.1412,2.3327,66.0578,39.4,0,7
MELI261030P01880000,MELI,2026-10-30,37,P,1880.0,2.92,1826.58,99.6,127.9,113.75,112.52,24.9,0.3745,-0.5607,0.0018,-1.1612,2.3205,112.7191,60.5,0,1
MELI261030C01890000,MELI,2026-10-30,37,C,1890.0,3.47,1826.58,50.5,76.9,63.7,71.15,41.4,0.3681,0.4294,0.0018,-1.1312,2.3167,61.6049,37.6,0,17
MELI261030P01890000,MELI,2026-10-30,37,P,1890.0,3.47,1826.58,105.2,133.9,119.55,111.15,24.0,0.373,-0.5786,0.0018,-1.1511,2.296,118.4921,62.3,0,1
MELI261030C01900000,MELI,2026-10-30,37,C,1900.0,4.02,1826.58,44.8,74.8,59.8,113.16,50.2,0.3673,0.4121,0.0018,-1.1192,2.2969,57.7618,35.9,0,1
MELI261030P01900000,MELI,2026-10-30,37,P,1900.0,4.02,1826.58,112.3,140.7,126.5,0.0,22.5,0.3757,-0.5964,0.0018,-1.1386,2.2761,125.3869,63.9,0,0
MELI261030C01910000,MELI,2026-10-30,37,C,1910.0,4.57,1826.58,41.2,68.9,55.05,60.68,50.3,0.362,0.3949,0.0018,-1.105,2.2728,53.0898,34.1,0,1
MELI261030P01910000,MELI,2026-10-30,37,P,1910.0,4.57,1826.58,118.6,146.0,132.3,128.69,20.7,0.3728,-0.614,0.0018,-1.1246,2.2535,131.1843,65.6,0,1
MELI261030C01920000,MELI,2026-10-30,37,C,1920.0,5.11,1826.58,37.0,57.8,47.4,45.0,43.9,0.3427,0.378,0.0017,-1.089,2.244,45.5686,31.8,10,31
MELI261030P01920000,MELI,2026-10-30,37,P,1920.0,5.11,1826.58,124.9,152.9,138.9,104.23,20.2,0.3726,-0.6313,0.0018,-1.1086,2.2194,137.7534,67.2,0,2
MELI261030C01930000,MELI,2026-10-30,37,C,1930.0,5.66,1826.58,34.9,61.7,48.3,52.95,55.5,0.3612,0.3614,0.0017,-1.071,2.2116,46.4529,30.8,0,8
MELI261030P01930000,MELI,2026-10-30,37,P,1930.0,5.66,1826.58,132.2,159.3,145.75,114.34,18.6,0.3728,-0.6484,0.0018,-1.0906,2.1732,144.5684,68.8,0,8
MELI261030C01940000,MELI,2026-10-30,37,C,1940.0,6.21,1826.58,32.0,59.0,45.5,92.34,59.3,0.3623,0.345,0.0017,-1.0514,2.1762,43.6948,29.3,0,4
MELI261030P01940000,MELI,2026-10-30,37,P,1940.0,6.21,1826.58,138.6,167.4,153.0,0.0,18.8,0.3741,-0.6652,0.0017,-1.0707,2.1391,151.7703,70.2,0,0
MELI261030C01950000,MELI,2026-10-30,37,C,1950.0,6.76,1826.58,28.2,55.9,42.05,63.88,65.9,0.3597,0.329,0.0017,-1.0303,2.1374,40.3144,27.7,0,11
MELI261030P01950000,MELI,2026-10-30,37,P,1950.0,6.76,1826.58,146.0,174.3,160.15,0.0,17.7,0.3743,-0.6818,0.0017,-1.0497,2.1019,158.8815,71.7,0,0
MELI261030C01960000,MELI,2026-10-30,37,C,1960.0,7.3,1826.58,28.7,52.3,40.5,40.7,58.3,0.3654,0.3134,0.0016,-1.0077,2.0946,38.7892,26.5,0,11
MELI261030P01960000,MELI,2026-10-30,37,P,1960.0,7.3,1826.58,153.1,181.5,167.3,0.0,17.0,0.3739,-0.6979,0.0017,-1.0274,2.0533,166.0132,73.2,0,0
MELI261030C01970000,MELI,2026-10-30,37,C,1970.0,7.85,1826.58,22.7,49.5,36.1,39.3,74.2,0.3567,0.2981,0.0016,-0.9839,2.0491,34.504,24.6,2,14
MELI261030P01970000,MELI,2026-10-30,37,P,1970.0,7.85,1826.58,156.4,188.9,172.65,0.0,18.8,0.3636,-0.7137,0.0016,-1.0036,1.9943,171.3157,75.0,0,0
MELI261030C01980000,MELI,2026-10-30,37,C,1980.0,8.4,1826.58,22.8,43.5,33.15,39.1,62.4,0.3541,0.2832,0.0016,-0.959,2.0018,31.6241,23.1,0,2
MELI261030P01980000,MELI,2026-10-30,37,P,1980.0,8.4,1826.58,163.9,195.6,179.75,0.0,17.6,0.3609,-0.7291,0.0016,-0.9784,1.9431,178.3368,76.5,0,0
MELI261030C01990000,MELI,2026-10-30,37,C,1990.0,8.95,1826.58,17.5,45.0,31.25,33.9,88.0,0.3562,0.2688,0.0015,-0.9331,1.9524,29.7816,21.9,0,6
MELI261030P01990000,MELI,2026-10-30,37,P,1990.0,8.95,1826.58,171.6,203.3,187.45,149.3,16.9,0.3607,-0.7441,0.0016,-0.9527,1.8938,185.9896,77.9,0,3
MELI261030C02000000,MELI,2026-10-30,37,C,2000.0,9.49,1826.58,19.6,35.5,27.55,32.99,57.7,0.3479,0.2548,0.0015,-0.9065,1.9001,26.1784,20.1,0,15
MELI261030P02000000,MELI,2026-10-30,37,P,2000.0,9.49,1826.58,179.5,211.0,195.25,155.9,16.1,0.3602,-0.7586,0.0015,-0.9264,1.838,193.7193,79.2,0,4
MELI261030C02010000,MELI,2026-10-30,37,C,2010.0,10.04,1826.58,13.1,40.6,26.85,30.0,102.4,0.3552,0.2413,0.0014,-0.8792,1.8458,25.5037,19.3,1,3
MELI261030P02010000,MELI,2026-10-30,37,P,2010.0,10.04,1826.58,187.3,219.5,203.4,0.0,15.8,0.361,-0.7727,0.0015,-0.8992,1.7708,201.8083,80.4,0,0
MELI261030C02020000,MELI,2026-10-30,37,C,2020.0,10.59,1826.58,12.4,38.6,25.5,29.1,102.7,0.3584,0.2283,0.0014,-0.8515,1.7912,24.1824,18.3,4,7
MELI261030P02020000,MELI,2026-10-30,37,P,2020.0,10.59,1826.58,195.5,227.5,211.5,243.51,15.1,0.3607,-0.7862,0.0015,-0.8714,1.7047,209.8199,81.6,0,1
MELI261030C02030000,MELI,2026-10-30,37,C,2030.0,11.14,1826.58,16.0,35.8,25.9,27.12,76.4,0.3714,0.2158,0.0014,-0.8235,1.7361,24.5772,17.9,0,16
MELI261030P02030000,MELI,2026-10-30,37,P,2030.0,11.14,1826.58,203.7,236.0,219.85,0.0,14.7,0.3612,-0.7994,0.0014,-0.8432,1.6471,218.0813,82.6,0,0
MELI261030C02040000,MELI,2026-10-30,37,C,2040.0,11.68,1826.58,14.6,33.9,24.25,20.6,79.6,0.3722,0.2037,0.0013,-0.7953,1.6792,22.9748,16.9,2,17
MELI261030P02040000,MELI,2026-10-30,37,P,2040.0,11.68,1826.58,212.1,244.2,228.15,0.0,14.1,0.3608,-0.812,0.0014,-0.8152,1.5911,226.3031,83.7,0,0
MELI261030C02050000,MELI,2026-10-30,37,C,2050.0,12.23,1826.58,14.4,28.2,21.3,19.72,64.8,0.3644,0.1922,0.0013,-0.7671,1.6213,20.1245,15.4,2,5
MELI261030P02050000,MELI,2026-10-30,37,P,2050.0,12.23,1826.58,220.6,252.7,236.65,0.0,13.6,0.3609,-0.8242,0.0013,-0.7869,1.5183,234.7106,84.8,0,0
MELI261030C02060000,MELI,2026-10-30,37,C,2060.0,12.78,1826.58,15.6,28.9,22.25,47.88,59.8,0.3802,0.1812,0.0012,-0.739,1.564,21.0336,15.4,0,1
MELI261030P02060000,MELI,2026-10-30,37,P,2060.0,12.78,1826.58,229.2,261.0,245.1,197.55,13.0,0.3598,-0.8357,0.0013,-0.7584,1.4437,243.0401,85.8,0,1
MELI261030C02070000,MELI,2026-10-30,37,C,2070.0,13.33,1826.58,6.1,22.0,14.05,17.5,113.2,0.3344,0.1707,0.0012,-0.7111,1.5076,13.1597,11.7,1,12
MELI261030P02070000,MELI,2026-10-30,37,P,2070.0,13.33,1826.58,238.0,270.3,254.15,0.0,12.7,0.3624,-0.8468,0.0012,-0.7298,1.3843,252.0003,86.6,0,0
MELI261030C02080000,MELI,2026-10-30,37,C,2080.0,13.87,1826.58,8.1,26.1,17.1,26.16,105.3,0.3654,0.1607,0.0011,-0.6836,1.4512,16.0747,12.7,0,2
MELI261030P02080000,MELI,2026-10-30,37,P,2080.0,13.87,1826.58,246.7,278.6,262.65,290.59,12.1,0.3603,-0.8574,0.0012,-0.7012,1.3289,260.3829,87.6,0,3
MELI261030C02090000,MELI,2026-10-30,37,C,2090.0,14.42,1826.58,5.4,22.3,13.85,38.6,122.0,0.3507,0.1512,0.0011,-0.6565,1.3943,12.9664,11.0,0,1
MELI261030P02090000,MELI,2026-10-30,37,P,2090.0,14.42,1826.58,255.6,287.7,271.65,0.0,11.8,0.3613,-0.8676,0.0012,-0.6744,1.2574,269.2776,88.4,0,0
MELI261030C02100000,MELI,2026-10-30,37,C,2100.0,14.97,1826.58,12.1,25.9,19.0,12.1,72.6,0.397,0.1422,0.001,-0.63,1.3383,17.9068,12.8,4,82
MELI261030P02100000,MELI,2026-10-30,37,P,2100.0,14.97,1826.58,265.6,292.2,278.9,0.0,9.5,0.3453,-0.8772,0.0011,-0.6474,1.1858,276.1974,90.1,0,0
MELI261030C02110000,MELI,2026-10-30,37,C,2110.0,15.52,1826.58,8.5,28.2,18.35,14.5,107.4,0.4015,0.1337,0.001,-0.604,1.2843,17.2766,12.3,0,4
MELI261030P02110000,MELI,2026-10-30,37,P,2110.0,15.52,1826.58,276.2,298.3,287.25,0.0,7.7,0.3366,-0.8862,0.0011,-0.6205,1.1228,284.2682,91.3,0,0
MELI261030C02120000,MELI,2026-10-30,37,C,2120.0,16.06,1826.58,0.0,27.9,21.98,21.98,,0.3774,0.1257,0.001,-0.5787,1.2317,13.0597,10.3,0,6
MELI261030P02120000,MELI,2026-10-30,37,P,2120.0,16.06,1826.58,281.8,315.1,298.45,0.0,11.2,0.3577,-0.8948,0.001,-0.5931,1.0655,295.6229,90.8,0,0
MELI261030C02130000,MELI,2026-10-30,37,C,2130.0,16.61,1826.58,1.2,18.7,9.95,12.89,175.9,0.3514,0.118,0.0009,-0.5542,1.1797,9.2468,8.2,0,4
MELI261030P02130000,MELI,2026-10-30,37,P,2130.0,16.61,1826.58,292.2,324.0,308.1,0.0,10.3,0.3622,-0.9031,0.001,-0.5686,1.0114,305.1799,91.2,0,0
MELI261030C02140000,MELI,2026-10-30,37,C,2140.0,17.16,1826.58,5.6,19.7,12.65,10.65,111.5,0.3835,0.1109,0.0009,-0.5304,1.1284,11.8262,9.3,1,11
MELI261030P02140000,MELI,2026-10-30,37,P,2140.0,17.16,1826.58,301.5,333.5,317.5,0.0,10.1,0.3636,-0.9111,0.001,-0.5486,0.9355,314.4413,91.8,0,0
MELI261030C02150000,MELI,2026-10-30,37,C,2150.0,17.71,1826.58,0.25,19.7,9.975,0.0,195.0,0.3675,0.1042,0.0008,-0.5074,1.0789,9.2776,7.8,0,0
MELI261030P02150000,MELI,2026-10-30,37,P,2150.0,17.71,1826.58,310.8,341.8,326.3,0.0,9.5,0.3568,-0.9184,0.0009,-0.5281,0.8744,322.9601,92.7,0,0
MELI261030C02160000,MELI,2026-10-30,37,C,2160.0,18.25,1826.58,0.0,25.3,20.2,20.2,,0.3997,0.0978,0.0008,-0.4852,1.0318,11.8239,8.9,0,7
MELI261030P02160000,MELI,2026-10-30,37,P,2160.0,18.25,1826.58,319.2,352.0,335.6,0.0,9.8,0.3547,-0.9253,0.0009,-0.5067,0.8226,332.0375,93.4,0,0
MELI261030C02170000,MELI,2026-10-30,37,C,2170.0,18.8,1826.58,0.0,25.2,18.93,18.93,,0.4072,0.0919,0.0008,-0.4638,0.9865,11.771,8.7,0,4
MELI261030P02170000,MELI,2026-10-30,37,P,2170.0,18.8,1826.58,329.5,362.0,345.75,0.0,9.4,0.3644,-0.9318,0.0008,-0.487,0.7716,342.1941,93.4,0,0
MELI261030C02180000,MELI,2026-10-30,37,C,2180.0,19.35,1826.58,0.0,24.6,11.47,11.47,,0.4124,0.0863,0.0007,-0.4433,0.9422,11.4825,8.4,0,7
MELI261030P02180000,MELI,2026-10-30,37,P,2180.0,19.35,1826.58,339.2,371.2,355.2,0.0,9.0,0.3631,-0.9382,0.0008,-0.4709,0.717,351.4154,94.0,0,0
MELI261030C02190000,MELI,2026-10-30,37,C,2190.0,19.9,1826.58,0.0,24.0,12.34,12.34,,0.4175,0.0811,0.0007,-0.4236,0.8992,11.2008,8.1,0,17
MELI261030P02190000,MELI,2026-10-30,37,P,2190.0,19.9,1826.58,348.5,380.0,364.25,290.9,8.6,0.3528,-0.9441,0.0008,-0.4544,0.6416,360.0219,94.9,0,1
MELI261030C02200000,MELI,2026-10-30,37,C,2200.0,20.44,1826.58,0.0,11.1,9.77,9.77,,0.3546,0.0762,0.0006,-0.4048,0.8579,5.1007,4.8,0,10
MELI261030P02200000,MELI,2026-10-30,37,P,2200.0,20.44,1826.58,358.4,390.7,374.55,301.0,8.6,0.3658,-0.9496,0.0007,-0.4377,0.5912,370.4252,94.7,0,1
MELI261030C02210000,MELI,2026-10-30,37,C,2210.0,20.99,1826.58,0.0,23.0,,0.0,,0.4281,0.0716,0.0006,-0.3868,0.819,10.7257,7.5,0,0
MELI261030P02210000,MELI,2026-10-30,37,P,2210.0,20.99,1826.58,368.1,400.0,384.05,0.0,8.3,0.3621,-0.9551,0.0007,-0.4202,0.5527,379.6241,95.3,0,0
MELI261030C02220000,MELI,2026-10-30,37,C,2220.0,21.54,1826.58,0.0,22.6,7.5,7.5,,0.4337,0.0674,0.0006,-0.3696,0.782,10.5385,7.3,0,2
MELI261030P02220000,MELI,2026-10-30,37,P,2220.0,21.54,1826.58,377.8,409.5,393.65,0.0,8.1,0.3574,-0.9602,0.0007,-0.4026,0.517,388.8366,95.9,0,0
MELI261030C02230000,MELI,2026-10-30,37,C,2230.0,22.09,1826.58,1.6,22.1,11.85,16.5,173.0,0.4464,0.0634,0.0006,-0.3532,0.7465,11.0558,7.4,0,3
MELI261030P02230000,MELI,2026-10-30,37,P,2230.0,22.09,1826.58,387.5,419.8,403.65,0.0,8.0,0.364,-0.965,0.0007,-0.4036,0.4647,398.7974,95.9,0,0
MELI261030C02240000,MELI,2026-10-30,37,C,2240.0,22.63,1826.58,0.0,21.7,,0.0,,0.4439,0.0596,0.0005,-0.3376,0.7121,10.1041,6.9,0,0
MELI261030P02240000,MELI,2026-10-30,37,P,2240.0,22.63,1826.58,397.3,429.6,413.45,0.0,7.8,0.3623,-0.9694,0.0007,-0.3902,0.3982,408.2724,96.3,0,0
MELI261030C02250000,MELI,2026-10-30,37,C,2250.0,23.18,1826.58,0.0,21.4,8.85,8.85,,0.4496,0.0562,0.0005,-0.3228,0.6791,9.9605,6.7,0,1
MELI261030P02250000,MELI,2026-10-30,37,P,2250.0,23.18,1826.58,407.2,439.4,423.3,0.0,7.6,0.3603,-0.9732,0.0006,-0.3675,0.3428,417.7765,96.7,0,0
MELI261030C02260000,MELI,2026-10-30,37,C,2260.0,23.73,1826.58,0.0,21.1,8.05,8.05,,0.4553,0.0529,0.0005,-0.3087,0.6479,9.8263,6.5,0,5
MELI261030P02260000,MELI,2026-10-30,37,P,2260.0,23.73,1826.58,417.0,448.7,432.85,0.0,7.3,0.0,-0.9767,0.0006,-0.3464,0.3131,,,0,0
MELI261030C02270000,MELI,2026-10-30,37,C,2270.0,24.28,1826.58,0.0,15.6,6.35,6.35,,0.4312,0.0498,0.0004,-0.2952,0.6186,7.2167,5.2,0,4
MELI261030P02270000,MELI,2026-10-30,37,P,2270.0,24.28,1826.58,426.9,458.5,442.7,0.0,7.1,0.0,-0.9803,0.0005,-0.3554,0.2574,,,0,0
MELI261030C02280000,MELI,2026-10-30,37,C,2280.0,24.82,1826.58,0.0,20.5,,0.0,,0.4662,0.047,0.0004,-0.2825,0.5908,9.5393,6.2,0,0
MELI261030P02280000,MELI,2026-10-30,37,P,2280.0,24.82,1826.58,435.6,469.4,452.5,0.0,7.5,0.0,-0.9836,0.0005,-0.3651,0.2036,,,0,0
MELI261120C01380000,MELI,2026-11-20,58,C,1380.0,-24.45,1826.58,450.4,482.5,466.45,439.32,6.9,0.4718,0.9463,0.0003,-0.2555,0.813,463.5445,92.4,0,10
MELI261120P01380000,MELI,2026-11-20,58,P,1380.0,-24.45,1826.58,0.0,25.1,16.3,16.3,,0.5189,-0.0541,0.0003,-0.3171,0.8169,12.3286,10.0,0,20
MELI261120C01400000,MELI,2026-11-20,58,C,1400.0,-23.35,1826.58,432.8,463.8,448.3,478.86,6.9,0.4724,0.9389,0.0004,-0.289,0.899,445.3538,91.2,0,9
MELI261120P01400000,MELI,2026-11-20,58,P,1400.0,-23.35,1826.58,0.0,16.2,12.0,12.0,,0.4493,-0.0616,0.0004,-0.3484,0.9035,7.9603,7.6,0,10
MELI261120C01420000,MELI,2026-11-20,58,C,1420.0,-22.26,1826.58,414.4,445.4,429.9,442.44,7.2,0.468,0.9307,0.0004,-0.3246,0.9914,426.924,90.2,0,6
MELI261120P01420000,MELI,2026-11-20,58,P,1420.0,-22.26,1826.58,1.8,13.2,7.5,12.0,152.0,0.4231,-0.0699,0.0004,-0.3818,0.9946,7.3794,7.4,0,9
MELI261120C01440000,MELI,2026-11-20,58,C,1440.0,-21.16,1826.58,400.5,426.3,413.4,429.3,6.2,0.4791,0.9215,0.0004,-0.3623,1.0882,410.3718,88.2,0,5
MELI261120P01440000,MELI,2026-11-20,58,P,1440.0,-21.16,1826.58,11.3,18.2,14.75,12.0,46.8,0.4778,-0.0791,0.0004,-0.4173,1.0954,14.5213,11.8,2,9
MELI261120C01460000,MELI,2026-11-20,58,C,1460.0,-20.07,1826.58,377.0,410.2,393.6,408.31,8.4,0.4589,0.9113,0.0005,-0.402,1.1924,390.5619,87.9,0,3
MELI261120P01460000,MELI,2026-11-20,58,P,1460.0,-20.07,1826.58,12.0,17.0,14.5,16.55,34.5,0.455,-0.0894,0.0005,-0.4549,1.1976,14.2794,11.9,0,11
MELI261120C01480000,MELI,2026-11-20,58,C,1480.0,-18.97,1826.58,365.4,390.6,378.0,447.6,6.7,0.4715,0.9001,0.0005,-0.4434,1.3007,374.907,85.5,0,3
MELI261120P01480000,MELI,2026-11-20,58,P,1480.0,-18.97,1826.58,6.2,20.0,13.1,20.3,105.3,0.4228,-0.1007,0.0005,-0.4941,1.305,12.9208,11.5,0,16
MELI261120C01500000,MELI,2026-11-20,58,C,1500.0,-17.88,1826.58,348.0,373.2,360.6,0.0,7.0,0.4674,0.8878,0.0006,-0.4862,1.4124,357.4825,84.1,0,0
MELI261120P01500000,MELI,2026-11-20,58,P,1500.0,-17.88,1826.58,10.0,25.9,17.95,20.2,88.6,0.4409,-0.1131,0.0006,-0.5349,1.4226,17.7142,14.3,6,27
MELI261120C01520000,MELI,2026-11-20,58,C,1520.0,-16.78,1826.58,324.7,357.8,341.25,313.49,9.7,0.449,0.8744,0.0006,-0.5301,1.5296,338.131,83.5,0,3
MELI261120P01520000,MELI,2026-11-20,58,P,1520.0,-16.78,1826.58,19.7,24.6,22.15,24.85,22.1,0.4487,-0.1266,0.0006,-0.5768,1.5369,21.8754,16.5,0,11
MELI261120C01540000,MELI,2026-11-20,58,C,1540.0,-15.69,1826.58,309.1,340.9,325.0,376.08,9.8,0.4497,0.8599,0.0007,-0.5748,1.6471,321.8433,81.5,0,1
MELI261120P01540000,MELI,2026-11-20,58,P,1540.0,-15.69,1826.58,23.1,28.1,25.6,25.82,19.5,0.4484,-0.1412,0.0007,-0.6196,1.6553,25.2947,18.4,3,23
MELI261120C01560000,MELI,2026-11-20,58,C,1560.0,-14.59,1826.58,292.0,324.6,308.3,290.88,10.6,0.4457,0.8443,0.0007,-0.6198,1.7664,305.136,79.8,0,2
MELI261120P01560000,MELI,2026-11-20,58,P,1560.0,-14.59,1826.58,20.7,44.5,32.6,34.0,73.0,0.4658,-0.157,0.0007,-0.6627,1.7758,32.2332,21.4,0,16
MELI261120C01580000,MELI,2026-11-20,58,C,1580.0,-13.5,1826.58,276.2,308.7,292.45,292.11,11.1,0.4446,0.8276,0.0008,-0.6646,1.8869,289.2749,77.8,0,2
MELI261120P01580000,MELI,2026-11-20,58,P,1580.0,-13.5,1826.58,21.1,42.6,31.85,36.38,67.5,0.4383,-0.1739,0.0008,-0.7058,1.894,31.5166,21.8,1,16
MELI261120C01600000,MELI,2026-11-20,58,C,1600.0,-12.4,1826.58,265.5,293.1,279.3,259.12,9.9,0.4549,0.8099,0.0008,-0.7089,2.004,276.0874,75.0,0,3
MELI261120P01600000,MELI,2026-11-20,58,P,1600.0,-12.4,1826.58,30.0,39.0,34.5,44.0,26.1,0.4286,-0.1919,0.0008,-0.7483,2.014,34.1669,23.4,1,31
MELI261120C01620000,MELI,2026-11-20,58,C,1620.0,-11.31,1826.58,250.3,277.3,263.8,310.94,10.2,0.4511,0.7911,0.0009,-0.7521,2.1204,260.593,73.0,0,1
MELI261120P01620000,MELI,2026-11-20,58,P,1620.0,-11.31,1826.58,27.2,56.8,42.0,46.28,70.5,0.441,-0.2109,0.0009,-0.7898,2.1291,41.6177,26.4,2,18
MELI261120C01640000,MELI,2026-11-20,58,C,1640.0,-10.21,1826.58,232.0,262.0,247.0,338.82,12.1,0.4398,0.7713,0.0009,-0.7937,2.2328,243.8008,71.3,0,1
MELI261120P01640000,MELI,2026-11-20,58,P,1640.0,-10.21,1826.58,35.5,57.0,46.25,55.0,46.5,0.4354,-0.2309,0.001,-0.8298,2.2396,45.8587,28.4,3,146
MELI261120C01660000,MELI,2026-11-20,58,C,1660.0,-9.12,1826.58,216.4,247.8,232.1,231.0,13.5,0.4357,0.7506,0.001,-0.8334,2.3388,228.9111,69.2,0,3
MELI261120P01660000,MELI,2026-11-20,58,P,1660.0,-9.12,1826.58,40.7,64.9,52.8,53.0,45.8,0.4381,-0.2518,0.001,-0.8678,2.3518,52.3693,31.0,4,9
MELI261120C01680000,MELI,2026-11-20,58,C,1680.0,-8.02,1826.58,204.0,235.0,219.5,220.06,14.1,0.4394,0.7291,0.001,-0.8705,2.4407,216.3074,66.5,0,40
MELI261120P01680000,MELI,2026-11-20,58,P,1680.0,-8.02,1826.58,49.5,62.3,55.9,58.3,22.9,0.4244,-0.2737,0.001,-0.9034,2.4504,55.463,32.7,10,10
MELI261120C01700000,MELI,2026-11-20,58,C,1700.0,-6.93,1826.58,188.9,220.9,204.9,193.53,15.6,0.4331,0.7068,0.0011,-0.9047,2.5342,201.7532,64.3,2,3
MELI261120P01700000,MELI,2026-11-20,58,P,1700.0,-6.93,1826.58,52.4,80.6,66.5,71.1,42.4,0.4395,-0.2963,0.0011,-0.9361,2.5435,66.0119,36.0,1,12
MELI261120C01720000,MELI,2026-11-20,58,C,1720.0,-5.83,1826.58,176.0,208.8,192.4,176.96,17.0,0.4333,0.6838,0.0011,-0.9357,2.6193,189.2804,61.7,0,2
MELI261120P01720000,MELI,2026-11-20,58,P,1720.0,-5.83,1826.58,56.0,83.4,69.7,93.35,39.3,0.4234,-0.3196,0.0011,-0.9657,2.6287,69.2331,37.8,0,9
MELI261120C01730000,MELI,2026-11-20,58,C,1730.0,-5.29,1826.58,172.0,202.6,187.3,176.6,16.3,0.437,0.6721,0.0011,-0.9498,2.6591,184.187,60.3,0,1
MELI261120P01730000,MELI,2026-11-20,58,P,1730.0,-5.29,1826.58,60.6,90.6,75.6,0.0,39.7,0.4311,-0.3315,0.0012,-0.9792,2.6662,75.0881,39.5,0,0
MELI261120C01740000,MELI,2026-11-20,58,C,1740.0,-4.74,1826.58,165.6,195.8,180.7,165.37,16.7,0.4345,0.6603,0.0012,-0.963,2.6965,177.5889,59.1,0,2
MELI261120P01740000,MELI,2026-11-20,58,P,1740.0,-4.74,1826.58,67.0,91.0,79.0,95.61,30.4,0.4289,-0.3436,0.0012,-0.9917,2.7031,78.4857,40.7,0,10
MELI261120C01750000,MELI,2026-11-20,58,C,1750.0,-4.19,1826.58,160.0,189.9,174.95,0.0,17.1,0.4348,0.6483,0.0012,-0.9753,2.731,171.8604,57.8,0,0
MELI261120P01750000,MELI,2026-11-20,58,P,1750.0,-4.19,1826.58,72.7,89.9,81.3,85.0,21.2,0.4223,-0.3558,0.0012,-1.0033,2.736,80.8059,41.8,6,5
MELI261120C01760000,MELI,2026-11-20,58,C,1760.0,-3.65,1826.58,152.2,183.2,167.7,166.6,18.5,0.4292,0.6362,0.0012,-0.9865,2.7628,164.6438,56.7,0,3
MELI261120P01760000,MELI,2026-11-20,58,P,1760.0,-3.65,1826.58,72.0,98.6,85.3,102.43,31.2,0.4215,-0.368,0.0012,-1.0139,2.7684,84.8023,43.1,0,14
MELI261120C01770000,MELI,2026-11-20,58,C,1770.0,-3.1,1826.58,148.0,178.8,163.4,170.0,18.8,0.4338,0.624,0.0012,-0.9968,2.7921,160.3502,55.3,4,3
MELI261120P01770000,MELI,2026-11-20,58,P,1770.0,-3.1,1826.58,79.3,103.2,91.25,100.3,26.2,0.4271,-0.3805,0.0012,-1.0235,2.7985,90.6984,44.6,0,4
MELI261120C01780000,MELI,2026-11-20,58,C,1780.0,-2.55,1826.58,144.0,173.2,158.6,160.0,18.4,0.4361,0.6117,0.0012,-1.006,2.819,155.567,53.9,4,2
MELI261120P01780000,MELI,2026-11-20,58,P,1780.0,-2.55,1826.58,87.0,111.3,99.15,110.53,24.5,0.4392,-0.393,0.0012,-1.0321,2.8233,98.5768,46.2,0,18
MELI261120C01790000,MELI,2026-11-20,58,C,1790.0,-2.0,1826.58,136.0,166.6,151.3,135.5,20.2,0.4292,0.5994,0.0012,-1.0141,2.8433,148.3264,52.8,0,4
MELI261120P01790000,MELI,2026-11-20,58,P,1790.0,-2.0,1826.58,84.4,111.0,97.7,0.0,27.2,0.4177,-0.4056,0.0012,-1.0396,2.8464,97.1607,47.0,0,0
MELI261120C01800000,MELI,2026-11-20,58,C,1800.0,-1.46,1826.58,132.0,161.2,146.6,136.53,19.9,0.4309,0.5869,0.0012,-1.0211,2.8647,143.6291,51.5,2,10
MELI261120P01800000,MELI,2026-11-20,58,P,1800.0,-1.46,1826.58,93.0,120.1,106.55,114.82,25.4,0.432,-0.4183,0.0013,-1.046,2.8666,105.957,48.6,3,31
MELI261120C01810000,MELI,2026-11-20,58,C,1810.0,-0.91,1826.58,128.0,154.1,141.05,132.69,18.5,0.4293,0.5744,0.0012,-1.0271,2.8832,138.1226,50.2,8,0
MELI261120P01810000,MELI,2026-11-20,58,P,1810.0,-0.91,1826.58,98.5,120.4,109.45,119.03,20.0,0.425,-0.431,0.0013,-1.0514,2.8842,108.8446,49.7,8,0
MELI261120C01820000,MELI,2026-11-20,58,C,1820.0,-0.36,1826.58,122.8,151.0,136.9,139.0,20.6,0.4321,0.5619,0.0012,-1.0319,2.8987,134.0039,48.9,2,5
MELI261120P01820000,MELI,2026-11-20,58,P,1820.0,-0.36,1826.58,103.2,129.5,116.35,119.52,22.6,0.4315,-0.4438,0.0013,-1.0558,2.8979,115.7198,51.1,0,7
MELI261120C01830000,MELI,2026-11-20,58,C,1830.0,0.19,1826.58,123.0,145.9,134.45,127.65,17.0,0.4402,0.5493,0.0013,-1.0357,2.9115,131.5487,47.5,4,2
MELI261120P01830000,MELI,2026-11-20,58,P,1830.0,0.19,1826.58,104.0,132.2,118.1,0.0,23.9,0.4198,-0.4566,0.0013,-1.0589,2.9095,117.4849,52.3,0,0
MELI261120C01840000,MELI,2026-11-20,58,C,1840.0,0.73,1826.58,117.0,141.8,129.4,125.0,19.2,0.439,0.5368,0.0013,-1.0384,2.9214,126.5407,46.3,18,252
MELI261120P01840000,MELI,2026-11-20,58,P,1840.0,0.73,1826.58,112.4,137.2,124.8,128.6,19.9,0.4246,-0.4695,0.0013,-1.061,2.9176,124.133,53.6,0,16
MELI261120C01850000,MELI,2026-11-20,58,C,1850.0,1.28,1826.58,104.8,137.6,121.2,126.0,27.1,0.4266,0.5242,0.0013,-1.0399,2.9284,118.4041,45.1,4,7
MELI261120P01850000,MELI,2026-11-20,58,P,1850.0,1.28,1826.58,118.0,142.4,130.2,135.31,18.7,0.4246,-0.4824,0.0013,-1.062,2.9226,129.5221,54.9,0,7
MELI261120C01860000,MELI,2026-11-20,58,C,1860.0,1.83,1826.58,102.3,132.1,117.2,117.9,25.4,0.4282,0.5116,0.0013,-1.0404,2.9325,114.4475,43.9,1,59
MELI261120P01860000,MELI,2026-11-20,58,P,1860.0,1.83,1826.58,123.1,150.6,136.85,129.41,20.1,0.4284,-0.4952,0.0013,-1.062,2.9259,136.1406,56.1,2,8
MELI261120C01870000,MELI,2026-11-20,58,C,1870.0,2.38,1826.58,100.5,126.3,113.4,114.65,22.8,0.43,0.499,0.0013,-1.0398,2.9338,110.6728,42.6,1,2
MELI261120P01870000,MELI,2026-11-20,58,P,1870.0,2.38,1826.58,129.4,151.0,140.2,147.38,15.4,0.4205,-0.5081,0.0013,-1.0609,2.9246,139.4853,57.4,0,1
MELI261120C01880000,MELI,2026-11-20,58,C,1880.0,2.92,1826.58,94.3,119.9,107.1,100.98,23.9,0.4229,0.4865,0.0013,-1.0381,2.9323,104.4368,41.4,0,5
MELI261120P01880000,MELI,2026-11-20,58,P,1880.0,2.92,1826.58,134.5,161.9,148.2,164.4,18.5,0.4281,-0.521,0.0013,-1.0587,2.918,147.4538,58.6,0,2
MELI261120C01890000,MELI,2026-11-20,58,C,1890.0,3.47,1826.58,90.0,119.3,104.65,93.0,28.0,0.4285,0.474,0.0013,-1.0354,2.9278,102.0067,40.2,1,3
MELI261120P01890000,MELI,2026-11-20,58,P,1890.0,3.47,1826.58,140.4,167.0,153.7,158.18,17.3,0.4266,-0.5338,0.0013,-1.0555,2.9132,152.9014,59.8,0,1
MELI261120C01900000,MELI,2026-11-20,58,C,1900.0,4.02,1826.58,95.0,115.3,105.15,103.0,19.3,0.4438,0.4616,0.0013,-1.0316,2.9203,102.4915,39.2,8,24
MELI261120P01900000,MELI,2026-11-20,58,P,1900.0,4.02,1826.58,147.0,174.3,160.65,160.1,17.0,0.4298,-0.5466,0.0013,-1.0513,2.9038,159.8278,61.0,2,5
MELI261120C01910000,MELI,2026-11-20,58,C,1910.0,4.57,1826.58,83.9,107.2,95.55,97.2,24.4,0.4241,0.4492,0.0013,-1.0269,2.91,92.9868,37.8,0,1
MELI261120P01910000,MELI,2026-11-20,58,P,1910.0,4.57,1826.58,153.2,180.6,166.9,172.71,16.4,0.4302,-0.5592,0.0013,-1.046,2.8918,166.0598,62.1,0,1
MELI261120C01920000,MELI,2026-11-20,58,C,1920.0,5.11,1826.58,83.3,100.7,92.0,84.04,18.9,0.4248,0.4369,0.0013,-1.0212,2.8973,89.4906,36.6,0,26
MELI261120P01920000,MELI,2026-11-20,58,P,1920.0,5.11,1826.58,158.8,186.8,172.8,172.2,16.2,0.4289,-0.5719,0.0013,-1.0398,2.878,171.9192,63.3,2,10
MELI261120C01930000,MELI,2026-11-20,58,C,1930.0,5.66,1826.58,72.0,98.9,85.45,85.14,31.5,0.4146,0.4248,0.0013,-1.0145,2.8822,83.0084,35.3,2,0
MELI261120P01930000,MELI,2026-11-20,58,P,1930.0,5.66,1826.58,160.3,193.1,176.7,0.0,18.6,0.4202,-0.5844,0.0013,-1.0327,2.8582,175.7912,64.6,0,0
MELI261120C01940000,MELI,2026-11-20,58,C,1940.0,6.21,1826.58,70.9,95.5,83.2,78.9,29.6,0.419,0.4127,0.0013,-1.0069,2.8645,80.8004,34.2,1,12
MELI261120P01940000,MELI,2026-11-20,58,P,1940.0,6.21,1826.58,166.9,199.5,183.2,150.13,17.8,0.4202,-0.5969,0.0013,-1.0246,2.8311,182.2674,65.7,0,1
MELI261120C01950000,MELI,2026-11-20,58,C,1950.0,6.76,1826.58,70.0,92.0,81.0,75.4,27.2,0.4232,0.4007,0.0012,-0.9985,2.8439,78.632,33.2,1,11
MELI261120P01950000,MELI,2026-11-20,58,P,1950.0,6.76,1826.58,174.4,205.8,190.1,0.0,16.5,0.4211,-0.6093,0.0013,-1.0158,2.8107,189.108,66.8,0,0
MELI261120C01960000,MELI,2026-11-20,58,C,1960.0,7.3,1826.58,71.9,88.6,80.25,79.47,20.8,0.4322,0.3889,0.0012,-0.9892,2.8205,77.8929,32.3,0,16
MELI261120P01960000,MELI,2026-11-20,58,P,1960.0,7.3,1826.58,179.9,212.5,196.2,225.0,16.6,0.4188,-0.6215,0.0013,-1.0061,2.7826,195.1659,68.0,0,2
MELI261120C01970000,MELI,2026-11-20,58,C,1970.0,7.85,1826.58,59.5,89.5,74.5,66.9,40.3,0.4231,0.3772,0.0012,-0.9792,2.7949,72.222,31.0,0,1
MELI261120P01970000,MELI,2026-11-20,58,P,1970.0,7.85,1826.58,188.1,219.5,203.8,0.0,15.4,0.4215,-0.6336,0.0013,-0.9955,2.7587,202.7195,69.0,0,0
MELI261120C01980000,MELI,2026-11-20,58,C,1980.0,8.4,1826.58,66.0,79.5,72.75,71.4,18.6,0.4279,0.3656,0.0012,-0.9684,2.7674,70.5004,30.1,0,180
MELI261120P01980000,MELI,2026-11-20,58,P,1980.0,8.4,1826.58,195.0,226.4,210.7,217.71,14.9,0.4213,-0.6455,0.0013,-0.9842,2.7277,209.5746,70.1,0,1
MELI261120C01990000,MELI,2026-11-20,58,C,1990.0,8.95,1826.58,53.7,83.4,68.55,0.0,43.3,0.4235,0.3542,0.0012,-0.9568,2.7382,66.3702,29.0,0,0
MELI261120P01990000,MELI,2026-11-20,58,P,1990.0,8.95,1826.58,200.7,234.0,217.35,0.0,15.3,0.4198,-0.6573,0.0012,-0.9723,2.6912,216.1847,71.1,0,0
MELI261120C02000000,MELI,2026-11-20,58,C,2000.0,9.49,1826.58,60.0,68.9,64.45,55.81,13.8,0.419,0.343,0.0012,-0.9446,2.707,62.3444,27.8,1,72
MELI261120P02000000,MELI,2026-11-20,58,P,2000.0,9.49,1826.58,207.8,241.0,224.4,187.2,14.8,0.4192,-0.669,0.0012,-0.9596,2.6477,223.1455,72.2,0,2
MELI261120C02020000,MELI,2026-11-20,58,C,2020.0,10.59,1826.58,43.5,67.0,55.25,60.0,42.5,0.4046,0.3212,0.0012,-0.9185,2.6372,53.309,25.3,0,16
MELI261120P02020000,MELI,2026-11-20,58,P,2020.0,10.59,1826.58,223.5,255.3,239.4,191.0,13.3,0.4205,-0.6918,0.0012,-0.9328,2.5713,238.0238,74.1,0,1
MELI261120C02040000,MELI,2026-11-20,58,C,2040.0,11.68,1826.58,42.0,65.4,53.7,55.6,43.6,0.4179,0.3001,0.0011,-0.8902,2.5611,51.789,23.9,0,193
MELI261120P02040000,MELI,2026-11-20,58,P,2040.0,11.68,1826.58,237.3,268.0,252.65,260.17,12.2,0.4133,-0.7137,0.0012,-0.9034,2.4921,251.1323,76.3,0,1
MELI261120C02060000,MELI,2026-11-20,58,C,2060.0,12.78,1826.58,38.5,55.6,47.05,46.72,36.3,0.4099,0.2799,0.0011,-0.8603,2.4809,45.2795,21.8,6,49
MELI261120P02060000,MELI,2026-11-20,58,P,2060.0,12.78,1826.58,253.9,284.8,269.35,255.8,11.5,0.4183,-0.7349,0.0012,-0.8726,2.3861,267.6761,77.8,0,1
MELI261120C02080000,MELI,2026-11-20,58,C,2080.0,13.87,1826.58,34.6,56.1,45.35,46.3,47.4,0.4206,0.2606,0.0011,-0.8291,2.3942,43.6104,20.6,2,22
MELI261120P02080000,MELI,2026-11-20,58,P,2080.0,13.87,1826.58,269.6,300.0,284.8,0.0,10.7,0.4167,-0.7552,0.0011,-0.8409,2.2932,282.9385,79.6,0,0
MELI261120C02100000,MELI,2026-11-20,58,C,2100.0,14.97,1826.58,36.8,43.4,40.1,45.0,16.5,0.4153,0.2422,0.001,-0.7969,2.3039,38.4867,18.8,3,64
MELI261120P02100000,MELI,2026-11-20,58,P,2100.0,14.97,1826.58,285.6,316.0,300.8,251.31,10.1,0.416,-0.7745,0.0011,-0.8076,2.1996,298.7579,81.2,0,2
MELI261120C02120000,MELI,2026-11-20,58,C,2120.0,16.06,1826.58,26.8,42.9,34.85,35.21,46.2,0.4081,0.2248,0.001,-0.7641,2.213,33.3758,16.9,0,13
MELI261120P02120000,MELI,2026-11-20,58,P,2120.0,16.06,1826.58,302.0,331.8,316.9,351.19,9.4,0.414,-0.7929,0.001,-0.7738,2.074,314.6195,82.8,0,1
MELI261120C02140000,MELI,2026-11-20,58,C,2140.0,17.16,1826.58,24.9,39.0,31.95,35.8,44.1,0.4101,0.2084,0.0009,-0.7311,2.1189,30.5634,15.6,1,94
MELI261120P02140000,MELI,2026-11-20,58,P,2140.0,17.16,1826.58,318.9,348.0,333.45,0.0,8.7,0.4125,-0.8104,0.001,-0.7407,1.9721,330.9121,84.3,0,0
MELI261120C02160000,MELI,2026-11-20,58,C,2160.0,18.25,1826.58,21.5,35.5,28.5,34.3,49.1,0.4081,0.193,0.0009,-0.698,2.0233,27.2137,14.2,0,8
MELI261120P02160000,MELI,2026-11-20,58,P,2160.0,18.25,1826.58,335.2,366.7,350.95,0.0,9.0,0.4146,-0.8268,0.001,-0.7068,1.8755,348.2052,85.5,0,0
MELI261120C02180000,MELI,2026-11-20,58,C,2180.0,19.35,1826.58,11.3,39.9,25.6,20.2,111.7,0.4074,0.1785,0.0008,-0.6652,1.93,24.3951,12.9,1,175
MELI261120P02180000,MELI,2026-11-20,58,P,2180.0,19.35,1826.58,352.5,384.0,368.25,313.76,8.6,0.414,-0.8422,0.0009,-0.6723,1.7498,365.2122,86.8,0,2
MELI261120C02200000,MELI,2026-11-20,58,C,2200.0,20.44,1826.58,18.5,29.9,24.2,26.0,47.1,0.4138,0.165,0.0008,-0.633,1.8369,23.0568,12.1,0,10
MELI261120P02200000,MELI,2026-11-20,58,P,2200.0,20.44,1826.58,370.1,401.5,385.8,392.64,8.1,0.4132,-0.8569,0.0009,-0.6391,1.6272,382.4327,88.0,0,3
MELI261120C02220000,MELI,2026-11-20,58,C,2220.0,21.54,1826.58,21.0,34.3,27.65,21.6,48.1,0.4463,0.1524,0.0008,-0.6014,1.7436,26.4027,12.5,18,11
MELI261120P02220000,MELI,2026-11-20,58,P,2220.0,21.54,1826.58,387.8,419.9,403.85,327.78,7.9,0.4142,-0.8706,0.0008,-0.6068,1.5385,400.1861,89.0,0,5
MELI261120C02240000,MELI,2026-11-20,58,C,2240.0,22.63,1826.58,5.4,34.3,19.85,20.5,145.6,0.4149,0.1407,0.0007,-0.5706,1.6537,18.8509,10.1,21,4
MELI261120P02240000,MELI,2026-11-20,58,P,2240.0,22.63,1826.58,405.8,432.6,419.2,368.24,6.4,0.3925,-0.8833,0.0008,-0.5738,1.4293,414.7123,91.0,0,1
MELI261120C02260000,MELI,2026-11-20,58,C,2260.0,23.73,1826.58,7.3,30.5,18.9,17.7,122.8,0.4216,0.1299,0.0007,-0.5408,1.5673,17.9411,9.5,10,3
MELI261120P02260000,MELI,2026-11-20,58,P,2260.0,23.73,1826.58,425.0,450.8,437.9,364.57,5.9,0.3936,-0.895,0.0008,-0.5405,1.3005,433.0373,91.8,0,1
MELI261120C02280000,MELI,2026-11-20,58,C,2280.0,24.82,1826.58,12.4,19.2,15.8,19.21,43.0,0.4131,0.1198,0.0006,-0.5121,1.4821,14.9622,8.2,2,3
MELI261120P02280000,MELI,2026-11-20,58,P,2280.0,24.82,1826.58,442.6,474.6,458.6,463.0,7.0,0.4119,-0.9064,0.0007,-0.5155,1.1882,453.772,91.8,0,1
MELI261218C01380000,MELI,2026-12-18,86,C,1380.0,-24.45,1826.58,461.8,493.4,477.6,494.78,6.6,0.4492,0.9291,0.0004,-0.2167,1.2246,474.2071,88.9,0,6
MELI261218P01380000,MELI,2026-12-18,86,P,1380.0,-24.45,1826.58,2.3,22.8,12.55,15.4,163.3,0.4312,-0.0716,0.0004,-0.3012,1.2305,12.4991,10.0,0,20
MELI261218C01400000,MELI,2026-12-18,86,C,1400.0,-23.35,1826.58,448.5,470.4,459.45,440.15,4.8,0.4441,0.9207,0.0004,-0.2448,1.3317,456.0286,87.9,0,89
MELI261218P01400000,MELI,2026-12-18,86,P,1400.0,-23.35,1826.58,6.5,18.3,12.4,18.63,95.2,0.4131,-0.08,0.0004,-0.3261,1.3402,12.3611,10.1,0,103
MELI261218C01420000,MELI,2026-12-18,86,C,1420.0,-22.26,1826.58,426.1,452.6,439.35,412.0,6.0,0.4242,0.9116,0.0004,-0.274,1.4459,435.9006,87.8,2,33
MELI261218P01420000,MELI,2026-12-18,86,P,1420.0,-22.26,1826.58,11.9,20.0,15.95,12.1,50.8,0.4235,-0.0893,0.0004,-0.3523,1.4556,15.9039,12.1,1,33
MELI261218C01440000,MELI,2026-12-18,86,C,1440.0,-21.16,1826.58,411.6,438.7,425.15,552.68,6.4,0.4437,0.9016,0.0004,-0.3043,1.5633,421.6865,85.1,0,9
MELI261218P01440000,MELI,2026-12-18,86,P,1440.0,-21.16,1826.58,9.2,25.6,17.4,19.18,94.3,0.4161,-0.0994,0.0005,-0.3796,1.5709,17.3472,13.1,0,21
MELI261218C01460000,MELI,2026-12-18,86,C,1460.0,-20.07,1826.58,391.3,422.3,406.8,421.98,7.6,0.434,0.8907,0.0005,-0.3355,1.6843,403.3142,84.2,0,10
MELI261218P01460000,MELI,2026-12-18,86,P,1460.0,-20.07,1826.58,9.3,30.1,19.7,24.1,105.6,0.4133,-0.1104,0.0005,-0.4078,1.6949,19.6369,14.4,60,69
MELI261218C01480000,MELI,2026-12-18,86,C,1480.0,-18.97,1826.58,374.2,406.5,390.35,371.21,8.3,0.4343,0.879,0.0005,-0.3674,1.8109,386.8449,82.6,0,8
MELI261218P01480000,MELI,2026-12-18,86,P,1480.0,-18.97,1826.58,12.9,29.5,21.2,27.46,78.3,0.4045,-0.1223,0.0005,-0.4368,1.8231,21.1401,15.4,0,30
MELI261218C01500000,MELI,2026-12-18,86,C,1500.0,-17.88,1826.58,357.7,389.8,373.75,387.49,8.6,0.4322,0.8664,0.0006,-0.3999,1.9383,370.2397,81.0,0,22
MELI261218P01500000,MELI,2026-12-18,86,P,1500.0,-17.88,1826.58,13.0,42.4,27.7,28.0,106.1,0.422,-0.135,0.0006,-0.4664,1.948,27.6175,18.3,1,717
MELI261218C01520000,MELI,2026-12-18,86,C,1520.0,-16.78,1826.58,341.2,373.0,357.1,385.73,8.9,0.4284,0.8529,0.0006,-0.4327,2.0666,353.5676,79.5,0,7
MELI261218P01520000,MELI,2026-12-18,86,P,1520.0,-16.78,1826.58,16.0,46.0,31.0,38.3,96.8,0.4195,-0.1487,0.0006,-0.4964,2.0796,30.8993,19.9,2,22
MELI261218C01540000,MELI,2026-12-18,86,C,1540.0,-15.69,1826.58,324.0,356.9,340.45,325.21,9.7,0.4235,0.8385,0.0006,-0.4656,2.1978,336.913,78.0,0,12
MELI261218P01540000,MELI,2026-12-18,86,P,1540.0,-15.69,1826.58,23.2,42.2,32.7,37.87,58.1,0.4083,-0.1633,0.0007,-0.5264,2.2121,32.6038,20.9,0,27
MELI261218C01560000,MELI,2026-12-18,86,C,1560.0,-14.59,1826.58,308.4,340.0,324.2,305.48,9.7,0.4193,0.8233,0.0007,-0.4983,2.3267,320.6671,76.4,0,38
MELI261218P01560000,MELI,2026-12-18,86,P,1560.0,-14.59,1826.58,25.9,46.4,36.15,38.52,56.7,0.4044,-0.1787,0.0007,-0.5564,2.3382,36.0538,22.6,11,29
MELI261218C01580000,MELI,2026-12-18,86,C,1580.0,-13.5,1826.58,296.0,325.6,310.8,295.7,9.5,0.4256,0.8073,0.0007,-0.5305,2.4532,307.2672,74.0,0,15
MELI261218P01580000,MELI,2026-12-18,86,P,1580.0,-13.5,1826.58,28.0,53.8,40.9,44.2,63.1,0.4047,-0.195,0.0007,-0.586,2.4681,40.7911,24.6,10,43
MELI261218C01600000,MELI,2026-12-18,86,C,1600.0,-12.4,1826.58,280.0,310.0,295.0,406.28,10.2,0.4205,0.7905,0.0008,-0.562,2.5792,291.4816,72.3,0,37
MELI261218P01600000,MELI,2026-12-18,86,P,1600.0,-12.4,1826.58,41.2,56.7,48.95,52.16,31.7,0.4162,-0.212,0.0008,-0.6148,2.5949,48.7887,27.4,0,250
MELI261218C01620000,MELI,2026-12-18,86,C,1620.0,-11.31,1826.58,264.0,295.5,279.75,344.85,11.3,0.4164,0.773,0.0008,-0.5925,2.6998,276.25,70.5,0,9
MELI261218P01620000,MELI,2026-12-18,86,P,1620.0,-11.31,1826.58,42.3,67.8,55.05,63.0,46.3,0.4179,-0.2298,0.0008,-0.6428,2.7119,54.8771,29.6,0,228
MELI261218C01640000,MELI,2026-12-18,86,C,1640.0,-10.21,1826.58,249.9,282.8,266.35,254.05,12.4,0.4177,0.7548,0.0008,-0.6218,2.8146,262.8536,68.3,0,41
MELI261218P01640000,MELI,2026-12-18,86,P,1640.0,-10.21,1826.58,48.0,75.3,61.65,60.2,44.3,0.4198,-0.2484,0.0009,-0.6695,2.8302,61.48,31.8,8,48
MELI261218C01660000,MELI,2026-12-18,86,C,1660.0,-9.12,1826.58,236.9,267.7,252.3,447.17,12.2,0.4153,0.736,0.0009,-0.6495,2.9255,248.8318,66.3,0,20
MELI261218P01660000,MELI,2026-12-18,86,P,1660.0,-9.12,1826.58,54.2,82.0,68.1,66.1,40.8,0.4194,-0.2675,0.0009,-0.6948,2.9412,67.8771,33.9,6,54
MELI261218C01680000,MELI,2026-12-18,86,C,1680.0,-8.02,1826.58,224.0,255.3,239.65,350.82,13.1,0.4163,0.7166,0.0009,-0.6756,3.0287,236.2177,64.0,0,14
MELI261218P01680000,MELI,2026-12-18,86,P,1680.0,-8.02,1826.58,60.6,84.7,72.65,72.6,33.2,0.4115,-0.2873,0.0009,-0.7184,3.0404,72.4303,35.7,6,54
MELI261218C01700000,MELI,2026-12-18,86,C,1700.0,-6.93,1826.58,211.7,242.4,227.05,283.0,13.5,0.416,0.6967,0.001,-0.6996,3.1234,223.655,61.8,0,78
MELI261218P01700000,MELI,2026-12-18,86,P,1700.0,-6.93,1826.58,67.6,91.8,79.7,85.52,30.4,0.4107,-0.3076,0.001,-0.7401,3.1372,79.4782,37.9,0,599
MELI261218C01710000,MELI,2026-12-18,86,C,1710.0,-6.38,1826.58,204.2,236.1,220.15,212.8,14.5,0.4134,0.6866,0.001,-0.7109,3.1682,216.7622,60.8,0,9
MELI261218P01710000,MELI,2026-12-18,86,P,1710.0,-6.38,1826.58,69.6,97.7,83.65,62.2,33.6,0.4111,-0.3179,0.001,-0.7502,3.1861,83.4156,39.1,0,11
MELI261218C01720000,MELI,2026-12-18,86,C,1720.0,-5.83,1826.58,197.9,227.0,212.45,201.59,13.7,0.4081,0.6764,0.001,-0.7216,3.2113,209.0949,59.9,0,13
MELI261218P01720000,MELI,2026-12-18,86,P,1720.0,-5.83,1826.58,74.9,101.5,88.2,90.0,30.2,0.4129,-0.3283,0.001,-0.7597,3.2244,87.9159,40.3,0,54
MELI261218C01730000,MELI,2026-12-18,86,C,1730.0,-5.29,1826.58,192.2,224.7,208.45,307.4,15.6,0.414,0.6661,0.001,-0.7317,3.252,205.1237,58.6,0,23
MELI261218P01730000,MELI,2026-12-18,86,P,1730.0,-5.29,1826.58,78.7,104.2,91.45,102.0,27.9,0.4104,-0.3388,0.001,-0.7687,3.263,91.1491,41.3,0,9
MELI261218C01740000,MELI,2026-12-18,86,C,1740.0,-4.74,1826.58,188.0,217.8,202.9,188.32,14.7,0.4146,0.6558,0.001,-0.7413,3.29,199.573,57.4,0,16
MELI261218P01740000,MELI,2026-12-18,86,P,1740.0,-4.74,1826.58,80.0,106.6,93.3,98.0,28.5,0.4034,-0.3495,0.001,-0.7771,3.2993,93.0016,42.1,0,62
MELI261218C01750000,MELI,2026-12-18,86,C,1750.0,-4.19,1826.58,180.4,213.1,196.75,235.0,16.6,0.4132,0.6453,0.001,-0.7502,3.3254,193.4746,56.4,0,8
MELI261218P01750000,MELI,2026-12-18,86,P,1750.0,-4.19,1826.58,83.8,113.8,98.8,114.8,30.4,0.4072,-0.3602,0.001,-0.785,3.3344,98.4912,43.4,0,23
MELI261218C01760000,MELI,2026-12-18,86,C,1760.0,-3.65,1826.58,174.4,206.2,190.3,180.09,16.7,0.4105,0.6348,0.001,-0.7585,3.3584,187.0429,55.3,0,10
MELI261218P01760000,MELI,2026-12-18,86,P,1760.0,-3.65,1826.58,88.3,115.7,102.0,89.7,26.9,0.4037,-0.3709,0.001,-0.7923,3.3672,101.679,44.4,0,48
MELI261218C01770000,MELI,2026-12-18,86,C,1770.0,-3.1,1826.58,169.1,197.7,183.4,243.75,15.6,0.4062,0.6242,0.001,-0.7662,3.3892,180.1659,54.3,0,4
MELI261218P01770000,MELI,2026-12-18,86,P,1770.0,-3.1,1826.58,93.0,119.6,106.3,108.16,25.0,0.4032,-0.3818,0.0011,-0.7989,3.3964,105.9701,45.6,0,13
MELI261218C01780000,MELI,2026-12-18,86,C,1780.0,-2.55,1826.58,172.0,191.3,181.65,237.2,10.6,0.4168,0.6136,0.001,-0.7733,3.4179,178.4487,52.9,0,26
MELI261218P01780000,MELI,2026-12-18,86,P,1780.0,-2.55,1826.58,98.4,124.4,111.4,112.53,23.3,0.4046,-0.3927,0.0011,-0.8048,3.4251,111.0182,46.8,0,53
MELI261218C01790000,MELI,2026-12-18,86,C,1790.0,-2.0,1826.58,160.0,191.1,175.55,155.0,17.7,0.4142,0.6029,0.001,-0.7797,3.444,172.3698,51.9,1,8
MELI261218P01790000,MELI,2026-12-18,86,P,1790.0,-2.0,1826.58,101.8,132.2,117.0,96.67,26.0,0.4072,-0.4037,0.0011,-0.8102,3.4487,116.5982,48.0,0,5
MELI261218C01800000,MELI,2026-12-18,86,C,1800.0,-1.46,1826.58,152.9,182.8,167.85,159.4,17.8,0.4067,0.5921,0.0011,-0.7855,3.4674,164.6968,50.9,54,70
MELI261218P01800000,MELI,2026-12-18,86,P,1800.0,-1.46,1826.58,109.3,133.5,121.4,142.6,19.9,0.4059,-0.4147,0.0011,-0.8149,3.4704,120.9559,49.1,0,105
MELI261218C01810000,MELI,2026-12-18,86,C,1810.0,-0.91,1826.58,148.1,179.1,163.6,153.08,18.9,0.4089,0.5814,0.0011,-0.7906,3.4882,160.471,49.8,0,18
MELI261218P01810000,MELI,2026-12-18,86,P,1810.0,-0.91,1826.58,111.4,137.9,124.65,127.35,21.3,0.4011,-0.4257,0.0011,-0.819,3.4893,124.2043,50.1,0,10
MELI261218C01820000,MELI,2026-12-18,86,C,1820.0,-0.36,1826.58,144.0,171.0,157.5,157.97,17.1,0.4055,0.5706,0.0011,-0.795,3.5063,154.4094,48.7,1,34
MELI261218P01820000,MELI,2026-12-18,86,P,1820.0,-0.36,1826.58,116.4,145.8,131.1,138.34,22.4,0.4051,-0.4368,0.0011,-0.8224,3.5058,130.6175,51.3,0,119
MELI261218C01830000,MELI,2026-12-18,86,C,1830.0,0.19,1826.58,137.9,167.4,152.65,147.62,19.3,0.4054,0.5598,0.0011,-0.7988,3.5219,149.6035,47.6,0,15
MELI261218P01830000,MELI,2026-12-18,86,P,1830.0,0.19,1826.58,121.6,147.7,134.65,137.26,19.4,0.4005,-0.4479,0.0011,-0.8252,3.5194,134.1402,52.3,0,11
MELI261218C01840000,MELI,2026-12-18,86,C,1840.0,0.73,1826.58,134.6,162.7,148.65,149.1,18.9,0.4074,0.549,0.0011,-0.8019,3.535,145.6452,46.5,0,113
MELI261218P01840000,MELI,2026-12-18,86,P,1840.0,0.73,1826.58,132.4,156.7,144.55,142.83,16.8,0.4136,-0.459,0.0011,-0.8273,3.5298,143.9851,53.6,0,56
MELI261218C01850000,MELI,2026-12-18,86,C,1850.0,1.28,1826.58,128.6,157.9,143.25,138.56,20.5,0.4051,0.5383,0.0011,-0.8043,3.5454,140.2835,45.4,0,25
MELI261218P01850000,MELI,2026-12-18,86,P,1850.0,1.28,1826.58,132.5,163.7,148.1,128.27,21.1,0.4084,-0.4701,0.0011,-0.8287,3.5386,147.5131,54.6,0,513
MELI261218C01860000,MELI,2026-12-18,86,C,1860.0,1.83,1826.58,124.1,153.2,138.65,131.94,21.0,0.4048,0.5275,0.0011,-0.8061,3.5533,135.7324,44.3,0,62
MELI261218P01860000,MELI,2026-12-18,86,P,1860.0,1.83,1826.58,138.0,166.4,152.2,151.8,18.7,0.4044,-0.4813,0.0011,-0.8295,3.5438,151.5637,55.7,0,54
MELI261218C01870000,MELI,2026-12-18,86,C,1870.0,2.38,1826.58,120.0,148.6,134.3,253.0,21.3,0.4048,0.5167,0.0011,-0.8072,3.5586,131.3942,43.3,0,5
MELI261218P01870000,MELI,2026-12-18,86,P,1870.0,2.38,1826.58,143.6,174.4,159.0,150.0,19.4,0.4078,-0.4924,0.0011,-0.8297,3.5466,158.3336,56.8,0,8
MELI261218C01880000,MELI,2026-12-18,86,C,1880.0,2.92,1826.58,115.3,147.7,131.5,122.07,24.6,0.409,0.506,0.0011,-0.8077,3.5614,128.6475,42.2,0,93
MELI261218P01880000,MELI,2026-12-18,86,P,1880.0,2.92,1826.58,149.2,177.1,163.15,153.17,17.1,0.4034,-0.5035,0.0011,-0.8293,3.547,162.4516,57.8,0,46
MELI261218C01890000,MELI,2026-12-18,86,C,1890.0,3.47,1826.58,111.1,139.7,125.4,125.6,22.8,0.4035,0.4952,0.0011,-0.8075,3.5617,122.5749,41.1,0,8
MELI261218P01890000,MELI,2026-12-18,86,P,1890.0,3.47,1826.58,155.0,182.9,168.95,140.95,16.5,0.4033,-0.5146,0.0011,-0.8282,3.5435,168.1953,58.9,0,2
MELI261218C01900000,MELI,2026-12-18,86,C,1900.0,4.02,1826.58,107.0,135.5,121.25,122.47,23.5,0.4033,0.4845,0.0011,-0.8067,3.5594,118.4812,40.1,55,202
MELI261218P01900000,MELI,2026-12-18,86,P,1900.0,4.02,1826.58,160.8,192.0,176.4,200.8,17.7,0.4076,-0.5257,0.0011,-0.8265,3.5377,175.5973,59.9,0,92
MELI261218C01910000,MELI,2026-12-18,86,C,1910.0,4.57,1826.58,102.9,131.3,117.1,117.96,24.3,0.4028,0.4739,0.0011,-0.8052,3.5544,114.385,39.1,0,17
MELI261218P01910000,MELI,2026-12-18,86,P,1910.0,4.57,1826.58,166.6,195.8,181.2,132.8,16.1,0.4041,-0.5367,0.0011,-0.824,3.5279,180.3467,60.9,0,17
MELI261218C01920000,MELI,2026-12-18,86,C,1920.0,5.11,1826.58,100.8,127.1,113.95,115.08,23.1,0.4048,0.4633,0.0011,-0.8032,3.5468,111.2704,38.1,10,520
MELI261218P01920000,MELI,2026-12-18,86,P,1920.0,5.11,1826.58,172.7,203.6,188.15,186.66,16.4,0.4064,-0.5477,0.0011,-0.821,3.5171,187.2427,61.9,0,20
MELI261218C01930000,MELI,2026-12-18,86,C,1930.0,5.66,1826.58,95.3,122.2,108.75,174.9,24.7,0.4007,0.4528,0.0011,-0.8005,3.5369,106.1138,37.0,0,9
MELI261218P01930000,MELI,2026-12-18,86,P,1930.0,5.66,1826.58,178.9,209.6,194.25,207.6,15.8,0.4059,-0.5587,0.0011,-0.8175,3.5053,193.2522,62.9,0,12
MELI261218C01940000,MELI,2026-12-18,86,C,1940.0,6.21,1826.58,95.2,117.7,106.45,105.7,21.1,0.4045,0.4423,0.0011,-0.7972,3.5248,103.825,36.1,0,27
MELI261218P01940000,MELI,2026-12-18,86,P,1940.0,6.21,1826.58,185.5,217.4,201.45,220.3,15.8,0.4084,-0.5696,0.0011,-0.8133,3.4898,200.4092,63.9,0,37
MELI261218C01950000,MELI,2026-12-18,86,C,1950.0,6.76,1826.58,87.7,114.5,101.1,94.2,26.5,0.3995,0.4318,0.0011,-0.7933,3.5105,98.5646,35.0,0,20
MELI261218P01950000,MELI,2026-12-18,86,P,1950.0,6.76,1826.58,191.5,219.2,205.35,228.6,13.5,0.4011,-0.5805,0.0011,-0.8087,3.4714,204.2485,65.0,2,29
MELI261218C01960000,MELI,2026-12-18,86,C,1960.0,7.3,1826.58,84.1,112.0,98.05,98.38,28.5,0.4006,0.4215,0.0011,-0.7889,3.494,95.5264,34.0,8,27
MELI261218P01960000,MELI,2026-12-18,86,P,1960.0,7.3,1826.58,197.9,229.6,213.75,233.5,14.8,0.4064,-0.5913,0.0011,-0.8034,3.4464,212.566,65.8,0,99
MELI261218C01970000,MELI,2026-12-18,86,C,1970.0,7.85,1826.58,80.6,108.4,94.5,97.5,29.4,0.4001,0.4112,0.0011,-0.784,3.475,92.0298,33.1,0,5
MELI261218P01970000,MELI,2026-12-18,86,P,1970.0,7.85,1826.58,204.5,236.0,220.25,239.2,14.3,0.406,-0.6021,0.0011,-0.7976,3.4203,218.9979,66.8,0,11
MELI261218C01980000,MELI,2026-12-18,86,C,1980.0,8.4,1826.58,81.4,105.0,93.2,92.68,25.3,0.4058,0.401,0.0011,-0.7784,3.4534,90.7457,32.3,0,44
MELI261218P01980000,MELI,2026-12-18,86,P,1980.0,8.4,1826.58,211.1,242.2,226.65,247.0,13.7,0.405,-0.6127,0.0011,-0.7912,3.3947,225.3192,67.7,0,74
MELI261218C01990000,MELI,2026-12-18,86,C,1990.0,8.95,1826.58,73.9,99.5,86.7,89.17,29.5,0.3962,0.3909,0.0011,-0.7724,3.4295,84.3425,31.1,0,36
MELI261218P01990000,MELI,2026-12-18,86,P,1990.0,8.95,1826.58,218.3,245.4,231.85,254.0,11.7,0.4001,-0.6233,0.0011,-0.7843,3.3653,230.4151,68.8,0,8
MELI261218C02000000,MELI,2026-12-18,86,C,2000.0,9.49,1826.58,82.1,98.6,90.35,83.92,18.3,0.416,0.3809,0.0011,-0.7659,3.4037,87.9729,30.7,11,277
MELI261218P02000000,MELI,2026-12-18,86,P,2000.0,9.49,1826.58,225.2,254.3,239.75,204.18,12.1,0.403,-0.6338,0.0011,-0.777,3.3375,238.249,69.6,0,72
MELI261218C02020000,MELI,2026-12-18,86,C,2020.0,10.59,1826.58,64.5,90.0,77.25,72.7,33.0,0.3948,0.3612,0.001,-0.7514,3.3472,75.0401,28.4,0,24
MELI261218P02020000,MELI,2026-12-18,86,P,2020.0,10.59,1826.58,238.5,270.5,254.5,152.3,12.6,0.4049,-0.6546,0.0011,-0.7609,3.2695,252.8441,71.3,0,83
MELI261218C02040000,MELI,2026-12-18,86,C,2040.0,11.68,1826.58,58.6,86.3,72.45,67.2,38.2,0.397,0.342,0.001,-0.7352,3.2832,70.2998,26.7,25,20
MELI261218P02040000,MELI,2026-12-18,86,P,2040.0,11.68,1826.58,252.8,284.0,268.4,289.1,11.6,0.403,-0.6749,0.0011,-0.7431,3.1808,266.524,73.1,0,8
MELI261218C02060000,MELI,2026-12-18,86,C,2060.0,12.78,1826.58,53.0,78.1,65.55,62.4,38.3,0.3918,0.3232,0.001,-0.7174,3.2106,63.5301,24.9,30,29
MELI261218P02060000,MELI,2026-12-18,86,P,2060.0,12.78,1826.58,266.9,294.6,280.75,309.2,9.9,0.3949,-0.6948,0.0011,-0.7237,3.0974,278.6013,75.0,2,6
MELI261218C02080000,MELI,2026-12-18,86,C,2080.0,13.87,1826.58,53.4,72.8,63.1,65.9,30.7,0.3996,0.305,0.001,-0.6982,3.1325,61.152,23.6,1,34
MELI261218P02080000,MELI,2026-12-18,86,P,2080.0,13.87,1826.58,282.2,312.0,297.1,357.1,10.0,0.3985,-0.7142,0.001,-0.703,3.0108,294.7218,76.4,0,12
MELI261218C02100000,MELI,2026-12-18,86,C,2100.0,14.97,1826.58,50.0,69.4,59.7,59.1,32.5,0.4035,0.2873,0.001,-0.6778,3.0503,57.7919,22.3,3,247
MELI261218P02100000,MELI,2026-12-18,86,P,2100.0,14.97,1826.58,297.0,324.9,310.95,340.8,9.0,0.3927,-0.7332,0.001,-0.681,2.9035,308.2779,78.2,2,34
MELI261218C02120000,MELI,2026-12-18,86,C,2120.0,16.06,1826.58,41.7,61.5,51.6,60.5,38.4,0.3909,0.2702,0.0009,-0.6564,2.9617,49.8543,20.3,0,65
MELI261218P02120000,MELI,2026-12-18,86,P,2120.0,16.06,1826.58,313.0,344.0,328.5,284.39,9.4,0.3985,-0.7515,0.001,-0.6579,2.7944,325.5886,79.3,0,24
MELI261218C02140000,MELI,2026-12-18,86,C,2140.0,17.16,1826.58,33.9,62.0,47.95,48.0,58.6,0.3921,0.2538,0.0009,-0.6342,2.8679,46.3005,19.0,6,71
MELI261218P02140000,MELI,2026-12-18,86,P,2140.0,17.16,1826.58,329.4,359.9,344.65,368.6,8.8,0.3984,-0.7693,0.001,-0.6345,2.6827,341.4145,80.7,0,13
MELI261218C02160000,MELI,2026-12-18,86,C,2160.0,18.25,1826.58,36.5,52.7,44.6,46.7,36.3,0.3934,0.238,0.0009,-0.6113,2.7726,43.0159,17.8,0,32
MELI261218P02160000,MELI,2026-12-18,86,P,2160.0,18.25,1826.58,345.5,375.8,360.65,311.67,8.4,0.3967,-0.7865,0.001,-0.6101,2.565,357.0689,82.1,0,10
MELI261218C02180000,MELI,2026-12-18,86,C,2180.0,19.35,1826.58,28.4,53.9,41.15,43.51,62.0,0.3936,0.2228,0.0008,-0.588,2.675,39.67,16.6,8,538
MELI261218P02180000,MELI,2026-12-18,86,P,2180.0,19.35,1826.58,362.0,392.0,377.0,400.8,8.0,0.3952,-0.8031,0.0009,-0.5851,2.4326,373.0586,83.4,0,10
MELI261218C02200000,MELI,2026-12-18,86,C,2200.0,20.44,1826.58,34.0,44.5,39.25,33.8,26.8,0.3988,0.2084,0.0008,-0.5643,2.5733,37.8186,15.6,1,195
MELI261218P02200000,MELI,2026-12-18,86,P,2200.0,20.44,1826.58,378.7,409.0,393.85,407.5,7.7,0.3944,-0.819,0.0009,-0.5601,2.3075,389.4907,84.6,0,66
MELI261218C02220000,MELI,2026-12-18,86,C,2220.0,21.54,1826.58,21.1,45.6,33.35,29.36,73.5,0.3873,0.1946,0.0008,-0.5406,2.4705,32.0603,14.0,78,76
MELI261218P02220000,MELI,2026-12-18,86,P,2220.0,21.54,1826.58,395.7,427.4,411.55,436.2,7.7,0.3963,-0.8343,0.0009,-0.5351,2.185,406.8152,85.6,0,25
MELI261218C02240000,MELI,2026-12-18,86,C,2240.0,22.63,1826.58,24.6,37.2,30.9,31.99,40.8,0.3885,0.1815,0.0008,-0.5169,2.3692,29.668,13.0,214,59
MELI261218P02240000,MELI,2026-12-18,86,P,2240.0,22.63,1826.58,413.0,443.6,428.3,442.0,7.1,0.3928,-0.849,0.0008,-0.5101,2.0526,423.0616,86.8,0,8
MELI261218C02260000,MELI,2026-12-18,86,C,2260.0,23.73,1826.58,22.8,36.8,29.8,25.35,47.0,0.395,0.1691,0.0007,-0.4934,2.2675,28.6182,12.4,14,31
MELI261218P02260000,MELI,2026-12-18,86,P,2260.0,23.73,1826.58,430.5,461.9,446.2,459.4,7.0,0.3935,-0.8628,0.0008,-0.4849,1.9082,440.5063,87.7,0,34
MELI261218C02280000,MELI,2026-12-18,86,C,2280.0,24.82,1826.58,20.7,32.5,26.6,26.61,44.4,0.3914,0.1574,0.0007,-0.4702,2.1644,25.5017,11.3,0,71
MELI261218P02280000,MELI,2026-12-18,86,P,2280.0,24.82,1826.58,448.7,479.4,464.05,389.9,6.6,0.3929,-0.876,0.0008,-0.4588,1.774,457.8497,88.7,0,6
MELI270115C01380000,MELI,2027-01-15,114,C,1380.0,-24.45,1826.58,473.3,504.9,489.1,426.9,6.5,0.4342,0.9105,0.0004,-0.2423,1.6785,484.7874,86.1,0,1
MELI270115P01380000,MELI,2027-01-15,114,P,1380.0,-24.45,1826.58,11.2,26.7,18.95,21.5,81.8,0.4218,-0.0907,0.0004,-0.309,1.689,19.0275,13.0,2,6
MELI270115C01400000,MELI,2027-01-15,114,C,1400.0,-23.35,1826.58,461.7,486.7,474.2,510.0,5.3,0.4448,0.9016,0.0004,-0.2652,1.7975,469.8709,84.0,0,8
MELI270115P01400000,MELI,2027-01-15,114,P,1400.0,-23.35,1826.58,9.9,33.5,21.7,23.3,108.8,0.4221,-0.0997,0.0004,-0.3297,1.8081,21.7868,14.4,1,209
MELI270115C01420000,MELI,2027-01-15,114,C,1420.0,-22.26,1826.58,441.5,470.5,456.0,785.7,6.4,0.436,0.8921,0.0004,-0.2886,1.9209,451.6613,83.2,0,1
MELI270115P01420000,MELI,2027-01-15,114,P,1420.0,-22.26,1826.58,12.8,35.4,24.1,24.0,93.8,0.419,-0.1094,0.0004,-0.351,1.9424,24.1852,15.6,0,49
MELI270115C01440000,MELI,2027-01-15,114,C,1440.0,-21.16,1826.58,421.3,453.6,437.45,0.0,7.4,0.425,0.8818,0.0005,-0.3126,2.0493,433.0857,82.5,0,0
MELI270115P01440000,MELI,2027-01-15,114,P,1440.0,-21.16,1826.58,16.4,35.9,26.15,33.0,74.6,0.4132,-0.1199,0.0005,-0.3729,2.0658,26.2485,16.6,0,56
MELI270115C01460000,MELI,2027-01-15,114,C,1460.0,-20.07,1826.58,404.6,436.9,420.75,481.3,7.7,0.4224,0.8709,0.0005,-0.3369,2.1785,416.3718,81.2,0,437
MELI270115P01460000,MELI,2027-01-15,114,P,1460.0,-20.07,1826.58,20.1,42.7,31.4,33.8,72.0,0.4216,-0.131,0.0005,-0.3951,2.1922,31.4914,18.8,0,72
MELI270115C01480000,MELI,2027-01-15,114,C,1480.0,-18.97,1826.58,393.3,421.3,407.3,459.24,6.9,0.4328,0.8593,0.0005,-0.3614,2.3083,402.9325,78.8,0,89
MELI270115P01480000,MELI,2027-01-15,114,P,1480.0,-18.97,1826.58,29.7,46.6,38.15,39.43,44.3,0.4339,-0.1428,0.0005,-0.4176,2.3292,38.2381,21.2,0,31
MELI270115C01500000,MELI,2027-01-15,114,C,1500.0,-17.88,1826.58,377.2,404.3,390.75,387.95,6.9,0.4283,0.847,0.0006,-0.386,2.4413,386.4017,77.5,0,454
MELI270115P01500000,MELI,2027-01-15,114,P,1500.0,-17.88,1826.58,25.3,48.0,36.65,41.9,61.9,0.4101,-0.1554,0.0006,-0.4403,2.4636,36.7543,21.2,10,243
MELI270115C01520000,MELI,2027-01-15,114,C,1520.0,-16.78,1826.58,360.0,389.3,374.65,465.98,7.8,0.4246,0.834,0.0006,-0.4106,2.5742,370.294,76.1,0,25
MELI270115P01520000,MELI,2027-01-15,114,P,1520.0,-16.78,1826.58,30.2,53.7,41.95,44.0,56.0,0.4137,-0.1686,0.0006,-0.4629,2.5902,42.0288,23.2,0,27
MELI270115C01540000,MELI,2027-01-15,114,C,1540.0,-15.69,1826.58,340.8,373.1,356.95,451.62,9.0,0.4141,0.8203,0.0006,-0.435,2.7041,352.5867,75.0,0,8
MELI270115P01540000,MELI,2027-01-15,114,P,1540.0,-15.69,1826.58,30.2,60.2,45.2,40.34,66.4,0.4082,-0.1825,0.0006,-0.4854,2.7233,45.3017,24.5,0,63
MELI270115C01560000,MELI,2027-01-15,114,C,1560.0,-14.59,1826.58,326.9,358.7,342.8,434.34,9.3,0.416,0.806,0.0006,-0.459,2.8335,338.4818,73.1,0,35
MELI270115P01560000,MELI,2027-01-15,114,P,1560.0,-14.59,1826.58,39.0,62.1,50.55,53.59,45.7,0.4093,-0.1971,0.0007,-0.5076,2.8627,50.6383,26.4,0,97
MELI270115C01580000,MELI,2027-01-15,114,C,1580.0,-13.5,1826.58,316.0,343.9,329.95,282.9,8.5,0.4208,0.7911,0.0007,-0.4824,2.9618,325.6529,71.0,0,8
MELI270115P01580000,MELI,2027-01-15,114,P,1580.0,-13.5,1826.58,40.8,68.4,54.6,65.0,50.5,0.4047,-0.2123,0.0007,-0.5292,2.9814,54.6889,28.0,2,48
MELI270115C01600000,MELI,2027-01-15,114,C,1600.0,-12.4,1826.58,298.3,329.5,313.9,383.35,9.9,0.4137,0.7756,0.0007,-0.5052,3.0847,309.6184,69.5,0,48
MELI270115P01600000,MELI,2027-01-15,114,P,1600.0,-12.4,1826.58,51.9,65.7,58.8,67.0,23.5,0.3996,-0.2281,0.0007,-0.5503,3.103,58.844,29.6,2,464
MELI270115C01620000,MELI,2027-01-15,114,C,1620.0,-11.31,1826.58,284.0,313.8,298.9,368.55,10.0,0.4092,0.7596,0.0007,-0.5271,3.2028,294.6274,67.9,0,11
MELI270115P01620000,MELI,2027-01-15,114,P,1620.0,-11.31,1826.58,54.5,77.4,65.95,70.59,34.7,0.4032,-0.2445,0.0008,-0.5706,3.2285,66.0182,31.7,0,73
MELI270115C01640000,MELI,2027-01-15,114,C,1640.0,-10.21,1826.58,268.5,301.7,285.1,281.15,11.6,0.4076,0.7431,0.0008,-0.5481,3.3177,280.8756,66.1,0,42
MELI270115P01640000,MELI,2027-01-15,114,P,1640.0,-10.21,1826.58,59.5,85.2,72.35,87.9,35.5,0.4029,-0.2614,0.0008,-0.5898,3.3407,72.3789,33.7,0,36
MELI270115C01660000,MELI,2027-01-15,114,C,1660.0,-9.12,1826.58,256.0,283.5,269.75,268.5,10.2,0.4004,0.7261,0.0008,-0.5679,3.4264,265.5617,64.5,0,39
MELI270115P01660000,MELI,2027-01-15,114,P,1660.0,-9.12,1826.58,67.2,95.3,81.25,90.0,34.6,0.4089,-0.2788,0.0008,-0.608,3.4443,81.2786,36.0,0,61
MELI270115C01680000,MELI,2027-01-15,114,C,1680.0,-8.02,1826.58,247.1,270.6,258.85,256.81,9.1,0.4052,0.7087,0.0008,-0.5865,3.527,254.7143,62.2,0,132
MELI270115P01680000,MELI,2027-01-15,114,P,1680.0,-8.02,1826.58,74.0,97.9,85.95,95.58,27.8,0.4015,-0.2967,0.0008,-0.6251,3.548,85.9735,37.6,0,59
MELI270115C01700000,MELI,2027-01-15,114,C,1700.0,-6.93,1826.58,230.1,258.0,244.05,232.93,11.4,0.3979,0.691,0.0008,-0.6037,3.6215,239.9825,60.6,0,81
MELI270115P01700000,MELI,2027-01-15,114,P,1700.0,-6.93,1826.58,81.1,107.2,94.15,101.0,27.7,0.4029,-0.3149,0.0009,-0.6408,3.6452,94.1033,39.7,1,281
MELI270115C01720000,MELI,2027-01-15,114,C,1720.0,-5.83,1826.58,228.6,249.6,239.1,383.5,8.8,0.4164,0.6729,0.0009,-0.6194,3.7093,235.0814,57.8,0,125
MELI270115P01720000,MELI,2027-01-15,114,P,1720.0,-5.83,1826.58,90.6,113.2,101.9,106.94,22.2,0.4021,-0.3335,0.0009,-0.655,3.7249,101.8418,41.7,0,98
MELI270115C01740000,MELI,2027-01-15,114,C,1740.0,-4.74,1826.58,206.1,238.1,222.1,221.91,14.4,0.4013,0.6545,0.0009,-0.6336,3.7878,218.1486,56.4,0,28
MELI270115P01740000,MELI,2027-01-15,114,P,1740.0,-4.74,1826.58,97.1,124.9,111.0,92.3,25.0,0.4038,-0.3524,0.0009,-0.6679,3.801,110.9115,43.7,0,35
MELI270115C01760000,MELI,2027-01-15,114,C,1760.0,-3.65,1826.58,196.0,226.9,211.45,275.03,14.6,0.4022,0.6359,0.0009,-0.6462,3.8576,207.5624,54.3,0,27
MELI270115P01760000,MELI,2027-01-15,114,P,1760.0,-3.65,1826.58,104.9,133.6,119.25,102.5,24.1,0.4021,-0.3717,0.0009,-0.6792,3.8718,119.0927,45.7,0,50
MELI270115C01780000,MELI,2027-01-15,114,C,1780.0,-2.55,1826.58,186.5,212.6,199.55,201.15,13.1,0.3988,0.6171,0.0009,-0.657,3.9195,195.7015,52.4,0,51
MELI270115P01780000,MELI,2027-01-15,114,P,1780.0,-2.55,1826.58,121.0,136.6,128.8,145.04,12.1,0.4028,-0.3911,0.001,-0.6886,3.929,128.587,47.7,0,46
MELI270115C01800000,MELI,2027-01-15,114,C,1800.0,-1.46,1826.58,173.8,207.2,190.5,179.7,17.5,0.4018,0.5981,0.0009,-0.6662,3.9723,186.7357,50.3,54,129
MELI270115P01800000,MELI,2027-01-15,114,P,1800.0,-1.46,1826.58,129.4,146.5,137.95,134.1,12.4,0.4014,-0.4107,0.001,-0.6965,3.9764,137.6494,49.6,4,155
MELI270115C01820000,MELI,2027-01-15,114,C,1820.0,-0.36,1826.58,172.9,192.5,182.7,179.87,10.7,0.4069,0.579,0.001,-0.6736,4.0154,179.028,48.3,1,27
MELI270115P01820000,MELI,2027-01-15,114,P,1820.0,-0.36,1826.58,134.4,157.7,146.05,145.64,16.0,0.3965,-0.4305,0.001,-0.7028,4.0146,145.6876,51.5,1,80
MELI270115C01840000,MELI,2027-01-15,114,C,1840.0,0.73,1826.58,156.2,182.8,169.5,156.08,15.7,0.3976,0.5599,0.001,-0.6792,4.0493,165.9266,46.5,0,42
MELI270115P01840000,MELI,2027-01-15,114,P,1840.0,0.73,1826.58,145.3,171.4,158.35,157.04,16.5,0.4011,-0.4503,0.001,-0.7072,4.0434,157.9146,53.5,0,68
MELI270115C01860000,MELI,2027-01-15,114,C,1860.0,1.83,1826.58,144.9,173.6,159.25,150.9,18.0,0.3947,0.5408,0.001,-0.683,4.0739,155.7561,44.6,2,76
MELI270115P01860000,MELI,2027-01-15,114,P,1860.0,1.83,1826.58,154.1,178.6,166.35,188.2,14.7,0.394,-0.4703,0.001,-0.7099,4.0633,165.7993,55.4,0,53
MELI270115C01880000,MELI,2027-01-15,114,C,1880.0,2.92,1826.58,144.4,161.0,152.7,144.8,10.9,0.3999,0.5216,0.001,-0.6851,4.0891,149.2528,42.7,1,74
MELI270115P01880000,MELI,2027-01-15,114,P,1880.0,2.92,1826.58,163.0,191.1,177.05,190.0,15.9,0.3927,-0.4902,0.001,-0.711,4.0714,176.4016,57.3,2,39
MELI270115C01900000,MELI,2027-01-15,114,C,1900.0,4.02,1826.58,128.8,151.6,140.2,146.54,16.3,0.3898,0.5025,0.001,-0.6854,4.0952,136.8954,40.8,52,113
MELI270115P01900000,MELI,2027-01-15,114,P,1900.0,4.02,1826.58,173.7,202.6,188.15,201.3,15.4,0.3914,-0.5102,0.001,-0.7104,4.0672,187.3776,59.2,2,104
MELI270115C01920000,MELI,2027-01-15,114,C,1920.0,5.11,1826.58,125.7,144.4,135.05,135.88,13.8,0.3967,0.4836,0.001,-0.6841,4.092,131.8238,39.0,16,29
MELI270115P01920000,MELI,2027-01-15,114,P,1920.0,5.11,1826.58,186.3,216.1,201.2,206.91,14.8,0.3939,-0.5301,0.001,-0.7079,4.0524,200.2679,61.0,0,84
MELI270115C01940000,MELI,2027-01-15,114,C,1940.0,6.21,1826.58,113.0,140.1,126.55,128.5,21.4,0.3945,0.4647,0.001,-0.681,4.0792,123.4076,37.2,0,38
MELI270115P01940000,MELI,2027-01-15,114,P,1940.0,6.21,1826.58,197.6,230.1,213.85,129.45,15.2,0.3945,-0.5499,0.001,-0.704,4.0374,212.7416,62.8,0,14
MELI270115C01960000,MELI,2027-01-15,114,C,1960.0,7.3,1826.58,103.8,132.5,118.15,118.63,24.3,0.3917,0.446,0.001,-0.6764,4.058,115.1082,35.4,8,35
MELI270115P01960000,MELI,2027-01-15,114,P,1960.0,7.3,1826.58,210.1,241.7,225.9,244.83,14.0,0.3928,-0.5696,0.001,-0.6986,4.0049,224.6365,64.6,0,21
MELI270115C01980000,MELI,2027-01-15,114,C,1980.0,8.4,1826.58,99.4,122.1,110.75,109.4,20.5,0.3905,0.4275,0.001,-0.6702,4.0289,107.8061,33.7,0,127
MELI270115P01980000,MELI,2027-01-15,114,P,1980.0,8.4,1826.58,226.6,255.3,240.95,198.9,11.9,0.3977,-0.5892,0.001,-0.6916,3.9573,239.518,66.2,0,23
MELI270115C01990000,MELI,2027-01-15,114,C,1990.0,8.95,1826.58,98.0,121.9,109.95,107.98,21.7,0.3968,0.4184,0.001,-0.6666,4.011,107.025,33.0,0,41
MELI270115P01990000,MELI,2027-01-15,114,P,1990.0,8.95,1826.58,233.0,258.9,245.95,169.98,10.5,0.3934,-0.5989,0.001,-0.6875,3.9289,244.3871,67.1,0,15
MELI270115C02000000,MELI,2027-01-15,114,C,2000.0,9.49,1826.58,91.2,116.2,103.7,105.48,24.1,0.3893,0.4093,0.001,-0.6626,3.9908,100.8469,32.0,8,226
MELI270115P02000000,MELI,2027-01-15,114,P,2000.0,9.49,1826.58,237.0,263.8,250.4,214.1,10.7,0.3874,-0.6085,0.001,-0.683,3.9037,248.6864,68.1,0,135
MELI270115C02010000,MELI,2027-01-15,114,C,2010.0,10.04,1826.58,87.4,117.2,102.3,100.4,29.1,0.3938,0.4002,0.001,-0.6582,3.9684,99.4956,31.3,0,14
MELI270115P02010000,MELI,2027-01-15,114,P,2010.0,10.04,1826.58,243.8,266.7,255.25,170.72,9.0,0.3822,-0.6181,0.001,-0.6783,3.8795,253.4122,69.0,0,5
MELI270115C02020000,MELI,2027-01-15,114,C,2020.0,10.59,1826.58,84.1,110.6,97.35,96.65,27.2,0.3891,0.3913,0.001,-0.6536,3.944,94.6129,30.4,0,17
MELI270115P02020000,MELI,2027-01-15,114,P,2020.0,10.59,1826.58,250.6,279.7,265.15,221.8,11.0,0.3898,-0.6276,0.001,-0.6733,3.8502,263.2265,69.6,0,30
MELI270115C02030000,MELI,2027-01-15,114,C,2030.0,11.14,1826.58,79.7,108.3,94.0,96.8,30.4,0.3882,0.3824,0.001,-0.6485,3.918,91.3057,29.5,1,14
MELI270115P02030000,MELI,2027-01-15,114,P,2030.0,11.14,1826.58,260.8,286.5,273.65,303.9,9.4,0.3937,-0.6371,0.001,-0.6679,3.8167,271.6525,70.3,0,0
MELI270115C02040000,MELI,2027-01-15,114,C,2040.0,11.68,1826.58,76.9,105.5,91.2,94.45,31.4,0.3886,0.3736,0.001,-0.6432,3.8906,88.5801,28.8,24,53
MELI270115P02040000,MELI,2027-01-15,114,P,2040.0,11.68,1826.58,264.6,293.6,279.1,228.53,10.4,0.3893,-0.6466,0.001,-0.6623,3.7777,276.9415,71.2,0,5
MELI270115C02050000,MELI,2027-01-15,114,C,2050.0,12.23,1826.58,74.8,103.8,89.3,91.16,32.5,0.391,0.3649,0.0009,-0.6376,3.8618,86.6908,28.1,4,24
MELI270115P02050000,MELI,2027-01-15,114,P,2050.0,12.23,1826.58,271.7,300.0,285.85,217.15,9.9,0.3881,-0.6559,0.001,-0.6563,3.7389,283.5538,72.0,0,5
MELI270115C02060000,MELI,2027-01-15,114,C,2060.0,12.78,1826.58,70.7,99.4,85.05,71.7,33.7,0.3872,0.3563,0.0009,-0.6317,3.8311,82.5177,27.2,24,17
MELI270115P02060000,MELI,2027-01-15,114,P,2060.0,12.78,1826.58,278.8,307.4,293.1,241.1,9.8,0.388,-0.6652,0.001,-0.6502,3.6934,290.6639,72.8,0,6
MELI270115C02070000,MELI,2027-01-15,114,C,2070.0,13.33,1826.58,67.8,93.7,80.75,78.1,32.1,0.383,0.3478,0.0009,-0.6255,3.7985,78.2973,26.3,0,12
MELI270115P02070000,MELI,2027-01-15,114,P,2070.0,13.33,1826.58,286.1,312.8,299.45,298.6,8.9,0.3851,-0.6743,0.001,-0.6436,3.6452,296.8012,73.6,0,3
MELI270115C02080000,MELI,2027-01-15,114,C,2080.0,13.87,1826.58,66.1,94.2,80.15,91.77,35.1,0.3883,0.3393,0.0009,-0.6191,3.7638,77.6946,25.8,0,26
MELI270115P02080000,MELI,2027-01-15,114,P,2080.0,13.87,1826.58,292.4,324.0,308.2,253.35,10.3,0.3887,-0.6834,0.001,-0.6368,3.6074,305.4389,74.2,0,14
MELI270115C02090000,MELI,2027-01-15,114,C,2090.0,14.42,1826.58,63.6,88.1,75.85,77.85,32.3,0.3837,0.331,0.0009,-0.6125,3.7273,73.4959,24.9,0,28
MELI270115P02090000,MELI,2027-01-15,114,P,2090.0,14.42,1826.58,303.7,332.0,317.85,247.26,8.9,0.3947,-0.6924,0.001,-0.6299,3.5676,315.01,74.7,0,18
MELI270115C02100000,MELI,2027-01-15,114,C,2100.0,14.97,1826.58,66.6,82.9,74.75,75.09,21.8,0.3874,0.3228,0.0009,-0.6055,3.6894,72.4119,24.4,0,100
MELI270115P02100000,MELI,2027-01-15,114,P,2100.0,14.97,1826.58,307.3,339.6,323.45,345.45,10.0,0.3891,-0.7013,0.001,-0.6226,3.5202,320.3774,75.6,0,35
MELI270115C02110000,MELI,2027-01-15,114,C,2110.0,15.52,1826.58,58.4,83.5,70.95,70.84,35.4,0.3836,0.3147,0.0009,-0.5984,3.6504,68.6771,23.5,0,10
MELI270115P02110000,MELI,2027-01-15,114,P,2110.0,15.52,1826.58,314.9,344.0,329.45,428.73,8.8,0.3844,-0.7102,0.001,-0.6152,3.4697,326.1871,76.4,0,2
MELI270115C02120000,MELI,2027-01-15,114,C,2120.0,16.06,1826.58,55.9,82.6,69.25,106.2,38.6,0.3854,0.3066,0.0009,-0.5911,3.6107,67.0252,22.9,0,37
MELI270115P02120000,MELI,2027-01-15,114,P,2120.0,16.06,1826.58,327.6,354.2,340.9,265.44,7.8,0.3951,-0.7189,0.001,-0.6076,3.413,337.581,76.7,0,13
MELI270115C02130000,MELI,2027-01-15,114,C,2130.0,16.61,1826.58,51.9,78.6,65.25,103.3,40.9,0.3805,0.2988,0.0009,-0.5836,3.57,63.0809,22.1,0,11
MELI270115P02130000,MELI,2027-01-15,114,P,2130.0,16.61,1826.58,335.3,362.2,348.75,361.2,7.7,0.3954,-0.7276,0.001,-0.5998,3.3598,345.2925,77.3,2,22
MELI270115C02140000,MELI,2027-01-15,114,C,2140.0,17.16,1826.58,51.8,79.7,65.75,66.08,42.4,0.3882,0.291,0.0009,-0.5759,3.5282,63.5976,21.7,0,40
MELI270115P02140000,MELI,2027-01-15,114,P,2140.0,17.16,1826.58,338.2,370.9,354.55,585.25,9.2,0.3892,-0.7361,0.001,-0.5918,3.2965,350.7961,78.2,0,17
MELI270115C02150000,MELI,2027-01-15,114,C,2150.0,17.71,1826.58,49.5,70.4,59.95,64.18,34.9,0.3777,0.2833,0.0009,-0.568,3.4848,57.9018,20.6,0,69
MELI270115P02150000,MELI,2027-01-15,114,P,2150.0,17.71,1826.58,350.9,378.2,364.55,276.63,7.5,0.3955,-0.7445,0.0009,-0.5836,3.2368,360.7236,78.6,0,2
MELI270115C02160000,MELI,2027-01-15,114,C,2160.0,18.25,1826.58,44.9,73.7,59.3,60.6,48.6,0.3818,0.2758,0.0008,-0.56,3.4399,57.2668,20.2,2,58
MELI270115P02160000,MELI,2027-01-15,114,P,2160.0,18.25,1826.58,353.8,385.2,369.5,295.6,8.5,0.386,-0.7528,0.0009,-0.5754,3.1863,365.2843,79.6,0,50
MELI270115C02170000,MELI,2027-01-15,114,C,2170.0,18.8,1826.58,49.2,69.8,59.5,61.42,34.6,0.3884,0.2684,0.0008,-0.5519,3.3935,57.4974,19.9,0,26
MELI270115P02170000,MELI,2027-01-15,114,P,2170.0,18.8,1826.58,366.9,394.1,380.5,390.5,7.1,0.3952,-0.761,0.0009,-0.5671,3.1337,376.2605,79.8,0,1
MELI270115C02180000,MELI,2027-01-15,114,C,2180.0,19.35,1826.58,40.6,67.4,54.0,51.67,49.6,0.3778,0.2611,0.0008,-0.5437,3.3464,52.0897,18.8,0,15
MELI270115P02180000,MELI,2027-01-15,114,P,2180.0,19.35,1826.58,370.7,402.2,386.45,268.0,8.2,0.3883,-0.769,0.0009,-0.5586,3.0744,381.8811,80.7,0,8
MELI270115C02190000,MELI,2027-01-15,114,C,2190.0,19.9,1826.58,50.4,66.6,58.5,69.23,27.7,0.3976,0.2539,0.0008,-0.5353,3.2988,56.6936,19.2,0,17
MELI270115P02190000,MELI,2027-01-15,114,P,2190.0,19.9,1826.58,378.9,408.0,393.45,325.9,7.4,0.3843,-0.7771,0.0009,-0.5502,3.0093,388.5796,81.4,0,4
MELI270115C02200000,MELI,2027-01-15,114,C,2200.0,20.44,1826.58,47.0,62.4,54.7,54.39,28.2,0.3914,0.2469,0.0008,-0.5269,3.2512,52.8194,18.3,3,184
MELI270115P02200000,MELI,2027-01-15,114,P,2200.0,20.44,1826.58,386.6,418.1,402.35,332.94,7.8,0.3863,-0.7849,0.0009,-0.5417,2.9415,397.2883,81.9,0,57
MELI270115C02210000,MELI,2027-01-15,114,C,2210.0,20.99,1826.58,37.3,57.4,47.35,53.6,42.4,0.374,0.24,0.0008,-0.5184,3.2034,45.5902,16.9,0,14
MELI270115P02210000,MELI,2027-01-15,114,P,2210.0,20.99,1826.58,395.3,427.1,411.2,500.9,7.7,0.3881,-0.7927,0.0009,-0.533,2.8769,405.9719,82.4,0,1
MELI270115C02220000,MELI,2027-01-15,114,C,2220.0,21.54,1826.58,35.5,59.5,47.5,42.36,50.5,0.38,0.2333,0.0008,-0.5098,3.155,45.7725,16.7,78,64
MELI270115P02220000,MELI,2027-01-15,114,P,2220.0,21.54,1826.58,403.7,434.8,419.25,327.7,7.4,0.3868,-0.8002,0.0009,-0.5239,2.8007,413.7285,83.0,0,16
MELI270115C02230000,MELI,2027-01-15,114,C,2230.0,22.09,1826.58,33.8,55.2,44.5,77.22,48.1,0.3756,0.2266,0.0008,-0.5012,3.1057,42.8272,16.0,0,32
MELI270115P02230000,MELI,2027-01-15,114,P,2230.0,22.09,1826.58,411.5,443.7,427.6,443.4,7.5,0.3864,-0.8077,0.0009,-0.515,2.7335,421.8253,83.5,0,41
MELI270115C02240000,MELI,2027-01-15,114,C,2240.0,22.63,1826.58,37.7,50.6,44.15,45.14,29.2,0.3798,0.2202,0.0008,-0.4925,3.0554,42.5167,15.7,214,251
MELI270115P02240000,MELI,2027-01-15,114,P,2240.0,22.63,1826.58,420.0,451.7,435.85,344.2,7.3,0.3854,-0.815,0.0009,-0.5063,2.6707,429.7968,84.1,0,11
MELI270115C02250000,MELI,2027-01-15,114,C,2250.0,23.18,1826.58,32.8,49.8,41.3,43.4,41.2,0.3754,0.2138,0.0008,-0.4838,3.0044,39.7179,14.9,2,15
MELI270115P02250000,MELI,2027-01-15,114,P,2250.0,23.18,1826.58,428.5,460.0,444.25,670.0,7.1,0.3846,-0.8222,0.0008,-0.4972,2.6121,437.8872,84.6,0,3
MELI270115C02260000,MELI,2027-01-15,114,C,2260.0,23.73,1826.58,27.0,57.0,42.0,37.35,71.4,0.3829,0.2076,0.0007,-0.4752,2.9529,40.4131,14.8,16,11
MELI270115P02260000,MELI,2027-01-15,114,P,2260.0,23.73,1826.58,437.0,468.0,452.5,600.45,6.9,0.3831,-0.8293,0.0008,-0.4883,2.5472,445.832,85.2,0,32
MELI270115C02270000,MELI,2027-01-15,114,C,2270.0,24.28,1826.58,31.3,46.6,38.95,41.08,39.3,0.3775,0.2016,0.0007,-0.4665,2.9015,37.4495,14.1,0,13
MELI270115P02270000,MELI,2027-01-15,114,P,2270.0,24.28,1826.58,445.7,477.9,461.8,349.4,7.0,0.3855,-0.8363,0.0008,-0.4792,2.4704,454.9485,85.5,0,4
MELI270115C02280000,MELI,2027-01-15,114,C,2280.0,24.82,1826.58,23.6,53.6,38.6,38.7,77.7,0.3812,0.1956,0.0007,-0.4578,2.8505,37.1034,13.8,2,14
MELI270115P02280000,MELI,2027-01-15,114,P,2280.0,24.82,1826.58,454.4,486.6,470.5,440.0,6.8,0.3853,-0.8432,0.0008,-0.4705,2.393,463.36,86.0,0,2
MELI270319C01380000,MELI,2027-03-19,177,C,1380.0,-24.45,1826.58,504.0,535.9,519.95,0.0,6.1,0.4356,0.877,0.0004,-0.2044,2.631,513.4345,79.9,0,0
MELI270319P01380000,MELI,2027-03-19,177,P,1380.0,-24.45,1826.58,22.8,46.3,34.55,39.3,68.0,0.4151,-0.126,0.0004,-0.3146,2.6535,35.0378,18.6,0,20
MELI270319C01400000,MELI,2027-03-19,177,C,1400.0,-23.35,1826.58,488.0,519.8,503.9,401.4,6.3,0.4338,0.8676,0.0004,-0.2235,2.7652,497.4007,78.6,0,3
MELI270319P01400000,MELI,2027-03-19,177,P,1400.0,-23.35,1826.58,28.1,49.7,38.9,44.65,55.5,0.4173,-0.1356,0.0004,-0.33,2.7933,39.4106,20.1,0,37
MELI270319C01420000,MELI,2027-03-19,177,C,1420.0,-22.26,1826.58,472.9,504.0,488.45,514.1,6.4,0.4333,0.8578,0.0004,-0.2425,2.9018,481.9667,77.3,0,1
MELI270319P01420000,MELI,2027-03-19,177,P,1420.0,-22.26,1826.58,40.7,51.6,46.15,48.05,23.6,0.4285,-0.1456,0.0004,-0.3454,2.9338,46.7101,22.4,0,21
MELI270319C01440000,MELI,2027-03-19,177,C,1440.0,-21.16,1826.58,457.2,489.1,473.15,420.8,6.7,0.4324,0.8476,0.0004,-0.2614,3.039,466.672,75.9,0,2
MELI270319P01440000,MELI,2027-03-19,177,P,1440.0,-21.16,1826.58,33.6,54.7,44.15,54.7,47.8,0.4066,-0.1561,0.0004,-0.3607,3.0706,44.7009,22.2,0,3
MELI270319C01450000,MELI,2027-03-19,177,C,1450.0,-20.62,1826.58,449.7,480.9,465.3,0.0,6.7,0.431,0.8423,0.0004,-0.2708,3.1067,458.8233,75.3,0,0
MELI270319P01450000,MELI,2027-03-19,177,P,1450.0,-20.62,1826.58,38.3,68.3,53.3,60.3,56.3,0.4293,-0.1615,0.0004,-0.3684,3.1355,53.8574,24.6,0,10
MELI270319C01460000,MELI,2027-03-19,177,C,1460.0,-20.07,1826.58,441.2,474.4,457.8,521.34,7.3,0.4306,0.837,0.0004,-0.2801,3.1735,451.3462,74.6,0,1
MELI270319P01460000,MELI,2027-03-19,177,P,1460.0,-20.07,1826.58,40.4,70.4,55.4,55.9,54.2,0.4283,-0.167,0.0005,-0.376,3.2008,55.9853,25.2,0,6
MELI270319C01480000,MELI,2027-03-19,177,C,1480.0,-18.97,1826.58,428.0,459.5,443.75,562.05,7.1,0.432,0.8259,0.0005,-0.2987,3.306,437.3254,73.0,0,1
MELI270319P01480000,MELI,2027-03-19,177,P,1480.0,-18.97,1826.58,52.5,64.2,58.35,64.12,20.1,0.4218,-0.1783,0.0005,-0.391,3.3382,58.9294,26.3,0,9
MELI270319C01500000,MELI,2027-03-19,177,C,1500.0,-17.88,1826.58,412.0,444.8,428.4,530.0,7.7,0.4287,0.8145,0.0005,-0.3169,3.4384,422.0028,71.8,0,5
MELI270319P01500000,MELI,2027-03-19,177,P,1500.0,-17.88,1826.58,49.5,74.3,61.9,64.0,40.1,0.4168,-0.19,0.0005,-0.4057,3.473,62.5155,27.4,4,35
MELI270319C01520000,MELI,2027-03-19,177,C,1520.0,-16.78,1826.58,397.3,430.4,413.85,0.0,8.0,0.4271,0.8028,0.0005,-0.3347,3.5695,407.5014,70.3,0,0
MELI270319P01520000,MELI,2027-03-19,177,P,1520.0,-16.78,1826.58,59.2,85.0,72.1,49.4,35.8,0.4298,-0.2021,0.0005,-0.4201,3.6063,72.6926,29.8,0,40
MELI270319C01540000,MELI,2027-03-19,177,C,1540.0,-15.69,1826.58,384.0,414.7,399.35,473.32,7.7,0.4249,0.7907,0.0005,-0.3521,3.6963,393.0361,68.9,0,2
MELI270319P01540000,MELI,2027-03-19,177,P,1540.0,-15.69,1826.58,61.1,88.5,74.8,81.8,36.6,0.421,-0.2146,0.0006,-0.4342,3.7277,75.4265,30.8,2,11
MELI270319C01560000,MELI,2027-03-19,177,C,1560.0,-14.59,1826.58,370.0,400.9,385.45,448.3,8.0,0.4236,0.7783,0.0006,-0.369,3.8185,379.1647,67.5,0,3
MELI270319P01560000,MELI,2027-03-19,177,P,1560.0,-14.59,1826.58,74.5,87.0,80.75,88.11,15.5,0.4204,-0.2274,0.0006,-0.4478,3.8518,81.3906,32.3,0,46
MELI270319C01580000,MELI,2027-03-19,177,C,1580.0,-13.5,1826.58,356.5,388.9,372.7,335.0,8.7,0.4246,0.7655,0.0006,-0.3854,3.938,366.4786,65.8,0,7
MELI270319P01580000,MELI,2027-03-19,177,P,1580.0,-13.5,1826.58,69.8,98.7,84.25,105.6,34.3,0.4128,-0.2405,0.0006,-0.4608,3.9716,84.8916,33.4,0,16
MELI270319C01600000,MELI,2027-03-19,177,C,1600.0,-12.4,1826.58,343.3,370.4,356.85,367.0,7.6,0.4171,0.7525,0.0006,-0.4011,4.0546,350.6654,64.7,1,31
MELI270319P01600000,MELI,2027-03-19,177,P,1600.0,-12.4,1826.58,84.1,103.3,93.7,104.36,20.5,0.4195,-0.2539,0.0006,-0.4733,4.0926,94.3239,35.4,0,100
MELI270319C01620000,MELI,2027-03-19,177,C,1620.0,-11.31,1826.58,329.9,361.5,345.7,450.6,9.1,0.4206,0.7393,0.0006,-0.4162,4.1659,339.5908,62.9,0,3
MELI270319P01620000,MELI,2027-03-19,177,P,1620.0,-11.31,1826.58,89.2,108.7,98.95,111.0,19.7,0.415,-0.2676,0.0006,-0.4851,4.1983,99.5521,36.8,0,11
MELI270319C01640000,MELI,2027-03-19,177,C,1640.0,-10.21,1826.58,317.3,348.9,333.1,417.1,9.5,0.4198,0.7258,0.0006,-0.4306,4.2708,327.0633,61.4,0,4
MELI270319P01640000,MELI,2027-03-19,177,P,1640.0,-10.21,1826.58,93.3,122.8,108.05,110.86,27.3,0.419,-0.2816,0.0006,-0.4964,4.3012,108.6355,38.6,0,55
MELI270319C01660000,MELI,2027-03-19,177,C,1660.0,-9.12,1826.58,304.9,337.3,321.1,334.4,10.1,0.4196,0.712,0.0006,-0.4442,4.3705,315.0954,59.8,0,12
MELI270319P01660000,MELI,2027-03-19,177,P,1660.0,-9.12,1826.58,102.1,130.6,116.35,122.0,24.5,0.4202,-0.2959,0.0007,-0.5068,4.4042,116.8895,40.3,1,56
MELI270319C01680000,MELI,2027-03-19,177,C,1680.0,-8.02,1826.58,293.3,324.8,309.05,455.42,10.2,0.4187,0.6981,0.0006,-0.457,4.4657,303.123,58.2,0,18
MELI270319P01680000,MELI,2027-03-19,177,P,1680.0,-8.02,1826.58,110.6,134.5,122.55,101.35,19.5,0.416,-0.3104,0.0007,-0.5165,4.4977,123.0604,41.6,0,6
MELI270319C01700000,MELI,2027-03-19,177,C,1700.0,-6.93,1826.58,281.5,312.9,297.2,296.68,10.6,0.4176,0.6839,0.0007,-0.469,4.5552,291.3555,56.7,0,48
MELI270319P01700000,MELI,2027-03-19,177,P,1700.0,-6.93,1826.58,119.3,140.8,130.05,132.62,16.5,0.4141,-0.3251,0.0007,-0.5255,4.5828,130.52,43.2,0,115
MELI270319C01720000,MELI,2027-03-19,177,C,1720.0,-5.83,1826.58,269.2,302.6,285.9,328.27,11.7,0.4171,0.6697,0.0007,-0.4802,4.6376,280.1604,55.1,0,31
MELI270319P01720000,MELI,2027-03-19,177,P,1720.0,-5.83,1826.58,125.9,154.3,140.1,115.1,20.3,0.417,-0.3399,0.0007,-0.5336,4.6604,140.4922,44.9,0,50
MELI270319C01730000,MELI,2027-03-19,177,C,1730.0,-5.29,1826.58,264.0,297.0,280.5,0.0,11.8,0.4171,0.6625,0.0007,-0.4854,4.6761,274.7937,54.3,0,0
MELI270319P01730000,MELI,2027-03-19,177,P,1730.0,-5.29,1826.58,130.0,157.7,143.85,144.15,19.3,0.4155,-0.3475,0.0007,-0.5374,4.6979,144.2301,45.6,0,6
MELI270319C01740000,MELI,2027-03-19,177,C,1740.0,-4.74,1826.58,260.0,291.3,275.65,319.27,11.4,0.4181,0.6552,0.0007,-0.4905,4.713,269.9767,53.5,0,27
MELI270319P01740000,MELI,2027-03-19,177,P,1740.0,-4.74,1826.58,130.4,161.1,145.75,167.9,21.1,0.4099,-0.355,0.0007,-0.5409,4.7352,146.0993,46.2,0,6
MELI270319C01750000,MELI,2027-03-19,177,C,1750.0,-4.19,1826.58,253.8,286.1,269.95,260.0,12.0,0.4172,0.648,0.0007,-0.4953,4.7485,264.3398,52.7,0,5
MELI270319P01750000,MELI,2027-03-19,177,P,1750.0,-4.19,1826.58,138.8,166.9,152.85,155.35,18.4,0.4152,-0.3626,0.0007,-0.5443,4.77,153.1903,47.2,1,16
MELI270319C01760000,MELI,2027-03-19,177,C,1760.0,-3.65,1826.58,257.4,277.1,267.25,259.0,7.4,0.4223,0.6407,0.0007,-0.4999,4.7824,261.6477,51.8,0,25
MELI270319P01760000,MELI,2027-03-19,177,P,1760.0,-3.65,1826.58,144.5,165.0,154.75,157.95,13.2,0.4093,-0.3702,0.0007,-0.5474,4.8002,155.0312,47.8,0,14
MELI270319C01770000,MELI,2027-03-19,177,C,1770.0,-3.1,1826.58,242.9,275.2,259.05,0.0,12.5,0.4159,0.6334,0.0007,-0.5042,4.8149,253.5193,51.2,0,0
MELI270319P01770000,MELI,2027-03-19,177,P,1770.0,-3.1,1826.58,143.3,176.4,159.85,115.9,20.7,0.41,-0.3778,0.0008,-0.5503,4.8317,160.0931,48.6,0,4
MELI270319C01780000,MELI,2027-03-19,177,C,1780.0,-2.55,1826.58,246.7,266.5,256.6,369.58,7.7,0.4212,0.626,0.0007,-0.5084,4.8457,251.1033,50.3,0,23
MELI270319P01780000,MELI,2027-03-19,177,P,1780.0,-2.55,1826.58,152.5,180.5,166.5,172.5,16.8,0.4137,-0.3855,0.0008,-0.5529,4.8593,166.6916,49.5,0,17
MELI270319C01790000,MELI,2027-03-19,177,C,1790.0,-2.0,1826.58,241.2,261.3,251.25,302.5,8.0,0.4204,0.6187,0.0007,-0.5123,4.8747,245.8171,49.6,0,4
MELI270319P01790000,MELI,2027-03-19,177,P,1790.0,-2.0,1826.58,153.4,183.8,168.6,175.0,18.0,0.4079,-0.3933,0.0008,-0.5554,4.885,168.7541,50.1,1,10
MELI270319C01800000,MELI,2027-03-19,177,C,1800.0,-1.46,1826.58,235.9,256.1,246.0,240.15,8.2,0.4196,0.6113,0.0007,-0.5159,4.9018,240.6013,48.8,0,31
MELI270319P01800000,MELI,2027-03-19,177,P,1800.0,-1.46,1826.58,161.9,185.3,173.6,174.3,13.5,0.4079,-0.401,0.0008,-0.5576,4.9092,173.7063,50.9,0,29
MELI270319C01810000,MELI,2027-03-19,177,C,1810.0,-0.91,1826.58,221.9,254.8,238.35,235.64,13.8,0.4138,0.6039,0.0007,-0.5194,4.9272,232.9928,48.2,0,9
MELI270319P01810000,MELI,2027-03-19,177,P,1810.0,-0.91,1826.58,163.6,195.4,179.5,155.3,17.7,0.4095,-0.4088,0.0008,-0.5596,4.9322,179.5234,51.7,0,5
MELI270319C01820000,MELI,2027-03-19,177,C,1820.0,-0.36,1826.58,217.3,249.8,233.55,230.87,13.9,0.4137,0.5965,0.0007,-0.5226,4.9506,228.2532,47.4,0,48
MELI270319P01820000,MELI,2027-03-19,177,P,1820.0,-0.36,1826.58,171.7,200.2,185.95,192.95,15.3,0.4121,-0.4166,0.0008,-0.5614,4.9523,185.9186,52.5,0,2
MELI270319C01830000,MELI,2027-03-19,177,C,1830.0,0.19,1826.58,212.3,244.9,228.6,226.02,14.3,0.4131,0.5891,0.0007,-0.5255,4.9724,223.3392,46.7,0,6
MELI270319P01830000,MELI,2027-03-19,177,P,1830.0,0.19,1826.58,177.7,201.4,189.55,200.0,12.5,0.4088,-0.4244,0.0008,-0.563,4.9716,189.4674,53.2,0,4
MELI270319C01840000,MELI,2027-03-19,177,C,1840.0,0.73,1826.58,215.1,236.5,225.8,221.1,9.5,0.4167,0.5817,0.0008,-0.5283,4.9924,220.5917,45.9,1,72
MELI270319P01840000,MELI,2027-03-19,177,P,1840.0,0.73,1826.58,182.8,206.5,194.65,156.4,12.2,0.4084,-0.4322,0.0008,-0.5643,4.9887,194.5248,54.0,0,19
MELI270319C01850000,MELI,2027-03-19,177,C,1850.0,1.28,1826.58,205.2,234.0,219.6,329.7,13.1,0.4133,0.5743,0.0008,-0.5308,5.0107,214.4269,45.2,0,4
MELI270319P01850000,MELI,2027-03-19,177,P,1850.0,1.28,1826.58,186.9,214.8,200.85,163.0,13.9,0.41,-0.44,0.0008,-0.5655,5.0039,200.6563,54.8,0,0
MELI270319C01860000,MELI,2027-03-19,177,C,1860.0,1.83,1826.58,197.9,230.5,214.2,264.02,15.2,0.4114,0.5669,0.0008,-0.5331,5.0273,209.0771,44.5,0,20
MELI270319P01860000,MELI,2027-03-19,177,P,1860.0,1.83,1826.58,192.1,220.6,206.35,220.39,13.8,0.4101,-0.4478,0.0008,-0.5664,5.0153,206.1134,55.5,0,5
MELI270319C01870000,MELI,2027-03-19,177,C,1870.0,2.38,1826.58,192.7,224.7,208.7,242.8,15.3,0.4092,0.5594,0.0008,-0.5351,5.0422,203.6437,43.8,0,2
MELI270319P01870000,MELI,2027-03-19,177,P,1870.0,2.38,1826.58,194.0,225.3,209.65,209.5,14.9,0.4056,-0.4557,0.0008,-0.5671,5.024,209.3283,56.2,0,2
MELI270319C01880000,MELI,2027-03-19,177,C,1880.0,2.92,1826.58,189.8,221.2,205.5,192.11,15.3,0.4114,0.552,0.0008,-0.5369,5.0552,200.4968,43.0,1,15
MELI270319P01880000,MELI,2027-03-19,177,P,1880.0,2.92,1826.58,202.8,229.8,216.3,225.44,12.5,0.4076,-0.4636,0.0008,-0.5675,5.0316,215.8846,57.0,0,6
MELI270319C01890000,MELI,2027-03-19,177,C,1890.0,3.47,1826.58,184.0,215.8,199.9,187.89,15.9,0.4087,0.5446,0.0008,-0.5385,5.0664,194.9498,42.3,0,7
MELI270319P01890000,MELI,2027-03-19,177,P,1890.0,3.47,1826.58,204.9,235.7,220.3,228.51,14.0,0.4042,-0.4715,0.0008,-0.5678,5.04,219.7879,57.7,0,2
MELI270319C01900000,MELI,2027-03-19,177,C,1900.0,4.02,1826.58,187.1,206.6,196.85,183.61,9.9,0.4109,0.5372,0.0008,-0.5399,5.076,191.9495,41.6,0,35
MELI270319P01900000,MELI,2027-03-19,177,P,1900.0,4.02,1826.58,213.8,240.8,227.3,226.5,11.9,0.4066,-0.4794,0.0008,-0.5678,5.0467,226.6935,58.4,2,18
MELI270319C01910000,MELI,2027-03-19,177,C,1910.0,4.57,1826.58,178.3,207.1,192.7,187.1,14.9,0.4108,0.5298,0.0008,-0.541,5.0838,187.8572,40.9,2,5
MELI270319P01910000,MELI,2027-03-19,177,P,1910.0,4.57,1826.58,220.3,246.4,233.35,233.27,11.2,0.407,-0.4872,0.0008,-0.5676,5.0488,232.6599,59.1,0,3
MELI270319C01920000,MELI,2027-03-19,177,C,1920.0,5.11,1826.58,178.3,200.8,189.55,221.98,11.9,0.4125,0.5224,0.0008,-0.5419,5.0899,184.7472,40.1,0,20
MELI270319P01920000,MELI,2027-03-19,177,P,1920.0,5.11,1826.58,221.9,252.4,237.15,246.3,12.9,0.4028,-0.4951,0.0008,-0.5672,5.0521,236.3641,59.8,0,40
MELI270319C01930000,MELI,2027-03-19,177,C,1930.0,5.66,1826.58,166.8,198.6,182.7,293.73,17.4,0.4068,0.515,0.0008,-0.5426,5.0943,177.9527,39.5,0,1
MELI270319P01930000,MELI,2027-03-19,177,P,1930.0,5.66,1826.58,227.6,257.8,242.7,244.91,12.4,0.4019,-0.503,0.0008,-0.5666,5.0491,241.8105,60.5,0,1
MELI270319C01940000,MELI,2027-03-19,177,C,1940.0,6.21,1826.58,164.0,194.4,179.2,191.22,17.0,0.4076,0.5077,0.0008,-0.5431,5.097,174.5237,38.8,0,18
MELI270319P01940000,MELI,2027-03-19,177,P,1940.0,6.21,1826.58,236.6,265.1,250.85,205.3,11.4,0.406,-0.5108,0.0008,-0.5658,5.046,249.8637,61.2,0,17
MELI270319C01950000,MELI,2027-03-19,177,C,1950.0,6.76,1826.58,157.9,190.2,174.05,171.2,18.6,0.405,0.5003,0.0008,-0.5434,5.0979,169.438,38.1,0,1
MELI270319P01950000,MELI,2027-03-19,177,P,1950.0,6.76,1826.58,242.4,270.3,256.35,262.5,10.9,0.4048,-0.5187,0.0008,-0.5648,5.0426,255.2964,61.9,0,2
MELI270319C01960000,MELI,2027-03-19,177,C,1960.0,7.3,1826.58,156.0,186.3,171.15,166.9,17.7,0.4066,0.493,0.0008,-0.5434,5.0969,166.5509,37.4,2,14
MELI270319P01960000,MELI,2027-03-19,177,P,1960.0,7.3,1826.58,248.3,275.5,261.9,199.3,10.4,0.4034,-0.5266,0.0008,-0.5636,5.0289,260.6961,62.6,0,44
MELI270319C01970000,MELI,2027-03-19,177,C,1970.0,7.85,1826.58,150.5,180.4,165.45,169.65,18.1,0.4027,0.4857,0.0008,-0.5433,5.0942,160.9433,36.7,0,3
MELI270319P01970000,MELI,2027-03-19,177,P,1970.0,7.85,1826.58,254.3,282.0,268.15,251.9,10.3,0.4033,-0.5344,0.0008,-0.5622,5.016,266.8228,63.3,0,7
MELI270319C01980000,MELI,2027-03-19,177,C,1980.0,8.4,1826.58,146.0,179.3,162.65,167.05,20.5,0.4043,0.4784,0.0008,-0.5429,5.0898,158.1894,36.0,0,15
MELI270319P01980000,MELI,2027-03-19,177,P,1980.0,8.4,1826.58,258.1,290.6,274.35,280.8,11.8,0.403,-0.5422,0.0008,-0.5605,5.006,272.9153,64.0,0,14
MELI270319C01990000,MELI,2027-03-19,177,C,1990.0,8.95,1826.58,142.2,174.2,158.2,256.5,20.2,0.4025,0.4712,0.0008,-0.5424,5.0838,153.7817,35.3,0,11
MELI270319P01990000,MELI,2027-03-19,177,P,1990.0,8.95,1826.58,266.5,295.6,281.05,213.8,10.4,0.4035,-0.55,0.0008,-0.5587,4.9967,279.4782,64.7,0,2
MELI270319C02000000,MELI,2027-03-19,177,C,2000.0,9.49,1826.58,142.4,170.4,156.4,155.0,17.9,0.4058,0.464,0.0008,-0.5416,5.0763,152.0139,34.7,3,93
MELI270319P02000000,MELI,2027-03-19,177,P,2000.0,9.49,1826.58,272.8,299.9,286.35,290.35,9.5,0.4011,-0.5578,0.0008,-0.5567,4.9872,284.6435,65.4,1,25
MELI270319C02020000,MELI,2027-03-19,177,C,2020.0,10.59,1826.58,135.2,163.0,149.1,149.83,18.6,0.4048,0.4496,0.0008,-0.5395,5.0571,144.8337,33.4,0,21
MELI270319P02020000,MELI,2027-03-19,177,P,2020.0,10.59,1826.58,285.6,314.6,300.1,306.1,9.7,0.4022,-0.5734,0.0008,-0.5521,4.9528,298.144,66.6,0,2
MELI270319C02040000,MELI,2027-03-19,177,C,2040.0,11.68,1826.58,129.9,156.0,142.95,145.15,18.3,0.4056,0.4354,0.0008,-0.5366,5.0317,138.8078,32.1,0,21
MELI270319P02040000,MELI,2027-03-19,177,P,2040.0,11.68,1826.58,296.2,328.5,312.35,393.04,10.3,0.3996,-0.5888,0.0008,-0.5469,4.9057,310.0456,68.0,0,1
MELI270319C02060000,MELI,2027-03-19,177,C,2060.0,12.78,1826.58,117.9,149.4,133.65,128.0,23.6,0.3996,0.4214,0.0008,-0.533,4.9996,129.652,30.8,0,48
MELI270319P02060000,MELI,2027-03-19,177,P,2060.0,12.78,1826.58,309.6,341.9,325.75,269.8,9.9,0.3989,-0.6041,0.0008,-0.5409,4.8448,323.1523,69.2,0,2
MELI270319C02080000,MELI,2027-03-19,177,C,2080.0,13.87,1826.58,115.1,141.6,128.35,182.4,20.6,0.4011,0.4075,0.0008,-0.5287,4.9608,124.4666,29.6,0,48
MELI270319P02080000,MELI,2027-03-19,177,P,2080.0,13.87,1826.58,326.8,355.5,341.15,267.1,8.4,0.4016,-0.6193,0.0008,-0.5343,4.7845,338.1747,70.4,0,1
MELI270319C02100000,MELI,2027-03-19,177,C,2100.0,14.97,1826.58,106.4,137.0,121.7,119.8,25.1,0.3994,0.3938,0.0008,-0.5238,4.917,117.9452,28.4,2,24
MELI270319P02100000,MELI,2027-03-19,177,P,2100.0,14.97,1826.58,336.2,368.0,352.1,269.08,9.0,0.3946,-0.6343,0.0008,-0.527,4.7337,348.6923,71.7,0,7
MELI270319C02120000,MELI,2027-03-19,177,C,2120.0,16.06,1826.58,100.6,131.2,115.9,116.04,26.4,0.3989,0.3804,0.0008,-0.5182,4.8689,112.2457,27.2,0,17
MELI270319P02120000,MELI,2027-03-19,177,P,2120.0,16.06,1826.58,355.1,383.8,369.45,0.0,7.8,0.4006,-0.6492,0.0008,-0.5192,4.6633,365.7577,72.7,0,0
MELI270319C02140000,MELI,2027-03-19,177,C,2140.0,17.16,1826.58,99.0,124.9,111.95,110.06,23.1,0.4018,0.3671,0.0007,-0.5121,4.8162,108.3901,26.2,0,11
MELI270319P02140000,MELI,2027-03-19,177,P,2140.0,17.16,1826.58,366.7,398.3,382.5,312.49,8.3,0.3968,-0.6639,0.0008,-0.5109,4.5789,378.3226,73.9,0,1
MELI270319C02160000,MELI,2027-03-19,177,C,2160.0,18.25,1826.58,89.9,119.9,104.9,151.3,28.6,0.3978,0.3541,0.0007,-0.5055,4.7576,101.4737,25.0,0,7
MELI270319P02160000,MELI,2027-03-19,177,P,2160.0,18.25,1826.58,379.8,413.2,396.5,330.6,8.4,0.3945,-0.6784,0.0008,-0.5019,4.4834,391.8532,75.1,0,9
MELI270319C02180000,MELI,2027-03-19,177,C,2180.0,19.35,1826.58,82.5,110.6,96.55,114.97,29.1,0.3904,0.3414,0.0007,-0.4983,4.6936,93.2544,23.7,0,8
MELI270319P02180000,MELI,2027-03-19,177,P,2180.0,19.35,1826.58,399.4,428.0,413.7,344.4,6.9,0.3987,-0.6927,0.0008,-0.4925,4.382,408.6261,76.0,0,10
MELI270319C02200000,MELI,2027-03-19,177,C,2200.0,20.44,1826.58,85.9,110.3,98.1,90.1,24.9,0.4039,0.3289,0.0007,-0.4907,4.6256,94.8525,23.2,3,61
MELI270319P02200000,MELI,2027-03-19,177,P,2200.0,20.44,1826.58,410.3,442.8,426.55,425.18,7.6,0.3926,-0.7068,0.0008,-0.4828,4.3055,420.8565,77.2,0,5
MELI270319C02220000,MELI,2027-03-19,177,C,2220.0,21.54,1826.58,78.2,100.0,89.1,123.04,24.5,0.3941,0.3167,0.0007,-0.4827,4.5551,85.9985,21.8,0,3
MELI270319P02220000,MELI,2027-03-19,177,P,2220.0,21.54,1826.58,430.3,458.3,444.3,347.59,6.3,0.3973,-0.7206,0.0008,-0.4726,4.204,438.2047,78.0,0,1
MELI270319C02240000,MELI,2027-03-19,177,C,2240.0,22.63,1826.58,70.4,100.1,85.25,101.6,34.8,0.3951,0.3047,0.0007,-0.4744,4.482,82.2464,20.9,0,6
MELI270319P02240000,MELI,2027-03-19,177,P,2240.0,22.63,1826.58,442.4,474.9,458.65,376.57,7.1,0.3937,-0.7342,0.0008,-0.4622,4.0911,452.0195,79.1,0,1
MELI270319C02260000,MELI,2027-03-19,177,C,2260.0,23.73,1826.58,66.7,95.9,81.3,80.49,35.9,0.3955,0.2931,0.0007,-0.4657,4.405,78.403,20.0,0,7
MELI270319P02260000,MELI,2027-03-19,177,P,2260.0,23.73,1826.58,462.2,490.1,476.15,389.5,5.9,0.3968,-0.7476,0.0008,-0.4514,3.9741,468.9705,79.9,0,7
MELI270319C02280000,MELI,2027-03-19,177,C,2280.0,24.82,1826.58,62.5,92.3,77.4,116.4,38.5,0.3956,0.2817,0.0007,-0.4568,4.3238,74.6027,19.2,0,31
MELI270319P02280000,MELI,2027-03-19,177,P,2280.0,24.82,1826.58,474.9,507.4,491.15,0.0,6.6,0.3931,-0.7607,0.0008,-0.4398,3.8278,483.1632,80.9,0,0
