contract,ticker,expiry,dte,type,strike,moneyness_pct,spot,bid,ask,mid,last,spread_pct,iv,delta,gamma,theta,vega,theo,prob_itm,volume,oi
META261009C00560000,META,2026-10-09,16,C,560.0,-24.43,741.0,175.6,181.45,178.525,113.74,3.3,0.6579,0.9911,0.0003,-0.0365,0.0392,182.6448,97.6,0,22
META261009P00560000,META,2026-10-09,16,P,560.0,-24.43,741.0,0.11,0.28,0.195,0.23,87.2,0.5326,-0.009,0.0003,-0.0567,0.0394,0.132,0.7,20,92
META261009C00565000,META,2026-10-09,16,C,565.0,-23.75,741.0,171.15,176.5,173.825,107.81,3.1,0.6707,0.99,0.0003,-0.0422,0.0432,177.8835,96.9,0,29
META261009P00565000,META,2026-10-09,16,P,565.0,-23.75,741.0,0.01,0.32,0.165,0.3,187.9,0.507,-0.01,0.0003,-0.0618,0.0432,0.11,0.6,3623,100
META261009C00570000,META,2026-10-09,16,C,570.0,-23.08,741.0,166.0,171.5,168.75,173.52,3.3,0.6433,0.9888,0.0003,-0.0485,0.0476,172.821,97.1,1,76
META261009P00570000,META,2026-10-09,16,P,570.0,-23.08,741.0,0.23,0.5,0.365,0.33,74.0,0.544,-0.0113,0.0003,-0.0676,0.0477,0.2558,1.2,47,172
META261009C00575000,META,2026-10-09,16,C,575.0,-22.4,741.0,161.1,166.6,163.85,111.28,3.4,0.6333,0.9874,0.0004,-0.0556,0.0528,167.8989,96.9,0,97
META261009P00575000,META,2026-10-09,16,P,575.0,-22.4,741.0,0.24,0.39,0.315,0.33,47.6,0.5174,-0.0127,0.0004,-0.0741,0.053,0.218,1.1,40,68
META261009C00580000,META,2026-10-09,16,C,580.0,-21.73,741.0,155.85,161.65,158.75,159.5,3.7,0.604,0.9858,0.0004,-0.0634,0.0587,162.816,97.0,0,72
META261009P00580000,META,2026-10-09,16,P,580.0,-21.73,741.0,0.3,0.49,0.395,0.38,48.1,0.5173,-0.0143,0.0004,-0.0815,0.0589,0.2766,1.3,231,362
META261009C00585000,META,2026-10-09,16,C,585.0,-21.05,741.0,151.3,156.7,154.0,158.69,3.5,0.6074,0.9839,0.0005,-0.0723,0.0652,158.016,96.5,4,81
META261009P00585000,META,2026-10-09,16,P,585.0,-21.05,741.0,0.38,0.68,0.53,0.46,56.6,0.523,-0.0162,0.0005,-0.0898,0.0653,0.3776,1.7,53,143
META261009C00590000,META,2026-10-09,16,C,590.0,-20.38,741.0,146.0,151.8,148.9,153.72,3.9,0.5791,0.9817,0.0006,-0.0822,0.0726,152.9318,96.7,18,30
META261009P00590000,META,2026-10-09,16,P,590.0,-20.38,741.0,0.49,0.61,0.55,0.5,21.8,0.5092,-0.0184,0.0006,-0.0992,0.0726,0.3916,1.8,41,178
META261009C00595000,META,2026-10-09,16,C,595.0,-19.7,741.0,141.0,146.9,143.95,147.69,4.1,0.564,0.9792,0.0006,-0.0934,0.081,147.9693,96.5,25,22
META261009P00595000,META,2026-10-09,16,P,595.0,-19.7,741.0,0.52,0.79,0.655,0.6,41.2,0.5062,-0.0209,0.0006,-0.1099,0.0816,0.4708,2.1,52,388
META261009C00600000,META,2026-10-09,16,C,600.0,-19.03,741.0,136.25,142.0,139.125,141.8,4.1,0.5586,0.9763,0.0007,-0.106,0.0905,143.108,96.1,22,50
META261009P00600000,META,2026-10-09,16,P,600.0,-19.03,741.0,0.58,0.89,0.735,0.67,42.2,0.4985,-0.0238,0.0007,-0.122,0.0908,0.5307,2.3,100,507
META261009C00605000,META,2026-10-09,16,C,605.0,-18.35,741.0,131.7,137.15,134.425,139.24,4.1,0.5604,0.9728,0.0008,-0.1201,0.1011,138.3494,95.4,9,86
META261009P00605000,META,2026-10-09,16,P,605.0,-18.35,741.0,0.58,1.05,0.815,0.79,57.7,0.4898,-0.0273,0.0008,-0.1356,0.1013,0.5906,2.6,16,359
META261009C00610000,META,2026-10-09,16,C,610.0,-17.68,741.0,126.5,132.25,129.375,134.0,4.4,0.5373,0.9689,0.0009,-0.1358,0.1132,133.3048,95.4,1,119
META261009P00610000,META,2026-10-09,16,P,610.0,-17.68,741.0,0.7,0.99,0.845,0.92,34.3,0.4756,-0.0312,0.0009,-0.1508,0.1139,0.6125,2.7,50,181
META261009C00615000,META,2026-10-09,16,C,615.0,-17.0,741.0,122.2,127.1,124.65,132.7,3.9,0.535,0.9644,0.001,-0.1534,0.1267,128.5277,94.8,1,342
META261009P00615000,META,2026-10-09,16,P,615.0,-17.0,741.0,0.92,1.15,1.035,1.06,22.2,0.4752,-0.0358,0.001,-0.168,0.1271,0.7588,3.3,23,101
META261009C00620000,META,2026-10-09,16,C,620.0,-16.33,741.0,117.0,122.65,119.825,131.51,4.7,0.5251,0.9591,0.0012,-0.173,0.1414,123.6672,94.3,2,125
META261009P00620000,META,2026-10-09,16,P,620.0,-16.33,741.0,1.03,1.54,1.285,1.3,39.7,0.4767,-0.0411,0.0012,-0.1871,0.1416,0.9547,4.0,36,161
META261009C00625000,META,2026-10-09,16,C,625.0,-15.65,741.0,112.7,117.7,115.2,117.0,4.3,0.5247,0.9531,0.0013,-0.1946,0.158,118.9743,93.5,8,56
META261009P00625000,META,2026-10-09,16,P,625.0,-15.65,741.0,1.24,1.56,1.4,1.45,22.9,0.4664,-0.0471,0.0013,-0.2083,0.159,1.0429,4.3,15,453
META261009C00630000,META,2026-10-09,16,C,630.0,-14.98,741.0,108.05,112.8,110.425,111.0,4.3,0.5151,0.9462,0.0015,-0.2184,0.1761,114.1579,92.9,3,265
META261009P00630000,META,2026-10-09,16,P,630.0,-14.98,741.0,1.52,1.76,1.64,1.48,14.6,0.463,-0.0541,0.0015,-0.2317,0.1766,1.2324,5.0,87,110
META261009C00635000,META,2026-10-09,16,C,635.0,-14.3,741.0,103.35,108.35,105.85,105.75,4.7,0.5132,0.9383,0.0016,-0.2444,0.1957,109.5098,91.9,14,60
META261009P00635000,META,2026-10-09,16,P,635.0,-14.3,741.0,1.81,2.34,2.075,2.01,25.5,0.468,-0.062,0.0016,-0.2572,0.1959,1.5839,6.1,84,168
META261009C00640000,META,2026-10-09,16,C,640.0,-13.63,741.0,98.65,103.3,100.975,101.1,4.6,0.4973,0.9294,0.0018,-0.2724,0.2172,104.6088,91.5,16,214
META261009P00640000,META,2026-10-09,16,P,640.0,-13.63,741.0,2.2,2.5,2.35,2.27,12.8,0.4619,-0.0709,0.0018,-0.2849,0.2182,1.805,6.9,44,300
META261009C00645000,META,2026-10-09,16,C,645.0,-12.96,741.0,93.65,97.55,95.6,95.75,4.1,0.4608,0.9194,0.002,-0.3026,0.24,99.284,92.0,10,128
META261009P00645000,META,2026-10-09,16,P,645.0,-12.96,741.0,2.55,3.05,2.8,2.64,17.9,0.4618,-0.081,0.002,-0.3147,0.2404,2.174,8.0,381,171
META261009C00650000,META,2026-10-09,16,C,650.0,-12.28,741.0,89.6,94.3,91.95,92.1,5.1,0.4906,0.9082,0.0023,-0.3348,0.2643,95.4291,89.3,53,257
META261009P00650000,META,2026-10-09,16,P,650.0,-12.28,741.0,3.0,3.35,3.175,3.22,11.0,0.4564,-0.0922,0.0023,-0.3464,0.2659,2.484,9.0,99,219
META261009C00655000,META,2026-10-09,16,C,655.0,-11.61,741.0,84.95,90.2,87.575,100.23,6.0,0.4889,0.8958,0.0025,-0.3687,0.29,90.9617,87.9,4,145
META261009P00655000,META,2026-10-09,16,P,655.0,-11.61,741.0,3.4,4.15,3.775,3.57,19.9,0.4571,-0.1048,0.0025,-0.3801,0.2909,2.9833,10.4,19,180
META261009C00657500,META,2026-10-09,16,C,657.5,-11.27,741.0,82.9,87.85,85.375,87.05,5.8,0.4868,0.8891,0.0026,-0.3863,0.3031,88.7166,87.3,2,0
META261009P00657500,META,2026-10-09,16,P,657.5,-11.27,741.0,3.7,4.45,4.075,4.0,18.4,0.4565,-0.1115,0.0026,-0.3975,0.3037,3.2361,11.1,0,8
META261009C00660000,META,2026-10-09,16,C,660.0,-10.93,741.0,80.7,83.3,82.0,90.28,3.2,0.448,0.882,0.0027,-0.4042,0.3164,85.4494,88.6,14,355
META261009P00660000,META,2026-10-09,16,P,660.0,-10.93,741.0,4.15,4.6,4.375,4.4,10.3,0.4553,-0.1186,0.0028,-0.4152,0.3169,3.4898,11.8,85,100
META261009C00662500,META,2026-10-09,16,C,662.5,-10.59,741.0,78.5,83.5,81.0,83.18,6.2,0.4821,0.8746,0.0029,-0.4224,0.3302,84.2542,85.9,5,0
META261009P00662500,META,2026-10-09,16,P,662.5,-10.59,741.0,4.4,5.0,4.7,3.57,12.8,0.4544,-0.126,0.0029,-0.4333,0.3323,3.7684,12.6,9,21
META261009C00665000,META,2026-10-09,16,C,665.0,-10.26,741.0,76.45,81.35,78.9,79.55,6.2,0.4815,0.8669,0.003,-0.4409,0.3442,82.1014,85.1,28,731
META261009P00665000,META,2026-10-09,16,P,665.0,-10.26,741.0,4.7,5.25,4.975,5.0,11.1,0.4513,-0.1338,0.003,-0.4517,0.3456,3.9994,13.2,208,125
META261009C00667500,META,2026-10-09,16,C,667.5,-9.92,741.0,74.15,79.2,76.675,0.0,6.6,0.477,0.8589,0.0031,-0.4596,0.3582,79.8381,84.5,0,0
META261009P00667500,META,2026-10-09,16,P,667.5,-9.92,741.0,5.05,5.85,5.45,9.96,14.7,0.4534,-0.1419,0.0031,-0.4702,0.3592,4.4055,14.2,0,2
META261009C00670000,META,2026-10-09,16,C,670.0,-9.58,741.0,72.25,76.95,74.6,77.6,6.3,0.476,0.8504,0.0032,-0.4785,0.3721,77.7069,83.6,27,482
META261009P00670000,META,2026-10-09,16,P,670.0,-9.58,741.0,5.45,6.25,5.85,5.5,13.7,0.4528,-0.1503,0.0033,-0.4889,0.3728,4.7514,15.1,27,156
META261009C00672500,META,2026-10-09,16,C,672.5,-9.24,741.0,70.0,75.1,72.55,80.55,7.0,0.4752,0.8417,0.0034,-0.4975,0.3861,75.6033,82.7,4,12
META261009P00672500,META,2026-10-09,16,P,672.5,-9.24,741.0,5.95,6.6,6.275,5.95,10.4,0.4522,-0.1591,0.0034,-0.5078,0.3866,5.1185,16.0,5,20
META261009C00675000,META,2026-10-09,16,C,675.0,-8.91,741.0,67.95,73.05,70.5,72.93,7.2,0.4738,0.8326,0.0035,-0.5165,0.4003,73.4989,81.8,6,326
META261009P00675000,META,2026-10-09,16,P,675.0,-8.91,741.0,6.4,7.05,6.725,6.35,9.7,0.4517,-0.1683,0.0035,-0.5267,0.4027,5.5113,16.9,67,181
META261009C00677500,META,2026-10-09,16,C,677.5,-8.57,741.0,65.95,71.3,68.625,69.67,7.8,0.4759,0.8232,0.0036,-0.5356,0.4146,71.5508,80.7,2,5
META261009P00677500,META,2026-10-09,16,P,677.5,-8.57,741.0,6.85,7.55,7.2,5.95,9.7,0.4511,-0.1778,0.0036,-0.5456,0.4162,5.9236,17.9,3,6
META261009C00680000,META,2026-10-09,16,C,680.0,-8.23,741.0,63.9,68.6,66.25,69.0,7.1,0.466,0.8134,0.0038,-0.5546,0.4287,69.155,80.2,26,260
META261009P00680000,META,2026-10-09,16,P,680.0,-8.23,741.0,7.35,8.0,7.675,7.0,8.5,0.4499,-0.1876,0.0038,-0.5645,0.4298,6.3366,18.8,84,199
META261009C00682500,META,2026-10-09,16,C,682.5,-7.89,741.0,62.5,65.6,64.05,57.63,4.8,0.4599,0.8033,0.0039,-0.5734,0.4424,66.9177,79.5,0,2
META261009P00682500,META,2026-10-09,16,P,682.5,-7.89,741.0,7.85,8.55,8.2,8.0,8.5,0.4494,-0.1978,0.0039,-0.5832,0.4432,6.8003,19.9,8,18
META261009C00685000,META,2026-10-09,16,C,685.0,-7.56,741.0,60.1,64.15,62.125,67.94,6.5,0.4594,0.7929,0.004,-0.5921,0.4561,64.9262,78.4,2,419
META261009P00685000,META,2026-10-09,16,P,685.0,-7.56,741.0,8.3,9.2,8.75,8.3,10.3,0.4488,-0.2082,0.004,-0.6018,0.4567,7.2856,21.0,115,70
META261009C00687500,META,2026-10-09,16,C,687.5,-7.22,741.0,58.25,61.8,60.025,61.42,5.9,0.4547,0.7822,0.0041,-0.6106,0.4697,62.7798,77.6,5,6
META261009P00687500,META,2026-10-09,16,P,687.5,-7.22,741.0,9.0,9.5,9.25,8.95,5.4,0.4466,-0.219,0.0042,-0.6201,0.472,7.729,22.0,1,111
META261009C00690000,META,2026-10-09,16,C,690.0,-6.88,741.0,56.35,59.9,58.125,68.37,6.1,0.4538,0.7711,0.0042,-0.6287,0.4831,60.8182,76.5,11,232
META261009P00690000,META,2026-10-09,16,P,690.0,-6.88,741.0,9.5,10.45,9.975,9.55,9.5,0.4484,-0.2302,0.0043,-0.6381,0.4846,8.3708,23.2,62,166
META261009C00692500,META,2026-10-09,16,C,692.5,-6.55,741.0,54.45,57.0,55.725,61.88,4.6,0.4422,0.7598,0.0044,-0.6464,0.4961,58.3979,75.9,2,5
META261009P00692500,META,2026-10-09,16,P,692.5,-6.55,741.0,10.2,10.95,10.575,9.8,7.1,0.4471,-0.2416,0.0044,-0.6557,0.4972,8.9063,24.4,10,2
META261009C00695000,META,2026-10-09,16,C,695.0,-6.21,741.0,52.5,55.8,54.15,56.87,6.1,0.4468,0.7482,0.0045,-0.6638,0.5085,56.7327,74.4,9,200
META261009P00695000,META,2026-10-09,16,P,695.0,-6.21,741.0,10.8,11.75,11.275,10.3,8.4,0.4472,-0.2533,0.0045,-0.6729,0.5093,9.5339,25.6,20,35
META261009C00697500,META,2026-10-09,16,C,697.5,-5.87,741.0,51.35,54.35,52.85,60.0,5.7,0.4559,0.7363,0.0046,-0.6806,0.5207,55.3294,72.7,1,15
META261009P00697500,META,2026-10-09,16,P,697.5,-5.87,741.0,11.55,12.35,11.95,11.5,6.7,0.4463,-0.2652,0.0046,-0.6896,0.5214,10.1445,26.8,18,17
META261009C00700000,META,2026-10-09,16,C,700.0,-5.53,741.0,49.35,51.3,50.325,53.0,3.9,0.4409,0.7241,0.0047,-0.6969,0.5325,52.7895,72.2,45,621
META261009P00700000,META,2026-10-09,16,P,700.0,-5.53,741.0,12.3,13.0,12.65,12.1,5.5,0.4452,-0.2775,0.0047,-0.7058,0.5345,10.7745,28.0,323,411
META261009C00702500,META,2026-10-09,16,C,702.5,-5.2,741.0,48.2,50.8,49.5,59.19,5.3,0.4573,0.7117,0.0048,-0.7125,0.5439,51.834,70.1,0,38
META261009P00702500,META,2026-10-09,16,P,702.5,-5.2,741.0,13.1,13.75,13.425,12.95,4.8,0.4449,-0.29,0.0048,-0.7213,0.5452,11.4743,29.3,19,276
META261009C00705000,META,2026-10-09,16,C,705.0,-4.86,741.0,46.45,47.8,47.125,50.0,2.9,0.4445,0.6991,0.0049,-0.7275,0.5546,49.4361,69.4,12,153
META261009P00705000,META,2026-10-09,16,P,705.0,-4.86,741.0,13.85,14.45,14.15,12.6,4.2,0.4432,-0.3027,0.0049,-0.7361,0.5556,12.1338,30.5,56,187
META261009C00710000,META,2026-10-09,16,C,710.0,-4.18,741.0,42.25,44.75,43.5,45.0,5.7,0.438,0.6732,0.0051,-0.7552,0.5742,45.6891,67.0,19,268
META261009P00710000,META,2026-10-09,16,P,710.0,-4.18,741.0,15.65,16.55,16.1,15.6,5.6,0.4473,-0.3287,0.0051,-0.7637,0.575,13.9464,33.4,97,375
META261009C00715000,META,2026-10-09,16,C,715.0,-3.51,741.0,39.0,41.7,40.35,43.0,6.7,0.4376,0.6467,0.0052,-0.7797,0.5917,42.3938,64.2,96,442
META261009P00715000,META,2026-10-09,16,P,715.0,-3.51,741.0,17.35,18.45,17.9,17.23,6.1,0.4453,-0.3555,0.0053,-0.7878,0.5926,15.5716,36.1,95,84
META261009C00720000,META,2026-10-09,16,C,720.0,-2.83,741.0,37.15,38.45,37.8,39.95,3.4,0.4449,0.6196,0.0054,-0.8006,0.6061,39.6831,61.1,113,421
META261009P00720000,META,2026-10-09,16,P,720.0,-2.83,741.0,19.4,20.45,19.925,18.9,5.3,0.4454,-0.3828,0.0054,-0.8085,0.6066,17.4506,39.0,72,113
META261009C00725000,META,2026-10-09,16,C,725.0,-2.16,741.0,34.3,35.6,34.95,34.85,3.7,0.4447,0.5921,0.0054,-0.8176,0.6177,36.6953,58.2,59,316
META261009P00725000,META,2026-10-09,16,P,725.0,-2.16,741.0,21.6,22.5,22.05,21.29,4.1,0.4447,-0.4105,0.0055,-0.8253,0.6184,19.4252,41.8,121,74
META261009C00730000,META,2026-10-09,16,C,730.0,-1.48,741.0,31.25,33.5,32.375,32.13,6.9,0.4466,0.5644,0.0055,-0.8306,0.6264,33.9779,55.2,79,207
META261009P00730000,META,2026-10-09,16,P,730.0,-1.48,741.0,24.0,24.9,24.45,23.61,3.7,0.4462,-0.4384,0.0056,-0.838,0.6266,21.6749,44.7,175,243
META261009C00735000,META,2026-10-09,16,C,735.0,-0.81,741.0,28.7,30.3,29.5,31.0,5.4,0.4415,0.5365,0.0056,-0.8395,0.6319,30.9807,52.4,121,95
META261009P00735000,META,2026-10-09,16,P,735.0,-0.81,741.0,26.4,27.35,26.875,26.3,3.5,0.4459,-0.4664,0.0056,-0.8468,0.6317,23.9622,47.6,61,32
META261009C00740000,META,2026-10-09,16,C,740.0,-0.13,741.0,27.3,27.85,27.575,27.4,2.0,0.4493,0.5088,0.0056,-0.8443,0.6344,28.9185,49.4,110,274
META261009P00740000,META,2026-10-09,16,P,740.0,-0.13,741.0,29.05,29.8,29.425,29.43,2.5,0.4452,-0.4944,0.0056,-0.8513,0.6339,26.3692,50.5,210,149
META261009C00745000,META,2026-10-09,16,C,745.0,0.54,741.0,24.7,25.75,25.225,26.0,4.2,0.4481,0.4813,0.0056,-0.845,0.6339,26.4479,46.6,134,142
META261009P00745000,META,2026-10-09,16,P,745.0,0.54,741.0,31.8,32.75,32.275,29.1,2.9,0.4471,-0.5221,0.0056,-0.8517,0.633,29.0808,53.4,145,113
META261009C00750000,META,2026-10-09,16,C,750.0,1.21,741.0,22.75,23.5,23.125,22.85,3.2,0.4487,0.4542,0.0055,-0.8416,0.6304,24.2302,43.8,1068,1141
META261009P00750000,META,2026-10-09,16,P,750.0,1.21,741.0,34.75,35.6,35.175,35.2,2.4,0.4476,-0.5495,0.0056,-0.8483,0.6283,31.8483,56.2,186,35
META261009C00755000,META,2026-10-09,16,C,755.0,1.89,741.0,20.65,21.6,21.125,21.23,4.5,0.4488,0.4276,0.0055,-0.8345,0.6241,22.121,41.0,269,58
META261009P00755000,META,2026-10-09,16,P,755.0,1.89,741.0,37.75,38.7,38.225,37.1,2.5,0.4483,-0.5764,0.0055,-0.8408,0.6225,34.7677,59.0,91,8
META261009C00760000,META,2026-10-09,16,C,760.0,2.56,741.0,18.9,19.75,19.325,19.26,4.4,0.45,0.4016,0.0054,-0.8238,0.6154,20.2151,38.3,355,184
META261009P00760000,META,2026-10-09,16,P,760.0,2.56,741.0,40.85,42.3,41.575,37.95,3.5,0.4518,-0.6026,0.0054,-0.83,0.6132,37.9929,61.7,119,8
META261009C00765000,META,2026-10-09,16,C,765.0,3.24,741.0,17.2,18.15,17.675,19.3,5.4,0.4517,0.3763,0.0053,-0.8098,0.6041,18.47,35.7,167,123
META261009P00765000,META,2026-10-09,16,P,765.0,3.24,741.0,44.15,45.7,44.925,43.8,3.5,0.4533,-0.6282,0.0053,-0.8156,0.6003,41.2253,64.2,88,0
META261009C00770000,META,2026-10-09,16,C,770.0,3.91,741.0,15.7,16.55,16.125,17.3,5.3,0.453,0.3518,0.0051,-0.7927,0.5906,16.8265,33.2,413,149
META261009P00770000,META,2026-10-09,16,P,770.0,3.91,741.0,47.45,50.2,48.825,45.38,5.6,0.4622,-0.6529,0.0052,-0.7984,0.5872,45.016,66.5,35,1
META261009C00775000,META,2026-10-09,16,C,775.0,4.59,741.0,14.15,15.05,14.6,15.95,6.2,0.4528,0.3283,0.005,-0.773,0.5755,15.218,30.8,116,77
META261009P00775000,META,2026-10-09,16,P,775.0,4.59,741.0,51.1,53.85,52.475,48.83,5.2,0.4651,-0.6768,0.005,-0.7786,0.5712,48.5629,68.8,15,0
META261009C00780000,META,2026-10-09,16,C,780.0,5.26,741.0,12.85,13.4,13.125,14.5,4.2,0.4519,0.3056,0.0048,-0.7509,0.5583,13.6909,28.4,253,137
META261009P00780000,META,2026-10-09,16,P,780.0,5.26,741.0,54.4,57.5,55.95,49.21,5.5,0.4629,-0.6996,0.0049,-0.7561,0.5526,51.9342,71.2,14,2
META261009C00785000,META,2026-10-09,16,C,785.0,5.94,741.0,11.75,12.35,12.05,14.65,5.0,0.4555,0.284,0.0046,-0.7269,0.5399,12.5221,26.3,49,104
META261009P00785000,META,2026-10-09,16,P,785.0,5.94,741.0,56.55,60.7,58.625,54.9,7.1,0.4436,-0.7215,0.0047,-0.7319,0.5344,54.5128,74.2,6,1
META261009C00790000,META,2026-10-09,16,C,790.0,6.61,741.0,10.65,11.45,11.05,11.03,7.2,0.4593,0.2634,0.0045,-0.7012,0.5206,11.4591,24.3,146,216
META261009P00790000,META,2026-10-09,16,P,790.0,6.61,741.0,60.35,65.1,62.725,61.92,7.6,0.4485,-0.7424,0.0045,-0.7059,0.5125,58.5195,76.1,2,0
META261009C00795000,META,2026-10-09,16,C,795.0,7.29,741.0,9.65,10.4,10.025,10.29,7.5,0.4609,0.2439,0.0043,-0.6743,0.4999,10.3747,22.4,205,69
META261009P00795000,META,2026-10-09,16,P,795.0,7.29,741.0,64.25,68.95,66.6,64.5,7.1,0.4472,-0.7622,0.0043,-0.6784,0.4917,62.3064,78.2,4,0
META261009C00800000,META,2026-10-09,16,C,800.0,7.96,741.0,8.75,9.25,9.0,8.98,5.6,0.4608,0.2255,0.0041,-0.6464,0.4789,9.3001,20.5,355,296
META261009P00800000,META,2026-10-09,16,P,800.0,7.96,741.0,68.25,72.6,70.425,68.3,6.2,0.4427,-0.7809,0.0041,-0.6503,0.4707,66.0494,80.3,3,11
META261009C00805000,META,2026-10-09,16,C,805.0,8.64,741.0,7.7,8.7,8.2,8.3,12.2,0.4637,0.2081,0.0039,-0.6179,0.4576,8.4537,18.8,28,48
META261009P00805000,META,2026-10-09,16,P,805.0,8.64,741.0,72.4,77.25,74.825,73.89,6.5,0.4488,-0.7986,0.004,-0.6214,0.4459,70.3744,81.9,2,1
META261009C00810000,META,2026-10-09,16,C,810.0,9.31,741.0,7.0,7.9,7.45,7.37,12.1,0.4662,0.1918,0.0037,-0.5891,0.4356,7.6635,17.3,48,175
META261009P00810000,META,2026-10-09,16,P,810.0,9.31,741.0,76.25,80.95,78.6,77.99,6.0,0.4381,-0.8152,0.0038,-0.5921,0.4242,74.0584,84.1,2,0
META261009C00815000,META,2026-10-09,16,C,815.0,9.99,741.0,6.3,7.15,6.725,6.63,12.6,0.4676,0.1766,0.0035,-0.5602,0.4139,6.8977,15.8,61,74
META261009P00815000,META,2026-10-09,16,P,815.0,9.99,741.0,80.9,85.7,83.3,82.25,5.8,0.4486,-0.8307,0.0036,-0.5628,0.4024,78.7042,85.1,2,0
META261009C00820000,META,2026-10-09,16,C,820.0,10.66,741.0,5.75,6.4,6.075,6.4,10.7,0.4694,0.1623,0.0033,-0.5314,0.3926,6.2166,14.4,58,132
META261009P00820000,META,2026-10-09,16,P,820.0,10.66,741.0,84.9,90.15,87.525,81.0,6.0,0.4448,-0.8453,0.0034,-0.5338,0.3786,82.8497,86.8,4,0
META261009C00825000,META,2026-10-09,16,C,825.0,11.34,741.0,5.1,5.8,5.45,5.5,12.8,0.4703,0.1491,0.0031,-0.5031,0.3711,5.5646,13.1,66,66
META261009P00825000,META,2026-10-09,16,P,825.0,11.34,741.0,89.7,94.65,92.175,0.0,5.4,0.4516,-0.8588,0.0032,-0.5054,0.3555,87.4498,87.8,0,0
META261009C00830000,META,2026-10-09,16,C,830.0,12.01,741.0,4.5,5.35,4.925,6.01,17.3,0.4724,0.1368,0.0029,-0.4753,0.3502,5.0153,11.9,13,42
META261009P00830000,META,2026-10-09,16,P,830.0,12.01,741.0,94.2,99.1,96.65,93.49,5.1,0.4516,-0.8714,0.003,-0.4774,0.3348,91.8631,89.0,0,1
META261009C00835000,META,2026-10-09,16,C,835.0,12.69,741.0,4.3,4.85,4.575,4.85,12.0,0.4784,0.1254,0.0027,-0.4482,0.3302,4.6449,11.0,172,47
META261009P00835000,META,2026-10-09,16,P,835.0,12.69,741.0,98.85,103.65,101.25,0.0,4.7,0.4538,-0.8831,0.0028,-0.45,0.3129,96.4027,90.1,0,0
META261009C00840000,META,2026-10-09,16,C,840.0,13.36,741.0,3.6,4.4,4.0,4.4,20.0,0.4761,0.1148,0.0026,-0.422,0.3105,4.0514,9.8,46,98
META261009P00840000,META,2026-10-09,16,P,840.0,13.36,741.0,103.3,108.05,105.675,0.0,4.5,0.4477,-0.894,0.0026,-0.4247,0.2884,100.7554,91.4,0,0
META261009C00845000,META,2026-10-09,16,C,845.0,14.04,741.0,3.25,4.0,3.625,4.4,20.7,0.4788,0.1051,0.0024,-0.3967,0.2914,3.6619,9.0,24,260
META261009P00845000,META,2026-10-09,16,P,845.0,14.04,741.0,107.55,113.0,110.275,0.0,4.9,0.4455,-0.904,0.0025,-0.4001,0.2715,105.2861,92.4,0,0
META261009C00850000,META,2026-10-09,16,C,850.0,14.71,741.0,3.2,3.55,3.375,3.3,10.4,0.4847,0.0962,0.0022,-0.3724,0.2733,3.3959,8.3,108,248
META261009P00850000,META,2026-10-09,16,P,850.0,14.71,741.0,112.25,118.2,115.225,0.0,5.2,0.4575,-0.9132,0.0023,-0.3758,0.2528,110.2065,92.8,0,0
META261009C00855000,META,2026-10-09,16,C,855.0,15.38,741.0,2.84,3.3,3.07,3.25,15.0,0.4878,0.088,0.0021,-0.3491,0.2562,3.082,7.6,59,53
META261009P00855000,META,2026-10-09,16,P,855.0,15.38,741.0,116.95,122.9,119.925,115.51,5.0,0.457,-0.9218,0.0022,-0.3532,0.2296,114.8484,93.6,1,0
META261009C00860000,META,2026-10-09,16,C,860.0,16.06,741.0,2.42,2.88,2.65,2.92,17.4,0.4848,0.0804,0.0019,-0.327,0.2394,2.654,6.7,48,45
META261009P00860000,META,2026-10-09,16,P,860.0,16.06,741.0,121.7,128.15,124.925,0.0,5.2,0.4706,-0.9297,0.002,-0.3328,0.2126,119.8274,93.9,0,0
META261009C00865000,META,2026-10-09,16,C,865.0,16.73,741.0,2.09,2.54,2.315,3.25,19.4,0.4835,0.0735,0.0018,-0.3059,0.2237,2.3112,5.9,2,54
META261009P00865000,META,2026-10-09,16,P,865.0,16.73,741.0,126.5,132.8,129.65,0.0,4.9,0.4689,-0.937,0.0019,-0.3126,0.1974,124.4956,94.6,0,0
META261009C00870000,META,2026-10-09,16,C,870.0,17.41,741.0,1.97,2.43,2.2,2.44,20.9,0.4913,0.0672,0.0017,-0.286,0.209,2.1878,5.5,36,43
META261009P00870000,META,2026-10-09,16,P,870.0,17.41,741.0,131.3,136.4,133.85,0.0,3.8,0.4151,-0.9436,0.0018,-0.293,0.1826,128.406,96.9,0,0
META261009C00875000,META,2026-10-09,16,C,875.0,18.08,741.0,1.73,2.24,1.985,2.2,25.7,0.4936,0.0614,0.0015,-0.2672,0.195,1.9697,5.0,15,30
META261009P00875000,META,2026-10-09,16,P,875.0,18.08,741.0,136.15,142.2,139.175,0.0,4.3,0.4612,-0.9497,0.0016,-0.2746,0.1594,133.8753,96.0,0,0
META261009C00880000,META,2026-10-09,16,C,880.0,18.76,741.0,1.62,2.02,1.82,2.4,22.0,0.4974,0.0562,0.0014,-0.2494,0.1817,1.7997,4.6,2,58
META261009P00880000,META,2026-10-09,16,P,880.0,18.76,741.0,140.95,147.0,143.975,0.0,4.2,0.4539,-0.9553,0.0015,-0.2584,0.1467,138.578,96.7,0,0
META261009C00885000,META,2026-10-09,16,C,885.0,19.43,741.0,1.38,1.87,1.625,1.8,30.2,0.4985,0.0513,0.0013,-0.2327,0.1692,1.6012,4.1,34,31
META261009P00885000,META,2026-10-09,16,P,885.0,19.43,741.0,145.85,151.0,148.425,0.0,3.5,0.0,-0.9606,0.0014,-0.2424,0.1353,,,0,0
META261009C00890000,META,2026-10-09,16,C,890.0,20.11,741.0,1.36,1.71,1.535,1.6,22.8,0.5051,0.0469,0.0012,-0.217,0.1577,1.5076,3.8,21,78
META261009P00890000,META,2026-10-09,16,P,890.0,20.11,741.0,150.7,156.6,153.65,228.3,3.8,0.0,-0.9654,0.0014,-0.2271,0.1248,,,0,1
META261009C00895000,META,2026-10-09,16,C,895.0,20.78,741.0,1.06,1.56,1.31,1.52,38.2,0.502,0.0429,0.0011,-0.2023,0.1468,1.2827,3.3,77,30
META261009P00895000,META,2026-10-09,16,P,895.0,20.78,741.0,155.6,161.45,158.525,0.0,3.7,0.0,-0.9697,0.0013,-0.21,0.1076,,,0,0
META261009C00900000,META,2026-10-09,16,C,900.0,21.46,741.0,0.99,1.4,1.195,1.32,34.3,0.5052,0.0392,0.001,-0.1885,0.1365,1.1664,3.0,125,406
META261009P00900000,META,2026-10-09,16,P,900.0,21.46,741.0,160.5,167.05,163.775,0.0,4.0,0.4702,-0.9737,0.0012,-0.1917,0.0917,158.1876,97.8,0,0
META261009C00905000,META,2026-10-09,16,C,905.0,22.13,741.0,0.87,1.31,1.09,1.19,40.4,0.5083,0.0359,0.001,-0.1756,0.1269,1.0601,2.8,16,28
META261009P00905000,META,2026-10-09,16,P,905.0,22.13,741.0,165.45,171.85,168.65,0.0,3.8,0.0,-0.9772,0.0011,-0.1745,0.0853,,,0,0
META261009C00910000,META,2026-10-09,16,C,910.0,22.81,741.0,0.73,1.2,0.965,1.03,48.7,0.5089,0.0328,0.0009,-0.1636,0.1181,0.9363,2.5,14,109
META261009P00910000,META,2026-10-09,16,P,910.0,22.81,741.0,170.35,176.65,173.5,0.0,3.6,0.0,-0.9809,0.001,-0.1649,0.0714,,,0,0
META261009C00915000,META,2026-10-09,16,C,915.0,23.48,741.0,0.65,1.1,0.875,1.17,51.4,0.5114,0.03,0.0008,-0.1523,0.1099,0.8453,2.2,6,100
META261009P00915000,META,2026-10-09,16,P,915.0,23.48,741.0,175.3,181.85,178.575,0.0,3.7,0.0,-0.9842,0.001,-0.1558,0.0645,,,0,0
META261009C00920000,META,2026-10-09,16,C,920.0,24.16,741.0,0.59,1.02,0.805,0.99,53.4,0.5152,0.0275,0.0008,-0.1418,0.1021,0.7758,2.0,5,33
META261009P00920000,META,2026-10-09,16,P,920.0,24.16,741.0,180.2,186.7,183.45,0.0,3.5,0.0,-0.9868,0.0009,-0.1396,0.0499,,,0,0
META261009C00925000,META,2026-10-09,16,C,925.0,24.83,741.0,0.5,0.93,0.715,0.78,60.1,0.516,0.0252,0.0007,-0.132,0.0948,0.6864,1.8,79,171
META261009P00925000,META,2026-10-09,16,P,925.0,24.83,741.0,185.2,191.7,188.45,0.0,3.4,0.0,-0.9891,0.0008,-0.122,0.0434,,,0,0
META261016C00560000,META,2026-10-16,23,C,560.0,-24.43,741.0,176.25,181.9,179.075,185.4,3.2,0.5618,0.9865,0.0004,-0.0448,0.0667,183.1709,97.3,2,1121
META261016P00560000,META,2026-10-16,23,P,560.0,-24.43,741.0,0.39,0.61,0.5,0.46,44.0,0.5087,-0.0136,0.0004,-0.064,0.0669,0.3863,1.6,185,2477
META261016C00565000,META,2026-10-16,23,C,565.0,-23.75,741.0,171.45,177.0,174.225,180.52,3.2,0.5586,0.9848,0.0004,-0.0517,0.0739,178.2951,97.0,2,609
META261016P00565000,META,2026-10-16,23,P,565.0,-23.75,741.0,0.44,0.66,0.55,0.51,40.0,0.5012,-0.0153,0.0004,-0.0704,0.0744,0.4254,1.7,36,645
META261016C00570000,META,2026-10-16,23,C,570.0,-23.08,741.0,166.35,172.05,169.2,169.8,3.4,0.5394,0.9828,0.0005,-0.0594,0.0819,173.2717,97.1,13,2177
META261016P00570000,META,2026-10-16,23,P,570.0,-23.08,741.0,0.51,0.62,0.565,0.59,19.5,0.4887,-0.0173,0.0005,-0.0776,0.0821,0.436,1.8,231,2567
META261016C00575000,META,2026-10-16,23,C,575.0,-22.4,741.0,161.35,167.05,164.2,178.25,3.5,0.5225,0.9806,0.0005,-0.0678,0.0909,168.2689,97.0,1,1841
META261016P00575000,META,2026-10-16,23,P,575.0,-22.4,741.0,0.57,0.74,0.655,0.66,26.0,0.4852,-0.0195,0.0005,-0.0856,0.0911,0.5085,2.1,96,879
META261016C00580000,META,2026-10-16,23,C,580.0,-21.73,741.0,157.25,162.1,159.675,162.25,3.0,0.5419,0.978,0.0006,-0.0772,0.101,163.6687,96.0,5,1661
META261016P00580000,META,2026-10-16,23,P,580.0,-21.73,741.0,0.63,0.82,0.725,0.7,26.2,0.4782,-0.0221,0.0006,-0.0944,0.1015,0.5639,2.3,220,3600
META261016C00585000,META,2026-10-16,23,C,585.0,-21.05,741.0,152.45,157.4,154.925,156.28,3.2,0.5408,0.9751,0.0006,-0.0876,0.112,158.8791,95.5,7,3972
META261016P00585000,META,2026-10-16,23,P,585.0,-21.05,741.0,0.74,0.93,0.835,0.86,22.8,0.4744,-0.025,0.0006,-0.1044,0.1126,0.653,2.6,162,3296
META261016C00590000,META,2026-10-16,23,C,590.0,-20.38,741.0,147.7,152.4,150.05,151.13,3.1,0.5309,0.9718,0.0007,-0.099,0.1243,153.9825,95.2,13,1796
META261016P00590000,META,2026-10-16,23,P,590.0,-20.38,741.0,0.95,1.0,0.975,0.92,5.1,0.4718,-0.0284,0.0007,-0.1153,0.1246,0.7667,3.0,490,2098
META261016C00595000,META,2026-10-16,23,C,595.0,-19.7,741.0,142.85,146.8,144.825,146.5,2.7,0.5002,0.968,0.0008,-0.1116,0.138,148.7847,95.6,61,741
META261016P00595000,META,2026-10-16,23,P,595.0,-19.7,741.0,0.99,1.26,1.125,1.13,24.0,0.4684,-0.0322,0.0008,-0.1274,0.1383,0.8886,3.4,81,690
META261016C00600000,META,2026-10-16,23,C,600.0,-19.03,741.0,138.0,141.85,139.925,141.58,2.8,0.4892,0.9637,0.0009,-0.1253,0.1529,143.8666,95.3,440,7877
META261016P00600000,META,2026-10-16,23,P,600.0,-19.03,741.0,1.25,1.34,1.295,1.3,6.9,0.4651,-0.0365,0.0009,-0.1407,0.1538,1.0289,3.8,2287,7465
META261016C00605000,META,2026-10-16,23,C,605.0,-18.35,741.0,133.3,136.9,135.1,146.43,2.7,0.4819,0.9588,0.001,-0.1403,0.1691,139.0109,94.9,2,806
META261016P00605000,META,2026-10-16,23,P,605.0,-18.35,741.0,1.35,1.64,1.495,1.44,19.4,0.4622,-0.0414,0.001,-0.1552,0.1696,1.1943,4.4,40,838
META261016C00610000,META,2026-10-16,23,C,610.0,-17.68,741.0,128.35,131.9,130.125,131.36,2.7,0.4662,0.9533,0.0011,-0.1566,0.187,134.0281,94.8,27,1410
META261016P00610000,META,2026-10-16,23,P,610.0,-17.68,741.0,1.63,1.75,1.69,1.72,7.1,0.4575,-0.0469,0.0011,-0.1711,0.1873,1.3548,4.9,323,1807
META261016C00615000,META,2026-10-16,23,C,615.0,-17.0,741.0,123.75,128.5,126.125,130.7,3.8,0.495,0.9472,0.0012,-0.1741,0.2062,129.8891,92.8,11,1160
META261016P00615000,META,2026-10-16,23,P,615.0,-17.0,741.0,1.91,2.02,1.965,1.97,5.6,0.4558,-0.0531,0.0012,-0.1882,0.2075,1.5864,5.5,308,1125
META261016C00620000,META,2026-10-16,23,C,620.0,-16.33,741.0,119.05,123.8,121.425,123.43,3.9,0.489,0.9403,0.0014,-0.193,0.2267,125.147,92.1,216,4326
META261016P00620000,META,2026-10-16,23,P,620.0,-16.33,741.0,2.09,2.4,2.245,2.29,13.8,0.455,-0.06,0.0014,-0.2068,0.2273,1.8682,6.4,487,2279
META261016C00625000,META,2026-10-16,23,C,625.0,-15.65,741.0,114.45,119.15,116.8,119.29,4.0,0.4846,0.9327,0.0015,-0.2132,0.249,120.4686,91.3,29,1155
META261016P00625000,META,2026-10-16,23,P,625.0,-15.65,741.0,2.48,2.74,2.61,2.55,10.0,0.4514,-0.0677,0.0015,-0.2265,0.2494,2.1305,7.1,303,1215
META261016C00630000,META,2026-10-16,23,C,630.0,-14.98,741.0,109.8,114.8,112.3,112.24,4.5,0.4832,0.9242,0.0017,-0.2347,0.2725,115.9037,90.3,137,3291
META261016P00630000,META,2026-10-16,23,P,630.0,-14.98,741.0,2.84,3.15,2.995,3.04,10.4,0.4492,-0.0762,0.0017,-0.2476,0.274,2.4576,8.0,398,1543
META261016C00635000,META,2026-10-16,23,C,635.0,-14.3,741.0,105.2,110.0,107.6,107.67,4.5,0.474,0.9149,0.0018,-0.2574,0.2971,111.161,89.6,15,761
META261016P00635000,META,2026-10-16,23,P,635.0,-14.3,741.0,3.35,3.65,3.5,3.4,8.6,0.4496,-0.0856,0.0018,-0.27,0.2979,2.8939,9.1,94,460
META261016C00640000,META,2026-10-16,23,C,640.0,-13.63,741.0,100.7,105.5,103.1,105.85,4.7,0.47,0.9046,0.002,-0.2812,0.3233,106.5981,88.6,43,4484
META261016P00640000,META,2026-10-16,23,P,640.0,-13.63,741.0,3.8,4.0,3.9,3.97,5.1,0.4447,-0.0959,0.002,-0.2933,0.324,3.2382,10.0,1002,2142
META261016C00645000,META,2026-10-16,23,C,645.0,-12.96,741.0,96.35,101.35,98.85,99.75,5.1,0.4714,0.8934,0.0022,-0.3059,0.3503,102.2603,87.2,59,1023
META261016P00645000,META,2026-10-16,23,P,645.0,-12.96,741.0,4.35,4.6,4.475,4.26,5.6,0.4443,-0.1072,0.0022,-0.3178,0.352,3.758,11.3,244,888
META261016C00650000,META,2026-10-16,23,C,650.0,-12.28,741.0,92.0,96.85,94.425,94.13,5.1,0.4665,0.8811,0.0024,-0.3315,0.3781,97.7692,86.0,368,7845
META261016P00650000,META,2026-10-16,23,P,650.0,-12.28,741.0,4.95,5.25,5.1,5.12,5.9,0.4421,-0.1196,0.0024,-0.343,0.379,4.2813,12.6,593,2706
META261016C00655000,META,2026-10-16,23,C,655.0,-11.61,741.0,87.75,92.35,90.05,92.1,5.1,0.4615,0.8679,0.0026,-0.3578,0.407,93.3215,84.8,17,1635
META261016P00655000,META,2026-10-16,23,P,655.0,-11.61,741.0,5.65,6.0,5.825,5.78,6.0,0.4415,-0.1329,0.0026,-0.369,0.4087,4.9219,14.0,124,783
META261016C00657500,META,2026-10-16,23,C,657.5,-11.27,741.0,85.6,90.45,88.025,95.2,5.5,0.4623,0.8609,0.0027,-0.3711,0.4215,91.2481,84.0,0,14
META261016P00657500,META,2026-10-16,23,P,657.5,-11.27,741.0,6.0,6.35,6.175,5.83,5.7,0.4402,-0.1399,0.0027,-0.3822,0.4239,5.2313,14.7,13,33
META261016C00660000,META,2026-10-16,23,C,660.0,-10.93,741.0,83.5,87.75,85.625,85.63,5.0,0.4542,0.8536,0.0028,-0.3846,0.436,88.8304,83.7,314,2584
META261016P00660000,META,2026-10-16,23,P,660.0,-10.93,741.0,6.35,6.75,6.55,6.6,6.1,0.439,-0.1473,0.0028,-0.3955,0.4377,5.5606,15.4,487,1838
META261016C00662500,META,2026-10-16,23,C,662.5,-10.59,741.0,81.4,86.65,84.025,94.48,6.2,0.4634,0.8461,0.0028,-0.398,0.4505,87.1472,82.3,0,15
META261016P00662500,META,2026-10-16,23,P,662.5,-10.59,741.0,6.85,7.2,7.025,6.7,5.0,0.4397,-0.1548,0.0029,-0.4088,0.4518,5.9842,16.3,13,80
META261016C00665000,META,2026-10-16,23,C,665.0,-10.26,741.0,79.35,83.95,81.65,85.66,5.6,0.4554,0.8383,0.003,-0.4116,0.4652,84.7524,81.9,28,1571
META261016P00665000,META,2026-10-16,23,P,665.0,-10.26,741.0,7.2,7.6,7.4,7.4,5.4,0.4393,-0.1627,0.003,-0.4222,0.4662,6.3843,17.1,174,569
META261016C00667500,META,2026-10-16,23,C,667.5,-9.92,741.0,77.3,82.2,79.75,66.0,6.1,0.4571,0.8303,0.0031,-0.4251,0.48,82.7981,80.9,0,8
META261016P00667500,META,2026-10-16,23,P,667.5,-9.92,741.0,7.7,8.1,7.9,7.0,5.1,0.438,-0.1707,0.0031,-0.4356,0.4809,6.7655,17.9,7,138
META261016C00670000,META,2026-10-16,23,C,670.0,-9.58,741.0,75.6,80.15,77.875,77.0,5.8,0.4587,0.822,0.0032,-0.4386,0.4948,80.8666,79.9,940,4097
META261016P00670000,META,2026-10-16,23,P,670.0,-9.58,741.0,8.25,8.5,8.375,8.4,3.0,0.4373,-0.1791,0.0032,-0.4489,0.498,7.1921,18.8,389,1847
META261016C00672500,META,2026-10-16,23,C,672.5,-9.24,741.0,73.55,78.2,75.875,82.13,6.1,0.4573,0.8134,0.0032,-0.452,0.5092,78.8169,79.1,1,15
META261016P00672500,META,2026-10-16,23,P,672.5,-9.24,741.0,8.7,9.1,8.9,8.95,4.5,0.4371,-0.1877,0.0033,-0.4622,0.5114,7.6629,19.7,58,60
META261016C00675000,META,2026-10-16,23,C,675.0,-8.91,741.0,71.35,74.55,72.95,73.53,4.4,0.4381,0.8047,0.0033,-0.4654,0.5235,75.9137,79.3,70,3659
META261016P00675000,META,2026-10-16,23,P,675.0,-8.91,741.0,9.2,9.6,9.4,9.52,4.3,0.4374,-0.1966,0.0034,-0.4754,0.5252,8.1806,20.7,589,1282
META261016C00677500,META,2026-10-16,23,C,677.5,-8.57,741.0,69.35,74.3,71.825,80.5,6.9,0.4526,0.7956,0.0034,-0.4786,0.5377,74.6793,77.5,7,31
META261016P00677500,META,2026-10-16,23,P,677.5,-8.57,741.0,9.7,10.2,9.95,10.0,5.0,0.4372,-0.2056,0.0035,-0.4886,0.539,8.6984,21.6,80,145
META261016C00680000,META,2026-10-16,23,C,680.0,-8.23,741.0,68.05,71.0,69.525,70.0,4.2,0.4448,0.7864,0.0035,-0.4917,0.5518,72.3538,76.9,120,5534
META261016P00680000,META,2026-10-16,23,P,680.0,-8.23,741.0,10.35,10.75,10.55,10.5,3.8,0.4362,-0.215,0.0036,-0.5015,0.5529,9.1992,22.6,694,1072
META261016C00682500,META,2026-10-16,23,C,682.5,-7.89,741.0,65.6,69.15,67.375,70.02,5.3,0.4396,0.7769,0.0036,-0.5046,0.5659,70.1724,76.2,28,68
META261016P00682500,META,2026-10-16,23,P,682.5,-7.89,741.0,10.95,11.4,11.175,10.65,4.0,0.4352,-0.2245,0.0036,-0.5143,0.5672,9.7223,23.5,31,114
META261016C00685000,META,2026-10-16,23,C,685.0,-7.56,741.0,63.75,67.25,65.5,66.88,5.3,0.4388,0.7671,0.0037,-0.5173,0.5795,68.2415,75.2,138,1315
META261016P00685000,META,2026-10-16,23,P,685.0,-7.56,741.0,11.55,12.0,11.775,11.8,3.8,0.4342,-0.2343,0.0037,-0.5268,0.5822,10.2682,24.5,405,572
META261016C00687500,META,2026-10-16,23,C,687.5,-7.22,741.0,61.9,65.4,63.65,73.5,5.5,0.4381,0.7572,0.0038,-0.5297,0.5927,66.3401,74.2,1,46
META261016P00687500,META,2026-10-16,23,P,687.5,-7.22,741.0,12.25,12.65,12.45,11.86,3.2,0.434,-0.2444,0.0038,-0.5391,0.5946,10.8819,25.6,74,143
META261016C00690000,META,2026-10-16,23,C,690.0,-6.88,741.0,60.55,63.55,62.05,64.53,4.8,0.441,0.747,0.0039,-0.5418,0.6055,64.6689,73.0,84,3616
META261016P00690000,META,2026-10-16,23,P,690.0,-6.88,741.0,12.95,13.3,13.125,12.56,2.7,0.4334,-0.2546,0.0039,-0.5511,0.607,11.4991,26.6,533,420
META261016C00692500,META,2026-10-16,23,C,692.5,-6.55,741.0,58.3,61.75,60.025,61.43,5.7,0.4366,0.7367,0.004,-0.5536,0.6181,62.6062,72.1,3,31
META261016P00692500,META,2026-10-16,23,P,692.5,-6.55,741.0,13.5,14.05,13.775,13.31,4.0,0.4332,-0.265,0.004,-0.5628,0.6193,12.1651,27.7,25,103
META261016C00695000,META,2026-10-16,23,C,695.0,-6.21,741.0,57.4,58.75,58.075,58.74,2.3,0.433,0.7261,0.004,-0.5651,0.6304,60.6079,71.2,57,2823
META261016P00695000,META,2026-10-16,23,P,695.0,-6.21,741.0,14.35,14.85,14.6,13.72,3.4,0.4329,-0.2757,0.0041,-0.5742,0.6313,12.8524,28.8,325,324
META261016C00697500,META,2026-10-16,23,C,697.5,-5.87,741.0,54.8,57.8,56.3,68.25,5.3,0.4319,0.7154,0.0041,-0.5762,0.6423,58.7804,70.1,193,94
META261016P00697500,META,2026-10-16,23,P,697.5,-5.87,741.0,15.15,15.45,15.3,14.95,2.0,0.4315,-0.2865,0.0042,-0.5852,0.6451,13.5003,29.9,35,120
META261016C00700000,META,2026-10-16,23,C,700.0,-5.53,741.0,53.55,55.5,54.525,54.62,3.6,0.4303,0.7045,0.0042,-0.5869,0.6536,56.9479,69.0,13093,24099
META261016P00700000,META,2026-10-16,23,P,700.0,-5.53,741.0,15.95,16.4,16.175,16.2,2.8,0.4322,-0.2975,0.0042,-0.5957,0.6556,14.3033,31.1,1015,2806
META261016C00702500,META,2026-10-16,23,C,702.5,-5.2,741.0,51.2,54.15,52.675,64.2,5.6,0.4273,0.6934,0.0043,-0.5971,0.6643,55.0526,68.0,9,101
META261016P00702500,META,2026-10-16,23,P,702.5,-5.2,741.0,16.75,17.3,17.025,16.53,3.2,0.4326,-0.3087,0.0043,-0.6058,0.6659,15.1181,32.3,57,189
META261016C00705000,META,2026-10-16,23,C,705.0,-4.86,741.0,50.55,52.5,51.525,51.05,3.8,0.4343,0.6822,0.0043,-0.6069,0.6745,53.8216,66.5,134,2206
META261016P00705000,META,2026-10-16,23,P,705.0,-4.86,741.0,17.6,18.2,17.9,17.33,3.4,0.4321,-0.32,0.0044,-0.6155,0.6757,15.9054,33.4,164,474
META261016C00710000,META,2026-10-16,23,C,710.0,-4.18,741.0,47.15,49.5,48.325,49.55,4.9,0.4334,0.6594,0.0045,-0.625,0.6935,50.5059,64.1,156,7262
META261016P00710000,META,2026-10-16,23,P,710.0,-4.18,741.0,19.5,20.0,19.75,19.83,2.5,0.4321,-0.343,0.0045,-0.6335,0.6944,17.6323,35.8,448,1311
META261016C00715000,META,2026-10-16,23,C,715.0,-3.51,741.0,44.55,46.6,45.575,45.21,4.5,0.4372,0.6361,0.0046,-0.641,0.7101,47.6286,61.5,594,2022
META261016P00715000,META,2026-10-16,23,P,715.0,-3.51,741.0,21.4,22.05,21.725,20.37,3.0,0.432,-0.3665,0.0046,-0.6491,0.7114,19.4732,38.3,198,530
META261016C00720000,META,2026-10-16,23,C,720.0,-2.83,741.0,41.65,43.55,42.6,43.7,4.5,0.436,0.6124,0.0047,-0.6547,0.724,44.536,59.1,568,4275
META261016P00720000,META,2026-10-16,23,P,720.0,-2.83,741.0,23.7,24.15,23.925,23.7,1.9,0.4338,-0.3904,0.0047,-0.6627,0.7246,21.5695,40.8,371,715
META261016C00725000,META,2026-10-16,23,C,725.0,-2.16,741.0,38.9,40.75,39.825,39.45,4.6,0.436,0.5885,0.0047,-0.666,0.7354,41.6484,56.7,661,3781
META261016P00725000,META,2026-10-16,23,P,725.0,-2.16,741.0,25.75,26.25,26.0,26.1,1.9,0.4315,-0.4145,0.0048,-0.6739,0.7358,23.502,43.2,211,873
META261016C00730000,META,2026-10-16,23,C,730.0,-1.48,741.0,36.5,37.4,36.95,37.13,2.4,0.433,0.5644,0.0048,-0.6749,0.7441,38.6668,54.2,307,4018
META261016P00730000,META,2026-10-16,23,P,730.0,-1.48,741.0,28.0,28.7,28.35,28.54,2.5,0.4315,-0.4388,0.0048,-0.6825,0.7444,25.7203,45.7,281,499
META261016C00735000,META,2026-10-16,23,C,735.0,-0.81,741.0,34.05,34.8,34.425,34.33,2.2,0.4331,0.5403,0.0048,-0.6813,0.75,36.0313,51.7,137,2120
META261016P00735000,META,2026-10-16,23,P,735.0,-0.81,741.0,30.55,31.3,30.925,31.0,2.4,0.4329,-0.4632,0.0049,-0.6887,0.7497,28.1664,48.3,194,380
META261016C00740000,META,2026-10-16,23,C,740.0,-0.13,741.0,31.75,32.4,32.075,31.97,2.0,0.4339,0.5163,0.0048,-0.6852,0.7532,33.5721,49.2,1691,4815
META261016P00740000,META,2026-10-16,23,P,740.0,-0.13,741.0,33.2,33.85,33.525,33.56,1.9,0.433,-0.4874,0.0049,-0.6925,0.7526,30.6427,50.7,1215,484
META261016C00745000,META,2026-10-16,23,C,745.0,0.54,741.0,29.55,30.2,29.875,30.21,2.2,0.4351,0.4924,0.0048,-0.6866,0.7537,31.2666,46.8,489,652
META261016P00745000,META,2026-10-16,23,P,745.0,0.54,741.0,35.85,36.55,36.2,36.14,1.9,0.4324,-0.5116,0.0049,-0.6936,0.7525,33.1908,53.2,269,306
META261016C00750000,META,2026-10-16,23,C,750.0,1.21,741.0,27.45,28.05,27.75,27.7,2.2,0.4331,0.4688,0.0048,-0.6856,0.7516,28.8458,44.3,3316,14490
META261016P00750000,META,2026-10-16,23,P,750.0,1.21,741.0,38.7,39.3,39.0,39.3,1.5,0.432,-0.5355,0.0049,-0.6925,0.7498,35.8762,55.7,928,1132
META261016C00755000,META,2026-10-16,23,C,755.0,1.89,741.0,25.4,26.05,25.725,27.37,2.5,0.4362,0.4455,0.0048,-0.6822,0.7468,26.9233,42.0,674,3100
META261016P00755000,META,2026-10-16,23,P,755.0,1.89,741.0,41.7,42.55,42.125,42.23,2.0,0.4343,-0.5591,0.0048,-0.689,0.7446,38.8823,58.0,118,85
META261016C00760000,META,2026-10-16,23,C,760.0,2.56,741.0,23.4,24.0,23.7,23.76,2.5,0.4354,0.4227,0.0047,-0.6766,0.7397,24.8299,39.6,2358,6111
META261016P00760000,META,2026-10-16,23,P,760.0,2.56,741.0,44.8,45.6,45.2,43.77,1.8,0.4344,-0.5822,0.0048,-0.6831,0.7365,41.8434,60.4,83,304
META261016C00765000,META,2026-10-16,23,C,765.0,3.24,741.0,21.75,22.3,22.025,23.45,2.5,0.4371,0.4003,0.0046,-0.6688,0.7305,23.0347,37.4,1822,15865
META261016P00765000,META,2026-10-16,23,P,765.0,3.24,741.0,47.3,49.15,48.225,46.83,3.8,0.4374,-0.6049,0.0047,-0.6752,0.7269,45.1307,62.6,8,39
META261016C00770000,META,2026-10-16,23,C,770.0,3.91,741.0,20.05,20.6,20.325,20.33,2.7,0.4375,0.3785,0.0046,-0.6591,0.7189,21.2559,35.1,511,5746
META261016P00770000,META,2026-10-16,23,P,770.0,3.91,741.0,51.4,52.3,51.85,52.28,1.7,0.4369,-0.627,0.0046,-0.6654,0.7146,48.2746,64.9,24,74
META261016C00775000,META,2026-10-16,23,C,775.0,4.59,741.0,18.5,19.0,18.75,18.8,2.7,0.4381,0.3573,0.0045,-0.6475,0.7055,19.5996,33.0,1296,19266
META261016P00775000,META,2026-10-16,23,P,775.0,4.59,741.0,54.65,56.1,55.375,49.15,2.6,0.4387,-0.6485,0.0046,-0.6536,0.6996,51.6908,67.0,6,41
META261016C00780000,META,2026-10-16,23,C,780.0,5.26,741.0,17.1,17.55,17.325,17.33,2.6,0.4394,0.3367,0.0044,-0.6343,0.6906,18.0958,30.9,491,6177
META261016P00780000,META,2026-10-16,23,P,780.0,5.26,741.0,58.05,59.7,58.875,57.0,2.8,0.4388,-0.6694,0.0044,-0.6404,0.6841,55.0909,69.1,11,25
META261016C00785000,META,2026-10-16,23,C,785.0,5.94,741.0,15.7,16.15,15.925,17.17,2.8,0.4398,0.3169,0.0043,-0.6197,0.6738,16.6297,28.9,202,396
META261016P00785000,META,2026-10-16,23,P,785.0,5.94,741.0,61.2,64.6,62.9,57.21,5.4,0.4453,-0.6895,0.0043,-0.6256,0.6673,59.0238,70.9,0,31
META261016C00790000,META,2026-10-16,23,C,790.0,6.61,741.0,14.4,14.9,14.65,15.75,3.4,0.4406,0.2978,0.0041,-0.6037,0.6556,15.2867,27.0,563,2425
META261016P00790000,META,2026-10-16,23,P,790.0,6.61,741.0,63.7,68.3,66.0,56.32,7.0,0.4363,-0.7089,0.0042,-0.6095,0.646,62.017,73.1,6,69
META261016C00795000,META,2026-10-16,23,C,795.0,7.29,741.0,13.25,13.7,13.475,14.54,3.3,0.4417,0.2795,0.004,-0.5867,0.6367,14.0544,25.2,210,445
META261016P00795000,META,2026-10-16,23,P,795.0,7.29,741.0,67.45,72.15,69.8,61.5,6.7,0.4365,-0.7276,0.0041,-0.5923,0.6263,65.7232,75.0,7,29
META261016C00800000,META,2026-10-16,23,C,800.0,7.96,741.0,12.25,12.65,12.45,12.5,3.2,0.4438,0.2619,0.0039,-0.5687,0.6167,12.9696,23.6,3813,15665
META261016P00800000,META,2026-10-16,23,P,800.0,7.96,741.0,71.35,76.1,73.725,67.0,6.4,0.4374,-0.7455,0.0039,-0.5742,0.6061,69.5625,76.7,8,515
META261016C00805000,META,2026-10-16,23,C,805.0,8.64,741.0,11.15,11.65,11.4,11.54,4.4,0.4444,0.2452,0.0037,-0.55,0.5956,11.873,21.9,148,3071
META261016P00805000,META,2026-10-16,23,P,805.0,8.64,741.0,77.35,79.65,78.5,78.16,2.9,0.4515,-0.7626,0.0038,-0.5553,0.5812,74.2708,77.8,6,20
META261016C00810000,META,2026-10-16,23,C,810.0,9.31,741.0,10.2,10.65,10.425,10.42,4.3,0.4448,0.2292,0.0036,-0.5307,0.5742,10.8443,20.3,283,3108
META261016P00810000,META,2026-10-16,23,P,810.0,9.31,741.0,79.3,83.8,81.55,77.6,5.5,0.4342,-0.7789,0.0037,-0.5358,0.5601,77.2022,80.2,5,29
META261016C00815000,META,2026-10-16,23,C,815.0,9.99,741.0,9.35,9.8,9.575,9.57,4.7,0.4463,0.214,0.0034,-0.511,0.5526,9.9523,18.9,167,5286
META261016P00815000,META,2026-10-16,23,P,815.0,9.99,741.0,83.35,88.1,85.725,75.33,5.5,0.4352,-0.7944,0.0035,-0.5159,0.5372,81.294,81.7,2,21
META261016C00820000,META,2026-10-16,23,C,820.0,10.66,741.0,8.6,8.9,8.75,8.88,3.4,0.447,0.1996,0.0033,-0.491,0.5304,9.085,17.5,1109,11766
META261016P00820000,META,2026-10-16,23,P,820.0,10.66,741.0,87.55,92.4,89.975,82.3,5.4,0.4364,-0.8092,0.0034,-0.4956,0.515,85.4659,83.1,0,45
META261016C00825000,META,2026-10-16,23,C,825.0,11.34,741.0,7.85,8.3,8.075,8.12,5.6,0.4495,0.1861,0.0031,-0.4709,0.508,8.3752,16.2,251,5175
META261016P00825000,META,2026-10-16,23,P,825.0,11.34,741.0,91.4,96.65,94.025,83.55,5.6,0.4318,-0.8231,0.0032,-0.4752,0.4889,89.4167,84.7,2,23
META261016C00830000,META,2026-10-16,23,C,830.0,12.01,741.0,7.3,7.5,7.4,7.46,2.7,0.4509,0.1732,0.003,-0.4508,0.4861,7.6666,15.0,268,6834
META261016P00830000,META,2026-10-16,23,P,830.0,12.01,741.0,96.15,101.45,98.8,92.2,5.4,0.4418,-0.8363,0.0031,-0.4549,0.4648,94.1405,85.4,0,37
META261016C00835000,META,2026-10-16,23,C,835.0,12.69,741.0,6.6,7.05,6.825,7.27,6.6,0.4534,0.1611,0.0028,-0.4308,0.4644,7.0643,13.9,109,1975
META261016P00835000,META,2026-10-16,23,P,835.0,12.69,741.0,100.2,106.0,103.1,96.0,5.6,0.4403,-0.8488,0.0029,-0.4344,0.4426,98.3646,86.7,0,81
META261016C00840000,META,2026-10-16,23,C,840.0,13.36,741.0,6.05,6.4,6.225,6.78,5.6,0.4542,0.1498,0.0027,-0.4111,0.4424,6.434,12.8,195,1026
META261016P00840000,META,2026-10-16,23,P,840.0,13.36,741.0,104.7,110.5,107.6,0.0,5.4,0.442,-0.8604,0.0028,-0.4142,0.419,102.7901,87.8,0,0
META261016C00845000,META,2026-10-16,23,C,845.0,14.04,741.0,5.45,5.95,5.7,5.9,8.8,0.4557,0.1391,0.0026,-0.3917,0.421,5.8838,11.8,181,246
META261016P00845000,META,2026-10-16,23,P,845.0,14.04,741.0,109.5,115.05,112.275,0.0,4.9,0.4472,-0.8715,0.0027,-0.395,0.3954,107.4046,88.6,0,0
META261016C00850000,META,2026-10-16,23,C,850.0,14.71,741.0,5.05,5.4,5.225,5.05,6.7,0.4574,0.1291,0.0024,-0.3726,0.4004,5.3861,10.9,2382,3068
META261016P00850000,META,2026-10-16,23,P,850.0,14.71,741.0,114.2,119.4,116.8,117.45,4.5,0.4475,-0.8819,0.0025,-0.3757,0.3714,111.858,89.5,1,5
META261016C00855000,META,2026-10-16,23,C,855.0,15.38,741.0,4.55,5.0,4.775,5.31,9.4,0.4588,0.1198,0.0023,-0.3541,0.3802,4.9174,10.1,260,201
META261016P00855000,META,2026-10-16,23,P,855.0,15.38,741.0,118.6,123.45,121.025,105.65,4.0,0.437,-0.8916,0.0024,-0.3567,0.3514,115.9722,90.9,3,1
META261016C00860000,META,2026-10-16,23,C,860.0,16.06,741.0,4.2,4.55,4.375,4.47,8.0,0.4605,0.111,0.0022,-0.336,0.3602,4.4981,9.3,436,1078
META261016P00860000,META,2026-10-16,23,P,860.0,16.06,741.0,122.85,128.6,125.725,198.0,4.6,0.4392,-0.9006,0.0023,-0.3386,0.329,120.6007,91.7,0,1
META261016C00865000,META,2026-10-16,23,C,865.0,16.73,741.0,3.85,4.25,4.05,4.0,9.9,0.4635,0.1029,0.002,-0.3186,0.3411,4.1575,8.6,130,345
META261016P00865000,META,2026-10-16,23,P,865.0,16.73,741.0,127.5,133.45,130.475,0.0,4.6,0.4424,-0.9092,0.0022,-0.3225,0.3069,125.2915,92.3,0,0
META261016C00870000,META,2026-10-16,23,C,870.0,17.41,741.0,3.5,3.8,3.65,3.7,8.2,0.4634,0.0953,0.0019,-0.3017,0.3229,3.7448,7.8,82,1079
META261016P00870000,META,2026-10-16,23,P,870.0,17.41,741.0,132.25,138.25,135.25,0.0,4.4,0.4456,-0.9172,0.002,-0.306,0.285,130.0075,92.9,0,0
META261016C00875000,META,2026-10-16,23,C,875.0,18.08,741.0,3.2,3.5,3.35,3.87,9.0,0.4654,0.0883,0.0018,-0.2854,0.3053,3.4315,7.2,72,400
META261016P00875000,META,2026-10-16,23,P,875.0,18.08,741.0,136.95,143.65,140.3,0.0,4.8,0.4592,-0.9246,0.0019,-0.2898,0.268,135.0445,93.0,0,0
META261016C00880000,META,2026-10-16,23,C,880.0,18.76,741.0,2.92,3.2,3.06,3.4,9.2,0.4669,0.0817,0.0017,-0.2698,0.2881,3.1302,6.6,34,547
META261016P00880000,META,2026-10-16,23,P,880.0,18.76,741.0,141.75,148.4,145.075,0.0,4.6,0.4612,-0.9315,0.0018,-0.2747,0.251,139.7553,93.6,0,0
META261016C00885000,META,2026-10-16,23,C,885.0,19.43,741.0,2.62,2.99,2.805,3.99,13.2,0.4688,0.0757,0.0016,-0.2549,0.2717,2.8653,6.1,23,513
META261016P00885000,META,2026-10-16,23,P,885.0,19.43,741.0,146.5,152.35,149.425,0.0,3.9,0.4401,-0.9381,0.0017,-0.2618,0.2251,143.9227,94.9,0,0
META261016C00890000,META,2026-10-16,23,C,890.0,20.11,741.0,2.39,2.74,2.565,2.83,13.6,0.4704,0.07,0.0015,-0.2406,0.2563,2.6153,5.6,36,225
META261016P00890000,META,2026-10-16,23,P,890.0,20.11,741.0,151.35,157.15,154.25,232.3,3.8,0.4396,-0.9442,0.0016,-0.2485,0.2088,148.6605,95.5,0,0
META261016C00895000,META,2026-10-16,23,C,895.0,20.78,741.0,2.18,2.52,2.35,2.56,14.5,0.4723,0.0648,0.0014,-0.227,0.2417,2.3938,5.1,20,60
META261016P00895000,META,2026-10-16,23,P,895.0,20.78,741.0,155.9,162.8,159.35,0.0,4.3,0.4567,-0.9498,0.0015,-0.235,0.1928,153.7868,95.4,0,0
META261016C00900000,META,2026-10-16,23,C,900.0,21.46,741.0,2.13,2.2,2.165,2.11,3.2,0.4731,0.06,0.0013,-0.214,0.2275,2.1667,4.7,939,4197
META261016P00900000,META,2026-10-16,23,P,900.0,21.46,741.0,160.75,166.95,163.85,157.25,3.8,0.4262,-0.9549,0.0014,-0.2222,0.182,157.9994,96.8,0,5
META261016C00905000,META,2026-10-16,23,C,905.0,22.13,741.0,1.81,2.13,1.97,2.15,16.2,0.4758,0.0555,0.0012,-0.2017,0.214,1.9995,4.3,58,49
META261016P00905000,META,2026-10-16,23,P,905.0,22.13,741.0,165.85,171.75,168.8,0.0,3.5,0.4292,-0.9598,0.0014,-0.2123,0.1594,162.8797,97.0,0,0
META261016C00910000,META,2026-10-16,23,C,910.0,22.81,741.0,1.65,1.97,1.81,2.09,17.7,0.4779,0.0514,0.0012,-0.19,0.2013,1.8343,4.0,44,206
META261016P00910000,META,2026-10-16,23,P,910.0,22.81,741.0,170.75,176.8,173.775,310.16,3.5,0.434,-0.9643,0.0013,-0.2009,0.1404,167.7957,97.2,0,0
META261016C00915000,META,2026-10-16,23,C,915.0,23.48,741.0,1.51,1.81,1.66,1.79,18.1,0.4798,0.0475,0.0011,-0.179,0.1895,1.6795,3.7,104,130
META261016P00915000,META,2026-10-16,23,P,915.0,23.48,741.0,175.65,181.55,178.6,0.0,3.3,0.0,-0.9688,0.0012,-0.1893,0.1284,,,0,0
META261016C00920000,META,2026-10-16,23,C,920.0,24.16,741.0,1.37,1.67,1.52,1.63,19.7,0.4816,0.044,0.001,-0.1685,0.1782,1.5362,3.4,68,142
META261016P00920000,META,2026-10-16,23,P,920.0,24.16,741.0,180.55,186.55,183.55,275.79,3.3,0.0,-0.9728,0.0012,-0.1782,0.1187,,,0,0
META261016C00925000,META,2026-10-16,23,C,925.0,24.83,741.0,1.25,1.54,1.395,1.5,20.8,0.4836,0.0407,0.001,-0.1586,0.1674,1.4085,3.1,34,119
META261016P00925000,META,2026-10-16,23,P,925.0,24.83,741.0,185.45,190.7,188.075,0.0,2.8,0.0,-0.9766,0.0012,-0.1678,0.112,,,0,0
META261023C00560000,META,2026-10-23,30,C,560.0,-24.43,741.0,176.95,183.05,180.0,191.76,3.4,0.5287,0.9804,0.0005,-0.0529,0.1041,184.0018,96.4,0,5
META261023P00560000,META,2026-10-23,30,P,560.0,-24.43,741.0,0.52,0.84,0.68,0.68,47.1,0.4701,-0.0196,0.0005,-0.0752,0.1041,0.5559,2.1,55,207
META261023C00565000,META,2026-10-23,30,C,565.0,-23.75,741.0,171.95,178.15,175.05,165.73,3.5,0.5163,0.9781,0.0005,-0.0606,0.1147,179.0414,96.2,0,37
META261023P00565000,META,2026-10-23,30,P,565.0,-23.75,741.0,0.68,0.93,0.805,0.84,31.1,0.4688,-0.022,0.0005,-0.0823,0.1145,0.6568,2.4,34,121
META261023C00570000,META,2026-10-23,30,C,570.0,-23.08,741.0,167.35,173.05,170.2,178.17,3.3,0.5102,0.9754,0.0006,-0.069,0.1261,174.1689,95.9,0,6
META261023P00570000,META,2026-10-23,30,P,570.0,-23.08,741.0,0.85,1.1,0.975,1.0,25.6,0.4701,-0.0247,0.0006,-0.0903,0.127,0.8006,2.8,55,110
META261023C00575000,META,2026-10-23,30,C,575.0,-22.4,741.0,162.55,168.3,165.425,176.15,3.5,0.5078,0.9724,0.0006,-0.0782,0.1387,169.3635,95.5,0,12
META261023P00575000,META,2026-10-23,30,P,575.0,-22.4,741.0,0.92,1.4,1.16,1.1,41.4,0.4617,-0.0276,0.0006,-0.0986,0.1389,0.8552,3.0,15,130
META261023C00580000,META,2026-10-23,30,C,580.0,-21.73,741.0,157.7,163.6,160.65,96.02,3.7,0.5042,0.969,0.0007,-0.088,0.1527,164.5583,95.0,0,11
META261023P00580000,META,2026-10-23,30,P,580.0,-21.73,741.0,0.98,1.46,1.22,1.17,39.3,0.4608,-0.0312,0.0007,-0.1082,0.153,1.0069,3.5,105,121
META261023C00585000,META,2026-10-23,30,C,585.0,-21.05,741.0,152.9,158.65,155.775,96.33,3.7,0.4947,0.9653,0.0008,-0.0987,0.1678,159.664,94.7,0,12
META261023P00585000,META,2026-10-23,30,P,585.0,-21.05,741.0,1.13,1.73,1.43,1.37,42.0,0.4516,-0.0349,0.0008,-0.1184,0.168,1.0651,3.7,23,79
META261023C00590000,META,2026-10-23,30,C,590.0,-20.38,741.0,148.15,153.85,151.0,127.09,3.8,0.4895,0.961,0.0009,-0.1103,0.1839,154.8575,94.3,0,11
META261023P00590000,META,2026-10-23,30,P,590.0,-20.38,741.0,1.31,1.92,1.615,1.59,37.8,0.4567,-0.0392,0.0009,-0.1294,0.1851,1.3428,4.5,53,131
META261023C00595000,META,2026-10-23,30,C,595.0,-19.7,741.0,143.4,149.05,146.225,90.13,3.9,0.4836,0.9564,0.001,-0.1227,0.2016,150.053,93.8,0,5
META261023P00595000,META,2026-10-23,30,P,595.0,-19.7,741.0,1.52,2.04,1.78,1.71,29.2,0.4512,-0.0439,0.001,-0.1413,0.2023,1.4843,4.9,37,334
META261023C00600000,META,2026-10-23,30,C,600.0,-19.03,741.0,138.9,144.35,141.625,143.97,3.8,0.4838,0.9511,0.001,-0.136,0.2207,145.4026,93.0,7,102
META261023P00600000,META,2026-10-23,30,P,600.0,-19.03,741.0,1.81,2.25,2.03,2.05,21.7,0.4488,-0.0492,0.001,-0.154,0.2212,1.6983,5.5,175,544
META261023C00605000,META,2026-10-23,30,C,605.0,-18.35,741.0,134.55,139.8,137.175,76.22,3.8,0.4878,0.9453,0.0012,-0.1502,0.2409,140.8904,92.0,0,8
META261023P00605000,META,2026-10-23,30,P,605.0,-18.35,741.0,2.02,2.67,2.345,2.18,27.7,0.448,-0.055,0.0012,-0.1677,0.2428,1.972,6.2,21,164
META261023C00610000,META,2026-10-23,30,C,610.0,-17.68,741.0,129.5,134.95,132.225,135.14,4.1,0.4731,0.939,0.0013,-0.1653,0.2625,135.9278,91.8,11,31
META261023P00610000,META,2026-10-23,30,P,610.0,-17.68,741.0,2.31,2.78,2.545,2.41,18.5,0.4411,-0.0614,0.0013,-0.1823,0.2637,2.1415,6.7,172,296
META261023C00615000,META,2026-10-23,30,C,615.0,-17.0,741.0,124.85,129.85,127.35,92.1,3.9,0.4609,0.9319,0.0014,-0.1813,0.2857,131.0331,91.5,0,23
META261023P00615000,META,2026-10-23,30,P,615.0,-17.0,741.0,2.65,3.35,3.0,2.6,23.3,0.4429,-0.0685,0.0014,-0.1978,0.2863,2.5404,7.6,43,405
META261023C00620000,META,2026-10-23,30,C,620.0,-16.33,741.0,119.95,125.9,122.925,133.87,4.8,0.4623,0.9242,0.0015,-0.1981,0.3099,126.5421,90.4,6,82
META261023P00620000,META,2026-10-23,30,P,620.0,-16.33,741.0,3.0,3.75,3.375,3.52,22.2,0.4402,-0.0763,0.0015,-0.2141,0.3116,2.8697,8.4,81,421
META261023C00625000,META,2026-10-23,30,C,625.0,-15.65,741.0,115.8,121.2,118.5,128.66,4.6,0.462,0.9158,0.0016,-0.2158,0.3352,122.0544,89.3,3,74
META261023P00625000,META,2026-10-23,30,P,625.0,-15.65,741.0,3.45,4.25,3.85,3.65,20.8,0.4392,-0.0848,0.0016,-0.2313,0.3369,3.2859,9.4,56,129
META261023C00630000,META,2026-10-23,30,C,630.0,-14.98,741.0,111.15,116.7,113.925,117.75,4.9,0.4564,0.9066,0.0018,-0.2342,0.3621,117.4335,88.5,3,470
META261023P00630000,META,2026-10-23,30,P,630.0,-14.98,741.0,4.05,4.65,4.35,4.25,13.8,0.4375,-0.094,0.0018,-0.2493,0.3629,3.7271,10.4,244,277
META261023C00635000,META,2026-10-23,30,C,635.0,-14.3,741.0,106.8,112.25,109.525,114.85,5.0,0.4542,0.8966,0.0019,-0.2532,0.3897,112.9705,87.4,13,84
META261023P00635000,META,2026-10-23,30,P,635.0,-14.3,741.0,4.7,5.25,4.975,4.65,11.1,0.4378,-0.1041,0.0019,-0.2679,0.391,4.2869,11.6,159,62
META261023C00640000,META,2026-10-23,30,C,640.0,-13.63,741.0,102.35,107.7,105.025,110.42,5.1,0.4485,0.8858,0.0021,-0.2729,0.4179,108.4176,86.5,6,209
META261023P00640000,META,2026-10-23,30,P,640.0,-13.63,741.0,5.15,5.85,5.5,5.35,12.7,0.4339,-0.115,0.0021,-0.2871,0.4201,4.7489,12.7,72,202
META261023C00645000,META,2026-10-23,30,C,645.0,-12.96,741.0,98.45,103.6,101.025,103.29,5.1,0.4527,0.8742,0.0022,-0.2931,0.4474,104.3235,84.8,19,141
META261023P00645000,META,2026-10-23,30,P,645.0,-12.96,741.0,5.95,6.3,6.125,6.12,5.7,0.4313,-0.1267,0.0022,-0.3069,0.4486,5.3071,13.9,43,94
META261023C00650000,META,2026-10-23,30,C,650.0,-12.28,741.0,93.8,99.4,96.6,98.2,5.8,0.4464,0.8617,0.0024,-0.3136,0.4773,99.8417,83.8,18,187
META261023P00650000,META,2026-10-23,30,P,650.0,-12.28,741.0,6.7,7.0,6.85,6.45,4.4,0.4297,-0.1392,0.0024,-0.327,0.4781,5.9628,15.2,285,227
META261023C00655000,META,2026-10-23,30,C,655.0,-11.61,741.0,90.0,93.9,91.95,96.7,4.2,0.4349,0.8484,0.0026,-0.3345,0.507,95.1514,83.0,11,152
META261023P00655000,META,2026-10-23,30,P,655.0,-11.61,741.0,7.35,8.15,7.75,7.28,10.3,0.4301,-0.1526,0.0026,-0.3474,0.5096,6.7753,16.7,194,87
META261023C00660000,META,2026-10-23,30,C,660.0,-10.93,741.0,85.95,90.95,88.45,90.2,5.7,0.4442,0.8342,0.0027,-0.3554,0.5375,91.5295,80.8,22,450
META261023P00660000,META,2026-10-23,30,P,660.0,-10.93,741.0,8.25,8.95,8.6,8.2,8.1,0.4285,-0.1669,0.0027,-0.3679,0.539,7.5677,18.2,103,247
META261023C00665000,META,2026-10-23,30,C,665.0,-10.26,741.0,81.8,84.8,83.3,85.7,3.6,0.4223,0.8192,0.0029,-0.3762,0.5678,86.3723,80.5,7,155
META261023P00665000,META,2026-10-23,30,P,665.0,-10.26,741.0,9.25,10.0,9.625,9.55,7.8,0.4282,-0.182,0.0029,-0.3884,0.5689,8.5003,19.9,80,183
META261023C00670000,META,2026-10-23,30,C,670.0,-9.58,741.0,77.75,81.35,79.55,79.0,4.5,0.4244,0.8034,0.003,-0.3969,0.5973,82.5195,78.6,18,290
META261023P00670000,META,2026-10-23,30,P,670.0,-9.58,741.0,10.3,11.15,10.725,10.55,7.9,0.4277,-0.198,0.0031,-0.4087,0.6002,9.5048,21.6,111,195
META261023C00675000,META,2026-10-23,30,C,675.0,-8.91,741.0,74.0,79.35,76.675,78.0,7.0,0.4388,0.7868,0.0032,-0.4172,0.6266,79.5013,76.0,5,235
META261023P00675000,META,2026-10-23,30,P,675.0,-8.91,741.0,11.4,12.0,11.7,11.67,5.1,0.4234,-0.2148,0.0032,-0.4286,0.6283,10.3711,23.1,98,229
META261023C00680000,META,2026-10-23,30,C,680.0,-8.23,741.0,70.4,72.9,71.65,75.0,3.5,0.4178,0.7694,0.0033,-0.4369,0.6552,74.4575,75.3,21,482
META261023P00680000,META,2026-10-23,30,P,680.0,-8.23,741.0,12.7,13.4,13.05,12.97,5.4,0.4246,-0.2323,0.0034,-0.448,0.6564,11.6443,25.1,148,136
META261023C00685000,META,2026-10-23,30,C,685.0,-7.56,741.0,66.8,72.0,69.4,70.0,7.5,0.4376,0.7513,0.0035,-0.456,0.6822,72.0388,72.2,24,105
META261023P00685000,META,2026-10-23,30,P,685.0,-7.56,741.0,14.0,14.95,14.475,13.0,6.6,0.4245,-0.2506,0.0035,-0.4667,0.6852,12.9363,27.0,26,120
META261023C00690000,META,2026-10-23,30,C,690.0,-6.88,741.0,63.75,68.35,66.05,67.72,7.0,0.439,0.7325,0.0036,-0.4742,0.7082,68.5835,70.2,12,222
META261023P00690000,META,2026-10-23,30,P,690.0,-6.88,741.0,15.4,16.1,15.75,15.8,4.4,0.4213,-0.2696,0.0036,-0.4846,0.71,14.1176,28.9,98,99
META261023C00695000,META,2026-10-23,30,C,695.0,-6.21,741.0,59.85,65.1,62.475,63.59,8.4,0.436,0.7131,0.0038,-0.4914,0.7328,64.9234,68.3,2,107
META261023P00695000,META,2026-10-23,30,P,695.0,-6.21,741.0,16.95,17.7,17.325,17.0,4.3,0.421,-0.2891,0.0038,-0.5016,0.7342,15.5868,30.9,70,58
META261023C00700000,META,2026-10-23,30,C,700.0,-5.53,741.0,57.0,59.5,58.25,57.0,4.3,0.4231,0.6931,0.0039,-0.5075,0.7553,60.6308,66.8,53,1170
META261023P00700000,META,2026-10-23,30,P,700.0,-5.53,741.0,18.7,19.4,19.05,19.25,3.7,0.4212,-0.3093,0.0039,-0.5173,0.758,17.1954,33.1,329,1670
META261023C00705000,META,2026-10-23,30,C,705.0,-4.86,741.0,53.65,57.3,55.475,59.89,6.6,0.4283,0.6726,0.004,-0.5223,0.7759,57.7426,64.5,9,126
META261023P00705000,META,2026-10-23,30,P,705.0,-4.86,741.0,20.5,21.25,20.875,19.92,3.6,0.4213,-0.33,0.004,-0.5317,0.7776,18.9042,35.2,25,125
META261023C00710000,META,2026-10-23,30,C,710.0,-4.18,741.0,50.75,55.3,53.025,56.0,8.6,0.4359,0.6517,0.0041,-0.5357,0.7947,55.17,62.0,15,297
META261023P00710000,META,2026-10-23,30,P,710.0,-4.18,741.0,22.35,23.2,22.775,21.72,3.7,0.421,-0.3511,0.0041,-0.5448,0.7958,20.6914,37.4,30,101
META261023C00715000,META,2026-10-23,30,C,715.0,-3.51,741.0,47.3,52.35,49.825,57.88,10.1,0.4327,0.6305,0.0042,-0.5475,0.8109,51.8805,60.0,13,123
META261023P00715000,META,2026-10-23,30,P,715.0,-3.51,741.0,24.45,25.1,24.775,23.0,2.6,0.4206,-0.3725,0.0042,-0.5564,0.8129,22.5796,39.6,43,41
META261023C00720000,META,2026-10-23,30,C,720.0,-2.83,741.0,44.85,48.25,46.55,46.15,7.3,0.4273,0.609,0.0042,-0.5578,0.8247,48.5119,57.9,74,477
META261023P00720000,META,2026-10-23,30,P,720.0,-2.83,741.0,26.55,27.75,27.15,26.38,4.4,0.424,-0.3942,0.0043,-0.5664,0.8258,24.8833,42.0,84,99
META261023C00725000,META,2026-10-23,30,C,725.0,-2.16,741.0,41.9,45.7,43.8,45.63,8.7,0.4271,0.5874,0.0043,-0.5665,0.8363,45.6635,55.7,71,358
META261023P00725000,META,2026-10-23,30,P,725.0,-2.16,741.0,28.8,29.6,29.2,29.45,2.7,0.4212,-0.4161,0.0043,-0.5748,0.8367,26.8014,44.1,87,337
META261023C00730000,META,2026-10-23,30,C,730.0,-1.48,741.0,39.45,42.7,41.075,40.5,7.9,0.4259,0.5656,0.0043,-0.5734,0.8452,42.8426,53.5,59,203
META261023P00730000,META,2026-10-23,30,P,730.0,-1.48,741.0,31.15,32.15,31.65,31.79,3.2,0.4218,-0.4382,0.0044,-0.5815,0.8457,29.1067,46.4,35,56
META261023C00735000,META,2026-10-23,30,C,735.0,-0.81,741.0,37.1,39.95,38.525,39.8,7.4,0.4255,0.5438,0.0044,-0.5786,0.8515,40.1973,51.3,25,237
META261023P00735000,META,2026-10-23,30,P,735.0,-0.81,741.0,33.7,34.95,34.325,34.95,3.6,0.4243,-0.4602,0.0044,-0.5863,0.8512,31.6844,48.7,40,44
META261023C00740000,META,2026-10-23,30,C,740.0,-0.13,741.0,35.4,36.6,36.0,35.7,3.3,0.4244,0.5221,0.0044,-0.5822,0.8554,37.6032,49.1,155,345
META261023P00740000,META,2026-10-23,30,P,740.0,-0.13,741.0,36.35,37.6,36.975,36.84,3.4,0.4247,-0.4822,0.0044,-0.5896,0.8546,34.1997,50.9,173,56
META261023C00745000,META,2026-10-23,30,C,745.0,0.54,741.0,33.15,34.1,33.625,34.1,2.8,0.4235,0.5005,0.0044,-0.5839,0.8567,35.1354,46.9,108,119
META261023P00745000,META,2026-10-23,30,P,745.0,0.54,741.0,38.95,40.25,39.6,38.15,3.3,0.4238,-0.5041,0.0044,-0.5913,0.8557,36.7155,53.1,64,43
META261023C00750000,META,2026-10-23,30,C,750.0,1.21,741.0,31.0,31.85,31.425,31.28,2.7,0.4231,0.4791,0.0044,-0.584,0.8556,32.8192,44.7,463,482
META261023P00750000,META,2026-10-23,30,P,750.0,1.21,741.0,41.65,42.9,42.275,42.2,3.0,0.4248,-0.5258,0.0044,-0.591,0.8532,39.5015,55.3,216,104
META261023C00755000,META,2026-10-23,30,C,755.0,1.89,741.0,28.95,29.85,29.4,29.33,3.1,0.4239,0.458,0.0043,-0.5825,0.852,30.7127,42.6,100,144
META261023P00755000,META,2026-10-23,30,P,755.0,1.89,741.0,44.7,46.15,45.425,44.33,3.2,0.4248,-0.5472,0.0044,-0.5892,0.8496,42.3107,57.4,17,2
META261023C00760000,META,2026-10-23,30,C,760.0,2.56,741.0,27.0,27.75,27.375,27.3,2.7,0.4234,0.4372,0.0043,-0.5794,0.8461,28.6028,40.4,178,980
META261023P00760000,META,2026-10-23,30,P,760.0,2.56,741.0,47.85,49.2,48.525,44.6,2.8,0.4258,-0.5683,0.0044,-0.586,0.843,45.3102,59.5,29,0
META261023C00765000,META,2026-10-23,30,C,765.0,3.24,741.0,25.2,26.2,25.7,25.5,3.9,0.4258,0.4168,0.0042,-0.5748,0.8382,26.8402,38.4,105,250
META261023P00765000,META,2026-10-23,30,P,765.0,3.24,741.0,50.85,52.6,51.725,50.38,3.4,0.4266,-0.5891,0.0043,-0.5811,0.8324,48.396,61.6,5,3
META261023C00770000,META,2026-10-23,30,C,770.0,3.91,741.0,23.3,24.1,23.7,23.9,3.4,0.4232,0.3968,0.0042,-0.5688,0.8283,24.7628,36.3,58,385
META261023P00770000,META,2026-10-23,30,P,770.0,3.91,741.0,53.9,56.1,55.0,52.2,4.0,0.4272,-0.6094,0.0043,-0.5747,0.8227,51.5658,63.6,2,1
META261023C00775000,META,2026-10-23,30,C,775.0,4.59,741.0,21.85,22.8,22.325,22.64,4.3,0.427,0.3773,0.0041,-0.5614,0.8162,23.3121,34.4,68,457
META261023P00775000,META,2026-10-23,30,P,775.0,4.59,741.0,56.8,59.65,58.225,55.65,4.9,0.4261,-0.6292,0.0042,-0.5672,0.81,54.695,65.6,0,3
META261023C00780000,META,2026-10-23,30,C,780.0,5.26,741.0,20.35,21.15,20.75,20.84,3.9,0.4276,0.3583,0.004,-0.5528,0.8026,21.6924,32.5,68,351
META261023P00780000,META,2026-10-23,30,P,780.0,5.26,741.0,59.35,63.5,61.425,0.0,6.8,0.4233,-0.6486,0.0041,-0.5585,0.7949,57.7874,67.6,0,0
META261023C00785000,META,2026-10-23,30,C,785.0,5.94,741.0,18.9,19.7,19.3,20.5,4.1,0.4284,0.3398,0.004,-0.5431,0.7876,20.1807,30.7,58,691
META261023P00785000,META,2026-10-23,30,P,785.0,5.94,741.0,62.7,66.9,64.8,56.5,6.5,0.4214,-0.6674,0.004,-0.5485,0.7781,61.0533,69.5,7,2
META261023C00790000,META,2026-10-23,30,C,790.0,6.61,741.0,17.5,18.35,17.925,18.22,4.7,0.4286,0.322,0.0039,-0.5323,0.7709,18.7109,28.9,59,186
META261023P00790000,META,2026-10-23,30,P,790.0,6.61,741.0,66.1,71.15,68.625,62.0,7.4,0.4243,-0.6856,0.004,-0.5375,0.7619,64.7865,71.2,11,2
META261023C00795000,META,2026-10-23,30,C,795.0,7.29,741.0,16.2,16.9,16.55,17.82,4.2,0.4278,0.3047,0.0038,-0.5207,0.7528,17.2529,27.2,98,71
META261023P00795000,META,2026-10-23,30,P,795.0,7.29,741.0,69.85,74.95,72.4,0.0,7.0,0.4255,-0.7032,0.0039,-0.5257,0.7418,68.4703,72.9,0,0
META261023C00800000,META,2026-10-23,30,C,800.0,7.96,741.0,15.05,16.05,15.55,15.58,6.4,0.4292,0.288,0.0037,-0.5082,0.734,16.0441,25.5,341,846
META261023P00800000,META,2026-10-23,30,P,800.0,7.96,741.0,73.65,79.05,76.35,75.06,7.1,0.4279,-0.7203,0.0038,-0.5132,0.7181,72.3228,74.5,15,11
META261023C00805000,META,2026-10-23,30,C,805.0,8.64,741.0,13.9,14.65,14.275,15.29,5.3,0.4304,0.272,0.0036,-0.4951,0.7143,14.8969,24.0,20,56
META261023P00805000,META,2026-10-23,30,P,805.0,8.64,741.0,77.8,83.35,80.575,0.0,6.9,0.4334,-0.7367,0.0036,-0.4997,0.6991,76.4695,75.9,0,0
META261023C00810000,META,2026-10-23,30,C,810.0,9.31,741.0,12.9,13.5,13.2,13.25,4.5,0.4308,0.2566,0.0034,-0.4814,0.6935,13.7672,22.5,110,106
META261023P00810000,META,2026-10-23,30,P,810.0,9.31,741.0,80.8,87.65,84.225,0.0,8.1,0.4295,-0.7525,0.0035,-0.4858,0.6787,80.0184,77.6,0,0
META261023C00815000,META,2026-10-23,30,C,815.0,9.99,741.0,11.85,12.55,12.2,14.21,5.7,0.4314,0.2419,0.0033,-0.4671,0.672,12.7239,21.0,16,40
META261023P00815000,META,2026-10-23,30,P,815.0,9.99,741.0,84.85,92.75,88.8,82.58,8.9,0.4385,-0.7677,0.0034,-0.4714,0.6552,84.5281,78.6,0,3
META261023C00820000,META,2026-10-23,30,C,820.0,10.66,741.0,10.95,11.6,11.275,11.45,5.8,0.432,0.2277,0.0032,-0.4525,0.6504,11.7492,19.7,162,133
META261023P00820000,META,2026-10-23,30,P,820.0,10.66,741.0,88.95,95.7,92.325,0.0,7.3,0.4302,-0.7822,0.0033,-0.4567,0.6273,87.941,80.4,0,0
META261023C00825000,META,2026-10-23,30,C,825.0,11.34,741.0,10.15,10.75,10.45,10.6,5.7,0.4334,0.2142,0.0031,-0.4377,0.6285,10.8899,18.4,84,54
META261023P00825000,META,2026-10-23,30,P,825.0,11.34,741.0,93.15,100.05,96.6,0.0,7.1,0.4326,-0.796,0.0032,-0.4416,0.6066,92.1319,81.6,0,0
META261023C00830000,META,2026-10-23,30,C,830.0,12.01,741.0,9.35,10.0,9.675,10.43,6.7,0.4346,0.2014,0.003,-0.4226,0.606,10.0768,17.2,69,118
META261023P00830000,META,2026-10-23,30,P,830.0,12.01,741.0,97.9,104.1,101.0,0.0,6.1,0.4364,-0.8093,0.0031,-0.4262,0.584,96.4615,82.7,0,0
META261023C00835000,META,2026-10-23,30,C,835.0,12.69,741.0,8.7,9.6,9.15,10.0,9.8,0.4353,0.1892,0.0029,-0.4074,0.5833,9.2904,16.0,24,83
META261023P00835000,META,2026-10-23,30,P,835.0,12.69,741.0,102.2,108.4,105.3,0.0,5.9,0.4375,-0.822,0.003,-0.4106,0.5587,100.6779,83.9,0,0
META261023C00840000,META,2026-10-23,30,C,840.0,13.36,741.0,8.0,8.55,8.275,8.45,6.6,0.4369,0.1775,0.0027,-0.3922,0.5611,8.6093,15.0,58,81
META261023P00840000,META,2026-10-23,30,P,840.0,13.36,741.0,106.25,112.9,109.575,0.0,6.1,0.4371,-0.834,0.0028,-0.3952,0.5294,104.8633,85.0,0,0
META261023C00845000,META,2026-10-23,30,C,845.0,14.04,741.0,7.3,7.95,7.625,8.07,8.5,0.4376,0.1665,0.0026,-0.377,0.539,7.9276,13.9,17,15
META261023P00845000,META,2026-10-23,30,P,845.0,14.04,741.0,110.45,118.05,114.25,100.4,6.7,0.4436,-0.8455,0.0027,-0.3797,0.509,109.4777,85.8,3,0
META261023C00850000,META,2026-10-23,30,C,850.0,14.71,741.0,7.0,7.35,7.175,7.15,4.9,0.4414,0.156,0.0025,-0.3619,0.5168,7.4541,13.1,85,142
META261023P00850000,META,2026-10-23,30,P,850.0,14.71,741.0,115.4,121.6,118.5,108.7,5.2,0.4409,-0.8563,0.0026,-0.3642,0.4869,113.6384,86.9,2,0
META261023C00855000,META,2026-10-23,30,C,855.0,15.38,741.0,6.2,7.2,6.7,7.25,14.9,0.444,0.1461,0.0024,-0.347,0.4947,6.9541,12.3,15,24
META261023P00855000,META,2026-10-23,30,P,855.0,15.38,741.0,119.9,127.1,123.5,0.0,5.8,0.4531,-0.8666,0.0025,-0.3486,0.4606,118.6048,87.3,0,0
META261023C00860000,META,2026-10-23,30,C,860.0,16.06,741.0,5.7,6.7,6.2,6.5,16.1,0.4454,0.1368,0.0023,-0.3322,0.4733,6.4322,11.4,56,59
META261023P00860000,META,2026-10-23,30,P,860.0,16.06,741.0,124.05,131.55,127.8,0.0,5.9,0.4496,-0.8764,0.0024,-0.3334,0.4327,122.81,88.4,0,0
META261023C00865000,META,2026-10-23,30,C,865.0,16.73,741.0,5.35,6.1,5.725,6.2,13.1,0.4465,0.128,0.0022,-0.3178,0.4525,5.9342,10.6,17,155
META261023P00865000,META,2026-10-23,30,P,865.0,16.73,741.0,129.0,136.05,132.525,0.0,5.3,0.4547,-0.8857,0.0023,-0.3193,0.4118,127.4713,89.0,0,0
META261023C00870000,META,2026-10-23,30,C,870.0,17.41,741.0,4.85,5.75,5.3,5.61,17.0,0.448,0.1196,0.0021,-0.3036,0.4319,5.49,9.9,33,95
META261023P00870000,META,2026-10-23,30,P,870.0,17.41,741.0,133.6,139.15,136.375,0.0,4.1,0.4367,-0.8945,0.0022,-0.3052,0.392,131.1549,90.6,0,0
META261023C00875000,META,2026-10-23,30,C,875.0,18.08,741.0,4.45,5.3,4.875,6.02,17.4,0.4487,0.1118,0.002,-0.2898,0.4116,5.0451,9.2,4,365
META261023P00875000,META,2026-10-23,30,P,875.0,18.08,741.0,137.7,145.6,141.65,0.0,5.6,0.4552,-0.9027,0.0021,-0.2909,0.368,136.4436,90.6,0,0
META261023C00880000,META,2026-10-23,30,C,880.0,18.76,741.0,4.1,4.95,4.525,4.75,18.8,0.4506,0.1045,0.0019,-0.2764,0.392,4.6807,8.5,19,45
META261023P00880000,META,2026-10-23,30,P,880.0,18.76,741.0,142.35,150.05,146.2,0.0,5.3,0.4534,-0.9105,0.002,-0.2767,0.3454,140.9028,91.3,0,0
META261023C00885000,META,2026-10-23,30,C,885.0,19.43,741.0,3.85,4.45,4.15,4.5,14.5,0.4511,0.0976,0.0018,-0.2633,0.3733,4.2907,7.9,10,13
META261023P00885000,META,2026-10-23,30,P,885.0,19.43,741.0,147.05,154.7,150.875,0.0,5.1,0.4541,-0.9178,0.0019,-0.264,0.3179,145.4982,92.0,0,0
META261023C00890000,META,2026-10-23,30,C,890.0,20.11,741.0,3.45,4.25,3.85,4.25,20.8,0.4529,0.0911,0.0017,-0.2506,0.3552,3.9766,7.3,32,177
META261023P00890000,META,2026-10-23,30,P,890.0,20.11,741.0,151.8,159.35,155.575,0.0,4.9,0.4546,-0.9248,0.0018,-0.2525,0.3013,150.1159,92.6,0,0
META261023C00895000,META,2026-10-23,30,C,895.0,20.78,741.0,3.25,3.75,3.5,3.75,14.3,0.4526,0.085,0.0016,-0.2384,0.3374,3.6153,6.7,13,29
META261023P00895000,META,2026-10-23,30,P,895.0,20.78,741.0,156.55,164.15,160.35,0.0,4.7,0.4569,-0.9315,0.0017,-0.2416,0.2833,154.8227,93.1,0,0
META261023C00900000,META,2026-10-23,30,C,900.0,21.46,741.0,2.98,3.6,3.29,3.18,18.8,0.4558,0.0793,0.0015,-0.2266,0.3201,3.3941,6.3,84,79
META261023P00900000,META,2026-10-23,30,P,900.0,21.46,741.0,161.6,168.6,165.1,162.8,4.2,0.4575,-0.9377,0.0017,-0.2307,0.262,159.4946,93.6,1,0
META261023C00905000,META,2026-10-23,30,C,905.0,22.13,741.0,2.69,3.4,3.045,4.16,23.3,0.4573,0.074,0.0014,-0.2153,0.3037,3.1369,5.9,2,3
META261023P00905000,META,2026-10-23,30,P,905.0,22.13,741.0,166.15,173.75,169.95,0.0,4.5,0.4612,-0.9434,0.0016,-0.2194,0.2422,164.2857,94.0,0,0
META261023C00910000,META,2026-10-23,30,C,910.0,22.81,741.0,2.46,3.05,2.755,3.2,21.4,0.4567,0.069,0.0013,-0.2044,0.2882,2.8391,5.4,77,45
META261023P00910000,META,2026-10-23,30,P,910.0,22.81,741.0,170.95,178.8,174.875,0.0,4.5,0.4675,-0.9488,0.0015,-0.2079,0.2166,169.1676,94.2,0,0
META261023C00915000,META,2026-10-23,30,C,915.0,23.48,741.0,2.26,2.92,2.59,3.0,25.5,0.4598,0.0643,0.0013,-0.1939,0.2733,2.6658,5.0,10,13
META261023P00915000,META,2026-10-23,30,P,915.0,23.48,741.0,175.8,183.3,179.55,0.0,4.2,0.4615,-0.954,0.0014,-0.1968,0.2023,173.7088,94.9,0,0
META261023C00920000,META,2026-10-23,30,C,920.0,24.16,741.0,2.08,2.71,2.395,3.22,26.3,0.4613,0.06,0.0012,-0.1839,0.2588,2.4634,4.7,30,32
META261023P00920000,META,2026-10-23,30,P,920.0,24.16,741.0,180.65,188.35,184.5,0.0,4.2,0.468,-0.9589,0.0013,-0.1896,0.1861,178.6191,95.1,0,0
META261023C00925000,META,2026-10-23,30,C,925.0,24.83,741.0,1.9,2.52,2.21,3.07,28.1,0.4626,0.0559,0.0011,-0.1743,0.2448,2.2717,4.3,1,25
META261023P00925000,META,2026-10-23,30,P,925.0,24.83,741.0,185.8,193.1,189.45,0.0,3.9,0.4744,-0.9638,0.0013,-0.1835,0.1684,183.532,95.3,0,0
META261030C00560000,META,2026-10-30,37,C,560.0,-24.43,741.0,177.7,184.75,181.225,119.65,3.9,0.5113,0.9592,0.0007,-0.1205,0.211,184.9743,95.2,0,6
META261030P00560000,META,2026-10-30,37,P,560.0,-24.43,741.0,1.89,2.48,2.185,1.97,27.0,0.5219,-0.0412,0.0007,-0.1394,0.2117,1.9022,5.2,15,118
META261030C00565000,META,2026-10-30,37,C,565.0,-23.75,741.0,173.25,180.25,176.75,112.5,4.0,0.5211,0.9552,0.0008,-0.1312,0.2276,180.445,94.2,0,1
META261030P00565000,META,2026-10-30,37,P,565.0,-23.75,741.0,2.12,2.72,2.42,2.36,24.8,0.5188,-0.0452,0.0008,-0.1498,0.2282,2.1115,5.7,14,57
META261030C00570000,META,2026-10-30,37,C,570.0,-23.08,741.0,168.5,175.55,172.025,157.6,4.1,0.5176,0.9508,0.0008,-0.1426,0.2451,175.6889,93.8,0,4
META261030P00570000,META,2026-10-30,37,P,570.0,-23.08,741.0,2.37,2.99,2.68,2.57,23.1,0.5159,-0.0496,0.0008,-0.1607,0.2458,2.3447,6.2,24,99
META261030C00575000,META,2026-10-30,37,C,575.0,-22.4,741.0,163.75,170.6,167.175,175.64,4.1,0.5084,0.9461,0.0009,-0.1547,0.2634,170.8184,93.5,0,4
META261030P00575000,META,2026-10-30,37,P,575.0,-22.4,741.0,2.68,3.2,2.94,2.94,17.7,0.512,-0.0544,0.0009,-0.1723,0.2654,2.576,6.7,42,69
META261030C00580000,META,2026-10-30,37,C,580.0,-21.73,741.0,159.0,165.95,162.475,170.39,4.3,0.5046,0.9409,0.001,-0.1674,0.2829,166.0862,92.9,0,9
META261030P00580000,META,2026-10-30,37,P,580.0,-21.73,741.0,2.96,3.4,3.18,3.21,13.8,0.5066,-0.0596,0.001,-0.1846,0.2839,2.7892,7.2,24,222
META261030C00585000,META,2026-10-30,37,C,585.0,-21.05,741.0,154.4,161.55,157.975,104.03,4.5,0.5068,0.9353,0.001,-0.1807,0.3037,161.5376,92.1,0,7
META261030P00585000,META,2026-10-30,37,P,585.0,-21.05,741.0,3.35,3.9,3.625,3.39,15.2,0.5075,-0.0652,0.001,-0.1975,0.3046,3.1896,8.0,52,70
META261030C00590000,META,2026-10-30,37,C,590.0,-20.38,741.0,149.8,156.75,153.275,162.78,4.5,0.5011,0.9292,0.0011,-0.1946,0.3253,156.8054,91.5,0,8
META261030P00590000,META,2026-10-30,37,P,590.0,-20.38,741.0,3.7,4.25,3.975,3.91,13.8,0.5041,-0.0714,0.0011,-0.2111,0.3263,3.5056,8.6,75,204
META261030C00595000,META,2026-10-30,37,C,595.0,-19.7,741.0,144.6,152.2,148.4,163.63,5.1,0.4895,0.9227,0.0012,-0.2092,0.3475,151.912,91.2,4,6
META261030P00595000,META,2026-10-30,37,P,595.0,-19.7,741.0,4.15,4.7,4.425,4.36,12.4,0.5027,-0.0779,0.0012,-0.2252,0.3499,3.9113,9.4,79,131
META261030C00600000,META,2026-10-30,37,C,600.0,-19.03,741.0,140.65,147.55,144.1,154.91,4.8,0.4944,0.9157,0.0013,-0.2242,0.3709,147.5507,90.1,2,15
META261030P00600000,META,2026-10-30,37,P,600.0,-19.03,741.0,4.7,5.0,4.85,4.75,6.2,0.4996,-0.085,0.0013,-0.24,0.3721,4.2966,10.2,208,420
META261030C00605000,META,2026-10-30,37,C,605.0,-18.35,741.0,136.3,143.25,139.775,143.57,5.0,0.4966,0.9082,0.0014,-0.2399,0.3954,143.1656,89.0,2,8
META261030P00605000,META,2026-10-30,37,P,605.0,-18.35,741.0,5.05,5.55,5.3,5.25,9.4,0.4963,-0.0926,0.0014,-0.2552,0.3967,4.7066,10.9,39,129
META261030C00610000,META,2026-10-30,37,C,610.0,-17.68,741.0,133.6,138.0,135.8,134.45,3.2,0.5056,0.9001,0.0015,-0.256,0.4204,139.1084,87.6,9,19
META261030P00610000,META,2026-10-30,37,P,610.0,-17.68,741.0,5.65,6.1,5.875,5.85,7.7,0.4951,-0.1007,0.0015,-0.271,0.4222,5.2299,11.9,71,202
META261030C00615000,META,2026-10-30,37,C,615.0,-17.0,741.0,128.85,133.7,131.275,136.86,3.7,0.5001,0.8915,0.0016,-0.2726,0.4457,134.5434,86.8,1,7
META261030P00615000,META,2026-10-30,37,P,615.0,-17.0,741.0,6.35,6.8,6.575,6.65,6.8,0.4956,-0.1094,0.0016,-0.2872,0.4483,5.8682,13.0,75,71
META261030C00620000,META,2026-10-30,37,C,620.0,-16.33,741.0,123.6,130.25,126.925,135.35,5.2,0.4976,0.8824,0.0017,-0.2895,0.472,130.1384,85.8,38,75
META261030P00620000,META,2026-10-30,37,P,620.0,-16.33,741.0,7.2,7.6,7.4,7.3,5.4,0.4981,-0.1186,0.0017,-0.3038,0.4734,6.6516,14.2,98,283
META261030C00625000,META,2026-10-30,37,C,625.0,-15.65,741.0,118.3,125.15,121.725,128.08,5.6,0.4767,0.8727,0.0018,-0.3067,0.499,124.9386,85.8,2,20
META261030P00625000,META,2026-10-30,37,P,625.0,-15.65,741.0,7.7,8.15,7.925,8.0,5.7,0.4921,-0.1283,0.0018,-0.3207,0.5006,7.1087,15.1,134,115
META261030C00630000,META,2026-10-30,37,C,630.0,-14.98,741.0,115.15,121.8,118.475,122.96,5.6,0.4948,0.8625,0.0019,-0.3242,0.5259,121.571,83.6,4,39
META261030P00630000,META,2026-10-30,37,P,630.0,-14.98,741.0,8.5,9.0,8.75,8.9,5.7,0.4918,-0.1386,0.0019,-0.3378,0.5295,7.8738,16.3,77,199
META261030C00635000,META,2026-10-30,37,C,635.0,-14.3,741.0,111.25,117.7,114.475,119.26,5.6,0.496,0.8517,0.002,-0.3418,0.5528,117.5035,82.2,5,67
META261030P00635000,META,2026-10-30,37,P,635.0,-14.3,741.0,9.3,10.2,9.75,9.15,9.2,0.4933,-0.1495,0.002,-0.3551,0.5555,8.7928,17.6,55,51
META261030C00640000,META,2026-10-30,37,C,640.0,-13.63,741.0,107.0,113.65,110.325,118.35,6.0,0.4933,0.8404,0.0021,-0.3595,0.5803,113.2924,81.1,33,103
META261030P00640000,META,2026-10-30,37,P,640.0,-13.63,741.0,10.2,11.0,10.6,10.4,7.5,0.4911,-0.1609,0.0021,-0.3725,0.5819,9.582,18.8,77,72
META261030C00645000,META,2026-10-30,37,C,645.0,-12.96,741.0,102.35,108.65,105.5,108.96,6.0,0.4784,0.8285,0.0022,-0.3772,0.6078,108.4395,80.5,5,24
META261030P00645000,META,2026-10-30,37,P,645.0,-12.96,741.0,11.2,11.85,11.525,11.52,5.6,0.4892,-0.1729,0.0022,-0.3899,0.61,10.4434,20.1,54,56
META261030C00650000,META,2026-10-30,37,C,650.0,-12.28,741.0,100.2,103.85,102.025,102.7,3.6,0.4853,0.8161,0.0023,-0.3948,0.6347,104.8744,78.7,12,716
META261030P00650000,META,2026-10-30,37,P,650.0,-12.28,741.0,12.35,13.15,12.75,12.65,6.3,0.4879,-0.1853,0.0023,-0.4072,0.6392,11.4,21.4,217,301
META261030C00655000,META,2026-10-30,37,C,655.0,-11.61,741.0,96.4,101.9,99.15,99.25,5.5,0.4994,0.8032,0.0024,-0.4122,0.6612,101.8824,76.5,23,49
META261030P00655000,META,2026-10-30,37,P,655.0,-11.61,741.0,13.4,14.05,13.725,13.77,4.7,0.4877,-0.1984,0.0024,-0.4243,0.6637,12.4904,22.9,47,86
META261030C00660000,META,2026-10-30,37,C,660.0,-10.93,741.0,90.9,97.35,94.125,97.8,6.9,0.4801,0.7899,0.0025,-0.4293,0.6876,96.8413,76.0,40,199
META261030P00660000,META,2026-10-30,37,P,660.0,-10.93,741.0,14.65,15.5,15.075,14.69,5.6,0.4895,-0.2119,0.0025,-0.4411,0.6895,13.7852,24.5,91,229
META261030C00665000,META,2026-10-30,37,C,665.0,-10.26,741.0,87.7,94.45,91.075,101.07,7.4,0.4888,0.776,0.0026,-0.446,0.7135,93.6859,74.0,13,61
META261030P00665000,META,2026-10-30,37,P,665.0,-10.26,741.0,15.8,16.6,16.2,15.02,4.9,0.4862,-0.2259,0.0026,-0.4576,0.7156,14.8173,25.9,24,94
META261030C00670000,META,2026-10-30,37,C,670.0,-9.58,741.0,85.55,90.2,87.875,87.39,5.3,0.4938,0.7617,0.0027,-0.4623,0.7381,90.3955,72.2,18,240
META261030P00670000,META,2026-10-30,37,P,670.0,-9.58,741.0,17.15,18.2,17.675,17.3,5.9,0.487,-0.2403,0.0027,-0.4736,0.742,16.2009,27.5,76,85
META261030C00675000,META,2026-10-30,37,C,675.0,-8.91,741.0,82.1,86.15,84.125,84.12,4.8,0.4902,0.747,0.0028,-0.478,0.7618,86.5764,70.7,142,153
META261030P00675000,META,2026-10-30,37,P,675.0,-8.91,741.0,18.75,19.45,19.1,19.0,3.7,0.4861,-0.2552,0.0028,-0.4891,0.7641,17.5438,29.1,83,70
META261030C00680000,META,2026-10-30,37,C,680.0,-8.23,741.0,78.6,81.95,80.275,80.43,4.2,0.4845,0.7318,0.0028,-0.4931,0.785,82.6626,69.4,113,319
META261030P00680000,META,2026-10-30,37,P,680.0,-8.23,741.0,20.15,20.8,20.475,20.6,3.2,0.4836,-0.2705,0.0029,-0.504,0.7872,18.8428,30.6,215,6148
META261030C00685000,META,2026-10-30,37,C,685.0,-7.56,741.0,75.25,80.25,77.75,77.92,6.4,0.4946,0.7163,0.0029,-0.5075,0.8069,80.0407,67.2,14,188
META261030P00685000,META,2026-10-30,37,P,685.0,-7.56,741.0,21.8,22.85,22.325,20.28,4.7,0.4861,-0.2861,0.003,-0.5181,0.8088,20.6035,32.4,15,10
META261030C00690000,META,2026-10-30,37,C,690.0,-6.88,741.0,72.15,76.7,74.425,75.65,6.1,0.4934,0.7005,0.003,-0.5211,0.8272,76.6384,65.6,25,214
META261030P00690000,META,2026-10-30,37,P,690.0,-6.88,741.0,23.55,24.35,23.95,23.56,3.3,0.4846,-0.3021,0.003,-0.5314,0.8302,22.139,34.0,30,65
META261030C00695000,META,2026-10-30,37,C,695.0,-6.21,741.0,68.55,74.15,71.35,75.44,7.8,0.4942,0.6844,0.0031,-0.5339,0.8461,73.4808,63.8,8,54
META261030P00695000,META,2026-10-30,37,P,695.0,-6.21,741.0,25.35,26.25,25.8,25.27,3.5,0.4849,-0.3184,0.0031,-0.544,0.848,23.9019,35.8,22,15
META261030C00700000,META,2026-10-30,37,C,700.0,-5.53,741.0,66.05,68.7,67.375,67.2,3.9,0.4836,0.668,0.0031,-0.5458,0.864,69.4506,62.5,183,405
META261030P00700000,META,2026-10-30,37,P,700.0,-5.53,741.0,27.35,28.0,27.675,27.8,2.3,0.4844,-0.3349,0.0032,-0.5556,0.8657,25.6853,37.5,201,211
META261030C00705000,META,2026-10-30,37,C,705.0,-4.86,741.0,62.6,65.8,64.2,67.28,5.0,0.4815,0.6514,0.0032,-0.5567,0.8801,66.201,60.8,30,43
META261030P00705000,META,2026-10-30,37,P,705.0,-4.86,741.0,29.3,30.15,29.725,29.86,2.9,0.485,-0.3517,0.0032,-0.5663,0.8816,27.6489,39.3,108,33
META261030C00710000,META,2026-10-30,37,C,710.0,-4.18,741.0,59.7,63.65,61.675,63.3,6.4,0.4858,0.6347,0.0033,-0.5666,0.8945,63.5929,58.9,53,176
META261030P00710000,META,2026-10-30,37,P,710.0,-4.18,741.0,31.35,32.35,31.85,31.05,3.1,0.4853,-0.3686,0.0033,-0.5759,0.8965,29.6761,41.1,36,87
META261030C00715000,META,2026-10-30,37,C,715.0,-3.51,741.0,56.95,60.35,58.65,61.01,5.8,0.4834,0.6178,0.0033,-0.5754,0.9073,60.49,57.2,21,75
META261030P00715000,META,2026-10-30,37,P,715.0,-3.51,741.0,33.55,34.75,34.15,33.24,3.5,0.4869,-0.3858,0.0033,-0.5845,0.9084,31.9082,42.9,15,37
META261030C00720000,META,2026-10-30,37,C,720.0,-2.83,741.0,54.25,58.5,56.375,56.65,7.5,0.4883,0.6007,0.0033,-0.5832,0.9185,58.1283,55.3,86,249
META261030P00720000,META,2026-10-30,37,P,720.0,-2.83,741.0,35.85,36.9,36.375,35.1,2.9,0.4864,-0.403,0.0034,-0.5921,0.9193,34.0432,44.7,112,68
META261030C00725000,META,2026-10-30,37,C,725.0,-2.16,741.0,51.45,55.5,53.475,53.01,7.6,0.4855,0.5836,0.0034,-0.5898,0.9279,55.1626,53.6,17,88
META261030P00725000,META,2026-10-30,37,P,725.0,-2.16,741.0,38.1,39.45,38.775,37.35,3.5,0.4869,-0.4203,0.0034,-0.5986,0.9285,36.3567,46.4,13,26
META261030C00730000,META,2026-10-30,37,C,730.0,-1.48,741.0,49.75,52.75,51.25,53.22,5.9,0.4889,0.5666,0.0034,-0.5954,0.9355,52.8516,51.8,41,353
META261030P00730000,META,2026-10-30,37,P,730.0,-1.48,741.0,40.65,41.85,41.25,41.2,2.9,0.4872,-0.4376,0.0034,-0.6038,0.9358,38.7408,48.2,53,91
META261030C00735000,META,2026-10-30,37,C,735.0,-0.81,741.0,48.0,50.2,49.1,50.15,4.5,0.4922,0.5494,0.0034,-0.5998,0.9413,50.6242,50.0,20,78
META261030P00735000,META,2026-10-30,37,P,735.0,-0.81,741.0,43.15,44.3,43.725,42.34,2.6,0.4865,-0.4549,0.0035,-0.6081,0.9411,41.1199,50.0,23,80
META261030C00740000,META,2026-10-30,37,C,740.0,-0.13,741.0,45.4,47.0,46.2,46.85,3.5,0.4867,0.5324,0.0034,-0.6032,0.9454,47.6641,48.3,72,271
META261030P00740000,META,2026-10-30,37,P,740.0,-0.13,741.0,45.8,46.95,46.375,46.43,2.5,0.4866,-0.4722,0.0035,-0.6113,0.9447,43.6603,51.7,91,40
META261030C00745000,META,2026-10-30,37,C,745.0,0.54,741.0,43.4,44.4,43.9,45.21,2.3,0.4869,0.5154,0.0034,-0.6054,0.9478,45.3207,46.6,58,56
META261030P00745000,META,2026-10-30,37,P,745.0,0.54,741.0,48.4,49.75,49.075,49.32,2.8,0.4865,-0.4894,0.0035,-0.6133,0.9468,46.2685,53.4,55,30
META261030C00750000,META,2026-10-30,37,C,750.0,1.21,741.0,41.3,42.25,41.775,43.57,2.3,0.4878,0.4986,0.0034,-0.6064,0.9485,43.129,44.9,193,428
META261030P00750000,META,2026-10-30,37,P,750.0,1.21,741.0,51.25,52.6,51.925,52.05,2.6,0.4871,-0.5064,0.0035,-0.6141,0.9465,49.0282,55.1,113,67
META261030C00755000,META,2026-10-30,37,C,755.0,1.89,741.0,39.2,40.25,39.725,40.67,2.6,0.4886,0.4819,0.0034,-0.6065,0.9476,41.0127,43.2,36,83
META261030P00755000,META,2026-10-30,37,P,755.0,1.89,741.0,54.15,55.65,54.9,53.88,2.7,0.4881,-0.5234,0.0035,-0.614,0.9451,51.9104,56.8,24,10
META261030C00760000,META,2026-10-30,37,C,760.0,2.56,741.0,37.15,38.15,37.65,38.0,2.7,0.4882,0.4654,0.0034,-0.6055,0.945,38.8667,41.5,87,340
META261030P00760000,META,2026-10-30,37,P,760.0,2.56,741.0,57.15,58.65,57.9,57.0,2.6,0.4886,-0.5402,0.0035,-0.6128,0.942,54.8289,58.5,3,14
META261030C00765000,META,2026-10-30,37,C,765.0,3.24,741.0,35.05,36.25,35.65,37.0,3.4,0.4876,0.4491,0.0034,-0.6035,0.9408,36.7845,39.9,35,47
META261030P00765000,META,2026-10-30,37,P,765.0,3.24,741.0,60.25,61.55,60.9,58.18,2.1,0.4882,-0.5567,0.0034,-0.6106,0.9371,57.745,60.1,0,5
META261030C00770000,META,2026-10-30,37,C,770.0,3.91,741.0,33.2,34.5,33.85,35.29,3.8,0.4887,0.433,0.0034,-0.6005,0.9351,34.9419,38.3,42,227
META261030P00770000,META,2026-10-30,37,P,770.0,3.91,741.0,63.3,64.75,64.025,55.38,2.3,0.4882,-0.5731,0.0034,-0.6074,0.9294,60.7795,61.7,4,1
META261030C00775000,META,2026-10-30,37,C,775.0,4.59,741.0,31.45,32.65,32.05,32.9,3.7,0.4886,0.4171,0.0034,-0.5965,0.9282,33.0665,36.7,65,80
META261030P00775000,META,2026-10-30,37,P,775.0,4.59,741.0,66.45,68.15,67.3,0.0,2.5,0.489,-0.5891,0.0034,-0.6033,0.9221,63.9674,63.3,0,0
META261030C00780000,META,2026-10-30,37,C,780.0,5.26,741.0,29.75,30.9,30.325,32.1,3.8,0.4886,0.4016,0.0033,-0.5917,0.9198,31.278,35.1,20,142
META261030P00780000,META,2026-10-30,37,P,780.0,5.26,741.0,69.6,71.8,70.7,0.0,3.1,0.4904,-0.605,0.0034,-0.5983,0.9136,67.2869,64.8,0,0
META261030C00785000,META,2026-10-30,37,C,785.0,5.94,741.0,28.15,29.3,28.725,30.19,4.0,0.4896,0.3863,0.0033,-0.586,0.91,29.6566,33.7,189,46
META261030P00785000,META,2026-10-30,37,P,785.0,5.94,741.0,72.65,75.55,74.1,71.47,3.9,0.4909,-0.6205,0.0033,-0.5925,0.9032,70.5981,66.3,1,0
META261030C00790000,META,2026-10-30,37,C,790.0,6.61,741.0,26.65,27.7,27.175,28.43,3.9,0.4897,0.3714,0.0032,-0.5796,0.899,28.0266,32.2,49,175
META261030P00790000,META,2026-10-30,37,P,790.0,6.61,741.0,75.75,79.25,77.5,0.0,4.5,0.4907,-0.6358,0.0033,-0.5859,0.892,73.9196,67.8,0,0
META261030C00795000,META,2026-10-30,37,C,795.0,7.29,741.0,25.15,26.15,25.65,27.33,3.9,0.4896,0.3568,0.0032,-0.5724,0.8871,26.4511,30.7,202,50
META261030P00795000,META,2026-10-30,37,P,795.0,7.29,741.0,78.35,83.3,80.825,0.0,6.1,0.4887,-0.6506,0.0032,-0.5785,0.8766,77.1543,69.3,0,0
META261030C00800000,META,2026-10-30,37,C,800.0,7.96,741.0,23.95,25.05,24.5,25.0,4.5,0.491,0.3425,0.0031,-0.5645,0.8743,25.0775,29.4,272,493
META261030P00800000,META,2026-10-30,37,P,800.0,7.96,741.0,82.25,86.6,84.425,81.9,5.2,0.4891,-0.6652,0.0032,-0.5704,0.8637,80.6743,70.7,328,24
META261030C00805000,META,2026-10-30,37,C,805.0,8.64,741.0,22.5,23.5,23.0,24.3,4.3,0.492,0.3286,0.0031,-0.556,0.8603,23.7344,28.1,19,149
META261030P00805000,META,2026-10-30,37,P,805.0,8.64,741.0,85.1,90.9,88.0,0.0,6.6,0.4884,-0.6794,0.0031,-0.5617,0.8489,84.1675,72.1,0,0
META261030C00810000,META,2026-10-30,37,C,810.0,9.31,741.0,21.2,22.05,21.625,23.42,3.9,0.491,0.315,0.003,-0.5469,0.8452,22.2859,26.7,38,179
META261030P00810000,META,2026-10-30,37,P,810.0,9.31,741.0,88.8,95.0,91.9,0.0,6.7,0.4908,-0.6933,0.0031,-0.5525,0.8329,87.9912,73.3,0,0
META261030C00815000,META,2026-10-30,37,C,815.0,9.99,741.0,20.15,21.0,20.575,21.75,4.1,0.4935,0.3018,0.003,-0.5372,0.8296,21.1953,25.5,10,142
META261030P00815000,META,2026-10-30,37,P,815.0,9.99,741.0,92.05,98.4,95.225,0.0,6.7,0.4854,-0.7068,0.003,-0.5428,0.8159,91.2269,74.8,0,0
META261030C00820000,META,2026-10-30,37,C,820.0,10.66,741.0,19.05,19.75,19.4,20.1,3.6,0.4935,0.289,0.0029,-0.5271,0.8135,19.956,24.3,63,78
META261030P00820000,META,2026-10-30,37,P,820.0,10.66,741.0,97.1,102.45,99.775,0.0,5.4,0.4944,-0.7199,0.003,-0.5325,0.7963,95.711,75.7,0,0
META261030C00825000,META,2026-10-30,37,C,825.0,11.34,741.0,17.85,18.6,18.225,19.0,4.1,0.4934,0.2766,0.0028,-0.5166,0.7968,18.7691,23.1,16,42
META261030P00825000,META,2026-10-30,37,P,825.0,11.34,741.0,100.45,105.45,102.95,0.0,4.9,0.4853,-0.7326,0.0029,-0.5218,0.7798,98.7883,77.2,0,0
META261030C00830000,META,2026-10-30,37,C,830.0,12.01,741.0,16.9,17.7,17.3,18.78,4.6,0.4955,0.2645,0.0028,-0.5057,0.7793,17.8122,22.0,37,75
META261030P00830000,META,2026-10-30,37,P,830.0,12.01,741.0,104.45,110.1,107.275,104.5,5.3,0.4903,-0.745,0.0028,-0.5108,0.7612,103.0493,78.2,2,0
META261030C00835000,META,2026-10-30,37,C,835.0,12.69,741.0,16.0,16.7,16.35,17.76,4.3,0.4966,0.2529,0.0027,-0.4945,0.7612,16.8282,20.9,8,36
META261030P00835000,META,2026-10-30,37,P,835.0,12.69,741.0,107.95,115.1,111.525,0.0,6.4,0.4937,-0.757,0.0028,-0.4995,0.742,107.2287,79.2,0,0
META261030C00840000,META,2026-10-30,37,C,840.0,13.36,741.0,15.05,15.75,15.4,16.42,4.5,0.497,0.2416,0.0026,-0.483,0.743,15.8423,19.9,66,45
META261030P00840000,META,2026-10-30,37,P,840.0,13.36,741.0,112.05,119.25,115.65,109.0,6.2,0.4948,-0.7686,0.0027,-0.488,0.7212,111.2799,80.2,0,1
META261030C00845000,META,2026-10-30,37,C,845.0,14.04,741.0,14.2,15.0,14.6,15.42,5.5,0.4989,0.2307,0.0026,-0.4713,0.7247,15.0159,18.9,81,54
META261030P00845000,META,2026-10-30,37,P,845.0,14.04,741.0,116.2,124.05,120.125,0.0,6.5,0.5002,-0.7798,0.0026,-0.4761,0.6996,115.6909,81.0,0,0
META261030C00850000,META,2026-10-30,37,C,850.0,14.71,741.0,13.35,14.0,13.675,13.55,4.8,0.4984,0.2202,0.0025,-0.4594,0.7062,14.063,17.9,235,219
META261030P00850000,META,2026-10-30,37,P,850.0,14.71,741.0,120.35,127.0,123.675,0.0,5.4,0.4915,-0.7907,0.0026,-0.4641,0.681,119.1393,82.4,0,0
META261030C00860000,META,2026-10-30,37,C,860.0,16.06,741.0,11.8,12.55,12.175,12.05,6.2,0.5004,0.2003,0.0023,-0.4353,0.6678,12.5061,16.1,57,65
META261030P00860000,META,2026-10-30,37,P,860.0,16.06,741.0,128.9,136.55,132.725,150.98,5.8,0.501,-0.8112,0.0024,-0.4397,0.6403,128.066,83.8,0,1
META261030C00870000,META,2026-10-30,37,C,870.0,17.41,741.0,10.45,11.2,10.825,10.98,6.9,0.5024,0.1819,0.0022,-0.411,0.6298,11.1113,14.5,34,47
META261030P00870000,META,2026-10-30,37,P,870.0,17.41,741.0,137.6,145.5,141.55,0.0,5.6,0.505,-0.8303,0.0023,-0.415,0.5964,136.7546,85.4,0,0
META261030C00880000,META,2026-10-30,37,C,880.0,18.76,741.0,9.3,10.15,9.725,9.75,8.7,0.5063,0.1649,0.0021,-0.3867,0.5922,9.9764,13.1,44,185
META261030P00880000,META,2026-10-30,37,P,880.0,18.76,741.0,146.45,154.05,150.25,144.08,5.1,0.5044,-0.848,0.0022,-0.3903,0.5559,145.3029,87.0,0,1
META261030C00890000,META,2026-10-30,37,C,890.0,20.11,741.0,8.15,9.05,8.6,8.6,10.5,0.5057,0.1492,0.0019,-0.3628,0.5544,8.7116,11.6,50,37
META261030P00890000,META,2026-10-30,37,P,890.0,20.11,741.0,155.4,161.65,158.525,0.0,3.9,0.492,-0.8644,0.002,-0.3658,0.515,153.3661,88.9,0,0
META261030C00900000,META,2026-10-30,37,C,900.0,21.46,741.0,7.25,7.8,7.525,7.65,7.3,0.5074,0.1349,0.0018,-0.3393,0.5183,7.7058,10.4,193,211
META261030P00900000,META,2026-10-30,37,P,900.0,21.46,741.0,164.5,171.2,167.85,190.7,4.0,0.4974,-0.8794,0.0019,-0.3415,0.4712,162.5556,90.0,0,24
META261030C00910000,META,2026-10-30,37,C,910.0,22.81,741.0,6.3,6.85,6.575,7.3,8.4,0.5074,0.1218,0.0017,-0.3165,0.483,6.7297,9.2,26,38
META261030P00910000,META,2026-10-30,37,P,910.0,22.81,741.0,173.75,180.5,177.125,0.0,3.8,0.4998,-0.8933,0.0018,-0.3183,0.4338,171.689,91.1,0,0
META261030C00920000,META,2026-10-30,37,C,920.0,24.16,741.0,5.55,6.1,5.825,5.95,9.4,0.5095,0.1098,0.0015,-0.2946,0.4487,5.9584,8.2,16,21
META261030P00920000,META,2026-10-30,37,P,920.0,24.16,741.0,183.05,190.95,187.0,0.0,4.2,0.5153,-0.9059,0.0016,-0.2952,0.3953,181.4949,91.6,0,0
META261120C00560000,META,2026-11-20,58,C,560.0,-24.43,741.0,182.9,188.5,185.7,185.29,3.0,0.504,0.9362,0.0009,-0.1277,0.3748,189.002,90.7,14,1452
META261120P00560000,META,2026-11-20,58,P,560.0,-24.43,741.0,4.1,4.35,4.225,4.35,5.9,0.4882,-0.0643,0.0009,-0.1521,0.376,3.8913,8.5,79,2023
META261120C00565000,META,2026-11-20,58,C,565.0,-23.75,741.0,178.8,183.8,181.3,194.0,2.8,0.5052,0.9311,0.0009,-0.1371,0.3977,184.5594,89.9,2,745
META261120P00565000,META,2026-11-20,58,P,565.0,-23.75,741.0,4.55,5.0,4.775,4.69,9.4,0.4902,-0.0694,0.0009,-0.161,0.3986,4.4041,9.3,36,696
META261120C00570000,META,2026-11-20,58,C,570.0,-23.08,741.0,173.8,179.45,176.625,176.9,3.2,0.4992,0.9256,0.001,-0.1469,0.4212,179.8613,89.5,28,1072
META261120P00570000,META,2026-11-20,58,P,570.0,-23.08,741.0,4.9,5.35,5.125,4.95,8.8,0.4857,-0.0749,0.001,-0.1702,0.4228,4.7074,9.8,92,1565
META261120C00575000,META,2026-11-20,58,C,575.0,-22.4,741.0,169.2,174.95,172.075,172.0,3.3,0.4955,0.9198,0.001,-0.157,0.4457,175.2761,88.8,20,792
META261120P00575000,META,2026-11-20,58,P,575.0,-22.4,741.0,5.4,5.9,5.65,5.45,8.8,0.4852,-0.0808,0.001,-0.1798,0.4488,5.1949,10.6,127,887
META261120C00580000,META,2026-11-20,58,C,580.0,-21.73,741.0,165.0,170.5,167.75,175.65,3.3,0.496,0.9136,0.0011,-0.1674,0.4713,170.9069,87.9,1,880
META261120P00580000,META,2026-11-20,58,P,580.0,-21.73,741.0,5.9,6.4,6.15,5.97,8.1,0.4839,-0.087,0.0011,-0.1896,0.473,5.6852,11.4,182,1929
META261120C00585000,META,2026-11-20,58,C,585.0,-21.05,741.0,160.9,165.9,163.4,173.05,3.1,0.4951,0.907,0.0012,-0.178,0.4976,166.5156,87.1,6,6548
META261120P00585000,META,2026-11-20,58,P,585.0,-21.05,741.0,6.45,6.9,6.675,6.5,6.7,0.4813,-0.0936,0.0012,-0.1997,0.4993,6.1506,12.1,82,7417
META261120C00590000,META,2026-11-20,58,C,590.0,-20.38,741.0,156.5,161.5,159.0,161.94,3.1,0.4925,0.9001,0.0012,-0.1889,0.5241,162.0773,86.3,2,3242
META261120P00590000,META,2026-11-20,58,P,590.0,-20.38,741.0,7.0,7.6,7.3,7.0,8.2,0.4806,-0.1006,0.0012,-0.2101,0.5254,6.7404,13.0,105,2936
META261120C00595000,META,2026-11-20,58,C,595.0,-19.7,741.0,152.1,157.25,154.675,158.17,3.3,0.4906,0.8928,0.0013,-0.2,0.5511,157.7099,85.5,4,815
META261120P00595000,META,2026-11-20,58,P,595.0,-19.7,741.0,7.65,8.15,7.9,7.87,6.3,0.4785,-0.108,0.0013,-0.2207,0.5538,7.2998,13.8,23,756
META261120C00600000,META,2026-11-20,58,C,600.0,-19.03,741.0,148.1,151.45,149.775,149.71,2.2,0.4782,0.8851,0.0014,-0.2113,0.579,152.7961,85.2,50,4841
META261120P00600000,META,2026-11-20,58,P,600.0,-19.03,741.0,8.45,8.75,8.6,8.6,3.5,0.4775,-0.1158,0.0014,-0.2314,0.5818,7.9561,14.8,584,4136
META261120C00605000,META,2026-11-20,58,C,605.0,-18.35,741.0,143.7,148.9,146.3,152.82,3.6,0.4894,0.877,0.0014,-0.2228,0.6076,149.2454,83.5,3,1219
META261120P00605000,META,2026-11-20,58,P,605.0,-18.35,741.0,9.05,9.65,9.35,9.3,6.4,0.477,-0.1239,0.0014,-0.2424,0.6098,8.6856,15.8,242,609
META261120C00610000,META,2026-11-20,58,C,610.0,-17.68,741.0,139.55,144.55,142.05,142.97,3.5,0.4866,0.8685,0.0015,-0.2344,0.6362,144.9487,82.6,25,1619
META261120P00610000,META,2026-11-20,58,P,610.0,-17.68,741.0,9.9,10.4,10.15,9.86,4.9,0.4761,-0.1325,0.0015,-0.2535,0.6379,9.4398,16.8,178,978
META261120C00615000,META,2026-11-20,58,C,615.0,-17.0,741.0,134.9,140.15,137.525,137.75,3.8,0.4792,0.8596,0.0016,-0.246,0.6646,140.3943,81.9,9,1043
META261120P00615000,META,2026-11-20,58,P,615.0,-17.0,741.0,10.7,11.3,11.0,10.93,5.5,0.4752,-0.1414,0.0016,-0.2647,0.6672,10.2426,17.8,24,743
META261120C00620000,META,2026-11-20,58,C,620.0,-16.33,741.0,131.3,136.5,133.9,134.87,3.9,0.4844,0.8504,0.0017,-0.2578,0.6934,136.7012,80.5,26,823
META261120P00620000,META,2026-11-20,58,P,620.0,-16.33,741.0,11.65,12.15,11.9,11.6,4.2,0.4743,-0.1508,0.0017,-0.2759,0.6975,11.0955,18.9,112,1197
META261120C00625000,META,2026-11-20,58,C,625.0,-15.65,741.0,127.25,130.45,128.85,131.12,2.5,0.4691,0.8408,0.0017,-0.2695,0.7226,131.6636,80.3,59,951
META261120P00625000,META,2026-11-20,58,P,625.0,-15.65,741.0,12.6,13.15,12.875,12.2,4.3,0.4733,-0.1605,0.0018,-0.2872,0.7252,11.9935,20.0,73,1170
META261120C00630000,META,2026-11-20,58,C,630.0,-14.98,741.0,123.3,128.35,125.825,128.0,4.0,0.4804,0.8307,0.0018,-0.2812,0.7517,128.525,78.4,9,1188
META261120P00630000,META,2026-11-20,58,P,630.0,-14.98,741.0,13.45,14.15,13.8,13.7,5.1,0.4722,-0.1706,0.0018,-0.2985,0.7543,12.9373,21.1,211,1984
META261120C00635000,META,2026-11-20,58,C,635.0,-14.3,741.0,119.4,124.85,122.125,124.76,4.5,0.4818,0.8204,0.0019,-0.2929,0.7802,124.7682,77.1,4,2365
META261120P00635000,META,2026-11-20,58,P,635.0,-14.3,741.0,14.65,15.3,14.975,14.15,4.3,0.4721,-0.1811,0.0019,-0.3097,0.7826,14.0104,22.4,40,347
META261120C00640000,META,2026-11-20,58,C,640.0,-13.63,741.0,116.15,120.0,118.075,119.95,3.3,0.478,0.8096,0.002,-0.3044,0.8083,120.6707,76.0,42,1460
META261120P00640000,META,2026-11-20,58,P,640.0,-13.63,741.0,15.7,16.3,16.0,15.25,3.8,0.4694,-0.1921,0.002,-0.3209,0.8128,14.9422,23.5,181,1340
META261120C00645000,META,2026-11-20,58,C,645.0,-12.96,741.0,111.8,116.85,114.325,116.82,4.4,0.4773,0.7985,0.002,-0.3158,0.8363,116.8682,74.8,23,502
META261120P00645000,META,2026-11-20,58,P,645.0,-12.96,741.0,17.0,17.6,17.3,16.4,3.5,0.4701,-0.2032,0.002,-0.3317,0.84,16.1968,24.8,115,709
META261120C00650000,META,2026-11-20,58,C,650.0,-12.28,741.0,108.35,113.25,110.8,113.0,4.4,0.4784,0.7871,0.0021,-0.327,0.8642,113.2784,73.4,93,4991
META261120P00650000,META,2026-11-20,58,P,650.0,-12.28,741.0,18.3,18.85,18.575,18.57,3.0,0.4695,-0.2147,0.0021,-0.3424,0.8674,17.4117,26.1,323,2521
META261120C00655000,META,2026-11-20,58,C,655.0,-11.61,741.0,104.7,109.7,107.2,108.0,4.7,0.4779,0.7753,0.0022,-0.3379,0.891,109.621,72.1,27,480
META261120P00655000,META,2026-11-20,58,P,655.0,-11.61,741.0,19.55,20.3,19.925,19.26,3.8,0.469,-0.2266,0.0022,-0.353,0.8935,18.6982,27.4,40,320
META261120C00660000,META,2026-11-20,58,C,660.0,-10.93,741.0,100.9,105.9,103.4,104.54,4.8,0.4746,0.7632,0.0022,-0.3486,0.9169,105.7765,70.9,12,2992
META261120P00660000,META,2026-11-20,58,P,660.0,-10.93,741.0,21.0,21.65,21.325,21.0,3.0,0.4684,-0.2388,0.0022,-0.3633,0.9202,20.0407,28.8,195,676
META261120C00665000,META,2026-11-20,58,C,665.0,-10.26,741.0,97.85,100.7,99.275,99.0,2.9,0.4672,0.7509,0.0023,-0.3589,0.9421,101.607,69.9,15,443
META261120P00665000,META,2026-11-20,58,P,665.0,-10.26,741.0,22.45,23.15,22.8,22.17,3.1,0.4678,-0.2513,0.0023,-0.3732,0.9466,21.4486,30.1,47,180
META261120C00670000,META,2026-11-20,58,C,670.0,-9.58,741.0,94.25,99.0,96.625,98.6,4.9,0.4747,0.7383,0.0024,-0.3689,0.9667,98.8771,68.1,43,2066
META261120P00670000,META,2026-11-20,58,P,670.0,-9.58,741.0,24.1,24.4,24.25,24.31,1.2,0.4673,-0.2644,0.0024,-0.383,0.9701,22.9326,31.5,200,350
META261120C00675000,META,2026-11-20,58,C,675.0,-8.91,741.0,90.85,95.1,92.975,94.95,4.6,0.4711,0.7254,0.0024,-0.3786,0.9904,95.178,66.9,44,932
META261120P00675000,META,2026-11-20,58,P,675.0,-8.91,741.0,25.7,26.4,26.05,25.25,2.7,0.4676,-0.2772,0.0024,-0.3921,0.9934,24.5622,32.9,111,234
META261120C00680000,META,2026-11-20,58,C,680.0,-8.23,741.0,87.65,92.35,90.0,89.5,5.2,0.4736,0.7122,0.0025,-0.3878,1.0126,92.1391,65.3,120,1102
META261120P00680000,META,2026-11-20,58,P,680.0,-8.23,741.0,27.3,28.05,27.675,27.52,2.7,0.4652,-0.2907,0.0025,-0.401,1.0152,25.9972,34.3,264,910
META261120C00685000,META,2026-11-20,58,C,685.0,-7.56,741.0,84.2,89.3,86.75,88.8,5.9,0.4726,0.6989,0.0025,-0.3965,1.0336,88.8274,63.9,10,918
META261120P00685000,META,2026-11-20,58,P,685.0,-7.56,741.0,29.2,29.85,29.525,28.64,2.2,0.4665,-0.3042,0.0026,-0.4094,1.0365,27.8684,35.8,33,230
META261120C00690000,META,2026-11-20,58,C,690.0,-6.88,741.0,81.4,85.6,83.5,85.0,5.0,0.471,0.6854,0.0026,-0.4048,1.0535,85.5213,62.5,27,933
META261120P00690000,META,2026-11-20,58,P,690.0,-6.88,741.0,30.85,31.75,31.3,31.37,2.9,0.4662,-0.318,0.0026,-0.4174,1.057,29.6526,37.3,252,290
META261120C00695000,META,2026-11-20,58,C,695.0,-6.21,741.0,78.6,82.4,80.5,82.43,4.7,0.4711,0.6717,0.0026,-0.4126,1.0724,82.4609,61.1,37,658
META261120P00695000,META,2026-11-20,58,P,695.0,-6.21,741.0,32.95,33.7,33.325,33.0,2.3,0.4661,-0.3319,0.0026,-0.4248,1.0752,31.5299,38.7,45,238
META261120C00700000,META,2026-11-20,58,C,700.0,-5.53,741.0,75.65,78.45,77.05,77.03,3.6,0.4613,0.6578,0.0026,-0.4199,1.0897,78.4118,60.0,480,17638
META261120P00700000,META,2026-11-20,58,P,700.0,-5.53,741.0,34.9,35.5,35.2,35.5,1.7,0.4641,-0.3459,0.0027,-0.4317,1.0921,33.2767,40.1,486,735
META261120C00705000,META,2026-11-20,58,C,705.0,-4.86,741.0,73.0,76.35,74.675,75.25,4.5,0.4709,0.6438,0.0027,-0.4266,1.1055,76.5167,58.1,42,721
META261120P00705000,META,2026-11-20,58,P,705.0,-4.86,741.0,37.1,37.95,37.525,36.5,2.3,0.4674,-0.3598,0.0027,-0.438,1.1079,35.6682,41.8,24,141
META261120C00710000,META,2026-11-20,58,C,710.0,-4.18,741.0,69.35,73.45,71.4,72.27,5.7,0.4666,0.6298,0.0027,-0.4328,1.1199,73.1895,56.8,80,1351
META261120P00710000,META,2026-11-20,58,P,710.0,-4.18,741.0,39.15,40.1,39.625,38.75,2.4,0.4658,-0.3744,0.0028,-0.4439,1.1228,37.6025,43.2,126,143
META261120C00715000,META,2026-11-20,58,C,715.0,-3.51,741.0,66.85,70.6,68.725,70.0,5.5,0.467,0.6156,0.0028,-0.4383,1.1329,70.45,55.3,40,783
META261120P00715000,META,2026-11-20,58,P,715.0,-3.51,741.0,41.4,42.3,41.85,39.25,2.2,0.4655,-0.3888,0.0028,-0.4492,1.1347,39.7517,44.7,77,67
META261120C00720000,META,2026-11-20,58,C,720.0,-2.83,741.0,64.9,67.75,66.325,65.66,4.3,0.4692,0.6014,0.0028,-0.4434,1.1445,67.9892,53.8,616,1898
META261120P00720000,META,2026-11-20,58,P,720.0,-2.83,741.0,43.9,44.6,44.25,44.5,1.6,0.4665,-0.4029,0.0028,-0.4538,1.1457,42.1214,46.2,107,554
META261120C00725000,META,2026-11-20,58,C,725.0,-2.16,741.0,61.75,64.9,63.325,64.05,5.0,0.4656,0.5872,0.0028,-0.4478,1.1545,64.9435,52.4,54,1461
META261120P00725000,META,2026-11-20,58,P,725.0,-2.16,741.0,46.2,47.15,46.675,45.74,2.0,0.4666,-0.4174,0.0029,-0.4579,1.1551,44.4642,47.7,155,122
META261120C00730000,META,2026-11-20,58,C,730.0,-1.48,741.0,59.65,61.35,60.5,60.6,2.8,0.4628,0.5729,0.0028,-0.4516,1.1629,62.0561,50.9,186,858
META261120P00730000,META,2026-11-20,58,P,730.0,-1.48,741.0,48.75,49.5,49.125,49.0,1.5,0.4664,-0.4319,0.0029,-0.4614,1.1632,46.846,49.1,113,102
META261120C00735000,META,2026-11-20,58,C,735.0,-0.81,741.0,57.45,59.15,58.3,58.34,2.9,0.4648,0.5587,0.0028,-0.4548,1.1698,59.7948,49.4,99,818
META261120P00735000,META,2026-11-20,58,P,735.0,-0.81,741.0,51.5,52.3,51.9,51.85,1.5,0.4668,-0.4468,0.0029,-0.4643,1.1696,49.3701,50.6,56,127
META261120C00740000,META,2026-11-20,58,C,740.0,-0.13,741.0,55.35,56.55,55.95,55.94,2.1,0.465,0.5444,0.0029,-0.4574,1.1752,57.3989,48.0,248,1882
META261120P00740000,META,2026-11-20,58,P,740.0,-0.13,741.0,53.95,54.75,54.35,54.38,1.5,0.4663,-0.4612,0.0029,-0.4666,1.1742,51.8621,52.1,340,235
META261120C00745000,META,2026-11-20,58,C,745.0,0.54,741.0,53.15,54.05,53.6,55.16,1.7,0.4645,0.5303,0.0029,-0.4595,1.179,54.9933,46.5,220,698
META261120P00745000,META,2026-11-20,58,P,745.0,0.54,741.0,56.6,57.7,57.15,56.0,1.9,0.4678,-0.4754,0.0029,-0.4684,1.1773,54.66,53.5,315,288
META261120C00750000,META,2026-11-20,58,C,750.0,1.21,741.0,51.05,51.85,51.45,51.45,1.6,0.4651,0.5162,0.0029,-0.4609,1.1814,52.7883,45.1,1028,7095
META261120P00750000,META,2026-11-20,58,P,750.0,1.21,741.0,59.3,60.4,59.85,59.0,1.8,0.4665,-0.4901,0.0029,-0.4695,1.1793,57.2009,54.9,141,121
META261120C00755000,META,2026-11-20,58,C,755.0,1.89,741.0,48.9,49.75,49.325,50.77,1.7,0.4653,0.5022,0.0029,-0.4618,1.1824,50.6071,43.7,109,4155
META261120P00755000,META,2026-11-20,58,P,755.0,1.89,741.0,62.25,63.4,62.825,61.1,1.8,0.4679,-0.5044,0.0029,-0.4701,1.1793,60.1297,56.3,84,44
META261120C00760000,META,2026-11-20,58,C,760.0,2.56,741.0,46.85,47.65,47.25,47.27,1.7,0.4654,0.4883,0.0029,-0.4621,1.182,48.4841,42.3,181,4591
META261120P00760000,META,2026-11-20,58,P,760.0,2.56,741.0,65.25,66.35,65.8,63.95,1.7,0.4686,-0.5185,0.0029,-0.4701,1.1775,63.0458,57.7,61,114
META261120C00765000,META,2026-11-20,58,C,765.0,3.24,741.0,44.8,45.7,45.25,46.61,2.0,0.4651,0.4749,0.0029,-0.4619,1.1803,46.383,40.9,77,4067
META261120P00765000,META,2026-11-20,58,P,765.0,3.24,741.0,68.1,69.4,68.75,66.4,1.9,0.4683,-0.5326,0.0029,-0.4696,1.1747,65.9127,59.1,31,42
META261120C00770000,META,2026-11-20,58,C,770.0,3.91,741.0,42.85,43.8,43.325,43.37,2.2,0.4653,0.4612,0.0029,-0.4611,1.177,44.4087,39.5,418,5243
META261120P00770000,META,2026-11-20,58,P,770.0,3.91,741.0,71.15,72.45,71.8,64.85,1.8,0.4683,-0.5466,0.0029,-0.4685,1.1703,68.8824,60.4,11,34
META261120C00775000,META,2026-11-20,58,C,775.0,4.59,741.0,41.1,41.9,41.5,42.82,1.9,0.4662,0.4475,0.0028,-0.4597,1.1721,42.5833,38.2,303,4799
META261120P00775000,META,2026-11-20,58,P,775.0,4.59,741.0,74.25,75.65,74.95,74.0,1.9,0.4686,-0.5604,0.0029,-0.4669,1.1652,71.9538,61.8,2,19
META261120C00780000,META,2026-11-20,58,C,780.0,5.26,741.0,39.25,40.05,39.65,41.18,2.0,0.4656,0.4345,0.0028,-0.458,1.1667,40.6479,36.9,302,6783
META261120P00780000,META,2026-11-20,58,P,780.0,5.26,741.0,77.45,78.9,78.175,71.6,1.9,0.4686,-0.574,0.0029,-0.4648,1.1582,75.0555,63.1,2,60
META261120C00785000,META,2026-11-20,58,C,785.0,5.94,741.0,37.5,38.45,37.975,39.3,2.5,0.4663,0.4214,0.0028,-0.4557,1.1599,38.9287,35.6,74,283
META261120P00785000,META,2026-11-20,58,P,785.0,5.94,741.0,80.4,82.6,81.5,83.25,2.7,0.4706,-0.5874,0.0029,-0.4623,1.1501,78.4533,64.3,0,51
META261120C00790000,META,2026-11-20,58,C,790.0,6.61,741.0,36.0,36.75,36.375,37.52,2.1,0.4671,0.4085,0.0028,-0.453,1.1518,37.2834,34.4,108,965
META261120P00790000,META,2026-11-20,58,P,790.0,6.61,741.0,83.35,85.9,84.625,86.95,3.0,0.4676,-0.6006,0.0029,-0.4592,1.1396,81.3355,65.6,0,87
META261120C00795000,META,2026-11-20,58,C,795.0,7.29,741.0,34.45,35.15,34.8,35.85,2.0,0.4676,0.3958,0.0028,-0.4498,1.1424,35.6646,33.1,73,919
META261120P00795000,META,2026-11-20,58,P,795.0,7.29,741.0,86.4,89.65,88.025,79.9,3.7,0.4678,-0.6137,0.0028,-0.4557,1.1299,84.6503,66.9,13,8
META261120C00800000,META,2026-11-20,58,C,800.0,7.96,741.0,33.0,33.6,33.3,33.3,1.8,0.4687,0.383,0.0027,-0.446,1.1315,34.1735,31.9,593,22250
META261120P00800000,META,2026-11-20,58,P,800.0,7.96,741.0,90.05,92.95,91.5,87.8,3.2,0.4682,-0.6265,0.0028,-0.4519,1.1176,88.0481,68.1,21,146
META261120C00805000,META,2026-11-20,58,C,805.0,8.64,741.0,31.4,32.1,31.75,34.05,2.2,0.4685,0.3711,0.0027,-0.4422,1.1206,32.5938,30.8,70,4153
META261120P00805000,META,2026-11-20,58,P,805.0,8.64,741.0,92.75,97.35,95.05,94.2,4.8,0.4687,-0.6391,0.0028,-0.4476,1.1069,91.5158,69.2,2,23
META261120C00810000,META,2026-11-20,58,C,810.0,9.31,741.0,30.05,30.65,30.35,30.41,2.0,0.4686,0.359,0.0027,-0.4378,1.1086,31.1059,29.6,270,6612
META261120P00810000,META,2026-11-20,58,P,810.0,9.31,741.0,97.25,100.2,98.725,96.0,3.0,0.4698,-0.6515,0.0028,-0.4428,1.0916,95.1068,70.4,0,1
META261120C00815000,META,2026-11-20,58,C,815.0,9.99,741.0,28.65,29.35,29.0,29.85,2.4,0.4691,0.3473,0.0026,-0.4331,1.0958,29.7183,28.5,97,4081
META261120P00815000,META,2026-11-20,58,P,815.0,9.99,741.0,99.55,104.55,102.05,100.0,4.9,0.4672,-0.6636,0.0027,-0.4378,1.0751,98.3464,71.6,2,10
META261120C00820000,META,2026-11-20,58,C,820.0,10.66,741.0,27.35,28.05,27.7,28.39,2.5,0.47,0.3355,0.0026,-0.4278,1.0814,28.428,27.4,101,4756
META261120P00820000,META,2026-11-20,58,P,820.0,10.66,741.0,103.25,107.65,105.45,234.3,4.2,0.4646,-0.6755,0.0027,-0.4324,1.0603,101.649,72.8,0,0
META261120C00825000,META,2026-11-20,58,C,825.0,11.34,741.0,26.1,26.85,26.475,27.8,2.8,0.4707,0.3242,0.0026,-0.4224,1.0665,27.1676,26.4,195,4738
META261120P00825000,META,2026-11-20,58,P,825.0,11.34,741.0,107.15,112.0,109.575,207.95,4.4,0.4684,-0.6872,0.0026,-0.4268,1.0433,105.695,73.7,0,0
META261120C00830000,META,2026-11-20,58,C,830.0,12.01,741.0,24.9,25.6,25.25,26.05,2.8,0.4709,0.3132,0.0025,-0.4168,1.0511,25.9049,25.3,336,5164
META261120P00830000,META,2026-11-20,58,P,830.0,12.01,741.0,110.95,115.75,113.35,267.85,4.2,0.4685,-0.6986,0.0026,-0.4209,1.0275,109.3937,74.8,0,0
META261120C00835000,META,2026-11-20,58,C,835.0,12.69,741.0,23.65,24.65,24.15,25.35,4.1,0.4719,0.3024,0.0025,-0.4109,1.0353,24.7754,24.3,16,196
META261120P00835000,META,2026-11-20,58,P,835.0,12.69,741.0,114.8,119.3,117.05,173.65,3.8,0.4672,-0.7098,0.0026,-0.4148,1.0121,112.9987,75.8,0,1
META261120C00840000,META,2026-11-20,58,C,840.0,13.36,741.0,22.7,23.35,23.025,23.76,2.8,0.4722,0.292,0.0024,-0.4047,1.0192,23.6209,23.4,97,961
META261120P00840000,META,2026-11-20,58,P,840.0,13.36,741.0,118.6,123.45,121.025,0.0,4.0,0.4682,-0.7206,0.0025,-0.4082,0.9922,116.8915,76.8,0,0
META261120C00845000,META,2026-11-20,58,C,845.0,14.04,741.0,21.65,22.4,22.025,23.2,3.4,0.4733,0.2817,0.0024,-0.3984,1.0024,22.5936,22.5,228,216
META261120P00845000,META,2026-11-20,58,P,845.0,14.04,741.0,122.55,127.45,125.0,225.55,3.9,0.4687,-0.7312,0.0025,-0.4016,0.9699,120.7794,77.7,0,0
META261120C00850000,META,2026-11-20,58,C,850.0,14.71,741.0,20.7,21.3,21.0,20.94,2.9,0.4745,0.2718,0.0024,-0.3918,0.9849,21.6191,21.6,648,1972
META261120P00850000,META,2026-11-20,58,P,850.0,14.71,741.0,126.7,131.5,129.1,127.1,3.7,0.4701,-0.7416,0.0024,-0.3947,0.9515,124.8006,78.6,5,6
META261120C00855000,META,2026-11-20,58,C,855.0,15.38,741.0,19.7,20.55,20.125,20.5,4.2,0.4752,0.2621,0.0023,-0.3851,0.9669,20.6371,20.7,10,237
META261120P00855000,META,2026-11-20,58,P,855.0,15.38,741.0,130.3,135.15,132.725,0.0,3.7,0.4658,-0.7518,0.0024,-0.3878,0.9303,128.3146,79.7,0,0
META261120C00860000,META,2026-11-20,58,C,860.0,16.06,741.0,18.75,19.4,19.075,19.85,3.4,0.4745,0.2527,0.0022,-0.3782,0.9486,19.5636,19.8,47,829
META261120P00860000,META,2026-11-20,58,P,860.0,16.06,741.0,134.7,139.7,137.2,202.35,3.6,0.4703,-0.7616,0.0024,-0.3808,0.9117,132.7173,80.4,0,1
META261120C00865000,META,2026-11-20,58,C,865.0,16.73,741.0,17.9,18.7,18.3,19.15,4.4,0.4762,0.2435,0.0022,-0.3712,0.9304,18.7583,19.0,23,206
META261120P00865000,META,2026-11-20,58,P,865.0,16.73,741.0,138.8,143.8,141.3,0.0,3.5,0.4703,-0.7712,0.0023,-0.3735,0.8945,136.7305,81.2,0,0
META261120C00870000,META,2026-11-20,58,C,870.0,17.41,741.0,17.05,17.65,17.35,17.75,3.5,0.4757,0.2346,0.0022,-0.3641,0.912,17.7873,18.2,55,946
META261120P00870000,META,2026-11-20,58,P,870.0,17.41,741.0,143.0,147.9,145.45,141.0,3.4,0.4704,-0.7805,0.0023,-0.366,0.8714,140.7941,82.0,1,34
META261120C00875000,META,2026-11-20,58,C,875.0,18.08,741.0,16.3,16.85,16.575,16.88,3.3,0.4767,0.226,0.0021,-0.3569,0.8935,16.9917,17.5,84,779
META261120P00875000,META,2026-11-20,58,P,875.0,18.08,741.0,147.2,152.15,149.675,289.4,3.3,0.4708,-0.7895,0.0022,-0.3585,0.8469,144.9238,82.8,0,0
META261120C00880000,META,2026-11-20,58,C,880.0,18.76,741.0,15.55,16.0,15.775,16.53,2.9,0.477,0.2176,0.0021,-0.3497,0.8745,16.1696,16.7,133,290
META261120P00880000,META,2026-11-20,58,P,880.0,18.76,741.0,151.45,157.55,154.5,294.37,3.9,0.4782,-0.7983,0.0022,-0.3509,0.8257,149.6987,83.2,0,0
META261120C00885000,META,2026-11-20,58,C,885.0,19.43,741.0,14.75,15.55,15.15,15.78,5.3,0.479,0.2094,0.002,-0.3424,0.8552,15.5286,16.1,13,150
META261120P00885000,META,2026-11-20,58,P,885.0,19.43,741.0,155.75,160.75,158.25,210.15,3.2,0.4719,-0.8069,0.0021,-0.3433,0.803,153.318,84.2,0,0
META261120C00890000,META,2026-11-20,58,C,890.0,20.11,741.0,14.05,14.8,14.425,15.1,5.2,0.4794,0.2016,0.002,-0.335,0.8359,14.7821,15.4,37,144
META261120P00890000,META,2026-11-20,58,P,890.0,20.11,741.0,160.05,165.2,162.625,267.25,3.2,0.4729,-0.8153,0.0021,-0.3359,0.781,157.6034,84.9,0,0
META261120C00895000,META,2026-11-20,58,C,895.0,20.78,741.0,13.35,14.15,13.75,14.4,5.8,0.4801,0.194,0.0019,-0.3276,0.8167,14.0931,14.7,24,51
META261120P00895000,META,2026-11-20,58,P,895.0,20.78,741.0,164.05,169.6,166.825,212.25,3.3,0.4712,-0.8234,0.002,-0.3284,0.7633,161.7025,85.7,0,0
META261120C00900000,META,2026-11-20,58,C,900.0,21.46,741.0,12.85,13.3,13.075,13.1,3.4,0.4803,0.1866,0.0019,-0.3202,0.7979,13.3948,14.1,797,9625
META261120P00900000,META,2026-11-20,58,P,900.0,21.46,741.0,168.45,174.0,171.225,167.22,3.2,0.4716,-0.8312,0.002,-0.3207,0.7417,166.0063,86.3,0,84
META261120C00905000,META,2026-11-20,58,C,905.0,22.13,741.0,12.15,12.85,12.5,12.64,5.6,0.4815,0.1794,0.0018,-0.3128,0.7791,12.8055,13.5,85,129
META261120P00905000,META,2026-11-20,58,P,905.0,22.13,741.0,172.85,178.45,175.65,267.65,3.2,0.4719,-0.8387,0.002,-0.3129,0.7194,170.333,86.9,0,0
META261120C00910000,META,2026-11-20,58,C,910.0,22.81,741.0,11.5,12.3,11.9,12.04,6.7,0.482,0.1725,0.0018,-0.3055,0.7603,12.1895,12.9,13,196
META261120P00910000,META,2026-11-20,58,P,910.0,22.81,741.0,177.6,183.7,180.65,250.55,3.4,0.4804,-0.846,0.0019,-0.3051,0.6931,175.3028,87.2,0,0
META261120C00915000,META,2026-11-20,58,C,915.0,23.48,741.0,10.95,11.7,11.325,11.3,6.6,0.4825,0.1658,0.0017,-0.2981,0.7412,11.6014,12.3,27,57
META261120P00915000,META,2026-11-20,58,P,915.0,23.48,741.0,182.1,187.5,184.8,267.85,2.9,0.4758,-0.8531,0.0018,-0.2973,0.6718,179.3133,88.0,0,0
META261120C00920000,META,2026-11-20,58,C,920.0,24.16,741.0,10.5,11.15,10.825,10.82,6.0,0.4836,0.1594,0.0017,-0.2908,0.7222,11.0831,11.8,65,225
META261120P00920000,META,2026-11-20,58,P,920.0,24.16,741.0,186.6,192.75,189.675,385.7,3.2,0.4819,-0.8601,0.0018,-0.2896,0.6461,184.1319,88.3,0,0
META261120C00925000,META,2026-11-20,58,C,925.0,24.83,741.0,10.1,10.4,10.25,10.4,2.9,0.4834,0.1532,0.0016,-0.2836,0.7034,10.4973,11.2,2337,113
META261120P00925000,META,2026-11-20,58,P,925.0,24.83,741.0,191.15,196.75,193.95,342.48,2.9,0.4782,-0.8668,0.0018,-0.2822,0.6254,188.2753,89.0,0,0
META261218C00560000,META,2026-12-18,86,C,560.0,-24.43,741.0,187.1,192.95,190.025,194.25,3.1,0.4718,0.9159,0.0009,-0.112,0.5616,193.4328,87.5,4,901
META261218P00560000,META,2026-12-18,86,P,560.0,-24.43,741.0,6.65,7.3,6.975,6.75,9.3,0.46,-0.0848,0.0009,-0.1451,0.5646,6.5382,11.8,220,1932
META261218C00565000,META,2026-12-18,86,C,565.0,-23.75,741.0,183.25,188.4,185.825,192.7,2.8,0.473,0.9102,0.001,-0.1198,0.5897,189.1901,86.6,3,755
META261218P00565000,META,2026-12-18,86,P,565.0,-23.75,741.0,7.25,7.8,7.525,7.03,7.3,0.4585,-0.0906,0.001,-0.152,0.592,7.0585,12.5,42,629
META261218C00570000,META,2026-12-18,86,C,570.0,-23.08,741.0,178.85,184.1,181.475,192.7,2.9,0.4712,0.9041,0.001,-0.1277,0.618,184.8111,85.9,4,1233
META261218P00570000,META,2026-12-18,86,P,570.0,-23.08,741.0,7.85,8.4,8.125,7.8,6.8,0.4572,-0.0967,0.001,-0.1591,0.6196,7.6225,13.3,46,2822
META261218C00575000,META,2026-12-18,86,C,575.0,-22.4,741.0,174.2,179.8,177.0,184.45,3.2,0.4669,0.8978,0.0011,-0.1357,0.6472,180.3043,85.3,2,757
META261218P00575000,META,2026-12-18,86,P,575.0,-22.4,741.0,8.45,9.1,8.775,8.06,7.4,0.4563,-0.103,0.0011,-0.1664,0.6492,8.2453,14.1,32,885
META261218C00580000,META,2026-12-18,86,C,580.0,-21.73,741.0,170.0,175.5,172.75,173.33,3.2,0.4656,0.8912,0.0011,-0.1438,0.6768,176.0169,84.4,43,1117
META261218P00580000,META,2026-12-18,86,P,580.0,-21.73,741.0,9.25,9.7,9.475,9.45,4.7,0.4554,-0.1097,0.0012,-0.1737,0.6789,8.9061,14.9,424,1839
META261218C00585000,META,2026-12-18,86,C,585.0,-21.05,741.0,165.45,171.3,168.375,180.75,3.5,0.4621,0.8842,0.0012,-0.1521,0.7072,171.6142,83.7,41,369
META261218P00585000,META,2026-12-18,86,P,585.0,-21.05,741.0,9.85,10.55,10.2,9.85,6.9,0.4544,-0.1167,0.0012,-0.1812,0.7109,9.5994,15.8,14,594
META261218C00590000,META,2026-12-18,86,C,590.0,-20.38,741.0,161.35,167.2,164.275,166.88,3.6,0.4618,0.877,0.0012,-0.1604,0.7381,167.4683,82.8,5,670
META261218P00590000,META,2026-12-18,86,P,590.0,-20.38,741.0,10.7,11.15,10.925,10.95,4.1,0.4527,-0.124,0.0013,-0.1888,0.7408,10.2831,16.6,65,1997
META261218C00595000,META,2026-12-18,86,C,595.0,-19.7,741.0,157.15,163.05,160.1,162.53,3.7,0.46,0.8694,0.0013,-0.1688,0.7687,163.2552,81.9,2,398
META261218P00595000,META,2026-12-18,86,P,595.0,-19.7,741.0,11.4,12.0,11.7,11.4,5.1,0.4496,-0.1316,0.0013,-0.1964,0.7705,10.901,17.4,53,983
META261218C00600000,META,2026-12-18,86,C,600.0,-19.03,741.0,153.65,158.65,156.15,157.4,3.2,0.4605,0.8616,0.0014,-0.1773,0.7992,159.2603,80.9,68,3556
META261218P00600000,META,2026-12-18,86,P,600.0,-19.03,741.0,12.4,12.9,12.65,12.57,4.0,0.4515,-0.1394,0.0014,-0.2041,0.8018,11.9322,18.5,343,4240
META261218C00605000,META,2026-12-18,86,C,605.0,-18.35,741.0,149.05,154.9,151.975,162.48,3.8,0.4576,0.8535,0.0014,-0.1858,0.8302,155.0416,80.1,4,499
META261218P00605000,META,2026-12-18,86,P,605.0,-18.35,741.0,13.15,13.9,13.525,12.55,5.5,0.4502,-0.1476,0.0014,-0.2118,0.8328,12.7696,19.4,58,311
META261218C00610000,META,2026-12-18,86,C,610.0,-17.68,741.0,145.15,150.9,148.025,148.75,3.9,0.457,0.8451,0.0015,-0.1942,0.8616,151.0508,79.1,9,1040
META261218P00610000,META,2026-12-18,86,P,610.0,-17.68,741.0,14.2,14.75,14.475,14.05,3.8,0.4492,-0.1561,0.0015,-0.2195,0.8659,13.6752,20.4,142,1130
META261218C00615000,META,2026-12-18,86,C,615.0,-17.0,741.0,141.65,146.85,144.25,150.7,3.6,0.4577,0.8364,0.0015,-0.2027,0.893,147.2226,77.9,6,425
META261218P00615000,META,2026-12-18,86,P,615.0,-17.0,741.0,15.1,15.9,15.5,14.64,5.2,0.4485,-0.1649,0.0015,-0.2272,0.8963,14.6532,21.5,55,761
META261218C00620000,META,2026-12-18,86,C,620.0,-16.33,741.0,137.7,143.05,140.375,141.8,3.8,0.4567,0.8274,0.0016,-0.2111,0.9237,143.2983,76.9,70,1500
META261218P00620000,META,2026-12-18,86,P,620.0,-16.33,741.0,16.25,16.9,16.575,16.23,3.9,0.4478,-0.174,0.0016,-0.2349,0.9262,15.6807,22.5,63,1649
META261218C00625000,META,2026-12-18,86,C,625.0,-15.65,741.0,133.95,139.1,136.525,146.12,3.8,0.4555,0.8182,0.0016,-0.2194,0.954,139.4039,75.9,2,410
META261218P00625000,META,2026-12-18,86,P,625.0,-15.65,741.0,17.3,18.15,17.725,17.24,4.8,0.4474,-0.1833,0.0017,-0.2426,0.9572,16.7866,23.6,9,225
META261218C00630000,META,2026-12-18,86,C,630.0,-14.98,741.0,130.15,135.5,132.825,144.08,4.0,0.4553,0.8086,0.0017,-0.2276,0.9842,135.6548,74.7,8,1256
META261218P00630000,META,2026-12-18,86,P,630.0,-14.98,741.0,18.55,19.25,18.9,18.55,3.7,0.4466,-0.1929,0.0017,-0.2501,0.9874,17.908,24.7,52,1601
META261218C00635000,META,2026-12-18,86,C,635.0,-14.3,741.0,126.45,131.85,129.15,139.05,4.2,0.4548,0.7988,0.0018,-0.2358,1.0143,131.9314,73.6,2,211
META261218P00635000,META,2026-12-18,86,P,635.0,-14.3,741.0,19.75,20.6,20.175,21.0,4.2,0.4463,-0.2028,0.0018,-0.2576,1.0192,19.131,25.9,15,331
META261218C00640000,META,2026-12-18,86,C,640.0,-13.63,741.0,122.8,126.7,124.75,125.4,3.1,0.4468,0.7888,0.0018,-0.2438,1.044,127.4953,72.9,42,1733
META261218P00640000,META,2026-12-18,86,P,640.0,-13.63,741.0,21.1,21.75,21.425,20.17,3.0,0.4452,-0.213,0.0018,-0.2649,1.0479,20.329,27.0,51,1205
META261218C00645000,META,2026-12-18,86,C,645.0,-12.96,741.0,119.2,124.5,121.85,122.97,4.3,0.4526,0.7785,0.0018,-0.2517,1.0727,124.5229,71.4,1,573
META261218P00645000,META,2026-12-18,86,P,645.0,-12.96,741.0,22.45,23.25,22.85,22.3,3.5,0.4453,-0.2234,0.0019,-0.2721,1.0758,21.7052,28.2,15,240
META261218C00650000,META,2026-12-18,86,C,650.0,-12.28,741.0,115.95,120.25,118.1,117.0,3.6,0.4499,0.768,0.0019,-0.2594,1.1005,120.7248,70.3,70,5205
META261218P00650000,META,2026-12-18,86,P,650.0,-12.28,741.0,23.9,24.6,24.25,23.71,2.9,0.4445,-0.234,0.0019,-0.2791,1.1043,23.0451,29.4,475,1784
META261218C00655000,META,2026-12-18,86,C,655.0,-11.61,741.0,112.5,117.35,114.925,117.5,4.2,0.4519,0.7573,0.002,-0.2669,1.1277,117.4935,69.0,24,604
META261218P00655000,META,2026-12-18,86,P,655.0,-11.61,741.0,25.35,26.2,25.775,24.96,3.3,0.4444,-0.2449,0.002,-0.286,1.1314,24.5185,30.6,6,226
META261218C00660000,META,2026-12-18,86,C,660.0,-10.93,741.0,109.0,114.05,111.525,112.52,4.5,0.4514,0.7463,0.002,-0.2741,1.1544,114.0498,67.8,26,2310
META261218P00660000,META,2026-12-18,86,P,660.0,-10.93,741.0,26.95,27.7,27.325,27.32,2.7,0.4437,-0.2562,0.002,-0.2927,1.16,25.9848,31.8,238,5070
META261218C00665000,META,2026-12-18,86,C,665.0,-10.26,741.0,105.35,110.65,108.0,114.1,4.9,0.4492,0.7352,0.002,-0.2812,1.1803,110.467,66.7,2,682
META261218P00665000,META,2026-12-18,86,P,665.0,-10.26,741.0,28.5,29.4,28.95,28.35,3.1,0.4436,-0.2673,0.0021,-0.299,1.1846,27.579,33.0,30,338
META261218C00670000,META,2026-12-18,86,C,670.0,-9.58,741.0,102.15,107.55,104.85,106.0,5.2,0.4498,0.7239,0.0021,-0.288,1.205,107.2678,65.4,104,1320
META261218P00670000,META,2026-12-18,86,P,670.0,-9.58,741.0,30.3,31.0,30.65,31.05,2.3,0.4435,-0.2788,0.0021,-0.3052,1.2083,29.2353,34.3,95,2542
META261218C00675000,META,2026-12-18,86,C,675.0,-8.91,741.0,98.8,102.05,100.425,100.59,3.2,0.4394,0.7124,0.0021,-0.2945,1.2284,102.8028,64.6,34,395
META261218P00675000,META,2026-12-18,86,P,675.0,-8.91,741.0,31.95,32.85,32.4,32.0,2.8,0.443,-0.2904,0.0022,-0.3111,1.2322,30.9059,35.6,48,126
META261218C00680000,META,2026-12-18,86,C,680.0,-8.23,741.0,95.85,101.15,98.5,98.9,5.4,0.4489,0.7008,0.0022,-0.3008,1.2507,100.8062,62.9,69,1859
META261218P00680000,META,2026-12-18,86,P,680.0,-8.23,741.0,33.85,34.5,34.175,33.36,1.9,0.4424,-0.3022,0.0022,-0.3168,1.2546,32.6253,36.8,116,1819
META261218C00685000,META,2026-12-18,86,C,685.0,-7.56,741.0,92.85,97.55,95.2,95.25,4.9,0.4468,0.689,0.0022,-0.3068,1.2721,97.4595,61.7,13,246
META261218P00685000,META,2026-12-18,86,P,685.0,-7.56,741.0,35.6,36.65,36.125,35.29,2.9,0.4426,-0.3142,0.0022,-0.3222,1.2774,34.5062,38.1,6,110
META261218C00690000,META,2026-12-18,86,C,690.0,-6.88,741.0,90.2,94.95,92.575,93.67,5.1,0.4494,0.6771,0.0022,-0.3124,1.2925,94.7682,60.3,16,749
META261218P00690000,META,2026-12-18,86,P,690.0,-6.88,741.0,37.55,38.55,38.05,36.65,2.6,0.4421,-0.3263,0.0023,-0.3272,1.2959,36.3628,39.4,23,226
META261218C00695000,META,2026-12-18,86,C,695.0,-6.21,741.0,86.8,91.95,89.375,94.05,5.8,0.4472,0.6651,0.0023,-0.3178,1.3115,91.5277,59.1,32,318
META261218P00695000,META,2026-12-18,86,P,695.0,-6.21,741.0,39.6,40.65,40.125,38.8,2.6,0.4423,-0.3385,0.0023,-0.332,1.3143,38.3725,40.7,20,117
META261218C00700000,META,2026-12-18,86,C,700.0,-5.53,741.0,85.0,86.9,85.95,87.0,2.2,0.4428,0.653,0.0023,-0.3228,1.3291,88.0531,58.0,434,7880
META261218P00700000,META,2026-12-18,86,P,700.0,-5.53,741.0,41.8,42.65,42.225,42.0,2.0,0.4419,-0.3511,0.0024,-0.3365,1.3315,40.3684,42.0,1358,1420
META261218C00705000,META,2026-12-18,86,C,705.0,-4.86,741.0,81.1,86.3,83.7,91.8,6.2,0.4467,0.6408,0.0024,-0.3275,1.3452,85.7339,56.5,3,517
META261218P00705000,META,2026-12-18,86,P,705.0,-4.86,741.0,43.9,44.95,44.425,43.55,2.4,0.4424,-0.3632,0.0024,-0.3406,1.3476,42.5473,43.3,21,385
META261218C00710000,META,2026-12-18,86,C,710.0,-4.18,741.0,78.95,83.45,81.2,81.5,5.5,0.4483,0.6286,0.0024,-0.3318,1.3602,83.1812,55.2,19,613
META261218P00710000,META,2026-12-18,86,P,710.0,-4.18,741.0,46.2,47.0,46.6,46.8,1.7,0.4415,-0.3757,0.0024,-0.3444,1.3622,44.6032,44.6,70,369
META261218C00715000,META,2026-12-18,86,C,715.0,-3.51,741.0,75.7,80.55,78.125,77.43,6.2,0.4452,0.6163,0.0024,-0.3358,1.3739,80.0554,54.0,14,330
META261218P00715000,META,2026-12-18,86,P,715.0,-3.51,741.0,48.4,49.5,48.95,47.1,2.2,0.4422,-0.3882,0.0024,-0.3478,1.376,46.939,45.9,17,256
META261218C00720000,META,2026-12-18,86,C,720.0,-2.83,741.0,73.1,77.15,75.125,77.99,5.4,0.4423,0.604,0.0024,-0.3395,1.3862,77.0121,52.8,131,3600
META261218P00720000,META,2026-12-18,86,P,720.0,-2.83,741.0,50.8,51.9,51.35,51.63,2.1,0.4423,-0.4008,0.0025,-0.3509,1.3876,49.2582,47.2,78,313
META261218C00725000,META,2026-12-18,86,C,725.0,-2.16,741.0,70.85,74.4,72.625,79.12,4.9,0.4425,0.5917,0.0024,-0.3428,1.3971,74.456,51.5,43,878
META261218P00725000,META,2026-12-18,86,P,725.0,-2.16,741.0,53.25,54.5,53.875,53.15,2.3,0.4431,-0.4134,0.0025,-0.3537,1.3978,51.7386,48.5,66,153
META261218C00730000,META,2026-12-18,86,C,730.0,-1.48,741.0,68.65,71.65,70.15,72.6,4.3,0.4425,0.5794,0.0024,-0.3457,1.4065,71.9358,50.2,47,2405
META261218P00730000,META,2026-12-18,86,P,730.0,-1.48,741.0,55.75,57.05,56.4,54.7,2.3,0.4433,-0.426,0.0025,-0.3561,1.4067,54.2002,49.8,712,230
META261218C00735000,META,2026-12-18,86,C,735.0,-0.81,741.0,67.0,68.8,67.9,69.9,2.7,0.4406,0.5671,0.0025,-0.3483,1.4146,69.2108,49.0,21,487
META261218P00735000,META,2026-12-18,86,P,735.0,-0.81,741.0,58.35,59.65,59.0,57.46,2.2,0.4435,-0.4386,0.0025,-0.3582,1.4142,56.725,51.0,29,206
META261218C00740000,META,2026-12-18,86,C,740.0,-0.13,741.0,64.45,66.15,65.3,65.1,2.6,0.4418,0.5548,0.0025,-0.3505,1.4213,66.9848,47.7,69,971
META261218P00740000,META,2026-12-18,86,P,740.0,-0.13,741.0,60.9,62.0,61.45,61.4,1.8,0.4438,-0.4512,0.0025,-0.36,1.4202,59.3267,52.3,43,151
META261218C00745000,META,2026-12-18,86,C,745.0,0.54,741.0,62.05,63.6,62.825,64.02,2.5,0.4404,0.5425,0.0025,-0.3524,1.4266,64.4525,46.5,56,497
META261218P00745000,META,2026-12-18,86,P,745.0,0.54,741.0,63.85,64.5,64.175,63.65,1.0,0.4422,-0.4638,0.0026,-0.3613,1.4245,61.7203,53.5,63,75
META261218C00750000,META,2026-12-18,86,C,750.0,1.21,741.0,60.3,61.2,60.75,60.62,1.5,0.442,0.5303,0.0025,-0.3539,1.4306,62.4089,45.2,573,5127
META261218P00750000,META,2026-12-18,86,P,750.0,1.21,741.0,66.55,67.55,67.05,65.95,1.5,0.4422,-0.4766,0.0026,-0.3623,1.4279,64.4022,54.8,1343,1577
META261218C00755000,META,2026-12-18,86,C,755.0,1.89,741.0,58.2,59.0,58.6,60.75,1.4,0.4416,0.5182,0.0025,-0.355,1.4332,60.1412,44.0,23,2132
META261218P00755000,META,2026-12-18,86,P,755.0,1.89,741.0,69.35,70.7,70.025,65.25,1.9,0.4447,-0.4888,0.0026,-0.363,1.4296,67.503,56.0,106,84
META261218C00760000,META,2026-12-18,86,C,760.0,2.56,741.0,56.05,56.95,56.5,57.6,1.6,0.4416,0.5061,0.0025,-0.3558,1.4345,57.9911,42.8,100,2835
META261218P00760000,META,2026-12-18,86,P,760.0,2.56,741.0,72.25,73.65,72.95,72.88,1.9,0.445,-0.5012,0.0026,-0.3634,1.4297,70.3496,57.2,46,349
META261218C00765000,META,2026-12-18,86,C,765.0,3.24,741.0,54.05,54.9,54.475,56.1,1.6,0.4413,0.4944,0.0025,-0.3564,1.4348,55.8575,41.6,53,2124
META261218P00765000,META,2026-12-18,86,P,765.0,3.24,741.0,75.1,76.65,75.875,74.4,2.0,0.4445,-0.5138,0.0026,-0.3634,1.4287,73.1407,58.4,33,249
META261218C00770000,META,2026-12-18,86,C,770.0,3.91,741.0,52.1,52.9,52.5,53.99,1.5,0.4418,0.4822,0.0025,-0.3565,1.4333,53.8977,40.4,57,2733
META261218P00770000,META,2026-12-18,86,P,770.0,3.91,741.0,78.15,79.4,78.775,77.83,1.6,0.4433,-0.526,0.0026,-0.3631,1.425,75.8899,59.6,87,53
META261218C00775000,META,2026-12-18,86,C,775.0,4.59,741.0,50.1,51.0,50.55,52.0,1.8,0.4427,0.4705,0.0025,-0.3564,1.4307,52.0531,39.3,94,2902
META261218P00775000,META,2026-12-18,86,P,775.0,4.59,741.0,81.3,82.75,82.025,74.75,1.8,0.4446,-0.5382,0.0026,-0.3625,1.4217,79.0555,60.7,7,36
META261218C00780000,META,2026-12-18,86,C,780.0,5.26,741.0,48.4,49.0,48.7,50.13,1.2,0.4418,0.4588,0.0025,-0.3559,1.427,50.0079,38.1,67,3625
META261218P00780000,META,2026-12-18,86,P,780.0,5.26,741.0,84.4,85.7,85.05,78.25,1.5,0.4438,-0.5502,0.0026,-0.3616,1.4175,81.9771,61.9,162,46
META261218C00785000,META,2026-12-18,86,C,785.0,5.94,741.0,46.65,47.4,47.025,48.14,1.6,0.4428,0.4473,0.0025,-0.3551,1.4221,48.2906,37.0,33,670
META261218P00785000,META,2026-12-18,86,P,785.0,5.94,741.0,87.65,89.15,88.4,193.35,1.7,0.4452,-0.5622,0.0026,-0.3603,1.4111,85.2691,63.0,0,22
META261218C00790000,META,2026-12-18,86,C,790.0,6.61,741.0,44.75,45.75,45.25,46.86,2.2,0.4432,0.4359,0.0025,-0.354,1.4163,46.5426,35.9,87,1730
META261218P00790000,META,2026-12-18,86,P,790.0,6.61,741.0,90.85,92.55,91.7,96.5,1.9,0.446,-0.5739,0.0025,-0.3588,1.4029,88.5297,64.1,0,140
META261218C00795000,META,2026-12-18,86,C,795.0,7.29,741.0,43.0,44.25,43.625,45.0,2.9,0.4426,0.4249,0.0024,-0.3528,1.4098,44.7072,34.8,25,555
META261218P00795000,META,2026-12-18,86,P,795.0,7.29,741.0,93.95,95.85,94.9,145.55,2.0,0.4451,-0.5856,0.0025,-0.357,1.3948,91.6031,65.2,0,40
META261218C00800000,META,2026-12-18,86,C,800.0,7.96,741.0,41.55,42.45,42.0,42.23,2.1,0.4432,0.4138,0.0024,-0.3512,1.4018,43.0949,33.7,408,11948
META261218P00800000,META,2026-12-18,86,P,800.0,7.96,741.0,97.25,99.55,98.4,92.87,2.3,0.4462,-0.5971,0.0025,-0.355,1.3842,95.0123,66.2,14,230
META261218C00805000,META,2026-12-18,86,C,805.0,8.64,741.0,40.0,40.8,40.4,43.82,2.0,0.4433,0.4029,0.0024,-0.3493,1.3926,41.4644,32.7,81,1981
META261218P00805000,META,2026-12-18,86,P,805.0,8.64,741.0,100.05,102.8,101.425,92.2,2.7,0.4435,-0.6085,0.0025,-0.3527,1.3724,97.9411,67.3,2,72
META261218C00810000,META,2026-12-18,86,C,810.0,9.31,741.0,38.5,39.35,38.925,39.99,2.2,0.4438,0.3921,0.0024,-0.3471,1.3824,39.9407,31.7,33,1948
META261218P00810000,META,2026-12-18,86,P,810.0,9.31,741.0,103.25,106.95,105.1,103.45,3.5,0.4452,-0.6197,0.0025,-0.3501,1.3618,101.5367,68.3,14,22
META261218C00815000,META,2026-12-18,86,C,815.0,9.99,741.0,37.05,37.95,37.5,37.5,2.4,0.4448,0.3813,0.0024,-0.3447,1.371,38.5353,30.7,16,2176
META261218P00815000,META,2026-12-18,86,P,815.0,9.99,741.0,106.5,110.8,108.65,105.0,4.0,0.4456,-0.6308,0.0025,-0.3473,1.349,105.0004,69.3,0,8
META261218C00820000,META,2026-12-18,86,C,820.0,10.66,741.0,35.65,36.5,36.075,36.0,2.4,0.445,0.3708,0.0024,-0.342,1.3594,37.0679,29.7,52,2380
META261218P00820000,META,2026-12-18,86,P,820.0,10.66,741.0,109.8,114.45,112.125,175.39,4.1,0.445,-0.6417,0.0024,-0.3443,1.3357,108.376,70.3,0,87
META261218C00825000,META,2026-12-18,86,C,825.0,11.34,741.0,34.35,35.15,34.75,34.25,2.3,0.4462,0.3606,0.0023,-0.3392,1.3471,35.7836,28.8,51,2365
META261218P00825000,META,2026-12-18,86,P,825.0,11.34,741.0,114.8,117.95,116.375,114.25,2.7,0.45,-0.6524,0.0024,-0.3411,1.3208,112.5592,71.1,8,8
META261218C00830000,META,2026-12-18,86,C,830.0,12.01,741.0,33.05,33.8,33.425,34.1,2.2,0.4465,0.3505,0.0023,-0.3362,1.3339,34.423,27.8,38,3083
META261218P00830000,META,2026-12-18,86,P,830.0,12.01,741.0,116.75,121.75,119.25,183.98,4.2,0.4441,-0.663,0.0024,-0.3376,1.3053,115.3161,72.2,0,13
META261218C00835000,META,2026-12-18,86,C,835.0,12.69,741.0,31.75,32.7,32.225,36.27,2.9,0.4469,0.3406,0.0023,-0.333,1.3198,33.121,26.9,27,213
META261218P00835000,META,2026-12-18,86,P,835.0,12.69,741.0,120.6,125.55,123.075,150.45,4.0,0.4451,-0.6733,0.0024,-0.334,1.2861,119.05,73.1,0,20
META261218C00840000,META,2026-12-18,86,C,840.0,13.36,741.0,30.35,31.3,30.825,31.99,3.1,0.4465,0.3309,0.0022,-0.3296,1.3049,31.7582,26.0,25,1192
META261218P00840000,META,2026-12-18,86,P,840.0,13.36,741.0,124.25,129.3,126.775,267.05,4.0,0.4448,-0.6835,0.0024,-0.3302,1.2696,122.6561,74.1,0,27
META261218C00845000,META,2026-12-18,86,C,845.0,14.04,741.0,29.35,30.05,29.7,32.3,2.4,0.4468,0.3214,0.0022,-0.3261,1.2894,30.5313,25.1,40,2404
META261218P00845000,META,2026-12-18,86,P,845.0,14.04,741.0,128.2,133.1,130.65,156.45,3.8,0.4455,-0.6935,0.0023,-0.3262,1.2534,126.4367,74.9,0,4
META261218C00850000,META,2026-12-18,86,C,850.0,14.71,741.0,28.25,28.9,28.575,28.68,2.3,0.4479,0.3121,0.0022,-0.3223,1.2736,29.4489,24.3,204,3097
META261218P00850000,META,2026-12-18,86,P,850.0,14.71,741.0,131.95,137.0,134.475,198.75,3.8,0.4454,-0.7034,0.0023,-0.3221,1.2347,130.156,75.8,0,0
META261218C00860000,META,2026-12-18,86,C,860.0,16.06,741.0,26.05,26.75,26.4,26.2,2.7,0.448,0.294,0.0021,-0.3145,1.2409,27.1363,22.7,35,1170
META261218P00860000,META,2026-12-18,86,P,860.0,16.06,741.0,139.95,144.9,142.425,189.39,3.5,0.4468,-0.7225,0.0022,-0.3134,1.1957,137.9199,77.4,0,1
META261218C00870000,META,2026-12-18,86,C,870.0,17.41,741.0,23.95,24.75,24.35,25.68,3.3,0.4486,0.2767,0.0021,-0.3061,1.206,25.043,21.1,22,1035
META261218P00870000,META,2026-12-18,86,P,870.0,17.41,741.0,148.0,152.9,150.45,147.65,3.3,0.4474,-0.7408,0.0022,-0.3042,1.1515,145.737,78.9,4,2
META261218C00880000,META,2026-12-18,86,C,880.0,18.76,741.0,22.3,22.85,22.575,23.4,2.4,0.4506,0.2602,0.002,-0.2974,1.1691,23.2606,19.7,602,519
META261218P00880000,META,2026-12-18,86,P,880.0,18.76,741.0,156.2,161.1,158.65,187.55,3.1,0.4482,-0.7584,0.0021,-0.2946,1.1108,153.7245,80.4,0,2
META261218C00890000,META,2026-12-18,86,C,890.0,20.11,741.0,20.35,21.3,20.825,21.69,4.6,0.4509,0.2445,0.0019,-0.2883,1.1318,21.413,18.3,86,178
META261218P00890000,META,2026-12-18,86,P,890.0,20.11,741.0,164.4,169.3,166.85,186.5,2.9,0.4477,-0.7753,0.0021,-0.2847,1.065,161.702,81.8,0,1
META261218C00900000,META,2026-12-18,86,C,900.0,21.46,741.0,19.0,19.5,19.25,19.25,2.6,0.4526,0.2296,0.0018,-0.279,1.0941,19.8514,17.1,639,3289
META261218P00900000,META,2026-12-18,86,P,900.0,21.46,741.0,172.85,177.85,175.35,173.5,2.9,0.4488,-0.7914,0.002,-0.2746,1.02,169.9931,83.1,0,104
META261218C00910000,META,2026-12-18,86,C,910.0,22.81,741.0,17.4,18.2,17.8,18.45,4.5,0.4534,0.2154,0.0018,-0.2695,1.055,18.3082,15.8,72,776
META261218P00910000,META,2026-12-18,86,P,910.0,22.81,741.0,181.4,187.75,184.575,261.5,3.4,0.456,-0.8068,0.0019,-0.2641,0.9706,179.0478,84.0,0,0
META261218C00920000,META,2026-12-18,86,C,920.0,24.16,741.0,16.0,16.8,16.4,16.34,4.9,0.4541,0.2019,0.0017,-0.2599,1.0155,16.868,14.7,14,516
META261218P00920000,META,2026-12-18,86,P,920.0,24.16,741.0,190.15,195.75,192.95,201.5,2.9,0.4533,-0.8214,0.0019,-0.2536,0.9257,187.1567,85.3,0,1
META270115C00560000,META,2027-01-15,114,C,560.0,-24.43,741.0,191.9,196.2,194.05,206.0,2.2,0.4436,0.9003,0.001,-0.1124,0.7312,197.1786,85.5,6,1250
META270115P00560000,META,2027-01-15,114,P,560.0,-24.43,741.0,9.35,9.85,9.6,9.45,5.2,0.4419,-0.1011,0.001,-0.1388,0.736,9.1062,14.4,1010,3222
META270115C00570000,META,2027-01-15,114,C,570.0,-23.08,741.0,184.05,189.05,186.55,188.6,2.7,0.4534,0.8881,0.001,-0.1251,0.7943,189.5894,83.1,25,955
META270115P00570000,META,2027-01-15,114,P,570.0,-23.08,741.0,10.7,11.45,11.075,10.6,6.8,0.4406,-0.1135,0.0011,-0.1504,0.802,10.5143,16.0,137,6356
META270115C00580000,META,2027-01-15,114,C,580.0,-21.73,741.0,175.55,180.75,178.15,181.68,2.9,0.4492,0.8749,0.0011,-0.138,0.8589,181.111,81.6,41,1218
META270115P00580000,META,2027-01-15,114,P,580.0,-21.73,741.0,12.4,12.95,12.675,12.67,4.3,0.4389,-0.1269,0.0012,-0.1622,0.8636,12.0433,17.7,45,3781
META270115C00590000,META,2027-01-15,114,C,590.0,-20.38,741.0,167.3,172.9,170.1,173.25,3.3,0.4475,0.8607,0.0012,-0.151,0.9233,172.9883,79.8,99,1438
META270115P00590000,META,2027-01-15,114,P,590.0,-20.38,741.0,14.15,14.75,14.45,13.97,4.2,0.4374,-0.1413,0.0012,-0.1741,0.9309,13.7477,19.5,153,1821
META270115C00600000,META,2027-01-15,114,C,600.0,-19.03,741.0,160.15,164.6,162.375,163.5,2.7,0.4473,0.8456,0.0013,-0.164,0.9891,165.1786,77.9,130,6114
META270115P00600000,META,2027-01-15,114,P,600.0,-19.03,741.0,16.0,16.45,16.225,16.25,2.8,0.4342,-0.1565,0.0013,-0.186,0.9964,15.4571,21.2,483,6174
META270115C00610000,META,2027-01-15,114,C,610.0,-17.68,741.0,152.1,156.55,154.325,159.37,2.9,0.4422,0.8296,0.0014,-0.177,1.054,157.0497,76.2,18,1883
META270115P00610000,META,2027-01-15,114,P,610.0,-17.68,741.0,18.25,18.85,18.55,18.54,3.2,0.4344,-0.173,0.0014,-0.1981,1.06,17.6695,23.2,32,1931
META270115C00620000,META,2027-01-15,114,C,620.0,-16.33,741.0,144.4,147.55,145.975,147.0,2.2,0.4332,0.8126,0.0015,-0.1897,1.1175,148.6325,74.8,52,2413
META270115P00620000,META,2027-01-15,114,P,620.0,-16.33,741.0,20.6,21.2,20.9,20.55,2.9,0.4332,-0.1902,0.0015,-0.2098,1.1271,19.9349,25.2,134,2331
META270115C00630000,META,2027-01-15,114,C,630.0,-14.98,741.0,137.45,139.55,138.5,140.0,1.5,0.4307,0.7948,0.0016,-0.2022,1.1805,141.0662,72.8,61,3053
META270115P00630000,META,2027-01-15,114,P,630.0,-14.98,741.0,23.15,23.8,23.475,22.8,2.8,0.4321,-0.2084,0.0016,-0.2213,1.1882,22.4063,27.3,172,3156
META270115C00640000,META,2027-01-15,114,C,640.0,-13.63,741.0,130.25,133.3,131.775,131.36,2.3,0.4328,0.7762,0.0017,-0.2142,1.2404,134.245,70.4,86,1358
META270115P00640000,META,2027-01-15,114,P,640.0,-13.63,741.0,25.95,26.6,26.275,25.45,2.5,0.4312,-0.2272,0.0017,-0.2324,1.2468,25.104,29.5,185,2128
META270115C00650000,META,2027-01-15,114,C,650.0,-12.28,741.0,123.45,126.15,124.8,125.95,2.2,0.4311,0.757,0.0018,-0.2257,1.2976,127.1837,68.3,127,4864
META270115P00650000,META,2027-01-15,114,P,650.0,-12.28,741.0,29.0,29.65,29.325,29.31,2.2,0.4306,-0.2469,0.0018,-0.243,1.3082,28.0498,31.7,269,3325
META270115C00660000,META,2027-01-15,114,C,660.0,-10.93,741.0,116.5,119.1,117.8,117.94,2.2,0.4277,0.737,0.0018,-0.2366,1.3524,120.101,66.2,68,3405
META270115P00660000,META,2027-01-15,114,P,660.0,-10.93,741.0,32.25,32.95,32.6,32.61,2.1,0.4299,-0.2672,0.0019,-0.253,1.3595,31.2001,34.0,89,1663
META270115C00670000,META,2027-01-15,114,C,670.0,-9.58,741.0,110.4,115.25,112.825,113.45,4.3,0.4373,0.7166,0.0019,-0.2468,1.4027,115.0144,63.3,123,2627
META270115P00670000,META,2027-01-15,114,P,670.0,-9.58,741.0,35.7,36.55,36.125,35.35,2.4,0.43,-0.2877,0.0019,-0.2624,1.4087,34.6817,36.3,114,2352
META270115C00680000,META,2027-01-15,114,C,680.0,-8.23,741.0,103.9,108.95,106.425,107.2,4.7,0.4349,0.6956,0.002,-0.2563,1.449,108.5267,61.2,58,2656
META270115P00680000,META,2027-01-15,114,P,680.0,-8.23,741.0,39.5,40.35,39.925,39.75,2.1,0.4297,-0.3093,0.002,-0.2709,1.4578,38.337,38.6,202,1015
META270115C00690000,META,2027-01-15,114,C,690.0,-6.88,741.0,98.75,102.25,100.5,101.8,3.5,0.4343,0.6742,0.002,-0.2649,1.4914,102.5129,58.9,115,1143
META270115P00690000,META,2027-01-15,114,P,690.0,-6.88,741.0,43.55,44.35,43.95,44.04,1.8,0.4292,-0.3314,0.0021,-0.2787,1.4971,42.1911,40.9,225,587
META270115C00700000,META,2027-01-15,114,C,700.0,-5.53,741.0,92.75,95.0,93.875,93.7,2.4,0.4276,0.6526,0.0021,-0.2726,1.5286,95.7965,56.8,812,116024
META270115P00700000,META,2027-01-15,114,P,700.0,-5.53,741.0,47.6,48.3,47.95,48.0,1.5,0.4273,-0.3536,0.0021,-0.2857,1.5332,46.0601,43.2,465,2529
META270115C00710000,META,2027-01-15,114,C,710.0,-4.18,741.0,87.15,91.4,89.275,90.1,4.8,0.4328,0.6307,0.0021,-0.2794,1.5608,91.1121,54.3,88,1561
META270115P00710000,META,2027-01-15,114,P,710.0,-4.18,741.0,52.25,52.9,52.575,51.88,1.2,0.4283,-0.3758,0.0022,-0.2917,1.5662,50.5979,45.6,229,838
META270115C00720000,META,2027-01-15,114,C,720.0,-2.83,741.0,82.5,84.2,83.35,83.44,2.0,0.428,0.6087,0.0022,-0.2853,1.5884,85.1056,52.1,70,2951
META270115P00720000,META,2027-01-15,114,P,720.0,-2.83,741.0,57.0,57.95,57.475,56.28,1.7,0.4288,-0.3987,0.0022,-0.2968,1.5911,55.2932,47.9,64,918
META270115C00730000,META,2027-01-15,114,C,730.0,-1.48,741.0,77.65,79.4,78.525,78.42,2.2,0.4287,0.5866,0.0022,-0.2902,1.6107,80.186,49.8,83,3739
META270115P00730000,META,2027-01-15,114,P,730.0,-1.48,741.0,61.9,62.85,62.375,62.0,1.5,0.4283,-0.4214,0.0023,-0.301,1.6116,60.0584,50.2,140,419
META270115C00740000,META,2027-01-15,114,C,740.0,-0.13,741.0,73.0,74.45,73.725,73.42,2.0,0.4282,0.5646,0.0022,-0.2941,1.6278,75.2994,47.5,213,2423
META270115P00740000,META,2027-01-15,114,P,740.0,-0.13,741.0,67.1,68.15,67.625,67.68,1.6,0.4284,-0.4441,0.0023,-0.3043,1.6268,65.1445,52.5,560,338
META270115C00750000,META,2027-01-15,114,C,750.0,1.21,741.0,68.8,69.7,69.25,69.2,1.3,0.4284,0.5427,0.0022,-0.2971,1.6398,70.748,45.3,751,244879
META270115P00750000,META,2027-01-15,114,P,750.0,1.21,741.0,72.6,73.8,73.2,73.3,1.6,0.4292,-0.4667,0.0023,-0.3066,1.6365,70.5676,54.7,563,578
META270115C00760000,META,2027-01-15,114,C,760.0,2.56,741.0,64.4,65.45,64.925,66.73,1.6,0.4282,0.521,0.0022,-0.2991,1.6469,66.349,43.1,173,3467
META270115P00760000,META,2027-01-15,114,P,760.0,2.56,741.0,78.45,79.7,79.075,77.5,1.6,0.4306,-0.4892,0.0023,-0.308,1.6414,76.3089,56.9,55,550
META270115C00770000,META,2027-01-15,114,C,770.0,3.91,741.0,60.35,61.25,60.8,63.18,1.5,0.4279,0.4996,0.0022,-0.3001,1.6493,62.1465,41.0,294,4698
META270115P00770000,META,2027-01-15,114,P,770.0,3.91,741.0,84.2,85.55,84.875,83.2,1.6,0.4299,-0.5115,0.0023,-0.3085,1.6396,81.917,59.0,60,648
META270115C00780000,META,2027-01-15,114,C,780.0,5.26,741.0,56.6,57.7,57.15,57.15,1.9,0.4292,0.4784,0.0022,-0.3004,1.6468,58.4166,38.9,108,3398
META270115P00780000,META,2027-01-15,114,P,780.0,5.26,741.0,90.5,91.35,90.925,89.9,0.9,0.4295,-0.5334,0.0023,-0.3081,1.6342,87.782,61.1,62,335
META270115C00790000,META,2027-01-15,114,C,790.0,6.61,741.0,52.95,53.8,53.375,55.57,1.6,0.4286,0.4576,0.0022,-0.2997,1.6398,54.5755,36.9,117,1741
META270115P00790000,META,2027-01-15,114,P,790.0,6.61,741.0,96.75,98.15,97.45,89.6,1.4,0.4309,-0.5551,0.0023,-0.307,1.6258,94.1456,63.1,2,234
META270115C00800000,META,2027-01-15,114,C,800.0,7.96,741.0,49.55,50.65,50.1,49.85,2.2,0.4298,0.4373,0.0022,-0.2983,1.629,51.2265,34.9,893,108173
META270115P00800000,META,2027-01-15,114,P,800.0,7.96,741.0,103.35,104.9,104.125,102.1,1.5,0.4319,-0.5764,0.0023,-0.3051,1.6082,100.6374,65.0,92,495
META270115C00810000,META,2027-01-15,114,C,810.0,9.31,741.0,46.4,47.4,46.9,47.18,2.1,0.4304,0.4174,0.0022,-0.2961,1.6143,47.9675,33.1,28,4845
META270115P00810000,META,2027-01-15,114,P,810.0,9.31,741.0,109.7,111.7,110.7,147.78,1.8,0.431,-0.5972,0.0023,-0.3023,1.5872,107.0082,66.9,0,219
META270115C00820000,META,2027-01-15,114,C,820.0,10.66,741.0,43.25,44.25,43.75,44.55,2.3,0.4301,0.398,0.0022,-0.2932,1.5954,44.746,31.2,91,3362
META270115P00820000,META,2027-01-15,114,P,820.0,10.66,741.0,115.8,119.5,117.65,111.75,3.1,0.4314,-0.6176,0.0023,-0.299,1.5651,113.7736,68.8,0,83
META270115C00830000,META,2027-01-15,114,C,830.0,12.01,741.0,40.45,41.5,40.975,41.78,2.6,0.4311,0.3792,0.0021,-0.2896,1.5735,41.9084,29.5,145,33264
META270115P00830000,META,2027-01-15,114,P,830.0,12.01,741.0,122.45,126.9,124.675,120.0,3.6,0.4311,-0.6375,0.0022,-0.2951,1.5391,120.6036,70.5,60,71
META270115C00840000,META,2027-01-15,114,C,840.0,13.36,741.0,37.8,38.55,38.175,38.85,2.0,0.4309,0.3609,0.0021,-0.2855,1.5492,39.0499,27.8,26,1474
META270115P00840000,META,2027-01-15,114,P,840.0,13.36,741.0,129.3,134.25,131.775,129.1,3.8,0.43,-0.6568,0.0022,-0.2905,1.504,127.4811,72.2,0,102
META270115C00850000,META,2027-01-15,114,C,850.0,14.71,741.0,35.35,36.15,35.75,35.7,2.2,0.4322,0.3432,0.002,-0.2808,1.5215,36.5853,26.2,595,5933
META270115P00850000,META,2027-01-15,114,P,850.0,14.71,741.0,136.7,141.7,139.2,129.0,3.6,0.4299,-0.6756,0.0022,-0.2854,1.4712,134.681,73.9,26,123
META270115C00860000,META,2027-01-15,114,C,860.0,16.06,741.0,32.95,33.7,33.325,33.2,2.3,0.4324,0.3261,0.002,-0.2757,1.4911,34.105,24.7,53,1929
META270115P00860000,META,2027-01-15,114,P,860.0,16.06,741.0,144.55,149.45,147.0,190.0,3.3,0.4314,-0.6939,0.0022,-0.2799,1.4381,142.2781,75.4,0,27
META270115C00870000,META,2027-01-15,114,C,870.0,17.41,741.0,30.7,31.5,31.1,31.02,2.6,0.433,0.3096,0.002,-0.2701,1.4593,31.832,23.2,505,762
META270115P00870000,META,2027-01-15,114,P,870.0,17.41,741.0,153.6,157.25,155.425,153.5,2.3,0.4363,-0.7116,0.0021,-0.274,1.3973,150.5146,76.7,1,1
META270115C00880000,META,2027-01-15,114,C,880.0,18.76,741.0,28.65,29.3,28.975,30.32,2.2,0.4335,0.2937,0.0019,-0.2642,1.426,29.6837,21.8,60,803
META270115P00880000,META,2027-01-15,114,P,880.0,18.76,741.0,160.25,165.25,162.75,231.45,3.1,0.4321,-0.7287,0.0021,-0.2676,1.3493,157.558,78.3,0,1
META270115C00890000,META,2027-01-15,114,C,890.0,20.11,741.0,26.65,27.2,26.925,28.1,2.0,0.4333,0.2784,0.0019,-0.258,1.3904,27.5707,20.4,122,1063
META270115P00890000,META,2027-01-15,114,P,890.0,20.11,741.0,168.35,173.35,170.85,214.25,2.9,0.4325,-0.7452,0.002,-0.261,1.3073,165.4096,79.6,0,3
META270115C00900000,META,2027-01-15,114,C,900.0,21.46,741.0,24.8,25.85,25.325,25.1,4.1,0.4339,0.2638,0.0018,-0.2514,1.3533,25.6976,19.2,1224,16448
META270115P00900000,META,2027-01-15,114,P,900.0,21.46,741.0,176.65,181.6,179.125,175.0,2.8,0.4333,-0.7612,0.002,-0.2542,1.2666,173.4424,80.8,7,23
META270115C00910000,META,2027-01-15,114,C,910.0,22.81,741.0,23.15,24.0,23.575,24.0,3.6,0.436,0.2497,0.0018,-0.2447,1.3158,24.1411,18.0,32,1279
META270115P00910000,META,2027-01-15,114,P,910.0,22.81,741.0,185.05,190.1,187.575,341.69,2.7,0.4345,-0.7765,0.0019,-0.2472,1.2176,181.6453,82.0,0,0
META270115C00920000,META,2027-01-15,114,C,920.0,24.16,741.0,21.5,22.2,21.85,22.1,3.2,0.4357,0.2363,0.0017,-0.2378,1.278,22.3783,16.9,184,3441
META270115P00920000,META,2027-01-15,114,P,920.0,24.16,741.0,193.55,198.65,196.1,326.09,2.6,0.4353,-0.7913,0.0019,-0.24,1.1609,189.905,83.1,0,0
META270219C00560000,META,2027-02-19,149,C,560.0,-24.43,741.0,200.25,205.9,203.075,211.83,2.8,0.4617,0.8757,0.001,-0.0945,0.9779,205.5242,80.4,2,208
META270219P00560000,META,2027-02-19,149,P,560.0,-24.43,741.0,14.8,15.85,15.325,14.51,6.9,0.4549,-0.1266,0.001,-0.1448,0.9843,14.7979,19.1,4,565
META270219C00570000,META,2027-02-19,149,C,570.0,-23.08,741.0,192.3,197.95,195.125,203.0,2.9,0.4599,0.8634,0.001,-0.106,1.0425,197.5072,78.9,1,140
META270219P00570000,META,2027-02-19,149,P,570.0,-23.08,741.0,16.6,17.7,17.15,16.17,6.4,0.453,-0.1391,0.001,-0.154,1.051,16.5649,20.7,20,362
META270219C00580000,META,2027-02-19,149,C,580.0,-21.73,741.0,184.7,190.15,187.425,192.1,2.9,0.4591,0.8504,0.0011,-0.1174,1.1083,189.7466,77.2,1,288
META270219P00580000,META,2027-02-19,149,P,580.0,-21.73,741.0,18.75,19.6,19.175,18.85,4.4,0.4516,-0.1524,0.0011,-0.1633,1.1181,18.5311,22.3,7,1156
META270219C00590000,META,2027-02-19,149,C,590.0,-20.38,741.0,176.45,182.55,179.5,191.15,3.4,0.4549,0.8366,0.0012,-0.1288,1.1732,181.7541,75.6,3,700
META270219P00590000,META,2027-02-19,149,P,590.0,-20.38,741.0,20.8,21.7,21.25,20.94,4.2,0.4492,-0.1664,0.0012,-0.1724,1.1806,20.5388,24.0,36,371
META270219C00600000,META,2027-02-19,149,C,600.0,-19.03,741.0,171.0,174.65,172.825,171.0,2.1,0.4598,0.8223,0.0012,-0.14,1.2366,175.0065,73.5,17,925
META270219P00600000,META,2027-02-19,149,P,600.0,-19.03,741.0,23.3,24.15,23.725,23.76,3.6,0.4488,-0.181,0.0012,-0.1815,1.2466,22.9388,25.8,137,447
META270219C00610000,META,2027-02-19,149,C,610.0,-17.68,741.0,162.6,167.8,165.2,165.4,3.1,0.4555,0.8073,0.0013,-0.151,1.2998,167.3127,71.9,3,286
META270219P00610000,META,2027-02-19,149,P,610.0,-17.68,741.0,25.75,26.95,26.35,25.9,4.6,0.4482,-0.1964,0.0013,-0.1903,1.3116,25.4926,27.7,11,94
META270219C00620000,META,2027-02-19,149,C,620.0,-16.33,741.0,155.55,160.7,158.125,158.61,3.3,0.4543,0.7917,0.0014,-0.1617,1.3613,160.1732,70.0,8,147
META270219P00620000,META,2027-02-19,149,P,620.0,-16.33,741.0,28.5,29.75,29.125,28.21,4.3,0.4472,-0.2123,0.0014,-0.1988,1.37,28.1732,29.5,33,97
META270219C00630000,META,2027-02-19,149,C,630.0,-14.98,741.0,148.6,153.8,151.2,160.09,3.4,0.4529,0.7756,0.0014,-0.172,1.4198,153.1808,68.2,2,239
META270219P00630000,META,2027-02-19,149,P,630.0,-14.98,741.0,31.4,32.7,32.05,30.15,4.1,0.4461,-0.2287,0.0014,-0.2071,1.4297,31.0191,31.4,1,82
META270219C00640000,META,2027-02-19,149,C,640.0,-13.63,741.0,141.75,147.1,144.425,152.46,3.7,0.4513,0.7591,0.0015,-0.182,1.4765,146.3353,66.3,0,174
META270219P00640000,META,2027-02-19,149,P,640.0,-13.63,741.0,34.6,35.9,35.25,34.4,3.7,0.4456,-0.2457,0.0015,-0.215,1.4887,34.134,33.4,36,106
META270219C00650000,META,2027-02-19,149,C,650.0,-12.28,741.0,135.25,140.5,137.875,138.0,3.8,0.45,0.742,0.0015,-0.1915,1.5308,139.7123,64.4,14,3334
META270219P00650000,META,2027-02-19,149,P,650.0,-12.28,741.0,38.1,39.15,38.625,38.03,2.7,0.4449,-0.2632,0.0016,-0.2224,1.5401,37.4092,35.3,23,330
META270219C00660000,META,2027-02-19,149,C,660.0,-10.93,741.0,128.9,134.2,131.55,131.0,4.0,0.449,0.7246,0.0016,-0.2005,1.5811,133.3189,62.4,2,619
META270219P00660000,META,2027-02-19,149,P,660.0,-10.93,741.0,41.5,42.85,42.175,37.9,3.2,0.4441,-0.281,0.0016,-0.2293,1.5915,40.859,37.3,12,49
META270219C00670000,META,2027-02-19,149,C,670.0,-9.58,741.0,122.85,128.05,125.45,129.6,4.1,0.4482,0.7069,0.0016,-0.209,1.6282,127.145,60.5,42,681
META270219P00670000,META,2027-02-19,149,P,670.0,-9.58,741.0,45.35,46.65,46.0,45.4,2.8,0.4438,-0.2993,0.0017,-0.2358,1.6381,44.5805,39.3,18,179
META270219C00680000,META,2027-02-19,149,C,680.0,-8.23,741.0,117.0,122.15,119.575,118.9,4.3,0.4477,0.6888,0.0017,-0.2169,1.6721,121.2112,58.5,40,226
META270219P00680000,META,2027-02-19,149,P,680.0,-8.23,741.0,49.35,50.7,50.025,49.25,2.7,0.4435,-0.3178,0.0017,-0.2416,1.6814,48.4982,41.3,9,46
META270219C00690000,META,2027-02-19,149,C,690.0,-6.88,741.0,111.3,116.55,113.925,116.6,4.6,0.4473,0.6706,0.0017,-0.2242,1.712,115.4873,56.5,32,384
META270219P00690000,META,2027-02-19,149,P,690.0,-6.88,741.0,53.55,54.95,54.25,49.9,2.6,0.4432,-0.3366,0.0018,-0.2469,1.7189,52.6122,43.3,71,204
META270219C00700000,META,2027-02-19,149,C,700.0,-5.53,741.0,106.5,111.0,108.75,109.1,4.1,0.4486,0.6522,0.0018,-0.2309,1.7474,110.2531,54.5,76,2188
META270219P00700000,META,2027-02-19,149,P,700.0,-5.53,741.0,58.1,59.4,58.75,55.15,2.2,0.4433,-0.3556,0.0018,-0.2516,1.7539,56.9915,45.3,24,66
META270219C00710000,META,2027-02-19,149,C,710.0,-4.18,741.0,101.1,103.85,102.475,102.56,2.7,0.4425,0.6336,0.0018,-0.2369,1.7791,103.9076,52.7,29,284
META270219P00710000,META,2027-02-19,149,P,710.0,-4.18,741.0,62.65,64.05,63.35,60.75,2.2,0.4428,-0.3748,0.0019,-0.2556,1.7854,61.4616,47.3,5,54
META270219C00720000,META,2027-02-19,149,C,720.0,-2.83,741.0,95.5,100.6,98.05,100.45,5.2,0.4458,0.615,0.0018,-0.2423,1.8068,99.4165,50.6,49,346
META270219P00720000,META,2027-02-19,149,P,720.0,-2.83,741.0,67.5,68.95,68.225,67.05,2.1,0.4428,-0.394,0.0019,-0.259,1.8103,66.2137,49.3,12,49
META270219C00730000,META,2027-02-19,149,C,730.0,-1.48,741.0,91.5,94.05,92.775,93.0,2.7,0.4434,0.5964,0.0018,-0.247,1.83,94.0914,48.8,79,481
META270219P00730000,META,2027-02-19,149,P,730.0,-1.48,741.0,72.7,74.0,73.35,69.96,1.8,0.443,-0.4133,0.0019,-0.2618,1.8316,71.195,51.2,0,316
META270219C00740000,META,2027-02-19,149,C,740.0,-0.13,741.0,86.2,89.4,87.8,88.0,3.6,0.4416,0.5779,0.0019,-0.251,1.8489,89.0563,46.9,94,369
META270219P00740000,META,2027-02-19,149,P,740.0,-0.13,741.0,78.1,79.35,78.725,78.5,1.6,0.4436,-0.4326,0.0019,-0.264,1.8483,76.4411,53.2,21,24
META270219C00750000,META,2027-02-19,149,C,750.0,1.21,741.0,82.85,84.7,83.775,84.5,2.2,0.4448,0.5594,0.0019,-0.2544,1.8638,85.1349,44.9,116,1076
META270219P00750000,META,2027-02-19,149,P,750.0,1.21,741.0,83.3,84.8,84.05,82.45,1.8,0.4428,-0.4518,0.002,-0.2654,1.8603,81.6146,55.0,70,7
META270219C00760000,META,2027-02-19,149,C,760.0,2.56,741.0,79.0,80.05,79.525,81.5,1.3,0.444,0.5411,0.0019,-0.2572,1.8745,80.654,43.1,76,334
META270219P00760000,META,2027-02-19,149,P,760.0,2.56,741.0,89.1,90.45,89.775,86.8,1.5,0.4431,-0.4709,0.002,-0.2663,1.8691,87.176,56.9,36,3
META270219C00770000,META,2027-02-19,149,C,770.0,3.91,741.0,74.3,76.05,75.175,75.08,2.3,0.4427,0.5229,0.0019,-0.2593,1.8813,76.2566,41.3,45,211
META270219P00770000,META,2027-02-19,149,P,770.0,3.91,741.0,95.0,96.3,95.65,91.95,1.4,0.4435,-0.4899,0.002,-0.2666,1.8716,92.9364,58.7,5,27
META270219C00780000,META,2027-02-19,149,C,780.0,5.26,741.0,70.5,72.2,71.35,71.5,2.4,0.4451,0.5049,0.0019,-0.2608,1.8843,72.7324,39.5,33,345
META270219P00780000,META,2027-02-19,149,P,780.0,5.26,741.0,100.8,102.6,101.7,100.0,1.8,0.4432,-0.5089,0.002,-0.2662,1.8714,98.7406,60.5,0,18
META270219C00790000,META,2027-02-19,149,C,790.0,6.61,741.0,66.8,68.5,67.65,73.54,2.5,0.4435,0.4872,0.0019,-0.2618,1.8833,68.6246,37.8,5,169
META270219P00790000,META,2027-02-19,149,P,790.0,6.61,741.0,107.05,108.85,107.95,153.91,1.7,0.4437,-0.5272,0.002,-0.2653,1.8648,104.8674,62.2,0,3
META270219C00800000,META,2027-02-19,149,C,800.0,7.96,741.0,63.45,64.65,64.05,65.87,1.9,0.4435,0.4698,0.0019,-0.2621,1.8787,64.986,36.2,82,1412
META270219P00800000,META,2027-02-19,149,P,800.0,7.96,741.0,113.5,115.1,114.3,107.65,1.4,0.4432,-0.5458,0.002,-0.2638,1.8583,110.9725,63.9,5,72
META270219C00810000,META,2027-02-19,149,C,810.0,9.31,741.0,59.95,61.4,60.675,61.15,2.4,0.4438,0.4527,0.0019,-0.2619,1.871,61.5662,34.5,43,120
META270219P00810000,META,2027-02-19,149,P,810.0,9.31,741.0,120.0,121.95,120.975,238.0,1.6,0.444,-0.5639,0.002,-0.2619,1.8439,117.4848,65.5,0,2
META270219C00820000,META,2027-02-19,149,C,820.0,10.66,741.0,56.7,58.35,57.525,58.65,2.9,0.4444,0.4359,0.0019,-0.2612,1.8603,58.3597,33.0,19,133
META270219P00820000,META,2027-02-19,149,P,820.0,10.66,741.0,126.8,128.65,127.725,218.3,1.4,0.4442,-0.5817,0.002,-0.2594,1.8281,124.0415,67.1,0,0
META270219C00830000,META,2027-02-19,149,C,830.0,12.01,741.0,53.5,54.85,54.175,55.44,2.5,0.4432,0.4194,0.0018,-0.26,1.8461,54.9714,31.4,21,161
META270219P00830000,META,2027-02-19,149,P,830.0,12.01,741.0,132.95,136.3,134.625,203.05,2.5,0.4443,-0.5991,0.002,-0.2564,1.8065,130.7322,68.6,0,3
META270219C00840000,META,2027-02-19,149,C,840.0,13.36,741.0,50.75,51.9,51.325,52.53,2.2,0.4439,0.4034,0.0018,-0.2584,1.8288,52.0839,29.9,29,90
META270219P00840000,META,2027-02-19,149,P,840.0,13.36,741.0,140.05,143.4,141.725,137.5,2.4,0.4447,-0.6162,0.002,-0.253,1.7864,137.6258,70.1,0,1
META270219C00850000,META,2027-02-19,149,C,850.0,14.71,741.0,48.1,49.25,48.675,49.92,2.4,0.4454,0.3877,0.0018,-0.2563,1.8094,49.4823,28.5,68,510
META270219P00850000,META,2027-02-19,149,P,850.0,14.71,741.0,147.0,151.0,149.0,154.0,2.7,0.4453,-0.633,0.0019,-0.2493,1.7609,144.6974,71.5,0,58
META270219C00860000,META,2027-02-19,149,C,860.0,16.06,741.0,45.25,46.95,46.1,47.1,3.7,0.4456,0.3724,0.0018,-0.2539,1.788,46.7796,27.2,27,240
META270219P00860000,META,2027-02-19,149,P,860.0,16.06,741.0,153.35,158.45,155.9,0.0,3.3,0.4429,-0.6494,0.0019,-0.2452,1.7312,151.3672,72.9,0,0
META270219C00870000,META,2027-02-19,149,C,870.0,17.41,741.0,42.85,44.45,43.65,44.62,3.7,0.4463,0.3575,0.0018,-0.251,1.7641,44.2975,25.8,39,78
META270219P00870000,META,2027-02-19,149,P,870.0,17.41,741.0,160.9,166.15,163.525,0.0,3.2,0.4438,-0.6653,0.0019,-0.2407,1.699,158.7651,74.2,0,0
META270219C00880000,META,2027-02-19,149,C,880.0,18.76,741.0,40.6,41.8,41.2,42.35,2.9,0.4462,0.3431,0.0017,-0.2479,1.7376,41.8009,24.6,115,198
META270219P00880000,META,2027-02-19,149,P,880.0,18.76,741.0,168.3,173.45,170.875,0.0,3.0,0.4422,-0.6809,0.0019,-0.2358,1.661,165.8526,75.6,0,0
META270219C00890000,META,2027-02-19,149,C,890.0,20.11,741.0,38.15,39.85,39.0,43.41,4.4,0.4477,0.329,0.0017,-0.2444,1.7095,39.7023,23.4,2,49
META270219P00890000,META,2027-02-19,149,P,890.0,20.11,741.0,176.35,181.25,178.8,0.0,2.7,0.4433,-0.6962,0.0019,-0.2307,1.6283,173.5346,76.8,0,0
META270219C00900000,META,2027-02-19,149,C,900.0,21.46,741.0,36.2,37.35,36.775,37.03,3.1,0.4469,0.3155,0.0017,-0.2407,1.6805,37.3262,22.2,26,6270
META270219P00900000,META,2027-02-19,149,P,900.0,21.46,741.0,184.3,189.25,186.775,183.49,2.7,0.444,-0.711,0.0018,-0.2254,1.5875,181.2623,77.9,0,4
META270219C00910000,META,2027-02-19,149,C,910.0,22.81,741.0,34.25,35.6,34.925,36.5,3.9,0.4484,0.3023,0.0016,-0.2368,1.6502,35.4487,21.1,2,75
META270219P00910000,META,2027-02-19,149,P,910.0,22.81,741.0,192.1,197.35,194.725,191.5,2.7,0.4438,-0.7254,0.0018,-0.2198,1.5479,188.9517,79.1,0,1
META270219C00920000,META,2027-02-19,149,C,920.0,24.16,741.0,32.3,33.7,33.0,34.56,4.2,0.4488,0.2895,0.0016,-0.2326,1.6181,33.4926,20.0,4,57
META270219P00920000,META,2027-02-19,149,P,920.0,24.16,741.0,200.55,205.45,203.0,384.64,2.4,0.4449,-0.7394,0.0018,-0.2141,1.5061,196.9616,80.1,0,0
META270319C00560000,META,2027-03-19,177,C,560.0,-24.43,741.0,204.95,210.85,207.9,209.0,2.8,0.4568,0.8651,0.0009,-0.096,1.1258,210.4902,78.3,10,292
META270319P00560000,META,2027-03-19,177,P,560.0,-24.43,741.0,18.0,18.8,18.4,18.1,4.3,0.449,-0.1374,0.001,-0.139,1.1356,17.8625,21.1,7,930
META270319C00565000,META,2027-03-19,177,C,565.0,-23.75,741.0,200.25,207.0,203.625,209.26,3.3,0.4526,0.8591,0.001,-0.1009,1.1597,206.1861,77.8,0,41
META270319P00565000,META,2027-03-19,177,P,565.0,-23.75,741.0,18.85,19.9,19.375,18.45,5.4,0.4481,-0.1435,0.001,-0.143,1.1693,18.8171,21.9,12,381
META270319C00570000,META,2027-03-19,177,C,570.0,-23.08,741.0,196.5,203.1,199.8,203.9,3.3,0.4521,0.8529,0.001,-0.1058,1.1935,202.3338,77.0,6,536
META270319P00570000,META,2027-03-19,177,P,570.0,-23.08,741.0,20.0,20.85,20.425,19.9,4.2,0.4474,-0.1498,0.001,-0.147,1.2024,19.8301,22.7,60,1416
META270319C00575000,META,2027-03-19,177,C,575.0,-22.4,741.0,192.55,199.35,195.95,173.46,3.5,0.451,0.8466,0.001,-0.1106,1.227,198.4467,76.2,0,529
META270319P00575000,META,2027-03-19,177,P,575.0,-22.4,741.0,20.95,22.05,21.5,21.35,5.1,0.4467,-0.1562,0.001,-0.1509,1.2355,20.8799,23.5,6,327
META270319C00580000,META,2027-03-19,177,C,580.0,-21.73,741.0,189.15,195.55,192.35,195.0,3.3,0.4517,0.8401,0.0011,-0.1155,1.26,194.8192,75.3,11,782
META270319P00580000,META,2027-03-19,177,P,580.0,-21.73,741.0,22.2,23.05,22.625,22.45,3.8,0.446,-0.1628,0.0011,-0.1549,1.2687,21.967,24.3,61,1464
META270319C00585000,META,2027-03-19,177,C,585.0,-21.05,741.0,185.65,191.85,188.75,195.9,3.3,0.4519,0.8336,0.0011,-0.1203,1.2926,191.1748,74.4,0,196
META270319P00585000,META,2027-03-19,177,P,585.0,-21.05,741.0,23.25,24.35,23.8,23.19,4.6,0.4455,-0.1695,0.0011,-0.1588,1.3007,23.1175,25.2,2,343
META270319C00590000,META,2027-03-19,177,C,590.0,-20.38,741.0,181.65,188.15,184.9,196.0,3.5,0.45,0.8268,0.0011,-0.125,1.325,187.2977,73.6,1,283
META270319P00590000,META,2027-03-19,177,P,590.0,-20.38,741.0,24.45,25.6,25.025,24.44,4.6,0.445,-0.1764,0.0011,-0.1627,1.3348,24.3077,26.0,15,661
META270319C00595000,META,2027-03-19,177,C,595.0,-19.7,741.0,178.45,184.4,181.425,190.75,3.3,0.4506,0.82,0.0012,-0.1298,1.3575,183.789,72.7,0,258
META270319P00595000,META,2027-03-19,177,P,595.0,-19.7,741.0,25.7,26.85,26.275,24.95,4.4,0.4444,-0.1834,0.0012,-0.1665,1.3685,25.5246,26.9,1,171
META270319C00600000,META,2027-03-19,177,C,600.0,-19.03,741.0,174.85,180.8,177.825,179.0,3.3,0.4499,0.813,0.0012,-0.1344,1.3899,180.1481,71.9,18,2014
META270319P00600000,META,2027-03-19,177,P,600.0,-19.03,741.0,27.15,28.05,27.6,26.94,3.3,0.4439,-0.1907,0.0012,-0.1704,1.4019,26.7952,27.7,21,1408
META270319C00605000,META,2027-03-19,177,C,605.0,-18.35,741.0,171.05,177.35,174.2,166.78,3.6,0.4488,0.8058,0.0012,-0.1391,1.422,176.4901,71.0,0,84
META270319P00605000,META,2027-03-19,177,P,605.0,-18.35,741.0,28.6,29.55,29.075,27.55,3.3,0.4444,-0.1978,0.0012,-0.1741,1.4323,28.2474,28.7,5,130
META270319C00610000,META,2027-03-19,177,C,610.0,-17.68,741.0,167.9,173.75,170.825,171.17,3.4,0.4492,0.7986,0.0012,-0.1436,1.4535,173.0863,70.1,23,421
META270319P00610000,META,2027-03-19,177,P,610.0,-17.68,741.0,29.85,30.8,30.325,29.75,3.1,0.4429,-0.2052,0.0013,-0.1778,1.4634,29.4598,29.5,80,1535
META270319C00615000,META,2027-03-19,177,C,615.0,-17.0,741.0,164.15,170.4,167.275,117.0,3.7,0.448,0.7913,0.0013,-0.1482,1.4842,169.4933,69.3,0,249
META270319P00615000,META,2027-03-19,177,P,615.0,-17.0,741.0,31.2,32.4,31.8,31.21,3.8,0.4427,-0.2128,0.0013,-0.1814,1.4943,30.8986,30.4,2,172
META270319C00620000,META,2027-03-19,177,C,620.0,-16.33,741.0,161.2,166.95,164.075,162.25,3.5,0.449,0.7838,0.0013,-0.1526,1.5141,166.2695,68.3,29,426
META270319P00620000,META,2027-03-19,177,P,620.0,-16.33,741.0,32.8,33.75,33.275,31.95,2.9,0.4422,-0.2204,0.0013,-0.185,1.5233,32.3363,31.3,71,918
META270319C00625000,META,2027-03-19,177,C,625.0,-15.65,741.0,157.5,163.6,160.55,168.75,3.8,0.4474,0.7762,0.0013,-0.1569,1.5436,162.697,67.5,0,125
META270319P00625000,META,2027-03-19,177,P,625.0,-15.65,741.0,34.3,35.3,34.8,33.5,2.9,0.4417,-0.2282,0.0014,-0.1885,1.5546,33.8164,32.2,182,86
META270319C00630000,META,2027-03-19,177,C,630.0,-14.98,741.0,154.2,159.0,156.6,158.85,3.1,0.443,0.7685,0.0013,-0.1612,1.5728,158.7227,66.8,3,343
META270319P00630000,META,2027-03-19,177,P,630.0,-14.98,741.0,35.9,36.85,36.375,34.35,2.6,0.4413,-0.2361,0.0014,-0.192,1.5846,35.3548,33.1,21,612
META270319C00635000,META,2027-03-19,177,C,635.0,-14.3,741.0,150.9,156.95,153.925,162.1,3.9,0.4464,0.7608,0.0014,-0.1654,1.6016,156.0109,65.7,1,95
META270319P00635000,META,2027-03-19,177,P,635.0,-14.3,741.0,37.4,38.65,38.025,37.4,3.3,0.4411,-0.2441,0.0014,-0.1953,1.6137,36.9685,34.0,7,365
META270319C00640000,META,2027-03-19,177,C,640.0,-13.63,741.0,148.1,153.7,150.9,158.35,3.7,0.4472,0.7529,0.0014,-0.1695,1.6297,152.9431,64.7,2,404
META270319P00640000,META,2027-03-19,177,P,640.0,-13.63,741.0,39.15,40.35,39.75,38.1,3.0,0.441,-0.2522,0.0014,-0.1985,1.6406,38.6433,34.9,28,320
META270319C00645000,META,2027-03-19,177,C,645.0,-12.96,741.0,144.95,150.6,147.775,154.04,3.8,0.4472,0.7449,0.0014,-0.1735,1.657,149.7933,63.8,0,147
META270319P00645000,META,2027-03-19,177,P,645.0,-12.96,741.0,40.8,42.1,41.45,41.4,3.1,0.4405,-0.2603,0.0014,-0.2017,1.6673,40.2979,35.9,93,206
META270319C00650000,META,2027-03-19,177,C,650.0,-12.28,741.0,142.6,147.45,145.025,147.49,3.3,0.4491,0.7369,0.0014,-0.1774,1.6833,147.0084,62.7,42,4541
META270319P00650000,META,2027-03-19,177,P,650.0,-12.28,741.0,42.8,43.75,43.275,43.09,2.2,0.4404,-0.2686,0.0015,-0.2048,1.6937,42.0629,36.8,83,835
META270319C00655000,META,2027-03-19,177,C,655.0,-11.61,741.0,138.85,143.1,140.975,142.38,3.0,0.443,0.7288,0.0015,-0.1812,1.7086,142.9157,62.1,2,135
META270319P00655000,META,2027-03-19,177,P,655.0,-11.61,741.0,44.45,45.75,45.1,42.3,2.9,0.44,-0.2771,0.0015,-0.2078,1.7183,43.8228,37.7,90,243
META270319C00660000,META,2027-03-19,177,C,660.0,-10.93,741.0,135.9,141.3,138.6,147.0,3.9,0.4466,0.7206,0.0015,-0.1849,1.7332,140.5149,61.0,3,687
META270319P00660000,META,2027-03-19,177,P,660.0,-10.93,741.0,46.45,47.55,47.0,44.1,2.3,0.4398,-0.2856,0.0015,-0.2107,1.7438,45.6614,38.7,25,457
META270319C00665000,META,2027-03-19,177,C,665.0,-10.26,741.0,132.85,136.95,134.9,142.72,3.0,0.4422,0.7124,0.0015,-0.1885,1.7571,136.7756,60.3,1,205
META270319P00665000,META,2027-03-19,177,P,665.0,-10.26,741.0,48.3,49.55,48.925,48.05,2.6,0.4398,-0.2939,0.0016,-0.2135,1.7684,47.5805,39.6,83,5068
META270319C00670000,META,2027-03-19,177,C,670.0,-9.58,741.0,130.0,134.85,132.425,135.71,3.7,0.4446,0.7041,0.0015,-0.192,1.7803,134.2691,59.2,6,446
META270319P00670000,META,2027-03-19,177,P,670.0,-9.58,741.0,50.3,51.5,50.9,50.5,2.4,0.4395,-0.3024,0.0016,-0.2161,1.7906,49.4928,40.5,90,312
META270319C00675000,META,2027-03-19,177,C,675.0,-8.91,741.0,127.1,132.45,129.775,129.4,4.1,0.4457,0.6957,0.0016,-0.1953,1.8028,131.586,58.2,6,324
META270319P00675000,META,2027-03-19,177,P,675.0,-8.91,741.0,52.3,53.6,52.95,52.15,2.5,0.4394,-0.3111,0.0016,-0.2187,1.8126,51.4859,41.5,10,42
META270319C00680000,META,2027-03-19,177,C,680.0,-8.23,741.0,124.6,129.6,127.1,128.06,3.9,0.4464,0.6873,0.0016,-0.1986,1.8243,128.8806,57.3,20,535
META270319P00680000,META,2027-03-19,177,P,680.0,-8.23,741.0,54.75,55.7,55.225,53.0,1.7,0.4403,-0.3197,0.0016,-0.2211,1.8333,53.7069,42.5,74,292
META270319C00685000,META,2027-03-19,177,C,685.0,-7.56,741.0,121.2,124.4,122.8,122.94,2.6,0.438,0.6789,0.0016,-0.2017,1.8447,124.5479,56.7,3,171
META270319P00685000,META,2027-03-19,177,P,685.0,-7.56,741.0,56.45,57.85,57.15,56.35,2.4,0.439,-0.3285,0.0016,-0.2234,1.8532,55.5728,43.3,5,49
META270319C00690000,META,2027-03-19,177,C,690.0,-6.88,741.0,118.45,124.05,121.25,122.74,4.6,0.4443,0.6704,0.0016,-0.2047,1.8641,122.963,55.5,63,478
META270319P00690000,META,2027-03-19,177,P,690.0,-6.88,741.0,58.6,60.05,59.325,58.5,2.4,0.4389,-0.3373,0.0016,-0.2257,1.8717,57.7027,44.3,7,166
META270319C00695000,META,2027-03-19,177,C,695.0,-6.21,741.0,115.9,121.2,118.55,126.58,4.5,0.4441,0.6619,0.0016,-0.2076,1.8824,120.226,54.6,1,66
META270319P00695000,META,2027-03-19,177,P,695.0,-6.21,741.0,60.9,62.3,61.6,60.85,2.3,0.439,-0.3461,0.0017,-0.2278,1.8892,59.9157,45.2,5,66
META270319C00700000,META,2027-03-19,177,C,700.0,-5.53,741.0,113.3,116.2,114.75,114.82,2.5,0.4379,0.6534,0.0016,-0.2103,1.8999,116.3943,53.9,1980,4415
META270319P00700000,META,2027-03-19,177,P,700.0,-5.53,741.0,63.3,64.6,63.95,63.15,2.0,0.4393,-0.3549,0.0017,-0.2298,1.9069,62.2128,46.2,206,326
META270319C00705000,META,2027-03-19,177,C,705.0,-4.86,741.0,110.7,115.9,113.3,95.0,4.6,0.4439,0.6448,0.0016,-0.213,1.9165,114.9236,52.8,0,84
META270319P00705000,META,2027-03-19,177,P,705.0,-4.86,741.0,65.5,66.3,65.9,64.0,1.2,0.4373,-0.3638,0.0017,-0.2316,1.9232,64.1158,47.0,26,50
META270319C00710000,META,2027-03-19,177,C,710.0,-4.18,741.0,108.15,112.95,110.55,118.97,4.3,0.4428,0.6362,0.0017,-0.2154,1.9322,112.146,51.9,8,776
META270319P00710000,META,2027-03-19,177,P,710.0,-4.18,741.0,67.9,69.25,68.575,67.65,2.0,0.4386,-0.3727,0.0017,-0.2333,1.9384,66.6951,48.0,40,180
META270319C00715000,META,2027-03-19,177,C,715.0,-3.51,741.0,105.65,110.75,108.2,114.2,4.7,0.4435,0.6277,0.0017,-0.2178,1.947,109.7601,51.0,2,489
META270319P00715000,META,2027-03-19,177,P,715.0,-3.51,741.0,70.35,71.8,71.075,68.75,2.0,0.439,-0.3816,0.0017,-0.2349,1.9519,69.1483,48.9,8,72
META270319C00720000,META,2027-03-19,177,C,720.0,-2.83,741.0,103.2,107.6,105.4,106.47,4.2,0.4417,0.6191,0.0017,-0.2201,1.9607,106.93,50.1,20,346
META270319P00720000,META,2027-03-19,177,P,720.0,-2.83,741.0,72.85,74.3,73.575,72.7,2.0,0.4388,-0.3907,0.0018,-0.2364,1.9642,71.5297,49.8,29,140
META270319C00725000,META,2027-03-19,177,C,725.0,-2.16,741.0,100.8,105.6,103.2,110.61,4.7,0.4427,0.6105,0.0017,-0.2222,1.9734,104.6922,49.2,3,179
META270319P00725000,META,2027-03-19,177,P,725.0,-2.16,741.0,75.6,76.8,76.2,73.25,1.6,0.4395,-0.3995,0.0018,-0.2377,1.9758,74.1327,50.7,10,25
META270319C00730000,META,2027-03-19,177,C,730.0,-1.48,741.0,100.0,102.5,101.25,102.0,2.5,0.4448,0.6019,0.0017,-0.2242,1.9851,102.7193,48.2,23,555
META270319P00730000,META,2027-03-19,177,P,730.0,-1.48,741.0,78.25,79.45,78.85,78.1,1.5,0.4396,-0.4086,0.0018,-0.239,1.9863,76.6624,51.6,25,47
META270319C00735000,META,2027-03-19,177,C,735.0,-0.81,741.0,96.05,100.45,98.25,102.05,4.5,0.4413,0.5934,0.0017,-0.226,1.9957,99.6754,47.4,13,145
META270319P00735000,META,2027-03-19,177,P,735.0,-0.81,741.0,80.5,82.05,81.275,79.65,1.9,0.4386,-0.4175,0.0018,-0.2401,1.9958,79.0162,52.5,30,35
META270319C00740000,META,2027-03-19,177,C,740.0,-0.13,741.0,94.6,97.5,96.05,96.35,3.0,0.4417,0.5848,0.0017,-0.2277,2.0054,97.4506,46.6,70,342
META270319P00740000,META,2027-03-19,177,P,740.0,-0.13,741.0,83.35,84.85,84.1,82.3,1.8,0.4396,-0.4263,0.0018,-0.2411,2.0051,81.8131,53.4,168,38
META270319C00745000,META,2027-03-19,177,C,745.0,0.54,741.0,91.9,94.9,93.4,93.27,3.2,0.4396,0.5763,0.0017,-0.2293,2.0142,94.7649,45.7,23,211
META270319P00745000,META,2027-03-19,177,P,745.0,0.54,741.0,85.9,87.5,86.7,85.0,1.8,0.4391,-0.4352,0.0018,-0.242,2.0124,84.3523,54.3,14,8
META270319C00750000,META,2027-03-19,177,C,750.0,1.21,741.0,90.6,92.2,91.4,91.45,1.8,0.4413,0.5678,0.0017,-0.2308,2.022,92.8882,44.8,243,1357
META270319P00750000,META,2027-03-19,177,P,750.0,1.21,741.0,88.9,90.2,89.55,89.6,1.5,0.4395,-0.4441,0.0018,-0.2427,2.0192,87.1156,55.1,108,57
META270319C00755000,META,2027-03-19,177,C,755.0,1.89,741.0,87.95,90.4,89.175,91.18,2.7,0.4402,0.5594,0.0017,-0.2322,2.0289,90.4867,44.0,21,134
META270319P00755000,META,2027-03-19,177,P,755.0,1.89,741.0,91.65,93.2,92.425,91.0,1.7,0.4399,-0.4529,0.0018,-0.2433,2.0241,89.9219,56.0,80,8
META270319C00760000,META,2027-03-19,177,C,760.0,2.56,741.0,86.05,88.1,87.075,88.77,2.4,0.4403,0.5509,0.0018,-0.2334,2.0348,88.3704,43.1,45,443
META270319P00760000,META,2027-03-19,177,P,760.0,2.56,741.0,94.3,96.0,95.15,93.7,1.8,0.439,-0.462,0.0018,-0.2438,2.0277,92.5053,56.8,46,33
META270319C00770000,META,2027-03-19,177,C,770.0,3.91,741.0,82.0,83.55,82.775,84.45,1.9,0.4393,0.5342,0.0018,-0.2355,2.0438,84.0156,41.5,58,412
META270319P00770000,META,2027-03-19,177,P,770.0,3.91,741.0,100.15,101.85,101.0,99.7,1.7,0.4394,-0.4794,0.0018,-0.2444,2.0335,98.2442,58.5,19,32
META270319C00780000,META,2027-03-19,177,C,780.0,5.26,741.0,78.35,79.5,78.925,79.5,1.5,0.4397,0.5176,0.0018,-0.2371,2.0493,80.1095,39.8,24,1232
META270319P00780000,META,2027-03-19,177,P,780.0,5.26,741.0,106.2,107.95,107.075,105.6,1.6,0.4398,-0.4969,0.0018,-0.2446,2.036,104.1459,60.2,20,24
META270319C00790000,META,2027-03-19,177,C,790.0,6.61,741.0,74.45,75.7,75.075,77.2,1.7,0.4393,0.5012,0.0018,-0.2382,2.0512,76.1974,38.3,95,354
META270319P00790000,META,2027-03-19,177,P,790.0,6.61,741.0,112.45,114.15,113.3,109.6,1.5,0.4402,-0.5142,0.0019,-0.2444,2.034,110.2065,61.7,105,68
META270319C00800000,META,2027-03-19,177,C,800.0,7.96,741.0,71.1,72.05,71.575,71.64,1.3,0.4399,0.4851,0.0018,-0.2389,2.0496,72.6459,36.7,258,6899
META270319P00800000,META,2027-03-19,177,P,800.0,7.96,741.0,118.9,120.4,119.65,118.65,1.3,0.4401,-0.5315,0.0019,-0.2436,2.0258,116.3188,63.3,15,174
META270319C00810000,META,2027-03-19,177,C,810.0,9.31,741.0,67.5,68.75,68.125,70.0,1.8,0.4401,0.4692,0.0018,-0.2391,2.0448,69.1626,35.2,87,568
META270319P00810000,META,2027-03-19,177,P,810.0,9.31,741.0,125.2,127.15,126.175,121.4,1.5,0.4403,-0.5484,0.0019,-0.2425,2.0147,122.6433,64.8,2,117
META270319C00820000,META,2027-03-19,177,C,820.0,10.66,741.0,64.05,65.75,64.9,65.85,2.6,0.4404,0.4536,0.0017,-0.239,2.0373,65.8461,33.7,33,454
META270319P00820000,META,2027-03-19,177,P,820.0,10.66,741.0,131.9,133.85,132.875,127.88,1.5,0.4406,-0.565,0.0019,-0.241,2.0048,129.1346,66.3,1,5
META270319C00830000,META,2027-03-19,177,C,830.0,12.01,741.0,61.1,62.35,61.725,62.1,2.0,0.4407,0.4382,0.0017,-0.2384,2.0268,62.6715,32.3,43,446
META270319P00830000,META,2027-03-19,177,P,830.0,12.01,741.0,138.85,140.65,139.75,0.0,1.3,0.4411,-0.5814,0.0018,-0.2391,1.9857,135.8083,67.7,0,0
META270319C00840000,META,2027-03-19,177,C,840.0,13.36,741.0,58.0,59.6,58.8,60.5,2.7,0.4413,0.4232,0.0017,-0.2375,2.0133,59.6951,30.9,55,304
META270319P00840000,META,2027-03-19,177,P,840.0,13.36,741.0,145.0,148.35,146.675,144.0,2.3,0.4412,-0.5975,0.0018,-0.2369,1.9683,142.5382,69.1,1,3
META270319C00850000,META,2027-03-19,177,C,850.0,14.71,741.0,55.35,56.45,55.9,56.05,2.0,0.4414,0.4085,0.0017,-0.2363,1.997,56.7504,29.6,109,2007
META270319P00850000,META,2027-03-19,177,P,850.0,14.71,741.0,152.2,155.45,153.825,149.45,2.1,0.4416,-0.6133,0.0018,-0.2343,1.9416,149.4617,70.4,1,122
META270319C00860000,META,2027-03-19,177,C,860.0,16.06,741.0,52.6,53.75,53.175,53.55,2.2,0.4418,0.3942,0.0017,-0.2347,1.9787,53.9946,28.3,61,624
META270319P00860000,META,2027-03-19,177,P,860.0,16.06,741.0,158.55,163.4,160.975,285.89,3.0,0.4412,-0.6289,0.0018,-0.2314,1.9147,156.3545,71.7,0,4
META270319C00870000,META,2027-03-19,177,C,870.0,17.41,741.0,49.9,51.15,50.525,51.8,2.5,0.4419,0.3801,0.0017,-0.2328,1.9586,51.3036,27.0,177,258
META270319P00870000,META,2027-03-19,177,P,870.0,17.41,741.0,165.6,170.8,168.2,214.37,3.1,0.4406,-0.6441,0.0018,-0.2283,1.8917,163.3352,73.0,0,4
META270319C00880000,META,2027-03-19,177,C,880.0,18.76,741.0,47.5,48.65,48.075,48.92,2.4,0.4425,0.3664,0.0016,-0.2306,1.9363,48.8305,25.8,33,749
META270319P00880000,META,2027-03-19,177,P,880.0,18.76,741.0,173.1,178.3,175.7,292.44,3.0,0.4408,-0.659,0.0018,-0.2249,1.8575,170.5953,74.2,0,4
META270319C00890000,META,2027-03-19,177,C,890.0,20.11,741.0,45.0,46.5,45.75,46.9,3.3,0.4431,0.3531,0.0016,-0.2282,1.9116,46.4713,24.7,13,176
META270319P00890000,META,2027-03-19,177,P,890.0,20.11,741.0,180.55,186.0,183.275,245.69,3.0,0.4407,-0.6736,0.0018,-0.2212,1.8255,177.9142,75.4,0,6
META270319C00900000,META,2027-03-19,177,C,900.0,21.46,741.0,42.9,44.0,43.45,44.4,2.5,0.4432,0.3401,0.0016,-0.2256,1.885,44.1272,23.5,5710,3087
META270319P00900000,META,2027-03-19,177,P,900.0,21.46,741.0,188.55,193.8,191.175,193.2,2.7,0.4416,-0.6878,0.0018,-0.2173,1.7855,185.5356,76.5,0,5
META270319C00910000,META,2027-03-19,177,C,910.0,22.81,741.0,40.75,41.85,41.3,41.73,2.7,0.4436,0.3275,0.0016,-0.2227,1.8574,41.947,22.5,118,425
META270319P00910000,META,2027-03-19,177,P,910.0,22.81,741.0,196.5,201.7,199.1,305.5,2.6,0.4421,-0.7018,0.0017,-0.2132,1.7456,193.1864,77.6,0,0
META270319C00920000,META,2027-03-19,177,C,920.0,24.16,741.0,38.7,39.8,39.25,39.85,2.8,0.444,0.3153,0.0016,-0.2196,1.829,39.8689,21.4,40,889
META270319P00920000,META,2027-03-19,177,P,920.0,24.16,741.0,204.65,209.7,207.175,368.22,2.4,0.4428,-0.7154,0.0017,-0.209,1.7136,200.9757,78.6,0,0
