contract,ticker,expiry,dte,type,strike,moneyness_pct,spot,bid,ask,mid,last,spread_pct,iv,delta,gamma,theta,vega,theo,prob_itm,volume,oi
MSFT261009C00380000,MSFT,2026-10-09,16,C,380.0,-24.22,501.48,117.5,120.9,119.2,132.99,2.9,0.5641,0.9972,0.0002,0.0,0.0099,122.3018,98.9,0,1
MSFT261009P00380000,MSFT,2026-10-09,16,P,380.0,-24.22,501.48,0.0,0.1,0.05,0.05,,0.4785,-0.0029,0.0002,-0.0114,0.01,0.0348,0.3,4,49
MSFT261009C00385000,MSFT,2026-10-09,16,C,385.0,-23.23,501.48,112.6,115.95,114.275,112.48,2.9,0.5589,0.9968,0.0002,0.0,0.0114,117.3572,98.7,0,2
MSFT261009P00385000,MSFT,2026-10-09,16,P,385.0,-23.23,501.48,0.01,0.14,0.075,0.06,173.3,0.4731,-0.0034,0.0002,-0.0127,0.0114,0.0482,0.4,2,25
MSFT261009C00390000,MSFT,2026-10-09,16,C,390.0,-22.23,501.48,107.5,111.0,109.25,0.0,3.2,0.5244,0.9962,0.0002,-0.0019,0.013,112.3376,98.8,0,0
MSFT261009P00390000,MSFT,2026-10-09,16,P,390.0,-22.23,501.48,0.01,0.13,0.07,0.06,171.4,0.4484,-0.0039,0.0002,-0.0142,0.013,0.0444,0.4,4,22
MSFT261009C00395000,MSFT,2026-10-09,16,C,395.0,-21.23,501.48,102.65,106.0,104.325,99.0,3.2,0.5168,0.9955,0.0003,-0.0042,0.0151,107.3925,98.5,0,12
MSFT261009P00395000,MSFT,2026-10-09,16,P,395.0,-21.23,501.48,0.02,0.15,0.085,0.08,152.9,0.4368,-0.0046,0.0003,-0.016,0.0152,0.0542,0.5,2,25
MSFT261009C00400000,MSFT,2026-10-09,16,C,400.0,-20.24,501.48,97.6,101.0,99.3,99.0,3.4,0.4838,0.9946,0.0004,-0.0069,0.0176,102.3728,98.6,11,13
MSFT261009P00400000,MSFT,2026-10-09,16,P,400.0,-20.24,501.48,0.01,0.28,0.145,0.14,186.2,0.4433,-0.0055,0.0004,-0.0181,0.0176,0.0955,0.8,0,27
MSFT261009C00405000,MSFT,2026-10-09,16,C,405.0,-19.24,501.48,92.55,96.0,94.275,94.52,3.7,0.4509,0.9936,0.0004,-0.01,0.0206,97.3534,98.7,2,20
MSFT261009P00405000,MSFT,2026-10-09,16,P,405.0,-19.24,501.48,0.01,0.29,0.15,0.08,186.7,0.423,-0.0066,0.0004,-0.0207,0.0206,0.0982,0.8,2,16
MSFT261009C00410000,MSFT,2026-10-09,16,C,410.0,-18.24,501.48,87.8,91.0,89.4,91.18,3.6,0.4528,0.9922,0.0005,-0.0136,0.0243,92.4446,98.2,0,10
MSFT261009P00410000,MSFT,2026-10-09,16,P,410.0,-18.24,501.48,0.06,0.21,0.135,0.09,111.1,0.3956,-0.0079,0.0005,-0.0237,0.0244,0.0869,0.8,2,162
MSFT261009C00415000,MSFT,2026-10-09,16,C,415.0,-17.24,501.48,82.75,86.1,84.425,78.52,4.0,0.4313,0.9906,0.0006,-0.0178,0.0288,87.4618,98.1,0,15
MSFT261009P00415000,MSFT,2026-10-09,16,P,415.0,-17.24,501.48,0.01,0.32,0.165,0.18,187.9,0.3838,-0.0096,0.0006,-0.0273,0.0288,0.1066,1.0,1,41
MSFT261009C00420000,MSFT,2026-10-09,16,C,420.0,-16.25,501.48,77.65,81.1,79.375,75.28,4.3,0.3957,0.9884,0.0008,-0.0226,0.0342,82.4227,98.3,0,8
MSFT261009P00420000,MSFT,2026-10-09,16,P,420.0,-16.25,501.48,0.04,0.27,0.155,0.17,148.4,0.359,-0.0117,0.0008,-0.0316,0.0342,0.0988,1.0,235,245
MSFT261009C00425000,MSFT,2026-10-09,16,C,425.0,-15.25,501.48,72.7,76.2,74.45,73.15,4.7,0.3836,0.9857,0.001,-0.0284,0.041,77.4761,97.9,66,67
MSFT261009P00425000,MSFT,2026-10-09,16,P,425.0,-15.25,501.48,0.02,0.37,0.195,0.24,179.5,0.3483,-0.0144,0.001,-0.0369,0.0411,0.1256,1.2,1,118
MSFT261009C00430000,MSFT,2026-10-09,16,C,430.0,-14.25,501.48,67.8,71.2,69.5,66.62,4.9,0.3658,0.9822,0.0012,-0.0354,0.0494,72.5109,97.7,62,28
MSFT261009P00430000,MSFT,2026-10-09,16,P,430.0,-14.25,501.48,0.09,0.34,0.215,0.22,116.3,0.3308,-0.018,0.0012,-0.0434,0.0494,0.1377,1.4,154,50
MSFT261009C00435000,MSFT,2026-10-09,16,C,435.0,-13.26,501.48,63.05,65.7,64.375,62.3,4.1,0.3197,0.9775,0.0015,-0.0441,0.0601,67.4174,98.3,1,24
MSFT261009P00435000,MSFT,2026-10-09,16,P,435.0,-13.26,501.48,0.12,0.47,0.295,0.35,118.6,0.3238,-0.0227,0.0016,-0.0515,0.0602,0.1916,1.8,9,488
MSFT261009C00440000,MSFT,2026-10-09,16,C,440.0,-12.26,501.48,57.65,61.45,59.55,56.69,6.4,0.3214,0.9712,0.002,-0.0548,0.0735,62.5414,97.4,2,12
MSFT261009P00440000,MSFT,2026-10-09,16,P,440.0,-12.26,501.48,0.3,0.57,0.435,0.41,62.1,0.3213,-0.029,0.002,-0.0618,0.0739,0.29,2.6,14,100
MSFT261009C00445000,MSFT,2026-10-09,16,C,445.0,-11.26,501.48,53.15,55.8,54.475,54.0,4.9,0.2859,0.9628,0.0025,-0.068,0.0905,57.4835,97.7,4,9
MSFT261009P00445000,MSFT,2026-10-09,16,P,445.0,-11.26,501.48,0.38,0.49,0.435,0.53,25.3,0.2971,-0.0375,0.0025,-0.0746,0.0906,0.2853,2.8,28,190
MSFT261009C00450000,MSFT,2026-10-09,16,C,450.0,-10.27,501.48,48.2,51.65,49.925,46.94,6.9,0.3073,0.9516,0.0032,-0.0843,0.1117,52.8121,95.3,3,22
MSFT261009P00450000,MSFT,2026-10-09,16,P,450.0,-10.27,501.48,0.53,0.83,0.68,0.7,44.1,0.2979,-0.0488,0.0032,-0.0904,0.1121,0.4614,4.1,56,710
MSFT261009C00455000,MSFT,2026-10-09,16,C,455.0,-9.27,501.48,43.6,46.35,44.975,44.33,6.1,0.2841,0.9366,0.004,-0.104,0.1374,47.8424,94.9,1,4
MSFT261009P00455000,MSFT,2026-10-09,16,P,455.0,-9.27,501.48,0.59,0.97,0.78,0.88,48.7,0.2801,-0.0641,0.0041,-0.1099,0.1388,0.5262,4.9,45,631
MSFT261009C00460000,MSFT,2026-10-09,16,C,460.0,-8.27,501.48,38.9,41.65,40.275,40.98,6.8,0.2767,0.9168,0.0051,-0.1273,0.1684,43.0629,93.2,2,248
MSFT261009P00460000,MSFT,2026-10-09,16,P,460.0,-8.27,501.48,1.02,1.45,1.235,1.22,34.8,0.2835,-0.084,0.0051,-0.133,0.1693,0.8652,7.3,51,259
MSFT261009C00465000,MSFT,2026-10-09,16,C,465.0,-7.27,501.48,33.95,37.1,35.525,35.9,8.9,0.2619,0.8911,0.0064,-0.1543,0.2047,38.2447,91.7,4,53
MSFT261009P00465000,MSFT,2026-10-09,16,P,465.0,-7.27,501.48,1.45,1.93,1.69,1.5,28.4,0.2783,-0.1101,0.0064,-0.1598,0.2054,1.2096,9.7,41,291
MSFT261009C00470000,MSFT,2026-10-09,16,C,470.0,-6.28,501.48,30.9,32.65,31.775,30.6,5.5,0.2879,0.858,0.0078,-0.1846,0.2454,34.2908,85.9,3,50
MSFT261009P00470000,MSFT,2026-10-09,16,P,470.0,-6.28,501.48,2.03,2.52,2.275,2.1,21.5,0.2726,-0.1436,0.0079,-0.1899,0.2463,1.662,12.8,76,512
MSFT261009C00472500,MSFT,2026-10-09,16,C,472.5,-5.78,501.48,27.65,31.1,29.375,0.0,11.7,0.2728,0.8384,0.0086,-0.2006,0.2666,31.8178,85.2,0,0
MSFT261009P00472500,MSFT,2026-10-09,16,P,472.5,-5.78,501.48,2.35,2.89,2.62,2.41,20.6,0.2695,-0.1634,0.0087,-0.2059,0.2691,1.9352,14.5,57,25
MSFT261009C00475000,MSFT,2026-10-09,16,C,475.0,-5.28,501.48,25.7,28.75,27.225,23.9,11.2,0.2679,0.8167,0.0094,-0.2168,0.2886,29.5972,83.4,4,39
MSFT261009P00475000,MSFT,2026-10-09,16,P,475.0,-5.28,501.48,2.78,3.0,2.89,2.83,7.6,0.262,-0.1854,0.0095,-0.2221,0.2898,2.1407,16.0,160,287
MSFT261009C00477500,MSFT,2026-10-09,16,C,477.5,-4.78,501.48,24.05,26.2,25.125,23.0,8.6,0.2632,0.7928,0.0102,-0.233,0.3101,27.4192,81.4,2,2
MSFT261009P00477500,MSFT,2026-10-09,16,P,477.5,-4.78,501.48,3.05,3.85,3.45,3.25,23.2,0.263,-0.2095,0.0103,-0.2382,0.3129,2.5973,18.6,13,24
MSFT261009C00480000,MSFT,2026-10-09,16,C,480.0,-4.28,501.48,22.1,24.2,23.15,23.32,9.1,0.2608,0.7669,0.011,-0.2486,0.3315,25.3502,79.0,8,46
MSFT261009P00480000,MSFT,2026-10-09,16,P,480.0,-4.28,501.48,3.7,4.05,3.875,4.0,9.0,0.2584,-0.2359,0.0111,-0.2539,0.3328,2.9601,20.8,60,453
MSFT261009C00482500,MSFT,2026-10-09,16,C,482.5,-3.78,501.48,20.25,22.2,21.225,0.0,9.2,0.2581,0.7389,0.0117,-0.2634,0.3515,23.3296,76.4,0,0
MSFT261009P00482500,MSFT,2026-10-09,16,P,482.5,-3.78,501.48,4.15,5.0,4.575,4.33,18.6,0.2586,-0.2642,0.0119,-0.2687,0.3542,3.5198,23.6,28,5
MSFT261009C00485000,MSFT,2026-10-09,16,C,485.0,-3.29,501.48,18.5,20.35,19.425,18.08,9.5,0.2569,0.709,0.0124,-0.277,0.3704,21.4205,73.5,4,91
MSFT261009P00485000,MSFT,2026-10-09,16,P,485.0,-3.29,501.48,4.7,5.7,5.2,5.07,19.2,0.2553,-0.2946,0.0126,-0.2824,0.3717,4.0377,26.4,63,249
MSFT261009C00487500,MSFT,2026-10-09,16,C,487.5,-2.79,501.48,16.85,18.4,17.625,25.04,8.8,0.2538,0.6773,0.0131,-0.289,0.3871,19.5177,70.5,2,4
MSFT261009P00487500,MSFT,2026-10-09,16,P,487.5,-2.79,501.48,5.45,6.5,5.975,6.99,17.6,0.2541,-0.3267,0.0133,-0.2944,0.3893,4.6942,29.5,24,2
MSFT261009C00490000,MSFT,2026-10-09,16,C,490.0,-2.29,501.48,15.3,16.75,16.025,16.79,9.0,0.2537,0.644,0.0137,-0.2991,0.4017,17.7971,67.1,36,160
MSFT261009P00490000,MSFT,2026-10-09,16,P,490.0,-2.29,501.48,6.55,7.45,7.0,6.8,12.9,0.2495,-0.3606,0.0139,-0.3045,0.4026,5.3034,32.6,182,581
MSFT261009C00492500,MSFT,2026-10-09,16,C,492.5,-1.79,501.48,13.8,15.05,14.425,15.12,8.7,0.2515,0.6093,0.0142,-0.307,0.4134,16.0816,63.7,88,30
MSFT261009P00492500,MSFT,2026-10-09,16,P,492.5,-1.79,501.48,7.15,8.35,7.75,8.33,15.5,0.251,-0.3957,0.0144,-0.3125,0.4145,6.2195,36.3,13,6
MSFT261009C00495000,MSFT,2026-10-09,16,C,495.0,-1.29,501.48,12.4,13.4,12.9,13.53,7.8,0.2491,0.5735,0.0146,-0.3125,0.4221,14.4418,60.1,91,247
MSFT261009P00495000,MSFT,2026-10-09,16,P,495.0,-1.29,501.48,8.1,9.4,8.75,8.51,14.9,0.2489,-0.4322,0.0148,-0.318,0.4223,7.0867,39.9,27,402
MSFT261009C00497500,MSFT,2026-10-09,16,C,497.5,-0.79,501.48,11.05,12.0,11.525,11.47,8.2,0.248,0.5369,0.0148,-0.3154,0.4274,12.9429,56.4,95,35
MSFT261009P00497500,MSFT,2026-10-09,16,P,497.5,-0.79,501.48,9.2,10.6,9.9,10.15,14.1,0.2483,-0.4694,0.0151,-0.321,0.4269,8.1036,43.6,197,2
MSFT261009C00500000,MSFT,2026-10-09,16,C,500.0,-0.3,501.48,10.0,10.5,10.25,10.22,4.9,0.2472,0.4998,0.0149,-0.3156,0.4292,11.5496,52.6,622,578
MSFT261009P00500000,MSFT,2026-10-09,16,P,500.0,-0.3,501.48,10.6,11.95,11.275,11.38,12.0,0.2507,-0.5072,0.0152,-0.3214,0.4283,9.3393,47.5,87,235
MSFT261009C00502500,MSFT,2026-10-09,16,C,502.5,0.2,501.48,8.6,9.6,9.1,9.6,11.0,0.2471,0.4627,0.0149,-0.3132,0.4274,10.2808,48.8,115,34
MSFT261009P00502500,MSFT,2026-10-09,16,P,502.5,0.2,501.48,11.65,13.2,12.425,13.12,12.5,0.2456,-0.5451,0.0152,-0.319,0.4247,10.3577,51.2,15,1
MSFT261009C00505000,MSFT,2026-10-09,16,C,505.0,0.7,501.48,7.45,8.1,7.775,7.8,8.4,0.2455,0.4259,0.0148,-0.3081,0.422,9.045,44.9,592,1152
MSFT261009P00505000,MSFT,2026-10-09,16,P,505.0,0.7,501.48,13.05,14.7,13.875,14.0,11.9,0.2454,-0.5828,0.0151,-0.3141,0.4194,11.6761,55.1,5,104
MSFT261009C00507500,MSFT,2026-10-09,16,C,507.5,1.2,501.48,6.55,7.5,7.025,7.5,13.5,0.2458,0.3897,0.0145,-0.3006,0.4133,7.9836,41.2,302,85
MSFT261009P00507500,MSFT,2026-10-09,16,P,507.5,1.2,501.48,14.5,16.3,15.4,17.05,11.7,0.2447,-0.6197,0.0148,-0.3066,0.4077,13.0691,58.9,4,0
MSFT261009C00510000,MSFT,2026-10-09,16,C,510.0,1.7,501.48,5.7,6.55,6.125,5.67,13.9,0.2452,0.3546,0.0141,-0.2908,0.4012,6.9783,37.5,769,2922
MSFT261009P00510000,MSFT,2026-10-09,16,P,510.0,1.7,501.48,16.1,17.95,17.025,18.69,10.9,0.2442,-0.6557,0.0144,-0.2969,0.3962,14.5644,62.6,5,134
MSFT261009C00512500,MSFT,2026-10-09,16,C,512.5,2.2,501.48,4.95,5.75,5.35,5.45,15.0,0.2457,0.3208,0.0135,-0.279,0.3865,6.1076,33.9,484,380
MSFT261009P00512500,MSFT,2026-10-09,16,P,512.5,2.2,501.48,17.7,19.95,18.825,0.0,12.0,0.246,-0.6903,0.0139,-0.285,0.3773,16.2415,66.0,0,0
MSFT261009C00515000,MSFT,2026-10-09,16,C,515.0,2.7,501.48,4.4,4.8,4.6,4.6,8.7,0.2447,0.2887,0.0129,-0.2655,0.3691,5.2656,30.5,127,372
MSFT261009P00515000,MSFT,2026-10-09,16,P,515.0,2.7,501.48,19.2,21.85,20.525,23.3,12.9,0.243,-0.7235,0.0133,-0.2716,0.3611,17.8194,69.6,0,93
MSFT261009C00517500,MSFT,2026-10-09,16,C,517.5,3.19,501.48,3.55,4.35,3.95,3.43,20.3,0.2443,0.2584,0.0122,-0.2507,0.3501,4.5312,27.2,7,6
MSFT261009P00517500,MSFT,2026-10-09,16,P,517.5,3.19,501.48,21.0,23.8,22.4,20.5,12.5,0.2424,-0.7547,0.0126,-0.2567,0.3365,19.5765,72.9,7,0
MSFT261009C00520000,MSFT,2026-10-09,16,C,520.0,3.69,501.48,3.0,3.75,3.375,3.33,22.2,0.244,0.23,0.0115,-0.2349,0.3292,3.88,24.2,728,809
MSFT261009P00520000,MSFT,2026-10-09,16,P,520.0,3.69,501.48,22.85,25.9,24.375,24.28,12.5,0.2427,-0.7841,0.0119,-0.241,0.3169,21.445,75.9,32,180
MSFT261009C00525000,MSFT,2026-10-09,16,C,525.0,4.69,501.48,2.14,2.57,2.355,2.42,18.3,0.2409,0.1796,0.0099,-0.2018,0.2852,2.7225,18.4,782,1996
MSFT261009P00525000,MSFT,2026-10-09,16,P,525.0,4.69,501.48,26.65,29.15,27.9,29.75,9.0,0.2169,-0.8368,0.0104,-0.2085,0.2672,24.6503,84.0,2,142
MSFT261009C00530000,MSFT,2026-10-09,16,C,530.0,5.69,501.48,1.69,1.89,1.79,1.75,11.2,0.2466,0.1376,0.0083,-0.1688,0.2407,2.0621,14.4,586,567
MSFT261009P00530000,MSFT,2026-10-09,16,P,530.0,5.69,501.48,31.65,34.4,33.025,37.4,8.3,0.2495,-0.8812,0.0089,-0.1773,0.2158,29.7268,85.3,0,10
MSFT261009C00535000,MSFT,2026-10-09,16,C,535.0,6.68,501.48,1.01,1.42,1.215,1.36,33.7,0.2448,0.1037,0.0067,-0.1378,0.1983,1.4037,10.5,147,591
MSFT261009P00535000,MSFT,2026-10-09,16,P,535.0,6.68,501.48,36.2,39.05,37.625,38.08,7.6,0.2538,-0.9177,0.0074,-0.149,0.1661,34.1744,88.7,1,3
MSFT261009C00540000,MSFT,2026-10-09,16,C,540.0,7.68,501.48,0.85,1.02,0.935,0.85,18.2,0.2518,0.0772,0.0054,-0.1102,0.1602,1.0719,8.1,194,5498
MSFT261009P00540000,MSFT,2026-10-09,16,P,540.0,7.68,501.48,40.35,43.65,42.0,41.44,7.9,0.2127,-0.9475,0.0063,-0.1238,0.1203,38.0842,95.0,0,1
MSFT261009C00545000,MSFT,2026-10-09,16,C,545.0,8.68,501.48,0.48,0.75,0.615,0.7,43.9,0.2502,0.0569,0.0042,-0.0869,0.1273,0.706,5.7,135,5430
MSFT261009P00545000,MSFT,2026-10-09,16,P,545.0,8.68,501.48,45.2,48.65,46.925,45.1,7.4,0.0,-0.971,0.005,-0.0972,0.0715,,,0,3
MSFT261009C00550000,MSFT,2026-10-09,16,C,550.0,9.68,501.48,0.3,0.62,0.46,0.45,69.6,0.2558,0.0417,0.0032,-0.0678,0.1,0.5243,4.3,72,849
MSFT261009P00550000,MSFT,2026-10-09,16,P,550.0,9.68,501.48,50.1,53.6,51.85,56.84,6.8,0.0,-0.987,0.0033,-0.0712,0.0342,,,0,1
MSFT261009C00555000,MSFT,2026-10-09,16,C,555.0,10.67,501.48,0.25,0.36,0.305,0.28,36.1,0.256,0.0307,0.0025,-0.0529,0.0782,0.3469,3.0,126,188
MSFT261009P00555000,MSFT,2026-10-09,16,P,555.0,10.67,501.48,55.8,58.35,57.075,0.0,4.5,0.2899,-0.9962,0.0014,-0.0609,0.013,53.2208,95.3,0,0
MSFT261009C00560000,MSFT,2026-10-09,16,C,560.0,11.67,501.48,0.16,0.35,0.255,0.23,74.5,0.2657,0.023,0.0019,-0.0418,0.0618,0.2836,2.4,1,191
MSFT261009P00560000,MSFT,2026-10-09,16,P,560.0,11.67,501.48,60.1,63.35,61.725,66.35,5.3,0.0,-0.9991,0.0004,-0.0596,0.0,,,0,0
MSFT261009C00565000,MSFT,2026-10-09,16,C,565.0,12.67,501.48,0.01,0.39,0.2,0.19,190.0,0.2727,0.0174,0.0015,-0.0333,0.0491,0.2203,1.8,10,148
MSFT261009P00565000,MSFT,2026-10-09,16,P,565.0,12.67,501.48,65.7,68.65,67.175,71.95,4.4,0.3439,-1.0,0.0,-0.0596,0.0,63.3547,95.2,0,0
MSFT261009C00570000,MSFT,2026-10-09,16,C,570.0,13.66,501.48,0.02,0.29,0.155,0.09,174.2,0.2789,0.0135,0.0012,-0.027,0.0395,0.1691,1.4,0,111
MSFT261009P00570000,MSFT,2026-10-09,16,P,570.0,13.66,501.48,70.7,73.65,72.175,0.0,4.1,0.363,-1.0,0.0,-0.0596,0.0,68.3349,95.5,0,0
MSFT261009C00580000,MSFT,2026-10-09,16,C,580.0,15.66,501.48,0.01,0.2,0.105,0.08,181.0,0.2949,0.0087,0.0008,-0.0192,0.0271,0.1123,0.9,0,230
MSFT261009P00580000,MSFT,2026-10-09,16,P,580.0,15.66,501.48,80.1,83.5,81.8,0.0,4.2,0.0,-1.0,0.0,-0.0596,0.0,,,0,0
MSFT261009C00590000,MSFT,2026-10-09,16,C,590.0,17.65,501.48,0.01,0.11,0.06,0.07,166.7,0.3037,0.0062,0.0005,-0.0148,0.0201,0.0633,0.5,0,44
MSFT261009P00590000,MSFT,2026-10-09,16,P,590.0,17.65,501.48,90.7,93.5,92.1,0.0,3.0,0.4225,-1.0,0.0,-0.0596,0.0,88.1419,96.9,0,0
MSFT261009C00600000,MSFT,2026-10-09,16,C,600.0,19.65,501.48,0.01,0.1,0.055,0.01,163.6,0.3274,0.0047,0.0004,-0.0121,0.0156,0.0565,0.4,5,113
MSFT261009P00600000,MSFT,2026-10-09,16,P,600.0,19.65,501.48,100.1,103.55,101.825,0.0,3.4,0.0,-1.0,0.0,-0.0596,0.0,,,0,0
MSFT261009C00610000,MSFT,2026-10-09,16,C,610.0,21.64,501.48,0.0,0.09,0.05,0.05,,0.3499,0.0037,0.0003,-0.0102,0.0126,0.0504,0.4,4,426
MSFT261009P00610000,MSFT,2026-10-09,16,P,610.0,21.64,501.48,110.1,113.55,111.825,0.0,3.1,0.0,-1.0,0.0,-0.0596,0.0,,,0,0
MSFT261009C00620000,MSFT,2026-10-09,16,C,620.0,23.63,501.48,0.0,0.1,0.04,0.04,,0.3787,0.003,0.0002,-0.0088,0.0103,0.0544,0.4,19,6
MSFT261009P00620000,MSFT,2026-10-09,16,P,620.0,23.63,501.48,120.15,123.35,121.75,0.0,2.6,0.0,-1.0,0.0,-0.0596,0.0,,,0,0
MSFT261016C00380000,MSFT,2026-10-16,23,C,380.0,-24.22,501.48,117.85,120.1,118.975,116.0,1.9,0.0,0.9928,0.0004,-0.0094,0.0267,,,0,1956
MSFT261016P00380000,MSFT,2026-10-16,23,P,380.0,-24.22,501.48,0.12,0.18,0.15,0.17,40.0,0.4523,-0.0073,0.0004,-0.0222,0.0267,0.1102,0.8,17,4539
MSFT261016C00385000,MSFT,2026-10-16,23,C,385.0,-23.23,501.48,112.95,116.35,114.65,114.6,3.0,0.4804,0.9919,0.0004,-0.0116,0.0297,117.6982,98.4,0,1333
MSFT261016P00385000,MSFT,2026-10-16,23,P,385.0,-23.23,501.48,0.11,0.19,0.15,0.17,53.3,0.433,-0.0082,0.0004,-0.0239,0.0297,0.1097,0.8,8,2080
MSFT261016C00390000,MSFT,2026-10-16,23,C,390.0,-22.23,501.48,107.9,110.5,109.2,110.35,2.4,0.0,0.9909,0.0005,-0.0141,0.033,,,0,2572
MSFT261016P00390000,MSFT,2026-10-16,23,P,390.0,-22.23,501.48,0.01,0.25,0.13,0.16,184.6,0.4066,-0.0093,0.0005,-0.0258,0.0332,0.0937,0.7,82,8353
MSFT261016C00395000,MSFT,2026-10-16,23,C,395.0,-21.23,501.48,103.1,106.4,104.75,100.7,3.2,0.4515,0.9896,0.0005,-0.0168,0.0369,107.7754,98.1,1,1622
MSFT261016P00395000,MSFT,2026-10-16,23,P,395.0,-21.23,501.48,0.1,0.32,0.21,0.15,104.8,0.4125,-0.0106,0.0005,-0.028,0.037,0.1544,1.1,20,1720
MSFT261016C00400000,MSFT,2026-10-16,23,C,400.0,-20.24,501.48,98.25,101.45,99.85,99.5,3.2,0.4439,0.9881,0.0006,-0.0199,0.0415,102.8546,97.7,82,2784
MSFT261016P00400000,MSFT,2026-10-16,23,P,400.0,-20.24,501.48,0.2,0.23,0.215,0.2,14.0,0.3942,-0.0121,0.0006,-0.0306,0.0415,0.1571,1.2,2338,5220
MSFT261016C00405000,MSFT,2026-10-16,23,C,405.0,-19.24,501.48,92.85,96.5,94.675,92.5,3.9,0.3907,0.9863,0.0007,-0.0233,0.0468,97.7124,98.4,5,3533
MSFT261016P00405000,MSFT,2026-10-16,23,P,405.0,-19.24,501.48,0.14,0.41,0.275,0.22,98.2,0.3881,-0.0139,0.0007,-0.0335,0.047,0.2027,1.5,24,1630
MSFT261016C00410000,MSFT,2026-10-16,23,C,410.0,-18.24,501.48,89.0,91.55,90.275,89.36,2.8,0.4462,0.9841,0.0008,-0.0271,0.053,93.1986,96.1,2,2292
MSFT261016P00410000,MSFT,2026-10-16,23,P,410.0,-18.24,501.48,0.24,0.31,0.275,0.26,25.5,0.3683,-0.0161,0.0008,-0.0368,0.0532,0.2011,1.5,96,2305
MSFT261016C00415000,MSFT,2026-10-16,23,C,415.0,-17.24,501.48,83.1,86.5,84.8,84.28,4.0,0.3665,0.9815,0.001,-0.0315,0.0603,87.8072,97.9,1,1531
MSFT261016P00415000,MSFT,2026-10-16,23,P,415.0,-17.24,501.48,0.23,0.36,0.295,0.31,44.1,0.3523,-0.0187,0.001,-0.0406,0.0603,0.2149,1.7,42,1613
MSFT261016C00420000,MSFT,2026-10-16,23,C,420.0,-16.25,501.48,78.2,81.65,79.925,76.59,4.3,0.3609,0.9783,0.0012,-0.0365,0.0691,82.904,97.4,3,4185
MSFT261016P00420000,MSFT,2026-10-16,23,P,420.0,-16.25,501.48,0.28,0.45,0.365,0.33,46.6,0.3438,-0.0219,0.0012,-0.0451,0.0695,0.2674,2.1,73,7803
MSFT261016C00425000,MSFT,2026-10-16,23,C,425.0,-15.25,501.48,73.4,76.1,74.75,73.35,3.6,0.3138,0.9743,0.0014,-0.0423,0.0795,77.7643,98.2,5,1335
MSFT261016P00425000,MSFT,2026-10-16,23,P,425.0,-15.25,501.48,0.34,0.45,0.395,0.43,27.8,0.3279,-0.026,0.0014,-0.0505,0.0797,0.2883,2.3,44,1587
MSFT261016C00430000,MSFT,2026-10-16,23,C,430.0,-14.25,501.48,68.5,71.2,69.85,68.78,3.9,0.3062,0.9691,0.0017,-0.0493,0.0923,72.8389,97.7,31,1168
MSFT261016P00430000,MSFT,2026-10-16,23,P,430.0,-14.25,501.48,0.39,0.5,0.445,0.51,24.7,0.314,-0.0311,0.0017,-0.057,0.0924,0.3247,2.6,269,2501
MSFT261016C00435000,MSFT,2026-10-16,23,C,435.0,-13.26,501.48,63.65,66.35,65.0,65.35,4.2,0.3015,0.9625,0.0021,-0.0579,0.1081,67.9527,97.0,18,1161
MSFT261016P00435000,MSFT,2026-10-16,23,P,435.0,-13.26,501.48,0.45,0.69,0.57,0.6,42.1,0.3067,-0.0378,0.0021,-0.0652,0.1086,0.4179,3.3,145,2327
MSFT261016C00440000,MSFT,2026-10-16,23,C,440.0,-12.26,501.48,58.8,61.5,60.15,60.9,4.5,0.2933,0.954,0.0025,-0.0682,0.1274,63.0674,96.2,42,2315
MSFT261016P00440000,MSFT,2026-10-16,23,P,440.0,-12.26,501.48,0.63,0.79,0.71,0.72,22.5,0.2978,-0.0466,0.0025,-0.0752,0.1281,0.5218,4.0,1600,5923
MSFT261016C00445000,MSFT,2026-10-16,23,C,445.0,-11.26,501.48,54.05,56.8,55.425,52.9,5.0,0.2914,0.9428,0.0031,-0.0808,0.1508,58.282,94.9,9,879
MSFT261016P00445000,MSFT,2026-10-16,23,P,445.0,-11.26,501.48,0.82,1.05,0.935,0.92,24.6,0.2928,-0.0577,0.0031,-0.0872,0.1512,0.6983,5.2,670,2886
MSFT261016C00450000,MSFT,2026-10-16,23,C,450.0,-10.27,501.48,50.05,52.05,51.05,51.5,3.9,0.3038,0.9285,0.0037,-0.0957,0.1789,53.7905,92.2,638,7788
MSFT261016P00450000,MSFT,2026-10-16,23,P,450.0,-10.27,501.48,1.12,1.28,1.2,1.24,13.3,0.286,-0.0723,0.0038,-0.1019,0.1808,0.9022,6.6,1052,4979
MSFT261016C00455000,MSFT,2026-10-16,23,C,455.0,-9.27,501.48,44.75,47.35,46.05,45.0,5.6,0.2785,0.9102,0.0045,-0.1132,0.2117,48.7761,91.8,73,1148
MSFT261016P00455000,MSFT,2026-10-16,23,P,455.0,-9.27,501.48,1.44,1.7,1.57,1.49,16.6,0.281,-0.0908,0.0046,-0.1192,0.2124,1.1941,8.4,144,2828
MSFT261016C00460000,MSFT,2026-10-16,23,C,460.0,-8.27,501.48,41.25,42.8,42.025,41.43,3.7,0.2933,0.8869,0.0055,-0.1333,0.2494,44.5907,87.9,112,3480
MSFT261016P00460000,MSFT,2026-10-16,23,P,460.0,-8.27,501.48,1.93,2.05,1.99,2.04,6.0,0.2741,-0.1144,0.0055,-0.1391,0.2506,1.5297,10.4,875,4347
MSFT261016C00465000,MSFT,2026-10-16,23,C,465.0,-7.27,501.48,36.55,38.35,37.45,38.3,4.8,0.2803,0.8581,0.0065,-0.1558,0.2913,39.9361,85.9,16,1560
MSFT261016P00465000,MSFT,2026-10-16,23,P,465.0,-7.27,501.48,2.51,2.64,2.575,2.53,5.0,0.2693,-0.1436,0.0066,-0.1614,0.2936,2.0056,13.1,772,3685
MSFT261016C00470000,MSFT,2026-10-16,23,C,470.0,-6.28,501.48,32.0,34.05,33.025,33.72,6.2,0.2693,0.8233,0.0076,-0.1795,0.3352,35.4123,83.2,107,4676
MSFT261016P00470000,MSFT,2026-10-16,23,P,470.0,-6.28,501.48,3.25,3.45,3.35,3.44,6.0,0.2659,-0.1788,0.0077,-0.1849,0.3383,2.6494,16.5,5889,6084
MSFT261016C00472500,MSFT,2026-10-16,23,C,472.5,-5.78,501.48,29.7,31.85,30.775,27.8,7.0,0.2614,0.8037,0.0082,-0.1914,0.357,33.1134,81.9,10,0
MSFT261016P00472500,MSFT,2026-10-16,23,P,472.5,-5.78,501.48,3.65,3.95,3.8,3.95,7.9,0.2639,-0.1987,0.0083,-0.1968,0.3587,3.0221,18.3,2846,18
MSFT261016C00475000,MSFT,2026-10-16,23,C,475.0,-5.28,501.48,27.75,29.9,28.825,28.45,7.5,0.261,0.7827,0.0087,-0.2028,0.3785,31.0839,79.8,18,1506
MSFT261016P00475000,MSFT,2026-10-16,23,P,475.0,-5.28,501.48,4.15,4.4,4.275,4.3,5.8,0.2602,-0.2199,0.0088,-0.2082,0.3802,3.3814,20.1,2537,2461
MSFT261016C00477500,MSFT,2026-10-16,23,C,477.5,-4.78,501.48,25.85,27.9,26.875,28.0,7.6,0.2592,0.7604,0.0093,-0.2138,0.3995,29.0588,77.6,16,0
MSFT261016P00477500,MSFT,2026-10-16,23,P,477.5,-4.78,501.48,4.45,5.2,4.825,4.67,15.5,0.2596,-0.2426,0.0094,-0.2191,0.402,3.8911,22.4,48,10
MSFT261016C00480000,MSFT,2026-10-16,23,C,480.0,-4.28,501.48,24.05,25.95,25.0,25.28,7.6,0.2578,0.7369,0.0098,-0.224,0.4192,27.1006,75.3,56,3496
MSFT261016P00480000,MSFT,2026-10-16,23,P,480.0,-4.28,501.48,5.25,5.7,5.475,5.43,8.2,0.2588,-0.2665,0.01,-0.2293,0.4203,4.4503,24.8,3338,5108
MSFT261016C00482500,MSFT,2026-10-16,23,C,482.5,-3.78,501.48,22.2,24.0,23.1,22.9,7.8,0.2544,0.7121,0.0103,-0.2332,0.4378,25.1195,73.0,6,11
MSFT261016P00482500,MSFT,2026-10-16,23,P,482.5,-3.78,501.48,5.7,6.5,6.1,5.83,13.1,0.2559,-0.2917,0.0105,-0.2385,0.4407,4.9849,27.2,75,58
MSFT261016C00485000,MSFT,2026-10-16,23,C,485.0,-3.29,501.48,21.0,21.85,21.425,21.92,4.0,0.2547,0.686,0.0108,-0.2414,0.4548,23.3466,70.2,93,1758
MSFT261016P00485000,MSFT,2026-10-16,23,P,485.0,-3.29,501.48,6.45,7.3,6.875,6.62,12.4,0.255,-0.3182,0.011,-0.2468,0.4561,5.6583,29.8,657,5200
MSFT261016C00487500,MSFT,2026-10-16,23,C,487.5,-2.79,501.48,18.95,20.15,19.55,19.1,6.1,0.2492,0.6588,0.0112,-0.2484,0.4699,21.3899,67.8,22,3
MSFT261016P00487500,MSFT,2026-10-16,23,P,487.5,-2.79,501.48,7.2,8.2,7.7,7.35,13.0,0.2538,-0.3458,0.0114,-0.2539,0.4718,6.3845,32.6,322,93
MSFT261016C00490000,MSFT,2026-10-16,23,C,490.0,-2.29,501.48,17.55,18.4,17.975,17.95,4.7,0.2529,0.6305,0.0116,-0.2542,0.4831,19.9059,64.5,443,7746
MSFT261016P00490000,MSFT,2026-10-16,23,P,490.0,-2.29,501.48,8.2,9.05,8.625,8.15,9.9,0.253,-0.3747,0.0118,-0.2596,0.4843,7.197,35.5,2838,4375
MSFT261016C00492500,MSFT,2026-10-16,23,C,492.5,-1.79,501.48,16.15,17.0,16.575,17.2,5.1,0.2503,0.6012,0.012,-0.2586,0.4938,18.2118,61.6,101,69
MSFT261016P00492500,MSFT,2026-10-16,23,P,492.5,-1.79,501.48,9.05,10.05,9.55,9.3,10.5,0.2509,-0.4046,0.0122,-0.2641,0.4944,8.0202,38.4,75,54
MSFT261016C00495000,MSFT,2026-10-16,23,C,495.0,-1.29,501.48,14.9,15.5,15.2,15.3,3.9,0.2508,0.5711,0.0123,-0.2616,0.502,16.7372,58.5,1259,5872
MSFT261016P00495000,MSFT,2026-10-16,23,P,495.0,-1.29,501.48,10.15,10.85,10.5,10.6,6.7,0.2477,-0.4354,0.0125,-0.2671,0.5023,8.8614,41.3,680,3116
MSFT261016C00497500,MSFT,2026-10-16,23,C,497.5,-0.79,501.48,13.5,13.95,13.725,13.7,3.3,0.2473,0.5403,0.0125,-0.2631,0.5074,15.1448,55.5,247,127
MSFT261016P00497500,MSFT,2026-10-16,23,P,497.5,-0.79,501.48,11.3,12.25,11.775,11.33,8.1,0.2494,-0.4669,0.0127,-0.2688,0.5069,10.0158,44.6,51,70
MSFT261016C00500000,MSFT,2026-10-16,23,C,500.0,-0.3,501.48,12.3,12.65,12.475,12.45,2.8,0.2481,0.509,0.0126,-0.2632,0.5098,13.841,52.3,3691,25195
MSFT261016P00500000,MSFT,2026-10-16,23,P,500.0,-0.3,501.48,12.7,13.25,12.975,12.8,4.2,0.2456,-0.4988,0.0129,-0.269,0.508,10.9777,47.7,524,8730
MSFT261016C00502500,MSFT,2026-10-16,23,C,502.5,0.2,501.48,10.95,11.45,11.2,11.18,4.5,0.2455,0.4775,0.0126,-0.2617,0.5092,12.4471,49.1,163,110
MSFT261016P00502500,MSFT,2026-10-16,23,P,502.5,0.2,501.48,13.8,14.85,14.325,13.95,7.3,0.2481,-0.5311,0.013,-0.2676,0.507,12.3325,50.9,55,60
MSFT261016C00505000,MSFT,2026-10-16,23,C,505.0,0.7,501.48,9.95,10.45,10.2,10.14,4.9,0.2477,0.4462,0.0126,-0.2588,0.5054,11.3734,45.9,747,2833
MSFT261016P00505000,MSFT,2026-10-16,23,P,505.0,0.7,501.48,15.15,16.05,15.6,15.35,5.8,0.2452,-0.5633,0.0129,-0.265,0.5014,13.4967,54.1,316,1574
MSFT261016C00507500,MSFT,2026-10-16,23,C,507.5,1.2,501.48,8.55,9.45,9.0,9.18,10.0,0.2435,0.4152,0.0125,-0.2545,0.4987,10.0587,42.7,567,107
MSFT261016P00507500,MSFT,2026-10-16,23,P,507.5,1.2,501.48,16.6,17.75,17.175,16.85,6.7,0.2465,-0.5952,0.0128,-0.2607,0.4936,14.9507,57.3,140,3
MSFT261016C00510000,MSFT,2026-10-16,23,C,510.0,1.7,501.48,8.05,8.2,8.125,8.1,1.8,0.2447,0.3848,0.0122,-0.2489,0.4892,9.0926,39.6,4294,41367
MSFT261016P00510000,MSFT,2026-10-16,23,P,510.0,1.7,501.48,18.15,19.4,18.775,18.4,6.7,0.247,-0.6265,0.0126,-0.2554,0.4834,16.4419,60.3,50,1208
MSFT261016C00512500,MSFT,2026-10-16,23,C,512.5,2.2,501.48,6.75,7.55,7.15,7.25,11.2,0.2423,0.3552,0.0119,-0.242,0.4769,8.0275,36.5,138,70
MSFT261016P00512500,MSFT,2026-10-16,23,P,512.5,2.2,501.48,19.6,21.0,20.3,18.95,6.9,0.2441,-0.657,0.0123,-0.2486,0.4677,17.8442,63.5,0,1
MSFT261016C00515000,MSFT,2026-10-16,23,C,515.0,2.7,501.48,6.3,6.6,6.45,6.4,4.7,0.2443,0.3267,0.0116,-0.2341,0.4625,7.2496,33.6,1470,3775
MSFT261016P00515000,MSFT,2026-10-16,23,P,515.0,2.7,501.48,21.55,22.3,21.925,21.58,3.4,0.2418,-0.6866,0.012,-0.2409,0.4537,19.3557,66.5,20,356
MSFT261016C00517500,MSFT,2026-10-16,23,C,517.5,3.19,501.48,5.25,6.0,5.625,5.55,13.3,0.242,0.2994,0.0111,-0.2252,0.4458,6.3425,30.6,185,81
MSFT261016P00517500,MSFT,2026-10-16,23,P,517.5,3.19,501.48,22.4,25.05,23.725,23.05,11.2,0.2416,-0.7148,0.0116,-0.232,0.4306,21.0416,69.4,0,6
MSFT261016C00520000,MSFT,2026-10-16,23,C,520.0,3.69,501.48,4.95,5.1,5.025,5.0,3.0,0.2434,0.2734,0.0107,-0.2155,0.4275,5.6744,28.0,3658,11231
MSFT261016P00520000,MSFT,2026-10-16,23,P,520.0,3.69,501.48,24.2,26.95,25.575,26.16,10.8,0.2411,-0.7419,0.0111,-0.2224,0.4127,22.7847,72.2,70,1048
MSFT261016C00525000,MSFT,2026-10-16,23,C,525.0,4.69,501.48,3.8,3.9,3.85,3.85,2.6,0.2424,0.2255,0.0096,-0.1943,0.387,4.3656,22.9,1074,4503
MSFT261016P00525000,MSFT,2026-10-16,23,P,525.0,4.69,501.48,28.0,31.05,29.525,30.45,10.3,0.2414,-0.7919,0.0101,-0.2011,0.3653,26.5242,77.2,2,222
MSFT261016C00530000,MSFT,2026-10-16,23,C,530.0,5.69,501.48,2.9,3.1,3.0,2.95,6.7,0.2444,0.1836,0.0085,-0.1716,0.3435,3.4078,18.6,5560,9077
MSFT261016P00530000,MSFT,2026-10-16,23,P,530.0,5.69,501.48,32.05,35.25,33.65,34.0,9.5,0.24,-0.8362,0.009,-0.1788,0.3135,30.438,81.8,3,511
MSFT261016C00535000,MSFT,2026-10-16,23,C,535.0,6.68,501.48,2.2,2.48,2.34,2.25,12.0,0.2471,0.1475,0.0073,-0.1487,0.2994,2.66,15.1,332,2592
MSFT261016P00535000,MSFT,2026-10-16,23,P,535.0,6.68,501.48,36.35,39.65,38.0,38.78,8.7,0.2391,-0.8751,0.008,-0.1574,0.2628,34.5867,85.7,40,129
MSFT261016C00540000,MSFT,2026-10-16,23,C,540.0,7.68,501.48,1.67,1.85,1.76,1.71,10.2,0.2476,0.117,0.0062,-0.1265,0.2565,2.005,11.9,553,4141
MSFT261016P00540000,MSFT,2026-10-16,23,P,540.0,7.68,501.48,40.85,44.15,42.5,45.5,7.8,0.2362,-0.9085,0.0069,-0.1375,0.2115,38.8691,89.2,0,94
MSFT261016C00545000,MSFT,2026-10-16,23,C,545.0,8.68,501.48,1.13,1.35,1.24,1.31,17.7,0.2448,0.0919,0.0052,-0.106,0.2161,1.4196,8.9,519,20301
MSFT261016P00545000,MSFT,2026-10-16,23,P,545.0,8.68,501.48,45.6,49.05,47.325,51.52,7.3,0.2448,-0.9362,0.0059,-0.12,0.1625,43.5676,91.1,0,230
MSFT261016C00550000,MSFT,2026-10-16,23,C,550.0,9.68,501.48,0.92,1.0,0.96,0.91,8.3,0.2485,0.0716,0.0043,-0.0877,0.1798,1.0973,7.1,1519,58275
MSFT261016P00550000,MSFT,2026-10-16,23,P,550.0,9.68,501.48,50.4,53.65,52.025,56.53,6.2,0.2312,-0.9603,0.0053,-0.1013,0.1138,47.9344,94.3,0,138
MSFT261016C00555000,MSFT,2026-10-16,23,C,555.0,10.67,501.48,0.63,0.92,0.775,0.74,37.4,0.2544,0.0555,0.0035,-0.0719,0.1484,0.8819,5.7,475,7252
MSFT261016P00555000,MSFT,2026-10-16,23,P,555.0,10.67,501.48,55.35,58.45,56.9,61.25,5.4,0.0,-0.9788,0.0041,-0.0765,0.0595,,,0,21
MSFT261016C00560000,MSFT,2026-10-16,23,C,560.0,11.67,501.48,0.5,0.58,0.54,0.56,14.8,0.253,0.0429,0.0028,-0.0587,0.1215,0.6172,4.2,169,8344
MSFT261016P00560000,MSFT,2026-10-16,23,P,560.0,11.67,501.48,60.1,63.35,61.725,64.45,5.3,0.0,-0.9919,0.0025,-0.0598,0.0321,,,0,0
MSFT261016C00565000,MSFT,2026-10-16,23,C,565.0,12.67,501.48,0.21,0.63,0.42,0.38,100.0,0.2568,0.0334,0.0023,-0.048,0.0994,0.4757,3.3,13,879
MSFT261016P00565000,MSFT,2026-10-16,23,P,565.0,12.67,501.48,65.1,68.55,66.825,69.35,5.2,0.0,-0.9976,0.0008,-0.0556,0.0,,,0,0
MSFT261016C00570000,MSFT,2026-10-16,23,C,570.0,13.66,501.48,0.3,0.36,0.33,0.31,18.2,0.2612,0.026,0.0018,-0.0392,0.0814,0.3722,2.6,313,18902
MSFT261016P00570000,MSFT,2026-10-16,23,P,570.0,13.66,501.48,70.75,73.3,72.025,75.4,3.5,0.2957,-1.0,0.0,-0.0556,0.0,67.8248,95.8,0,0
MSFT261016C00575000,MSFT,2026-10-16,23,C,575.0,14.66,501.48,0.22,0.3,0.26,0.24,30.8,0.2655,0.0205,0.0015,-0.0324,0.0669,0.2915,2.0,52,1311
MSFT261016P00575000,MSFT,2026-10-16,23,P,575.0,14.66,501.48,75.1,78.5,76.8,89.28,4.4,0.0,-1.0,0.0,-0.0556,0.0,,,0,0
MSFT261016C00580000,MSFT,2026-10-16,23,C,580.0,15.66,501.48,0.15,0.21,0.18,0.17,33.3,0.2629,0.0164,0.0012,-0.0269,0.0553,0.1912,1.4,109,2717
MSFT261016P00580000,MSFT,2026-10-16,23,P,580.0,15.66,501.48,80.1,83.5,81.8,81.05,4.2,0.0,-1.0,0.0,-0.0556,0.0,,,0,0
MSFT261016C00585000,MSFT,2026-10-16,23,C,585.0,16.65,501.48,0.12,0.2,0.16,0.14,50.0,0.2736,0.0132,0.001,-0.0226,0.0461,0.1783,1.3,7,407
MSFT261016P00585000,MSFT,2026-10-16,23,P,585.0,16.65,501.48,85.1,88.5,86.8,99.07,3.9,0.0,-1.0,0.0,-0.0556,0.0,,,0,0
MSFT261016C00590000,MSFT,2026-10-16,23,C,590.0,17.65,501.48,0.05,0.17,0.11,0.12,109.1,0.273,0.0108,0.0008,-0.0193,0.0389,0.1228,0.9,10,1879
MSFT261016P00590000,MSFT,2026-10-16,23,P,590.0,17.65,501.48,90.1,93.65,91.875,0.0,3.9,0.0,-1.0,0.0,-0.0556,0.0,,,0,0
MSFT261016C00595000,MSFT,2026-10-16,23,C,595.0,18.65,501.48,0.05,0.15,0.1,0.1,100.0,0.2818,0.009,0.0007,-0.0166,0.0331,0.1109,0.8,21,17475
MSFT261016P00595000,MSFT,2026-10-16,23,P,595.0,18.65,501.48,95.15,98.5,96.825,104.89,3.5,0.0,-1.0,0.0,-0.0556,0.0,,,0,0
MSFT261016C00600000,MSFT,2026-10-16,23,C,600.0,19.65,501.48,0.07,0.11,0.09,0.05,44.4,0.2899,0.0076,0.0006,-0.0146,0.0286,0.099,0.7,2301,7957
MSFT261016P00600000,MSFT,2026-10-16,23,P,600.0,19.65,501.48,100.1,103.5,101.8,110.96,3.3,0.0,-1.0,0.0,-0.0556,0.0,,,0,1
MSFT261016C00605000,MSFT,2026-10-16,23,C,605.0,20.64,501.48,0.03,0.09,0.06,0.06,100.0,0.2881,0.0065,0.0005,-0.0129,0.025,0.0661,0.5,11,564
MSFT261016P00605000,MSFT,2026-10-16,23,P,605.0,20.64,501.48,105.75,108.35,107.05,115.98,2.4,0.4062,-1.0,0.0,-0.0556,0.0,102.7658,96.9,0,0
MSFT261016C00610000,MSFT,2026-10-16,23,C,610.0,21.64,501.48,0.01,0.06,0.035,0.04,142.9,0.2831,0.0056,0.0004,-0.0116,0.022,0.0388,0.3,5,508
MSFT261016P00610000,MSFT,2026-10-16,23,P,610.0,21.64,501.48,110.75,113.35,112.05,0.0,2.3,0.4202,-1.0,0.0,-0.0556,0.0,107.7482,97.0,0,0
MSFT261016C00615000,MSFT,2026-10-16,23,C,615.0,22.64,501.48,0.01,0.1,0.055,0.05,163.6,0.307,0.0049,0.0004,-0.0105,0.0195,0.0596,0.4,0,162
MSFT261016P00615000,MSFT,2026-10-16,23,P,615.0,22.64,501.48,115.1,118.5,116.8,0.0,2.9,0.0,-1.0,0.0,-0.0556,0.0,,,0,0
MSFT261016C00620000,MSFT,2026-10-16,23,C,620.0,23.63,501.48,0.01,0.05,0.03,0.03,133.3,0.2992,0.0044,0.0003,-0.0095,0.0175,0.0328,0.2,1007,3211
MSFT261016P00620000,MSFT,2026-10-16,23,P,620.0,23.63,501.48,120.1,123.55,121.825,125.35,2.8,0.0,-1.0,0.0,-0.0556,0.0,,,0,0
MSFT261016C00625000,MSFT,2026-10-16,23,C,625.0,24.63,501.48,0.01,0.12,0.065,0.06,169.2,0.3339,0.0039,0.0003,-0.0088,0.0158,0.0692,0.4,4,285
MSFT261016P00625000,MSFT,2026-10-16,23,P,625.0,24.63,501.48,125.1,128.65,126.875,135.93,2.8,0.0,-1.0,0.0,-0.0556,0.0,,,0,0
MSFT261023C00380000,MSFT,2026-10-23,30,C,380.0,-24.22,501.48,118.2,121.85,120.025,0.0,3.0,0.4373,0.9915,0.0004,-0.0062,0.0354,122.9658,98.5,0,0
MSFT261023P00380000,MSFT,2026-10-23,30,P,380.0,-24.22,501.48,0.1,0.35,0.225,0.21,111.1,0.4203,-0.0087,0.0004,-0.021,0.0354,0.1761,1.2,2,33
MSFT261023C00385000,MSFT,2026-10-23,30,C,385.0,-23.23,501.48,113.2,116.9,115.05,0.0,3.2,0.4199,0.9903,0.0005,-0.0088,0.0398,117.985,98.5,0,0
MSFT261023P00385000,MSFT,2026-10-23,30,P,385.0,-23.23,501.48,0.07,0.49,0.28,0.19,150.0,0.4147,-0.0099,0.0005,-0.023,0.04,0.22,1.4,1,7
MSFT261023C00390000,MSFT,2026-10-23,30,C,390.0,-22.23,501.48,108.25,111.95,110.1,0.0,3.4,0.4071,0.9888,0.0005,-0.0117,0.0448,113.0245,98.3,0,0
MSFT261023P00390000,MSFT,2026-10-23,30,P,390.0,-22.23,501.48,0.1,0.29,0.195,0.19,97.4,0.3777,-0.0114,0.0005,-0.0253,0.045,0.1499,1.1,3,12
MSFT261023C00395000,MSFT,2026-10-23,30,C,395.0,-21.23,501.48,103.5,107.1,105.3,0.0,3.4,0.4219,0.9871,0.0006,-0.0148,0.0507,108.2316,97.4,0,0
MSFT261023P00395000,MSFT,2026-10-23,30,P,395.0,-21.23,501.48,0.03,0.47,0.25,0.22,176.0,0.3729,-0.0131,0.0006,-0.0279,0.0507,0.1933,1.4,4,10
MSFT261023C00400000,MSFT,2026-10-23,30,C,400.0,-20.24,501.48,98.4,102.05,100.225,96.0,3.6,0.3838,0.985,0.0007,-0.0184,0.0576,103.1244,97.9,0,5
MSFT261023P00400000,MSFT,2026-10-23,30,P,400.0,-20.24,501.48,0.2,0.5,0.35,0.31,85.7,0.3732,-0.0152,0.0007,-0.0309,0.0578,0.2736,1.8,17,493
MSFT261023C00405000,MSFT,2026-10-23,30,C,405.0,-19.24,501.48,93.65,96.75,95.2,100.8,3.3,0.3551,0.9825,0.0008,-0.0225,0.0656,98.0807,98.1,0,2
MSFT261023P00405000,MSFT,2026-10-23,30,P,405.0,-19.24,501.48,0.16,0.43,0.295,0.22,91.5,0.3461,-0.0177,0.0008,-0.0342,0.0657,0.2264,1.6,1,17
MSFT261023C00410000,MSFT,2026-10-23,30,C,410.0,-18.24,501.48,88.75,92.2,90.475,85.75,3.8,0.3714,0.9794,0.001,-0.0272,0.0753,93.3278,96.9,0,9
MSFT261023P00410000,MSFT,2026-10-23,30,P,410.0,-18.24,501.48,0.01,0.93,0.47,0.52,195.7,0.3534,-0.0208,0.001,-0.0384,0.0751,0.3683,2.4,0,11
MSFT261023C00415000,MSFT,2026-10-23,30,C,415.0,-17.24,501.48,84.0,87.1,85.55,0.0,3.6,0.3644,0.9755,0.0012,-0.0327,0.0869,88.4501,96.3,0,0
MSFT261023P00415000,MSFT,2026-10-23,30,P,415.0,-17.24,501.48,0.29,0.52,0.405,0.57,56.8,0.3266,-0.0248,0.0012,-0.0434,0.0876,0.3104,2.2,0,515
MSFT261023C00420000,MSFT,2026-10-23,30,C,420.0,-16.25,501.48,79.3,81.6,80.45,77.21,2.9,0.3341,0.9707,0.0014,-0.0392,0.1007,83.3619,96.7,0,2
MSFT261023P00420000,MSFT,2026-10-23,30,P,420.0,-16.25,501.48,0.36,0.62,0.49,0.54,53.1,0.3184,-0.0297,0.0014,-0.0494,0.101,0.3759,2.7,78,153
MSFT261023C00425000,MSFT,2026-10-23,30,C,425.0,-15.25,501.48,74.6,77.35,75.975,70.64,3.6,0.3534,0.9646,0.0017,-0.0468,0.1173,78.8021,94.7,0,4
MSFT261023P00425000,MSFT,2026-10-23,30,P,425.0,-15.25,501.48,0.38,0.75,0.565,0.7,65.5,0.3081,-0.0357,0.0017,-0.0563,0.1178,0.4375,3.1,38,60
MSFT261023C00430000,MSFT,2026-10-23,30,C,430.0,-14.25,501.48,69.95,72.5,71.225,72.0,3.6,0.3466,0.9572,0.002,-0.0555,0.1366,74.0108,93.7,0,29
MSFT261023P00430000,MSFT,2026-10-23,30,P,430.0,-14.25,501.48,0.67,0.93,0.8,0.84,32.5,0.3089,-0.0433,0.002,-0.0646,0.137,0.6258,4.2,3,91
MSFT261023C00435000,MSFT,2026-10-23,30,C,435.0,-13.26,501.48,64.4,67.7,66.05,60.0,5.0,0.3144,0.948,0.0024,-0.0654,0.1593,68.8515,94.2,0,19
MSFT261023P00435000,MSFT,2026-10-23,30,P,435.0,-13.26,501.48,0.64,1.15,0.895,0.99,57.0,0.2962,-0.0526,0.0024,-0.074,0.1604,0.7002,4.7,118,80
MSFT261023C00440000,MSFT,2026-10-23,30,C,440.0,-12.26,501.48,59.6,62.35,60.975,63.5,4.5,0.2883,0.9367,0.0029,-0.0766,0.1852,63.7785,94.3,0,11
MSFT261023P00440000,MSFT,2026-10-23,30,P,440.0,-12.26,501.48,1.13,1.32,1.225,1.16,15.5,0.2961,-0.064,0.0029,-0.0848,0.1858,0.9704,6.2,107,208
MSFT261023C00445000,MSFT,2026-10-23,30,C,445.0,-11.26,501.48,54.95,57.7,56.325,52.12,4.9,0.2853,0.9229,0.0034,-0.0891,0.2149,59.0677,92.8,0,53
MSFT261023P00445000,MSFT,2026-10-23,30,P,445.0,-11.26,501.48,1.28,1.62,1.45,1.46,23.4,0.2865,-0.078,0.0035,-0.0969,0.2175,1.1481,7.3,126,87
MSFT261023C00450000,MSFT,2026-10-23,30,C,450.0,-10.27,501.48,50.8,53.1,51.95,52.0,4.4,0.29,0.9062,0.0041,-0.103,0.2482,54.5955,90.3,3,140
MSFT261023P00450000,MSFT,2026-10-23,30,P,450.0,-10.27,501.48,1.65,2.05,1.85,1.85,21.6,0.2825,-0.095,0.0041,-0.1104,0.2492,1.4773,9.1,180,312
MSFT261023C00455000,MSFT,2026-10-23,30,C,455.0,-9.27,501.48,45.65,48.55,47.1,46.09,6.2,0.2723,0.8859,0.0048,-0.1183,0.2851,49.711,89.4,4,10
MSFT261023P00455000,MSFT,2026-10-23,30,P,455.0,-9.27,501.48,2.06,2.5,2.28,2.3,19.3,0.2763,-0.1155,0.0048,-0.1253,0.2874,1.8338,10.9,138,135
MSFT261023C00460000,MSFT,2026-10-23,30,C,460.0,-8.27,501.48,41.25,44.2,42.725,40.17,6.9,0.2694,0.8616,0.0056,-0.1348,0.3256,45.2408,86.9,4,148
MSFT261023P00460000,MSFT,2026-10-23,30,P,460.0,-8.27,501.48,2.74,3.3,3.02,2.89,18.5,0.2769,-0.1401,0.0056,-0.1415,0.3282,2.4645,13.8,212,308
MSFT261023C00465000,MSFT,2026-10-23,30,C,465.0,-7.27,501.48,37.6,40.45,39.025,39.08,7.3,0.2811,0.8328,0.0064,-0.1521,0.3678,41.3796,82.6,51,74
MSFT261023P00465000,MSFT,2026-10-23,30,P,465.0,-7.27,501.48,3.3,3.85,3.575,3.55,15.4,0.2677,-0.1694,0.0065,-0.1586,0.3695,2.9264,16.1,317,185
MSFT261023C00470000,MSFT,2026-10-23,30,C,470.0,-6.28,501.48,33.05,36.35,34.7,34.75,9.5,0.2709,0.7993,0.0073,-0.1697,0.411,36.9628,79.9,14,51
MSFT261023P00470000,MSFT,2026-10-23,30,P,470.0,-6.28,501.48,4.0,4.75,4.375,4.48,17.1,0.262,-0.2034,0.0074,-0.1759,0.4137,3.6089,19.2,779,221
MSFT261023C00475000,MSFT,2026-10-23,30,C,475.0,-5.28,501.48,29.2,31.95,30.575,30.85,9.0,0.2624,0.7613,0.0081,-0.1866,0.4532,32.7231,76.6,22,179
MSFT261023P00475000,MSFT,2026-10-23,30,P,475.0,-5.28,501.48,5.05,5.85,5.45,5.5,14.7,0.259,-0.242,0.0082,-0.1926,0.4576,4.5433,23.0,616,244
MSFT261023C00480000,MSFT,2026-10-23,30,C,480.0,-4.28,501.48,25.55,28.75,27.15,27.18,11.8,0.2651,0.7189,0.0089,-0.2018,0.492,29.1379,71.9,18,37
MSFT261023P00480000,MSFT,2026-10-23,30,P,480.0,-4.28,501.48,6.3,7.2,6.75,6.8,13.3,0.2564,-0.2851,0.0091,-0.2078,0.4936,5.6829,27.3,84,169
MSFT261023C00485000,MSFT,2026-10-23,30,C,485.0,-3.29,501.48,22.3,24.2,23.25,23.73,8.2,0.2538,0.6726,0.0097,-0.2147,0.5256,25.1069,68.0,16,45
MSFT261023P00485000,MSFT,2026-10-23,30,P,485.0,-3.29,501.48,7.65,9.15,8.4,8.84,17.9,0.2561,-0.3324,0.0098,-0.2205,0.5274,7.1491,32.2,54,163
MSFT261023C00490000,MSFT,2026-10-23,30,C,490.0,-2.29,501.48,19.75,20.55,20.15,20.2,4.0,0.2537,0.6228,0.0103,-0.2245,0.5525,21.8406,62.8,136,170
MSFT261023P00490000,MSFT,2026-10-23,30,P,490.0,-2.29,501.48,8.75,11.45,10.1,9.95,26.7,0.2521,-0.3832,0.0105,-0.2303,0.5541,8.6676,37.1,63,140
MSFT261023C00495000,MSFT,2026-10-23,30,C,495.0,-1.29,501.48,16.55,17.75,17.15,17.5,7.0,0.2507,0.5704,0.0107,-0.2306,0.5707,18.6769,57.6,314,212
MSFT261023P00495000,MSFT,2026-10-23,30,P,495.0,-1.29,501.48,10.75,13.9,12.325,12.0,25.6,0.2529,-0.4368,0.011,-0.2365,0.5711,10.6941,42.5,59,138
MSFT261023C00500000,MSFT,2026-10-23,30,C,500.0,-0.3,501.48,13.9,14.85,14.375,14.71,6.6,0.247,0.5163,0.011,-0.2327,0.579,15.7353,52.1,441,413
MSFT261023P00500000,MSFT,2026-10-23,30,P,500.0,-0.3,501.48,13.65,16.3,14.975,14.3,17.7,0.2562,-0.4922,0.0112,-0.2386,0.5775,13.1378,48.1,33,259
MSFT261023C00505000,MSFT,2026-10-23,30,C,505.0,0.7,501.48,11.35,12.95,12.15,12.5,13.2,0.2481,0.4618,0.011,-0.2307,0.577,13.3415,46.5,76,244
MSFT261023P00505000,MSFT,2026-10-23,30,P,505.0,0.7,501.48,15.6,18.45,17.025,17.63,16.7,0.2442,-0.5484,0.0113,-0.2367,0.5733,14.9803,53.5,14,104
MSFT261023C00510000,MSFT,2026-10-23,30,C,510.0,1.7,501.48,9.8,10.55,10.175,10.05,7.4,0.2489,0.4081,0.0108,-0.2246,0.5645,11.2058,41.1,366,338
MSFT261023P00510000,MSFT,2026-10-23,30,P,510.0,1.7,501.48,18.45,21.4,19.925,22.46,14.8,0.242,-0.6038,0.0111,-0.2309,0.5572,17.661,59.1,11,120
MSFT261023C00515000,MSFT,2026-10-23,30,C,515.0,2.7,501.48,7.8,9.05,8.425,8.3,14.8,0.2492,0.3563,0.0104,-0.215,0.5425,9.3066,35.9,38,147
MSFT261023P00515000,MSFT,2026-10-23,30,P,515.0,2.7,501.48,21.5,24.7,23.1,25.65,13.9,0.2398,-0.6575,0.0108,-0.2216,0.5289,20.6204,64.6,10,342
MSFT261023C00520000,MSFT,2026-10-23,30,C,520.0,3.69,501.48,6.3,7.2,6.75,6.92,13.3,0.2464,0.3076,0.0098,-0.2023,0.5126,7.4966,30.8,332,297
MSFT261023P00520000,MSFT,2026-10-23,30,P,520.0,3.69,501.48,25.05,28.3,26.675,27.7,12.2,0.2402,-0.7084,0.0102,-0.2091,0.4978,23.9868,69.6,2,17
MSFT261023C00525000,MSFT,2026-10-23,30,C,525.0,4.69,501.48,4.8,5.65,5.225,5.61,16.3,0.2415,0.2625,0.0091,-0.1872,0.4764,5.8404,25.8,63,308
MSFT261023P00525000,MSFT,2026-10-23,30,P,525.0,4.69,501.48,28.8,32.05,30.425,31.6,10.7,0.239,-0.7556,0.0096,-0.1941,0.456,27.5163,74.4,4,13
MSFT261023C00530000,MSFT,2026-10-23,30,C,530.0,5.69,501.48,3.85,4.5,4.175,4.21,15.6,0.2419,0.2216,0.0083,-0.1705,0.4356,4.6788,21.6,70,497
MSFT261023P00530000,MSFT,2026-10-23,30,P,530.0,5.69,501.48,33.35,36.15,34.75,34.45,8.1,0.2466,-0.7989,0.0088,-0.1775,0.4058,31.669,78.0,1,38
MSFT261023C00535000,MSFT,2026-10-23,30,C,535.0,6.68,501.48,2.97,4.0,3.485,3.61,29.6,0.247,0.1852,0.0074,-0.1529,0.3924,3.9019,18.3,249,1711
MSFT261023P00535000,MSFT,2026-10-23,30,P,535.0,6.68,501.48,38.0,40.55,39.275,38.63,6.5,0.2565,-0.838,0.008,-0.16,0.353,36.0568,80.8,4,2
MSFT261023C00540000,MSFT,2026-10-23,30,C,540.0,7.68,501.48,2.75,3.0,2.875,2.82,8.7,0.2511,0.1532,0.0066,-0.1352,0.3489,3.2208,15.4,54,898
MSFT261023P00540000,MSFT,2026-10-23,30,P,540.0,7.68,501.48,41.35,44.95,43.15,43.01,8.3,0.2422,-0.8725,0.0072,-0.1424,0.3052,39.6479,85.4,1,0
MSFT261023C00545000,MSFT,2026-10-23,30,C,545.0,8.68,501.48,1.67,2.59,2.13,1.96,43.2,0.2472,0.1256,0.0057,-0.118,0.3058,2.4003,12.2,42,177
MSFT261023P00545000,MSFT,2026-10-23,30,P,545.0,8.68,501.48,46.4,49.15,47.775,38.85,5.8,0.2463,-0.9033,0.0065,-0.1278,0.2496,44.1031,87.8,0,2
MSFT261023C00550000,MSFT,2026-10-23,30,C,550.0,9.68,501.48,1.55,2.0,1.775,1.71,25.4,0.2524,0.1022,0.0049,-0.1018,0.2649,1.9963,10.3,145,986
MSFT261023P00550000,MSFT,2026-10-23,30,P,550.0,9.68,501.48,51.05,53.9,52.475,0.0,5.4,0.2494,-0.9297,0.0057,-0.1119,0.19,48.6276,90.0,0,0
MSFT261023C00555000,MSFT,2026-10-23,30,C,555.0,10.67,501.48,1.16,1.74,1.45,1.6,40.0,0.2562,0.0826,0.0042,-0.0869,0.2274,1.6306,8.5,20,168
MSFT261023P00555000,MSFT,2026-10-23,30,P,555.0,10.67,501.48,55.3,58.85,57.075,0.0,6.2,0.2366,-0.9538,0.0053,-0.1032,0.1488,52.8794,93.1,0,0
MSFT261023C00560000,MSFT,2026-10-23,30,C,560.0,11.67,501.48,0.72,1.2,0.96,1.05,50.0,0.2481,0.0664,0.0035,-0.0736,0.1932,1.0885,6.2,71,5261
MSFT261023P00560000,MSFT,2026-10-23,30,P,560.0,11.67,501.48,60.15,64.0,62.075,64.8,6.2,0.2517,-0.9724,0.0044,-0.0812,0.0913,57.8417,93.6,0,8
MSFT261023C00565000,MSFT,2026-10-23,30,C,565.0,12.67,501.48,0.44,1.01,0.725,0.8,78.6,0.2485,0.0532,0.0029,-0.062,0.1633,0.8233,4.8,28,5213
MSFT261023P00565000,MSFT,2026-10-23,30,P,565.0,12.67,501.48,66.2,68.6,67.4,0.0,3.6,0.2941,-0.9872,0.0029,-0.0753,0.0459,63.3982,92.2,0,0
MSFT261023C00570000,MSFT,2026-10-23,30,C,570.0,13.66,501.48,0.61,0.77,0.69,0.64,23.2,0.2602,0.0427,0.0024,-0.0522,0.1376,0.7775,4.4,20,126
MSFT261023P00570000,MSFT,2026-10-23,30,P,570.0,13.66,501.48,70.8,73.65,72.225,0.0,3.9,0.2968,-0.9952,0.0014,-0.0645,0.0138,68.0842,93.4,0,0
MSFT261023C00580000,MSFT,2026-10-23,30,C,580.0,15.66,501.48,0.35,0.39,0.37,0.39,10.8,0.259,0.028,0.0017,-0.0373,0.098,0.4251,2.5,21,66
MSFT261023P00580000,MSFT,2026-10-23,30,P,580.0,15.66,501.48,80.2,83.5,81.85,0.0,4.0,0.0,-1.0,0.0,-0.0645,0.0,,,0,0
MSFT261023C00590000,MSFT,2026-10-23,30,C,590.0,17.65,501.48,0.01,0.51,0.26,0.28,192.3,0.268,0.0193,0.0012,-0.0278,0.072,0.2906,1.7,5,74
MSFT261023P00590000,MSFT,2026-10-23,30,P,590.0,17.65,501.48,90.1,93.55,91.825,0.0,3.8,0.0,-1.0,0.0,-0.0645,0.0,,,0,0
MSFT261023C00600000,MSFT,2026-10-23,30,C,600.0,19.65,501.48,0.1,0.27,0.185,0.15,91.9,0.2778,0.0139,0.0009,-0.0216,0.0545,0.2065,1.2,8,63
MSFT261023P00600000,MSFT,2026-10-23,30,P,600.0,19.65,501.48,100.1,103.55,101.825,0.0,3.4,0.0,-1.0,0.0,-0.0645,0.0,,,0,0
MSFT261023C00610000,MSFT,2026-10-23,30,C,610.0,21.64,501.48,0.01,0.29,0.15,0.07,186.7,0.2914,0.0107,0.0007,-0.018,0.0437,0.1661,0.9,0,10
MSFT261023P00610000,MSFT,2026-10-23,30,P,610.0,21.64,501.48,110.1,113.5,111.8,0.0,3.0,0.0,-1.0,0.0,-0.0645,0.0,,,0,0
MSFT261023C00620000,MSFT,2026-10-23,30,C,620.0,23.63,501.48,0.01,0.27,0.14,0.0,185.7,0.3093,0.0087,0.0005,-0.0155,0.0362,0.1533,0.8,0,0
MSFT261023P00620000,MSFT,2026-10-23,30,P,620.0,23.63,501.48,120.1,123.5,121.8,0.0,2.8,0.0,-1.0,0.0,-0.0645,0.0,,,0,0
MSFT261030C00380000,MSFT,2026-10-30,37,C,380.0,-24.22,501.48,118.55,122.4,120.475,111.73,3.2,0.4208,0.981,0.0007,-0.0282,0.0771,123.3938,97.9,0,1
MSFT261030P00380000,MSFT,2026-10-30,37,P,380.0,-24.22,501.48,0.15,0.9,0.525,0.5,142.9,0.4302,-0.0193,0.0007,-0.0405,0.0773,0.4361,2.3,1,41
MSFT261030C00385000,MSFT,2026-10-30,37,C,385.0,-23.23,501.48,114.0,117.5,115.75,114.08,3.0,0.4331,0.978,0.0008,-0.0332,0.0872,118.6291,97.0,0,1
MSFT261030P00385000,MSFT,2026-10-30,37,P,385.0,-23.23,501.48,0.19,0.84,0.515,0.54,126.2,0.4112,-0.0223,0.0008,-0.0451,0.0876,0.4253,2.4,1,4
MSFT261030C00390000,MSFT,2026-10-30,37,C,390.0,-22.23,501.48,109.05,112.6,110.825,111.5,3.2,0.4198,0.9744,0.0009,-0.0388,0.0985,113.6901,96.7,0,2
MSFT261030P00390000,MSFT,2026-10-30,37,P,390.0,-22.23,501.48,0.2,0.94,0.57,0.7,129.8,0.4003,-0.0259,0.0009,-0.0502,0.0991,0.4711,2.6,0,63
MSFT261030C00395000,MSFT,2026-10-30,37,C,395.0,-21.23,501.48,104.2,107.75,105.975,108.22,3.3,0.4128,0.9703,0.001,-0.0449,0.1113,108.8172,96.3,0,1
MSFT261030P00395000,MSFT,2026-10-30,37,P,395.0,-21.23,501.48,0.71,1.17,0.94,0.9,48.9,0.4177,-0.03,0.001,-0.0559,0.1116,0.7899,3.9,6,11
MSFT261030C00400000,MSFT,2026-10-30,37,C,400.0,-20.24,501.48,99.5,102.9,101.2,98.55,3.4,0.41,0.9656,0.0012,-0.0518,0.1259,104.0106,95.5,12,31
MSFT261030P00400000,MSFT,2026-10-30,37,P,400.0,-20.24,501.48,0.81,0.96,0.885,0.92,16.9,0.3946,-0.0348,0.0012,-0.0623,0.1267,0.7383,3.8,23,680
MSFT261030C00405000,MSFT,2026-10-30,37,C,405.0,-19.24,501.48,94.55,97.75,96.15,0.0,3.3,0.3857,0.96,0.0014,-0.0593,0.142,98.9612,95.7,0,0
MSFT261030P00405000,MSFT,2026-10-30,37,P,405.0,-19.24,501.48,0.6,1.41,1.005,1.08,80.6,0.3854,-0.0405,0.0014,-0.0694,0.1426,0.8388,4.3,5,43
MSFT261030C00410000,MSFT,2026-10-30,37,C,410.0,-18.24,501.48,89.9,93.25,91.575,89.35,3.7,0.3931,0.9534,0.0016,-0.0676,0.1603,94.3299,94.3,0,1
MSFT261030P00410000,MSFT,2026-10-30,37,P,410.0,-18.24,501.48,1.19,1.3,1.245,1.34,8.8,0.383,-0.0471,0.0016,-0.0773,0.1609,1.0454,5.2,12,195
MSFT261030C00415000,MSFT,2026-10-30,37,C,415.0,-17.24,501.48,85.1,87.95,86.525,82.65,3.3,0.3694,0.9458,0.0018,-0.0767,0.1806,89.2792,94.4,0,5
MSFT261030P00415000,MSFT,2026-10-30,37,P,415.0,-17.24,501.48,0.81,1.88,1.345,1.58,79.6,0.37,-0.0548,0.0018,-0.086,0.1822,1.1289,5.7,4,16
MSFT261030C00420000,MSFT,2026-10-30,37,C,420.0,-16.25,501.48,80.35,83.2,81.775,79.35,3.5,0.3626,0.9368,0.0021,-0.0867,0.2032,84.4935,93.5,0,2
MSFT261030P00420000,MSFT,2026-10-30,37,P,420.0,-16.25,501.48,1.32,1.88,1.6,1.73,35.0,0.3646,-0.0638,0.0021,-0.0956,0.2037,1.348,6.6,89,25
MSFT261030C00425000,MSFT,2026-10-30,37,C,425.0,-15.25,501.48,75.75,78.5,77.125,76.1,3.6,0.3587,0.9265,0.0024,-0.0977,0.2282,79.7955,92.3,0,7
MSFT261030P00425000,MSFT,2026-10-30,37,P,425.0,-15.25,501.48,1.57,2.26,1.915,1.99,36.0,0.36,-0.0742,0.0024,-0.1062,0.2302,1.6211,7.8,85,48
MSFT261030C00430000,MSFT,2026-10-30,37,C,430.0,-14.25,501.48,71.1,73.85,72.475,69.7,3.8,0.3525,0.9144,0.0027,-0.1095,0.2553,75.0987,91.2,0,9
MSFT261030P00430000,MSFT,2026-10-30,37,P,430.0,-14.25,501.48,1.82,2.7,2.26,2.45,38.9,0.3543,-0.0864,0.0027,-0.1177,0.2562,1.9182,9.0,16,124
MSFT261030C00435000,MSFT,2026-10-30,37,C,435.0,-13.26,501.48,66.5,69.4,67.95,68.93,4.3,0.3491,0.9006,0.0031,-0.1222,0.2851,70.5174,89.6,4,8
MSFT261030P00435000,MSFT,2026-10-30,37,P,435.0,-13.26,501.48,2.23,3.05,2.64,2.76,31.1,0.3478,-0.1006,0.0031,-0.1302,0.2868,2.2449,10.3,44,2985
MSFT261030C00440000,MSFT,2026-10-30,37,C,440.0,-12.26,501.48,62.15,65.05,63.6,58.91,4.6,0.3488,0.8847,0.0035,-0.1358,0.3165,66.094,87.7,0,15
MSFT261030P00440000,MSFT,2026-10-30,37,P,440.0,-12.26,501.48,2.5,3.65,3.075,3.52,37.4,0.3415,-0.1165,0.0035,-0.1433,0.3178,2.6291,11.8,50,318
MSFT261030C00445000,MSFT,2026-10-30,37,C,445.0,-11.26,501.48,57.45,60.7,59.075,59.4,5.5,0.3403,0.8666,0.0039,-0.1499,0.3502,61.5125,86.1,44,20
MSFT261030P00445000,MSFT,2026-10-30,37,P,445.0,-11.26,501.48,2.8,4.35,3.575,3.89,43.4,0.3348,-0.135,0.0039,-0.1573,0.3516,3.0619,13.4,53,139
MSFT261030C00450000,MSFT,2026-10-30,37,C,450.0,-10.27,501.48,53.55,55.8,54.675,54.83,4.1,0.3334,0.8462,0.0043,-0.1646,0.3846,57.0429,84.3,36,381
MSFT261030P00450000,MSFT,2026-10-30,37,P,450.0,-10.27,501.48,4.55,5.0,4.775,4.65,9.4,0.3447,-0.1557,0.0044,-0.1717,0.3866,4.1371,16.6,342,693
MSFT261030C00455000,MSFT,2026-10-30,37,C,455.0,-9.27,501.48,49.05,52.15,50.6,48.97,6.1,0.3325,0.8234,0.0048,-0.1795,0.4203,52.8767,81.7,3,25
MSFT261030P00455000,MSFT,2026-10-30,37,P,455.0,-9.27,501.48,5.05,5.65,5.35,5.5,11.2,0.3349,-0.1788,0.0048,-0.1864,0.422,4.6476,18.5,154,232
MSFT261030C00460000,MSFT,2026-10-30,37,C,460.0,-8.27,501.48,45.5,47.4,46.45,46.45,4.1,0.3269,0.7981,0.0052,-0.1943,0.4554,48.6434,79.3,71,468
MSFT261030P00460000,MSFT,2026-10-30,37,P,460.0,-8.27,501.48,6.05,6.75,6.4,6.3,10.9,0.3343,-0.2044,0.0053,-0.201,0.4576,5.6132,21.3,157,160
MSFT261030C00465000,MSFT,2026-10-30,37,C,465.0,-7.27,501.48,41.5,44.9,43.2,40.93,7.9,0.3375,0.7704,0.0057,-0.2087,0.4903,45.2594,75.4,6,20
MSFT261030P00465000,MSFT,2026-10-30,37,P,465.0,-7.27,501.48,7.2,7.9,7.55,7.5,9.3,0.3318,-0.2324,0.0058,-0.2152,0.4928,6.6341,24.2,57,183
MSFT261030C00470000,MSFT,2026-10-30,37,C,470.0,-6.28,501.48,37.75,40.7,39.225,37.97,7.5,0.3296,0.7404,0.0061,-0.2223,0.523,41.1917,72.7,21,31
MSFT261030P00470000,MSFT,2026-10-30,37,P,470.0,-6.28,501.48,8.15,9.2,8.675,9.0,12.1,0.3312,-0.2629,0.0062,-0.2286,0.5248,7.8891,27.4,219,429
MSFT261030C00475000,MSFT,2026-10-30,37,C,475.0,-5.28,501.48,34.25,37.2,35.725,33.72,8.3,0.3282,0.7084,0.0065,-0.2348,0.5535,37.5823,69.3,9,36
MSFT261030P00475000,MSFT,2026-10-30,37,P,475.0,-5.28,501.48,9.65,10.7,10.175,9.95,10.3,0.3253,-0.2955,0.0066,-0.241,0.5574,9.027,30.5,73,246
MSFT261030C00480000,MSFT,2026-10-30,37,C,480.0,-4.28,501.48,30.8,32.9,31.85,32.42,6.6,0.3174,0.6744,0.0069,-0.2457,0.5802,33.6162,66.4,75,56
MSFT261030P00480000,MSFT,2026-10-30,37,P,480.0,-4.28,501.48,11.45,12.5,11.975,11.82,8.8,0.3263,-0.3301,0.007,-0.2518,0.5816,10.6895,34.1,72,351
MSFT261030C00485000,MSFT,2026-10-30,37,C,485.0,-3.29,501.48,28.2,30.85,29.525,28.44,9.0,0.3301,0.6388,0.0072,-0.2548,0.6031,31.1475,61.9,32,22
MSFT261030P00485000,MSFT,2026-10-30,37,P,485.0,-3.29,501.48,13.0,15.1,14.05,13.9,14.9,0.3287,-0.3663,0.0073,-0.2608,0.6055,12.6229,38.0,104,82
MSFT261030C00490000,MSFT,2026-10-30,37,C,490.0,-2.29,501.48,24.6,28.0,26.3,26.75,12.9,0.3244,0.6019,0.0074,-0.2617,0.6208,27.8108,58.4,129,100
MSFT261030P00490000,MSFT,2026-10-30,37,P,490.0,-2.29,501.48,14.4,17.5,15.95,15.64,19.4,0.325,-0.4039,0.0076,-0.2677,0.6217,14.3843,41.6,79,132
MSFT261030C00495000,MSFT,2026-10-30,37,C,495.0,-1.29,501.48,23.0,24.05,23.525,23.5,4.5,0.3231,0.5641,0.0076,-0.2664,0.6334,24.9185,54.6,141,290
MSFT261030P00495000,MSFT,2026-10-30,37,P,495.0,-1.29,501.48,16.9,20.0,18.45,17.62,16.8,0.3279,-0.4424,0.0078,-0.2723,0.6335,16.7342,45.6,43,120
MSFT261030C00500000,MSFT,2026-10-30,37,C,500.0,-0.3,501.48,20.3,21.45,20.875,20.9,5.5,0.3208,0.5258,0.0077,-0.2686,0.6402,22.1533,50.7,315,269
MSFT261030P00500000,MSFT,2026-10-30,37,P,500.0,-0.3,501.48,18.55,20.95,19.75,19.92,12.2,0.309,-0.4816,0.0079,-0.2745,0.6391,17.9037,49.1,48,247
MSFT261030C00505000,MSFT,2026-10-30,37,C,505.0,0.7,501.48,17.9,19.0,18.45,18.55,6.0,0.3191,0.4874,0.0078,-0.2683,0.6412,19.6171,46.8,49,125
MSFT261030P00505000,MSFT,2026-10-30,37,P,505.0,0.7,501.48,21.05,24.95,23.0,22.69,17.0,0.3176,-0.5209,0.008,-0.2742,0.6385,20.9981,53.2,1,118
MSFT261030C00510000,MSFT,2026-10-30,37,C,510.0,1.7,501.48,15.15,18.35,16.75,16.76,19.1,0.3258,0.4492,0.0077,-0.2655,0.6365,17.807,43.0,100,312
MSFT261030P00510000,MSFT,2026-10-30,37,P,510.0,1.7,501.48,24.85,27.7,26.275,26.25,10.8,0.3236,-0.5601,0.0079,-0.2715,0.6321,24.1234,57.0,40,270
MSFT261030C00515000,MSFT,2026-10-30,37,C,515.0,2.7,501.48,13.75,15.5,14.625,14.0,12.0,0.3229,0.4117,0.0076,-0.2604,0.6261,15.5727,39.3,78,67
MSFT261030P00515000,MSFT,2026-10-30,37,P,515.0,2.7,501.48,26.9,30.85,28.875,31.0,13.7,0.3159,-0.5987,0.0078,-0.2663,0.6195,26.5693,60.8,0,5
MSFT261030C00520000,MSFT,2026-10-30,37,C,520.0,3.69,501.48,12.05,13.55,12.8,12.0,11.7,0.322,0.3752,0.0074,-0.2532,0.6105,13.6481,35.7,173,315
MSFT261030P00520000,MSFT,2026-10-30,37,P,520.0,3.69,501.48,30.1,34.05,32.075,34.26,12.3,0.3148,-0.6363,0.0077,-0.2592,0.6019,29.6214,64.5,2,2
MSFT261030C00525000,MSFT,2026-10-30,37,C,525.0,4.69,501.48,10.15,11.05,10.6,11.35,8.5,0.3119,0.34,0.0072,-0.2439,0.5903,11.3521,31.9,25,190
MSFT261030P00525000,MSFT,2026-10-30,37,P,525.0,4.69,501.48,34.2,37.35,35.775,35.09,8.8,0.319,-0.6727,0.0075,-0.25,0.5788,33.1706,67.8,0,24
MSFT261030C00530000,MSFT,2026-10-30,37,C,530.0,5.69,501.48,8.15,10.0,9.075,10.0,20.4,0.31,0.3064,0.0069,-0.2331,0.5658,9.7385,28.5,45,302
MSFT261030P00530000,MSFT,2026-10-30,37,P,530.0,5.69,501.48,37.15,40.75,38.95,39.78,9.2,0.3112,-0.7077,0.0072,-0.2394,0.5509,36.1823,71.5,40,2
MSFT261030C00535000,MSFT,2026-10-30,37,C,535.0,6.68,501.48,6.2,10.0,8.1,8.35,46.9,0.3152,0.2746,0.0066,-0.2209,0.5382,8.6826,25.6,14,152
MSFT261030P00535000,MSFT,2026-10-30,37,P,535.0,6.68,501.48,41.35,44.15,42.75,44.76,6.5,0.3114,-0.7408,0.0069,-0.2273,0.5201,39.8305,74.6,0,2
MSFT261030C00540000,MSFT,2026-10-30,37,C,540.0,7.68,501.48,6.45,7.75,7.1,7.4,18.3,0.3203,0.2448,0.0062,-0.2077,0.5077,7.7433,23.1,24,396
MSFT261030P00540000,MSFT,2026-10-30,37,P,540.0,7.68,501.48,45.25,48.3,46.775,47.2,6.5,0.3133,-0.772,0.0065,-0.2143,0.4843,43.7156,77.4,1,63
MSFT261030C00545000,MSFT,2026-10-30,37,C,545.0,8.68,501.48,4.7,8.1,6.4,6.1,53.1,0.3242,0.2172,0.0058,-0.1939,0.4756,6.8537,20.7,59,233
MSFT261030P00545000,MSFT,2026-10-30,37,P,545.0,8.68,501.48,48.65,52.45,50.55,51.47,7.5,0.3065,-0.8011,0.0061,-0.2005,0.4485,47.31,80.5,4,0
MSFT261030C00550000,MSFT,2026-10-30,37,C,550.0,9.68,501.48,4.9,5.5,5.2,5.1,11.5,0.3177,0.1917,0.0054,-0.1797,0.4422,5.5892,17.8,274,1032
MSFT261030P00550000,MSFT,2026-10-30,37,P,550.0,9.68,501.48,52.85,56.75,54.8,55.73,7.1,0.3071,-0.8281,0.0057,-0.1863,0.4084,51.4084,82.9,2,9
MSFT261030C00555000,MSFT,2026-10-30,37,C,555.0,10.67,501.48,3.75,4.95,4.35,4.52,27.6,0.3158,0.1685,0.005,-0.1655,0.4086,4.6803,15.4,13,323
MSFT261030P00555000,MSFT,2026-10-30,37,P,555.0,10.67,501.48,57.7,60.55,59.125,0.0,4.8,0.3067,-0.8528,0.0053,-0.1718,0.3696,55.5793,85.2,0,0
MSFT261030C00560000,MSFT,2026-10-30,37,C,560.0,11.67,501.48,2.9,4.25,3.575,3.74,37.8,0.313,0.1476,0.0045,-0.1515,0.375,3.8567,13.2,21,338
MSFT261030P00560000,MSFT,2026-10-30,37,P,560.0,11.67,501.48,61.75,64.9,63.325,64.59,5.0,0.2981,-0.8755,0.0049,-0.1575,0.3287,59.5605,87.9,4,5
MSFT261030C00565000,MSFT,2026-10-30,37,C,565.0,12.67,501.48,1.94,3.45,2.695,3.13,56.0,0.3034,0.1288,0.0041,-0.1379,0.3424,2.9203,10.7,34,34
MSFT261030P00565000,MSFT,2026-10-30,37,P,565.0,12.67,501.48,66.45,69.6,68.025,0.0,4.6,0.3028,-0.8959,0.0046,-0.1439,0.2888,64.1342,89.3,0,0
MSFT261030C00570000,MSFT,2026-10-30,37,C,570.0,13.66,501.48,1.49,3.0,2.245,2.75,67.3,0.3037,0.112,0.0037,-0.125,0.311,2.4353,9.2,130,274
MSFT261030P00570000,MSFT,2026-10-30,37,P,570.0,13.66,501.48,71.2,74.15,72.675,0.0,4.1,0.3028,-0.9145,0.0042,-0.1326,0.2499,68.622,90.9,0,0
MSFT261030C00580000,MSFT,2026-10-30,37,C,580.0,15.66,501.48,0.92,2.05,1.485,1.98,76.1,0.3018,0.0842,0.003,-0.1014,0.2534,1.615,6.4,20,242
MSFT261030P00580000,MSFT,2026-10-30,37,P,580.0,15.66,501.48,80.35,83.75,82.05,0.0,4.1,0.2846,-0.9463,0.0036,-0.1124,0.1728,77.4152,94.6,0,0
MSFT261030C00590000,MSFT,2026-10-30,37,C,590.0,17.65,501.48,1.06,1.69,1.375,1.47,45.8,0.3229,0.063,0.0024,-0.0814,0.2037,1.4846,5.6,25,153
MSFT261030P00590000,MSFT,2026-10-30,37,P,590.0,17.65,501.48,90.1,93.6,91.85,0.0,3.8,0.0,-0.9716,0.003,-0.095,0.1006,,,0,0
MSFT261030C00600000,MSFT,2026-10-30,37,C,600.0,19.65,501.48,0.67,1.15,0.91,1.11,52.7,0.3208,0.0471,0.0019,-0.065,0.1625,0.9814,3.9,13,67
MSFT261030P00600000,MSFT,2026-10-30,37,P,600.0,19.65,501.48,100.05,103.55,101.8,0.0,3.4,0.0,-0.9892,0.0018,-0.0711,0.0398,,,0,0
MSFT261030C00610000,MSFT,2026-10-30,37,C,610.0,21.64,501.48,0.5,0.91,0.705,0.7,58.2,0.3286,0.0353,0.0015,-0.0517,0.129,0.7563,3.0,2,83
MSFT261030P00610000,MSFT,2026-10-30,37,P,610.0,21.64,501.48,110.1,113.5,111.8,0.0,3.0,0.0,-0.9973,0.0006,-0.0522,0.0,,,0,0
MSFT261030C00620000,MSFT,2026-10-30,37,C,620.0,23.63,501.48,0.2,0.8,0.5,0.5,120.0,0.3316,0.0264,0.0011,-0.0409,0.1019,0.5382,2.1,3,10
MSFT261030P00620000,MSFT,2026-10-30,37,P,620.0,23.63,501.48,120.1,123.5,121.8,0.0,2.8,0.0,-1.0,0.0,-0.0522,0.0,,,0,0
MSFT261120C00380000,MSFT,2026-11-20,58,C,380.0,-24.22,501.48,120.05,123.75,121.9,116.2,3.0,0.3838,0.968,0.0009,-0.0311,0.1436,124.7131,96.2,0,671
MSFT261120P00380000,MSFT,2026-11-20,58,P,380.0,-24.22,501.48,1.03,1.25,1.14,1.05,19.3,0.3959,-0.0337,0.001,-0.0484,0.1529,0.9831,4.3,200,3352
MSFT261120C00385000,MSFT,2026-11-20,58,C,385.0,-23.23,501.48,115.6,118.45,117.025,129.13,2.4,0.3749,0.9638,0.001,-0.0359,0.1662,119.8258,95.9,0,865
MSFT261120P00385000,MSFT,2026-11-20,58,P,385.0,-23.23,501.48,1.17,1.3,1.235,1.23,10.5,0.3861,-0.0381,0.0011,-0.0527,0.1694,1.0647,4.6,5,1361
MSFT261120C00390000,MSFT,2026-11-20,58,C,390.0,-22.23,501.48,110.8,113.65,112.225,107.72,2.5,0.3701,0.9589,0.0012,-0.0412,0.1812,115.008,95.3,0,1213
MSFT261120P00390000,MSFT,2026-11-20,58,P,390.0,-22.23,501.48,1.08,1.49,1.285,1.39,31.9,0.3733,-0.0431,0.0012,-0.0574,0.1871,1.1062,4.9,58,3093
MSFT261120C00395000,MSFT,2026-11-20,58,C,395.0,-21.23,501.48,106.0,109.35,107.675,106.85,3.1,0.3769,0.9533,0.0013,-0.0469,0.1962,110.4195,94.0,1,1431
MSFT261120P00395000,MSFT,2026-11-20,58,P,395.0,-21.23,501.48,1.43,1.69,1.56,1.56,16.7,0.3715,-0.049,0.0014,-0.0626,0.2066,1.3382,5.7,609,2692
MSFT261120C00400000,MSFT,2026-11-20,58,C,400.0,-20.24,501.48,101.45,104.3,102.875,102.0,2.8,0.3686,0.9471,0.0015,-0.0531,0.2246,105.6017,93.4,68,4312
MSFT261120P00400000,MSFT,2026-11-20,58,P,400.0,-20.24,501.48,1.48,1.86,1.67,1.84,22.8,0.3609,-0.0555,0.0015,-0.0682,0.2285,1.4354,6.1,17,3807
MSFT261120C00405000,MSFT,2026-11-20,58,C,405.0,-19.24,501.48,96.45,99.9,98.175,98.27,3.5,0.3635,0.9397,0.0017,-0.0598,0.2447,100.8713,92.6,1,1266
MSFT261120P00405000,MSFT,2026-11-20,58,P,405.0,-19.24,501.48,1.81,2.21,2.01,2.08,19.9,0.3597,-0.0629,0.0017,-0.0742,0.2516,1.7408,7.2,73,1179
MSFT261120C00410000,MSFT,2026-11-20,58,C,410.0,-18.24,501.48,92.0,95.25,93.625,89.9,3.5,0.363,0.9315,0.0019,-0.0669,0.2644,96.289,91.4,0,994
MSFT261120P00410000,MSFT,2026-11-20,58,P,410.0,-18.24,501.48,2.06,2.66,2.36,2.3,25.4,0.3566,-0.0713,0.0019,-0.0808,0.2766,2.0505,8.2,10,3016
MSFT261120C00415000,MSFT,2026-11-20,58,C,415.0,-17.24,501.48,87.15,90.5,88.825,89.0,3.8,0.3517,0.9221,0.0021,-0.0746,0.3003,91.4665,90.7,0,1055
MSFT261120P00415000,MSFT,2026-11-20,58,P,415.0,-17.24,501.48,2.39,2.98,2.685,2.65,22.0,0.351,-0.0809,0.0021,-0.0878,0.3057,2.338,9.2,63,1236
MSFT261120C00420000,MSFT,2026-11-20,58,C,420.0,-16.25,501.48,82.85,86.0,84.425,84.6,3.7,0.3524,0.9114,0.0023,-0.0828,0.3255,87.0161,89.2,2508,21363
MSFT261120P00420000,MSFT,2026-11-20,58,P,420.0,-16.25,501.48,2.78,3.35,3.065,3.15,18.6,0.3457,-0.0919,0.0024,-0.0954,0.3343,2.6715,10.3,489,2476
MSFT261120C00425000,MSFT,2026-11-20,58,C,425.0,-15.25,501.48,78.1,81.1,79.6,78.1,3.8,0.3389,0.8994,0.0026,-0.0915,0.3553,82.1718,88.6,4,1371
MSFT261120P00425000,MSFT,2026-11-20,58,P,425.0,-15.25,501.48,3.45,3.85,3.65,3.5,11.0,0.3456,-0.1041,0.0026,-0.1035,0.3654,3.2203,11.9,115,1044
MSFT261120C00430000,MSFT,2026-11-20,58,C,430.0,-14.25,501.48,73.75,77.0,75.375,75.5,4.3,0.3409,0.8859,0.0029,-0.1006,0.3931,77.8871,86.7,12,1301
MSFT261120P00430000,MSFT,2026-11-20,58,P,430.0,-14.25,501.48,3.75,4.5,4.125,4.13,18.2,0.3392,-0.1179,0.0029,-0.1119,0.4003,3.6205,13.2,584,2030
MSFT261120C00435000,MSFT,2026-11-20,58,C,435.0,-13.26,501.48,69.35,72.8,71.075,69.09,4.9,0.3386,0.8708,0.0032,-0.11,0.4218,73.5355,84.9,3,900
MSFT261120P00435000,MSFT,2026-11-20,58,P,435.0,-13.26,501.48,4.3,5.4,4.85,4.72,22.7,0.338,-0.1332,0.0032,-0.1208,0.4342,4.2752,15.0,77,1082
MSFT261120C00440000,MSFT,2026-11-20,58,C,440.0,-12.26,501.48,64.65,68.5,66.575,66.65,5.8,0.3302,0.8542,0.0035,-0.1198,0.4662,68.9993,83.5,20,2079
MSFT261120P00440000,MSFT,2026-11-20,58,P,440.0,-12.26,501.48,5.2,6.0,5.6,5.5,14.3,0.3353,-0.1501,0.0035,-0.1298,0.4726,4.9534,16.9,314,2103
MSFT261120C00445000,MSFT,2026-11-20,58,C,445.0,-11.26,501.48,61.05,64.3,62.675,59.4,5.2,0.3327,0.8357,0.0038,-0.1297,0.498,65.0213,81.1,5,1158
MSFT261120P00445000,MSFT,2026-11-20,58,P,445.0,-11.26,501.48,5.8,6.75,6.275,6.17,15.1,0.3293,-0.1688,0.0038,-0.1391,0.5076,5.5606,18.6,128,1368
MSFT261120C00450000,MSFT,2026-11-20,58,C,450.0,-10.27,501.48,57.0,60.3,58.65,58.9,5.6,0.3305,0.8157,0.0041,-0.1397,0.5408,60.9353,78.9,102,4636
MSFT261120P00450000,MSFT,2026-11-20,58,P,450.0,-10.27,501.48,7.05,7.5,7.275,7.2,6.2,0.328,-0.1892,0.0042,-0.1484,0.5442,6.4758,20.8,3069,3104
MSFT261120C00455000,MSFT,2026-11-20,58,C,455.0,-9.27,501.48,52.95,55.55,54.25,54.69,4.8,0.3196,0.7937,0.0044,-0.1495,0.5744,56.4764,77.3,9,827
MSFT261120P00455000,MSFT,2026-11-20,58,P,455.0,-9.27,501.48,7.75,8.9,8.325,8.15,13.8,0.3251,-0.2114,0.0045,-0.1575,0.5818,7.4138,23.1,129,4702
MSFT261120C00460000,MSFT,2026-11-20,58,C,460.0,-8.27,501.48,49.5,52.4,50.95,50.92,5.7,0.3263,0.7702,0.0047,-0.1591,0.6041,53.0931,74.1,47,2122
MSFT261120P00460000,MSFT,2026-11-20,58,P,460.0,-8.27,501.48,8.85,9.8,9.325,9.3,10.2,0.3204,-0.2352,0.0048,-0.1664,0.617,8.3524,25.4,178,2524
MSFT261120C00465000,MSFT,2026-11-20,58,C,465.0,-7.27,501.48,45.9,47.85,46.875,46.09,4.2,0.3178,0.7451,0.005,-0.1681,0.6462,48.948,72.0,1,1799
MSFT261120P00465000,MSFT,2026-11-20,58,P,465.0,-7.27,501.48,10.3,11.0,10.65,10.85,6.6,0.3186,-0.2606,0.0051,-0.1748,0.6523,9.5713,28.1,239,954
MSFT261120C00470000,MSFT,2026-11-20,58,C,470.0,-6.28,501.48,42.15,44.7,43.425,43.6,5.9,0.3173,0.7185,0.0053,-0.1766,0.6733,45.4095,69.1,220,4651
MSFT261120P00470000,MSFT,2026-11-20,58,P,470.0,-6.28,501.48,11.6,13.0,12.3,11.8,11.4,0.3197,-0.2874,0.0054,-0.1826,0.6832,11.1091,31.0,137,1797
MSFT261120C00475000,MSFT,2026-11-20,58,C,475.0,-5.28,501.48,38.45,41.5,39.975,40.5,7.6,0.3148,0.6905,0.0056,-0.1842,0.7086,41.8772,66.3,107,1012
MSFT261120P00475000,MSFT,2026-11-20,58,P,475.0,-5.28,501.48,13.2,14.4,13.8,13.6,8.7,0.3165,-0.3157,0.0056,-0.1896,0.7135,12.5045,33.8,148,1476
MSFT261120C00480000,MSFT,2026-11-20,58,C,480.0,-4.28,501.48,35.45,37.6,36.525,37.25,5.9,0.3103,0.6614,0.0058,-0.1909,0.7311,38.3386,63.4,77,11838
MSFT261120P00480000,MSFT,2026-11-20,58,P,480.0,-4.28,501.48,14.95,16.45,15.7,15.25,9.6,0.3168,-0.3451,0.0059,-0.1957,0.7375,14.2829,36.9,159,1681
MSFT261120C00485000,MSFT,2026-11-20,58,C,485.0,-3.29,501.48,32.6,34.3,33.45,33.7,5.1,0.3086,0.6316,0.006,-0.1966,0.7567,35.14,60.3,86,2095
MSFT261120P00485000,MSFT,2026-11-20,58,P,485.0,-3.29,501.48,16.85,18.4,17.625,17.65,8.8,0.3151,-0.3759,0.0061,-0.2009,0.7602,16.069,40.0,159,899
MSFT261120C00490000,MSFT,2026-11-20,58,C,490.0,-2.29,501.48,30.6,31.3,30.95,31.25,2.3,0.3127,0.6007,0.0062,-0.2009,0.7724,32.5359,56.9,213,4221
MSFT261120P00490000,MSFT,2026-11-20,58,P,490.0,-2.29,501.48,19.1,20.55,19.825,20.36,7.3,0.3155,-0.4068,0.0063,-0.2048,0.7758,18.1649,43.2,341,2576
MSFT261120C00495000,MSFT,2026-11-20,58,C,495.0,-1.29,501.48,27.3,28.2,27.75,28.65,3.2,0.3059,0.5692,0.0063,-0.2042,0.7872,29.2582,53.9,402,2723
MSFT261120P00495000,MSFT,2026-11-20,58,P,495.0,-1.29,501.48,21.15,22.85,22.0,21.51,7.7,0.3133,-0.4387,0.0064,-0.2077,0.7878,20.2181,46.3,159,2536
MSFT261120C00500000,MSFT,2026-11-20,58,C,500.0,-0.3,501.48,24.85,26.1,25.475,25.35,4.9,0.3087,0.5374,0.0064,-0.206,0.7945,26.8833,50.6,1493,9942
MSFT261120P00500000,MSFT,2026-11-20,58,P,500.0,-0.3,501.48,23.7,24.95,24.325,24.04,5.1,0.311,-0.471,0.0065,-0.2092,0.7949,22.417,49.5,297,4893
MSFT261120C00505000,MSFT,2026-11-20,58,C,505.0,0.7,501.48,22.4,23.7,23.05,23.59,5.6,0.3077,0.5054,0.0065,-0.2067,0.7975,24.3717,47.3,219,1686
MSFT261120P00505000,MSFT,2026-11-20,58,P,505.0,0.7,501.48,26.2,27.85,27.025,26.82,6.1,0.311,-0.5038,0.0066,-0.2096,0.7966,24.9548,52.7,27,945
MSFT261120C00510000,MSFT,2026-11-20,58,C,510.0,1.7,501.48,20.35,21.4,20.875,21.14,5.0,0.3077,0.4737,0.0065,-0.2058,0.7962,22.0987,44.2,430,4900
MSFT261120P00510000,MSFT,2026-11-20,58,P,510.0,1.7,501.48,28.9,30.7,29.8,30.2,6.0,0.3108,-0.5359,0.0066,-0.2087,0.7935,27.6345,55.8,78,3495
MSFT261120C00515000,MSFT,2026-11-20,58,C,515.0,2.7,501.48,18.45,19.0,18.725,18.7,2.9,0.3062,0.4421,0.0064,-0.2038,0.7906,19.8634,41.0,580,2398
MSFT261120P00515000,MSFT,2026-11-20,58,P,515.0,2.7,501.48,31.7,33.7,32.7,32.1,6.1,0.3093,-0.5685,0.0066,-0.2065,0.7846,30.3663,58.9,83,666
MSFT261120C00520000,MSFT,2026-11-20,58,C,520.0,3.69,501.48,16.55,17.65,17.1,17.1,6.4,0.3094,0.4112,0.0063,-0.2005,0.7779,18.1522,38.0,365,3218
MSFT261120P00520000,MSFT,2026-11-20,58,P,520.0,3.69,501.48,34.7,36.95,35.825,36.25,6.3,0.3091,-0.6002,0.0065,-0.2034,0.7701,33.354,62.0,22,111
MSFT261120C00525000,MSFT,2026-11-20,58,C,525.0,4.69,501.48,14.55,15.7,15.125,14.99,7.6,0.3063,0.381,0.0062,-0.1961,0.7639,16.0957,35.0,215,1854
MSFT261120P00525000,MSFT,2026-11-20,58,P,525.0,4.69,501.48,37.75,40.35,39.05,36.0,6.7,0.3083,-0.6313,0.0064,-0.199,0.7518,36.4435,64.9,1,408
MSFT261120C00530000,MSFT,2026-11-20,58,C,530.0,5.69,501.48,13.05,13.8,13.425,13.5,5.6,0.3051,0.3514,0.0061,-0.1906,0.7415,14.3356,32.2,905,2378
MSFT261120P00530000,MSFT,2026-11-20,58,P,530.0,5.69,501.48,40.95,43.95,42.45,41.6,7.1,0.3079,-0.6617,0.0063,-0.1939,0.73,39.7083,67.7,27,162
MSFT261120C00535000,MSFT,2026-11-20,58,C,535.0,6.68,501.48,11.3,12.25,11.775,12.1,8.1,0.3025,0.3233,0.0059,-0.1846,0.7203,12.6162,29.3,138,18969
MSFT261120P00535000,MSFT,2026-11-20,58,P,535.0,6.68,501.48,44.3,47.7,46.0,47.69,7.4,0.3076,-0.6909,0.0061,-0.1878,0.7026,43.119,70.4,0,610
MSFT261120C00540000,MSFT,2026-11-20,58,C,540.0,7.68,501.48,9.95,11.05,10.5,10.65,10.5,0.303,0.2963,0.0057,-0.1772,0.6921,11.26,26.7,227,3964
MSFT261120P00540000,MSFT,2026-11-20,58,P,540.0,7.68,501.48,48.4,51.2,49.8,43.03,5.6,0.309,-0.7192,0.006,-0.1811,0.6712,46.7821,72.9,0,44
MSFT261120C00545000,MSFT,2026-11-20,58,C,545.0,8.68,501.48,8.95,9.85,9.4,9.45,9.6,0.3046,0.2708,0.0054,-0.1697,0.6643,10.1008,24.4,432,16692
MSFT261120P00545000,MSFT,2026-11-20,58,P,545.0,8.68,501.48,52.2,54.7,53.45,50.0,4.7,0.3063,-0.7462,0.0058,-0.1738,0.6388,50.2829,75.5,5,31
MSFT261120C00550000,MSFT,2026-11-20,58,C,550.0,9.68,501.48,7.7,8.45,8.075,8.41,9.3,0.3009,0.2465,0.0052,-0.1615,0.6371,8.708,21.9,628,6971
MSFT261120P00550000,MSFT,2026-11-20,58,P,550.0,9.68,501.48,55.6,58.95,57.275,59.29,5.8,0.3041,-0.772,0.0055,-0.166,0.6007,53.9494,77.9,27,153
MSFT261120C00555000,MSFT,2026-11-20,58,C,555.0,10.67,501.48,6.85,7.6,7.225,7.4,10.4,0.3024,0.2241,0.0049,-0.153,0.6005,7.7679,19.8,273,1652
MSFT261120P00555000,MSFT,2026-11-20,58,P,555.0,10.67,501.48,59.5,63.0,61.25,57.75,5.7,0.3022,-0.7966,0.0053,-0.1581,0.5621,57.7592,80.2,5,74
MSFT261120C00560000,MSFT,2026-11-20,58,C,560.0,11.67,501.48,5.85,6.85,6.35,6.45,15.7,0.3025,0.2029,0.0046,-0.1443,0.5702,6.8403,17.8,218,7805
MSFT261120P00560000,MSFT,2026-11-20,58,P,560.0,11.67,501.48,63.65,67.35,65.5,64.9,5.6,0.3034,-0.8194,0.005,-0.1495,0.522,61.8642,82.1,0,24
MSFT261120C00565000,MSFT,2026-11-20,58,C,565.0,12.67,501.48,5.1,6.0,5.55,5.8,16.2,0.3023,0.1831,0.0044,-0.1355,0.5326,5.9916,15.9,46,1300
MSFT261120P00565000,MSFT,2026-11-20,58,P,565.0,12.67,501.48,67.9,71.55,69.725,78.0,5.2,0.302,-0.8414,0.0048,-0.1412,0.4777,65.9155,84.1,0,44
MSFT261120C00570000,MSFT,2026-11-20,58,C,570.0,13.66,501.48,4.4,5.5,4.95,5.3,22.2,0.3043,0.165,0.0041,-0.1267,0.5011,5.345,14.4,72,1686
MSFT261120P00570000,MSFT,2026-11-20,58,P,570.0,13.66,501.48,72.7,75.8,74.25,77.49,4.2,0.3054,-0.8614,0.0046,-0.1326,0.4427,70.3098,85.6,0,22
MSFT261120C00575000,MSFT,2026-11-20,58,C,575.0,14.66,501.48,4.0,5.0,4.5,4.41,22.2,0.3083,0.1481,0.0038,-0.1181,0.4711,4.8629,13.1,803,4068
MSFT261120P00575000,MSFT,2026-11-20,58,P,575.0,14.66,501.48,76.95,80.25,78.6,80.9,4.2,0.3024,-0.8803,0.0043,-0.1242,0.3926,74.4574,87.3,0,28
MSFT261120C00580000,MSFT,2026-11-20,58,C,580.0,15.66,501.48,3.6,4.0,3.8,3.9,10.5,0.3078,0.1327,0.0035,-0.1096,0.4331,4.2271,11.6,2202,10789
MSFT261120P00580000,MSFT,2026-11-20,58,P,580.0,15.66,501.48,81.75,84.6,83.175,85.39,3.4,0.3031,-0.8981,0.0041,-0.1173,0.3497,78.8634,88.7,0,44
MSFT261120C00585000,MSFT,2026-11-20,58,C,585.0,16.65,501.48,2.83,3.9,3.365,3.35,31.8,0.307,0.1189,0.0032,-0.1016,0.4043,3.6506,10.2,31,1306
MSFT261120P00585000,MSFT,2026-11-20,58,P,585.0,16.65,501.48,85.95,89.75,87.85,77.85,4.3,0.3051,-0.914,0.0038,-0.1098,0.3154,83.3857,89.9,0,6
MSFT261120C00590000,MSFT,2026-11-20,58,C,590.0,17.65,501.48,2.42,3.35,2.885,2.91,32.2,0.3062,0.1061,0.003,-0.0937,0.3726,3.1414,9.0,80,1298
MSFT261120P00590000,MSFT,2026-11-20,58,P,590.0,17.65,501.48,90.6,94.15,92.375,82.4,3.8,0.2976,-0.9293,0.0036,-0.1019,0.2564,87.6044,91.6,0,12
MSFT261120C00595000,MSFT,2026-11-20,58,C,595.0,18.65,501.48,2.3,2.75,2.525,2.6,17.8,0.3069,0.0949,0.0027,-0.0865,0.343,2.7457,8.0,41,610
MSFT261120P00595000,MSFT,2026-11-20,58,P,595.0,18.65,501.48,95.4,98.9,97.15,99.75,3.6,0.2978,-0.9431,0.0034,-0.0941,0.2249,92.1864,92.6,0,22
MSFT261120C00600000,MSFT,2026-11-20,58,C,600.0,19.65,501.48,2.0,2.43,2.215,2.25,19.4,0.3081,0.0846,0.0025,-0.0795,0.3177,2.4126,7.1,645,5108
MSFT261120P00600000,MSFT,2026-11-20,58,P,600.0,19.65,501.48,100.2,103.65,101.925,118.57,3.4,0.2905,-0.9556,0.0032,-0.0892,0.1941,96.5972,94.0,0,14
MSFT261120C00605000,MSFT,2026-11-20,58,C,605.0,20.64,501.48,1.7,2.19,1.945,1.97,25.2,0.3094,0.0754,0.0023,-0.073,0.2894,2.1213,6.3,292,18204
MSFT261120P00605000,MSFT,2026-11-20,58,P,605.0,20.64,501.48,105.1,108.65,106.875,106.35,3.3,0.2959,-0.9678,0.003,-0.082,0.1277,101.4276,94.5,0,0
MSFT261120C00610000,MSFT,2026-11-20,58,C,610.0,21.64,501.48,1.34,1.97,1.655,1.65,38.1,0.3086,0.0672,0.0021,-0.0669,0.2657,1.8076,5.5,18,504
MSFT261120P00610000,MSFT,2026-11-20,58,P,610.0,21.64,501.48,110.1,113.6,111.85,108.2,3.1,0.0,-0.9781,0.0028,-0.0727,0.1098,,,0,0
MSFT261120C00615000,MSFT,2026-11-20,58,C,615.0,22.64,501.48,1.14,1.62,1.38,1.42,34.8,0.3069,0.0598,0.0019,-0.0613,0.2448,1.5135,4.7,12,241
MSFT261120P00615000,MSFT,2026-11-20,58,P,615.0,22.64,501.48,115.1,118.4,116.75,114.3,2.8,0.0,-0.9865,0.0024,-0.0676,0.0804,,,0,0
MSFT261120C00620000,MSFT,2026-11-20,58,C,620.0,23.63,501.48,1.12,1.59,1.355,1.25,34.7,0.3152,0.0532,0.0017,-0.056,0.2221,1.4814,4.4,8,414
MSFT261120P00620000,MSFT,2026-11-20,58,P,620.0,23.63,501.48,120.1,123.55,121.825,124.35,2.8,0.0,-0.9918,0.0014,-0.0676,0.0,,,0,0
MSFT261120C00625000,MSFT,2026-11-20,58,C,625.0,24.63,501.48,0.71,1.38,1.045,1.17,64.1,0.309,0.0474,0.0016,-0.0512,0.2029,1.1493,3.6,4,15301
MSFT261120P00625000,MSFT,2026-11-20,58,P,625.0,24.63,501.48,125.1,128.5,126.8,137.6,2.7,0.0,-0.9962,0.0007,-0.0676,0.0,,,0,0
MSFT261218C00380000,MSFT,2026-12-18,86,C,380.0,-24.22,501.48,121.8,124.55,123.175,123.85,2.2,0.3567,0.9548,0.0011,-0.025,0.2376,126.5686,94.2,4,6360
MSFT261218P00380000,MSFT,2026-12-18,86,P,380.0,-24.22,501.48,1.56,2.04,1.8,1.7,26.7,0.3603,-0.046,0.0011,-0.0469,0.2392,1.6017,6.0,8,5710
MSFT261218C00385000,MSFT,2026-12-18,86,C,385.0,-23.23,501.48,116.9,120.45,118.675,119.14,3.0,0.3605,0.9492,0.0012,-0.0297,0.26,122.0196,93.0,2,2783
MSFT261218P00385000,MSFT,2026-12-18,86,P,385.0,-23.23,501.48,1.76,2.0,1.88,1.97,12.8,0.3497,-0.0516,0.0012,-0.0508,0.2614,1.67,6.3,12,2918
MSFT261218C00390000,MSFT,2026-12-18,86,C,390.0,-22.23,501.48,112.2,115.75,113.975,111.45,3.1,0.3551,0.943,0.0014,-0.0347,0.2843,117.2895,92.3,40,1728
MSFT261218P00390000,MSFT,2026-12-18,86,P,390.0,-22.23,501.48,1.83,2.4,2.115,2.2,27.0,0.3446,-0.0579,0.0014,-0.055,0.2871,1.8771,7.0,50,5613
MSFT261218C00395000,MSFT,2026-12-18,86,C,395.0,-21.23,501.48,107.55,111.0,109.275,109.57,3.2,0.3488,0.9361,0.0015,-0.04,0.311,112.5565,91.6,101,1638
MSFT261218P00395000,MSFT,2026-12-18,86,P,395.0,-21.23,501.48,2.22,2.77,2.495,2.44,22.0,0.3438,-0.0649,0.0015,-0.0595,0.3133,2.2274,8.0,20,1694
MSFT261218C00400000,MSFT,2026-12-18,86,C,400.0,-20.24,501.48,103.0,106.5,104.75,104.46,3.3,0.3469,0.9282,0.0017,-0.0456,0.3394,107.9854,90.6,29,6036
MSFT261218P00400000,MSFT,2026-12-18,86,P,400.0,-20.24,501.48,2.7,3.0,2.85,2.81,10.5,0.3401,-0.0729,0.0017,-0.0644,0.3414,2.5376,8.9,97,8071
MSFT261218C00405000,MSFT,2026-12-18,86,C,405.0,-19.24,501.48,98.35,101.9,100.125,108.62,3.5,0.341,0.9196,0.0018,-0.0515,0.3694,103.3223,89.7,40,1779
MSFT261218P00405000,MSFT,2026-12-18,86,P,405.0,-19.24,501.48,2.85,3.45,3.15,3.2,19.0,0.3342,-0.0816,0.0019,-0.0694,0.3725,2.8102,9.8,4,1263
MSFT261218C00410000,MSFT,2026-12-18,86,C,410.0,-18.24,501.48,93.8,97.4,95.6,95.85,3.8,0.3368,0.9099,0.002,-0.0577,0.4019,98.752,88.6,57,2337
MSFT261218P00410000,MSFT,2026-12-18,86,P,410.0,-18.24,501.48,3.3,3.85,3.575,3.55,15.4,0.3306,-0.0915,0.002,-0.0748,0.4052,3.1946,10.9,21,2738
MSFT261218C00415000,MSFT,2026-12-18,86,C,415.0,-17.24,501.48,89.2,92.95,91.075,89.76,4.1,0.3316,0.8991,0.0022,-0.0641,0.4359,94.1826,87.6,2,1136
MSFT261218P00415000,MSFT,2026-12-18,86,P,415.0,-17.24,501.48,4.0,4.2,4.1,4.04,4.9,0.328,-0.1025,0.0022,-0.0806,0.4389,3.6637,12.1,526,1871
MSFT261218C00420000,MSFT,2026-12-18,86,C,420.0,-16.25,501.48,84.85,88.5,86.675,86.78,4.2,0.3281,0.8873,0.0024,-0.0708,0.4713,89.7275,86.3,0,3597
MSFT261218P00420000,MSFT,2026-12-18,86,P,420.0,-16.25,501.48,4.25,4.9,4.575,4.57,14.2,0.3232,-0.1145,0.0025,-0.0866,0.4761,4.0927,13.3,105,6512
MSFT261218C00425000,MSFT,2026-12-18,86,C,425.0,-15.25,501.48,80.5,84.2,82.35,79.67,4.5,0.325,0.8743,0.0026,-0.0777,0.5088,85.3461,84.8,26,1947
MSFT261218P00425000,MSFT,2026-12-18,86,P,425.0,-15.25,501.48,4.7,5.25,4.975,5.3,11.1,0.3169,-0.1278,0.0027,-0.0927,0.5129,4.4968,14.5,37,1388
MSFT261218C00430000,MSFT,2026-12-18,86,C,430.0,-14.25,501.48,76.35,79.95,78.15,77.35,4.6,0.323,0.86,0.0029,-0.0848,0.5469,81.0838,83.2,57,3746
MSFT261218P00430000,MSFT,2026-12-18,86,P,430.0,-14.25,501.48,5.45,6.25,5.85,6.01,13.7,0.3168,-0.1423,0.0029,-0.0991,0.551,5.2518,16.2,61,2034
MSFT261218C00435000,MSFT,2026-12-18,86,C,435.0,-13.26,501.48,72.0,75.8,73.9,72.62,5.1,0.3187,0.8445,0.0031,-0.092,0.5858,76.769,81.7,59,1335
MSFT261218P00435000,MSFT,2026-12-18,86,P,435.0,-13.26,501.48,6.1,6.95,6.525,6.69,13.0,0.312,-0.158,0.0032,-0.1055,0.5926,5.8404,17.7,12,1358
MSFT261218C00440000,MSFT,2026-12-18,86,C,440.0,-12.26,501.48,68.0,71.2,69.6,70.01,4.6,0.3126,0.8277,0.0033,-0.0991,0.6256,72.4113,80.2,38,2792
MSFT261218P00440000,MSFT,2026-12-18,86,P,440.0,-12.26,501.48,7.3,8.05,7.675,7.7,9.8,0.3146,-0.1752,0.0034,-0.112,0.6296,6.922,20.0,21,3547
MSFT261218C00445000,MSFT,2026-12-18,86,C,445.0,-11.26,501.48,64.25,67.7,65.975,66.05,5.2,0.3158,0.8097,0.0036,-0.1063,0.6647,68.6955,77.8,9,1710
MSFT261218P00445000,MSFT,2026-12-18,86,P,445.0,-11.26,501.48,8.1,8.95,8.525,8.62,10.0,0.3104,-0.1935,0.0036,-0.1185,0.6697,7.6991,21.8,225,1208
MSFT261218C00450000,MSFT,2026-12-18,86,C,450.0,-10.27,501.48,59.95,63.85,61.9,62.4,6.3,0.3106,0.7904,0.0038,-0.1133,0.7038,64.5467,76.0,67,6176
MSFT261218P00450000,MSFT,2026-12-18,86,P,450.0,-10.27,501.48,9.05,9.9,9.475,9.45,9.0,0.3064,-0.2132,0.0039,-0.1248,0.7097,8.5641,23.7,207,5127
MSFT261218C00455000,MSFT,2026-12-18,86,C,455.0,-9.27,501.48,56.15,60.1,58.125,57.12,6.8,0.3085,0.7699,0.0041,-0.1201,0.7419,60.6912,73.8,25,1121
MSFT261218P00455000,MSFT,2026-12-18,86,P,455.0,-9.27,501.48,10.75,11.35,11.05,10.84,5.4,0.3104,-0.2341,0.0041,-0.1309,0.7464,10.0787,26.3,268,624
MSFT261218C00460000,MSFT,2026-12-18,86,C,460.0,-8.27,501.48,52.55,56.35,54.45,53.8,7.0,0.3064,0.7482,0.0043,-0.1266,0.778,56.9372,71.5,8,4192
MSFT261218P00460000,MSFT,2026-12-18,86,P,460.0,-8.27,501.48,12.05,13.1,12.575,12.25,8.3,0.3112,-0.2562,0.0044,-0.1368,0.7836,11.5035,28.8,102,3684
MSFT261218C00465000,MSFT,2026-12-18,86,C,465.0,-7.27,501.48,49.25,52.7,50.975,50.08,6.8,0.3053,0.7255,0.0045,-0.1328,0.8128,53.3686,69.1,6,1926
MSFT261218P00465000,MSFT,2026-12-18,86,P,465.0,-7.27,501.48,13.55,14.6,14.075,13.7,7.5,0.3081,-0.2794,0.0046,-0.1422,0.8175,12.7476,31.1,114,1255
MSFT261218C00470000,MSFT,2026-12-18,86,C,470.0,-6.28,501.48,45.7,48.15,46.925,46.5,5.2,0.296,0.7018,0.0047,-0.1384,0.8446,49.2466,67.2,57,3047
MSFT261218P00470000,MSFT,2026-12-18,86,P,470.0,-6.28,501.48,15.05,16.2,15.625,14.9,7.4,0.3062,-0.3037,0.0048,-0.1472,0.8488,14.1944,33.5,255,2073
MSFT261218C00475000,MSFT,2026-12-18,86,C,475.0,-5.28,501.48,42.45,45.8,44.125,44.47,7.6,0.3001,0.6772,0.0049,-0.1436,0.8736,46.3348,64.2,86,9021
MSFT261218P00475000,MSFT,2026-12-18,86,P,475.0,-5.28,501.48,16.1,17.8,16.95,16.99,10.0,0.3017,-0.3286,0.005,-0.1516,0.8785,15.5356,35.9,104,15112
MSFT261218C00480000,MSFT,2026-12-18,86,C,480.0,-4.28,501.48,39.55,42.3,40.925,41.57,6.7,0.2981,0.6518,0.005,-0.1481,0.8995,43.0448,61.6,41,6762
MSFT261218P00480000,MSFT,2026-12-18,86,P,480.0,-4.28,501.48,18.2,19.85,19.025,18.55,8.7,0.3026,-0.3549,0.0052,-0.1555,0.9023,17.4593,38.6,42,4916
MSFT261218C00485000,MSFT,2026-12-18,86,C,485.0,-3.29,501.48,36.8,39.35,38.075,38.42,6.7,0.2984,0.6257,0.0052,-0.1519,0.9214,40.0886,58.8,29,1055
MSFT261218P00485000,MSFT,2026-12-18,86,P,485.0,-3.29,501.48,19.95,21.8,20.875,20.73,8.9,0.2999,-0.3816,0.0053,-0.1587,0.9241,19.1952,41.2,54,943
MSFT261218C00490000,MSFT,2026-12-18,86,C,490.0,-2.29,501.48,34.1,36.0,35.05,35.8,5.4,0.2955,0.5991,0.0053,-0.1551,0.9395,36.9737,56.2,75,4010
MSFT261218P00490000,MSFT,2026-12-18,86,P,490.0,-2.29,501.48,22.1,24.0,23.05,22.6,8.2,0.2991,-0.4088,0.0054,-0.1611,0.9412,21.2317,44.0,384,2048
MSFT261218C00495000,MSFT,2026-12-18,86,C,495.0,-1.29,501.48,32.35,33.0,32.675,32.51,2.0,0.298,0.5722,0.0054,-0.1574,0.9534,34.4972,53.3,135,1428
MSFT261218P00495000,MSFT,2026-12-18,86,P,495.0,-1.29,501.48,24.15,25.95,25.05,25.35,7.2,0.2952,-0.4365,0.0056,-0.1629,0.9536,23.109,46.6,213,1558
MSFT261218C00500000,MSFT,2026-12-18,86,C,500.0,-0.3,501.48,29.75,30.45,30.1,30.05,2.3,0.2969,0.545,0.0055,-0.1591,0.963,31.8205,50.6,2503,10880
MSFT261218P00500000,MSFT,2026-12-18,86,P,500.0,-0.3,501.48,27.0,28.3,27.65,27.5,4.7,0.296,-0.4644,0.0056,-0.1639,0.9618,25.564,49.4,379,5953
MSFT261218C00505000,MSFT,2026-12-18,86,C,505.0,0.7,501.48,27.0,28.4,27.7,28.0,5.1,0.2963,0.5177,0.0055,-0.1599,0.9681,29.3268,47.8,87,1198
MSFT261218P00505000,MSFT,2026-12-18,86,P,505.0,0.7,501.48,30.0,31.2,30.6,30.2,3.9,0.2991,-0.4925,0.0057,-0.1642,0.9651,28.3806,52.2,129,525
MSFT261218C00510000,MSFT,2026-12-18,86,C,510.0,1.7,501.48,25.05,25.7,25.375,25.55,2.6,0.295,0.4905,0.0056,-0.16,0.9688,26.9003,45.1,104,2420
MSFT261218P00510000,MSFT,2026-12-18,86,P,510.0,1.7,501.48,31.8,34.35,33.075,32.55,7.7,0.2958,-0.5207,0.0057,-0.1638,0.9638,30.714,54.9,90,2119
MSFT261218C00515000,MSFT,2026-12-18,86,C,515.0,2.7,501.48,22.95,23.75,23.35,23.0,3.4,0.2955,0.4635,0.0055,-0.1593,0.9652,24.7822,42.4,49,2244
MSFT261218P00515000,MSFT,2026-12-18,86,P,515.0,2.7,501.48,34.6,37.3,35.95,36.3,7.5,0.2952,-0.5486,0.0057,-0.1626,0.9573,33.4422,57.6,1,927
MSFT261218C00520000,MSFT,2026-12-18,86,C,520.0,3.69,501.48,20.95,21.3,21.125,21.2,1.7,0.2926,0.4368,0.0055,-0.1579,0.9571,22.4672,39.7,1966,8801
MSFT261218P00520000,MSFT,2026-12-18,86,P,520.0,3.69,501.48,37.8,40.35,39.075,38.41,6.5,0.2958,-0.5764,0.0057,-0.1607,0.947,36.418,60.2,165,587
MSFT261218C00525000,MSFT,2026-12-18,86,C,525.0,4.69,501.48,18.55,20.1,19.325,19.8,8.0,0.2928,0.4105,0.0054,-0.1558,0.9453,20.5818,37.2,207,53843
MSFT261218P00525000,MSFT,2026-12-18,86,P,525.0,4.69,501.48,41.1,43.75,42.425,42.3,6.2,0.2975,-0.6038,0.0057,-0.1583,0.9312,39.626,62.7,10,1185
MSFT261218C00530000,MSFT,2026-12-18,86,C,530.0,5.69,501.48,16.8,18.35,17.575,17.8,8.8,0.2922,0.3848,0.0054,-0.153,0.9294,18.7462,34.7,82,3359
MSFT261218P00530000,MSFT,2026-12-18,86,P,530.0,5.69,501.48,43.65,47.0,45.325,44.85,7.4,0.2929,-0.6306,0.0056,-0.1552,0.9106,42.3604,65.3,32,161
MSFT261218C00535000,MSFT,2026-12-18,86,C,535.0,6.68,501.48,15.25,16.75,16.0,16.25,9.4,0.2922,0.3599,0.0052,-0.1497,0.91,17.0894,32.3,23,2203
MSFT261218P00535000,MSFT,2026-12-18,86,P,535.0,6.68,501.48,46.85,50.4,48.625,49.45,7.3,0.2912,-0.6569,0.0055,-0.1516,0.8872,45.4986,67.8,15,71
MSFT261218C00540000,MSFT,2026-12-18,86,C,540.0,7.68,501.48,14.05,14.8,14.425,14.5,5.2,0.2909,0.3357,0.0051,-0.1458,0.8878,15.4324,29.9,100,7795
MSFT261218P00540000,MSFT,2026-12-18,86,P,540.0,7.68,501.48,50.55,54.2,52.375,51.55,7.0,0.2932,-0.6825,0.0054,-0.1477,0.8595,49.0945,70.0,1,92
MSFT261218C00545000,MSFT,2026-12-18,86,C,545.0,8.68,501.48,12.65,13.45,13.05,13.15,6.1,0.2926,0.3123,0.005,-0.1415,0.8622,14.1573,27.7,145,1954
MSFT261218P00545000,MSFT,2026-12-18,86,P,545.0,8.68,501.48,53.9,57.75,55.825,56.75,6.9,0.2904,-0.7073,0.0053,-0.1432,0.8296,52.372,72.4,20,34
MSFT261218C00550000,MSFT,2026-12-18,86,C,550.0,9.68,501.48,11.7,12.1,11.9,11.89,3.4,0.2917,0.29,0.0048,-0.1368,0.8344,12.7595,25.6,638,11455
MSFT261218P00550000,MSFT,2026-12-18,86,P,550.0,9.68,501.48,58.15,61.35,59.75,59.39,5.4,0.2919,-0.7314,0.0052,-0.1385,0.7949,56.1374,74.4,21,301
MSFT261218C00555000,MSFT,2026-12-18,86,C,555.0,10.67,501.48,10.05,11.15,10.6,10.9,10.4,0.2898,0.2685,0.0046,-0.1318,0.8049,11.3872,23.4,62,2687
MSFT261218P00555000,MSFT,2026-12-18,86,P,555.0,10.67,501.48,61.7,65.15,63.425,66.9,5.4,0.2888,-0.7546,0.005,-0.1336,0.7567,59.6192,76.6,0,115
MSFT261218C00560000,MSFT,2026-12-18,86,C,560.0,11.67,501.48,9.05,10.2,9.625,9.98,11.9,0.2908,0.2482,0.0045,-0.1264,0.773,10.3524,21.6,118,4960
MSFT261218P00560000,MSFT,2026-12-18,86,P,560.0,11.67,501.48,65.55,69.2,67.375,60.85,5.4,0.2879,-0.7769,0.0049,-0.1284,0.719,63.3912,78.6,0,36
MSFT261218C00565000,MSFT,2026-12-18,86,C,565.0,12.67,501.48,8.3,9.35,8.825,8.8,11.9,0.293,0.2289,0.0043,-0.1209,0.7403,9.4942,20.0,66,1143
MSFT261218P00565000,MSFT,2026-12-18,86,P,565.0,12.67,501.48,70.2,73.35,71.775,70.6,4.4,0.2921,-0.7983,0.0047,-0.1231,0.6765,67.646,80.1,0,22
MSFT261218C00570000,MSFT,2026-12-18,86,C,570.0,13.66,501.48,7.3,8.15,7.725,7.91,11.0,0.29,0.2106,0.0041,-0.1153,0.7069,8.3313,18.1,90,4899
MSFT261218P00570000,MSFT,2026-12-18,86,P,570.0,13.66,501.48,73.95,77.55,75.75,69.0,4.8,0.2885,-0.8188,0.0046,-0.1178,0.6317,71.3966,82.0,0,21
MSFT261218C00575000,MSFT,2026-12-18,86,C,575.0,14.66,501.48,6.65,7.55,7.1,7.15,12.7,0.2927,0.1935,0.0039,-0.1095,0.6722,7.6625,16.7,118,131991
MSFT261218P00575000,MSFT,2026-12-18,86,P,575.0,14.66,501.48,78.6,81.9,80.25,82.55,4.1,0.292,-0.8382,0.0044,-0.1124,0.5884,75.7405,83.4,0,20
MSFT261218C00580000,MSFT,2026-12-18,86,C,580.0,15.66,501.48,5.85,6.8,6.325,6.5,15.0,0.2921,0.1774,0.0037,-0.1038,0.6378,6.8349,15.1,21,1587
MSFT261218P00580000,MSFT,2026-12-18,86,P,580.0,15.66,501.48,82.9,86.1,84.5,87.4,3.8,0.2898,-0.8567,0.0042,-0.1066,0.5404,79.7643,85.0,0,25
MSFT261218C00585000,MSFT,2026-12-18,86,C,585.0,16.65,501.48,5.15,6.25,5.7,5.75,19.3,0.2929,0.1623,0.0034,-0.098,0.6036,6.169,13.8,368,1955
MSFT261218P00585000,MSFT,2026-12-18,86,P,585.0,16.65,501.48,87.05,90.5,88.775,92.6,3.9,0.2858,-0.8745,0.0041,-0.1007,0.4913,83.7664,86.7,0,23
MSFT261218C00590000,MSFT,2026-12-18,86,C,590.0,17.65,501.48,4.65,5.45,5.05,5.15,15.8,0.2922,0.1483,0.0032,-0.0924,0.5691,5.4755,12.5,39,1635
MSFT261218P00590000,MSFT,2026-12-18,86,P,590.0,17.65,501.48,91.55,95.05,93.3,94.8,3.8,0.2852,-0.8913,0.0039,-0.0948,0.4459,88.0581,88.0,1,7
MSFT261218C00595000,MSFT,2026-12-18,86,C,595.0,18.65,501.48,3.95,4.95,4.45,4.57,22.5,0.2912,0.1353,0.0031,-0.0868,0.5356,4.8315,11.2,24,865
MSFT261218P00595000,MSFT,2026-12-18,86,P,595.0,18.65,501.48,96.15,99.65,97.9,99.48,3.6,0.2844,-0.9068,0.0037,-0.0879,0.3968,92.4043,89.2,0,15
MSFT261218C00600000,MSFT,2026-12-18,86,C,600.0,19.65,501.48,3.7,4.2,3.95,4.0,12.7,0.2911,0.1233,0.0029,-0.0814,0.5031,4.2969,10.1,1775,5178
MSFT261218P00600000,MSFT,2026-12-18,86,P,600.0,19.65,501.48,100.8,104.35,102.575,105.5,3.5,0.2835,-0.9219,0.0036,-0.0859,0.341,96.8072,90.4,0,31
MSFT261218C00605000,MSFT,2026-12-18,86,C,605.0,20.64,501.48,3.1,4.0,3.55,3.7,25.4,0.292,0.1122,0.0027,-0.0762,0.4709,3.8627,9.2,8,1741
MSFT261218P00605000,MSFT,2026-12-18,86,P,605.0,20.64,501.48,105.55,109.05,107.3,108.3,3.3,0.2822,-0.9364,0.0034,-0.0835,0.2927,101.2496,91.5,0,2
MSFT261218C00610000,MSFT,2026-12-18,86,C,610.0,21.64,501.48,2.75,3.6,3.175,3.3,26.8,0.2927,0.1019,0.0025,-0.0711,0.4401,3.4615,8.3,88,929
MSFT261218P00610000,MSFT,2026-12-18,86,P,610.0,21.64,501.48,110.35,113.8,112.075,153.7,3.1,0.2778,-0.9501,0.0034,-0.0788,0.2544,105.6198,92.7,0,0
MSFT261218C00615000,MSFT,2026-12-18,86,C,615.0,22.64,501.48,2.61,3.05,2.83,2.94,15.5,0.2931,0.0925,0.0023,-0.0662,0.4109,3.0871,7.5,1,372
MSFT261218P00615000,MSFT,2026-12-18,86,P,615.0,22.64,501.48,115.2,118.75,116.975,114.85,3.0,0.0,-0.9633,0.0034,-0.0678,0.1975,,,0,4
MSFT261218C00620000,MSFT,2026-12-18,86,C,620.0,23.63,501.48,2.33,2.78,2.555,2.49,17.6,0.2945,0.0839,0.0022,-0.0616,0.3825,2.7894,6.8,137,1243
MSFT261218P00620000,MSFT,2026-12-18,86,P,620.0,23.63,501.48,120.1,123.5,121.8,139.55,2.8,0.0,-0.9742,0.003,-0.0581,0.1338,,,0,0
MSFT261218C00625000,MSFT,2026-12-18,86,C,625.0,24.63,501.48,2.0,2.46,2.23,2.25,20.6,0.2937,0.076,0.002,-0.0572,0.3553,2.4407,6.1,270,102648
MSFT261218P00625000,MSFT,2026-12-18,86,P,625.0,24.63,501.48,125.1,128.55,126.825,130.4,2.7,0.0,-0.9833,0.0026,-0.0573,0.0964,,,0,0
MSFT270115C00380000,MSFT,2027-01-15,114,C,380.0,-24.22,501.48,124.0,127.5,125.75,126.24,2.8,0.3505,0.9434,0.0012,-0.0297,0.3262,128.7956,91.7,12,1679
MSFT270115P00380000,MSFT,2027-01-15,114,P,380.0,-24.22,501.48,2.3,2.79,2.545,2.44,19.3,0.3418,-0.0578,0.0012,-0.0468,0.3307,2.3252,7.8,37,7978
MSFT270115C00385000,MSFT,2027-01-15,114,C,385.0,-23.23,501.48,119.45,122.9,121.175,117.95,2.8,0.3473,0.937,0.0013,-0.0339,0.3544,124.1829,90.8,0,947
MSFT270115P00385000,MSFT,2027-01-15,114,P,385.0,-23.23,501.48,2.66,3.25,2.955,2.76,20.0,0.3409,-0.0643,0.0013,-0.0504,0.3574,2.7029,8.7,84,1459
MSFT270115C00390000,MSFT,2027-01-15,114,C,390.0,-22.23,501.48,114.65,118.3,116.475,116.02,3.1,0.3401,0.9299,0.0014,-0.0382,0.3841,119.4535,90.2,14,2342
MSFT270115P00390000,MSFT,2027-01-15,114,P,390.0,-22.23,501.48,2.85,3.65,3.25,3.1,24.6,0.3358,-0.0715,0.0015,-0.0542,0.3869,2.9735,9.5,30,5511
MSFT270115C00395000,MSFT,2027-01-15,114,C,395.0,-21.23,501.48,110.15,113.75,111.95,110.77,3.2,0.3367,0.9221,0.0016,-0.0428,0.4153,114.8904,89.3,2,343
MSFT270115P00395000,MSFT,2027-01-15,114,P,395.0,-21.23,501.48,3.3,3.95,3.625,3.46,17.9,0.3319,-0.0795,0.0016,-0.0582,0.4204,3.3154,10.4,20,2059
MSFT270115C00400000,MSFT,2027-01-15,114,C,400.0,-20.24,501.48,105.75,109.1,107.425,108.13,3.1,0.3324,0.9136,0.0017,-0.0475,0.4487,110.3258,88.3,127,10822
MSFT270115P00400000,MSFT,2027-01-15,114,P,400.0,-20.24,501.48,3.7,4.05,3.875,3.8,9.0,0.3238,-0.0882,0.0018,-0.0624,0.4535,3.5152,11.0,63,11168
MSFT270115C00405000,MSFT,2027-01-15,114,C,405.0,-19.24,501.48,101.3,104.8,103.05,99.93,3.4,0.3304,0.9042,0.0019,-0.0524,0.4837,105.9033,87.1,52,616
MSFT270115P00405000,MSFT,2027-01-15,114,P,405.0,-19.24,501.48,4.2,5.0,4.6,4.44,17.4,0.3265,-0.0978,0.0019,-0.0668,0.4878,4.2135,12.5,640,1100
MSFT270115C00410000,MSFT,2027-01-15,114,C,410.0,-18.24,501.48,96.8,99.9,98.35,98.52,3.2,0.3211,0.894,0.0021,-0.0574,0.5196,101.1698,86.5,6,5612
MSFT270115P00410000,MSFT,2027-01-15,114,P,410.0,-18.24,501.48,4.3,5.45,4.875,4.95,23.6,0.3181,-0.1083,0.0021,-0.0713,0.5257,4.4529,13.3,44,7243
MSFT270115C00415000,MSFT,2027-01-15,114,C,415.0,-17.24,501.48,92.5,95.7,94.1,91.5,3.4,0.3198,0.8829,0.0022,-0.0626,0.5574,96.8672,85.1,5,1637
MSFT270115P00415000,MSFT,2027-01-15,114,P,415.0,-17.24,501.48,4.9,6.0,5.45,5.53,20.2,0.3151,-0.1196,0.0023,-0.076,0.5639,4.987,14.5,19,2157
MSFT270115C00420000,MSFT,2027-01-15,114,C,420.0,-16.25,501.48,88.25,90.9,89.575,89.72,3.0,0.3127,0.8708,0.0024,-0.0679,0.5964,92.3017,84.1,18,9451
MSFT270115P00420000,MSFT,2027-01-15,114,P,420.0,-16.25,501.48,5.5,6.7,6.1,6.11,19.7,0.3122,-0.1321,0.0025,-0.0808,0.6023,5.5792,15.9,430,7405
MSFT270115C00425000,MSFT,2027-01-15,114,C,425.0,-15.25,501.48,84.05,87.5,85.775,86.1,4.0,0.3166,0.8578,0.0026,-0.0732,0.6358,88.4284,82.1,7,1315
MSFT270115P00425000,MSFT,2027-01-15,114,P,425.0,-15.25,501.48,6.2,7.5,6.85,6.99,19.0,0.31,-0.1454,0.0026,-0.0857,0.6428,6.2706,17.3,32,3161
MSFT270115C00430000,MSFT,2027-01-15,114,C,430.0,-14.25,501.48,80.0,83.45,81.725,80.0,4.2,0.3151,0.8438,0.0028,-0.0787,0.6762,84.3217,80.4,6,5443
MSFT270115P00430000,MSFT,2027-01-15,114,P,430.0,-14.25,501.48,7.25,8.05,7.65,7.76,10.5,0.3075,-0.1598,0.0028,-0.0906,0.6844,7.0097,18.9,76,6463
MSFT270115C00435000,MSFT,2027-01-15,114,C,435.0,-13.26,501.48,75.75,79.4,77.575,76.24,4.7,0.3111,0.8287,0.003,-0.0841,0.7172,80.1182,78.9,12,690
MSFT270115P00435000,MSFT,2027-01-15,114,P,435.0,-13.26,501.48,8.3,9.5,8.9,8.71,13.5,0.3102,-0.1753,0.0031,-0.0956,0.7243,8.1751,21.0,31,2120
MSFT270115C00440000,MSFT,2027-01-15,114,C,440.0,-12.26,501.48,71.85,75.4,73.625,74.25,4.8,0.3088,0.8127,0.0032,-0.0894,0.7574,76.1007,77.2,22,5669
MSFT270115P00440000,MSFT,2027-01-15,114,P,440.0,-12.26,501.48,9.0,10.1,9.55,9.7,11.5,0.3035,-0.1918,0.0032,-0.1006,0.7655,8.7709,22.4,59,4270
MSFT270115C00445000,MSFT,2027-01-15,114,C,445.0,-11.26,501.48,67.65,71.5,69.575,69.02,5.5,0.3043,0.7956,0.0034,-0.0947,0.7977,71.9919,75.5,149,1046
MSFT270115P00445000,MSFT,2027-01-15,114,P,445.0,-11.26,501.48,10.15,11.3,10.725,10.7,10.7,0.3027,-0.2093,0.0034,-0.1054,0.8065,9.8637,24.3,16,3953
MSFT270115C00450000,MSFT,2027-01-15,114,C,450.0,-10.27,501.48,63.9,67.05,65.475,66.15,4.8,0.2984,0.7776,0.0036,-0.0999,0.8375,67.836,73.9,92,14189
MSFT270115P00450000,MSFT,2027-01-15,114,P,450.0,-10.27,501.48,11.45,12.2,11.825,11.75,6.3,0.2998,-0.2279,0.0036,-0.1102,0.8452,10.8821,26.2,133,13366
MSFT270115C00455000,MSFT,2027-01-15,114,C,455.0,-9.27,501.48,60.4,63.9,62.15,62.4,5.6,0.3006,0.7586,0.0037,-0.1049,0.8754,64.4267,71.5,2,1309
MSFT270115P00455000,MSFT,2027-01-15,114,P,455.0,-9.27,501.48,13.05,14.0,13.525,13.05,7.0,0.3031,-0.2475,0.0038,-0.1148,0.8837,12.5111,28.7,11,1502
MSFT270115C00460000,MSFT,2027-01-15,114,C,460.0,-8.27,501.48,57.2,60.55,58.875,59.4,5.7,0.302,0.7387,0.0039,-0.1096,0.912,61.0742,69.2,6,3040
MSFT270115P00460000,MSFT,2027-01-15,114,P,460.0,-8.27,501.48,14.45,15.4,14.925,14.28,6.4,0.301,-0.268,0.004,-0.1191,0.9206,13.7938,30.7,122,4579
MSFT270115C00465000,MSFT,2027-01-15,114,C,465.0,-7.27,501.48,53.75,57.1,55.425,54.11,6.0,0.3003,0.718,0.0041,-0.1141,0.9468,57.556,67.0,17,972
MSFT270115P00465000,MSFT,2027-01-15,114,P,465.0,-7.27,501.48,15.75,17.15,16.45,16.4,8.5,0.2986,-0.2894,0.0042,-0.1232,0.9539,15.1449,32.9,4,2336
MSFT270115C00470000,MSFT,2027-01-15,114,C,470.0,-6.28,501.48,49.85,53.15,51.5,51.43,6.4,0.2926,0.6965,0.0042,-0.1182,0.9787,53.5638,65.2,19,3736
MSFT270115P00470000,MSFT,2027-01-15,114,P,470.0,-6.28,501.48,17.5,18.85,18.175,17.4,7.4,0.2977,-0.3117,0.0044,-0.127,0.9861,16.7383,35.1,71,4362
MSFT270115C00475000,MSFT,2027-01-15,114,C,475.0,-5.28,501.48,46.7,49.4,48.05,49.27,5.6,0.2889,0.6743,0.0044,-0.122,1.0081,50.0367,63.0,5,2627
MSFT270115P00475000,MSFT,2027-01-15,114,P,475.0,-5.28,501.48,18.3,20.65,19.475,19.25,12.1,0.2927,-0.3347,0.0046,-0.1303,1.0145,18.0358,37.2,8,936
MSFT270115C00480000,MSFT,2027-01-15,114,C,480.0,-4.28,501.48,43.85,47.0,45.425,46.1,6.9,0.2922,0.6515,0.0045,-0.1253,1.0345,47.322,60.4,139,6065
MSFT270115P00480000,MSFT,2027-01-15,114,P,480.0,-4.28,501.48,21.1,22.6,21.85,21.18,6.9,0.2962,-0.3583,0.0047,-0.1333,1.0391,20.2912,39.9,520,5374
MSFT270115C00485000,MSFT,2027-01-15,114,C,485.0,-3.29,501.48,41.1,43.65,42.375,43.05,6.0,0.2903,0.6282,0.0046,-0.1282,1.0572,44.2029,58.0,41,1780
MSFT270115P00485000,MSFT,2027-01-15,114,P,485.0,-3.29,501.48,22.15,24.0,23.075,23.95,8.0,0.2874,-0.3825,0.0048,-0.1358,1.0615,21.3981,41.9,194,1016
MSFT270115C00490000,MSFT,2027-01-15,114,C,490.0,-2.29,501.48,38.45,40.9,39.675,40.26,6.2,0.2905,0.6045,0.0047,-0.1307,1.0764,41.4217,55.5,80,4690
MSFT270115P00490000,MSFT,2027-01-15,114,P,490.0,-2.29,501.48,24.3,27.05,25.675,25.15,10.7,0.2906,-0.4072,0.0049,-0.1379,1.0787,23.8688,44.5,137,2281
MSFT270115C00495000,MSFT,2027-01-15,114,C,495.0,-1.29,501.48,35.9,37.5,36.7,37.27,4.4,0.287,0.5805,0.0048,-0.1326,1.0919,38.3619,53.1,212,1895
MSFT270115P00495000,MSFT,2027-01-15,114,P,495.0,-1.29,501.48,26.55,29.4,27.975,27.51,10.2,0.2901,-0.4318,0.005,-0.1394,1.0916,26.0731,47.0,52,1395
MSFT270115C00500000,MSFT,2027-01-15,114,C,500.0,-0.3,501.48,34.2,34.7,34.45,34.7,1.5,0.2891,0.5563,0.0049,-0.134,1.1032,36.0307,50.6,709,21802
MSFT270115P00500000,MSFT,2027-01-15,114,P,500.0,-0.3,501.48,30.1,30.75,30.425,30.6,2.1,0.2892,-0.4575,0.0051,-0.1405,1.1009,28.354,49.4,255,4712
MSFT270115C00505000,MSFT,2027-01-15,114,C,505.0,0.7,501.48,31.1,32.9,32.0,32.0,5.6,0.2883,0.532,0.0049,-0.135,1.1106,33.5045,48.1,67,2513
MSFT270115P00505000,MSFT,2027-01-15,114,P,505.0,0.7,501.48,32.1,34.45,33.275,32.99,7.1,0.291,-0.4829,0.0052,-0.141,1.1062,31.0545,51.9,176,906
MSFT270115C00510000,MSFT,2027-01-15,114,C,510.0,1.7,501.48,29.25,30.5,29.875,29.5,4.2,0.2884,0.5077,0.005,-0.1354,1.114,31.1983,45.7,241,13758
MSFT270115P00510000,MSFT,2027-01-15,114,P,510.0,1.7,501.48,34.85,37.1,35.975,35.35,6.3,0.2904,-0.5084,0.0052,-0.141,1.1058,33.6097,54.3,22,1122
MSFT270115C00515000,MSFT,2027-01-15,114,C,515.0,2.7,501.48,26.65,28.35,27.5,27.7,6.2,0.2871,0.4836,0.005,-0.1353,1.1133,28.8548,43.3,25,2854
MSFT270115P00515000,MSFT,2027-01-15,114,P,515.0,2.7,501.48,36.95,40.15,38.55,38.37,8.3,0.2876,-0.5338,0.0052,-0.1406,1.1009,36.0367,56.7,205,342
MSFT270115C00520000,MSFT,2027-01-15,114,C,520.0,3.69,501.48,25.0,26.3,25.65,25.71,5.1,0.2885,0.4596,0.005,-0.1347,1.1086,26.9301,41.0,86,5482
MSFT270115P00520000,MSFT,2027-01-15,114,P,520.0,3.69,501.48,40.4,43.1,41.75,42.85,6.5,0.2893,-0.5589,0.0052,-0.1396,1.0939,39.0833,59.0,18,1260
MSFT270115C00525000,MSFT,2027-01-15,114,C,525.0,4.69,501.48,22.65,24.3,23.475,23.45,7.0,0.2859,0.436,0.0049,-0.1336,1.1002,24.6749,38.6,37,1896
MSFT270115P00525000,MSFT,2027-01-15,114,P,525.0,4.69,501.48,43.1,46.0,44.55,44.41,6.5,0.2862,-0.5839,0.0052,-0.1383,1.0803,41.7101,61.3,29,474
MSFT270115C00530000,MSFT,2027-01-15,114,C,530.0,5.69,501.48,20.85,22.5,21.675,22.06,7.6,0.2858,0.4128,0.0049,-0.1321,1.0883,22.8114,36.4,133,7438
MSFT270115P00530000,MSFT,2027-01-15,114,P,530.0,5.69,501.48,45.85,49.2,47.525,48.03,7.0,0.2836,-0.6086,0.0052,-0.1364,1.0609,44.5097,63.7,5,371
MSFT270115C00535000,MSFT,2027-01-15,114,C,535.0,6.68,501.48,19.2,20.75,19.975,20.1,7.8,0.2855,0.39,0.0048,-0.1301,1.0727,21.036,34.2,77,2270
MSFT270115P00535000,MSFT,2027-01-15,114,P,535.0,6.68,501.48,49.4,52.7,51.05,53.5,6.5,0.2852,-0.6327,0.0051,-0.1343,1.0435,47.8812,65.8,0,190
MSFT270115C00540000,MSFT,2027-01-15,114,C,540.0,7.68,501.48,17.55,19.1,18.325,18.41,8.5,0.2848,0.3678,0.0047,-0.1278,1.0539,19.325,32.1,31,3712
MSFT270115P00540000,MSFT,2027-01-15,114,P,540.0,7.68,501.48,52.65,56.55,54.6,53.8,7.1,0.2859,-0.6565,0.005,-0.1318,1.0168,51.2581,67.9,0,369
MSFT270115C00545000,MSFT,2027-01-15,114,C,545.0,8.68,501.48,16.1,17.4,16.75,17.15,7.8,0.2837,0.3463,0.0046,-0.1251,1.0326,17.6777,30.0,40,2759
MSFT270115P00545000,MSFT,2027-01-15,114,P,545.0,8.68,501.48,56.9,60.0,58.45,58.19,5.3,0.2886,-0.6797,0.005,-0.129,0.9855,54.9444,69.8,0,182
MSFT270115C00550000,MSFT,2027-01-15,114,C,550.0,9.68,501.48,15.45,16.05,15.75,15.5,3.8,0.2874,0.3254,0.0045,-0.1221,1.0084,16.6257,28.2,826,12617
MSFT270115P00550000,MSFT,2027-01-15,114,P,550.0,9.68,501.48,59.8,63.7,61.75,61.65,6.3,0.2847,-0.7022,0.0049,-0.1259,0.9587,58.0408,72.0,6,595
MSFT270115C00555000,MSFT,2027-01-15,114,C,555.0,10.67,501.48,13.5,14.95,14.225,14.09,10.2,0.285,0.3053,0.0044,-0.1188,0.9816,15.0411,26.2,28,2282
MSFT270115P00555000,MSFT,2027-01-15,114,P,555.0,10.67,501.48,64.25,67.25,65.75,69.65,4.6,0.287,-0.7242,0.0048,-0.1227,0.9199,61.8702,73.7,0,50
MSFT270115C00560000,MSFT,2027-01-15,114,C,560.0,11.67,501.48,12.6,13.5,13.05,13.2,6.9,0.2852,0.2859,0.0043,-0.1152,0.9535,13.8126,24.4,74,3473
MSFT270115P00560000,MSFT,2027-01-15,114,P,560.0,11.67,501.48,68.15,71.1,69.625,72.55,4.2,0.287,-0.7456,0.0047,-0.1193,0.881,65.5547,75.5,0,27
MSFT270115C00565000,MSFT,2027-01-15,114,C,565.0,12.67,501.48,11.15,12.5,11.825,11.85,11.4,0.2839,0.2673,0.0041,-0.1115,0.9234,12.5289,22.6,12,1682
MSFT270115P00565000,MSFT,2027-01-15,114,P,565.0,12.67,501.48,71.85,75.0,73.425,66.0,4.3,0.285,-0.7662,0.0046,-0.1159,0.8451,69.1374,77.3,0,22
MSFT270115C00570000,MSFT,2027-01-15,114,C,570.0,13.66,501.48,10.15,11.25,10.7,10.99,10.3,0.2828,0.2496,0.004,-0.1076,0.8914,11.3544,20.9,42,2079
MSFT270115P00570000,MSFT,2027-01-15,114,P,570.0,13.66,501.48,75.95,79.1,77.525,79.6,4.1,0.2854,-0.7861,0.0045,-0.1122,0.7981,73.0332,78.9,0,44
MSFT270115C00575000,MSFT,2027-01-15,114,C,575.0,14.66,501.48,9.25,10.6,9.925,10.04,13.6,0.2848,0.2326,0.0038,-0.1036,0.859,10.5361,19.5,98,26550
MSFT270115P00575000,MSFT,2027-01-15,114,P,575.0,14.66,501.48,79.7,83.7,81.7,80.45,4.9,0.2857,-0.8054,0.0044,-0.1086,0.7554,76.996,80.5,0,27
MSFT270115C00580000,MSFT,2027-01-15,114,C,580.0,15.66,501.48,8.5,9.7,9.1,9.0,13.2,0.2854,0.2165,0.0037,-0.0995,0.8259,9.6615,18.1,78,2562
MSFT270115P00580000,MSFT,2027-01-15,114,P,580.0,15.66,501.48,84.45,87.75,86.1,92.05,3.8,0.2881,-0.824,0.0043,-0.1049,0.7064,81.2085,81.8,0,29
MSFT270115C00585000,MSFT,2027-01-15,114,C,585.0,16.65,501.48,7.65,8.95,8.3,8.35,15.7,0.2856,0.2013,0.0035,-0.0953,0.7915,8.8207,16.7,43,802
MSFT270115P00585000,MSFT,2027-01-15,114,P,585.0,16.65,501.48,88.75,91.9,90.325,91.35,3.5,0.287,-0.8418,0.0041,-0.1012,0.6597,85.1909,83.2,24,12
MSFT270115C00590000,MSFT,2027-01-15,114,C,590.0,17.65,501.48,7.2,8.2,7.7,7.6,13.0,0.2877,0.1868,0.0034,-0.0911,0.757,8.1919,15.5,190,3486
MSFT270115P00590000,MSFT,2027-01-15,114,P,590.0,17.65,501.48,93.15,96.2,94.675,96.62,3.2,0.2865,-0.8589,0.004,-0.0972,0.6096,89.2937,84.5,0,5
MSFT270115C00595000,MSFT,2027-01-15,114,C,595.0,18.65,501.48,6.2,7.5,6.85,6.67,19.0,0.2856,0.1732,0.0032,-0.0868,0.7231,7.2999,14.2,45,4121
MSFT270115P00595000,MSFT,2027-01-15,114,P,595.0,18.65,501.48,97.15,100.65,98.9,167.4,3.5,0.2822,-0.8751,0.0038,-0.0935,0.5555,93.1836,86.1,0,0
MSFT270115C00600000,MSFT,2027-01-15,114,C,600.0,19.65,501.48,6.0,6.45,6.225,6.25,7.2,0.2857,0.1604,0.0031,-0.0827,0.6888,6.6359,13.0,598,21676
MSFT270115P00600000,MSFT,2027-01-15,114,P,600.0,19.65,501.48,101.55,105.4,103.475,103.0,3.7,0.2829,-0.8913,0.0038,-0.0891,0.5075,97.5112,87.2,1,25
MSFT270115C00605000,MSFT,2027-01-15,114,C,605.0,20.64,501.48,5.05,6.15,5.6,5.4,19.6,0.2851,0.1483,0.0029,-0.0785,0.6545,5.9792,11.9,40,1392
MSFT270115P00605000,MSFT,2027-01-15,114,P,605.0,20.64,501.48,106.25,109.8,108.025,110.45,3.3,0.2816,-0.9064,0.0037,-0.0841,0.452,101.757,88.3,0,31
MSFT270115C00610000,MSFT,2027-01-15,114,C,610.0,21.64,501.48,4.55,5.55,5.05,5.22,19.8,0.2848,0.137,0.0027,-0.0744,0.6212,5.3967,10.9,7,2228
MSFT270115P00610000,MSFT,2027-01-15,114,P,610.0,21.64,501.48,110.9,114.55,112.725,108.61,3.2,0.2823,-0.9211,0.0036,-0.0785,0.4019,106.187,89.3,0,25
MSFT270115C00615000,MSFT,2027-01-15,114,C,615.0,22.64,501.48,4.1,5.1,4.6,4.54,21.7,0.2855,0.1264,0.0026,-0.0704,0.5888,4.9234,10.0,5,5673
MSFT270115P00615000,MSFT,2027-01-15,114,P,615.0,22.64,501.48,115.6,119.2,117.4,134.85,3.1,0.2799,-0.9351,0.0035,-0.0764,0.3381,110.4786,90.4,0,1
MSFT270115C00620000,MSFT,2027-01-15,114,C,620.0,23.63,501.48,3.75,4.8,4.275,4.11,24.6,0.2877,0.1165,0.0024,-0.0665,0.5566,4.5747,9.3,21,2163
MSFT270115P00620000,MSFT,2027-01-15,114,P,620.0,23.63,501.48,120.35,123.95,122.15,122.94,2.9,0.2773,-0.9494,0.0035,-0.0797,0.2751,114.8215,91.4,19,1
MSFT270115C00625000,MSFT,2027-01-15,114,C,625.0,24.63,501.48,3.25,4.3,3.775,3.81,27.8,0.286,0.1073,0.0023,-0.0627,0.5252,4.0445,8.4,53,52862
MSFT270115P00625000,MSFT,2027-01-15,114,P,625.0,24.63,501.48,125.25,128.75,127.0,129.4,2.8,0.2735,-0.9622,0.0034,-0.0792,0.236,119.1654,92.4,0,19
MSFT270319C00380000,MSFT,2027-03-19,177,C,380.0,-24.22,501.48,129.6,132.4,131.0,126.1,2.1,0.344,0.9092,0.0014,-0.0263,0.5791,134.1149,86.8,0,2646
MSFT270319P00380000,MSFT,2027-03-19,177,P,380.0,-24.22,501.48,5.45,5.75,5.6,5.75,5.4,0.3436,-0.0932,0.0014,-0.0542,0.5837,5.3129,13.1,75,3476
MSFT270319C00390000,MSFT,2027-03-19,177,C,390.0,-22.23,501.48,120.9,123.85,122.375,125.15,2.4,0.3391,0.8928,0.0016,-0.0344,0.6519,125.4061,84.8,0,2693
MSFT270319P00390000,MSFT,2027-03-19,177,P,390.0,-22.23,501.48,6.2,7.15,6.675,6.8,14.2,0.3362,-0.1099,0.0016,-0.0604,0.6593,6.2535,14.9,128,4679
MSFT270319C00400000,MSFT,2027-03-19,177,C,400.0,-20.24,501.48,112.5,115.9,114.2,111.82,3.0,0.3379,0.8741,0.0018,-0.0427,0.7291,117.1302,82.3,5,5179
MSFT270319P00400000,MSFT,2027-03-19,177,P,400.0,-20.24,501.48,7.35,8.35,7.85,8.2,12.7,0.3292,-0.129,0.0018,-0.0668,0.7349,7.357,16.9,43,7145
MSFT270319C00410000,MSFT,2027-03-19,177,C,410.0,-18.24,501.48,104.35,107.5,105.925,105.2,3.0,0.3323,0.8531,0.002,-0.051,0.8077,108.7565,79.9,1,1160
MSFT270319P00410000,MSFT,2027-03-19,177,P,410.0,-18.24,501.48,9.0,10.45,9.725,9.55,14.9,0.3287,-0.1506,0.0021,-0.0734,0.8175,9.1187,19.8,21,5347
MSFT270319C00420000,MSFT,2027-03-19,177,C,420.0,-16.25,501.48,96.4,99.75,98.075,98.15,3.4,0.3292,0.8298,0.0022,-0.0594,0.888,100.7969,77.1,7,1247
MSFT270319P00420000,MSFT,2027-03-19,177,P,420.0,-16.25,501.48,10.7,12.2,11.45,11.55,13.1,0.3234,-0.1745,0.0023,-0.0799,0.8957,10.7483,22.3,43,4145
MSFT270319C00430000,MSFT,2027-03-19,177,C,430.0,-14.25,501.48,88.7,91.55,90.125,90.5,3.2,0.3224,0.8042,0.0025,-0.0675,0.967,92.7429,74.5,24,1208
MSFT270319P00430000,MSFT,2027-03-19,177,P,430.0,-14.25,501.48,12.75,14.3,13.525,13.6,11.5,0.3182,-0.2008,0.0026,-0.0862,0.9787,12.6079,25.1,313,3910
MSFT270319C00440000,MSFT,2027-03-19,177,C,440.0,-12.26,501.48,81.05,84.5,82.775,81.5,4.2,0.3192,0.7763,0.0027,-0.0752,1.044,85.2727,71.4,5,1079
MSFT270319P00440000,MSFT,2027-03-19,177,P,440.0,-12.26,501.48,15.15,17.25,16.2,15.99,13.0,0.3182,-0.2295,0.0028,-0.0923,1.0536,15.238,28.5,37,3422
MSFT270319C00450000,MSFT,2027-03-19,177,C,450.0,-10.27,501.48,74.2,76.95,75.575,75.62,3.6,0.3148,0.7464,0.0029,-0.0825,1.1165,77.9608,68.2,4,2709
MSFT270319P00450000,MSFT,2027-03-19,177,P,450.0,-10.27,501.48,17.85,19.85,18.85,18.7,10.6,0.3139,-0.2606,0.003,-0.098,1.1276,17.7375,31.7,102,3845
MSFT270319C00460000,MSFT,2027-03-19,177,C,460.0,-8.27,501.48,67.55,70.5,69.025,69.22,4.3,0.3133,0.7145,0.0031,-0.0892,1.1832,71.2763,64.6,72,12205
MSFT270319P00460000,MSFT,2027-03-19,177,P,460.0,-8.27,501.48,21.0,23.4,22.2,21.9,10.8,0.3129,-0.2937,0.0032,-0.1031,1.1918,20.9128,35.3,231,2730
MSFT270319C00470000,MSFT,2027-03-19,177,C,470.0,-6.28,501.48,61.5,64.1,62.8,61.62,4.1,0.3117,0.681,0.0033,-0.0951,1.2423,64.9221,61.0,10,1286
MSFT270319P00470000,MSFT,2027-03-19,177,P,470.0,-6.28,501.48,24.35,27.0,25.675,25.6,10.3,0.31,-0.3286,0.0034,-0.1075,1.2505,24.2039,38.9,118,1314
MSFT270319C00480000,MSFT,2027-03-19,177,C,480.0,-4.28,501.48,55.3,58.15,56.725,57.06,5.0,0.3086,0.6462,0.0035,-0.1001,1.2922,58.7246,57.4,34,3387
MSFT270319P00480000,MSFT,2027-03-19,177,P,480.0,-4.28,501.48,28.75,30.6,29.675,29.25,6.2,0.3083,-0.3652,0.0036,-0.1111,1.2978,27.9851,42.6,24,1541
MSFT270319C00490000,MSFT,2027-03-19,177,C,490.0,-2.29,501.48,49.75,51.45,50.6,51.36,3.4,0.3025,0.6104,0.0036,-0.1042,1.3321,52.4702,53.9,121,2907
MSFT270319P00490000,MSFT,2027-03-19,177,P,490.0,-2.29,501.48,33.65,34.8,34.225,34.06,3.4,0.3086,-0.4026,0.0038,-0.1137,1.3342,32.388,46.4,45,2025
MSFT270319C00500000,MSFT,2027-03-19,177,C,500.0,-0.3,501.48,45.75,47.25,46.5,46.7,3.2,0.3088,0.574,0.0037,-0.1073,1.3609,48.2346,49.9,514,5701
MSFT270319P00500000,MSFT,2027-03-19,177,P,500.0,-0.3,501.48,37.9,40.35,39.125,38.6,6.3,0.3075,-0.4414,0.0039,-0.1154,1.3583,36.9724,50.1,55,3644
MSFT270319C00510000,MSFT,2027-03-19,177,C,510.0,1.7,501.48,40.1,41.95,41.025,41.7,4.5,0.3023,0.5374,0.0038,-0.1093,1.3783,42.626,46.3,81,3797
MSFT270319P00510000,MSFT,2027-03-19,177,P,510.0,1.7,501.48,43.05,45.55,44.3,45.6,5.6,0.3061,-0.4804,0.004,-0.1161,1.3694,41.8745,53.8,157,1232
MSFT270319C00520000,MSFT,2027-03-19,177,C,520.0,3.69,501.48,35.75,37.9,36.825,36.6,5.8,0.3026,0.5009,0.0038,-0.1104,1.3843,38.3074,42.6,45,2323
MSFT270319P00520000,MSFT,2027-03-19,177,P,520.0,3.69,501.48,47.75,51.15,49.45,49.05,6.9,0.3019,-0.5194,0.004,-0.1158,1.3684,46.7405,57.4,11,490
MSFT270319C00530000,MSFT,2027-03-19,177,C,530.0,5.69,501.48,31.8,33.5,32.65,32.87,5.2,0.3005,0.4649,0.0038,-0.1104,1.379,34.0062,39.1,42,3342
MSFT270319P00530000,MSFT,2027-03-19,177,P,530.0,5.69,501.48,54.45,56.9,55.675,55.14,4.4,0.3027,-0.5581,0.0041,-0.1144,1.3518,52.6505,60.9,6,380
MSFT270319C00540000,MSFT,2027-03-19,177,C,540.0,7.68,501.48,28.15,30.25,29.2,29.25,7.2,0.3013,0.4298,0.0037,-0.1095,1.3634,30.4469,35.7,7,3280
MSFT270319P00540000,MSFT,2027-03-19,177,P,540.0,7.68,501.48,59.8,63.5,61.65,62.71,6.0,0.299,-0.5964,0.0041,-0.1122,1.3262,58.2768,64.3,1,188
MSFT270319C00550000,MSFT,2027-03-19,177,C,550.0,9.68,501.48,25.5,27.15,26.325,26.03,6.3,0.2997,0.3959,0.0037,-0.1078,1.3378,26.8831,32.5,324,4684
MSFT270319P00550000,MSFT,2027-03-19,177,P,550.0,9.68,501.48,67.3,70.15,68.725,71.7,4.1,0.3011,-0.6333,0.004,-0.1092,1.2841,65.0267,67.5,0,516
MSFT270319C00560000,MSFT,2027-03-19,177,C,560.0,11.67,501.48,22.05,23.45,22.75,23.0,6.2,0.2992,0.3633,0.0036,-0.1052,1.304,23.7809,29.4,23,2312
MSFT270319P00560000,MSFT,2027-03-19,177,P,560.0,11.67,501.48,74.4,77.25,75.825,78.95,3.8,0.3008,-0.6694,0.004,-0.1056,1.236,71.7542,70.5,0,199
MSFT270319C00570000,MSFT,2027-03-19,177,C,570.0,13.66,501.48,19.5,20.9,20.2,20.1,6.9,0.3,0.3322,0.0035,-0.1021,1.2626,21.1382,26.6,155,1425
MSFT270319P00570000,MSFT,2027-03-19,177,P,570.0,13.66,501.48,81.9,84.65,83.275,82.08,3.3,0.3006,-0.7042,0.0039,-0.1014,1.1714,78.785,73.4,0,162
MSFT270319C00580000,MSFT,2027-03-19,177,C,580.0,15.66,501.48,17.1,18.35,17.725,17.78,7.1,0.2994,0.3026,0.0033,-0.0984,1.2145,18.5866,23.9,33,2572
MSFT270319P00580000,MSFT,2027-03-19,177,P,580.0,15.66,501.48,89.1,92.6,90.85,95.15,3.9,0.2989,-0.7377,0.0038,-0.0968,1.1053,85.9032,76.1,0,114
MSFT270319C00590000,MSFT,2027-03-19,177,C,590.0,17.65,501.48,14.8,16.65,15.725,16.05,11.8,0.3005,0.2752,0.0032,-0.0943,1.1631,16.4927,21.5,16,1336
MSFT270319P00590000,MSFT,2027-03-19,177,P,590.0,17.65,501.48,97.15,100.75,98.95,100.93,3.6,0.2993,-0.7698,0.0037,-0.092,1.0206,93.5374,78.6,0,20
MSFT270319C00600000,MSFT,2027-03-19,177,C,600.0,19.65,501.48,12.95,14.35,13.65,13.83,10.3,0.2991,0.2494,0.003,-0.0898,1.1065,14.3391,19.2,138,3816
MSFT270319P00600000,MSFT,2027-03-19,177,P,600.0,19.65,501.48,105.5,108.9,107.2,109.73,3.2,0.2985,-0.8003,0.0036,-0.087,0.9414,101.2659,80.9,0,37
MSFT270319C00605000,MSFT,2027-03-19,177,C,605.0,20.64,501.48,12.1,13.9,13.0,12.85,13.8,0.3012,0.2372,0.003,-0.0875,1.078,13.655,18.2,118,774
MSFT270319P00605000,MSFT,2027-03-19,177,P,605.0,20.64,501.48,109.75,113.35,111.55,110.76,3.2,0.2996,-0.8151,0.0036,-0.0847,0.9,105.3783,81.9,0,2
MSFT270319C00610000,MSFT,2027-03-19,177,C,610.0,21.64,501.48,11.3,13.05,12.175,12.4,14.4,0.3013,0.2255,0.0029,-0.0851,1.0488,12.7974,17.2,4,769
MSFT270319P00610000,MSFT,2027-03-19,177,P,610.0,21.64,501.48,114.1,117.8,115.95,176.1,3.2,0.3005,-0.8295,0.0035,-0.0823,0.8478,109.5142,82.8,0,1
MSFT270319C00615000,MSFT,2027-03-19,177,C,615.0,22.64,501.48,10.55,12.3,11.425,10.92,15.3,0.3017,0.2142,0.0028,-0.0827,1.0188,12.0191,16.3,1,892
MSFT270319P00615000,MSFT,2027-03-19,177,P,615.0,22.64,501.48,118.45,122.05,120.25,134.6,3.0,0.2995,-0.8434,0.0034,-0.0801,0.7947,113.4982,83.9,0,1
MSFT270319C00620000,MSFT,2027-03-19,177,C,620.0,23.63,501.48,10.25,11.0,10.625,10.66,7.1,0.3011,0.2034,0.0027,-0.0803,0.9883,11.1848,15.3,27,3221
MSFT270319P00620000,MSFT,2027-03-19,177,P,620.0,23.63,501.48,122.9,126.45,124.675,112.33,2.8,0.2994,-0.8569,0.0034,-0.0774,0.7525,117.6248,84.8,0,4
MSFT270319C00625000,MSFT,2027-03-19,177,C,625.0,24.63,501.48,9.2,10.85,10.025,10.65,16.5,0.3021,0.193,0.0026,-0.0779,0.9581,10.554,14.5,0,454
MSFT270319P00625000,MSFT,2027-03-19,177,P,625.0,24.63,501.48,127.4,130.95,129.175,133.05,2.7,0.2996,-0.8702,0.0033,-0.0748,0.6982,121.8256,85.7,0,8
MSFT270416C00380000,MSFT,2027-04-16,205,C,380.0,-24.22,501.48,132.05,134.95,133.5,0.0,2.2,0.3392,0.9022,0.0014,-0.0278,0.6576,136.3055,85.4,0,0
MSFT270416P00380000,MSFT,2027-04-16,205,P,380.0,-24.22,501.48,5.75,7.35,6.55,6.55,24.4,0.336,-0.101,0.0014,-0.0527,0.6667,6.1808,14.3,14,88
MSFT270416C00385000,MSFT,2027-04-16,205,C,385.0,-23.23,501.48,127.8,130.55,129.175,0.0,2.1,0.3359,0.8941,0.0015,-0.0314,0.6956,131.9376,84.5,0,0
MSFT270416P00385000,MSFT,2027-04-16,205,P,385.0,-23.23,501.48,6.6,7.55,7.075,7.6,13.4,0.3325,-0.1093,0.0015,-0.0555,0.7067,6.6772,15.2,0,13
MSFT270416C00390000,MSFT,2027-04-16,205,C,390.0,-22.23,501.48,123.55,126.9,125.225,134.27,2.7,0.3373,0.8856,0.0016,-0.035,0.7349,127.9398,83.1,1,1
MSFT270416P00390000,MSFT,2027-04-16,205,P,390.0,-22.23,501.48,7.45,8.05,7.75,8.15,7.7,0.3305,-0.1181,0.0016,-0.0583,0.7455,7.3112,16.3,0,91
MSFT270416C00395000,MSFT,2027-04-16,205,C,395.0,-21.23,501.48,119.35,122.15,120.75,119.2,2.3,0.3309,0.8765,0.0017,-0.0386,0.7745,123.425,82.4,0,1
MSFT270416P00395000,MSFT,2027-04-16,205,P,395.0,-21.23,501.48,7.95,9.0,8.475,7.85,12.4,0.3286,-0.1275,0.0017,-0.0612,0.7832,7.9982,17.4,1,54
MSFT270416C00400000,MSFT,2027-04-16,205,C,400.0,-20.24,501.48,115.15,118.5,116.825,115.21,2.9,0.3312,0.8669,0.0018,-0.0422,0.8142,119.4552,81.0,2,2
MSFT270416P00400000,MSFT,2027-04-16,205,P,400.0,-20.24,501.48,8.95,9.8,9.375,9.15,9.1,0.3283,-0.1372,0.0018,-0.064,0.8253,8.8593,18.7,8,121
MSFT270416C00405000,MSFT,2027-04-16,205,C,405.0,-19.24,501.48,110.65,114.5,112.575,0.0,3.4,0.3268,0.8569,0.0019,-0.0459,0.8546,115.162,80.0,0,0
MSFT270416P00405000,MSFT,2027-04-16,205,P,405.0,-19.24,501.48,9.55,10.3,9.925,10.1,7.6,0.3229,-0.1477,0.0019,-0.0669,0.8678,9.3625,19.6,2,153
MSFT270416C00410000,MSFT,2027-04-16,205,C,410.0,-18.24,501.48,107.15,110.0,108.575,0.0,2.6,0.3248,0.8463,0.002,-0.0495,0.8958,111.1107,78.8,0,0
MSFT270416P00410000,MSFT,2027-04-16,205,P,410.0,-18.24,501.48,10.65,11.35,11.0,12.02,6.4,0.3232,-0.1587,0.002,-0.0698,0.9088,10.3833,21.1,0,9
MSFT270416C00415000,MSFT,2027-04-16,205,C,415.0,-17.24,501.48,103.25,106.65,104.95,103.9,3.2,0.3263,0.8352,0.0021,-0.0532,0.9368,107.434,77.1,0,11
MSFT270416P00415000,MSFT,2027-04-16,205,P,415.0,-17.24,501.48,11.05,13.2,12.125,12.83,17.7,0.3232,-0.1702,0.0021,-0.0727,0.9474,11.4504,22.6,0,98
MSFT270416C00420000,MSFT,2027-04-16,205,C,420.0,-16.25,501.48,99.45,102.8,101.125,98.75,3.3,0.3248,0.8235,0.0022,-0.0567,0.9771,103.5547,75.8,1,4
MSFT270416P00420000,MSFT,2027-04-16,205,P,420.0,-16.25,501.48,12.35,13.6,12.975,13.4,9.6,0.3197,-0.1822,0.0022,-0.0755,0.9901,12.2564,23.8,116,107
MSFT270416C00425000,MSFT,2027-04-16,205,C,425.0,-15.25,501.48,95.3,98.55,96.925,93.1,3.4,0.319,0.8114,0.0023,-0.0603,1.0174,99.3077,74.7,0,9
MSFT270416P00425000,MSFT,2027-04-16,205,P,425.0,-15.25,501.48,13.55,14.7,14.125,13.95,8.1,0.3186,-0.1948,0.0024,-0.0783,1.0319,13.3464,25.2,2,62
MSFT270416C00430000,MSFT,2027-04-16,205,C,430.0,-14.25,501.48,91.85,95.3,93.575,90.22,3.7,0.321,0.7988,0.0024,-0.0637,1.0577,95.9,73.0,0,2
MSFT270416P00430000,MSFT,2027-04-16,205,P,430.0,-14.25,501.48,14.25,16.6,15.425,15.3,15.2,0.3182,-0.2079,0.0025,-0.0811,1.0721,14.5763,26.8,85,85
MSFT270416C00435000,MSFT,2027-04-16,205,C,435.0,-13.26,501.48,88.35,91.5,89.925,0.0,3.5,0.3194,0.7857,0.0025,-0.0671,1.097,92.1979,71.5,0,0
MSFT270416P00435000,MSFT,2027-04-16,205,P,435.0,-13.26,501.48,16.1,17.0,16.55,17.55,5.4,0.3156,-0.2214,0.0026,-0.0838,1.1088,15.6442,28.2,0,38
MSFT270416C00440000,MSFT,2027-04-16,205,C,440.0,-12.26,501.48,84.75,88.0,86.375,84.2,3.8,0.3181,0.7721,0.0026,-0.0704,1.1349,88.596,70.0,0,24
MSFT270416P00440000,MSFT,2027-04-16,205,P,440.0,-12.26,501.48,17.5,19.3,18.4,17.95,9.8,0.3187,-0.2357,0.0027,-0.0864,1.1486,17.4086,30.1,11,541
MSFT270416C00445000,MSFT,2027-04-16,205,C,445.0,-11.26,501.48,81.1,84.0,82.55,77.87,3.5,0.3138,0.7581,0.0027,-0.0736,1.172,84.7175,68.7,0,23
MSFT270416P00445000,MSFT,2027-04-16,205,P,445.0,-11.26,501.48,18.7,19.8,19.25,19.89,5.7,0.3124,-0.2503,0.0028,-0.0889,1.1865,18.1899,31.2,0,36
MSFT270416C00450000,MSFT,2027-04-16,205,C,450.0,-10.27,501.48,77.7,80.65,79.175,77.62,3.7,0.3129,0.7436,0.0028,-0.0767,1.2083,81.2951,67.0,5,15
MSFT270416P00450000,MSFT,2027-04-16,205,P,450.0,-10.27,501.48,19.5,22.3,20.9,20.58,13.4,0.3125,-0.2653,0.0029,-0.0913,1.2222,19.7705,32.9,4,175
MSFT270416C00455000,MSFT,2027-04-16,205,C,455.0,-9.27,501.48,74.35,77.3,75.825,73.95,3.9,0.3115,0.7287,0.0028,-0.0796,1.2428,77.8884,65.4,8,94
MSFT270416P00455000,MSFT,2027-04-16,205,P,455.0,-9.27,501.48,21.25,23.15,22.2,25.77,8.6,0.309,-0.2809,0.003,-0.0936,1.2544,20.9933,34.4,0,271
MSFT270416C00460000,MSFT,2027-04-16,205,C,460.0,-8.27,501.48,71.15,74.1,72.625,70.55,4.1,0.3107,0.7135,0.0029,-0.0824,1.2752,74.6323,63.7,6,24
MSFT270416P00460000,MSFT,2027-04-16,205,P,460.0,-8.27,501.48,22.85,24.95,23.9,24.0,8.8,0.3081,-0.2969,0.0031,-0.0958,1.2874,22.6048,36.1,3,185
MSFT270416C00465000,MSFT,2027-04-16,205,C,465.0,-7.27,501.48,67.95,70.85,69.4,67.0,4.2,0.3091,0.6979,0.003,-0.085,1.306,71.3527,62.1,0,12
MSFT270416P00465000,MSFT,2027-04-16,205,P,465.0,-7.27,501.48,24.5,27.45,25.975,25.75,11.4,0.3093,-0.3134,0.0032,-0.0978,1.318,24.5685,37.9,4,19
MSFT270416C00470000,MSFT,2027-04-16,205,C,470.0,-6.28,501.48,64.6,67.85,66.225,66.41,4.9,0.3073,0.682,0.0031,-0.0875,1.3351,68.1226,60.4,5,44
MSFT270416P00470000,MSFT,2027-04-16,205,P,470.0,-6.28,501.48,26.35,28.6,27.475,27.93,8.2,0.3056,-0.3302,0.0033,-0.0997,1.346,25.9759,39.5,4,81
MSFT270416C00475000,MSFT,2027-04-16,205,C,475.0,-5.28,501.48,61.9,64.85,63.375,60.65,4.7,0.3073,0.6658,0.0032,-0.0898,1.3619,65.2129,58.6,0,1
MSFT270416P00475000,MSFT,2027-04-16,205,P,475.0,-5.28,501.48,28.25,30.65,29.45,28.4,8.1,0.3048,-0.3473,0.0034,-0.1014,1.3703,27.8418,41.2,1,149
MSFT270416C00480000,MSFT,2027-04-16,205,C,480.0,-4.28,501.48,59.0,61.9,60.45,60.27,4.8,0.3061,0.6493,0.0032,-0.0919,1.3861,62.2243,56.9,1,22
MSFT270416P00480000,MSFT,2027-04-16,205,P,480.0,-4.28,501.48,30.65,32.5,31.575,34.05,5.9,0.3046,-0.3648,0.0034,-0.103,1.3938,29.8737,43.0,0,122
MSFT270416C00485000,MSFT,2027-04-16,205,C,485.0,-3.29,501.48,56.2,59.1,57.65,56.08,5.0,0.3053,0.6327,0.0033,-0.0938,1.4079,59.3731,55.2,0,11
MSFT270416P00485000,MSFT,2027-04-16,205,P,485.0,-3.29,501.48,32.3,34.9,33.6,36.4,7.7,0.3029,-0.3824,0.0035,-0.1043,1.4141,31.7813,44.7,0,131
MSFT270416C00490000,MSFT,2027-04-16,205,C,490.0,-2.29,501.48,53.5,56.3,54.9,55.5,5.1,0.3042,0.6158,0.0034,-0.0955,1.4275,56.5626,53.4,8,129
MSFT270416P00490000,MSFT,2027-04-16,205,P,490.0,-2.29,501.48,35.25,37.2,36.225,37.21,5.4,0.3049,-0.4002,0.0036,-0.1055,1.4311,34.2971,46.6,10,135
MSFT270416C00495000,MSFT,2027-04-16,205,C,495.0,-1.29,501.48,50.85,53.85,52.35,52.0,5.7,0.304,0.5987,0.0034,-0.097,1.4444,53.9649,51.7,175,53
MSFT270416P00495000,MSFT,2027-04-16,205,P,495.0,-1.29,501.48,37.0,39.5,38.25,39.87,6.5,0.3019,-0.4185,0.0036,-0.1065,1.4449,36.1847,48.3,0,3
MSFT270416C00500000,MSFT,2027-04-16,205,C,500.0,-0.3,501.48,48.4,50.8,49.6,50.17,4.8,0.3017,0.5818,0.0034,-0.0983,1.4586,51.1458,50.0,141,357
MSFT270416P00500000,MSFT,2027-04-16,205,P,500.0,-0.3,501.48,40.0,42.45,41.225,40.4,5.9,0.3049,-0.4368,0.0037,-0.1072,1.4566,39.0259,50.1,0,112
MSFT270416C00505000,MSFT,2027-04-16,205,C,505.0,0.7,501.48,46.05,48.7,47.375,45.7,5.6,0.3026,0.5647,0.0035,-0.0994,1.4701,48.8783,48.2,13,26
MSFT270416P00505000,MSFT,2027-04-16,205,P,505.0,0.7,501.48,41.85,44.6,43.225,45.39,6.4,0.3008,-0.4549,0.0037,-0.1078,1.4649,40.9141,51.8,0,173
MSFT270416C00510000,MSFT,2027-04-16,205,C,510.0,1.7,501.48,43.8,46.15,44.975,42.7,5.2,0.3016,0.5475,0.0035,-0.1003,1.4788,46.4157,46.5,6,55
MSFT270416P00510000,MSFT,2027-04-16,205,P,510.0,1.7,501.48,44.15,47.1,45.625,48.32,6.5,0.2986,-0.4734,0.0038,-0.1081,1.4688,43.1604,53.5,0,70
MSFT270416C00515000,MSFT,2027-04-16,205,C,515.0,2.7,501.48,42.05,43.8,42.925,40.28,4.1,0.3025,0.5305,0.0035,-0.101,1.485,44.3193,44.8,0,800
MSFT270416P00515000,MSFT,2027-04-16,205,P,515.0,2.7,501.48,47.1,50.6,48.85,50.91,7.2,0.3014,-0.492,0.0038,-0.1083,1.4713,46.2342,55.2,0,90
MSFT270416C00520000,MSFT,2027-04-16,205,C,520.0,3.69,501.48,39.65,41.8,40.725,45.23,5.3,0.3019,0.5134,0.0035,-0.1015,1.4884,42.0821,43.1,3,91
MSFT270416P00520000,MSFT,2027-04-16,205,P,520.0,3.69,501.48,49.9,52.8,51.35,53.5,5.6,0.2987,-0.5105,0.0038,-0.1083,1.4697,48.571,56.9,0,152
MSFT270416C00525000,MSFT,2027-04-16,205,C,525.0,4.69,501.48,37.35,39.7,38.525,38.5,6.1,0.3007,0.4964,0.0036,-0.1018,1.4892,39.8362,41.4,0,35
MSFT270416P00525000,MSFT,2027-04-16,205,P,525.0,4.69,501.48,52.8,56.55,54.675,56.85,6.9,0.3012,-0.5288,0.0038,-0.108,1.465,51.7681,58.6,0,19
MSFT270416C00530000,MSFT,2027-04-16,205,C,530.0,5.69,501.48,35.35,37.7,36.525,36.2,6.4,0.3002,0.4796,0.0036,-0.1018,1.4873,37.7755,39.8,3,30
MSFT270416P00530000,MSFT,2027-04-16,205,P,530.0,5.69,501.48,55.6,58.65,57.125,59.19,5.3,0.2969,-0.547,0.0039,-0.1075,1.4561,54.027,60.2,0,6
MSFT270416C00535000,MSFT,2027-04-16,205,C,535.0,6.68,501.48,33.45,35.8,34.625,34.5,6.8,0.3,0.463,0.0035,-0.1017,1.4828,35.8391,38.2,1,54
MSFT270416P00535000,MSFT,2027-04-16,205,P,535.0,6.68,501.48,58.7,61.55,60.125,66.08,4.7,0.2957,-0.5655,0.0039,-0.1069,1.4457,56.8311,61.8,0,3
MSFT270416C00540000,MSFT,2027-04-16,205,C,540.0,7.68,501.48,31.65,33.95,32.8,32.65,7.0,0.2995,0.4466,0.0035,-0.1014,1.476,33.9356,36.6,12,36
MSFT270416P00540000,MSFT,2027-04-16,205,P,540.0,7.68,501.48,61.9,65.85,63.875,63.7,6.2,0.2994,-0.5836,0.0039,-0.1062,1.4331,60.4445,63.4,0,9
MSFT270416C00545000,MSFT,2027-04-16,205,C,545.0,8.68,501.48,29.9,32.2,31.05,29.35,7.4,0.2994,0.4304,0.0035,-0.101,1.4671,32.168,35.1,0,23
MSFT270416P00545000,MSFT,2027-04-16,205,P,545.0,8.68,501.48,65.3,69.05,67.175,72.7,5.6,0.2992,-0.6012,0.0039,-0.1051,1.4185,63.551,64.9,0,3
MSFT270416C00550000,MSFT,2027-04-16,205,C,550.0,9.68,501.48,28.25,30.5,29.375,28.7,7.7,0.2991,0.4145,0.0035,-0.1003,1.4558,30.4452,33.6,15,172
MSFT270416P00550000,MSFT,2027-04-16,205,P,550.0,9.68,501.48,68.6,71.45,70.025,76.7,4.1,0.2953,-0.6188,0.0039,-0.1039,1.3945,66.1886,66.5,0,82
MSFT270416C00555000,MSFT,2027-04-16,205,C,555.0,10.67,501.48,26.85,28.9,27.875,26.4,7.4,0.2995,0.3989,0.0034,-0.0995,1.4421,28.8975,32.1,0,14
MSFT270416P00555000,MSFT,2027-04-16,205,P,555.0,10.67,501.48,72.05,75.8,73.925,0.0,5.1,0.2982,-0.6363,0.0038,-0.1026,1.3686,69.8986,67.9,0,0
MSFT270416C00560000,MSFT,2027-04-16,205,C,560.0,11.67,501.48,25.2,27.4,26.3,26.5,8.4,0.2989,0.3835,0.0034,-0.0986,1.4264,27.2747,30.7,0,79
MSFT270416P00560000,MSFT,2027-04-16,205,P,560.0,11.67,501.48,75.6,79.5,77.55,0.0,5.0,0.2987,-0.6537,0.0038,-0.1012,1.3493,73.3253,69.3,0,0
MSFT270416C00565000,MSFT,2027-04-16,205,C,565.0,12.67,501.48,23.8,25.95,24.875,24.8,8.6,0.2989,0.3685,0.0034,-0.0975,1.4093,25.8078,29.3,4,38
MSFT270416P00565000,MSFT,2027-04-16,205,P,565.0,12.67,501.48,79.25,83.15,81.2,86.72,4.8,0.2988,-0.6706,0.0038,-0.0996,1.3257,76.7619,70.7,0,24
MSFT270416C00570000,MSFT,2027-04-16,205,C,570.0,13.66,501.48,22.4,24.55,23.475,23.27,9.2,0.2986,0.3538,0.0033,-0.0962,1.3905,24.3652,28.0,3,61
MSFT270416P00570000,MSFT,2027-04-16,205,P,570.0,13.66,501.48,82.95,86.8,84.875,0.0,4.5,0.2987,-0.6871,0.0038,-0.098,1.2939,80.2366,72.0,0,0
MSFT270416C00575000,MSFT,2027-04-16,205,C,575.0,14.66,501.48,21.15,23.2,22.175,21.89,9.2,0.2986,0.3395,0.0033,-0.0949,1.3697,23.0298,26.7,0,312
MSFT270416P00575000,MSFT,2027-04-16,205,P,575.0,14.66,501.48,86.7,90.6,88.65,91.9,4.4,0.2985,-0.7035,0.0037,-0.0961,1.2534,83.7622,73.3,0,1
MSFT270416C00580000,MSFT,2027-04-16,205,C,580.0,15.66,501.48,20.0,21.55,20.775,18.98,7.5,0.2974,0.3255,0.0032,-0.0934,1.3472,21.5935,25.4,0,183
MSFT270416P00580000,MSFT,2027-04-16,205,P,580.0,15.66,501.48,90.6,94.3,92.45,0.0,4.0,0.298,-0.7198,0.0037,-0.0944,1.2195,87.3103,74.6,0,0
MSFT270416C00585000,MSFT,2027-04-16,205,C,585.0,16.65,501.48,18.85,20.75,19.8,19.39,9.6,0.2988,0.3119,0.0032,-0.0919,1.3236,20.571,24.2,14,289
MSFT270416P00585000,MSFT,2027-04-16,205,P,585.0,16.65,501.48,94.5,98.3,96.4,0.0,3.9,0.2983,-0.7356,0.0037,-0.0924,1.1899,91.0281,75.8,0,0
MSFT270416C00600000,MSFT,2027-04-16,205,C,600.0,19.65,501.48,15.55,17.45,16.5,15.61,11.5,0.2979,0.2734,0.003,-0.0867,1.2474,17.1599,20.8,19,187
MSFT270416P00600000,MSFT,2027-04-16,205,P,600.0,19.65,501.48,106.75,110.2,108.475,111.5,3.2,0.2975,-0.781,0.0036,-0.0865,1.0536,102.3004,79.3,0,11
MSFT270416C00620000,MSFT,2027-04-16,205,C,620.0,23.63,501.48,12.4,13.95,13.175,12.95,11.8,0.3,0.2275,0.0027,-0.0789,1.1338,13.7352,17.0,6,223
MSFT270416P00620000,MSFT,2027-04-16,205,P,620.0,23.63,501.48,123.9,127.5,125.7,129.15,2.9,0.2993,-0.838,0.0034,-0.0796,0.8776,118.4015,83.1,0,15
