contract,ticker,expiry,dte,type,strike,moneyness_pct,spot,bid,ask,mid,last,spread_pct,iv,delta,gamma,theta,vega,theo,prob_itm,volume,oi
GOOGL261009C00260000,GOOGL,2026-10-09,14,C,260.0,-24.4,343.9200134277344,82.65,86.3,84.475,71.98,4.3,0.7426783544921874,0.9776,0.00107,-0.12278,0.0359,84.7576,96.9,0,29
GOOGL261009C00265000,GOOGL,2026-10-09,14,C,265.0,-22.95,343.9200134277344,77.7,81.3,79.5,67.06,4.5,0.7050810742187501,0.97546,0.00121,-0.12561,0.03876,79.7872,96.6,0,29
GOOGL261009C00270000,GOOGL,2026-10-09,14,C,270.0,-21.49,343.9200134277344,72.7,76.4,74.55,63.43,5.0,0.6723665576171877,0.97226,0.00141,-0.13155,0.04294,74.8382,96.3,56,20
GOOGL261009C00275000,GOOGL,2026-10-09,14,C,275.0,-20.04,343.9200134277344,67.75,71.35,69.55,57.7,5.2,0.6293982373046876,0.97051,0.00158,-0.13049,0.04518,69.8463,96.1,46,17
GOOGL261009C00280000,GOOGL,2026-10-09,14,C,280.0,-18.59,343.9200134277344,62.75,66.35,64.55,75.55,5.6,0.586918193359375,0.96853,0.00179,-0.12934,0.04768,64.8547,95.9,2,10
GOOGL261009C00285000,GOOGL,2026-10-09,14,C,285.0,-17.13,343.9200134277344,57.8,61.4,59.6,58.66,6.0,0.5529829858398438,0.96434,0.00211,-0.13414,0.05284,59.9052,95.5,2,11
GOOGL261009C00290000,GOOGL,2026-10-09,14,C,290.0,-15.68,343.9200134277344,52.85,56.5,54.675,53.45,6.7,0.5217332983398437,0.95863,0.00252,-0.14126,0.05965,54.9772,94.9,2,13
GOOGL261009C00295000,GOOGL,2026-10-09,14,C,295.0,-14.22,343.9200134277344,47.85,51.55,49.7,49.51,7.4,0.6577182666015625,0.8975,0.00403,-0.31087,0.12035,51.6548,87.3,2,13
GOOGL261009C00300000,GOOGL,2026-10-09,14,C,300.0,-12.77,343.9200134277344,42.95,46.55,44.75,44.76,8.0,0.6052285571289064,0.88969,0.00462,-0.30274,0.12691,46.6667,86.6,702,22
GOOGL261009C00305000,GOOGL,2026-10-09,14,C,305.0,-11.32,343.9200134277344,38.0,41.7,39.85,38.81,9.3,0.5627485131835939,0.87671,0.00538,-0.30445,0.13732,41.8153,85.3,421,66
GOOGL261009C00310000,GOOGL,2026-10-09,14,C,310.0,-9.86,343.9200134277344,33.15,36.45,34.8,32.85,9.5,0.4935353381347657,0.87254,0.00628,-0.27661,0.14055,36.6001,85.1,47,58
GOOGL261009C00315000,GOOGL,2026-10-09,14,C,315.0,-8.41,343.9200134277344,28.35,32.15,30.25,29.3,12.6,0.48169463623046876,0.84001,0.0075,-0.31005,0.16388,32.2558,81.6,5,73
GOOGL261009C00320000,GOOGL,2026-10-09,14,C,320.0,-6.96,343.9200134277344,25.0,27.4,26.2,25.0,9.2,0.4387263159179688,0.81589,0.00901,-0.30861,0.17926,27.5029,79.2,2,45
GOOGL261009C00325000,GOOGL,2026-10-09,14,C,325.0,-5.5,343.9200134277344,20.0,22.55,21.275,21.37,12.0,0.3877624700927734,0.78909,0.01106,-0.29677,0.19461,22.6576,76.6,12,59
GOOGL261009C00330000,GOOGL,2026-10-09,14,C,330.0,-4.05,343.9200134277344,15.75,17.95,16.85,17.0,13.1,0.3448551843261719,0.74801,0.01374,-0.29094,0.21494,18.0493,72.6,23,183
GOOGL261009C00332500,GOOGL,2026-10-09,14,C,332.5,-3.32,343.9200134277344,14.05,16.4,15.225,15.3,15.4,0.3522403643798828,0.70755,0.01448,-0.31605,0.23147,16.4551,68.3,8,4
GOOGL261009C00335000,GOOGL,2026-10-09,14,C,335.0,-2.59,343.9200134277344,13.0,14.1,13.55,14.03,8.1,0.32569033691406246,0.68008,0.0163,-0.30423,0.24085,14.1543,65.7,7,593
GOOGL261009C00337500,GOOGL,2026-10-09,14,C,337.5,-1.87,343.9200134277344,11.25,12.0,11.625,11.85,6.5,0.30493859130859374,0.64471,0.01813,-0.29615,0.25083,12.0463,62.2,46,103
GOOGL261009C00340000,GOOGL,2026-10-09,14,C,340.0,-1.14,343.9200134277344,9.85,10.45,10.15,10.12,5.9,0.30170376037597657,0.59852,0.01903,-0.30208,0.26047,10.4682,57.6,1289,536
GOOGL261009C00342500,GOOGL,2026-10-09,14,C,342.5,-0.41,343.9200134277344,8.55,9.2,8.875,9.0,7.3,0.3051827294921875,0.54965,0.01926,-0.31032,0.26663,9.1855,52.6,174,965
GOOGL261009C00345000,GOOGL,2026-10-09,14,C,345.0,0.31,343.9200134277344,7.2,7.6,7.4,7.55,5.4,0.29181616394042953,0.50022,0.0203,-0.29807,0.26871,7.5742,47.7,531,974
GOOGL261009C00347500,GOOGL,2026-10-09,14,C,347.5,1.04,343.9200134277344,6.15,6.6,6.375,6.5,7.1,0.29572237487792963,0.45091,0.01988,-0.29793,0.26667,6.5492,42.8,153,279
GOOGL261009C00350000,GOOGL,2026-10-09,14,C,350.0,1.77,343.9200134277344,5.25,5.5,5.375,5.45,4.7,0.2916330603027343,0.40075,0.01968,-0.28568,0.26035,5.4343,37.9,752,1014
GOOGL261009C00352500,GOOGL,2026-10-09,14,C,352.5,2.49,343.9200134277344,3.7,5.3,4.5,4.35,35.6,0.31763377685546873,0.3668,0.0176,-0.30093,0.25359,5.2024,34.4,94,112
GOOGL261009C00355000,GOOGL,2026-10-09,14,C,355.0,3.22,343.9200134277344,3.75,4.0,3.875,3.8,6.5,0.2973703076171874,0.31242,0.01767,-0.26457,0.23843,3.9087,29.2,3025,9631
GOOGL261009C00357500,GOOGL,2026-10-09,14,C,357.5,3.95,343.9200134277344,3.1,3.5,3.3,3.23,12.1,0.30493859130859374,0.27662,0.01629,-0.25553,0.2254,3.3998,25.7,54,688
GOOGL261009C00360000,GOOGL,2026-10-09,14,C,360.0,4.68,343.9200134277344,2.5,2.75,2.625,2.72,9.5,0.29767548034667957,0.2332,0.01526,-0.22762,0.20611,2.6534,21.6,531,1966
GOOGL261009C00362500,GOOGL,2026-10-09,14,C,362.5,5.4,343.9200134277344,2.06,2.57,2.315,2.33,22.0,0.31366653137207035,0.21162,0.0137,-0.22615,0.195,2.463,19.4,47,238
GOOGL261009C00365000,GOOGL,2026-10-09,14,C,365.0,6.13,343.9200134277344,1.61,2.12,1.865,1.95,27.3,0.31372756591796874,0.18075,0.01245,-0.20514,0.17721,2.0163,16.5,267,1341
GOOGL261009C00367500,GOOGL,2026-10-09,14,C,367.5,6.86,343.9200134277344,1.34,1.89,1.615,1.59,34.1,0.3228827478027343,0.1604,0.01121,-0.19514,0.16415,1.7856,14.5,70,119
GOOGL261009C00370000,GOOGL,2026-10-09,14,C,370.0,7.58,343.9200134277344,1.2,1.33,1.265,1.32,10.3,0.30823445678710937,0.124,0.00986,-0.15632,0.13788,1.2434,11.2,306,1411
GOOGL261009C00372500,GOOGL,2026-10-09,14,C,372.5,8.31,343.9200134277344,1.01,1.17,1.09,1.14,14.7,0.31604687866210934,0.10861,0.00875,-0.14563,0.1255,1.0851,9.8,35,102
GOOGL261009C00375000,GOOGL,2026-10-09,14,C,375.0,9.04,343.9200134277344,0.8,0.98,0.89,0.95,20.2,0.3194648132324218,0.09225,0.00769,-0.13049,0.11141,0.9016,8.2,171,1083
GOOGL261009C00380000,GOOGL,2026-10-09,14,C,380.0,10.49,343.9200134277344,0.65,0.83,0.74,0.72,24.3,0.340826904296875,0.07519,0.00618,-0.11903,0.09553,0.7534,6.6,164,1044
GOOGL261009C00385000,GOOGL,2026-10-09,14,C,385.0,11.94,343.9200134277344,0.49,0.57,0.53,0.54,15.1,0.344733115234375,0.05318,0.00466,-0.09178,0.07296,0.5082,4.6,109,1960
GOOGL261009C00390000,GOOGL,2026-10-09,14,C,390.0,13.4,343.9200134277344,0.31,0.49,0.4,0.46,45.0,0.3640200317382813,0.04396,0.00379,-0.08306,0.06265,0.43,3.8,58,305
GOOGL261009C00395000,GOOGL,2026-10-09,14,C,395.0,14.85,343.9200134277344,0.04,0.36,0.2,0.35,160.0,0.3715883154296875,0.03249,0.0029,-0.06616,0.04896,0.3105,2.8,2,232
GOOGL261009C00400000,GOOGL,2026-10-09,14,C,400.0,16.31,343.9200134277344,0.22,0.5,0.36,0.26,77.8,0.42310147216796873,0.03895,0.00296,-0.08725,0.0568,0.4333,3.2,147,661
GOOGL261009C00405000,GOOGL,2026-10-09,14,C,405.0,17.76,343.9200134277344,0.16,0.31,0.235,0.2,63.8,0.415044912109375,0.02549,0.00212,-0.06024,0.04001,0.2626,2.1,4,157
GOOGL261009C00410000,GOOGL,2026-10-09,14,C,410.0,19.21,343.9200134277344,0.09,0.25,0.17,0.21,94.1,0.42578699218750005,0.02031,0.00171,-0.05098,0.03304,0.2084,1.7,5,147
GOOGL261009C00415000,GOOGL,2026-10-09,14,C,415.0,20.67,343.9200134277344,0.07,0.28,0.175,0.12,120.0,0.4580132324218751,0.02105,0.00164,-0.05649,0.03406,0.233,1.7,10,56
GOOGL261009C00420000,GOOGL,2026-10-09,14,C,420.0,22.12,343.9200134277344,0.11,0.2,0.155,0.16,58.1,0.45898978515625005,0.01534,0.00125,-0.04319,0.02601,0.1638,1.2,14,3298
GOOGL261009C00425000,GOOGL,2026-10-09,14,C,425.0,23.58,343.9200134277344,0.05,0.26,0.155,0.15,135.5,0.5004932763671875,0.01809,0.00132,-0.05418,0.02994,0.2142,1.4,4,14
GOOGL261009P00260000,GOOGL,2026-10-09,14,P,260.0,-24.4,343.9200134277344,0.01,0.11,0.06,0.07,166.7,0.5449264257812501,-0.00359,0.00029,-0.01394,0.00723,0.0416,0.5,5,59
GOOGL261009P00265000,GOOGL,2026-10-09,14,P,265.0,-22.95,343.9200134277344,0.01,0.12,0.065,0.06,169.2,0.51562984375,-0.00406,0.00035,-0.01473,0.00809,0.045,0.5,15,95
GOOGL261009P00270000,GOOGL,2026-10-09,14,P,270.0,-21.49,343.9200134277344,0.01,0.37,0.19,0.08,189.5,0.5537154003906251,-0.01073,0.00076,-0.03733,0.01909,0.1414,1.4,2,25
GOOGL261009P00275000,GOOGL,2026-10-09,14,P,275.0,-20.04,343.9200134277344,0.01,0.36,0.185,0.09,189.2,0.5151415673828125,-0.01124,0.00085,-0.03612,0.01987,0.1382,1.5,4,51
GOOGL261009P00280000,GOOGL,2026-10-09,14,P,280.0,-18.59,343.9200134277344,0.04,0.2,0.12,0.08,133.3,0.48438015625,-0.01284,0.00101,-0.03808,0.0223,0.1504,1.6,8,83
GOOGL261009P00285000,GOOGL,2026-10-09,14,P,285.0,-17.13,343.9200134277344,0.04,0.23,0.135,0.12,140.7,0.45752495605468757,-0.01542,0.00126,-0.04208,0.02612,0.1741,1.9,57,109
GOOGL261009P00290000,GOOGL,2026-10-09,14,P,290.0,-15.68,343.9200134277344,0.01,0.21,0.11,0.14,181.8,0.415044912109375,-0.01549,0.00139,-0.03826,0.02622,0.1583,1.9,67,181
GOOGL261009P00295000,GOOGL,2026-10-09,14,P,295.0,-14.22,343.9200134277344,0.1,0.49,0.295,0.2,132.2,0.43921459228515625,-0.03255,0.00246,-0.07564,0.04903,0.389,3.9,7,367
GOOGL261009P00300000,GOOGL,2026-10-09,14,P,300.0,-12.77,343.9200134277344,0.07,0.34,0.205,0.24,131.7,0.37305314453125,-0.02696,0.00248,-0.05481,0.04193,0.2652,3.2,47,767
GOOGL261009P00305000,GOOGL,2026-10-09,14,P,305.0,-11.32,343.9200134277344,0.24,0.4,0.32,0.32,50.0,0.3454655297851562,-0.03351,0.0032,-0.06066,0.05022,0.3142,3.9,72,2854
GOOGL261009P00310000,GOOGL,2026-10-09,14,P,310.0,-9.86,343.9200134277344,0.4,0.56,0.48,0.46,33.3,0.32910827148437494,-0.04775,0.00448,-0.07686,0.06696,0.4499,5.5,35,661
GOOGL261009P00315000,GOOGL,2026-10-09,14,P,315.0,-8.41,343.9200134277344,0.5,0.7,0.6,0.66,33.3,0.30371790039062496,-0.06273,0.00603,-0.08769,0.08308,0.5699,7.0,66,1591
GOOGL261009P00320000,GOOGL,2026-10-09,14,P,320.0,-6.96,343.9200134277344,0.92,1.41,1.165,1.01,42.1,0.31763377685546873,-0.11226,0.00892,-0.14142,0.12851,1.1962,12.5,111,1080
GOOGL261009P00325000,GOOGL,2026-10-09,14,P,325.0,-5.5,343.9200134277344,1.39,1.88,1.635,1.49,30.0,0.2971261694335937,-0.15201,0.01175,-0.16223,0.15845,1.6231,16.6,154,1084
GOOGL261009P00327500,GOOGL,2026-10-09,14,P,327.5,-4.77,343.9200134277344,1.64,2.35,1.995,1.97,35.6,0.29572237487792963,-0.18402,0.01336,-0.1821,0.1792,2.0553,20.0,135,152
GOOGL261009P00330000,GOOGL,2026-10-09,14,P,330.0,-4.05,343.9200134277344,2.13,2.65,2.39,2.45,21.8,0.2821727056884765,-0.21098,0.01521,-0.18795,0.19465,2.3343,22.7,431,726
GOOGL261009P00332500,GOOGL,2026-10-09,14,P,332.5,-3.32,343.9200134277344,2.52,3.2,2.86,2.9,23.8,0.27722890747070306,-0.24909,0.01698,-0.20181,0.21362,2.8489,26.7,20,53
GOOGL261009P00335000,GOOGL,2026-10-09,14,P,335.0,-2.59,343.9200134277344,3.2,4.25,3.725,3.8,28.2,0.2887034020996093,-0.30147,0.01792,-0.23022,0.23471,3.8406,32.1,132,884
GOOGL261009P00337500,GOOGL,2026-10-09,14,P,337.5,-1.87,343.9200134277344,3.9,4.95,4.425,4.55,23.7,0.2809520147705078,-0.34537,0.01948,-0.2356,0.24826,4.5102,36.6,86,235
GOOGL261009P00340000,GOOGL,2026-10-09,14,P,340.0,-1.14,343.9200134277344,4.75,5.95,5.35,5.5,22.4,0.28040270385742183,-0.39584,0.0204,-0.24435,0.2595,5.4731,41.7,53,810
GOOGL261009P00342500,GOOGL,2026-10-09,14,P,342.5,-0.41,343.9200134277344,5.9,7.35,6.625,6.6,21.9,0.2897409893798828,-0.44895,0.02027,-0.25811,0.26651,6.8288,47.1,29,129
GOOGL261009P00345000,GOOGL,2026-10-09,14,P,345.0,0.31,343.9200134277344,7.05,8.6,7.825,8.06,19.8,0.288947540283203,-0.5,0.0205,-0.25757,0.26871,8.0482,52.3,71,525
GOOGL261009P00347500,GOOGL,2026-10-09,14,P,347.5,1.04,343.9200134277344,8.5,9.95,9.225,9.65,15.7,0.28742167663574214,-0.55115,0.02044,-0.25176,0.2665,9.3752,57.3,19,29
GOOGL261009P00350000,GOOGL,2026-10-09,14,P,350.0,1.77,343.9200134277344,10.05,11.65,10.85,11.15,14.7,0.29431858032226554,-0.59816,0.01951,-0.2501,0.26054,11.0477,62.0,19,354
GOOGL261009P00352500,GOOGL,2026-10-09,14,P,352.5,2.49,343.9200134277344,11.65,13.3,12.475,12.55,13.2,0.295356167602539,-0.64451,0.01872,-0.23896,0.25088,12.6799,66.6,1,53
GOOGL261009P00355000,GOOGL,2026-10-09,14,P,355.0,3.22,343.9200134277344,13.4,15.25,14.325,14.31,12.9,0.3043282458496094,-0.68313,0.01737,-0.23337,0.23988,14.6109,70.4,12,215
GOOGL261009P00357500,GOOGL,2026-10-09,14,P,357.5,3.95,343.9200134277344,15.35,17.35,16.35,12.38,12.2,0.3164741204833984,-0.71535,0.01592,-0.22952,0.22854,16.6936,73.6,0,14
GOOGL261009P00360000,GOOGL,2026-10-09,14,P,360.0,4.68,343.9200134277344,17.3,19.65,18.475,17.1,12.7,0.334967587890625,-0.73903,0.0144,-0.23194,0.2189,18.9751,76.0,4,137
GOOGL261009P00362500,GOOGL,2026-10-09,14,P,362.5,5.4,343.9200134277344,18.45,22.15,20.3,16.0,18.2,0.3609072698974609,-0.75407,0.01296,-0.24271,0.21218,21.4513,77.6,0,4
GOOGL261009P00365000,GOOGL,2026-10-09,14,P,365.0,6.13,343.9200134277344,20.5,24.3,22.4,26.0,17.0,0.3695131408691406,-0.77776,0.01197,-0.23283,0.2006,23.5946,79.9,5,53
GOOGL261009P00370000,GOOGL,2026-10-09,14,P,370.0,7.58,343.9200134277344,25.5,28.8,27.15,28.2,12.2,0.3908141973876953,-0.81505,0.01014,-0.21711,0.17976,28.0806,83.5,15,12
GOOGL261009P00372500,GOOGL,2026-10-09,14,P,372.5,8.31,343.9200134277344,27.3,31.1,29.2,23.16,13.0,0.40180041564941404,-0.83036,0.00934,-0.20963,0.17021,30.3753,84.9,0,3
GOOGL261009P00375000,GOOGL,2026-10-09,14,P,375.0,9.04,343.9200134277344,29.7,33.45,31.575,33.41,11.9,0.41431249755859373,-0.84298,0.00861,-0.20417,0.16188,32.719,86.2,1,1
GOOGL261009P00380000,GOOGL,2026-10-09,14,P,380.0,10.49,343.9200134277344,34.55,38.25,36.4,36.36,10.2,0.4425104577636719,-0.86216,0.00739,-0.19782,0.14834,37.5062,88.0,69,29
GOOGL261009P00385000,GOOGL,2026-10-09,14,P,385.0,11.94,343.9200134277344,39.45,43.1,41.275,44.0,8.8,0.47095255615234377,-0.87709,0.00641,-0.19277,0.13702,42.3442,89.5,0,17
GOOGL261009P00390000,GOOGL,2026-10-09,14,P,390.0,13.4,343.9200134277344,44.35,48.0,46.175,43.65,7.9,0.5004932763671875,-0.88841,0.00564,-0.19007,0.12796,47.2313,90.6,10,2
GOOGL261009P00400000,GOOGL,2026-10-09,14,P,400.0,16.31,343.9200134277344,54.25,57.95,56.1,56.56,6.6,0.5661664477539063,-0.902,0.00453,-0.19526,0.11647,57.1512,92.0,1,0
GOOGL261016C00260000,GOOGL,2026-10-16,21,C,260.0,-24.4,343.9200134277344,82.95,86.55,84.75,96.57,4.2,0.6599155102539063,0.96862,0.0013,-0.11871,0.05826,85.2226,95.6,11,155
GOOGL261016C00265000,GOOGL,2026-10-16,21,C,265.0,-22.95,343.9200134277344,77.65,81.6,79.625,75.6,5.0,0.6032754516601564,0.9706,0.00134,-0.10708,0.05519,80.1242,96.0,1,57
GOOGL261016C00270000,GOOGL,2026-10-16,21,C,270.0,-21.49,343.9200134277344,73.0,76.6,74.8,71.9,4.8,0.5918009570312501,0.96343,0.00164,-0.12117,0.06608,75.29,95.1,1,152
GOOGL261016C00275000,GOOGL,2026-10-16,21,C,275.0,-20.04,343.9200134277344,68.05,71.65,69.85,82.69,5.2,0.5610395458984375,0.95961,0.00188,-0.12416,0.07164,70.3465,94.6,5,377
GOOGL261016C00280000,GOOGL,2026-10-16,21,C,280.0,-18.59,343.9200134277344,63.1,66.7,64.9,62.12,5.5,0.5295457202148439,0.95548,0.00215,-0.12659,0.07753,65.4007,94.2,27,252
GOOGL261016C00285000,GOOGL,2026-10-16,21,C,285.0,-17.13,343.9200134277344,58.15,61.75,59.95,77.25,6.0,0.6434361828613282,0.90485,0.00319,-0.24115,0.13959,62.1021,87.6,1,370
GOOGL261016C00290000,GOOGL,2026-10-16,21,C,290.0,-15.68,343.9200134277344,53.2,56.85,55.025,67.24,6.6,0.6055947644042969,0.8966,0.0036,-0.24141,0.14834,57.207,86.8,40,342
GOOGL261016C00295000,GOOGL,2026-10-16,21,C,295.0,-14.22,343.9200134277344,48.3,51.5,49.9,50.47,6.4,0.5399215930175782,0.89747,0.00401,-0.21767,0.14743,51.8946,87.2,2,173
GOOGL261016C00300000,GOOGL,2026-10-16,21,C,300.0,-12.77,343.9200134277344,44.15,45.8,44.975,45.45,3.7,0.4523980541992188,0.90899,0.00439,-0.17469,0.13508,46.2607,89.0,6,967
GOOGL261016C00305000,GOOGL,2026-10-16,21,C,305.0,-11.32,343.9200134277344,39.2,40.85,40.025,36.3,4.1,0.41480077392578124,0.89972,0.00514,-0.17266,0.14507,41.3165,88.1,7,216
GOOGL261016C00310000,GOOGL,2026-10-16,21,C,310.0,-9.86,343.9200134277344,33.85,37.2,35.525,35.88,9.4,0.4459283923339844,0.85217,0.00628,-0.23024,0.19048,37.5793,82.6,6,565
GOOGL261016C00315000,GOOGL,2026-10-16,21,C,315.0,-8.41,343.9200134277344,29.75,33.0,31.375,30.22,10.4,0.4359187268066406,0.81973,0.0073,-0.25212,0.21667,33.3402,79.1,2,498
GOOGL261016C00320000,GOOGL,2026-10-16,21,C,320.0,-6.96,343.9200134277344,24.85,28.5,26.675,27.2,13.7,0.40759869750976563,0.79096,0.00855,-0.25676,0.23711,28.8228,76.2,13,1729
GOOGL261016C00325000,GOOGL,2026-10-16,21,C,325.0,-5.5,343.9200134277344,20.95,24.35,22.65,22.5,15.0,0.3883117810058594,0.75136,0.00989,-0.26728,0.26139,24.6411,72.1,10,1600
GOOGL261016C00327500,GOOGL,2026-10-16,21,C,327.5,-4.77,343.9200134277344,19.1,20.65,19.875,22.4,7.8,0.31799998413085934,0.76105,0.01182,-0.22009,0.25584,21.004,73.7,4,79
GOOGL261016C00330000,GOOGL,2026-10-16,21,C,330.0,-4.05,343.9200134277344,17.05,19.55,18.3,18.35,13.7,0.34088793884277346,0.71713,0.01203,-0.25135,0.27906,19.8401,68.9,22,3250
GOOGL261016C00332500,GOOGL,2026-10-16,21,C,332.5,-3.32,343.9200134277344,15.8,18.35,17.075,18.0,14.9,0.3554141607666015,0.6793,0.01221,-0.27344,0.29528,18.5906,64.8,4,77
GOOGL261016C00335000,GOOGL,2026-10-16,21,C,335.0,-2.59,343.9200134277344,14.7,15.45,15.075,15.18,5.0,0.3124458404541015,0.66233,0.01418,-0.24751,0.30147,15.7083,63.5,33,2353
GOOGL261016C00337500,GOOGL,2026-10-16,21,C,337.5,-1.87,343.9200134277344,13.3,13.75,13.525,13.65,3.3,0.30634238586425777,0.62722,0.01498,-0.24984,0.31222,13.9819,59.9,25,125
GOOGL261016C00340000,GOOGL,2026-10-16,21,C,340.0,-1.14,343.9200134277344,11.95,12.2,12.075,12.2,2.1,0.3021920367431641,0.58945,0.0156,-0.25167,0.32079,12.4033,56.1,789,7104
GOOGL261016C00342500,GOOGL,2026-10-16,21,C,342.5,-0.41,343.9200134277344,10.6,11.1,10.85,10.55,4.6,0.3086616986083984,0.54934,0.01555,-0.25948,0.32658,11.2651,52.0,321,564
GOOGL261016C00345000,GOOGL,2026-10-16,21,C,345.0,0.31,343.9200134277344,9.4,9.55,9.475,9.51,1.6,0.29883513671874995,0.50966,0.01618,-0.25224,0.32901,9.6939,48.1,1611,5371
GOOGL261016C00347500,GOOGL,2026-10-16,21,C,347.5,1.04,343.9200134277344,7.9,8.8,8.35,8.33,10.8,0.3099434240722656,0.47163,0.01556,-0.25905,0.32827,8.9086,44.2,123,203
GOOGL261016C00350000,GOOGL,2026-10-16,21,C,350.0,1.77,343.9200134277344,7.25,7.4,7.325,7.33,2.0,0.2987741021728515,0.42992,0.01594,-0.24587,0.32401,7.4908,40.2,2551,9316
GOOGL261016C00352500,GOOGL,2026-10-16,21,C,352.5,2.49,343.9200134277344,6.15,6.8,6.475,6.45,10.0,0.3090889404296875,0.39579,0.01511,-0.24805,0.31781,6.8631,36.8,43,168
GOOGL261016C00355000,GOOGL,2026-10-16,21,C,355.0,3.22,343.9200134277344,5.55,5.65,5.6,5.6,1.8,0.2995675512695312,0.35445,0.01506,-0.23167,0.30695,5.6977,32.8,342,6985
GOOGL261016C00357500,GOOGL,2026-10-16,21,C,357.5,3.95,343.9200134277344,4.6,5.2,4.9,4.92,12.2,0.30982135498046875,0.32528,0.01409,-0.23078,0.29701,5.226,29.9,300,660
GOOGL261016C00360000,GOOGL,2026-10-16,21,C,360.0,4.68,343.9200134277344,4.15,4.25,4.2,4.2,2.4,0.3007882421875,0.28591,0.0137,-0.21119,0.28049,4.2655,26.2,2642,15153
GOOGL261016C00362500,GOOGL,2026-10-16,21,C,362.5,5.4,343.9200134277344,3.4,3.9,3.65,3.8,13.7,0.31018756225585936,0.2614,0.01271,-0.20759,0.26832,3.9009,23.8,25,176
GOOGL261016C00365000,GOOGL,2026-10-16,21,C,365.0,6.13,343.9200134277344,3.1,3.2,3.15,3.2,3.2,0.3042061767578125,0.22746,0.01202,-0.18852,0.24893,3.1929,20.6,484,8240
GOOGL261016C00367500,GOOGL,2026-10-16,21,C,367.5,6.86,343.9200134277344,2.66,2.92,2.79,2.8,9.3,0.31238480590820306,0.20701,0.01109,-0.18283,0.23575,2.9023,18.6,87,150
GOOGL261016C00370000,GOOGL,2026-10-16,21,C,370.0,7.58,343.9200134277344,2.36,2.4,2.38,2.4,1.7,0.3083565258789062,0.17875,0.01027,-0.1647,0.21552,2.3799,16.0,1247,33611
GOOGL261016C00372500,GOOGL,2026-10-16,21,C,372.5,8.31,343.9200134277344,1.92,2.58,2.25,2.16,29.3,0.33447931152343746,0.17717,0.00942,-0.17707,0.21431,2.5457,15.7,18,58
GOOGL261016C00375000,GOOGL,2026-10-16,21,C,375.0,9.04,343.9200134277344,1.79,1.84,1.815,1.82,2.8,0.31519239501953117,0.14094,0.0086,-0.14353,0.18445,1.8094,12.5,1274,69665
GOOGL261016C00380000,GOOGL,2026-10-16,21,C,380.0,10.49,343.9200134277344,1.36,1.43,1.395,1.39,5.0,0.3232489550781249,0.11157,0.00712,-0.12466,0.1567,1.3951,9.8,1415,10569
GOOGL261016C00385000,GOOGL,2026-10-16,21,C,385.0,11.94,343.9200134277344,1.03,1.21,1.12,1.1,16.1,0.33814138427734375,0.09304,0.00597,-0.11392,0.13731,1.172,8.0,152,6347
GOOGL261016C00390000,GOOGL,2026-10-16,21,C,390.0,13.4,343.9200134277344,0.83,0.9,0.865,0.85,8.1,0.3415593188476562,0.07137,0.00484,-0.09402,0.11242,0.8646,6.1,205,10051
GOOGL261016C00395000,GOOGL,2026-10-16,21,C,395.0,14.85,343.9200134277344,0.64,0.86,0.75,0.72,29.3,0.36389796264648444,0.0647,0.00421,-0.09265,0.10422,0.8194,5.4,257,1899
GOOGL261016C00400000,GOOGL,2026-10-16,21,C,400.0,16.31,343.9200134277344,0.54,0.58,0.56,0.58,7.1,0.35938140625,0.04623,0.00327,-0.07006,0.07991,0.5481,3.8,2184,22537
GOOGL261016C00405000,GOOGL,2026-10-16,21,C,405.0,17.76,343.9200134277344,0.43,0.48,0.455,0.45,11.0,0.36939107177734376,0.03797,0.00271,-0.0613,0.06813,0.449,3.1,89,2512
GOOGL261016C00410000,GOOGL,2026-10-16,21,C,410.0,19.21,343.9200134277344,0.35,0.41,0.38,0.4,15.8,0.3811097045898437,0.03204,0.00229,-0.05494,0.05927,0.3813,2.6,464,32716
GOOGL261016C00415000,GOOGL,2026-10-16,21,C,415.0,20.67,343.9200134277344,0.3,0.36,0.33,0.33,18.2,0.393560751953125,0.02752,0.00195,-0.04996,0.05225,0.3311,2.2,998,2370
GOOGL261016C00420000,GOOGL,2026-10-16,21,C,420.0,22.12,343.9200134277344,0.26,0.5,0.38,0.28,63.2,0.437505625,0.03363,0.00207,-0.06547,0.06168,0.4604,2.7,41,9030
GOOGL261016C00425000,GOOGL,2026-10-16,21,C,425.0,23.58,343.9200134277344,0.21,0.25,0.23,0.24,17.4,0.4106504248046875,0.01893,0.00136,-0.03795,0.03811,0.2264,1.5,415,5239
GOOGL261016P00260000,GOOGL,2026-10-16,21,P,260.0,-24.4,343.9200134277344,0.06,0.19,0.125,0.11,104.0,0.5195360546875,-0.01002,0.00062,-0.02686,0.02203,0.1515,1.4,1,961
GOOGL261016P00265000,GOOGL,2026-10-16,21,P,265.0,-22.95,343.9200134277344,0.02,0.2,0.11,0.11,163.6,0.49219257812500006,-0.01111,0.00072,-0.0278,0.0241,0.1606,1.5,6,2239
GOOGL261016P00270000,GOOGL,2026-10-16,21,P,270.0,-21.49,343.9200134277344,0.09,0.19,0.14,0.09,71.4,0.45752495605468757,-0.01128,0.00078,-0.02615,0.02441,0.1514,1.5,10,4336
GOOGL261016P00275000,GOOGL,2026-10-16,21,P,275.0,-20.04,343.9200134277344,0.1,0.42,0.26,0.17,123.1,0.48340360351562506,-0.0224,0.00134,-0.04971,0.04396,0.3463,2.9,118,3886
GOOGL261016P00280000,GOOGL,2026-10-16,21,P,280.0,-18.59,343.9200134277344,0.06,0.29,0.175,0.22,131.4,0.4233456103515625,-0.01794,0.00126,-0.036,0.03641,0.2348,2.3,14,2190
GOOGL261016P00285000,GOOGL,2026-10-16,21,P,285.0,-17.13,343.9200134277344,0.15,0.41,0.28,0.26,92.9,0.4155331884765625,-0.0251,0.00171,-0.04687,0.04837,0.3367,3.2,1,3473
GOOGL261016P00290000,GOOGL,2026-10-16,21,P,290.0,-15.68,343.9200134277344,0.18,0.39,0.285,0.32,73.7,0.379889013671875,-0.02605,0.00193,-0.04412,0.04991,0.3202,3.2,461,5041
GOOGL261016P00295000,GOOGL,2026-10-16,21,P,295.0,-14.22,343.9200134277344,0.27,0.47,0.37,0.41,54.1,0.35986968261718744,-0.03235,0.00244,-0.04993,0.05974,0.3877,3.9,56,4845
GOOGL261016P00300000,GOOGL,2026-10-16,21,P,300.0,-12.77,343.9200134277344,0.4,0.52,0.46,0.45,26.1,0.33374689697265625,-0.03791,0.003,-0.0526,0.06805,0.4304,4.5,1195,7560
GOOGL261016P00305000,GOOGL,2026-10-16,21,P,305.0,-11.32,343.9200134277344,0.55,0.73,0.64,0.65,28.1,0.3232489550781249,-0.0529,0.00404,-0.06642,0.08898,0.6127,6.2,37,3527
GOOGL261016P00310000,GOOGL,2026-10-16,21,P,310.0,-9.86,343.9200134277344,0.9,1.01,0.955,0.91,11.5,0.31201859863281245,-0.07275,0.00537,-0.08192,0.11409,0.8594,8.4,131,6682
GOOGL261016P00315000,GOOGL,2026-10-16,21,P,315.0,-8.41,343.9200134277344,1.25,1.39,1.32,1.28,10.6,0.3006661730957031,-0.09924,0.00704,-0.09919,0.14397,1.1992,11.2,179,6271
GOOGL261016P00320000,GOOGL,2026-10-16,21,P,320.0,-6.96,343.9200134277344,1.79,2.01,1.9,1.86,11.6,0.29456271850585936,-0.13826,0.00908,-0.12228,0.18205,1.7613,15.4,1102,9804
GOOGL261016P00325000,GOOGL,2026-10-16,21,P,325.0,-5.5,343.9200134277344,2.62,2.81,2.715,2.64,7.0,0.2867502966308593,-0.18659,0.01134,-0.14383,0.22137,2.4973,20.6,530,7125
GOOGL261016P00327500,GOOGL,2026-10-16,21,P,327.5,-4.77,343.9200134277344,3.0,3.4,3.2,3.14,12.5,0.2866282275390625,-0.21787,0.01245,-0.15722,0.24289,3.048,23.9,182,1664
GOOGL261016P00330000,GOOGL,2026-10-16,21,P,330.0,-4.05,343.9200134277344,3.7,4.0,3.85,3.78,7.8,0.2836985693359374,-0.24984,0.01357,-0.1672,0.26205,3.6102,27.2,898,9492
GOOGL261016P00332500,GOOGL,2026-10-16,21,P,332.5,-3.32,343.9200134277344,3.85,4.85,4.35,4.4,23.0,0.28650615844726557,-0.288,0.01444,-0.18066,0.28146,4.4144,31.2,74,507
GOOGL261016P00335000,GOOGL,2026-10-16,21,P,335.0,-2.59,343.9200134277344,5.1,5.7,5.4,5.35,11.1,0.2858958129882812,-0.32598,0.01528,-0.1895,0.29727,5.2231,35.1,745,3905
GOOGL261016P00337500,GOOGL,2026-10-16,21,P,337.5,-1.87,343.9200134277344,5.85,6.75,6.3,6.5,14.3,0.28839822937011705,-0.36683,0.01583,-0.19876,0.31059,6.2273,39.3,150,1717
GOOGL261016P00340000,GOOGL,2026-10-16,21,P,340.0,-1.14,343.9200134277344,7.2,7.45,7.325,7.3,3.4,0.2771068383789062,-0.40504,0.01696,-0.19493,0.31973,6.8983,43.1,1573,10437
GOOGL261016P00342500,GOOGL,2026-10-16,21,P,342.5,-0.41,343.9200134277344,8.2,8.9,8.55,8.35,8.2,0.2854685711669921,-0.44897,0.0168,-0.20402,0.32641,8.3005,47.6,139,575
GOOGL261016P00345000,GOOGL,2026-10-16,21,P,345.0,0.31,343.9200134277344,9.65,9.85,9.75,9.75,2.1,0.2757640783691406,-0.49184,0.01753,-0.19649,0.32903,9.2218,51.8,525,7572
GOOGL261016P00347500,GOOGL,2026-10-16,21,P,347.5,1.04,343.9200134277344,9.65,11.55,10.6,11.45,17.9,0.2852244329833984,-0.53328,0.0169,-0.20143,0.32796,10.8787,56.0,82,1228
GOOGL261016P00350000,GOOGL,2026-10-16,21,P,350.0,1.77,343.9200134277344,12.4,13.0,12.7,12.5,4.7,0.2843089147949218,-0.575,0.01671,-0.19581,0.32327,12.2981,60.2,99,6509
GOOGL261016P00352500,GOOGL,2026-10-16,21,P,352.5,2.49,343.9200134277344,13.8,14.5,14.15,14.25,4.9,0.2818064984130859,-0.61665,0.01642,-0.18656,0.31493,13.7694,64.2,29,366
GOOGL261016P00355000,GOOGL,2026-10-16,21,P,355.0,3.22,343.9200134277344,15.4,16.25,15.825,15.96,5.4,0.2841868457031249,-0.65444,0.01573,-0.17942,0.30412,15.4916,67.9,35,2943
GOOGL261016P00357500,GOOGL,2026-10-16,21,P,357.5,3.95,343.9200134277344,17.15,18.1,17.625,17.25,5.4,0.28711650390624993,-0.68951,0.01491,-0.1712,0.29123,17.3162,71.3,15,155
GOOGL261016P00360000,GOOGL,2026-10-16,21,P,360.0,4.68,343.9200134277344,19.35,20.2,19.775,19.33,4.3,0.2962716857910156,-0.71738,0.01384,-0.16761,0.27894,19.3916,74.1,37,2528
GOOGL261016P00362500,GOOGL,2026-10-16,21,P,362.5,5.4,343.9200134277344,19.85,22.55,21.2,21.25,12.7,0.3128120477294921,-0.73665,0.01265,-0.17046,0.26934,21.7181,76.1,2,132
GOOGL261016P00365000,GOOGL,2026-10-16,21,P,365.0,6.13,343.9200134277344,21.8,24.3,23.05,23.25,10.8,0.30512169494628905,-0.7718,0.01201,-0.14952,0.24939,23.4566,79.3,4,1412
GOOGL261016P00367500,GOOGL,2026-10-16,21,P,367.5,6.86,343.9200134277344,23.7,27.25,25.475,25.42,13.9,0.34278000976562495,-0.76957,0.01075,-0.17275,0.25075,26.3777,79.4,1,3
GOOGL261016P00370000,GOOGL,2026-10-16,21,P,370.0,7.58,343.9200134277344,26.9,28.8,27.85,27.5,6.8,0.3227606787109374,-0.80941,0.01021,-0.13879,0.22429,27.9262,83.0,7,1020
GOOGL261016P00372500,GOOGL,2026-10-16,21,P,372.5,8.31,343.9200134277344,28.65,30.8,29.725,36.73,7.2,0.31763377685546873,-0.83633,0.00942,-0.11926,0.20371,29.9172,85.4,1,13
GOOGL261016P00375000,GOOGL,2026-10-16,21,P,375.0,9.04,343.9200134277344,30.4,34.05,32.225,31.98,11.3,0.37000141723632807,-0.81714,0.00868,-0.15815,0.21861,33.1368,84.0,6,471
GOOGL261016P00380000,GOOGL,2026-10-16,21,P,380.0,10.49,343.9200134277344,35.7,37.9,36.8,36.93,6.0,0.3464420825195312,-0.87103,0.00736,-0.10627,0.17355,36.9849,88.8,16,2549
GOOGL261016P00385000,GOOGL,2026-10-16,21,P,385.0,11.94,343.9200134277344,39.65,42.65,41.15,41.4,7.3,0.3621889953613281,-0.89044,0.00628,-0.09525,0.15467,41.7183,90.6,6,320
GOOGL261016P00390000,GOOGL,2026-10-16,21,P,390.0,13.4,343.9200134277344,44.55,47.7,46.125,46.5,6.8,0.39465937377929694,-0.89555,0.00556,-0.10154,0.14943,46.7457,91.2,49,378
GOOGL261016P00395000,GOOGL,2026-10-16,21,P,395.0,14.85,343.9200134277344,49.5,52.4,50.95,53.05,5.7,0.4018614501953125,-0.9138,0.00474,-0.08404,0.12972,51.4361,92.8,78,703
GOOGL261016P00400000,GOOGL,2026-10-16,21,P,400.0,16.31,343.9200134277344,54.7,58.0,56.35,58.55,5.9,0.47083048706054687,-0.89629,0.00464,-0.12663,0.14866,56.9949,91.5,49,2690
GOOGL261016P00405000,GOOGL,2026-10-16,21,P,405.0,17.76,343.9200134277344,59.35,62.95,61.15,48.8,5.9,0.4950001672363281,-0.90288,0.00421,-0.12621,0.14172,61.9279,92.2,7,0
GOOGL261016P00410000,GOOGL,2026-10-16,21,P,410.0,19.21,343.9200134277344,64.3,67.9,66.1,71.73,5.4,0.5181932946777343,-0.90878,0.00384,-0.12536,0.13531,66.8619,92.8,2,6
GOOGL261016P00415000,GOOGL,2026-10-16,21,P,415.0,20.67,343.9200134277344,69.3,73.15,71.225,81.42,5.4,0.5617719604492188,-0.90486,0.00365,-0.14469,0.13958,72.0833,92.6,23,6
GOOGL261016P00420000,GOOGL,2026-10-16,21,P,420.0,22.12,343.9200134277344,74.1,78.1,76.1,86.55,5.3,0.5839885351562499,-0.90991,0.00337,-0.14367,0.13406,77.0175,93.1,88,2
GOOGL261016P00425000,GOOGL,2026-10-16,21,P,425.0,23.58,343.9200134277344,79.1,83.1,81.1,78.51,4.9,0.6091347680664063,-0.91308,0.00315,-0.14591,0.13053,82.001,93.4,19,0
GOOGL261023C00275000,GOOGL,2026-10-23,28,C,275.0,-20.04,343.9200134277344,68.15,71.95,70.05,68.83,5.4,0.5090381127929688,0.95337,0.00201,-0.11263,0.0929,70.7482,93.8,0,2
GOOGL261023C00280000,GOOGL,2026-10-23,28,C,280.0,-18.59,343.9200134277344,63.15,67.05,65.1,73.0,6.0,0.6168251208496094,0.90438,0.00289,-0.20486,0.16177,67.6118,87.2,6,6
GOOGL261023C00285000,GOOGL,2026-10-23,28,C,285.0,-17.13,343.9200134277344,58.5,62.15,60.325,67.4,6.1,0.582889913330078,0.89684,0.00323,-0.20492,0.17101,62.7182,86.5,1,2
GOOGL261023C00290000,GOOGL,2026-10-23,28,C,290.0,-15.68,343.9200134277344,53.6,57.4,55.5,51.0,6.8,0.5564009204101563,0.88561,0.00365,-0.21003,0.18419,57.966,85.3,2,1
GOOGL261023C00295000,GOOGL,2026-10-23,28,C,295.0,-14.22,343.9200134277344,48.9,52.55,50.725,47.55,7.2,0.5238084729003907,0.87519,0.00412,-0.21038,0.19588,53.1197,84.3,1,11
GOOGL261023C00300000,GOOGL,2026-10-23,28,C,300.0,-12.77,343.9200134277344,44.5,47.7,46.1,44.67,6.9,0.4904836108398438,0.86351,0.00468,-0.20976,0.20838,48.2726,83.2,3,206
GOOGL261023C00305000,GOOGL,2026-10-23,28,C,305.0,-11.32,343.9200134277344,39.9,42.95,41.425,37.0,7.4,0.4606377178955079,0.8483,0.00535,-0.21127,0.22377,43.5199,81.6,3,4
GOOGL261023C00310000,GOOGL,2026-10-23,28,C,310.0,-9.86,343.9200134277344,34.6,38.0,36.3,36.35,9.4,0.42139250488281255,0.83505,0.00618,-0.20514,0.23641,38.5768,80.4,2,14
GOOGL261023C00315000,GOOGL,2026-10-23,28,C,315.0,-8.41,343.9200134277344,30.2,33.9,32.05,30.93,11.5,0.4128476684570312,0.80294,0.00706,-0.22134,0.26431,34.4379,77.0,1,16
GOOGL261023C00320000,GOOGL,2026-10-23,28,C,320.0,-6.96,343.9200134277344,26.65,29.7,28.175,28.44,10.8,0.39563592651367196,0.77055,0.00805,-0.22981,0.28885,30.2073,73.6,22,249
GOOGL261023C00325000,GOOGL,2026-10-23,28,C,325.0,-5.5,343.9200134277344,22.7,25.75,24.225,24.32,12.6,0.3817810845947265,0.73138,0.00907,-0.23886,0.31415,26.2198,69.5,11,79
GOOGL261023C00330000,GOOGL,2026-10-23,28,C,330.0,-4.05,343.9200134277344,18.25,22.1,20.175,20.0,19.1,0.37116107360839845,0.68551,0.01004,-0.24749,0.33815,22.5225,64.8,29,249
GOOGL261023C00335000,GOOGL,2026-10-23,28,C,335.0,-2.59,343.9200134277344,16.15,17.0,16.575,16.94,5.1,0.31488722229003896,0.64806,0.01237,-0.22131,0.35353,17.4233,61.5,25,306
GOOGL261023C00340000,GOOGL,2026-10-23,28,C,340.0,-1.14,343.9200134277344,13.5,13.95,13.725,13.7,3.3,0.3092110095214844,0.58414,0.01324,-0.22559,0.37153,14.3104,55.0,469,993
GOOGL261023C00345000,GOOGL,2026-10-23,28,C,345.0,0.31,343.9200134277344,10.25,11.5,10.875,11.25,11.5,0.3106758386230468,0.51685,0.01347,-0.22882,0.37968,11.7914,48.3,277,1420
GOOGL261023C00350000,GOOGL,2026-10-23,28,C,350.0,1.77,343.9200134277344,8.6,9.25,8.925,9.03,7.3,0.30884480224609373,0.44978,0.01345,-0.22383,0.377,9.4828,41.6,211,1086
GOOGL261023C00355000,GOOGL,2026-10-23,28,C,355.0,3.22,343.9200134277344,6.8,7.45,7.125,7.0,9.1,0.31049273498535157,0.38589,0.01293,-0.21573,0.36436,7.6278,35.3,192,558
GOOGL261023C00360000,GOOGL,2026-10-23,28,C,360.0,4.68,343.9200134277344,5.5,6.0,5.75,5.7,8.7,0.31391066955566405,0.32751,0.01207,-0.20445,0.34391,6.1311,29.7,696,1898
GOOGL261023C00365000,GOOGL,2026-10-23,28,C,365.0,6.13,343.9200134277344,3.95,4.6,4.275,4.6,15.2,0.3110420458984374,0.27032,0.01117,-0.18472,0.31515,4.6943,24.3,134,470
GOOGL261023C00370000,GOOGL,2026-10-23,28,C,370.0,7.58,343.9200134277344,3.0,3.7,3.35,3.5,20.9,0.3166572241210937,0.22525,0.00995,-0.16972,0.28587,3.7634,20.0,420,1968
GOOGL261023C00375000,GOOGL,2026-10-23,28,C,375.0,9.04,343.9200134277344,2.55,2.9,2.725,2.68,12.8,0.3194648132324218,0.18436,0.00875,-0.15137,0.25372,2.9406,16.2,159,798
GOOGL261023C00380000,GOOGL,2026-10-23,28,C,380.0,10.49,343.9200134277344,1.98,2.23,2.105,2.23,11.9,0.32092964233398436,0.14839,0.00757,-0.13171,0.2205,2.2537,12.9,290,1109
GOOGL261023C00385000,GOOGL,2026-10-23,28,C,385.0,11.94,343.9200134277344,1.45,1.79,1.62,1.64,21.0,0.3270330969238281,0.1217,0.00649,-0.11677,0.19244,1.8007,10.4,191,1451
GOOGL261023C00390000,GOOGL,2026-10-23,28,C,390.0,13.4,343.9200134277344,1.24,1.37,1.305,1.32,10.0,0.32898620239257803,0.09668,0.00546,-0.09931,0.16309,1.3728,8.2,70,1448
GOOGL261023C00395000,GOOGL,2026-10-23,28,C,395.0,14.85,343.9200134277344,0.86,1.13,0.995,1.07,27.1,0.3371648315429688,0.08026,0.00464,-0.08837,0.14196,1.1268,6.7,68,354
GOOGL261023C00400000,GOOGL,2026-10-23,28,C,400.0,16.31,343.9200134277344,0.76,0.86,0.81,0.82,12.3,0.33887379882812496,0.06304,0.00384,-0.07365,0.11793,0.8526,5.2,141,1010
GOOGL261023C00405000,GOOGL,2026-10-23,28,C,405.0,17.76,343.9200134277344,0.49,0.83,0.66,0.66,51.5,0.35767243896484374,0.05824,0.00342,-0.07291,0.11085,0.8191,4.8,37,79
GOOGL261023C00410000,GOOGL,2026-10-23,28,C,410.0,19.21,343.9200134277344,0.5,0.61,0.555,0.51,19.8,0.35645174804687496,0.04459,0.00277,-0.05867,0.08963,0.5995,3.6,33,561
GOOGL261023C00415000,GOOGL,2026-10-23,28,C,415.0,20.67,343.9200134277344,0.15,0.92,0.535,0.51,143.9,0.40698835205078127,0.0567,0.00294,-0.08093,0.10855,0.8989,4.5,2,72
GOOGL261023C00420000,GOOGL,2026-10-23,28,C,420.0,22.12,343.9200134277344,0.3,0.5,0.4,0.38,50.0,0.3811097045898437,0.03504,0.00213,-0.0514,0.07367,0.4852,2.8,1,463
GOOGL261023C00425000,GOOGL,2026-10-23,28,C,425.0,23.58,343.9200134277344,0.02,0.7,0.36,0.42,188.9,0.4239559558105469,0.04291,0.00226,-0.06733,0.08689,0.6777,3.3,1,252
GOOGL261023P00260000,GOOGL,2026-10-23,28,P,260.0,-24.4,343.9200134277344,0.01,0.41,0.21,0.1,190.5,0.507817421875,-0.01872,0.00095,-0.03879,0.0436,0.3459,2.6,6,26
GOOGL261023P00265000,GOOGL,2026-10-23,28,P,265.0,-22.95,343.9200134277344,0.01,0.44,0.225,0.17,191.1,0.4836477416992188,-0.02088,0.00109,-0.04049,0.04784,0.3718,2.9,3,32
GOOGL261023P00270000,GOOGL,2026-10-23,28,P,270.0,-21.49,343.9200134277344,0.01,0.38,0.195,0.19,189.7,0.44287666503906253,-0.01974,0.00114,-0.0353,0.04561,0.3183,2.6,3,36
GOOGL261023P00275000,GOOGL,2026-10-23,28,P,275.0,-20.04,343.9200134277344,0.06,0.46,0.26,0.18,153.8,0.42774009765625004,-0.02426,0.0014,-0.0405,0.05428,0.3876,3.2,10,54
GOOGL261023P00280000,GOOGL,2026-10-23,28,P,280.0,-18.59,343.9200134277344,0.01,0.6,0.305,0.3,193.4,0.4182187084960937,-0.03148,0.00178,-0.04913,0.06744,0.5096,4.1,10,62
GOOGL261023P00285000,GOOGL,2026-10-23,28,P,285.0,-17.13,343.9200134277344,0.1,0.48,0.29,0.37,131.0,0.3723207299804688,-0.02848,0.00184,-0.04015,0.06207,0.4028,3.6,80,404
GOOGL261023P00290000,GOOGL,2026-10-23,28,P,290.0,-15.68,343.9200134277344,0.26,0.66,0.46,0.46,87.0,0.36524072265625,-0.03865,0.00241,-0.05054,0.07982,0.5604,4.8,33,173
GOOGL261023P00295000,GOOGL,2026-10-23,28,P,295.0,-14.22,343.9200134277344,0.57,0.69,0.63,0.63,19.0,0.3382634533691406,-0.04296,0.00283,-0.05086,0.08698,0.5849,5.2,653,3218
GOOGL261023P00300000,GOOGL,2026-10-23,28,P,300.0,-12.77,343.9200134277344,0.75,0.87,0.81,0.81,14.8,0.3242255078124999,-0.05474,0.00359,-0.05898,0.10557,0.7421,6.5,64,3104
GOOGL261023P00305000,GOOGL,2026-10-23,28,P,305.0,-11.32,343.9200134277344,0.95,1.3,1.125,1.1,31.1,0.3238593005371093,-0.0781,0.00473,-0.07736,0.13906,1.1274,9.2,88,686
GOOGL261023P00310000,GOOGL,2026-10-23,28,P,310.0,-9.86,343.9200134277344,1.41,1.55,1.48,1.47,9.5,0.3050606604003906,-0.09552,0.00584,-0.08431,0.16165,1.3488,11.1,294,3499
GOOGL261023P00315000,GOOGL,2026-10-23,28,P,315.0,-8.41,343.9200134277344,1.91,2.09,2.0,2.01,9.0,0.2971261694335937,-0.12595,0.00731,-0.09964,0.19712,1.8379,14.4,315,1567
GOOGL261023P00320000,GOOGL,2026-10-23,28,P,320.0,-6.96,343.9200134277344,2.64,2.8,2.72,2.75,5.9,0.289496851196289,-0.16418,0.00897,-0.11538,0.23569,2.4885,18.5,286,1806
GOOGL261023P00325000,GOOGL,2026-10-23,28,P,325.0,-5.5,343.9200134277344,3.6,3.8,3.7,3.7,5.4,0.28479719116210933,-0.21311,0.01072,-0.13242,0.2769,3.4152,23.7,206,1705
GOOGL261023P00330000,GOOGL,2026-10-23,28,P,330.0,-4.05,343.9200134277344,4.8,5.25,5.025,5.03,9.0,0.28552960571289054,-0.27399,0.01225,-0.15092,0.31726,4.7744,30.1,331,1019
GOOGL261023P00335000,GOOGL,2026-10-23,28,P,335.0,-2.59,343.9200134277344,6.4,6.9,6.65,6.67,7.5,0.28247787841796873,-0.33936,0.01361,-0.16244,0.34877,6.3385,36.8,123,779
GOOGL261023P00340000,GOOGL,2026-10-23,28,P,340.0,-1.14,343.9200134277344,8.45,8.8,8.625,8.7,4.1,0.2769237347412109,-0.40989,0.01474,-0.16676,0.37028,8.151,44.0,121,591
GOOGL261023P00345000,GOOGL,2026-10-23,28,P,345.0,0.31,343.9200134277344,10.4,11.9,11.15,11.34,13.5,0.2931894412231445,-0.48413,0.01427,-0.17933,0.37971,11.1504,51.7,29,386
GOOGL261023P00350000,GOOGL,2026-10-23,28,P,350.0,1.77,343.9200134277344,12.5,15.05,13.775,13.41,18.5,0.30158169128417966,-0.55223,0.01377,-0.18052,0.37675,14.2167,58.5,19,600
GOOGL261023P00355000,GOOGL,2026-10-23,28,P,355.0,3.22,343.9200134277344,15.75,18.3,17.025,17.89,15.0,0.3043282458496094,-0.61701,0.01317,-0.17241,0.36355,17.3958,64.9,1,242
GOOGL261023P00360000,GOOGL,2026-10-23,28,P,360.0,4.68,343.9200134277344,19.45,21.9,20.675,19.1,11.9,0.30878376770019533,-0.67568,0.01223,-0.16112,0.34254,20.9321,70.6,22,157
GOOGL261023P00365000,GOOGL,2026-10-23,28,P,365.0,6.13,343.9200134277344,22.5,26.3,24.4,29.1,15.6,0.33045103149414057,-0.71589,0.01077,-0.16079,0.32291,25.2754,74.6,31,63
GOOGL261023P00370000,GOOGL,2026-10-23,28,P,370.0,7.58,343.9200134277344,26.6,30.4,28.5,30.91,13.3,0.3379582806396484,-0.75844,0.00969,-0.14754,0.29717,29.331,78.7,1,32
GOOGL261023P00375000,GOOGL,2026-10-23,28,P,375.0,9.04,343.9200134277344,31.35,33.95,32.65,32.4,8.0,0.31836619140624994,-0.81654,0.00876,-0.10943,0.25294,32.8438,83.9,1,12
GOOGL261023P00380000,GOOGL,2026-10-23,28,P,380.0,10.49,343.9200134277344,36.0,39.1,37.55,37.2,8.3,0.35474278076171867,-0.82511,0.00763,-0.12023,0.24545,37.9586,84.9,4,158
GOOGL261023P00385000,GOOGL,2026-10-23,28,P,385.0,11.94,343.9200134277344,40.8,43.7,42.25,42.09,6.9,0.3667055517578125,-0.84848,0.00672,-0.10977,0.22359,42.5284,87.1,1,0
GOOGL261023P00390000,GOOGL,2026-10-23,28,P,390.0,13.4,343.9200134277344,45.2,48.45,46.825,61.25,6.9,0.3825745336914062,-0.86535,0.00595,-0.10324,0.20645,47.2523,88.7,0,5
GOOGL261023P00400000,GOOGL,2026-10-23,28,P,400.0,16.31,343.9200134277344,54.5,58.1,56.3,56.19,6.4,0.4157773266601562,-0.89018,0.00474,-0.09304,0.1789,56.8562,91.0,1,4
GOOGL261023P00410000,GOOGL,2026-10-23,28,P,410.0,19.21,343.9200134277344,64.35,67.95,66.15,66.41,5.4,0.4544732287597656,-0.90471,0.00391,-0.08955,0.16136,66.662,92.4,1,1
GOOGL261030C00260000,GOOGL,2026-10-30,35,C,260.0,-24.4,343.9200134277344,83.35,87.25,85.3,71.78,4.6,0.5721478332519532,0.9544,0.00157,-0.10993,0.10203,86.1394,93.5,0,1
GOOGL261030C00265000,GOOGL,2026-10-30,35,C,265.0,-22.95,343.9200134277344,78.35,82.35,80.35,79.02,5.0,0.5445602185058593,0.95083,0.00175,-0.11126,0.10839,81.2023,93.1,1,1
GOOGL261030C00270000,GOOGL,2026-10-30,35,C,270.0,-21.49,343.9200134277344,73.8,77.4,75.6,69.91,4.8,0.5323533093261719,0.94221,0.00204,-0.12081,0.12318,76.4491,92.1,3,1
GOOGL261030C00275000,GOOGL,2026-10-30,35,C,275.0,-20.04,343.9200134277344,68.95,72.55,70.75,80.07,5.1,0.5107470800781251,0.93541,0.00232,-0.12545,0.13437,71.6045,91.3,1,2
GOOGL261030C00280000,GOOGL,2026-10-30,35,C,280.0,-18.59,343.9200134277344,64.1,67.8,65.95,63.95,5.6,0.5908244042968751,0.89183,0.00295,-0.1931,0.19786,68.5379,85.4,29,80
GOOGL261030C00285000,GOOGL,2026-10-30,35,C,285.0,-17.13,343.9200134277344,59.3,62.55,60.925,71.5,5.3,0.5423629748535157,0.88985,0.00326,-0.18191,0.20045,63.3171,85.5,4,4
GOOGL261030C00290000,GOOGL,2026-10-30,35,C,290.0,-15.68,343.9200134277344,54.55,58.3,56.425,51.6,6.6,0.5388229711914063,0.87043,0.00368,-0.19935,0.22477,59.0401,83.2,4,7
GOOGL261030C00295000,GOOGL,2026-10-30,35,C,295.0,-14.22,343.9200134277344,49.9,53.65,51.775,47.67,7.2,0.5153246710205077,0.85664,0.00412,-0.20366,0.24088,54.385,81.7,1,7
GOOGL261030C00300000,GOOGL,2026-10-30,35,C,300.0,-12.77,343.9200134277344,45.35,49.05,47.2,48.86,7.8,0.4922536126708985,0.84079,0.00463,-0.20787,0.25829,49.7778,80.1,10,194
GOOGL261030C00305000,GOOGL,2026-10-30,35,C,305.0,-11.32,343.9200134277344,41.7,44.1,42.9,41.18,5.6,0.45526667785644537,0.82884,0.00524,-0.20237,0.27068,44.8354,79.1,1,3
GOOGL261030C00310000,GOOGL,2026-10-30,35,C,310.0,-9.86,343.9200134277344,37.5,39.25,38.375,39.0,4.6,0.4213314703369141,0.8134,0.00598,-0.1983,0.2858,39.9881,77.6,13,61
GOOGL261030C00315000,GOOGL,2026-10-30,35,C,315.0,-8.41,343.9200134277344,32.55,36.35,34.45,33.4,11.0,0.4459283923339844,0.7682,0.00642,-0.23181,0.3248,37.0041,72.4,2,23
GOOGL261030C00320000,GOOGL,2026-10-30,35,C,320.0,-6.96,343.9200134277344,29.5,32.1,30.8,30.9,8.4,0.42401699035644536,0.74018,0.00718,-0.23349,0.34532,32.7323,69.6,11,65
GOOGL261030C00325000,GOOGL,2026-10-30,35,C,325.0,-5.5,343.9200134277344,25.1,28.5,26.8,27.18,12.7,0.4163266375732422,0.70302,0.00781,-0.24253,0.36859,29.0874,65.7,12,64
GOOGL261030C00330000,GOOGL,2026-10-30,35,C,330.0,-4.05,343.9200134277344,21.75,25.05,23.4,23.69,14.1,0.40772076660156253,0.66303,0.00841,-0.24869,0.38888,25.5904,61.6,39,457
GOOGL261030C00335000,GOOGL,2026-10-30,35,C,335.0,-2.59,343.9200134277344,19.8,21.75,20.775,20.58,9.4,0.39801627380371096,0.62018,0.00898,-0.25147,0.40544,22.2442,57.2,277,360
GOOGL261030C00340000,GOOGL,2026-10-30,35,C,340.0,-1.14,343.9200134277344,17.4,18.1,17.75,17.9,3.9,0.3751283190917969,0.57526,0.00981,-0.24327,0.41729,18.5557,52.9,271,870
GOOGL261030C00345000,GOOGL,2026-10-30,35,C,345.0,0.31,343.9200134277344,15.0,15.4,15.2,15.25,2.6,0.36939107177734376,0.52524,0.01012,-0.24182,0.42402,15.8009,48.0,309,528
GOOGL261030C00350000,GOOGL,2026-10-30,35,C,350.0,1.77,343.9200134277344,12.8,13.2,13.0,13.0,3.1,0.369574175415039,0.47513,0.01012,-0.2403,0.42404,13.5444,43.0,852,3055
GOOGL261030C00355000,GOOGL,2026-10-30,35,C,355.0,3.22,343.9200134277344,10.65,11.25,10.95,11.05,5.5,0.37000141723632807,0.42623,0.00995,-0.23552,0.41758,11.5418,38.2,208,946
GOOGL261030C00360000,GOOGL,2026-10-30,35,C,360.0,4.68,343.9200134277344,9.1,9.35,9.225,9.25,2.7,0.3660341717529296,0.37728,0.00975,-0.22474,0.40461,9.5938,33.5,190,530
GOOGL261030C00365000,GOOGL,2026-10-30,35,C,365.0,6.13,343.9200134277344,7.35,8.05,7.7,7.9,9.1,0.37164934997558596,0.33504,0.0092,-0.21773,0.38801,8.251,29.4,105,897
GOOGL261030C00370000,GOOGL,2026-10-30,35,C,370.0,7.58,343.9200134277344,6.2,6.65,6.425,6.45,7.0,0.3696657272338867,0.29192,0.00872,-0.20337,0.36567,6.8124,25.4,190,974
GOOGL261030C00375000,GOOGL,2026-10-30,35,C,375.0,9.04,343.9200134277344,5.2,5.65,5.425,5.7,8.3,0.3737855590820312,0.25577,0.00808,-0.1919,0.34251,5.7798,22.0,215,902
GOOGL261030C00380000,GOOGL,2026-10-30,35,C,380.0,10.49,343.9200134277344,4.3,4.7,4.5,4.5,8.9,0.37494521545410153,0.2212,0.00744,-0.17724,0.31632,4.8027,18.8,300,1290
GOOGL261030C00385000,GOOGL,2026-10-30,35,C,385.0,11.94,343.9200134277344,3.35,4.2,3.775,3.8,22.5,0.38660281372070304,0.19749,0.00675,-0.17039,0.2959,4.2787,16.6,275,576
GOOGL261030C00390000,GOOGL,2026-10-30,35,C,390.0,13.4,343.9200134277344,2.9,3.4,3.15,3.1,15.9,0.38446660461425775,0.16743,0.00612,-0.15251,0.26687,3.4597,13.9,149,522
GOOGL261030C00395000,GOOGL,2026-10-30,35,C,395.0,14.85,343.9200134277344,1.81,3.15,2.48,2.57,54.0,0.3996642065429688,0.15244,0.00554,-0.1487,0.25099,3.1955,12.5,110,358
GOOGL261030C00400000,GOOGL,2026-10-30,35,C,400.0,16.31,343.9200134277344,1.95,2.22,2.085,2.1,12.9,0.38269660278320305,0.1184,0.00486,-0.11959,0.21103,2.2525,9.7,248,913
GOOGL261030C00405000,GOOGL,2026-10-30,35,C,405.0,17.76,343.9200134277344,1.41,1.98,1.695,1.84,33.6,0.39258419921875,0.10521,0.00436,-0.11251,0.19393,2.002,8.5,8,150
GOOGL261030C00410000,GOOGL,2026-10-30,35,C,410.0,19.21,343.9200134277344,1.2,1.75,1.475,1.55,37.3,0.4010069665527344,0.09303,0.0039,-0.10485,0.17724,1.7635,7.4,38,283
GOOGL261030C00415000,GOOGL,2026-10-30,35,C,415.0,20.67,343.9200134277344,1.0,1.54,1.27,1.21,42.5,0.40869731933593745,0.08213,0.00348,-0.09722,0.1615,1.5492,6.5,3,99
GOOGL261030C00420000,GOOGL,2026-10-30,35,C,420.0,22.12,343.9200134277344,0.76,1.18,0.97,0.99,43.3,0.4035704174804688,0.06604,0.00299,-0.08117,0.1367,1.1847,5.1,31,105
GOOGL261030C00425000,GOOGL,2026-10-30,35,C,425.0,23.58,343.9200134277344,0.45,1.4,0.925,0.91,102.7,0.437505625,0.07127,0.00292,-0.09315,0.14498,1.3986,5.5,3,428
GOOGL261030P00260000,GOOGL,2026-10-30,35,P,260.0,-24.4,343.9200134277344,0.01,0.78,0.395,0.43,194.9,0.5100146655273439,-0.03043,0.00127,-0.05221,0.07333,0.679,4.3,4,7
GOOGL261030P00265000,GOOGL,2026-10-30,35,P,265.0,-22.95,343.9200134277344,0.01,0.82,0.415,0.45,195.2,0.4854787780761719,-0.03328,0.00143,-0.05342,0.07895,0.714,4.6,47,58
GOOGL261030P00270000,GOOGL,2026-10-30,35,P,270.0,-21.49,343.9200134277344,0.14,0.6,0.37,0.61,124.3,0.43018147949218755,-0.02794,0.0014,-0.04087,0.0683,0.5147,3.8,380,275
GOOGL261030P00275000,GOOGL,2026-10-30,35,P,275.0,-20.04,343.9200134277344,0.34,0.63,0.485,0.72,59.8,0.4062559375,-0.03067,0.0016,-0.04161,0.0738,0.5392,4.0,44,82
GOOGL261030P00280000,GOOGL,2026-10-30,35,P,280.0,-18.59,343.9200134277344,0.41,0.8,0.605,0.78,64.5,0.39722282470703124,-0.03884,0.00199,-0.04931,0.0896,0.691,5.0,3,97
GOOGL261030P00285000,GOOGL,2026-10-30,35,P,285.0,-17.13,343.9200134277344,0.66,1.03,0.845,0.94,43.8,0.38941040283203127,-0.04942,0.00246,-0.05858,0.10882,0.895,6.3,1,137
GOOGL261030P00290000,GOOGL,2026-10-30,35,P,290.0,-15.68,343.9200134277344,1.01,1.37,1.19,1.19,30.3,0.3852600537109374,-0.0641,0.00306,-0.07097,0.13359,1.2008,8.0,78,1613
GOOGL261030P00295000,GOOGL,2026-10-30,35,P,295.0,-14.22,343.9200134277344,1.23,1.6,1.415,1.5,26.1,0.36939107177734376,-0.07606,0.00364,-0.07739,0.15237,1.4073,9.4,36,365
GOOGL261030P00300000,GOOGL,2026-10-30,35,P,300.0,-12.77,343.9200134277344,1.65,2.13,1.89,1.9,25.4,0.36664451721191404,-0.09784,0.00442,-0.09245,0.18395,1.8892,11.9,51,530
GOOGL261030P00305000,GOOGL,2026-10-30,35,P,305.0,-11.32,343.9200134277344,2.4,2.63,2.515,2.48,9.1,0.35681795532226557,-0.11962,0.00525,-0.10359,0.21257,2.3455,14.3,305,4209
GOOGL261030P00310000,GOOGL,2026-10-30,35,P,310.0,-9.86,343.9200134277344,3.0,3.35,3.175,3.25,11.0,0.3513248461914062,-0.14822,0.00618,-0.11772,0.24634,3.0094,17.5,247,696
GOOGL261030P00315000,GOOGL,2026-10-30,35,P,315.0,-8.41,343.9200134277344,3.85,4.4,4.125,4.15,13.3,0.3516300189208984,-0.18503,0.00713,-0.13541,0.28431,3.9877,21.6,151,856
GOOGL261030P00320000,GOOGL,2026-10-30,35,P,320.0,-6.96,343.9200134277344,5.1,5.45,5.275,5.25,6.6,0.34534346069335936,-0.2226,0.0081,-0.14769,0.31746,4.9703,25.6,268,1261
GOOGL261030P00325000,GOOGL,2026-10-30,35,P,325.0,-5.5,343.9200134277344,6.4,7.25,6.825,6.75,12.5,0.35419346984863276,-0.27235,0.0088,-0.16795,0.35366,6.6759,31.0,108,616
GOOGL261030P00330000,GOOGL,2026-10-30,35,P,330.0,-4.05,343.9200134277344,7.85,8.8,8.325,8.35,11.4,0.34906656799316405,-0.31855,0.0096,-0.17666,0.38013,8.1498,35.8,164,1330
GOOGL261030P00335000,GOOGL,2026-10-30,35,P,335.0,-2.59,343.9200134277344,9.75,10.65,10.2,10.2,8.8,0.34540449523925776,-0.3688,0.01025,-0.18322,0.40168,9.9178,41.0,167,464
GOOGL261030P00340000,GOOGL,2026-10-30,35,P,340.0,-1.14,343.9200134277344,11.85,13.0,12.425,12.42,9.3,0.3474796697998046,-0.42231,0.01058,-0.18964,0.41679,12.181,46.5,1079,1520
GOOGL261030P00345000,GOOGL,2026-10-30,35,P,345.0,0.31,343.9200134277344,14.3,15.45,14.875,14.87,7.7,0.34552656433105466,-0.47606,0.01082,-0.1898,0.4241,14.5481,51.9,83,332
GOOGL261030P00350000,GOOGL,2026-10-30,35,P,350.0,1.77,343.9200134277344,17.0,18.05,17.525,17.67,6.0,0.3409489733886719,-0.53063,0.01095,-0.18446,0.42362,17.0712,57.2,551,10186
GOOGL261030P00355000,GOOGL,2026-10-30,35,P,355.0,3.22,343.9200134277344,18.6,21.7,20.15,20.46,15.4,0.35510898803710933,-0.57867,0.01034,-0.18726,0.41658,20.6416,62.1,122,207
GOOGL261030P00360000,GOOGL,2026-10-30,35,P,360.0,4.68,343.9200134277344,22.65,24.7,23.675,24.05,8.7,0.348090015258789,-0.63098,0.01018,-0.17342,0.40176,23.572,67.1,24,83
GOOGL261030P00365000,GOOGL,2026-10-30,35,P,365.0,6.13,343.9200134277344,25.4,28.65,27.025,27.5,12.0,0.3593203717041016,-0.67167,0.00944,-0.16925,0.3849,27.4572,71.1,6,38
GOOGL261030P00370000,GOOGL,2026-10-30,35,P,370.0,7.58,343.9200134277344,29.7,32.35,31.025,31.11,8.5,0.3593203717041016,-0.71458,0.00888,-0.15539,0.36182,31.0996,75.1,2,58
GOOGL261030P00375000,GOOGL,2026-10-30,35,P,375.0,9.04,343.9200134277344,33.15,36.85,35.0,36.47,10.6,0.377386597290039,-0.74186,0.00804,-0.15369,0.34417,35.5478,77.8,1,11
GOOGL261030P00380000,GOOGL,2026-10-30,35,P,380.0,10.49,343.9200134277344,37.15,40.35,38.75,44.0,8.3,0.36121244262695307,-0.78863,0.00752,-0.12499,0.3081,38.9991,82.0,1,88
GOOGL261030P00385000,GOOGL,2026-10-30,35,P,385.0,11.94,343.9200134277344,41.45,45.25,43.35,43.59,8.8,0.3857483300781249,-0.80311,0.00675,-0.12769,0.29535,43.8596,83.5,0,7
GOOGL261030P00395000,GOOGL,2026-10-30,35,P,395.0,14.85,343.9200134277344,50.4,54.15,52.275,41.93,7.2,0.3966124792480469,-0.84964,0.00553,-0.10312,0.24871,52.6871,87.7,0,1
GOOGL261030P00400000,GOOGL,2026-10-30,35,P,400.0,16.31,343.9200134277344,55.1,58.8,56.95,42.56,6.5,0.40552352294921873,-0.86641,0.00499,-0.09406,0.22957,57.3044,89.2,0,2
GOOGL261120C00260000,GOOGL,2026-11-20,56,C,260.0,-24.4,343.9200134277344,84.7,88.4,86.55,83.5,4.3,0.5296677893066408,0.93078,0.00187,-0.11026,0.17933,87.8824,89.9,1,262
GOOGL261120C00265000,GOOGL,2026-11-20,56,C,265.0,-22.95,343.9200134277344,79.9,83.65,81.775,82.0,4.6,0.512578116455078,0.92354,0.00208,-0.11426,0.1935,83.1184,89.0,2,114
GOOGL261120C00270000,GOOGL,2026-11-20,56,C,270.0,-21.49,343.9200134277344,75.1,78.15,76.625,75.74,4.0,0.5428512512207033,0.89853,0.00243,-0.14097,0.23894,79.4342,85.6,13,743
GOOGL261120C00275000,GOOGL,2026-11-20,56,C,275.0,-20.04,343.9200134277344,71.15,73.35,72.25,84.87,3.0,0.5201464001464844,0.89059,0.00267,-0.14257,0.25233,74.6446,84.8,6,77
GOOGL261120C00280000,GOOGL,2026-11-20,56,C,280.0,-18.59,343.9200134277344,66.45,68.7,67.575,67.57,3.3,0.5023243127441408,0.87992,0.00296,-0.14641,0.2696,69.9963,83.6,1,551
GOOGL261120C00285000,GOOGL,2026-11-20,56,C,285.0,-17.13,343.9200134277344,61.85,64.3,63.075,63.01,3.9,0.4916432672119141,0.8652,0.00327,-0.15368,0.29219,65.5839,81.9,5,177
GOOGL261120C00290000,GOOGL,2026-11-20,56,C,290.0,-15.68,343.9200134277344,57.4,60.25,58.825,53.5,4.8,0.48944602355957045,0.84551,0.00361,-0.1651,0.3203,61.5045,79.5,9,444
GOOGL261120C00295000,GOOGL,2026-11-20,56,C,295.0,-14.22,343.9200134277344,53.35,55.2,54.275,54.09,3.4,0.4558770233154297,0.83717,0.00401,-0.16031,0.33153,56.4723,78.9,6,189
GOOGL261120C00300000,GOOGL,2026-11-20,56,C,300.0,-12.77,343.9200134277344,49.0,50.45,49.725,49.5,2.9,0.4307307904052735,0.82395,0.00446,-0.15944,0.34857,51.725,77.7,8,1087
GOOGL261120C00305000,GOOGL,2026-11-20,56,C,305.0,-11.32,343.9200134277344,44.5,47.5,46.0,45.32,6.5,0.45044494873046875,0.78921,0.00476,-0.1809,0.3891,48.6971,73.5,1,377
GOOGL261120C00310000,GOOGL,2026-11-20,56,C,310.0,-9.86,343.9200134277344,40.65,41.75,41.2,41.43,2.7,0.39789420471191406,0.78335,0.00548,-0.16527,0.39536,42.9842,73.5,1,550
GOOGL261120C00315000,GOOGL,2026-11-20,56,C,315.0,-8.41,343.9200134277344,36.8,39.25,38.025,38.0,6.4,0.4205380212402344,0.74308,0.00569,-0.18664,0.43427,40.3923,68.7,26,403
GOOGL261120C00320000,GOOGL,2026-11-20,56,C,320.0,-6.96,343.9200134277344,33.55,35.45,34.5,34.35,5.5,0.40939921661376955,0.71498,0.00616,-0.19012,0.45736,36.5515,65.8,26,783
GOOGL261120C00325000,GOOGL,2026-11-20,56,C,325.0,-5.5,343.9200134277344,30.2,31.5,30.85,30.9,4.2,0.39258419921875,0.68608,0.00671,-0.18978,0.47784,32.5639,63.0,57,1895
GOOGL261120C00330000,GOOGL,2026-11-20,56,C,330.0,-4.05,343.9200134277344,27.05,28.05,27.55,27.61,3.6,0.38318487915039057,0.65218,0.00716,-0.19172,0.49783,29.0607,59.5,142,3269
GOOGL261120C00335000,GOOGL,2026-11-20,56,C,335.0,-2.59,343.9200134277344,24.2,25.5,24.85,24.78,5.2,0.3878235046386719,0.61384,0.00732,-0.1987,0.51539,26.439,55.5,67,2089
GOOGL261120C00340000,GOOGL,2026-11-20,56,C,340.0,-1.14,343.9200134277344,21.85,22.15,22.0,21.9,1.4,0.37366348999023435,0.57669,0.00778,-0.19519,0.52746,23.032,51.9,317,4144
GOOGL261120C00345000,GOOGL,2026-11-20,56,C,345.0,0.31,343.9200134277344,19.1,19.55,19.325,19.3,2.3,0.3701540036010742,0.53713,0.00797,-0.19486,0.53509,20.3653,47.9,841,5657
GOOGL261120C00350000,GOOGL,2026-11-20,56,C,350.0,1.77,343.9200134277344,16.95,17.4,17.175,16.95,2.6,0.37134417724609375,0.49778,0.00797,-0.19496,0.53741,18.1454,44.0,651,5384
GOOGL261120C00355000,GOOGL,2026-11-20,56,C,355.0,3.22,343.9200134277344,14.9,15.2,15.05,15.2,2.0,0.36804831176757813,0.45807,0.008,-0.19115,0.53445,15.8781,40.2,473,1886
GOOGL261120C00360000,GOOGL,2026-11-20,56,C,360.0,4.68,343.9200134277344,12.95,13.65,13.3,13.2,5.3,0.373480386352539,0.42181,0.00778,-0.19009,0.52707,14.2616,36.6,322,9753
GOOGL261120C00365000,GOOGL,2026-11-20,56,C,365.0,6.13,343.9200134277344,11.3,12.1,11.7,11.52,6.8,0.37579969909667965,0.38635,0.00756,-0.18613,0.51546,12.6516,33.1,146,2818
GOOGL261120C00370000,GOOGL,2026-11-20,56,C,370.0,7.58,343.9200134277344,9.85,10.2,10.025,10.05,3.5,0.3678652081298829,0.34729,0.00745,-0.17534,0.49755,10.6914,29.6,1012,37767
GOOGL261120C00375000,GOOGL,2026-11-20,56,C,375.0,9.04,343.9200134277344,8.4,8.95,8.675,8.7,6.3,0.3696657272338867,0.31464,0.00713,-0.1687,0.47832,9.3867,26.5,168,2786
GOOGL261120C00380000,GOOGL,2026-11-20,56,C,380.0,10.49,343.9200134277344,7.45,7.8,7.625,7.6,4.6,0.3706422799682617,0.28356,0.00678,-0.16077,0.45624,8.1867,23.7,497,6237
GOOGL261120C00385000,GOOGL,2026-11-20,56,C,385.0,11.94,343.9200134277344,6.4,6.7,6.55,6.6,4.6,0.36972676177978514,0.25323,0.00642,-0.15105,0.431,7.0394,20.9,136,1613
GOOGL261120C00390000,GOOGL,2026-11-20,56,C,390.0,13.4,343.9200134277344,5.5,5.75,5.625,5.6,4.4,0.3693300372314453,0.2253,0.00603,-0.14116,0.40432,6.046,18.4,124,3112
GOOGL261120C00395000,GOOGL,2026-11-20,56,C,395.0,14.85,343.9200134277344,4.5,5.0,4.75,4.85,10.5,0.3712221081542969,0.20117,0.00562,-0.13245,0.37847,5.2584,16.3,351,2256
GOOGL261120C00400000,GOOGL,2026-11-20,56,C,400.0,16.31,343.9200134277344,4.1,4.3,4.2,4.25,4.8,0.37189348815917966,0.17826,0.00521,-0.12288,0.35133,4.5242,14.3,1015,7879
GOOGL261120C00405000,GOOGL,2026-11-20,56,C,405.0,17.76,343.9200134277344,3.4,3.8,3.6,3.66,11.1,0.3761048718261719,0.16002,0.0048,-0.11567,0.3278,3.998,12.7,60,1889
GOOGL261120C00410000,GOOGL,2026-11-20,56,C,410.0,19.21,343.9200134277344,2.82,3.35,3.085,3.1,17.2,0.37982797912597654,0.14329,0.00442,-0.10831,0.30459,3.5224,11.2,337,4246
GOOGL261120C00415000,GOOGL,2026-11-20,56,C,415.0,20.67,343.9200134277344,2.62,3.05,2.835,2.73,15.2,0.3869690209960937,0.13068,0.00407,-0.10339,0.28601,3.2033,10.1,21,1265
GOOGL261120C00420000,GOOGL,2026-11-20,56,C,420.0,22.12,343.9200134277344,2.1,2.62,2.36,2.33,22.0,0.3876404010009765,0.1151,0.00372,-0.09459,0.26164,2.7516,8.8,1282,4368
GOOGL261120C00425000,GOOGL,2026-11-20,56,C,425.0,23.58,343.9200134277344,1.95,2.15,2.05,2.11,9.8,0.3841614318847656,0.0984,0.00335,-0.0836,0.23364,2.2612,7.5,35,1245
GOOGL261120P00260000,GOOGL,2026-11-20,56,P,260.0,-24.4,343.9200134277344,0.61,0.89,0.75,0.63,37.3,0.4157773266601562,-0.03312,0.00132,-0.0356,0.09948,0.773,4.7,14,1971
GOOGL261120P00265000,GOOGL,2026-11-20,56,P,265.0,-22.95,343.9200134277344,0.58,0.89,0.735,0.79,42.2,0.3920959228515625,-0.03483,0.00146,-0.0349,0.10368,0.7697,4.8,36,890
GOOGL261120P00270000,GOOGL,2026-11-20,56,P,270.0,-21.49,343.9200134277344,0.95,1.07,1.01,0.97,11.9,0.38281867187499996,-0.04184,0.00173,-0.03948,0.1204,0.9275,5.7,10,1475
GOOGL261120P00275000,GOOGL,2026-11-20,56,P,275.0,-20.04,343.9200134277344,1.18,1.32,1.25,1.25,11.2,0.375982802734375,-0.05114,0.00207,-0.04544,0.14146,1.1496,6.9,106,2348
GOOGL261120P00280000,GOOGL,2026-11-20,56,P,280.0,-18.59,343.9200134277344,1.47,1.59,1.53,1.54,7.8,0.3673158972167969,-0.06133,0.00245,-0.05107,0.16324,1.388,8.1,92,2209
GOOGL261120P00285000,GOOGL,2026-11-20,56,P,285.0,-17.13,343.9200134277344,1.77,1.95,1.86,1.91,9.7,0.36072416625976556,-0.07436,0.00289,-0.05803,0.18945,1.7111,9.6,17,1762
GOOGL261120P00290000,GOOGL,2026-11-20,56,P,290.0,-15.68,343.9200134277344,2.13,2.58,2.355,2.33,19.1,0.36237209899902345,-0.09415,0.00344,-0.06938,0.22618,2.2821,12.0,145,12319
GOOGL261120P00295000,GOOGL,2026-11-20,56,P,295.0,-14.22,343.9200134277344,2.79,3.2,2.995,2.93,13.7,0.35864899169921877,-0.11388,0.00399,-0.07855,0.25967,2.8454,14.3,68,2179
GOOGL261120P00300000,GOOGL,2026-11-20,56,P,300.0,-12.77,343.9200134277344,3.55,3.9,3.725,3.56,9.4,0.35382726257324215,-0.1358,0.00457,-0.08727,0.29367,3.4851,16.8,234,7167
GOOGL261120P00305000,GOOGL,2026-11-20,56,P,305.0,-11.32,343.9200134277344,4.35,4.9,4.625,4.55,11.9,0.3540103662109374,-0.16362,0.00518,-0.09847,0.33258,4.4053,20.0,277,2201
GOOGL261120P00310000,GOOGL,2026-11-20,56,P,310.0,-9.86,343.9200134277344,5.35,5.7,5.525,5.48,6.3,0.3446415634155273,-0.18885,0.00582,-0.10439,0.36419,5.1403,22.7,286,6256
GOOGL261120P00315000,GOOGL,2026-11-20,56,P,315.0,-8.41,343.9200134277344,6.5,6.9,6.7,6.62,6.0,0.34192552612304683,-0.22106,0.00645,-0.11309,0.39997,6.2536,26.3,168,4235
GOOGL261120P00320000,GOOGL,2026-11-20,56,P,320.0,-6.96,343.9200134277344,7.7,8.25,7.975,8.05,6.9,0.33859914337158203,-0.25587,0.00705,-0.12054,0.43334,7.5131,30.0,178,5542
GOOGL261120P00325000,GOOGL,2026-11-20,56,P,325.0,-5.5,343.9200134277344,9.55,9.8,9.675,9.62,2.6,0.33551689880371094,-0.29358,0.00762,-0.12688,0.46376,8.9657,34.0,124,2427
GOOGL261120P00330000,GOOGL,2026-11-20,56,P,330.0,-4.05,343.9200134277344,10.9,11.9,11.4,11.42,8.8,0.3393620751953125,-0.33598,0.00798,-0.13501,0.49134,10.9534,38.6,90,7771
GOOGL261120P00335000,GOOGL,2026-11-20,56,P,335.0,-2.59,343.9200134277344,13.2,13.8,13.5,13.6,4.4,0.3349065533447265,-0.37726,0.00842,-0.13742,0.51178,12.7509,42.8,469,3121
GOOGL261120P00340000,GOOGL,2026-11-20,56,P,340.0,-1.14,343.9200134277344,15.45,16.1,15.775,15.85,4.1,0.3340215524291992,-0.42076,0.00869,-0.13961,0.52679,14.9421,47.2,134,5133
GOOGL261120P00345000,GOOGL,2026-11-20,56,P,345.0,0.31,343.9200134277344,17.65,18.95,18.3,18.0,7.1,0.33924000610351557,-0.46453,0.0087,-0.14269,0.5353,17.68,51.7,286,6144
GOOGL261120P00350000,GOOGL,2026-11-20,56,P,350.0,1.77,343.9200134277344,20.05,21.6,20.825,20.62,7.4,0.33670707244873044,-0.50814,0.00879,-0.14016,0.53731,20.2228,56.1,302,2520
GOOGL261120P00355000,GOOGL,2026-11-20,56,P,355.0,3.22,343.9200134277344,22.9,25.05,23.975,23.85,9.0,0.3451908743286133,-0.54836,0.00852,-0.14117,0.53347,23.5656,60.1,77,1444
GOOGL261120P00360000,GOOGL,2026-11-20,56,P,360.0,4.68,343.9200134277344,25.1,28.6,26.85,26.73,13.0,0.3521182952880859,-0.58623,0.00821,-0.13994,0.52482,27.0155,63.9,9,4620
GOOGL261120P00365000,GOOGL,2026-11-20,56,P,365.0,6.13,343.9200134277344,28.5,31.55,30.025,29.97,10.2,0.34397018341064456,-0.62878,0.00816,-0.1294,0.50917,29.8674,67.8,2,1496
GOOGL261120P00370000,GOOGL,2026-11-20,56,P,370.0,7.58,343.9200134277344,33.05,34.9,33.975,34.06,5.4,0.33978931701660153,-0.66878,0.00792,-0.11939,0.48858,33.1229,71.6,7,1295
GOOGL261120P00375000,GOOGL,2026-11-20,56,P,375.0,9.04,343.9200134277344,36.0,38.35,37.175,37.5,6.3,0.3336858624267578,-0.70871,0.00763,-0.10696,0.46208,36.4792,75.2,5,732
GOOGL261120P00380000,GOOGL,2026-11-20,56,P,380.0,10.49,343.9200134277344,40.1,42.5,41.3,46.65,5.8,0.3395146615600586,-0.73811,0.00712,-0.10069,0.43859,40.548,78.0,37,505
GOOGL261120P00385000,GOOGL,2026-11-20,56,P,385.0,11.94,343.9200134277344,44.15,46.55,45.35,50.74,5.3,0.34015552429199214,-0.76858,0.00665,-0.09081,0.41045,44.5187,80.7,36,401
GOOGL261120P00390000,GOOGL,2026-11-20,56,P,390.0,13.4,343.9200134277344,48.45,50.7,49.575,49.6,4.5,0.34015552429199214,-0.79702,0.00616,-0.0802,0.3805,48.5939,83.3,133,706
GOOGL261120P00395000,GOOGL,2026-11-20,56,P,395.0,14.85,343.9200134277344,52.55,55.05,53.8,53.57,4.6,0.34265794067382804,-0.82093,0.00567,-0.07106,0.35234,52.8769,85.4,1,353
GOOGL261120P00400000,GOOGL,2026-11-20,56,P,400.0,16.31,343.9200134277344,57.1,60.15,58.625,58.5,5.2,0.36536279174804687,-0.82667,0.00521,-0.07509,0.34515,57.9295,86.1,4,696
GOOGL261120P00405000,GOOGL,2026-11-20,56,P,405.0,17.76,343.9200134277344,61.45,63.85,62.65,69.3,3.8,0.3421696643066406,-0.86584,0.00469,-0.0496,0.29123,61.5481,89.3,7,153
GOOGL261120P00410000,GOOGL,2026-11-20,56,P,410.0,19.21,343.9200134277344,66.2,68.45,67.325,63.4,3.3,0.34479414978027345,-0.88265,0.00424,-0.04115,0.26526,66.094,90.7,21,130
GOOGL261120P00415000,GOOGL,2026-11-20,56,P,415.0,20.67,343.9200134277344,70.4,73.8,72.1,72.7,4.7,0.37506728454589844,-0.8777,0.00401,-0.05055,0.2731,71.4115,90.5,1,153
GOOGL261120P00420000,GOOGL,2026-11-20,56,P,420.0,22.12,343.9200134277344,74.9,77.85,76.375,86.85,3.9,0.3516300189208984,-0.90948,0.00344,-0.02643,0.2197,75.3938,93.0,3,94
GOOGL261120P00425000,GOOGL,2026-11-20,56,P,425.0,23.58,343.9200134277344,79.8,82.65,81.225,77.9,3.5,0.3570010589599609,-0.91924,0.00311,-0.02086,0.20171,80.1492,93.8,26,64
GOOGL261218C00260000,GOOGL,2026-12-18,84,C,260.0,-24.4,343.9200134277344,86.05,89.7,87.875,82.8,4.2,0.5453536676025392,0.89162,0.00207,-0.12321,0.30694,91.5701,83.5,1,1353
GOOGL261218C00265000,GOOGL,2026-12-18,84,C,265.0,-22.95,343.9200134277344,82.1,84.6,83.35,94.62,3.0,0.5153857055664062,0.88785,0.00224,-0.12048,0.31456,86.5063,83.3,8,851
GOOGL261218C00270000,GOOGL,2026-12-18,84,C,270.0,-21.49,343.9200134277344,77.45,79.55,78.5,78.65,2.7,0.4873708489990235,0.88323,0.00244,-0.11828,0.32374,81.4896,83.1,17,2036
GOOGL261218C00275000,GOOGL,2026-12-18,84,C,275.0,-20.04,343.9200134277344,72.9,75.05,73.975,72.32,2.9,0.4749808361816406,0.87198,0.00267,-0.12206,0.34533,76.9904,81.8,2,33
GOOGL261218C00280000,GOOGL,2026-12-18,84,C,280.0,-18.59,343.9200134277344,68.6,70.65,69.625,69.72,2.9,0.4640861697387696,0.85909,0.00292,-0.12631,0.36884,72.5847,80.3,160,1974
GOOGL261218C00285000,GOOGL,2026-12-18,84,C,285.0,-17.13,343.9200134277344,63.95,66.45,65.2,61.65,3.8,0.4567315069580079,0.84357,0.00318,-0.13183,0.39553,68.368,78.5,1,587
GOOGL261218C00290000,GOOGL,2026-12-18,84,C,290.0,-15.68,343.9200134277344,59.25,61.9,60.575,60.6,4.4,0.4396418341064453,0.83088,0.00348,-0.13322,0.41612,63.8157,77.2,13,2564
GOOGL261218C00295000,GOOGL,2026-12-18,84,C,295.0,-14.22,343.9200134277344,55.45,57.75,56.6,56.65,4.1,0.4304866522216797,0.81348,0.00378,-0.13755,0.44264,59.6433,75.3,39,160
GOOGL261218C00300000,GOOGL,2026-12-18,84,C,300.0,-12.77,343.9200134277344,52.1,53.8,52.95,52.26,3.2,0.42377285217285154,0.7936,0.00408,-0.14253,0.47066,55.66,73.1,37,17948
GOOGL261218C00305000,GOOGL,2026-12-18,84,C,305.0,-11.32,343.9200134277344,47.7,49.85,48.775,48.35,4.4,0.4151669812011719,0.77301,0.0044,-0.14636,0.49728,51.6767,70.9,2,2374
GOOGL261218C00310000,GOOGL,2026-12-18,84,C,310.0,-9.86,343.9200134277344,43.7,46.1,44.9,44.77,5.3,0.40845318115234375,0.75012,0.00471,-0.15046,0.52415,47.8834,68.4,4,15425
GOOGL261218C00315000,GOOGL,2026-12-18,84,C,315.0,-8.41,343.9200134277344,40.35,42.25,41.3,41.05,4.6,0.39798575653076174,0.72699,0.00506,-0.15253,0.54854,43.9917,66.0,17,770
GOOGL261218C00320000,GOOGL,2026-12-18,84,C,320.0,-6.96,343.9200134277344,36.6,39.6,38.1,38.65,7.9,0.4060423165893554,0.69663,0.00522,-0.16108,0.57654,41.2609,62.5,49,4073
GOOGL261218C00325000,GOOGL,2026-12-18,84,C,325.0,-5.5,343.9200134277344,33.3,36.3,34.8,34.4,8.6,0.4004271383666992,0.6695,0.00548,-0.16358,0.59786,37.9016,59.7,1,1657
GOOGL261218C00330000,GOOGL,2026-12-18,84,C,330.0,-4.05,343.9200134277344,29.9,32.4,31.15,31.2,8.0,0.38315436187744134,0.6431,0.0059,-0.16087,0.61539,33.9547,57.3,20,2522
GOOGL261218C00335000,GOOGL,2026-12-18,84,C,335.0,-2.59,343.9200134277344,27.8,28.55,28.175,28.85,2.7,0.36499658447265626,0.61417,0.00635,-0.15696,0.63106,30.0513,54.6,188,1549
GOOGL261218C00340000,GOOGL,2026-12-18,84,C,340.0,-1.14,343.9200134277344,25.35,26.2,25.775,26.05,3.3,0.3678652081298829,0.58135,0.00644,-0.16,0.64447,27.6156,51.2,141,3403
GOOGL261218C00345000,GOOGL,2026-12-18,84,C,345.0,0.31,343.9200134277344,22.1,23.35,22.725,23.35,5.5,0.3606020971679687,0.54839,0.00666,-0.1582,0.65336,24.6889,48.0,89,1810
GOOGL261218C00350000,GOOGL,2026-12-18,84,C,350.0,1.77,343.9200134277344,20.8,21.0,20.9,21.0,1.0,0.35846588806152346,0.515,0.00674,-0.15731,0.65774,22.2549,44.7,1017,6052
GOOGL261218C00355000,GOOGL,2026-12-18,84,C,355.0,3.22,343.9200134277344,17.55,19.45,18.5,18.9,10.3,0.3660036544799804,0.4839,0.0066,-0.15926,0.65767,20.6189,41.5,99,1636
GOOGL261218C00360000,GOOGL,2026-12-18,84,C,360.0,4.68,343.9200134277344,16.4,17.0,16.7,16.7,3.6,0.35751985260009767,0.44947,0.00671,-0.15391,0.65292,18.0878,38.3,176,3596
GOOGL261218C00365000,GOOGL,2026-12-18,84,C,365.0,6.13,343.9200134277344,14.7,15.15,14.925,15.13,3.0,0.3558108853149413,0.41713,0.00665,-0.15034,0.64395,16.1575,35.2,32,2243
GOOGL261218C00370000,GOOGL,2026-12-18,84,C,370.0,7.58,343.9200134277344,13.0,14.0,13.5,13.4,7.4,0.36286037536621096,0.38975,0.00641,-0.14975,0.6329,14.9319,32.5,152,4130
GOOGL261218C00375000,GOOGL,2026-12-18,84,C,375.0,9.04,343.9200134277344,11.4,12.8,12.1,11.95,11.6,0.36725486267089846,0.3629,0.00619,-0.14748,0.61894,13.6621,29.9,105,4017
GOOGL261218C00380000,GOOGL,2026-12-18,84,C,380.0,10.49,343.9200134277344,10.3,10.55,10.425,10.3,2.4,0.35190467437744133,0.32563,0.0062,-0.13552,0.59429,11.3265,26.7,264,13948
GOOGL261218C00385000,GOOGL,2026-12-18,84,C,385.0,11.94,343.9200134277344,9.15,9.5,9.325,9.33,3.8,0.3544681253051757,0.3,0.00595,-0.13122,0.57365,10.211,24.4,25,2680
GOOGL261218C00390000,GOOGL,2026-12-18,84,C,390.0,13.4,343.9200134277344,8.0,8.65,8.325,8.35,7.8,0.35883209533691407,0.2773,0.00566,-0.1275,0.55277,9.3022,22.3,42,7637
GOOGL261218C00395000,GOOGL,2026-12-18,84,C,395.0,14.85,343.9200134277344,7.05,7.7,7.375,7.1,8.8,0.3595950271606445,0.25363,0.0054,-0.12173,0.5283,8.2928,20.2,12,2242
GOOGL261218C00400000,GOOGL,2026-12-18,84,C,400.0,16.31,343.9200134277344,6.3,6.55,6.425,6.5,3.9,0.3542850216674803,0.22674,0.00515,-0.11257,0.49698,7.0783,17.9,520,14382
GOOGL261218C00405000,GOOGL,2026-12-18,84,C,405.0,17.76,343.9200134277344,5.5,6.05,5.775,5.85,9.5,0.36057157989501953,0.2103,0.00485,-0.10935,0.47589,6.5354,16.4,16,2361
GOOGL261218C00410000,GOOGL,2026-12-18,84,C,410.0,19.21,343.9200134277344,3.7,6.35,5.025,5.15,52.7,0.38349005187988283,0.20803,0.00453,-0.11503,0.47286,6.822,15.9,220,3565
GOOGL261218C00415000,GOOGL,2026-12-18,84,C,415.0,20.67,343.9200134277344,4.2,5.0,4.6,4.45,17.4,0.36829244995117194,0.17803,0.00429,-0.10037,0.42994,5.4048,13.6,49,5913
GOOGL261218C00420000,GOOGL,2026-12-18,84,C,420.0,22.12,343.9200134277344,3.8,4.0,3.9,3.75,5.1,0.35764192169189457,0.1526,0.004,-0.08811,0.3891,4.3461,11.6,146,2978
GOOGL261218C00425000,GOOGL,2026-12-18,84,C,425.0,23.58,343.9200134277344,3.3,3.75,3.525,3.48,12.8,0.3648745153808594,0.14249,0.00374,-0.08564,0.37163,4.0707,10.7,68,1913
GOOGL261218P00260000,GOOGL,2026-12-18,84,P,260.0,-24.4,343.9200134277344,1.11,1.29,1.2,1.24,15.0,0.367193828125,-0.04197,0.00148,-0.03061,0.14782,1.1044,6.0,22,2498
GOOGL261218P00265000,GOOGL,2026-12-18,84,P,265.0,-22.95,343.9200134277344,1.44,1.57,1.505,1.47,8.6,0.36206692626953124,-0.05043,0.00174,-0.03488,0.17134,1.3479,7.1,5,2273
GOOGL261218P00270000,GOOGL,2026-12-18,84,P,270.0,-21.49,343.9200134277344,1.62,2.03,1.825,1.77,22.5,0.36286037536621096,-0.063,0.00207,-0.04153,0.20417,1.7551,8.8,9,4277
GOOGL261218P00275000,GOOGL,2026-12-18,84,P,275.0,-20.04,343.9200134277344,2.04,2.22,2.13,2.16,8.5,0.34918863708496095,-0.07028,0.00234,-0.04332,0.22219,1.9174,9.6,4,2939
GOOGL261218P00280000,GOOGL,2026-12-18,84,P,280.0,-18.59,343.9200134277344,2.31,2.89,2.6,2.64,22.3,0.3521182952880859,-0.08752,0.00274,-0.05142,0.2624,2.5157,11.8,183,6131
GOOGL261218P00285000,GOOGL,2026-12-18,84,P,285.0,-17.13,343.9200134277344,2.85,3.5,3.175,3.2,20.5,0.34906656799316405,-0.10367,0.00313,-0.05752,0.29725,3.0603,13.7,45,1139
GOOGL261218P00290000,GOOGL,2026-12-18,84,P,290.0,-15.68,343.9200134277344,3.45,4.15,3.8,3.84,18.4,0.34442794250488284,-0.12092,0.00354,-0.06307,0.33183,3.6431,15.7,27,6296
GOOGL261218P00295000,GOOGL,2026-12-18,84,P,295.0,-14.22,343.9200134277344,4.4,4.7,4.55,4.65,6.6,0.3347234497070312,-0.13717,0.00397,-0.06653,0.36214,4.1305,17.6,21,1389
GOOGL261218P00300000,GOOGL,2026-12-18,84,P,300.0,-12.77,343.9200134277344,5.3,5.95,5.625,5.45,11.6,0.3396672479248046,-0.16442,0.00442,-0.07584,0.40863,5.2702,20.8,119,10389
GOOGL261218P00305000,GOOGL,2026-12-18,84,P,305.0,-11.32,343.9200134277344,6.15,6.65,6.4,6.65,7.8,0.3288641333007812,-0.18447,0.00491,-0.07846,0.43961,5.8947,22.9,58,2948
GOOGL261218P00310000,GOOGL,2026-12-18,84,P,310.0,-9.86,343.9200134277344,7.2,7.85,7.525,7.56,8.6,0.3263311996459961,-0.21175,0.00538,-0.08407,0.47782,6.9897,26.0,202,3295
GOOGL261218P00315000,GOOGL,2026-12-18,84,P,315.0,-8.41,343.9200134277344,8.7,9.2,8.95,8.94,5.6,0.3237067141723632,-0.24117,0.00584,-0.0891,0.51426,8.2259,29.2,143,3042
GOOGL261218P00320000,GOOGL,2026-12-18,84,P,320.0,-6.96,343.9200134277344,9.95,10.7,10.325,10.48,7.3,0.32089912506103513,-0.27257,0.00627,-0.09337,0.54811,9.607,32.6,45,8373
GOOGL261218P00325000,GOOGL,2026-12-18,84,P,325.0,-5.5,343.9200134277344,11.9,12.5,12.2,12.19,4.9,0.3202582623291015,-0.30677,0.00665,-0.09765,0.5794,11.2762,36.3,173,2799
GOOGL261218P00330000,GOOGL,2026-12-18,84,P,330.0,-4.05,343.9200134277344,13.5,14.85,14.175,14.15,9.5,0.32541568145751953,-0.34396,0.00685,-0.10317,0.60719,13.4792,40.3,21,6467
GOOGL261218P00335000,GOOGL,2026-12-18,84,P,335.0,-2.59,343.9200134277344,15.85,16.65,16.25,16.2,4.9,0.3187629159545897,-0.37885,0.00723,-0.10314,0.62762,15.1513,43.8,72,2334
GOOGL261218P00340000,GOOGL,2026-12-18,84,P,340.0,-1.14,343.9200134277344,18.2,18.95,18.575,18.75,4.0,0.31711498321533205,-0.41608,0.00746,-0.1039,0.64359,17.3113,47.6,58,3286
GOOGL261218P00345000,GOOGL,2026-12-18,84,P,345.0,0.31,343.9200134277344,20.35,21.5,20.925,21.12,5.5,0.3163825686645507,-0.45387,0.00759,-0.10386,0.6538,19.7174,51.4,114,3228
GOOGL261218P00350000,GOOGL,2026-12-18,84,P,350.0,1.77,343.9200134277344,22.6,24.15,23.375,23.6,6.6,0.3143073941040039,-0.49193,0.00769,-0.10214,0.65807,22.2225,55.2,76,6413
GOOGL261218P00355000,GOOGL,2026-12-18,84,P,355.0,3.22,343.9200134277344,25.25,28.4,26.825,28.5,11.7,0.3338079315185547,-0.5241,0.00723,-0.1079,0.657,26.3295,58.7,23,1084
GOOGL261218P00360000,GOOGL,2026-12-18,84,P,360.0,4.68,343.9200134277344,28.35,30.15,29.25,28.9,6.2,0.31247635772705074,-0.56689,0.00763,-0.09627,0.64893,27.9363,62.5,21,1429
GOOGL261218P00365000,GOOGL,2026-12-18,84,P,365.0,6.13,343.9200134277344,31.55,33.4,32.475,32.75,5.7,0.3113472186279296,-0.60333,0.0075,-0.09173,0.636,31.0461,66.0,36,1567
GOOGL261218P00370000,GOOGL,2026-12-18,84,P,370.0,7.58,343.9200134277344,35.8,36.9,36.35,35.96,3.0,0.3115913568115234,-0.63783,0.00729,-0.08691,0.61852,34.4107,69.2,22,982
GOOGL261218P00375000,GOOGL,2026-12-18,84,P,375.0,9.04,343.9200134277344,38.45,41.45,39.95,39.47,7.5,0.32709413146972655,-0.66065,0.00678,-0.08846,0.60409,38.8483,71.6,40,637
GOOGL261218P00380000,GOOGL,2026-12-18,84,P,380.0,10.49,343.9200134277344,42.15,45.45,43.8,43.19,7.5,0.3316412051391602,-0.68781,0.00647,-0.08465,0.58385,42.7305,74.2,148,1235
GOOGL261218P00385000,GOOGL,2026-12-18,84,P,385.0,11.94,343.9200134277344,46.0,48.55,47.275,46.97,5.4,0.31757274230957033,-0.72709,0.00634,-0.07126,0.54844,45.6909,77.5,40,401
GOOGL261218P00390000,GOOGL,2026-12-18,84,P,390.0,13.4,343.9200134277344,50.15,52.05,51.1,53.56,3.7,0.30713583496093744,-0.76338,0.00609,-0.05889,0.50893,49.0568,80.6,1,614
GOOGL261218P00395000,GOOGL,2026-12-18,84,P,395.0,14.85,343.9200134277344,54.05,56.8,55.425,46.55,5.0,0.31973946868896475,-0.77819,0.00564,-0.0582,0.49082,53.7189,82.1,21,617
GOOGL261218P00400000,GOOGL,2026-12-18,84,P,400.0,16.31,343.9200134277344,58.45,60.7,59.575,59.85,3.8,0.3122932540893554,-0.80838,0.00529,-0.04689,0.45006,57.4999,84.7,10,1074
GOOGL261218P00405000,GOOGL,2026-12-18,84,P,405.0,17.76,343.9200134277344,62.1,65.85,63.975,55.9,5.9,0.3319158605957031,-0.81307,0.00491,-0.05007,0.44325,62.586,85.3,3,298
GOOGL261218P00410000,GOOGL,2026-12-18,84,P,410.0,19.21,343.9200134277344,67.05,70.0,68.525,60.6,4.3,0.3264837860107421,-0.83769,0.00456,-0.03987,0.4052,66.6316,87.3,3,106
GOOGL261218P00415000,GOOGL,2026-12-18,84,P,415.0,20.67,343.9200134277344,71.55,74.0,72.775,65.6,3.4,0.3133003240966796,-0.86727,0.00415,-0.02561,0.35407,70.5161,89.7,25,247
GOOGL261218P00420000,GOOGL,2026-12-18,84,P,420.0,22.12,343.9200134277344,75.75,79.3,77.525,77.0,4.6,0.3360662097167969,-0.86474,0.00392,-0.03086,0.35869,75.7703,89.7,2,47
GOOGL261218P00425000,GOOGL,2026-12-18,84,P,425.0,23.58,343.9200134277344,0.0,0.0,84.05,84.05,,1.0000000000000003e-05,-1.0,0.0,0.04615,0.0,77.1856,100.0,10,0
GOOGL270115C00260000,GOOGL,2027-01-15,112,C,260.0,-24.4,343.9200134277344,88.5,90.95,89.725,90.81,2.7,0.5051929364013672,0.88167,0.00206,-0.1081,0.37736,93.4267,81.7,2,2888
GOOGL270115C00265000,GOOGL,2027-01-15,112,C,265.0,-22.95,343.9200134277344,83.95,86.35,85.15,84.4,2.8,0.49042257629394537,0.87298,0.00223,-0.10999,0.39659,88.8434,80.8,1,5012
GOOGL270115C00270000,GOOGL,2027-01-15,112,C,270.0,-21.49,343.9200134277344,79.45,81.0,80.225,80.2,1.9,0.45786064605712895,0.87062,0.00242,-0.10576,0.40169,83.5507,80.9,11,2358
GOOGL270115C00275000,GOOGL,2027-01-15,112,C,275.0,-20.04,343.9200134277344,74.95,77.2,76.075,76.22,3.0,0.46045461425781253,0.8537,0.00261,-0.11323,0.43683,79.7159,78.7,1,2666
GOOGL270115C00280000,GOOGL,2027-01-15,112,C,280.0,-18.59,343.9200134277344,71.3,72.8,72.05,72.25,2.1,0.44836977416992185,0.8417,0.00283,-0.11561,0.4603,75.3169,77.4,4,2950
GOOGL270115C00285000,GOOGL,2027-01-15,112,C,285.0,-17.13,343.9200134277344,67.15,68.55,67.85,69.05,2.1,0.4383295913696289,0.8279,0.00305,-0.1185,0.4859,71.0551,75.9,2,745
GOOGL270115C00290000,GOOGL,2027-01-15,112,C,290.0,-15.68,343.9200134277344,62.3,63.7,63.0,58.8,2.2,0.41602146484374997,0.81818,0.00333,-0.11701,0.50306,66.2226,75.1,4,1740
GOOGL270115C00295000,GOOGL,2027-01-15,112,C,295.0,-14.22,343.9200134277344,58.7,60.25,59.475,55.5,2.6,0.41870698486328123,0.79685,0.00354,-0.1238,0.53838,62.7164,72.5,3,1441
GOOGL270115C00300000,GOOGL,2027-01-15,112,C,300.0,-12.77,343.9200134277344,54.2,56.45,55.325,55.5,4.1,0.4131223239135742,0.77789,0.00378,-0.12747,0.56718,58.8775,70.4,29,7041
GOOGL270115C00305000,GOOGL,2027-01-15,112,C,305.0,-11.32,343.9200134277344,50.15,52.65,51.4,51.45,4.9,0.40598128204345707,0.75836,0.00403,-0.13029,0.59444,55.0368,68.3,10,1923
GOOGL270115C00310000,GOOGL,2027-01-15,112,C,310.0,-9.86,343.9200134277344,47.45,48.95,48.2,47.75,3.1,0.39896230926513676,0.73757,0.00429,-0.13277,0.62091,51.291,66.1,7,4535
GOOGL270115C00315000,GOOGL,2027-01-15,112,C,315.0,-8.41,343.9200134277344,42.75,45.45,44.1,44.09,6.1,0.3934081655883789,0.7151,0.00453,-0.1353,0.64668,47.7335,63.7,1,2151
GOOGL270115C00320000,GOOGL,2027-01-15,112,C,320.0,-6.96,343.9200134277344,40.25,41.2,40.725,40.6,2.3,0.3754029745483398,0.69485,0.0049,-0.13329,0.66746,43.449,61.9,3,4038
GOOGL270115C00325000,GOOGL,2027-01-15,112,C,325.0,-5.5,343.9200134277344,37.1,39.4,38.25,38.6,6.0,0.390905749206543,0.66504,0.00489,-0.14163,0.69402,41.5388,58.3,5,1618
GOOGL270115C00330000,GOOGL,2027-01-15,112,C,330.0,-4.05,343.9200134277344,34.5,35.4,34.95,34.5,2.6,0.3735109036254882,0.6415,0.00525,-0.13874,0.71171,37.4879,56.2,133,3329
GOOGL270115C00335000,GOOGL,2027-01-15,112,C,335.0,-2.59,343.9200134277344,31.35,32.35,31.85,32.02,3.1,0.3676821044921875,0.61452,0.00546,-0.13897,0.72849,34.3596,53.5,18,1666
GOOGL270115C00340000,GOOGL,2027-01-15,112,C,340.0,-1.14,343.9200134277344,29.05,29.3,29.175,29.4,0.9,0.3601290794372558,0.58657,0.00568,-0.13799,0.74206,31.2292,50.8,264,4407
GOOGL270115C00345000,GOOGL,2027-01-15,112,C,345.0,0.31,343.9200134277344,26.5,26.75,26.625,26.66,0.9,0.35739778350830076,0.5577,0.0058,-0.13788,0.75206,28.5886,47.9,370,1919
GOOGL270115C00350000,GOOGL,2027-01-15,112,C,350.0,1.77,343.9200134277344,24.2,24.35,24.275,24.35,0.6,0.35477329803466784,0.52852,0.00589,-0.13713,0.75809,26.0957,45.0,1136,25231
GOOGL270115C00355000,GOOGL,2027-01-15,112,C,355.0,3.22,343.9200134277344,21.7,22.35,22.025,22.05,3.0,0.3555362298583984,0.49992,0.00589,-0.13684,0.76003,24.0003,42.2,23,2343
GOOGL270115C00360000,GOOGL,2027-01-15,112,C,360.0,4.68,343.9200134277344,19.05,20.15,19.6,20.15,5.6,0.3518436398315429,0.47049,0.00594,-0.13441,0.75795,21.7053,39.4,97,15079
GOOGL270115C00365000,GOOGL,2027-01-15,112,C,365.0,6.13,343.9200134277344,17.7,18.75,18.225,17.95,5.8,0.3570010589599609,0.44438,0.00581,-0.13448,0.75263,20.2143,36.8,23,2638
GOOGL270115C00370000,GOOGL,2027-01-15,112,C,370.0,7.58,343.9200134277344,16.2,16.9,16.55,16.44,4.2,0.35443760803222646,0.41621,0.00578,-0.13128,0.7432,18.2707,34.2,189,9651
GOOGL270115C00375000,GOOGL,2027-01-15,112,C,375.0,9.04,343.9200134277344,14.35,15.4,14.875,15.0,7.1,0.3549564016723632,0.39002,0.00567,-0.1287,0.73096,16.6827,31.7,22,3722
GOOGL270115C00380000,GOOGL,2027-01-15,112,C,380.0,10.49,343.9200134277344,13.25,13.65,13.45,13.25,3.0,0.35028725891113277,0.36172,0.00562,-0.12365,0.7139,14.8417,29.2,162,12709
GOOGL270115C00385000,GOOGL,2027-01-15,112,C,385.0,11.94,343.9200134277344,11.95,12.15,12.05,12.1,1.7,0.3473576007080078,0.3349,0.0055,-0.11879,0.69398,13.2531,26.8,10,1900
GOOGL270115C00390000,GOOGL,2027-01-15,112,C,390.0,13.4,343.9200134277344,10.8,11.0,10.9,10.85,1.8,0.3479374288940429,0.31124,0.00533,-0.11499,0.67328,12.0223,24.7,77,9091
GOOGL270115C00395000,GOOGL,2027-01-15,112,C,395.0,14.85,343.9200134277344,9.45,10.0,9.725,9.76,5.7,0.3493717407226562,0.28933,0.00514,-0.11131,0.65142,10.9482,22.7,2,2012
GOOGL270115C00400000,GOOGL,2027-01-15,112,C,400.0,16.31,343.9200134277344,8.6,8.85,8.725,8.8,2.9,0.3468693243408203,0.26559,0.00496,-0.10568,0.62471,9.7183,20.7,1269,24702
GOOGL270115C00405000,GOOGL,2027-01-15,112,C,405.0,17.76,343.9200134277344,7.4,8.25,7.825,7.89,10.9,0.35214881256103514,0.24901,0.00473,-0.10337,0.60413,9.0604,19.1,22,4156
GOOGL270115C00410000,GOOGL,2027-01-15,112,C,410.0,19.21,343.9200134277344,6.65,7.35,7.0,6.94,10.0,0.3510501907348632,0.22861,0.00452,-0.09808,0.57652,8.0932,17.4,26,10168
GOOGL270115C00415000,GOOGL,2027-01-15,112,C,415.0,20.67,343.9200134277344,5.8,7.3,6.55,6.25,22.9,0.3643252044677735,0.22089,0.00428,-0.09941,0.5654,8.012,16.6,9,2342
GOOGL270115C00420000,GOOGL,2027-01-15,112,C,420.0,22.12,343.9200134277344,5.5,6.0,5.75,5.7,8.7,0.3530338134765625,0.19452,0.00409,-0.08926,0.52446,6.6285,14.5,118,4467
GOOGL270115C00425000,GOOGL,2027-01-15,112,C,425.0,23.58,343.9200134277344,4.65,5.9,5.275,5.45,23.7,0.36405054901123046,0.18728,0.00388,-0.08962,0.5124,6.5005,13.8,2,1966
GOOGL270115P00260000,GOOGL,2027-01-15,112,P,260.0,-24.4,343.9200134277344,1.81,1.92,1.865,1.85,5.9,0.3481510498046875,-0.05364,0.00164,-0.03009,0.20778,1.621,7.8,36,5031
GOOGL270115P00265000,GOOGL,2027-01-15,112,P,265.0,-22.95,343.9200134277344,1.97,2.33,2.15,2.24,16.7,0.34534346069335936,-0.06394,0.0019,-0.03414,0.2385,1.9769,9.2,90,8648
GOOGL270115P00270000,GOOGL,2027-01-15,112,P,270.0,-21.49,343.9200134277344,2.38,2.8,2.59,2.6,16.2,0.342230698852539,-0.0755,0.00218,-0.0383,0.27105,2.3856,10.6,26,4184
GOOGL270115P00275000,GOOGL,2027-01-15,112,P,275.0,-20.04,343.9200134277344,3.0,3.6,3.3,3.11,18.2,0.3466251861572265,-0.09264,0.00251,-0.04508,0.31608,3.094,12.9,30,3371
GOOGL270115P00280000,GOOGL,2027-01-15,112,P,280.0,-18.59,343.9200134277344,3.6,3.8,3.7,3.7,5.4,0.3314275842285156,-0.10051,0.00279,-0.04551,0.33559,3.2542,13.7,1514,10676
GOOGL270115P00285000,GOOGL,2027-01-15,112,P,285.0,-17.13,343.9200134277344,4.2,4.7,4.45,4.36,11.2,0.3332586206054688,-0.11965,0.00314,-0.05163,0.38031,4.0531,16.1,6,5540
GOOGL270115P00290000,GOOGL,2027-01-15,112,P,290.0,-15.68,343.9200134277344,5.0,5.25,5.125,5.25,4.9,0.3242865423583984,-0.13405,0.0035,-0.05404,0.41163,4.5304,17.7,21,4558
GOOGL270115P00295000,GOOGL,2027-01-15,112,P,295.0,-14.22,343.9200134277344,4.7,6.2,5.45,6.0,27.5,0.32227240234374993,-0.15446,0.00387,-0.05875,0.45292,5.3748,20.1,11,3063
GOOGL270115P00300000,GOOGL,2027-01-15,112,P,300.0,-12.77,343.9200134277344,6.95,7.2,7.075,7.0,3.5,0.3188544677734374,-0.17584,0.00426,-0.0628,0.49258,6.2644,22.5,373,16567
GOOGL270115P00305000,GOOGL,2027-01-15,112,P,305.0,-11.32,343.9200134277344,7.65,8.4,8.025,8.22,9.3,0.316840327758789,-0.1999,0.00464,-0.06708,0.5332,7.3403,25.3,125,3530
GOOGL270115P00310000,GOOGL,2027-01-15,112,P,310.0,-9.86,343.9200134277344,9.2,9.75,9.475,9.6,5.8,0.31500929138183587,-0.22583,0.00501,-0.07107,0.57256,8.5575,28.2,45,7081
GOOGL270115P00315000,GOOGL,2027-01-15,112,P,315.0,-8.41,343.9200134277344,10.35,11.55,10.95,10.85,11.0,0.3178779150390625,-0.25573,0.00531,-0.07619,0.61266,10.2017,31.5,76,4454
GOOGL270115P00320000,GOOGL,2027-01-15,112,P,320.0,-6.96,343.9200134277344,12.4,13.1,12.75,12.5,5.5,0.3143379113769531,-0.28381,0.00566,-0.07861,0.6455,11.6106,34.6,69,7766
GOOGL270115P00325000,GOOGL,2027-01-15,112,P,325.0,-5.5,343.9200134277344,14.35,14.65,14.5,14.37,2.1,0.3086464399719238,-0.31269,0.00602,-0.07975,0.67464,13.0149,37.6,311,4973
GOOGL270115P00330000,GOOGL,2027-01-15,112,P,330.0,-4.05,343.9200134277344,16.1,17.1,16.6,16.4,6.0,0.31342239318847653,-0.34624,0.00618,-0.08362,0.70286,15.2896,41.2,29,11305
GOOGL270115P00335000,GOOGL,2027-01-15,112,P,335.0,-2.59,343.9200134277344,17.4,18.8,18.1,18.4,7.7,0.30548790222167965,-0.37736,0.00653,-0.08265,0.72382,16.8349,44.3,41,2300
GOOGL270115P00340000,GOOGL,2027-01-15,112,P,340.0,-1.14,343.9200134277344,20.6,20.95,20.775,20.95,1.7,0.30155117401123044,-0.41075,0.00677,-0.0822,0.74093,18.8173,47.7,28,4904
GOOGL270115P00345000,GOOGL,2027-01-15,112,P,345.0,0.31,343.9200134277344,22.95,24.15,23.55,23.0,5.1,0.30918049224853517,-0.44473,0.00671,-0.08474,0.75272,21.832,51.3,29,2176
GOOGL270115P00350000,GOOGL,2027-01-15,112,P,350.0,1.77,343.9200134277344,25.5,27.15,26.325,25.73,6.3,0.3119423054504394,-0.47766,0.0067,-0.08497,0.75884,24.6575,54.6,106,5739
GOOGL270115P00355000,GOOGL,2027-01-15,112,P,355.0,3.22,343.9200134277344,27.25,29.85,28.55,28.7,9.1,0.3086311813354492,-0.51125,0.00678,-0.08243,0.75973,27.1852,57.9,44,3398
GOOGL270115P00360000,GOOGL,2027-01-15,112,P,360.0,4.68,343.9200134277344,30.35,32.25,31.3,31.62,6.1,0.29917082672119133,-0.54729,0.00695,-0.07694,0.75468,29.409,61.2,3,3326
GOOGL270115P00365000,GOOGL,2027-01-15,112,P,365.0,6.13,343.9200134277344,33.65,35.45,34.55,34.7,5.2,0.29813323944091785,-0.58056,0.00688,-0.07365,0.74448,32.4326,64.4,1,1071
GOOGL270115P00370000,GOOGL,2027-01-15,112,P,370.0,7.58,343.9200134277344,37.0,38.8,37.9,38.15,4.7,0.29706513488769526,-0.61307,0.00676,-0.06971,0.7293,35.6093,67.4,2,3765
GOOGL270115P00375000,GOOGL,2027-01-15,112,P,375.0,9.04,343.9200134277344,40.35,42.75,41.55,43.07,5.8,0.3025582440185547,-0.64027,0.00649,-0.06779,0.71255,39.4023,70.1,5,1164
GOOGL270115P00380000,GOOGL,2027-01-15,112,P,380.0,10.49,343.9200134277344,43.95,46.0,44.975,47.1,4.6,0.29596651306152344,-0.67424,0.00639,-0.06062,0.68633,42.4769,73.1,74,3762
GOOGL270115P00385000,GOOGL,2027-01-15,112,P,385.0,11.94,343.9200134277344,47.1,50.05,48.575,53.0,6.1,0.2993844476318359,-0.69967,0.0061,-0.05712,0.66272,46.377,75.5,3,1018
GOOGL270115P00390000,GOOGL,2027-01-15,112,P,390.0,13.4,343.9200134277344,51.7,53.9,52.8,53.0,4.2,0.29788910125732415,-0.72744,0.00585,-0.05126,0.63288,50.0691,77.9,5,1224
GOOGL270115P00395000,GOOGL,2027-01-15,112,P,395.0,14.85,343.9200134277344,55.65,57.15,56.4,57.0,2.7,0.2836985693359374,-0.76562,0.00568,-0.03936,0.58459,53.1317,81.1,5,374
GOOGL270115P00400000,GOOGL,2027-01-15,112,P,400.0,16.31,343.9200134277344,60.2,61.65,60.925,62.0,2.4,0.28943581665039053,-0.7839,0.00531,-0.03629,0.5583,57.5075,82.8,2,1168
GOOGL270115P00405000,GOOGL,2027-01-15,112,P,405.0,17.76,343.9200134277344,63.25,66.15,64.7,63.75,4.5,0.29398289031982416,-0.80152,0.00498,-0.03269,0.53091,61.8839,84.4,1,412
GOOGL270115P00410000,GOOGL,2027-01-15,112,P,410.0,19.21,343.9200134277344,68.0,70.15,69.075,61.15,3.1,0.286567192993164,-0.82906,0.00465,-0.02344,0.48381,65.731,86.6,4,615
GOOGL270115P00415000,GOOGL,2027-01-15,112,P,415.0,20.67,343.9200134277344,71.9,75.65,73.775,66.7,5.1,0.3105232522583008,-0.82506,0.00436,-0.02917,0.49098,71.1761,86.6,3,77
GOOGL270115P00420000,GOOGL,2027-01-15,112,P,420.0,22.12,343.9200134277344,76.45,79.05,77.75,78.5,3.3,0.2851023638916015,-0.86623,0.00397,-0.01152,0.41105,74.3814,89.7,1,255
GOOGL270115P00425000,GOOGL,2027-01-15,112,P,425.0,23.58,343.9200134277344,81.6,84.3,82.95,82.95,3.3,0.30344324493408203,-0.86483,0.00376,-0.01477,0.414,79.5718,89.8,4,259
GOOGL270219C00260000,GOOGL,2027-02-19,147,C,260.0,-24.4,343.9200134277344,90.4,93.65,92.025,94.0,3.5,0.4971363763427735,0.86334,0.00202,-0.10274,0.47786,96.7744,78.2,1,471
GOOGL270219C00265000,GOOGL,2027-02-19,147,C,265.0,-22.95,343.9200134277344,86.0,89.75,87.875,83.94,4.3,0.4949696499633789,0.85042,0.00215,-0.10739,0.50794,92.8597,76.6,11,70
GOOGL270219C00270000,GOOGL,2027-02-19,147,C,270.0,-21.49,343.9200134277344,82.1,85.5,83.8,80.6,4.1,0.4851430880737304,0.83946,0.0023,-0.10975,0.53222,88.6126,75.3,1,193
GOOGL270219C00275000,GOOGL,2027-02-19,147,C,275.0,-20.04,343.9200134277344,77.55,81.25,79.4,77.89,4.7,0.47461462890625,0.82807,0.00246,-0.11177,0.55631,84.3645,74.1,3,104
GOOGL270219C00280000,GOOGL,2027-02-19,147,C,280.0,-18.59,343.9200134277344,74.15,76.65,75.4,73.43,3.3,0.4576470251464845,0.81824,0.00264,-0.11179,0.57622,79.7813,73.2,4,636
GOOGL270219C00285000,GOOGL,2027-02-19,147,C,285.0,-17.13,343.9200134277344,70.15,72.55,71.35,65.8,3.4,0.4483392568969726,0.80493,0.00282,-0.11383,0.60189,75.6679,71.7,1,17
GOOGL270219C00290000,GOOGL,2027-02-19,147,C,290.0,-15.68,343.9200134277344,65.45,68.7,67.075,62.94,4.8,0.4420221813964844,0.78976,0.00299,-0.11653,0.62944,71.7915,70.0,1,67
GOOGL270219C00295000,GOOGL,2027-02-19,147,C,295.0,-14.22,343.9200134277344,61.65,64.95,63.3,61.96,5.2,0.4360713131713867,0.77368,0.00316,-0.11912,0.65675,68.0073,68.2,1,113
GOOGL270219C00300000,GOOGL,2027-02-19,147,C,300.0,-12.77,343.9200134277344,58.7,61.25,59.975,60.12,4.3,0.42972372039794926,0.75692,0.00334,-0.12135,0.68322,64.2694,66.4,13,234
GOOGL270219C00305000,GOOGL,2027-02-19,147,C,305.0,-11.32,343.9200134277344,55.15,57.65,56.4,52.2,4.4,0.42365078308105464,0.73925,0.00351,-0.12338,0.709,60.6256,64.5,2,87
GOOGL270219C00310000,GOOGL,2027-02-19,147,C,310.0,-9.86,343.9200134277344,51.7,54.1,52.9,49.2,4.5,0.41712008666992184,0.72089,0.00369,-0.125,0.73358,57.0277,62.6,1,84
GOOGL270219C00315000,GOOGL,2027-02-19,147,C,315.0,-8.41,343.9200134277344,48.25,50.7,49.475,49.66,5.0,0.41138283935546877,0.70149,0.00386,-0.12651,0.75715,53.5707,60.6,6,98
GOOGL270219C00320000,GOOGL,2027-02-19,147,C,320.0,-6.96,343.9200134277344,45.2,47.5,46.35,46.14,5.0,0.40698835205078127,0.68104,0.00402,-0.12806,0.77944,50.3064,58.4,9,169
GOOGL270219C00325000,GOOGL,2027-02-19,147,C,325.0,-5.5,343.9200134277344,42.0,45.15,43.575,43.25,7.2,0.411688012084961,0.65868,0.00408,-0.13173,0.8009,47.8669,55.9,4,43
GOOGL270219C00330000,GOOGL,2027-02-19,147,C,330.0,-4.05,343.9200134277344,39.3,41.55,40.425,39.85,5.6,0.39987782745361333,0.63802,0.00429,-0.13047,0.81808,44.2086,54.0,254,765
GOOGL270219C00335000,GOOGL,2027-02-19,147,C,335.0,-2.59,343.9200134277344,37.15,38.0,37.575,37.2,2.3,0.38767091827392575,0.61612,0.00451,-0.12869,0.83357,40.5941,52.0,23,318
GOOGL270219C00340000,GOOGL,2027-02-19,147,C,340.0,-1.14,343.9200134277344,33.9,35.75,34.825,34.91,5.3,0.38947143737792966,0.59295,0.00457,-0.13036,0.84698,38.2491,49.5,32,475
GOOGL270219C00345000,GOOGL,2027-02-19,147,C,345.0,0.31,343.9200134277344,31.35,33.7,32.525,32.54,7.2,0.39220273330688477,0.57008,0.00459,-0.13189,0.85725,36.1049,47.1,19,540
GOOGL270219C00350000,GOOGL,2027-02-19,147,C,350.0,1.77,343.9200134277344,29.25,30.65,29.95,30.0,4.7,0.38211677459716786,0.54594,0.00475,-0.12938,0.86494,32.9711,44.9,38,1429
GOOGL270219C00355000,GOOGL,2027-02-19,147,C,355.0,3.22,343.9200134277344,27.0,28.65,27.825,27.9,5.9,0.38280341323852535,0.52283,0.00477,-0.12951,0.8693,30.8764,42.6,3,449
GOOGL270219C00360000,GOOGL,2027-02-19,147,C,360.0,4.68,343.9200134277344,25.25,26.9,26.075,27.6,6.3,0.38507695007324216,0.50045,0.00475,-0.12973,0.87072,29.0321,40.4,48,1207
GOOGL270219C00365000,GOOGL,2027-02-19,147,C,365.0,6.13,343.9200134277344,22.55,24.95,23.75,23.74,10.1,0.383795224609375,0.47754,0.00476,-0.12853,0.86934,26.9871,38.2,10,581
GOOGL270219C00370000,GOOGL,2027-02-19,147,C,370.0,7.58,343.9200134277344,21.25,22.95,22.1,21.75,7.7,0.3807129800415039,0.4542,0.00477,-0.1264,0.86498,24.8925,36.1,19,407
GOOGL270219C00375000,GOOGL,2027-02-19,147,C,375.0,9.04,343.9200134277344,18.95,21.25,20.1,19.83,11.4,0.3799195309448242,0.43193,0.00474,-0.12462,0.85802,23.1008,34.0,11,263
GOOGL270219C00380000,GOOGL,2027-02-19,147,C,380.0,10.49,343.9200134277344,17.55,19.0,18.275,18.77,7.9,0.37132891860961914,0.40627,0.00479,-0.11996,0.84658,20.7493,31.8,11,1459
GOOGL270219C00385000,GOOGL,2027-02-19,147,C,385.0,11.94,343.9200134277344,16.2,18.55,17.375,16.82,13.5,0.3832001377868652,0.39122,0.00459,-0.12177,0.83815,20.2249,30.2,16,190
GOOGL270219C00390000,GOOGL,2027-02-19,147,C,390.0,13.4,343.9200134277344,14.8,17.2,16.0,15.82,15.0,0.383245913696289,0.37103,0.00452,-0.11944,0.82481,18.7891,28.4,9,549
GOOGL270219C00395000,GOOGL,2027-02-19,147,C,395.0,14.85,343.9200134277344,14.2,14.75,14.475,13.81,3.8,0.36820089813232426,0.34206,0.00457,-0.1115,0.80156,16.2252,26.1,42,261
GOOGL270219C00400000,GOOGL,2027-02-19,147,C,400.0,16.31,343.9200134277344,11.5,13.5,12.5,13.5,16.0,0.3669802072143554,0.32169,0.00447,-0.10813,0.78223,14.8886,24.3,20,1661
GOOGL270219C00410000,GOOGL,2027-02-19,147,C,410.0,19.21,343.9200134277344,10.9,11.85,11.375,11.2,8.4,0.3728700408935547,0.289,0.0042,-0.10406,0.74589,13.0926,21.4,17,948
GOOGL270219C00420000,GOOGL,2027-02-19,147,C,420.0,22.12,343.9200134277344,9.2,9.6,9.4,9.3,4.3,0.36640037902832034,0.25018,0.00398,-0.09473,0.69384,10.679,18.2,243,766
GOOGL270219P00260000,GOOGL,2027-02-19,147,P,260.0,-24.4,343.9200134277344,2.63,3.6,3.115,3.48,31.1,0.3580386462402344,-0.07845,0.00187,-0.03564,0.31969,3.042,11.7,32,1517
GOOGL270219P00265000,GOOGL,2027-02-19,147,P,265.0,-22.95,343.9200134277344,3.5,4.05,3.775,4.25,14.6,0.35135536346435536,-0.08806,0.00208,-0.03798,0.34871,3.425,12.9,4,857
GOOGL270219P00270000,GOOGL,2027-02-19,147,P,270.0,-21.49,343.9200134277344,4.3,4.55,4.425,4.45,5.6,0.3447636325073242,-0.09869,0.00231,-0.04035,0.37937,3.8526,14.2,13,461
GOOGL270219P00275000,GOOGL,2027-02-19,147,P,275.0,-20.04,343.9200134277344,4.05,5.7,4.875,5.95,33.8,0.35108070800781244,-0.11752,0.00257,-0.04641,0.43022,4.8694,16.7,101,577
GOOGL270219P00280000,GOOGL,2027-02-19,147,P,280.0,-18.59,343.9200134277344,5.0,6.35,5.675,5.85,23.8,0.3443974252319336,-0.13055,0.00282,-0.04873,0.46307,5.4317,18.3,4,2355
GOOGL270219P00285000,GOOGL,2027-02-19,147,P,285.0,-17.13,343.9200134277344,6.6,7.65,7.125,7.3,14.7,0.3484562225341796,-0.15075,0.00308,-0.05411,0.51059,6.5909,20.8,1,1138
GOOGL270219P00290000,GOOGL,2027-02-19,147,P,290.0,-15.68,343.9200134277344,7.35,8.25,7.8,8.8,11.5,0.3379887979125976,-0.16419,0.00335,-0.05512,0.54006,7.1012,22.3,31,2472
GOOGL270219P00295000,GOOGL,2027-02-19,147,P,295.0,-14.22,343.9200134277344,7.65,10.25,8.95,9.4,29.1,0.3491581198120117,-0.19053,0.00357,-0.0623,0.59329,8.9135,25.6,155,2431
GOOGL270219P00300000,GOOGL,2027-02-19,147,P,300.0,-12.77,343.9200134277344,9.6,10.55,10.075,10.14,9.4,0.3315496533203125,-0.20296,0.0039,-0.06087,0.61643,9.1368,26.7,4,2505
GOOGL270219P00305000,GOOGL,2027-02-19,147,P,305.0,-11.32,343.9200134277344,11.0,11.95,11.475,11.4,8.3,0.3295660305786132,-0.22488,0.00417,-0.06374,0.65438,10.3872,29.2,11,1402
GOOGL270219P00310000,GOOGL,2027-02-19,147,P,310.0,-9.86,343.9200134277344,11.85,13.65,12.75,12.96,14.1,0.32996275512695306,-0.24904,0.0044,-0.06699,0.69216,11.9196,32.0,2,1546
GOOGL270219P00315000,GOOGL,2027-02-19,147,P,315.0,-8.41,343.9200134277344,13.3,15.2,14.25,14.59,13.3,0.3264837860107421,-0.27249,0.00466,-0.06878,0.72498,13.309,34.5,1,1086
GOOGL270219P00320000,GOOGL,2027-02-19,147,P,320.0,-6.96,343.9200134277344,15.2,17.65,16.425,16.17,14.9,0.3328618960571289,-0.30044,0.00479,-0.07295,0.75937,15.5611,37.8,7,874
GOOGL270219P00325000,GOOGL,2027-02-19,147,P,325.0,-5.5,343.9200134277344,16.9,19.15,18.025,18.45,12.5,0.3253851641845703,-0.32445,0.00506,-0.0728,0.785,16.9004,40.2,4,529
GOOGL270219P00330000,GOOGL,2027-02-19,147,P,330.0,-4.05,343.9200134277344,18.45,22.1,20.275,20.51,18.0,0.3339300006103516,-0.35311,0.0051,-0.07665,0.81101,19.6404,43.4,1,706
GOOGL270219P00335000,GOOGL,2027-02-19,147,P,335.0,-2.59,343.9200134277344,20.75,23.5,22.125,22.2,12.4,0.32224188507080076,-0.37846,0.00541,-0.07442,0.83,20.8765,45.8,63,700
GOOGL270219P00340000,GOOGL,2027-02-19,147,P,340.0,-1.14,343.9200134277344,24.15,25.85,25.0,25.06,6.8,0.3202582623291015,-0.40622,0.00555,-0.07438,0.84655,23.0339,48.6,5,1595
GOOGL270219P00345000,GOOGL,2027-02-19,147,P,345.0,0.31,343.9200134277344,27.2,28.2,27.7,27.0,3.6,0.3166877413940429,-0.43445,0.00569,-0.07339,0.85894,25.1911,51.4,2,678
GOOGL270219P00350000,GOOGL,2027-02-19,147,P,350.0,1.77,343.9200134277344,28.85,31.2,30.025,32.6,7.8,0.3189460195922851,-0.46247,0.00571,-0.07354,0.86687,27.9877,54.3,1,591
GOOGL270219P00355000,GOOGL,2027-02-19,147,P,355.0,3.22,343.9200134277344,31.65,33.9,32.775,36.05,6.9,0.31619946502685536,-0.49099,0.00578,-0.07178,0.8705,30.489,57.1,1,211
GOOGL270219P00360000,GOOGL,2027-02-19,147,P,360.0,4.68,343.9200134277344,34.45,36.2,35.325,36.15,5.0,0.30724264541625973,-0.52163,0.00594,-0.06763,0.86944,32.585,59.8,5,1199
GOOGL270219P00365000,GOOGL,2027-02-19,147,P,365.0,6.13,343.9200134277344,37.65,40.05,38.85,30.93,6.2,0.3146736013793945,-0.54672,0.00577,-0.06798,0.86475,36.2385,62.4,10,255
GOOGL270219P00370000,GOOGL,2027-02-19,147,P,370.0,7.58,343.9200134277344,41.3,43.2,42.25,41.3,4.5,0.31249161636352535,-0.57464,0.00575,-0.06497,0.85544,39.1872,65.0,60,91
GOOGL270219P00375000,GOOGL,2027-02-19,147,P,375.0,9.04,343.9200134277344,43.95,46.5,45.225,38.9,5.6,0.31058428680419914,-0.60205,0.00569,-0.06163,0.84208,42.288,67.6,10,42
GOOGL270219P00380000,GOOGL,2027-02-19,147,P,380.0,10.49,343.9200134277344,47.45,49.9,48.675,42.12,5.0,0.30837178451538083,-0.62915,0.00561,-0.0578,0.82469,45.489,70.0,1,40
GOOGL270219P00385000,GOOGL,2027-02-19,147,P,385.0,11.94,343.9200134277344,51.0,53.45,52.225,51.7,4.7,0.30652548950195313,-0.65541,0.0055,-0.05375,0.80379,48.8426,72.4,2,3
GOOGL270219P00390000,GOOGL,2027-02-19,147,P,390.0,13.4,343.9200134277344,0.0,0.0,58.9,58.9,,1.0000000000000003e-05,-1.0,0.0,0.04206,0.0,39.8476,100.0,41,0
GOOGL270219P00395000,GOOGL,2027-02-19,147,P,395.0,14.85,343.9200134277344,58.25,60.95,59.6,54.85,4.5,0.30368738311767574,-0.70491,0.00521,-0.0451,0.75317,55.9637,76.8,3,5
GOOGL270219P00400000,GOOGL,2027-02-19,147,P,400.0,16.31,343.9200134277344,62.35,64.75,63.55,63.64,3.8,0.30072720764160155,-0.72962,0.00504,-0.03984,0.72217,59.575,78.9,8,29
GOOGL270219P00410000,GOOGL,2027-02-19,147,P,410.0,19.21,343.9200134277344,71.35,72.7,72.025,84.25,1.9,0.29529513305664057,-0.77582,0.00464,-0.02901,0.65322,67.1588,82.8,18,21
GOOGL270319C00260000,GOOGL,2027-03-19,175,C,260.0,-24.4,343.9200134277344,93.2,95.2,94.2,88.1,2.1,0.48328153442382815,0.85555,0.00198,-0.09617,0.54138,98.851,76.6,1,93
GOOGL270319C00265000,GOOGL,2027-03-19,175,C,265.0,-22.95,343.9200134277344,88.9,90.95,89.925,89.7,2.3,0.47403480072021487,0.84536,0.00211,-0.09823,0.56658,94.6096,75.4,1,44
GOOGL270319C00270000,GOOGL,2027-03-19,175,C,270.0,-21.49,343.9200134277344,85.0,86.9,85.95,83.47,2.2,0.46735151794433594,0.83369,0.00224,-0.10084,0.59417,90.5549,74.1,51,415
GOOGL270319C00275000,GOOGL,2027-03-19,175,C,275.0,-20.04,343.9200134277344,80.4,82.85,81.625,87.75,3.0,0.4598442687988281,0.82168,0.00238,-0.1031,0.62119,86.4995,72.7,1,152
GOOGL270319C00280000,GOOGL,2027-03-19,175,C,280.0,-18.59,343.9200134277344,76.45,78.7,77.575,76.2,2.9,0.45004822418212886,0.80981,0.00253,-0.10464,0.64663,82.3441,71.4,1,1223
GOOGL270319C00285000,GOOGL,2027-03-19,175,C,285.0,-17.13,343.9200134277344,72.55,74.95,73.75,69.18,3.3,0.44528752960205076,0.79555,0.00268,-0.10732,0.67553,78.5669,69.8,1,270
GOOGL270319C00290000,GOOGL,2027-03-19,175,C,290.0,-15.68,343.9200134277344,68.7,71.15,69.925,67.51,3.5,0.43884838500976564,0.7812,0.00282,-0.10939,0.70291,74.7402,68.2,70,445
GOOGL270319C00295000,GOOGL,2027-03-19,175,C,295.0,-14.22,343.9200134277344,65.0,66.45,65.725,62.25,2.2,0.41974457214355465,0.77011,0.00304,-0.10804,0.7229,70.0554,67.3,14,106
GOOGL270319C00300000,GOOGL,2027-03-19,175,C,300.0,-12.77,343.9200134277344,61.8,63.7,62.75,62.5,3.0,0.4252681985473633,0.75059,0.00313,-0.11276,0.7558,67.2222,64.9,7,1099
GOOGL270319C00305000,GOOGL,2027-03-19,175,C,305.0,-11.32,343.9200134277344,57.9,60.35,59.125,55.55,4.1,0.4217892294311524,0.73333,0.00327,-0.11495,0.7825,63.8193,63.0,11,360
GOOGL270319C00310000,GOOGL,2027-03-19,175,C,310.0,-9.86,343.9200134277344,54.3,56.9,55.6,54.5,4.7,0.41602146484374997,0.71602,0.00342,-0.11631,0.80709,60.3169,61.1,15,355
GOOGL270319C00315000,GOOGL,2027-03-19,175,C,315.0,-8.41,343.9200134277344,51.2,53.65,52.425,52.5,4.7,0.4116269775390625,0.69776,0.00356,-0.11776,0.83077,57.0052,59.2,10,494
GOOGL270319C00320000,GOOGL,2027-03-19,175,C,320.0,-6.96,343.9200134277344,48.0,50.55,49.275,48.03,5.2,0.4079038702392578,0.6788,0.00369,-0.11909,0.85294,53.8363,57.2,5,614
GOOGL270319C00325000,GOOGL,2027-03-19,175,C,325.0,-5.5,343.9200134277344,45.1,47.6,46.35,46.5,5.4,0.40479110839843746,0.65926,0.0038,-0.12028,0.87329,50.811,55.2,5,649
GOOGL270319C00330000,GOOGL,2027-03-19,175,C,330.0,-4.05,343.9200134277344,42.8,45.4,44.1,43.5,5.9,0.40880412979125974,0.6388,0.00385,-0.12294,0.89194,48.5155,52.9,5,676
GOOGL270319C00335000,GOOGL,2027-03-19,175,C,335.0,-2.59,343.9200134277344,40.05,41.7,40.875,40.6,4.0,0.3953612710571289,0.61903,0.00405,-0.12093,0.90743,44.7539,51.2,11,1092
GOOGL270319C00340000,GOOGL,2027-03-19,175,C,340.0,-1.14,343.9200134277344,37.7,38.5,38.1,38.15,2.1,0.386450227355957,0.59805,0.0042,-0.11971,0.9212,41.4765,49.2,47,1360
GOOGL270319C00345000,GOOGL,2027-03-19,175,C,345.0,0.31,343.9200134277344,35.2,36.4,35.8,36.0,3.4,0.3881897119140625,0.57694,0.00424,-0.12084,0.93231,39.2774,47.0,56,724
GOOGL270319C00350000,GOOGL,2027-03-19,175,C,350.0,1.77,343.9200134277344,33.2,33.5,33.35,33.3,0.9,0.3803620314025879,0.55487,0.00436,-0.1192,0.94104,36.2867,45.0,131,2501
GOOGL270319C00355000,GOOGL,2027-03-19,175,C,355.0,3.22,343.9200134277344,30.6,31.75,31.175,31.05,3.7,0.38355108642578123,0.53411,0.00435,-0.12009,0.94656,34.4331,42.9,5,747
GOOGL270319C00360000,GOOGL,2027-03-19,175,C,360.0,4.68,343.9200134277344,27.4,29.65,28.525,28.92,7.9,0.38199470550537107,0.51276,0.00438,-0.11943,0.94955,32.2338,40.8,63,1261
GOOGL270319C00365000,GOOGL,2027-03-19,175,C,365.0,6.13,343.9200134277344,26.65,27.6,27.125,27.24,3.5,0.3799195309448242,0.49134,0.00441,-0.11832,0.94981,30.0846,38.8,145,1072
GOOGL270319C00370000,GOOGL,2027-03-19,175,C,370.0,7.58,343.9200134277344,24.25,25.35,24.8,25.16,4.4,0.374655301361084,0.46887,0.00446,-0.11602,0.94714,27.7316,36.8,139,1483
GOOGL270319C00375000,GOOGL,2027-03-19,175,C,375.0,9.04,343.9200134277344,22.5,24.35,23.425,23.1,7.9,0.3816742741394042,0.45119,0.00436,-0.11691,0.94292,26.6365,34.9,5,965
GOOGL270319C00380000,GOOGL,2027-03-19,175,C,380.0,10.49,343.9200134277344,20.7,22.45,21.575,21.35,8.1,0.3781190118408203,0.4298,0.00436,-0.11454,0.93529,24.6353,33.0,31,1458
GOOGL270319C00385000,GOOGL,2027-03-19,175,C,385.0,11.94,343.9200134277344,19.15,21.0,20.075,20.05,9.2,0.3784547018432617,0.41046,0.00431,-0.11307,0.926,23.0897,31.3,3,1030
GOOGL270319C00390000,GOOGL,2027-03-19,175,C,390.0,13.4,343.9200134277344,18.0,20.1,19.05,18.65,11.0,0.38397832824707034,0.39441,0.00421,-0.113,0.91656,22.1045,29.7,69,1913
GOOGL270319C00395000,GOOGL,2027-03-19,175,C,395.0,14.85,343.9200134277344,16.9,17.95,17.425,17.3,6.0,0.37459426681518554,0.37061,0.00423,-0.10808,0.89962,19.8431,27.8,3,878
GOOGL270319C00400000,GOOGL,2027-03-19,175,C,400.0,16.31,343.9200134277344,15.8,16.3,16.05,15.96,3.1,0.36972676177978514,0.34933,0.0042,-0.1043,0.88145,18.0907,26.0,215,7055
GOOGL270319C00405000,GOOGL,2027-03-19,175,C,405.0,17.76,343.9200134277344,14.0,16.2,15.1,14.75,14.6,0.3821472918701171,0.33979,0.00403,-0.10609,0.87236,17.9317,24.9,7,661
GOOGL270319C00410000,GOOGL,2027-03-19,175,C,410.0,19.21,343.9200134277344,12.85,15.0,13.925,13.75,15.4,0.3809571182250976,0.32216,0.00395,-0.10327,0.854,16.6445,23.4,8,1023
GOOGL270319C00415000,GOOGL,2027-03-19,175,C,415.0,20.67,343.9200134277344,12.35,13.45,12.9,12.8,8.5,0.37448745635986325,0.30122,0.00391,-0.09846,0.82951,14.992,21.8,5,343
GOOGL270319C00420000,GOOGL,2027-03-19,175,C,420.0,22.12,343.9200134277344,11.4,11.95,11.675,11.75,4.7,0.3674074490356446,0.27996,0.00385,-0.09323,0.80157,13.3873,20.1,32,2299
GOOGL270319C00425000,GOOGL,2027-03-19,175,C,425.0,23.58,343.9200134277344,10.2,11.45,10.825,10.81,11.5,0.37244279907226563,0.26845,0.00372,-0.09226,0.78512,12.826,19.1,4,436
GOOGL270319P00260000,GOOGL,2027-03-19,175,P,260.0,-24.4,343.9200134277344,4.1,4.3,4.2,4.2,4.8,0.34570966796874997,-0.0856,0.0019,-0.03318,0.37252,3.5789,12.9,137,5915
GOOGL270319P00265000,GOOGL,2027-03-19,175,P,265.0,-22.95,343.9200134277344,4.25,5.2,4.725,4.9,20.1,0.3481510498046875,-0.10002,0.00212,-0.03733,0.41799,4.358,14.9,136,1138
GOOGL270319P00270000,GOOGL,2027-03-19,175,P,270.0,-21.49,343.9200134277344,5.3,5.8,5.55,5.45,9.0,0.34229173339843744,-0.11115,0.00232,-0.0394,0.45115,4.8677,16.3,10,8036
GOOGL270319P00275000,GOOGL,2027-03-19,175,P,275.0,-20.04,343.9200134277344,6.0,6.6,6.3,6.35,9.5,0.3390569024658203,-0.12473,0.00255,-0.04211,0.48948,5.5547,18.0,3,1276
GOOGL270319P00280000,GOOGL,2027-03-19,175,P,280.0,-18.59,343.9200134277344,6.75,7.45,7.1,7.35,9.9,0.33530327789306635,-0.13911,0.00278,-0.04463,0.52775,6.2871,19.7,38,5322
GOOGL270319P00285000,GOOGL,2027-03-19,175,P,285.0,-17.13,343.9200134277344,7.8,8.5,8.15,8.3,8.6,0.3334417242431641,-0.15567,0.00301,-0.04756,0.56907,7.2007,21.7,64,1831
GOOGL270319P00290000,GOOGL,2027-03-19,175,P,290.0,-15.68,343.9200134277344,9.05,9.55,9.3,9.55,5.4,0.3300237896728515,-0.17248,0.00325,-0.04996,0.60822,8.1132,23.7,352,4238
GOOGL270319P00295000,GOOGL,2027-03-19,175,P,295.0,-14.22,343.9200134277344,10.2,10.85,10.525,10.3,6.2,0.328833616027832,-0.19162,0.00348,-0.0528,0.6496,9.2563,26.0,66,2682
GOOGL270319P00300000,GOOGL,2027-03-19,175,P,300.0,-12.77,343.9200134277344,11.35,12.5,11.925,12.05,9.6,0.33075620422363283,-0.21336,0.00369,-0.05625,0.69273,10.7229,28.6,51,8564
GOOGL270319P00305000,GOOGL,2027-03-19,175,P,305.0,-11.32,343.9200134277344,12.95,13.6,13.275,13.45,4.9,0.32376774871826164,-0.23167,0.00395,-0.05715,0.72604,11.6764,30.5,183,1970
GOOGL270319P00310000,GOOGL,2027-03-19,175,P,310.0,-9.86,343.9200134277344,13.6,16.2,14.9,15.0,17.4,0.334265690612793,-0.25875,0.00406,-0.0623,0.77051,14.0426,33.9,11,3712
GOOGL270319P00315000,GOOGL,2027-03-19,175,P,315.0,-8.41,343.9200134277344,16.45,16.9,16.675,16.7,2.7,0.3198005032348632,-0.27626,0.00439,-0.06075,0.79639,14.6096,35.5,273,3255
GOOGL270319P00320000,GOOGL,2027-03-19,175,P,320.0,-6.96,343.9200134277344,18.0,18.8,18.4,18.3,4.3,0.31854929504394525,-0.30012,0.00458,-0.06227,0.82814,16.3116,38.1,34,4906
GOOGL270319P00325000,GOOGL,2027-03-19,175,P,325.0,-5.5,343.9200134277344,18.95,20.75,19.85,20.3,9.1,0.3163825686645507,-0.32442,0.00477,-0.06321,0.85647,18.0599,40.7,71,1677
GOOGL270319P00330000,GOOGL,2027-03-19,175,P,330.0,-4.05,343.9200134277344,21.65,22.9,22.275,22.35,5.6,0.3150245500183105,-0.3496,0.00494,-0.06399,0.8817,20.0014,43.3,765,3490
GOOGL270319P00335000,GOOGL,2027-03-19,175,P,335.0,-2.59,343.9200134277344,23.7,25.55,24.625,24.9,7.5,0.31760325958251956,-0.37575,0.00502,-0.06537,0.90358,22.426,46.1,45,1425
GOOGL270319P00340000,GOOGL,2027-03-19,175,P,340.0,-1.14,343.9200134277344,26.4,28.35,27.375,27.05,7.1,0.3202887796020507,-0.40166,0.00507,-0.06641,0.92102,25.0028,48.9,74,2310
GOOGL270319P00345000,GOOGL,2027-03-19,175,P,345.0,0.31,343.9200134277344,29.35,30.95,30.15,29.45,5.3,0.31940377868652337,-0.42735,0.00516,-0.06615,0.93424,27.3838,51.5,6,1419
GOOGL270319P00350000,GOOGL,2027-03-19,175,P,350.0,1.77,343.9200134277344,31.0,32.85,31.925,31.55,5.8,0.30982135498046875,-0.45423,0.00537,-0.06324,0.94378,29.0702,54.0,13,3330
GOOGL270319P00355000,GOOGL,2027-03-19,175,P,355.0,3.22,343.9200134277344,34.4,35.25,34.825,35.0,2.4,0.30416040084838863,-0.48173,0.0055,-0.06089,0.94904,31.2444,56.5,8,571
GOOGL270319P00360000,GOOGL,2027-03-19,175,P,360.0,4.68,343.9200134277344,36.7,39.0,37.85,37.4,6.1,0.3113624772644042,-0.50606,0.00538,-0.06162,0.94993,34.766,59.1,5,1762
GOOGL270319P00365000,GOOGL,2027-03-19,175,P,365.0,6.13,343.9200134277344,40.4,41.1,40.75,40.76,1.7,0.29978117218017575,-0.53602,0.00557,-0.05682,0.94616,36.6306,61.7,118,2232
GOOGL270319P00370000,GOOGL,2027-03-19,175,P,370.0,7.58,343.9200134277344,42.7,44.6,43.65,44.0,4.4,0.301764794921875,-0.56102,0.00549,-0.05543,0.9389,39.905,64.2,127,570
GOOGL270319P00375000,GOOGL,2027-03-19,175,P,375.0,9.04,343.9200134277344,45.3,48.95,47.125,50.9,7.7,0.3118354949951171,-0.58079,0.00526,-0.05619,0.93049,44.0458,66.3,1,756
GOOGL270319P00380000,GOOGL,2027-03-19,175,P,380.0,10.49,343.9200134277344,49.45,51.65,50.55,50.7,4.4,0.30261927856445314,-0.61019,0.00532,-0.05089,0.91357,46.5073,68.8,5,2098
GOOGL270319P00385000,GOOGL,2027-03-19,175,P,385.0,11.94,343.9200134277344,52.75,54.8,53.775,45.19,3.8,0.29688203124999996,-0.63789,0.0053,-0.04626,0.89271,49.4211,71.2,2,213
GOOGL270319P00390000,GOOGL,2027-03-19,175,P,390.0,13.4,343.9200134277344,56.5,58.75,57.625,57.67,3.9,0.2991403094482421,-0.65942,0.00515,-0.04395,0.87313,53.161,73.2,1,324
GOOGL270319P00395000,GOOGL,2027-03-19,175,P,395.0,14.85,343.9200134277344,60.1,62.5,61.3,51.8,3.9,0.29788910125732415,-0.68269,0.00502,-0.04028,0.84859,56.6931,75.2,10,279
GOOGL270319P00400000,GOOGL,2027-03-19,175,P,400.0,16.31,343.9200134277344,63.3,65.9,64.6,70.0,4.0,0.29090064575195307,-0.71021,0.00494,-0.0344,0.81488,59.8572,77.5,4,331
GOOGL270319P00405000,GOOGL,2027-03-19,175,P,405.0,17.76,343.9200134277344,67.8,69.75,68.775,58.65,2.8,0.28816934982299797,-0.73349,0.00479,-0.0298,0.78225,63.4892,79.5,20,19
GOOGL270319P00410000,GOOGL,2027-03-19,175,P,410.0,19.21,343.9200134277344,0.0,0.0,77.1,77.1,,1.0000000000000003e-05,-1.0,0.0,0.04408,0.0,58.2919,100.0,14,0
GOOGL270319P00415000,GOOGL,2027-03-19,175,P,415.0,20.67,343.9200134277344,0.0,0.0,78.4,78.4,,1.0000000000000003e-05,-1.0,0.0,0.04462,0.0,63.1969,100.0,0,0
GOOGL270319P00420000,GOOGL,2027-03-19,175,P,420.0,22.12,343.9200134277344,80.0,82.45,81.225,74.45,3.0,0.2890390921020507,-0.78891,0.0042,-0.01883,0.68841,75.6076,84.2,1,75
GOOGL270319P00425000,GOOGL,2027-03-19,175,P,425.0,23.58,343.9200134277344,84.25,86.65,85.45,86.8,2.8,0.286567192993164,-0.8081,0.004,-0.01405,0.65017,79.6107,85.8,3,2
GOOGL270416C00270000,GOOGL,2027-04-16,203,C,270.0,-21.49,343.9200134277344,85.65,89.5,87.575,86.23,4.4,0.4715629016113281,0.82309,0.00215,-0.09809,0.66572,93.6054,71.8,1,2
GOOGL270416C00280000,GOOGL,2027-04-16,203,C,280.0,-18.59,343.9200134277344,77.75,81.0,79.375,75.05,4.1,0.44882753326416014,0.80182,0.00242,-0.09984,0.71412,85.1226,69.6,1,6
GOOGL270416C00285000,GOOGL,2027-04-16,203,C,285.0,-17.13,343.9200134277344,74.7,77.75,76.225,71.0,4.0,0.4495904650878906,0.78654,0.00252,-0.10332,0.7463,81.821,67.7,15,22
GOOGL270416C00295000,GOOGL,2027-04-16,203,C,295.0,-14.22,343.9200134277344,66.6,70.35,68.475,68.3,5.5,0.43686476226806636,0.7587,0.00278,-0.10649,0.79968,74.3633,64.7,1,4
GOOGL270416C00300000,GOOGL,2027-04-16,203,C,300.0,-12.77,343.9200134277344,63.05,66.9,64.975,66.0,5.9,0.432271912689209,0.74345,0.00291,-0.10822,0.82621,70.8686,63.0,4,28
GOOGL270416C00305000,GOOGL,2027-04-16,203,C,305.0,-11.32,343.9200134277344,59.65,63.5,61.575,59.55,6.3,0.42738914901733405,0.72773,0.00303,-0.10969,0.8516,67.4198,61.3,1,3
GOOGL270416C00310000,GOOGL,2027-04-16,203,C,310.0,-9.86,343.9200134277344,57.1,60.2,58.65,55.44,5.3,0.4227657821655273,0.71142,0.00315,-0.111,0.87593,64.0649,59.6,11,13
GOOGL270416C00315000,GOOGL,2027-04-16,203,C,315.0,-8.41,343.9200134277344,53.25,56.4,54.825,54.08,5.7,0.41190163299560545,0.69566,0.00331,-0.11068,0.89754,60.2238,58.1,1,5
GOOGL270416C00320000,GOOGL,2027-04-16,203,C,320.0,-6.96,343.9200134277344,51.5,52.6,52.05,52.53,2.1,0.4004576556396484,0.6791,0.00349,-0.10999,0.91828,56.3794,56.6,3,90
GOOGL270416C00325000,GOOGL,2027-04-16,203,C,325.0,-5.5,343.9200134277344,48.0,51.0,49.5,49.1,6.1,0.41107766662597656,0.65925,0.00348,-0.11409,0.94057,54.6595,54.1,1,19
GOOGL270416C00330000,GOOGL,2027-04-16,203,C,330.0,-4.05,343.9200134277344,45.15,47.7,46.425,46.49,5.5,0.40306688247680666,0.64123,0.00361,-0.1137,0.95841,51.2928,52.4,7,53
GOOGL270416C00335000,GOOGL,2027-04-16,203,C,335.0,-2.59,343.9200134277344,42.4,45.1,43.75,42.9,6.2,0.4012968806457519,0.6224,0.00369,-0.11447,0.97468,48.6049,50.5,6,59
GOOGL270416C00340000,GOOGL,2027-04-16,203,C,340.0,-1.14,343.9200134277344,40.0,41.65,40.825,41.0,4.0,0.39015807601928715,0.60308,0.00385,-0.11282,0.98887,45.0826,48.8,11,71
GOOGL270416C00345000,GOOGL,2027-04-16,203,C,345.0,0.31,343.9200134277344,37.25,39.0,38.125,38.2,4.6,0.38611453735351553,0.5833,0.00394,-0.11253,1.00083,42.3397,46.9,17,67
GOOGL270416C00350000,GOOGL,2027-04-16,203,C,350.0,1.77,343.9200134277344,35.65,36.7,36.175,36.15,2.9,0.38457341506958004,0.56351,0.00399,-0.11255,1.01023,39.9389,44.9,16,153
GOOGL270416C00355000,GOOGL,2027-04-16,203,C,355.0,3.22,343.9200134277344,32.6,34.7,33.65,33.85,6.2,0.3850159155273437,0.54404,0.00402,-0.1128,1.01698,37.8338,43.0,5,127
GOOGL270416C00360000,GOOGL,2027-04-16,203,C,360.0,4.68,343.9200134277344,31.15,32.75,31.95,32.15,5.0,0.38504643280029294,0.52469,0.00403,-0.11271,1.02126,35.7812,41.1,5,1036
GOOGL270416C00365000,GOOGL,2027-04-16,203,C,365.0,6.13,343.9200134277344,28.1,30.55,29.325,29.6,8.4,0.38172005004882803,0.50459,0.00407,-0.11155,1.02315,33.4772,39.2,2,284
GOOGL270416C00370000,GOOGL,2027-04-16,203,C,370.0,7.58,343.9200134277344,26.75,28.45,27.6,27.9,6.2,0.3784852191162109,0.48444,0.00411,-0.11015,1.02244,31.2726,37.4,1,83
GOOGL270416C00375000,GOOGL,2027-04-16,203,C,375.0,9.04,343.9200134277344,24.95,27.0,25.975,26.05,7.9,0.3807434973144531,0.46638,0.00407,-0.10994,1.01958,29.7179,35.6,2,208
GOOGL270416C00380000,GOOGL,2027-04-16,203,C,380.0,10.49,343.9200134277344,22.8,26.2,24.5,24.8,13.9,0.38867798828125,0.45126,0.00397,-0.11107,1.01557,28.8232,34.0,3,31
GOOGL270416C00385000,GOOGL,2027-04-16,203,C,385.0,11.94,343.9200134277344,22.1,23.4,22.75,22.75,5.7,0.3758302163696289,0.42737,0.00407,-0.10641,1.00622,25.9061,32.2,4,41
GOOGL270416C00390000,GOOGL,2027-04-16,203,C,390.0,13.4,343.9200134277344,20.05,22.45,21.25,21.25,11.3,0.3807434973144531,0.41196,0.00399,-0.10641,0.9982,24.8639,30.6,3,37
GOOGL270416C00395000,GOOGL,2027-04-16,203,C,395.0,14.85,343.9200134277344,18.95,20.3,19.625,19.75,6.9,0.37256486816406253,0.38997,0.00402,-0.10252,0.98405,22.5983,28.9,1,57
GOOGL270416C00400000,GOOGL,2027-04-16,203,C,400.0,16.31,343.9200134277344,17.85,18.75,18.3,18.95,4.9,0.36963520996093746,0.37091,0.00399,-0.09992,0.96917,20.9401,27.3,31,144
GOOGL270416C00410000,GOOGL,2027-04-16,203,C,410.0,19.21,343.9200134277344,15.3,16.2,15.75,16.15,5.7,0.3672090867614746,0.33593,0.00387,-0.09527,0.93542,18.1908,24.3,2,430
GOOGL270416C00420000,GOOGL,2027-04-16,203,C,420.0,22.12,343.9200134277344,13.45,14.15,13.8,13.95,5.1,0.3673006385803223,0.30453,0.00372,-0.09095,0.8978,15.9571,21.6,479,448
GOOGL270416P00260000,GOOGL,2027-04-16,203,P,260.0,-24.4,343.9200134277344,4.75,5.1,4.925,4.85,7.1,0.338324487915039,-0.09292,0.00192,-0.03158,0.42648,4.1908,14.2,6,146
GOOGL270416P00265000,GOOGL,2027-04-16,203,P,265.0,-22.95,343.9200134277344,4.6,5.85,5.225,6.0,23.9,0.33612724426269536,-0.10492,0.00211,-0.03411,0.46612,4.8258,15.8,1,81
GOOGL270416P00270000,GOOGL,2027-04-16,203,P,270.0,-21.49,343.9200134277344,5.45,7.0,6.225,6.55,24.9,0.33954517883300783,-0.12098,0.00231,-0.03796,0.51602,5.8183,18.0,1,1652
GOOGL270416P00275000,GOOGL,2027-04-16,203,P,275.0,-20.04,343.9200134277344,6.05,8.7,7.375,7.55,35.9,0.3495853616333008,-0.14152,0.0025,-0.04338,0.57508,7.3142,20.8,7,496
GOOGL270416P00280000,GOOGL,2027-04-16,203,P,280.0,-18.59,343.9200134277344,8.1,8.55,8.325,8.08,5.4,0.32877258148193356,-0.14641,0.00272,-0.04135,0.5884,7.1256,21.0,817,1356
GOOGL270416P00285000,GOOGL,2027-04-16,203,P,285.0,-17.13,343.9200134277344,8.45,10.45,9.45,9.35,21.2,0.338171901550293,-0.16867,0.0029,-0.04647,0.64577,8.8051,24.0,1,555
GOOGL270416P00290000,GOOGL,2027-04-16,203,P,290.0,-15.68,343.9200134277344,10.25,10.85,10.55,10.65,5.7,0.32459171508789053,-0.17947,0.00315,-0.04594,0.67176,9.107,25.0,1068,1241
GOOGL270416P00295000,GOOGL,2027-04-16,203,P,295.0,-14.22,343.9200134277344,11.55,12.15,11.85,11.85,5.1,0.32248602325439446,-0.19746,0.00336,-0.04803,0.71254,10.2338,27.1,2,56
GOOGL270416P00300000,GOOGL,2027-04-16,203,P,300.0,-12.77,343.9200134277344,12.9,13.5,13.2,13.2,4.5,0.3197089514160155,-0.21607,0.00357,-0.04979,0.75157,11.4067,29.2,4,1532
GOOGL270416P00305000,GOOGL,2027-04-16,203,P,305.0,-11.32,343.9200134277344,14.05,15.05,14.55,14.7,6.9,0.3180305014038085,-0.23615,0.00378,-0.05161,0.7903,12.7616,31.5,4,595
GOOGL270416P00310000,GOOGL,2027-04-16,203,P,310.0,-9.86,343.9200134277344,15.45,17.1,16.275,16.3,10.1,0.320746538696289,-0.25891,0.00393,-0.05423,0.83014,14.5878,34.2,3,776
GOOGL270416P00315000,GOOGL,2027-04-16,203,P,315.0,-8.41,343.9200134277344,17.1,19.2,18.15,18.3,11.6,0.3223944714355468,-0.28161,0.00408,-0.05633,0.86578,16.4626,36.8,14,61
GOOGL270416P00320000,GOOGL,2027-04-16,203,P,320.0,-6.96,343.9200134277344,18.75,21.3,20.025,19.95,12.7,0.32260809234619137,-0.30419,0.00423,-0.05783,0.89734,18.3413,39.3,1,68
GOOGL270416P00325000,GOOGL,2027-04-16,203,P,325.0,-5.5,343.9200134277344,20.85,22.8,21.825,22.15,8.9,0.31523817092895495,-0.32532,0.00445,-0.05729,0.9235,19.6422,41.4,1,45
GOOGL270416P00330000,GOOGL,2027-04-16,203,P,330.0,-4.05,343.9200134277344,22.5,24.75,23.625,24.15,9.5,0.3114692877197265,-0.34835,0.00463,-0.05728,0.94837,21.3705,43.7,1,150
GOOGL270416P00335000,GOOGL,2027-04-16,203,P,335.0,-2.59,343.9200134277344,24.4,26.8,25.6,26.55,9.4,0.30753255950927727,-0.37212,0.0048,-0.05692,0.97019,23.1902,46.1,2,27
GOOGL270416P00340000,GOOGL,2027-04-16,203,P,340.0,-1.14,343.9200134277344,27.4,29.45,28.425,28.95,7.2,0.30837178451538083,-0.39683,0.00487,-0.05734,0.98881,25.5924,48.7,2,14
GOOGL270416P00345000,GOOGL,2027-04-16,203,P,345.0,0.31,343.9200134277344,30.5,32.0,31.25,31.25,4.8,0.3069679899597168,-0.42154,0.00497,-0.05692,1.00337,27.897,51.2,1,126
GOOGL270416P00350000,GOOGL,2027-04-16,203,P,350.0,1.77,343.9200134277344,32.65,34.9,33.775,37.4,6.7,0.3077766976928711,-0.44617,0.00501,-0.0567,1.01389,30.5457,53.8,15,489
GOOGL270416P00355000,GOOGL,2027-04-16,203,P,355.0,3.22,343.9200134277344,35.25,37.4,36.325,31.6,5.9,0.3035042794799804,-0.47155,0.00511,-0.05493,1.02062,32.7982,56.2,0,4
GOOGL270416P00360000,GOOGL,2027-04-16,203,P,360.0,4.68,343.9200134277344,38.0,40.3,39.15,38.0,5.9,0.3019478985595704,-0.49662,0.00515,-0.05349,1.02318,35.4446,58.6,1,3
GOOGL270416P00365000,GOOGL,2027-04-16,203,P,365.0,6.13,343.9200134277344,40.95,43.8,42.375,41.61,6.7,0.3051522122192383,-0.51988,0.00509,-0.05298,1.02195,38.6947,60.9,1,0
GOOGL270416P00375000,GOOGL,2027-04-16,203,P,375.0,9.04,343.9200134277344,47.4,49.45,48.425,48.21,4.2,0.2947458221435546,-0.5724,0.00519,-0.04668,1.00632,43.8262,65.6,0,20
GOOGL270416P00380000,GOOGL,2027-04-16,203,P,380.0,10.49,343.9200134277344,50.75,53.15,51.95,50.35,4.6,0.2966684103393554,-0.59473,0.00509,-0.04505,0.99423,47.2803,67.8,0,5
GOOGL270416P00385000,GOOGL,2027-04-16,203,P,385.0,11.94,343.9200134277344,54.2,56.55,55.375,55.25,4.2,0.29444064941406245,-0.61896,0.00505,-0.04203,0.97739,50.4273,69.9,2,3
GOOGL270416P00390000,GOOGL,2027-04-16,203,P,390.0,13.4,343.9200134277344,57.1,60.3,58.7,69.75,5.5,0.2948373739624023,-0.64085,0.00494,-0.03956,0.95876,53.9344,71.9,0,20
GOOGL270416P00395000,GOOGL,2027-04-16,203,P,395.0,14.85,343.9200134277344,61.25,64.7,62.975,72.36,5.5,0.30144436355590826,-0.65712,0.00475,-0.03886,0.9428,58.12,73.5,0,20
GOOGL270416P00400000,GOOGL,2027-04-16,203,P,400.0,16.31,343.9200134277344,65.0,67.55,66.275,61.95,3.8,0.28967995483398434,-0.68731,0.00477,-0.03225,0.90826,60.685,75.9,1,2
