contract,ticker,expiry,dte,type,strike,moneyness_pct,spot,bid,ask,mid,last,spread_pct,iv,delta,gamma,theta,vega,theo,prob_itm,volume,oi
GOOGL261016C00260000,GOOGL,2026-10-16,17,C,260.0,-24.14,342.75,81.5,85.3,83.4,80.96,4.6,0.6904327832031252,0.9739,0.00119,-0.11842,0.04482,83.7679,96.3,2,155
GOOGL261016C00265000,GOOGL,2026-10-16,17,C,265.0,-22.68,342.75,76.5,80.3,78.4,76.24,4.8,0.6501499829101562,0.97238,0.00132,-0.11774,0.04699,78.7778,96.2,3,57
GOOGL261016C00270000,GOOGL,2026-10-16,17,C,270.0,-21.23,342.75,71.55,75.4,73.475,71.96,5.2,0.62305064453125,0.96823,0.00155,-0.12499,0.05278,73.8525,95.7,2,152
GOOGL261016C00275000,GOOGL,2026-10-16,17,C,275.0,-19.77,342.75,66.55,70.4,68.475,82.69,5.6,0.5830119824218749,0.96623,0.00174,-0.12392,0.0555,68.8621,95.6,5,377
GOOGL261016C00280000,GOOGL,2026-10-16,17,C,280.0,-18.31,342.75,62.1,64.7,63.4,60.56,4.1,0.5317429638671876,0.9668,0.00188,-0.11492,0.05473,63.8059,95.7,1,252
GOOGL261016C00285000,GOOGL,2026-10-16,17,C,285.0,-16.85,342.75,56.7,60.5,58.6,77.25,6.5,0.5207567456054687,0.95679,0.00238,-0.13341,0.06786,58.9895,94.5,1,370
GOOGL261016C00290000,GOOGL,2026-10-16,17,C,290.0,-15.39,342.75,51.75,55.2,53.475,52.69,6.5,0.6263465100097658,0.9062,0.00361,-0.25613,0.12386,55.4397,88.2,6,342
GOOGL261016C00295000,GOOGL,2026-10-16,17,C,295.0,-13.93,342.75,46.85,50.6,48.725,50.47,7.7,0.6060830407714846,0.89002,0.00419,-0.27577,0.13907,50.8183,86.3,2,171
GOOGL261016C00300000,GOOGL,2026-10-16,17,C,300.0,-12.47,342.75,42.4,44.9,43.65,43.08,5.7,0.510869149169922,0.89979,0.00465,-0.22421,0.13002,45.1877,87.9,27,964
GOOGL261016C00305000,GOOGL,2026-10-16,17,C,305.0,-11.01,342.75,37.45,40.2,38.825,37.05,7.1,0.48389187988281257,0.88247,0.00551,-0.23623,0.14581,40.4738,86.1,1,216
GOOGL261016C00310000,GOOGL,2026-10-16,17,C,310.0,-9.56,342.75,32.65,35.9,34.275,34.35,9.5,0.4758353198242187,0.85256,0.00655,-0.26668,0.1705,36.1316,82.8,31,561
GOOGL261016C00315000,GOOGL,2026-10-16,17,C,315.0,-8.1,342.75,28.2,31.1,29.65,29.64,9.8,0.43543045043945316,0.83279,0.00777,-0.26503,0.1852,31.33,80.8,1,497
GOOGL261016C00320000,GOOGL,2026-10-16,17,C,320.0,-6.64,342.75,23.3,26.45,24.875,24.84,12.7,0.39978627563476565,0.80531,0.00931,-0.26689,0.20374,26.6701,78.1,79,1732
GOOGL261016C00322500,GOOGL,2026-10-16,17,C,322.5,-5.91,342.75,22.05,24.2,23.125,20.44,9.3,0.383795224609375,0.7879,0.01021,-0.26897,0.21443,24.4093,76.3,0,0
GOOGL261016C00325000,GOOGL,2026-10-16,17,C,325.0,-5.18,342.75,20.35,22.3,21.325,20.28,9.1,0.3812317736816406,0.76118,0.01099,-0.28327,0.22933,22.4829,73.5,18,1598
GOOGL261016C00327500,GOOGL,2026-10-16,17,C,327.5,-4.45,342.75,18.45,20.2,19.325,17.6,9.1,0.36804831176757813,0.73767,0.01197,-0.2864,0.24104,20.3681,71.1,14,79
GOOGL261016C00330000,GOOGL,2026-10-16,17,C,330.0,-3.72,342.75,16.45,18.15,17.3,16.8,9.8,0.35492588439941397,0.71142,0.01301,-0.28843,0.25262,18.302,68.5,35,3242
GOOGL261016C00332500,GOOGL,2026-10-16,17,C,332.5,-2.99,342.75,14.9,17.0,15.95,13.85,13.2,0.3722596954345704,0.67049,0.01314,-0.31643,0.26772,17.1001,64.1,5,78
GOOGL261016C00335000,GOOGL,2026-10-16,17,C,335.0,-2.26,342.75,13.2,14.45,13.825,13.9,9.0,0.33667655517578127,0.64682,0.01492,-0.29489,0.27488,14.5613,61.9,35,2353
GOOGL261016C00337500,GOOGL,2026-10-16,17,C,337.5,-1.53,342.75,12.0,12.8,12.4,11.0,6.5,0.33045103149414057,0.60958,0.0157,-0.29741,0.28389,12.8878,58.2,8,120
GOOGL261016C00340000,GOOGL,2026-10-16,17,C,340.0,-0.8,342.75,10.75,11.55,11.15,10.89,7.2,0.3345403460693359,0.56886,0.01588,-0.30612,0.29069,11.6053,54.0,346,7170
GOOGL261016C00342500,GOOGL,2026-10-16,17,C,342.5,-0.07,342.75,9.5,10.15,9.825,9.3,6.6,0.3303289624023437,0.5287,0.01628,-0.3047,0.29433,10.1834,50.0,201,589
GOOGL261016C00345000,GOOGL,2026-10-16,17,C,345.0,0.66,342.75,8.3,8.65,8.475,8.3,4.1,0.31952584777832027,0.48668,0.01687,-0.2945,0.29493,8.6672,45.9,561,5869
GOOGL261016C00347500,GOOGL,2026-10-16,17,C,347.5,1.39,342.75,7.25,7.6,7.425,6.9,4.7,0.32031929687499994,0.44529,0.01668,-0.29129,0.29232,7.5961,41.8,144,246
GOOGL261016C00350000,GOOGL,2026-10-16,17,C,350.0,2.12,342.75,5.8,6.5,6.15,6.4,11.4,0.31604687866210934,0.40305,0.01656,-0.2806,0.28634,6.4805,37.7,3358,9487
GOOGL261016C00352500,GOOGL,2026-10-16,17,C,352.5,2.84,342.75,5.35,5.7,5.525,5.6,6.3,0.31873239868164055,0.36456,0.01594,-0.27361,0.27792,5.6636,33.9,38,168
GOOGL261016C00355000,GOOGL,2026-10-16,17,C,355.0,3.57,342.75,4.65,4.9,4.775,4.81,5.2,0.31830515686035155,0.32645,0.01531,-0.26143,0.26671,4.8524,30.2,853,6949
GOOGL261016C00357500,GOOGL,2026-10-16,17,C,357.5,4.3,342.75,3.9,4.85,4.375,3.9,21.7,0.3430241479492187,0.30609,0.01383,-0.27279,0.25951,4.7765,28.1,279,803
GOOGL261016C00360000,GOOGL,2026-10-16,17,C,360.0,5.03,342.75,3.4,3.55,3.475,3.5,4.3,0.3171455004882812,0.25592,0.01371,-0.23121,0.23797,3.4882,23.4,4419,15767
GOOGL261016C00362500,GOOGL,2026-10-16,17,C,362.5,5.76,342.75,2.4,3.2,2.8,2.77,28.6,0.32556826782226556,0.23096,0.01264,-0.22391,0.22513,3.1292,21.0,96,180
GOOGL261016C00365000,GOOGL,2026-10-16,17,C,365.0,6.49,342.75,2.48,2.8,2.64,2.72,12.1,0.3296575823974609,0.20545,0.01167,-0.21146,0.21044,2.7248,18.6,664,8283
GOOGL261016C00367500,GOOGL,2026-10-16,17,C,367.5,7.22,342.75,2.01,2.62,2.315,2.18,26.3,0.3421086297607422,0.18884,0.01068,-0.20803,0.19997,2.5373,17.0,53,173
GOOGL261016C00370000,GOOGL,2026-10-16,17,C,370.0,7.95,342.75,1.8,1.9,1.85,1.85,5.4,0.32459171508789053,0.1514,0.00977,-0.17116,0.17354,1.8294,13.6,2143,33512
GOOGL261016C00372500,GOOGL,2026-10-16,17,C,372.5,8.68,342.75,1.04,1.99,1.515,1.51,62.7,0.3485172570800781,0.14818,0.00897,-0.18071,0.17107,1.9086,13.1,407,63
GOOGL261016C00375000,GOOGL,2026-10-16,17,C,375.0,9.41,342.75,1.24,1.48,1.36,1.36,17.6,0.33570000244140624,0.11914,0.00802,-0.14968,0.14722,1.4095,10.5,1198,69611
GOOGL261016C00380000,GOOGL,2026-10-16,17,C,380.0,10.87,342.75,0.97,1.23,1.1,1.0,23.6,0.35193519165039056,0.09751,0.00662,-0.13546,0.12745,1.1592,8.5,4248,10798
GOOGL261016C00385000,GOOGL,2026-10-16,17,C,385.0,12.33,342.75,0.65,0.81,0.73,0.74,21.9,0.34754070434570306,0.06845,0.00513,-0.10227,0.09761,0.753,5.9,1010,6406
GOOGL261016C00390000,GOOGL,2026-10-16,17,C,390.0,13.79,342.75,0.57,0.6,0.585,0.59,5.1,0.35352208984374994,0.05153,0.00404,-0.08313,0.07815,0.5501,4.4,5924,10066
GOOGL261016C00395000,GOOGL,2026-10-16,17,C,395.0,15.24,342.75,0.44,0.49,0.465,0.44,10.8,0.366217275390625,0.04163,0.00329,-0.07243,0.06584,0.445,3.5,220,2099
GOOGL261016C00400000,GOOGL,2026-10-16,17,C,400.0,16.7,342.75,0.35,0.38,0.365,0.37,8.2,0.3745179736328125,0.03233,0.00261,-0.06016,0.05354,0.3407,2.7,2775,22077
GOOGL261016C00405000,GOOGL,2026-10-16,17,C,405.0,18.16,342.75,0.23,0.33,0.28,0.28,35.7,0.389654541015625,0.02741,0.00219,-0.0545,0.04669,0.2936,2.3,24,2567
GOOGL261016C00410000,GOOGL,2026-10-16,17,C,410.0,19.62,342.75,0.15,0.32,0.235,0.25,72.3,0.41089456298828125,0.02529,0.00194,-0.05368,0.04366,0.2823,2.0,338,33026
GOOGL261016C00415000,GOOGL,2026-10-16,17,C,415.0,21.08,342.75,0.17,0.32,0.245,0.2,61.2,0.4335994140625,0.024,0.00176,-0.05415,0.04177,0.2803,1.9,727,2366
GOOGL261016C00420000,GOOGL,2026-10-16,17,C,420.0,22.54,342.75,0.15,0.23,0.19,0.16,42.1,0.4335994140625,0.01763,0.00136,-0.04167,0.03217,0.1983,1.4,21,9056
GOOGL261016C00425000,GOOGL,2026-10-16,17,C,425.0,24.0,342.75,0.08,0.21,0.145,0.14,89.7,0.44922425781249997,0.01574,0.00119,-0.03915,0.0292,0.1808,1.2,172,5462
GOOGL261016P00260000,GOOGL,2026-10-16,17,P,260.0,-24.14,342.75,0.04,0.17,0.105,0.11,123.8,0.52539537109375,-0.00604,0.00044,-0.0193,0.01264,0.0781,0.8,1,961
GOOGL261016P00265000,GOOGL,2026-10-16,17,P,265.0,-22.68,342.75,0.02,0.28,0.15,0.11,173.3,0.516606396484375,-0.00866,0.00061,-0.02606,0.01738,0.1143,1.2,6,2236
GOOGL261016P00270000,GOOGL,2026-10-16,17,P,270.0,-21.23,342.75,0.12,0.17,0.145,0.15,34.5,0.49219257812500006,-0.01026,0.00075,-0.02879,0.02016,0.1313,1.4,251,4345
GOOGL261016P00275000,GOOGL,2026-10-16,17,P,275.0,-19.77,342.75,0.1,0.42,0.26,0.14,123.1,0.5278367529296876,-0.0224,0.00136,-0.06031,0.03941,0.3387,2.9,2,3904
GOOGL261016P00280000,GOOGL,2026-10-16,17,P,280.0,-18.31,342.75,0.12,0.34,0.23,0.17,95.7,0.47363807617187503,-0.0203,0.0014,-0.04973,0.03627,0.2709,2.6,20,2200
GOOGL261016P00285000,GOOGL,2026-10-16,17,P,285.0,-16.85,342.75,0.24,0.34,0.29,0.24,34.5,0.43848217773437503,-0.02186,0.00161,-0.04894,0.03861,0.2719,2.7,11,3472
GOOGL261016P00290000,GOOGL,2026-10-16,17,P,290.0,-15.39,342.75,0.27,0.32,0.295,0.3,16.9,0.39893179199218753,-0.02244,0.00181,-0.04545,0.03948,0.2541,2.7,133,4964
GOOGL261016P00295000,GOOGL,2026-10-16,17,P,295.0,-13.93,342.75,0.34,0.45,0.395,0.37,27.8,0.387701435546875,-0.03165,0.00248,-0.05876,0.0526,0.3648,3.8,15,4826
GOOGL261016P00300000,GOOGL,2026-10-16,17,P,300.0,-12.47,342.75,0.39,0.56,0.475,0.48,35.8,0.367193828125,-0.04056,0.00321,-0.06805,0.06447,0.4588,4.8,236,7408
GOOGL261016P00305000,GOOGL,2026-10-16,17,P,305.0,-11.01,342.75,0.59,0.72,0.655,0.63,19.8,0.3485172570800781,-0.05329,0.00421,-0.08019,0.08025,0.5969,6.2,841,3515
GOOGL261016P00310000,GOOGL,2026-10-16,17,P,310.0,-9.56,342.75,0.85,0.94,0.895,0.86,10.1,0.3305731005859375,-0.07085,0.00554,-0.09472,0.10024,0.7901,8.1,598,6693
GOOGL261016P00315000,GOOGL,2026-10-16,17,P,315.0,-8.1,342.75,1.17,1.33,1.25,1.26,12.8,0.319220675048828,-0.09905,0.00738,-0.11719,0.12891,1.1375,11.2,912,6216
GOOGL261016P00317500,GOOGL,2026-10-16,17,P,317.5,-7.37,342.75,1.2,1.57,1.385,1.39,26.7,0.3129951513671875,-0.1162,0.00845,-0.12864,0.14464,1.3532,13.0,14,43
GOOGL261016P00320000,GOOGL,2026-10-16,17,P,320.0,-6.64,342.75,1.68,1.87,1.775,1.86,10.7,0.3078682495117187,-0.13677,0.00962,-0.14141,0.16204,1.6256,15.2,586,10239
GOOGL261016P00322500,GOOGL,2026-10-16,17,P,322.5,-5.91,342.75,1.86,2.3,2.08,2.24,21.2,0.3068306622314453,-0.16332,0.01086,-0.15825,0.1824,2.0214,18.0,145,55
GOOGL261016P00325000,GOOGL,2026-10-16,17,P,325.0,-5.18,342.75,2.33,2.83,2.58,2.68,19.4,0.30689169677734374,-0.19376,0.0121,-0.17581,0.20315,2.5118,21.2,407,7359
GOOGL261016P00327500,GOOGL,2026-10-16,17,P,327.5,-4.45,342.75,3.0,3.6,3.3,3.35,18.2,0.313483427734375,-0.23144,0.01314,-0.19877,0.22539,3.233,25.3,137,1770
GOOGL261016P00330000,GOOGL,2026-10-16,17,P,330.0,-3.72,342.75,3.65,4.15,3.9,3.85,12.8,0.3070137658691406,-0.26324,0.01437,-0.20774,0.24146,3.7524,28.5,505,9656
GOOGL261016P00332500,GOOGL,2026-10-16,17,P,332.5,-2.99,342.75,4.35,5.0,4.675,4.55,13.9,0.30884480224609373,-0.30265,0.01528,-0.22268,0.25821,4.561,32.6,441,570
GOOGL261016P00335000,GOOGL,2026-10-16,17,P,335.0,-2.26,342.75,5.25,5.85,5.55,5.4,10.8,0.30689169677734374,-0.34217,0.01618,-0.23179,0.27169,5.3735,36.7,114,3896
GOOGL261016P00337500,GOOGL,2026-10-16,17,P,337.5,-1.53,342.75,6.05,7.45,6.75,6.5,20.7,0.32709413146972655,-0.3896,0.01585,-0.25756,0.28373,6.9143,41.7,414,1733
GOOGL261016P00340000,GOOGL,2026-10-16,17,P,340.0,-0.8,342.75,7.2,8.0,7.6,7.55,10.5,0.3079292840576171,-0.4276,0.01723,-0.24597,0.29022,7.4495,45.4,309,10247
GOOGL261016P00342500,GOOGL,2026-10-16,17,P,342.5,-0.07,342.75,8.25,9.0,8.625,8.75,8.7,0.3006661730957031,-0.47114,0.01789,-0.24166,0.29433,8.4229,49.7,76,629
GOOGL261016P00345000,GOOGL,2026-10-16,17,P,345.0,0.66,342.75,9.75,10.2,9.975,10.09,4.5,0.29651582397460935,-0.51641,0.01817,-0.23669,0.29485,9.5965,54.2,401,7777
GOOGL261016P00347500,GOOGL,2026-10-16,17,P,347.5,1.39,342.75,11.15,11.8,11.475,11.45,5.7,0.3020089331054688,-0.55962,0.01766,-0.23695,0.2918,11.1645,58.5,122,1240
GOOGL261016P00350000,GOOGL,2026-10-16,17,P,350.0,2.12,342.75,12.65,13.5,13.075,13.1,6.5,0.3075630767822265,-0.60029,0.01698,-0.23451,0.28572,12.8364,62.6,251,6478
GOOGL261016P00352500,GOOGL,2026-10-16,17,P,352.5,2.84,342.75,14.05,16.0,15.025,14.65,13.0,0.33801931518554684,-0.62646,0.01515,-0.25331,0.28014,15.2957,65.4,20,364
GOOGL261016P00355000,GOOGL,2026-10-16,17,P,355.0,3.57,342.75,15.65,17.8,16.725,16.35,12.9,0.3419865606689453,-0.66044,0.01448,-0.2458,0.2709,17.0784,68.7,27,2933
GOOGL261016P00357500,GOOGL,2026-10-16,17,P,357.5,4.3,342.75,17.65,19.6,18.625,18.87,10.5,0.34314621704101556,-0.69384,0.01382,-0.23381,0.25954,18.8643,71.9,3,160
GOOGL261016P00360000,GOOGL,2026-10-16,17,P,360.0,5.03,342.75,19.65,22.05,20.85,20.38,11.5,0.36676658630371095,-0.71132,0.01259,-0.2435,0.25266,21.2877,73.8,20,2529
GOOGL261016P00362500,GOOGL,2026-10-16,17,P,362.5,5.76,342.75,20.5,22.85,21.675,21.25,10.8,0.32129584960937496,-0.77229,0.0127,-0.17963,0.22335,22.1087,79.3,2,134
GOOGL261016P00365000,GOOGL,2026-10-16,17,P,365.0,6.49,342.75,23.05,26.2,24.625,24.15,12.8,0.3802552209472656,-0.75888,0.01108,-0.22654,0.23054,25.4139,78.4,9,1409
GOOGL261016P00367500,GOOGL,2026-10-16,17,P,367.5,7.22,342.75,25.3,27.8,26.55,25.42,9.4,0.36255520263671875,-0.79621,0.01056,-0.19046,0.20943,27.0221,81.8,1,3
GOOGL261016P00370000,GOOGL,2026-10-16,17,P,370.0,7.95,342.75,27.4,30.35,28.875,29.58,10.2,0.3857483300781249,-0.80371,0.0097,-0.19889,0.20476,29.5532,82.6,6,1017
GOOGL261016P00372500,GOOGL,2026-10-16,17,P,372.5,8.68,342.75,29.7,32.3,31.0,36.73,8.4,0.3786683227539062,-0.83018,0.00903,-0.1737,0.18706,31.5058,85.0,1,13
GOOGL261016P00375000,GOOGL,2026-10-16,17,P,375.0,9.41,342.75,31.35,34.8,33.075,33.12,10.4,0.3979552392578125,-0.83705,0.00836,-0.17801,0.18213,33.9921,85.7,9,475
GOOGL261016P00380000,GOOGL,2026-10-16,17,P,380.0,10.87,342.75,36.6,39.55,38.075,38.34,7.7,0.42127043579101564,-0.85743,0.00723,-0.17008,0.16668,38.7278,87.7,9,2549
GOOGL261016P00385000,GOOGL,2026-10-16,17,P,385.0,12.33,342.75,41.05,44.25,42.65,44.78,7.5,0.4381159704589844,-0.87747,0.00626,-0.15577,0.15016,43.4191,89.6,1,320
GOOGL261016P00390000,GOOGL,2026-10-16,17,P,390.0,13.79,342.75,46.7,49.4,48.05,49.2,5.6,0.48120635986328125,-0.87974,0.00563,-0.17138,0.14819,48.541,89.9,13,420
GOOGL261016P00395000,GOOGL,2026-10-16,17,P,395.0,15.24,342.75,51.55,54.35,52.95,52.5,5.3,0.5105029418945313,-0.88798,0.00504,-0.17237,0.14092,53.4736,90.8,43,703
GOOGL261016P00400000,GOOGL,2026-10-16,17,P,400.0,16.7,342.75,55.65,59.35,57.5,58.55,6.4,0.5421188366699221,-0.89358,0.00458,-0.17658,0.13581,58.4556,91.4,49,2690
GOOGL261016P00405000,GOOGL,2026-10-16,17,P,405.0,18.16,342.75,60.65,64.35,62.5,48.8,5.9,0.5728802478027344,-0.89848,0.00419,-0.18045,0.13125,63.4387,91.9,7,0
GOOGL261016P00410000,GOOGL,2026-10-16,17,P,410.0,19.62,342.75,65.6,69.3,67.45,71.73,5.5,0.5991251025390626,-0.90431,0.00383,-0.18002,0.12569,68.3755,92.4,2,6
GOOGL261016P00415000,GOOGL,2026-10-16,17,P,415.0,21.08,342.75,70.6,74.35,72.475,73.09,5.2,0.6320837573242188,-0.90664,0.00357,-0.18736,0.12343,73.4072,92.7,1,6
GOOGL261016P00420000,GOOGL,2026-10-16,17,P,420.0,22.54,342.75,75.6,79.35,77.475,78.13,4.8,0.6605258557128908,-0.91012,0.00332,-0.19035,0.12,78.3911,93.1,2,2
GOOGL261016P00425000,GOOGL,2026-10-16,17,P,425.0,24.0,342.75,80.6,84.35,82.475,78.51,4.5,0.6883576086425782,-0.91325,0.0031,-0.19318,0.11687,83.376,93.4,19,0
GOOGL261023C00270000,GOOGL,2026-10-23,24,C,270.0,-21.23,342.75,71.8,75.75,73.775,68.7,5.4,0.5664105859375,0.95848,0.00178,-0.11996,0.07806,74.3449,94.4,0,1
GOOGL261023C00275000,GOOGL,2026-10-23,24,C,275.0,-19.77,342.75,66.85,70.75,68.8,68.83,5.7,0.5334519311523438,0.95521,0.00201,-0.12051,0.083,69.3804,94.1,0,2
GOOGL261023C00280000,GOOGL,2026-10-23,24,C,280.0,-18.31,342.75,61.9,65.9,63.9,73.0,6.3,0.5079394909667969,0.94927,0.00234,-0.12562,0.0917,64.4825,93.4,6,6
GOOGL261023C00285000,GOOGL,2026-10-23,24,C,285.0,-16.85,342.75,57.05,60.8,58.925,67.4,6.4,0.609500975341797,0.89894,0.0033,-0.22442,0.15543,61.2445,86.8,1,2
GOOGL261023C00290000,GOOGL,2026-10-23,24,C,290.0,-15.39,342.75,52.15,55.9,54.025,51.7,6.9,0.5731243859863282,0.89038,0.00372,-0.22411,0.16486,56.3512,86.0,2,1
GOOGL261023C00295000,GOOGL,2026-10-23,24,C,295.0,-13.93,342.75,47.45,50.1,48.775,47.55,5.4,0.48511257080078124,0.90137,0.00407,-0.18263,0.1527,50.6175,87.8,1,11
GOOGL261023C00300000,GOOGL,2026-10-23,24,C,300.0,-12.47,342.75,43.25,45.9,44.575,44.38,5.9,0.4885305053710938,0.87432,0.00481,-0.21259,0.18161,46.3729,84.7,31,205
GOOGL261023C00305000,GOOGL,2026-10-23,24,C,305.0,-11.01,342.75,38.35,41.5,39.925,38.0,7.9,0.47473669799804685,0.85107,0.00556,-0.22908,0.20394,41.9477,82.1,10,4
GOOGL261023C00310000,GOOGL,2026-10-23,24,C,310.0,-9.56,342.75,34.0,36.95,35.475,35.5,8.3,0.4500787414550781,0.82912,0.00642,-0.23628,0.22315,37.3825,79.8,1,16
GOOGL261023C00315000,GOOGL,2026-10-23,24,C,315.0,-8.1,342.75,28.75,32.5,30.625,30.93,12.2,0.42627526855468756,0.80265,0.00741,-0.24331,0.24409,32.9123,77.1,1,16
GOOGL261023C00320000,GOOGL,2026-10-23,24,C,320.0,-6.64,342.75,24.8,28.3,26.55,24.24,13.2,0.4078428356933594,0.76857,0.0085,-0.25327,0.2678,28.6823,73.6,2,247
GOOGL261023C00325000,GOOGL,2026-10-23,24,C,325.0,-5.18,342.75,22.1,23.7,22.9,24.32,7.0,0.3712221081542969,0.73691,0.01,-0.24686,0.28682,24.0727,70.5,11,85
GOOGL261023C00330000,GOOGL,2026-10-23,24,C,330.0,-3.72,342.75,17.4,19.65,18.525,18.36,12.1,0.34839518798828123,0.69091,0.01151,-0.24853,0.30967,19.988,65.9,9,251
GOOGL261023C00335000,GOOGL,2026-10-23,24,C,335.0,-2.26,342.75,14.45,16.2,15.325,14.9,11.4,0.3371648315429688,0.63239,0.01271,-0.25455,0.33114,16.4881,59.9,9,309
GOOGL261023C00340000,GOOGL,2026-10-23,24,C,340.0,-0.8,342.75,12.25,14.0,13.125,12.78,13.3,0.35297277893066403,0.56487,0.01269,-0.27408,0.34598,14.2134,52.9,87,925
GOOGL261023C00345000,GOOGL,2026-10-23,24,C,345.0,0.66,342.75,9.65,10.75,10.2,10.2,10.8,0.3299017205810546,0.49842,0.01376,-0.25851,0.35063,10.927,46.5,84,1478
GOOGL261023C00350000,GOOGL,2026-10-23,24,C,350.0,2.12,342.75,7.75,8.2,7.975,8.02,5.6,0.31702343139648437,0.42682,0.01408,-0.24279,0.34471,8.3328,39.5,95,1109
GOOGL261023C00355000,GOOGL,2026-10-23,24,C,355.0,3.57,342.75,5.3,6.7,6.0,5.93,23.3,0.3248968878173828,0.36381,0.01315,-0.23628,0.32999,6.7863,33.3,52,610
GOOGL261023C00360000,GOOGL,2026-10-23,24,C,360.0,5.03,342.75,4.45,5.15,4.8,4.85,14.6,0.3225165405273437,0.30133,0.01229,-0.21648,0.3062,5.2011,27.3,1367,2065
GOOGL261023C00365000,GOOGL,2026-10-23,24,C,365.0,6.49,342.75,3.6,4.55,4.075,3.55,23.3,0.3436955279541015,0.26117,0.01076,-0.21391,0.28574,4.5687,23.3,131,545
GOOGL261023C00370000,GOOGL,2026-10-23,24,C,370.0,7.95,342.75,2.72,3.0,2.86,2.87,9.8,0.3232489550781249,0.19773,0.00979,-0.17166,0.24437,3.007,17.5,214,1915
GOOGL261023C00375000,GOOGL,2026-10-23,24,C,375.0,9.41,342.75,2.08,2.47,2.275,2.0,17.1,0.33399103515625,0.16442,0.00844,-0.15737,0.21767,2.4609,14.4,410,864
GOOGL261023C00380000,GOOGL,2026-10-23,24,C,380.0,10.87,342.75,1.55,2.0,1.775,1.54,25.4,0.34229173339843744,0.13532,0.00723,-0.14117,0.19114,1.9814,11.7,530,1180
GOOGL261023C00385000,GOOGL,2026-10-23,24,C,385.0,12.33,342.75,1.16,1.58,1.37,1.18,30.7,0.34778484252929687,0.10947,0.00613,-0.12327,0.16469,1.5554,9.4,206,1496
GOOGL261023C00390000,GOOGL,2026-10-23,24,C,390.0,13.79,342.75,0.82,1.12,0.97,1.0,30.9,0.3442448388671875,0.0824,0.00502,-0.0988,0.13361,1.0972,7.0,168,1503
GOOGL261023C00395000,GOOGL,2026-10-23,24,C,395.0,15.24,342.75,0.7,0.88,0.79,0.7,22.8,0.3498600170898437,0.06586,0.00417,-0.08443,0.11258,0.8562,5.5,39,403
GOOGL261023C00400000,GOOGL,2026-10-23,24,C,400.0,16.7,342.75,0.54,0.84,0.69,0.6,43.5,0.36975727905273437,0.0601,0.00367,-0.08292,0.10483,0.8116,5.0,180,1070
GOOGL261023C00405000,GOOGL,2026-10-23,24,C,405.0,18.16,342.75,0.31,0.6,0.455,0.41,63.7,0.36743796630859377,0.04492,0.00293,-0.06531,0.08319,0.576,3.7,30,100
GOOGL261023C00410000,GOOGL,2026-10-23,24,C,410.0,19.62,342.75,0.3,0.53,0.415,0.36,55.4,0.379889013671875,0.03891,0.00252,-0.06002,0.07406,0.5045,3.1,23,566
GOOGL261023C00415000,GOOGL,2026-10-23,24,C,415.0,21.08,342.75,0.14,0.74,0.44,0.34,136.4,0.4260311303710938,0.04724,0.00263,-0.07858,0.08662,0.7039,3.7,22,72
GOOGL261023C00420000,GOOGL,2026-10-23,24,C,420.0,22.54,342.75,0.24,0.51,0.375,0.22,72.0,0.41797457031249996,0.03451,0.00208,-0.0597,0.06713,0.4823,2.7,44,464
GOOGL261023C00425000,GOOGL,2026-10-23,24,C,425.0,24.0,342.75,0.11,0.48,0.295,0.23,125.4,0.4331111376953125,0.03162,0.00187,-0.0575,0.06247,0.4518,2.5,15,252
GOOGL261023P00260000,GOOGL,2026-10-23,24,P,260.0,-24.14,342.75,0.01,0.4,0.205,0.13,190.2,0.5395553857421876,-0.01852,0.00096,-0.04407,0.03986,0.3347,2.6,14,26
GOOGL261023P00265000,GOOGL,2026-10-23,24,P,265.0,-22.68,342.75,0.01,0.46,0.235,0.17,191.5,0.5192919165039063,-0.02178,0.00114,-0.04861,0.04573,0.3862,3.0,3,32
GOOGL261023P00270000,GOOGL,2026-10-23,24,P,270.0,-21.23,342.75,0.01,0.26,0.135,0.19,185.2,0.44434149414062496,-0.01485,0.00096,-0.02997,0.03301,0.2133,2.0,2,37
GOOGL261023P00275000,GOOGL,2026-10-23,24,P,275.0,-19.77,342.75,0.06,0.27,0.165,0.22,127.3,0.41699801757812494,-0.01627,0.00111,-0.03037,0.03569,0.2212,2.1,15,63
GOOGL261023P00280000,GOOGL,2026-10-23,24,P,280.0,-18.31,342.75,0.01,0.6,0.305,0.29,193.4,0.4445856323242187,-0.03188,0.00183,-0.057,0.06289,0.5069,4.1,2,69
GOOGL261023P00285000,GOOGL,2026-10-23,24,P,285.0,-16.85,342.75,0.1,0.63,0.365,0.34,145.2,0.41602146484374997,-0.03533,0.00213,-0.05793,0.06844,0.5323,4.4,3,484
GOOGL261023P00290000,GOOGL,2026-10-23,24,P,290.0,-15.39,342.75,0.38,0.5,0.44,0.43,27.3,0.3667055517578125,-0.03199,0.00223,-0.04694,0.06307,0.4168,3.9,63,189
GOOGL261023P00295000,GOOGL,2026-10-23,24,P,295.0,-13.93,342.75,0.47,0.73,0.6,0.55,43.3,0.362311064453125,-0.04555,0.00301,-0.06172,0.08413,0.6185,5.5,78,3851
GOOGL261023P00300000,GOOGL,2026-10-23,24,P,300.0,-12.47,342.75,0.73,0.96,0.845,0.76,27.2,0.3505924316406249,-0.05985,0.00386,-0.07398,0.10449,0.822,7.1,205,3141
GOOGL261023P00305000,GOOGL,2026-10-23,24,P,305.0,-11.01,342.75,1.01,1.15,1.08,1.05,13.0,0.33081723876953123,-0.07367,0.0048,-0.08171,0.12272,0.9893,8.6,77,692
GOOGL261023P00310000,GOOGL,2026-10-23,24,P,310.0,-9.56,342.75,1.36,1.93,1.645,1.54,34.7,0.3428410443115234,-0.11195,0.00632,-0.11514,0.16735,1.6979,13.0,88,3718
GOOGL261023P00315000,GOOGL,2026-10-23,24,P,315.0,-8.1,342.75,1.82,2.39,2.105,1.97,27.1,0.32642275146484373,-0.13964,0.00774,-0.12732,0.19528,2.1178,15.9,69,1669
GOOGL261023P00320000,GOOGL,2026-10-23,24,P,320.0,-6.64,342.75,2.48,3.0,2.74,2.6,19.0,0.31116411499023433,-0.17525,0.00943,-0.14012,0.22676,2.6797,19.7,95,1876
GOOGL261023P00325000,GOOGL,2026-10-23,24,P,325.0,-5.18,342.75,3.55,4.1,3.825,3.8,14.4,0.30762411132812495,-0.22756,0.01116,-0.16106,0.26528,3.7078,25.2,150,1785
GOOGL261023P00330000,GOOGL,2026-10-23,24,P,330.0,-3.72,342.75,5.0,5.6,5.3,5.2,11.3,0.30762411132812495,-0.29001,0.01266,-0.18136,0.30085,5.1256,31.8,265,1240
GOOGL261023P00335000,GOOGL,2026-10-23,24,P,335.0,-2.26,342.75,6.05,7.4,6.725,7.01,20.1,0.3064034204101562,-0.35798,0.01387,-0.19529,0.32817,6.8438,38.8,48,761
GOOGL261023P00340000,GOOGL,2026-10-23,24,P,340.0,-0.8,342.75,8.0,10.0,9.0,8.91,22.2,0.3177558459472656,-0.43176,0.01408,-0.21147,0.34549,9.3527,46.4,69,660
GOOGL261023P00345000,GOOGL,2026-10-23,24,P,345.0,0.66,342.75,10.4,11.85,11.125,11.64,13.0,0.29779754943847647,-0.50521,0.01524,-0.19732,0.3506,11.1452,53.6,6,394
GOOGL261023P00350000,GOOGL,2026-10-23,24,P,350.0,2.12,342.75,13.1,15.85,14.475,14.0,19.0,0.3284979260253906,-0.56952,0.01361,-0.21326,0.34529,15.0594,60.2,35,597
GOOGL261023P00355000,GOOGL,2026-10-23,24,P,355.0,3.57,342.75,16.45,19.35,17.9,18.35,16.2,0.33685965881347657,-0.6304,0.01275,-0.2071,0.33173,18.4996,66.2,2,242
GOOGL261023P00360000,GOOGL,2026-10-23,24,P,360.0,5.03,342.75,20.0,22.95,21.475,21.11,13.7,0.3402165588378906,-0.68761,0.01184,-0.19226,0.3111,22.052,71.8,163,156
GOOGL261023P00365000,GOOGL,2026-10-23,24,P,365.0,6.49,342.75,23.55,27.1,25.325,25.32,14.0,0.3541324353027343,-0.7318,0.01059,-0.18333,0.28963,26.1603,76.1,2,63
GOOGL261023P00370000,GOOGL,2026-10-23,24,P,370.0,7.95,342.75,27.6,31.3,29.45,30.05,12.6,0.3639589971923829,-0.77182,0.00945,-0.16914,0.26569,30.3254,79.9,24,32
GOOGL261023P00375000,GOOGL,2026-10-23,24,P,375.0,9.41,342.75,32.6,35.65,34.125,32.4,8.9,0.3739686627197265,-0.80576,0.00837,-0.15428,0.24175,34.6461,83.1,1,12
GOOGL261023P00380000,GOOGL,2026-10-23,24,P,380.0,10.87,342.75,36.45,40.15,38.3,37.2,9.7,0.38550419189453117,-0.83339,0.00737,-0.14073,0.21955,39.1228,85.7,4,162
GOOGL261023P00385000,GOOGL,2026-10-23,24,P,385.0,12.33,342.75,41.85,44.8,43.325,42.09,6.8,0.39990834472656256,-0.85466,0.00649,-0.13026,0.20063,43.7497,87.7,1,0
GOOGL261023P00390000,GOOGL,2026-10-23,24,P,390.0,13.79,342.75,46.3,49.65,47.975,61.25,7.0,0.42163664306640625,-0.86781,0.00577,-0.12729,0.18808,48.5771,89.0,0,5
GOOGL261023P00400000,GOOGL,2026-10-23,24,P,400.0,16.7,342.75,55.65,59.35,57.5,56.19,6.4,0.4600884069824219,-0.89027,0.00464,-0.1183,0.16497,58.2388,91.1,1,4
GOOGL261023P00410000,GOOGL,2026-10-23,24,P,410.0,19.62,342.75,65.6,69.35,67.475,66.41,5.6,0.5116015637207032,-0.89973,0.00391,-0.12346,0.15455,68.1978,92.1,1,2
GOOGL261030C00260000,GOOGL,2026-10-30,31,C,260.0,-24.14,342.75,82.1,86.05,84.075,71.78,4.7,0.5959513061523438,0.95519,0.00159,-0.11729,0.09436,84.8019,93.6,0,1
GOOGL261030C00265000,GOOGL,2026-10-30,31,C,265.0,-22.68,342.75,77.2,81.15,79.175,79.02,5.0,0.5715374877929689,0.95035,0.0018,-0.12137,0.10244,79.9099,93.1,1,2
GOOGL261030C00270000,GOOGL,2026-10-30,31,C,270.0,-21.23,342.75,72.3,76.1,74.2,69.91,5.1,0.5400436621093752,0.94697,0.002,-0.12139,0.10795,74.9482,92.8,3,1
GOOGL261030C00275000,GOOGL,2026-10-30,31,C,275.0,-19.77,342.75,67.45,71.25,69.35,80.07,5.5,0.5185595019531251,0.94007,0.0023,-0.12706,0.11889,70.101,92.0,1,2
GOOGL261030C00280000,GOOGL,2026-10-30,31,C,280.0,-18.31,342.75,62.6,66.35,64.475,63.95,5.8,0.6055947644042969,0.89494,0.00301,-0.20376,0.1817,66.9797,85.9,29,80
GOOGL261030C00285000,GOOGL,2026-10-30,31,C,285.0,-16.85,342.75,57.8,61.6,59.7,71.5,6.4,0.5792278405761719,0.88446,0.00337,-0.20814,0.19453,62.2293,84.8,4,4
GOOGL261030C00290000,GOOGL,2026-10-30,31,C,290.0,-15.39,342.75,53.05,56.85,54.95,51.6,6.9,0.551762294921875,0.87303,0.00378,-0.21149,0.20788,57.479,83.6,4,7
GOOGL261030C00295000,GOOGL,2026-10-30,31,C,295.0,-13.93,342.75,48.4,52.05,50.225,49.5,7.3,0.5210008837890624,0.86134,0.00425,-0.21219,0.22087,52.6796,82.5,5,7
GOOGL261030C00300000,GOOGL,2026-10-30,31,C,300.0,-12.47,342.75,43.8,47.65,45.725,44.0,8.4,0.5053760400390624,0.84164,0.00479,-0.2231,0.2414,48.2604,80.3,1,204
GOOGL261030C00305000,GOOGL,2026-10-30,31,C,305.0,-11.01,342.75,39.35,43.1,41.225,40.15,9.1,0.48126739440917965,0.82286,0.0054,-0.22753,0.25947,43.7004,78.4,21,3
GOOGL261030C00310000,GOOGL,2026-10-30,31,C,310.0,-9.56,342.75,35.1,38.9,37.0,35.41,10.3,0.4669242761230469,0.79702,0.00606,-0.23809,0.28213,39.4725,75.6,146,69
GOOGL261030C00315000,GOOGL,2026-10-30,31,C,315.0,-8.1,342.75,31.05,34.85,32.95,31.5,11.5,0.4536797796630859,0.76742,0.00674,-0.24828,0.3052,35.3908,72.5,1,23
GOOGL261030C00320000,GOOGL,2026-10-30,31,C,320.0,-6.64,342.75,27.2,30.35,28.775,29.0,10.9,0.42310147216796873,0.74093,0.00766,-0.24514,0.3234,30.8787,69.9,11,64
GOOGL261030C00325000,GOOGL,2026-10-30,31,C,325.0,-5.18,342.75,24.2,26.85,25.525,25.5,10.4,0.41809663940429687,0.70029,0.00832,-0.25741,0.34715,27.3308,65.7,90,66
GOOGL261030C00330000,GOOGL,2026-10-30,31,C,330.0,-3.72,342.75,21.0,23.25,22.125,22.2,10.2,0.4048521429443359,0.65876,0.00907,-0.26147,0.36651,23.6892,61.5,165,466
GOOGL261030C00335000,GOOGL,2026-10-30,31,C,335.0,-2.26,342.75,18.35,20.2,19.275,19.32,9.6,0.40061024200439455,0.61155,0.00958,-0.26807,0.38281,20.5877,56.6,29,569
GOOGL261030C00340000,GOOGL,2026-10-30,31,C,340.0,-0.8,342.75,15.65,17.1,16.375,16.8,8.9,0.3891662646484375,0.56265,0.01014,-0.26626,0.39357,17.4415,51.8,109,997
GOOGL261030C00345000,GOOGL,2026-10-30,31,C,345.0,0.66,342.75,13.55,14.45,14.0,13.95,6.4,0.3829712582397461,0.51102,0.01042,-0.26363,0.39834,14.7434,46.7,98,640
GOOGL261030C00350000,GOOGL,2026-10-30,31,C,350.0,2.12,342.75,11.6,12.35,11.975,12.05,6.3,0.3841614318847656,0.45992,0.01034,-0.26156,0.39648,12.5932,41.6,384,3158
GOOGL261030C00355000,GOOGL,2026-10-30,31,C,355.0,3.57,342.75,9.65,10.4,10.025,10.0,7.5,0.3830017755126953,0.40968,0.01016,-0.25406,0.38824,10.5983,36.7,156,966
GOOGL261030C00360000,GOOGL,2026-10-30,31,C,360.0,5.03,342.75,8.25,8.6,8.425,8.5,4.2,0.37958384094238284,0.36023,0.00987,-0.24141,0.37378,8.758,32.0,181,571
GOOGL261030C00365000,GOOGL,2026-10-30,31,C,365.0,6.49,342.75,6.25,7.5,6.875,6.85,18.2,0.38931885101318364,0.32001,0.0092,-0.23549,0.35721,7.6204,28.1,88,894
GOOGL261030C00370000,GOOGL,2026-10-30,31,C,370.0,7.95,342.75,5.4,5.8,5.6,5.67,7.1,0.3764710791015625,0.27045,0.0088,-0.21023,0.33055,5.8929,23.5,207,1026
GOOGL261030C00375000,GOOGL,2026-10-30,31,C,375.0,9.41,342.75,4.5,4.9,4.7,4.6,8.5,0.3815979809570312,0.23501,0.00806,-0.19721,0.30696,4.9678,20.2,159,819
GOOGL261030C00380000,GOOGL,2026-10-30,31,C,380.0,10.87,342.75,3.35,3.9,3.625,3.83,15.2,0.3782410809326171,0.19766,0.00736,-0.17639,0.27767,3.9475,16.8,165,1397
GOOGL261030C00385000,GOOGL,2026-10-30,31,C,385.0,12.33,342.75,2.9,3.3,3.1,3.3,12.9,0.38422246643066404,0.1706,0.00661,-0.16304,0.25334,3.33,14.4,73,559
GOOGL261030C00390000,GOOGL,2026-10-30,31,C,390.0,13.79,342.75,1.98,2.75,2.365,2.38,32.6,0.3881897119140625,0.14572,0.0059,-0.14819,0.22843,2.7665,12.1,44,615
GOOGL261030C00395000,GOOGL,2026-10-30,31,C,395.0,15.24,342.75,1.92,2.3,2.11,2.1,18.0,0.3927062683105469,0.12449,0.00523,-0.13429,0.20503,2.3077,10.3,27,447
GOOGL261030C00400000,GOOGL,2026-10-30,31,C,400.0,16.7,342.75,1.55,1.89,1.72,1.63,19.8,0.3952697192382813,0.10495,0.0046,-0.11949,0.18157,1.8899,8.5,137,998
GOOGL261030C00405000,GOOGL,2026-10-30,31,C,405.0,18.16,342.75,1.25,1.51,1.38,1.25,18.8,0.39539178833007815,0.08673,0.004,-0.10372,0.15779,1.5058,7.0,15,151
GOOGL261030C00410000,GOOGL,2026-10-30,31,C,410.0,19.62,342.75,1.0,1.32,1.16,1.12,27.6,0.40405869384765625,0.07583,0.00354,-0.09563,0.14259,1.3118,6.0,29,296
GOOGL261030C00415000,GOOGL,2026-10-30,31,C,415.0,21.08,342.75,0.28,1.4,0.84,0.8,133.3,0.43018147949218755,0.07551,0.00331,-0.1013,0.14213,1.3857,5.9,65,99
GOOGL261030C00420000,GOOGL,2026-10-30,31,C,420.0,22.54,342.75,0.68,0.86,0.77,0.99,23.4,0.4067442138671875,0.0519,0.00261,-0.07147,0.10612,0.8484,4.0,57,136
GOOGL261030C00425000,GOOGL,2026-10-30,31,C,425.0,24.0,342.75,0.46,0.96,0.71,0.6,70.4,0.43457596679687505,0.0539,0.00252,-0.07857,0.10936,0.9443,4.1,33,431
GOOGL261030P00260000,GOOGL,2026-10-30,31,P,260.0,-24.14,342.75,0.05,0.52,0.285,0.27,164.9,0.49805189453125004,-0.02277,0.00109,-0.04245,0.05396,0.4446,3.2,7,7
GOOGL261030P00265000,GOOGL,2026-10-30,31,P,265.0,-22.68,342.75,0.15,0.58,0.365,0.41,117.8,0.4777884252929688,-0.02609,0.00127,-0.04559,0.0605,0.4969,3.6,49,58
GOOGL261030P00270000,GOOGL,2026-10-30,31,P,270.0,-21.23,342.75,0.21,0.64,0.425,0.47,101.2,0.45654840332031255,-0.0297,0.00148,-0.04846,0.06741,0.5494,4.0,12,275
GOOGL261030P00275000,GOOGL,2026-10-30,31,P,275.0,-19.77,342.75,0.24,0.83,0.535,0.54,110.3,0.44922425781249997,-0.03806,0.00184,-0.05839,0.08267,0.7182,5.0,8,82
GOOGL261030P00280000,GOOGL,2026-10-30,31,P,280.0,-18.31,342.75,0.6,0.94,0.77,0.7,44.2,0.4299373413085938,-0.04423,0.00218,-0.06299,0.09337,0.8159,5.7,14,100
GOOGL261030P00285000,GOOGL,2026-10-30,31,P,285.0,-16.85,342.75,0.6,1.03,0.815,0.81,52.8,0.407232490234375,-0.05023,0.00254,-0.06592,0.10339,0.8939,6.4,7,138
GOOGL261030P00290000,GOOGL,2026-10-30,31,P,290.0,-15.39,342.75,0.88,1.34,1.11,1.11,41.4,0.40039662109375,-0.0643,0.00314,-0.07856,0.12559,1.1734,8.0,11,1665
GOOGL261030P00295000,GOOGL,2026-10-30,31,P,295.0,-13.93,342.75,1.11,1.63,1.37,1.35,38.0,0.38733522827148437,-0.07845,0.00379,-0.0883,0.14631,1.4351,9.6,23,379
GOOGL261030P00300000,GOOGL,2026-10-30,31,P,300.0,-12.47,342.75,1.51,2.12,1.815,1.81,33.6,0.3816590155029296,-0.09959,0.00459,-0.10364,0.17478,1.8825,12.0,79,555
GOOGL261030P00305000,GOOGL,2026-10-30,31,P,305.0,-11.01,342.75,2.23,2.63,2.43,2.43,16.5,0.37134417724609375,-0.12226,0.00546,-0.11641,0.20246,2.3493,14.6,333,4280
GOOGL261030P00310000,GOOGL,2026-10-30,31,P,310.0,-9.56,342.75,2.93,3.3,3.115,3.09,11.9,0.36304347900390627,-0.15051,0.00644,-0.13071,0.23343,2.9693,17.7,200,843
GOOGL261030P00315000,GOOGL,2026-10-30,31,P,315.0,-8.1,342.75,3.85,4.3,4.075,4.13,11.0,0.36121244262695307,-0.18756,0.00746,-0.14919,0.26891,3.9025,21.7,408,870
GOOGL261030P00320000,GOOGL,2026-10-30,31,P,320.0,-6.64,342.75,4.85,5.4,5.125,5.1,10.7,0.35584140258789054,-0.22756,0.00849,-0.16395,0.3015,4.9363,26.0,256,1433
GOOGL261030P00325000,GOOGL,2026-10-30,31,P,325.0,-5.18,342.75,6.4,6.8,6.6,6.7,6.1,0.35297277893066403,-0.27379,0.00944,-0.17837,0.33257,6.2615,30.9,93,661
GOOGL261030P00330000,GOOGL,2026-10-30,31,P,330.0,-3.72,342.75,8.05,8.6,8.325,8.45,6.6,0.35419346984863276,-0.32572,0.01018,-0.19246,0.35983,7.9791,36.4,96,1364
GOOGL261030P00335000,GOOGL,2026-10-30,31,P,335.0,-2.26,342.75,9.75,10.6,10.175,10.24,8.4,0.3534000207519531,-0.37959,0.01078,-0.20137,0.3802,9.9001,41.9,136,588
GOOGL261030P00340000,GOOGL,2026-10-30,31,P,340.0,-0.8,342.75,12.35,12.65,12.5,12.7,2.4,0.3469303588867187,-0.43493,0.01136,-0.20237,0.39318,11.8768,47.5,121,2538
GOOGL261030P00345000,GOOGL,2026-10-30,31,P,345.0,0.66,342.75,14.5,16.15,15.325,15.38,10.8,0.3694521063232422,-0.49018,0.01081,-0.2173,0.39837,15.2848,53.3,18,376
GOOGL261030P00350000,GOOGL,2026-10-30,31,P,350.0,2.12,342.75,17.5,18.65,18.075,18.0,6.4,0.3605410626220703,-0.54552,0.01101,-0.20779,0.3959,17.7203,58.7,70,10668
GOOGL261030P00355000,GOOGL,2026-10-30,31,P,355.0,3.57,342.75,20.0,21.85,20.925,21.4,8.8,0.36261623718261715,-0.59767,0.01068,-0.20131,0.38649,20.8546,63.8,12,317
GOOGL261030P00360000,GOOGL,2026-10-30,31,P,360.0,5.03,342.75,23.3,26.1,24.7,25.52,11.3,0.3862976409912109,-0.63672,0.00973,-0.2069,0.37486,25.0384,67.8,1,83
GOOGL261030P00365000,GOOGL,2026-10-30,31,P,365.0,6.49,342.75,26.7,29.3,28.0,28.7,9.3,0.37683728637695313,-0.68682,0.00941,-0.18625,0.35396,28.1886,72.5,10,43
GOOGL261030P00370000,GOOGL,2026-10-30,31,P,370.0,7.95,342.75,30.5,33.35,31.925,31.11,8.9,0.38556522644042956,-0.72388,0.00868,-0.17697,0.33396,32.1903,76.0,2,59
GOOGL261030P00375000,GOOGL,2026-10-30,31,P,375.0,9.41,342.75,34.25,36.55,35.4,35.9,6.5,0.36188382263183594,-0.77867,0.00822,-0.1401,0.29678,35.3507,80.9,24,11
GOOGL261030P00380000,GOOGL,2026-10-30,31,P,380.0,10.87,342.75,38.5,41.8,40.15,44.0,8.2,0.40112903564453123,-0.7867,0.00726,-0.15396,0.29052,40.5593,81.9,1,88
GOOGL261030P00385000,GOOGL,2026-10-30,31,P,385.0,12.33,342.75,42.8,46.15,44.475,43.59,7.5,0.4072935247802735,-0.81363,0.00659,-0.14048,0.26786,44.8759,84.4,0,7
GOOGL261030P00390000,GOOGL,2026-10-30,31,P,390.0,13.79,342.75,46.85,50.6,48.725,48.0,7.7,0.413519048461914,-0.83724,0.00596,-0.12706,0.24576,49.2948,86.5,1,1
GOOGL261030P00395000,GOOGL,2026-10-30,31,P,395.0,15.24,342.75,51.35,55.2,53.275,41.93,7.2,0.42273526489257807,-0.856,0.00537,-0.11645,0.22661,53.8668,88.2,0,1
GOOGL261030P00400000,GOOGL,2026-10-30,31,P,400.0,16.7,342.75,56.05,59.85,57.95,42.56,6.6,0.4315242395019532,-0.87251,0.00484,-0.10591,0.20846,58.4913,89.7,0,2
GOOGL261106C00290000,GOOGL,2026-11-06,38,C,290.0,-15.39,342.75,53.7,57.55,55.625,52.7,6.9,0.5278367529296876,0.86233,0.00377,-0.19501,0.24335,58.3609,82.1,0,1
GOOGL261106C00300000,GOOGL,2026-11-06,38,C,300.0,-12.47,342.75,44.65,48.5,46.575,45.23,8.3,0.4873708489990235,0.82952,0.0047,-0.20555,0.28037,49.2895,78.7,1,7
GOOGL261106C00320000,GOOGL,2026-11-06,38,C,320.0,-6.64,342.75,29.1,31.75,30.425,32.15,8.7,0.420476986694336,0.72733,0.00715,-0.22707,0.36746,32.4385,68.0,2,15
GOOGL261106C00330000,GOOGL,2026-11-06,38,C,330.0,-3.72,342.75,22.75,25.1,23.925,22.7,9.8,0.4109250802612304,0.64937,0.00816,-0.24321,0.4099,25.6885,59.9,0,1
GOOGL261106C00335000,GOOGL,2026-11-06,38,C,335.0,-2.26,342.75,19.8,21.6,20.7,18.97,8.7,0.39514765014648445,0.60865,0.00879,-0.24127,0.42473,22.1452,55.9,1,5
GOOGL261106C00340000,GOOGL,2026-11-06,38,C,340.0,-0.8,342.75,16.85,18.8,17.825,17.57,10.9,0.39087523193359375,0.56354,0.00911,-0.24308,0.43559,19.2909,51.3,70,37
GOOGL261106C00345000,GOOGL,2026-11-06,38,C,345.0,0.66,342.75,14.2,16.25,15.225,15.71,13.5,0.387152124633789,0.51732,0.00931,-0.24214,0.44078,16.6852,46.8,58,26
GOOGL261106C00350000,GOOGL,2026-11-06,38,C,350.0,2.12,342.75,13.2,14.6,13.9,13.88,10.1,0.3986266192626954,0.47367,0.00903,-0.24706,0.44024,14.9762,42.3,48,65
GOOGL261106C00355000,GOOGL,2026-11-06,38,C,355.0,3.57,342.75,11.0,12.1,11.55,11.19,9.5,0.3859924682617187,0.42612,0.00918,-0.23487,0.43361,12.4294,37.8,14,6
GOOGL261106C00360000,GOOGL,2026-11-06,38,C,360.0,5.03,342.75,9.65,10.15,9.9,9.75,5.1,0.38077401458740234,0.38044,0.00904,-0.22419,0.42123,10.4325,33.5,22,19
GOOGL261106C00365000,GOOGL,2026-11-06,38,C,365.0,6.49,342.75,7.25,8.7,7.975,8.1,18.2,0.38254401641845703,0.3394,0.00866,-0.2156,0.40494,8.9383,29.5,56,33
GOOGL261106C00370000,GOOGL,2026-11-06,38,C,370.0,7.95,342.75,6.2,7.5,6.85,6.75,19.0,0.38614505462646476,0.30213,0.00817,-0.2065,0.38575,7.6989,26.0,19,27
GOOGL261106C00375000,GOOGL,2026-11-06,38,C,375.0,9.41,342.75,4.95,6.3,5.625,5.63,24.0,0.385473674621582,0.26522,0.00769,-0.19306,0.36239,6.4644,22.6,8,13
GOOGL261106C00380000,GOOGL,2026-11-06,38,C,380.0,10.87,342.75,4.2,5.1,4.65,4.64,19.4,0.3800110827636719,0.22779,0.00719,-0.17498,0.33399,5.233,19.2,37,26
GOOGL261106C00385000,GOOGL,2026-11-06,38,C,385.0,12.33,342.75,3.55,4.15,3.85,3.65,15.6,0.3771424591064453,0.19485,0.00661,-0.15809,0.30477,4.2574,16.3,17,2
GOOGL261106C00390000,GOOGL,2026-11-06,38,C,390.0,13.79,342.75,3.0,3.4,3.2,3.2,12.5,0.37628797546386716,0.16635,0.006,-0.14251,0.27598,3.4846,13.8,22,21
GOOGL261106C00395000,GOOGL,2026-11-06,38,C,395.0,15.24,342.75,2.24,2.93,2.585,2.4,26.7,0.3820252227783203,0.14557,0.00541,-0.13218,0.25273,2.9974,11.9,4,98
GOOGL261106C00400000,GOOGL,2026-11-06,38,C,400.0,16.7,342.75,2.02,2.7,2.36,2.17,28.8,0.39502558105468755,0.13233,0.0049,-0.12777,0.23683,2.7532,10.7,153,21
GOOGL261106C00405000,GOOGL,2026-11-06,38,C,405.0,18.16,342.75,1.52,2.4,1.96,2.24,44.9,0.40332627929687503,0.11795,0.00443,-0.12014,0.21855,2.4422,9.4,19,18
GOOGL261106C00410000,GOOGL,2026-11-06,38,C,410.0,19.62,342.75,0.71,1.74,1.225,1.52,84.1,0.3905700592041016,0.09249,0.00384,-0.09746,0.18326,1.7701,7.3,7,18
GOOGL261106C00420000,GOOGL,2026-11-06,38,C,420.0,22.54,342.75,0.73,1.38,1.055,0.98,61.6,0.4066221447753906,0.07327,0.00309,-0.08488,0.15379,1.3968,5.7,2,14
GOOGL261106P00260000,GOOGL,2026-11-06,38,P,260.0,-24.14,342.75,0.1,0.97,0.535,0.48,162.6,0.5063525927734375,-0.03605,0.00141,-0.05689,0.08756,0.8522,5.1,2,2
GOOGL261106P00270000,GOOGL,2026-11-06,38,P,270.0,-21.23,342.75,0.31,0.74,0.525,0.62,81.9,0.4250545776367188,-0.03299,0.00157,-0.04422,0.0814,0.6397,4.4,1,27
GOOGL261106P00275000,GOOGL,2026-11-06,38,P,275.0,-19.77,342.75,0.55,0.96,0.755,0.78,54.3,0.41919526123046874,-0.04212,0.00194,-0.05314,0.09937,0.8354,5.6,17,37
GOOGL261106P00280000,GOOGL,2026-11-06,38,P,280.0,-18.31,342.75,0.77,1.11,0.94,0.92,36.2,0.40369248657226564,-0.04952,0.00229,-0.05816,0.11319,0.9694,6.4,6,11
GOOGL261106P00285000,GOOGL,2026-11-06,38,P,285.0,-16.85,342.75,1.1,1.35,1.225,1.21,20.4,0.39258419921875,-0.06023,0.00275,-0.06586,0.13214,1.1841,7.7,9,38
GOOGL261106P00290000,GOOGL,2026-11-06,38,P,290.0,-15.39,342.75,1.39,1.68,1.535,1.55,18.9,0.3839172937011719,-0.07428,0.00331,-0.07555,0.15539,1.4823,9.3,11,277
GOOGL261106P00295000,GOOGL,2026-11-06,38,P,295.0,-13.93,342.75,1.78,2.0,1.89,1.96,11.6,0.3709779699707031,-0.08883,0.00392,-0.08328,0.17785,1.7712,11.0,48,55
GOOGL261106P00300000,GOOGL,2026-11-06,38,P,300.0,-12.47,342.75,2.24,2.55,2.395,2.49,12.9,0.3656069299316406,-0.11056,0.00467,-0.096,0.20871,2.2736,13.4,1720,87
GOOGL261106P00305000,GOOGL,2026-11-06,38,P,305.0,-11.01,342.75,2.65,3.3,2.975,3.11,21.8,0.36322658264160157,-0.1379,0.00548,-0.11094,0.24364,2.9646,16.5,435,319
GOOGL261106P00310000,GOOGL,2026-11-06,38,P,310.0,-9.56,342.75,3.65,4.05,3.85,3.94,10.4,0.35535312622070303,-0.16614,0.00634,-0.12229,0.27575,3.6589,19.6,489,138
GOOGL261106P00315000,GOOGL,2026-11-06,38,P,315.0,-8.1,342.75,4.7,5.25,4.975,4.99,11.1,0.3567569207763671,-0.20407,0.00718,-0.13891,0.31337,4.7805,23.8,453,78
GOOGL261106P00320000,GOOGL,2026-11-06,38,P,320.0,-6.64,342.75,5.65,6.5,6.075,6.3,14.0,0.3532779516601562,-0.2432,0.00801,-0.15118,0.34628,5.955,28.0,115,41
GOOGL261106P00325000,GOOGL,2026-11-06,38,P,325.0,-5.18,342.75,6.55,8.0,7.275,7.75,19.9,0.3508365698242187,-0.28667,0.00877,-0.16223,0.3765,7.3757,32.6,16,41
GOOGL261106P00330000,GOOGL,2026-11-06,38,P,330.0,-3.72,342.75,8.3,10.25,9.275,9.93,21.0,0.360785200805664,-0.33738,0.00916,-0.17808,0.40401,9.5257,38.1,30,28
GOOGL261106P00335000,GOOGL,2026-11-06,38,P,335.0,-2.26,342.75,10.95,12.25,11.6,11.49,11.2,0.35834381896972656,-0.38528,0.00965,-0.18364,0.42283,11.4432,43.0,30,20
GOOGL261106P00340000,GOOGL,2026-11-06,38,P,340.0,-0.8,342.75,13.1,14.4,13.75,14.08,9.5,0.3537357107543945,-0.43481,0.01006,-0.18479,0.43529,13.5107,48.0,123,12
GOOGL261106P00345000,GOOGL,2026-11-06,38,P,345.0,0.66,342.75,15.45,17.7,16.575,16.5,13.6,0.3693300372314453,-0.4842,0.00976,-0.19422,0.44085,16.7159,53.2,80,6
GOOGL261106P00350000,GOOGL,2026-11-06,38,P,350.0,2.12,342.75,18.25,20.5,19.375,19.38,11.6,0.36832296722412117,-0.53254,0.00976,-0.19097,0.43973,19.4384,57.9,9,42
GOOGL261106P00355000,GOOGL,2026-11-06,38,P,355.0,3.57,342.75,21.1,23.0,22.05,22.32,8.6,0.3550479534912109,-0.5843,0.00993,-0.17715,0.43131,21.8657,62.8,21,1
GOOGL261106P00360000,GOOGL,2026-11-06,38,P,360.0,5.03,342.75,24.4,26.8,25.6,26.5,9.4,0.36664451721191404,-0.62579,0.00935,-0.17587,0.41908,25.5928,67.0,1,3
GOOGL261106P00370000,GOOGL,2026-11-06,38,P,370.0,7.95,342.75,32.05,34.35,33.2,33.05,6.9,0.3758302163696289,-0.70398,0.00831,-0.15893,0.38218,33.0153,74.4,2,5
GOOGL261106P00390000,GOOGL,2026-11-06,38,P,390.0,13.79,342.75,48.15,51.15,49.65,48.6,6.0,0.3942321319580079,-0.82093,0.006,-0.11377,0.28925,49.6212,85.2,2,2
GOOGL261106P00395000,GOOGL,2026-11-06,38,P,395.0,15.24,342.75,52.3,55.6,53.95,52.37,6.1,0.398443515625,-0.84302,0.00545,-0.10173,0.26574,54.0316,87.2,1,1
GOOGL261120C00260000,GOOGL,2026-11-20,52,C,260.0,-24.14,342.75,83.3,87.0,85.15,83.5,4.3,0.5319871020507813,0.93382,0.00187,-0.11069,0.16633,86.3898,90.4,1,262
GOOGL261120C00265000,GOOGL,2026-11-20,52,C,265.0,-22.68,342.75,78.4,81.0,79.7,82.0,3.3,0.5458419439697266,0.91612,0.00218,-0.13002,0.19933,82.2084,88.0,2,113
GOOGL261120C00270000,GOOGL,2026-11-20,52,C,270.0,-21.23,342.75,73.6,77.55,75.575,75.74,5.2,0.5804485314941408,0.88962,0.00251,-0.1609,0.24386,78.6938,84.3,13,743
GOOGL261120C00275000,GOOGL,2026-11-20,52,C,275.0,-19.77,342.75,68.9,72.8,70.85,68.9,5.5,0.5574995422363282,0.88078,0.00276,-0.16307,0.25761,73.9514,83.4,1,77
GOOGL261120C00280000,GOOGL,2026-11-20,52,C,280.0,-18.31,342.75,64.7,66.8,65.75,66.0,3.2,0.4882253326416016,0.88884,0.003,-0.14099,0.2451,68.0238,85.0,4,550
GOOGL261120C00285000,GOOGL,2026-11-20,52,C,285.0,-16.85,342.75,60.75,62.9,61.825,63.01,3.5,0.4964039617919922,0.86626,0.00336,-0.15873,0.27909,64.0823,82.2,5,182
GOOGL261120C00290000,GOOGL,2026-11-20,52,C,290.0,-15.39,342.75,55.2,58.0,56.6,54.65,4.9,0.46759565612792964,0.85711,0.00373,-0.15698,0.29196,59.195,81.4,1,444
GOOGL261120C00295000,GOOGL,2026-11-20,52,C,295.0,-13.93,342.75,50.7,53.85,52.275,54.09,6.0,0.4613701324462891,0.83678,0.00413,-0.16687,0.31889,55.0176,79.0,6,190
GOOGL261120C00300000,GOOGL,2026-11-20,52,C,300.0,-12.47,342.75,47.1,49.8,48.45,47.76,5.6,0.4549615051269531,0.81456,0.00454,-0.1763,0.34584,50.9374,76.5,17,1081
GOOGL261120C00305000,GOOGL,2026-11-20,52,C,305.0,-11.01,342.75,42.3,45.9,44.1,45.32,8.2,0.44940736145019533,0.78997,0.00496,-0.18565,0.37287,47.0008,73.8,1,378
GOOGL261120C00310000,GOOGL,2026-11-20,52,C,310.0,-9.56,342.75,39.15,40.9,40.025,40.35,4.4,0.41379370391845705,0.77565,0.00559,-0.17865,0.38736,42.0073,72.6,1,551
GOOGL261120C00315000,GOOGL,2026-11-20,52,C,315.0,-8.1,342.75,35.85,37.65,36.75,36.73,4.9,0.41889008850097653,0.74186,0.00596,-0.19202,0.41808,38.6962,68.8,1,396
GOOGL261120C00320000,GOOGL,2026-11-20,52,C,320.0,-6.64,342.75,32.15,33.5,32.825,32.38,4.1,0.399694723815918,0.71514,0.00656,-0.19184,0.43911,34.516,66.2,57,784
GOOGL261120C00325000,GOOGL,2026-11-20,52,C,325.0,-5.18,342.75,29.35,30.8,30.075,29.15,4.8,0.40881938842773435,0.67677,0.00679,-0.20456,0.46457,31.7436,62.0,33,1863
GOOGL261120C00330000,GOOGL,2026-11-20,52,C,330.0,-3.72,342.75,26.25,27.75,27.0,25.96,5.6,0.4062559375,0.64097,0.00711,-0.20982,0.48354,28.6341,58.2,125,3217
GOOGL261120C00335000,GOOGL,2026-11-20,52,C,335.0,-2.26,342.75,23.4,24.9,24.15,23.2,6.2,0.40405869384765625,0.60395,0.00737,-0.21354,0.49849,25.7257,54.4,103,2078
GOOGL261120C00340000,GOOGL,2026-11-20,52,C,340.0,-0.8,342.75,20.9,21.0,20.95,20.85,0.5,0.37784435638427727,0.56661,0.00805,-0.20379,0.5089,21.7821,51.0,1176,4090
GOOGL261120C00345000,GOOGL,2026-11-20,52,C,345.0,0.66,342.75,18.3,18.7,18.5,18.5,2.2,0.37912608184814456,0.52617,0.00812,-0.20538,0.515,19.4142,46.9,387,5653
GOOGL261120C00350000,GOOGL,2026-11-20,52,C,350.0,2.12,342.75,16.0,16.4,16.2,16.18,2.5,0.3765931481933594,0.4856,0.00818,-0.20314,0.51577,17.0506,42.9,3373,5411
GOOGL261120C00355000,GOOGL,2026-11-20,52,C,355.0,3.57,342.75,14.0,15.15,14.575,14.15,7.9,0.3906921282958984,0.44996,0.00783,-0.20753,0.51205,15.7349,39.2,28261,1873
GOOGL261120C00360000,GOOGL,2026-11-20,52,C,360.0,5.03,342.75,12.25,12.75,12.5,12.35,4.0,0.37879039184570307,0.40823,0.00792,-0.19686,0.5024,13.2756,35.4,431,9746
GOOGL261120C00365000,GOOGL,2026-11-20,52,C,365.0,6.49,342.75,10.6,11.05,10.825,10.65,4.2,0.3770509072875976,0.37042,0.00774,-0.18981,0.48864,11.5198,31.8,189,2797
GOOGL261120C00370000,GOOGL,2026-11-20,52,C,370.0,7.95,342.75,9.2,9.4,9.3,9.25,2.2,0.372625902709961,0.33248,0.00753,-0.17978,0.46991,9.8138,28.3,29374,37625
GOOGL261120C00375000,GOOGL,2026-11-20,52,C,375.0,9.41,342.75,7.9,8.15,8.025,8.0,3.1,0.37329728271484375,0.29898,0.00719,-0.1715,0.44912,8.5156,25.2,376,2828
GOOGL261120C00380000,GOOGL,2026-11-20,52,C,380.0,10.87,342.75,6.7,7.0,6.85,6.7,4.4,0.3728700408935547,0.2669,0.00681,-0.1617,0.42528,7.3177,22.3,351,6105
GOOGL261120C00385000,GOOGL,2026-11-20,52,C,385.0,12.33,342.75,5.7,5.9,5.8,5.77,3.4,0.37030658996582033,0.23545,0.00642,-0.14987,0.39798,6.1754,19.5,83,1647
GOOGL261120C00390000,GOOGL,2026-11-20,52,C,390.0,13.79,342.75,4.8,5.45,5.125,5.02,12.7,0.3816590155029296,0.21625,0.00594,-0.14669,0.37928,5.695,17.6,284,3140
GOOGL261120C00395000,GOOGL,2026-11-20,52,C,395.0,15.24,342.75,4.15,4.5,4.325,4.35,8.1,0.37695935546875,0.18781,0.00552,-0.13288,0.34856,4.7085,15.2,73,2318
GOOGL261120C00400000,GOOGL,2026-11-20,52,C,400.0,16.7,342.75,3.45,3.75,3.6,3.65,8.3,0.3745790081787109,0.16317,0.00509,-0.12053,0.31882,3.9274,13.1,1702,7920
GOOGL261120C00405000,GOOGL,2026-11-20,52,C,405.0,18.16,342.75,2.92,4.15,3.535,3.05,34.8,0.40704938659667966,0.16545,0.00472,-0.13165,0.3217,4.3189,13.0,69,1897
GOOGL261120C00410000,GOOGL,2026-11-20,52,C,410.0,19.62,342.75,2.46,2.85,2.655,2.57,14.7,0.38129280822753897,0.12855,0.00426,-0.10406,0.27155,2.9805,10.1,212,4260
GOOGL261120C00415000,GOOGL,2026-11-20,52,C,415.0,21.08,342.75,2.06,2.73,2.395,2.18,28.0,0.39441523559570313,0.12057,0.00393,-0.10269,0.25966,2.8471,9.3,77,1270
GOOGL261120C00420000,GOOGL,2026-11-20,52,C,420.0,22.54,342.75,1.63,2.11,1.87,1.96,25.7,0.3852600537109374,0.09925,0.0035,-0.08713,0.22579,2.2046,7.6,28036,4488
GOOGL261120C00425000,GOOGL,2026-11-20,52,C,425.0,24.0,342.75,1.28,2.2,1.74,1.6,52.9,0.4056455920410156,0.09835,0.0033,-0.09093,0.22429,2.2892,7.4,56,1255
GOOGL261120P00260000,GOOGL,2026-11-20,52,P,260.0,-24.14,342.75,0.64,0.76,0.7,0.64,17.1,0.41431249755859373,-0.02995,0.00127,-0.03382,0.08789,0.6573,4.2,23,1969
GOOGL261120P00265000,GOOGL,2026-11-20,52,P,265.0,-22.68,342.75,0.68,1.05,0.865,0.73,42.8,0.41602146484374997,-0.03978,0.00159,-0.0428,0.11099,0.9155,5.5,28,896
GOOGL261120P00270000,GOOGL,2026-11-20,52,P,270.0,-21.23,342.75,0.9,1.07,0.985,0.96,17.3,0.3927062683105469,-0.04252,0.00178,-0.04254,0.11715,0.9304,5.8,201,1476
GOOGL261120P00275000,GOOGL,2026-11-20,52,P,275.0,-19.77,342.75,0.85,1.5,1.175,1.21,55.3,0.3969786865234375,-0.05674,0.00222,-0.05402,0.14749,1.3179,7.6,26,2374
GOOGL261120P00280000,GOOGL,2026-11-20,52,P,280.0,-18.31,342.75,1.47,1.66,1.565,1.5,12.1,0.3803772900390625,-0.06427,0.00255,-0.05689,0.16259,1.4587,8.4,22,2261
GOOGL261120P00285000,GOOGL,2026-11-20,52,P,285.0,-16.85,342.75,1.57,2.04,1.805,1.9,26.0,0.37366348999023435,-0.07792,0.00301,-0.06462,0.18854,1.7998,10.1,57,1759
GOOGL261120P00290000,GOOGL,2026-11-20,52,P,290.0,-15.39,342.75,2.13,2.46,2.295,2.38,14.4,0.3655458953857422,-0.09316,0.00352,-0.07202,0.21553,2.179,11.8,102,12388
GOOGL261120P00295000,GOOGL,2026-11-20,52,P,295.0,-13.93,342.75,2.65,3.1,2.875,2.95,15.7,0.3627993408203125,-0.11397,0.00411,-0.08246,0.24951,2.7625,14.3,91,2204
GOOGL261120P00300000,GOOGL,2026-11-20,52,P,300.0,-12.47,342.75,3.55,3.95,3.75,3.62,10.7,0.3627993408203125,-0.13942,0.00473,-0.09454,0.28714,3.5434,17.2,139,7130
GOOGL261120P00305000,GOOGL,2026-11-20,52,P,305.0,-11.01,342.75,4.3,4.6,4.45,4.47,6.7,0.35217932983398437,-0.16178,0.00538,-0.10083,0.31705,4.1376,19.6,124,2344
GOOGL261120P00310000,GOOGL,2026-11-20,52,P,310.0,-9.56,342.75,5.3,5.55,5.425,5.6,4.6,0.3469303588867187,-0.19053,0.00606,-0.10961,0.35167,5.0163,22.8,694,6413
GOOGL261120P00315000,GOOGL,2026-11-20,52,P,315.0,-8.1,342.75,6.5,7.05,6.775,6.8,8.1,0.3513858807373046,-0.22788,0.00664,-0.12277,0.39079,6.419,27.0,169,4281
GOOGL261120P00320000,GOOGL,2026-11-20,52,P,320.0,-6.64,342.75,7.95,8.25,8.1,8.2,3.7,0.3437565625,-0.2617,0.00732,-0.12851,0.42104,7.5384,30.6,274,5570
GOOGL261120P00325000,GOOGL,2026-11-20,52,P,325.0,-5.18,342.75,9.6,9.95,9.775,9.9,3.6,0.34326828613281246,-0.30182,0.00785,-0.13653,0.45103,9.1421,34.8,153,2469
GOOGL261120P00330000,GOOGL,2026-11-20,52,P,330.0,-3.72,342.75,11.4,11.95,11.675,11.7,4.7,0.34442794250488284,-0.34442,0.00826,-0.14361,0.47635,11.0396,39.3,590,7786
GOOGL261120P00335000,GOOGL,2026-11-20,52,P,335.0,-2.26,342.75,13.45,14.15,13.8,13.9,5.1,0.34497725341796875,-0.38801,0.00858,-0.14839,0.49564,13.1346,43.9,156,3357
GOOGL261120P00340000,GOOGL,2026-11-20,52,P,340.0,-0.8,342.75,15.9,16.25,16.075,16.1,2.2,0.33924000610351557,-0.43194,0.00896,-0.14801,0.50858,15.1361,48.3,1560,5138
GOOGL261120P00345000,GOOGL,2026-11-20,52,P,345.0,0.66,342.75,18.2,18.85,18.525,18.7,3.5,0.3389348333740234,-0.47713,0.00908,-0.14807,0.51526,17.6334,52.8,776,6271
GOOGL261120P00350000,GOOGL,2026-11-20,52,P,350.0,2.12,342.75,21.0,21.65,21.325,21.2,3.0,0.338171901550293,-0.52214,0.0091,-0.14572,0.51532,20.3308,57.3,90,2725
GOOGL261120P00355000,GOOGL,2026-11-20,52,P,355.0,3.57,342.75,22.95,24.7,23.825,25.43,7.3,0.3380803497314453,-0.56621,0.009,-0.14164,0.50899,23.281,61.6,11,1444
GOOGL261120P00360000,GOOGL,2026-11-20,52,P,360.0,5.03,342.75,26.1,28.9,27.5,27.92,10.2,0.3569400244140625,-0.60056,0.00836,-0.14592,0.49963,27.3851,65.2,33,4624
GOOGL261120P00365000,GOOGL,2026-11-20,52,P,365.0,6.49,342.75,30.4,31.55,30.975,31.2,3.7,0.34088793884277346,-0.6481,0.00842,-0.12975,0.48012,29.9433,69.5,50,1497
GOOGL261120P00370000,GOOGL,2026-11-20,52,P,370.0,7.95,342.75,34.05,34.9,34.475,34.5,2.5,0.3346624151611328,-0.69053,0.00814,-0.11718,0.45607,33.2023,73.4,3,1292
GOOGL261120P00375000,GOOGL,2026-11-20,52,P,375.0,9.41,342.75,37.6,39.25,38.425,39.85,4.3,0.34717449707031245,-0.71811,0.00752,-0.11477,0.43691,37.4769,76.1,17,736
GOOGL261120P00380000,GOOGL,2026-11-20,52,P,380.0,10.87,342.75,40.65,43.25,41.95,42.55,6.2,0.34882242980957034,-0.75,0.00704,-0.10518,0.41111,41.4023,79.0,42,505
GOOGL261120P00385000,GOOGL,2026-11-20,52,P,385.0,12.33,342.75,45.45,46.85,46.15,50.74,3.0,0.33618827880859375,-0.79037,0.00662,-0.08579,0.37246,44.9217,82.5,36,401
GOOGL261120P00390000,GOOGL,2026-11-20,52,P,390.0,13.79,342.75,48.8,51.65,50.225,51.6,5.7,0.35278967529296873,-0.80524,0.00604,-0.08522,0.35642,49.6659,84.0,1,757
GOOGL261120P00395000,GOOGL,2026-11-20,52,P,395.0,15.24,342.75,53.45,56.65,55.05,53.57,5.8,0.37415176635742187,-0.81427,0.00553,-0.08797,0.34618,54.6164,85.0,1,354
GOOGL261120P00400000,GOOGL,2026-11-20,52,P,400.0,16.7,342.75,58.25,60.5,59.375,59.1,3.8,0.35834381896972656,-0.84902,0.00505,-0.06609,0.30294,58.3995,87.8,1,696
GOOGL261120P00405000,GOOGL,2026-11-20,52,P,405.0,18.16,342.75,62.2,65.05,63.625,69.3,4.5,0.3613955462646484,-0.86724,0.00459,-0.05702,0.27767,62.8958,89.4,7,153
GOOGL261120P00410000,GOOGL,2026-11-20,52,P,410.0,19.62,342.75,67.45,69.85,68.65,63.4,3.5,0.3719545227050781,-0.87805,0.0042,-0.05321,0.26174,67.6517,90.4,21,130
GOOGL261120P00415000,GOOGL,2026-11-20,52,P,415.0,21.08,342.75,71.9,74.55,73.225,72.7,3.6,0.3771424591064453,-0.89112,0.00383,-0.04618,0.24148,72.3059,91.5,1,153
GOOGL261120P00420000,GOOGL,2026-11-20,52,P,420.0,22.54,342.75,76.2,79.35,77.775,86.85,4.1,0.38513798461914056,-0.90083,0.0035,-0.04129,0.22566,77.0652,92.4,3,94
GOOGL261120P00425000,GOOGL,2026-11-20,52,P,425.0,24.0,342.75,80.8,84.55,82.675,77.9,4.5,0.41040628662109374,-0.89871,0.00334,-0.04767,0.22917,82.2321,92.4,26,64
GOOGL261218C00260000,GOOGL,2026-12-18,80,C,260.0,-24.14,342.75,84.55,88.3,86.425,82.8,4.3,0.5470626348876955,0.89273,0.0021,-0.12498,0.29632,90.0815,83.8,1,1353
GOOGL261218C00265000,GOOGL,2026-12-18,80,C,265.0,-22.68,342.75,79.85,82.8,81.325,94.62,3.6,0.5039112109375,0.89355,0.00227,-0.1171,0.29468,84.6394,84.4,8,851
GOOGL261218C00270000,GOOGL,2026-12-18,80,C,270.0,-21.23,342.75,75.8,78.45,77.125,78.65,3.4,0.49695327270507816,0.88089,0.0025,-0.12346,0.3193,80.2823,82.8,17,2050
GOOGL261218C00275000,GOOGL,2026-12-18,80,C,275.0,-19.77,342.75,70.65,74.0,72.325,72.25,4.6,0.485356708984375,0.86894,0.00273,-0.12788,0.34136,75.8285,81.4,1,32
GOOGL261218C00280000,GOOGL,2026-12-18,80,C,280.0,-18.31,342.75,66.15,69.35,67.75,69.72,4.7,0.4673210006713867,0.85853,0.00299,-0.12951,0.3597,71.1861,80.4,160,2034
GOOGL261218C00285000,GOOGL,2026-12-18,80,C,285.0,-16.85,342.75,61.75,64.9,63.325,63.0,5.0,0.45361874511718747,0.84526,0.00327,-0.13272,0.38195,66.7299,78.9,3,587
GOOGL261218C00290000,GOOGL,2026-12-18,80,C,290.0,-15.39,342.75,58.15,61.0,59.575,58.03,4.8,0.45166563964843753,0.82576,0.00355,-0.14058,0.4125,62.7973,76.6,1,2557
GOOGL261218C00295000,GOOGL,2026-12-18,80,C,295.0,-13.93,342.75,53.9,56.75,55.325,56.65,5.2,0.4395502822875976,0.80909,0.00386,-0.14395,0.43672,58.5298,74.8,39,192
GOOGL261218C00300000,GOOGL,2026-12-18,80,C,300.0,-12.47,342.75,50.0,52.0,51.0,51.12,3.9,0.41559422302246096,0.79589,0.00425,-0.14212,0.45474,53.7824,73.6,12,17948
GOOGL261218C00305000,GOOGL,2026-12-18,80,C,305.0,-11.01,342.75,45.7,48.5,47.1,48.35,5.9,0.4161130166625976,0.77078,0.00454,-0.14993,0.48632,50.2276,70.8,2,2374
GOOGL261218C00310000,GOOGL,2026-12-18,80,C,310.0,-9.56,342.75,41.9,44.8,43.35,44.77,6.7,0.41010111389160153,0.74689,0.00486,-0.15451,0.51325,46.4832,68.2,4,15426
GOOGL261218C00315000,GOOGL,2026-12-18,80,C,315.0,-8.1,342.75,38.75,40.65,39.7,39.55,4.8,0.39380489013671877,0.72497,0.00528,-0.15438,0.53545,42.3019,66.0,27,772
GOOGL261218C00320000,GOOGL,2026-12-18,80,C,320.0,-6.64,342.75,36.15,37.0,36.575,36.15,2.3,0.3847412600708008,0.69848,0.00564,-0.15647,0.55919,38.5999,63.3,126,4031
GOOGL261218C00325000,GOOGL,2026-12-18,80,C,325.0,-5.18,342.75,32.1,34.4,33.25,33.0,6.9,0.3911804046630859,0.66633,0.00579,-0.16379,0.58368,35.9191,59.7,16,1658
GOOGL261218C00330000,GOOGL,2026-12-18,80,C,330.0,-3.72,342.75,29.85,30.75,30.3,29.66,3.0,0.3775086663818359,0.63776,0.00619,-0.16237,0.6016,32.2154,57.0,75,2520
GOOGL261218C00335000,GOOGL,2026-12-18,80,C,335.0,-2.26,342.75,26.95,27.85,27.4,26.95,3.3,0.37375504180908203,0.60577,0.00642,-0.1638,0.61753,29.2431,53.7,84,1543
GOOGL261218C00340000,GOOGL,2026-12-18,80,C,340.0,-0.8,342.75,24.15,25.65,24.9,24.65,6.0,0.37842418457031246,0.57281,0.00646,-0.16744,0.62946,26.9583,50.3,183,3433
GOOGL261218C00345000,GOOGL,2026-12-18,80,C,345.0,0.66,342.75,21.85,23.35,22.6,22.2,6.6,0.3789124609375,0.54032,0.00653,-0.16843,0.63688,24.5803,47.0,152,1803
GOOGL261218C00350000,GOOGL,2026-12-18,80,C,350.0,2.12,342.75,19.7,20.9,20.3,19.87,5.9,0.3745790081787109,0.50731,0.00664,-0.16648,0.64005,22.0551,43.8,1355,6203
GOOGL261218C00355000,GOOGL,2026-12-18,80,C,355.0,3.57,342.75,17.5,18.65,18.075,17.24,6.4,0.37085590087890624,0.47411,0.00669,-0.16371,0.63881,19.7271,40.6,22,1647
GOOGL261218C00360000,GOOGL,2026-12-18,80,C,360.0,5.03,342.75,15.05,16.15,15.6,15.43,7.1,0.3606631317138671,0.43862,0.00681,-0.15719,0.63257,17.1481,37.3,143,3672
GOOGL261218C00365000,GOOGL,2026-12-18,80,C,365.0,6.49,342.75,13.25,14.45,13.85,14.0,8.7,0.3606020971679687,0.40663,0.0067,-0.1539,0.62254,15.3706,34.3,22,2244
GOOGL261218C00370000,GOOGL,2026-12-18,80,C,370.0,7.95,342.75,11.7,12.9,12.3,12.55,9.8,0.3606326144409179,0.37571,0.00656,-0.14983,0.60883,13.7465,31.4,198,4105
GOOGL261218C00375000,GOOGL,2026-12-18,80,C,375.0,9.41,342.75,10.05,11.75,10.9,10.74,15.6,0.3651491708374024,0.34854,0.00631,-0.14715,0.59345,12.5288,28.8,45,4058
GOOGL261218C00380000,GOOGL,2026-12-18,80,C,380.0,10.87,342.75,9.6,9.8,9.7,9.7,2.1,0.35346105529785155,0.31286,0.00625,-0.13616,0.56837,10.5,25.7,150,14107
GOOGL261218C00385000,GOOGL,2026-12-18,80,C,385.0,12.33,342.75,8.0,8.75,8.375,8.4,9.0,0.3552310571289062,0.28669,0.00597,-0.13103,0.5463,9.3859,23.3,60,2683
GOOGL261218C00390000,GOOGL,2026-12-18,80,C,390.0,13.79,342.75,7.05,7.85,7.45,7.57,10.7,0.3579165771484375,0.26284,0.00568,-0.12603,0.5234,8.4297,21.1,29,7639
GOOGL261218C00395000,GOOGL,2026-12-18,80,C,395.0,15.24,342.75,5.85,7.0,6.425,6.5,17.9,0.3596865789794922,0.23999,0.00539,-0.12033,0.49883,7.5245,19.1,9,2245
GOOGL261218C00400000,GOOGL,2026-12-18,80,C,400.0,16.7,342.75,5.65,5.85,5.75,5.75,3.5,0.3529422616577148,0.21211,0.00512,-0.10989,0.46517,6.3119,16.7,895,14410
GOOGL261218C00405000,GOOGL,2026-12-18,80,C,405.0,18.16,342.75,4.75,5.5,5.125,5.1,14.6,0.3619753744506836,0.19813,0.00479,-0.10785,0.4467,5.9267,15.4,51,2373
GOOGL261218C00410000,GOOGL,2026-12-18,80,C,410.0,19.62,342.75,4.2,4.55,4.375,4.37,8.0,0.3551700225830078,0.1732,0.00449,-0.09719,0.41093,4.9208,13.4,638,3669
GOOGL261218C00415000,GOOGL,2026-12-18,80,C,415.0,21.08,342.75,3.6,4.2,3.9,3.75,15.4,0.36151761535644533,0.16018,0.0042,-0.0938,0.39071,4.5404,12.2,291,5957
GOOGL261218C00420000,GOOGL,2026-12-18,80,C,420.0,22.54,342.75,3.15,3.5,3.325,3.25,10.5,0.3566958862304687,0.13982,0.00389,-0.08439,0.35684,3.7947,10.6,660,2991
GOOGL261218C00425000,GOOGL,2026-12-18,80,C,425.0,24.0,342.75,2.4,3.2,2.8,2.78,28.6,0.36176175354003903,0.1285,0.00361,-0.08058,0.33673,3.4694,9.6,65,1954
GOOGL261218P00260000,GOOGL,2026-12-18,80,P,260.0,-24.14,342.75,1.1,1.47,1.285,1.26,28.8,0.3833069482421875,-0.04664,0.00159,-0.03561,0.15653,1.2694,6.7,2,2498
GOOGL261218P00265000,GOOGL,2026-12-18,80,P,265.0,-22.68,342.75,1.09,1.63,1.36,1.44,39.7,0.3704896936035156,-0.05256,0.00181,-0.03775,0.1722,1.4077,7.4,23,2273
GOOGL261218P00270000,GOOGL,2026-12-18,80,P,270.0,-21.23,342.75,1.68,2.05,1.865,1.75,19.8,0.3688417608642578,-0.06441,0.00213,-0.04396,0.20203,1.7802,8.9,14,4277
GOOGL261218P00275000,GOOGL,2026-12-18,80,P,275.0,-19.77,342.75,1.73,2.28,2.005,2.14,27.4,0.35632967895507806,-0.07268,0.00242,-0.04644,0.22175,1.9802,9.9,250,2940
GOOGL261218P00280000,GOOGL,2026-12-18,80,P,280.0,-18.31,342.75,2.55,2.99,2.77,2.61,15.9,0.3601138208007812,-0.09082,0.00283,-0.05535,0.26234,2.6164,12.2,426,6161
GOOGL261218P00285000,GOOGL,2026-12-18,80,P,285.0,-16.85,342.75,2.56,3.25,2.905,3.25,23.8,0.34528242614746096,-0.10089,0.00319,-0.05707,0.28344,2.8409,13.2,19,1153
GOOGL261218P00290000,GOOGL,2026-12-18,80,P,290.0,-15.39,342.75,3.4,4.25,3.825,3.74,22.2,0.3511417425537109,-0.12464,0.00365,-0.06725,0.32965,3.7483,16.2,97,6294
GOOGL261218P00295000,GOOGL,2026-12-18,80,P,295.0,-13.93,342.75,4.15,4.95,4.55,4.62,17.6,0.34467208068847655,-0.14349,0.00409,-0.07236,0.36317,4.3779,18.3,12,1397
GOOGL261218P00300000,GOOGL,2026-12-18,80,P,300.0,-12.47,342.75,5.3,5.9,5.6,5.5,10.7,0.34180345703125,-0.16669,0.00456,-0.07882,0.40096,5.2411,21.0,96,10400
GOOGL261218P00305000,GOOGL,2026-12-18,80,P,305.0,-11.01,342.75,6.1,6.75,6.425,6.75,10.1,0.33386896606445315,-0.18922,0.00505,-0.08287,0.43434,6.0095,23.4,59,2974
GOOGL261218P00310000,GOOGL,2026-12-18,80,P,310.0,-9.56,342.75,7.25,8.05,7.65,7.81,10.5,0.3328313787841797,-0.21808,0.00552,-0.08936,0.47273,7.2034,26.7,160,3332
GOOGL261218P00315000,GOOGL,2026-12-18,80,P,315.0,-8.1,342.75,8.8,9.4,9.1,9.21,6.6,0.329535513305664,-0.24787,0.00598,-0.09431,0.50759,8.4431,29.9,76,3089
GOOGL261218P00320000,GOOGL,2026-12-18,80,P,320.0,-6.64,342.75,10.05,10.95,10.5,11.0,8.6,0.32697206237792964,-0.28012,0.00642,-0.0988,0.54027,9.8766,33.4,57,8368
GOOGL261218P00325000,GOOGL,2026-12-18,80,P,325.0,-5.18,342.75,11.75,12.65,12.2,12.48,7.4,0.32401188690185534,-0.31412,0.00682,-0.10224,0.56935,11.4553,37.0,294,2884
GOOGL261218P00330000,GOOGL,2026-12-18,80,P,330.0,-3.72,342.75,13.6,15.2,14.4,14.35,11.1,0.3320074124145508,-0.35271,0.00697,-0.10891,0.59602,13.8594,41.2,73,6471
GOOGL261218P00335000,GOOGL,2026-12-18,80,P,335.0,-2.26,342.75,15.65,17.55,16.6,16.76,11.4,0.33328913787841796,-0.38944,0.00717,-0.1118,0.61541,16.0741,45.0,289,2357
GOOGL261218P00340000,GOOGL,2026-12-18,80,P,340.0,-0.8,342.75,17.8,19.9,18.85,18.99,11.1,0.3315801705932617,-0.42623,0.00737,-0.11238,0.62918,18.2924,48.8,341,3291
GOOGL261218P00345000,GOOGL,2026-12-18,80,P,345.0,0.66,342.75,20.85,22.6,21.725,21.43,8.1,0.3324041369628906,-0.46331,0.00745,-0.11274,0.63745,20.8554,52.5,73,3248
GOOGL261218P00350000,GOOGL,2026-12-18,80,P,350.0,2.12,342.75,23.3,24.85,24.075,24.0,6.4,0.32340154144287103,-0.50185,0.00769,-0.10802,0.64015,22.974,56.2,23,6351
GOOGL261218P00355000,GOOGL,2026-12-18,80,P,355.0,3.57,342.75,26.15,28.35,27.25,26.95,8.1,0.331061376953125,-0.53685,0.00748,-0.10884,0.63742,26.3388,59.8,2,1084
GOOGL261218P00360000,GOOGL,2026-12-18,80,P,360.0,5.03,342.75,29.5,30.35,29.925,30.05,2.8,0.3121711849975586,-0.5804,0.0078,-0.09746,0.62711,28.2005,63.6,28,1430
GOOGL261218P00365000,GOOGL,2026-12-18,80,P,365.0,6.49,342.75,32.3,33.9,33.1,32.75,4.8,0.3150398086547851,-0.61534,0.00756,-0.09416,0.61321,31.6179,67.0,36,1576
GOOGL261218P00370000,GOOGL,2026-12-18,80,P,370.0,7.95,342.75,36.3,37.35,36.825,37.75,2.9,0.3136054968261719,-0.65097,0.00735,-0.0881,0.59375,34.9367,70.4,1,995
GOOGL261218P00375000,GOOGL,2026-12-18,80,P,375.0,9.41,342.75,39.4,42.1,40.75,39.47,6.6,0.3324041369628906,-0.67137,0.00678,-0.09097,0.58014,39.5831,72.6,40,637
GOOGL261218P00380000,GOOGL,2026-12-18,80,P,380.0,10.87,342.75,43.1,46.0,44.55,43.19,6.5,0.33460138061523437,-0.69997,0.00648,-0.08564,0.55794,43.3707,75.2,148,1360
GOOGL261218P00385000,GOOGL,2026-12-18,80,P,385.0,12.33,342.75,46.75,49.45,48.1,46.97,5.6,0.32578188873291014,-0.73513,0.00626,-0.07426,0.52546,46.696,78.3,40,401
GOOGL261218P00390000,GOOGL,2026-12-18,80,P,390.0,13.79,342.75,50.95,53.45,52.2,53.9,4.8,0.3248053359985351,-0.76288,0.00593,-0.0664,0.49555,50.5867,80.7,20,614
GOOGL261218P00395000,GOOGL,2026-12-18,80,P,395.0,15.24,342.75,55.0,57.6,56.3,46.55,4.6,0.32459171508789053,-0.78815,0.00556,-0.05871,0.46485,54.6332,82.9,21,617
GOOGL261218P00400000,GOOGL,2026-12-18,80,P,400.0,16.7,342.75,58.7,61.6,60.15,62.1,4.8,0.31830515686035155,-0.81679,0.00519,-0.0476,0.42574,58.5248,85.4,3,1072
GOOGL261218P00405000,GOOGL,2026-12-18,80,P,405.0,18.16,342.75,63.5,66.15,64.825,55.9,4.1,0.32300481689453114,-0.83398,0.00481,-0.04251,0.39991,62.9884,86.9,3,298
GOOGL261218P00410000,GOOGL,2026-12-18,80,P,410.0,19.62,342.75,68.45,71.2,69.825,60.6,3.9,0.3398503515625,-0.83925,0.00448,-0.04421,0.39163,67.977,87.5,3,106
GOOGL261218P00415000,GOOGL,2026-12-18,80,P,415.0,21.08,342.75,72.65,75.2,73.925,65.6,3.4,0.32617861328125,-0.86839,0.00408,-0.0293,0.34235,71.8701,89.8,25,247
GOOGL261218P00420000,GOOGL,2026-12-18,80,P,420.0,22.54,342.75,76.55,80.3,78.425,77.0,4.8,0.3434513897705078,-0.87058,0.00383,-0.03151,0.3384,76.918,90.1,2,47
GOOGL261218P00425000,GOOGL,2026-12-18,80,P,425.0,24.0,342.75,0.0,0.0,84.05,84.05,,1.0000000000000003e-05,-1.0,0.0,0.04617,0.0,78.5403,100.0,10,0
GOOGL270115C00260000,GOOGL,2027-01-15,108,C,260.0,-24.14,342.75,86.6,89.25,87.925,90.81,3.0,0.49695327270507816,0.88515,0.00209,-0.10639,0.36155,91.6597,82.4,2,2888
GOOGL270115C00265000,GOOGL,2027-01-15,108,C,265.0,-22.68,342.75,82.4,84.6,83.5,81.35,2.6,0.4812368771362304,0.87675,0.00227,-0.10806,0.38002,87.027,81.5,2,5013
GOOGL270115C00270000,GOOGL,2027-01-15,108,C,270.0,-21.23,342.75,77.15,80.25,78.7,78.55,3.9,0.47214272979736327,0.86508,0.00247,-0.11188,0.40463,82.6761,80.1,2,2359
GOOGL270115C00275000,GOOGL,2027-01-15,108,C,275.0,-19.77,342.75,73.3,76.2,74.75,73.92,3.9,0.4684806570434571,0.85038,0.00266,-0.11745,0.43397,78.6072,78.3,1,2666
GOOGL270115C00280000,GOOGL,2027-01-15,108,C,280.0,-18.31,342.75,68.9,71.65,70.275,69.78,3.9,0.452703226928711,0.83949,0.00289,-0.11869,0.45459,74.0631,77.2,4,2953
GOOGL270115C00285000,GOOGL,2027-01-15,108,C,285.0,-16.85,342.75,64.1,67.2,65.65,69.05,4.7,0.43839062591552735,0.82706,0.00313,-0.12025,0.477,69.6124,75.9,2,744
GOOGL270115C00290000,GOOGL,2027-01-15,108,C,290.0,-15.39,342.75,59.95,62.65,61.3,60.2,4.4,0.421453539428711,0.81467,0.0034,-0.12068,0.49822,65.064,74.7,1,1740
GOOGL270115C00295000,GOOGL,2027-01-15,108,C,295.0,-13.93,342.75,55.9,59.05,57.475,55.5,5.5,0.4211483666992188,0.7942,0.00363,-0.12662,0.53095,61.4153,72.3,3,1441
GOOGL270115C00300000,GOOGL,2027-01-15,108,C,300.0,-12.47,342.75,52.0,55.35,53.675,53.7,6.2,0.41702853485107416,0.77423,0.00386,-0.13093,0.56024,57.6729,70.1,47,7042
GOOGL270115C00305000,GOOGL,2027-01-15,108,C,305.0,-11.01,342.75,49.85,51.55,50.7,49.55,3.4,0.4094907684326171,0.75439,0.00412,-0.1337,0.58689,53.8312,67.9,16,1933
GOOGL270115C00310000,GOOGL,2027-01-15,108,C,310.0,-9.56,342.75,44.65,47.4,46.025,46.0,6.0,0.3949950637817383,0.73563,0.00444,-0.13373,0.60994,49.652,66.1,53,4537
GOOGL270115C00315000,GOOGL,2027-01-15,108,C,315.0,-8.1,342.75,41.8,43.75,42.775,42.65,4.6,0.38709109008789055,0.7131,0.00472,-0.13554,0.63497,45.9515,63.8,1,2150
GOOGL270115C00320000,GOOGL,2027-01-15,108,C,320.0,-6.64,342.75,38.7,40.3,39.5,40.75,4.1,0.38052987640380853,0.68881,0.00498,-0.13729,0.65885,42.4385,61.2,20,4041
GOOGL270115C00325000,GOOGL,2027-01-15,108,C,325.0,-5.18,342.75,35.65,37.85,36.75,36.04,6.0,0.38660281372070304,0.66067,0.00508,-0.14262,0.68263,39.8985,58.1,5,1616
GOOGL270115C00330000,GOOGL,2027-01-15,108,C,330.0,-3.72,342.75,33.35,34.35,33.85,33.4,3.0,0.3757081472778321,0.63517,0.00537,-0.14175,0.70068,36.3353,55.6,106,3422
GOOGL270115C00335000,GOOGL,2027-01-15,108,C,335.0,-2.26,342.75,29.4,31.2,30.3,29.9,5.9,0.36804831176757813,0.60775,0.0056,-0.14129,0.7165,33.1105,52.9,61,1663
GOOGL270115C00340000,GOOGL,2027-01-15,108,C,340.0,-0.8,342.75,27.25,28.5,27.875,27.85,4.5,0.36472192901611333,0.57905,0.00575,-0.14154,0.72915,30.3261,50.0,158,4400
GOOGL270115C00345000,GOOGL,2027-01-15,108,C,345.0,0.66,342.75,25.35,26.05,25.7,25.7,2.7,0.36282985809326174,0.54994,0.00585,-0.14157,0.73796,27.7865,47.1,137,2059
GOOGL270115C00350000,GOOGL,2027-01-15,108,C,350.0,2.12,342.75,23.0,23.45,23.225,23.41,1.9,0.3570010589599609,0.52004,0.00599,-0.13956,0.74286,25.0962,44.3,379,25303
GOOGL270115C00355000,GOOGL,2027-01-15,108,C,355.0,3.57,342.75,20.85,21.5,21.175,20.95,3.1,0.3580081289672852,0.49115,0.00598,-0.13917,0.74361,23.0544,41.4,128,2340
GOOGL270115C00360000,GOOGL,2027-01-15,108,C,360.0,5.03,342.75,19.05,19.3,19.175,18.95,1.3,0.3537357107543945,0.46118,0.00602,-0.13628,0.74027,20.7606,38.6,1133,15089
GOOGL270115C00365000,GOOGL,2027-01-15,108,C,365.0,6.49,342.75,17.1,17.6,17.35,17.35,2.9,0.35440709075927723,0.43311,0.00595,-0.13451,0.73331,18.9702,35.9,143,2653
GOOGL270115C00370000,GOOGL,2027-01-15,108,C,370.0,7.95,342.75,15.2,16.0,15.6,15.6,5.1,0.35468174621582027,0.40567,0.00586,-0.13205,0.7229,17.2811,33.3,40,9573
GOOGL270115C00375000,GOOGL,2027-01-15,108,C,375.0,9.41,342.75,13.7,15.3,14.5,13.95,11.0,0.36606468902587885,0.38491,0.0056,-0.13342,0.71263,16.507,31.1,42,3729
GOOGL270115C00380000,GOOGL,2027-01-15,108,C,380.0,10.87,342.75,12.45,12.9,12.675,12.5,3.6,0.3514011393737792,0.35114,0.00566,-0.12413,0.69139,14.0073,28.3,412,12744
GOOGL270115C00385000,GOOGL,2027-01-15,108,C,385.0,12.33,342.75,11.1,11.9,11.5,11.1,7.0,0.35538364349365226,0.32873,0.00546,-0.12185,0.67415,12.9326,26.2,123,1901
GOOGL270115C00390000,GOOGL,2027-01-15,108,C,390.0,13.79,342.75,10.0,10.75,10.375,10.05,7.2,0.35562778167724607,0.30513,0.00528,-0.11772,0.65319,11.7063,24.1,146,9099
GOOGL270115C00395000,GOOGL,2027-01-15,108,C,395.0,15.24,342.75,8.6,9.45,9.025,8.96,9.4,0.3518131225585937,0.27965,0.00513,-0.11153,0.62723,10.3257,21.9,34,2013
GOOGL270115C00400000,GOOGL,2027-01-15,108,C,400.0,16.7,342.75,8.0,8.2,8.1,8.05,2.5,0.3468998416137695,0.25415,0.00496,-0.10454,0.59763,8.9956,19.8,2058,24740
GOOGL270115C00405000,GOOGL,2027-01-15,108,C,405.0,18.16,342.75,7.1,7.45,7.275,7.05,4.8,0.3490055334472656,0.23521,0.00473,-0.10056,0.57322,8.1841,18.1,47,4154
GOOGL270115C00410000,GOOGL,2027-01-15,108,C,410.0,19.62,342.75,5.75,6.6,6.175,6.37,13.8,0.3478458770751953,0.21486,0.0045,-0.09497,0.54455,7.2679,16.4,1158,10170
GOOGL270115C00415000,GOOGL,2027-01-15,108,C,415.0,21.08,342.75,5.15,6.15,5.65,5.75,17.7,0.35315588256835934,0.201,0.00426,-0.0924,0.52354,6.773,15.1,23,2341
GOOGL270115C00420000,GOOGL,2027-01-15,108,C,420.0,22.54,342.75,4.85,5.35,5.1,5.08,9.8,0.35013467254638664,0.18146,0.00404,-0.08587,0.49171,5.9108,13.6,39,4558
GOOGL270115C00425000,GOOGL,2027-01-15,108,C,425.0,24.0,342.75,4.2,4.7,4.45,4.47,11.2,0.34870036071777344,0.16435,0.00381,-0.08013,0.46163,5.2071,12.2,41,1967
GOOGL270115P00260000,GOOGL,2027-01-15,108,P,260.0,-24.14,342.75,1.75,2.34,2.045,1.85,28.9,0.3687807263183594,-0.06218,0.00178,-0.03643,0.22837,2.0062,9.1,36,5030
GOOGL270115P00265000,GOOGL,2027-01-15,108,P,265.0,-22.68,342.75,2.1,2.33,2.215,2.25,10.4,0.34833415344238283,-0.06489,0.00195,-0.03542,0.23608,1.9841,9.3,17,8694
GOOGL270115P00270000,GOOGL,2027-01-15,108,P,270.0,-21.23,342.75,2.55,3.05,2.8,2.6,17.9,0.3532779516601562,-0.08088,0.00228,-0.04238,0.27947,2.62,11.4,26,4203
GOOGL270115P00275000,GOOGL,2027-01-15,108,P,275.0,-19.77,342.75,2.99,3.2,3.095,3.15,6.8,0.3373479351806641,-0.08749,0.00253,-0.04271,0.29645,2.7397,12.0,40,3360
GOOGL270115P00280000,GOOGL,2027-01-15,108,P,280.0,-18.31,342.75,3.4,4.0,3.7,3.7,16.2,0.33924000610351557,-0.10525,0.00288,-0.049,0.33959,3.4494,14.3,29,9177
GOOGL270115P00285000,GOOGL,2027-01-15,108,P,285.0,-16.85,342.75,4.05,4.6,4.325,4.4,12.7,0.33301448242187504,-0.1201,0.00322,-0.05259,0.37318,3.9758,16.0,7,5542
GOOGL270115P00290000,GOOGL,2027-01-15,108,P,290.0,-15.39,342.75,5.1,5.8,5.45,5.15,12.8,0.3384465570068359,-0.14364,0.00359,-0.06021,0.42225,5.0551,18.9,37,4558
GOOGL270115P00295000,GOOGL,2027-01-15,108,P,295.0,-13.93,342.75,5.75,7.25,6.5,6.2,23.1,0.3452213916015625,-0.16958,0.00393,-0.06822,0.47104,6.3719,22.1,37,3064
GOOGL270115P00300000,GOOGL,2027-01-15,108,P,300.0,-12.47,342.75,7.05,7.4,7.225,7.2,4.8,0.32404240417480457,-0.18113,0.00436,-0.06617,0.49115,6.4706,23.1,134,16508
GOOGL270115P00305000,GOOGL,2027-01-15,108,P,305.0,-11.01,342.75,8.1,8.65,8.375,8.34,6.6,0.3223944714355468,-0.20595,0.00474,-0.07071,0.53118,7.5978,25.9,101,3498
GOOGL270115P00310000,GOOGL,2027-01-15,108,P,310.0,-9.56,342.75,9.45,10.0,9.725,9.48,5.7,0.3200141241455078,-0.2321,0.00512,-0.07462,0.569,8.8198,28.8,128,7141
GOOGL270115P00315000,GOOGL,2027-01-15,108,P,315.0,-8.1,342.75,10.95,11.85,11.4,11.1,7.9,0.32318792053222645,-0.26256,0.00541,-0.07993,0.6078,10.5168,32.3,21,4452
GOOGL270115P00320000,GOOGL,2027-01-15,108,P,320.0,-6.64,342.75,12.6,13.6,13.1,12.8,7.6,0.3220587814331054,-0.29212,0.00572,-0.08318,0.64037,12.1205,35.5,139,7777
GOOGL270115P00325000,GOOGL,2027-01-15,108,P,325.0,-5.18,342.75,14.35,15.0,14.675,14.7,4.4,0.3135139450073242,-0.32043,0.00612,-0.08333,0.66711,13.3857,38.4,143,5163
GOOGL270115P00330000,GOOGL,2027-01-15,108,P,330.0,-3.72,342.75,16.3,17.1,16.7,16.65,4.8,0.312934116821289,-0.35296,0.00637,-0.08542,0.69268,15.3265,41.8,172,11299
GOOGL270115P00335000,GOOGL,2027-01-15,108,P,335.0,-2.26,342.75,18.15,19.05,18.6,18.6,4.8,0.3078987667846679,-0.38554,0.00666,-0.08527,0.71297,17.1185,45.1,10,2284
GOOGL270115P00340000,GOOGL,2027-01-15,108,P,340.0,-0.8,342.75,20.7,21.6,21.15,21.03,4.3,0.30878376770019533,-0.4198,0.00679,-0.08627,0.72871,19.4978,48.6,85,4904
GOOGL270115P00345000,GOOGL,2027-01-15,108,P,345.0,0.66,342.75,23.35,24.25,23.8,23.75,3.8,0.3086616986083984,-0.45404,0.00689,-0.08612,0.73885,21.9774,52.1,38,2172
GOOGL270115P00350000,GOOGL,2027-01-15,108,P,350.0,2.12,342.75,25.3,26.95,26.125,26.48,6.3,0.3069527313232422,-0.48843,0.00697,-0.08462,0.74348,24.5086,55.5,29,5720
GOOGL270115P00355000,GOOGL,2027-01-15,108,P,355.0,3.57,342.75,28.6,29.55,29.075,29.52,3.3,0.3016122085571289,-0.52387,0.00708,-0.08104,0.74246,26.9364,58.9,14,3377
GOOGL270115P00360000,GOOGL,2027-01-15,108,P,360.0,5.03,342.75,31.4,32.95,32.175,32.38,4.8,0.30489281539916996,-0.55637,0.00695,-0.07974,0.73636,30.1679,62.1,12,3325
GOOGL270115P00365000,GOOGL,2027-01-15,108,P,365.0,6.49,342.75,35.15,36.85,36.0,34.7,4.7,0.31308670318603515,-0.58498,0.00668,-0.07967,0.72685,33.908,65.0,1,1071
GOOGL270115P00370000,GOOGL,2027-01-15,108,P,370.0,7.95,342.75,37.25,40.1,38.675,38.15,7.4,0.3103096313476562,-0.61742,0.00659,-0.07495,0.71134,36.9939,68.0,2,3765
GOOGL270115P00375000,GOOGL,2027-01-15,108,P,375.0,9.41,342.75,41.0,43.55,42.275,43.07,6.0,0.3082954913330078,-0.64869,0.00645,-0.06992,0.69151,40.2837,70.9,5,1164
GOOGL270115P00380000,GOOGL,2027-01-15,108,P,380.0,10.87,342.75,44.4,47.5,45.95,47.1,6.7,0.3117744604492187,-0.675,0.00619,-0.06667,0.67103,44.0846,73.3,74,3762
GOOGL270115P00385000,GOOGL,2027-01-15,108,P,385.0,12.33,342.75,47.7,51.25,49.475,53.0,7.2,0.3104317004394531,-0.70328,0.00598,-0.06106,0.64501,47.6838,75.9,3,1018
GOOGL270115P00390000,GOOGL,2027-01-15,108,P,390.0,13.79,342.75,52.95,54.5,53.725,54.72,2.9,0.29849944671630857,-0.73933,0.00584,-0.05035,0.60555,50.7617,78.9,1,1219
GOOGL270115P00395000,GOOGL,2027-01-15,108,P,395.0,15.24,342.75,56.25,58.9,57.575,57.0,4.6,0.3040230731201171,-0.75919,0.00549,-0.04718,0.58066,55.0351,80.8,5,369
GOOGL270115P00400000,GOOGL,2027-01-15,108,P,400.0,16.7,342.75,60.35,63.5,61.925,62.0,5.1,0.3120491159057617,-0.77499,0.00516,-0.04515,0.55917,59.5206,82.3,2,1168
GOOGL270115P00405000,GOOGL,2027-01-15,108,P,405.0,18.16,342.75,64.6,67.3,65.95,63.75,4.1,0.303168589477539,-0.80448,0.00489,-0.03512,0.51486,63.1681,84.7,1,412
GOOGL270115P00410000,GOOGL,2027-01-15,108,P,410.0,19.62,342.75,68.9,72.1,70.5,61.15,4.5,0.3129035995483398,-0.81539,0.00457,-0.03393,0.49701,67.871,85.7,4,615
GOOGL270115P00415000,GOOGL,2027-01-15,108,P,415.0,21.08,342.75,73.45,76.55,75.0,66.7,4.1,0.314185325012207,-0.8326,0.00428,-0.02876,0.46714,72.2054,87.2,3,77
GOOGL270115P00420000,GOOGL,2027-01-15,108,P,420.0,22.54,342.75,78.2,80.45,79.325,78.5,2.8,0.30011686218261713,-0.86234,0.00393,-0.01628,0.41023,75.9538,89.5,1,256
GOOGL270115P00425000,GOOGL,2027-01-15,108,P,425.0,24.0,342.75,82.45,85.05,83.75,82.95,3.1,0.3011544494628906,-0.87674,0.00363,-0.01124,0.38006,80.4477,90.7,4,259
GOOGL270219C00260000,GOOGL,2027-02-19,143,C,260.0,-24.14,342.75,89.0,92.4,90.7,90.31,3.7,0.49893689544677733,0.86239,0.00206,-0.10426,0.47194,95.4363,78.2,2,471
GOOGL270219C00265000,GOOGL,2027-02-19,143,C,265.0,-22.68,342.75,84.65,88.05,86.35,86.5,3.9,0.4881948153686524,0.85222,0.0022,-0.10657,0.49525,91.0959,77.0,2,70
GOOGL270219C00270000,GOOGL,2027-02-19,143,C,270.0,-21.23,342.75,80.35,84.0,82.175,80.6,4.4,0.48221342987060545,0.83971,0.00235,-0.11012,0.5226,87.036,75.5,1,193
GOOGL270219C00275000,GOOGL,2027-02-19,143,C,275.0,-19.77,342.75,76.15,79.7,77.925,77.89,4.6,0.47079996978759764,0.8284,0.00252,-0.11195,0.54615,82.7378,74.3,3,104
GOOGL270219C00280000,GOOGL,2027-02-19,143,C,280.0,-18.31,342.75,72.5,75.15,73.825,73.59,3.6,0.4545952978515625,0.81806,0.00271,-0.11224,0.56673,78.2016,73.4,3,636
GOOGL270219C00285000,GOOGL,2027-02-19,143,C,285.0,-16.85,342.75,68.65,71.05,69.85,65.8,3.4,0.44528752960205076,0.80444,0.00289,-0.11435,0.59252,74.0878,71.9,1,17
GOOGL270219C00290000,GOOGL,2027-02-19,143,C,290.0,-15.39,342.75,64.75,67.0,65.875,62.94,3.4,0.43588820953369145,0.78999,0.00308,-0.11624,0.61831,70.0192,70.3,1,67
GOOGL270219C00295000,GOOGL,2027-02-19,143,C,295.0,-13.93,342.75,60.95,63.55,62.25,61.96,4.2,0.43448441497802737,0.77194,0.00324,-0.1202,0.64834,66.521,68.2,1,114
GOOGL270219C00300000,GOOGL,2027-02-19,143,C,300.0,-12.47,342.75,56.7,59.95,58.325,60.12,5.6,0.4294490649414063,0.75437,0.00342,-0.12285,0.67536,62.8783,66.3,13,242
GOOGL270219C00305000,GOOGL,2027-02-19,143,C,305.0,-11.01,342.75,53.75,56.3,55.025,53.2,4.6,0.42249112670898437,0.73655,0.0036,-0.12468,0.7006,59.1844,64.4,1,87
GOOGL270219C00310000,GOOGL,2027-02-19,143,C,310.0,-9.56,342.75,50.4,52.4,51.4,49.2,3.9,0.411138701171875,0.71898,0.00382,-0.12495,0.72344,55.2497,62.6,1,84
GOOGL270219C00315000,GOOGL,2027-02-19,143,C,315.0,-8.1,342.75,46.55,49.8,48.175,49.66,6.7,0.41568577484130853,0.69666,0.00392,-0.12936,0.74965,52.5652,60.0,6,94
GOOGL270219C00320000,GOOGL,2027-02-19,143,C,320.0,-6.64,342.75,43.9,46.5,45.2,43.9,5.8,0.4096738720703125,0.67622,0.00409,-0.13044,0.77095,49.2036,58.0,26,171
GOOGL270219C00325000,GOOGL,2027-02-19,143,C,325.0,-5.18,342.75,40.55,43.5,42.025,43.25,7.0,0.4061643856811523,0.65466,0.00423,-0.13183,0.79072,46.1319,55.7,4,45
GOOGL270219C00330000,GOOGL,2027-02-19,143,C,330.0,-3.72,342.75,39.0,40.65,39.825,38.96,4.1,0.4031736929321289,0.63251,0.00436,-0.13296,0.80822,43.2065,53.4,27,577
GOOGL270219C00335000,GOOGL,2027-02-19,143,C,335.0,-2.26,342.75,35.4,37.4,36.4,35.95,5.5,0.39406428695678714,0.6101,0.00454,-0.13195,0.82307,39.8851,51.3,22,313
GOOGL270219C00340000,GOOGL,2027-02-19,143,C,340.0,-0.8,342.75,33.8,34.55,34.175,33.8,2.2,0.38849488464355464,0.58674,0.00467,-0.13149,0.83556,36.9531,49.0,108,451
GOOGL270219C00345000,GOOGL,2027-02-19,143,C,345.0,0.66,342.75,31.05,32.5,31.775,31.14,4.6,0.3909973010253906,0.56343,0.0047,-0.13287,0.84503,34.8096,46.6,107,553
GOOGL270219C00350000,GOOGL,2027-02-19,143,C,350.0,2.12,342.75,28.15,29.7,28.925,29.09,5.4,0.3833679827880859,0.53906,0.00483,-0.13092,0.85177,31.9231,44.4,43,1423
GOOGL270219C00355000,GOOGL,2027-02-19,143,C,355.0,3.57,342.75,26.65,27.85,27.25,26.74,4.4,0.38550419189453117,0.51598,0.00482,-0.13137,0.85519,29.9798,42.0,5,449
GOOGL270219C00360000,GOOGL,2027-02-19,143,C,360.0,5.03,342.75,24.0,25.75,24.875,24.77,7.0,0.38339850006103515,0.49229,0.00485,-0.13016,0.85571,27.7867,39.8,18,1229
GOOGL270219C00365000,GOOGL,2027-02-19,143,C,365.0,6.49,342.75,22.8,24.1,23.45,23.1,5.5,0.38529057098388664,0.47001,0.00481,-0.12977,0.85345,26.045,37.6,42,586
GOOGL270219C00370000,GOOGL,2027-02-19,143,C,370.0,7.95,342.75,19.85,21.85,20.85,19.7,9.6,0.3788209091186523,0.44512,0.00486,-0.12641,0.84776,23.6987,35.4,23,417
GOOGL270219C00375000,GOOGL,2027-02-19,143,C,375.0,9.41,342.75,19.3,20.3,19.8,19.05,5.1,0.3794159959411621,0.42312,0.00481,-0.1249,0.83993,22.0588,33.3,6,274
GOOGL270219C00380000,GOOGL,2027-02-19,143,C,380.0,10.87,342.75,16.65,18.5,17.575,17.16,10.5,0.37573866455078125,0.39957,0.00479,-0.12166,0.82861,20.164,31.2,6,1464
GOOGL270219C00385000,GOOGL,2027-02-19,143,C,385.0,12.33,342.75,16.25,17.25,16.75,15.92,6.0,0.3776307354736328,0.37931,0.0047,-0.11998,0.8164,18.8297,29.3,1,190
GOOGL270219C00390000,GOOGL,2027-02-19,143,C,390.0,13.79,342.75,14.0,15.6,14.8,14.55,10.8,0.37331254135131836,0.35614,0.00465,-0.11588,0.7996,17.086,27.3,7,549
GOOGL270219C00395000,GOOGL,2027-02-19,143,C,395.0,15.24,342.75,13.65,14.35,14.0,13.81,5.0,0.3728852995300293,0.33576,0.00456,-0.11288,0.78227,15.7509,25.5,42,261
GOOGL270219C00400000,GOOGL,2027-02-19,143,C,400.0,16.7,342.75,12.5,13.0,12.75,12.6,3.9,0.36997089996337884,0.31435,0.00447,-0.10874,0.76144,14.3135,23.7,78,1669
GOOGL270219C00410000,GOOGL,2027-02-19,143,C,410.0,19.62,342.75,10.0,11.05,10.525,10.46,10.0,0.3710084872436523,0.2783,0.00422,-0.10252,0.72005,12.211,20.6,2,949
GOOGL270219C00420000,GOOGL,2027-02-19,143,C,420.0,22.54,342.75,8.1,9.2,8.65,8.8,12.7,0.36936055450439453,0.24328,0.00395,-0.09479,0.67187,10.2134,17.7,32,1002
GOOGL270219P00260000,GOOGL,2027-02-19,143,P,260.0,-24.14,342.75,2.6,3.8,3.2,3.48,37.5,0.3655458953857422,-0.08218,0.00193,-0.03816,0.32548,3.2306,12.3,32,1517
GOOGL270219P00265000,GOOGL,2027-02-19,143,P,265.0,-22.68,342.75,3.7,4.15,3.925,3.77,11.5,0.3557193334960937,-0.09058,0.00214,-0.03975,0.35005,3.5265,13.3,3,857
GOOGL270219P00270000,GOOGL,2027-02-19,143,P,270.0,-21.23,342.75,3.85,5.0,4.425,4.37,26.0,0.3569400244140625,-0.1057,0.00239,-0.04448,0.39199,4.2724,15.2,18,461
GOOGL270219P00275000,GOOGL,2027-02-19,143,P,275.0,-19.77,342.75,4.7,5.45,5.075,5.16,14.8,0.34717449707031245,-0.11619,0.00263,-0.04605,0.41949,4.6553,16.4,2,577
GOOGL270219P00280000,GOOGL,2027-02-19,143,P,280.0,-18.31,342.75,5.6,6.4,6.0,6.05,13.3,0.3466557034301757,-0.13293,0.00289,-0.05027,0.46087,5.4921,18.5,15,2355
GOOGL270219P00285000,GOOGL,2027-02-19,143,P,285.0,-16.85,342.75,6.7,7.35,7.025,7.3,9.3,0.34409225250244135,-0.14983,0.00316,-0.05381,0.49984,6.3304,20.6,1,1138
GOOGL270219P00290000,GOOGL,2027-02-19,143,P,290.0,-15.39,342.75,7.85,8.45,8.15,7.97,7.4,0.3423527679443359,-0.16849,0.00343,-0.05748,0.53978,7.3063,22.8,12,2472
GOOGL270219P00295000,GOOGL,2027-02-19,143,P,295.0,-13.93,342.75,8.8,9.5,9.15,9.25,7.7,0.3379582806396484,-0.18698,0.00371,-0.06019,0.57645,8.2343,24.9,8,2431
GOOGL270219P00300000,GOOGL,2027-02-19,143,P,300.0,-12.47,342.75,9.9,10.85,10.375,10.37,9.2,0.33661552062988287,-0.20839,0.00397,-0.06358,0.61551,9.4406,27.4,16,2505
GOOGL270219P00305000,GOOGL,2027-02-19,143,P,305.0,-11.01,342.75,11.5,12.4,11.95,11.6,7.5,0.33634086517333983,-0.23148,0.00422,-0.067,0.65377,10.8359,30.0,10,1401
GOOGL270219P00310000,GOOGL,2027-02-19,143,P,310.0,-9.56,342.75,12.75,14.1,13.425,12.96,10.1,0.33624931335449215,-0.25563,0.00446,-0.07014,0.68979,12.3751,32.8,2,1546
GOOGL270219P00315000,GOOGL,2027-02-19,143,P,315.0,-8.1,342.75,14.25,15.65,14.95,15.47,9.4,0.33228206787109377,-0.27918,0.00472,-0.07179,0.72115,13.7699,35.3,35,1087
GOOGL270219P00320000,GOOGL,2027-02-19,143,P,320.0,-6.64,342.75,16.1,17.5,16.8,16.64,8.3,0.3305731005859375,-0.30463,0.00494,-0.07368,0.75107,15.449,38.0,4,874
GOOGL270219P00325000,GOOGL,2027-02-19,143,P,325.0,-5.18,342.75,17.85,19.7,18.775,18.45,9.9,0.33151913604736327,-0.33159,0.0051,-0.07586,0.77843,17.4664,41.0,4,530
GOOGL270219P00330000,GOOGL,2027-02-19,143,P,330.0,-3.72,342.75,20.05,21.7,20.875,21.03,7.9,0.3282232705688476,-0.35811,0.0053,-0.07638,0.80115,19.2904,43.7,1,706
GOOGL270219P00335000,GOOGL,2027-02-19,143,P,335.0,-2.26,342.75,22.15,23.9,23.025,22.2,7.6,0.3257208541870117,-0.38553,0.00547,-0.07662,0.82039,21.3085,46.5,63,685
GOOGL270219P00340000,GOOGL,2027-02-19,143,P,340.0,-0.8,342.75,24.7,26.25,25.475,25.9,6.1,0.32332524826049797,-0.41355,0.00562,-0.07637,0.8357,23.4699,49.4,10,1599
GOOGL270219P00345000,GOOGL,2027-02-19,143,P,345.0,0.66,342.75,27.5,28.7,28.1,27.0,4.3,0.32047188323974607,-0.44204,0.00574,-0.07547,0.84682,25.7289,52.2,2,680
GOOGL270219P00350000,GOOGL,2027-02-19,143,P,350.0,2.12,342.75,29.55,31.85,30.7,32.6,7.5,0.32413395599365225,-0.4699,0.00572,-0.07593,0.85344,28.6805,55.1,1,591
GOOGL270219P00355000,GOOGL,2027-02-19,143,P,355.0,3.57,342.75,32.3,34.7,33.5,36.05,7.2,0.32271490280151355,-0.49811,0.00576,-0.07443,0.85586,31.3376,57.8,1,211
GOOGL270219P00360000,GOOGL,2027-02-19,143,P,360.0,5.03,342.75,35.05,36.65,35.85,36.15,4.5,0.3090889404296875,-0.53032,0.006,-0.06868,0.8534,33.0868,60.6,5,1204
GOOGL270219P00365000,GOOGL,2027-02-19,143,P,365.0,6.49,342.75,38.1,40.95,39.525,30.93,7.2,0.32163153961181634,-0.55327,0.00573,-0.07053,0.84823,37.201,63.1,10,255
GOOGL270219P00370000,GOOGL,2027-02-19,143,P,370.0,7.95,342.75,41.1,44.1,42.6,41.3,7.0,0.319068088684082,-0.58111,0.00571,-0.06727,0.83812,40.1557,65.7,60,145
GOOGL270219P00375000,GOOGL,2027-02-19,143,P,375.0,9.41,342.75,44.7,47.25,45.975,38.9,5.5,0.3149329981994628,-0.60954,0.00568,-0.06305,0.8234,43.1096,68.3,10,42
GOOGL270219P00380000,GOOGL,2027-02-19,143,P,380.0,10.87,342.75,48.1,50.75,49.425,42.12,5.4,0.31357497955322267,-0.63595,0.00558,-0.05936,0.80568,46.4189,70.7,1,40
GOOGL270219P00385000,GOOGL,2027-02-19,143,P,385.0,12.33,342.75,51.75,54.4,53.075,51.7,5.0,0.3126594613647461,-0.66131,0.00545,-0.0555,0.78491,49.8817,73.0,2,3
GOOGL270219P00390000,GOOGL,2027-02-19,143,P,390.0,13.79,342.75,0.0,0.0,58.9,58.9,,1.0000000000000003e-05,-1.0,0.0,0.04208,0.0,41.1859,100.0,41,0
GOOGL270219P00395000,GOOGL,2027-02-19,143,P,395.0,15.24,342.75,59.25,62.3,60.775,61.74,5.0,0.31482618774414056,-0.70608,0.0051,-0.04853,0.73897,57.433,77.0,5,5
GOOGL270219P00400000,GOOGL,2027-02-19,143,P,400.0,16.7,342.75,63.2,65.75,64.475,63.64,4.0,0.30655600677490236,-0.7348,0.00498,-0.0411,0.70297,60.6851,79.4,8,29
GOOGL270219P00410000,GOOGL,2027-02-19,143,P,410.0,19.62,342.75,71.05,74.35,72.7,84.25,4.5,0.3111335977172851,-0.77099,0.00454,-0.03418,0.64986,68.9694,82.6,18,21
GOOGL270319C00260000,GOOGL,2027-03-19,171,C,260.0,-24.14,342.75,90.8,94.2,92.5,88.1,3.7,0.4885915399169922,0.85303,0.00201,-0.09842,0.53959,97.7493,76.3,1,93
GOOGL270319C00265000,GOOGL,2027-03-19,171,C,265.0,-22.68,342.75,86.85,90.15,88.5,89.7,3.7,0.4823660162353516,0.8416,0.00214,-0.10132,0.56706,93.6959,74.9,1,43
GOOGL270319C00270000,GOOGL,2027-03-19,171,C,270.0,-21.23,342.75,82.95,85.55,84.25,83.47,3.1,0.4664665170288086,0.83287,0.00229,-0.10161,0.5872,89.1228,74.1,51,415
GOOGL270319C00275000,GOOGL,2027-03-19,171,C,275.0,-19.77,342.75,78.95,82.1,80.525,78.7,3.9,0.4680534152221679,0.81756,0.00241,-0.10629,0.6208,85.6316,72.1,1,152
GOOGL270319C00280000,GOOGL,2027-03-19,171,C,280.0,-18.31,342.75,74.95,77.0,75.975,74.35,2.7,0.4438227005004882,0.81036,0.0026,-0.10413,0.63588,80.5796,71.8,15,1222
GOOGL270319C00285000,GOOGL,2027-03-19,171,C,285.0,-16.85,342.75,70.45,73.55,72.0,69.18,4.3,0.4434564932250976,0.79429,0.00274,-0.108,0.66793,77.0832,69.8,1,270
GOOGL270319C00290000,GOOGL,2027-03-19,171,C,290.0,-15.39,342.75,67.25,69.3,68.275,68.14,3.0,0.43079182495117196,0.78164,0.00292,-0.1085,0.69165,72.8284,68.5,5,445
GOOGL270319C00295000,GOOGL,2027-03-19,171,C,295.0,-13.93,342.75,63.0,65.7,64.35,62.25,4.2,0.42624475128173833,0.76557,0.00307,-0.1109,0.71996,69.1881,66.7,14,106
GOOGL270319C00300000,GOOGL,2027-03-19,171,C,300.0,-12.47,342.75,60.15,62.05,61.1,59.89,3.1,0.41998871032714846,0.74932,0.00323,-0.11265,0.74658,65.4973,65.0,3,1099
GOOGL270319C00305000,GOOGL,2027-03-19,171,C,305.0,-11.01,342.75,57.0,58.8,57.9,57.55,3.1,0.4177304321289062,0.73126,0.00337,-0.11518,0.77388,62.1864,63.0,29,360
GOOGL270319C00310000,GOOGL,2027-03-19,171,C,310.0,-9.56,342.75,53.25,55.45,54.35,54.19,4.0,0.41309180664062495,0.71323,0.00351,-0.11684,0.79882,58.7793,61.0,1,362
GOOGL270319C00315000,GOOGL,2027-03-19,171,C,315.0,-8.1,342.75,49.55,52.55,51.05,52.5,5.9,0.4126950820922851,0.69374,0.00362,-0.11929,0.82326,55.8055,58.9,10,494
GOOGL270319C00320000,GOOGL,2027-03-19,171,C,320.0,-6.64,342.75,47.9,48.9,48.4,47.85,2.1,0.4024412783813477,0.67548,0.00381,-0.11896,0.84385,52.1044,57.1,1,616
GOOGL270319C00325000,GOOGL,2027-03-19,171,C,325.0,-5.18,342.75,44.0,46.3,45.15,44.9,5.1,0.4031584342956543,0.6549,0.0039,-0.12109,0.86445,49.4176,54.9,3,649
GOOGL270319C00330000,GOOGL,2027-03-19,171,C,330.0,-3.72,342.75,41.0,43.25,42.125,41.96,5.3,0.39765006652832036,0.63466,0.00403,-0.12133,0.88208,46.2925,52.9,20,676
GOOGL270319C00335000,GOOGL,2027-03-19,171,C,335.0,-2.26,342.75,39.2,40.85,40.025,39.7,4.1,0.39819937744140627,0.61369,0.0041,-0.12277,0.89766,43.8015,50.7,10,1093
GOOGL270319C00340000,GOOGL,2027-03-19,171,C,340.0,-0.8,342.75,35.65,37.8,36.725,36.64,5.9,0.39053954193115237,0.59247,0.00424,-0.12179,0.91067,40.6716,48.7,92,1374
GOOGL270319C00345000,GOOGL,2027-03-19,171,C,345.0,0.66,342.75,33.05,35.7,34.375,34.45,7.7,0.3920196296691894,0.57127,0.00427,-0.12281,0.92094,38.4733,46.5,20,725
GOOGL270319C00350000,GOOGL,2027-03-19,171,C,350.0,2.12,342.75,31.05,32.9,31.975,32.0,5.8,0.3848938464355468,0.54911,0.00438,-0.12126,0.92882,35.5837,44.4,50,2522
GOOGL270319C00355000,GOOGL,2027-03-19,171,C,355.0,3.57,342.75,29.15,31.1,30.125,30.2,6.5,0.38733522827148437,0.52822,0.00438,-0.12188,0.93358,33.6835,42.3,9,750
GOOGL270319C00360000,GOOGL,2027-03-19,171,C,360.0,5.03,342.75,27.1,29.0,28.05,28.05,6.8,0.38550419189453117,0.50673,0.00441,-0.12107,0.93579,31.4872,40.2,49,1300
GOOGL270319C00365000,GOOGL,2027-03-19,171,C,365.0,6.49,342.75,25.2,26.7,25.95,26.05,5.8,0.38043832458496096,0.4843,0.00447,-0.11903,0.9352,29.088,38.2,8,984
GOOGL270319C00370000,GOOGL,2027-03-19,171,C,370.0,7.95,342.75,23.1,25.05,24.075,24.05,8.1,0.38127754959106436,0.46381,0.00444,-0.11834,0.93207,27.3396,36.2,46,1416
GOOGL270319C00375000,GOOGL,2027-03-19,171,C,375.0,9.41,342.75,21.3,23.2,22.25,22.1,8.5,0.3789124609375,0.44244,0.00444,-0.11645,0.92616,25.3888,34.3,28,967
GOOGL270319C00380000,GOOGL,2027-03-19,171,C,380.0,10.87,342.75,19.55,21.65,20.6,20.5,10.2,0.3788209091186523,0.42231,0.0044,-0.11496,0.91812,23.7429,32.4,469,1464
GOOGL270319C00385000,GOOGL,2027-03-19,171,C,385.0,12.33,342.75,19.0,19.7,19.35,18.83,3.6,0.3732362481689453,0.39978,0.00441,-0.11154,0.90623,21.6883,30.5,10,1033
GOOGL270319C00390000,GOOGL,2027-03-19,171,C,390.0,13.79,342.75,17.55,18.4,17.975,17.65,4.7,0.3739381454467773,0.3808,0.00434,-0.10981,0.89382,20.2964,28.8,23,1928
GOOGL270319C00395000,GOOGL,2027-03-19,171,C,395.0,15.24,342.75,15.4,17.2,16.3,16.3,11.0,0.37485366363525385,0.36254,0.00426,-0.10797,0.8798,19.0051,27.2,12,879
GOOGL270319C00400000,GOOGL,2027-03-19,171,C,400.0,16.7,342.75,15.0,15.9,15.45,15.3,5.8,0.3736940072631836,0.34357,0.0042,-0.10527,0.86302,17.6122,25.5,264,7099
GOOGL270319C00405000,GOOGL,2027-03-19,171,C,405.0,18.16,342.75,13.3,14.5,13.9,13.9,8.6,0.3703523658752441,0.32359,0.00414,-0.10166,0.84286,16.1163,23.8,11,663
GOOGL270319C00410000,GOOGL,2027-03-19,171,C,410.0,19.62,342.75,11.9,13.25,12.575,13.0,10.7,0.36780417358398443,0.30456,0.00406,-0.09814,0.82123,14.7728,22.3,44,1029
GOOGL270319C00415000,GOOGL,2027-03-19,171,C,415.0,21.08,342.75,11.8,12.35,12.075,11.85,4.6,0.3687807263183594,0.28865,0.00395,-0.09573,0.80129,13.793,20.9,1,346
GOOGL270319C00420000,GOOGL,2027-03-19,171,C,420.0,22.54,342.75,10.85,11.5,11.175,11.1,5.8,0.36963520996093746,0.27332,0.00384,-0.09321,0.78043,12.867,19.6,23,2320
GOOGL270319C00425000,GOOGL,2027-03-19,171,C,425.0,24.0,342.75,8.75,11.4,10.075,10.81,26.3,0.37995004821777345,0.26599,0.00368,-0.09413,0.76988,12.7243,18.8,4,437
GOOGL270319P00260000,GOOGL,2027-03-19,171,P,260.0,-24.14,342.75,3.6,5.0,4.3,4.27,32.6,0.3632876171875,-0.09494,0.00198,-0.03807,0.39633,4.2183,14.4,64,5901
GOOGL270319P00265000,GOOGL,2027-03-19,171,P,265.0,-22.68,342.75,4.45,5.15,4.8,4.95,14.6,0.3481510498046875,-0.10073,0.00216,-0.03788,0.41391,4.325,14.9,12,1251
GOOGL270319P00270000,GOOGL,2027-03-19,171,P,270.0,-21.23,342.75,5.35,5.85,5.6,5.68,8.9,0.34418380432128903,-0.11313,0.00238,-0.04051,0.45007,4.9244,16.5,800,8040
GOOGL270319P00275000,GOOGL,2027-03-19,171,P,275.0,-19.77,342.75,5.95,6.75,6.35,6.6,12.6,0.3426274234008788,-0.12793,0.0026,-0.04374,0.49078,5.7058,18.4,12,1276
GOOGL270319P00280000,GOOGL,2027-03-19,171,P,280.0,-18.31,342.75,7.0,7.7,7.35,7.45,9.5,0.3402470761108398,-0.14339,0.00283,-0.0467,0.53071,6.5314,20.3,17,5351
GOOGL270319P00285000,GOOGL,2027-03-19,171,P,285.0,-16.85,342.75,8.2,8.65,8.425,8.45,5.3,0.33634086517333983,-0.15914,0.00307,-0.04916,0.56881,7.3564,22.1,1,1887
GOOGL270319P00290000,GOOGL,2027-03-19,171,P,290.0,-15.39,342.75,9.05,10.1,9.575,9.59,11.0,0.3386601779174804,-0.17939,0.0033,-0.05314,0.61427,8.6409,24.6,15,4567
GOOGL270319P00295000,GOOGL,2027-03-19,171,P,295.0,-13.93,342.75,10.2,11.35,10.775,10.85,10.7,0.33612724426269536,-0.19806,0.00353,-0.05567,0.65294,9.7424,26.8,194,2669
GOOGL270319P00300000,GOOGL,2027-03-19,171,P,300.0,-12.47,342.75,11.9,12.8,12.35,12.05,7.3,0.33483026016235345,-0.21839,0.00375,-0.05831,0.69171,11.0284,29.2,31,8567
GOOGL270319P00305000,GOOGL,2027-03-19,171,P,305.0,-11.01,342.75,13.3,14.6,13.95,13.65,9.3,0.3365087101745606,-0.24098,0.00395,-0.06148,0.73093,12.6441,31.8,48,2131
GOOGL270319P00310000,GOOGL,2027-03-19,171,P,310.0,-9.56,342.75,14.65,15.75,15.2,15.11,7.2,0.3283453396606445,-0.26024,0.00421,-0.06182,0.76132,13.6445,33.8,86,3717
GOOGL270319P00315000,GOOGL,2027-03-19,171,P,315.0,-8.1,342.75,15.65,18.3,16.975,17.0,15.6,0.335944140625,-0.2865,0.00432,-0.06592,0.79846,15.9733,36.9,162,3356
GOOGL270319P00320000,GOOGL,2027-03-19,171,P,320.0,-6.64,342.75,18.05,19.45,18.75,18.8,7.5,0.3252478364562988,-0.30713,0.0046,-0.065,0.82429,16.9659,38.9,23,4924
GOOGL270319P00325000,GOOGL,2027-03-19,171,P,325.0,-5.18,342.75,19.95,21.55,20.75,20.6,7.7,0.32434757690429683,-0.3318,0.00477,-0.06622,0.85145,18.8652,41.6,27,1683
GOOGL270319P00330000,GOOGL,2027-03-19,171,P,330.0,-3.72,342.75,22.55,23.65,23.1,22.72,4.8,0.3219672296142577,-0.35672,0.00494,-0.06669,0.87489,20.7631,44.2,707,2870
GOOGL270319P00335000,GOOGL,2027-03-19,171,P,335.0,-2.26,342.75,24.25,25.9,25.075,25.12,6.6,0.3198310205078124,-0.38227,0.00508,-0.06683,0.89486,22.8054,46.8,7,1453
GOOGL270319P00340000,GOOGL,2027-03-19,171,P,340.0,-0.8,342.75,26.45,28.45,27.45,27.35,7.3,0.3195411064147949,-0.40832,0.00518,-0.06703,0.9111,25.1412,49.5,85,2374
GOOGL270319P00345000,GOOGL,2027-03-19,171,P,345.0,0.66,342.75,29.5,30.95,30.225,29.8,4.8,0.3172828282165527,-0.43457,0.00529,-0.06633,0.92331,27.426,52.1,7,1420
GOOGL270319P00350000,GOOGL,2027-03-19,171,P,350.0,2.12,342.75,31.5,33.9,32.7,33.45,7.3,0.31844248458862295,-0.4606,0.00531,-0.06611,0.93135,30.155,54.7,17,3331
GOOGL270319P00355000,GOOGL,2027-03-19,171,P,355.0,3.57,342.75,34.25,36.65,35.45,35.15,6.8,0.3161079132080078,-0.48704,0.00538,-0.06458,0.93543,32.6859,57.3,2,574
GOOGL270319P00360000,GOOGL,2027-03-19,171,P,360.0,5.03,342.75,37.6,39.55,38.575,37.4,5.1,0.31403273864746095,-0.51348,0.00541,-0.06273,0.93539,35.3655,59.8,5,1761
GOOGL270319P00365000,GOOGL,2027-03-19,171,P,365.0,6.49,342.75,40.25,42.45,41.35,41.6,5.3,0.31059954544067375,-0.54039,0.00545,-0.0601,0.93112,38.042,62.3,1,2251
GOOGL270319P00370000,GOOGL,2027-03-19,171,P,370.0,7.95,342.75,43.2,45.75,44.475,44.8,5.7,0.31018756225585936,-0.56588,0.00541,-0.05796,0.92313,41.1216,64.7,1,522
GOOGL270319P00375000,GOOGL,2027-03-19,171,P,375.0,9.41,342.75,46.85,49.05,47.95,48.1,4.6,0.30847859497070307,-0.59156,0.00537,-0.05512,0.91116,44.1999,67.1,71,756
GOOGL270319P00380000,GOOGL,2027-03-19,171,P,380.0,10.87,342.75,49.85,52.45,51.15,50.7,5.1,0.3066017826843262,-0.61692,0.00531,-0.05191,0.89544,47.3798,69.4,5,2098
GOOGL270319P00385000,GOOGL,2027-03-19,171,P,385.0,12.33,342.75,53.2,56.2,54.7,45.19,5.5,0.30753255950927727,-0.63981,0.00519,-0.04932,0.87784,50.9202,71.5,2,213
GOOGL270319P00390000,GOOGL,2027-03-19,171,P,390.0,13.79,342.75,56.85,59.55,58.2,59.51,4.6,0.3024361749267578,-0.66634,0.00513,-0.04451,0.85333,54.0442,73.8,6,324
GOOGL270319P00395000,GOOGL,2027-03-19,171,P,395.0,15.24,342.75,60.5,63.85,62.175,51.8,5.4,0.30774618041992186,-0.68414,0.00493,-0.04301,0.83436,58.1555,75.5,10,279
GOOGL270319P00400000,GOOGL,2027-03-19,171,P,400.0,16.7,342.75,64.6,67.15,65.875,67.4,3.9,0.299262378540039,-0.71232,0.00486,-0.03654,0.80001,61.2227,77.8,4,331
GOOGL270319P00405000,GOOGL,2027-03-19,171,P,405.0,18.16,342.75,68.9,71.1,70.0,58.65,3.1,0.29776703216552725,-0.73401,0.0047,-0.03234,0.76988,64.9682,79.6,20,19
GOOGL270319P00410000,GOOGL,2027-03-19,171,P,410.0,19.62,342.75,0.0,0.0,77.1,77.1,,1.0000000000000003e-05,-1.0,0.0,0.0441,0.0,59.6383,100.0,14,0
GOOGL270319P00415000,GOOGL,2027-03-19,171,P,415.0,21.08,342.75,0.0,0.0,78.4,78.4,,1.0000000000000003e-05,-1.0,0.0,0.04464,0.0,64.5454,100.0,0,0
GOOGL270319P00420000,GOOGL,2027-03-19,171,P,420.0,22.54,342.75,80.45,83.95,82.2,74.45,4.3,0.30103238037109376,-0.78596,0.00413,-0.02219,0.6837,77.2698,84.1,1,75
GOOGL270319P00425000,GOOGL,2027-03-19,171,P,425.0,24.0,342.75,85.1,87.7,86.4,86.8,3.0,0.29114478393554677,-0.8121,0.00395,-0.01447,0.63228,80.795,86.1,3,2
GOOGL270416C00270000,GOOGL,2027-04-16,199,C,270.0,-21.23,342.75,85.0,87.9,86.45,86.23,3.4,0.4668632415771484,0.82322,0.0022,-0.09786,0.65657,91.9396,72.0,1,2
GOOGL270416C00280000,GOOGL,2027-04-16,199,C,280.0,-18.31,342.75,77.0,79.65,78.325,75.05,3.4,0.4474847732543945,0.80044,0.00247,-0.10045,0.70758,83.6892,69.6,1,6
GOOGL270416C00285000,GOOGL,2027-04-16,199,C,285.0,-16.85,342.75,73.3,75.95,74.625,71.0,3.6,0.4424799404907227,0.78665,0.0026,-0.10263,0.73617,79.9617,68.0,15,22
GOOGL270416C00290000,GOOGL,2027-04-16,199,C,290.0,-15.39,342.75,69.5,72.75,71.125,72.2,4.6,0.4428156304931641,0.77075,0.0027,-0.10589,0.76707,76.7071,66.1,1,2
GOOGL270416C00295000,GOOGL,2027-04-16,199,C,295.0,-13.93,342.75,65.9,69.25,67.575,68.3,5.0,0.4383295913696289,0.75577,0.00283,-0.10784,0.79425,73.1654,64.4,1,4
GOOGL270416C00300000,GOOGL,2027-04-16,199,C,300.0,-12.47,342.75,61.9,65.75,63.825,66.0,6.0,0.432973809967041,0.74046,0.00296,-0.10941,0.82015,69.623,62.7,4,26
GOOGL270416C00305000,GOOGL,2027-04-16,199,C,305.0,-11.01,342.75,59.25,61.5,60.375,59.55,3.7,0.4182492257690429,0.7267,0.00314,-0.1086,0.84187,65.3584,61.6,1,3
GOOGL270416C00310000,GOOGL,2027-04-16,199,C,310.0,-9.56,342.75,56.15,58.55,57.35,54.9,4.2,0.4175778457641601,0.70905,0.00324,-0.11083,0.86763,62.3379,59.6,1,13
GOOGL270416C00315000,GOOGL,2027-04-16,199,C,315.0,-8.1,342.75,52.55,55.4,53.975,54.08,5.3,0.4136411175537109,0.69165,0.00336,-0.11208,0.89076,59.1223,57.7,1,5
GOOGL270416C00320000,GOOGL,2027-04-16,199,C,320.0,-6.64,342.75,49.55,52.2,50.875,50.93,5.2,0.4082700775146484,0.67397,0.00349,-0.11275,0.91205,55.8574,55.9,7,91
GOOGL270416C00325000,GOOGL,2027-04-16,199,C,325.0,-5.18,342.75,46.75,48.7,47.725,49.1,4.1,0.3988860160827637,0.6561,0.00365,-0.11225,0.93132,52.2962,54.3,1,20
GOOGL270416C00330000,GOOGL,2027-04-16,199,C,330.0,-3.72,342.75,43.8,46.65,45.225,45.15,6.3,0.4036467106628418,0.6366,0.00367,-0.11475,0.94986,50.1437,52.0,1,56
GOOGL270416C00335000,GOOGL,2027-04-16,199,C,335.0,-2.26,342.75,41.15,43.7,42.425,42.5,6.0,0.39812308425903326,0.61752,0.00379,-0.11461,0.96551,47.1135,50.2,23,62
GOOGL270416C00340000,GOOGL,2027-04-16,199,C,340.0,-0.8,342.75,38.65,41.0,39.825,39.82,5.9,0.39421687332153327,0.59799,0.00388,-0.11458,0.97903,44.3246,48.3,25,69
GOOGL270416C00345000,GOOGL,2027-04-16,199,C,345.0,0.66,342.75,36.4,38.65,37.525,37.7,6.0,0.39288937194824214,0.57835,0.00393,-0.11487,0.99011,41.8798,46.3,7,58
GOOGL270416C00350000,GOOGL,2027-04-16,199,C,350.0,2.12,342.75,33.85,35.85,34.85,35.0,5.7,0.38612979598999014,0.55789,0.00404,-0.1136,0.99899,38.987,44.5,7,166
GOOGL270416C00355000,GOOGL,2027-04-16,199,C,355.0,3.57,342.75,31.35,33.6,32.475,32.0,6.9,0.38388677642822266,0.53775,0.00409,-0.11313,1.00512,36.6349,42.5,1,130
GOOGL270416C00360000,GOOGL,2027-04-16,199,C,360.0,5.03,342.75,29.9,31.8,30.85,30.75,6.2,0.38516850189208973,0.51844,0.00409,-0.11327,1.00856,34.7314,40.6,27,1034
GOOGL270416C00365000,GOOGL,2027-04-16,199,C,365.0,6.49,342.75,27.55,29.8,28.675,28.78,7.8,0.38355108642578123,0.49861,0.00411,-0.11245,1.00964,32.6284,38.7,12,284
GOOGL270416C00370000,GOOGL,2027-04-16,199,C,370.0,7.95,342.75,25.6,27.9,26.75,25.99,8.6,0.3820252227783203,0.47892,0.00412,-0.11141,1.00823,30.6253,36.9,1,83
GOOGL270416C00375000,GOOGL,2027-04-16,199,C,375.0,9.41,342.75,24.4,25.9,25.15,24.96,6.0,0.3785920295715332,0.45863,0.00414,-0.10963,1.00421,28.5199,35.1,25,210
GOOGL270416C00380000,GOOGL,2027-04-16,199,C,380.0,10.87,342.75,22.8,24.15,23.475,23.25,5.8,0.3767762518310547,0.43906,0.00413,-0.10803,0.99784,26.6658,33.3,113,31
GOOGL270416C00385000,GOOGL,2027-04-16,199,C,385.0,12.33,342.75,19.75,23.65,21.7,21.79,18.0,0.38686221054077147,0.42553,0.004,-0.10955,0.992,26.0774,31.8,106,42
GOOGL270416C00390000,GOOGL,2027-04-16,199,C,390.0,13.79,342.75,18.25,20.9,19.575,20.19,13.5,0.3730378858947754,0.40053,0.00409,-0.10418,0.9781,23.2058,29.9,114,38
GOOGL270416C00395000,GOOGL,2027-04-16,199,C,395.0,15.24,342.75,17.75,19.75,18.75,18.8,10.7,0.3748841809082031,0.38385,0.00403,-0.10305,0.96654,21.9607,28.4,251,57
GOOGL270416C00400000,GOOGL,2027-04-16,199,C,400.0,16.7,342.75,16.55,18.2,17.375,17.3,9.5,0.3716798672485352,0.36462,0.00399,-0.10028,0.95093,20.3057,26.7,172,165
GOOGL270416C00410000,GOOGL,2027-04-16,199,C,410.0,19.62,342.75,14.4,15.8,15.1,15.4,9.3,0.37038288314819334,0.33047,0.00387,-0.09581,0.91705,17.7127,23.8,3,431
GOOGL270416C00420000,GOOGL,2027-04-16,199,C,420.0,22.54,342.75,11.75,14.2,12.975,13.95,18.9,0.37534194000244137,0.30288,0.00368,-0.09297,0.88374,15.9502,21.4,479,924
GOOGL270416P00260000,GOOGL,2027-04-16,199,P,260.0,-24.14,342.75,4.65,5.5,5.075,5.1,16.7,0.34726604888916013,-0.09837,0.00197,-0.0341,0.43885,4.5583,15.0,68,148
GOOGL270416P00265000,GOOGL,2027-04-16,199,P,265.0,-22.68,342.75,5.3,5.9,5.6,5.7,10.7,0.33765310791015624,-0.10674,0.00215,-0.03496,0.4657,4.8826,16.0,2,81
GOOGL270416P00270000,GOOGL,2027-04-16,199,P,270.0,-21.23,342.75,6.1,6.95,6.525,6.5,13.0,0.3391484542846679,-0.12201,0.00236,-0.03843,0.51221,5.7873,18.0,1,1652
GOOGL270416P00275000,GOOGL,2027-04-16,199,P,275.0,-19.77,342.75,7.1,7.9,7.5,7.7,10.7,0.33707327972412116,-0.13634,0.00256,-0.04101,0.55321,6.602,19.8,1,497
GOOGL270416P00280000,GOOGL,2027-04-16,199,P,280.0,-18.31,342.75,7.1,9.85,8.475,8.55,32.4,0.3487919125366211,-0.15899,0.00274,-0.04686,0.61323,8.3316,22.9,4,2153
GOOGL270416P00285000,GOOGL,2027-04-16,199,P,285.0,-16.85,342.75,9.25,10.6,9.925,9.5,13.6,0.3404301797485352,-0.17195,0.00296,-0.04774,0.64512,8.9618,24.3,3,555
GOOGL270416P00290000,GOOGL,2027-04-16,199,P,290.0,-15.39,342.75,10.45,11.05,10.75,10.85,5.6,0.3272467178344727,-0.18334,0.00321,-0.04733,0.67177,9.3111,25.4,134,2013
GOOGL270416P00295000,GOOGL,2027-04-16,199,P,295.0,-13.93,342.75,11.55,12.75,12.15,12.3,9.9,0.33005430694580074,-0.20413,0.00339,-0.05063,0.71726,10.8125,28.0,5,57
GOOGL270416P00300000,GOOGL,2027-04-16,199,P,300.0,-12.47,342.75,12.9,13.9,13.4,13.65,7.5,0.32425602508544915,-0.22148,0.00362,-0.05167,0.75223,11.8016,29.9,2,1532
GOOGL270416P00305000,GOOGL,2027-04-16,199,P,305.0,-11.01,342.75,14.25,16.55,15.4,14.7,14.9,0.3352422433471679,-0.24722,0.00372,-0.0565,0.79945,14.1968,33.2,4,595
GOOGL270416P00310000,GOOGL,2027-04-16,199,P,310.0,-9.56,342.75,15.45,18.15,16.8,16.5,16.1,0.3320074124145508,-0.26723,0.00391,-0.0577,0.83248,15.6081,35.3,15,776
GOOGL270416P00315000,GOOGL,2027-04-16,199,P,315.0,-8.1,342.75,17.6,19.4,18.5,18.55,9.7,0.3237372314453124,-0.28639,0.00415,-0.05747,0.8612,16.6832,37.3,35,72
GOOGL270416P00320000,GOOGL,2027-04-16,199,P,320.0,-6.64,342.75,19.65,21.15,20.4,20.6,7.4,0.3199225723266601,-0.30812,0.00435,-0.05801,0.89048,18.2278,39.6,1,69
GOOGL270416P00325000,GOOGL,2027-04-16,199,P,325.0,-5.18,342.75,21.55,23.2,22.375,22.87,7.4,0.3181220532226562,-0.33117,0.0045,-0.05872,0.91783,20.0598,42.0,2,45
GOOGL270416P00330000,GOOGL,2027-04-16,199,P,330.0,-3.72,342.75,23.75,25.6,24.675,24.5,7.5,0.3186408468627929,-0.35515,0.00462,-0.05967,0.94234,22.2262,44.6,4,150
GOOGL270416P00335000,GOOGL,2027-04-16,199,P,335.0,-2.26,342.75,25.95,27.8,26.875,27.2,6.9,0.31583325775146476,-0.37897,0.00476,-0.05952,0.96282,24.199,47.0,1,27
GOOGL270416P00340000,GOOGL,2027-04-16,199,P,340.0,-0.8,342.75,28.2,30.2,29.2,29.1,6.8,0.31381911773681637,-0.40333,0.00487,-0.05922,0.97985,26.3636,49.5,8,16
GOOGL270416P00345000,GOOGL,2027-04-16,199,P,345.0,0.66,342.75,30.4,32.75,31.575,32.4,7.4,0.3120948918151855,-0.428,0.00497,-0.05866,0.99316,28.6746,52.0,6,126
GOOGL270416P00350000,GOOGL,2027-04-16,199,P,350.0,2.12,342.75,33.15,35.5,34.325,37.4,6.8,0.3111335977172851,-0.45276,0.00503,-0.05795,1.00256,31.1808,54.4,15,489
GOOGL270416P00355000,GOOGL,2027-04-16,199,P,355.0,3.57,342.75,35.75,38.5,37.125,31.6,7.4,0.3114692877197265,-0.47722,0.00505,-0.05724,1.008,33.9369,56.9,0,4
GOOGL270416P00360000,GOOGL,2027-04-16,199,P,360.0,5.03,342.75,38.7,40.85,39.775,38.0,5.4,0.30416040084838863,-0.50369,0.00518,-0.05429,1.0096,36.0391,59.2,1,3
GOOGL270416P00365000,GOOGL,2027-04-16,199,P,365.0,6.49,342.75,41.8,44.3,43.05,43.9,5.8,0.3066170413208008,-0.52722,0.00513,-0.0535,1.00729,39.243,61.6,12,0
GOOGL270416P00375000,GOOGL,2027-04-16,199,P,375.0,9.41,342.75,48.55,50.55,49.55,48.21,4.0,0.3016122085571289,-0.57711,0.00513,-0.04847,0.99072,44.994,66.2,0,20
GOOGL270416P00380000,GOOGL,2027-04-16,199,P,380.0,10.87,342.75,51.4,54.0,52.7,50.35,4.9,0.30074246627807616,-0.60078,0.00507,-0.046,0.97725,48.1992,68.3,0,5
GOOGL270416P00385000,GOOGL,2027-04-16,199,P,385.0,12.33,342.75,54.65,57.45,56.05,55.25,5.0,0.29874358489990227,-0.62469,0.00502,-0.04296,0.95992,51.4017,70.5,2,3
GOOGL270416P00390000,GOOGL,2027-04-16,199,P,390.0,13.79,342.75,58.45,61.1,59.775,69.75,4.4,0.2978128080749511,-0.64735,0.00493,-0.04001,0.93997,54.8113,72.5,0,20
GOOGL270416P00395000,GOOGL,2027-04-16,199,P,395.0,15.24,342.75,61.85,64.9,63.375,72.36,4.8,0.2974923767089843,-0.66887,0.00482,-0.03708,0.91777,58.3761,74.4,0,20
GOOGL270416P00400000,GOOGL,2027-04-16,199,P,400.0,16.7,342.75,65.85,68.45,67.15,61.95,3.9,0.2931894412231445,-0.69305,0.00473,-0.0327,0.88898,61.678,76.5,1,2
