contract,ticker,expiry,dte,type,strike,moneyness_pct,spot,bid,ask,mid,last,spread_pct,iv,delta,gamma,theta,vega,theo,prob_itm,volume,oi
GOOGL261016C00255000,GOOGL,2026-10-16,15,C,255.0,-24.63,338.3399963378906,82.7,86.05,84.375,95.3,4.0,0.8183611914062499,0.96387,0.00141,-0.17487,0.0544,84.6161,94.9,7,148
GOOGL261016C00260000,GOOGL,2026-10-16,15,C,260.0,-23.15,338.3399963378906,78.0,81.05,79.525,90.3,3.8,0.7937032348632812,0.95796,0.00165,-0.18958,0.06154,79.7556,94.1,1,155
GOOGL261016C00265000,GOOGL,2026-10-16,15,C,265.0,-21.68,338.3399963378906,72.55,76.1,74.325,76.08,4.8,0.7180203979492188,0.96102,0.00171,-0.16599,0.05788,74.59,94.7,1,56
GOOGL261016C00270000,GOOGL,2026-10-16,15,C,270.0,-20.2,338.3399963378906,67.8,71.05,69.425,71.96,4.7,0.6867707104492189,0.95563,0.00199,-0.17495,0.06428,69.6867,94.1,2,151
GOOGL261016C00275000,GOOGL,2026-10-16,15,C,275.0,-18.72,338.3399963378906,63.0,66.15,64.575,82.69,4.9,0.6601596484375001,0.94824,0.00234,-0.18806,0.07271,64.8283,93.2,5,377
GOOGL261016C00280000,GOOGL,2026-10-16,15,C,280.0,-17.24,338.3399963378906,57.65,61.15,59.4,60.51,5.9,0.5932657861328126,0.95027,0.00252,-0.16798,0.07043,59.6844,93.7,2,250
GOOGL261016C00285000,GOOGL,2026-10-16,15,C,285.0,-15.77,338.3399963378906,52.9,56.2,54.55,56.77,6.0,0.5656781713867188,0.94153,0.00301,-0.17988,0.08007,54.8251,92.7,52,370
GOOGL261016C00290000,GOOGL,2026-10-16,15,C,290.0,-14.29,338.3399963378906,48.6,51.2,49.9,51.87,5.2,0.5545698840332032,0.92537,0.00371,-0.20761,0.09672,50.1455,90.8,52,333
GOOGL261016C00295000,GOOGL,2026-10-16,15,C,295.0,-12.81,338.3399963378906,43.35,46.35,44.85,45.89,6.7,0.503056727294922,0.92091,0.00427,-0.19871,0.10108,45.111,90.5,56,170
GOOGL261016C00300000,GOOGL,2026-10-16,15,C,300.0,-11.33,338.3399963378906,38.15,41.15,39.65,38.0,7.6,0.5502974658203126,0.87464,0.00546,-0.28742,0.14148,41.3018,85.0,103,881
GOOGL261016C00305000,GOOGL,2026-10-16,15,C,305.0,-9.85,338.3399963378906,34.4,36.2,35.3,44.7,5.1,0.5006153454589843,0.86196,0.00642,-0.2803,0.15121,36.36,83.8,589,297
GOOGL261016C00310000,GOOGL,2026-10-16,15,C,310.0,-8.38,338.3399963378906,29.0,31.6,30.3,27.61,8.6,0.46973186523437505,0.83733,0.00763,-0.29171,0.1687,31.7433,81.3,40,533
GOOGL261016C00315000,GOOGL,2026-10-16,15,C,315.0,-6.9,338.3399963378906,25.05,26.75,25.9,26.5,6.6,0.42188078125,0.81534,0.00921,-0.28445,0.18287,26.8962,79.2,12,498
GOOGL261016C00320000,GOOGL,2026-10-16,15,C,320.0,-5.42,338.3399963378906,20.7,21.85,21.275,21.72,5.4,0.36939107177734376,0.78919,0.0114,-0.2708,0.19812,22.0043,76.7,56,2153
GOOGL261016C00322500,GOOGL,2026-10-16,15,C,322.5,-4.68,338.3399963378906,18.2,19.85,19.025,20.67,8.7,0.362311064453125,0.76174,0.01246,-0.28254,0.21238,19.9798,73.8,9,7
GOOGL261016C00325000,GOOGL,2026-10-16,15,C,325.0,-3.94,338.3399963378906,16.7,17.2,16.95,17.1,2.9,0.3249579223632812,0.7481,0.01431,-0.26288,0.21883,17.3459,72.7,60,2096
GOOGL261016C00327500,GOOGL,2026-10-16,15,C,327.5,-3.2,338.3399963378906,14.45,16.3,15.375,15.54,12.0,0.35809968078613286,0.6941,0.01428,-0.3111,0.24057,16.3701,66.8,20,137
GOOGL261016C00330000,GOOGL,2026-10-16,15,C,330.0,-2.46,338.3399963378906,13.1,13.6,13.35,13.4,3.7,0.3156196368408203,0.67284,0.01667,-0.28386,0.24753,13.6883,64.9,114,3330
GOOGL261016C00332500,GOOGL,2026-10-16,15,C,332.5,-1.73,338.3399963378906,11.45,12.1,11.775,11.47,5.5,0.316840327758789,0.62884,0.01739,-0.29577,0.25923,12.1544,60.4,23,78
GOOGL261016C00335000,GOOGL,2026-10-16,15,C,335.0,-0.99,338.3399963378906,10.05,10.5,10.275,10.27,4.4,0.3104317004394531,0.58521,0.01831,-0.29721,0.26736,10.5313,56.1,477,2354
GOOGL261016C00337500,GOOGL,2026-10-16,15,C,337.5,-0.25,338.3399963378906,8.65,8.9,8.775,8.81,2.8,0.30023893127441403,0.53915,0.01928,-0.29154,0.27231,8.9132,51.5,132,105
GOOGL261016C00340000,GOOGL,2026-10-16,15,C,340.0,0.49,338.3399963378906,7.5,7.75,7.625,7.65,3.3,0.3020089331054688,0.49103,0.01925,-0.29275,0.27356,7.7369,46.7,1530,7013
GOOGL261016C00342500,GOOGL,2026-10-16,15,C,342.5,1.23,338.3399963378906,6.4,6.85,6.625,7.1,6.8,0.3086006640625,0.44521,0.01867,-0.29458,0.27104,6.81,42.1,766,579
GOOGL261016C00345000,GOOGL,2026-10-16,15,C,345.0,1.97,338.3399963378906,5.45,5.55,5.5,5.55,1.8,0.29669892761230465,0.39486,0.01892,-0.2752,0.26407,5.5017,37.2,1375,6167
GOOGL261016C00347500,GOOGL,2026-10-16,15,C,347.5,2.71,338.3399963378906,4.6,4.85,4.725,4.8,5.3,0.3028023822021484,0.35282,0.01789,-0.26973,0.25479,4.7846,33.0,371,1528
GOOGL261016C00350000,GOOGL,2026-10-16,15,C,350.0,3.45,338.3399963378906,3.9,4.0,3.95,3.98,2.5,0.29932341308593746,0.3082,0.01714,-0.25182,0.24136,3.928,28.7,6270,8170
GOOGL261016C00352500,GOOGL,2026-10-16,15,C,352.5,4.19,338.3399963378906,3.25,3.45,3.35,3.4,6.0,0.30408410766601557,0.27172,0.0159,-0.24031,0.22751,3.368,25.2,227,331
GOOGL261016C00355000,GOOGL,2026-10-16,15,C,355.0,4.92,338.3399963378906,2.74,2.87,2.805,2.82,4.6,0.304145142211914,0.23512,0.01474,-0.22216,0.21083,2.7856,21.7,1297,7774
GOOGL261016C00357500,GOOGL,2026-10-16,15,C,357.5,5.66,338.3399963378906,2.33,2.44,2.385,2.49,4.6,0.30762411132812495,0.20447,0.01345,-0.20685,0.19458,2.3529,18.7,1108,820
GOOGL261016C00360000,GOOGL,2026-10-16,15,C,360.0,6.4,338.3399963378906,1.97,2.02,1.995,2.05,2.5,0.3083565258789062,0.17486,0.01218,-0.18791,0.17672,1.9348,15.9,3554,15936
GOOGL261016C00362500,GOOGL,2026-10-16,15,C,362.5,7.14,338.3399963378906,1.64,1.8,1.72,1.71,9.3,0.31726756958007807,0.15513,0.01096,-0.17851,0.16353,1.7132,14.0,91,186
GOOGL261016C00365000,GOOGL,2026-10-16,15,C,365.0,7.88,338.3399963378906,1.39,1.48,1.435,1.43,6.3,0.31763377685546873,0.13132,0.00978,-0.15942,0.14611,1.397,11.8,3098,8425
GOOGL261016C00367500,GOOGL,2026-10-16,15,C,367.5,8.62,338.3399963378906,1.1,1.3,1.2,1.2,16.7,0.32471378417968744,0.11545,0.00874,-0.14865,0.13351,1.2203,10.3,68,194
GOOGL261016C00370000,GOOGL,2026-10-16,15,C,370.0,9.36,338.3399963378906,1.0,1.06,1.03,1.0,5.8,0.32483585327148434,0.09671,0.00769,-0.13066,0.11746,0.9864,8.6,3929,37271
GOOGL261016C00372500,GOOGL,2026-10-16,15,C,372.5,10.1,338.3399963378906,0.86,0.95,0.905,0.9,9.9,0.33301448242187504,0.08586,0.00686,-0.12246,0.10754,0.8769,7.6,52,410
GOOGL261016C00375000,GOOGL,2026-10-16,15,C,375.0,10.84,338.3399963378906,0.76,0.8,0.78,0.78,5.1,0.3360662097167969,0.07327,0.00603,-0.10948,0.09538,0.7335,6.4,1478,69231
GOOGL261016C00380000,GOOGL,2026-10-16,15,C,380.0,12.31,338.3399963378906,0.58,0.61,0.595,0.59,5.0,0.34717449707031245,0.05576,0.00472,-0.09127,0.07714,0.5501,4.8,2874,11444
GOOGL261016C00385000,GOOGL,2026-10-16,15,C,385.0,13.79,338.3399963378906,0.45,0.5,0.475,0.46,10.5,0.3627993408203125,0.0448,0.0038,-0.07996,0.06479,0.4458,3.8,703,7128
GOOGL261016C00390000,GOOGL,2026-10-16,15,C,390.0,15.27,338.3399963378906,0.36,0.39,0.375,0.39,8.0,0.3737855590820312,0.03471,0.00299,-0.06683,0.05264,0.3425,2.9,143,9251
GOOGL261016C00395000,GOOGL,2026-10-16,15,C,395.0,16.75,338.3399963378906,0.31,0.33,0.32,0.31,6.3,0.38941040283203127,0.02865,0.00245,-0.05933,0.04491,0.2865,2.4,43,2086
GOOGL261016C00400000,GOOGL,2026-10-16,15,C,400.0,18.22,338.3399963378906,0.26,0.27,0.265,0.26,3.8,0.4018614501953125,0.02307,0.00198,-0.05102,0.03747,0.2313,1.9,2261,22660
GOOGL261016C00405000,GOOGL,2026-10-16,15,C,405.0,19.7,338.3399963378906,0.21,0.24,0.225,0.22,13.3,0.418951123046875,0.01991,0.00168,-0.04691,0.03308,0.2041,1.6,466,2556
GOOGL261016C00410000,GOOGL,2026-10-16,15,C,410.0,21.18,338.3399963378906,0.18,0.2,0.19,0.2,10.5,0.43066975585937506,0.01626,0.00137,-0.04055,0.02784,0.1672,1.3,917,33117
GOOGL261016C00415000,GOOGL,2026-10-16,15,C,415.0,22.66,338.3399963378906,0.15,0.18,0.165,0.16,18.2,0.44727115234375,0.0143,0.00118,-0.03768,0.02493,0.1503,1.1,234,2353
GOOGL261016C00420000,GOOGL,2026-10-16,15,C,420.0,24.14,338.3399963378906,0.13,0.19,0.16,0.16,37.5,0.4726615234375,0.01421,0.00112,-0.03958,0.0248,0.1575,1.1,98,9057
GOOGL261016P00255000,GOOGL,2026-10-16,15,P,255.0,-24.63,338.3399963378906,0.05,0.07,0.06,0.05,33.3,0.53320779296875,-0.00362,0.0003,-0.01307,0.00743,0.042,0.5,4,1242
GOOGL261016P00260000,GOOGL,2026-10-16,15,P,260.0,-23.15,338.3399963378906,0.06,0.12,0.09,0.09,66.7,0.52539537109375,-0.00552,0.00044,-0.01875,0.01083,0.0655,0.7,12,959
GOOGL261016P00265000,GOOGL,2026-10-16,15,P,265.0,-21.68,338.3399963378906,0.08,0.14,0.11,0.11,54.5,0.5039112109375,-0.00697,0.00056,-0.02209,0.01331,0.0811,0.9,6,2236
GOOGL261016P00270000,GOOGL,2026-10-16,15,P,270.0,-20.2,338.3399963378906,0.1,0.14,0.12,0.13,33.3,0.48438015625,-0.00905,0.00074,-0.0267,0.01675,0.1039,1.2,14,4586
GOOGL261016P00275000,GOOGL,2026-10-16,15,P,275.0,-18.72,338.3399963378906,0.11,0.18,0.145,0.13,48.3,0.46582565429687506,-0.01192,0.00097,-0.03262,0.0213,0.1356,1.5,24,4046
GOOGL261016P00280000,GOOGL,2026-10-16,15,P,280.0,-17.24,338.3399963378906,0.14,0.17,0.155,0.17,19.4,0.4272518212890626,-0.01231,0.00109,-0.03071,0.0219,0.1286,1.5,48,2243
GOOGL261016P00285000,GOOGL,2026-10-16,15,P,285.0,-15.77,338.3399963378906,0.14,0.23,0.185,0.19,48.6,0.4106504248046875,-0.01691,0.00149,-0.03875,0.02878,0.1761,2.1,7,3635
GOOGL261016P00290000,GOOGL,2026-10-16,15,P,290.0,-14.29,338.3399963378906,0.22,0.25,0.235,0.23,12.8,0.3803772900390625,-0.01974,0.00184,-0.04088,0.03284,0.1937,2.4,1271,5396
GOOGL261016P00295000,GOOGL,2026-10-16,15,P,295.0,-12.81,338.3399963378906,0.28,0.35,0.315,0.34,22.2,0.36499658447265626,-0.02795,0.00256,-0.05247,0.04401,0.2755,3.3,24,4763
GOOGL261016P00300000,GOOGL,2026-10-16,15,P,300.0,-11.33,338.3399963378906,0.37,0.4,0.385,0.4,7.8,0.335944140625,-0.03406,0.00328,-0.05674,0.05183,0.3171,4.0,1134,7527
GOOGL261016P00305000,GOOGL,2026-10-16,15,P,305.0,-9.85,338.3399963378906,0.53,0.56,0.545,0.54,5.5,0.31958688232421867,-0.04856,0.0046,-0.07177,0.0691,0.4536,5.5,143,3429
GOOGL261016P00310000,GOOGL,2026-10-16,15,P,310.0,-8.38,338.3399963378906,0.78,0.83,0.805,0.81,6.2,0.30689169677734374,-0.07165,0.00649,-0.09317,0.09375,0.6866,8.1,1224,6420
GOOGL261016P00315000,GOOGL,2026-10-16,15,P,315.0,-6.9,338.3399963378906,1.19,1.25,1.22,1.23,4.9,0.29614961669921874,-0.10602,0.00901,-0.11993,0.12559,1.0584,11.7,264,6678
GOOGL261016P00317500,GOOGL,2026-10-16,15,P,317.5,-6.16,338.3399963378906,1.45,1.64,1.545,1.45,12.3,0.2978585839843749,-0.13344,0.01054,-0.14158,0.14774,1.4108,14.7,65,137
GOOGL261016P00320000,GOOGL,2026-10-16,15,P,320.0,-5.42,338.3399963378906,1.86,1.91,1.885,1.89,2.7,0.28833719482421866,-0.15606,0.0121,-0.15182,0.16417,1.6577,17.0,1390,11128
GOOGL261016P00322500,GOOGL,2026-10-16,15,P,322.5,-4.68,338.3399963378906,2.3,2.35,2.325,2.35,2.2,0.28479719116210933,-0.18731,0.01377,-0.16798,0.1845,2.0615,20.3,404,582
GOOGL261016P00325000,GOOGL,2026-10-16,15,P,325.0,-3.94,338.3399963378906,2.82,2.92,2.87,2.86,3.5,0.28357650024414055,-0.2245,0.0154,-0.18559,0.20545,2.5926,24.2,1178,7295
GOOGL261016P00327500,GOOGL,2026-10-16,15,P,327.5,-3.2,338.3399963378906,3.25,3.6,3.425,3.43,10.2,0.2827220166015625,-0.26582,0.01692,-0.20184,0.22501,3.2312,28.5,767,1991
GOOGL261016P00330000,GOOGL,2026-10-16,15,P,330.0,-2.46,338.3399963378906,4.25,4.3,4.275,4.3,1.2,0.27838856384277344,-0.30868,0.01844,-0.21225,0.24153,3.8952,32.9,1277,9658
GOOGL261016P00332500,GOOGL,2026-10-16,15,P,332.5,-1.73,338.3399963378906,4.85,5.3,5.075,5.0,8.9,0.28125718749999995,-0.35841,0.01936,-0.22638,0.25621,4.8509,38.0,235,404
GOOGL261016P00335000,GOOGL,2026-10-16,15,P,335.0,-0.99,338.3399963378906,5.9,6.25,6.075,5.88,5.8,0.2776561492919921,-0.40765,0.02038,-0.23069,0.26626,5.7665,43.0,898,4007
GOOGL261016P00337500,GOOGL,2026-10-16,15,P,337.5,-0.25,338.3399963378906,7.1,7.45,7.275,7.19,4.8,0.27863270202636714,-0.45964,0.02077,-0.23504,0.27223,6.9306,48.2,363,1840
GOOGL261016P00340000,GOOGL,2026-10-16,15,P,340.0,0.49,338.3399963378906,8.4,8.75,8.575,8.25,4.1,0.27863270202636714,-0.51169,0.02087,-0.23416,0.27351,8.199,53.4,603,10606
GOOGL261016P00342500,GOOGL,2026-10-16,15,P,342.5,1.23,338.3399963378906,9.9,10.2,10.05,9.9,3.0,0.2795482202148437,-0.56289,0.02055,-0.22988,0.27022,9.6211,58.5,347,675
GOOGL261016P00345000,GOOGL,2026-10-16,15,P,345.0,1.97,338.3399963378906,11.2,11.75,11.475,10.96,4.8,0.2797923583984374,-0.61269,0.01995,-0.22101,0.26264,11.1497,63.4,641,7415
GOOGL261016P00347500,GOOGL,2026-10-16,15,P,347.5,2.71,338.3399963378906,12.9,13.45,13.175,13.6,4.2,0.2813182220458984,-0.65949,0.019,-0.20994,0.25146,12.8299,68.0,260,1179
GOOGL261016P00350000,GOOGL,2026-10-16,15,P,350.0,3.45,338.3399963378906,15.0,15.2,15.1,15.09,1.3,0.28064684204101553,-0.70478,0.01793,-0.19374,0.23674,14.5666,72.4,314,6087
GOOGL261016P00352500,GOOGL,2026-10-16,15,P,352.5,4.19,338.3399963378906,15.7,17.05,16.375,16.18,8.2,0.2797923583984374,-0.74713,0.01666,-0.17501,0.21928,16.406,76.5,111,423
GOOGL261016P00355000,GOOGL,2026-10-16,15,P,355.0,4.92,338.3399963378906,18.2,19.15,18.675,18.02,5.1,0.2864451239013671,-0.77947,0.01509,-0.16325,0.20337,18.4958,79.6,264,3097
GOOGL261016P00357500,GOOGL,2026-10-16,15,P,357.5,5.66,338.3399963378906,20.15,21.7,20.925,20.25,7.4,0.31262894409179687,-0.79147,0.01339,-0.17349,0.19686,21.0237,80.9,60,170
GOOGL261016P00360000,GOOGL,2026-10-16,15,P,360.0,6.4,338.3399963378906,22.45,23.3,22.875,22.68,3.7,0.2869944348144531,-0.84357,0.01218,-0.12355,0.16443,22.6388,85.7,33,2520
GOOGL261016P00362500,GOOGL,2026-10-16,15,P,362.5,7.14,338.3399963378906,23.95,26.25,25.1,22.1,9.2,0.33386896606445315,-0.83171,0.01098,-0.15827,0.17244,25.5568,84.8,3,132
GOOGL261016P00365000,GOOGL,2026-10-16,15,P,365.0,7.88,338.3399963378906,26.4,28.3,27.35,29.13,6.9,0.3280096496582031,-0.86052,0.00987,-0.13156,0.15228,27.6123,87.5,5,1271
GOOGL261016P00367500,GOOGL,2026-10-16,15,P,367.5,8.62,338.3399963378906,28.55,31.05,29.8,23.2,8.4,0.3635317553710938,-0.85603,0.0091,-0.15346,0.15558,30.3391,87.2,4,4
GOOGL261016P00370000,GOOGL,2026-10-16,15,P,370.0,9.36,338.3399963378906,31.6,32.85,32.225,31.95,3.9,0.3350896569824219,-0.89592,0.00786,-0.10167,0.12392,32.1624,90.8,26,1032
GOOGL261016P00372500,GOOGL,2026-10-16,15,P,372.5,10.1,338.3399963378906,32.8,35.25,34.025,24.6,7.2,0.3450993225097656,-0.90598,0.00709,-0.09496,0.11504,34.5596,91.7,20,33
GOOGL261016P00375000,GOOGL,2026-10-16,15,P,375.0,10.84,338.3399963378906,35.25,38.05,36.65,36.1,7.6,0.38635867553710934,-0.89495,0.00686,-0.1234,0.12476,37.3329,90.9,3,456
GOOGL261016P00380000,GOOGL,2026-10-16,15,P,380.0,12.31,338.3399963378906,39.8,43.0,41.4,37.6,7.7,0.41748629394531245,-0.90495,0.0059,-0.1232,0.11597,42.2682,91.8,39,2538
GOOGL261016P00385000,GOOGL,2026-10-16,15,P,385.0,13.79,338.3399963378906,46.65,46.95,46.8,46.19,0.6,0.3286199951171874,-0.97003,0.00302,-0.01003,0.04662,46.2832,97.4,47,321
GOOGL261016P00390000,GOOGL,2026-10-16,15,P,390.0,15.27,338.3399963378906,51.35,52.55,51.95,50.31,2.3,0.4401911450195312,-0.93691,0.0041,-0.08427,0.08498,51.8191,94.7,77,463
GOOGL261016P00395000,GOOGL,2026-10-16,15,P,395.0,16.75,338.3399963378906,56.2,57.3,56.75,54.52,1.9,0.43945873046875,-0.95303,0.00325,-0.05703,0.06729,56.5781,96.1,6,726
GOOGL261016P00400000,GOOGL,2026-10-16,15,P,400.0,18.22,338.3399963378906,60.25,62.4,61.325,58.5,3.5,0.4809622216796875,-0.95067,0.00309,-0.07018,0.06998,61.6576,96.0,10,1081
GOOGL261016P00405000,GOOGL,2026-10-16,15,P,405.0,19.7,338.3399963378906,64.6,67.95,66.275,48.8,5.1,0.5719036950683594,-0.93043,0.00341,-0.13287,0.09166,67.1479,94.5,7,0
GOOGL261016P00410000,GOOGL,2026-10-16,15,P,410.0,21.18,338.3399963378906,69.95,72.9,71.425,71.73,4.1,0.5959513061523438,-0.93525,0.00309,-0.12966,0.0867,72.0893,94.9,2,6
GOOGL261016P00415000,GOOGL,2026-10-16,15,P,415.0,22.66,338.3399963378906,74.7,77.4,76.05,73.09,3.6,0.5625043750000001,-0.95724,0.00236,-0.07309,0.06239,76.624,96.7,1,6
GOOGL261016P00420000,GOOGL,2026-10-16,15,P,420.0,24.14,338.3399963378906,79.7,82.95,81.325,78.13,4.0,0.6577182666015625,-0.93853,0.00269,-0.13876,0.08327,82.1104,95.3,2,2
GOOGL261023C00255000,GOOGL,2026-10-23,22,C,255.0,-24.63,338.3399963378906,83.05,86.2,84.625,94.27,3.7,0.7138700488281251,0.95682,0.00155,-0.14971,0.07616,85.0711,93.8,0,50
GOOGL261023C00270000,GOOGL,2026-10-23,22,C,270.0,-20.2,338.3399963378906,68.2,71.35,69.775,68.7,4.5,0.6096230444335939,0.94503,0.0022,-0.15531,0.09236,70.242,92.6,0,1
GOOGL261023C00275000,GOOGL,2026-10-23,22,C,275.0,-18.72,338.3399963378906,63.2,66.4,64.8,68.83,4.9,0.5722699023437501,0.94094,0.00248,-0.15484,0.09773,65.276,92.3,0,2
GOOGL261023C00280000,GOOGL,2026-10-23,22,C,280.0,-17.24,338.3399963378906,58.25,61.5,59.875,73.0,5.4,0.5394333166503908,0.93493,0.00283,-0.15729,0.10542,60.3562,91.6,6,6
GOOGL261023C00285000,GOOGL,2026-10-23,22,C,285.0,-15.77,338.3399963378906,53.5,56.5,55.0,55.45,5.5,0.5100146655273439,0.92675,0.00328,-0.16214,0.11548,55.4818,90.8,1,2
GOOGL261023C00290000,GOOGL,2026-10-23,22,C,290.0,-14.29,338.3399963378906,48.9,51.7,50.3,48.9,5.6,0.5784343914794923,0.87972,0.00417,-0.24571,0.16643,52.0664,84.9,1,2
GOOGL261023C00295000,GOOGL,2026-10-23,22,C,295.0,-12.81,338.3399963378906,44.05,46.8,45.425,47.55,6.1,0.5384567639160158,0.86891,0.00476,-0.24333,0.17674,47.1714,83.9,1,11
GOOGL261023C00300000,GOOGL,2026-10-23,22,C,300.0,-11.33,338.3399963378906,39.9,42.0,40.95,39.9,5.1,0.5028125891113282,0.85441,0.00547,-0.24398,0.18984,42.3699,82.4,16,205
GOOGL261023C00305000,GOOGL,2026-10-23,22,C,305.0,-9.85,338.3399963378906,34.65,37.3,35.975,45.65,7.4,0.47046427978515626,0.83566,0.00634,-0.24676,0.20566,37.6646,80.5,1,9
GOOGL261023C00310000,GOOGL,2026-10-23,22,C,310.0,-8.38,338.3399963378906,30.0,31.6,30.8,40.05,5.2,0.3917907501220703,0.8371,0.00756,-0.20961,0.20449,32.0163,81.2,1,15
GOOGL261023C00315000,GOOGL,2026-10-23,22,C,315.0,-6.9,338.3399963378906,25.2,27.45,26.325,26.82,8.5,0.38086556640624997,0.7987,0.00888,-0.22865,0.23346,27.8248,77.1,11,15
GOOGL261023C00320000,GOOGL,2026-10-23,22,C,320.0,-5.42,338.3399963378906,21.9,24.4,23.15,20.66,10.8,0.40253283020019537,0.73818,0.00974,-0.27204,0.2704,24.6899,70.5,3,245
GOOGL261023C00325000,GOOGL,2026-10-23,22,C,325.0,-3.94,338.3399963378906,18.2,19.8,19.0,20.63,8.4,0.36035795898437495,0.70062,0.0116,-0.26009,0.28854,20.0805,66.9,3,95
GOOGL261023C00330000,GOOGL,2026-10-23,22,C,330.0,-2.46,338.3399963378906,15.0,15.3,15.15,15.0,2.0,0.3172065350341796,0.65187,0.01403,-0.24384,0.30707,15.5678,62.3,36,238
GOOGL261023C00335000,GOOGL,2026-10-23,22,C,335.0,-0.99,338.3399963378906,11.85,12.5,12.175,12.0,5.3,0.3188239505004882,0.57796,0.01478,-0.25556,0.32503,12.7011,54.7,147,344
GOOGL261023C00340000,GOOGL,2026-10-23,22,C,340.0,0.49,338.3399963378906,9.3,9.7,9.5,9.44,4.2,0.3094551477050781,0.50211,0.01552,-0.2506,0.33138,9.8499,47.2,1159,1002
GOOGL261023C00345000,GOOGL,2026-10-23,22,C,345.0,1.97,338.3399963378906,7.1,7.55,7.325,7.55,6.1,0.3082954913330078,0.4255,0.01531,-0.24307,0.32559,7.6484,39.6,410,1401
GOOGL261023C00350000,GOOGL,2026-10-23,22,C,350.0,3.45,338.3399963378906,5.55,5.75,5.65,5.6,3.5,0.3068306622314453,0.35193,0.01456,-0.22739,0.30829,5.8072,32.4,3380,1153
GOOGL261023C00355000,GOOGL,2026-10-23,22,C,355.0,4.92,338.3399963378906,4.1,4.55,4.325,4.26,10.4,0.3145820495605468,0.29029,0.01311,-0.21365,0.28447,4.5728,26.4,489,704
GOOGL261023C00360000,GOOGL,2026-10-23,22,C,360.0,6.4,338.3399963378906,3.05,3.35,3.2,3.15,9.4,0.3128120477294921,0.23019,0.01169,-0.18757,0.25234,3.3513,20.8,2137,1966
GOOGL261023C00365000,GOOGL,2026-10-23,22,C,365.0,7.88,338.3399963378906,2.2,2.5,2.35,2.4,12.8,0.31500929138183587,0.18118,0.01007,-0.16313,0.21886,2.4862,16.2,245,596
GOOGL261023C00370000,GOOGL,2026-10-23,22,C,370.0,9.36,338.3399963378906,1.72,1.91,1.815,1.85,10.5,0.32068550415039054,0.14317,0.00848,-0.14191,0.18771,1.8874,12.6,274,2114
GOOGL261023C00375000,GOOGL,2026-10-23,22,C,375.0,10.84,338.3399963378906,1.3,1.46,1.38,1.39,11.6,0.32642275146484373,0.11246,0.00705,-0.12174,0.15869,1.4306,9.8,297,1168
GOOGL261023C00380000,GOOGL,2026-10-23,22,C,380.0,12.31,338.3399963378906,0.99,1.02,1.005,1.03,3.0,0.32520206054687495,0.08313,0.00567,-0.09693,0.12712,0.9932,7.2,786,2130
GOOGL261023C00385000,GOOGL,2026-10-23,22,C,385.0,13.79,338.3399963378906,0.76,0.89,0.825,0.8,15.8,0.3413151806640625,0.07063,0.00477,-0.08964,0.11231,0.8588,6.0,78,1511
GOOGL261023C00390000,GOOGL,2026-10-23,22,C,390.0,15.27,338.3399963378906,0.59,0.73,0.66,0.66,21.2,0.3518131225585937,0.05774,0.00396,-0.07883,0.09601,0.6988,4.8,37,1715
GOOGL261023C00395000,GOOGL,2026-10-23,22,C,395.0,16.75,338.3399963378906,0.48,0.57,0.525,0.55,17.1,0.35816071533203125,0.04556,0.00322,-0.06637,0.07953,0.5406,3.8,36,402
GOOGL261023C00400000,GOOGL,2026-10-23,22,C,400.0,18.22,338.3399963378906,0.39,0.43,0.41,0.43,9.8,0.362311064453125,0.03511,0.00257,-0.05424,0.06435,0.4055,2.9,72,1129
GOOGL261023C00405000,GOOGL,2026-10-23,22,C,405.0,19.7,338.3399963378906,0.23,0.44,0.335,0.36,62.7,0.38550419189453117,0.03383,0.00235,-0.05589,0.06241,0.4127,2.7,1,83
GOOGL261023C00410000,GOOGL,2026-10-23,22,C,410.0,21.18,338.3399963378906,0.18,0.37,0.275,0.29,69.1,0.39502558105468755,0.02823,0.00197,-0.04925,0.05373,0.3441,2.3,9,578
GOOGL261023C00415000,GOOGL,2026-10-23,22,C,415.0,22.66,338.3399963378906,0.22,0.36,0.29,0.26,48.3,0.41358008300781246,0.02638,0.00178,-0.04868,0.05078,0.3332,2.1,4,66
GOOGL261023C00420000,GOOGL,2026-10-23,22,C,420.0,24.14,338.3399963378906,0.1,0.5,0.3,0.21,133.3,0.45752495605468757,0.03236,0.00191,-0.06372,0.06018,0.4629,2.5,2,443
GOOGL261023P00255000,GOOGL,2026-10-23,22,P,255.0,-24.63,338.3399963378906,0.04,0.16,0.1,0.16,120.0,0.5019581054687501,-0.00875,0.00057,-0.02214,0.0197,0.1268,1.2,2,9
GOOGL261023P00260000,GOOGL,2026-10-23,22,P,260.0,-23.15,338.3399963378906,0.01,0.22,0.115,0.11,182.6,0.4931691308593751,-0.01205,0.00076,-0.02871,0.02603,0.1775,1.6,4,35
GOOGL261023P00265000,GOOGL,2026-10-23,22,P,265.0,-21.68,338.3399963378906,0.04,0.19,0.115,0.11,130.4,0.45215391601562505,-0.01136,0.00079,-0.02498,0.02474,0.1519,1.5,2,34
GOOGL261023P00270000,GOOGL,2026-10-23,22,P,270.0,-20.2,338.3399963378906,0.17,0.25,0.21,0.23,38.1,0.43945873046875,-0.0151,0.00104,-0.03101,0.03163,0.2026,2.0,34,64
GOOGL261023P00275000,GOOGL,2026-10-23,22,P,275.0,-18.72,338.3399963378906,0.07,0.42,0.245,0.26,142.9,0.44482977050781247,-0.02415,0.00154,-0.04674,0.04716,0.3486,3.1,6,71
GOOGL261023P00280000,GOOGL,2026-10-23,22,P,280.0,-17.24,338.3399963378906,0.25,0.3,0.275,0.25,18.2,0.38892212646484375,-0.01993,0.00149,-0.03468,0.0401,0.2441,2.5,8,75
GOOGL261023P00285000,GOOGL,2026-10-23,22,P,285.0,-15.77,338.3399963378906,0.3,0.4,0.35,0.43,28.6,0.375982802734375,-0.02675,0.00198,-0.04287,0.05137,0.329,3.3,12,486
GOOGL261023P00290000,GOOGL,2026-10-23,22,P,290.0,-14.29,338.3399963378906,0.38,0.55,0.465,0.55,36.6,0.3654848608398438,-0.03673,0.00265,-0.05406,0.06678,0.4593,4.5,22,227
GOOGL261023P00295000,GOOGL,2026-10-23,22,P,295.0,-12.81,338.3399963378906,0.51,0.6,0.555,0.6,16.2,0.33789724609375,-0.04245,0.00322,-0.05606,0.07512,0.5005,5.1,12,3918
GOOGL261023P00300000,GOOGL,2026-10-23,22,P,300.0,-11.33,338.3399963378906,0.7,0.81,0.755,0.73,14.6,0.32520206054687495,-0.05746,0.00426,-0.06848,0.09564,0.6842,6.7,24,3149
GOOGL261023P00305000,GOOGL,2026-10-23,22,P,305.0,-9.85,338.3399963378906,0.97,1.1,1.035,1.03,12.6,0.3129951513671875,-0.07783,0.0056,-0.08304,0.12094,0.9412,9.0,216,836
GOOGL261023P00310000,GOOGL,2026-10-23,22,P,310.0,-8.38,338.3399963378906,1.39,1.7,1.545,1.48,20.1,0.3129951513671875,-0.11348,0.0074,-0.10924,0.15971,1.4824,12.9,132,3796
GOOGL261023P00315000,GOOGL,2026-10-23,22,P,315.0,-6.9,338.3399963378906,1.95,2.29,2.12,2.13,16.0,0.301764794921875,-0.15048,0.00932,-0.12731,0.19408,2.0219,16.8,129,1700
GOOGL261023P00320000,GOOGL,2026-10-23,22,P,320.0,-5.42,338.3399963378906,2.91,3.1,3.005,2.96,6.3,0.29175512939453113,-0.19835,0.01149,-0.14577,0.23139,2.7707,21.9,1167,1531
GOOGL261023P00325000,GOOGL,2026-10-23,22,P,325.0,-3.94,338.3399963378906,3.95,4.3,4.125,4.11,8.5,0.2867502966308593,-0.26081,0.01364,-0.16578,0.26987,3.8956,28.4,1138,1304
GOOGL261023P00330000,GOOGL,2026-10-23,22,P,330.0,-2.46,338.3399963378906,5.4,5.85,5.625,5.55,8.0,0.2821727056884765,-0.3337,0.01552,-0.18081,0.30216,5.3655,35.9,285,1540
GOOGL261023P00335000,GOOGL,2026-10-23,22,P,335.0,-0.99,338.3399963378906,7.55,7.8,7.675,7.8,3.3,0.27814442565917963,-0.41499,0.01687,-0.18853,0.32383,7.2345,44.2,286,880
GOOGL261023P00340000,GOOGL,2026-10-23,22,P,340.0,0.49,338.3399963378906,9.6,10.4,10.0,10.0,8.0,0.2811961529541015,-0.50058,0.01708,-0.19215,0.33138,9.7547,52.8,464,773
GOOGL261023P00345000,GOOGL,2026-10-23,22,P,345.0,1.97,338.3399963378906,12.45,13.35,12.9,13.1,7.0,0.2823558093261719,-0.58385,0.01663,-0.18491,0.32403,12.635,61.1,166,458
GOOGL261023P00350000,GOOGL,2026-10-23,22,P,350.0,3.45,338.3399963378906,15.3,16.6,15.95,15.83,8.2,0.28076891113281244,-0.66352,0.01565,-0.1671,0.30314,15.8274,68.8,30,634
GOOGL261023P00355000,GOOGL,2026-10-23,22,P,355.0,4.92,338.3399963378906,18.8,20.7,19.75,18.59,9.6,0.2967599621582031,-0.72248,0.0136,-0.15881,0.27841,19.8762,74.6,2,298
GOOGL261023P00360000,GOOGL,2026-10-23,22,P,360.0,6.4,338.3399963378906,22.85,24.7,23.775,25.18,7.8,0.30060513854980464,-0.77972,0.01187,-0.13663,0.24613,23.8401,80.1,10,237
GOOGL261023P00365000,GOOGL,2026-10-23,22,P,365.0,7.88,338.3399963378906,27.7,28.85,28.275,27.75,4.1,0.30084927673339845,-0.83079,0.0101,-0.10942,0.20957,27.9639,84.9,2,67
GOOGL261023P00370000,GOOGL,2026-10-23,22,P,370.0,9.36,338.3399963378906,32.35,33.5,32.925,32.65,3.5,0.31702343139648437,-0.8598,0.00846,-0.09789,0.18507,32.5881,87.6,2,32
GOOGL261023P00375000,GOOGL,2026-10-23,22,P,375.0,10.84,338.3399963378906,36.45,38.65,37.55,32.4,5.9,0.35718416259765623,-0.86473,0.00733,-0.11041,0.1806,37.7103,88.3,1,12
GOOGL261023P00380000,GOOGL,2026-10-23,22,P,380.0,12.31,338.3399963378906,40.6,43.25,41.925,42.5,6.3,0.36438623901367195,-0.88996,0.00621,-0.09175,0.15623,42.2946,90.6,2,162
GOOGL261023P00385000,GOOGL,2026-10-23,22,P,385.0,13.79,338.3399963378906,45.4,48.15,46.775,42.09,5.9,0.38672488281249995,-0.9011,0.00542,-0.08851,0.1446,47.1766,91.7,1,0
GOOGL261023P00390000,GOOGL,2026-10-23,22,P,390.0,15.27,338.3399963378906,50.05,53.4,51.725,61.25,6.5,0.4312801013183594,-0.8973,0.00499,-0.10668,0.14864,52.3979,91.5,0,5
GOOGL261023P00400000,GOOGL,2026-10-23,22,P,400.0,18.22,338.3399963378906,59.6,63.3,61.45,56.19,6.0,0.47864290893554684,-0.91075,0.00406,-0.10523,0.13405,62.2637,92.8,1,4
GOOGL261023P00410000,GOOGL,2026-10-23,22,P,410.0,21.18,338.3399963378906,69.6,73.1,71.35,66.41,4.9,0.5140429455566407,-0.92507,0.00331,-0.09508,0.1175,72.0369,94.1,1,0
GOOGL261030C00260000,GOOGL,2026-10-30,29,C,260.0,-23.15,338.3399963378906,78.5,81.8,80.15,79.25,4.1,0.6374547973632813,0.94217,0.0019,-0.14738,0.11036,80.7794,91.8,1,1
GOOGL261030C00265000,GOOGL,2026-10-30,29,C,265.0,-21.68,338.3399963378906,73.7,76.8,75.25,79.02,4.1,0.608524422607422,0.93683,0.00214,-0.1505,0.11827,75.8858,91.3,1,2
GOOGL261030C00270000,GOOGL,2026-10-30,29,C,270.0,-20.2,338.3399963378906,68.35,71.95,70.15,70.46,5.1,0.5642133422851563,0.93552,0.00234,-0.14382,0.12017,70.8081,91.3,1,1
GOOGL261030C00275000,GOOGL,2026-10-30,29,C,275.0,-18.72,338.3399963378906,63.85,67.1,65.475,80.07,5.0,0.5510298803710938,0.92402,0.00272,-0.15654,0.13634,66.1223,89.9,1,2
GOOGL261030C00280000,GOOGL,2026-10-30,29,C,280.0,-17.24,338.3399963378906,59.05,62.25,60.65,63.95,5.3,0.5252733020019531,0.91524,0.0031,-0.16133,0.14808,61.2971,89.0,29,80
GOOGL261030C00285000,GOOGL,2026-10-30,29,C,285.0,-15.77,338.3399963378906,54.2,57.35,55.775,58.83,5.6,0.5784954260253907,0.87558,0.00372,-0.2213,0.19569,57.9046,83.9,1,4
GOOGL261030C00290000,GOOGL,2026-10-30,29,C,290.0,-14.29,338.3399963378906,50.2,52.85,51.525,49.91,5.1,0.5600629931640625,0.85896,0.00419,-0.232,0.21334,53.3912,82.1,5,7
GOOGL261030C00295000,GOOGL,2026-10-30,29,C,295.0,-12.81,338.3399963378906,44.9,48.25,46.575,56.6,7.2,0.5347336566162109,0.84276,0.00472,-0.23741,0.22941,48.7817,80.4,1,6
GOOGL261030C00300000,GOOGL,2026-10-30,29,C,300.0,-11.33,338.3399963378906,41.15,43.55,42.35,41.14,5.7,0.5036670727539063,0.82652,0.00534,-0.23812,0.24448,44.0789,78.8,7,203
GOOGL261030C00305000,GOOGL,2026-10-30,29,C,305.0,-9.85,338.3399963378906,36.95,38.75,37.85,40.25,4.8,0.4674125524902344,0.80986,0.00609,-0.23438,0.25891,39.2786,77.2,1,24
GOOGL261030C00310000,GOOGL,2026-10-30,29,C,310.0,-8.38,338.3399963378906,33.0,34.35,33.675,33.6,4.0,0.44385321777343745,0.78441,0.00691,-0.23885,0.2791,34.8603,74.6,19,197
GOOGL261030C00315000,GOOGL,2026-10-30,29,C,315.0,-6.9,338.3399963378906,28.65,30.05,29.35,29.33,4.8,0.420476986694336,0.75464,0.00785,-0.24215,0.30004,30.5385,71.6,5,25
GOOGL261030C00320000,GOOGL,2026-10-30,29,C,320.0,-5.42,338.3399963378906,25.05,27.1,26.075,26.4,7.9,0.4337214831542969,0.70643,0.00832,-0.26869,0.32832,27.519,66.3,18,62
GOOGL261030C00325000,GOOGL,2026-10-30,29,C,325.0,-3.94,338.3399963378906,21.3,24.0,22.65,22.59,11.9,0.43469803588867195,0.66111,0.00883,-0.28341,0.349,24.3661,61.5,19,147
GOOGL261030C00330000,GOOGL,2026-10-30,29,C,330.0,-2.46,338.3399963378906,18.75,19.35,19.05,19.4,3.1,0.3876098837280273,0.62254,0.01028,-0.26309,0.36237,19.7078,58.0,79,506
GOOGL261030C00335000,GOOGL,2026-10-30,29,C,335.0,-0.99,338.3399963378906,15.95,16.45,16.2,16.19,3.1,0.38245246459960935,0.56962,0.01077,-0.26633,0.37466,16.7573,52.7,130,560
GOOGL261030C00340000,GOOGL,2026-10-30,29,C,340.0,0.49,338.3399963378906,13.55,14.05,13.8,13.84,3.6,0.3833679827880859,0.51522,0.0109,-0.26883,0.38019,14.3025,47.2,750,1088
GOOGL261030C00345000,GOOGL,2026-10-30,29,C,345.0,1.97,338.3399963378906,11.35,11.8,11.575,11.78,3.9,0.38129280822753897,0.46094,0.01092,-0.26469,0.37864,12.0045,41.9,946,836
GOOGL261030C00350000,GOOGL,2026-10-30,29,C,350.0,3.45,338.3399963378906,9.6,9.85,9.725,9.6,2.6,0.38031625549316406,0.40795,0.01071,-0.25684,0.37029,10.0113,36.7,1695,3170
GOOGL261030C00355000,GOOGL,2026-10-30,29,C,355.0,4.92,338.3399963378906,7.8,8.1,7.95,7.91,3.8,0.3779969427490234,0.35643,0.01034,-0.24404,0.35555,8.2224,31.8,339,1018
GOOGL261030C00360000,GOOGL,2026-10-30,29,C,360.0,6.4,338.3399963378906,6.5,6.65,6.575,6.6,2.3,0.37756970092773434,0.30854,0.00978,-0.22928,0.33576,6.7397,27.2,567,782
GOOGL261030C00365000,GOOGL,2026-10-30,29,C,365.0,7.88,338.3399963378906,5.15,5.55,5.35,5.3,7.5,0.3815369464111328,0.26699,0.00904,-0.21555,0.31356,5.6121,23.3,254,906
GOOGL261030C00370000,GOOGL,2026-10-30,29,C,370.0,9.36,338.3399963378906,4.4,4.45,4.425,4.42,1.1,0.37964487548828124,0.22581,0.0083,-0.19548,0.28661,4.4908,19.5,447,1567
GOOGL261030C00375000,GOOGL,2026-10-30,29,C,375.0,10.84,338.3399963378906,3.5,3.7,3.6,3.65,5.6,0.3842835009765625,0.19318,0.00748,-0.17998,0.26144,3.7229,16.5,714,1151
GOOGL261030C00380000,GOOGL,2026-10-30,29,C,380.0,12.31,338.3399963378906,2.74,3.05,2.895,2.86,10.7,0.38794557373046873,0.164,0.00668,-0.16347,0.2358,3.0597,13.8,923,1599
GOOGL261030C00385000,GOOGL,2026-10-30,29,C,385.0,13.79,338.3399963378906,2.25,2.55,2.4,2.45,12.5,0.3934386828613281,0.13988,0.00593,-0.14882,0.21215,2.5485,11.7,404,578
GOOGL261030C00390000,GOOGL,2026-10-30,29,C,390.0,15.27,338.3399963378906,1.88,1.99,1.935,1.92,5.7,0.3913635083007812,0.11427,0.00518,-0.12836,0.18428,1.9829,9.4,251,719
GOOGL261030C00395000,GOOGL,2026-10-30,29,C,395.0,16.75,338.3399963378906,1.53,1.64,1.585,1.58,6.9,0.39563592651367196,0.09609,0.00452,-0.11426,0.16255,1.6275,7.8,92,520
GOOGL261030C00400000,GOOGL,2026-10-30,29,C,400.0,18.22,338.3399963378906,1.2,1.3,1.25,1.3,8.0,0.3963683410644532,0.07866,0.00388,-0.09844,0.13998,1.2859,6.4,1035,1180
GOOGL261030C00405000,GOOGL,2026-10-30,29,C,405.0,19.7,338.3399963378906,0.94,1.1,1.02,1.02,15.7,0.4030821411132813,0.06706,0.00338,-0.08846,0.12388,1.0835,5.4,16,211
GOOGL261030C00410000,GOOGL,2026-10-30,29,C,410.0,21.18,338.3399963378906,0.8,0.95,0.875,0.8,17.1,0.411138701171875,0.05794,0.00296,-0.0804,0.11053,0.9311,4.6,57,307
GOOGL261030C00415000,GOOGL,2026-10-30,29,C,415.0,22.66,338.3399963378906,0.57,0.74,0.655,0.71,26.0,0.4106504248046875,0.04657,0.00249,-0.06744,0.09293,0.7225,3.6,3,153
GOOGL261030C00420000,GOOGL,2026-10-30,29,C,420.0,24.14,338.3399963378906,0.51,0.68,0.595,0.59,28.6,0.422857333984375,0.04203,0.00222,-0.06385,0.08554,0.6604,3.2,52,243
GOOGL261030P00255000,GOOGL,2026-10-30,29,P,255.0,-24.63,338.3399963378906,0.11,0.58,0.345,0.15,136.2,0.5358933129882812,-0.0245,0.00112,-0.04966,0.05479,0.4974,3.5,5,72
GOOGL261030P00260000,GOOGL,2026-10-30,29,P,260.0,-23.15,338.3399963378906,0.22,0.64,0.43,0.22,97.7,0.5136767382812499,-0.02785,0.00131,-0.05294,0.06101,0.5507,3.8,1,9
GOOGL261030P00265000,GOOGL,2026-10-30,29,P,265.0,-21.68,338.3399963378906,0.28,0.46,0.37,0.42,48.6,0.4545952978515625,-0.02299,0.00126,-0.03982,0.05195,0.3894,3.1,5,91
GOOGL261030P00270000,GOOGL,2026-10-30,29,P,270.0,-20.2,338.3399963378906,0.45,0.56,0.505,0.5,21.8,0.4401911450195312,-0.02832,0.00154,-0.04584,0.06185,0.4773,3.7,14,282
GOOGL261030P00275000,GOOGL,2026-10-30,29,P,275.0,-18.72,338.3399963378906,0.54,0.69,0.615,0.55,24.4,0.4265194067382813,-0.0351,0.0019,-0.05295,0.07386,0.5906,4.5,187,92
GOOGL261030P00280000,GOOGL,2026-10-30,29,P,280.0,-17.24,338.3399963378906,0.73,0.85,0.79,0.83,15.2,0.41309180664062495,-0.04355,0.00234,-0.06101,0.08804,0.7327,5.5,9,101
GOOGL261030P00285000,GOOGL,2026-10-30,29,P,285.0,-15.77,338.3399963378906,0.88,1.07,0.975,1.03,19.5,0.40161731201171874,-0.05478,0.0029,-0.0711,0.10575,0.9296,6.9,144,161
GOOGL261030P00290000,GOOGL,2026-10-30,29,P,290.0,-14.29,338.3399963378906,1.24,1.37,1.305,1.3,10.0,0.3918517846679687,-0.06946,0.00357,-0.08329,0.12729,1.1983,8.5,60,1713
GOOGL261030P00295000,GOOGL,2026-10-30,29,P,295.0,-12.81,338.3399963378906,1.58,1.7,1.64,1.66,7.3,0.3794007373046875,-0.08613,0.00434,-0.09469,0.14988,1.4972,10.4,3834,484
GOOGL261030P00300000,GOOGL,2026-10-30,29,P,300.0,-11.33,338.3399963378906,2.06,2.24,2.15,2.06,8.4,0.3738465936279296,-0.11044,0.00529,-0.11161,0.17985,1.9913,13.2,205,793
GOOGL261030P00305000,GOOGL,2026-10-30,29,P,305.0,-9.85,338.3399963378906,2.71,2.96,2.835,2.8,8.8,0.370123486328125,-0.14074,0.00633,-0.13044,0.21303,2.6562,16.5,110,6755
GOOGL261030P00310000,GOOGL,2026-10-30,29,P,310.0,-8.38,338.3399963378906,3.55,3.85,3.7,3.64,8.1,0.366217275390625,-0.17623,0.00741,-0.149,0.24693,3.4852,20.4,186,1023
GOOGL261030P00315000,GOOGL,2026-10-30,29,P,315.0,-6.9,338.3399963378906,4.55,4.7,4.625,4.7,3.2,0.3541324353027343,-0.21249,0.00859,-0.16063,0.27676,4.2799,24.3,338,1131
GOOGL261030P00320000,GOOGL,2026-10-30,29,P,320.0,-5.42,338.3399963378906,5.8,6.1,5.95,6.0,5.0,0.3537662280273437,-0.26089,0.00963,-0.17872,0.30989,5.6053,29.4,371,1868
GOOGL261030P00325000,GOOGL,2026-10-30,29,P,325.0,-3.94,338.3399963378906,7.3,7.7,7.5,7.29,5.3,0.3513858807373046,-0.31287,0.01057,-0.19227,0.3378,7.1291,34.9,217,873
GOOGL261030P00330000,GOOGL,2026-10-30,29,P,330.0,-2.46,338.3399963378906,9.25,9.5,9.375,9.44,2.7,0.3469913934326171,-0.36822,0.01139,-0.20046,0.35951,8.8543,40.6,490,1635
GOOGL261030P00335000,GOOGL,2026-10-30,29,P,335.0,-0.99,338.3399963378906,11.15,11.75,11.45,11.6,5.2,0.3469913934326171,-0.42747,0.01186,-0.20679,0.37416,11.0265,46.6,323,825
GOOGL261030P00340000,GOOGL,2026-10-30,29,P,340.0,0.49,338.3399963378906,13.9,14.35,14.125,13.9,3.2,0.3482731188964844,-0.48739,0.01201,-0.20879,0.38028,13.5493,52.7,652,2851
GOOGL261030P00345000,GOOGL,2026-10-30,29,P,345.0,1.97,338.3399963378906,16.0,17.1,16.55,16.76,6.6,0.34589277160644527,-0.5472,0.01201,-0.20324,0.3778,16.2308,58.6,176,393
GOOGL261030P00350000,GOOGL,2026-10-30,29,P,350.0,3.45,338.3399963378906,19.2,20.0,19.6,19.6,4.1,0.3398503515625,-0.60743,0.01186,-0.19019,0.36659,19.0694,64.4,72,10777
GOOGL261030P00355000,GOOGL,2026-10-30,29,P,355.0,4.92,338.3399963378906,22.15,24.2,23.175,23.21,8.8,0.3624331335449219,-0.65111,0.0107,-0.1938,0.35284,23.2047,68.8,29,343
GOOGL261030P00360000,GOOGL,2026-10-30,29,P,360.0,6.4,338.3399963378906,25.45,27.2,26.325,26.1,6.6,0.3443669079589844,-0.71158,0.0104,-0.16408,0.32561,26.1588,74.4,50,99
GOOGL261030P00365000,GOOGL,2026-10-30,29,P,365.0,7.88,338.3399963378906,29.2,31.7,30.45,30.33,8.2,0.3653017572021484,-0.74352,0.00924,-0.16254,0.30716,30.61,77.6,4,68
GOOGL261030P00370000,GOOGL,2026-10-30,29,P,370.0,9.36,338.3399963378906,33.45,35.9,34.675,32.0,7.1,0.37244279907226563,-0.77915,0.00835,-0.14903,0.28301,34.7716,80.9,1,89
GOOGL261030P00375000,GOOGL,2026-10-30,29,P,375.0,10.84,338.3399963378906,36.95,40.2,38.575,35.9,8.4,0.37830211547851555,-0.81101,0.0075,-0.1339,0.25795,39.0377,83.8,24,34
GOOGL261030P00380000,GOOGL,2026-10-30,29,P,380.0,12.31,338.3399963378906,41.3,44.4,42.85,42.14,7.2,0.37476211181640623,-0.84527,0.00666,-0.11059,0.22699,43.2089,86.9,2,88
GOOGL261030P00385000,GOOGL,2026-10-30,29,P,385.0,13.79,338.3399963378906,46.9,48.4,47.65,36.6,3.1,0.35278967529296873,-0.88829,0.00565,-0.07218,0.18132,47.1854,90.6,30,37
GOOGL261030P00390000,GOOGL,2026-10-30,29,P,390.0,15.27,338.3399963378906,50.45,53.9,52.175,48.0,6.6,0.4046080047607422,-0.87719,0.00527,-0.09698,0.19391,52.6559,89.9,1,1
GOOGL261030P00395000,GOOGL,2026-10-30,29,P,395.0,16.75,338.3399963378906,55.05,58.35,56.7,41.93,5.8,0.3988707574462891,-0.90194,0.00455,-0.07377,0.16499,57.0871,92.0,0,1
GOOGL261030P00400000,GOOGL,2026-10-30,29,P,400.0,18.22,338.3399963378906,59.85,63.2,61.525,58.0,5.4,0.41272559936523434,-0.91206,0.00406,-0.06772,0.15222,61.9157,92.9,1,2
GOOGL261106C00290000,GOOGL,2026-11-06,36,C,290.0,-14.29,338.3399963378906,50.6,52.3,51.45,52.3,3.3,0.4818167053222656,0.86877,0.00416,-0.1778,0.22625,53.0906,83.4,1,1
GOOGL261106C00300000,GOOGL,2026-11-06,36,C,300.0,-11.33,338.3399963378906,41.6,44.15,42.875,43.54,5.9,0.4742484216308594,0.81818,0.00524,-0.21023,0.28058,44.8719,77.6,1,9
GOOGL261106C00320000,GOOGL,2026-11-06,36,C,320.0,-5.42,338.3399963378906,26.5,27.6,27.05,27.5,4.1,0.4037535211181641,0.70334,0.00806,-0.22911,0.36757,28.2114,65.8,3,49
GOOGL261106C00330000,GOOGL,2026-11-06,36,C,330.0,-2.46,338.3399963378906,20.25,21.0,20.625,21.0,3.6,0.38886109191894536,0.61705,0.00924,-0.23954,0.40553,21.5109,57.0,12,22
GOOGL261106C00335000,GOOGL,2026-11-06,36,C,335.0,-0.99,338.3399963378906,17.1,19.2,18.15,18.01,11.6,0.4090024920654296,0.56835,0.00904,-0.25618,0.41767,19.6361,51.7,54,14
GOOGL261106C00340000,GOOGL,2026-11-06,36,C,340.0,0.49,338.3399963378906,15.0,15.95,15.475,15.7,6.1,0.38941040283203127,0.52129,0.00963,-0.24648,0.4233,16.3447,47.3,189,74
GOOGL261106C00345000,GOOGL,2026-11-06,36,C,345.0,1.97,338.3399963378906,12.65,13.55,13.1,13.3,6.9,0.3842835009765625,0.4727,0.00975,-0.24172,0.42291,13.8926,42.5,390,68
GOOGL261106C00350000,GOOGL,2026-11-06,36,C,350.0,3.45,338.3399963378906,10.85,11.7,11.275,11.37,7.5,0.3866943655395507,0.42631,0.00954,-0.23827,0.41665,11.9921,37.9,101,92
GOOGL261106C00355000,GOOGL,2026-11-06,36,C,355.0,4.92,338.3399963378906,8.5,10.1,9.3,9.1,17.2,0.3899597137451172,0.38246,0.00921,-0.2326,0.40537,10.3447,33.7,34,41
GOOGL261106C00360000,GOOGL,2026-11-06,36,C,360.0,6.4,338.3399963378906,7.5,8.35,7.925,7.85,10.7,0.38440557006835935,0.33689,0.00894,-0.21868,0.38796,8.5544,29.4,77,225
GOOGL261106C00365000,GOOGL,2026-11-06,36,C,365.0,7.88,338.3399963378906,6.35,7.25,6.8,7.0,13.2,0.3906921282958984,0.29991,0.00837,-0.21075,0.3694,7.4178,25.9,26,89
GOOGL261106C00370000,GOOGL,2026-11-06,36,C,370.0,9.36,338.3399963378906,5.25,5.9,5.575,5.58,11.7,0.38544315734863277,0.25919,0.00791,-0.19316,0.34411,6.0355,22.2,49,54
GOOGL261106C00375000,GOOGL,2026-11-06,36,C,375.0,10.84,338.3399963378906,4.25,4.95,4.6,4.75,15.2,0.38684695190429685,0.22556,0.00731,-0.17927,0.31913,5.0566,19.1,40,74
GOOGL261106C00380000,GOOGL,2026-11-06,36,C,380.0,12.31,338.3399963378906,3.65,3.85,3.75,3.77,5.3,0.37842418457031246,0.18823,0.00671,-0.15723,0.28669,3.9343,15.8,41,151
GOOGL261106C00385000,GOOGL,2026-11-06,36,C,385.0,13.79,338.3399963378906,2.93,3.25,3.09,3.15,10.4,0.38233039550781245,0.16279,0.00606,-0.14452,0.26147,3.3135,13.5,38,58
GOOGL261106C00390000,GOOGL,2026-11-06,36,C,390.0,15.27,338.3399963378906,2.39,2.82,2.605,2.52,16.5,0.38959350646972657,0.14278,0.00545,-0.13467,0.23967,2.8691,11.7,40,85
GOOGL261106C00395000,GOOGL,2026-11-06,36,C,395.0,16.75,338.3399963378906,1.96,2.18,2.07,2.1,10.6,0.3839172937011719,0.11679,0.00481,-0.11528,0.20853,2.2158,9.5,5,105
GOOGL261106C00400000,GOOGL,2026-11-06,36,C,400.0,18.22,338.3399963378906,1.7,1.94,1.82,1.84,13.2,0.393560751953125,0.1037,0.00431,-0.10829,0.19147,1.9663,8.3,64,255
GOOGL261106C00405000,GOOGL,2026-11-06,36,C,405.0,19.7,338.3399963378906,1.21,1.61,1.41,1.51,28.4,0.39588006469726567,0.0881,0.0038,-0.09647,0.16983,1.6281,7.0,4,83
GOOGL261106C00410000,GOOGL,2026-11-06,36,C,410.0,21.18,338.3399963378906,0.97,1.26,1.115,1.1,26.0,0.3930724755859375,0.0718,0.00328,-0.08195,0.14548,1.2705,5.6,12,76
GOOGL261106C00420000,GOOGL,2026-11-06,36,C,420.0,24.14,338.3399963378906,0.76,0.9,0.83,1.27,16.9,0.40161731201171874,0.05264,0.00252,-0.06553,0.11417,0.9034,4.0,1,25
GOOGL261106P00255000,GOOGL,2026-11-06,36,P,255.0,-24.63,338.3399963378906,0.01,0.67,0.34,0.29,194.1,0.495122236328125,-0.02732,0.0012,-0.04492,0.06688,0.5807,3.9,4,4
GOOGL261106P00260000,GOOGL,2026-11-06,36,P,260.0,-23.15,338.3399963378906,0.01,0.72,0.365,0.35,194.5,0.4726615234375,-0.03039,0.00137,-0.04678,0.07309,0.6247,4.2,1,3
GOOGL261106P00270000,GOOGL,2026-11-06,36,P,270.0,-20.2,338.3399963378906,0.47,0.74,0.605,0.65,44.6,0.4177304321289062,-0.03472,0.00173,-0.04597,0.08157,0.6391,4.6,5,28
GOOGL261106P00275000,GOOGL,2026-11-06,36,P,275.0,-18.72,338.3399963378906,0.64,0.88,0.76,0.84,31.6,0.40344834838867194,-0.04178,0.00208,-0.05152,0.09485,0.7629,5.4,4,57
GOOGL261106P00280000,GOOGL,2026-11-06,36,P,280.0,-17.24,338.3399963378906,0.96,1.09,1.025,1.03,12.7,0.39258419921875,-0.05169,0.00254,-0.05933,0.11252,0.9496,6.6,109,19
GOOGL261106P00285000,GOOGL,2026-11-06,36,P,285.0,-15.77,338.3399963378906,1.17,1.37,1.27,1.29,15.7,0.3833069482421875,-0.06449,0.00309,-0.06876,0.1339,1.201,8.1,107,52
GOOGL261106P00290000,GOOGL,2026-11-06,36,P,290.0,-14.29,338.3399963378906,1.58,1.73,1.655,1.65,9.1,0.3748841809082031,-0.08048,0.00375,-0.07947,0.15868,1.5264,10.0,19,304
GOOGL261106P00295000,GOOGL,2026-11-06,36,P,295.0,-12.81,338.3399963378906,1.94,2.24,2.09,2.08,14.4,0.36975727905273437,-0.1016,0.00452,-0.0929,0.18866,1.9919,12.4,26,116
GOOGL261106P00300000,GOOGL,2026-11-06,36,P,300.0,-11.33,338.3399963378906,2.54,2.83,2.685,2.69,10.8,0.3627993408203125,-0.12566,0.00536,-0.10569,0.21954,2.5319,15.1,92,1830
GOOGL261106P00305000,GOOGL,2026-11-06,36,P,305.0,-9.85,338.3399963378906,3.25,3.7,3.475,3.4,12.9,0.36151761535644533,-0.15739,0.00627,-0.12222,0.25577,3.3389,18.6,108,756
GOOGL261106P00310000,GOOGL,2026-11-06,36,P,310.0,-8.38,338.3399963378906,4.25,4.5,4.375,4.5,5.7,0.35169105346679685,-0.18863,0.00723,-0.13278,0.28706,4.0818,22.0,137,620
GOOGL261106P00315000,GOOGL,2026-11-06,36,P,315.0,-6.9,338.3399963378906,5.45,5.8,5.625,5.8,6.2,0.35217932983398437,-0.23049,0.00812,-0.14888,0.32303,5.3037,26.5,141,613
GOOGL261106P00320000,GOOGL,2026-11-06,36,P,320.0,-5.42,338.3399963378906,6.5,7.2,6.85,7.05,10.2,0.3487919125366211,-0.2744,0.00899,-0.16067,0.35417,6.6255,31.2,353,307
GOOGL261106P00325000,GOOGL,2026-11-06,36,P,325.0,-3.94,338.3399963378906,8.55,9.0,8.775,7.9,5.1,0.34961587890624996,-0.32377,0.00967,-0.17249,0.38184,8.3389,36.4,56,98
GOOGL261106P00330000,GOOGL,2026-11-06,36,P,330.0,-2.46,338.3399963378906,10.2,10.85,10.525,10.5,6.2,0.3452213916015625,-0.37418,0.01033,-0.17808,0.40264,10.1077,41.6,306,358
GOOGL261106P00335000,GOOGL,2026-11-06,36,P,335.0,-0.99,338.3399963378906,12.6,13.45,13.025,12.82,6.5,0.35242346801757807,-0.42833,0.01048,-0.18687,0.41705,12.6155,47.2,87,785
GOOGL261106P00340000,GOOGL,2026-11-06,36,P,340.0,0.49,338.3399963378906,14.75,15.65,15.2,15.15,5.9,0.3438786315917969,-0.48197,0.01091,-0.18277,0.42347,14.7382,52.5,48,157
GOOGL261106P00345000,GOOGL,2026-11-06,36,P,345.0,1.97,338.3399963378906,17.45,18.75,18.1,18.09,7.2,0.3502262243652343,-0.53441,0.01068,-0.18367,0.42233,17.7548,57.8,137,76
GOOGL261106P00350000,GOOGL,2026-11-06,36,P,350.0,3.45,338.3399963378906,20.6,22.2,21.4,20.85,7.5,0.35907623352050777,-0.58281,0.01023,-0.18291,0.41474,21.1259,62.6,13,60
GOOGL261106P00355000,GOOGL,2026-11-06,36,P,355.0,4.92,338.3399963378906,23.65,24.75,24.2,24.37,4.5,0.3402165588378906,-0.6404,0.01034,-0.16144,0.39738,23.6091,68.0,19,29
GOOGL261106P00360000,GOOGL,2026-11-06,36,P,360.0,6.4,338.3399963378906,26.95,29.2,28.075,27.75,8.0,0.3635317553710938,-0.67432,0.00933,-0.16519,0.38276,27.9924,71.4,13,13
GOOGL261106P00370000,GOOGL,2026-11-06,36,P,370.0,9.36,338.3399963378906,34.9,36.25,35.575,35.25,3.8,0.34632001342773433,-0.76785,0.00829,-0.1237,0.32433,34.9294,80.0,2,7
GOOGL261106P00390000,GOOGL,2026-11-06,36,P,390.0,15.27,338.3399963378906,52.25,54.0,53.125,48.6,3.3,0.36890279541015625,-0.87171,0.00535,-0.07604,0.22273,52.5149,89.4,2,2
GOOGL261106P00395000,GOOGL,2026-11-06,36,P,395.0,16.75,338.3399963378906,55.45,58.85,57.15,55.57,5.9,0.3845276391601562,-0.8828,0.00481,-0.07263,0.20904,57.3333,90.5,1,1
GOOGL261120C00255000,GOOGL,2026-11-20,50,C,255.0,-24.63,338.3399963378906,84.6,87.65,86.125,94.9,3.5,0.5756878369140624,0.92778,0.00191,-0.12398,0.17222,87.2599,89.4,1,270
GOOGL261120C00260000,GOOGL,2026-11-20,50,C,260.0,-23.15,338.3399963378906,79.45,82.8,81.125,81.62,4.1,0.5449264257812501,0.92419,0.00209,-0.12264,0.17872,82.2827,89.1,1,262
GOOGL261120C00265000,GOOGL,2026-11-20,50,C,265.0,-21.68,338.3399963378906,74.95,77.95,76.45,85.07,3.9,0.5304612384033205,0.91473,0.00235,-0.12902,0.19532,77.6088,88.0,3,112
GOOGL261120C00270000,GOOGL,2026-11-20,50,C,270.0,-20.2,338.3399963378906,70.75,73.1,71.925,84.28,3.3,0.5210008837890624,0.90233,0.00264,-0.13799,0.21602,73.076,86.5,2,744
GOOGL261120C00275000,GOOGL,2026-11-20,50,C,275.0,-18.72,338.3399963378906,66.25,68.4,67.325,68.9,3.2,0.5061084545898438,0.89055,0.00296,-0.14426,0.23462,68.4732,85.1,1,78
GOOGL261120C00280000,GOOGL,2026-11-20,50,C,280.0,-17.24,338.3399963378906,60.95,63.5,62.225,62.43,4.1,0.5176439837646485,0.86698,0.00332,-0.16438,0.26913,64.6042,82.1,17,540
GOOGL261120C00285000,GOOGL,2026-11-20,50,C,285.0,-15.77,338.3399963378906,56.9,59.3,58.1,67.55,4.1,0.510869149169922,0.8487,0.00367,-0.17487,0.29366,60.3815,80.0,17,183
GOOGL261120C00290000,GOOGL,2026-11-20,50,C,290.0,-14.29,338.3399963378906,51.65,53.65,52.65,51.0,3.8,0.4559990924072266,0.84857,0.00411,-0.15944,0.29382,54.7776,80.6,17,446
GOOGL261120C00295000,GOOGL,2026-11-20,50,C,295.0,-12.81,338.3399963378906,48.2,49.8,49.0,58.65,3.3,0.4573418524169922,0.82299,0.00453,-0.17364,0.32514,50.887,77.6,39,223
GOOGL261120C00300000,GOOGL,2026-11-20,50,C,300.0,-11.33,338.3399963378906,43.6,44.55,44.075,44.92,2.2,0.4154111193847656,0.81454,0.00514,-0.16427,0.33478,45.6588,77.1,225,1205
GOOGL261120C00305000,GOOGL,2026-11-20,50,C,305.0,-9.85,338.3399963378906,40.15,41.45,40.8,40.4,3.2,0.4309749285888672,0.77771,0.00552,-0.18493,0.37299,42.4855,72.7,7,387
GOOGL261120C00310000,GOOGL,2026-11-20,50,C,310.0,-8.38,338.3399963378906,36.15,37.2,36.675,37.23,2.9,0.4122983575439453,0.75348,0.00611,-0.1866,0.39498,38.2109,70.3,28,548
GOOGL261120C00315000,GOOGL,2026-11-20,50,C,315.0,-6.9,338.3399963378906,31.9,34.05,32.975,33.6,6.5,0.4168149139404296,0.71769,0.00647,-0.19918,0.42321,34.9984,66.3,3,386
GOOGL261120C00320000,GOOGL,2026-11-20,50,C,320.0,-5.42,338.3399963378906,28.85,30.4,29.625,29.9,5.2,0.40582869567871094,0.68531,0.00699,-0.20243,0.44466,31.3042,63.0,43,1258
GOOGL261120C00325000,GOOGL,2026-11-20,50,C,325.0,-3.94,338.3399963378906,25.6,26.55,26.075,26.5,3.6,0.3873962628173828,0.6519,0.00762,-0.2005,0.46291,27.4135,59.8,87,1870
GOOGL261120C00330000,GOOGL,2026-11-20,50,C,330.0,-2.46,338.3399963378906,22.95,23.05,23.0,23.31,0.4,0.37317521362304684,0.61388,0.00819,-0.19893,0.47908,23.8636,56.0,379,3215
GOOGL261120C00335000,GOOGL,2026-11-20,50,C,335.0,-0.99,338.3399963378906,20.25,20.55,20.4,20.4,1.5,0.3753724572753906,0.57155,0.00835,-0.20336,0.49152,21.2937,51.7,360,2027
GOOGL261120C00340000,GOOGL,2026-11-20,50,C,340.0,0.49,338.3399963378906,17.8,18.05,17.925,17.9,1.4,0.37329728271484375,0.52922,0.00851,-0.20356,0.49824,18.7279,47.4,1187,5960
GOOGL261120C00345000,GOOGL,2026-11-20,50,C,345.0,1.97,338.3399963378906,15.55,15.7,15.625,15.65,1.0,0.37009296905517575,0.48651,0.0086,-0.20104,0.49929,16.3146,43.2,1597,5995
GOOGL261120C00350000,GOOGL,2026-11-20,50,C,350.0,3.45,338.3399963378906,13.55,13.6,13.575,13.55,0.4,0.367743139038086,0.44408,0.00858,-0.19682,0.49466,14.1515,39.1,1782,6054
GOOGL261120C00355000,GOOGL,2026-11-20,50,C,355.0,4.92,338.3399963378906,11.65,11.85,11.75,11.75,1.7,0.36844503631591796,0.40357,0.00839,-0.19227,0.48491,12.3399,35.2,795,30232
GOOGL261120C00360000,GOOGL,2026-11-20,50,C,360.0,6.4,338.3399963378906,10.05,10.25,10.15,10.2,2.0,0.3684145190429688,0.3644,0.00814,-0.18566,0.47043,10.6826,31.5,1375,10130
GOOGL261120C00365000,GOOGL,2026-11-20,50,C,365.0,7.88,338.3399963378906,8.65,8.75,8.7,8.74,1.1,0.3667055517578125,0.32614,0.00785,-0.1766,0.45135,9.1294,27.9,250,2835
GOOGL261120C00370000,GOOGL,2026-11-20,50,C,370.0,9.36,338.3399963378906,7.45,7.6,7.525,7.45,2.0,0.3691774508666992,0.29245,0.00743,-0.16885,0.43034,7.9313,24.7,7811,33446
GOOGL261120C00375000,GOOGL,2026-11-20,50,C,375.0,10.84,338.3399963378906,6.35,6.55,6.45,6.55,3.1,0.37067279724121094,0.26066,0.007,-0.15967,0.40672,6.8377,21.8,342,3056
GOOGL261120C00380000,GOOGL,2026-11-20,50,C,380.0,12.31,338.3399963378906,5.35,5.6,5.475,5.5,4.6,0.37134417724609375,0.23078,0.00654,-0.14938,0.38096,5.8477,19.1,2780,6369
GOOGL261120C00385000,GOOGL,2026-11-20,50,C,385.0,13.79,338.3399963378906,4.6,4.8,4.7,4.66,4.3,0.37280900634765624,0.20395,0.00607,-0.13925,0.35471,5.0119,16.7,86,1718
GOOGL261120C00390000,GOOGL,2026-11-20,50,C,390.0,15.27,338.3399963378906,3.95,4.1,4.025,4.02,3.7,0.37415176635742187,0.17949,0.00559,-0.12891,0.32801,4.2813,14.6,427,3318
GOOGL261120C00395000,GOOGL,2026-11-20,50,C,395.0,16.75,338.3399963378906,3.3,3.45,3.375,3.38,4.4,0.3739686627197265,0.15628,0.00512,-0.1176,0.30002,3.6028,12.5,149,2539
GOOGL261120C00400000,GOOGL,2026-11-20,50,C,400.0,18.22,338.3399963378906,2.85,2.86,2.855,2.86,0.4,0.3726869372558594,0.13458,0.00464,-0.10578,0.27131,2.9893,10.7,6096,12353
GOOGL261120C00405000,GOOGL,2026-11-20,50,C,405.0,19.7,338.3399963378906,2.4,2.49,2.445,2.43,3.7,0.37683728637695313,0.11893,0.00421,-0.09793,0.24892,2.5998,9.3,35,1925
GOOGL261120C00410000,GOOGL,2026-11-20,50,C,410.0,21.18,338.3399963378906,2.05,2.17,2.11,2.15,5.7,0.3809876354980468,0.1051,0.00381,-0.09046,0.22787,2.2639,8.2,272,4300
GOOGL261120C00415000,GOOGL,2026-11-20,50,C,415.0,22.66,338.3399963378906,1.75,1.86,1.805,1.84,6.1,0.3834290173339844,0.09184,0.00343,-0.08234,0.20642,1.939,7.1,21,1295
GOOGL261120C00420000,GOOGL,2026-11-20,50,C,420.0,24.14,338.3399963378906,1.5,1.58,1.54,1.58,5.2,0.3850159155273437,0.07964,0.00307,-0.07421,0.18553,1.6446,6.1,117,31991
GOOGL261120P00255000,GOOGL,2026-11-20,50,P,255.0,-24.63,338.3399963378906,0.57,0.68,0.625,0.62,17.6,0.422857333984375,-0.02742,0.00119,-0.03235,0.07907,0.5872,3.9,8,1241
GOOGL261120P00260000,GOOGL,2026-11-20,50,P,260.0,-23.15,338.3399963378906,0.72,0.79,0.755,0.73,9.3,0.4096738720703125,-0.03224,0.00141,-0.03578,0.09043,0.6834,4.5,120,1973
GOOGL261120P00265000,GOOGL,2026-11-20,50,P,265.0,-21.68,338.3399963378906,0.87,0.94,0.905,0.83,7.7,0.398443515625,-0.03856,0.00168,-0.04021,0.10474,0.8157,5.3,123,859
GOOGL261120P00270000,GOOGL,2026-11-20,50,P,270.0,-20.2,338.3399963378906,1.03,1.14,1.085,1.09,10.1,0.38892212646484375,-0.04672,0.00201,-0.04574,0.12234,0.9935,6.3,16,1279
GOOGL261120P00275000,GOOGL,2026-11-20,50,P,275.0,-18.72,338.3399963378906,1.28,1.35,1.315,1.3,5.3,0.37744763183593744,-0.0556,0.00237,-0.05084,0.1405,1.1795,7.3,34,2400
GOOGL261120P00280000,GOOGL,2026-11-20,50,P,280.0,-17.24,338.3399963378906,1.58,1.7,1.64,1.66,7.3,0.3717103845214844,-0.06886,0.00285,-0.059,0.16603,1.4938,8.9,245,2298
GOOGL261120P00285000,GOOGL,2026-11-20,50,P,285.0,-15.77,338.3399963378906,1.92,2.25,2.085,2.01,15.8,0.37177141906738287,-0.08764,0.00342,-0.07065,0.19937,1.9925,11.2,53,1810
GOOGL261120P00290000,GOOGL,2026-11-20,50,P,290.0,-14.29,338.3399963378906,2.44,2.7,2.57,2.57,10.1,0.36261623718261715,-0.10444,0.00399,-0.07811,0.22682,2.3993,13.1,80,12427
GOOGL261120P00295000,GOOGL,2026-11-20,50,P,295.0,-12.81,338.3399963378906,3.05,3.25,3.15,3.17,6.3,0.3541324353027343,-0.12442,0.00463,-0.08606,0.25695,2.8996,15.3,45,2333
GOOGL261120P00300000,GOOGL,2026-11-20,50,P,300.0,-11.33,338.3399963378906,3.85,4.0,3.925,3.87,3.8,0.34888346435546874,-0.14954,0.00533,-0.09572,0.29138,3.5872,18.2,287,7407
GOOGL261120P00305000,GOOGL,2026-11-20,50,P,305.0,-9.85,338.3399963378906,4.8,5.0,4.9,4.9,4.1,0.3469303588867187,-0.18015,0.00604,-0.10688,0.32877,4.5134,21.6,234,3142
GOOGL261120P00310000,GOOGL,2026-11-20,50,P,310.0,-8.38,338.3399963378906,5.9,6.05,5.975,5.97,2.5,0.3415593188476562,-0.21228,0.00678,-0.11558,0.36319,5.4862,25.1,236,6540
GOOGL261120P00315000,GOOGL,2026-11-20,50,P,315.0,-6.9,338.3399963378906,7.2,7.4,7.3,7.27,2.7,0.3393620751953125,-0.24968,0.00747,-0.12495,0.39766,6.7488,29.1,220,4627
GOOGL261120P00320000,GOOGL,2026-11-20,50,P,320.0,-5.42,338.3399963378906,8.75,8.95,8.85,8.85,2.3,0.3370122451782227,-0.2901,0.00811,-0.13283,0.42872,8.2056,33.4,413,5663
GOOGL261120P00325000,GOOGL,2026-11-20,50,P,325.0,-3.94,338.3399963378906,10.5,10.75,10.625,10.5,2.4,0.33539482971191403,-0.3335,0.00866,-0.13929,0.45541,9.9084,38.0,122,2625
GOOGL261120P00330000,GOOGL,2026-11-20,50,P,330.0,-2.46,338.3399963378906,12.5,12.8,12.65,12.59,2.4,0.3341741387939453,-0.37906,0.00909,-0.14386,0.47644,11.8567,42.7,422,8335
GOOGL261120P00335000,GOOGL,2026-11-20,50,P,335.0,-0.99,338.3399963378906,14.55,15.1,14.825,14.85,3.7,0.3332281033325196,-0.42601,0.0094,-0.14627,0.49096,14.0527,47.5,1513,3414
GOOGL261120P00340000,GOOGL,2026-11-20,50,P,340.0,0.49,338.3399963378906,17.15,17.5,17.325,17.42,2.0,0.32959654785156245,-0.47377,0.00964,-0.14494,0.4985,16.3521,52.2,1062,6378
GOOGL261120P00345000,GOOGL,2026-11-20,50,P,345.0,1.97,338.3399963378906,19.75,20.35,20.05,20.0,3.0,0.33020689331054687,-0.52136,0.00963,-0.1433,0.49886,19.0987,57.0,184,6875
GOOGL261120P00350000,GOOGL,2026-11-20,50,P,350.0,3.45,338.3399963378906,22.7,23.35,23.025,22.55,2.8,0.32926085784912107,-0.56833,0.00953,-0.13859,0.49223,21.9997,61.6,257,3822
GOOGL261120P00355000,GOOGL,2026-11-20,50,P,355.0,4.92,338.3399963378906,26.45,26.6,26.525,26.45,0.6,0.3289251678466796,-0.61369,0.00929,-0.13209,0.47915,25.1544,65.9,386,1546
GOOGL261120P00360000,GOOGL,2026-11-20,50,P,360.0,6.4,338.3399963378906,29.85,30.05,29.95,29.7,0.7,0.32840637420654295,-0.65714,0.00894,-0.12368,0.4603,28.5124,70.1,37,4697
GOOGL261120P00365000,GOOGL,2026-11-20,50,P,365.0,7.88,338.3399963378906,32.85,33.6,33.225,33.2,2.3,0.32569033691406246,-0.69968,0.00853,-0.11243,0.43561,31.9742,74.0,2,1551
GOOGL261120P00370000,GOOGL,2026-11-20,50,P,370.0,9.36,338.3399963378906,36.05,38.25,37.15,35.0,5.9,0.34528242614746096,-0.72347,0.00774,-0.11384,0.41898,36.5544,76.5,3,1337
GOOGL261120P00375000,GOOGL,2026-11-20,50,P,375.0,10.84,338.3399963378906,40.15,41.5,40.825,40.6,3.3,0.32672792419433594,-0.77185,0.00739,-0.0907,0.37853,39.72,80.7,46,740
GOOGL261120P00380000,GOOGL,2026-11-20,50,P,380.0,12.31,338.3399963378906,43.85,46.3,45.075,37.16,5.4,0.34528242614746096,-0.78869,0.00669,-0.09095,0.36222,44.4621,82.4,35,510
GOOGL261120P00385000,GOOGL,2026-11-20,50,P,385.0,13.79,338.3399963378906,48.15,49.7,48.925,48.63,3.2,0.31891550231933585,-0.83869,0.00613,-0.06136,0.30632,47.7797,86.6,1,402
GOOGL261120P00390000,GOOGL,2026-11-20,50,P,390.0,15.27,338.3399963378906,52.4,54.1,53.25,53.93,3.2,0.3181220532226562,-0.86464,0.00546,-0.04888,0.27238,52.1203,88.9,1,808
GOOGL261120P00395000,GOOGL,2026-11-20,50,P,395.0,16.75,338.3399963378906,57.1,59.05,58.075,56.27,3.4,0.33563896789550784,-0.87289,0.00496,-0.04892,0.2608,57.0272,89.7,1,354
GOOGL261120P00400000,GOOGL,2026-11-20,50,P,400.0,18.22,338.3399963378906,62.4,64.25,63.325,61.2,2.9,0.36249416809082036,-0.87283,0.00459,-0.05539,0.26089,62.1923,89.9,10,799
GOOGL261120P00405000,GOOGL,2026-11-20,50,P,405.0,19.7,338.3399963378906,66.65,68.25,67.45,69.3,2.4,0.3364324169921875,-0.90955,0.00387,-0.0277,0.20411,66.1293,92.8,7,153
GOOGL261120P00410000,GOOGL,2026-11-20,50,P,410.0,21.18,338.3399963378906,70.25,72.95,71.6,72.1,3.8,0.336920693359375,-0.92425,0.00338,-0.01815,0.17861,70.7856,94.0,1,130
GOOGL261120P00415000,GOOGL,2026-11-20,50,P,415.0,22.66,338.3399963378906,75.4,78.1,76.75,72.7,3.5,0.36157864990234373,-0.92193,0.00322,-0.02358,0.18275,75.9059,94.0,1,153
GOOGL261120P00420000,GOOGL,2026-11-20,50,P,420.0,24.14,338.3399963378906,81.25,82.95,82.1,80.9,2.1,0.36865865722656255,-0.93005,0.00291,-0.01862,0.16805,80.7203,94.7,20,106
GOOGL261218C00255000,GOOGL,2026-12-18,78,C,255.0,-24.63,338.3399963378906,85.65,89.0,87.325,92.8,3.8,0.510869149169922,0.91177,0.002,-0.106,0.25027,89.1087,86.8,31,1775
GOOGL261218C00260000,GOOGL,2026-12-18,78,C,260.0,-23.15,338.3399963378906,81.85,84.2,83.025,82.8,2.8,0.5089160437011719,0.89857,0.00223,-0.1145,0.27735,84.798,85.0,1,1353
GOOGL261218C00265000,GOOGL,2026-12-18,78,C,265.0,-21.68,338.3399963378906,77.25,79.55,78.4,94.62,2.9,0.5293015820312501,0.87612,0.00247,-0.13214,0.31995,81.2689,81.9,8,851
GOOGL261218C00270000,GOOGL,2026-12-18,78,C,270.0,-20.2,338.3399963378906,72.05,75.15,73.6,70.78,4.2,0.5178270874023438,0.86389,0.0027,-0.13697,0.3415,76.8647,80.5,44,2049
GOOGL261218C00275000,GOOGL,2026-12-18,78,C,275.0,-18.72,338.3399963378906,68.05,70.1,69.075,67.08,3.0,0.48776757354736333,0.85767,0.00295,-0.134,0.35204,71.8427,80.1,88,114
GOOGL261218C00280000,GOOGL,2026-12-18,78,C,280.0,-17.24,338.3399963378906,63.65,66.0,64.825,64.39,3.6,0.4823049816894531,0.84103,0.00321,-0.14092,0.37895,67.7217,78.1,5,2034
GOOGL261218C00285000,GOOGL,2026-12-18,78,C,285.0,-15.77,338.3399963378906,59.4,60.25,59.825,62.02,1.4,0.43469803588867195,0.84056,0.00357,-0.13017,0.37968,62.0291,78.7,1,587
GOOGL261218C00290000,GOOGL,2026-12-18,78,C,290.0,-14.29,338.3399963378906,55.1,56.55,55.825,64.83,2.6,0.4368952795410156,0.81771,0.00387,-0.13979,0.41368,58.2827,75.9,20,2507
GOOGL261218C00295000,GOOGL,2026-12-18,78,C,295.0,-12.81,338.3399963378906,50.2,52.1,51.15,51.75,3.7,0.41959198577880863,0.80171,0.00424,-0.141,0.43562,53.8222,74.3,86,192
GOOGL261218C00300000,GOOGL,2026-12-18,78,C,300.0,-11.33,338.3399963378906,47.1,47.8,47.45,47.5,1.5,0.4043638665771484,0.78307,0.00464,-0.14268,0.45938,49.5021,72.4,71,17990
GOOGL261218C00305000,GOOGL,2026-12-18,78,C,305.0,-9.85,338.3399963378906,43.15,45.0,44.075,41.1,4.2,0.4172421557617187,0.7513,0.00486,-0.15531,0.49564,46.6211,68.6,1,2370
GOOGL261218C00310000,GOOGL,2026-12-18,78,C,310.0,-8.38,338.3399963378906,39.0,41.6,40.3,40.5,6.5,0.41480077392578124,0.72463,0.00515,-0.161,0.52223,43.1659,65.7,3,15705
GOOGL261218C00315000,GOOGL,2026-12-18,78,C,315.0,-6.9,338.3399963378906,36.0,36.6,36.3,36.42,1.7,0.3812012564086914,0.70617,0.00578,-0.15363,0.53866,38.1604,64.3,35,725
GOOGL261218C00320000,GOOGL,2026-12-18,78,C,320.0,-5.42,338.3399963378906,32.6,34.5,33.55,33.8,5.7,0.3972533419799804,0.6707,0.00582,-0.16504,0.56594,35.9636,60.2,49,4010
GOOGL261218C00325000,GOOGL,2026-12-18,78,C,325.0,-3.94,338.3399963378906,29.55,30.15,29.85,30.52,2.0,0.37186297088623044,0.64419,0.00641,-0.15934,0.58276,31.5782,57.8,42,1675
GOOGL261218C00330000,GOOGL,2026-12-18,78,C,330.0,-2.46,338.3399963378906,26.8,27.35,27.075,27.05,2.0,0.3702760726928711,0.61077,0.00662,-0.16186,0.59976,28.7025,54.4,499,2520
GOOGL261218C00335000,GOOGL,2026-12-18,78,C,335.0,-0.99,338.3399963378906,24.35,24.65,24.5,24.38,1.2,0.3675295181274414,0.57678,0.00681,-0.16282,0.61238,25.925,50.9,321,1583
GOOGL261218C00340000,GOOGL,2026-12-18,78,C,340.0,0.49,338.3399963378906,21.7,22.1,21.9,22.15,1.8,0.36447779083251963,0.54218,0.00696,-0.16252,0.62048,23.2963,47.5,419,3392
GOOGL261218C00345000,GOOGL,2026-12-18,78,C,345.0,1.97,338.3399963378906,19.6,19.75,19.675,19.8,0.8,0.36191433990478517,0.50727,0.00705,-0.16126,0.62387,20.8668,44.1,223,1818
GOOGL261218C00350000,GOOGL,2026-12-18,78,C,350.0,3.45,338.3399963378906,17.4,17.65,17.525,17.5,1.4,0.3606631317138671,0.47266,0.00706,-0.1594,0.6225,18.6879,40.7,832,6649
GOOGL261218C00355000,GOOGL,2026-12-18,78,C,355.0,4.92,338.3399963378906,15.4,16.05,15.725,15.83,4.1,0.36484399810791024,0.44039,0.00691,-0.15876,0.61699,17.0096,37.5,199,2277
GOOGL261218C00360000,GOOGL,2026-12-18,78,C,360.0,6.4,338.3399963378906,13.5,14.0,13.75,13.8,3.6,0.3591372680664062,0.40545,0.0069,-0.153,0.60636,14.8817,34.3,232,4139
GOOGL261218C00365000,GOOGL,2026-12-18,78,C,365.0,7.88,338.3399963378906,11.85,12.3,12.075,12.5,3.7,0.35657381713867187,0.37227,0.00678,-0.14762,0.59171,13.1063,31.2,62,2242
GOOGL261218C00370000,GOOGL,2026-12-18,78,C,370.0,9.36,338.3399963378906,10.65,11.15,10.9,11.2,4.6,0.3610293389892578,0.3441,0.00652,-0.14469,0.5757,11.8881,28.5,243,3976
GOOGL261218C00375000,GOOGL,2026-12-18,78,C,375.0,10.84,338.3399963378906,9.3,9.7,9.5,9.85,4.2,0.35788605987548827,0.31298,0.00633,-0.13758,0.55408,10.3678,25.7,788,3691
GOOGL261218C00380000,GOOGL,2026-12-18,78,C,380.0,12.31,338.3399963378906,8.25,8.75,8.5,8.5,5.9,0.36167020172119135,0.2878,0.00603,-0.13333,0.53347,9.3586,23.4,495,14107
GOOGL261218C00385000,GOOGL,2026-12-18,78,C,385.0,13.79,338.3399963378906,7.25,7.65,7.45,7.42,5.4,0.36048002807617185,0.26087,0.00576,-0.12621,0.5082,8.1983,21.0,94,2741
GOOGL261218C00390000,GOOGL,2026-12-18,78,C,390.0,15.27,338.3399963378906,6.25,6.55,6.4,6.42,4.7,0.3568484725952148,0.23359,0.00549,-0.11747,0.47904,7.0382,18.6,81,7692
GOOGL261218C00395000,GOOGL,2026-12-18,78,C,395.0,16.75,338.3399963378906,5.55,5.8,5.675,5.8,4.4,0.35846588806152346,0.21188,0.00517,-0.11129,0.45312,6.2385,16.7,45,2258
GOOGL261218C00400000,GOOGL,2026-12-18,78,C,400.0,18.22,338.3399963378906,4.85,5.0,4.925,4.85,3.0,0.35690950714111325,0.18933,0.00485,-0.10332,0.42351,5.3901,14.8,1529,14946
GOOGL261218C00405000,GOOGL,2026-12-18,78,C,405.0,19.7,338.3399963378906,4.25,4.45,4.35,4.45,4.6,0.3594424407958984,0.17162,0.00453,-0.09759,0.39821,4.7993,13.3,147,2436
GOOGL261218C00410000,GOOGL,2026-12-18,78,C,410.0,21.18,338.3399963378906,3.75,3.95,3.85,3.95,5.2,0.3617007189941406,0.15524,0.00422,-0.09179,0.37309,4.2639,11.9,137,4325
GOOGL261218C00415000,GOOGL,2026-12-18,78,C,415.0,22.66,338.3399963378906,3.25,3.5,3.375,3.45,7.4,0.3637148590087891,0.14013,0.00392,-0.086,0.34834,3.78,10.6,31,5692
GOOGL261218C00420000,GOOGL,2026-12-18,78,C,420.0,24.14,338.3399963378906,2.75,2.95,2.85,2.9,7.0,0.36084623535156246,0.12273,0.0036,-0.07773,0.31786,3.194,9.2,116,3406
GOOGL261218P00255000,GOOGL,2026-12-18,78,P,255.0,-24.63,338.3399963378906,1.1,1.21,1.155,1.2,9.5,0.3803772900390625,-0.04051,0.00146,-0.03159,0.13619,1.0411,5.8,3,4734
GOOGL261218P00260000,GOOGL,2026-12-18,78,P,260.0,-23.15,338.3399963378906,1.35,1.49,1.42,1.57,9.9,0.3756165954589844,-0.04918,0.00173,-0.03637,0.15921,1.2872,7.0,24,2498
GOOGL261218P00265000,GOOGL,2026-12-18,78,P,265.0,-21.68,338.3399963378906,1.54,1.71,1.625,1.64,10.5,0.36524072265625,-0.05681,0.002,-0.03952,0.1785,1.4794,7.9,5,2291
GOOGL261218P00270000,GOOGL,2026-12-18,78,P,270.0,-20.2,338.3399963378906,1.86,2.22,2.04,2.11,17.6,0.366217275390625,-0.07106,0.00237,-0.04703,0.21245,1.9333,9.7,42,4268
GOOGL261218P00275000,GOOGL,2026-12-18,78,P,275.0,-18.72,338.3399963378906,2.36,2.51,2.435,2.36,6.2,0.35480381530761707,-0.08107,0.00271,-0.05017,0.23487,2.1874,10.9,571,3089
GOOGL261218P00280000,GOOGL,2026-12-18,78,P,280.0,-17.24,338.3399963378906,2.84,3.0,2.92,2.9,5.5,0.3490055334472656,-0.09565,0.00311,-0.05561,0.26569,2.6232,12.6,51,6624
GOOGL261218P00285000,GOOGL,2026-12-18,78,P,285.0,-15.77,338.3399963378906,3.35,3.75,3.55,3.49,11.3,0.3487613952636719,-0.11551,0.00357,-0.06344,0.30454,3.2993,15.0,33,1188
GOOGL261218P00290000,GOOGL,2026-12-18,78,P,290.0,-14.29,338.3399963378906,4.05,4.5,4.275,4.2,10.5,0.34491621887207036,-0.13561,0.00404,-0.06985,0.34064,3.9759,17.3,55,6224
GOOGL261218P00295000,GOOGL,2026-12-18,78,P,295.0,-12.81,338.3399963378906,4.85,5.3,5.075,5.01,8.9,0.33945362701416015,-0.1571,0.00453,-0.07548,0.37601,4.6994,19.8,131,1412
GOOGL261218P00300000,GOOGL,2026-12-18,78,P,300.0,-11.33,338.3399963378906,6.0,6.2,6.1,6.0,3.3,0.3336248278808594,-0.18079,0.00504,-0.0807,0.41154,5.5149,22.4,185,10570
GOOGL261218P00305000,GOOGL,2026-12-18,78,P,305.0,-9.85,338.3399963378906,6.85,7.35,7.1,7.1,7.0,0.3304815487670898,-0.20857,0.00555,-0.08666,0.44896,6.5666,25.5,93,3118
GOOGL261218P00310000,GOOGL,2026-12-18,78,P,310.0,-8.38,338.3399963378906,8.25,8.65,8.45,8.1,4.7,0.3272467178344727,-0.23873,0.00606,-0.092,0.48481,7.7609,28.8,192,3549
GOOGL261218P00315000,GOOGL,2026-12-18,78,P,315.0,-6.9,338.3399963378906,9.75,10.2,9.975,9.75,4.5,0.3255987850952148,-0.27195,0.00652,-0.09723,0.51901,9.1946,32.4,79,3154
GOOGL261218P00320000,GOOGL,2026-12-18,78,P,320.0,-5.42,338.3399963378906,11.4,11.8,11.6,11.6,3.4,0.3216010223388671,-0.30618,0.00698,-0.10061,0.5488,10.6763,36.0,90,8340
GOOGL261218P00325000,GOOGL,2026-12-18,78,P,325.0,-3.94,338.3399963378906,13.4,13.75,13.575,13.5,2.6,0.3205024005126953,-0.34337,0.00734,-0.10408,0.57524,12.4967,39.9,272,3189
GOOGL261218P00330000,GOOGL,2026-12-18,78,P,330.0,-2.46,338.3399963378906,15.4,16.0,15.7,15.62,3.8,0.3211127459716796,-0.38211,0.00759,-0.10702,0.59652,14.6124,44.0,215,6517
GOOGL261218P00335000,GOOGL,2026-12-18,78,P,335.0,-0.99,338.3399963378906,17.25,18.1,17.675,18.1,4.8,0.3160163613891601,-0.42095,0.00791,-0.10649,0.61168,16.5806,47.9,267,2451
GOOGL261218P00340000,GOOGL,2026-12-18,78,P,340.0,0.49,338.3399963378906,20.2,20.65,20.425,20.1,2.2,0.31500929138183587,-0.46101,0.00806,-0.10622,0.62099,18.9917,51.9,791,3329
GOOGL261218P00345000,GOOGL,2026-12-18,78,P,345.0,1.97,338.3399963378906,22.5,23.35,22.925,22.52,3.7,0.3132698068237304,-0.50127,0.00814,-0.10435,0.62397,21.5552,55.9,38,3289
GOOGL261218P00350000,GOOGL,2026-12-18,78,P,350.0,3.45,338.3399963378906,24.9,26.25,25.575,26.27,5.3,0.31156083953857416,-0.54137,0.00814,-0.10121,0.62061,24.3164,59.8,108,6509
GOOGL261218P00355000,GOOGL,2026-12-18,78,P,355.0,4.92,338.3399963378906,28.25,29.35,28.8,30.95,3.8,0.3100349758911133,-0.58085,0.00806,-0.09693,0.61111,27.281,63.6,35,1097
GOOGL261218P00360000,GOOGL,2026-12-18,78,P,360.0,6.4,338.3399963378906,31.95,32.7,32.325,32.57,2.3,0.3096077340698242,-0.61878,0.00787,-0.09202,0.59611,30.4977,67.2,80,1545
GOOGL261218P00365000,GOOGL,2026-12-18,78,P,365.0,7.88,338.3399963378906,34.85,36.1,35.475,37.95,3.5,0.30704428314208976,-0.65659,0.00766,-0.08518,0.57527,33.7666,70.7,17,1594
GOOGL261218P00370000,GOOGL,2026-12-18,78,P,370.0,9.36,338.3399963378906,37.95,39.75,38.85,41.6,4.6,0.30591514404296877,-0.69195,0.00735,-0.07816,0.55027,37.2906,74.0,5,1007
GOOGL261218P00375000,GOOGL,2026-12-18,78,P,375.0,10.84,338.3399963378906,42.55,44.25,43.4,39.85,3.9,0.31836619140624994,-0.71476,0.00682,-0.07734,0.53122,41.6891,76.3,2,657
GOOGL261218P00380000,GOOGL,2026-12-18,78,P,380.0,12.31,338.3399963378906,46.1,47.5,46.8,45.95,3.0,0.3036263485717773,-0.75686,0.00659,-0.06233,0.48967,44.8054,79.9,6,1360
GOOGL261218P00385000,GOOGL,2026-12-18,78,P,385.0,13.79,338.3399963378906,49.75,52.15,50.95,46.97,4.7,0.31525342956542957,-0.77487,0.00608,-0.06069,0.46924,49.3662,81.6,40,401
GOOGL261218P00390000,GOOGL,2026-12-18,78,P,390.0,15.27,338.3399963378906,53.9,55.45,54.675,53.9,2.8,0.29300633758544914,-0.82075,0.00571,-0.04069,0.40933,52.5266,85.4,20,614
GOOGL261218P00395000,GOOGL,2026-12-18,78,P,395.0,16.75,338.3399963378906,59.0,60.55,59.775,52.8,2.6,0.3124458404541015,-0.82654,0.00525,-0.04334,0.40091,57.5655,86.1,2,620
GOOGL261218P00400000,GOOGL,2026-12-18,78,P,400.0,18.22,338.3399963378906,62.1,64.55,63.325,54.65,3.9,0.30054410400390624,-0.85859,0.00477,-0.02896,0.35051,61.4528,88.7,8,1078
GOOGL261218P00405000,GOOGL,2026-12-18,78,P,405.0,19.7,338.3399963378906,67.2,69.3,68.25,68.35,3.1,0.3079292840576171,-0.87121,0.00436,-0.02534,0.32873,66.1316,89.9,1,299
GOOGL261218P00410000,GOOGL,2026-12-18,78,P,410.0,21.18,338.3399963378906,70.95,74.15,72.55,71.5,4.4,0.3175117077636719,-0.88044,0.00402,-0.0231,0.31206,70.9155,90.7,2,106
GOOGL261218P00415000,GOOGL,2026-12-18,78,P,415.0,22.66,338.3399963378906,75.85,79.1,77.475,65.6,4.2,0.32996275512695306,-0.88621,0.00373,-0.02257,0.30132,75.8094,91.3,25,247
GOOGL261218P00420000,GOOGL,2026-12-18,78,P,420.0,24.14,338.3399963378906,80.4,83.1,81.75,81.85,3.3,0.3034737622070312,-0.92074,0.00311,-0.00204,0.2309,79.6966,93.9,61,108
GOOGL270115C00255000,GOOGL,2027-01-15,106,C,255.0,-24.63,338.3399963378906,87.65,90.3,88.975,97.25,3.0,0.5242967492675781,0.88165,0.00207,-0.11187,0.3612,92.5866,81.6,1,2365
GOOGL270115C00260000,GOOGL,2027-01-15,106,C,260.0,-23.15,338.3399963378906,83.1,86.2,84.65,82.0,3.7,0.5211229528808592,0.86856,0.00224,-0.11805,0.38866,88.4756,79.9,61,2888
GOOGL270115C00265000,GOOGL,2027-01-15,106,C,265.0,-21.68,338.3399963378906,79.25,81.35,80.3,78.0,2.6,0.49872327453613285,0.86141,0.00243,-0.11759,0.40304,83.6536,79.3,2,5015
GOOGL270115C00270000,GOOGL,2027-01-15,106,C,270.0,-20.2,338.3399963378906,74.65,75.7,75.175,76.0,1.4,0.4579216806030274,0.86099,0.00265,-0.1106,0.40387,78.0726,79.9,3,2358
GOOGL270115C00275000,GOOGL,2027-01-15,106,C,275.0,-18.72,338.3399963378906,70.45,72.55,71.5,74.75,2.9,0.4732718688964844,0.83788,0.00284,-0.12275,0.44746,74.8552,76.8,1,2671
GOOGL270115C00280000,GOOGL,2027-01-15,106,C,280.0,-17.24,338.3399963378906,65.6,68.1,66.85,64.5,3.7,0.45825737060546884,0.8256,0.00308,-0.12427,0.46899,70.4049,75.5,79,2946
GOOGL270115C00285000,GOOGL,2027-01-15,106,C,285.0,-15.77,338.3399963378906,61.85,63.7,62.775,61.77,2.9,0.44351752777099607,0.81217,0.00333,-0.12566,0.4913,65.9999,74.1,1,743
GOOGL270115C00290000,GOOGL,2027-01-15,106,C,290.0,-14.29,338.3399963378906,57.9,59.3,58.6,57.95,2.4,0.428014753112793,0.79788,0.00361,-0.12654,0.51369,61.5928,72.7,10,1740
GOOGL270115C00295000,GOOGL,2027-01-15,106,C,295.0,-12.81,338.3399963378906,53.9,55.15,54.525,65.95,2.3,0.4161435339355468,0.78088,0.00389,-0.12839,0.53863,57.4191,70.9,7,1543
GOOGL270115C00300000,GOOGL,2027-01-15,106,C,300.0,-11.33,338.3399963378906,50.1,50.8,50.45,50.69,1.4,0.3997557583618164,0.76421,0.00422,-0.12837,0.56134,53.0523,69.3,96,6995
GOOGL270115C00305000,GOOGL,2027-01-15,106,C,305.0,-9.85,338.3399963378906,46.35,47.65,47.0,46.56,2.8,0.40210558837890625,0.73914,0.00443,-0.13431,0.59243,49.8339,66.4,11,1940
GOOGL270115C00310000,GOOGL,2027-01-15,106,C,310.0,-8.38,338.3399963378906,42.95,44.05,43.5,43.7,2.5,0.39502558105468755,0.71632,0.0047,-0.13659,0.61764,46.1815,64.0,74,4593
GOOGL270115C00315000,GOOGL,2027-01-15,106,C,315.0,-6.9,338.3399963378906,39.55,40.9,40.225,41.0,3.4,0.3930877342224121,0.69082,0.00492,-0.14004,0.64251,42.9631,61.3,4,2146
GOOGL270115C00320000,GOOGL,2027-01-15,106,C,320.0,-5.42,338.3399963378906,36.3,37.4,36.85,36.6,3.0,0.38400884552001957,0.66601,0.0052,-0.14056,0.66347,39.403,58.8,74,4043
GOOGL270115C00325000,GOOGL,2027-01-15,106,C,325.0,-3.94,338.3399963378906,33.35,34.5,33.925,34.0,3.4,0.3819031536865234,0.63863,0.00538,-0.14273,0.68302,36.4265,55.9,8,1616
GOOGL270115C00330000,GOOGL,2027-01-15,106,C,330.0,-2.46,338.3399963378906,30.5,30.95,30.725,31.01,1.5,0.3686891744995118,0.61158,0.0057,-0.1406,0.69876,32.8118,53.4,193,3301
GOOGL270115C00335000,GOOGL,2027-01-15,106,C,335.0,-0.99,338.3399963378906,27.8,28.25,28.025,28.0,1.6,0.36557641265869145,0.58232,0.00586,-0.14105,0.71185,30.0268,50.4,118,1632
GOOGL270115C00340000,GOOGL,2027-01-15,106,C,340.0,0.49,338.3399963378906,25.3,25.65,25.475,25.45,1.4,0.3618533053588867,0.5525,0.00599,-0.14057,0.72109,27.3402,47.5,1526,4368
GOOGL270115C00345000,GOOGL,2027-01-15,106,C,345.0,1.97,338.3399963378906,22.9,23.15,23.025,23.07,1.1,0.35748933532714844,0.52211,0.00611,-0.13912,0.72628,24.75,44.5,163,2130
GOOGL270115C00350000,GOOGL,2027-01-15,106,C,350.0,3.45,338.3399963378906,20.8,21.0,20.9,20.8,1.0,0.3559329544067382,0.49195,0.00615,-0.13787,0.72725,22.5082,41.6,1654,24985
GOOGL270115C00355000,GOOGL,2027-01-15,106,C,355.0,4.92,338.3399963378906,18.75,18.9,18.825,19.0,0.8,0.35309484802246094,0.46159,0.00617,-0.13548,0.72402,20.3175,38.7,188,2554
GOOGL270115C00360000,GOOGL,2027-01-15,106,C,360.0,6.4,338.3399963378906,16.9,17.25,17.075,17.05,2.0,0.35452915985107414,0.43311,0.00608,-0.13395,0.71715,18.576,36.0,508,14950
GOOGL270115C00365000,GOOGL,2027-01-15,106,C,365.0,7.88,338.3399963378906,15.2,15.5,15.35,15.4,2.0,0.3526981234741211,0.40404,0.00602,-0.13064,0.70625,16.7357,33.3,260,2589
GOOGL270115C00370000,GOOGL,2027-01-15,106,C,370.0,9.36,338.3399963378906,13.6,13.9,13.75,13.8,2.2,0.3511417425537109,0.37573,0.00593,-0.12687,0.69181,15.0483,30.6,594,9541
GOOGL270115C00375000,GOOGL,2027-01-15,106,C,375.0,10.84,338.3399963378906,12.25,12.5,12.375,12.8,2.0,0.3506839834594726,0.34886,0.00579,-0.12303,0.67455,13.5638,28.2,144,3739
GOOGL270115C00380000,GOOGL,2027-01-15,106,C,380.0,12.31,338.3399963378906,11.0,11.25,11.125,11.15,2.2,0.3507755352783203,0.32336,0.00562,-0.119,0.65487,12.2347,25.9,938,12375
GOOGL270115C00385000,GOOGL,2027-01-15,106,C,385.0,13.79,338.3399963378906,9.8,10.2,10.0,10.0,4.0,0.3523624334716796,0.30006,0.00541,-0.11528,0.634,11.1112,23.8,452,2343
GOOGL270115C00390000,GOOGL,2027-01-15,106,C,390.0,15.27,338.3399963378906,8.75,9.15,8.95,9.02,4.5,0.3523624334716796,0.27686,0.00521,-0.11063,0.6104,9.9882,21.7,341,9161
GOOGL270115C00395000,GOOGL,2027-01-15,106,C,395.0,16.75,338.3399963378906,7.8,8.15,7.975,8.03,4.4,0.35156898437499995,0.25424,0.005,-0.10539,0.58457,8.9169,19.7,31,2070
GOOGL270115C00400000,GOOGL,2027-01-15,106,C,400.0,18.22,338.3399963378906,7.0,7.1,7.05,7.11,1.4,0.3481510498046875,0.23069,0.00479,-0.09877,0.55457,7.7955,17.8,3078,23210
GOOGL270115C00405000,GOOGL,2027-01-15,106,C,405.0,19.7,338.3399963378906,6.2,6.45,6.325,6.3,4.0,0.35062294891357415,0.21307,0.00455,-0.09477,0.52997,7.0898,16.2,82,4125
GOOGL270115C00410000,GOOGL,2027-01-15,106,C,410.0,21.18,338.3399963378906,5.55,5.8,5.675,5.73,4.4,0.3518131225585937,0.19567,0.00431,-0.09015,0.50375,6.3858,14.8,188,9592
GOOGL270115C00415000,GOOGL,2027-01-15,106,C,415.0,22.66,338.3399963378906,4.9,5.3,5.1,5.15,7.8,0.35489536712646474,0.18102,0.00407,-0.08645,0.48014,5.8394,13.5,35,2394
GOOGL270115C00420000,GOOGL,2027-01-15,106,C,420.0,24.14,338.3399963378906,4.4,4.65,4.525,4.55,5.5,0.3534000207519531,0.16378,0.00383,-0.0806,0.45044,5.1372,12.1,55,4613
GOOGL270115P00255000,GOOGL,2027-01-15,106,P,255.0,-24.63,338.3399963378906,1.69,1.86,1.775,1.76,9.6,0.35962554443359374,-0.05305,0.00165,-0.0313,0.1971,1.5823,7.7,5,2614
GOOGL270115P00260000,GOOGL,2027-01-15,106,P,260.0,-23.15,338.3399963378906,1.96,2.32,2.14,2.07,16.8,0.35883209533691407,-0.06442,0.00192,-0.03625,0.22957,1.9848,9.3,4,5023
GOOGL270115P00265000,GOOGL,2027-01-15,106,P,265.0,-21.68,338.3399963378906,2.35,2.54,2.445,2.49,7.8,0.3466251861572265,-0.07166,0.00216,-0.03786,0.24926,2.1702,10.1,5,8707
GOOGL270115P00270000,GOOGL,2027-01-15,106,P,270.0,-20.2,338.3399963378906,2.89,3.2,3.045,2.92,10.2,0.3479679461669921,-0.08708,0.0025,-0.04389,0.28891,2.753,12.1,13,4222
GOOGL270115P00275000,GOOGL,2027-01-15,106,P,275.0,-18.72,338.3399963378906,3.25,3.75,3.5,3.6,14.3,0.34290207885742185,-0.10081,0.00282,-0.04797,0.32187,3.2355,13.7,4,3377
GOOGL270115P00280000,GOOGL,2027-01-15,106,P,280.0,-17.24,338.3399963378906,4.0,4.25,4.125,4.05,6.1,0.33460138061523437,-0.11426,0.00317,-0.05096,0.35228,3.6726,15.3,34,9357
GOOGL270115P00285000,GOOGL,2027-01-15,106,P,285.0,-15.77,338.3399963378906,4.65,5.1,4.875,4.88,9.2,0.3330755169677735,-0.13344,0.00355,-0.05627,0.39273,4.4278,17.6,44,5566
GOOGL270115P00290000,GOOGL,2027-01-15,106,P,290.0,-14.29,338.3399963378906,5.6,5.85,5.725,5.68,4.4,0.3268194760131836,-0.15165,0.00394,-0.05984,0.42823,5.0914,19.7,110,4565
GOOGL270115P00295000,GOOGL,2027-01-15,106,P,295.0,-12.81,338.3399963378906,6.7,7.05,6.875,6.7,5.1,0.32767395965576174,-0.1761,0.00433,-0.06573,0.47187,6.1727,22.5,65,2975
GOOGL270115P00300000,GOOGL,2027-01-15,106,P,300.0,-11.33,338.3399963378906,7.8,8.0,7.9,7.7,2.5,0.3209906768798828,-0.19796,0.00475,-0.0687,0.50732,7.0186,25.0,291,16737
GOOGL270115P00305000,GOOGL,2027-01-15,106,P,305.0,-9.85,338.3399963378906,8.8,9.35,9.075,9.0,6.1,0.31940377868652337,-0.22475,0.00515,-0.0731,0.54649,8.2418,28.0,76,4141
GOOGL270115P00310000,GOOGL,2027-01-15,106,P,310.0,-8.38,338.3399963378906,10.3,10.75,10.525,10.5,4.3,0.31607739593505857,-0.25241,0.00554,-0.07642,0.58235,9.5096,31.0,123,7697
GOOGL270115P00315000,GOOGL,2027-01-15,106,P,315.0,-6.9,338.3399963378906,11.75,12.4,12.075,12.15,5.4,0.3143379113769531,-0.28257,0.0059,-0.07972,0.61648,11.0164,34.2,451,4439
GOOGL270115P00320000,GOOGL,2027-01-15,106,P,320.0,-5.42,338.3399963378906,13.55,14.05,13.8,14.0,3.6,0.31012652770996096,-0.3133,0.00627,-0.08154,0.6462,12.522,37.5,53,7832
GOOGL270115P00325000,GOOGL,2027-01-15,106,P,325.0,-3.94,338.3399963378906,15.6,16.1,15.85,15.85,3.2,0.30940937179565425,-0.34668,0.00654,-0.08379,0.67299,14.4136,41.0,244,5271
GOOGL270115P00330000,GOOGL,2027-01-15,106,P,330.0,-2.46,338.3399963378906,17.85,18.25,18.05,18.0,2.2,0.3075935940551757,-0.38074,0.00679,-0.08487,0.69465,16.4025,44.5,411,11508
GOOGL270115P00335000,GOOGL,2027-01-15,106,P,335.0,-0.99,338.3399963378906,20.0,20.5,20.25,20.25,2.5,0.3047249703979492,-0.41556,0.00702,-0.08477,0.71104,18.488,48.0,34,2394
GOOGL270115P00340000,GOOGL,2027-01-15,106,P,340.0,0.49,338.3399963378906,22.45,23.0,22.725,22.56,2.4,0.30289393402099607,-0.45113,0.00717,-0.08414,0.72193,20.8194,51.6,141,4862
GOOGL270115P00345000,GOOGL,2027-01-15,106,P,345.0,1.97,338.3399963378906,25.0,25.7,25.35,25.5,2.8,0.3013985876464844,-0.48695,0.00726,-0.08274,0.72701,23.3496,55.2,38,2177
GOOGL270115P00350000,GOOGL,2027-01-15,106,P,350.0,3.45,338.3399963378906,27.6,28.5,28.05,28.1,3.2,0.29885039535522456,-0.52302,0.00731,-0.08013,0.72618,25.9771,58.7,59,5761
GOOGL270115P00355000,GOOGL,2027-01-15,106,P,355.0,4.92,338.3399963378906,31.05,31.55,31.3,32.2,1.6,0.29740082489013664,-0.55855,0.00728,-0.07707,0.71955,28.8563,62.1,155,3384
GOOGL270115P00360000,GOOGL,2027-01-15,106,P,360.0,6.4,338.3399963378906,33.85,34.7,34.275,34.0,2.5,0.2949899603271484,-0.59398,0.00721,-0.07288,0.70712,31.8353,65.4,18,3331
GOOGL270115P00365000,GOOGL,2027-01-15,106,P,365.0,7.88,338.3399963378906,36.85,38.1,37.475,39.3,3.3,0.29386082122802726,-0.62794,0.00706,-0.06847,0.68966,35.0691,68.6,3,1068
GOOGL270115P00370000,GOOGL,2027-01-15,106,P,370.0,9.36,338.3399963378906,41.1,41.6,41.35,41.0,1.2,0.2919077157592772,-0.66135,0.00687,-0.06312,0.66706,38.4039,71.7,71,3770
GOOGL270115P00375000,GOOGL,2027-01-15,106,P,375.0,10.84,338.3399963378906,43.95,46.15,45.05,37.4,4.9,0.3043587631225586,-0.68239,0.00642,-0.06332,0.64999,42.821,73.8,70,1175
GOOGL270115P00380000,GOOGL,2027-01-15,106,P,380.0,12.31,338.3399963378906,47.65,49.0,48.325,40.15,2.8,0.28733012481689446,-0.72491,0.00637,-0.05061,0.60849,45.485,77.4,28,3743
GOOGL270115P00385000,GOOGL,2027-01-15,106,P,385.0,13.79,338.3399963378906,51.45,53.8,52.625,53.0,4.5,0.30103238037109376,-0.7401,0.00591,-0.05102,0.5913,50.1724,79.0,3,1018
GOOGL270115P00390000,GOOGL,2027-01-15,106,P,390.0,15.27,338.3399963378906,55.8,57.0,56.4,47.33,2.1,0.28388167297363276,-0.78125,0.0057,-0.03726,0.53811,53.1895,82.4,2,1218
GOOGL270115P00395000,GOOGL,2027-01-15,106,P,395.0,16.75,338.3399963378906,59.9,61.85,60.875,52.5,3.2,0.29611909942626957,-0.79323,0.00529,-0.03697,0.52069,57.9386,83.6,2,368
GOOGL270115P00400000,GOOGL,2027-01-15,106,P,400.0,18.22,338.3399963378906,64.35,65.4,64.875,63.8,1.6,0.27912097839355465,-0.83161,0.00494,-0.02282,0.45858,61.3124,86.7,1,1169
GOOGL270115P00405000,GOOGL,2027-01-15,106,P,405.0,19.7,338.3399963378906,68.6,69.8,69.2,68.98,1.7,0.27793080474853515,-0.85274,0.00454,-0.01624,0.41992,65.5885,88.5,1,412
GOOGL270115P00410000,GOOGL,2027-01-15,106,P,410.0,21.18,338.3399963378906,73.45,74.95,74.2,61.15,2.0,0.2947458221435546,-0.85472,0.00425,-0.01842,0.41611,70.6715,88.8,4,615
GOOGL270115P00415000,GOOGL,2027-01-15,106,P,415.0,22.66,338.3399963378906,77.35,78.7,78.025,66.7,1.7,0.271064418334961,-0.89353,0.00372,-0.00155,0.33489,74.2441,91.8,3,77
GOOGL270115P00420000,GOOGL,2027-01-15,106,P,420.0,24.14,338.3399963378906,82.55,83.95,83.25,80.43,1.7,0.2907175421142577,-0.89019,0.00354,-0.00524,0.34242,79.4438,91.7,1,253
GOOGL270219C00255000,GOOGL,2027-02-19,141,C,255.0,-24.63,338.3399963378906,90.9,93.0,91.95,95.05,2.3,0.5130969100952149,0.86316,0.00203,-0.10534,0.46082,95.9294,78.1,5,148
GOOGL270219C00260000,GOOGL,2027-02-19,141,C,260.0,-23.15,338.3399963378906,86.5,88.85,87.675,90.31,2.7,0.5059253509521484,0.85174,0.00217,-0.1088,0.4865,91.7784,76.7,2,472
GOOGL270219C00265000,GOOGL,2027-02-19,141,C,265.0,-21.68,338.3399963378906,81.7,84.15,82.925,92.25,3.0,0.4874929180908204,0.84348,0.00234,-0.10891,0.50433,87.1061,76.0,11,67
GOOGL270219C00270000,GOOGL,2027-02-19,141,C,270.0,-20.2,338.3399963378906,78.0,79.8,78.9,77.9,2.3,0.47522497436523436,0.83245,0.00251,-0.11064,0.5272,82.7611,74.8,2,193
GOOGL270219C00275000,GOOGL,2027-02-19,141,C,275.0,-18.72,338.3399963378906,73.0,76.05,74.525,75.2,4.1,0.4726615234375,0.81728,0.00266,-0.11501,0.557,78.9845,72.9,4,110
GOOGL270219C00280000,GOOGL,2027-02-19,141,C,280.0,-17.24,338.3399963378906,69.7,71.6,70.65,79.3,2.7,0.45715874877929696,0.80581,0.00286,-0.11546,0.57833,74.5398,71.9,20,656
GOOGL270219C00285000,GOOGL,2027-02-19,141,C,285.0,-15.77,338.3399963378906,65.3,67.8,66.55,65.8,3.8,0.4514825360107422,0.7901,0.00303,-0.11855,0.60589,70.71,70.1,1,17
GOOGL270219C00290000,GOOGL,2027-02-19,141,C,290.0,-14.29,338.3399963378906,62.05,63.8,62.925,72.32,2.8,0.44159493957519536,0.77495,0.00323,-0.1202,0.63076,66.6883,68.5,2,67
GOOGL270219C00295000,GOOGL,2027-02-19,141,C,295.0,-12.81,338.3399963378906,58.35,60.0,59.175,62.5,2.8,0.43375200042724615,0.75821,0.00342,-0.12218,0.65637,62.8565,66.7,10,114
GOOGL270219C00300000,GOOGL,2027-02-19,141,C,300.0,-11.33,338.3399963378906,54.15,55.5,54.825,55.1,2.5,0.4149228430175781,0.74384,0.00369,-0.12078,0.67686,58.3486,65.4,27,243
GOOGL270219C00305000,GOOGL,2027-02-19,141,C,305.0,-9.85,338.3399963378906,50.9,53.35,52.125,50.32,4.7,0.42783164947509766,0.71945,0.00375,-0.12803,0.70856,56.0974,62.4,32,87
GOOGL270219C00310000,GOOGL,2027-02-19,141,C,310.0,-8.38,338.3399963378906,47.85,49.25,48.55,54.74,2.9,0.412542495727539,0.70182,0.004,-0.12699,0.72914,51.9666,60.8,1,81
GOOGL270219C00315000,GOOGL,2027-02-19,141,C,315.0,-6.9,338.3399963378906,44.1,46.05,45.075,44.73,4.3,0.40811749114990237,0.68066,0.00416,-0.12864,0.75137,48.7017,58.5,21,93
GOOGL270219C00320000,GOOGL,2027-02-19,141,C,320.0,-5.42,338.3399963378906,41.05,43.0,42.025,42.25,4.6,0.4042570561218262,0.65871,0.00432,-0.13005,0.77164,45.5813,56.3,7,170
GOOGL270219C00325000,GOOGL,2027-02-19,141,C,325.0,-3.94,338.3399963378906,38.55,40.25,39.4,43.56,4.3,0.40274645111083984,0.63593,0.00443,-0.13168,0.78975,42.7521,53.9,6,42
GOOGL270219C00330000,GOOGL,2027-02-19,141,C,330.0,-2.46,338.3399963378906,36.05,36.65,36.35,36.53,1.7,0.38944092010498044,0.61332,0.00467,-0.12961,0.80486,39.0884,51.8,21,587
GOOGL270219C00335000,GOOGL,2027-02-19,141,C,335.0,-0.99,338.3399963378906,33.25,35.1,34.175,34.03,5.4,0.399694723815918,0.58953,0.00463,-0.13366,0.81771,37.4362,49.1,38,308
GOOGL270219C00340000,GOOGL,2027-02-19,141,C,340.0,0.49,338.3399963378906,31.0,31.9,31.45,31.3,2.9,0.38861695373535154,0.56532,0.00482,-0.13128,0.82766,34.1598,46.9,89,516
GOOGL270219C00345000,GOOGL,2027-02-19,141,C,345.0,1.97,338.3399963378906,28.8,29.4,29.1,30.4,2.1,0.3845581564331054,0.54086,0.00491,-0.1304,0.83453,31.5699,44.6,196,566
GOOGL270219C00350000,GOOGL,2027-02-19,141,C,350.0,3.45,338.3399963378906,26.5,27.25,26.875,26.74,2.8,0.3833069482421875,0.51665,0.00495,-0.12987,0.8382,29.329,42.2,300,1417
GOOGL270219C00355000,GOOGL,2027-02-19,141,C,355.0,4.92,338.3399963378906,24.4,25.15,24.775,24.55,3.0,0.3812470323181152,0.49236,0.00498,-0.12868,0.83878,27.1352,39.9,34,458
GOOGL270219C00360000,GOOGL,2027-02-19,141,C,360.0,6.4,338.3399963378906,22.3,23.4,22.85,22.9,4.8,0.3820252227783203,0.4691,0.00495,-0.12793,0.83641,25.2922,37.6,89,1243
GOOGL270219C00365000,GOOGL,2027-02-19,141,C,365.0,7.88,338.3399963378906,20.55,21.4,20.975,20.7,4.1,0.3784852191162109,0.44468,0.00496,-0.12546,0.83085,23.199,35.4,50,566
GOOGL270219C00370000,GOOGL,2027-02-19,141,C,370.0,9.36,338.3399963378906,18.95,19.55,19.25,19.44,3.1,0.3754029745483398,0.42055,0.00495,-0.12272,0.82224,21.2549,33.2,18,428
GOOGL270219C00375000,GOOGL,2027-02-19,141,C,375.0,10.84,338.3399963378906,17.4,18.7,18.05,17.8,7.2,0.3834595346069336,0.4022,0.0048,-0.12332,0.8136,20.3251,31.3,90,273
GOOGL270219C00380000,GOOGL,2027-02-19,141,C,380.0,12.31,338.3399963378906,15.9,16.5,16.2,16.25,3.7,0.3733888345336914,0.37534,0.00483,-0.11755,0.79763,18.0247,29.1,57,1471
GOOGL270219C00385000,GOOGL,2027-02-19,141,C,385.0,13.79,338.3399963378906,14.55,14.9,14.725,15.0,2.4,0.3694521063232422,0.35178,0.00478,-0.11349,0.78034,16.3305,27.1,3,198
GOOGL270219C00390000,GOOGL,2027-02-19,141,C,390.0,15.27,338.3399963378906,13.3,13.7,13.5,13.16,3.0,0.3695131408691406,0.3312,0.00467,-0.11057,0.76267,15.0469,25.3,8,548
GOOGL270219C00395000,GOOGL,2027-02-19,141,C,395.0,16.75,338.3399963378906,12.1,13.0,12.55,12.7,7.2,0.37531142272949214,0.3153,0.0045,-0.10959,0.74733,14.2785,23.8,5,296
GOOGL270219C00400000,GOOGL,2027-02-19,141,C,400.0,18.22,338.3399963378906,11.1,11.4,11.25,11.25,2.7,0.36746848358154294,0.29076,0.00444,-0.10332,0.72072,12.5816,21.8,1434,1705
GOOGL270219C00410000,GOOGL,2027-02-19,141,C,410.0,21.18,338.3399963378906,9.25,10.05,9.65,9.55,8.3,0.37506728454589844,0.26068,0.00412,-0.09929,0.68303,11.1056,19.1,30,942
GOOGL270219C00420000,GOOGL,2027-02-19,141,C,420.0,24.14,338.3399963378906,7.7,8.15,7.925,7.97,5.7,0.37030658996582033,0.22448,0.00385,-0.09004,0.62985,9.0589,16.2,17,1105
GOOGL270219P00255000,GOOGL,2027-02-19,141,P,255.0,-24.63,338.3399963378906,2.7,3.2,2.95,2.41,16.9,0.3582827844238281,-0.07344,0.00185,-0.0342,0.29294,2.7048,11.0,5,354
GOOGL270219P00260000,GOOGL,2027-02-19,141,P,260.0,-23.15,338.3399963378906,3.3,3.75,3.525,3.58,12.8,0.3550479534912109,-0.08475,0.00208,-0.03762,0.32649,3.1806,12.4,1,1507
GOOGL270219P00265000,GOOGL,2027-02-19,141,P,265.0,-21.68,338.3399963378906,3.85,4.3,4.075,4.45,11.0,0.35001260345458973,-0.09631,0.00232,-0.04059,0.35902,3.6558,13.9,2,857
GOOGL270219P00270000,GOOGL,2027-02-19,141,P,270.0,-20.2,338.3399963378906,4.6,5.15,4.875,4.8,11.3,0.35037881072998034,-0.11201,0.00259,-0.04513,0.40057,4.4026,15.9,2,474
GOOGL270219P00275000,GOOGL,2027-02-19,141,P,275.0,-18.72,338.3399963378906,5.35,5.8,5.575,5.62,8.1,0.34418380432128903,-0.12545,0.00285,-0.04777,0.43398,4.9664,17.5,3,580
GOOGL270219P00280000,GOOGL,2027-02-19,141,P,280.0,-17.24,338.3399963378906,6.35,6.75,6.55,6.47,6.1,0.342505354309082,-0.14274,0.00313,-0.05167,0.47424,5.8037,19.6,125,2358
GOOGL270219P00285000,GOOGL,2027-02-19,141,P,285.0,-15.77,338.3399963378906,7.3,7.7,7.5,7.49,5.3,0.33887379882812496,-0.1603,0.00342,-0.05489,0.51228,6.641,21.7,110,1123
GOOGL270219P00290000,GOOGL,2027-02-19,141,P,290.0,-14.29,338.3399963378906,8.25,8.8,8.525,8.55,6.5,0.3360662097167969,-0.1797,0.00371,-0.05819,0.55122,7.615,24.0,274,2480
GOOGL270219P00295000,GOOGL,2027-02-19,141,P,295.0,-12.81,338.3399963378906,9.65,10.15,9.9,9.9,5.1,0.3354558642578125,-0.20163,0.00399,-0.06193,0.59161,8.8224,26.5,58,2431
GOOGL270219P00300000,GOOGL,2027-02-19,141,P,300.0,-11.33,338.3399963378906,10.95,11.35,11.15,11.1,3.6,0.3306036178588867,-0.22266,0.00429,-0.06416,0.62694,9.8894,28.9,1291,2541
GOOGL270219P00305000,GOOGL,2027-02-19,141,P,305.0,-9.85,338.3399963378906,12.45,12.85,12.65,12.45,3.2,0.3284674087524414,-0.24638,0.00456,-0.06687,0.66308,11.2367,31.5,26,1375
GOOGL270219P00310000,GOOGL,2027-02-19,141,P,310.0,-8.38,338.3399963378906,14.0,15.0,14.5,14.9,6.9,0.33338068969726564,-0.27413,0.00475,-0.07121,0.70058,13.2019,34.7,16,1549
GOOGL270219P00315000,GOOGL,2027-02-19,141,P,315.0,-6.9,338.3399963378906,15.65,16.25,15.95,16.3,3.8,0.32416447326660147,-0.29729,0.00508,-0.07111,0.72815,14.3091,37.0,4,1103
GOOGL270219P00320000,GOOGL,2027-02-19,141,P,320.0,-5.42,338.3399963378906,17.7,18.4,18.05,19.0,3.9,0.32507999145507804,-0.32516,0.00527,-0.07343,0.75701,16.2756,40.1,2,884
GOOGL270219P00325000,GOOGL,2027-02-19,141,P,325.0,-3.94,338.3399963378906,19.85,20.4,20.125,20.85,2.7,0.32221136779785153,-0.35266,0.00548,-0.07418,0.78104,18.0984,42.9,2,526
GOOGL270219P00330000,GOOGL,2027-02-19,141,P,330.0,-2.46,338.3399963378906,21.85,22.4,22.125,22.15,2.5,0.31763377685546873,-0.38079,0.0057,-0.07394,0.80119,19.9198,45.8,41,702
GOOGL270219P00335000,GOOGL,2027-02-19,141,P,335.0,-0.99,338.3399963378906,24.0,24.75,24.375,24.3,3.1,0.31555860229492183,-0.41004,0.00586,-0.07386,0.81751,22.0788,48.8,114,686
GOOGL270219P00340000,GOOGL,2027-02-19,141,P,340.0,0.49,338.3399963378906,26.5,27.25,26.875,26.7,2.8,0.3135292036437988,-0.43975,0.00598,-0.07323,0.82934,24.385,51.7,29,1623
GOOGL270219P00345000,GOOGL,2027-02-19,141,P,345.0,1.97,338.3399963378906,28.9,30.1,29.5,30.8,4.1,0.31391066955566405,-0.46938,0.00603,-0.07274,0.83646,27.0371,54.7,3,680
GOOGL270219P00350000,GOOGL,2027-02-19,141,P,350.0,3.45,338.3399963378906,31.9,32.65,32.275,32.13,2.3,0.3089973886108398,-0.49997,0.00614,-0.07017,0.83893,29.3902,57.6,12,602
GOOGL270219P00355000,GOOGL,2027-02-19,141,P,355.0,4.92,338.3399963378906,34.85,35.6,35.225,36.05,2.1,0.30713583496093744,-0.53005,0.00616,-0.06794,0.83655,32.1419,60.5,1,211
GOOGL270219P00360000,GOOGL,2027-02-19,141,P,360.0,6.4,338.3399963378906,38.2,39.1,38.65,40.25,2.3,0.31021807952880853,-0.55776,0.00605,-0.06675,0.83012,35.4454,63.2,5,1205
GOOGL270219P00365000,GOOGL,2027-02-19,141,P,365.0,7.88,338.3399963378906,41.1,42.2,41.65,34.93,2.6,0.3068306622314453,-0.58758,0.00603,-0.06308,0.81863,38.3472,66.0,10,265
GOOGL270219P00370000,GOOGL,2027-02-19,141,P,370.0,9.36,338.3399963378906,44.25,45.2,44.725,45.97,2.1,0.30039151763916017,-0.61905,0.00603,-0.05789,0.80129,41.143,68.8,1,145
GOOGL270219P00375000,GOOGL,2027-02-19,141,P,375.0,10.84,338.3399963378906,47.95,48.65,48.3,38.9,1.4,0.29788910125732415,-0.64788,0.00593,-0.05357,0.78061,44.3959,71.4,10,42
GOOGL270219P00380000,GOOGL,2027-02-19,141,P,380.0,12.31,338.3399963378906,50.6,52.95,51.775,42.12,4.5,0.3052132467651367,-0.66852,0.00565,-0.05247,0.76292,48.5266,73.4,1,40
GOOGL270219P00385000,GOOGL,2027-02-19,141,P,385.0,13.79,338.3399963378906,54.8,56.45,55.625,48.72,3.0,0.30026944854736326,-0.69712,0.00553,-0.04666,0.73431,51.8321,75.9,13,16
GOOGL270219P00390000,GOOGL,2027-02-19,141,P,390.0,15.27,338.3399963378906,0.0,0.0,58.9,58.9,,1.0000000000000003e-05,-1.0,0.0,0.04208,0.0,45.68,100.0,41,0
GOOGL270219P00395000,GOOGL,2027-02-19,141,P,395.0,16.75,338.3399963378906,63.2,64.2,63.7,55.89,1.6,0.2959359957885742,-0.74724,0.00514,-0.03634,0.67214,59.217,80.2,13,18
GOOGL270219P00400000,GOOGL,2027-02-19,141,P,400.0,18.22,338.3399963378906,66.65,67.85,67.25,68.47,1.8,0.2873606420898437,-0.77683,0.00494,-0.0283,0.62777,62.6689,82.6,4,29
GOOGL270219P00410000,GOOGL,2027-02-19,141,P,410.0,21.18,338.3399963378906,74.6,76.35,75.475,84.25,2.3,0.2849192602539062,-0.81833,0.0044,-0.01797,0.555,70.838,86.1,18,21
GOOGL270319C00255000,GOOGL,2027-03-19,169,C,255.0,-24.63,338.3399963378906,92.1,94.75,93.425,93.76,2.8,0.5008900009155274,0.85416,0.00198,-0.09897,0.52677,98.1854,76.2,1,180
GOOGL270319C00260000,GOOGL,2027-03-19,169,C,260.0,-23.15,338.3399963378906,88.3,89.9,89.1,87.95,1.8,0.48077911804199214,0.84737,0.00213,-0.09843,0.54302,93.3801,75.7,139,98
GOOGL270319C00265000,GOOGL,2027-03-19,169,C,265.0,-21.68,338.3399963378906,83.7,85.5,84.6,83.7,2.1,0.46829755340576174,0.83749,0.00228,-0.0997,0.56589,88.9955,74.7,86,47
GOOGL270319C00270000,GOOGL,2027-03-19,169,C,270.0,-20.2,338.3399963378906,79.5,82.35,80.925,81.65,3.5,0.47519445709228514,0.82036,0.0024,-0.10584,0.60334,85.7895,72.4,2,414
GOOGL270319C00275000,GOOGL,2027-03-19,169,C,275.0,-18.72,338.3399963378906,75.55,77.95,76.75,75.74,3.1,0.4611259942626954,0.80963,0.00256,-0.10644,0.6255,81.399,71.3,1,153
GOOGL270319C00280000,GOOGL,2027-03-19,169,C,280.0,-17.24,338.3399963378906,72.2,74.55,73.375,71.99,3.2,0.4612480633544922,0.79359,0.00269,-0.11051,0.65678,77.9551,69.3,2,1221
GOOGL270319C00285000,GOOGL,2027-03-19,169,C,285.0,-15.77,338.3399963378906,67.9,70.0,68.95,69.02,3.0,0.4438837350463867,0.78241,0.00288,-0.10992,0.67738,73.4171,68.4,1,271
GOOGL270319C00290000,GOOGL,2027-03-19,169,C,290.0,-14.29,338.3399963378906,63.9,66.85,65.375,65.0,4.5,0.4452417536926269,0.76469,0.003,-0.11392,0.70799,70.2079,66.2,3,472
GOOGL270319C00295000,GOOGL,2027-03-19,169,C,295.0,-12.81,338.3399963378906,60.3,62.05,61.175,62.25,2.9,0.42354397262573246,0.75301,0.00324,-0.11184,0.72689,65.4212,65.4,1,106
GOOGL270319C00300000,GOOGL,2027-03-19,169,C,300.0,-11.33,338.3399963378906,57.4,58.35,57.875,58.5,1.6,0.4157925852966308,0.73631,0.00341,-0.11307,0.75218,61.6809,63.6,31,1103
GOOGL270319C00305000,GOOGL,2027-03-19,169,C,305.0,-9.85,338.3399963378906,53.7,55.4,54.55,55.0,3.1,0.4163876721191406,0.71674,0.00353,-0.11615,0.77933,58.6576,61.4,35,335
GOOGL270319C00310000,GOOGL,2027-03-19,169,C,310.0,-8.38,338.3399963378906,50.35,52.15,51.25,51.93,3.5,0.41202370208740235,0.69786,0.00368,-0.1177,0.80304,55.3474,59.4,7,368
GOOGL270319C00315000,GOOGL,2027-03-19,169,C,315.0,-6.9,338.3399963378906,47.7,49.35,48.525,49.0,3.4,0.41181008117675777,0.6777,0.00378,-0.11999,0.82576,52.4689,57.2,5,495
GOOGL270319C00320000,GOOGL,2027-03-19,169,C,320.0,-5.42,338.3399963378906,44.45,45.65,45.05,45.5,2.7,0.399969379272461,0.65869,0.00398,-0.11905,0.8448,48.7155,55.4,3,616
GOOGL270319C00325000,GOOGL,2027-03-19,169,C,325.0,-3.94,338.3399963378906,41.9,42.9,42.4,43.0,2.4,0.3980315324401856,0.6377,0.00409,-0.12027,0.86319,45.8827,53.2,28,649
GOOGL270319C00330000,GOOGL,2027-03-19,169,C,330.0,-2.46,338.3399963378906,39.0,39.65,39.325,39.9,1.7,0.38931885101318364,0.61661,0.00426,-0.11944,0.87894,42.5585,51.3,44,692
GOOGL270319C00335000,GOOGL,2027-03-19,169,C,335.0,-0.99,338.3399963378906,36.5,37.1,36.8,37.0,1.6,0.38730471099853514,0.59471,0.00435,-0.11994,0.89245,39.9183,49.0,141,1093
GOOGL270319C00340000,GOOGL,2027-03-19,169,C,340.0,0.49,338.3399963378906,34.1,34.35,34.225,34.17,0.7,0.3819031536865234,0.57235,0.00446,-0.11922,0.90331,37.0781,46.9,387,1350
GOOGL270319C00345000,GOOGL,2027-03-19,169,C,345.0,1.97,338.3399963378906,31.5,32.15,31.825,32.22,2.0,0.3813538427734374,0.55013,0.00451,-0.11939,0.9112,34.7804,44.7,93,861
GOOGL270319C00350000,GOOGL,2027-03-19,169,C,350.0,3.45,338.3399963378906,29.5,30.0,29.75,29.77,1.7,0.3801636691284179,0.52789,0.00455,-0.11906,0.91622,32.5317,42.5,338,2609
GOOGL270319C00355000,GOOGL,2027-03-19,169,C,355.0,4.92,338.3399963378906,27.3,28.1,27.7,28.1,2.9,0.38052987640380853,0.50613,0.00455,-0.11881,0.91835,30.5312,40.4,584,773
GOOGL270319C00360000,GOOGL,2027-03-19,169,C,360.0,6.4,338.3399963378906,25.4,26.05,25.725,25.75,2.5,0.37814952911376953,0.48384,0.00458,-0.1175,0.91771,28.3821,38.3,67,1335
GOOGL270319C00365000,GOOGL,2027-03-19,169,C,365.0,7.88,338.3399963378906,23.0,24.0,23.5,24.0,4.3,0.37460952545166015,0.46119,0.0046,-0.11554,0.91411,26.2291,36.2,37,976
GOOGL270319C00370000,GOOGL,2027-03-19,169,C,370.0,9.36,338.3399963378906,21.85,22.1,21.975,22.15,1.1,0.37161883270263674,0.43878,0.00461,-0.1134,0.90762,24.2283,34.2,100,1419
GOOGL270319C00375000,GOOGL,2027-03-19,169,C,375.0,10.84,338.3399963378906,20.15,20.65,20.4,20.8,2.5,0.3725343508911133,0.41839,0.00455,-0.11213,0.89917,22.6794,32.3,31,976
GOOGL270319C00380000,GOOGL,2027-03-19,169,C,380.0,12.31,338.3399963378906,18.6,18.85,18.725,18.76,1.3,0.36844503631591796,0.39591,0.00454,-0.10909,0.88702,20.7771,30.3,79,1540
GOOGL270319C00385000,GOOGL,2027-03-19,169,C,385.0,13.79,338.3399963378906,17.2,17.4,17.3,17.95,1.2,0.36725486267089846,0.37527,0.00449,-0.10669,0.8732,19.2284,28.5,22,1033
GOOGL270319C00390000,GOOGL,2027-03-19,169,C,390.0,15.27,338.3399963378906,15.5,16.15,15.825,16.5,4.1,0.3674074490356446,0.35595,0.00441,-0.10449,0.85792,17.885,26.8,20,1918
GOOGL270319C00395000,GOOGL,2027-03-19,169,C,395.0,16.75,338.3399963378906,14.65,14.9,14.775,15.3,1.7,0.3665987413024902,0.33661,0.00432,-0.10181,0.84031,16.5431,25.1,19,1332
GOOGL270319C00400000,GOOGL,2027-03-19,169,C,400.0,18.22,338.3399963378906,13.5,13.75,13.625,13.6,1.8,0.3660341717529296,0.31801,0.00423,-0.09904,0.82115,15.3035,23.5,685,7039
GOOGL270319C00405000,GOOGL,2027-03-19,169,C,405.0,19.7,338.3399963378906,12.5,12.85,12.675,12.95,2.8,0.36771262176513675,0.30167,0.00412,-0.09692,0.80247,14.3217,22.1,83,792
GOOGL270319C00410000,GOOGL,2027-03-19,169,C,410.0,21.18,338.3399963378906,11.5,11.75,11.625,11.85,2.2,0.36594261993408206,0.28345,0.00402,-0.09347,0.77958,13.1356,20.6,56,1004
GOOGL270319C00415000,GOOGL,2027-03-19,169,C,415.0,22.66,338.3399963378906,10.65,10.85,10.75,10.85,1.9,0.3658815853881836,0.26716,0.0039,-0.09054,0.75719,12.1552,19.2,23,351
GOOGL270319C00420000,GOOGL,2027-03-19,169,C,420.0,24.14,338.3399963378906,9.55,10.1,9.825,9.85,5.6,0.3670870176696777,0.25254,0.00378,-0.088,0.73552,11.3331,18.0,320,2440
GOOGL270319P00255000,GOOGL,2027-03-19,169,P,255.0,-24.63,338.3399963378906,3.85,4.1,3.975,3.4,6.3,0.3513248461914062,-0.08381,0.0019,-0.03336,0.35446,3.4269,12.7,6,880
GOOGL270319P00260000,GOOGL,2027-03-19,169,P,260.0,-23.15,338.3399963378906,4.45,5.05,4.75,3.75,12.6,0.3554141607666015,-0.09913,0.00213,-0.03807,0.40147,4.2559,14.8,60,5934
GOOGL270319P00265000,GOOGL,2027-03-19,169,P,265.0,-21.68,338.3399963378906,5.0,5.4,5.2,5.23,7.7,0.34418380432128903,-0.1076,0.00234,-0.0389,0.42609,4.5407,15.7,1100,1259
GOOGL270319P00270000,GOOGL,2027-03-19,169,P,270.0,-20.2,338.3399963378906,5.85,6.25,6.05,6.3,6.6,0.3423832852172851,-0.12212,0.00257,-0.04212,0.46625,5.2777,17.6,6,8212
GOOGL270319P00275000,GOOGL,2027-03-19,169,P,275.0,-18.72,338.3399963378906,6.55,7.15,6.85,6.0,8.8,0.3397587997436523,-0.13735,0.00281,-0.04509,0.50581,6.0587,19.5,409,1187
GOOGL270319P00280000,GOOGL,2027-03-19,169,P,280.0,-17.24,338.3399963378906,7.65,8.1,7.875,6.7,5.7,0.3364018997192383,-0.15335,0.00306,-0.04777,0.54472,6.8842,21.4,208,5558
GOOGL270319P00285000,GOOGL,2027-03-19,169,P,285.0,-15.77,338.3399963378906,8.75,9.2,8.975,7.65,5.0,0.3339300006103516,-0.17102,0.0033,-0.05058,0.58482,7.8453,23.5,76,1918
GOOGL270319P00290000,GOOGL,2027-03-19,169,P,290.0,-14.29,338.3399963378906,10.15,10.4,10.275,10.3,2.4,0.3314275842285156,-0.18983,0.00355,-0.05321,0.62441,8.9004,25.7,642,4752
GOOGL270319P00295000,GOOGL,2027-03-19,169,P,295.0,-12.81,338.3399963378906,11.35,11.75,11.55,11.55,3.5,0.3294439614868163,-0.21007,0.0038,-0.05579,0.66363,10.0905,28.0,3,3110
GOOGL270319P00300000,GOOGL,2027-03-19,169,P,300.0,-11.33,338.3399963378906,12.7,13.15,12.925,12.83,3.5,0.3265905964660644,-0.23097,0.00405,-0.0579,0.70072,11.3289,30.4,149,8559
GOOGL270319P00305000,GOOGL,2027-03-19,169,P,305.0,-9.85,338.3399963378906,14.3,14.9,14.6,14.45,4.1,0.32672792419433594,-0.25428,0.00426,-0.06051,0.73818,12.8951,33.0,309,2282
GOOGL270319P00310000,GOOGL,2027-03-19,169,P,310.0,-8.38,338.3399963378906,15.9,16.4,16.15,16.06,3.1,0.3220587814331054,-0.2765,0.00451,-0.06158,0.77025,14.2226,35.4,10,3763
GOOGL270319P00315000,GOOGL,2027-03-19,169,P,315.0,-6.9,338.3399963378906,17.55,18.2,17.875,18.05,3.6,0.31964791687011707,-0.30065,0.00473,-0.06289,0.80125,15.835,38.0,3,3413
GOOGL270319P00320000,GOOGL,2027-03-19,169,P,320.0,-5.42,338.3399963378906,19.45,20.15,19.8,20.1,3.5,0.31746593185424804,-0.32573,0.00493,-0.06389,0.82937,17.5882,40.7,21,4950
GOOGL270319P00325000,GOOGL,2027-03-19,169,P,325.0,-3.94,338.3399963378906,21.85,22.35,22.1,23.2,2.3,0.31662670684814453,-0.35183,0.00509,-0.06484,0.85436,19.5822,43.4,13,1679
GOOGL270319P00330000,GOOGL,2027-03-19,169,P,330.0,-2.46,338.3399963378906,23.3,24.5,23.9,23.85,5.0,0.31368179000854496,-0.37812,0.00526,-0.06485,0.87526,21.5259,46.1,10,2907
GOOGL270319P00335000,GOOGL,2027-03-19,169,P,335.0,-0.99,338.3399963378906,26.2,26.9,26.55,26.25,2.6,0.31201859863281245,-0.40512,0.0054,-0.06476,0.89236,23.711,48.9,12,1534
GOOGL270319P00340000,GOOGL,2027-03-19,169,P,340.0,0.49,338.3399963378906,29.05,29.35,29.2,29.2,1.0,0.30942463043212887,-0.43251,0.00552,-0.064,0.90529,25.9443,51.6,204,2412
GOOGL270319P00345000,GOOGL,2027-03-19,169,P,345.0,1.97,338.3399963378906,31.15,31.95,31.55,31.4,2.5,0.306998507232666,-0.46025,0.00562,-0.06284,0.9139,28.324,54.3,68,1407
GOOGL270319P00350000,GOOGL,2027-03-19,169,P,350.0,3.45,338.3399963378906,33.9,34.75,34.325,33.97,2.5,0.3052742813110352,-0.48807,0.00567,-0.06143,0.91805,30.9001,57.1,581,3380
GOOGL270319P00355000,GOOGL,2027-03-19,169,P,355.0,4.92,338.3399963378906,36.6,37.8,37.2,37.1,3.2,0.3048317808532715,-0.51545,0.00568,-0.05996,0.91777,33.7256,59.7,17,567
GOOGL270319P00360000,GOOGL,2027-03-19,169,P,360.0,6.4,338.3399963378906,40.15,40.65,40.4,40.44,1.2,0.3007577249145508,-0.54395,0.00573,-0.05708,0.91288,36.3487,62.4,397,1762
GOOGL270319P00365000,GOOGL,2027-03-19,169,P,365.0,7.88,338.3399963378906,43.3,43.8,43.55,45.2,1.1,0.2985299639892578,-0.57167,0.00571,-0.05431,0.9036,39.2708,64.9,56,2258
GOOGL270319P00370000,GOOGL,2027-03-19,169,P,370.0,9.36,338.3399963378906,45.85,47.2,46.525,48.0,2.9,0.297736514892578,-0.59825,0.00564,-0.05161,0.89047,42.4482,67.4,42,1022
GOOGL270319P00375000,GOOGL,2027-03-19,169,P,375.0,10.84,338.3399963378906,49.2,50.5,49.85,52.05,2.6,0.2943643562316894,-0.62589,0.00559,-0.04778,0.87234,45.5208,69.9,5,739
GOOGL270319P00380000,GOOGL,2027-03-19,169,P,380.0,12.31,338.3399963378906,52.7,54.05,53.375,52.8,2.5,0.292502802581787,-0.65205,0.00549,-0.04411,0.85092,48.8487,72.2,64,2075
GOOGL270319P00385000,GOOGL,2027-03-19,169,P,385.0,13.79,338.3399963378906,55.65,57.65,56.65,56.05,3.5,0.28983254119873036,-0.67816,0.00537,-0.0399,0.82528,52.227,74.5,7,214
GOOGL270319P00390000,GOOGL,2027-03-19,169,P,390.0,15.27,338.3399963378906,59.4,62.25,60.825,55.3,4.7,0.29874358489990227,-0.69366,0.0051,-0.03949,0.80799,56.652,76.1,1,326
GOOGL270319P00395000,GOOGL,2027-03-19,169,P,395.0,16.75,338.3399963378906,64.15,66.0,65.075,51.8,2.8,0.2955697885131836,-0.7181,0.00496,-0.03477,0.77752,60.187,78.2,10,279
GOOGL270319P00400000,GOOGL,2027-03-19,169,P,400.0,18.22,338.3399963378906,68.6,69.2,68.9,67.4,0.9,0.2829508961486816,-0.75082,0.00487,-0.02638,0.73033,63.1356,80.8,4,332
GOOGL270319P00405000,GOOGL,2027-03-19,169,P,405.0,19.7,338.3399963378906,71.05,73.25,72.15,63.35,3.0,0.2806163247680663,-0.77318,0.00466,-0.02158,0.69363,66.9804,82.6,6,25
GOOGL270319P00410000,GOOGL,2027-03-19,169,P,410.0,21.18,338.3399963378906,0.0,0.0,77.1,77.1,,1.0000000000000003e-05,-1.0,0.0,0.04411,0.0,64.1365,100.0,14,0
GOOGL270319P00415000,GOOGL,2027-03-19,169,P,415.0,22.66,338.3399963378906,79.25,82.15,80.7,80.16,3.6,0.2851328811645507,-0.80515,0.0042,-0.01539,0.63446,75.5328,85.4,0,51
GOOGL270319P00420000,GOOGL,2027-03-19,169,P,420.0,24.14,338.3399963378906,84.25,86.85,85.55,74.45,3.0,0.290473403930664,-0.81629,0.00397,-0.01354,0.61186,80.0826,86.4,1,75
GOOGL270416C00255000,GOOGL,2027-04-16,197,C,255.0,-24.63,338.3399963378906,93.55,95.95,94.75,95.5,2.5,0.4837087762451172,0.84948,0.00194,-0.09186,0.58089,99.9029,75.1,0,3
GOOGL270416C00270000,GOOGL,2027-04-16,197,C,270.0,-20.2,338.3399963378906,81.15,84.35,82.75,81.79,3.9,0.4689384161376954,0.81323,0.0023,-0.09992,0.66743,88.2707,70.7,2,4
GOOGL270416C00280000,GOOGL,2027-04-16,197,C,280.0,-17.24,338.3399963378906,73.65,75.35,74.5,75.05,2.3,0.438054935913086,0.79278,0.00263,-0.09973,0.71077,79.307,68.9,1,6
GOOGL270416C00285000,GOOGL,2027-04-16,197,C,285.0,-15.77,338.3399963378906,69.75,72.65,71.2,71.0,4.1,0.44537908142089844,0.77455,0.00271,-0.1047,0.74632,76.5267,66.5,15,22
GOOGL270416C00290000,GOOGL,2027-04-16,197,C,290.0,-14.29,338.3399963378906,66.1,68.25,67.175,75.3,3.2,0.42996785858154296,0.7625,0.00289,-0.10421,0.76832,72.1296,65.5,1,1
GOOGL270416C00295000,GOOGL,2027-04-16,197,C,295.0,-12.81,338.3399963378906,62.4,65.1,63.75,72.01,4.2,0.429265961303711,0.74563,0.00301,-0.10694,0.79713,68.9186,63.5,1,4
GOOGL270416C00300000,GOOGL,2027-04-16,197,C,300.0,-11.33,338.3399963378906,58.95,61.6,60.275,60.45,4.4,0.4233456103515625,0.72961,0.00314,-0.10826,0.82247,65.3727,61.8,15,25
GOOGL270416C00305000,GOOGL,2027-04-16,197,C,305.0,-9.85,338.3399963378906,56.4,57.1,56.75,58.55,1.2,0.4052183502197265,0.71561,0.00337,-0.10657,0.84302,60.8648,60.7,2,3
GOOGL270416C00310000,GOOGL,2027-04-16,197,C,310.0,-8.38,338.3399963378906,53.25,55.45,54.35,55.0,4.0,0.418401812133789,0.69446,0.00337,-0.11181,0.87136,59.092,58.0,1,14
GOOGL270416C00315000,GOOGL,2027-04-16,197,C,315.0,-6.9,338.3399963378906,50.1,51.7,50.9,58.2,3.1,0.4070799038696289,0.6775,0.00355,-0.1112,0.89178,55.2948,56.4,9,12
GOOGL270416C00320000,GOOGL,2027-04-16,197,C,320.0,-5.42,338.3399963378906,46.85,48.75,47.8,48.04,4.0,0.4036161933898926,0.65874,0.00366,-0.11213,0.91206,52.269,54.5,11,91
GOOGL270416C00325000,GOOGL,2027-04-16,197,C,325.0,-3.94,338.3399963378906,44.35,45.3,44.825,54.5,2.1,0.39394221786499023,0.63994,0.00382,-0.11137,0.92998,48.7543,52.7,1,19
GOOGL270416C00330000,GOOGL,2027-04-16,197,C,330.0,-2.46,338.3399963378906,41.6,43.1,42.35,42.0,3.5,0.3963683410644532,0.61999,0.00386,-0.11311,0.94643,46.4545,50.6,1,57
GOOGL270416C00335000,GOOGL,2027-04-16,197,C,335.0,-0.99,338.3399963378906,39.0,40.4,39.7,39.85,3.5,0.39256894058227537,0.60004,0.00396,-0.11314,0.96029,43.6657,48.6,15,47
GOOGL270416C00340000,GOOGL,2027-04-16,197,C,340.0,0.49,338.3399963378906,37.0,37.9,37.45,37.9,2.4,0.38982238601684577,0.57984,0.00403,-0.11314,0.97171,41.0706,46.6,56,170
GOOGL270416C00345000,GOOGL,2027-04-16,197,C,345.0,1.97,338.3399963378906,34.2,36.15,35.175,35.3,5.5,0.3936675624084473,0.56035,0.00403,-0.11442,0.98026,39.2162,44.5,33,55
GOOGL270416C00350000,GOOGL,2027-04-16,197,C,350.0,3.45,338.3399963378906,32.1,33.35,32.725,33.25,3.8,0.3859466923522949,0.5392,0.00414,-0.11268,0.98684,36.3232,42.7,65,242
GOOGL270416C00355000,GOOGL,2027-04-16,197,C,355.0,4.92,338.3399963378906,30.05,31.65,30.85,30.0,5.2,0.388327039642334,0.51987,0.00413,-0.11311,0.9904,34.5196,40.7,11,140
GOOGL270416C00360000,GOOGL,2027-04-16,197,C,360.0,6.4,338.3399963378906,28.05,29.35,28.7,28.8,4.5,0.3837189314270019,0.49897,0.00418,-0.11156,0.99163,32.1179,38.8,198,1044
GOOGL270416C00365000,GOOGL,2027-04-16,197,C,365.0,7.88,338.3399963378906,26.3,27.1,26.7,26.0,3.0,0.3786530641174316,0.47769,0.00423,-0.1096,0.99008,29.7634,36.9,2,294
GOOGL270416C00370000,GOOGL,2027-04-16,197,C,370.0,9.36,338.3399963378906,24.05,25.85,24.95,25.75,7.2,0.38281867187499996,0.4599,0.00417,-0.1098,0.98662,28.413,35.1,1,90
GOOGL270416C00375000,GOOGL,2027-04-16,197,C,375.0,10.84,338.3399963378906,22.5,23.5,23.0,22.5,4.3,0.37480788772583,0.43742,0.00423,-0.10654,0.9794,25.9522,33.3,16,189
GOOGL270416C00380000,GOOGL,2027-04-16,197,C,380.0,12.31,338.3399963378906,21.0,22.65,21.825,22.0,7.6,0.3814148773193359,0.42182,0.00413,-0.10705,0.97253,25.0095,31.7,9,56
GOOGL270416C00385000,GOOGL,2027-04-16,197,C,385.0,13.79,338.3399963378906,19.65,20.35,20.0,19.95,3.5,0.37198503997802734,0.39855,0.00417,-0.10288,0.95939,22.5949,29.8,40,52
GOOGL270416C00390000,GOOGL,2027-04-16,197,C,390.0,15.27,338.3399963378906,18.2,19.1,18.65,18.5,4.8,0.37271745452880856,0.38088,0.00411,-0.10139,0.94709,21.2463,28.2,26,37
GOOGL270416C00395000,GOOGL,2027-04-16,197,C,395.0,16.75,338.3399963378906,16.7,18.15,17.425,21.4,8.3,0.3759522854614258,0.3653,0.00402,-0.1005,0.93455,20.2067,26.7,16,64
GOOGL270416C00400000,GOOGL,2027-04-16,197,C,400.0,18.22,338.3399963378906,15.75,16.2,15.975,16.2,2.8,0.3672853799438477,0.34255,0.00402,-0.09586,0.91336,18.1403,25.0,14,231
GOOGL270416C00410000,GOOGL,2027-04-16,197,C,410.0,21.18,338.3399963378906,13.55,14.75,14.15,14.2,8.5,0.37518935363769534,0.31533,0.00381,-0.094,0.88339,16.5317,22.5,6,440
GOOGL270416C00420000,GOOGL,2027-04-16,197,C,420.0,24.14,338.3399963378906,11.55,12.55,12.05,12.15,8.3,0.37149676361083983,0.2821,0.00366,-0.08809,0.83976,14.1478,19.8,65,927
GOOGL270416P00255000,GOOGL,2027-04-16,197,P,255.0,-24.63,338.3399963378906,4.55,4.85,4.7,4.15,6.4,0.3425358715820312,-0.09088,0.00192,-0.03154,0.40657,4.0013,13.9,26,125
GOOGL270416P00260000,GOOGL,2027-04-16,197,P,260.0,-23.15,338.3399963378906,5.2,5.55,5.375,5.54,6.5,0.33957569610595706,-0.10258,0.00212,-0.03399,0.4444,4.5936,15.4,66,217
GOOGL270416P00265000,GOOGL,2027-04-16,197,P,265.0,-21.68,338.3399963378906,5.95,6.3,6.125,6.2,5.7,0.3361577615356446,-0.11503,0.00232,-0.03633,0.48256,5.2292,17.0,40,83
GOOGL270416P00270000,GOOGL,2027-04-16,197,P,270.0,-20.2,338.3399963378906,6.8,7.2,7.0,6.92,5.7,0.3340520697021484,-0.12923,0.00254,-0.03895,0.52366,5.9997,18.8,2,1655
GOOGL270416P00275000,GOOGL,2027-04-16,197,P,275.0,-18.72,338.3399963378906,7.8,8.15,7.975,8.15,4.4,0.33124448059082034,-0.14408,0.00276,-0.04134,0.56411,6.8121,20.6,6,499
GOOGL270416P00280000,GOOGL,2027-04-16,197,P,280.0,-17.24,338.3399963378906,8.75,9.3,9.025,9.0,6.1,0.3301458587646484,-0.16094,0.00298,-0.04405,0.60711,7.8084,22.7,11,2159
GOOGL270416P00285000,GOOGL,2027-04-16,197,P,285.0,-15.77,338.3399963378906,10.25,10.35,10.3,10.2,1.0,0.32605654418945307,-0.17719,0.00321,-0.04592,0.64581,8.7101,24.6,8,557
GOOGL270416P00290000,GOOGL,2027-04-16,197,P,290.0,-14.29,338.3399963378906,11.3,11.5,11.4,11.55,1.8,0.32211981597900385,-0.19461,0.00344,-0.04768,0.68449,9.7014,26.6,220,2027
GOOGL270416P00295000,GOOGL,2027-04-16,197,P,295.0,-12.81,338.3399963378906,12.6,13.05,12.825,12.59,3.5,0.3220892987060546,-0.2151,0.00365,-0.0502,0.72648,11.0607,29.0,4,67
GOOGL270416P00300000,GOOGL,2027-04-16,197,P,300.0,-11.33,338.3399963378906,13.75,14.55,14.15,12.35,5.7,0.3199073136901855,-0.23542,0.00387,-0.052,0.7646,12.3752,31.3,11,1783
GOOGL270416P00305000,GOOGL,2027-04-16,197,P,305.0,-9.85,338.3399963378906,15.5,16.2,15.85,15.8,4.4,0.3181220532226562,-0.25684,0.00408,-0.05365,0.80117,13.8277,33.7,70,594
GOOGL270416P00310000,GOOGL,2027-04-16,197,P,310.0,-8.38,338.3399963378906,17.4,18.0,17.7,18.0,3.4,0.3166877413940429,-0.27923,0.00427,-0.05512,0.83562,15.422,36.2,1,1700
GOOGL270416P00315000,GOOGL,2027-04-16,197,P,315.0,-6.9,338.3399963378906,19.1,19.8,19.45,19.65,3.6,0.3138496350097656,-0.30191,0.00447,-0.05598,0.86672,17.0121,38.7,31,126
GOOGL270416P00320000,GOOGL,2027-04-16,197,P,320.0,-5.42,338.3399963378906,21.15,22.0,21.575,21.81,3.9,0.31403273864746095,-0.32618,0.00462,-0.05724,0.89594,18.9845,41.3,7,74
GOOGL270416P00325000,GOOGL,2027-04-16,197,P,325.0,-3.94,338.3399963378906,23.1,23.8,23.45,23.73,3.0,0.3086159226989746,-0.34975,0.00483,-0.05687,0.92044,20.5711,43.7,43,89
GOOGL270416P00330000,GOOGL,2027-04-16,197,P,330.0,-2.46,338.3399963378906,25.15,26.6,25.875,24.7,5.6,0.3123237713623046,-0.3754,0.00489,-0.05829,0.94286,23.1229,46.5,3,155
GOOGL270416P00335000,GOOGL,2027-04-16,197,P,335.0,-0.99,338.3399963378906,27.75,28.6,28.175,28.05,3.0,0.30644919631958006,-0.40032,0.00507,-0.05714,0.96051,24.8973,48.9,4,40
GOOGL270416P00340000,GOOGL,2027-04-16,197,P,340.0,0.49,338.3399963378906,30.1,31.3,30.7,30.65,3.9,0.30643393768310545,-0.42594,0.00515,-0.057,0.97449,27.3534,51.5,6,16
GOOGL270416P00345000,GOOGL,2027-04-16,197,P,345.0,1.97,338.3399963378906,32.65,33.75,33.2,28.7,3.3,0.3025887612915039,-0.45201,0.00527,-0.05561,0.98445,29.5598,54.1,11,143
GOOGL270416P00350000,GOOGL,2027-04-16,197,P,350.0,3.45,338.3399963378906,35.45,37.05,36.25,35.95,4.4,0.30605247177124023,-0.47697,0.00524,-0.05564,0.98998,32.6103,56.6,1,489
GOOGL270416P00355000,GOOGL,2027-04-16,197,P,355.0,4.92,338.3399963378906,38.2,39.55,38.875,34.2,3.5,0.3002084140014648,-0.5039,0.00535,-0.05305,0.99158,34.8628,59.1,13,31
GOOGL270416P00360000,GOOGL,2027-04-16,197,P,360.0,6.4,338.3399963378906,41.15,42.35,41.75,40.8,2.9,0.29610384078979496,-0.53078,0.0054,-0.05052,0.98868,37.4093,61.6,20,10
GOOGL270416P00365000,GOOGL,2027-04-16,197,P,365.0,7.88,338.3399963378906,44.45,45.5,44.975,44.12,2.3,0.29431858032226554,-0.55678,0.0054,-0.04826,0.98157,40.3068,64.0,1,12
GOOGL270416P00375000,GOOGL,2027-04-16,197,P,375.0,10.84,338.3399963378906,50.2,52.95,51.575,48.21,5.3,0.29929289581298824,-0.60247,0.00518,-0.04531,0.95874,47.2748,68.4,0,20
GOOGL270416P00380000,GOOGL,2027-04-16,197,P,380.0,12.31,338.3399963378906,54.2,55.5,54.85,53.05,2.4,0.2872843489074706,-0.63396,0.00527,-0.03925,0.93518,49.5477,71.0,1,7
GOOGL270416P00385000,GOOGL,2027-04-16,197,P,385.0,13.79,338.3399963378906,57.4,60.05,58.725,51.76,4.5,0.2961801339721679,-0.65015,0.00503,-0.03919,0.92054,53.8893,72.7,4,2
GOOGL270416P00390000,GOOGL,2027-04-16,197,P,390.0,15.27,338.3399963378906,61.3,63.6,62.45,69.75,3.7,0.2928232339477538,-0.67458,0.00495,-0.03524,0.89509,57.1927,74.8,0,20
GOOGL270416P00395000,GOOGL,2027-04-16,197,P,395.0,16.75,338.3399963378906,65.0,66.65,65.825,58.4,2.5,0.2820201193237304,-0.70523,0.00492,-0.02865,0.85732,59.9647,77.2,12,20
GOOGL270416P00400000,GOOGL,2027-04-16,197,P,400.0,18.22,338.3399963378906,69.05,71.0,70.025,61.95,2.8,0.2858347784423828,-0.72221,0.00472,-0.02666,0.8335,64.1053,78.8,1,2
