contract,ticker,expiry,dte,type,strike,moneyness_pct,spot,bid,ask,mid,last,spread_pct,iv,delta,gamma,theta,vega,theo,prob_itm,volume,oi
TLT261016C00060000,TLT,2026-10-16,15,C,60.0,-22.12,77.04000091552734,17.0,17.2,17.1,17.6,1.2,0.5800823242187501,0.98604,0.00393,-0.01719,0.00556,17.1848,98.1,335,100
TLT261016C00065000,TLT,2026-10-16,15,C,65.0,-15.63,77.04000091552734,12.05,12.2,12.125,12.8,1.2,0.49805189453125004,0.95993,0.01109,-0.02913,0.01348,12.2774,95.0,130,0
TLT261016C00067000,TLT,2026-10-16,15,C,67.0,-13.03,77.04000091552734,10.05,10.25,10.15,10.6,2.0,0.45117736328125,0.94412,0.01599,-0.0333,0.01759,10.3236,93.3,315,0
TLT261016C00068000,TLT,2026-10-16,15,C,68.0,-11.73,77.04000091552734,9.0,9.15,9.075,9.6,1.7,0.35938140625,0.96182,0.01478,-0.02263,0.01296,9.2399,95.5,305,0
TLT261016C00069000,TLT,2026-10-16,15,C,69.0,-10.44,77.04000091552734,8.1,8.3,8.2,11.82,2.4,0.39649041015625003,0.92391,0.02311,-0.03642,0.02235,8.3719,91.2,0,0
TLT261016C00070000,TLT,2026-10-16,15,C,70.0,-9.14,77.04000091552734,7.1,7.25,7.175,7.19,2.1,0.33789724609375,0.92747,0.02614,-0.0313,0.02155,7.3301,91.8,9,303
TLT261016C00071000,TLT,2026-10-16,15,C,71.0,-7.84,77.04000091552734,0.0,0.0,11.71,11.71,,1.0000000000000003e-05,1.0,0.0,-0.00777,0.0,6.1566,100.0,1,0
TLT261016C00072000,TLT,2026-10-16,15,C,72.0,-6.54,77.04000091552734,5.15,5.3,5.225,5.22,2.9,0.27735097656249996,0.89629,0.0416,-0.033,0.02814,5.3777,88.6,17,1
TLT261016C00073000,TLT,2026-10-16,15,C,73.0,-5.24,77.04000091552734,4.15,4.3,4.225,4.29,3.6,0.23633576171874998,0.88151,0.05371,-0.03136,0.03096,4.379,87.2,4,0
TLT261016C00074000,TLT,2026-10-16,15,C,74.0,-3.95,77.04000091552734,3.25,3.4,3.325,3.4,4.5,0.21851367431640623,0.8335,0.07316,-0.03506,0.03899,3.4698,82.2,2,302
TLT261016C00075000,TLT,2026-10-16,15,C,75.0,-2.65,77.04000091552734,2.48,2.54,2.51,2.46,2.4,0.1997150341796875,0.76538,0.09844,-0.0381,0.04795,2.5999,75.3,58,761
TLT261016C00076000,TLT,2026-10-16,15,C,76.0,-1.35,77.04000091552734,1.8,1.83,1.815,1.73,1.7,0.194343994140625,0.65778,0.12102,-0.04251,0.05737,1.8728,64.3,979,1129
TLT261016C00076500,TLT,2026-10-16,15,C,76.5,-0.7,77.04000091552734,1.48,1.51,1.495,1.43,2.0,0.19043778320312502,0.59642,0.1302,-0.04326,0.06048,1.5439,58.1,186,1059
TLT261016C00077000,TLT,2026-10-16,15,C,77.0,-0.05,77.04000091552734,1.21,1.23,1.22,1.18,1.6,0.18799640136718748,0.53022,0.13549,-0.04327,0.06213,1.2551,51.5,1174,3403
TLT261016C00077500,TLT,2026-10-16,15,C,77.5,0.6,77.04000091552734,0.95,0.96,0.955,0.95,1.0,0.1821370849609375,0.46087,0.13957,-0.04143,0.06201,0.9786,44.6,2121,3183
TLT261016C00078000,TLT,2026-10-16,15,C,78.0,1.25,77.04000091552734,0.7,0.72,0.71,0.67,2.8,0.1753012158203125,0.38803,0.13994,-0.03816,0.05983,0.7319,37.4,2811,10537
TLT261016C00078500,TLT,2026-10-16,15,C,78.5,1.9,77.04000091552734,0.53,0.55,0.54,0.54,3.7,0.17456880126953128,0.32048,0.13125,-0.03516,0.05589,0.5575,30.8,1709,9589
TLT261016C00079000,TLT,2026-10-16,15,C,79.0,2.54,77.04000091552734,0.38,0.39,0.385,0.39,2.6,0.1694418994140625,0.25259,0.12074,-0.03027,0.0499,0.3933,24.2,6247,16277
TLT261016C00079500,TLT,2026-10-16,15,C,79.5,3.19,77.04000091552734,0.28,0.29,0.285,0.29,3.5,0.17041845214843754,0.19906,0.10489,-0.02642,0.0436,0.2906,19.0,790,6080
TLT261016C00080000,TLT,2026-10-16,15,C,80.0,3.84,77.04000091552734,0.21,0.22,0.215,0.21,4.7,0.1733481103515625,0.1566,0.08862,-0.02295,0.03747,0.2185,14.8,3740,143563
TLT261016C00080500,TLT,2026-10-16,15,C,80.5,4.49,77.04000091552734,0.14,0.15,0.145,0.15,6.9,0.17090672851562502,0.11444,0.07247,-0.01816,0.03021,0.1466,10.8,2066,3097
TLT261016C00081000,TLT,2026-10-16,15,C,81.0,5.14,77.04000091552734,0.1,0.11,0.105,0.11,9.5,0.17383638671875,0.08722,0.05843,-0.01508,0.02478,0.1076,8.2,1373,60630
TLT261016C00081500,TLT,2026-10-16,15,C,81.5,5.79,77.04000091552734,0.08,0.09,0.085,0.08,11.8,0.180672255859375,0.07033,0.04775,-0.01326,0.02104,0.0866,6.6,196,7717
TLT261016C00082000,TLT,2026-10-16,15,C,82.0,6.44,77.04000091552734,0.06,0.07,0.065,0.07,15.4,0.18555501953124998,0.05522,0.03851,-0.01124,0.01743,0.067,5.1,304,108991
TLT261016C00082500,TLT,2026-10-16,15,C,82.5,7.09,77.04000091552734,0.04,0.06,0.05,0.05,40.0,0.19336744140625,0.04597,0.03193,-0.01009,0.01506,0.0564,4.2,373,42086
TLT261016C00083000,TLT,2026-10-16,15,C,83.0,7.74,77.04000091552734,0.04,0.05,0.045,0.04,22.2,0.1992267578125,0.0372,0.02611,-0.00873,0.01269,0.0456,3.4,346,197963
TLT261016C00083500,TLT,2026-10-16,15,C,83.5,8.39,77.04000091552734,0.03,0.04,0.035,0.06,28.6,0.20508607421874997,0.0303,0.02142,-0.00758,0.01071,0.0371,2.8,5,7470
TLT261016C00084000,TLT,2026-10-16,15,C,84.0,9.03,77.04000091552734,0.03,0.04,0.035,0.03,28.6,0.21680470703125,0.02816,0.01907,-0.00752,0.01008,0.0361,2.5,118,99719
TLT261016C00084500,TLT,2026-10-16,15,C,84.5,9.68,77.04000091552734,0.02,0.04,0.03,0.05,66.7,0.22852333984375,0.02641,0.01714,-0.0075,0.00956,0.0353,2.4,28,13896
TLT261016C00085000,TLT,2026-10-16,15,C,85.0,10.33,77.04000091552734,0.02,0.03,0.025,0.02,40.0,0.2304764453125,0.02038,0.01367,-0.00607,0.00768,0.0266,1.8,23,66858
TLT261016C00085500,TLT,2026-10-16,15,C,85.5,10.98,77.04000091552734,0.01,0.03,0.02,0.03,100.0,0.242195078125,0.0195,0.01253,-0.00614,0.0074,0.0266,1.7,100,559
TLT261016C00086000,TLT,2026-10-16,15,C,86.0,11.63,77.04000091552734,0.01,0.03,0.02,0.02,100.0,0.25391371093750004,0.01877,0.01157,-0.00622,0.00717,0.0267,1.7,25,37954
TLT261016C00086500,TLT,2026-10-16,15,C,86.5,12.28,77.04000091552734,0.01,0.02,0.015,0.03,66.7,0.2500075,0.01296,0.00855,-0.00445,0.00521,0.0174,1.1,1,618
TLT261016C00087000,TLT,2026-10-16,15,C,87.0,12.93,77.04000091552734,0.01,0.02,0.015,0.02,66.7,0.2617261328125,0.01274,0.00805,-0.00459,0.00514,0.0178,1.1,25,73698
TLT261016C00088000,TLT,2026-10-16,15,C,88.0,14.23,77.04000091552734,0.01,0.02,0.015,0.02,66.7,0.28125718749999995,0.01144,0.00682,-0.00448,0.00468,0.017,1.0,2,51696
TLT261016C00089000,TLT,2026-10-16,15,C,89.0,15.52,77.04000091552734,0.0,0.02,0.02,0.02,,0.3007882421875,0.01047,0.0059,-0.00443,0.00433,0.0164,0.9,12,14244
TLT261016C00090000,TLT,2026-10-16,15,C,90.0,16.82,77.04000091552734,0.0,0.02,0.02,0.02,,0.32031929687499994,0.00973,0.0052,-0.00442,0.00406,0.0161,0.8,2,52840
TLT261016C00091000,TLT,2026-10-16,15,C,91.0,18.12,77.04000091552734,0.0,0.02,0.01,0.01,,0.3398503515625,0.00916,0.00465,-0.00444,0.00386,0.016,0.8,201,11417
TLT261016C00092000,TLT,2026-10-16,15,C,92.0,19.42,77.04000091552734,0.0,0.01,0.01,0.01,,0.3320379296875,0.00496,0.00277,-0.00252,0.00224,0.008,0.4,1,11900
TLT261016C00093000,TLT,2026-10-16,15,C,93.0,20.72,77.04000091552734,0.0,0.01,0.02,0.02,,0.35156898437499995,0.0049,0.00259,-0.00264,0.00222,0.0083,0.4,100,9849
TLT261016C00094000,TLT,2026-10-16,15,C,94.0,22.01,77.04000091552734,0.0,0.01,0.01,0.01,,0.367193828125,0.00448,0.00229,-0.00254,0.00205,0.0079,0.4,3,35823
TLT261016C00095000,TLT,2026-10-16,15,C,95.0,23.31,77.04000091552734,0.0,0.01,0.01,0.01,,0.38281867187499996,0.00414,0.00204,-0.00247,0.00191,0.0075,0.3,1,20066
TLT261016C00096000,TLT,2026-10-16,15,C,96.0,24.61,77.04000091552734,0.0,0.01,0.01,0.01,,0.398443515625,0.00387,0.00185,-0.00242,0.0018,0.0073,0.3,15,2465
TLT261016P00060000,TLT,2026-10-16,15,P,60.0,-22.12,77.04000091552734,0.0,0.01,0.01,0.01,,0.46094289062500005,-0.00308,0.0013,-0.00222,0.00146,0.0069,0.4,1,12271
TLT261016P00065000,TLT,2026-10-16,15,P,65.0,-15.63,77.04000091552734,0.0,0.02,0.01,0.01,,0.35547519531249994,-0.00782,0.00387,-0.00391,0.00336,0.0147,1.0,10,1661
TLT261016P00067000,TLT,2026-10-16,15,P,67.0,-13.03,77.04000091552734,0.01,0.03,0.02,0.01,100.0,0.31641308593749995,-0.01272,0.00665,-0.0053,0.00513,0.0223,1.5,5,7
TLT261016P00068000,TLT,2026-10-16,15,P,68.0,-11.73,77.04000091552734,0.02,0.03,0.025,0.01,40.0,0.28711650390624993,-0.01384,0.00788,-0.00516,0.00552,0.0222,1.6,102,602
TLT261016P00069000,TLT,2026-10-16,15,P,69.0,-10.44,77.04000091552734,0.03,0.04,0.035,0.04,28.6,0.2695385546875,-0.01901,0.01102,-0.00634,0.00724,0.0297,2.2,1,701
TLT261016P00070000,TLT,2026-10-16,15,P,70.0,-9.14,77.04000091552734,0.04,0.05,0.045,0.04,22.2,0.2500075,-0.02567,0.01531,-0.00756,0.00933,0.0387,2.9,135,16768
TLT261016P00071000,TLT,2026-10-16,15,P,71.0,-7.84,77.04000091552734,0.05,0.07,0.06,0.07,33.3,0.23242955078125,-0.03663,0.0221,-0.00939,0.01253,0.0539,4.1,290,2049
TLT261016P00072000,TLT,2026-10-16,15,P,72.0,-6.54,77.04000091552734,0.09,0.1,0.095,0.09,10.5,0.215828154296875,-0.05416,0.0326,-0.01188,0.01716,0.0786,5.9,120,1578
TLT261016P00073000,TLT,2026-10-16,15,P,73.0,-5.24,77.04000091552734,0.15,0.16,0.155,0.13,6.5,0.20459779785156246,-0.08706,0.04958,-0.01612,0.02474,0.1303,9.4,28,1024
TLT261016P00074000,TLT,2026-10-16,15,P,74.0,-3.95,77.04000091552734,0.23,0.25,0.24,0.27,8.3,0.1914143359375,-0.13582,0.07293,-0.02056,0.03405,0.209,14.4,1731,14487
TLT261016P00075000,TLT,2026-10-16,15,P,75.0,-2.65,77.04000091552734,0.39,0.41,0.4,0.43,5.0,0.18189294677734374,-0.21452,0.10272,-0.02578,0.04557,0.3533,22.5,275,27622
TLT261016P00076000,TLT,2026-10-16,15,P,76.0,-1.35,77.04000091552734,0.67,0.69,0.68,0.74,2.9,0.17774259765625,-0.32966,0.13041,-0.03065,0.05654,0.6134,34.3,2309,13464
TLT261016P00076500,TLT,2026-10-16,15,P,76.5,-0.7,77.04000091552734,0.8,0.84,0.82,0.81,4.9,0.16993017578125003,-0.39391,0.14498,-0.03063,0.06009,0.7546,40.7,437,2739
TLT261016P00077000,TLT,2026-10-16,15,P,77.0,-0.05,77.04000091552734,1.01,1.03,1.02,1.06,2.0,0.16309430664062502,-0.46734,0.1561,-0.02971,0.0621,0.934,48.1,1798,29201
TLT261016P00077500,TLT,2026-10-16,15,P,77.5,0.6,77.04000091552734,1.3,1.34,1.32,1.33,3.0,0.16968603759765627,-0.54303,0.14966,-0.03032,0.06194,1.2341,55.7,212,6136
TLT261016P00078000,TLT,2026-10-16,15,P,78.0,1.25,77.04000091552734,1.59,1.63,1.61,1.69,2.5,0.16724465576171876,-0.61785,0.14602,-0.02783,0.05957,1.5157,63.1,277,33548
TLT261016P00078500,TLT,2026-10-16,15,P,78.5,1.9,77.04000091552734,1.91,1.95,1.93,2.03,2.1,0.16407085937500002,-0.6909,0.13751,-0.02406,0.05503,1.8303,70.3,142,3678
TLT261016P00079000,TLT,2026-10-16,15,P,79.0,2.54,77.04000091552734,2.29,2.36,2.325,2.45,3.0,0.1713950048828125,-0.74485,0.12,-0.02213,0.05016,2.2333,75.6,343,60314
TLT261016P00079500,TLT,2026-10-16,15,P,79.5,3.19,77.04000091552734,2.69,2.77,2.73,2.71,2.9,0.174812939453125,-0.7947,0.10416,-0.01888,0.04441,2.6393,80.5,40,2450
TLT261016P00080000,TLT,2026-10-16,15,P,80.0,3.84,77.04000091552734,3.15,3.2,3.175,3.27,1.6,0.178719150390625,-0.83575,0.08867,-0.01564,0.03865,3.0675,84.5,4127,40536
TLT261016P00080500,TLT,2026-10-16,15,P,80.5,4.49,77.04000091552734,3.55,3.7,3.625,3.6,4.1,0.19727365234375,-0.85023,0.0756,-0.01635,0.03638,3.5625,85.9,1,410
TLT261016P00081000,TLT,2026-10-16,15,P,81.0,5.14,77.04000091552734,4.1,4.25,4.175,4.21,3.6,0.229499892578125,-0.84585,0.06624,-0.02077,0.03708,4.1091,85.7,960,54946
TLT261016P00081500,TLT,2026-10-16,15,P,81.5,5.79,77.04000091552734,4.6,4.75,4.675,4.04,3.2,0.2475661181640625,-0.85623,0.05861,-0.02147,0.03539,4.6049,86.7,46,1730
TLT261016P00082000,TLT,2026-10-16,15,P,82.0,6.44,77.04000091552734,5.0,5.15,5.075,5.06,3.0,0.2348709326171875,-0.89474,0.04966,-0.01417,0.02845,5.0064,90.3,93,35345
TLT261016P00082500,TLT,2026-10-16,15,P,82.5,7.09,77.04000091552734,5.5,5.65,5.575,5.04,2.7,0.25098405273437496,-0.90113,0.0444,-0.01453,0.02718,5.5038,91.0,3,1379
TLT261016P00083000,TLT,2026-10-16,15,P,83.0,7.74,77.04000091552734,6.0,6.2,6.1,6.2,3.3,0.2841868457031249,-0.89179,0.04187,-0.0193,0.02902,6.0493,90.2,113,33268
TLT261016P00083500,TLT,2026-10-16,15,P,83.5,8.39,77.04000091552734,6.5,6.65,6.575,5.66,2.3,0.28321029296874994,-0.91071,0.0365,-0.0154,0.02521,6.5015,92.0,3,62
TLT261016P00084000,TLT,2026-10-16,15,P,84.0,9.03,77.04000091552734,6.95,7.1,7.025,6.51,2.1,0.27735097656249996,-0.93069,0.03076,-0.01062,0.02081,6.9517,93.8,162,70906
TLT261016P00084500,TLT,2026-10-16,15,P,84.5,9.68,77.04000091552734,7.5,7.65,7.575,7.21,2.0,0.313483427734375,-0.91876,0.03072,-0.01597,0.02349,7.4975,92.8,9,44
TLT261016P00085000,TLT,2026-10-16,15,P,85.0,10.33,77.04000091552734,8.0,8.15,8.075,8.17,1.9,0.32813171874999997,-0.92222,0.0284,-0.0162,0.02273,7.9954,93.1,74,8346
TLT261016P00086000,TLT,2026-10-16,15,P,86.0,11.63,77.04000091552734,9.05,9.2,9.125,8.55,1.6,0.37793590820312495,-0.91563,0.02622,-0.02172,0.02417,9.0399,92.7,29,12795
TLT261016P00087000,TLT,2026-10-16,15,P,87.0,12.93,77.04000091552734,10.1,10.25,10.175,9.99,1.5,0.42578699218750005,-0.91091,0.02424,-0.02693,0.02517,10.0819,92.4,25,6598
TLT261016P00088000,TLT,2026-10-16,15,P,88.0,14.23,77.04000091552734,11.0,11.15,11.075,11.0,1.4,0.41309180664062495,-0.9366,0.01928,-0.01763,0.01942,10.9877,94.6,25,16517
TLT261016P00089000,TLT,2026-10-16,15,P,89.0,15.52,77.04000091552734,12.0,12.2,12.1,11.55,1.7,0.46289599609375004,-0.92968,0.01864,-0.0233,0.02104,12.0308,94.1,112,3958
TLT261016P00090000,TLT,2026-10-16,15,P,90.0,16.82,77.04000091552734,13.0,13.15,13.075,13.0,1.1,0.46582565429687506,-0.94316,0.01569,-0.0183,0.01783,12.9825,95.3,3,1761
TLT261016P00091000,TLT,2026-10-16,15,P,91.0,18.12,77.04000091552734,14.0,14.25,14.125,14.03,1.8,0.5380905566406251,-0.92745,0.01642,-0.02929,0.02155,14.0707,94.1,25,398
TLT261016P00092000,TLT,2026-10-16,15,P,92.0,19.42,77.04000091552734,15.0,15.15,15.075,13.79,1.0,0.51562984375,-0.94842,0.01313,-0.01873,0.01651,14.9767,95.9,2,481
TLT261016P00093000,TLT,2026-10-16,15,P,93.0,20.72,77.04000091552734,15.95,16.1,16.025,14.7,0.9,0.5097705273437501,-0.96031,0.01076,-0.01287,0.01337,15.93,96.8,7,399
TLT261016P00094000,TLT,2026-10-16,15,P,94.0,22.01,77.04000091552734,17.1,17.25,17.175,16.55,0.9,0.57812921875,-0.94793,0.0118,-0.02219,0.01664,16.995,95.9,14,280
TLT261016P00095000,TLT,2026-10-16,15,P,95.0,23.31,77.04000091552734,18.0,18.15,18.075,17.53,0.8,0.5361374511718751,-0.96846,0.00847,-0.00966,0.01108,17.9032,97.5,10,1003
TLT261016P00096000,TLT,2026-10-16,15,P,96.0,24.61,77.04000091552734,19.0,19.15,19.075,18.63,0.8,0.5576216113281252,-0.96963,0.00789,-0.0097,0.01074,18.901,97.7,15,86
TLT261023C00070000,TLT,2026-10-23,22,C,70.0,-9.14,77.04000091552734,7.1,7.25,7.175,7.7,2.1,0.28125718749999995,0.92748,0.02594,-0.0237,0.0261,7.3851,91.7,11,6
TLT261023C00075000,TLT,2026-10-23,22,C,75.0,-2.65,77.04000091552734,2.69,2.73,2.71,2.75,1.5,0.196297099609375,0.73598,0.08806,-0.03349,0.06184,2.8308,72.0,25,238
TLT261023C00076000,TLT,2026-10-23,22,C,76.0,-1.35,77.04000091552734,2.03,2.06,2.045,2.03,1.5,0.19336744140625,0.64088,0.10221,-0.03625,0.0707,2.1403,62.3,60,127
TLT261023C00076500,TLT,2026-10-23,22,C,76.5,-0.7,77.04000091552734,1.71,1.74,1.725,1.71,1.7,0.18921709228515626,0.58961,0.10865,-0.03641,0.07354,1.8123,57.1,53,577
TLT261023C00077000,TLT,2026-10-23,22,C,77.0,-0.05,77.04000091552734,1.38,1.4,1.39,1.36,1.4,0.17896328857421873,0.53532,0.1174,-0.03493,0.07516,1.464,51.8,444,383
TLT261023C00077500,TLT,2026-10-23,22,C,77.5,0.6,77.04000091552734,1.13,1.15,1.14,1.16,1.8,0.176766044921875,0.47611,0.11911,-0.03415,0.07532,1.2038,45.9,290,864
TLT261023C00078000,TLT,2026-10-23,22,C,78.0,1.25,77.04000091552734,0.9,0.92,0.91,0.87,2.2,0.1733481103515625,0.41564,0.11895,-0.03246,0.07376,0.9643,39.9,436,4292
TLT261023C00078500,TLT,2026-10-23,22,C,78.5,1.9,77.04000091552734,0.73,0.75,0.74,0.72,2.7,0.17432466308593753,0.35908,0.11337,-0.03096,0.0707,0.7864,34.3,198,4073
TLT261023C00079000,TLT,2026-10-23,22,C,79.0,2.54,77.04000091552734,0.55,0.56,0.555,0.52,1.8,0.1682212084960938,0.2983,0.109,-0.02753,0.06559,0.5883,28.4,407,1631
TLT261023C00079500,TLT,2026-10-23,22,C,79.5,3.19,77.04000091552734,0.41,0.43,0.42,0.43,4.8,0.16700051757812504,0.24593,0.09973,-0.02464,0.05958,0.4518,23.3,5,8438
TLT261023C00080000,TLT,2026-10-23,22,C,80.0,3.84,77.04000091552734,0.31,0.32,0.315,0.29,3.2,0.165047412109375,0.19747,0.089,-0.02134,0.05255,0.3364,18.6,2701,3433
TLT261023C00080500,TLT,2026-10-23,22,C,80.5,4.49,77.04000091552734,0.23,0.25,0.24,0.24,8.3,0.16700051757812504,0.16054,0.0772,-0.01883,0.04612,0.2622,15.1,839,4102
TLT261023C00081000,TLT,2026-10-23,22,C,81.0,5.14,77.04000091552734,0.17,0.19,0.18,0.17,11.1,0.16748879394531252,0.12719,0.06577,-0.01605,0.03941,0.1973,11.9,220,3870
TLT261023C00081500,TLT,2026-10-23,22,C,81.5,5.79,77.04000091552734,0.13,0.14,0.135,0.14,7.4,0.16748879394531252,0.09862,0.05484,-0.01332,0.03286,0.145,9.2,1,5674
TLT261023C00082000,TLT,2026-10-23,22,C,82.0,6.44,77.04000091552734,0.1,0.11,0.105,0.11,9.5,0.17090672851562502,0.07948,0.04576,-0.01153,0.02798,0.1144,7.3,86,4421
TLT261023C00082500,TLT,2026-10-23,22,C,82.5,7.09,77.04000091552734,0.08,0.09,0.085,0.09,11.8,0.174812939453125,0.06453,0.03813,-0.01001,0.02385,0.0915,5.9,107,1887
TLT261023C00083000,TLT,2026-10-23,22,C,83.0,7.74,77.04000091552734,0.06,0.07,0.065,0.07,15.4,0.17774259765625,0.05149,0.03141,-0.00849,0.01997,0.0715,4.7,19,26666
TLT261023C00083500,TLT,2026-10-23,22,C,83.5,8.39,77.04000091552734,0.05,0.06,0.055,0.06,18.2,0.18360191406249998,0.0436,0.02661,-0.00765,0.01748,0.0609,4.0,27,1988
TLT261023C00084000,TLT,2026-10-23,22,C,84.0,9.03,77.04000091552734,0.04,0.05,0.045,0.05,22.2,0.187508125,0.03566,0.02212,-0.00662,0.01484,0.0494,3.2,21,1752
TLT261023C00084500,TLT,2026-10-23,22,C,84.5,9.68,77.04000091552734,0.03,0.05,0.04,0.07,50.0,0.1992267578125,0.03469,0.02036,-0.00686,0.01451,0.0508,3.1,102,806
TLT261023C00085000,TLT,2026-10-23,22,C,85.0,10.33,77.04000091552734,0.03,0.04,0.035,0.05,28.6,0.20117986328124998,0.0276,0.01669,-0.00572,0.01201,0.0395,2.5,20,1529
TLT261023C00085500,TLT,2026-10-23,22,C,85.5,10.98,77.04000091552734,0.02,0.04,0.03,0.04,66.7,0.21094539062499998,0.02623,0.01525,-0.00573,0.01151,0.0391,2.3,20,1811
TLT261023C00086000,TLT,2026-10-23,22,C,86.0,11.63,77.04000091552734,0.02,0.03,0.025,0.04,40.0,0.21094539062499998,0.02008,0.01218,-0.00457,0.00919,0.0289,1.8,111,1439
TLT261023C00086500,TLT,2026-10-23,22,C,86.5,12.28,77.04000091552734,0.02,0.03,0.025,0.03,40.0,0.22071091796874998,0.01942,0.01131,-0.00464,0.00893,0.0291,1.7,1,351
TLT261023C00087000,TLT,2026-10-23,22,C,87.0,12.93,77.04000091552734,0.01,0.03,0.02,0.03,100.0,0.2304764453125,0.01886,0.01057,-0.00472,0.00871,0.0294,1.6,100,1205
TLT261023C00087500,TLT,2026-10-23,22,C,87.5,13.58,77.04000091552734,0.01,0.03,0.02,0.03,100.0,0.23828886718749998,0.01761,0.00964,-0.0046,0.00822,0.0281,1.5,11,361
TLT261023C00088000,TLT,2026-10-23,22,C,88.0,14.23,77.04000091552734,0.01,0.03,0.02,0.02,100.0,0.24805439453125,0.01725,0.0091,-0.0047,0.00808,0.0286,1.5,1,490
TLT261023C00088500,TLT,2026-10-23,22,C,88.5,14.88,77.04000091552734,0.01,0.03,0.02,0.02,100.0,0.257819921875,0.01695,0.00863,-0.0048,0.00796,0.0291,1.4,2,779
TLT261023C00089000,TLT,2026-10-23,22,C,89.0,15.52,77.04000091552734,0.01,0.03,0.02,0.02,100.0,0.26563234375,0.01604,0.00799,-0.00471,0.00759,0.0282,1.4,100,303
TLT261023C00090000,TLT,2026-10-23,22,C,90.0,16.82,77.04000091552734,0.01,0.02,0.015,0.01,66.7,0.2695385546875,0.0113,0.00582,-0.00353,0.00561,0.0194,0.9,1,141
TLT261023C00091000,TLT,2026-10-23,22,C,91.0,18.12,77.04000091552734,0.01,0.02,0.015,0.01,66.7,0.28516339843749994,0.01046,0.00514,-0.00349,0.00524,0.0188,0.9,20,96
TLT261023C00092000,TLT,2026-10-23,22,C,92.0,19.42,77.04000091552734,0.0,0.02,0.02,0.02,,0.3007882421875,0.00981,0.00461,-0.00347,0.00496,0.0184,0.8,8,406
TLT261023C00093000,TLT,2026-10-23,22,C,93.0,20.72,77.04000091552734,0.0,0.02,0.02,0.02,,0.31641308593749995,0.00929,0.00418,-0.00348,0.00473,0.0183,0.8,1,1
TLT261023C00095000,TLT,2026-10-23,22,C,95.0,23.31,77.04000091552734,0.0,0.02,0.01,0.01,,0.34766277343749996,0.00856,0.00354,-0.00355,0.0044,0.0183,0.7,1067,1437
TLT261023C00096000,TLT,2026-10-23,22,C,96.0,24.61,77.04000091552734,0.0,0.02,0.01,0.01,,0.3632876171875,0.0083,0.0033,-0.00361,0.00428,0.0185,0.6,1067,1071
TLT261023P00065000,TLT,2026-10-23,22,P,65.0,-15.63,77.04000091552734,0.01,0.03,0.02,0.01,100.0,0.31250687499999996,-0.01116,0.00496,-0.00384,0.00555,0.0232,1.4,1,188
TLT261023P00070000,TLT,2026-10-23,22,P,70.0,-9.14,77.04000091552734,0.07,0.08,0.075,0.07,13.3,0.22657023437499998,-0.03641,0.01862,-0.00746,0.0151,0.0634,4.1,127,692
TLT261023P00075000,TLT,2026-10-23,22,P,75.0,-2.65,77.04000091552734,0.55,0.57,0.56,0.6,3.6,0.17774259765625,-0.24445,0.0934,-0.02187,0.05939,0.4976,25.8,165,4664
TLT261023P00076000,TLT,2026-10-23,22,P,76.0,-1.35,77.04000091552734,0.85,0.88,0.865,0.91,3.5,0.17432466308593753,-0.34631,0.1119,-0.02464,0.06978,0.7835,36.2,1632,1158
TLT261023P00076500,TLT,2026-10-23,22,P,76.5,-0.7,77.04000091552734,1.03,1.05,1.04,1.11,1.9,0.1694418994140625,-0.40213,0.12072,-0.02468,0.07317,0.943,41.8,885,988
TLT261023P00077000,TLT,2026-10-23,22,P,77.0,-0.05,77.04000091552734,1.21,1.23,1.22,1.34,1.6,0.16211775390625,-0.46274,0.12954,-0.02365,0.07513,1.112,47.9,694,2450
TLT261023P00077500,TLT,2026-10-23,22,P,77.5,0.6,77.04000091552734,1.47,1.51,1.49,1.57,2.7,0.1638267211914063,-0.52709,0.12845,-0.02343,0.07528,1.3798,54.3,63,1761
TLT261023P00078000,TLT,2026-10-23,22,P,78.0,1.25,77.04000091552734,1.74,1.78,1.76,1.87,2.3,0.15992051025390625,-0.59266,0.12832,-0.0215,0.07341,1.6377,60.8,60,6562
TLT261023P00078500,TLT,2026-10-23,22,P,78.5,1.9,77.04000091552734,2.04,2.08,2.06,1.81,1.9,0.1557701611328125,-0.65864,0.12456,-0.0188,0.06941,1.9273,67.3,76,2276
TLT261023P00079000,TLT,2026-10-23,22,P,79.0,2.54,77.04000091552734,2.39,2.44,2.415,2.4,2.1,0.1557701611328125,-0.71728,0.11479,-0.01634,0.06397,2.2773,73.0,30,1610
TLT261023P00079500,TLT,2026-10-23,22,P,79.5,3.19,77.04000091552734,2.76,2.83,2.795,2.81,2.5,0.15674671386718753,-0.7688,0.10272,-0.01374,0.0576,2.6603,78.0,1,2078
TLT261023P00080000,TLT,2026-10-23,22,P,80.0,3.84,77.04000091552734,3.05,3.2,3.125,3.31,4.8,0.1489342919921875,-0.82815,0.09046,-0.00899,0.04819,3.0225,83.7,180,2400
TLT261023P00080500,TLT,2026-10-23,22,P,80.5,4.49,77.04000091552734,3.65,3.8,3.725,3.64,4.0,0.18555501953124998,-0.81291,0.07659,-0.01418,0.05084,3.6185,82.5,22,1135
TLT261023P00081000,TLT,2026-10-23,22,P,81.0,5.14,77.04000091552734,4.0,4.15,4.075,3.79,3.7,0.16797707031250003,-0.8721,0.06584,-0.00731,0.03956,3.9642,88.1,35,1899
TLT261023P00081500,TLT,2026-10-23,22,P,81.5,5.79,77.04000091552734,4.55,4.7,4.625,4.22,3.2,0.1948322705078125,-0.86482,0.05897,-0.0104,0.0411,4.5103,87.5,62,686
TLT261023P00082000,TLT,2026-10-23,22,P,82.0,6.44,77.04000091552734,4.9,5.1,5.0,4.75,4.0,0.18116053222656248,-0.90765,0.04831,-0.00469,0.03131,4.9073,91.5,143,956
TLT261023P00082500,TLT,2026-10-23,22,P,82.5,7.09,77.04000091552734,5.4,5.6,5.5,5.18,3.6,0.194343994140625,-0.9132,0.043,-0.0049,0.0299,5.4054,92.0,209,826
TLT261023P00083000,TLT,2026-10-23,22,P,83.0,7.74,77.04000091552734,5.8,6.05,5.925,5.64,4.2,0.187508125,-0.93862,0.03419,-0.00121,0.02293,5.8526,94.4,11,596
TLT261023P00083500,TLT,2026-10-23,22,P,83.5,8.39,77.04000091552734,6.55,6.8,6.675,5.3,3.7,0.27686270019531245,-0.86761,0.04091,-0.01745,0.04052,6.5975,88.2,1,215
TLT261023P00084000,TLT,2026-10-23,22,P,84.0,9.03,77.04000091552734,6.9,7.1,7.0,5.7,2.9,0.231452998046875,-0.92665,0.03179,-0.00527,0.02632,6.8978,93.4,4,137
TLT261023P00084500,TLT,2026-10-23,22,P,84.5,9.68,77.04000091552734,7.4,7.6,7.5,6.14,2.7,0.243171630859375,-0.93029,0.0291,-0.00533,0.02531,7.395,93.8,1,163
TLT261023P00085000,TLT,2026-10-23,22,P,85.0,10.33,77.04000091552734,8.0,8.25,8.125,7.59,3.1,0.304694453125,-0.8934,0.0319,-0.01565,0.03477,8.041,90.7,1,99
TLT261023P00085500,TLT,2026-10-23,22,P,85.5,10.98,77.04000091552734,8.5,8.75,8.625,6.02,2.9,0.3178779150390625,-0.89709,0.02981,-0.01598,0.03389,8.5394,91.0,1,70
TLT261023P00086000,TLT,2026-10-23,22,P,86.0,11.63,77.04000091552734,9.0,9.15,9.075,8.63,1.7,0.2978585839843749,-0.92436,0.02529,-0.00946,0.02695,8.9387,93.4,4,78
TLT261023P00086500,TLT,2026-10-23,22,P,86.5,12.28,77.04000091552734,9.55,9.8,9.675,5.61,2.6,0.35742830078125,-0.89408,0.02707,-0.01952,0.03461,9.5825,90.9,1,20
TLT261023P00087000,TLT,2026-10-23,22,P,87.0,12.93,77.04000091552734,9.85,10.1,9.975,5.29,2.5,0.3007882421875,-0.94259,0.02023,-0.00584,0.02176,9.8863,95.1,3,33
TLT261023P00087500,TLT,2026-10-23,22,P,87.5,13.58,77.04000091552734,10.5,10.7,10.6,6.07,1.9,0.35108070800781244,-0.92014,0.02236,-0.01349,0.02808,10.4815,93.2,15,17
TLT261023P00088000,TLT,2026-10-23,22,P,88.0,14.23,77.04000091552734,10.95,11.15,11.05,9.93,1.8,0.3442448388671875,-0.93359,0.0198,-0.01,0.02438,10.9315,94.4,2,5
TLT261023P00089000,TLT,2026-10-23,22,P,89.0,15.52,77.04000091552734,11.95,12.15,12.05,8.88,1.7,0.366217275390625,-0.9374,0.01778,-0.01016,0.02329,11.9274,94.8,0,77
TLT261023P00090000,TLT,2026-10-23,22,P,90.0,16.82,77.04000091552734,12.85,13.1,12.975,8.5,1.9,0.36524072265625,-0.95177,0.01451,-0.00629,0.01895,12.8772,96.0,1,5
TLT261023P00092000,TLT,2026-10-23,22,P,92.0,19.42,77.04000091552734,14.85,15.1,14.975,10.59,1.7,0.405279384765625,-0.95633,0.01207,-0.00642,0.0175,14.8706,96.5,1,1
TLT261023P00095000,TLT,2026-10-23,22,P,95.0,23.31,77.04000091552734,18.0,18.2,18.1,13.5,1.1,0.5136767382812499,-0.94289,0.0118,-0.01538,0.02168,17.9573,95.6,1,1
TLT261030C00065000,TLT,2026-10-30,29,C,65.0,-15.63,77.04000091552734,17.3,17.45,17.375,18.17,0.9,1.2719762963867183,0.74605,0.0116,-0.15699,0.06958,17.3506,61.9,0,0
TLT261030C00070000,TLT,2026-10-30,29,C,70.0,-9.14,77.04000091552734,7.25,7.45,7.35,7.77,2.7,0.2973703076171874,0.88935,0.02924,-0.0277,0.041,7.6202,87.3,39,137
TLT261030C00075000,TLT,2026-10-30,29,C,75.0,-2.65,77.04000091552734,2.93,2.97,2.95,2.88,1.4,0.20313296874999998,0.70981,0.07762,-0.03169,0.07436,3.1053,69.0,122,1278
TLT261030C00076000,TLT,2026-10-30,29,C,76.0,-1.35,77.04000091552734,2.23,2.26,2.245,2.27,1.3,0.19312330322265625,0.63129,0.08993,-0.03234,0.0819,2.3776,61.1,345,438
TLT261030C00077000,TLT,2026-10-30,29,C,77.0,-0.05,77.04000091552734,1.64,1.66,1.65,1.64,1.2,0.1860432958984375,0.53853,0.09829,-0.03201,0.08623,1.7547,51.8,5164,2082
TLT261030C00078000,TLT,2026-10-30,29,C,78.0,1.25,77.04000091552734,1.13,1.16,1.145,1.1,2.6,0.179695703125,0.43785,0.10099,-0.03008,0.08558,1.2333,41.8,1248,5432
TLT261030C00079000,TLT,2026-10-30,29,C,79.0,2.54,77.04000091552734,0.72,0.75,0.735,0.71,4.1,0.17212741943359378,0.33431,0.09739,-0.02619,0.07905,0.8045,31.7,971,5389
TLT261030C00080000,TLT,2026-10-30,29,C,80.0,3.84,77.04000091552734,0.45,0.46,0.455,0.46,2.2,0.1667563793945313,0.23855,0.08556,-0.0213,0.06728,0.4963,22.4,7960,18832
TLT261030C00081000,TLT,2026-10-30,29,C,81.0,5.14,77.04000091552734,0.26,0.28,0.27,0.28,7.4,0.16553568847656253,0.16285,0.06847,-0.0166,0.05345,0.303,15.2,1166,5299
TLT261030C00082000,TLT,2026-10-30,29,C,82.0,6.44,77.04000091552734,0.15,0.17,0.16,0.17,12.5,0.16651224121093755,0.10782,0.05126,-0.01245,0.04025,0.1838,9.9,50,11692
TLT261030C00083000,TLT,2026-10-30,29,C,83.0,7.74,77.04000091552734,0.1,0.11,0.105,0.1,9.5,0.17090672851562502,0.07259,0.0372,-0.00943,0.02998,0.1177,6.6,266,4920
TLT261030C00084000,TLT,2026-10-30,29,C,84.0,9.03,77.04000091552734,0.06,0.07,0.065,0.07,15.4,0.174812939453125,0.04784,0.02623,-0.00691,0.02162,0.074,4.3,60,5453
TLT261030C00085000,TLT,2026-10-30,29,C,85.0,10.33,77.04000091552734,0.04,0.05,0.045,0.05,22.2,0.18262536132812499,0.03418,0.01911,-0.00546,0.01646,0.0525,3.0,1063,8361
TLT261030C00086000,TLT,2026-10-30,29,C,86.0,11.63,77.04000091552734,0.03,0.04,0.035,0.03,28.6,0.19336744140625,0.02662,0.01467,-0.00468,0.01338,0.0418,2.3,10,2268
TLT261030C00087000,TLT,2026-10-30,29,C,87.0,12.93,77.04000091552734,0.02,0.03,0.025,0.04,40.0,0.20117986328124998,0.01972,0.01095,-0.00377,0.01039,0.031,1.7,3,954
TLT261030C00088000,TLT,2026-10-30,29,C,88.0,14.23,77.04000091552734,0.01,0.03,0.02,0.03,100.0,0.21680470703125,0.01813,0.00946,-0.00377,0.00967,0.0303,1.6,5,1615
TLT261030C00089000,TLT,2026-10-30,29,C,89.0,15.52,77.04000091552734,0.01,0.03,0.02,0.02,100.0,0.23242955078125,0.01694,0.00833,-0.0038,0.00913,0.0301,1.4,1,501
TLT261030C00090000,TLT,2026-10-30,29,C,90.0,16.82,77.04000091552734,0.01,0.02,0.015,0.03,66.7,0.23438265625,0.01153,0.00593,-0.00274,0.00655,0.0198,1.0,40,27893
TLT261030C00091000,TLT,2026-10-30,29,C,91.0,18.12,77.04000091552734,0.01,0.02,0.015,0.03,66.7,0.2500075,0.01122,0.00543,-0.00285,0.0064,0.0204,0.9,111,131
TLT261030C00092000,TLT,2026-10-30,29,C,92.0,19.42,77.04000091552734,0.01,0.03,0.02,0.03,100.0,0.27735097656249996,0.01425,0.00602,-0.00388,0.00787,0.0295,1.2,2,106
TLT261030C00093000,TLT,2026-10-30,29,C,93.0,20.72,77.04000091552734,0.0,0.03,0.02,0.02,,0.2929758203124999,0.0139,0.00557,-0.004,0.0077,0.0303,1.1,1,2
TLT261030C00094000,TLT,2026-10-30,29,C,94.0,22.01,77.04000091552734,0.01,0.02,0.015,0.02,66.7,0.2890696093749999,0.00908,0.0039,-0.00273,0.00532,0.0187,0.7,1,14
TLT261030C00095000,TLT,2026-10-30,29,C,95.0,23.31,77.04000091552734,0.0,0.02,0.01,0.01,,0.304694453125,0.00914,0.00372,-0.00289,0.00535,0.0198,0.7,400,1564
TLT261030P00060000,TLT,2026-10-30,29,P,60.0,-22.12,77.04000091552734,0.0,0.02,0.01,0.01,,0.367193828125,-0.00625,0.00221,-0.00237,0.00383,0.0166,0.8,50,177
TLT261030P00065000,TLT,2026-10-30,29,P,65.0,-15.63,77.04000091552734,0.02,0.04,0.03,0.03,66.7,0.28516339843749994,-0.01412,0.00581,-0.00372,0.00781,0.0316,1.7,32,697
TLT261030P00070000,TLT,2026-10-30,29,P,70.0,-9.14,77.04000091552734,0.11,0.13,0.12,0.1,16.7,0.21973436523437498,-0.0516,0.02216,-0.00825,0.02297,0.1059,5.8,10,11444
TLT261030P00075000,TLT,2026-10-30,29,P,75.0,-2.65,77.04000091552734,0.68,0.69,0.685,0.75,1.5,0.17188328125000002,-0.25987,0.08688,-0.01861,0.07042,0.6007,27.6,1828,8874
TLT261030P00076000,TLT,2026-10-30,29,P,76.0,-1.35,77.04000091552734,1.0,1.02,1.01,1.07,2.0,0.1694418994140625,-0.35383,0.10106,-0.0205,0.08075,0.9038,37.2,540,2569
TLT261030P00077000,TLT,2026-10-30,29,P,77.0,-0.05,77.04000091552734,1.4,1.42,1.41,1.4,1.4,0.16358258300781253,-0.45889,0.11171,-0.02029,0.08617,1.2768,47.7,673,7845
TLT261030P00078000,TLT,2026-10-30,29,P,78.0,1.25,77.04000091552734,1.91,1.96,1.935,2.02,2.6,0.161141201171875,-0.57141,0.11218,-0.01866,0.08524,1.7873,58.9,108,8878
TLT261030P00079000,TLT,2026-10-30,29,P,79.0,2.54,77.04000091552734,2.53,2.57,2.55,2.61,1.6,0.15406119384765626,-0.68568,0.10609,-0.01442,0.07707,2.3727,70.1,83,43384
TLT261030P00080000,TLT,2026-10-30,29,P,80.0,3.84,77.04000091552734,3.25,3.35,3.3,3.42,3.0,0.15601429931640626,-0.77729,0.08801,-0.01051,0.06475,3.1315,79.0,107,20599
TLT261030P00081000,TLT,2026-10-30,29,P,81.0,5.14,77.04000091552734,4.1,4.2,4.15,4.15,2.4,0.1577232666015625,-0.84937,0.06826,-0.0062,0.05077,3.9652,86.0,31,3191
TLT261030P00082000,TLT,2026-10-30,29,P,82.0,6.44,77.04000091552734,5.05,5.25,5.15,5.2,3.9,0.19385571777343752,-0.8546,0.05424,-0.00881,0.04959,5.007,86.7,7,4118
TLT261030P00083000,TLT,2026-10-30,29,P,83.0,7.74,77.04000091552734,6.1,6.3,6.2,5.9,3.2,0.2299881689453125,-0.85724,0.04516,-0.01152,0.04898,6.0514,87.1,4,1544
TLT261030P00084000,TLT,2026-10-30,29,P,84.0,9.03,77.04000091552734,7.05,7.25,7.15,6.05,2.8,0.2436599072265625,-0.88074,0.03764,-0.00997,0.04325,6.9946,89.4,38,384
TLT261030P00085000,TLT,2026-10-30,29,P,85.0,10.33,77.04000091552734,7.95,8.2,8.075,7.67,3.1,0.25391371093750004,-0.9021,0.03134,-0.00794,0.03752,7.9374,91.4,12,479
TLT261030P00086000,TLT,2026-10-30,29,P,86.0,11.63,77.04000091552734,8.9,9.1,9.0,8.75,2.2,0.24414818359375,-0.93551,0.02377,-0.00265,0.02737,8.8323,94.4,4,100
TLT261030P00087000,TLT,2026-10-30,29,P,87.0,12.93,77.04000091552734,10.05,10.25,10.15,9.3,2.0,0.31153032226562494,-0.90397,0.02518,-0.01115,0.037,9.9783,91.8,10,42
TLT261030P00088000,TLT,2026-10-30,29,P,88.0,14.23,77.04000091552734,11.05,11.3,11.175,10.56,2.2,0.3461979443359374,-0.90003,0.02334,-0.01394,0.0381,11.0227,91.6,50,262
TLT261030P00090000,TLT,2026-10-30,29,P,90.0,16.82,77.04000091552734,12.95,13.15,13.05,12.19,1.5,0.3398503515625,-0.93847,0.01646,-0.00613,0.02638,12.8638,94.9,2,52
TLT261106C00075000,TLT,2026-11-06,36,C,75.0,-2.65,77.04000091552734,3.05,3.15,3.1,3.35,3.2,0.20337710693359373,0.69633,0.07105,-0.02941,0.08458,3.3208,67.4,3,437
TLT261106C00075500,TLT,2026-11-06,36,C,75.5,-2.0,77.04000091552734,2.72,2.76,2.74,2.98,1.5,0.19519847778320312,0.66436,0.0772,-0.0292,0.08821,2.9224,64.2,49,124
TLT261106C00076500,TLT,2026-11-06,36,C,76.5,-0.7,77.04000091552734,2.06,2.1,2.08,2.06,1.9,0.18628743408203124,0.58586,0.08645,-0.02909,0.09428,2.24,56.3,35,176
TLT261106C00077000,TLT,2026-11-06,36,C,77.0,-0.05,77.04000091552734,1.76,1.79,1.775,1.7,1.7,0.18091639404296872,0.5426,0.09062,-0.02849,0.09597,1.9191,52.0,454,1014
TLT261106C00077500,TLT,2026-11-06,36,C,77.5,0.6,77.04000091552734,1.5,1.53,1.515,1.51,2.0,0.1782308740234375,0.49685,0.09251,-0.02791,0.09652,1.6455,47.5,14,1099
TLT261106C00078000,TLT,2026-11-06,36,C,78.0,1.25,77.04000091552734,1.25,1.27,1.26,1.23,1.6,0.1733481103515625,0.44916,0.09435,-0.02669,0.09574,1.3738,42.8,1703,1509
TLT261106C00078500,TLT,2026-11-06,36,C,78.5,1.9,77.04000091552734,1.01,1.02,1.015,1.02,1.0,0.1667563793945313,0.3986,0.09567,-0.02487,0.09339,1.1105,37.9,357,1583
TLT261106C00079000,TLT,2026-11-06,36,C,79.0,2.54,77.04000091552734,0.83,0.86,0.845,0.88,3.6,0.16748879394531252,0.35334,0.09172,-0.0238,0.08992,0.9399,33.4,832,1329
TLT261106C00079500,TLT,2026-11-06,36,C,79.5,3.19,77.04000091552734,0.68,0.71,0.695,0.71,4.3,0.1667563793945313,0.30901,0.08732,-0.02227,0.08524,0.778,29.1,347,2367
TLT261106C00080000,TLT,2026-11-06,36,C,80.0,3.84,77.04000091552734,0.53,0.55,0.54,0.58,3.7,0.16211775390625,0.26188,0.083,-0.01988,0.07877,0.6064,24.6,739,4501
TLT261106C00080500,TLT,2026-11-06,36,C,80.5,4.49,77.04000091552734,0.44,0.45,0.445,0.44,2.2,0.1626060302734375,0.22438,0.07611,-0.0182,0.07245,0.497,20.9,347,891
TLT261106C00081000,TLT,2026-11-06,36,C,81.0,5.14,77.04000091552734,0.34,0.36,0.35,0.35,5.7,0.16236189208984375,0.18939,0.06894,-0.01633,0.06553,0.3995,17.6,321,1925
TLT261106C00081500,TLT,2026-11-06,36,C,81.5,5.79,77.04000091552734,0.28,0.29,0.285,0.28,3.5,0.16285016845703126,0.15922,0.06155,-0.01458,0.05868,0.3223,14.7,3442,22511
TLT261106C00082000,TLT,2026-11-06,36,C,82.0,6.44,77.04000091552734,0.21,0.23,0.22,0.23,9.1,0.16309430664062502,0.13231,0.05427,-0.01283,0.05181,0.2568,12.2,417,2597
TLT261106C00082500,TLT,2026-11-06,36,C,82.5,7.09,77.04000091552734,0.17,0.19,0.18,0.19,11.1,0.165047412109375,0.11142,0.04752,-0.01144,0.04592,0.2108,10.2,307,479
TLT261106C00083000,TLT,2026-11-06,36,C,83.0,7.74,77.04000091552734,0.14,0.15,0.145,0.14,6.9,0.16553568847656253,0.09152,0.04105,-0.0099,0.03978,0.1669,8.3,380,1280
TLT261106C00083500,TLT,2026-11-06,36,C,83.5,8.39,77.04000091552734,0.11,0.13,0.12,0.12,16.7,0.16993017578125003,0.07953,0.036,-0.00911,0.03581,0.1449,7.2,309,154
TLT261106C00084000,TLT,2026-11-06,36,C,84.0,9.03,77.04000091552734,0.09,0.11,0.1,0.1,20.0,0.17285983398437502,0.06767,0.03128,-0.00816,0.03165,0.1218,6.1,101,452
TLT261106C00084500,TLT,2026-11-06,36,C,84.5,9.68,77.04000091552734,0.08,0.09,0.085,0.08,11.8,0.174812939453125,0.05657,0.02689,-0.00715,0.02752,0.0999,5.1,307,321
TLT261106C00085000,TLT,2026-11-06,36,C,85.0,10.33,77.04000091552734,0.06,0.08,0.07,0.07,28.6,0.179695703125,0.05007,0.02375,-0.00665,0.02498,0.0891,4.5,100,980
TLT261106C00085500,TLT,2026-11-06,36,C,85.5,10.98,77.04000091552734,0.05,0.07,0.06,0.05,33.3,0.18360191406249998,0.04366,0.02082,-0.00607,0.02238,0.0777,3.9,198,624
TLT261106C00086000,TLT,2026-11-06,36,C,86.0,11.63,77.04000091552734,0.04,0.05,0.045,0.04,22.2,0.180672255859375,0.0328,0.01676,-0.00472,0.01772,0.0551,2.9,3420,2009
TLT261106C00087000,TLT,2026-11-06,36,C,87.0,12.93,77.04000091552734,0.03,0.05,0.04,0.04,50.0,0.196297099609375,0.03023,0.01442,-0.00477,0.01657,0.0545,2.6,6,182
TLT261106C00088000,TLT,2026-11-06,36,C,88.0,14.23,77.04000091552734,0.03,0.04,0.035,0.04,28.6,0.20410952148437497,0.02377,0.01134,-0.00404,0.01356,0.0431,2.0,3,342
TLT261106C00089000,TLT,2026-11-06,36,C,89.0,15.52,77.04000091552734,0.02,0.04,0.03,0.03,66.7,0.21875781249999998,0.02228,0.01002,-0.00408,0.01284,0.0429,1.9,1,181
TLT261106P00065000,TLT,2026-11-06,36,P,65.0,-15.63,77.04000091552734,0.04,0.06,0.05,0.04,40.0,0.273444765625,-0.01933,0.00711,-0.00415,0.01138,0.0481,2.4,7,1117
TLT261106P00070000,TLT,2026-11-06,36,P,70.0,-9.14,77.04000091552734,0.18,0.2,0.19,0.16,10.5,0.2192460888671875,-0.06897,0.02503,-0.00918,0.03212,0.1659,7.9,42,668
TLT261106P00074500,TLT,2026-11-06,36,P,74.5,-3.3,77.04000091552734,0.8,0.81,0.805,0.83,1.2,0.18726398681640627,-0.25253,0.07051,-0.01789,0.0773,0.7056,27.2,365,3041
TLT261106P00075000,TLT,2026-11-06,36,P,75.0,-2.65,77.04000091552734,0.92,0.94,0.93,0.98,2.2,0.1840901904296875,-0.28729,0.07651,-0.01857,0.08245,0.8243,30.7,54,2623
TLT261106P00075500,TLT,2026-11-06,36,P,75.5,-2.0,77.04000091552734,1.05,1.08,1.065,1.15,2.8,0.17993984130859375,-0.32442,0.08261,-0.0189,0.08702,0.9514,34.5,160,613
TLT261106P00076000,TLT,2026-11-06,36,P,76.0,-1.35,77.04000091552734,1.25,1.28,1.265,1.36,2.4,0.1801839794921875,-0.36761,0.08642,-0.01958,0.09116,1.1363,38.9,326,978
TLT261106P00076500,TLT,2026-11-06,36,P,76.5,-0.7,77.04000091552734,1.45,1.48,1.465,1.56,2.0,0.1782308740234375,-0.41133,0.09022,-0.01968,0.09413,1.3229,43.3,940,1288
TLT261106P00077000,TLT,2026-11-06,36,P,77.0,-0.05,77.04000091552734,1.71,1.74,1.725,1.78,1.7,0.17993984130859375,-0.45729,0.09111,-0.01995,0.09597,1.5665,48.0,541,1197
TLT261106P00077500,TLT,2026-11-06,36,P,77.5,0.6,77.04000091552734,1.95,1.98,1.965,1.93,1.5,0.17737639038085937,-0.50327,0.09296,-0.01933,0.09652,1.7921,52.5,200,984
TLT261106P00078000,TLT,2026-11-06,36,P,78.0,1.25,77.04000091552734,2.23,2.26,2.245,2.32,1.3,0.17652190673828128,-0.54954,0.09269,-0.01862,0.09578,2.0571,57.1,991,16582
TLT261106P00078500,TLT,2026-11-06,36,P,78.5,1.9,77.04000091552734,2.52,2.56,2.54,2.39,1.6,0.17554535400390625,-0.59538,0.09123,-0.01757,0.09375,2.3437,61.7,169,1235
TLT261106P00079000,TLT,2026-11-06,36,P,79.0,2.54,77.04000091552734,2.8,2.83,2.815,2.92,1.1,0.1687094848632813,-0.6455,0.09116,-0.01536,0.09003,2.5998,66.5,689,1152
TLT261106P00079500,TLT,2026-11-06,36,P,79.5,3.19,77.04000091552734,3.05,3.15,3.1,3.2,3.2,0.1645591357421875,-0.69358,0.08816,-0.01324,0.08492,2.9063,71.1,174,744
TLT261106P00080000,TLT,2026-11-06,36,P,80.0,3.84,77.04000091552734,3.5,3.65,3.575,3.54,4.2,0.1801839794921875,-0.71507,0.07787,-0.01414,0.08213,3.3969,73.4,30,227
TLT261106P00080500,TLT,2026-11-06,36,P,80.5,4.49,77.04000091552734,4.0,4.3,4.15,3.93,7.2,0.213875048828125,-0.71285,0.06584,-0.01803,0.08243,4.04,73.5,15,230
TLT261106P00081000,TLT,2026-11-06,36,P,81.0,5.14,77.04000091552734,3.3,4.45,3.875,4.03,29.7,0.1821370849609375,-0.78193,0.06685,-0.01097,0.07128,4.1761,79.8,18,239
TLT261106P00081500,TLT,2026-11-06,36,P,81.5,5.79,77.04000091552734,3.55,5.0,4.275,4.4,33.9,0.20264469238281246,-0.78538,0.05953,-0.01273,0.07062,4.7205,80.3,7,228
TLT261106P00082000,TLT,2026-11-06,36,P,82.0,6.44,77.04000091552734,3.95,6.45,5.2,4.9,48.1,0.33814138427734375,-0.69051,0.04309,-0.03355,0.0853,6.175,72.7,12,306
TLT261106P00082500,TLT,2026-11-06,36,P,82.5,7.09,77.04000091552734,5.4,5.85,5.625,5.32,8.0,0.2043536596679687,-0.83481,0.05024,-0.0094,0.0601,5.5561,85.0,12,58
TLT261106P00083000,TLT,2026-11-06,36,P,83.0,7.74,77.04000091552734,6.05,6.35,6.2,5.97,4.8,0.21631643066406248,-0.84251,0.04601,-0.00973,0.05826,6.0524,85.8,4,122
TLT261106P00086000,TLT,2026-11-06,36,P,86.0,11.63,77.04000091552734,7.1,10.45,8.775,8.55,38.2,0.45117736328125,-0.75105,0.02905,-0.04062,0.07671,10.1326,79.4,6,13
TLT261106P00091000,TLT,2026-11-06,36,P,91.0,18.12,77.04000091552734,12.05,16.05,14.05,11.46,28.5,0.6540561938476563,-0.75454,0.01989,-0.06107,0.07614,15.6895,81.4,16,0
TLT261120C00060000,TLT,2026-11-20,50,C,60.0,-22.12,77.04000091552734,15.2,19.25,17.225,17.85,23.5,0.7902853002929688,0.84605,0.01053,-0.05847,0.06764,19.4452,76.6,95,0
TLT261120C00065000,TLT,2026-11-20,50,C,65.0,-15.63,77.04000091552734,10.3,13.55,11.925,13.1,27.3,0.5290574438476563,0.83983,0.01614,-0.04231,0.06943,13.7895,78.8,1,1
TLT261120C00069000,TLT,2026-11-20,50,C,69.0,-10.44,77.04000091552734,7.05,9.55,8.3,10.25,30.1,0.40601179931640624,0.80096,0.02411,-0.03801,0.0796,9.7992,75.6,40,40
TLT261120C00070000,TLT,2026-11-20,50,C,70.0,-9.14,77.04000091552734,7.2,7.5,7.35,7.5,4.1,0.23633576171874998,0.8853,0.02875,-0.01967,0.05524,7.8136,86.7,25,65
TLT261120C00072000,TLT,2026-11-20,50,C,72.0,-6.54,77.04000091552734,4.75,6.9,5.825,5.99,36.9,0.34839518798828123,0.7362,0.0329,-0.0379,0.09318,7.1349,69.2,58,23
TLT261120C00073000,TLT,2026-11-20,50,C,73.0,-5.24,77.04000091552734,4.75,4.9,4.825,4.79,3.1,0.2098467687988281,0.78899,0.0483,-0.02339,0.08241,5.1821,76.6,10,144
TLT261120C00074000,TLT,2026-11-20,50,C,74.0,-3.95,77.04000091552734,3.85,3.95,3.9,4.3,2.6,0.18531088134765622,0.7584,0.05905,-0.02243,0.08896,4.2243,73.6,56,210
TLT261120C00075000,TLT,2026-11-20,50,C,75.0,-2.65,77.04000091552734,3.25,3.3,3.275,3.2,1.5,0.187508125,0.69159,0.06584,-0.02427,0.10037,3.5469,66.7,90,761
TLT261120C00076000,TLT,2026-11-20,50,C,76.0,-1.35,77.04000091552734,2.62,2.65,2.635,2.56,1.1,0.18311363769531247,0.62372,0.0727,-0.02477,0.10824,2.8717,59.8,105,1572
TLT261120C00077000,TLT,2026-11-20,50,C,77.0,-0.05,77.04000091552734,2.03,2.07,2.05,2.01,2.0,0.17847501220703127,0.54928,0.07779,-0.02454,0.11288,2.2625,52.3,964,2987
TLT261120C00078000,TLT,2026-11-20,50,C,78.0,1.25,77.04000091552734,1.53,1.55,1.54,1.5,1.3,0.17237155761718753,0.46958,0.08093,-0.02333,0.11342,1.7119,44.4,1433,8406
TLT261120C00079000,TLT,2026-11-20,50,C,79.0,2.54,77.04000091552734,1.12,1.14,1.13,1.12,1.8,0.16895362304687503,0.38864,0.07956,-0.02161,0.10929,1.2714,36.5,2816,16997
TLT261120C00080000,TLT,2026-11-20,50,C,80.0,3.84,77.04000091552734,0.79,0.81,0.8,0.8,2.5,0.16577982666015628,0.31048,0.07468,-0.01921,0.10066,0.9132,28.9,2810,35154
TLT261120C00081000,TLT,2026-11-20,50,C,81.0,5.14,77.04000091552734,0.55,0.57,0.56,0.56,3.6,0.1645591357421875,0.24117,0.06643,-0.01659,0.08888,0.6479,22.3,1717,27335
TLT261120C00082000,TLT,2026-11-20,50,C,82.0,6.44,77.04000091552734,0.38,0.39,0.385,0.39,2.6,0.16358258300781253,0.18147,0.05654,-0.01378,0.0752,0.4475,16.6,2333,41328
TLT261120C00083000,TLT,2026-11-20,50,C,83.0,7.74,77.04000091552734,0.26,0.27,0.265,0.26,3.8,0.1645591357421875,0.13501,0.04627,-0.01129,0.06191,0.3117,12.2,715,40395
TLT261120C00084000,TLT,2026-11-20,50,C,84.0,9.03,77.04000091552734,0.19,0.2,0.195,0.2,5.1,0.16895362304687503,0.10307,0.03724,-0.00949,0.05115,0.2305,9.2,321,23018
TLT261120C00085000,TLT,2026-11-20,50,C,85.0,10.33,77.04000091552734,0.13,0.14,0.135,0.14,7.4,0.1713950048828125,0.07608,0.02928,-0.00762,0.04081,0.1629,6.7,105,38485
TLT261120C00086000,TLT,2026-11-20,50,C,86.0,11.63,77.04000091552734,0.09,0.1,0.095,0.1,10.5,0.17432466308593753,0.05614,0.02274,-0.00608,0.03224,0.116,4.9,346,31430
TLT261120C00087000,TLT,2026-11-20,50,C,87.0,12.93,77.04000091552734,0.07,0.08,0.075,0.08,13.3,0.18116053222656248,0.04475,0.01827,-0.00524,0.02691,0.0926,3.9,31,18899
TLT261120C00088000,TLT,2026-11-20,50,C,88.0,14.23,77.04000091552734,0.05,0.06,0.055,0.05,18.2,0.18555501953124998,0.03418,0.01432,-0.00429,0.02161,0.0696,2.9,51,27003
TLT261120C00089000,TLT,2026-11-20,50,C,89.0,15.52,77.04000091552734,0.04,0.05,0.045,0.04,22.2,0.192390888671875,0.0278,0.01164,-0.00373,0.01821,0.057,2.4,9,23070
TLT261120C00090000,TLT,2026-11-20,50,C,90.0,16.82,77.04000091552734,0.04,0.05,0.045,0.04,22.2,0.20508607421874997,0.0263,0.01043,-0.00378,0.01739,0.057,2.2,35,37265
TLT261120C00091000,TLT,2026-11-20,50,C,91.0,18.12,77.04000091552734,0.03,0.05,0.04,0.04,50.0,0.21680470703125,0.02459,0.00932,-0.00377,0.01644,0.0558,2.0,12,11985
TLT261120C00092000,TLT,2026-11-20,50,C,92.0,19.42,77.04000091552734,0.03,0.04,0.035,0.03,28.6,0.22168747070312497,0.01994,0.00764,-0.00322,0.01377,0.045,1.6,1,22101
TLT261120C00093000,TLT,2026-11-20,50,C,93.0,20.72,77.04000091552734,0.02,0.04,0.03,0.04,66.7,0.23242955078125,0.01868,0.00689,-0.00318,0.01303,0.0438,1.5,37,6784
TLT261120C00094000,TLT,2026-11-20,50,C,94.0,22.01,77.04000091552734,0.02,0.04,0.03,0.04,66.7,0.24414818359375,0.01804,0.00637,-0.00323,0.01265,0.0442,1.4,2,3158
TLT261120C00095000,TLT,2026-11-20,50,C,95.0,23.31,77.04000091552734,0.02,0.03,0.025,0.02,40.0,0.2461012890625,0.01409,0.00511,-0.00263,0.01023,0.0338,1.1,6,4477
TLT261120C00096000,TLT,2026-11-20,50,C,96.0,24.61,77.04000091552734,0.02,0.03,0.025,0.02,40.0,0.25586681640625003,0.01327,0.00467,-0.00259,0.00972,0.0329,1.0,1,1398
TLT261120P00060000,TLT,2026-11-20,50,P,60.0,-22.12,77.04000091552734,0.02,0.04,0.03,0.02,66.7,0.30664755859375,-0.01051,0.00318,-0.00234,0.00794,0.0325,1.4,22,2352
TLT261120P00065000,TLT,2026-11-20,50,P,65.0,-15.63,77.04000091552734,0.07,0.09,0.08,0.08,25.0,0.2500075,-0.02607,0.00849,-0.00409,0.01726,0.0729,3.2,101,2793
TLT261120P00066000,TLT,2026-11-20,50,P,66.0,-14.33,77.04000091552734,0.09,0.11,0.1,0.08,20.0,0.24024197265624997,-0.03248,0.01061,-0.00469,0.02072,0.0899,3.9,510,301
TLT261120P00067000,TLT,2026-11-20,50,P,67.0,-13.03,77.04000091552734,0.12,0.13,0.125,0.1,8.0,0.2280350634765625,-0.03907,0.013,-0.00516,0.02411,0.1054,4.7,20,328
TLT261120P00068000,TLT,2026-11-20,50,P,68.0,-11.73,77.04000091552734,0.15,0.16,0.155,0.15,6.5,0.21778125976562498,-0.04878,0.01628,-0.00585,0.02883,0.13,5.7,20,876
TLT261120P00069000,TLT,2026-11-20,50,P,69.0,-10.44,77.04000091552734,0.19,0.21,0.2,0.16,10.0,0.2104571142578125,-0.06372,0.02081,-0.00694,0.0356,0.1715,7.4,1,1827
TLT261120P00070000,TLT,2026-11-20,50,P,70.0,-9.14,77.04000091552734,0.25,0.27,0.26,0.27,7.7,0.20215641601562498,-0.08205,0.02629,-0.00802,0.04321,0.2221,9.4,122,10722
TLT261120P00071000,TLT,2026-11-20,50,P,71.0,-7.84,77.04000091552734,0.35,0.38,0.365,0.37,8.2,0.1992267578125,-0.11153,0.03343,-0.00981,0.05415,0.3167,12.6,338,788
TLT261120P00072000,TLT,2026-11-20,50,P,72.0,-6.54,77.04000091552734,0.48,0.5,0.49,0.51,4.1,0.19263502685546874,-0.14424,0.04135,-0.01121,0.06476,0.4198,16.1,222,16446
TLT261120P00073000,TLT,2026-11-20,50,P,73.0,-5.24,77.04000091552734,0.67,0.68,0.675,0.69,1.5,0.1889729541015625,-0.18849,0.05012,-0.0129,0.077,0.5766,20.8,171,14383
TLT261120P00074000,TLT,2026-11-20,50,P,74.0,-3.95,77.04000091552734,0.85,0.87,0.86,0.88,2.3,0.18116053222656248,-0.23709,0.05978,-0.01387,0.08805,0.7432,25.8,37,15020
TLT261120P00075000,TLT,2026-11-20,50,P,75.0,-2.65,77.04000091552734,1.16,1.18,1.17,1.21,1.7,0.17993984130859375,-0.30204,0.06797,-0.01523,0.09944,1.0215,32.6,2333,53909
TLT261120P00076000,TLT,2026-11-20,50,P,76.0,-1.35,77.04000091552734,1.48,1.5,1.49,1.58,1.3,0.1733481103515625,-0.37096,0.07645,-0.0154,0.10775,1.3109,39.5,696,20693
TLT261120P00077000,TLT,2026-11-20,50,P,77.0,-0.05,77.04000091552734,1.94,1.96,1.95,2.03,1.0,0.1724936267089844,-0.44991,0.08047,-0.01548,0.11286,1.7342,47.5,887,90351
TLT261120P00078000,TLT,2026-11-20,50,P,78.0,1.25,77.04000091552734,2.41,2.46,2.435,2.54,2.1,0.1680991394042969,-0.53183,0.08297,-0.01433,0.11339,2.1972,55.6,248,25611
TLT261120P00079000,TLT,2026-11-20,50,P,79.0,2.54,77.04000091552734,3.05,3.15,3.1,3.2,3.2,0.17383638671875,-0.60763,0.07754,-0.01361,0.10959,2.8532,63.2,75,29020
TLT261120P00080000,TLT,2026-11-20,50,P,80.0,3.84,77.04000091552734,3.75,3.85,3.8,3.84,2.6,0.17408052490234377,-0.68007,0.07204,-0.01162,0.10196,3.5201,70.3,330,19682
TLT261120P00081000,TLT,2026-11-20,50,P,81.0,5.14,77.04000091552734,4.5,4.6,4.55,4.5,2.2,0.17285983398437502,-0.74724,0.06485,-0.00898,0.09114,4.24,76.7,482,37357
TLT261120P00082000,TLT,2026-11-20,50,P,82.0,6.44,77.04000091552734,5.3,5.5,5.4,5.35,3.7,0.18384605224609374,-0.78884,0.05516,-0.00794,0.08244,5.1194,80.8,88,47062
TLT261120P00083000,TLT,2026-11-20,50,P,83.0,7.74,77.04000091552734,6.15,6.45,6.3,6.2,4.8,0.19873848144531248,-0.81641,0.04688,-0.0075,0.07575,6.0549,83.5,11,21025
TLT261120P00084000,TLT,2026-11-20,50,P,84.0,9.03,77.04000091552734,6.95,7.25,7.1,7.13,4.2,0.1870198486328125,-0.87197,0.03925,-0.00305,0.05968,6.8318,88.6,11,6873
TLT261120P00085000,TLT,2026-11-20,50,P,85.0,10.33,77.04000091552734,8.05,8.35,8.2,8.09,3.7,0.2224198852539062,-0.86142,0.03485,-0.00588,0.06303,7.9266,87.9,164,24075
TLT261120P00086000,TLT,2026-11-20,50,P,86.0,11.63,77.04000091552734,7.4,9.3,8.35,8.64,22.8,0.231452998046875,-0.88051,0.03022,-0.00476,0.05687,8.8639,89.7,21,19115
TLT261120P00087000,TLT,2026-11-20,50,P,87.0,12.93,77.04000091552734,8.8,10.25,9.525,9.8,15.2,0.2387771435546875,-0.89788,0.02617,-0.00348,0.05081,9.8034,91.3,53,11370
TLT261120P00088000,TLT,2026-11-20,50,P,88.0,14.23,77.04000091552734,10.3,12.25,11.275,10.97,17.3,0.40405869384765625,-0.78172,0.02558,-0.02607,0.08405,11.8206,82.3,7,23078
TLT261120P00089000,TLT,2026-11-20,50,P,89.0,15.52,77.04000091552734,10.1,13.35,11.725,11.5,27.7,0.43628493408203123,-0.78202,0.02368,-0.02862,0.08398,12.9117,82.7,275,1418
TLT261120P00090000,TLT,2026-11-20,50,P,90.0,16.82,77.04000091552734,11.1,15.05,13.075,12.74,30.2,0.5366257275390626,-0.74407,0.02103,-0.04134,0.09173,14.6058,80.4,10,3113
TLT261120P00091000,TLT,2026-11-20,50,P,91.0,18.12,77.04000091552734,12.1,16.05,14.075,9.5,28.1,0.5571333349609376,-0.7511,0.01996,-0.04231,0.0904,15.5959,81.2,9,2705
TLT261120P00092000,TLT,2026-11-20,50,P,92.0,19.42,77.04000091552734,14.95,16.25,15.6,14.95,8.3,0.48120635986328125,-0.80965,0.0198,-0.02871,0.07746,15.7834,85.4,51,553
TLT261120P00093000,TLT,2026-11-20,50,P,93.0,20.72,77.04000091552734,14.05,18.05,16.05,12.57,24.9,0.596683720703125,-0.7634,0.01813,-0.04411,0.08795,17.5776,82.6,4,156
TLT261120P00094000,TLT,2026-11-20,50,P,94.0,22.01,77.04000091552734,15.1,19.0,17.05,17.1,22.9,0.6101113208007813,-0.77155,0.01739,-0.04408,0.08625,18.5199,83.4,1,179
TLT261120P00095000,TLT,2026-11-20,50,P,95.0,23.31,77.04000091552734,16.05,19.45,17.75,13.56,19.2,0.5610395458984375,-0.81028,0.01695,-0.03445,0.07731,18.9608,86.1,1,66
TLT261120P00096000,TLT,2026-11-20,50,P,96.0,24.61,77.04000091552734,17.1,21.05,19.075,18.75,20.7,0.6528355029296876,-0.77849,0.01597,-0.04651,0.08476,20.5536,84.3,4,20
TLT261130C00075000,TLT,2026-11-30,60,C,75.0,-2.65,77.04000091552734,3.3,3.4,3.35,3.4,3.0,0.1801839794921875,0.68931,0.06275,-0.02198,0.1103,3.7005,66.3,16,153
TLT261130C00076000,TLT,2026-11-30,60,C,76.0,-1.35,77.04000091552734,2.76,2.8,2.78,2.77,1.4,0.179695703125,0.62295,0.06767,-0.02269,0.11865,3.0697,59.5,63,9
TLT261130C00077000,TLT,2026-11-30,60,C,77.0,-0.05,77.04000091552734,2.2,2.23,2.215,2.19,1.4,0.17591156127929689,0.55375,0.07195,-0.02251,0.12348,2.4669,52.5,440,1159
TLT261130C00078000,TLT,2026-11-30,60,C,78.0,1.25,77.04000091552734,1.68,1.71,1.695,1.65,1.8,0.17054052124023442,0.48029,0.0748,-0.02153,0.12446,1.914,45.3,312,1401
TLT261130C00079000,TLT,2026-11-30,60,C,79.0,2.54,77.04000091552734,1.26,1.29,1.275,1.24,2.4,0.16724465576171876,0.40531,0.07421,-0.02014,0.12108,1.4602,37.9,14,2762
TLT261130C00080000,TLT,2026-11-30,60,C,80.0,3.84,77.04000091552734,0.89,0.92,0.905,0.91,3.3,0.16187361572265624,0.32944,0.07158,-0.01791,0.11304,1.0569,30.6,305,4737
TLT261130C00081000,TLT,2026-11-30,60,C,81.0,5.14,77.04000091552734,0.66,0.69,0.675,0.68,4.4,0.1632163757324219,0.26598,0.06437,-0.0161,0.1025,0.7985,24.5,124,3390
TLT261130C00082000,TLT,2026-11-30,60,C,82.0,6.44,77.04000091552734,0.46,0.48,0.47,0.46,4.3,0.16089706298828127,0.20524,0.05657,-0.01358,0.08881,0.5624,18.7,80,3485
TLT261130C00083000,TLT,2026-11-30,60,C,83.0,7.74,77.04000091552734,0.32,0.34,0.33,0.33,6.1,0.161141201171875,0.15691,0.04773,-0.01136,0.07503,0.4017,14.2,537,96741
TLT261130C00084000,TLT,2026-11-30,60,C,84.0,9.03,77.04000091552734,0.22,0.24,0.23,0.23,8.7,0.16211775390625,0.11841,0.03913,-0.00933,0.0619,0.2861,10.6,10,14749
TLT261130C00085000,TLT,2026-11-30,60,C,85.0,10.33,77.04000091552734,0.16,0.18,0.17,0.17,11.8,0.16602396484375004,0.09186,0.03179,-0.00788,0.0515,0.2158,8.1,20,496
TLT261130C00086000,TLT,2026-11-30,60,C,86.0,11.63,77.04000091552734,0.11,0.13,0.12,0.15,16.7,0.16797707031250003,0.06879,0.02525,-0.00636,0.04138,0.155,6.0,11,317
TLT261130C00087000,TLT,2026-11-30,60,C,87.0,12.93,77.04000091552734,0.08,0.11,0.095,0.11,31.6,0.1757894921875,0.05728,0.02092,-0.00573,0.03588,0.1308,5.0,200,337
TLT261130C00088000,TLT,2026-11-30,60,C,88.0,14.23,77.04000091552734,0.06,0.09,0.075,0.08,40.0,0.18164880859375,0.04648,0.01715,-0.00498,0.03039,0.106,4.0,11,2522
TLT261130C00089000,TLT,2026-11-30,60,C,89.0,15.52,77.04000091552734,0.05,0.08,0.065,0.08,46.2,0.19043778320312502,0.04047,0.01462,-0.00464,0.02717,0.0947,3.4,20,214
TLT261130C00090000,TLT,2026-11-30,60,C,90.0,16.82,77.04000091552734,0.04,0.07,0.055,0.07,54.5,0.19727365234375,0.03424,0.01232,-0.00418,0.02371,0.0809,2.9,10,1385
TLT261130C00091000,TLT,2026-11-30,60,C,91.0,18.12,77.04000091552734,0.04,0.06,0.05,0.08,40.0,0.20410952148437497,0.02927,0.01046,-0.00378,0.02083,0.07,2.4,240,241
TLT261130C00092000,TLT,2026-11-30,60,C,92.0,19.42,77.04000091552734,0.03,0.05,0.04,0.04,50.0,0.20899228515624996,0.02417,0.0087,-0.00329,0.01774,0.0577,2.0,111,296
TLT261130C00093000,TLT,2026-11-30,60,C,93.0,20.72,77.04000091552734,0.03,0.05,0.04,0.05,50.0,0.21973436523437498,0.02302,0.00795,-0.00331,0.01703,0.0573,1.9,8,334
TLT261130C00094000,TLT,2026-11-30,60,C,94.0,22.01,77.04000091552734,0.02,0.05,0.035,0.05,85.7,0.2304764453125,0.0221,0.00732,-0.00334,0.01646,0.0573,1.8,2,122
TLT261130C00095000,TLT,2026-11-30,60,C,95.0,23.31,77.04000091552734,0.02,0.04,0.03,0.05,66.7,0.23242955078125,0.01757,0.00597,-0.00277,0.01354,0.0447,1.4,19,130
TLT261130P00065000,TLT,2026-11-30,60,P,65.0,-15.63,77.04000091552734,0.08,0.1,0.09,0.05,22.2,0.233406103515625,-0.0279,0.00879,-0.00365,0.02001,0.0806,3.5,222,223
TLT261130P00066000,TLT,2026-11-30,60,P,66.0,-14.33,77.04000091552734,0.1,0.12,0.11,0.07,18.2,0.22315229980468748,-0.03382,0.01078,-0.00407,0.02346,0.0959,4.1,5,229
TLT261130P00067000,TLT,2026-11-30,60,P,67.0,-13.03,77.04000091552734,0.13,0.16,0.145,0.08,20.7,0.21778125976562498,-0.04457,0.01383,-0.00494,0.02938,0.1286,5.4,222,237
TLT261130P00068000,TLT,2026-11-30,60,P,68.0,-11.73,77.04000091552734,0.17,0.18,0.175,0.18,5.7,0.20459779785156246,-0.05204,0.01666,-0.00521,0.03325,0.1443,6.1,1,284
TLT261130P00069000,TLT,2026-11-30,60,P,69.0,-10.44,77.04000091552734,0.23,0.25,0.24,0.17,8.3,0.20117986328124998,-0.07042,0.02147,-0.00645,0.04213,0.2024,8.2,4,205
TLT261130P00070000,TLT,2026-11-30,60,P,70.0,-9.14,77.04000091552734,0.29,0.31,0.3,0.31,6.7,0.19214675048828128,-0.08796,0.0266,-0.00721,0.04986,0.2516,10.1,13,1131
TLT261130P00071000,TLT,2026-11-30,60,P,71.0,-7.84,77.04000091552734,0.4,0.41,0.405,0.34,2.5,0.186531572265625,-0.11423,0.03316,-0.00838,0.06034,0.3347,13.0,2,264
TLT261130P00072000,TLT,2026-11-30,60,P,72.0,-6.54,77.04000091552734,0.54,0.56,0.55,0.43,3.6,0.18360191406249998,-0.15046,0.04074,-0.00984,0.07298,0.4626,16.9,48,515
TLT261130P00073000,TLT,2026-11-30,60,P,73.0,-5.24,77.04000091552734,0.73,0.76,0.745,0.7,4.0,0.18140467041015623,-0.1953,0.0487,-0.01131,0.0862,0.6356,21.6,60,1171
TLT261130P00074000,TLT,2026-11-30,60,P,74.0,-3.95,77.04000091552734,0.92,0.94,0.93,1.0,2.2,0.17237155761718753,-0.24037,0.05779,-0.01184,0.09718,0.7899,26.3,14,535
TLT261130P00075000,TLT,2026-11-30,60,P,75.0,-2.65,77.04000091552734,1.19,1.23,1.21,1.31,3.3,0.16895362304687503,-0.30083,0.06597,-0.01266,0.10874,1.046,32.5,97,4190
TLT261130P00076000,TLT,2026-11-30,60,P,76.0,-1.35,77.04000091552734,1.58,1.63,1.605,1.7,3.1,0.1690756921386719,-0.37128,0.07157,-0.01335,0.11807,1.4059,39.7,70,3473
TLT261130P00077000,TLT,2026-11-30,60,P,77.0,-0.05,77.04000091552734,2.03,2.08,2.055,2.07,2.4,0.16724465576171876,-0.44491,0.07564,-0.01325,0.12342,1.8153,47.2,67,2099
TLT261130P00078000,TLT,2026-11-30,60,P,78.0,1.25,77.04000091552734,2.54,2.59,2.565,2.51,1.9,0.1641929284667969,-0.52152,0.07767,-0.01237,0.12443,2.2838,54.8,127,7455
TLT261130P00079000,TLT,2026-11-30,60,P,79.0,2.54,77.04000091552734,3.1,3.15,3.125,2.83,1.6,0.15894395751953128,-0.60087,0.07777,-0.01059,0.12061,2.8021,62.6,52,575
TLT261130P00080000,TLT,2026-11-30,60,P,80.0,3.84,77.04000091552734,3.8,3.9,3.85,3.8,2.6,0.1638267211914063,-0.66837,0.07091,-0.00945,0.11334,3.5147,69.2,3,1915
TLT261130P00081000,TLT,2026-11-30,60,P,81.0,5.14,77.04000091552734,4.45,4.6,4.525,4.25,3.3,0.15821154296875,-0.74113,0.06549,-0.00661,0.10109,4.1767,76.1,11,1090
TLT261130P00082000,TLT,2026-11-30,60,P,82.0,6.44,77.04000091552734,5.4,6.7,6.05,5.08,21.5,0.2858958129882812,-0.66407,0.04084,-0.02084,0.11392,6.2901,70.5,428,1361
TLT261130P00083000,TLT,2026-11-30,60,P,83.0,7.74,77.04000091552734,6.2,7.4,6.8,5.83,17.6,0.28211167114257807,-0.7043,0.0392,-0.01865,0.10789,6.9674,74.3,147,1236
TLT261130P00084000,TLT,2026-11-30,60,P,84.0,9.03,77.04000091552734,6.75,7.7,7.225,6.12,13.1,0.2309647216796875,-0.79005,0.03994,-0.00986,0.09001,7.2296,81.6,88,98
TLT261130P00085000,TLT,2026-11-30,60,P,85.0,10.33,77.04000091552734,6.95,9.5,8.225,7.34,31.0,0.33570000244140624,-0.72776,0.03166,-0.02188,0.1037,9.0393,77.1,21,22
TLT261130P00089000,TLT,2026-11-30,60,P,89.0,15.52,77.04000091552734,10.5,13.35,11.925,11.8,23.9,0.39893179199218753,-0.77956,0.02379,-0.02279,0.09259,12.8377,82.4,8,7
TLT261130P00093000,TLT,2026-11-30,60,P,93.0,20.72,77.04000091552734,14.1,18.15,16.125,13.52,25.1,0.5560347131347658,-0.75593,0.01806,-0.03709,0.09799,17.6043,82.1,1,0
TLT261218C00060000,TLT,2026-12-18,78,C,60.0,-22.12,77.04000091552734,15.2,18.35,16.775,22.35,18.8,0.5239305419921875,0.88268,0.01055,-0.02895,0.07011,18.7445,82.8,50,2
TLT261218C00065000,TLT,2026-12-18,78,C,65.0,-15.63,77.04000091552734,10.25,14.25,12.25,17.25,32.7,0.4985401708984375,0.81319,0.01513,-0.03583,0.09564,14.6268,74.5,35,0
TLT261218C00070000,TLT,2026-12-18,78,C,70.0,-9.14,77.04000091552734,6.25,8.8,7.525,7.8,33.9,0.324103438720703,0.77982,0.02566,-0.02749,0.1055,9.2075,73.3,225,716
TLT261218C00071000,TLT,2026-12-18,78,C,71.0,-7.84,77.04000091552734,5.2,6.95,6.075,7.23,28.8,0.2196122961425781,0.82618,0.03282,-0.01903,0.09141,7.4107,79.9,1,7
TLT261218C00072000,TLT,2026-12-18,78,C,72.0,-6.54,77.04000091552734,5.8,5.9,5.85,5.8,1.7,0.19178054321289065,0.81698,0.03882,-0.01781,0.09443,6.3631,79.3,2,49
TLT261218C00073000,TLT,2026-12-18,78,C,73.0,-5.24,77.04000091552734,4.95,5.05,5.0,5.79,2.0,0.18201501586914062,0.78343,0.04527,-0.0182,0.1045,5.4968,75.8,9,52
TLT261218C00074000,TLT,2026-12-18,78,C,74.0,-3.95,77.04000091552734,4.3,4.35,4.325,4.5,1.2,0.18164880859375,0.73343,0.05078,-0.01929,0.117,4.7671,70.5,152,160
TLT261218C00075000,TLT,2026-12-18,78,C,75.0,-2.65,77.04000091552734,3.55,3.65,3.6,3.55,2.8,0.17701018310546873,0.68202,0.05658,-0.01973,0.12702,4.037,65.2,112,1580
TLT261218C00076000,TLT,2026-12-18,78,C,76.0,-1.35,77.04000091552734,2.95,2.99,2.97,2.93,1.3,0.1713950048828125,0.62515,0.06211,-0.01975,0.13503,3.3446,59.5,227,1495
TLT261218C00077000,TLT,2026-12-18,78,C,77.0,-0.05,77.04000091552734,2.39,2.43,2.41,2.35,1.7,0.16858741577148442,0.56171,0.06565,-0.01961,0.14037,2.7476,53.1,263,3161
TLT261218C00078000,TLT,2026-12-18,78,C,78.0,1.25,77.04000091552734,1.89,1.93,1.91,1.88,2.1,0.16541361938476565,0.49524,0.06772,-0.019,0.14207,2.209,46.5,781,26730
TLT261218C00079000,TLT,2026-12-18,78,C,79.0,2.54,77.04000091552734,1.45,1.48,1.465,1.43,2.0,0.16089706298828127,0.42636,0.06843,-0.01781,0.13965,1.7177,39.7,5250,5182
TLT261218C00080000,TLT,2026-12-18,78,C,80.0,3.84,77.04000091552734,1.12,1.15,1.135,1.13,2.6,0.16040878662109376,0.36089,0.06554,-0.01661,0.13335,1.349,33.4,4336,43781
TLT261218C00081000,TLT,2026-12-18,78,C,81.0,5.14,77.04000091552734,0.83,0.86,0.845,0.83,3.6,0.15845568115234376,0.29772,0.0614,-0.01494,0.1234,1.0237,27.3,220,13717
TLT261218C00082000,TLT,2026-12-18,78,C,82.0,6.44,77.04000091552734,0.61,0.63,0.62,0.61,3.2,0.15662464477539065,0.23963,0.05569,-0.01305,0.11062,0.7595,21.8,390,65702
TLT261218C00083000,TLT,2026-12-18,78,C,83.0,7.74,77.04000091552734,0.45,0.47,0.46,0.45,4.3,0.157234990234375,0.19181,0.04874,-0.01135,0.09721,0.573,17.3,2104,45960
TLT261218C00084000,TLT,2026-12-18,78,C,84.0,9.03,77.04000091552734,0.33,0.35,0.34,0.33,5.9,0.15821154296875,0.1517,0.04169,-0.00972,0.08366,0.4298,13.5,356,56450
TLT261218C00085000,TLT,2026-12-18,78,C,85.0,10.33,77.04000091552734,0.25,0.26,0.255,0.24,3.9,0.1596763720703125,0.11913,0.035,-0.00822,0.07088,0.3225,10.5,379,43732
TLT261218C00086000,TLT,2026-12-18,78,C,86.0,11.63,77.04000091552734,0.18,0.2,0.19,0.2,10.5,0.1626060302734375,0.0947,0.02912,-0.00703,0.06005,0.2491,8.3,204,61175
TLT261218C00087000,TLT,2026-12-18,78,C,87.0,12.93,77.04000091552734,0.14,0.15,0.145,0.15,6.9,0.1645591357421875,0.07383,0.02386,-0.00586,0.04981,0.1876,6.4,17,58903
TLT261218C00088000,TLT,2026-12-18,78,C,88.0,14.23,77.04000091552734,0.11,0.13,0.12,0.11,16.7,0.1713950048828125,0.06285,0.02024,-0.00535,0.04399,0.1616,5.4,131,43387
TLT261218C00089000,TLT,2026-12-18,78,C,89.0,15.52,77.04000091552734,0.08,0.11,0.095,0.1,31.6,0.1772543212890625,0.05306,0.01713,-0.00481,0.03851,0.1371,4.5,2020,34156
TLT261218C00090000,TLT,2026-12-18,78,C,90.0,16.82,77.04000091552734,0.08,0.09,0.085,0.08,11.8,0.18164880859375,0.04383,0.01434,-0.00421,0.03305,0.1126,3.7,2694,325663
TLT261218C00091000,TLT,2026-12-18,78,C,91.0,18.12,77.04000091552734,0.07,0.08,0.075,0.07,13.3,0.18799640136718748,0.03799,0.01234,-0.00386,0.02943,0.0988,3.1,10,41139
TLT261218C00092000,TLT,2026-12-18,78,C,92.0,19.42,77.04000091552734,0.05,0.08,0.065,0.07,46.2,0.198250205078125,0.03614,0.01124,-0.00388,0.02825,0.0982,2.9,220,13703
TLT261218C00093000,TLT,2026-12-18,78,C,93.0,20.72,77.04000091552734,0.05,0.07,0.06,0.06,33.3,0.20313296874999998,0.03095,0.00965,-0.00349,0.02487,0.0843,2.5,12,12248
TLT261218C00094000,TLT,2026-12-18,78,C,94.0,22.01,77.04000091552734,0.04,0.07,0.055,0.06,54.5,0.21289849609375,0.02967,0.00889,-0.00352,0.02401,0.0841,2.4,6,10399
TLT261218C00095000,TLT,2026-12-18,78,C,95.0,23.31,77.04000091552734,0.04,0.06,0.05,0.05,40.0,0.21680470703125,0.02527,0.00764,-0.00312,0.021,0.0713,2.0,1,19843
TLT261218C00096000,TLT,2026-12-18,78,C,96.0,24.61,77.04000091552734,0.03,0.06,0.045,0.06,66.7,0.22657023437499998,0.02461,0.00715,-0.00318,0.02054,0.0723,1.9,3,13760
TLT261218P00060000,TLT,2026-12-18,78,P,60.0,-22.12,77.04000091552734,0.05,0.07,0.06,0.06,33.3,0.26758544921875,-0.0157,0.00413,-0.00227,0.01403,0.0556,2.1,4,3238
TLT261218P00065000,TLT,2026-12-18,78,P,65.0,-15.63,77.04000091552734,0.14,0.16,0.15,0.12,13.3,0.22412885253906245,-0.03799,0.01035,-0.00389,0.02943,0.1262,4.7,25,2426
TLT261218P00070000,TLT,2026-12-18,78,P,70.0,-9.14,77.04000091552734,0.47,0.49,0.48,0.5,4.2,0.19409985595703128,-0.1135,0.02782,-0.00752,0.06848,0.3964,13.2,2013,11668
TLT261218P00071000,TLT,2026-12-18,78,P,71.0,-7.84,77.04000091552734,0.6,0.63,0.615,0.59,4.9,0.1901936450195313,-0.14236,0.03323,-0.00852,0.08017,0.5131,16.3,1,5269
TLT261218P00072000,TLT,2026-12-18,78,P,72.0,-6.54,77.04000091552734,0.79,0.81,0.8,0.84,2.5,0.1870198486328125,-0.17756,0.03906,-0.00954,0.09265,0.6657,20.1,447,5997
TLT261218P00073000,TLT,2026-12-18,78,P,73.0,-5.24,77.04000091552734,1.02,1.04,1.03,1.06,1.9,0.1848226049804687,-0.2197,0.04495,-0.01053,0.10537,0.8649,24.6,66,57402
TLT261218P00074000,TLT,2026-12-18,78,P,74.0,-3.95,77.04000091552734,1.28,1.32,1.3,1.35,3.1,0.18262536132812499,-0.26752,0.0506,-0.01134,0.11721,1.1086,29.6,131,10385
TLT261218P00075000,TLT,2026-12-18,78,P,75.0,-2.65,77.04000091552734,1.59,1.62,1.605,1.59,1.9,0.17798673583984376,-0.31875,0.05632,-0.01167,0.12715,1.371,34.9,1071,27698
TLT261218P00076000,TLT,2026-12-18,78,P,76.0,-1.35,77.04000091552734,1.99,2.01,2.0,2.08,1.0,0.1757894921875,-0.37711,0.06068,-0.01187,0.13528,1.7172,40.8,1273,22332
TLT261218P00077000,TLT,2026-12-18,78,P,77.0,-0.05,77.04000091552734,2.45,2.49,2.47,2.56,1.6,0.17566742309570313,-0.43949,0.06303,-0.01187,0.14044,2.1517,47.2,981,35396
TLT261218P00078000,TLT,2026-12-18,78,P,78.0,1.25,77.04000091552734,2.98,3.05,3.015,3.05,2.3,0.176766044921875,-0.50243,0.06337,-0.01156,0.14208,2.6664,53.5,815,41745
TLT261218P00079000,TLT,2026-12-18,78,P,79.0,2.54,77.04000091552734,3.5,3.6,3.55,3.55,2.8,0.1726156958007813,-0.56664,0.06399,-0.01037,0.14009,3.1692,59.8,105,23494
TLT261218P00080000,TLT,2026-12-18,78,P,80.0,3.84,77.04000091552734,4.2,4.25,4.225,4.34,1.2,0.1713950048828125,-0.62867,0.06193,-0.00907,0.13462,3.7753,65.8,87,37444
TLT261218P00081000,TLT,2026-12-18,78,P,81.0,5.14,77.04000091552734,4.95,5.05,5.0,5.0,2.0,0.17774259765625,-0.67901,0.05657,-0.0083,0.12752,4.5365,70.8,22,29096
TLT261218P00082000,TLT,2026-12-18,78,P,82.0,6.44,77.04000091552734,5.8,5.9,5.85,5.8,1.7,0.1854329504394531,-0.72083,0.0509,-0.00756,0.11971,5.3543,74.9,50,40557
TLT261218P00083000,TLT,2026-12-18,78,P,83.0,7.74,77.04000091552734,6.45,6.8,6.625,6.65,5.3,0.19519847778320312,-0.75363,0.04536,-0.00701,0.11229,6.2266,78.1,5,21123
TLT261218P00084000,TLT,2026-12-18,78,P,84.0,9.03,77.04000091552734,7.5,7.7,7.6,7.45,2.6,0.20313296874999998,-0.78321,0.04058,-0.00622,0.10456,7.1017,81.0,110,24862
TLT261218P00085000,TLT,2026-12-18,78,P,85.0,10.33,77.04000091552734,8.05,8.65,8.35,8.13,7.2,0.21460746337890624,-0.80382,0.03621,-0.00589,0.09855,8.0315,83.0,18,27014
TLT261218P00086000,TLT,2026-12-18,78,P,86.0,11.63,77.04000091552734,8.05,10.6,9.325,8.93,27.3,0.3220282641601562,-0.72815,0.02893,-0.01715,0.11816,10.0034,77.5,5,14720
TLT261218P00087000,TLT,2026-12-18,78,P,87.0,12.93,77.04000091552734,8.8,10.75,9.775,9.83,19.9,0.2573316455078125,-0.81346,0.02928,-0.00779,0.09555,10.106,84.4,46,15768
TLT261218P00088000,TLT,2026-12-18,78,P,88.0,14.23,77.04000091552734,10.3,12.15,11.225,11.13,16.5,0.3149482568359374,-0.78292,0.0262,-0.01325,0.10464,11.5101,82.3,8,16457
TLT261218P00089000,TLT,2026-12-18,78,P,89.0,15.52,77.04000091552734,11.15,13.55,12.35,9.7,19.4,0.3695131408691406,-0.76096,0.02357,-0.01833,0.11047,12.9074,81.1,40,7477
TLT261218P00090000,TLT,2026-12-18,78,P,90.0,16.82,77.04000091552734,12.75,14.15,13.45,12.58,10.4,0.34632001342773433,-0.79892,0.02277,-0.01398,0.10003,13.4816,84.1,8,3368
TLT261218P00091000,TLT,2026-12-18,78,P,91.0,18.12,77.04000091552734,12.6,15.55,14.075,12.92,21.0,0.40161731201171874,-0.77581,0.02093,-0.01926,0.10659,14.8804,82.7,1,320
TLT261218P00092000,TLT,2026-12-18,78,P,92.0,19.42,77.04000091552734,13.4,16.2,14.8,14.67,18.9,0.3813538427734374,-0.80786,0.02012,-0.01527,0.09731,15.5062,85.2,1,295
TLT261218P00093000,TLT,2026-12-18,78,P,93.0,20.72,77.04000091552734,15.95,17.4,16.675,12.24,8.7,0.41699801757812494,-0.79841,0.01894,-0.01821,0.10018,16.7012,84.8,1,565
TLT261218P00094000,TLT,2026-12-18,78,P,94.0,22.01,77.04000091552734,15.15,19.1,17.125,15.25,23.1,0.4995167236328125,-0.7609,0.01744,-0.02694,0.11049,18.4026,82.6,10,433
TLT261218P00095000,TLT,2026-12-18,78,P,95.0,23.31,77.04000091552734,16.15,19.4,17.775,14.66,18.3,0.44556218505859374,-0.80864,0.01718,-0.01885,0.09707,18.6765,86.0,50,237
TLT261218P00096000,TLT,2026-12-18,78,P,96.0,24.61,77.04000091552734,17.1,20.45,18.775,15.43,17.8,0.4646049633789063,-0.80982,0.01641,-0.0198,0.0967,19.7148,86.3,16,817
TLT261231C00060000,TLT,2026-12-31,91,C,60.0,-22.12,77.04000091552734,15.1,19.2,17.15,17.8,23.9,0.5830119824218749,0.85049,0.01037,-0.0337,0.08949,19.6258,77.3,10,3
TLT261231C00065000,TLT,2026-12-31,91,C,65.0,-15.63,77.04000091552734,10.25,13.65,11.95,12.5,28.5,0.40405869384765625,0.83955,0.01568,-0.02636,0.09377,14.1289,78.5,10,9
TLT261231C00069000,TLT,2026-12-31,91,C,69.0,-10.44,77.04000091552734,7.05,9.6,8.325,13.95,30.6,0.30664755859375,0.80553,0.02333,-0.02353,0.10588,10.0933,76.1,65,0
TLT261231C00070000,TLT,2026-12-31,91,C,70.0,-9.14,77.04000091552734,6.3,8.35,7.325,7.89,28.0,0.2616040637207031,0.80929,0.02703,-0.0209,0.10463,8.8605,77.2,4,125
TLT261231C00072000,TLT,2026-12-31,91,C,72.0,-6.54,77.04000091552734,5.8,5.9,5.85,6.15,1.7,0.17774259765625,0.82098,0.03825,-0.01605,0.10059,6.4457,79.7,1,4
TLT261231C00073000,TLT,2026-12-31,91,C,73.0,-5.24,77.04000091552734,5.05,5.2,5.125,5.45,2.9,0.180672255859375,0.7742,0.04324,-0.01739,0.1156,5.7133,74.6,7,15
TLT261231C00074000,TLT,2026-12-31,91,C,74.0,-3.95,77.04000091552734,4.35,4.4,4.375,4.62,1.1,0.1720053503417969,0.73494,0.04951,-0.01758,0.12601,4.8891,70.6,1,11
TLT261231C00075000,TLT,2026-12-31,91,C,75.0,-2.65,77.04000091552734,3.65,3.75,3.7,3.95,2.7,0.1710287976074219,0.68216,0.0542,-0.01819,0.13717,4.2041,65.1,352,467
TLT261231C00076000,TLT,2026-12-31,91,C,76.0,-1.35,77.04000091552734,3.05,3.15,3.1,3.08,3.2,0.1694418994140625,0.62583,0.05814,-0.01846,0.14576,3.5653,59.3,1,550
TLT261231C00077000,TLT,2026-12-31,91,C,77.0,-0.05,77.04000091552734,2.51,2.54,2.525,2.43,1.2,0.16333844482421878,0.56727,0.06259,-0.01805,0.15128,2.9155,53.5,261,564
TLT261231C00078000,TLT,2026-12-31,91,C,78.0,1.25,77.04000091552734,2.0,2.05,2.025,1.95,2.5,0.16101913208007812,0.50407,0.0644,-0.01757,0.15345,2.3815,47.2,129,4708
TLT261231C00079000,TLT,2026-12-31,91,C,79.0,2.54,77.04000091552734,1.52,1.58,1.55,1.73,3.9,0.15589223022460938,0.43813,0.06572,-0.01648,0.15161,1.8674,40.8,235,3168
TLT261231C00080000,TLT,2026-12-31,91,C,80.0,3.84,77.04000091552734,1.21,1.23,1.22,1.17,1.6,0.1544274011230469,0.37408,0.06378,-0.01536,0.14575,1.4731,34.5,2106,6985
TLT261231C00081000,TLT,2026-12-31,91,C,81.0,5.14,77.04000091552734,0.91,0.95,0.93,0.94,4.3,0.1538170556640625,0.31406,0.05996,-0.01406,0.13647,1.1517,28.7,219,1899
TLT261231C00082000,TLT,2026-12-31,91,C,82.0,6.44,77.04000091552734,0.68,0.69,0.685,0.67,1.5,0.1505211901855469,0.25465,0.05542,-0.01227,0.12343,0.8525,23.1,422,4344
TLT261231C00083000,TLT,2026-12-31,91,C,83.0,7.74,77.04000091552734,0.5,0.53,0.515,0.54,5.8,0.1518639501953125,0.20803,0.04906,-0.01088,0.11025,0.6618,18.7,11,2252
TLT261231C00084000,TLT,2026-12-31,91,C,84.0,9.03,77.04000091552734,0.38,0.4,0.39,0.4,5.1,0.15259636474609378,0.16698,0.04262,-0.00942,0.09623,0.5038,14.9,4,2562
TLT261231C00085000,TLT,2026-12-31,91,C,85.0,10.33,77.04000091552734,0.29,0.31,0.3,0.3,6.7,0.1550377465820313,0.13509,0.03642,-0.00822,0.08356,0.3937,11.9,1558,15784
TLT261231C00086000,TLT,2026-12-31,91,C,86.0,11.63,77.04000091552734,0.22,0.24,0.23,0.24,8.7,0.15747912841796874,0.10877,0.03079,-0.00709,0.07175,0.3072,9.5,3,4488
TLT261231C00087000,TLT,2026-12-31,91,C,87.0,12.93,77.04000091552734,0.17,0.19,0.18,0.21,11.1,0.1606529248046875,0.08831,0.02591,-0.00616,0.06159,0.2441,7.6,1257,4286
TLT261231C00088000,TLT,2026-12-31,91,C,88.0,14.23,77.04000091552734,0.13,0.16,0.145,0.18,20.7,0.16577982666015628,0.07423,0.02202,-0.00553,0.05402,0.2049,6.3,424,3032
TLT261231C00089000,TLT,2026-12-31,91,C,89.0,15.52,77.04000091552734,0.1,0.13,0.115,0.14,26.1,0.1694418994140625,0.06111,0.01854,-0.00483,0.04648,0.1666,5.2,2,7015
TLT261231C00090000,TLT,2026-12-31,91,C,90.0,16.82,77.04000091552734,0.09,0.11,0.1,0.1,20.0,0.17432466308593753,0.05174,0.0158,-0.00433,0.04077,0.1411,4.3,60,38579
TLT261231C00091000,TLT,2026-12-31,91,C,91.0,18.12,77.04000091552734,0.07,0.1,0.085,0.08,35.3,0.18116053222656248,0.04594,0.01383,-0.00406,0.03707,0.1277,3.8,100,3771
TLT261231C00092000,TLT,2026-12-31,91,C,92.0,19.42,77.04000091552734,0.06,0.09,0.075,0.09,40.0,0.1870198486328125,0.04032,0.01206,-0.00376,0.03337,0.1134,3.3,41,15072
TLT261231C00093000,TLT,2026-12-31,91,C,93.0,20.72,77.04000091552734,0.06,0.08,0.07,0.08,28.6,0.192390888671875,0.0353,0.01051,-0.00345,0.02993,0.1001,2.8,275,3137
TLT261231C00094000,TLT,2026-12-31,91,C,94.0,22.01,77.04000091552734,0.05,0.08,0.065,0.07,46.2,0.20117986328124998,0.03353,0.00964,-0.00344,0.0287,0.0986,2.7,14,934
TLT261231C00095000,TLT,2026-12-31,91,C,95.0,23.31,77.04000091552734,0.05,0.07,0.06,0.05,33.3,0.20606262695312497,0.02949,0.00846,-0.00316,0.02581,0.0872,2.3,10,2123
TLT261231C00096000,TLT,2026-12-31,91,C,96.0,24.61,77.04000091552734,0.05,0.07,0.06,0.05,33.3,0.2148516015625,0.02843,0.00787,-0.00319,0.02503,0.0871,2.2,99,488
TLT261231P00060000,TLT,2026-12-31,91,P,60.0,-22.12,77.04000091552734,0.05,0.08,0.065,0.05,46.2,0.252937158203125,-0.01694,0.00432,-0.0021,0.01617,0.0619,2.3,216,745
TLT261231P00065000,TLT,2026-12-31,91,P,65.0,-15.63,77.04000091552734,0.17,0.18,0.175,0.13,5.7,0.21289849609375,-0.04044,0.01062,-0.00356,0.03345,0.1393,5.1,198,1476
TLT261231P00066000,TLT,2026-12-31,91,P,66.0,-14.33,77.04000091552734,0.2,0.22,0.21,0.17,9.5,0.20655090332031245,-0.04968,0.01291,-0.00404,0.03947,0.1714,6.1,99,148
TLT261231P00067000,TLT,2026-12-31,91,P,67.0,-13.03,77.04000091552734,0.26,0.27,0.265,0.19,3.8,0.20020331054687499,-0.06098,0.01567,-0.00457,0.04641,0.2109,7.4,104,2075
TLT261231P00068000,TLT,2026-12-31,91,P,68.0,-11.73,77.04000091552734,0.32,0.34,0.33,0.31,6.1,0.19507640869140624,-0.076,0.01905,-0.00522,0.055,0.2663,9.1,3,729
TLT261231P00069000,TLT,2026-12-31,91,P,69.0,-10.44,77.04000091552734,0.41,0.43,0.42,0.42,4.8,0.19043778320312502,-0.09484,0.02304,-0.00596,0.06494,0.3386,11.2,4,158
TLT261231P00070000,TLT,2026-12-31,91,P,70.0,-9.14,77.04000091552734,0.54,0.57,0.555,0.52,5.4,0.18921709228515626,-0.12159,0.02774,-0.007,0.07766,0.4551,14.2,2,4749
TLT261231P00071000,TLT,2026-12-31,91,P,71.0,-7.84,77.04000091552734,0.67,0.69,0.68,0.56,2.9,0.18238122314453126,-0.14649,0.03271,-0.00755,0.08828,0.5516,16.8,34,252
TLT261231P00072000,TLT,2026-12-31,91,P,72.0,-6.54,77.04000091552734,0.85,0.87,0.86,0.89,2.3,0.178719150390625,-0.18021,0.0382,-0.00832,0.10101,0.7011,20.5,6,680
TLT261231P00073000,TLT,2026-12-31,91,P,73.0,-5.24,77.04000091552734,1.08,1.1,1.09,1.05,1.8,0.17603363037109376,-0.22058,0.04379,-0.00907,0.11407,0.8956,24.8,51,1003
TLT261231P00074000,TLT,2026-12-31,91,P,74.0,-3.95,77.04000091552734,1.37,1.41,1.39,1.33,2.9,0.1757894921875,-0.26889,0.0488,-0.00986,0.12693,1.1627,29.9,49,2181
TLT261231P00075000,TLT,2026-12-31,91,P,75.0,-2.65,77.04000091552734,1.7,1.74,1.72,1.77,2.3,0.17322604125976562,-0.3196,0.05364,-0.01023,0.13749,1.45,35.1,314,1756
TLT261231P00076000,TLT,2026-12-31,91,P,76.0,-1.35,77.04000091552734,2.1,2.14,2.12,2.16,1.9,0.17151707397460939,-0.37525,0.05749,-0.01038,0.1459,1.8014,40.8,654,1591
TLT261231P00077000,TLT,2026-12-31,91,P,77.0,-0.05,77.04000091552734,2.52,2.56,2.54,2.57,1.6,0.16736672485351564,-0.43355,0.0611,-0.01002,0.15133,2.1724,46.7,157,1933
TLT261231P00078000,TLT,2026-12-31,91,P,78.0,1.25,77.04000091552734,3.0,3.1,3.05,3.17,3.3,0.16700051757812504,-0.4949,0.0621,-0.00961,0.15345,2.6592,52.8,15,3131
TLT261231P00079000,TLT,2026-12-31,91,P,79.0,2.54,77.04000091552734,3.6,3.7,3.65,3.6,2.7,0.1667563793945313,-0.5558,0.06158,-0.00888,0.15196,3.2084,58.8,4,1652
TLT261231P00080000,TLT,2026-12-31,91,P,80.0,3.84,77.04000091552734,4.3,4.35,4.325,4.28,1.2,0.16590189575195316,-0.61536,0.05988,-0.00779,0.147,3.8073,64.7,1,2991
TLT261231P00081000,TLT,2026-12-31,91,P,81.0,5.14,77.04000091552734,5.0,5.1,5.05,4.78,2.0,0.16858741577148442,-0.66818,0.05597,-0.0068,0.13961,4.512,69.8,119,1207
TLT261231P00082000,TLT,2026-12-31,91,P,82.0,6.44,77.04000091552734,5.75,5.9,5.825,5.76,2.6,0.17188328125000002,-0.71495,0.05135,-0.00572,0.13061,5.2706,74.3,5,4889
TLT261231P00083000,TLT,2026-12-31,91,P,83.0,7.74,77.04000091552734,6.45,6.85,6.65,6.35,6.0,0.18531088134765622,-0.74257,0.04527,-0.00569,0.12413,6.192,77.2,57,5461
TLT261231P00084000,TLT,2026-12-31,91,P,84.0,9.03,77.04000091552734,7.15,7.8,7.475,7.1,8.7,0.19751779052734375,-0.76625,0.04033,-0.00554,0.11786,7.1157,79.5,1,2892
TLT261231P00085000,TLT,2026-12-31,91,P,85.0,10.33,77.04000091552734,7.95,8.9,8.425,7.95,11.3,0.22266402343749997,-0.77008,0.03544,-0.00689,0.11678,8.2018,80.2,52,2860
TLT261231P00086000,TLT,2026-12-31,91,P,86.0,11.63,77.04000091552734,9.1,9.65,9.375,8.86,5.9,0.21363091064453127,-0.81182,0.03283,-0.00435,0.10377,8.9149,83.9,202,1946
TLT261231P00087000,TLT,2026-12-31,91,P,87.0,12.93,77.04000091552734,9.45,11.25,10.35,9.75,17.4,0.2854075366210937,-0.76175,0.0282,-0.01109,0.11911,10.5319,80.4,1,2590
TLT261231P00088000,TLT,2026-12-31,91,P,88.0,14.23,77.04000091552734,9.3,12.55,10.925,7.32,29.7,0.32691102783203124,-0.74926,0.02531,-0.01437,0.12243,11.8261,79.8,2,265
TLT261231P00089000,TLT,2026-12-31,91,P,89.0,15.52,77.04000091552734,10.25,13.55,11.9,10.27,27.7,0.34241380249023434,-0.75811,0.0237,-0.01479,0.12009,12.8095,80.8,4,200
TLT261231P00090000,TLT,2026-12-31,91,P,90.0,16.82,77.04000091552734,11.2,13.45,12.325,11.27,18.3,0.2436599072265625,-0.87185,0.02235,-0.00204,0.08057,12.6364,89.6,12,164
TLT261231P00091000,TLT,2026-12-31,91,P,91.0,18.12,77.04000091552734,7.95,10.45,9.2,8.81,27.2,1.0000000000000003e-05,-1.0,0.0,0.00987,0.0,13.057,100.0,5,81
TLT261231P00092000,TLT,2026-12-31,91,P,92.0,19.42,77.04000091552734,13.15,17.2,15.175,13.9,26.7,0.4422663195800781,-0.74152,0.01901,-0.02217,0.1244,16.4298,80.8,2,75
TLT261231P00093000,TLT,2026-12-31,91,P,93.0,20.72,77.04000091552734,14.6,17.7,16.15,14.95,19.2,0.41394629028320307,-0.77617,0.01878,-0.01776,0.11503,16.9024,83.3,122,176
TLT261231P00094000,TLT,2026-12-31,91,P,94.0,22.01,77.04000091552734,15.45,19.2,17.325,15.79,21.6,0.4713187634277344,-0.75346,0.0174,-0.02304,0.12133,18.3999,82.1,1,57
TLT261231P00095000,TLT,2026-12-31,91,P,95.0,23.31,77.04000091552734,16.15,20.15,18.15,16.75,22.0,0.4810842907714844,-0.76138,0.01675,-0.02296,0.11921,19.3345,82.9,53,126
TLT261231P00096000,TLT,2026-12-31,91,P,96.0,24.61,77.04000091552734,12.7,15.3,14.0,12.65,18.6,1.0000000000000003e-05,-1.0,0.0,0.01042,0.0,18.0074,100.0,1,101
TLT270115C00060000,TLT,2027-01-15,106,C,60.0,-22.12,77.04000091552734,15.2,18.5,16.85,16.45,19.6,0.4672904833984375,0.87794,0.01044,-0.02385,0.08405,19.0427,81.9,250,222
TLT270115C00062000,TLT,2027-01-15,106,C,62.0,-19.52,77.04000091552734,13.2,17.2,15.2,20.35,26.3,0.4935353381347657,0.83971,0.01189,-0.02869,0.10113,17.7184,76.6,45,0
TLT270115C00064000,TLT,2027-01-15,106,C,64.0,-16.93,77.04000091552734,11.3,14.8,13.05,18.35,26.8,0.41040628662109374,0.84173,0.01418,-0.02484,0.1003,15.3497,78.2,15,0
TLT270115C00065000,TLT,2027-01-15,106,C,65.0,-15.63,77.04000091552734,11.0,12.95,11.975,12.74,16.3,0.30383996948242187,0.88311,0.01557,-0.01765,0.08152,13.5658,84.8,66,63
TLT270115C00067000,TLT,2027-01-15,106,C,67.0,-13.03,77.04000091552734,9.1,11.65,10.375,13.93,24.6,0.3315496533203125,0.82533,0.0187,-0.02235,0.10689,12.2227,77.6,1,1
TLT270115C00069000,TLT,2027-01-15,106,C,69.0,-10.44,77.04000091552734,7.05,9.8,8.425,14.11,32.6,0.30054410400390624,0.79764,0.0226,-0.02219,0.11705,10.368,74.9,0,1
TLT270115C00070000,TLT,2027-01-15,106,C,70.0,-9.14,77.04000091552734,7.45,8.9,8.175,7.62,17.7,0.28613995117187496,0.7805,0.02489,-0.02212,0.12277,9.4631,73.2,5,996
TLT270115C00071000,TLT,2027-01-15,106,C,71.0,-7.84,77.04000091552734,4.8,7.0,5.9,10.87,37.3,0.1928791650390625,0.82874,0.03175,-0.01576,0.10556,7.6308,80.1,1,1
TLT270115C00072000,TLT,2027-01-15,106,C,72.0,-6.54,77.04000091552734,5.95,6.1,6.025,6.0,2.5,0.18091639404296872,0.80562,0.03664,-0.01581,0.11424,6.7189,77.8,1771,212
TLT270115C00073000,TLT,2027-01-15,106,C,73.0,-5.24,77.04000091552734,5.15,5.3,5.225,5.45,2.9,0.174812939453125,0.77101,0.04173,-0.01623,0.12575,5.8944,74.2,11,58
TLT270115C00074000,TLT,2027-01-15,106,C,74.0,-3.95,77.04000091552734,4.4,4.5,4.45,4.69,2.2,0.1662681030273438,0.73361,0.04758,-0.01633,0.13635,5.0678,70.3,68,722
TLT270115C00075000,TLT,2027-01-15,106,C,75.0,-2.65,77.04000091552734,3.85,3.95,3.9,3.78,2.6,0.17127293579101563,0.67823,0.05041,-0.01726,0.14881,4.4732,64.4,64,10341
TLT270115C00076000,TLT,2027-01-15,106,C,76.0,-1.35,77.04000091552734,3.15,3.25,3.2,3.2,3.1,0.1632163757324219,0.62952,0.05574,-0.01698,0.15682,3.7365,59.6,36,307
TLT270115C00077000,TLT,2027-01-15,106,C,77.0,-0.05,77.04000091552734,2.67,2.72,2.695,2.68,1.9,0.16223982299804687,0.57241,0.05825,-0.01695,0.16289,3.1604,53.8,176,1923
TLT270115C00078000,TLT,2027-01-15,106,C,78.0,1.25,77.04000091552734,2.18,2.22,2.2,2.2,1.8,0.1595543029785156,0.51359,0.06019,-0.01651,0.16553,2.6134,47.9,255,3605
TLT270115C00079000,TLT,2027-01-15,106,C,79.0,2.54,77.04000091552734,1.73,1.77,1.75,1.72,2.3,0.1563805065917969,0.45298,0.06102,-0.01572,0.16448,2.1165,42.0,82,15314
TLT270115C00080000,TLT,2027-01-15,106,C,80.0,3.84,77.04000091552734,1.39,1.42,1.405,1.41,2.1,0.15564809204101562,0.39395,0.05954,-0.01487,0.15974,1.7184,36.2,1374,67473
TLT270115C00081000,TLT,2027-01-15,106,C,81.0,5.14,77.04000091552734,1.08,1.12,1.1,1.08,3.6,0.15479360839843753,0.33727,0.05684,-0.01377,0.15165,1.3745,30.7,76,9174
TLT270115C00082000,TLT,2027-01-15,106,C,82.0,6.44,77.04000091552734,0.82,0.83,0.825,0.83,1.2,0.15076532836914067,0.27949,0.05373,-0.01218,0.13963,1.0391,25.3,321,28594
TLT270115C00083000,TLT,2027-01-15,106,C,83.0,7.74,77.04000091552734,0.63,0.66,0.645,0.63,4.7,0.1524742956542969,0.23441,0.04848,-0.01105,0.1274,0.8337,21.0,116,32044
TLT270115C00084000,TLT,2027-01-15,106,C,84.0,9.03,77.04000091552734,0.48,0.5,0.49,0.5,4.1,0.1519860192871094,0.19127,0.04318,-0.00965,0.11312,0.6406,17.0,24,14937
TLT270115C00085000,TLT,2027-01-15,106,C,85.0,10.33,77.04000091552734,0.37,0.39,0.38,0.38,5.3,0.15332877929687502,0.15671,0.0377,-0.00847,0.09965,0.5034,13.8,1048,129537
TLT270115C00086000,TLT,2027-01-15,106,C,86.0,11.63,77.04000091552734,0.28,0.3,0.29,0.3,6.9,0.15454947021484378,0.12716,0.03247,-0.00734,0.08649,0.3924,11.1,121,26122
TLT270115C00087000,TLT,2027-01-15,106,C,87.0,12.93,77.04000091552734,0.22,0.25,0.235,0.23,12.8,0.15869981933593752,0.10692,0.02796,-0.00659,0.07649,0.3264,9.2,6,33590
TLT270115C00088000,TLT,2027-01-15,106,C,88.0,14.23,77.04000091552734,0.18,0.19,0.185,0.18,5.4,0.1596763720703125,0.0857,0.02362,-0.00559,0.065,0.2521,7.3,5,22200
TLT270115C00089000,TLT,2027-01-15,106,C,89.0,15.52,77.04000091552734,0.14,0.15,0.145,0.15,6.9,0.16162947753906248,0.06945,0.01989,-0.00479,0.05541,0.199,5.9,218,11391
TLT270115C00090000,TLT,2027-01-15,106,C,90.0,16.82,77.04000091552734,0.12,0.14,0.13,0.12,15.4,0.16895362304687503,0.06244,0.01752,-0.00457,0.05102,0.1834,5.2,1391,145862
TLT270115C00091000,TLT,2027-01-15,106,C,91.0,18.12,77.04000091552734,0.1,0.12,0.11,0.13,18.2,0.1733481103515625,0.05352,0.01513,-0.00413,0.0452,0.1572,4.4,58,16393
TLT270115C00092000,TLT,2027-01-15,106,C,92.0,19.42,77.04000091552734,0.08,0.1,0.09,0.1,22.2,0.176766044921875,0.04519,0.01296,-0.00366,0.03949,0.1317,3.7,1,40658
TLT270115C00093000,TLT,2027-01-15,106,C,93.0,20.72,77.04000091552734,0.08,0.09,0.085,0.09,11.8,0.1821370849609375,0.04,0.01139,-0.0034,0.03577,0.1179,3.2,5,15018
TLT270115C00094000,TLT,2027-01-15,106,C,94.0,22.01,77.04000091552734,0.06,0.09,0.075,0.07,40.0,0.19043778320312502,0.03801,0.01046,-0.00339,0.03432,0.1161,3.0,6,8970
TLT270115C00095000,TLT,2027-01-15,106,C,95.0,23.31,77.04000091552734,0.06,0.08,0.07,0.07,28.6,0.195320546875,0.03379,0.00926,-0.00314,0.03116,0.104,2.7,586,76475
TLT270115C00096000,TLT,2027-01-15,106,C,96.0,24.61,77.04000091552734,0.05,0.08,0.065,0.07,46.2,0.20313296874999998,0.03222,0.00856,-0.00313,0.02997,0.1023,2.5,5,18818
TLT270115P00060000,TLT,2027-01-15,106,P,60.0,-22.12,77.04000091552734,0.07,0.08,0.075,0.08,13.3,0.23438265625,-0.01641,0.0042,-0.00173,0.01698,0.0597,2.2,182,27093
TLT270115P00061000,TLT,2027-01-15,106,P,61.0,-20.82,77.04000091552734,0.08,0.1,0.09,0.07,22.2,0.229499892578125,-0.02051,0.00519,-0.00204,0.02053,0.0751,2.7,1,172
TLT270115P00062000,TLT,2027-01-15,106,P,62.0,-19.52,77.04000091552734,0.1,0.12,0.11,0.09,18.2,0.22315229980468748,-0.02484,0.00627,-0.00232,0.02413,0.0906,3.3,11,18
TLT270115P00063000,TLT,2027-01-15,106,P,63.0,-18.22,77.04000091552734,0.12,0.14,0.13,0.11,15.4,0.215828154296875,-0.02953,0.00749,-0.00258,0.02788,0.1066,3.8,5,4
TLT270115P00064000,TLT,2027-01-15,106,P,64.0,-16.93,77.04000091552734,0.15,0.17,0.16,0.14,12.5,0.20948056152343747,-0.03577,0.00904,-0.00291,0.03266,0.1287,4.6,204,309
TLT270115P00065000,TLT,2027-01-15,106,P,65.0,-15.63,77.04000091552734,0.19,0.21,0.2,0.16,10.0,0.20410952148437497,-0.04404,0.01099,-0.00333,0.03868,0.1593,5.5,198,14442
TLT270115P00066000,TLT,2027-01-15,106,P,66.0,-14.33,77.04000091552734,0.23,0.25,0.24,0.24,8.3,0.19727365234375,-0.05291,0.01317,-0.0037,0.04479,0.1903,6.5,11,169
TLT270115P00067000,TLT,2027-01-15,106,P,67.0,-13.03,77.04000091552734,0.29,0.32,0.305,0.29,9.8,0.19361157958984376,-0.06658,0.01607,-0.00431,0.05363,0.2445,8.1,15,81
TLT270115P00068000,TLT,2027-01-15,106,P,68.0,-11.73,77.04000091552734,0.38,0.39,0.385,0.36,2.6,0.18799640136718748,-0.08116,0.01926,-0.00481,0.06239,0.3,9.7,16,696
TLT270115P00069000,TLT,2027-01-15,106,P,69.0,-10.44,77.04000091552734,0.46,0.49,0.475,0.5,6.3,0.18384605224609374,-0.1004,0.02306,-0.00545,0.07307,0.3786,11.9,4,252
TLT270115P00070000,TLT,2027-01-15,106,P,70.0,-9.14,77.04000091552734,0.61,0.63,0.62,0.64,3.2,0.18164880859375,-0.12578,0.02742,-0.00624,0.08584,0.4924,14.7,513,86140
TLT270115P00071000,TLT,2027-01-15,106,P,71.0,-7.84,77.04000091552734,0.77,0.8,0.785,0.75,3.8,0.17920742675781248,-0.1553,0.03207,-0.00699,0.09905,0.6308,17.9,2,1508
TLT270115P00072000,TLT,2027-01-15,106,P,72.0,-6.54,77.04000091552734,0.97,0.99,0.98,0.92,2.0,0.17554535400390625,-0.188,0.03699,-0.00759,0.11193,0.7866,21.5,10,322
TLT270115P00073000,TLT,2027-01-15,106,P,73.0,-5.24,77.04000091552734,1.21,1.23,1.22,1.2,1.6,0.17285983398437502,-0.22677,0.04198,-0.00817,0.12507,0.9868,25.6,49,10852
TLT270115P00074000,TLT,2027-01-15,106,P,74.0,-3.95,77.04000091552734,1.47,1.49,1.48,1.42,1.4,0.16846534667968754,-0.26868,0.04716,-0.00848,0.13694,1.2032,29.9,70,8729
TLT270115P00075000,TLT,2027-01-15,106,P,75.0,-2.65,77.04000091552734,1.8,1.82,1.81,1.82,1.1,0.1656577575683594,-0.31726,0.05181,-0.00872,0.14793,1.4837,35.0,151,52225
TLT270115P00076000,TLT,2027-01-15,106,P,76.0,-1.35,77.04000091552734,2.19,2.22,2.205,2.25,1.4,0.16394879028320314,-0.37089,0.05551,-0.0088,0.15688,1.8302,40.5,257,5245
TLT270115P00077000,TLT,2027-01-15,106,P,77.0,-0.05,77.04000091552734,2.66,2.69,2.675,2.76,1.1,0.16297223754882814,-0.42775,0.05799,-0.00867,0.1629,2.243,46.2,210,63405
TLT270115P00078000,TLT,2027-01-15,106,P,78.0,1.25,77.04000091552734,3.15,3.2,3.175,3.18,1.6,0.16089706298828127,-0.48624,0.05969,-0.00816,0.16553,2.6948,52.1,6,19989
TLT270115P00079000,TLT,2027-01-15,106,P,79.0,2.54,77.04000091552734,3.7,3.8,3.75,3.75,2.7,0.1607749938964844,-0.54481,0.05939,-0.00753,0.16458,3.2364,57.9,5,12168
TLT270115P00080000,TLT,2027-01-15,106,P,80.0,3.84,77.04000091552734,4.5,4.55,4.525,4.53,1.1,0.16687844848632816,-0.59681,0.05588,-0.00718,0.16073,3.9344,63.1,15,122568
TLT270115P00081000,TLT,2027-01-15,106,P,81.0,5.14,77.04000091552734,5.05,5.15,5.1,5.08,2.0,0.15979844116210937,-0.65693,0.05542,-0.00547,0.15264,4.4752,68.8,4,13127
TLT270115P00082000,TLT,2027-01-15,106,P,82.0,6.44,77.04000091552734,5.9,6.0,5.95,6.0,1.7,0.16687844848632816,-0.69835,0.05031,-0.00492,0.14471,5.2814,72.9,30,37332
TLT270115P00083000,TLT,2027-01-15,106,P,83.0,7.74,77.04000091552734,6.55,6.95,6.75,5.7,5.9,0.179695703125,-0.72612,0.04464,-0.00491,0.13825,6.1977,75.7,1,14043
TLT270115P00084000,TLT,2027-01-15,106,P,84.0,9.03,77.04000091552734,7.25,7.9,7.575,7.53,8.6,0.1914143359375,-0.74994,0.03999,-0.0048,0.13195,7.117,78.2,6,31873
TLT270115P00085000,TLT,2027-01-15,106,P,85.0,10.33,77.04000091552734,8.35,8.6,8.475,8.6,2.9,0.179695703125,-0.8015,0.03736,-0.00219,0.1157,7.7668,82.7,11,117065
TLT270115P00086000,TLT,2027-01-15,106,P,86.0,11.63,77.04000091552734,9.25,10.35,9.8,8.93,11.2,0.257819921875,-0.73852,0.03039,-0.00914,0.13506,9.5487,78.2,7,12366
TLT270115P00087000,TLT,2027-01-15,106,P,87.0,12.93,77.04000091552734,9.65,11.1,10.375,9.88,14.0,0.2523268127441406,-0.77057,0.02895,-0.00735,0.12589,10.2636,81.0,6,24560
TLT270115P00088000,TLT,2027-01-15,106,P,88.0,14.23,77.04000091552734,10.15,11.9,11.025,10.75,15.9,0.2485426708984375,-0.79937,0.02718,-0.00569,0.11645,11.0306,83.5,12,13531
TLT270115P00089000,TLT,2027-01-15,106,P,89.0,15.52,77.04000091552734,11.85,12.9,12.375,11.73,8.5,0.2617261328125,-0.80793,0.02514,-0.00586,0.11341,12.0119,84.4,27,3872
TLT270115P00090000,TLT,2027-01-15,106,P,90.0,16.82,77.04000091552734,12.55,13.45,13.0,13.25,6.9,0.22583781982421874,-0.86891,0.02269,-0.0007,0.08833,12.5061,89.3,728,50934
TLT270115P00091000,TLT,2027-01-15,106,P,91.0,18.12,77.04000091552734,13.0,14.55,13.775,13.66,11.3,0.24951922363281248,-0.86101,0.02138,-0.00206,0.09195,13.6002,88.9,2,9318
TLT270115P00092000,TLT,2027-01-15,106,P,92.0,19.42,77.04000091552734,14.7,15.55,15.125,15.0,5.6,0.260749580078125,-0.8665,0.0199,-0.00209,0.08945,14.5833,89.4,39,2659
TLT270115P00093000,TLT,2027-01-15,106,P,93.0,20.72,77.04000091552734,14.85,17.45,16.15,14.85,16.1,0.3626772717285156,-0.78992,0.01914,-0.01199,0.11968,16.5213,84.2,1,1902
TLT270115P00094000,TLT,2027-01-15,106,P,94.0,22.01,77.04000091552734,15.5,18.6,17.05,16.62,18.2,0.3881897119140625,-0.78553,0.0181,-0.01361,0.12113,17.6603,84.1,15,288
TLT270115P00095000,TLT,2027-01-15,106,P,95.0,23.31,77.04000091552734,16.15,20.1,18.125,17.58,21.8,0.44214425048828127,-0.76164,0.01687,-0.01829,0.12858,19.16,82.9,10,8502
TLT270115P00096000,TLT,2027-01-15,106,P,96.0,24.61,77.04000091552734,17.3,20.9,19.1,18.75,18.8,0.43848217773437503,-0.77751,0.01637,-0.01684,0.12372,19.9394,84.1,17,2906
TLT270219C00064000,TLT,2027-02-19,141,C,64.0,-16.93,77.04000091552734,11.3,15.0,13.15,19.71,28.1,0.3723207299804688,0.8374,0.01379,-0.02089,0.11773,15.7305,77.4,0,0
TLT270219C00065000,TLT,2027-02-19,141,C,65.0,-15.63,77.04000091552734,15.0,19.9,17.45,17.0,28.1,0.5893595751953126,0.75467,0.01115,-0.03588,0.15064,18.0331,62.7,5,0
TLT270219C00070000,TLT,2027-02-19,141,C,70.0,-9.14,77.04000091552734,6.55,9.1,7.825,11.9,32.6,0.26148199462890626,0.77816,0.02376,-0.0187,0.14246,9.8464,72.7,20,23
TLT270219C00072000,TLT,2027-02-19,141,C,72.0,-6.54,77.04000091552734,6.2,6.3,6.25,6.7,1.6,0.17054052124023442,0.79873,0.03441,-0.0141,0.13456,7.1115,76.8,1,6
TLT270219C00073000,TLT,2027-02-19,141,C,73.0,-5.24,77.04000091552734,5.4,5.5,5.45,5.45,1.8,0.1641929284667969,0.76739,0.03887,-0.01431,0.14631,6.2822,73.5,40,72
TLT270219C00074000,TLT,2027-02-19,141,C,74.0,-3.95,77.04000091552734,4.7,4.8,4.75,5.3,2.1,0.16187361572265624,0.72709,0.04289,-0.01467,0.15917,5.5436,69.3,54,291
TLT270219C00075000,TLT,2027-02-19,141,C,75.0,-2.65,77.04000091552734,4.05,4.15,4.1,4.35,2.4,0.1596763720703125,0.68287,0.0466,-0.01489,0.17059,4.8476,64.7,1,584
TLT270219C00076000,TLT,2027-02-19,141,C,76.0,-1.35,77.04000091552734,3.55,3.6,3.575,3.72,1.4,0.16028671752929688,0.63358,0.04904,-0.01513,0.18021,4.2466,59.6,10,83
TLT270219C00077000,TLT,2027-02-19,141,C,77.0,-0.05,77.04000091552734,3.0,3.05,3.025,3.0,1.7,0.15808947387695313,0.58382,0.05153,-0.015,0.18679,3.6445,54.5,2,389
TLT270219C00078000,TLT,2027-02-19,141,C,78.0,1.25,77.04000091552734,2.52,2.57,2.545,2.5,2.0,0.1568687829589844,0.53197,0.05294,-0.01474,0.19041,3.1103,49.3,51,1823
TLT270219C00079000,TLT,2027-02-19,141,C,79.0,2.54,77.04000091552734,2.08,2.13,2.105,2.11,2.4,0.1550377465820313,0.47919,0.05367,-0.01425,0.19076,2.6155,44.1,20,2045
TLT270219C00080000,TLT,2027-02-19,141,C,80.0,3.84,77.04000091552734,1.69,1.73,1.71,1.69,2.3,0.1524742956542969,0.42567,0.05369,-0.01351,0.1877,2.1583,38.9,9,2723
TLT270219C00081000,TLT,2027-02-19,141,C,81.0,5.14,77.04000091552734,1.38,1.41,1.395,1.39,2.2,0.15161981201171876,0.37418,0.05219,-0.01272,0.18144,1.7843,33.9,20,16587
TLT270219C00082000,TLT,2027-02-19,141,C,82.0,6.44,77.04000091552734,1.11,1.14,1.125,1.14,2.7,0.15100946655273442,0.3252,0.04979,-0.01182,0.17238,1.463,29.2,35,6771
TLT270219C00083000,TLT,2027-02-19,141,C,83.0,7.74,77.04000091552734,0.89,0.93,0.91,0.96,4.4,0.15174188110351564,0.28126,0.04643,-0.01093,0.16154,1.2085,25.0,95,7594
TLT270219C00084000,TLT,2027-02-19,141,C,84.0,9.03,77.04000091552734,0.71,0.74,0.725,0.73,4.1,0.15137567382812503,0.23947,0.04284,-0.0099,0.14867,0.9759,21.1,31,1687
TLT270219C00085000,TLT,2027-02-19,141,C,85.0,10.33,77.04000091552734,0.57,0.59,0.58,0.59,3.4,0.15161981201171876,0.20262,0.03886,-0.00889,0.1351,0.7885,17.7,7,2644
TLT270219C00086000,TLT,2027-02-19,141,C,86.0,11.63,77.04000091552734,0.45,0.49,0.47,0.47,8.5,0.15406119384765626,0.17367,0.03477,-0.0081,0.12283,0.6592,15.0,11,850
TLT270219C00087000,TLT,2027-02-19,141,C,87.0,12.93,77.04000091552734,0.37,0.4,0.385,0.38,7.8,0.15564809204101562,0.14716,0.03089,-0.00727,0.11022,0.542,12.6,1,4077
TLT270219C00088000,TLT,2027-02-19,141,C,88.0,14.23,77.04000091552734,0.3,0.33,0.315,0.31,9.5,0.1577232666015625,0.12503,0.02726,-0.00652,0.09858,0.4497,10.6,1,10732
TLT270219C00089000,TLT,2027-02-19,141,C,89.0,15.52,77.04000091552734,0.25,0.28,0.265,0.21,11.3,0.16089706298828127,0.10775,0.02405,-0.00593,0.08871,0.383,9.0,8,8720
TLT270219C00090000,TLT,2027-02-19,141,C,90.0,16.82,77.04000091552734,0.2,0.23,0.215,0.22,14.0,0.1626060302734375,0.09093,0.02102,-0.00525,0.07835,0.3158,7.5,133,25826
TLT270219C00091000,TLT,2027-02-19,141,C,91.0,18.12,77.04000091552734,0.17,0.2,0.185,0.19,16.2,0.16651224121093755,0.07955,0.01857,-0.00483,0.07088,0.2757,6.5,102,29155
TLT270219C00092000,TLT,2027-02-19,141,C,92.0,19.42,77.04000091552734,0.14,0.17,0.155,0.16,19.4,0.16919776123046876,0.06837,0.01628,-0.00434,0.06314,0.2343,5.6,3,9547
TLT270219C00093000,TLT,2027-02-19,141,C,93.0,20.72,77.04000091552734,0.12,0.15,0.135,0.14,22.2,0.17310397216796874,0.06027,0.01442,-0.004,0.05724,0.2067,4.8,21,13430
TLT270219C00094000,TLT,2027-02-19,141,C,94.0,22.01,77.04000091552734,0.11,0.14,0.125,0.12,24.0,0.178719150390625,0.05518,0.01303,-0.00383,0.0534,0.1924,4.4,1,9897
TLT270219C00095000,TLT,2027-02-19,141,C,95.0,23.31,77.04000091552734,0.1,0.12,0.11,0.12,18.2,0.18116053222656248,0.0477,0.01145,-0.00344,0.04756,0.1647,3.8,80,5863
TLT270219C00096000,TLT,2027-02-19,141,C,96.0,24.61,77.04000091552734,0.08,0.11,0.095,0.08,31.6,0.18555501953124998,0.04307,0.0103,-0.00323,0.04381,0.1498,3.4,7,1975
TLT270219P00060000,TLT,2027-02-19,141,P,60.0,-22.12,77.04000091552734,0.11,0.12,0.115,0.13,8.7,0.21826953613281247,-0.02146,0.00492,-0.00171,0.02461,0.0871,2.9,25,115
TLT270219P00061000,TLT,2027-02-19,141,P,61.0,-20.82,77.04000091552734,0.13,0.15,0.14,0.12,14.3,0.21436332519531248,-0.02651,0.00598,-0.002,0.02939,0.1086,3.6,213,10
TLT270219P00063000,TLT,2027-02-19,141,P,63.0,-18.22,77.04000091552734,0.18,0.21,0.195,0.16,15.4,0.20313296874999998,-0.03762,0.00843,-0.00249,0.03925,0.1533,4.9,210,20
TLT270219P00064000,TLT,2027-02-19,141,P,64.0,-16.93,77.04000091552734,0.23,0.25,0.24,0.16,8.3,0.19751779052734375,-0.04477,0.00998,-0.00277,0.0452,0.1821,5.8,100,104
TLT270219P00065000,TLT,2027-02-19,141,P,65.0,-15.63,77.04000091552734,0.28,0.31,0.295,0.23,10.2,0.19385571777343752,-0.05492,0.01197,-0.00317,0.0532,0.2266,7.0,25,568
TLT270219P00066000,TLT,2027-02-19,141,P,66.0,-14.33,77.04000091552734,0.35,0.38,0.365,0.26,8.2,0.18994950683593753,-0.06681,0.01424,-0.00358,0.06202,0.2793,8.3,2,104
TLT270219P00067000,TLT,2027-02-19,141,P,67.0,-13.03,77.04000091552734,0.42,0.44,0.43,0.45,4.7,0.18335777587890623,-0.07812,0.01663,-0.00385,0.06992,0.3242,9.6,55,40
TLT270219P00068000,TLT,2027-02-19,141,P,68.0,-11.73,77.04000091552734,0.52,0.55,0.535,0.55,5.6,0.180672255859375,-0.0959,0.01967,-0.00437,0.08149,0.4083,11.6,55,56
TLT270219P00069000,TLT,2027-02-19,141,P,69.0,-10.44,77.04000091552734,0.63,0.66,0.645,0.54,4.7,0.17591156127929689,-0.11428,0.02294,-0.00475,0.09253,0.4913,13.7,2,170
TLT270219P00070000,TLT,2027-02-19,141,P,70.0,-9.14,77.04000091552734,0.81,0.83,0.82,0.83,2.4,0.1744467321777344,-0.13994,0.02664,-0.00534,0.10655,0.6253,16.5,3,559
TLT270219P00071000,TLT,2027-02-19,141,P,71.0,-7.84,77.04000091552734,0.99,1.03,1.01,0.84,4.0,0.17273776489257814,-0.16901,0.03048,-0.00588,0.12072,0.7843,19.7,6,227
TLT270219P00072000,TLT,2027-02-19,141,P,72.0,-6.54,77.04000091552734,1.21,1.24,1.225,1.04,2.4,0.16931983032226564,-0.19979,0.03451,-0.00625,0.13397,0.9512,23.1,1303,1833
TLT270219P00073000,TLT,2027-02-19,141,P,73.0,-5.24,77.04000091552734,1.42,1.46,1.44,1.43,2.8,0.16443706665039062,-0.2329,0.03884,-0.00645,0.14641,1.1265,26.5,7,396
TLT270219P00074000,TLT,2027-02-19,141,P,74.0,-3.95,77.04000091552734,1.77,1.81,1.79,1.83,2.2,0.16492534301757814,-0.27601,0.04233,-0.00688,0.16006,1.4176,31.1,2,384
TLT270219P00075000,TLT,2027-02-19,141,P,75.0,-2.65,77.04000091552734,2.08,2.13,2.105,2.18,2.4,0.16089706298828127,-0.31815,0.0463,-0.00688,0.17082,1.6784,35.5,1514,718
TLT270219P00076000,TLT,2027-02-19,141,P,76.0,-1.35,77.04000091552734,2.52,2.57,2.545,2.6,2.0,0.1609580975341797,-0.3668,0.04885,-0.00697,0.18028,2.0534,40.5,892,1843
TLT270219P00077000,TLT,2027-02-19,141,P,77.0,-0.05,77.04000091552734,2.93,2.99,2.96,2.94,2.0,0.157234990234375,-0.41594,0.05181,-0.00664,0.18677,2.4079,45.4,215,21558
TLT270219P00078000,TLT,2027-02-19,141,P,78.0,1.25,77.04000091552734,3.55,3.6,3.575,3.47,1.4,0.1606529248046875,-0.46786,0.05169,-0.00657,0.1904,2.9463,50.8,12,9181
TLT270219P00079000,TLT,2027-02-19,141,P,79.0,2.54,77.04000091552734,3.95,4.05,4.0,3.7,2.5,0.15302360656738284,-0.52158,0.05437,-0.00558,0.19075,3.3257,55.9,235,908
TLT270219P00080000,TLT,2027-02-19,141,P,80.0,3.84,77.04000091552734,4.7,4.8,4.75,4.71,2.1,0.15869981933593752,-0.56995,0.05169,-0.00533,0.18808,4.0087,60.8,95,19578
TLT270219P00081000,TLT,2027-02-19,141,P,81.0,5.14,77.04000091552734,5.3,5.4,5.35,4.9,1.9,0.15357291748046875,-0.62382,0.05162,-0.00413,0.18175,4.5378,65.9,345,8934
TLT270219P00082000,TLT,2027-02-19,141,P,82.0,6.44,77.04000091552734,6.0,6.1,6.05,5.75,1.7,0.15125360473632815,-0.67449,0.04973,-0.00299,0.17245,5.1699,70.8,40,1907
TLT270219P00083000,TLT,2027-02-19,141,P,83.0,7.74,77.04000091552734,6.8,6.95,6.875,6.93,2.2,0.15601429931640626,-0.71247,0.04564,-0.00236,0.16325,5.9652,74.5,2,5547
TLT270219P00084000,TLT,2027-02-19,141,P,84.0,9.03,77.04000091552734,6.45,9.05,7.75,7.36,33.5,0.23938748901367185,-0.65655,0.03209,-0.00852,0.17612,8.1015,70.9,41,5543
TLT270219P00085000,TLT,2027-02-19,141,P,85.0,10.33,77.04000091552734,7.35,9.4,8.375,7.62,24.5,0.21363091064453127,-0.7115,0.03338,-0.00546,0.16351,8.3834,75.5,22,2359
TLT270219P00086000,TLT,2027-02-19,141,P,86.0,11.63,77.04000091552734,8.25,10.35,9.3,7.97,22.6,0.22376264526367184,-0.72922,0.0309,-0.00541,0.15855,9.2992,77.3,42,1571
TLT270219P00087000,TLT,2027-02-19,141,P,87.0,12.93,77.04000091552734,9.15,11.6,10.375,9.45,23.6,0.2536695727539063,-0.72385,0.02753,-0.00714,0.1601,10.5374,77.4,1,6566
TLT270219P00088000,TLT,2027-02-19,141,P,88.0,14.23,77.04000091552734,9.35,11.6,10.475,10.6,21.5,0.19031571411132814,-0.82503,0.02828,-0.00022,0.12342,10.4244,85.4,51,937
TLT270219P00089000,TLT,2027-02-19,141,P,89.0,15.52,77.04000091552734,10.3,13.9,12.1,9.35,29.8,0.29932341308593746,-0.72562,0.02325,-0.00941,0.15959,12.8014,78.4,1,191
TLT270219P00090000,TLT,2027-02-19,141,P,90.0,16.82,77.04000091552734,11.25,14.85,13.05,12.25,27.6,0.30847859497070307,-0.73712,0.02208,-0.00936,0.1562,13.7237,79.6,189,259
TLT270219P00091000,TLT,2027-02-19,141,P,91.0,18.12,77.04000091552734,12.25,15.8,14.025,9.88,25.3,0.3171455004882812,-0.7479,0.02102,-0.00927,0.15283,14.6465,80.6,2,218
TLT270219P00092000,TLT,2027-02-19,141,P,92.0,19.42,77.04000091552734,13.2,17.2,15.2,10.05,26.3,0.35608554077148435,-0.73282,0.01929,-0.01194,0.15749,16.0419,80.0,1,37
TLT270219P00093000,TLT,2027-02-19,141,P,93.0,20.72,77.04000091552734,14.2,18.15,16.175,11.0,24.4,0.3645083081054688,-0.74201,0.01851,-0.01187,0.15469,16.966,81.0,2,207
TLT270219P00094000,TLT,2027-02-19,141,P,94.0,22.01,77.04000091552734,15.15,19.15,17.15,15.83,23.3,0.3761048718261719,-0.74799,0.01772,-0.0121,0.15281,17.9449,81.6,5,15
TLT270219P00095000,TLT,2027-02-19,141,P,95.0,23.31,77.04000091552734,16.15,20.1,18.125,17.75,21.8,0.3839172937011719,-0.7562,0.01706,-0.01199,0.15013,18.8712,82.5,29,155
TLT270219P00096000,TLT,2027-02-19,141,P,96.0,24.61,77.04000091552734,12.75,15.3,14.025,12.74,18.2,1.0000000000000003e-05,-1.0,0.0,0.01036,0.0,17.488,100.0,1,4
TLT270319C00060000,TLT,2027-03-19,169,C,60.0,-22.12,77.04000091552734,15.2,19.2,17.2,18.35,23.3,0.4288387194824219,0.8568,0.01005,-0.02007,0.11848,20.0308,78.1,2,5
TLT270319C00065000,TLT,2027-03-19,169,C,65.0,-15.63,77.04000091552734,11.1,13.65,12.375,16.65,20.6,0.2971261694335937,0.84925,0.01502,-0.01635,0.12263,14.5702,79.7,2,1
TLT270319C00070000,TLT,2027-03-19,169,C,70.0,-9.14,77.04000091552734,7.85,8.0,7.925,8.07,1.9,0.16858741577148442,0.8541,0.0259,-0.01221,0.11998,9.0234,82.6,16,49
TLT270319C00071000,TLT,2027-03-19,169,C,71.0,-7.84,77.04000091552734,7.05,7.2,7.125,7.7,2.1,0.16614603393554692,0.82704,0.02938,-0.01268,0.13413,8.1956,79.7,1,30
TLT270319C00072000,TLT,2027-03-19,169,C,72.0,-6.54,77.04000091552734,6.3,6.45,6.375,6.4,2.4,0.16480327392578126,0.79519,0.03287,-0.01316,0.14886,7.4114,76.2,7,98
TLT270319C00073000,TLT,2027-03-19,169,C,73.0,-5.24,77.04000091552734,5.6,5.7,5.65,6.6,1.8,0.16126327026367188,0.76255,0.03656,-0.01344,0.16202,6.6251,72.7,0,1
TLT270319C00074000,TLT,2027-03-19,169,C,74.0,-3.95,77.04000091552734,4.95,5.05,5.0,5.15,2.0,0.16101913208007812,0.72283,0.03968,-0.01382,0.17559,5.9276,68.5,101,228
TLT270319C00075000,TLT,2027-03-19,169,C,75.0,-2.65,77.04000091552734,4.3,4.35,4.325,4.35,1.2,0.1559532647705078,0.68456,0.04348,-0.01381,0.18633,5.1823,64.6,22,801
TLT270319C00076000,TLT,2027-03-19,169,C,76.0,-1.35,77.04000091552734,3.7,3.8,3.75,3.79,2.7,0.15613636840820314,0.63884,0.04576,-0.01396,0.19634,4.575,59.8,2,223
TLT270319C00077000,TLT,2027-03-19,169,C,77.0,-0.05,77.04000091552734,3.2,3.25,3.225,3.28,1.6,0.15406119384765626,0.59252,0.04806,-0.01384,0.20348,3.969,55.1,36,371
TLT270319C00078000,TLT,2027-03-19,169,C,78.0,1.25,77.04000091552734,2.73,2.79,2.76,2.72,2.2,0.15387809020996096,0.54418,0.04915,-0.01368,0.20785,3.448,50.2,48,4103
TLT270319C00079000,TLT,2027-03-19,169,C,79.0,2.54,77.04000091552734,2.29,2.35,2.32,2.3,2.6,0.15235222656250003,0.49527,0.04995,-0.01328,0.20912,2.9466,45.4,7,1180
TLT270319C00080000,TLT,2027-03-19,169,C,80.0,3.84,77.04000091552734,1.92,1.96,1.94,1.9,2.1,0.150948432006836,0.44615,0.04996,-0.01275,0.20723,2.4954,40.6,292,12464
TLT270319C00081000,TLT,2027-03-19,169,C,81.0,5.14,77.04000091552734,1.59,1.63,1.61,1.6,2.5,0.15027705200195315,0.39823,0.04898,-0.01213,0.20229,2.1061,35.9,24,10204
TLT270319C00082000,TLT,2027-03-19,169,C,82.0,6.44,77.04000091552734,1.29,1.33,1.31,1.3,3.1,0.14881222290039062,0.35099,0.04753,-0.01133,0.19437,1.7466,31.4,6,10918
TLT270319C00083000,TLT,2027-03-19,169,C,83.0,7.74,77.04000091552734,1.05,1.09,1.07,1.07,3.7,0.148446015625,0.30718,0.04515,-0.01052,0.1842,1.4519,27.3,28,4384
TLT270319C00084000,TLT,2027-03-19,169,C,84.0,9.03,77.04000091552734,0.87,0.91,0.89,0.89,4.5,0.14978877563476564,0.26897,0.04203,-0.0098,0.173,1.2263,23.6,250,2379
TLT270319C00085000,TLT,2027-03-19,169,C,85.0,10.33,77.04000091552734,0.73,0.76,0.745,0.74,4.0,0.1511315356445313,0.23434,0.03873,-0.00906,0.16084,1.0329,20.4,1051,12727
TLT270319C00086000,TLT,2027-03-19,169,C,86.0,11.63,77.04000091552734,0.6,0.63,0.615,0.64,4.9,0.15235222656250003,0.20304,0.03537,-0.00829,0.14809,0.866,17.5,12,5703
TLT270319C00087000,TLT,2027-03-19,169,C,87.0,12.93,77.04000091552734,0.49,0.53,0.51,0.53,7.8,0.15430533203125002,0.17642,0.03203,-0.00761,0.13583,0.7342,15.1,5,14191
TLT270319C00088000,TLT,2027-03-19,169,C,88.0,14.23,77.04000091552734,0.42,0.44,0.43,0.45,4.7,0.15552602294921875,0.15175,0.02882,-0.00688,0.12317,0.6134,12.8,54,9511
TLT270319C00089000,TLT,2027-03-19,169,C,89.0,15.52,77.04000091552734,0.35,0.38,0.365,0.36,8.2,0.15869981933593752,0.13331,0.02587,-0.00637,0.11284,0.5334,11.1,6,2865
TLT270319C00090000,TLT,2027-03-19,169,C,90.0,16.82,77.04000091552734,0.3,0.33,0.315,0.31,9.5,0.16162947753906248,0.11695,0.02318,-0.00586,0.10298,0.463,9.7,10,24916
TLT270319C00091000,TLT,2027-03-19,169,C,91.0,18.12,77.04000091552734,0.25,0.28,0.265,0.27,11.3,0.16358258300781253,0.10132,0.02066,-0.00531,0.09288,0.3941,8.3,6,6890
TLT270319C00092000,TLT,2027-03-19,169,C,92.0,19.42,77.04000091552734,0.21,0.25,0.23,0.2,17.4,0.16748879394531252,0.09051,0.01857,-0.00496,0.08548,0.3523,7.3,25,12203
TLT270319C00093000,TLT,2027-03-19,169,C,93.0,20.72,77.04000091552734,0.19,0.22,0.205,0.21,14.6,0.1706625903320313,0.0802,0.01665,-0.00459,0.07808,0.3108,6.4,15,15769
TLT270319C00094000,TLT,2027-03-19,169,C,94.0,22.01,77.04000091552734,0.16,0.19,0.175,0.2,17.1,0.17285983398437502,0.07006,0.01483,-0.00416,0.07043,0.2684,5.6,36,2623
TLT270319C00095000,TLT,2027-03-19,169,C,95.0,23.31,77.04000091552734,0.15,0.18,0.165,0.16,18.2,0.1782308740234375,0.06495,0.01356,-0.00402,0.06643,0.2529,5.1,1,2653
TLT270319C00096000,TLT,2027-03-19,169,C,96.0,24.61,77.04000091552734,0.13,0.16,0.145,0.14,20.7,0.18116053222656248,0.05786,0.01219,-0.00372,0.06069,0.2246,4.5,50,1709
TLT270319P00060000,TLT,2027-03-19,169,P,60.0,-22.12,77.04000091552734,0.14,0.17,0.155,0.15,19.4,0.2124102197265625,-0.02681,0.00556,-0.0018,0.03248,0.1198,3.7,202,1899
TLT270319P00065000,TLT,2027-03-19,169,P,65.0,-15.63,77.04000091552734,0.36,0.38,0.37,0.38,5.4,0.186531572265625,-0.06078,0.01231,-0.00294,0.06308,0.2696,7.8,20,3188
TLT270319P00069000,TLT,2027-03-19,169,P,69.0,-10.44,77.04000091552734,0.8,0.82,0.81,0.72,2.5,0.17371431762695314,-0.12544,0.02266,-0.00444,0.10818,0.598,15.2,1,288
TLT270319P00070000,TLT,2027-03-19,169,P,70.0,-9.14,77.04000091552734,0.94,0.97,0.955,0.98,3.1,0.1695639685058594,-0.14714,0.0259,-0.00473,0.12067,0.7106,17.5,26,2624
TLT270319P00071000,TLT,2027-03-19,169,P,71.0,-7.84,77.04000091552734,1.17,1.2,1.185,1.01,2.5,0.16895362304687503,-0.17651,0.02926,-0.0052,0.13587,0.8906,20.8,424,488
TLT270319P00072000,TLT,2027-03-19,169,P,72.0,-6.54,77.04000091552734,1.38,1.41,1.395,1.36,2.2,0.16492534301757814,-0.20496,0.03286,-0.00542,0.14893,1.052,23.8,20,1652
TLT270319P00073000,TLT,2027-03-19,169,P,73.0,-5.24,77.04000091552734,1.66,1.69,1.675,1.44,1.8,0.16309430664062502,-0.23955,0.03632,-0.00569,0.1628,1.2753,27.5,90,203
TLT270319P00074000,TLT,2027-03-19,169,P,74.0,-3.95,77.04000091552734,1.94,1.98,1.96,1.93,2.0,0.1595543029785156,-0.27569,0.03994,-0.00577,0.17513,1.504,31.3,5,398
TLT270319P00075000,TLT,2027-03-19,169,P,75.0,-2.65,77.04000091552734,2.33,2.36,2.345,2.34,1.3,0.15857775024414064,-0.31764,0.04288,-0.00589,0.18688,1.815,35.7,245,4864
TLT270319P00076000,TLT,2027-03-19,169,P,76.0,-1.35,77.04000091552734,2.73,2.74,2.735,2.75,0.4,0.1554039538574219,-0.36072,0.04595,-0.00574,0.19625,2.126,40.1,104,1566
TLT270319P00077000,TLT,2027-03-19,169,P,77.0,-0.05,77.04000091552734,3.2,3.3,3.25,3.15,3.1,0.15845568115234376,-0.40885,0.04677,-0.00581,0.20365,2.6055,45.1,64,47310
TLT270319P00078000,TLT,2027-03-19,169,P,78.0,1.25,77.04000091552734,3.65,3.7,3.675,3.61,1.4,0.15161981201171876,-0.45578,0.04988,-0.00515,0.20785,2.9297,49.7,1,11871
TLT270319P00079000,TLT,2027-03-19,169,P,79.0,2.54,77.04000091552734,4.25,4.3,4.275,4.01,1.2,0.15204705383300782,-0.50482,0.05005,-0.00477,0.20912,3.4506,54.6,32,6002
TLT270319P00080000,TLT,2027-03-19,169,P,80.0,3.84,77.04000091552734,4.95,5.0,4.975,4.88,1.0,0.15515981567382814,-0.55128,0.04864,-0.00442,0.2074,4.0747,59.3,28,37179
TLT270319P00081000,TLT,2027-03-19,169,P,81.0,5.14,77.04000091552734,5.5,5.6,5.55,5.6,1.8,0.150948432006836,-0.60115,0.04879,-0.00346,0.20237,4.5934,64.0,3,6064
TLT270319P00082000,TLT,2027-03-19,169,P,82.0,6.44,77.04000091552734,6.15,6.25,6.2,5.9,1.6,0.14673704833984375,-0.65154,0.04807,-0.00235,0.19386,5.1616,68.8,718,16230
TLT270319P00083000,TLT,2027-03-19,169,P,83.0,7.74,77.04000091552734,7.0,7.1,7.05,7.18,1.4,0.15174188110351564,-0.68818,0.04446,-0.00186,0.18541,5.9497,72.4,809,3568
TLT270319P00084000,TLT,2027-03-19,169,P,84.0,9.03,77.04000091552734,7.75,7.85,7.8,7.15,1.3,0.14869015380859374,-0.73277,0.0422,-0.00067,0.17243,6.6259,76.5,40,4007
TLT270319P00085000,TLT,2027-03-19,169,P,85.0,10.33,77.04000091552734,7.45,9.85,8.65,7.96,27.7,0.22132126342773437,-0.67531,0.03101,-0.0057,0.1886,8.6756,72.7,60,900
TLT270319P00086000,TLT,2027-03-19,169,P,86.0,11.63,77.04000091552734,8.3,10.9,9.6,8.99,27.1,0.23706817626953125,-0.68672,0.02852,-0.00617,0.18579,9.6915,74.1,6,11594
TLT270319P00087000,TLT,2027-03-19,169,P,87.0,12.93,77.04000091552734,9.45,11.05,10.25,10.25,15.6,0.19690744506835936,-0.75873,0.0302,-0.00205,0.16344,9.7406,79.8,8,1422
TLT270319P00088000,TLT,2027-03-19,169,P,88.0,14.23,77.04000091552734,10.15,12.3,11.225,9.78,19.2,0.22473919799804684,-0.74928,0.02701,-0.00356,0.16684,10.9825,79.5,26,2502
TLT270319P00089000,TLT,2027-03-19,169,P,89.0,15.52,77.04000091552734,11.05,13.55,12.3,10.34,20.3,0.25196060546875,-0.7415,0.02448,-0.00504,0.16953,12.2203,79.4,5,1096
TLT270319P00090000,TLT,2027-03-19,169,P,90.0,16.82,77.04000091552734,12.8,13.6,13.2,13.43,6.1,0.19336744140625,-0.83526,0.02446,0.00095,0.13,12.1434,86.6,10,753
TLT270319P00091000,TLT,2027-03-19,169,P,91.0,18.12,77.04000091552734,0.0,0.0,9.29,9.29,,1.0000000000000003e-05,-1.0,0.0,0.00979,0.0,12.2901,100.0,370,0
TLT270319P00092000,TLT,2027-03-19,169,P,92.0,19.42,77.04000091552734,13.95,16.55,15.25,13.1,17.0,0.28443098388671867,-0.76561,0.02058,-0.00541,0.16086,15.1356,82.1,2,357
TLT270319P00093000,TLT,2027-03-19,169,P,93.0,20.72,77.04000091552734,14.9,17.55,16.225,12.39,16.3,0.2946847875976562,-0.77226,0.01955,-0.00552,0.1583,16.1086,82.8,8,286
TLT270319P00094000,TLT,2027-03-19,169,P,94.0,22.01,77.04000091552734,15.2,19.15,17.175,15.2,23.0,0.3437565625,-0.7436,0.01787,-0.00895,0.16881,17.7175,81.3,100,18
TLT270319P00095000,TLT,2027-03-19,169,P,95.0,23.31,77.04000091552734,16.15,20.15,18.15,14.96,22.0,0.3540103662109374,-0.7494,0.01715,-0.00909,0.1668,18.6908,82.0,30,145
TLT270319P00096000,TLT,2027-03-19,169,P,96.0,24.61,77.04000091552734,0.0,0.0,11.27,11.27,,1.0000000000000003e-05,-1.0,0.0,0.01033,0.0,17.1984,100.0,0,0
TLT270331C00065000,TLT,2027-03-31,181,C,65.0,-15.63,77.04000091552734,11.1,14.4,12.75,13.57,25.9,0.33814138427734375,0.82017,0.0143,-0.01853,0.14227,15.3245,75.1,2,5
TLT270331C00070000,TLT,2027-03-31,181,C,70.0,-9.14,77.04000091552734,7.95,8.15,8.05,8.05,2.5,0.1729819030761719,0.84386,0.02552,-0.01232,0.1299,9.2255,81.3,1,124
TLT270331C00072000,TLT,2027-03-31,181,C,72.0,-6.54,77.04000091552734,6.5,6.6,6.55,6.83,1.5,0.16773293212890628,0.78809,0.03184,-0.0131,0.15719,7.6138,75.2,1,34
TLT270331C00073000,TLT,2027-03-31,181,C,73.0,-5.24,77.04000091552734,5.65,5.8,5.725,6.22,2.6,0.161141201171875,0.75998,0.03556,-0.01318,0.16866,6.7828,72.3,1,150
TLT270331C00074000,TLT,2027-03-31,181,C,74.0,-3.95,77.04000091552734,5.1,5.2,5.15,6.68,1.9,0.16309430664062502,0.71927,0.03809,-0.01364,0.18285,6.1295,67.9,2,32
TLT270331C00075000,TLT,2027-03-31,181,C,75.0,-2.65,77.04000091552734,4.4,4.45,4.425,4.52,1.1,0.15552602294921875,0.68471,0.04212,-0.01348,0.1928,5.3379,64.5,30,99
TLT270331C00076000,TLT,2027-03-31,181,C,76.0,-1.35,77.04000091552734,3.9,3.95,3.925,4.0,1.3,0.15796740478515625,0.63912,0.04369,-0.01374,0.20313,4.7777,59.7,2,44
TLT270331C00077000,TLT,2027-03-31,181,C,77.0,-0.05,77.04000091552734,3.35,3.45,3.4,3.38,2.9,0.15808947387695313,0.59426,0.04521,-0.01374,0.21036,4.2178,55.1,2,87
TLT270331C00078000,TLT,2027-03-31,181,C,78.0,1.25,77.04000091552734,2.83,2.88,2.855,2.86,1.8,0.15284050292968754,0.54897,0.04775,-0.01331,0.2148,3.5879,50.6,5,871
TLT270331C00079000,TLT,2027-03-31,181,C,79.0,2.54,77.04000091552734,2.39,2.44,2.415,2.4,2.1,0.1514977429199219,0.50151,0.04854,-0.01295,0.21643,3.0858,45.9,2,1667
TLT270331C00080000,TLT,2027-03-31,181,C,80.0,3.84,77.04000091552734,2.03,2.08,2.055,2.05,2.4,0.15161981201171876,0.45464,0.04819,-0.01255,0.21503,2.6613,41.3,7,1110
TLT270331C00081000,TLT,2027-03-31,181,C,81.0,5.14,77.04000091552734,1.68,1.73,1.705,1.7,2.9,0.15027705200195315,0.40776,0.04762,-0.01194,0.21062,2.2505,36.7,5,393
TLT270331C00082000,TLT,2027-03-31,181,C,82.0,6.44,77.04000091552734,1.39,1.43,1.41,1.49,2.8,0.14917843017578125,0.36219,0.04632,-0.01123,0.20339,1.8893,32.4,174,813
TLT270331C00083000,TLT,2027-03-31,181,C,83.0,7.74,77.04000091552734,1.14,1.19,1.165,1.18,4.3,0.14930049926757813,0.32006,0.04415,-0.01053,0.19402,1.5944,28.3,10,1341
TLT270331C00084000,TLT,2027-03-31,181,C,84.0,9.03,77.04000091552734,0.95,0.99,0.97,0.96,4.1,0.14966670654296876,0.28104,0.04153,-0.00979,0.18295,1.3417,24.7,2,1852
TLT270331C00085000,TLT,2027-03-31,181,C,85.0,10.33,77.04000091552734,0.79,0.83,0.81,0.83,4.9,0.15088739746093754,0.24649,0.03853,-0.00909,0.1711,1.1377,21.4,22,2462
TLT270331C00086000,TLT,2027-03-31,181,C,86.0,11.63,77.04000091552734,0.66,0.69,0.675,0.68,4.4,0.15174188110351564,0.2146,0.03545,-0.00834,0.15834,0.9565,18.5,1,1459
TLT270331C00087000,TLT,2027-03-31,181,C,87.0,12.93,77.04000091552734,0.56,0.59,0.575,0.58,5.2,0.15406119384765626,0.18845,0.0323,-0.00773,0.14648,0.8228,16.1,215,963
TLT270331C00088000,TLT,2027-03-31,181,C,88.0,14.23,77.04000091552734,0.46,0.5,0.48,0.48,8.3,0.15589223022460938,0.16452,0.0293,-0.0071,0.13441,0.702,13.9,5,8276
TLT270331C00089000,TLT,2027-03-31,181,C,89.0,15.52,77.04000091552734,0.39,0.43,0.41,0.42,9.8,0.15833361206054689,0.14442,0.02646,-0.00655,0.12332,0.6066,12.1,3,3764
TLT270331C00090000,TLT,2027-03-31,181,C,90.0,16.82,77.04000091552734,0.34,0.37,0.355,0.34,8.5,0.1606529248046875,0.12663,0.02383,-0.00601,0.11269,0.5237,10.5,925,45032
TLT270331C00091000,TLT,2027-03-31,181,C,91.0,18.12,77.04000091552734,0.29,0.32,0.305,0.3,9.8,0.16309430664062502,0.11125,0.02143,-0.00552,0.10284,0.4543,9.1,41,2091
TLT270331C00092000,TLT,2027-03-31,181,C,92.0,19.42,77.04000091552734,0.25,0.28,0.265,0.29,11.3,0.16602396484375004,0.09856,0.01928,-0.00511,0.09421,0.3996,8.0,22,3885
TLT270331C00093000,TLT,2027-03-31,181,C,93.0,20.72,77.04000091552734,0.21,0.25,0.23,0.26,17.4,0.1694418994140625,0.08819,0.0174,-0.00477,0.08678,0.3569,7.1,12,893
TLT270331C00094000,TLT,2027-03-31,181,C,94.0,22.01,77.04000091552734,0.19,0.21,0.2,0.23,10.0,0.17041845214843754,0.07597,0.01546,-0.00426,0.07755,0.3009,6.0,5,204
TLT270331C00095000,TLT,2027-03-31,181,C,95.0,23.31,77.04000091552734,0.17,0.19,0.18,0.18,11.1,0.17408052490234377,0.0686,0.014,-0.004,0.07171,0.2724,5.4,10,369
TLT270331C00096000,TLT,2027-03-31,181,C,96.0,24.61,77.04000091552734,0.15,0.18,0.165,0.18,18.2,0.17920742675781248,0.06385,0.01286,-0.00387,0.06784,0.2575,5.0,1000,1066
TLT270331P00065000,TLT,2027-03-31,181,P,65.0,-15.63,77.04000091552734,0.38,0.4,0.39,0.41,5.1,0.18262536132812499,-0.06179,0.0123,-0.00278,0.06613,0.2787,7.9,108,983
TLT270331P00070000,TLT,2027-03-31,181,P,70.0,-9.14,77.04000091552734,1.0,1.04,1.02,0.92,3.9,0.16858741577148442,-0.15065,0.02557,-0.00455,0.12686,0.7543,18.0,10,128
TLT270331P00072000,TLT,2027-03-31,181,P,72.0,-6.54,77.04000091552734,1.43,1.48,1.455,1.26,3.4,0.16346051391601565,-0.20678,0.0322,-0.00513,0.15493,1.093,24.1,2525,2612
TLT270331P00073000,TLT,2027-03-31,181,P,73.0,-5.24,77.04000091552734,1.7,1.75,1.725,1.63,2.9,0.1607749938964844,-0.2396,0.03561,-0.00532,0.1685,1.3029,27.6,1,88
TLT270331P00074000,TLT,2027-03-31,181,P,74.0,-3.95,77.04000091552734,2.02,2.07,2.045,2.04,2.4,0.1588218884277344,-0.27651,0.03883,-0.00546,0.18151,1.5583,31.5,6,82
TLT270331P00075000,TLT,2027-03-31,181,P,75.0,-2.65,77.04000091552734,2.38,2.43,2.405,2.19,2.1,0.15662464477539065,-0.31622,0.04188,-0.00548,0.19304,1.8461,35.6,38,5486
TLT270331P00076000,TLT,2027-03-31,181,P,76.0,-1.35,77.04000091552734,2.79,2.84,2.815,2.43,1.8,0.15479360839843753,-0.35899,0.04451,-0.0054,0.20277,2.1807,40.0,3,475
TLT270331P00077000,TLT,2027-03-31,181,P,77.0,-0.05,77.04000091552734,3.2,3.25,3.225,3.33,1.6,0.15088739746093754,-0.40335,0.0473,-0.00507,0.21005,2.5142,44.5,2,355
TLT270331P00078000,TLT,2027-03-31,181,P,78.0,1.25,77.04000091552734,3.75,3.85,3.8,3.85,2.6,0.1534508483886719,-0.45106,0.04756,-0.00497,0.2148,3.0291,49.4,2,111
TLT270331P00079000,TLT,2027-03-31,181,P,79.0,2.54,77.04000091552734,4.3,4.4,4.35,4.01,2.3,0.15161981201171876,-0.49846,0.0485,-0.00447,0.21643,3.4969,54.1,12,407
TLT270331P00080000,TLT,2027-03-31,181,P,80.0,3.84,77.04000091552734,4.9,5.0,4.95,4.95,2.0,0.14991084472656252,-0.54636,0.04872,-0.00385,0.21497,4.0134,58.8,4,1308
TLT270331P00081000,TLT,2027-03-31,181,P,81.0,5.14,77.04000091552734,5.5,5.6,5.55,4.8,1.8,0.1458825646972656,-0.59618,0.04894,-0.00294,0.21011,4.5272,63.5,485,15038
TLT270331P00082000,TLT,2027-03-31,181,P,82.0,6.44,77.04000091552734,6.3,6.4,6.35,6.22,1.6,0.14991084472656252,-0.63697,0.04613,-0.00248,0.20355,5.2537,67.6,5,3525
TLT270331P00083000,TLT,2027-03-31,181,P,83.0,7.74,77.04000091552734,7.0,7.1,7.05,5.89,1.4,0.14661497924804687,-0.68367,0.04474,-0.0014,0.19307,5.8723,71.9,4,594
TLT270331P00084000,TLT,2027-03-31,181,P,84.0,9.03,77.04000091552734,7.95,8.1,8.025,6.54,1.9,0.15906602661132813,-0.70508,0.03998,-0.00152,0.18716,6.8259,74.3,6,197
TLT270331P00085000,TLT,2027-03-31,181,P,85.0,10.33,77.04000091552734,7.45,10.05,8.75,7.35,29.7,0.22467816345214842,-0.66166,0.03,-0.00576,0.19841,8.8093,71.7,5,91
TLT270331P00086000,TLT,2027-03-31,181,P,86.0,11.63,77.04000091552734,8.35,10.9,9.625,8.24,26.5,0.2291336853027344,-0.68377,0.02862,-0.00539,0.19304,9.6105,73.9,10,229
TLT270331P00087000,TLT,2027-03-31,181,P,87.0,12.93,77.04000091552734,9.25,11.7,10.475,9.14,23.4,0.2298660998535156,-0.70803,0.02754,-0.00472,0.18629,10.3597,76.1,11,89
TLT270331P00088000,TLT,2027-03-31,181,P,88.0,14.23,77.04000091552734,9.45,12.6,11.025,10.01,28.6,0.23548127807617186,-0.72561,0.02609,-0.00441,0.18082,11.2173,77.8,7,11
TLT270331P00089000,TLT,2027-03-31,181,P,89.0,15.52,77.04000091552734,10.4,13.65,12.025,10.9,27.0,0.24964129272460936,-0.73243,0.0243,-0.00479,0.17857,12.2389,78.7,9,19
TLT270331P00090000,TLT,2027-03-31,181,P,90.0,16.82,77.04000091552734,11.35,15.3,13.325,11.91,29.6,0.29846892944335934,-0.70551,0.02129,-0.00794,0.18704,13.8972,77.4,6,19
TLT270331P00091000,TLT,2027-03-31,181,P,91.0,18.12,77.04000091552734,8.95,9.4,9.175,8.75,4.9,1.0000000000000003e-05,-1.0,0.0,0.00978,0.0,12.1727,100.0,1,6
TLT270331P00092000,TLT,2027-03-31,181,P,92.0,19.42,77.04000091552734,13.2,17.25,15.225,10.55,26.6,0.3175117077636719,-0.72347,0.01942,-0.00808,0.18151,15.7843,79.3,2,2
TLT270331P00093000,TLT,2027-03-31,181,P,93.0,20.72,77.04000091552734,14.2,18.25,16.225,14.69,25.0,0.3280096496582031,-0.73031,0.01857,-0.00824,0.17928,16.755,80.1,40,54
TLT270331P00094000,TLT,2027-03-31,181,P,94.0,22.01,77.04000091552734,11.8,12.2,12.0,11.5,3.3,1.0000000000000003e-05,-1.0,0.0,0.0101,0.0,15.1138,100.0,2,6
TLT270331P00095000,TLT,2027-03-31,181,P,95.0,23.31,77.04000091552734,16.15,20.25,18.2,15.79,22.5,0.3482731188964844,-0.74245,0.01708,-0.00853,0.17511,18.6984,81.5,50,51
TLT270331P00096000,TLT,2027-03-31,181,P,96.0,24.61,77.04000091552734,17.15,21.2,19.175,14.8,21.1,0.3549869189453124,-0.75042,0.01649,-0.0084,0.17224,19.6178,82.3,1,9
TLT270416C00070000,TLT,2027-04-16,197,C,70.0,-9.14,77.04000091552734,8.0,8.2,8.1,8.1,2.5,0.16895362304687503,0.84328,0.0251,-0.01192,0.13585,9.3658,81.2,1,32
TLT270416C00072000,TLT,2027-04-16,197,C,72.0,-6.54,77.04000091552734,6.55,6.65,6.6,7.15,1.5,0.16346051391601565,0.78908,0.03123,-0.0126,0.16354,7.7508,75.3,1,3
TLT270416C00073000,TLT,2027-04-16,197,C,73.0,-5.24,77.04000091552734,5.8,5.9,5.85,7.59,1.7,0.1595543029785156,0.75876,0.03452,-0.01279,0.17644,6.9631,72.1,5,6
TLT270416C00075000,TLT,2027-04-16,197,C,75.0,-2.65,77.04000091552734,4.55,4.65,4.6,4.7,2.2,0.15833361206054689,0.68242,0.03978,-0.01325,0.20176,5.6071,64.0,5,267
TLT270416C00076000,TLT,2027-04-16,197,C,76.0,-1.35,77.04000091552734,3.9,4.0,3.95,4.17,2.5,0.15369498657226563,0.64357,0.04286,-0.01313,0.21101,4.9041,60.1,8,126
TLT270416C00077000,TLT,2027-04-16,197,C,77.0,-0.05,77.04000091552734,3.35,3.5,3.425,3.45,4.4,0.15375602111816405,0.59956,0.04441,-0.01312,0.21873,4.3397,55.5,8,256
TLT270416C00078000,TLT,2027-04-16,197,C,78.0,1.25,77.04000091552734,2.89,2.94,2.915,2.94,1.7,0.14917843017578125,0.55519,0.0468,-0.01275,0.22363,3.716,51.2,9,2477
TLT270416C00079000,TLT,2027-04-16,197,C,79.0,2.54,77.04000091552734,2.49,2.54,2.515,2.67,2.0,0.14966670654296876,0.50911,0.04708,-0.01252,0.22574,3.249,46.5,111,25255
TLT270416C00080000,TLT,2027-04-16,197,C,80.0,3.84,77.04000091552734,2.11,2.17,2.14,2.13,2.8,0.14954463745117189,0.46346,0.04694,-0.01214,0.22485,2.8131,42.0,25,11823
TLT270416C00081000,TLT,2027-04-16,197,C,81.0,5.14,77.04000091552734,1.78,1.84,1.81,1.86,3.3,0.14930049926757813,0.41866,0.04623,-0.01165,0.22109,2.4181,37.6,502,5920
TLT270416C00082000,TLT,2027-04-16,197,C,82.0,6.44,77.04000091552734,1.47,1.53,1.5,1.51,4.0,0.1480798083496094,0.37422,0.04521,-0.011,0.21448,2.0441,33.4,39,1654
TLT270416C00083000,TLT,2027-04-16,197,C,83.0,7.74,77.04000091552734,1.21,1.25,1.23,1.27,3.3,0.1463708410644531,0.33054,0.04374,-0.01022,0.2051,1.7019,29.3,236,3849
TLT270416C00084000,TLT,2027-04-16,197,C,84.0,9.03,77.04000091552734,1.02,1.07,1.045,1.05,4.8,0.14820187744140628,0.29402,0.04107,-0.00966,0.19498,1.4696,25.8,1,9323
TLT270416C00085000,TLT,2027-04-16,197,C,85.0,10.33,77.04000091552734,0.87,0.9,0.885,0.9,3.4,0.14905636108398437,0.25914,0.03838,-0.00898,0.18327,1.2499,22.5,10,5959
TLT270416C00086000,TLT,2027-04-16,197,C,86.0,11.63,77.04000091552734,0.71,0.75,0.73,0.74,5.5,0.14966670654296876,0.22684,0.03557,-0.00828,0.17053,1.0554,19.5,10,4277
TLT270416C00087000,TLT,2027-04-16,197,C,87.0,12.93,77.04000091552734,0.6,0.64,0.62,0.67,6.5,0.1514977429199219,0.19968,0.03262,-0.00767,0.1583,0.907,17.0,3,2262
TLT270416C00088000,TLT,2027-04-16,197,C,88.0,14.23,77.04000091552734,0.51,0.55,0.53,0.53,7.5,0.15369498657226563,0.1761,0.02975,-0.00711,0.14648,0.7849,14.8,1,1439
TLT270416C00089000,TLT,2027-04-16,197,C,89.0,15.52,77.04000091552734,0.44,0.48,0.46,0.48,8.7,0.15650257568359377,0.15628,0.02705,-0.00663,0.1356,0.6883,13.0,4305,4152
TLT270416C00090000,TLT,2027-04-16,197,C,90.0,16.82,77.04000091552734,0.38,0.42,0.4,0.41,10.0,0.159188095703125,0.13864,0.02454,-0.00616,0.12514,0.6038,11.4,5,40480
TLT270416C00091000,TLT,2027-04-16,197,C,91.0,18.12,77.04000091552734,0.33,0.36,0.345,0.35,8.7,0.16089706298828127,0.12158,0.02217,-0.00564,0.11427,0.5198,9.9,1,12456
TLT270416C00092000,TLT,2027-04-16,197,C,92.0,19.42,77.04000091552734,0.28,0.32,0.3,0.3,13.3,0.16407085937500002,0.10881,0.02009,-0.00527,0.10559,0.4631,8.8,96,13036
TLT270416C00093000,TLT,2027-04-16,197,C,93.0,20.72,77.04000091552734,0.25,0.29,0.27,0.25,14.8,0.16773293212890628,0.09834,0.01826,-0.00496,0.09812,0.419,7.9,200,866
TLT270416C00094000,TLT,2027-04-16,197,C,94.0,22.01,77.04000091552734,0.22,0.26,0.24,0.25,16.7,0.17090672851562502,0.08851,0.01658,-0.00464,0.09078,0.3763,7.0,50,134
TLT270416C00095000,TLT,2027-04-16,197,C,95.0,23.31,77.04000091552734,0.2,0.23,0.215,0.2,14.0,0.1733481103515625,0.07894,0.015,-0.00429,0.0833,0.3331,6.2,17,2005
TLT270416C00096000,TLT,2027-04-16,197,C,96.0,24.61,77.04000091552734,0.17,0.21,0.19,0.18,21.1,0.176766044921875,0.07172,0.01367,-0.00405,0.07742,0.3032,5.6,3,646
TLT270416P00060000,TLT,2027-04-16,197,P,60.0,-22.12,77.04000091552734,0.18,0.21,0.195,0.15,15.4,0.20533021240234373,-0.03035,0.00591,-0.00175,0.03888,0.1444,4.2,28,79
TLT270416P00061000,TLT,2027-04-16,197,P,61.0,-20.82,77.04000091552734,0.21,0.24,0.225,0.16,13.3,0.1997150341796875,-0.03502,0.00684,-0.0019,0.04376,0.1653,4.8,65,130
TLT270416P00062000,TLT,2027-04-16,197,P,62.0,-19.52,77.04000091552734,0.25,0.29,0.27,0.12,14.8,0.196297099609375,-0.04201,0.00807,-0.00215,0.05075,0.2003,5.7,10,13
TLT270416P00063000,TLT,2027-04-16,197,P,63.0,-18.22,77.04000091552734,0.3,0.34,0.32,0.22,12.5,0.19165847412109377,-0.04921,0.00939,-0.00236,0.05763,0.2348,6.5,12,98
TLT270416P00064000,TLT,2027-04-16,197,P,64.0,-16.93,77.04000091552734,0.36,0.4,0.38,0.3,10.5,0.18726398681640627,-0.05779,0.01091,-0.00259,0.06546,0.2765,7.5,5,39
TLT270416P00065000,TLT,2027-04-16,197,P,65.0,-15.63,77.04000091552734,0.43,0.46,0.445,0.31,6.7,0.18189294677734374,-0.0668,0.01258,-0.00278,0.0733,0.3181,8.6,95,137
TLT270416P00066000,TLT,2027-04-16,197,P,66.0,-14.33,77.04000091552734,0.53,0.57,0.55,0.39,7.3,0.18042811767578126,-0.08136,0.01474,-0.00317,0.08522,0.3989,10.3,15,70
TLT270416P00067000,TLT,2027-04-16,197,P,67.0,-13.03,77.04000091552734,0.63,0.66,0.645,0.57,4.7,0.17542328491210937,-0.09419,0.01692,-0.00339,0.09506,0.4618,11.8,1,91
TLT270416P00068000,TLT,2027-04-16,197,P,68.0,-11.73,77.04000091552734,0.75,0.79,0.77,0.49,5.2,0.1724936267089844,-0.11148,0.01945,-0.0037,0.10745,0.5568,13.7,9,173
TLT270416P00069000,TLT,2027-04-16,197,P,69.0,-10.44,77.04000091552734,0.91,0.95,0.93,0.66,4.3,0.1700522448730469,-0.13189,0.0222,-0.00403,0.12093,0.6744,16.0,4,79
TLT270416P00070000,TLT,2027-04-16,197,P,70.0,-9.14,77.04000091552734,1.1,1.13,1.115,1.07,2.7,0.16736672485351564,-0.15471,0.02512,-0.00433,0.1347,0.8093,18.6,24,2199
TLT270416P00071000,TLT,2027-04-16,197,P,71.0,-7.84,77.04000091552734,1.29,1.33,1.31,1.01,3.1,0.1641929284667969,-0.1798,0.02822,-0.00456,0.14841,0.9594,21.3,1,20
TLT270416P00072000,TLT,2027-04-16,197,P,72.0,-6.54,77.04000091552734,1.53,1.57,1.55,1.37,2.6,0.1615074084472656,-0.20854,0.0314,-0.00477,0.16245,1.1412,24.4,10,124
TLT270416P00073000,TLT,2027-04-16,197,P,73.0,-5.24,77.04000091552734,1.81,1.85,1.83,1.43,2.2,0.15924913024902343,-0.24089,0.03456,-0.00494,0.1763,1.3586,27.9,20,132
TLT270416P00074000,TLT,2027-04-16,197,P,74.0,-3.95,77.04000091552734,2.13,2.17,2.15,2.12,1.9,0.1570518865966797,-0.27634,0.03763,-0.00504,0.18931,1.6094,31.6,16,37
TLT270416P00075000,TLT,2027-04-16,197,P,75.0,-2.65,77.04000091552734,2.52,2.56,2.54,2.57,1.6,0.1562584375,-0.31589,0.04022,-0.00511,0.2013,1.9235,35.8,850,1629
TLT270416P00076000,TLT,2027-04-16,197,P,76.0,-1.35,77.04000091552734,2.88,2.94,2.91,2.95,2.1,0.15296257202148442,-0.35597,0.04304,-0.00494,0.21091,2.2254,39.9,36,1295
TLT270416P00077000,TLT,2027-04-16,197,P,77.0,-0.05,77.04000091552734,3.35,3.4,3.375,3.1,1.5,0.15125360473632815,-0.39955,0.04512,-0.00473,0.2186,2.6004,44.3,2,777
TLT270416P00078000,TLT,2027-04-16,197,P,78.0,1.25,77.04000091552734,3.85,3.9,3.875,3.95,1.3,0.149422568359375,-0.44483,0.04672,-0.0044,0.22363,3.0156,48.8,6,581
TLT270416P00079000,TLT,2027-04-16,197,P,79.0,2.54,77.04000091552734,4.4,4.45,4.425,4.15,1.1,0.1475915319824219,-0.49137,0.04775,-0.00393,0.22574,3.4749,53.5,81,789
TLT270416P00080000,TLT,2027-04-16,197,P,80.0,3.84,77.04000091552734,5.1,5.2,5.15,5.2,1.9,0.15296257202148442,-0.53474,0.04591,-0.00376,0.22494,4.1414,57.9,48,2570
TLT270416P00081000,TLT,2027-04-16,197,P,81.0,5.14,77.04000091552734,5.6,5.7,5.65,5.4,1.8,0.1447229083251953,-0.5852,0.04759,-0.00266,0.22062,4.547,62.6,9,4620
TLT270416P00082000,TLT,2027-04-16,197,P,82.0,6.44,77.04000091552734,6.4,6.55,6.475,5.65,2.3,0.15137567382812503,-0.62222,0.04436,-0.00243,0.21511,5.3236,66.4,2,52786
TLT270416P00083000,TLT,2027-04-16,197,P,83.0,7.74,77.04000091552734,7.15,7.25,7.2,4.85,1.4,0.1487511883544922,-0.66628,0.04321,-0.0015,0.20588,5.9381,70.5,8,3205
TLT270416P00084000,TLT,2027-04-16,197,P,84.0,9.03,77.04000091552734,8.0,8.15,8.075,7.1,1.9,0.15528188476562502,-0.69564,0.03982,-0.00119,0.19807,6.7747,73.4,1,712
TLT270416P00085000,TLT,2027-04-16,197,P,85.0,10.33,77.04000091552734,7.55,9.15,8.35,8.11,19.2,0.16687844848632816,-0.71383,0.03601,-0.00128,0.19252,7.7297,75.4,3,8913
TLT270416P00086000,TLT,2027-04-16,197,P,86.0,11.63,77.04000091552734,8.4,9.95,9.175,5.95,16.9,0.1656577575683594,-0.74723,0.03409,-0.00037,0.18091,8.4599,78.5,24,110
TLT270416P00087000,TLT,2027-04-16,197,P,87.0,12.93,77.04000091552734,9.3,11.85,10.575,9.9,24.1,0.22864540893554688,-0.69543,0.02705,-0.00449,0.19813,10.4098,75.2,2,19
TLT270416P00088000,TLT,2027-04-16,197,P,88.0,14.23,77.04000091552734,10.2,13.45,11.825,7.7,27.5,0.2718578674316406,-0.67653,0.02335,-0.007,0.20331,12.0096,74.5,1,201
TLT270416P00089000,TLT,2027-04-16,197,P,89.0,15.52,77.04000091552734,11.15,12.8,11.975,11.86,13.8,0.1854329504394531,-0.7975,0.02687,0.00044,0.15964,11.1766,83.4,85,128
TLT270416P00090000,TLT,2027-04-16,197,P,90.0,16.82,77.04000091552734,12.85,13.6,13.225,13.25,5.7,0.17920742675781248,-0.82924,0.02502,0.00177,0.14363,11.9113,86.1,1,212
TLT270416P00091000,TLT,2027-04-16,197,P,91.0,18.12,77.04000091552734,12.3,15.7,14.0,13.07,24.3,0.26282475463867194,-0.74349,0.02165,-0.00434,0.1823,14.1062,80.2,1,11
TLT270416P00092000,TLT,2027-04-16,197,P,92.0,19.42,77.04000091552734,13.25,17.25,15.25,13.54,26.2,0.3043282458496094,-0.72086,0.01951,-0.00689,0.19024,15.6589,79.1,10,34
TLT270416P00093000,TLT,2027-04-16,197,P,93.0,20.72,77.04000091552734,14.25,18.2,16.225,12.2,24.3,0.31165239135742184,-0.73024,0.01874,-0.00681,0.18706,16.5756,80.0,2,104
TLT270416P00094000,TLT,2027-04-16,197,P,94.0,22.01,77.04000091552734,11.9,12.35,12.125,10.15,3.7,1.0000000000000003e-05,-1.0,0.0,0.01008,0.0,14.9524,100.0,2,9
TLT270416P00095000,TLT,2027-04-16,197,P,95.0,23.31,77.04000091552734,11.85,14.45,13.15,11.8,19.8,1.0000000000000003e-05,-1.0,0.0,0.01019,0.0,15.931,100.0,20,41
TLT270416P00096000,TLT,2027-04-16,197,P,96.0,24.61,77.04000091552734,13.7,14.25,13.975,11.94,3.9,1.0000000000000003e-05,-1.0,0.0,0.0103,0.0,16.9097,100.0,1,4
