contract,ticker,expiry,dte,type,strike,moneyness_pct,spot,bid,ask,mid,last,spread_pct,iv,delta,gamma,theta,vega,theo,prob_itm,volume,oi
GOOGL261016C00260000,GOOGL,2026-10-16,16,C,260.0,-24.44,344.0799865722656,83.25,86.1,84.675,90.3,3.4,0.7070341796875,0.97607,0.00111,-0.11715,0.04058,85.0176,96.6,1,155
GOOGL261016C00265000,GOOGL,2026-10-16,16,C,265.0,-22.98,344.0799865722656,77.8,81.9,79.85,76.08,5.1,0.6987334814453126,0.96927,0.00138,-0.13694,0.05,80.1777,95.8,1,56
GOOGL261016C00270000,GOOGL,2026-10-16,16,C,270.0,-21.53,344.0799865722656,72.9,76.8,74.85,71.96,5.2,0.6567417138671876,0.96746,0.00154,-0.13582,0.05242,75.1867,95.6,2,151
GOOGL261016C00275000,GOOGL,2026-10-16,16,C,275.0,-20.08,344.0799865722656,67.9,72.0,69.95,82.69,5.9,0.6306189282226562,0.96219,0.00181,-0.14545,0.0593,70.2837,95.0,5,377
GOOGL261016C00280000,GOOGL,2026-10-16,16,C,280.0,-18.62,344.0799865722656,62.9,67.0,64.95,60.51,6.3,0.5886271606445312,0.95977,0.00204,-0.14375,0.06237,65.2919,94.8,2,250
GOOGL261016C00285000,GOOGL,2026-10-16,16,C,285.0,-17.17,344.0799865722656,58.0,61.9,59.95,62.28,6.5,0.5473678076171876,0.95696,0.00232,-0.14216,0.06588,60.3023,94.5,1,370
GOOGL261016C00290000,GOOGL,2026-10-16,16,C,290.0,-15.72,344.0799865722656,53.5,56.3,54.9,59.0,5.1,0.6367223828125,0.91348,0.00344,-0.25429,0.1136,56.5177,89.0,1,334
GOOGL261016C00295000,GOOGL,2026-10-16,16,C,295.0,-14.26,344.0799865722656,48.1,52.2,50.15,54.8,8.2,0.6525913647460939,0.88638,0.00409,-0.3104,0.13863,52.3528,85.8,1,171
GOOGL261016C00300000,GOOGL,2026-10-16,16,C,300.0,-12.81,344.0799865722656,43.65,46.35,45.0,45.1,6.0,0.5448043566894532,0.89872,0.00451,-0.24604,0.12761,46.586,87.7,261,949
GOOGL261016C00305000,GOOGL,2026-10-16,16,C,305.0,-11.36,344.0799865722656,38.75,42.3,40.525,44.7,8.8,0.556767127685547,0.86598,0.00539,-0.29879,0.15563,42.4705,83.9,589,248
GOOGL261016C00310000,GOOGL,2026-10-16,16,C,310.0,-9.9,344.0799865722656,33.95,36.55,35.25,40.2,7.4,0.4611870288085938,0.87423,0.00622,-0.24357,0.14893,36.7905,85.3,4,535
GOOGL261016C00315000,GOOGL,2026-10-16,16,C,315.0,-8.45,344.0799865722656,29.3,31.85,30.575,37.82,8.3,0.42896078857421877,0.85259,0.00746,-0.25119,0.16602,32.0789,83.1,2,498
GOOGL261016C00320000,GOOGL,2026-10-16,16,C,320.0,-7.0,344.0799865722656,24.95,27.05,26.0,24.6,8.1,0.3881897119140625,0.83019,0.00904,-0.24931,0.18217,27.2754,80.9,183,2221
GOOGL261016C00322500,GOOGL,2026-10-16,16,C,322.5,-6.27,344.0799865722656,22.65,25.55,24.1,20.67,12.0,0.4092466302490234,0.79367,0.00967,-0.28988,0.20547,25.716,76.8,9,7
GOOGL261016C00325000,GOOGL,2026-10-16,16,C,325.0,-5.55,344.0799865722656,20.5,22.85,21.675,26.0,10.8,0.3721376263427735,0.7863,0.01086,-0.27105,0.20975,23.0347,76.3,21,2102
GOOGL261016C00327500,GOOGL,2026-10-16,16,C,327.5,-4.82,344.0799865722656,18.45,20.9,19.675,23.61,12.5,0.367193828125,0.75917,0.01177,-0.28378,0.22437,21.0583,73.5,46,96
GOOGL261016C00330000,GOOGL,2026-10-16,16,C,330.0,-4.09,344.0799865722656,16.8,18.95,17.875,18.2,12.0,0.35962554443359374,0.731,0.01274,-0.29267,0.23775,19.0858,70.6,159,3258
GOOGL261016C00332500,GOOGL,2026-10-16,16,C,332.5,-3.37,344.0799865722656,16.0,17.1,16.55,19.98,6.6,0.3534000207519531,0.69964,0.01366,-0.30127,0.25061,17.2125,67.3,14,76
GOOGL261016C00335000,GOOGL,2026-10-16,16,C,335.0,-2.64,344.0799865722656,13.25,15.3,14.275,17.9,14.4,0.3461979443359374,0.66618,0.01459,-0.30698,0.26209,15.3891,63.9,213,2433
GOOGL261016C00337500,GOOGL,2026-10-16,16,C,337.5,-1.91,344.0799865722656,11.95,13.55,12.75,15.66,12.5,0.3379582806396484,0.63045,0.0155,-0.30943,0.27189,13.6176,60.3,58,130
GOOGL261016C00340000,GOOGL,2026-10-16,16,C,340.0,-1.19,344.0799865722656,11.05,12.15,11.6,11.7,9.5,0.33887379882812496,0.5903,0.01592,-0.31744,0.28,12.1879,56.3,1532,7360
GOOGL261016C00342500,GOOGL,2026-10-16,16,C,342.5,-0.46,344.0799865722656,9.65,10.65,10.15,9.57,9.9,0.3329534478759766,0.55015,0.0165,-0.31624,0.28512,10.6664,52.2,388,701
GOOGL261016C00345000,GOOGL,2026-10-16,16,C,345.0,0.27,344.0799865722656,8.1,9.35,8.725,9.07,14.3,0.330512066040039,0.50852,0.01675,-0.31492,0.28733,9.3443,48.1,1340,6009
GOOGL261016C00347500,GOOGL,2026-10-16,16,C,347.5,0.99,344.0799865722656,7.35,7.95,7.65,7.8,7.8,0.3212348150634765,0.46519,0.01717,-0.30408,0.2863,7.9303,43.9,1827,406
GOOGL261016C00350000,GOOGL,2026-10-16,16,C,350.0,1.72,344.0799865722656,6.3,6.95,6.625,6.75,9.8,0.3220892987060546,0.42338,0.01688,-0.29913,0.28208,6.9121,39.7,4930,9345
GOOGL261016C00352500,GOOGL,2026-10-16,16,C,352.5,2.45,344.0799865722656,5.5,6.2,5.85,6.0,12.0,0.3282537878417968,0.38518,0.01617,-0.29637,0.27541,6.1408,35.9,413,273
GOOGL261016C00355000,GOOGL,2026-10-16,16,C,355.0,3.17,344.0799865722656,4.75,5.15,4.95,4.97,8.1,0.32044136596679684,0.34237,0.01591,-0.27738,0.26466,5.0846,31.8,1926,7594
GOOGL261016C00357500,GOOGL,2026-10-16,16,C,357.5,3.9,344.0799865722656,4.1,4.6,4.35,4.35,11.5,0.32776551147460936,0.30935,0.01493,-0.27125,0.25392,4.522,28.6,455,651
GOOGL261016C00360000,GOOGL,2026-10-16,16,C,360.0,4.63,344.0799865722656,3.4,3.85,3.625,3.7,12.4,0.3242865423583984,0.27213,0.01421,-0.25218,0.23913,3.7681,25.0,7390,18312
GOOGL261016C00362500,GOOGL,2026-10-16,16,C,362.5,5.35,344.0799865722656,1.59,3.6,2.595,3.19,77.5,0.33850759155273435,0.24963,0.01302,-0.25101,0.22875,3.5053,22.8,144,157
GOOGL261016C00365000,GOOGL,2026-10-16,16,C,365.0,6.08,344.0799865722656,2.6,2.77,2.685,2.79,6.3,0.3247748187255859,0.20948,0.0123,-0.21802,0.20732,2.684,19.0,2062,8554
GOOGL261016C00367500,GOOGL,2026-10-16,16,C,367.5,6.81,344.0799865722656,1.92,2.47,2.195,2.35,25.1,0.3320379296875,0.18748,0.01125,-0.20799,0.19389,2.3813,16.9,120,193
GOOGL261016C00370000,GOOGL,2026-10-16,16,C,370.0,7.53,344.0799865722656,1.8,2.05,1.925,1.96,13.0,0.3306951696777344,0.16132,0.01027,-0.18798,0.17623,1.9647,14.5,6522,34116
GOOGL261016C00372500,GOOGL,2026-10-16,16,C,372.5,8.26,344.0799865722656,1.4,1.81,1.605,1.62,25.5,0.3365544860839844,0.14317,0.00932,-0.17643,0.1628,1.724,12.8,165,394
GOOGL261016C00375000,GOOGL,2026-10-16,16,C,375.0,8.99,344.0799865722656,1.3,1.5,1.4,1.45,14.3,0.335944140625,0.12235,0.00838,-0.15782,0.14609,1.42,10.9,2145,69804
GOOGL261016C00380000,GOOGL,2026-10-16,16,C,380.0,10.44,344.0799865722656,0.91,1.1,1.005,1.05,18.9,0.34180345703125,0.09221,0.00671,-0.13059,0.11911,1.0274,8.1,2872,11665
GOOGL261016C00385000,GOOGL,2026-10-16,16,C,385.0,11.89,344.0799865722656,0.73,0.86,0.795,0.75,16.4,0.3530338134765625,0.0722,0.00541,-0.11192,0.09906,0.7936,6.3,400,7017
GOOGL261016C00390000,GOOGL,2026-10-16,16,C,390.0,13.35,344.0799865722656,0.51,0.67,0.59,0.55,27.1,0.3632876171875,0.05638,0.00433,-0.09483,0.08172,0.611,4.8,7381,13306
GOOGL261016C00395000,GOOGL,2026-10-16,16,C,395.0,14.8,344.0799865722656,0.31,0.74,0.525,0.45,81.9,0.39990834472656256,0.05642,0.00394,-0.10425,0.08177,0.6714,4.8,466,2049
GOOGL261016C00400000,GOOGL,2026-10-16,16,C,400.0,16.25,344.0799865722656,0.36,0.43,0.395,0.38,17.7,0.3857483300781249,0.03573,0.00283,-0.06956,0.05662,0.3831,3.0,2277,22961
GOOGL261016C00405000,GOOGL,2026-10-16,16,C,405.0,17.71,344.0799865722656,0.29,0.35,0.32,0.37,18.8,0.3969786865234375,0.02881,0.0023,-0.05985,0.04739,0.3083,2.4,43,2541
GOOGL261016C00410000,GOOGL,2026-10-16,16,C,410.0,19.16,344.0799865722656,0.2,0.3,0.25,0.29,40.0,0.4106504248046875,0.02412,0.00192,-0.0533,0.04085,0.2606,2.0,472,33240
GOOGL261016C00415000,GOOGL,2026-10-16,16,C,415.0,20.61,344.0799865722656,0.04,0.3,0.17,0.26,152.9,0.43408769042968753,0.0229,0.00174,-0.05389,0.03911,0.2594,1.8,79,2351
GOOGL261016C00420000,GOOGL,2026-10-16,16,C,420.0,22.06,344.0799865722656,0.15,0.26,0.205,0.22,53.7,0.44727115234375,0.01953,0.00147,-0.04849,0.03418,0.2234,1.5,1074,9046
GOOGL261016C00425000,GOOGL,2026-10-16,16,C,425.0,23.52,344.0799865722656,0.01,0.27,0.14,0.13,185.7,0.471684970703125,0.01915,0.00137,-0.05025,0.03362,0.23,1.5,65,5382
GOOGL261016C00430000,GOOGL,2026-10-16,16,C,430.0,24.97,344.0799865722656,0.08,0.21,0.145,0.15,89.7,0.4760794580078125,0.01504,0.00111,-0.04124,0.02735,0.1773,1.2,135,4114
GOOGL261016P00260000,GOOGL,2026-10-16,16,P,260.0,-24.44,344.0799865722656,0.02,0.1,0.06,0.07,133.3,0.5136767382812499,-0.00373,0.0003,-0.01273,0.00802,0.0439,0.5,2,961
GOOGL261016P00265000,GOOGL,2026-10-16,16,P,265.0,-22.98,344.0799865722656,0.02,2.22,1.12,0.19,196.4,0.7531762963867188,-0.04041,0.0016,-0.14569,0.06259,0.94,5.6,2,2235
GOOGL261016P00270000,GOOGL,2026-10-16,16,P,270.0,-21.53,344.0799865722656,0.09,0.15,0.12,0.11,50.0,0.5048877636718749,-0.00906,0.00067,-0.02744,0.01762,0.1143,1.2,73,4556
GOOGL261016P00275000,GOOGL,2026-10-16,16,P,275.0,-20.08,344.0799865722656,0.1,0.17,0.135,0.13,51.9,0.47900911621093745,-0.01066,0.00082,-0.02998,0.0203,0.1296,1.4,92,3984
GOOGL261016P00280000,GOOGL,2026-10-16,16,P,280.0,-18.62,344.0799865722656,0.01,0.23,0.12,0.14,183.3,0.46533737792968755,-0.01456,0.0011,-0.03809,0.02659,0.178,1.9,39,2219
GOOGL261016P00285000,GOOGL,2026-10-16,16,P,285.0,-17.17,344.0799865722656,0.1,0.32,0.21,0.16,104.8,0.454107021484375,-0.02031,0.0015,-0.04935,0.03534,0.2524,2.5,35,3631
GOOGL261016P00290000,GOOGL,2026-10-16,16,P,290.0,-15.72,344.0799865722656,0.17,0.43,0.3,0.18,86.7,0.44043528320312497,-0.02746,0.00199,-0.06162,0.04555,0.3444,3.4,368,5240
GOOGL261016P00295000,GOOGL,2026-10-16,16,P,295.0,-14.26,344.0799865722656,0.15,0.45,0.3,0.22,100.0,0.40698835205078127,-0.03079,0.00237,-0.0625,0.05009,0.3617,3.7,72,4778
GOOGL261016P00300000,GOOGL,2026-10-16,16,P,300.0,-12.81,344.0799865722656,0.28,0.5,0.39,0.4,56.4,0.3776917700195312,-0.0363,0.00293,-0.06628,0.05735,0.4044,4.3,1115,7651
GOOGL261016P00305000,GOOGL,2026-10-16,16,P,305.0,-11.36,344.0799865722656,0.33,0.91,0.62,0.36,93.5,0.38794557373046873,-0.06099,0.00432,-0.10299,0.08692,0.7597,7.1,689,3070
GOOGL261016P00310000,GOOGL,2026-10-16,16,P,310.0,-9.9,344.0799865722656,0.47,1.0,0.735,0.7,72.1,0.3552310571289062,-0.07171,0.00535,-0.10659,0.09854,0.8398,8.2,1126,6695
GOOGL261016P00315000,GOOGL,2026-10-16,16,P,315.0,-8.45,344.0799865722656,0.97,1.15,1.06,1.07,17.0,0.32532412963867186,-0.08752,0.00679,-0.11307,0.11458,0.9726,9.9,468,6791
GOOGL261016P00317500,GOOGL,2026-10-16,16,P,317.5,-7.72,344.0799865722656,1.18,1.39,1.285,1.3,16.3,0.32092964233398436,-0.10452,0.00784,-0.12687,0.13056,1.1878,11.7,72,96
GOOGL261016P00320000,GOOGL,2026-10-16,16,P,320.0,-7.0,344.0799865722656,1.45,1.66,1.555,1.65,13.5,0.3156806713867187,-0.12357,0.00898,-0.14031,0.14711,1.4324,13.8,1068,11533
GOOGL261016P00322500,GOOGL,2026-10-16,16,P,322.5,-6.27,344.0799865722656,1.62,2.21,1.915,1.96,30.8,0.32306585144042954,-0.1545,0.01022,-0.1669,0.1713,1.9346,17.1,304,547
GOOGL261016P00325000,GOOGL,2026-10-16,16,P,325.0,-5.55,344.0799865722656,2.14,2.56,2.35,2.28,17.9,0.31555860229492183,-0.17799,0.01146,-0.17814,0.1877,2.257,19.6,624,7337
GOOGL261016P00327500,GOOGL,2026-10-16,16,P,327.5,-4.82,344.0799865722656,2.58,3.1,2.84,3.1,18.3,0.3143379113769531,-0.20898,0.01269,-0.19518,0.20703,2.7615,22.8,178,2032
GOOGL261016P00330000,GOOGL,2026-10-16,16,P,330.0,-4.09,344.0799865722656,3.15,3.55,3.35,3.3,11.9,0.30573204040527346,-0.23819,0.01406,-0.20376,0.22303,3.1832,25.8,1090,10081
GOOGL261016P00332500,GOOGL,2026-10-16,16,P,332.5,-3.37,344.0799865722656,3.7,4.5,4.1,3.86,19.5,0.3142158422851562,-0.28098,0.0149,-0.22748,0.24291,4.0823,30.4,178,413
GOOGL261016P00335000,GOOGL,2026-10-16,16,P,335.0,-2.64,344.0799865722656,4.55,5.1,4.825,5.6,11.4,0.30499962585449214,-0.31626,0.0162,-0.2319,0.25635,4.6536,33.9,380,3970
GOOGL261016P00337500,GOOGL,2026-10-16,16,P,337.5,-1.91,344.0799865722656,5.4,5.9,5.65,5.64,8.8,0.30005582763671873,-0.35693,0.01726,-0.23791,0.26871,5.4215,38.1,516,1707
GOOGL261016P00340000,GOOGL,2026-10-16,16,P,340.0,-1.19,344.0799865722656,6.35,7.3,6.825,6.75,13.9,0.31238480590820306,-0.40443,0.01722,-0.25648,0.27911,6.7718,43.0,993,10403
GOOGL261016P00342500,GOOGL,2026-10-16,16,P,342.5,-0.46,344.0799865722656,7.45,8.25,7.85,8.8,10.2,0.3051827294921875,-0.44772,0.01799,-0.25401,0.28493,7.6948,47.3,100,653
GOOGL261016P00345000,GOOGL,2026-10-16,16,P,345.0,0.27,344.0799865722656,8.6,9.5,9.05,9.52,9.9,0.3045723840332031,-0.49302,0.01818,-0.25393,0.28735,8.9146,51.8,1097,7123
GOOGL261016P00347500,GOOGL,2026-10-16,16,P,347.5,0.99,344.0799865722656,10.0,10.85,10.425,11.6,8.2,0.3036568658447265,-0.53832,0.01815,-0.25004,0.28607,10.2385,56.3,93,1152
GOOGL261016P00350000,GOOGL,2026-10-16,16,P,350.0,1.72,344.0799865722656,11.45,12.3,11.875,12.75,7.2,0.3024361749267578,-0.58319,0.01791,-0.24243,0.28113,11.6654,60.8,986,6398
GOOGL261016P00352500,GOOGL,2026-10-16,16,P,352.5,2.45,344.0799865722656,13.0,14.75,13.875,11.0,12.6,0.3329534478759766,-0.61287,0.01596,-0.26233,0.27582,14.0728,63.9,138,384
GOOGL261016P00355000,GOOGL,2026-10-16,16,P,355.0,3.17,344.0799865722656,14.7,16.8,15.75,15.4,13.3,0.34717449707031245,-0.64407,0.0149,-0.26519,0.26845,16.0954,67.1,314,2919
GOOGL261016P00357500,GOOGL,2026-10-16,16,P,357.5,3.9,344.0799865722656,16.4,18.8,17.6,13.34,13.6,0.35736726623535153,-0.67383,0.014,-0.26259,0.25966,18.0762,70.0,15,165
GOOGL261016P00360000,GOOGL,2026-10-16,16,P,360.0,4.63,344.0799865722656,18.35,20.45,19.4,21.5,10.8,0.35156898437499995,-0.71016,0.01351,-0.24191,0.24653,19.7203,73.5,304,2521
GOOGL261016P00362500,GOOGL,2026-10-16,16,P,362.5,5.35,344.0799865722656,19.75,22.35,21.05,23.28,12.4,0.35242346801757807,-0.7409,0.01275,-0.22658,0.23326,21.6118,76.4,13,132
GOOGL261016P00365000,GOOGL,2026-10-16,16,P,365.0,6.08,344.0799865722656,21.7,24.6,23.15,18.75,12.5,0.3657289990234375,-0.76103,0.01177,-0.22404,0.22343,23.8481,78.4,319,1399
GOOGL261016P00367500,GOOGL,2026-10-16,16,P,367.5,6.81,344.0799865722656,24.2,26.7,25.45,23.05,9.8,0.3707338317871094,-0.78434,0.01096,-0.21188,0.21087,25.9419,80.6,3,3
GOOGL261016P00370000,GOOGL,2026-10-16,16,P,370.0,7.53,344.0799865722656,25.75,28.9,27.325,22.2,11.5,0.378363150024414,-0.80375,0.01015,-0.20237,0.19939,28.1344,82.5,62,1015
GOOGL261016P00372500,GOOGL,2026-10-16,16,P,372.5,8.26,344.0799865722656,28.8,31.1,29.95,24.6,7.7,0.3842835009765625,-0.82235,0.0094,-0.1908,0.18747,30.3299,84.3,20,13
GOOGL261016P00375000,GOOGL,2026-10-16,16,P,375.0,8.99,344.0799865722656,30.95,33.25,32.1,27.17,7.2,0.385626260986328,-0.84224,0.00868,-0.17396,0.17367,32.4801,86.1,23,453
GOOGL261016P00380000,GOOGL,2026-10-16,16,P,380.0,10.44,344.0799865722656,35.6,37.95,36.775,30.25,6.4,0.4058897302246094,-0.86549,0.00741,-0.16119,0.15602,37.1682,88.3,3,2539
GOOGL261016P00385000,GOOGL,2026-10-16,16,P,385.0,11.89,344.0799865722656,39.6,42.75,41.175,37.0,7.7,0.428716650390625,-0.88248,0.00638,-0.15237,0.142,41.9574,89.9,3,321
GOOGL261016P00390000,GOOGL,2026-10-16,16,P,390.0,13.35,344.0799865722656,45.2,47.6,46.4,38.75,5.2,0.45203184692382814,-0.89577,0.00555,-0.14515,0.1303,46.7955,91.2,45,418
GOOGL261016P00395000,GOOGL,2026-10-16,16,P,395.0,14.8,344.0799865722656,49.7,52.45,51.075,54.52,5.4,0.4730277307128906,-0.90763,0.00486,-0.13641,0.11926,51.6373,92.3,6,726
GOOGL261016P00400000,GOOGL,2026-10-16,16,P,400.0,16.25,344.0799865722656,54.5,57.85,56.175,51.07,6.0,0.5351608984375,-0.89837,0.00461,-0.17382,0.12793,56.997,91.7,102,979
GOOGL261016P00405000,GOOGL,2026-10-16,16,P,405.0,17.71,344.0799865722656,58.75,62.9,60.825,48.8,6.8,0.5701947277832031,-0.90167,0.00422,-0.18173,0.12489,62.0261,92.1,7,0
GOOGL261016P00410000,GOOGL,2026-10-16,16,P,410.0,19.16,344.0799865722656,63.75,67.75,65.75,71.73,6.1,0.5891154370117189,-0.91072,0.0038,-0.17241,0.11629,66.8711,92.9,2,6
GOOGL261016P00415000,GOOGL,2026-10-16,16,P,415.0,20.61,344.0799865722656,68.7,72.45,70.575,73.09,5.3,0.5927775097656252,-0.92419,0.00334,-0.14777,0.10282,71.5773,94.0,1,6
GOOGL261016P00420000,GOOGL,2026-10-16,16,P,420.0,22.06,344.0799865722656,73.75,78.0,75.875,78.13,5.6,0.6679720703125002,-0.91039,0.00336,-0.20063,0.11661,77.0732,93.1,2,2
GOOGL261016P00425000,GOOGL,2026-10-16,16,P,425.0,23.52,344.0799865722656,79.0,82.75,80.875,78.51,4.6,0.6755403540039064,-0.92076,0.00303,-0.18077,0.10632,81.8263,94.0,19,0
GOOGL261016P00430000,GOOGL,2026-10-16,16,P,430.0,24.97,344.0799865722656,83.9,87.8,85.85,81.6,4.5,0.7075224560546876,-0.92203,0.00286,-0.18793,0.10503,86.8587,94.1,104,0
GOOGL261023C00270000,GOOGL,2026-10-23,23,C,270.0,-21.53,344.0799865722656,73.1,77.05,75.075,68.7,5.3,0.5817912915039063,0.95998,0.00172,-0.12209,0.07447,75.6169,94.6,0,1
GOOGL261023C00275000,GOOGL,2026-10-23,23,C,275.0,-20.08,344.0799865722656,68.15,72.1,70.125,68.83,5.6,0.5512740185546876,0.95607,0.00195,-0.12453,0.08029,70.6743,94.2,0,2
GOOGL261023C00280000,GOOGL,2026-10-23,23,C,280.0,-18.62,344.0799865722656,63.15,67.45,65.3,73.0,6.6,0.5329636547851562,0.94804,0.00231,-0.13495,0.09185,65.8436,93.2,6,6
GOOGL261023C00285000,GOOGL,2026-10-23,23,C,285.0,-17.17,344.0799865722656,58.25,62.4,60.325,55.45,6.9,0.6472203247070312,0.89549,0.00324,-0.24712,0.15653,62.7907,86.3,1,2
GOOGL261023C00290000,GOOGL,2026-10-23,23,C,290.0,-15.72,344.0799865722656,53.4,57.5,55.45,51.7,7.4,0.6093789062500001,0.88701,0.00364,-0.24642,0.16556,57.8971,85.5,2,2
GOOGL261023C00295000,GOOGL,2026-10-23,23,C,295.0,-14.26,344.0799865722656,48.5,52.65,50.575,47.55,8.2,0.5737347314453125,0.87659,0.00412,-0.24703,0.17622,53.0493,84.5,1,11
GOOGL261023C00300000,GOOGL,2026-10-23,23,C,300.0,-12.81,344.0799865722656,43.95,47.8,45.875,53.0,8.4,0.5373581420898439,0.86487,0.00468,-0.24655,0.18766,48.2024,83.3,1,206
GOOGL261023C00305000,GOOGL,2026-10-23,23,C,305.0,-11.36,344.0799865722656,40.05,42.7,41.375,45.65,6.4,0.48816429809570316,0.85672,0.00536,-0.23482,0.19529,43.1194,82.7,1,9
GOOGL261023C00310000,GOOGL,2026-10-23,23,C,310.0,-9.9,344.0799865722656,34.8,38.4,36.6,40.05,9.8,0.4749198016357422,0.83037,0.00616,-0.2524,0.21826,38.79,79.9,1,15
GOOGL261023C00315000,GOOGL,2026-10-23,23,C,315.0,-8.45,344.0799865722656,30.2,33.25,31.725,35.0,9.6,0.42236905761718746,0.81849,0.00723,-0.23637,0.22783,33.6582,78.9,2,16
GOOGL261023C00320000,GOOGL,2026-10-23,23,C,320.0,-7.0,344.0799865722656,25.9,28.85,27.375,31.95,10.8,0.39880972290039063,0.78813,0.00841,-0.24345,0.25022,29.2349,75.8,9,247
GOOGL261023C00325000,GOOGL,2026-10-23,23,C,325.0,-5.55,344.0799865722656,23.2,24.3,23.75,28.47,4.6,0.3658510681152344,0.75633,0.00992,-0.24113,0.27073,24.6718,72.7,19,106
GOOGL261023C00330000,GOOGL,2026-10-23,23,C,330.0,-4.09,344.0799865722656,18.85,20.6,19.725,18.0,8.9,0.35681795532226557,0.70519,0.01119,-0.2554,0.29793,20.9204,67.4,15,243
GOOGL261023C00335000,GOOGL,2026-10-23,23,C,335.0,-2.64,344.0799865722656,14.7,17.65,16.175,16.39,18.2,0.3626772717285156,0.64318,0.01191,-0.27628,0.32214,17.9044,60.9,454,439
GOOGL261023C00340000,GOOGL,2026-10-23,23,C,340.0,-1.19,344.0799865722656,12.0,14.05,13.025,13.08,15.7,0.34015552429199214,0.58391,0.01328,-0.2696,0.33693,14.2674,55.0,460,1228
GOOGL261023C00345000,GOOGL,2026-10-23,23,C,345.0,0.27,344.0799865722656,10.3,11.4,10.85,10.88,10.1,0.3364324169921875,0.51613,0.01372,-0.27,0.3443,11.5644,48.2,566,1583
GOOGL261023C00350000,GOOGL,2026-10-23,23,C,350.0,1.72,344.0799865722656,8.3,8.95,8.625,8.53,7.5,0.3288641333007812,0.44637,0.01392,-0.25995,0.34146,9.0686,41.4,969,1272
GOOGL261023C00355000,GOOGL,2026-10-23,23,C,355.0,3.17,344.0799865722656,5.95,7.5,6.725,7.0,23.0,0.34101000793457037,0.38486,0.01298,-0.25841,0.33012,7.5691,35.3,368,635
GOOGL261023C00360000,GOOGL,2026-10-23,23,C,360.0,4.63,344.0799865722656,4.9,5.6,5.25,5.2,13.3,0.3306951696777344,0.31811,0.01249,-0.23288,0.30811,5.6397,28.9,479,2047
GOOGL261023C00365000,GOOGL,2026-10-23,23,C,365.0,6.08,344.0799865722656,3.4,4.35,3.875,4.9,24.5,0.33173275695800786,0.2621,0.01137,-0.21228,0.28132,4.3644,23.6,316,599
GOOGL261023C00370000,GOOGL,2026-10-23,23,C,370.0,7.53,344.0799865722656,2.32,3.2,2.76,3.0,31.9,0.32721620056152345,0.20826,0.01015,-0.18371,0.24771,3.197,18.6,700,2050
GOOGL261023C00375000,GOOGL,2026-10-23,23,C,375.0,8.99,344.0799865722656,2.2,2.66,2.43,2.3,18.9,0.3394231097412109,0.17418,0.00877,-0.17008,0.22199,2.6418,15.3,565,1017
GOOGL261023C00380000,GOOGL,2026-10-23,23,C,380.0,10.44,344.0799865722656,1.7,1.97,1.835,1.8,14.7,0.33838552246093745,0.13636,0.00748,-0.14383,0.18882,1.9453,11.9,1772,1314
GOOGL261023C00385000,GOOGL,2026-10-23,23,C,385.0,11.89,344.0799865722656,1.19,1.62,1.405,1.36,30.6,0.3485172570800781,0.11278,0.00636,-0.12935,0.16534,1.589,9.7,463,1629
GOOGL261023C00390000,GOOGL,2026-10-23,23,C,390.0,13.35,344.0799865722656,0.78,1.32,1.05,1.2,51.4,0.35718416259765623,0.09272,0.00538,-0.11469,0.14339,1.2863,7.9,57,1694
GOOGL261023C00395000,GOOGL,2026-10-23,23,C,395.0,14.8,344.0799865722656,0.5,1.1,0.8,0.75,75.0,0.3673158972167969,0.07732,0.00457,-0.10272,0.12513,1.0655,6.5,84,380
GOOGL261023C00400000,GOOGL,2026-10-23,23,C,400.0,16.25,344.0799865722656,0.4,0.88,0.64,0.65,75.0,0.3734193518066406,0.06267,0.00382,-0.08868,0.10645,0.8462,5.2,166,1098
GOOGL261023C00405000,GOOGL,2026-10-23,23,C,405.0,17.71,344.0799865722656,0.1,1.12,0.61,0.6,167.2,0.4182187084960937,0.06994,0.00371,-0.10789,0.11589,1.0729,5.7,5,86
GOOGL261023C00410000,GOOGL,2026-10-23,23,C,410.0,19.16,344.0799865722656,0.01,1.18,0.595,0.48,196.6,0.4470270141601562,0.06898,0.00344,-0.11391,0.11466,1.1253,5.5,8,573
GOOGL261023C00415000,GOOGL,2026-10-23,23,C,415.0,20.61,344.0799865722656,0.2,0.9,0.55,0.3,127.3,0.44446356323242187,0.05466,0.00288,-0.09434,0.09561,0.8533,4.3,38,67
GOOGL261023C00420000,GOOGL,2026-10-23,23,C,420.0,22.06,344.0799865722656,0.1,1.0,0.55,0.37,163.6,0.476567734375,0.0564,0.00276,-0.10356,0.098,0.9461,4.4,27,442
GOOGL261023C00425000,GOOGL,2026-10-23,23,C,425.0,23.52,344.0799865722656,0.01,1.0,0.505,0.3,196.0,0.4982960327148438,0.05415,0.00255,-0.10475,0.09491,0.9418,4.2,8,247
GOOGL261023C00430000,GOOGL,2026-10-23,23,C,430.0,24.97,344.0799865722656,0.09,1.1,0.595,0.25,169.7,0.5297898583984376,0.05584,0.00246,-0.11398,0.09724,1.0346,4.2,4,78
GOOGL261023P00260000,GOOGL,2026-10-23,23,P,260.0,-24.44,344.0799865722656,0.0,2.13,0.09,0.09,,0.6647982739257814,-0.03774,0.00143,-0.10107,0.07099,0.9225,5.4,2,35
GOOGL261023P00265000,GOOGL,2026-10-23,23,P,265.0,-22.98,344.0799865722656,0.01,0.4,0.205,0.12,190.2,0.5239305419921875,-0.0192,0.00103,-0.04525,0.0404,0.3319,2.6,3,34
GOOGL261023P00270000,GOOGL,2026-10-23,23,P,270.0,-21.53,344.0799865722656,0.01,1.21,0.61,0.16,196.7,0.5293015820312501,-0.02806,0.00141,-0.06285,0.05559,0.516,3.8,28,38
GOOGL261023P00275000,GOOGL,2026-10-23,23,P,275.0,-20.08,344.0799865722656,0.01,1.25,0.63,0.26,196.8,0.5732464550781251,-0.0498,0.00208,-0.10866,0.08879,1.0879,6.6,6,71
GOOGL261023P00280000,GOOGL,2026-10-23,23,P,280.0,-18.62,344.0799865722656,0.01,0.56,0.285,0.19,193.0,0.45483943603515625,-0.02977,0.00172,-0.05657,0.0584,0.4713,3.8,3,76
GOOGL261023P00285000,GOOGL,2026-10-23,23,P,285.0,-17.17,344.0799865722656,0.1,0.62,0.36,0.22,144.4,0.43018147949218755,-0.03424,0.00204,-0.05995,0.06554,0.522,4.3,23,487
GOOGL261023P00290000,GOOGL,2026-10-23,23,P,290.0,-15.72,344.0799865722656,0.2,0.98,0.59,0.28,132.2,0.4373835559082031,-0.051,0.00277,-0.08403,0.0905,0.8422,6.4,10,224
GOOGL261023P00295000,GOOGL,2026-10-23,23,P,295.0,-14.26,344.0799865722656,0.34,1.01,0.675,0.34,99.3,0.4050352465820312,-0.056,0.00323,-0.08361,0.09746,0.8673,6.8,53,3917
GOOGL261023P00300000,GOOGL,2026-10-23,23,P,300.0,-12.81,344.0799865722656,0.62,0.82,0.72,0.62,27.8,0.3526676062011719,-0.05248,0.00352,-0.06892,0.09257,0.6963,6.3,76,3169
GOOGL261023P00305000,GOOGL,2026-10-23,23,P,305.0,-11.36,344.0799865722656,0.77,1.25,1.01,0.67,47.5,0.3532779516601562,-0.07603,0.00469,-0.0919,0.12355,1.0797,9.0,250,731
GOOGL261023P00310000,GOOGL,2026-10-23,23,P,310.0,-9.9,344.0799865722656,0.98,1.65,1.315,1.32,51.0,0.3425358715820312,-0.09934,0.0059,-0.10843,0.15085,1.4408,11.5,410,3770
GOOGL261023P00315000,GOOGL,2026-10-23,23,P,315.0,-8.45,344.0799865722656,1.31,2.52,1.915,1.93,63.2,0.34924967163085935,-0.14012,0.00738,-0.14052,0.19236,2.2404,16.1,418,1769
GOOGL261023P00320000,GOOGL,2026-10-23,23,P,320.0,-7.0,344.0799865722656,1.95,2.88,2.415,2.68,38.5,0.3228827478027343,-0.16683,0.00896,-0.145,0.21594,2.569,18.8,1023,1944
GOOGL261023P00325000,GOOGL,2026-10-23,23,P,325.0,-5.55,344.0799865722656,3.0,3.8,3.4,3.32,23.5,0.31439894592285156,-0.21352,0.01072,-0.16337,0.25136,3.4273,23.7,806,1939
GOOGL261023P00330000,GOOGL,2026-10-23,23,P,330.0,-4.09,344.0799865722656,4.3,4.9,4.6,4.7,13.0,0.3037789349365234,-0.26793,0.01255,-0.17728,0.28449,4.4625,29.4,510,1371
GOOGL261023P00335000,GOOGL,2026-10-23,23,P,335.0,-2.64,344.0799865722656,5.8,7.05,6.425,7.26,19.5,0.31677929321289056,-0.34172,0.01342,-0.20476,0.31709,6.5134,37.1,163,871
GOOGL261023P00340000,GOOGL,2026-10-23,23,P,340.0,-1.19,344.0799865722656,7.8,8.75,8.275,8.05,11.5,0.30493859130859374,-0.4102,0.01476,-0.20625,0.33581,8.1468,44.0,381,716
GOOGL261023P00345000,GOOGL,2026-10-23,23,P,345.0,0.27,344.0799865722656,9.95,12.55,11.25,11.65,23.1,0.3430241479492187,-0.48352,0.01345,-0.2372,0.34428,11.8429,51.8,175,409
GOOGL261023P00350000,GOOGL,2026-10-23,23,P,350.0,1.72,344.0799865722656,12.45,15.3,13.875,14.85,20.5,0.34125414611816407,-0.55048,0.01343,-0.23123,0.34181,14.5308,58.4,146,615
GOOGL261023P00355000,GOOGL,2026-10-23,23,P,355.0,3.17,344.0799865722656,15.85,18.4,17.125,17.85,14.9,0.3404606970214844,-0.61537,0.013,-0.21916,0.33007,17.5773,64.8,21,301
GOOGL261023P00360000,GOOGL,2026-10-23,23,P,360.0,4.63,344.0799865722656,19.25,21.9,20.575,16.62,12.9,0.34290207885742185,-0.67477,0.01216,-0.20405,0.31096,21.0314,70.5,13,236
GOOGL261023P00365000,GOOGL,2026-10-23,23,P,365.0,6.08,344.0799865722656,22.7,25.65,24.175,20.15,12.2,0.34503828796386715,-0.72875,0.01112,-0.18452,0.28625,24.7432,75.7,14,63
GOOGL261023P00370000,GOOGL,2026-10-23,23,P,370.0,7.53,344.0799865722656,26.3,29.75,28.025,30.05,12.3,0.3518131225585937,-0.77328,0.00991,-0.16666,0.26016,28.8106,79.9,24,32
GOOGL261023P00375000,GOOGL,2026-10-23,23,P,375.0,8.99,344.0799865722656,30.4,34.2,32.3,32.4,11.8,0.3660952062988281,-0.80593,0.00869,-0.15494,0.23745,33.2311,83.0,1,12
GOOGL261023P00380000,GOOGL,2026-10-23,23,P,380.0,10.44,344.0799865722656,35.1,38.45,36.775,37.2,9.1,0.366217275390625,-0.84297,0.0076,-0.12937,0.20758,37.461,86.4,4,162
GOOGL261023P00385000,GOOGL,2026-10-23,23,P,385.0,11.89,344.0799865722656,39.8,43.15,41.475,42.09,8.1,0.38233039550781245,-0.86359,0.00662,-0.1198,0.18887,42.1396,88.3,1,0
GOOGL261023P00390000,GOOGL,2026-10-23,23,P,390.0,13.35,344.0799865722656,44.1,48.15,46.125,61.25,8.8,0.41199318481445313,-0.87186,0.00589,-0.12399,0.1809,47.1166,89.2,0,5
GOOGL261023P00400000,GOOGL,2026-10-23,23,P,400.0,16.25,344.0799865722656,53.85,57.95,55.9,56.19,7.3,0.45654840332031255,-0.89153,0.00472,-0.11973,0.16079,56.8772,91.1,1,4
GOOGL261023P00410000,GOOGL,2026-10-23,23,P,410.0,19.16,344.0799865722656,63.9,67.9,65.9,66.41,6.1,0.505742247314453,-0.90274,0.00394,-0.12194,0.14853,66.7877,92.3,1,0
GOOGL261030C00260000,GOOGL,2026-10-30,30,C,260.0,-24.44,344.0799865722656,83.45,87.5,85.475,79.25,4.7,0.6189002954101563,0.95414,0.00158,-0.12446,0.09494,86.168,93.4,1,1
GOOGL261030C00265000,GOOGL,2026-10-30,30,C,265.0,-22.98,344.0799865722656,78.6,82.5,80.55,79.02,4.8,0.5913126806640626,0.94997,0.00177,-0.12722,0.10178,81.2513,93.0,1,2
GOOGL261030C00270000,GOOGL,2026-10-30,30,C,270.0,-21.53,344.0799865722656,73.7,77.6,75.65,69.91,5.2,0.5654340332031251,0.94487,0.002,-0.13087,0.10995,76.3568,92.4,3,1
GOOGL261030C00275000,GOOGL,2026-10-30,30,C,275.0,-20.08,344.0799865722656,68.65,72.7,70.675,80.07,5.7,0.53320779296875,0.94109,0.00223,-0.13061,0.11584,71.3951,92.1,1,2
GOOGL261030C00280000,GOOGL,2026-10-30,30,C,280.0,-18.62,344.0799865722656,63.85,68.0,65.925,63.95,6.3,0.5174608801269531,0.93129,0.00259,-0.14041,0.13056,66.6399,90.9,29,80
GOOGL261030C00285000,GOOGL,2026-10-30,30,C,285.0,-17.17,344.0799865722656,59.05,63.25,61.15,56.47,6.9,0.6121254608154298,0.88099,0.00329,-0.22637,0.19618,63.829,84.2,1,4
GOOGL261030C00290000,GOOGL,2026-10-30,30,C,290.0,-15.72,344.0799865722656,54.25,58.5,56.375,51.15,7.5,0.5835002587890624,0.8698,0.00368,-0.22947,0.2089,59.079,83.1,1,7
GOOGL261030C00295000,GOOGL,2026-10-30,30,C,295.0,-14.26,344.0799865722656,49.6,53.75,51.675,56.6,8.0,0.553837469482422,0.85754,0.00412,-0.23145,0.22216,54.3285,81.9,1,7
GOOGL261030C00300000,GOOGL,2026-10-30,30,C,300.0,-12.81,344.0799865722656,45.45,48.25,46.85,54.25,6.0,0.49219257812500006,0.85665,0.00466,-0.20996,0.2231,48.8668,82.2,8,207
GOOGL261030C00305000,GOOGL,2026-10-30,30,C,305.0,-11.36,344.0799865722656,40.55,44.75,42.65,40.25,9.8,0.5100757000732423,0.82123,0.00519,-0.24511,0.25773,45.3026,78.0,1,24
GOOGL261030C00310000,GOOGL,2026-10-30,30,C,310.0,-9.9,344.0799865722656,36.65,39.6,38.125,38.1,7.7,0.4619804779052735,0.81018,0.00595,-0.23214,0.26753,40.1702,77.2,37,212
GOOGL261030C00315000,GOOGL,2026-10-30,30,C,315.0,-8.45,344.0799865722656,32.5,35.6,34.05,39.07,9.1,0.4523980541992188,0.77965,0.00664,-0.24587,0.29235,36.1342,73.9,7,24
GOOGL261030C00320000,GOOGL,2026-10-30,30,C,320.0,-7.0,344.0799865722656,28.65,31.55,30.1,33.76,9.6,0.43671217590332034,0.74805,0.00741,-0.2538,0.31476,32.0537,70.6,33,78
GOOGL261030C00325000,GOOGL,2026-10-30,30,C,325.0,-5.55,344.0799865722656,24.9,27.8,26.35,30.85,11.0,0.4255428540039063,0.71075,0.00814,-0.2629,0.33726,28.2638,66.8,9,142
GOOGL261030C00330000,GOOGL,2026-10-30,30,C,330.0,-4.09,344.0799865722656,21.5,24.45,22.975,26.8,12.8,0.42035491760253907,0.66794,0.00876,-0.27336,0.35813,24.8658,62.3,30,511
GOOGL261030C00335000,GOOGL,2026-10-30,30,C,335.0,-2.64,344.0799865722656,18.4,21.3,19.85,20.14,14.6,0.4146787048339844,0.6225,0.00929,-0.28016,0.37483,21.6673,57.7,30,573
GOOGL261030C00340000,GOOGL,2026-10-30,30,C,340.0,-1.19,344.0799865722656,17.0,17.9,17.45,17.66,5.2,0.39691765197753903,0.57559,0.01001,-0.27535,0.38645,18.23,53.1,351,1280
GOOGL261030C00345000,GOOGL,2026-10-30,30,C,345.0,0.27,344.0799865722656,14.0,15.65,14.825,14.45,11.1,0.40225817474365233,0.52512,0.01003,-0.28137,0.39275,15.923,47.9,417,965
GOOGL261030C00350000,GOOGL,2026-10-30,30,C,350.0,1.72,344.0799865722656,12.0,13.3,12.65,12.55,10.3,0.39893179199218753,0.47479,0.01012,-0.27755,0.39275,13.5283,43.0,1236,3345
GOOGL261030C00355000,GOOGL,2026-10-30,30,C,355.0,3.17,344.0799865722656,10.4,11.4,10.9,10.6,9.2,0.400823862915039,0.42629,0.00992,-0.2732,0.3868,11.5815,38.2,388,977
GOOGL261030C00360000,GOOGL,2026-10-30,30,C,360.0,4.63,344.0799865722656,8.55,9.05,8.8,8.97,5.7,0.38495488098144526,0.37264,0.00997,-0.25255,0.37331,9.199,33.2,419,775
GOOGL261030C00365000,GOOGL,2026-10-30,30,C,365.0,6.08,344.0799865722656,7.25,8.15,7.7,7.4,11.7,0.40180041564941404,0.33496,0.00919,-0.25238,0.35936,8.2594,29.4,334,916
GOOGL261030C00370000,GOOGL,2026-10-30,30,C,370.0,7.53,344.0799865722656,5.5,6.5,6.0,6.15,16.7,0.39258419921875,0.2878,0.00881,-0.23028,0.33646,6.5817,25.1,326,1555
GOOGL261030C00375000,GOOGL,2026-10-30,30,C,375.0,8.99,344.0799865722656,4.7,5.4,5.05,5.1,13.9,0.3936828210449219,0.24924,0.00817,-0.21415,0.31297,5.4589,21.5,824,1074
GOOGL261030C00380000,GOOGL,2026-10-30,30,C,380.0,10.44,344.0799865722656,3.9,4.6,4.25,3.96,16.5,0.39942006835937505,0.21735,0.00746,-0.20077,0.29005,4.6367,18.5,800,1499
GOOGL261030C00385000,GOOGL,2026-10-30,30,C,385.0,11.89,344.0799865722656,2.4,3.95,3.175,3.36,48.8,0.40631697204589845,0.18992,0.00677,-0.18796,0.26762,3.9705,16.0,384,764
GOOGL261030C00390000,GOOGL,2026-10-30,30,C,390.0,13.35,344.0799865722656,2.25,3.6,2.925,2.63,46.2,0.42127043579101564,0.17115,0.00612,-0.18208,0.2507,3.6061,14.2,295,642
GOOGL261030C00395000,GOOGL,2026-10-30,30,C,395.0,14.8,344.0799865722656,1.5,2.45,1.975,2.19,48.1,0.39813834289550787,0.13067,0.00541,-0.14362,0.20942,2.451,10.8,170,478
GOOGL261030C00400000,GOOGL,2026-10-30,30,C,400.0,16.25,344.0799865722656,1.64,2.0,1.82,1.92,19.8,0.39990834472656256,0.10982,0.00476,-0.12741,0.18527,1.9944,9.0,551,1068
GOOGL261030C00405000,GOOGL,2026-10-30,30,C,405.0,17.71,344.0799865722656,1.02,2.35,1.685,1.4,78.9,0.4419001123046875,0.11557,0.00447,-0.14562,0.19215,2.332,9.3,68,163
GOOGL261030C00410000,GOOGL,2026-10-30,30,C,410.0,19.16,344.0799865722656,0.72,1.75,1.235,1.42,83.4,0.4312801013183594,0.09189,0.00388,-0.1202,0.16267,1.7315,7.3,112,315
GOOGL261030C00415000,GOOGL,2026-10-30,30,C,415.0,20.61,344.0799865722656,0.11,1.42,0.765,1.15,171.2,0.43140217041015627,0.07682,0.00339,-0.10499,0.1422,1.4012,6.1,12,143
GOOGL261030C00420000,GOOGL,2026-10-30,30,C,420.0,22.06,344.0799865722656,0.44,1.15,0.795,0.95,89.3,0.43164630859375,0.06391,0.00294,-0.0911,0.12345,1.1302,5.0,24,229
GOOGL261030C00425000,GOOGL,2026-10-30,30,C,425.0,23.52,344.0799865722656,0.01,1.69,0.85,0.75,197.6,0.4909718872070313,0.07974,0.00306,-0.12253,0.14629,1.6556,6.1,16,430
GOOGL261030C00430000,GOOGL,2026-10-30,30,C,430.0,24.97,344.0799865722656,0.01,0.65,0.33,0.65,193.9,0.42163664306640625,0.03951,0.00205,-0.06056,0.08415,0.6341,3.0,13,121
GOOGL261030P00260000,GOOGL,2026-10-30,30,P,260.0,-24.44,344.0799865722656,0.0,1.71,0.22,0.22,,0.5600629931640625,-0.03246,0.00131,-0.06557,0.07164,0.7443,4.6,1,9
GOOGL261030P00265000,GOOGL,2026-10-30,30,P,265.0,-22.98,344.0799865722656,0.09,2.38,1.235,0.26,185.4,0.569340244140625,-0.04441,0.00167,-0.08599,0.09251,1.088,6.2,3,89
GOOGL261030P00270000,GOOGL,2026-10-30,30,P,270.0,-21.53,344.0799865722656,0.13,0.95,0.54,0.31,151.9,0.5073291455078125,-0.03901,0.00169,-0.06887,0.08329,0.8286,5.3,7,280
GOOGL261030P00275000,GOOGL,2026-10-30,30,P,275.0,-20.08,344.0799865722656,0.05,1.2,0.625,0.39,184.0,0.4998829309082031,-0.04862,0.00205,-0.08095,0.0995,1.0535,6.5,8,93
GOOGL261030P00280000,GOOGL,2026-10-30,30,P,280.0,-18.62,344.0799865722656,0.18,0.7,0.44,0.51,118.2,0.41748629394531245,-0.03521,0.00189,-0.05191,0.07661,0.6001,4.6,12,105
GOOGL261030P00285000,GOOGL,2026-10-30,30,P,285.0,-17.17,344.0799865722656,0.1,1.4,0.75,0.75,173.3,0.4510552941894531,-0.06095,0.00271,-0.08699,0.11895,1.2318,7.8,43,154
GOOGL261030P00290000,GOOGL,2026-10-30,30,P,290.0,-15.72,344.0799865722656,0.66,1.55,1.105,1.17,80.5,0.4288387194824219,-0.06957,0.00316,-0.09144,0.13182,1.3658,8.8,91,1700
GOOGL261030P00295000,GOOGL,2026-10-30,30,P,295.0,-14.26,344.0799865722656,0.87,1.6,1.235,1.45,59.1,0.39893179199218753,-0.07614,0.00364,-0.09089,0.14125,1.4094,9.4,230,454
GOOGL261030P00300000,GOOGL,2026-10-30,30,P,300.0,-12.81,344.0799865722656,1.16,2.12,1.64,2.0,58.5,0.39551385742187506,-0.09771,0.00442,-0.10831,0.17021,1.8843,11.9,310,704
GOOGL261030P00305000,GOOGL,2026-10-30,30,P,305.0,-11.36,344.0799865722656,1.7,2.86,2.28,2.29,50.9,0.39624627197265627,-0.12569,0.00529,-0.1296,0.20384,2.5675,15.1,227,6796
GOOGL261030P00310000,GOOGL,2026-10-30,30,P,310.0,-9.9,344.0799865722656,2.34,3.5,2.92,3.04,39.7,0.3857483300781249,-0.15194,0.00618,-0.14306,0.23197,3.1597,17.9,269,982
GOOGL261030P00315000,GOOGL,2026-10-30,30,P,315.0,-8.45,344.0799865722656,3.0,4.2,3.6,3.66,33.3,0.37280900634765624,-0.18131,0.00717,-0.15431,0.26003,3.8121,21.1,281,1205
GOOGL261030P00320000,GOOGL,2026-10-30,30,P,320.0,-7.0,344.0799865722656,4.35,4.95,4.65,5.0,12.9,0.3570010589599609,-0.21413,0.00828,-0.16252,0.28755,4.5135,24.5,484,1681
GOOGL261030P00325000,GOOGL,2026-10-30,30,P,325.0,-5.55,344.0799865722656,5.6,6.55,6.075,6.41,15.6,0.362311064453125,-0.26343,0.00914,-0.18392,0.32213,6.0289,29.8,291,862
GOOGL261030P00330000,GOOGL,2026-10-30,30,P,330.0,-4.09,344.0799865722656,7.4,8.2,7.8,7.8,10.3,0.36105985626220705,-0.31307,0.00995,-0.19768,0.3495,7.6028,35.1,346,1586
GOOGL261030P00335000,GOOGL,2026-10-30,30,P,335.0,-2.64,344.0799865722656,8.85,10.1,9.475,9.7,13.2,0.35941192352294915,-0.36581,0.01061,-0.20744,0.37106,9.4258,40.5,191,784
GOOGL261030P00340000,GOOGL,2026-10-30,30,P,340.0,-1.19,344.0799865722656,11.5,12.75,12.125,11.94,10.3,0.3698793481445312,-0.4221,0.01072,-0.22073,0.38601,11.9897,46.4,360,2796
GOOGL261030P00345000,GOOGL,2026-10-30,30,P,345.0,0.27,344.0799865722656,13.6,15.15,14.375,14.0,10.8,0.3668276208496094,-0.47669,0.01101,-0.22064,0.39286,14.3189,51.9,48,388
GOOGL261030P00350000,GOOGL,2026-10-30,30,P,350.0,1.72,344.0799865722656,16.25,17.75,17.0,17.2,8.8,0.36206692626953124,-0.53219,0.01113,-0.21479,0.39225,16.8525,57.3,174,10753
GOOGL261030P00355000,GOOGL,2026-10-30,30,P,355.0,3.17,344.0799865722656,19.15,21.0,20.075,22.0,9.2,0.3670717590332031,-0.58435,0.01077,-0.21113,0.38471,20.0341,62.5,26,336
GOOGL261030P00360000,GOOGL,2026-10-30,30,P,360.0,4.63,344.0799865722656,21.9,25.25,23.575,20.62,14.2,0.3924621301269531,-0.62419,0.0098,-0.21865,0.37431,24.2181,66.6,22,85
GOOGL261030P00365000,GOOGL,2026-10-30,30,P,365.0,6.08,344.0799865722656,25.6,28.75,27.175,22.8,11.6,0.39301144104003904,-0.66943,0.00935,-0.20589,0.35749,27.6663,70.9,27,54
GOOGL261030P00370000,GOOGL,2026-10-30,30,P,370.0,7.53,344.0799865722656,28.75,32.4,30.575,25.7,11.9,0.3920959228515625,-0.71248,0.00881,-0.18948,0.3363,31.2708,75.0,36,59
GOOGL261030P00375000,GOOGL,2026-10-30,30,P,375.0,8.99,344.0799865722656,32.5,36.55,34.525,35.9,11.7,0.4010069665527344,-0.74615,0.0081,-0.17919,0.31601,35.3785,78.2,24,34
GOOGL261030P00380000,GOOGL,2026-10-30,30,P,380.0,10.44,344.0799865722656,36.55,40.65,38.6,42.14,10.6,0.4039976593017578,-0.77965,0.00744,-0.16312,0.29234,39.4428,81.2,2,88
GOOGL261030P00385000,GOOGL,2026-10-30,30,P,385.0,11.89,344.0799865722656,41.15,44.7,42.925,36.6,8.3,0.4000914483642578,-0.81424,0.00678,-0.14056,0.26398,43.4613,84.3,30,7
GOOGL261030P00390000,GOOGL,2026-10-30,30,P,390.0,13.35,344.0799865722656,45.3,49.05,47.175,48.0,7.9,0.4023497265625,-0.84131,0.0061,-0.12313,0.23873,47.7829,86.8,1,1
GOOGL261030P00395000,GOOGL,2026-10-30,30,P,395.0,14.8,344.0799865722656,49.8,53.8,51.8,41.93,7.7,0.41797457031249996,-0.85642,0.00549,-0.11754,0.22334,52.5039,88.2,0,1
GOOGL261030P00400000,GOOGL,2026-10-30,30,P,400.0,16.25,344.0799865722656,54.5,58.65,56.575,42.56,7.3,0.436529072265625,-0.86746,0.00498,-0.11488,0.21149,57.329,89.2,0,2
GOOGL261106C00290000,GOOGL,2026-11-06,37,C,290.0,-15.72,344.0799865722656,54.85,59.0,56.925,52.7,7.3,0.5471236694335939,0.86258,0.00367,-0.20398,0.24076,59.7754,82.1,0,1
GOOGL261106C00300000,GOOGL,2026-11-06,37,C,300.0,-12.81,344.0799865722656,45.8,49.7,47.75,53.81,8.2,0.4974415490722657,0.83407,0.00457,-0.20939,0.27293,50.4669,79.2,1,8
GOOGL261106C00320000,GOOGL,2026-11-06,37,C,320.0,-7.0,344.0799865722656,29.85,32.75,31.3,34.79,9.3,0.4271297521972657,0.73608,0.00699,-0.23078,0.35808,33.4241,69.0,71,18
GOOGL261106C00330000,GOOGL,2026-11-06,37,C,330.0,-4.09,344.0799865722656,23.0,25.55,24.275,28.82,10.5,0.40650007568359375,0.66234,0.00821,-0.24203,0.40034,26.1388,61.4,12,11
GOOGL261106C00335000,GOOGL,2026-11-06,37,C,335.0,-2.64,344.0799865722656,19.9,23.1,21.5,20.86,14.9,0.416723362121582,0.61733,0.00836,-0.25608,0.418,23.621,56.6,11,15
GOOGL261106C00340000,GOOGL,2026-11-06,37,C,340.0,-1.19,344.0799865722656,17.15,19.7,18.425,21.5,13.8,0.39963368927001963,0.57505,0.00895,-0.25131,0.42929,20.1797,52.5,76,111
GOOGL261106C00345000,GOOGL,2026-11-06,37,C,345.0,0.27,344.0799865722656,14.55,17.1,15.825,19.0,16.1,0.396063168334961,0.52951,0.00917,-0.25132,0.43585,17.5253,47.9,48,81
GOOGL261106C00350000,GOOGL,2026-11-06,37,C,350.0,1.72,344.0799865722656,13.2,14.7,13.95,14.05,10.8,0.3920043710327148,0.48333,0.00928,-0.24789,0.43666,15.0747,43.4,75,70
GOOGL261106C00355000,GOOGL,2026-11-06,37,C,355.0,3.17,344.0799865722656,10.25,12.65,11.45,11.66,21.0,0.3908141973876953,0.4379,0.0092,-0.2431,0.43174,12.9736,38.9,71,19
GOOGL261106C00360000,GOOGL,2026-11-06,37,C,360.0,4.63,344.0799865722656,9.45,11.0,10.225,10.53,15.2,0.3940185110473633,0.39531,0.00892,-0.23832,0.42191,11.2757,34.8,120,170
GOOGL261106C00365000,GOOGL,2026-11-06,37,C,365.0,6.08,344.0799865722656,7.35,9.85,8.6,10.3,29.1,0.404730073852539,0.35862,0.00843,-0.23628,0.4093,10.0804,31.2,39,77
GOOGL261106C00370000,GOOGL,2026-11-06,37,C,370.0,7.53,344.0799865722656,5.4,8.5,6.95,8.66,44.6,0.4066221447753906,0.32098,0.00804,-0.2267,0.39227,8.6938,27.6,20,45
GOOGL261106C00375000,GOOGL,2026-11-06,37,C,375.0,8.99,344.0799865722656,4.4,7.25,5.825,7.14,48.9,0.40680524841308596,0.28491,0.00762,-0.21436,0.37187,7.4103,24.3,35,57
GOOGL261106C00380000,GOOGL,2026-11-06,37,C,380.0,10.44,344.0799865722656,3.45,5.55,4.5,5.0,46.7,0.38941040283203127,0.24003,0.00729,-0.18766,0.34059,5.6799,20.3,149,104
GOOGL261106C00385000,GOOGL,2026-11-06,37,C,385.0,11.89,344.0799865722656,3.0,4.7,3.85,4.12,44.2,0.3914245428466796,0.20989,0.00672,-0.17434,0.31563,4.8036,17.6,52,22
GOOGL261106C00390000,GOOGL,2026-11-06,37,C,390.0,13.35,344.0799865722656,3.0,3.9,3.45,3.45,26.1,0.391058335571289,0.18106,0.00615,-0.15886,0.28852,3.9821,15.0,81,38
GOOGL261106C00395000,GOOGL,2026-11-06,37,C,395.0,14.8,344.0799865722656,1.38,3.4,2.39,2.62,84.5,0.3975890319824219,0.15989,0.00558,-0.14879,0.26642,3.4643,13.1,7,102
GOOGL261106C00400000,GOOGL,2026-11-06,37,C,400.0,16.25,344.0799865722656,2.0,3.15,2.575,2.3,44.7,0.41138283935546877,0.14611,0.00508,-0.14468,0.25097,3.2014,11.8,72,201
GOOGL261106C00405000,GOOGL,2026-11-06,37,C,405.0,17.71,344.0799865722656,1.54,2.98,2.26,1.92,63.7,0.426885614013672,0.13532,0.00465,-0.14221,0.23824,3.0181,10.8,79,19
GOOGL261106C00410000,GOOGL,2026-11-06,37,C,410.0,19.16,344.0799865722656,1.13,2.1,1.615,1.87,60.1,0.4079038702392578,0.10501,0.00407,-0.11354,0.19921,2.1277,8.3,13,66
GOOGL261106C00420000,GOOGL,2026-11-06,37,C,420.0,22.06,344.0799865722656,0.1,1.7,0.9,1.23,177.8,0.42542078491210944,0.08467,0.00333,-0.10072,0.16997,1.7135,6.6,1,24
GOOGL261106P00260000,GOOGL,2026-11-06,37,P,260.0,-24.44,344.0799865722656,0.01,2.4,1.205,0.35,198.3,0.5419967675781252,-0.04151,0.0015,-0.06957,0.09728,1.0672,5.9,1,2
GOOGL261106P00270000,GOOGL,2026-11-06,37,P,270.0,-21.53,344.0799865722656,0.01,1.64,0.825,0.58,197.6,0.5161181201171875,-0.05679,0.00202,-0.08487,0.12499,1.4609,7.8,2,28
GOOGL261106P00275000,GOOGL,2026-11-06,37,P,275.0,-20.08,344.0799865722656,0.13,2.16,1.145,0.6,177.3,0.5192919165039063,-0.07178,0.00241,-0.10232,0.14996,1.9401,9.7,4,55
GOOGL261106P00280000,GOOGL,2026-11-06,37,P,280.0,-18.62,344.0799865722656,0.15,2.9,1.525,0.69,180.3,0.5279588220214844,-0.09107,0.00283,-0.12432,0.17947,2.627,12.2,6,17
GOOGL261106P00285000,GOOGL,2026-11-06,37,P,285.0,-17.17,344.0799865722656,0.16,2.24,1.2,0.86,173.3,0.4592339233398438,-0.08238,0.00302,-0.1,0.1665,2.0062,10.7,7,47
GOOGL261106P00290000,GOOGL,2026-11-06,37,P,290.0,-15.72,344.0799865722656,1.0,2.24,1.62,1.09,76.5,0.4270076831054688,-0.08762,0.0034,-0.09711,0.17439,2.0003,11.1,4,303
GOOGL261106P00295000,GOOGL,2026-11-06,37,P,295.0,-14.26,344.0799865722656,0.65,2.92,1.785,1.88,127.2,0.4276180285644532,-0.10968,0.00401,-0.11436,0.20556,2.6297,13.7,21,100
GOOGL261106P00300000,GOOGL,2026-11-06,37,P,300.0,-12.81,344.0799865722656,1.6,2.75,2.175,2.05,52.9,0.3865417791748046,-0.11344,0.00454,-0.10545,0.21059,2.463,13.9,36,1814
GOOGL261106P00305000,GOOGL,2026-11-06,37,P,305.0,-11.36,344.0799865722656,1.83,3.85,2.84,2.45,71.1,0.3967345483398438,-0.14692,0.00529,-0.12913,0.25191,3.4859,17.8,23,751
GOOGL261106P00310000,GOOGL,2026-11-06,37,P,310.0,-9.9,344.0799865722656,2.83,4.45,3.64,4.0,44.5,0.38196418823242184,-0.1706,0.00606,-0.13654,0.27784,4.0424,20.3,102,611
GOOGL261106P00315000,GOOGL,2026-11-06,37,P,315.0,-8.45,344.0799865722656,3.85,5.0,4.425,5.75,26.0,0.3624331335449219,-0.19543,0.00695,-0.14026,0.30245,4.5501,22.9,54,611
GOOGL261106P00320000,GOOGL,2026-11-06,37,P,320.0,-7.0,344.0799865722656,5.05,6.5,5.775,6.65,25.1,0.36743796630859377,-0.23782,0.00768,-0.15864,0.33887,5.9653,27.5,214,192
GOOGL261106P00325000,GOOGL,2026-11-06,37,P,325.0,-5.55,344.0799865722656,6.65,7.9,7.275,8.35,17.2,0.36310451354980466,-0.27882,0.00845,-0.16927,0.36802,7.2907,31.9,31,89
GOOGL261106P00330000,GOOGL,2026-11-06,37,P,330.0,-4.09,344.0799865722656,8.55,9.55,9.05,9.0,11.0,0.35962554443359374,-0.32363,0.00912,-0.17811,0.3936,8.8617,36.6,538,107
GOOGL261106P00335000,GOOGL,2026-11-06,37,P,335.0,-2.64,344.0799865722656,10.1,12.9,11.5,8.75,24.3,0.3905700592041016,-0.37834,0.00889,-0.20427,0.41656,12.094,42.6,102,750
GOOGL261106P00340000,GOOGL,2026-11-06,37,P,340.0,-1.19,344.0799865722656,12.65,13.7,13.175,11.15,8.0,0.3558108853149413,-0.42163,0.01004,-0.18877,0.42858,12.8441,46.6,27,154
GOOGL261106P00345000,GOOGL,2026-11-06,37,P,345.0,0.27,344.0799865722656,14.65,17.55,16.1,13.32,18.0,0.38556522644042956,-0.47104,0.00942,-0.20753,0.43589,16.5917,52.0,19,74
GOOGL261106P00350000,GOOGL,2026-11-06,37,P,350.0,1.72,344.0799865722656,17.8,19.75,18.775,18.9,10.4,0.3723817645263672,-0.5201,0.00977,-0.19799,0.43649,18.7217,56.7,19,54
GOOGL261106P00355000,GOOGL,2026-11-06,37,P,355.0,3.17,344.0799865722656,20.35,23.2,21.775,17.97,13.1,0.3823914300537109,-0.56452,0.0094,-0.19917,0.43131,22.0936,61.2,11,23
GOOGL261106P00360000,GOOGL,2026-11-06,37,P,360.0,4.63,344.0799865722656,23.55,26.4,24.975,20.88,11.4,0.38184211914062494,-0.60945,0.00918,-0.19123,0.42049,25.2261,65.5,11,5
GOOGL261106P00370000,GOOGL,2026-11-06,37,P,370.0,7.53,344.0799865722656,30.45,33.4,31.925,35.25,9.2,0.38049935913085936,-0.69339,0.00842,-0.16811,0.38463,32.1015,73.5,2,7
GOOGL261106P00390000,GOOGL,2026-11-06,37,P,390.0,13.35,344.0799865722656,45.95,49.8,47.875,48.6,8.0,0.39050902465820314,-0.81932,0.00615,-0.11587,0.28814,48.3081,85.0,2,2
GOOGL261106P00395000,GOOGL,2026-11-06,37,P,395.0,14.8,344.0799865722656,50.45,54.35,52.4,52.37,7.4,0.3988707574462891,-0.83924,0.00559,-0.10669,0.26738,52.8201,86.8,1,1
GOOGL261120C00260000,GOOGL,2026-11-20,51,C,260.0,-24.44,344.0799865722656,84.55,88.7,86.625,81.62,4.8,0.5505416040039064,0.9321,0.00185,-0.11657,0.16869,87.8278,90.1,1,262
GOOGL261120C00265000,GOOGL,2026-11-20,51,C,265.0,-22.98,344.0799865722656,80.2,83.2,81.7,85.07,3.7,0.5251512329101562,0.92743,0.00204,-0.11729,0.17753,82.9208,89.6,3,114
GOOGL261120C00270000,GOOGL,2026-11-20,51,C,270.0,-21.53,344.0799865722656,75.4,78.45,76.925,84.28,4.0,0.5071460418701172,0.91972,0.00229,-0.12143,0.19171,78.1534,88.8,2,743
GOOGL261120C00275000,GOOGL,2026-11-20,51,C,275.0,-20.08,344.0799865722656,70.3,74.2,72.25,68.9,5.4,0.5716595568847658,0.88135,0.0027,-0.16803,0.25524,75.3208,83.3,1,78
GOOGL261120C00280000,GOOGL,2026-11-20,51,C,280.0,-18.62,344.0799865722656,67.0,68.7,67.85,67.35,2.5,0.5207567456054687,0.88194,0.00295,-0.15545,0.25434,69.8659,83.9,48,546
GOOGL261120C00285000,GOOGL,2026-11-20,51,C,285.0,-17.17,344.0799865722656,61.3,63.65,62.475,67.55,3.8,0.48718774536132814,0.8762,0.00326,-0.15154,0.26298,64.8361,83.5,17,184
GOOGL261120C00290000,GOOGL,2026-11-20,51,C,290.0,-15.72,344.0799865722656,56.75,59.05,57.9,63.15,4.0,0.46936565795898444,0.86306,0.00363,-0.1557,0.28199,60.2334,82.1,16,447
GOOGL261120C00295000,GOOGL,2026-11-20,51,C,295.0,-14.26,344.0799865722656,52.25,54.65,53.45,58.65,4.5,0.45642633422851564,0.84616,0.00404,-0.16225,0.30496,55.8179,80.2,39,190
GOOGL261120C00300000,GOOGL,2026-11-20,51,C,300.0,-12.81,344.0799865722656,48.0,50.3,49.15,52.7,4.7,0.44287666503906253,0.82758,0.00448,-0.16817,0.32842,51.4496,78.2,309,1100
GOOGL261120C00305000,GOOGL,2026-11-20,51,C,305.0,-11.36,344.0799865722656,43.8,46.3,45.05,48.99,5.5,0.4366816586303711,0.80357,0.00493,-0.17759,0.35618,47.4148,75.5,2,388
GOOGL261120C00310000,GOOGL,2026-11-20,51,C,310.0,-9.9,344.0799865722656,39.75,42.05,40.9,40.35,5.6,0.42105681488037117,0.78139,0.00545,-0.18137,0.37944,43.1412,73.2,5,546
GOOGL261120C00315000,GOOGL,2026-11-20,51,C,315.0,-8.45,344.0799865722656,36.15,38.2,37.175,39.5,5.5,0.4128476684570312,0.75351,0.00594,-0.1883,0.40565,39.2515,70.2,43,391
GOOGL261120C00320000,GOOGL,2026-11-20,51,C,320.0,-7.0,344.0799865722656,32.2,34.55,33.375,37.5,7.0,0.4060423165893554,0.72265,0.00642,-0.19491,0.43095,35.555,67.0,65,1249
GOOGL261120C00325000,GOOGL,2026-11-20,51,C,325.0,-5.55,344.0799865722656,28.75,31.05,29.9,36.0,7.7,0.3991148956298829,0.68951,0.00688,-0.20016,0.45407,32.0039,63.5,9,1871
GOOGL261120C00330000,GOOGL,2026-11-20,51,C,330.0,-4.09,344.0799865722656,25.85,27.8,26.825,27.4,7.3,0.39395747650146484,0.65369,0.00728,-0.20479,0.47454,28.6984,59.8,102,3239
GOOGL261120C00335000,GOOGL,2026-11-20,51,C,335.0,-2.64,344.0799865722656,22.45,24.8,23.625,24.2,9.9,0.39017333465576176,0.61586,0.00761,-0.20835,0.49132,25.6385,55.9,303,2112
GOOGL261120C00340000,GOOGL,2026-11-20,51,C,340.0,-1.19,344.0799865722656,21.2,21.7,21.45,21.51,2.3,0.38068246276855466,0.57701,0.008,-0.20722,0.50352,22.4808,52.1,1018,6139
GOOGL261120C00345000,GOOGL,2026-11-20,51,C,345.0,0.27,344.0799865722656,18.5,19.5,19.0,19.2,5.3,0.38495488098144526,0.53674,0.00802,-0.21085,0.51093,20.212,47.9,722,5955
GOOGL261120C00350000,GOOGL,2026-11-20,51,C,350.0,1.72,344.0799865722656,16.0,17.2,16.6,16.6,7.2,0.3834290173339844,0.49666,0.00809,-0.20965,0.51309,17.8491,44.0,2585,7073
GOOGL261120C00355000,GOOGL,2026-11-20,51,C,355.0,3.17,344.0799865722656,14.4,15.05,14.725,15.02,4.4,0.38104867004394527,0.45664,0.00809,-0.20606,0.51007,15.638,40.1,1591,30061
GOOGL261120C00360000,GOOGL,2026-11-20,51,C,360.0,4.63,344.0799865722656,12.15,13.1,12.625,12.6,7.5,0.3788209091186523,0.41717,0.00801,-0.20068,0.50201,13.6272,36.3,1496,10148
GOOGL261120C00365000,GOOGL,2026-11-20,51,C,365.0,6.08,344.0799865722656,10.75,11.25,11.0,11.08,4.5,0.3748841809082031,0.37781,0.00788,-0.19263,0.48885,11.7202,32.6,561,2840
GOOGL261120C00370000,GOOGL,2026-11-20,51,C,370.0,7.53,344.0799865722656,9.45,9.7,9.575,9.59,2.6,0.3733888345336914,0.34071,0.00764,-0.18439,0.47164,10.1153,29.1,8412,28873
GOOGL261120C00375000,GOOGL,2026-11-20,51,C,375.0,8.99,344.0799865722656,8.05,8.5,8.275,8.31,5.4,0.375982802734375,0.30775,0.00727,-0.17736,0.45231,8.8657,26.0,624,2863
GOOGL261120C00380000,GOOGL,2026-11-20,51,C,380.0,10.44,344.0799865722656,7.0,7.4,7.2,6.65,5.6,0.3776917700195312,0.27654,0.00689,-0.16893,0.43034,7.7201,23.1,819,6471
GOOGL261120C00385000,GOOGL,2026-11-20,51,C,385.0,11.89,344.0799865722656,6.0,6.45,6.225,5.65,7.2,0.37995004821777345,0.24799,0.00647,-0.16021,0.40696,6.7301,20.5,108,1698
GOOGL261120C00390000,GOOGL,2026-11-20,51,C,390.0,13.35,344.0799865722656,5.0,5.65,5.325,5.5,12.2,0.38315436187744134,0.22242,0.00605,-0.15169,0.38322,5.8945,18.2,248,3341
GOOGL261120C00395000,GOOGL,2026-11-20,51,C,395.0,14.8,344.0799865722656,4.3,4.75,4.525,4.54,9.9,0.3807434973144531,0.19509,0.00563,-0.13922,0.35471,4.9602,15.8,392,2419
GOOGL261120C00400000,GOOGL,2026-11-20,51,C,400.0,16.25,344.0799865722656,3.7,4.0,3.85,3.85,7.8,0.37933970275878903,0.17062,0.0052,-0.1273,0.32624,4.179,13.7,7278,8793
GOOGL261120C00405000,GOOGL,2026-11-20,51,C,405.0,17.71,344.0799865722656,3.05,3.35,3.2,3.15,9.4,0.37793590820312495,0.14831,0.00476,-0.11549,0.29763,3.5019,11.8,213,1849
GOOGL261120C00410000,GOOGL,2026-11-20,51,C,410.0,19.16,344.0799865722656,2.6,2.91,2.755,3.11,11.3,0.3809876354980468,0.13128,0.00435,-0.10694,0.27393,3.0395,10.3,327,4366
GOOGL261120C00415000,GOOGL,2026-11-20,51,C,415.0,20.61,344.0799865722656,1.35,3.05,2.2,2.56,77.3,0.4043638665771484,0.12981,0.00406,-0.1123,0.27181,3.1706,10.1,25,1290
GOOGL261120C00420000,GOOGL,2026-11-20,51,C,420.0,22.06,344.0799865722656,1.92,2.05,1.985,2.05,6.5,0.38049935913085936,0.09828,0.00354,-0.08661,0.22288,2.1422,7.6,208,31988
GOOGL261120C00425000,GOOGL,2026-11-20,51,C,425.0,23.52,344.0799865722656,1.54,2.25,1.895,1.99,37.5,0.40601179931640624,0.10045,0.00337,-0.09367,0.22646,2.3373,7.6,71,1503
GOOGL261120C00430000,GOOGL,2026-11-20,51,C,430.0,24.97,344.0799865722656,0.92,1.66,1.29,1.43,57.4,0.3930724755859375,0.07992,0.00294,-0.07645,0.19106,1.7287,6.0,192,2108
GOOGL261120P00260000,GOOGL,2026-11-20,51,P,260.0,-24.44,344.0799865722656,0.58,0.85,0.715,0.55,37.8,0.4318904467773438,-0.03209,0.0013,-0.03789,0.09253,0.7388,4.6,48,1975
GOOGL261120P00265000,GOOGL,2026-11-20,51,P,265.0,-22.98,344.0799865722656,0.5,2.09,1.295,0.61,122.8,0.49597671997070314,-0.06283,0.00194,-0.07466,0.15883,1.8729,8.9,12,867
GOOGL261120P00270000,GOOGL,2026-11-20,51,P,270.0,-21.53,344.0799865722656,0.82,1.59,1.205,0.77,63.9,0.4381159704589844,-0.05519,0.00198,-0.05939,0.14347,1.4075,7.6,99,1307
GOOGL261120P00275000,GOOGL,2026-11-20,51,P,275.0,-20.08,344.0799865722656,0.95,1.82,1.385,1.32,62.8,0.42517664672851563,-0.06367,0.00228,-0.06431,0.16047,1.6132,8.6,88,2405
GOOGL261120P00280000,GOOGL,2026-11-20,51,P,280.0,-18.62,344.0799865722656,1.21,1.5,1.355,1.53,21.4,0.379889013671875,-0.05919,0.00241,-0.05408,0.15158,1.3135,7.8,97,2300
GOOGL261120P00285000,GOOGL,2026-11-20,51,P,285.0,-17.17,344.0799865722656,1.68,2.16,1.92,1.96,25.0,0.38873902282714845,-0.07963,0.00296,-0.06941,0.19054,1.9138,10.3,51,1803
GOOGL261120P00290000,GOOGL,2026-11-20,51,P,290.0,-15.72,344.0799865722656,1.95,2.62,2.285,2.43,29.3,0.38184211914062494,-0.09535,0.00345,-0.07775,0.21797,2.3321,12.2,214,12463
GOOGL261120P00295000,GOOGL,2026-11-20,51,P,295.0,-14.26,344.0799865722656,2.65,3.05,2.85,3.04,14.0,0.37055072814941403,-0.1111,0.00397,-0.084,0.24358,2.7207,14.0,163,2339
GOOGL261120P00300000,GOOGL,2026-11-20,51,P,300.0,-12.81,344.0799865722656,3.3,3.6,3.45,3.45,8.7,0.3610293389892578,-0.13035,0.00456,-0.09121,0.27259,3.2216,16.1,502,7401
GOOGL261120P00305000,GOOGL,2026-11-20,51,P,305.0,-11.36,344.0799865722656,4.05,4.4,4.225,4.05,8.3,0.3563907135009765,-0.1554,0.00521,-0.10097,0.307,3.9572,18.9,1030,2592
GOOGL261120P00310000,GOOGL,2026-11-20,51,P,310.0,-9.9,344.0799865722656,5.0,5.5,5.25,5.18,9.5,0.3562076098632812,-0.18623,0.00585,-0.11282,0.34473,4.9776,22.4,449,6494
GOOGL261120P00315000,GOOGL,2026-11-20,51,P,315.0,-8.45,344.0799865722656,6.1,6.7,6.4,6.75,9.4,0.35394933166503895,-0.21893,0.00649,-0.12286,0.37976,6.0978,26.0,395,4517
GOOGL261120P00320000,GOOGL,2026-11-20,51,P,320.0,-7.0,344.0799865722656,7.2,8.15,7.675,8.08,12.4,0.3531863998413085,-0.2553,0.00707,-0.13265,0.41326,7.4574,29.9,504,5572
GOOGL261120P00325000,GOOGL,2026-11-20,51,P,325.0,-5.55,344.0799865722656,8.95,9.9,9.425,10.0,10.1,0.35455967712402336,-0.29498,0.00757,-0.14213,0.44376,9.1111,34.2,228,2613
GOOGL261120P00330000,GOOGL,2026-11-20,51,P,330.0,-4.09,344.0799865722656,10.5,11.5,11.0,11.6,9.1,0.3481815670776367,-0.33395,0.00813,-0.14599,0.46799,10.6209,38.3,444,8310
GOOGL261120P00335000,GOOGL,2026-11-20,51,P,335.0,-2.64,344.0799865722656,12.65,13.75,13.2,13.25,8.3,0.3508976043701171,-0.37749,0.00842,-0.15249,0.48872,12.7666,42.8,210,3465
GOOGL261120P00340000,GOOGL,2026-11-20,51,P,340.0,-1.19,344.0799865722656,14.85,16.15,15.5,16.51,8.4,0.35205726074218746,-0.42117,0.00864,-0.1561,0.50306,15.0651,47.3,233,6351
GOOGL261120P00345000,GOOGL,2026-11-20,51,P,345.0,0.27,344.0799865722656,17.3,18.25,17.775,18.5,5.3,0.34311569976806633,-0.46538,0.00901,-0.15253,0.51117,17.0709,51.6,559,6778
GOOGL261120P00350000,GOOGL,2026-11-20,51,P,350.0,1.72,344.0799865722656,20.0,20.9,20.45,20.61,4.4,0.3406132833862304,-0.51054,0.0091,-0.14988,0.51293,19.6218,56.1,1196,2829
GOOGL261120P00355000,GOOGL,2026-11-20,51,P,355.0,3.17,344.0799865722656,22.9,25.2,24.05,23.85,9.6,0.3660952062988281,-0.54738,0.00841,-0.15961,0.50948,23.8172,60.1,412,1441
GOOGL261120P00360000,GOOGL,2026-11-20,51,P,360.0,4.63,344.0799865722656,26.0,27.0,26.5,26.97,3.8,0.3385381088256836,-0.5987,0.00888,-0.13969,0.49732,25.5274,64.7,244,4655
GOOGL261120P00365000,GOOGL,2026-11-20,51,P,365.0,6.08,344.0799865722656,29.25,31.65,30.45,26.7,7.9,0.3643252044677735,-0.62713,0.00808,-0.14694,0.48683,30.0908,67.7,30,1541
GOOGL261120P00370000,GOOGL,2026-11-20,51,P,370.0,7.53,344.0799865722656,32.55,35.0,33.775,30.25,7.3,0.36023588989257804,-0.6666,0.00785,-0.13638,0.46769,33.3553,71.4,28,1333
GOOGL261120P00375000,GOOGL,2026-11-20,51,P,375.0,8.99,344.0799865722656,35.6,38.75,37.175,32.13,8.5,0.3610903735351562,-0.70147,0.00747,-0.12745,0.44619,37.0265,74.7,19,740
GOOGL261120P00380000,GOOGL,2026-11-20,51,P,380.0,10.44,344.0799865722656,40.25,42.5,41.375,37.16,5.4,0.35834381896972656,-0.7365,0.00709,-0.11534,0.42006,40.6993,77.8,35,506
GOOGL261120P00385000,GOOGL,2026-11-20,51,P,385.0,11.89,344.0799865722656,44.1,46.45,45.275,48.63,5.2,0.3567569207763671,-0.76854,0.00664,-0.10322,0.39193,44.5775,80.7,1,402
GOOGL261120P00390000,GOOGL,2026-11-20,51,P,390.0,13.35,344.0799865722656,48.45,50.65,49.55,44.3,4.4,0.35834381896972656,-0.79575,0.00615,-0.09276,0.36464,48.7126,83.2,150,758
GOOGL261120P00395000,GOOGL,2026-11-20,51,P,395.0,14.8,344.0799865722656,52.45,54.9,53.675,53.57,4.6,0.35822174987792965,-0.82173,0.00566,-0.08102,0.33544,52.901,85.4,1,354
GOOGL261120P00400000,GOOGL,2026-11-20,51,P,400.0,16.25,344.0799865722656,56.7,59.55,58.125,53.69,4.9,0.367743139038086,-0.83796,0.00519,-0.07586,0.31554,57.4974,86.9,52,766
GOOGL261120P00405000,GOOGL,2026-11-20,51,P,405.0,17.71,344.0799865722656,61.15,64.0,62.575,69.3,4.6,0.368719691772461,-0.85842,0.00473,-0.06512,0.28845,61.8945,88.7,7,153
GOOGL261120P00410000,GOOGL,2026-11-20,51,P,410.0,19.16,344.0799865722656,65.5,68.1,66.8,72.1,3.9,0.3523624334716796,-0.88924,0.00417,-0.0432,0.24304,65.9336,91.2,1,130
GOOGL261120P00415000,GOOGL,2026-11-20,51,P,415.0,20.61,344.0799865722656,70.3,73.25,71.775,72.7,4.1,0.3761048718261719,-0.88933,0.0039,-0.04825,0.24291,71.0496,91.4,1,153
GOOGL261120P00420000,GOOGL,2026-11-20,51,P,420.0,22.06,344.0799865722656,75.15,78.0,76.575,80.9,3.7,0.3820862573242187,-0.90068,0.00355,-0.04187,0.22459,75.7569,92.3,20,106
GOOGL261120P00425000,GOOGL,2026-11-20,51,P,425.0,23.52,344.0799865722656,80.0,82.8,81.4,77.9,3.4,0.38892212646484375,-0.91016,0.00324,-0.03639,0.20859,80.5168,93.2,26,64
GOOGL261120P00430000,GOOGL,2026-11-20,51,P,430.0,24.97,344.0799865722656,84.15,87.6,85.875,78.06,4.0,0.39441523559570313,-0.91929,0.00295,-0.03042,0.19249,85.2779,93.9,260,135
GOOGL261218C00260000,GOOGL,2026-12-18,79,C,260.0,-24.44,344.0799865722656,85.9,89.95,87.925,82.8,4.6,0.565556102294922,0.89053,0.00207,-0.1309,0.29995,91.6908,83.3,1,1353
GOOGL261218C00265000,GOOGL,2026-12-18,79,C,265.0,-22.98,344.0799865722656,81.65,85.15,83.4,94.62,4.2,0.5437667694091797,0.88357,0.00225,-0.13167,0.31346,86.9096,82.6,8,851
GOOGL261218C00270000,GOOGL,2026-12-18,79,C,270.0,-21.53,344.0799865722656,77.3,79.55,78.425,78.69,2.9,0.4981739636230469,0.8848,0.00244,-0.12253,0.31109,81.372,83.3,4,2048
GOOGL261218C00275000,GOOGL,2026-12-18,79,C,275.0,-20.08,344.0799865722656,72.4,74.85,73.625,80.23,3.3,0.47998566894531247,0.87575,0.00267,-0.1243,0.32814,76.6828,82.4,94,32
GOOGL261218C00280000,GOOGL,2026-12-18,79,C,280.0,-18.62,344.0799865722656,67.95,70.45,69.2,74.15,3.6,0.4694266925048829,0.86269,0.00292,-0.12908,0.35161,72.2763,80.9,9,2034
GOOGL261218C00285000,GOOGL,2026-12-18,79,C,285.0,-17.17,344.0799865722656,63.4,67.05,65.225,62.02,5.6,0.4822439471435547,0.83902,0.00316,-0.14345,0.39104,68.8185,77.8,1,587
GOOGL261218C00290000,GOOGL,2026-12-18,79,C,290.0,-15.72,344.0799865722656,59.1,61.65,60.375,64.83,4.2,0.4441583905029296,0.83466,0.0035,-0.13637,0.3979,63.4588,77.8,20,2527
GOOGL261218C00295000,GOOGL,2026-12-18,79,C,295.0,-14.26,344.0799865722656,54.8,57.3,56.05,58.55,4.5,0.43079182495117196,0.81893,0.00382,-0.13935,0.4216,59.0948,76.1,1,192
GOOGL261218C00300000,GOOGL,2026-12-18,79,C,300.0,-12.81,344.0799865722656,51.2,53.1,52.15,52.15,3.6,0.41937836486816404,0.80083,0.00416,-0.14284,0.44704,54.8724,74.2,53,17999
GOOGL261218C00305000,GOOGL,2026-12-18,79,C,305.0,-11.36,344.0799865722656,46.7,49.2,47.95,52.0,5.2,0.4124814611816406,0.77915,0.00449,-0.14781,0.47502,50.9349,71.8,1,2371
GOOGL261218C00310000,GOOGL,2026-12-18,79,C,310.0,-9.9,344.0799865722656,42.85,45.7,44.275,43.67,6.4,0.41119973571777346,0.75368,0.00479,-0.15457,0.50467,47.3825,69.0,16,15702
GOOGL261218C00315000,GOOGL,2026-12-18,79,C,315.0,-8.45,344.0799865722656,39.2,41.85,40.525,45.05,6.5,0.4008848974609375,0.7301,0.00515,-0.15703,0.52918,43.4907,66.5,61,763
GOOGL261218C00320000,GOOGL,2026-12-18,79,C,320.0,-7.0,344.0799865722656,35.7,38.3,37.0,41.2,7.0,0.39398799377441407,0.70357,0.00548,-0.16019,0.55354,39.8884,63.7,126,3960
GOOGL261218C00325000,GOOGL,2026-12-18,79,C,325.0,-5.55,344.0799865722656,32.9,34.45,33.675,34.5,4.6,0.3797974618530273,0.67732,0.0059,-0.15968,0.57444,35.9916,61.2,15,1676
GOOGL261218C00330000,GOOGL,2026-12-18,79,C,330.0,-4.09,344.0799865722656,30.2,31.5,30.85,34.25,4.2,0.3785767709350586,0.64596,0.00614,-0.1634,0.59538,32.9701,57.9,123,2530
GOOGL261218C00335000,GOOGL,2026-12-18,79,C,335.0,-2.64,344.0799865722656,26.3,28.75,27.525,27.43,8.9,0.3779053909301757,0.61381,0.00632,-0.16633,0.61245,30.1443,54.5,228,1609
GOOGL261218C00340000,GOOGL,2026-12-18,79,C,340.0,-1.19,344.0799865722656,24.8,26.75,25.775,25.4,7.6,0.3864197100830078,0.58098,0.00632,-0.17179,0.62541,28.0577,51.0,280,3478
GOOGL261218C00345000,GOOGL,2026-12-18,79,C,345.0,0.27,344.0799865722656,22.5,23.8,23.15,23.25,5.6,0.377386597290039,0.54851,0.00655,-0.16934,0.63389,25.0385,47.9,441,1876
GOOGL261218C00350000,GOOGL,2026-12-18,79,C,350.0,1.72,344.0799865722656,19.8,20.85,20.325,20.6,5.2,0.36594261993408206,0.51427,0.00681,-0.16479,0.6382,22.0168,44.7,1343,6600
GOOGL261218C00355000,GOOGL,2026-12-18,79,C,355.0,3.17,344.0799865722656,17.35,18.8,18.075,17.95,8.0,0.36597313720703123,0.48105,0.0068,-0.16371,0.63789,19.8869,41.4,1018,1670
GOOGL261218C00360000,GOOGL,2026-12-18,79,C,360.0,4.63,344.0799865722656,16.25,17.1,16.675,16.53,5.1,0.36902486450195315,0.4494,0.0067,-0.16291,0.63347,18.108,38.3,232,4118
GOOGL261218C00365000,GOOGL,2026-12-18,79,C,365.0,6.08,344.0799865722656,13.85,15.55,14.7,14.25,11.6,0.3721681436157227,0.41905,0.00656,-0.16131,0.62542,16.4839,35.3,164,2225
GOOGL261218C00370000,GOOGL,2026-12-18,79,C,370.0,7.53,344.0799865722656,12.95,13.45,13.2,13.1,3.8,0.3640200317382813,0.38474,0.00656,-0.15389,0.61177,14.3071,32.2,414,4119
GOOGL261218C00375000,GOOGL,2026-12-18,79,C,375.0,8.99,344.0799865722656,11.3,12.35,11.825,11.73,8.9,0.3700319345092773,0.35812,0.0063,-0.15206,0.59778,13.14,29.6,1505,4081
GOOGL261218C00380000,GOOGL,2026-12-18,79,C,380.0,10.44,344.0799865722656,10.15,10.4,10.275,9.95,2.4,0.3592288198852539,0.32319,0.00624,-0.14166,0.57482,11.1138,26.6,578,14201
GOOGL261218C00385000,GOOGL,2026-12-18,79,C,385.0,11.89,344.0799865722656,8.45,9.7,9.075,8.81,13.8,0.36820089813232426,0.3016,0.00591,-0.14025,0.55791,10.3578,24.5,139,2724
GOOGL261218C00390000,GOOGL,2026-12-18,79,C,390.0,13.35,344.0799865722656,7.4,8.55,7.975,7.9,14.4,0.3671633108520508,0.27516,0.00568,-0.13353,0.53428,9.1468,22.1,299,7669
GOOGL261218C00395000,GOOGL,2026-12-18,79,C,395.0,14.8,344.0799865722656,6.8,7.85,7.325,7.8,14.3,0.3729005581665039,0.25499,0.00538,-0.13001,0.51401,8.3979,20.3,80,2255
GOOGL261218C00400000,GOOGL,2026-12-18,79,C,400.0,16.25,344.0799865722656,6.1,6.55,6.325,6.65,7.1,0.3644472735595704,0.22593,0.00515,-0.11874,0.48121,7.0334,17.8,1631,15025
GOOGL261218C00405000,GOOGL,2026-12-18,79,C,405.0,17.71,344.0799865722656,5.2,6.15,5.675,6.15,16.7,0.37317521362304684,0.2112,0.00484,-0.11657,0.46288,6.5963,16.5,24,2428
GOOGL261218C00410000,GOOGL,2026-12-18,79,C,410.0,19.16,344.0799865722656,4.5,5.1,4.8,4.8,12.5,0.3654848608398438,0.18541,0.00457,-0.10537,0.42788,5.4907,14.3,159,4235
GOOGL261218C00415000,GOOGL,2026-12-18,79,C,415.0,20.61,344.0799865722656,3.9,5.45,4.675,4.77,33.2,0.3899597137451172,0.18551,0.00428,-0.112,0.42803,5.8333,14.1,76,5732
GOOGL261218C00420000,GOOGL,2026-12-18,79,C,420.0,22.06,344.0799865722656,3.4,4.15,3.775,4.08,19.9,0.3721376263427735,0.15504,0.004,-0.09521,0.38151,4.4713,11.7,193,3425
GOOGL261218C00425000,GOOGL,2026-12-18,79,C,425.0,23.52,344.0799865722656,3.0,3.6,3.3,3.27,18.2,0.3711000390625,0.13853,0.00372,-0.08788,0.35375,3.8852,10.4,137,2007
GOOGL261218C00430000,GOOGL,2026-12-18,79,C,430.0,24.97,344.0799865722656,2.65,3.1,2.875,2.82,15.7,0.36963520996093746,0.12304,0.00344,-0.08051,0.3259,3.3518,9.1,115,2730
GOOGL261218P00260000,GOOGL,2026-12-18,79,P,260.0,-24.44,344.0799865722656,0.9,2.25,1.575,1.25,85.7,0.43054768676757815,-0.06151,0.00176,-0.05045,0.19443,1.9853,9.0,3,2498
GOOGL261218P00265000,GOOGL,2026-12-18,79,P,265.0,-22.98,344.0799865722656,1.24,2.05,1.645,1.27,49.2,0.3980773083496094,-0.06064,0.00188,-0.04596,0.19227,1.7937,8.6,18,2278
GOOGL261218P00270000,GOOGL,2026-12-18,79,P,270.0,-21.53,344.0799865722656,1.44,2.67,2.055,1.91,59.9,0.40204455383300786,-0.07549,0.00221,-0.05484,0.22773,2.3521,10.6,14,4272
GOOGL261218P00275000,GOOGL,2026-12-18,79,P,275.0,-20.08,344.0799865722656,1.49,3.0,2.245,2.47,67.3,0.3911804046630859,-0.08535,0.00249,-0.05835,0.24985,2.6457,11.7,60,3060
GOOGL261218P00280000,GOOGL,2026-12-18,79,P,280.0,-18.62,344.0799865722656,1.95,2.75,2.35,2.69,34.0,0.358404853515625,-0.08515,0.00272,-0.0531,0.24942,2.4014,11.4,98,6547
GOOGL261218P00285000,GOOGL,2026-12-18,79,P,285.0,-17.17,344.0799865722656,2.45,3.35,2.9,2.48,31.0,0.35559726440429684,-0.10137,0.00311,-0.05971,0.28373,2.9406,13.4,19,1189
GOOGL261218P00290000,GOOGL,2026-12-18,79,P,290.0,-15.72,344.0799865722656,3.6,3.9,3.75,3.7,8.0,0.34833415344238283,-0.1171,0.00353,-0.0646,0.31473,3.4312,15.2,275,6237
GOOGL261218P00295000,GOOGL,2026-12-18,79,P,295.0,-14.26,344.0799865722656,3.9,4.75,4.325,4.6,19.7,0.3469913934326171,-0.13837,0.00398,-0.07195,0.35346,4.2014,17.7,32,1417
GOOGL261218P00300000,GOOGL,2026-12-18,79,P,300.0,-12.81,344.0799865722656,4.6,5.5,5.05,4.62,17.8,0.34003345520019534,-0.15855,0.00444,-0.07681,0.38717,4.8773,20.0,123,10526
GOOGL261218P00305000,GOOGL,2026-12-18,79,P,305.0,-11.36,344.0799865722656,5.85,6.7,6.275,5.43,13.5,0.340826904296875,-0.1856,0.0049,-0.0847,0.42815,5.9765,23.1,50,3119
GOOGL261218P00310000,GOOGL,2026-12-18,79,P,310.0,-9.9,344.0799865722656,7.05,7.85,7.45,8.15,10.7,0.3371037969970704,-0.21224,0.00537,-0.09027,0.46422,7.0276,26.0,355,3493
GOOGL261218P00315000,GOOGL,2026-12-18,79,P,315.0,-8.45,344.0799865722656,8.25,9.2,8.725,8.75,10.9,0.33447931152343746,-0.24168,0.00583,-0.09573,0.49953,8.2715,29.3,93,3196
GOOGL261218P00320000,GOOGL,2026-12-18,79,P,320.0,-7.0,344.0799865722656,9.85,10.75,10.3,10.55,8.7,0.3325262060546875,-0.27349,0.00625,-0.10073,0.53267,9.7067,32.7,597,8421
GOOGL261218P00325000,GOOGL,2026-12-18,79,P,325.0,-5.55,344.0799865722656,11.6,12.25,11.925,12.0,5.5,0.3266974069213867,-0.30562,0.0067,-0.1033,0.56122,11.0922,36.1,142,3192
GOOGL261218P00330000,GOOGL,2026-12-18,79,P,330.0,-4.09,344.0799865722656,13.55,14.15,13.85,15.0,4.3,0.32483585327148434,-0.34115,0.00706,-0.10647,0.58729,12.8658,39.8,151,6514
GOOGL261218P00335000,GOOGL,2026-12-18,79,P,335.0,-2.64,344.0799865722656,15.55,16.4,15.975,15.96,5.3,0.3255987850952148,-0.37849,0.0073,-0.10954,0.60876,14.9819,43.7,148,2459
GOOGL261218P00340000,GOOGL,2026-12-18,79,P,340.0,-1.19,344.0799865722656,17.8,19.2,18.5,18.81,7.6,0.3318853433227539,-0.41663,0.00734,-0.11356,0.62461,17.638,47.8,79,3329
GOOGL261218P00345000,GOOGL,2026-12-18,79,P,345.0,0.27,344.0799865722656,19.95,21.8,20.875,21.3,8.9,0.33197689514160156,-0.45383,0.00746,-0.11396,0.63433,20.105,51.5,95,3279
GOOGL261218P00350000,GOOGL,2026-12-18,79,P,350.0,1.72,344.0799865722656,23.0,24.3,23.65,23.0,5.5,0.3276129251098633,-0.49159,0.00761,-0.11139,0.63847,22.473,55.2,604,6344
GOOGL261218P00355000,GOOGL,2026-12-18,79,P,355.0,3.17,344.0799865722656,25.65,27.25,26.45,23.85,6.0,0.32739930419921875,-0.52875,0.00759,-0.10928,0.63695,25.2878,58.9,75,1086
GOOGL261218P00360000,GOOGL,2026-12-18,79,P,360.0,4.63,344.0799865722656,28.4,29.65,29.025,26.61,4.3,0.3156196368408203,-0.56972,0.00778,-0.10111,0.62884,27.5529,62.6,175,1439
GOOGL261218P00365000,GOOGL,2026-12-18,79,P,365.0,6.08,344.0799865722656,31.25,33.55,32.4,29.4,7.1,0.3250189569091796,-0.6016,0.00742,-0.10097,0.61779,31.3254,65.9,23,1575
GOOGL261218P00370000,GOOGL,2026-12-18,79,P,370.0,7.53,344.0799865722656,34.65,36.95,35.8,31.95,6.4,0.32379826599121087,-0.63658,0.00724,-0.09533,0.60081,34.5977,69.1,15,1001
GOOGL261218P00375000,GOOGL,2026-12-18,79,P,375.0,8.99,344.0799865722656,38.1,39.9,39.0,35.35,4.6,0.3118354949951171,-0.67758,0.00719,-0.08369,0.57425,37.4114,72.8,310,637
GOOGL261218P00380000,GOOGL,2026-12-18,79,P,380.0,10.44,344.0799865722656,41.75,44.05,42.9,43.15,5.4,0.31833567413330077,-0.7047,0.00677,-0.08022,0.55258,41.4505,75.4,22,1360
GOOGL261218P00385000,GOOGL,2026-12-18,79,P,385.0,11.89,344.0799865722656,45.9,48.55,47.225,46.97,5.6,0.3296270651245117,-0.72562,0.00632,-0.07892,0.53353,45.8517,77.4,40,401
GOOGL261218P00390000,GOOGL,2026-12-18,79,P,390.0,13.35,344.0799865722656,49.7,52.65,51.175,53.9,5.8,0.33151913604736327,-0.75143,0.00597,-0.07261,0.50714,49.8469,79.8,20,614
GOOGL261218P00395000,GOOGL,2026-12-18,79,P,395.0,14.8,344.0799865722656,54.1,56.65,55.375,52.8,4.6,0.3290777542114257,-0.77887,0.00564,-0.06375,0.47537,53.7408,82.2,2,620
GOOGL261218P00400000,GOOGL,2026-12-18,79,P,400.0,16.25,344.0799865722656,57.9,60.95,59.425,54.65,5.1,0.3308782733154296,-0.80096,0.00527,-0.05703,0.44685,57.9456,84.1,8,1076
GOOGL261218P00405000,GOOGL,2026-12-18,79,P,405.0,17.71,344.0799865722656,62.55,65.25,63.9,68.35,4.2,0.3306341351318359,-0.82292,0.00491,-0.04915,0.41573,62.1519,86.0,1,299
GOOGL261218P00410000,GOOGL,2026-12-18,79,P,410.0,19.16,344.0799865722656,66.55,69.65,68.1,60.6,4.6,0.33075620422363283,-0.84277,0.00454,-0.04154,0.38505,66.4625,87.7,3,106
GOOGL261218P00415000,GOOGL,2026-12-18,79,P,415.0,20.61,344.0799865722656,70.6,74.15,72.375,65.6,4.9,0.3316717224121094,-0.86021,0.00419,-0.03451,0.35593,70.8805,89.2,25,247
GOOGL261218P00420000,GOOGL,2026-12-18,79,P,420.0,22.06,344.0799865722656,75.65,78.75,77.2,81.85,4.0,0.33374689697265625,-0.87507,0.00385,-0.02832,0.32939,75.4032,90.4,61,108
GOOGL261218P00425000,GOOGL,2026-12-18,79,P,425.0,23.52,344.0799865722656,80.5,83.4,81.95,85.22,3.5,0.3358220715332031,-0.88846,0.00353,-0.02235,0.30401,79.9792,91.5,2,15
GOOGL261218P00430000,GOOGL,2026-12-18,79,P,430.0,24.97,344.0799865722656,84.9,88.05,86.475,88.05,3.6,0.33624931335449215,-0.90172,0.00322,-0.01577,0.27739,84.5564,92.6,44,321
GOOGL270115C00260000,GOOGL,2027-01-15,107,C,260.0,-24.44,344.0799865722656,87.6,90.45,89.025,90.81,3.2,0.5001270690917969,0.88752,0.00205,-0.10648,0.35594,92.8459,82.7,2,2888
GOOGL270115C00265000,GOOGL,2027-01-15,107,C,265.0,-22.98,344.0799865722656,83.6,86.15,84.875,88.0,3.0,0.49335223449707044,0.87597,0.00223,-0.11126,0.38141,88.5442,81.3,3,5014
GOOGL270115C00270000,GOOGL,2027-01-15,107,C,270.0,-21.53,344.0799865722656,79.0,81.95,80.475,85.1,3.7,0.4874929180908204,0.86323,0.00241,-0.11627,0.4081,84.3351,79.7,5,2360
GOOGL270115C00275000,GOOGL,2027-01-15,107,C,275.0,-20.08,344.0799865722656,74.45,76.85,75.65,81.5,3.2,0.4602104760742188,0.85792,0.00262,-0.11373,0.41882,79.2749,79.4,8,2666
GOOGL270115C00280000,GOOGL,2027-01-15,107,C,280.0,-18.62,344.0799865722656,70.0,72.95,71.475,77.97,4.1,0.45898978515625005,0.84152,0.00283,-0.12009,0.45046,75.346,77.4,9,2952
GOOGL270115C00285000,GOOGL,2027-01-15,107,C,285.0,-17.17,344.0799865722656,66.2,68.3,67.25,72.0,3.1,0.4407404559326171,0.83094,0.00307,-0.12033,0.46975,70.7059,76.4,1,744
GOOGL270115C00290000,GOOGL,2027-01-15,107,C,290.0,-15.72,344.0799865722656,61.6,64.35,62.975,70.25,4.4,0.43555251953125,0.814,0.0033,-0.12493,0.49895,66.7272,74.4,4,1740
GOOGL270115C00295000,GOOGL,2027-01-15,107,C,295.0,-14.26,344.0799865722656,57.5,60.05,58.775,65.95,4.3,0.4223995748901367,0.79914,0.00357,-0.12651,0.52291,62.4143,72.9,7,1544
GOOGL270115C00300000,GOOGL,2027-01-15,107,C,300.0,-12.81,344.0799865722656,54.2,56.1,55.15,61.4,3.4,0.41440404937744135,0.78096,0.00383,-0.12959,0.55022,58.4311,70.9,166,7080
GOOGL270115C00305000,GOOGL,2027-01-15,107,C,305.0,-11.36,344.0799865722656,50.05,52.25,51.15,57.4,4.3,0.40668317932128906,0.76142,0.00409,-0.13244,0.57727,54.5427,68.8,10,1940
GOOGL270115C00310000,GOOGL,2027-01-15,107,C,310.0,-9.9,344.0799865722656,46.1,49.0,47.55,51.15,6.1,0.40704938659667966,0.73783,0.0043,-0.13764,0.60687,51.2296,66.1,20,4592
GOOGL270115C00315000,GOOGL,2027-01-15,107,C,315.0,-8.45,344.0799865722656,42.7,45.0,43.85,47.2,5.2,0.39383540740966794,0.71759,0.00461,-0.13778,0.62971,47.1927,64.2,12,2151
GOOGL270115C00320000,GOOGL,2027-01-15,107,C,320.0,-7.0,344.0799865722656,39.15,41.85,40.5,45.08,6.7,0.392034888305664,0.69258,0.00481,-0.14126,0.65484,43.9736,61.4,43,4058
GOOGL270115C00325000,GOOGL,2027-01-15,107,C,325.0,-5.55,344.0799865722656,35.95,38.35,37.15,40.6,6.5,0.38327643096923825,0.66828,0.00508,-0.14186,0.67607,40.414,59.0,7,1615
GOOGL270115C00330000,GOOGL,2027-01-15,107,C,330.0,-4.09,344.0799865722656,32.95,35.3,34.125,37.9,6.9,0.3792786682128906,0.64179,0.00529,-0.14343,0.69577,37.2912,56.3,257,3379
GOOGL270115C00335000,GOOGL,2027-01-15,107,C,335.0,-2.64,344.0799865722656,30.95,32.45,31.7,32.0,4.7,0.376181165008545,0.61437,0.00546,-0.14464,0.71246,34.3613,53.5,96,1703
GOOGL270115C00340000,GOOGL,2027-01-15,107,C,340.0,-1.19,344.0799865722656,28.9,29.3,29.1,29.14,1.4,0.3671633108520508,0.58644,0.00569,-0.14321,0.7257,31.1364,50.8,342,4639
GOOGL270115C00345000,GOOGL,2027-01-15,107,C,345.0,0.27,344.0799865722656,26.4,27.1,26.75,25.92,2.6,0.3691316749572754,0.55774,0.00574,-0.14472,0.73542,28.8442,47.8,152,2176
GOOGL270115C00350000,GOOGL,2027-01-15,107,C,350.0,1.72,344.0799865722656,23.95,24.85,24.4,24.25,3.7,0.3685060708618164,0.52911,0.0058,-0.14469,0.74124,26.5055,45.0,1101,25395
GOOGL270115C00355000,GOOGL,2027-01-15,107,C,355.0,3.17,344.0799865722656,21.5,22.45,21.975,22.55,4.3,0.3639895144653321,0.4998,0.00588,-0.14263,0.74322,24.0171,42.2,398,2357
GOOGL270115C00360000,GOOGL,2027-01-15,107,C,360.0,4.63,344.0799865722656,18.95,20.1,19.525,20.1,5.9,0.3582522671508789,0.46981,0.00596,-0.13941,0.74109,21.5764,39.4,539,15086
GOOGL270115C00365000,GOOGL,2027-01-15,107,C,365.0,6.08,344.0799865722656,17.45,18.5,17.975,18.15,5.8,0.36081571807861323,0.44258,0.00587,-0.13852,0.7355,19.8867,36.7,321,2621
GOOGL270115C00370000,GOOGL,2027-01-15,107,C,370.0,7.53,344.0799865722656,16.2,16.7,16.45,15.89,3.0,0.3588931298828125,0.41439,0.00583,-0.13541,0.72604,17.9979,34.1,233,9571
GOOGL270115C00375000,GOOGL,2027-01-15,107,C,375.0,8.99,344.0799865722656,14.6,15.2,14.9,14.9,4.0,0.35941192352294915,0.38796,0.00572,-0.1327,0.71371,16.4134,31.6,147,3761
GOOGL270115C00380000,GOOGL,2027-01-15,107,C,380.0,10.44,344.0799865722656,13.1,13.6,13.35,13.15,3.7,0.35678743804931634,0.36065,0.00563,-0.12826,0.6974,14.7285,29.1,732,12563
GOOGL270115C00385000,GOOGL,2027-01-15,107,C,385.0,11.89,344.0799865722656,11.3,12.7,12.0,12.7,11.7,0.3627993408203125,0.33939,0.00542,-0.12693,0.68214,13.7555,27.1,506,1936
GOOGL270115C00390000,GOOGL,2027-01-15,107,C,390.0,13.35,344.0799865722656,10.55,11.05,10.8,10.8,4.6,0.35596347167968745,0.31108,0.00533,-0.1199,0.65824,12.0193,24.7,300,9115
GOOGL270115C00395000,GOOGL,2027-01-15,107,C,395.0,14.8,344.0799865722656,9.05,10.6,9.825,10.9,15.8,0.36630882720947266,0.29544,0.00506,-0.11998,0.64322,11.5136,23.1,86,2034
GOOGL270115C00400000,GOOGL,2027-01-15,107,C,400.0,16.25,344.0799865722656,8.55,8.85,8.7,8.75,3.4,0.35416295257568353,0.26491,0.00496,-0.1099,0.61009,9.6722,20.6,4144,25070
GOOGL270115C00405000,GOOGL,2027-01-15,107,C,405.0,17.71,344.0799865722656,7.45,8.3,7.875,8.0,10.8,0.36044951080322263,0.24901,0.00472,-0.1079,0.59076,9.0681,19.1,161,4139
GOOGL270115C00410000,GOOGL,2027-01-15,107,C,410.0,19.16,344.0799865722656,6.65,7.15,6.9,6.55,7.2,0.35474278076171867,0.22497,0.00454,-0.10024,0.55868,7.8433,17.2,240,9543
GOOGL270115C00415000,GOOGL,2027-01-15,107,C,415.0,20.61,344.0799865722656,5.7,7.35,6.525,6.72,25.3,0.3729921099853516,0.22097,0.00427,-0.10384,0.553,8.024,16.6,138,2427
GOOGL270115C00420000,GOOGL,2027-01-15,107,C,420.0,22.06,344.0799865722656,5.2,5.95,5.575,5.3,13.5,0.35950347534179683,0.19304,0.00409,-0.09232,0.51048,6.5404,14.4,131,4581
GOOGL270115C00425000,GOOGL,2027-01-15,107,C,425.0,23.52,344.0799865722656,4.45,5.15,4.8,4.81,14.6,0.35574985076904286,0.17377,0.00387,-0.0854,0.47808,5.6805,12.9,56,1972
GOOGL270115C00430000,GOOGL,2027-01-15,107,C,430.0,24.97,344.0799865722656,3.9,5.6,4.75,4.9,35.8,0.37839366729736323,0.17661,0.00368,-0.09139,0.48302,6.1327,12.9,70,4162
GOOGL270115P00260000,GOOGL,2027-01-15,107,P,260.0,-24.44,344.0799865722656,1.12,2.71,1.915,1.56,83.0,0.38843385009765624,-0.06769,0.00181,-0.04144,0.24376,2.345,10.0,32,5030
GOOGL270115P00265000,GOOGL,2027-01-15,107,P,265.0,-22.98,344.0799865722656,1.57,3.05,2.31,1.81,64.1,0.37970591003417964,-0.07635,0.00203,-0.04426,0.26732,2.641,11.0,6,8709
GOOGL270115P00270000,GOOGL,2027-01-15,107,P,270.0,-21.53,344.0799865722656,1.77,3.45,2.61,2.42,64.4,0.3717103845214844,-0.08635,0.00227,-0.04737,0.29333,2.992,12.3,31,4204
GOOGL270115P00275000,GOOGL,2027-01-15,107,P,275.0,-20.08,344.0799865722656,2.02,4.7,3.36,2.54,79.8,0.3858093646240234,-0.10871,0.00259,-0.05807,0.34735,4.1233,15.3,11,3380
GOOGL270115P00280000,GOOGL,2027-01-15,107,P,280.0,-18.62,344.0799865722656,3.55,3.85,3.7,3.85,8.1,0.34088793884277346,-0.10162,0.0028,-0.0485,0.33079,3.3183,13.8,184,9192
GOOGL270115P00285000,GOOGL,2027-01-15,107,P,285.0,-17.17,344.0799865722656,3.3,6.15,4.725,3.7,60.3,0.3756165954589844,-0.13882,0.00316,-0.06653,0.41226,5.4203,18.9,72,5545
GOOGL270115P00290000,GOOGL,2027-01-15,107,P,290.0,-15.72,344.0799865722656,4.15,6.0,5.075,4.15,36.5,0.34906656799316405,-0.14428,0.00349,-0.06301,0.42319,5.251,19.2,55,4554
GOOGL270115P00295000,GOOGL,2027-01-15,107,P,295.0,-14.26,344.0799865722656,5.05,6.35,5.7,4.86,22.8,0.3333501724243164,-0.15675,0.00387,-0.06315,0.44722,5.5439,20.4,137,3065
GOOGL270115P00300000,GOOGL,2027-01-15,107,P,300.0,-12.81,344.0799865722656,6.2,8.0,7.1,6.99,25.4,0.34207811248779296,-0.1851,0.00419,-0.07176,0.49745,7.0496,23.9,297,16640
GOOGL270115P00305000,GOOGL,2027-01-15,107,P,305.0,-11.36,344.0799865722656,7.35,8.55,7.95,8.6,15.1,0.3274298214721679,-0.2019,0.00462,-0.07182,0.52453,7.5211,25.5,100,4123
GOOGL270115P00310000,GOOGL,2027-01-15,107,P,310.0,-9.9,344.0799865722656,8.95,9.8,9.375,9.27,9.1,0.3237372314453124,-0.22675,0.00499,-0.0754,0.56118,8.65,28.3,707,7165
GOOGL270115P00315000,GOOGL,2027-01-15,107,P,315.0,-8.45,344.0799865722656,10.25,11.25,10.75,11.25,9.3,0.3210822286987304,-0.25389,0.00536,-0.07888,0.59685,9.9671,31.3,76,4495
GOOGL270115P00320000,GOOGL,2027-01-15,107,P,320.0,-7.0,344.0799865722656,11.8,13.0,12.4,12.4,9.7,0.320746538696289,-0.28362,0.00567,-0.08261,0.63101,11.5713,34.5,172,7832
GOOGL270115P00325000,GOOGL,2027-01-15,107,P,325.0,-5.55,344.0799865722656,13.7,14.65,14.175,14.55,6.7,0.31650463775634763,-0.31312,0.00601,-0.08439,0.6601,13.079,37.6,83,5264
GOOGL270115P00330000,GOOGL,2027-01-15,107,P,330.0,-4.09,344.0799865722656,15.5,16.55,16.025,16.07,6.6,0.3136360140991211,-0.34458,0.0063,-0.08593,0.68607,14.8254,40.9,461,11358
GOOGL270115P00335000,GOOGL,2027-01-15,107,P,335.0,-2.64,344.0799865722656,17.9,20.2,19.05,19.2,12.1,0.33267879241943366,-0.3807,0.00615,-0.09397,0.70973,18.2821,45.1,151,2290
GOOGL270115P00340000,GOOGL,2027-01-15,107,P,340.0,-1.19,344.0799865722656,20.15,21.05,20.6,20.57,4.4,0.31073687316894527,-0.4111,0.00672,-0.08764,0.72469,19.0003,47.7,163,4870
GOOGL270115P00345000,GOOGL,2027-01-15,107,P,345.0,0.27,344.0799865722656,22.6,23.45,23.025,21.45,3.7,0.3078682495117187,-0.44525,0.00689,-0.0868,0.73621,21.2343,51.2,302,2187
GOOGL270115P00350000,GOOGL,2027-01-15,107,P,350.0,1.72,344.0799865722656,24.8,26.55,25.675,24.3,6.8,0.31211015045166013,-0.47889,0.00685,-0.08754,0.74218,24.1624,54.6,117,5730
GOOGL270115P00355000,GOOGL,2027-01-15,107,P,355.0,3.17,344.0799865722656,27.55,29.0,28.275,25.9,5.1,0.3053963504028321,-0.5141,0.00701,-0.08371,0.74275,26.4449,58.0,32,3385
GOOGL270115P00360000,GOOGL,2027-01-15,107,P,360.0,4.63,344.0799865722656,31.05,32.8,31.925,31.75,5.5,0.31473463592529294,-0.54435,0.00676,-0.08481,0.73862,30.0796,61.1,11,3331
GOOGL270115P00365000,GOOGL,2027-01-15,107,P,365.0,6.08,344.0799865722656,34.2,36.65,35.425,30.8,6.9,0.32292852371215813,-0.57264,0.00652,-0.08499,0.73086,33.7733,64.0,5,1066
GOOGL270115P00370000,GOOGL,2027-01-15,107,P,370.0,7.53,344.0799865722656,37.45,39.35,38.4,33.73,4.9,0.3131477377319336,-0.60812,0.00659,-0.07783,0.71575,36.3051,67.1,23,3765
GOOGL270115P00375000,GOOGL,2027-01-15,107,P,375.0,8.99,344.0799865722656,40.2,42.85,41.525,37.4,6.4,0.31247635772705074,-0.6386,0.00644,-0.07348,0.6979,39.6465,70.0,70,1163
GOOGL270115P00380000,GOOGL,2027-01-15,107,P,380.0,10.44,344.0799865722656,44.35,46.85,45.6,40.15,5.5,0.31735912139892575,-0.66412,0.00617,-0.07095,0.6794,43.5024,72.4,28,3761
GOOGL270115P00385000,GOOGL,2027-01-15,107,P,385.0,11.89,344.0799865722656,48.1,49.4,48.75,53.0,2.7,0.29764496307373034,-0.70676,0.00621,-0.05748,0.64102,45.8646,76.0,3,1018
GOOGL270115P00390000,GOOGL,2027-01-15,107,P,390.0,13.35,344.0799865722656,51.95,54.3,53.125,47.33,4.4,0.3133613586425781,-0.72053,0.00576,-0.05903,0.62654,50.6523,77.5,2,1219
GOOGL270115P00395000,GOOGL,2027-01-15,107,P,395.0,14.8,344.0799865722656,55.25,58.3,56.775,52.5,5.4,0.3129951513671875,-0.74552,0.0055,-0.05332,0.59758,54.513,79.7,2,369
GOOGL270115P00400000,GOOGL,2027-01-15,107,P,400.0,16.25,344.0799865722656,59.5,62.35,60.925,62.7,4.7,0.31168290863037107,-0.76989,0.00523,-0.04698,0.56583,58.4266,81.8,26,1169
GOOGL270115P00405000,GOOGL,2027-01-15,107,P,405.0,17.71,344.0799865722656,64.15,66.55,65.35,63.75,3.7,0.31131670135498035,-0.79197,0.00494,-0.04096,0.53394,62.4958,83.7,1,412
GOOGL270115P00410000,GOOGL,2027-01-15,107,P,410.0,19.16,344.0799865722656,68.0,70.8,69.4,61.15,4.0,0.31018756225585936,-0.81324,0.00465,-0.03454,0.50021,66.6183,85.5,4,615
GOOGL270115P00415000,GOOGL,2027-01-15,107,P,415.0,20.61,344.0799865722656,72.25,75.2,73.725,66.7,4.0,0.31058428680419914,-0.83163,0.00435,-0.02887,0.46852,70.9014,87.1,3,77
GOOGL270115P00420000,GOOGL,2027-01-15,107,P,420.0,22.06,344.0799865722656,77.05,79.7,78.375,78.0,3.4,0.3117439431762695,-0.84788,0.00405,-0.02365,0.43845,75.2902,88.4,8,256
GOOGL270115P00425000,GOOGL,2027-01-15,107,P,425.0,23.52,344.0799865722656,81.1,84.15,82.625,82.95,3.7,0.31012652770996096,-0.86522,0.00375,-0.0172,0.40402,79.6269,89.8,4,259
GOOGL270115P00430000,GOOGL,2027-01-15,107,P,430.0,24.97,344.0799865722656,85.3,88.75,87.025,95.25,4.0,0.3108589422607422,-0.87912,0.00347,-0.01205,0.3746,84.1232,91.0,1,97
GOOGL270219C00260000,GOOGL,2027-02-19,142,C,260.0,-24.44,344.0799865722656,89.95,93.1,91.525,90.31,3.4,0.4918568881225587,0.8681,0.00202,-0.10162,0.45859,96.1547,79.1,2,472
GOOGL270219C00265000,GOOGL,2027-02-19,142,C,265.0,-22.98,344.0799865722656,86.1,89.4,87.75,92.25,3.8,0.49432878723144535,0.85351,0.00216,-0.10778,0.49253,92.426,77.1,11,71
GOOGL270219C00270000,GOOGL,2027-02-19,142,C,270.0,-21.53,344.0799865722656,81.8,84.45,83.125,88.18,3.2,0.47186807434082034,0.84704,0.00233,-0.10658,0.50694,87.5167,76.7,55,193
GOOGL270219C00275000,GOOGL,2027-02-19,142,C,275.0,-20.08,344.0799865722656,77.6,80.15,78.875,78.95,3.2,0.4612480633544922,0.83569,0.0025,-0.10868,0.5313,83.2194,75.5,6,104
GOOGL270219C00280000,GOOGL,2027-02-19,142,C,280.0,-18.62,344.0799865722656,73.45,76.1,74.775,79.3,3.5,0.4541375387573242,0.82229,0.00267,-0.11166,0.55863,79.1547,73.9,20,636
GOOGL270219C00285000,GOOGL,2027-02-19,142,C,285.0,-17.17,344.0799865722656,69.2,72.1,70.65,65.8,4.1,0.446843910522461,0.80815,0.00285,-0.11442,0.58586,75.1375,72.3,1,17
GOOGL270219C00290000,GOOGL,2027-02-19,142,C,290.0,-15.72,344.0799865722656,65.05,68.2,66.625,72.32,4.7,0.44003855865478514,0.79302,0.00303,-0.11712,0.61326,71.2107,70.6,2,69
GOOGL270219C00295000,GOOGL,2027-02-19,142,C,295.0,-14.26,344.0799865722656,61.65,64.8,63.225,67.52,5.0,0.4396265754699707,0.77491,0.00318,-0.12145,0.64381,67.761,68.5,3,114
GOOGL270219C00300000,GOOGL,2027-02-19,142,C,300.0,-12.81,344.0799865722656,57.9,60.6,59.25,58.45,4.6,0.4261837167358399,0.76027,0.0034,-0.12176,0.66676,63.544,67.1,26,241
GOOGL270219C00305000,GOOGL,2027-02-19,142,C,305.0,-11.36,344.0799865722656,55.5,56.9,56.2,61.36,2.5,0.41904267486572266,0.74264,0.00359,-0.12362,0.69247,59.8037,65.2,3,89
GOOGL270219C00310000,GOOGL,2027-02-19,142,C,310.0,-9.9,344.0799865722656,50.85,53.5,52.175,58.0,5.1,0.4148312911987304,0.72328,0.00376,-0.12602,0.7183,56.3495,63.1,4,84
GOOGL270219C00315000,GOOGL,2027-02-19,142,C,315.0,-8.45,344.0799865722656,47.6,50.2,48.9,54.86,5.3,0.41061990753173827,0.70319,0.00393,-0.12807,0.74258,52.9894,60.9,1,93
GOOGL270219C00320000,GOOGL,2027-02-19,142,C,320.0,-7.0,344.0799865722656,44.4,46.9,45.65,44.78,5.5,0.4050962811279296,0.68263,0.0041,-0.1294,0.76482,49.6258,58.8,12,171
GOOGL270219C00325000,GOOGL,2027-02-19,142,C,325.0,-5.55,344.0799865722656,41.3,43.85,42.575,48.0,6.0,0.40146472564697266,0.66099,0.00425,-0.13086,0.78548,46.5051,56.5,3,45
GOOGL270219C00330000,GOOGL,2027-02-19,142,C,330.0,-4.09,344.0799865722656,38.35,41.1,39.725,41.0,6.9,0.40015248291015626,0.63853,0.00436,-0.13258,0.80403,43.6754,54.2,4,589
GOOGL270219C00335000,GOOGL,2027-02-19,142,C,335.0,-2.64,344.0799865722656,35.75,38.3,37.025,40.25,6.9,0.396841358795166,0.61588,0.00449,-0.13331,0.81981,40.7959,51.9,33,330
GOOGL270219C00340000,GOOGL,2027-02-19,142,C,340.0,-1.19,344.0799865722656,33.8,35.5,34.65,33.78,4.9,0.3922179919433594,0.59278,0.00461,-0.13323,0.83293,37.9157,49.6,64,563
GOOGL270219C00345000,GOOGL,2027-02-19,142,C,345.0,0.27,344.0799865722656,31.0,33.05,32.025,34.25,6.4,0.3903716969299316,0.56934,0.00469,-0.1335,0.84322,35.3769,47.3,124,662
GOOGL270219C00350000,GOOGL,2027-02-19,142,C,350.0,1.72,344.0799865722656,28.05,30.75,29.4,32.18,9.2,0.3889526437377929,0.54583,0.00475,-0.13345,0.85053,32.9877,44.9,88,1424
GOOGL270219C00355000,GOOGL,2027-02-19,142,C,355.0,3.17,344.0799865722656,25.8,28.6,27.2,30.18,10.3,0.3879303150939941,0.5224,0.00478,-0.1331,0.85483,30.7456,42.6,17,458
GOOGL270219C00360000,GOOGL,2027-02-19,142,C,360.0,4.63,344.0799865722656,24.1,26.6,25.35,27.85,9.9,0.3873657455444336,0.49921,0.0048,-0.13246,0.85618,28.6543,40.4,35,1240
GOOGL270219C00365000,GOOGL,2027-02-19,142,C,365.0,6.08,344.0799865722656,22.2,24.25,23.225,23.0,8.8,0.38139961868286126,0.47458,0.00486,-0.12977,0.85445,26.2111,38.1,88,581
GOOGL270219C00370000,GOOGL,2027-02-19,142,C,370.0,7.53,344.0799865722656,19.8,22.45,21.125,23.97,12.5,0.380590910949707,0.45157,0.00485,-0.12825,0.84987,24.3179,36.0,21,430
GOOGL270219C00375000,GOOGL,2027-02-19,142,C,375.0,8.99,344.0799865722656,18.15,20.65,19.4,19.65,12.9,0.37854625366210937,0.42838,0.00483,-0.12597,0.84235,22.4264,33.8,23,273
GOOGL270219C00380000,GOOGL,2027-02-19,142,C,380.0,10.44,344.0799865722656,17.5,19.6,18.55,17.7,11.3,0.3843140182495117,0.40925,0.00471,-0.12595,0.83394,21.291,31.9,51,1473
GOOGL270219C00385000,GOOGL,2027-02-19,142,C,385.0,11.89,344.0799865722656,15.1,18.25,16.675,19.74,18.9,0.38541264007568354,0.38878,0.00463,-0.12413,0.82269,19.8563,30.1,9,197
GOOGL270219C00390000,GOOGL,2027-02-19,142,C,390.0,13.35,344.0799865722656,13.75,16.75,15.25,16.95,19.7,0.38352056915283206,0.3673,0.00458,-0.12101,0.80837,18.2695,28.2,6,550
GOOGL270219C00395000,GOOGL,2027-02-19,142,C,395.0,14.8,344.0799865722656,12.5,15.65,14.075,16.33,22.4,0.3855957437133788,0.34868,0.00447,-0.11906,0.79383,17.092,26.5,44,261
GOOGL270219C00400000,GOOGL,2027-02-19,142,C,400.0,16.25,344.0799865722656,11.35,14.5,12.925,14.3,24.4,0.3859924682617187,0.3298,0.00437,-0.11631,0.77703,15.8622,24.8,141,1705
GOOGL270219C00410000,GOOGL,2027-02-19,142,C,410.0,19.16,344.0799865722656,10.65,12.4,11.525,10.71,15.2,0.386450227355957,0.29387,0.00415,-0.11017,0.73918,13.6122,21.7,32,948
GOOGL270219C00420000,GOOGL,2027-02-19,142,C,420.0,22.06,344.0799865722656,7.5,10.7,9.1,10.0,35.2,0.38873902282714845,0.2621,0.0039,-0.10427,0.69902,11.779,19.0,88,1040
GOOGL270219C00430000,GOOGL,2027-02-19,142,C,430.0,24.97,344.0799865722656,6.15,9.2,7.675,8.37,39.7,0.39053954193115237,0.23287,0.00365,-0.0979,0.6562,10.1564,16.5,30,597
GOOGL270219P00260000,GOOGL,2027-02-19,142,P,260.0,-24.44,344.0799865722656,2.04,3.55,2.795,2.86,54.0,0.3631655480957031,-0.07796,0.00187,-0.03674,0.31288,3.0107,11.7,13,1517
GOOGL270219P00265000,GOOGL,2027-02-19,142,P,265.0,-22.98,344.0799865722656,2.57,5.45,4.01,3.7,71.8,0.39258419921875,-0.1052,0.00216,-0.04954,0.39079,4.7193,15.7,1,857
GOOGL270219P00270000,GOOGL,2027-02-19,142,P,270.0,-21.53,344.0799865722656,3.15,6.05,4.6,3.87,63.0,0.38568729553222647,-0.11647,0.00237,-0.05212,0.42035,5.2449,17.0,10,484
GOOGL270219P00275000,GOOGL,2027-02-19,142,P,275.0,-20.08,344.0799865722656,3.95,6.85,5.4,5.2,53.7,0.38172005004882803,-0.13016,0.00258,-0.05551,0.45438,5.9519,18.7,2,580
GOOGL270219P00280000,GOOGL,2027-02-19,142,P,280.0,-18.62,344.0799865722656,4.8,6.5,5.65,5.17,30.1,0.3538577798461914,-0.13251,0.00282,-0.05171,0.46005,5.5963,18.6,6,2358
GOOGL270219P00285000,GOOGL,2027-02-19,142,P,285.0,-17.17,344.0799865722656,5.65,8.35,7.0,6.03,38.6,0.36771262176513675,-0.15771,0.00305,-0.06023,0.51728,7.2705,21.9,18,1138
GOOGL270219P00290000,GOOGL,2027-02-19,142,P,290.0,-15.72,344.0799865722656,6.75,9.7,8.225,6.85,35.9,0.3691774508666992,-0.17741,0.00328,-0.06492,0.55802,8.4881,24.4,31,2480
GOOGL270219P00295000,GOOGL,2027-02-19,142,P,295.0,-14.26,344.0799865722656,7.8,10.8,9.3,8.05,32.3,0.364538825378418,-0.19518,0.00353,-0.0676,0.59203,9.4698,26.4,4,2431
GOOGL270219P00300000,GOOGL,2027-02-19,142,P,300.0,-12.81,344.0799865722656,9.1,12.0,10.55,10.0,27.5,0.35999175170898434,-0.21414,0.00377,-0.07007,0.62563,10.5438,28.5,20,2530
GOOGL270219P00305000,GOOGL,2027-02-19,142,P,305.0,-11.36,344.0799865722656,10.5,13.4,11.95,10.37,24.3,0.35690950714111325,-0.23491,0.00401,-0.07271,0.65937,11.8065,30.8,48,1422
GOOGL270219P00310000,GOOGL,2027-02-19,142,P,310.0,-9.9,344.0799865722656,12.0,14.15,13.075,11.25,16.4,0.34323776885986323,-0.25241,0.00434,-0.07196,0.68546,12.4467,32.5,7,1550
GOOGL270219P00315000,GOOGL,2027-02-19,142,P,315.0,-8.45,344.0799865722656,13.6,16.55,15.075,12.56,19.6,0.3507755352783203,-0.27957,0.00447,-0.07702,0.7219,14.6583,35.7,5,1101
GOOGL270219P00320000,GOOGL,2027-02-19,142,P,320.0,-7.0,344.0799865722656,15.35,18.25,16.8,14.67,17.3,0.3470066520690917,-0.30316,0.00469,-0.0784,0.74972,16.2019,38.3,24,881
GOOGL270219P00325000,GOOGL,2027-02-19,142,P,325.0,-5.55,344.0799865722656,17.4,20.1,18.75,15.78,14.4,0.34360397613525384,-0.32781,0.0049,-0.07946,0.77514,17.889,40.8,7,530
GOOGL270219P00330000,GOOGL,2027-02-19,142,P,330.0,-4.09,344.0799865722656,19.4,22.2,20.8,18.65,13.5,0.34168138793945313,-0.3536,0.00507,-0.08049,0.79786,19.8147,43.5,29,710
GOOGL270219P00335000,GOOGL,2027-02-19,142,P,335.0,-2.64,344.0799865722656,21.3,24.45,22.875,23.97,13.8,0.3399724206542969,-0.37998,0.00522,-0.08109,0.81714,21.8875,46.3,1,686
GOOGL270219P00340000,GOOGL,2027-02-19,142,P,340.0,-1.19,344.0799865722656,23.95,26.2,25.075,22.37,9.0,0.33075620422363283,-0.40656,0.00547,-0.07906,0.83259,23.4667,48.8,8,1622
GOOGL270219P00345000,GOOGL,2027-02-19,142,P,345.0,0.27,344.0799865722656,26.45,29.1,27.775,24.3,9.5,0.333563793334961,-0.43408,0.0055,-0.07995,0.84447,26.1758,51.7,13,680
GOOGL270219P00350000,GOOGL,2027-02-19,142,P,350.0,1.72,344.0799865722656,28.95,31.75,30.35,26.64,9.2,0.33179379150390625,-0.46167,0.00558,-0.07902,0.85223,28.6368,54.4,19,591
GOOGL270219P00355000,GOOGL,2027-02-19,142,P,355.0,3.17,344.0799865722656,31.55,34.55,33.05,36.05,9.1,0.3302221519470215,-0.48929,0.00563,-0.07764,0.85588,31.2476,57.1,1,211
GOOGL270219P00360000,GOOGL,2027-02-19,142,P,360.0,4.63,344.0799865722656,34.5,37.4,35.95,31.0,8.1,0.32767395965576174,-0.51714,0.00567,-0.07548,0.85539,33.9064,59.8,1,1204
GOOGL270219P00365000,GOOGL,2027-02-19,142,P,365.0,6.08,344.0799865722656,37.5,40.4,38.95,34.93,7.4,0.3253546469116211,-0.54487,0.00568,-0.0729,0.85076,36.7153,62.4,10,255
GOOGL270219P00370000,GOOGL,2027-02-19,142,P,370.0,7.53,344.0799865722656,40.65,43.65,42.15,41.3,7.1,0.3244849046325683,-0.57173,0.00564,-0.07032,0.84231,39.7755,64.9,60,145
GOOGL270219P00375000,GOOGL,2027-02-19,142,P,375.0,8.99,344.0799865722656,43.9,46.85,45.375,38.9,6.5,0.32150947052001955,-0.59919,0.0056,-0.06663,0.82958,42.7845,67.4,10,42
GOOGL270219P00380000,GOOGL,2027-02-19,142,P,380.0,10.44,344.0799865722656,47.25,50.3,48.775,42.12,6.3,0.3200751586914062,-0.62537,0.00552,-0.06306,0.81355,46.0453,69.8,1,40
GOOGL270219P00385000,GOOGL,2027-02-19,142,P,385.0,11.89,344.0799865722656,50.75,53.8,52.275,48.72,5.8,0.31781688049316403,-0.65145,0.00542,-0.05885,0.79372,49.3587,72.2,13,3
GOOGL270219P00390000,GOOGL,2027-02-19,142,P,390.0,13.35,344.0799865722656,0.0,0.0,58.9,58.9,,1.0000000000000003e-05,-1.0,0.0,0.04208,0.0,39.898,100.0,41,0
GOOGL270219P00395000,GOOGL,2027-02-19,142,P,395.0,14.8,344.0799865722656,58.05,61.4,59.725,55.89,5.6,0.31687084503173824,-0.69872,0.00512,-0.05087,0.74763,56.6011,76.4,13,7
GOOGL270219P00400000,GOOGL,2027-02-19,142,P,400.0,16.25,344.0799865722656,61.85,65.5,63.675,63.64,5.7,0.3186408468627929,-0.71905,0.00493,-0.04744,0.72362,60.5364,78.2,8,29
GOOGL270219P00410000,GOOGL,2027-02-19,142,P,410.0,19.16,344.0799865722656,69.95,73.35,71.65,84.25,4.7,0.3130561859130859,-0.76434,0.00458,-0.03653,0.66052,68.039,82.0,18,21
GOOGL270219P00430000,GOOGL,2027-02-19,142,P,430.0,24.97,344.0799865722656,87.0,90.5,88.75,90.7,3.9,0.30927204406738285,-0.83607,0.00372,-0.01698,0.5305,84.5723,87.9,2,62
GOOGL270319C00260000,GOOGL,2027-03-19,170,C,260.0,-24.44,344.0799865722656,92.1,95.9,94.0,90.5,4.0,0.5001881036376954,0.85224,0.00197,-0.10098,0.54204,99.4108,76.0,9,98
GOOGL270319C00265000,GOOGL,2027-03-19,170,C,265.0,-22.98,344.0799865722656,88.15,91.05,89.6,95.65,3.2,0.4803823934936523,0.8455,0.00211,-0.10041,0.55837,94.6053,75.5,1,47
GOOGL270319C00270000,GOOGL,2027-03-19,170,C,270.0,-21.53,344.0799865722656,83.85,86.95,85.4,92.11,3.6,0.47284462707519537,0.83408,0.00224,-0.10289,0.58501,90.5029,74.1,4,415
GOOGL270319C00275000,GOOGL,2027-03-19,170,C,275.0,-20.08,344.0799865722656,79.75,82.75,81.25,78.7,3.7,0.46295703063964844,0.82284,0.00239,-0.10463,0.61003,86.3033,72.9,1,153
GOOGL270319C00280000,GOOGL,2027-03-19,170,C,280.0,-18.62,344.0799865722656,75.75,78.35,77.05,81.25,3.4,0.4494989132690429,0.81217,0.00255,-0.1053,0.63273,81.9139,71.9,1,1221
GOOGL270319C00285000,GOOGL,2027-03-19,170,C,285.0,-17.17,344.0799865722656,71.85,74.4,73.125,69.02,3.5,0.4421137332153321,0.79869,0.00271,-0.10739,0.65998,77.9457,70.4,1,271
GOOGL270319C00290000,GOOGL,2027-03-19,170,C,290.0,-15.72,344.0799865722656,68.05,70.9,69.475,74.0,4.1,0.4401148518371582,0.78275,0.00284,-0.11072,0.69028,74.4033,68.5,3,475
GOOGL270319C00295000,GOOGL,2027-03-19,170,C,295.0,-14.26,344.0799865722656,64.3,67.3,65.8,62.25,4.6,0.43555251953125,0.76701,0.00299,-0.11317,0.71818,70.7645,66.7,14,106
GOOGL270319C00300000,GOOGL,2027-03-19,170,C,300.0,-12.81,344.0799865722656,60.8,63.45,62.125,68.45,4.3,0.42673302764892584,0.75185,0.00316,-0.11431,0.74327,66.8845,65.1,5,1106
GOOGL270319C00305000,GOOGL,2027-03-19,170,C,305.0,-11.36,344.0799865722656,57.25,59.7,58.475,65.0,4.2,0.4183865534973144,0.73573,0.00333,-0.11534,0.76806,63.0972,63.5,7,335
GOOGL270319C00310000,GOOGL,2027-03-19,170,C,310.0,-9.9,344.0799865722656,53.95,56.5,55.225,58.99,4.6,0.4158688784790039,0.71737,0.00346,-0.11762,0.79404,59.8346,61.5,12,362
GOOGL270319C00315000,GOOGL,2027-03-19,170,C,315.0,-8.45,344.0799865722656,50.6,53.05,51.825,55.83,4.7,0.4092466302490234,0.69934,0.00362,-0.11857,0.81726,56.33,59.6,3,494
GOOGL270319C00320000,GOOGL,2027-03-19,170,C,320.0,-7.0,344.0799865722656,47.45,50.5,48.975,49.0,6.2,0.41203896072387697,0.67899,0.0037,-0.12162,0.84086,53.6933,57.3,8,616
GOOGL270319C00325000,GOOGL,2027-03-19,170,C,325.0,-5.55,344.0799865722656,44.5,46.85,45.675,50.0,5.1,0.4010527424621582,0.66033,0.00389,-0.12087,0.86009,49.9896,55.6,2,651
GOOGL270319C00330000,GOOGL,2027-03-19,170,C,330.0,-4.09,344.0799865722656,41.6,44.25,42.925,46.75,6.2,0.4008848974609375,0.63968,0.00398,-0.12255,0.87878,47.3028,53.3,24,703
GOOGL270319C00335000,GOOGL,2027-03-19,170,C,335.0,-2.64,344.0799865722656,39.05,41.15,40.1,39.75,5.2,0.3940490283203125,0.61913,0.00412,-0.1222,0.89472,44.1268,51.4,37,1098
GOOGL270319C00340000,GOOGL,2027-03-19,170,C,340.0,-1.19,344.0799865722656,36.55,38.45,37.5,38.03,5.1,0.39053954193115237,0.5979,0.00422,-0.12236,0.90845,41.3411,49.3,639,1428
GOOGL270319C00345000,GOOGL,2027-03-19,170,C,345.0,0.27,344.0799865722656,33.55,36.05,34.8,35.87,7.2,0.38912048873901367,0.57647,0.00429,-0.12272,0.91954,38.8469,47.1,355,742
GOOGL270319C00350000,GOOGL,2027-03-19,170,C,350.0,1.72,344.0799865722656,31.25,33.65,32.45,33.2,7.4,0.38658755508422843,0.55483,0.00435,-0.12245,0.92794,36.3532,45.0,158,2577
GOOGL270319C00355000,GOOGL,2027-03-19,170,C,355.0,3.17,344.0799865722656,30.25,31.6,30.925,30.5,4.4,0.3866638482666015,0.53353,0.00438,-0.12253,0.93349,34.2046,42.9,27,759
GOOGL270319C00360000,GOOGL,2027-03-19,170,C,360.0,4.63,344.0799865722656,27.8,29.25,28.525,28.8,5.1,0.38245246459960935,0.51141,0.00444,-0.12114,0.93642,31.7575,40.8,136,1325
GOOGL270319C00365000,GOOGL,2027-03-19,170,C,365.0,6.08,344.0799865722656,26.5,27.4,26.95,28.8,3.3,0.3824982405090332,0.49034,0.00444,-0.12058,0.93653,29.8091,38.8,28,986
GOOGL270319C00370000,GOOGL,2027-03-19,170,C,370.0,7.53,344.0799865722656,23.95,25.8,24.875,25.0,7.4,0.3841766905212402,0.47016,0.00441,-0.1202,0.93418,28.1119,36.8,46,1437
GOOGL270319C00375000,GOOGL,2027-03-19,170,C,375.0,8.99,344.0799865722656,22.2,24.05,23.125,25.35,8.0,0.3832306550598144,0.44946,0.0044,-0.11881,0.92927,26.2649,34.9,13,973
GOOGL270319C00380000,GOOGL,2027-03-19,170,C,380.0,10.44,344.0799865722656,20.9,21.95,21.425,21.2,4.9,0.3774171145629882,0.42685,0.00443,-0.1157,0.92101,24.0631,32.9,111,1557
GOOGL270319C00385000,GOOGL,2027-03-19,170,C,385.0,11.89,344.0799865722656,19.0,20.9,19.95,19.92,9.5,0.3821472918701171,0.40942,0.00433,-0.11549,0.91255,22.9234,31.2,29,1040
GOOGL270319C00390000,GOOGL,2027-03-19,170,C,390.0,13.35,344.0799865722656,17.65,19.05,18.35,18.15,7.6,0.3770203900146484,0.38751,0.00433,-0.11204,0.89931,20.9727,29.4,56,1954
GOOGL270319C00395000,GOOGL,2027-03-19,170,C,395.0,14.8,344.0799865722656,16.2,17.3,16.75,18.0,6.6,0.37189348815917966,0.36562,0.00431,-0.10829,0.88314,19.1203,27.5,463,881
GOOGL270319C00400000,GOOGL,2027-03-19,170,C,400.0,16.25,344.0799865722656,15.6,16.05,15.825,15.46,2.8,0.37152728088378906,0.34691,0.00423,-0.10587,0.86695,17.7784,25.9,351,7151
GOOGL270319C00405000,GOOGL,2027-03-19,170,C,405.0,17.71,344.0799865722656,14.0,15.6,14.8,15.6,10.8,0.379889013671875,0.33459,0.00408,-0.10626,0.85508,17.2597,24.6,126,666
GOOGL270319C00410000,GOOGL,2027-03-19,170,C,410.0,19.16,344.0799865722656,11.7,13.9,12.8,14.6,17.2,0.3723207299804688,0.31226,0.00405,-0.10108,0.83104,15.4566,22.9,26,1019
GOOGL270319C00415000,GOOGL,2027-03-19,170,C,415.0,20.61,344.0799865722656,10.65,13.55,12.1,13.7,24.0,0.3806214282226562,0.30158,0.0039,-0.10134,0.8184,15.0461,21.8,2,349
GOOGL270319C00420000,GOOGL,2027-03-19,170,C,420.0,22.06,344.0799865722656,11.2,12.2,11.7,11.19,8.5,0.3754945263671875,0.2819,0.00383,-0.09672,0.79305,13.6022,20.2,315,2392
GOOGL270319C00425000,GOOGL,2027-03-19,170,C,425.0,23.52,344.0799865722656,8.75,11.8,10.275,11.45,29.7,0.3820252227783203,0.27149,0.0037,-0.09628,0.77856,13.1472,19.2,70,444
GOOGL270319C00430000,GOOGL,2027-03-19,170,C,430.0,24.97,344.0799865722656,7.95,11.0,9.475,9.45,32.2,0.3826050509643554,0.25727,0.00359,-0.0936,0.75752,12.2765,18.1,103,2282
GOOGL270319P00260000,GOOGL,2027-03-19,170,P,260.0,-24.44,344.0799865722656,2.98,5.85,4.415,3.75,65.0,0.3865417791748046,-0.103,0.00198,-0.04344,0.42106,4.9968,15.8,60,5887
GOOGL270319P00265000,GOOGL,2027-03-19,170,P,265.0,-22.98,344.0799865722656,3.65,6.4,5.025,4.45,54.7,0.3788514263916015,-0.11288,0.00215,-0.04526,0.44979,5.4685,17.0,6,1255
GOOGL270319P00270000,GOOGL,2027-03-19,170,P,270.0,-21.53,344.0799865722656,4.35,7.3,5.825,5.2,50.6,0.37695935546875,-0.12642,0.00234,-0.04856,0.48721,6.2582,18.8,32,8209
GOOGL270319P00275000,GOOGL,2027-03-19,170,P,275.0,-20.08,344.0799865722656,5.2,8.15,6.675,6.0,44.2,0.3726564199829102,-0.13972,0.00254,-0.05117,0.52194,7.0022,20.4,409,1279
GOOGL270319P00280000,GOOGL,2027-03-19,170,P,280.0,-18.62,344.0799865722656,6.15,9.0,7.575,6.7,37.6,0.36710227630615233,-0.15334,0.00274,-0.05336,0.55558,7.7435,22.0,208,5361
GOOGL270319P00285000,GOOGL,2027-03-19,170,P,285.0,-17.17,344.0799865722656,7.25,10.05,8.65,7.65,32.4,0.3635927899169922,-0.16894,0.00295,-0.05597,0.59185,8.668,23.9,76,1888
GOOGL270319P00290000,GOOGL,2027-03-19,170,P,290.0,-15.72,344.0799865722656,8.4,10.4,9.4,8.65,21.3,0.34824260162353515,-0.17965,0.0032,-0.05528,0.61542,8.9371,24.9,769,4790
GOOGL270319P00295000,GOOGL,2027-03-19,170,P,295.0,-14.26,344.0799865722656,10.15,10.9,10.525,10.5,7.1,0.33481500152587884,-0.19234,0.00348,-0.05495,0.64202,9.3425,26.1,368,3010
GOOGL270319P00300000,GOOGL,2027-03-19,170,P,300.0,-12.81,344.0799865722656,11.05,13.7,12.375,11.05,21.4,0.35240820938110345,-0.22132,0.00359,-0.06267,0.69768,11.8968,29.9,112,8593
GOOGL270319P00305000,GOOGL,2027-03-19,170,P,305.0,-11.36,344.0799865722656,12.5,15.35,13.925,12.05,20.5,0.35178260528564453,-0.24202,0.00378,-0.06528,0.73333,13.3778,32.3,58,2245
GOOGL270319P00310000,GOOGL,2027-03-19,170,P,310.0,-9.9,344.0799865722656,14.15,16.0,15.075,14.0,12.3,0.33719534881591795,-0.25808,0.00408,-0.064,0.75877,13.9096,33.8,132,3742
GOOGL270319P00315000,GOOGL,2027-03-19,170,P,315.0,-8.45,344.0799865722656,15.8,18.6,17.2,15.4,16.3,0.34552656433105466,-0.28387,0.00418,-0.06838,0.79571,16.2906,36.9,85,3363
GOOGL270319P00320000,GOOGL,2027-03-19,170,P,320.0,-7.0,344.0799865722656,17.6,20.4,19.0,17.5,14.7,0.3424900956726074,-0.30608,0.00436,-0.06948,0.82382,17.9117,39.2,172,4935
GOOGL270319P00325000,GOOGL,2027-03-19,170,P,325.0,-5.55,344.0799865722656,19.55,22.4,20.975,18.95,13.6,0.34039966247558595,-0.32927,0.00453,-0.07049,0.84965,19.7226,41.7,16,1672
GOOGL270319P00330000,GOOGL,2027-03-19,170,P,330.0,-4.09,344.0799865722656,21.55,24.0,22.775,20.5,10.8,0.3325262060546875,-0.35209,0.00475,-0.06966,0.87166,21.1456,43.9,395,2618
GOOGL270319P00335000,GOOGL,2027-03-19,170,P,335.0,-2.64,344.0799865722656,23.95,26.6,25.275,22.65,10.5,0.334418276977539,-0.37717,0.00484,-0.07094,0.89204,23.5348,46.6,63,1496
GOOGL270319P00340000,GOOGL,2027-03-19,170,P,340.0,-1.19,344.0799865722656,26.25,28.95,27.6,24.05,9.8,0.3321599987792969,-0.40201,0.00496,-0.07077,0.9084,25.6815,49.1,28,2419
GOOGL270319P00345000,GOOGL,2027-03-19,170,P,345.0,0.27,344.0799865722656,29.1,31.35,30.225,27.05,7.4,0.32910827148437494,-0.42726,0.00508,-0.07,0.92118,27.8754,51.6,79,1456
GOOGL270319P00350000,GOOGL,2027-03-19,170,P,350.0,1.72,344.0799865722656,31.35,34.0,32.675,29.0,8.1,0.32739930419921875,-0.45274,0.00515,-0.06918,0.93022,30.3138,54.2,100,3331
GOOGL270319P00355000,GOOGL,2027-03-19,170,P,355.0,3.17,344.0799865722656,34.1,36.7,35.4,31.0,7.3,0.3248968878173828,-0.47848,0.00522,-0.06775,0.93544,32.7999,56.7,23,558
GOOGL270319P00360000,GOOGL,2027-03-19,170,P,360.0,4.63,344.0799865722656,36.9,39.65,38.275,37.6,7.2,0.323752490081787,-0.50396,0.00525,-0.0663,0.93676,35.5343,59.1,4,1761
GOOGL270319P00365000,GOOGL,2027-03-19,170,P,365.0,6.08,344.0799865722656,39.9,42.6,41.25,38.25,6.5,0.3213263668823242,-0.52971,0.00527,-0.06412,0.9342,38.2688,61.6,116,2251
GOOGL270319P00370000,GOOGL,2027-03-19,170,P,370.0,7.53,344.0799865722656,42.95,45.6,44.275,40.85,6.0,0.3181220532226562,-0.55574,0.00529,-0.06134,0.92764,41.0504,64.0,69,985
GOOGL270319P00375000,GOOGL,2027-03-19,170,P,375.0,8.99,344.0799865722656,45.95,48.9,47.425,43.95,6.2,0.31690136230468746,-0.58067,0.00525,-0.05879,0.91758,44.1337,66.3,8,741
GOOGL270319P00380000,GOOGL,2027-03-19,170,P,380.0,10.44,344.0799865722656,49.7,52.15,50.925,47.2,4.8,0.3138496350097656,-0.60623,0.00522,-0.05536,0.90339,47.1647,68.6,5,2076
GOOGL270319P00385000,GOOGL,2027-03-19,170,P,385.0,11.89,344.0799865722656,53.2,55.75,54.475,49.75,4.7,0.3135292036437988,-0.62972,0.00513,-0.05249,0.88683,50.5543,70.7,1,213
GOOGL270319P00390000,GOOGL,2027-03-19,170,P,390.0,13.35,344.0799865722656,56.55,59.25,57.9,53.95,4.7,0.3107979077148437,-0.65421,0.00505,-0.04858,0.86591,53.8384,72.9,3,323
GOOGL270319P00395000,GOOGL,2027-03-19,170,P,395.0,14.8,344.0799865722656,59.8,62.9,61.35,51.8,5.1,0.3086006640625,-0.67779,0.00495,-0.0446,0.84215,57.2777,74.9,10,279
GOOGL270319P00400000,GOOGL,2027-03-19,170,P,400.0,16.25,344.0799865722656,63.5,66.7,65.1,67.4,4.9,0.3070137658691406,-0.70022,0.00482,-0.04063,0.81618,60.8713,76.9,4,332
GOOGL270319P00405000,GOOGL,2027-03-19,170,P,405.0,17.71,344.0799865722656,67.65,70.6,69.125,63.35,4.3,0.3055184194946289,-0.72181,0.00468,-0.03651,0.78798,64.5696,78.7,6,19
GOOGL270319P00410000,GOOGL,2027-03-19,170,P,410.0,19.16,344.0799865722656,0.0,0.0,77.1,77.1,,1.0000000000000003e-05,-1.0,0.0,0.0441,0.0,58.3524,100.0,14,0
GOOGL270319P00415000,GOOGL,2027-03-19,170,P,415.0,20.61,344.0799865722656,75.3,78.75,77.025,80.16,4.5,0.3037789349365234,-0.76128,0.00435,-0.0284,0.72787,72.3316,82.1,0,51
GOOGL270319P00420000,GOOGL,2027-03-19,170,P,420.0,22.06,344.0799865722656,79.1,83.0,81.05,74.45,4.8,0.30383996948242187,-0.77876,0.00416,-0.0246,0.69754,76.3997,83.5,1,75
GOOGL270319P00425000,GOOGL,2027-03-19,170,P,425.0,23.52,344.0799865722656,83.45,87.1,85.275,86.8,4.3,0.30039151763916017,-0.79868,0.00398,-0.0194,0.66001,80.3046,85.1,3,2
GOOGL270319P00430000,GOOGL,2027-03-19,170,P,430.0,24.97,344.0799865722656,88.45,91.25,89.85,83.15,3.1,0.2963632376098633,-0.81829,0.00379,-0.01394,0.61983,84.2629,86.7,1,334
GOOGL270416C00270000,GOOGL,2027-04-16,198,C,270.0,-21.53,344.0799865722656,85.45,89.1,87.275,84.8,4.2,0.46985393432617195,0.82545,0.00216,-0.0983,0.65219,93.1336,72.3,2,4
GOOGL270416C00280000,GOOGL,2027-04-16,198,C,280.0,-18.62,344.0799865722656,77.6,81.3,79.45,75.05,4.7,0.45676202423095713,0.80103,0.00241,-0.10244,0.70729,85.309,69.5,1,6
GOOGL270416C00285000,GOOGL,2027-04-16,198,C,285.0,-17.17,344.0799865722656,73.7,77.25,75.475,71.0,4.7,0.44717960052490235,0.78888,0.00255,-0.10358,0.73265,81.2515,68.2,15,22
GOOGL270416C00290000,GOOGL,2027-04-16,198,C,290.0,-15.72,344.0799865722656,70.0,73.2,71.6,75.3,4.5,0.4370478659057617,0.77624,0.0027,-0.10443,0.75766,77.1909,66.9,1,2
GOOGL270416C00295000,GOOGL,2027-04-16,198,C,295.0,-14.26,344.0799865722656,66.4,69.5,67.95,72.01,4.6,0.4306087213134766,0.76184,0.00284,-0.10598,0.78451,73.4582,65.4,1,4
GOOGL270416C00300000,GOOGL,2027-04-16,198,C,300.0,-12.81,344.0799865722656,63.05,66.25,64.65,66.3,4.9,0.4286861331176758,0.74563,0.00295,-0.10841,0.81272,70.1522,63.5,1,25
GOOGL270416C00305000,GOOGL,2027-04-16,198,C,305.0,-11.36,344.0799865722656,59.6,62.5,61.05,65.5,4.8,0.4200192276000977,0.73057,0.0031,-0.10906,0.83704,66.3672,62.0,1,3
GOOGL270416C00310000,GOOGL,2027-04-16,198,C,310.0,-9.9,344.0799865722656,56.05,59.4,57.725,54.1,5.8,0.4179135357666015,0.71337,0.00321,-0.11102,0.86271,63.202,60.1,2,14
GOOGL270416C00315000,GOOGL,2027-04-16,198,C,315.0,-8.45,344.0799865722656,53.05,55.9,54.475,58.2,5.2,0.4104520625305175,0.69673,0.00336,-0.11151,0.88544,59.6505,58.4,9,5
GOOGL270416C00320000,GOOGL,2027-04-16,198,C,320.0,-7.0,344.0799865722656,49.95,53.4,51.675,57.1,6.7,0.4128629270935058,0.67796,0.00343,-0.11405,0.90867,57.0611,56.3,13,104
GOOGL270416C00325000,GOOGL,2027-04-16,198,C,325.0,-5.55,344.0799865722656,47.0,49.9,48.45,54.5,6.0,0.4036619692993164,0.66039,0.00358,-0.11365,0.92816,53.5028,54.6,1,20
GOOGL270416C00330000,GOOGL,2027-04-16,198,C,330.0,-4.09,344.0799865722656,44.15,47.15,45.65,47.95,6.6,0.40143420837402344,0.64152,0.00367,-0.11461,0.94671,50.6692,52.7,1,56
GOOGL270416C00335000,GOOGL,2027-04-16,198,C,335.0,-2.64,344.0799865722656,41.45,44.5,42.975,46.75,7.1,0.3992522233581543,0.62239,0.00376,-0.11531,0.96305,47.932,50.7,42,77
GOOGL270416C00340000,GOOGL,2027-04-16,198,C,340.0,-1.19,344.0799865722656,38.85,41.9,40.375,43.55,7.6,0.3966124792480469,0.60302,0.00384,-0.11564,0.97711,45.2424,48.8,95,97
GOOGL270416C00345000,GOOGL,2027-04-16,198,C,345.0,0.27,344.0799865722656,37.0,38.95,37.975,42.75,5.1,0.38954773056030273,0.58308,0.00395,-0.11465,0.98901,42.2067,46.9,9,60
GOOGL270416C00350000,GOOGL,2027-04-16,198,C,350.0,1.72,344.0799865722656,34.75,36.6,35.675,35.9,5.2,0.3875335905456542,0.56315,0.00401,-0.11458,0.99832,39.7585,45.0,101,173
GOOGL270416C00355000,GOOGL,2027-04-16,198,C,355.0,3.17,344.0799865722656,32.55,34.85,33.7,33.75,6.8,0.39050902465820314,0.54404,0.00401,-0.11545,1.00484,37.9055,43.0,37,132
GOOGL270416C00360000,GOOGL,2027-04-16,198,C,360.0,4.63,344.0799865722656,29.6,32.15,30.875,34.35,8.3,0.38315436187744134,0.52301,0.0041,-0.11353,1.00933,35.1073,41.1,51,1056
GOOGL270416C00365000,GOOGL,2027-04-16,198,C,365.0,6.08,344.0799865722656,27.55,30.15,28.85,31.95,9.0,0.3817810845947265,0.50313,0.00412,-0.11282,1.01098,33.0031,39.2,3,294
GOOGL270416C00370000,GOOGL,2027-04-16,198,C,370.0,7.53,344.0799865722656,25.6,28.25,26.925,26.73,9.8,0.38049935913085936,0.4834,0.00413,-0.11189,1.01014,30.9996,37.4,12,86
GOOGL270416C00375000,GOOGL,2027-04-16,198,C,375.0,8.99,344.0799865722656,23.8,26.4,25.1,27.42,10.4,0.3788056504821777,0.46368,0.00414,-0.11061,1.00682,29.0445,35.6,128,213
GOOGL270416C00380000,GOOGL,2027-04-16,198,C,380.0,10.44,344.0799865722656,22.1,24.65,23.375,26.0,10.9,0.37723401092529296,0.44418,0.00413,-0.10914,1.0011,27.1903,33.8,45,38
GOOGL270416C00385000,GOOGL,2027-04-16,198,C,385.0,11.89,344.0799865722656,21.55,23.35,22.45,22.51,8.0,0.37937022003173826,0.4267,0.00408,-0.10848,0.99389,25.7912,32.1,47,43
GOOGL270416C00390000,GOOGL,2027-04-16,198,C,390.0,13.35,344.0799865722656,18.95,21.7,20.325,22.7,13.5,0.37711194183349606,0.40748,0.00406,-0.10641,0.9837,24.0375,30.4,17,37
GOOGL270416C00395000,GOOGL,2027-04-16,198,C,395.0,14.8,344.0799865722656,17.55,20.3,18.925,21.4,14.5,0.3765931481933594,0.38949,0.00402,-0.10465,0.97197,22.5367,28.8,16,62
GOOGL270416C00400000,GOOGL,2027-04-16,198,C,400.0,16.25,344.0799865722656,17.2,18.9,18.05,18.4,9.4,0.3752809054565429,0.37141,0.00397,-0.10249,0.95803,21.0375,27.3,154,178
GOOGL270416C00410000,GOOGL,2027-04-16,198,C,410.0,19.16,344.0799865722656,14.65,16.4,15.525,14.9,11.3,0.373480386352539,0.33695,0.00386,-0.09797,0.92535,18.345,24.3,16,432
GOOGL270416C00420000,GOOGL,2027-04-16,198,C,420.0,22.06,344.0799865722656,11.65,14.55,13.1,15.0,22.1,0.37604383728027346,0.30746,0.00369,-0.0944,0.89085,16.3247,21.8,3,924
GOOGL270416C00430000,GOOGL,2027-04-16,198,C,430.0,24.97,344.0799865722656,9.9,12.75,11.325,12.85,25.2,0.37657788955688476,0.27868,0.00352,-0.08987,0.85112,14.36,19.4,6,1534
GOOGL270416P00260000,GOOGL,2027-04-16,198,P,260.0,-24.44,344.0799865722656,3.65,6.35,5.0,4.65,54.0,0.3682314154052735,-0.10588,0.00196,-0.03853,0.46361,5.3326,16.4,4,213
GOOGL270416P00265000,GOOGL,2027-04-16,198,P,265.0,-22.98,344.0799865722656,4.35,7.2,5.775,5.85,49.4,0.36597313720703123,-0.11819,0.00213,-0.04123,0.50153,6.0657,18.0,1,83
GOOGL270416P00270000,GOOGL,2027-04-16,198,P,270.0,-21.53,344.0799865722656,5.3,8.05,6.675,6.05,41.2,0.3623415817260742,-0.13067,0.00231,-0.04356,0.53801,6.7968,19.6,3,1655
GOOGL270416P00275000,GOOGL,2027-04-16,198,P,275.0,-20.08,344.0799865722656,6.1,8.85,7.475,6.6,36.8,0.3567569207763671,-0.14302,0.0025,-0.04534,0.57228,7.4811,21.1,2,499
GOOGL270416P00280000,GOOGL,2027-04-16,198,P,280.0,-18.62,344.0799865722656,7.0,10.0,8.5,7.6,35.3,0.35550571258544916,-0.15845,0.00268,-0.0481,0.61268,8.4846,23.0,5,2157
GOOGL270416P00285000,GOOGL,2027-04-16,198,P,285.0,-17.17,344.0799865722656,8.2,10.95,9.575,8.8,28.7,0.35001260345458973,-0.17263,0.00288,-0.04971,0.64762,9.3033,24.6,2,557
GOOGL270416P00290000,GOOGL,2027-04-16,198,P,290.0,-15.72,344.0799865722656,9.4,12.15,10.775,9.8,25.5,0.3469151002502441,-0.18892,0.00308,-0.05178,0.68528,10.3488,26.6,121,2013
GOOGL270416P00295000,GOOGL,2027-04-16,198,P,295.0,-14.26,344.0799865722656,10.75,13.65,12.2,11.1,23.8,0.3465031170654296,-0.20735,0.00326,-0.05433,0.72491,11.6726,28.8,3,66
GOOGL270416P00300000,GOOGL,2027-04-16,198,P,300.0,-12.81,344.0799865722656,12.05,15.1,13.575,12.35,22.5,0.3440617352294921,-0.22563,0.00345,-0.05621,0.76125,12.9493,30.9,11,1779
GOOGL270416P00305000,GOOGL,2027-04-16,198,P,305.0,-11.36,344.0799865722656,13.6,16.6,15.1,12.95,19.9,0.34099474929809576,-0.24446,0.00363,-0.05774,0.79573,14.2716,33.0,2,594
GOOGL270416P00310000,GOOGL,2027-04-16,198,P,310.0,-9.9,344.0799865722656,15.45,18.1,16.775,15.25,15.8,0.3367528483581543,-0.26368,0.00383,-0.05876,0.82797,15.5908,35.0,12,1689
GOOGL270416P00315000,GOOGL,2027-04-16,198,P,315.0,-8.45,344.0799865722656,17.25,19.95,18.6,16.8,14.5,0.33530327789306635,-0.28471,0.00399,-0.06019,0.85996,17.24,37.4,26,121
GOOGL270416P00320000,GOOGL,2027-04-16,198,P,320.0,-7.0,344.0799865722656,18.95,21.85,20.4,18.45,14.2,0.33313655151367194,-0.30614,0.00416,-0.06118,0.88916,18.9355,39.7,8,71
GOOGL270416P00325000,GOOGL,2027-04-16,198,P,325.0,-5.55,344.0799865722656,21.1,23.7,22.4,20.9,11.6,0.32924559921264646,-0.3278,0.00433,-0.06148,0.9153,20.581,41.9,48,60
GOOGL270416P00330000,GOOGL,2027-04-16,198,P,330.0,-4.09,344.0799865722656,23.25,25.85,24.55,21.45,10.6,0.32730775238037113,-0.35054,0.00447,-0.06194,0.9392,22.5114,44.3,5,153
GOOGL270416P00335000,GOOGL,2027-04-16,198,P,335.0,-2.64,344.0799865722656,25.5,28.05,26.775,24.15,9.5,0.32471378417968744,-0.37368,0.0046,-0.06194,0.95989,24.4916,46.7,12,28
GOOGL270416P00340000,GOOGL,2027-04-16,198,P,340.0,-1.19,344.0799865722656,28.0,29.8,28.9,26.63,6.2,0.31641308593749995,-0.39712,0.00481,-0.06025,0.9772,26.0254,48.9,11,15
GOOGL270416P00345000,GOOGL,2027-04-16,198,P,345.0,0.27,344.0799865722656,30.25,32.9,31.575,28.7,8.4,0.32045662460327146,-0.42128,0.00482,-0.06117,0.99126,28.8797,51.5,11,132
GOOGL270416P00350000,GOOGL,2027-04-16,198,P,350.0,1.72,344.0799865722656,32.8,35.4,34.1,34.92,7.6,0.3173286041259765,-0.44563,0.00491,-0.06005,1.00161,31.1452,53.9,5,489
GOOGL270416P00355000,GOOGL,2027-04-16,198,P,355.0,3.17,344.0799865722656,35.5,38.15,36.825,34.2,7.2,0.3154975677490234,-0.47006,0.00498,-0.05891,1.00816,33.655,56.2,13,20
GOOGL270416P00360000,GOOGL,2027-04-16,198,P,360.0,4.63,344.0799865722656,38.4,40.85,39.625,40.8,6.2,0.31201859863281245,-0.49501,0.00504,-0.05703,1.01093,36.1133,58.6,20,10
GOOGL270416P00365000,GOOGL,2027-04-16,198,P,365.0,6.08,344.0799865722656,41.15,44.2,42.675,43.9,7.1,0.313834376373291,-0.51831,0.00501,-0.0562,1.00995,39.2209,60.9,12,12
GOOGL270416P00375000,GOOGL,2027-04-16,198,P,375.0,8.99,344.0799865722656,47.4,50.25,48.825,48.21,5.8,0.30762411132812495,-0.56779,0.00504,-0.05108,0.99638,44.7803,65.4,0,20
GOOGL270416P00380000,GOOGL,2027-04-16,198,P,380.0,10.44,344.0799865722656,51.0,53.6,52.3,49.04,5.0,0.3061135063171387,-0.59152,0.00501,-0.04853,0.98429,47.8859,67.6,2,5
GOOGL270416P00385000,GOOGL,2027-04-16,198,P,385.0,11.89,344.0799865722656,54.2,56.35,55.275,51.76,3.9,0.2970956521606445,-0.6198,0.00506,-0.04351,0.96508,50.3723,70.0,4,3
GOOGL270416P00390000,GOOGL,2027-04-16,198,P,390.0,13.35,344.0799865722656,56.7,60.85,58.775,69.75,7.1,0.30570152313232424,-0.63587,0.00485,-0.04351,0.9518,54.6626,71.7,0,20
GOOGL270416P00395000,GOOGL,2027-04-16,198,P,395.0,14.8,344.0799865722656,61.4,64.15,62.775,58.4,4.4,0.3002847071838379,-0.66105,0.00481,-0.03908,0.92747,57.7112,73.8,12,20
GOOGL270416P00400000,GOOGL,2027-04-16,198,P,400.0,16.25,344.0799865722656,64.3,68.3,66.3,61.95,6.0,0.30335169311523436,-0.6791,0.00466,-0.03714,0.90733,61.6436,75.4,1,2
