contract,ticker,expiry,dte,type,strike,moneyness_pct,spot,bid,ask,mid,last,spread_pct,iv,delta,gamma,theta,vega,theo,prob_itm,volume,oi
GOOGL261016C00260000,GOOGL,2026-10-16,14,C,260.0,-24.31,343.5,82.2,84.75,83.475,79.71,3.1,0.8649915844726561,0.95887,0.00151,-0.20996,0.05929,84.9322,94.2,1,155
GOOGL261016C00265000,GOOGL,2026-10-16,14,C,265.0,-22.85,343.5,77.25,80.15,78.7,76.08,3.7,0.5927775097656252,0.98945,0.0007,-0.06836,0.01879,79.0551,98.6,1,56
GOOGL261016C00270000,GOOGL,2026-10-16,14,C,270.0,-21.4,343.5,72.25,75.4,73.825,74.38,4.3,0.5976602734375001,0.98336,0.00103,-0.08835,0.02785,74.1638,97.8,5,151
GOOGL261016C00275000,GOOGL,2026-10-16,14,C,275.0,-19.94,343.5,67.3,69.7,68.5,68.83,3.5,0.7143583251953125,0.95261,0.00206,-0.19779,0.06647,69.9167,93.7,1,377
GOOGL261016C00280000,GOOGL,2026-10-16,14,C,280.0,-18.49,343.5,62.3,64.8,63.55,65.01,3.9,0.6796907031250001,0.94669,0.00237,-0.20574,0.07301,65.0127,93.1,5,250
GOOGL261016C00285000,GOOGL,2026-10-16,14,C,285.0,-17.03,343.5,57.4,59.85,58.625,58.67,4.2,0.6384313500976562,0.94155,0.00272,-0.20786,0.07851,60.0669,92.5,1,364
GOOGL261016C00290000,GOOGL,2026-10-16,14,C,290.0,-15.57,343.5,52.4,54.9,53.65,51.87,4.7,0.596683720703125,0.93579,0.00313,-0.20924,0.08449,55.1205,92.0,52,334
GOOGL261016C00295000,GOOGL,2026-10-16,14,C,295.0,-14.12,343.5,47.45,50.6,49.025,49.71,6.4,0.6124306335449221,0.91017,0.00394,-0.26731,0.10909,50.7552,88.9,2,170
GOOGL261016C00300000,GOOGL,2026-10-16,14,C,300.0,-12.66,343.5,42.85,44.55,43.7,45.0,3.9,0.467778759765625,0.93829,0.00387,-0.16727,0.08192,44.8308,92.6,63,886
GOOGL261016C00305000,GOOGL,2026-10-16,14,C,305.0,-11.21,343.5,38.0,39.45,38.725,44.7,3.7,0.4128476684570312,0.93695,0.00446,-0.15375,0.08331,39.7526,92.6,589,297
GOOGL261016C00310000,GOOGL,2026-10-16,14,C,310.0,-9.75,343.5,32.85,35.1,33.975,33.69,6.6,0.4244442321777344,0.90225,0.00604,-0.20611,0.11612,35.3373,88.7,8,495
GOOGL261016C00315000,GOOGL,2026-10-16,14,C,315.0,-8.3,343.5,28.65,29.65,29.15,30.2,3.4,0.3415593188476562,0.91168,0.00697,-0.16244,0.10772,29.9464,90.0,15,507
GOOGL261016C00320000,GOOGL,2026-10-16,14,C,320.0,-6.84,343.5,24.2,25.1,24.65,24.5,3.7,0.3267889587402344,0.87763,0.00923,-0.18949,0.13643,25.3574,86.4,9,2137
GOOGL261016C00322500,GOOGL,2026-10-16,14,C,322.5,-6.11,343.5,21.5,22.55,22.025,20.67,4.8,0.29871306762695304,0.87156,0.01044,-0.18087,0.14113,22.8172,85.9,9,7
GOOGL261016C00325000,GOOGL,2026-10-16,14,C,325.0,-5.39,343.5,19.6,20.6,20.1,20.33,5.0,0.30542686767578126,0.83672,0.012,-0.21014,0.16586,20.8222,82.2,38,2134
GOOGL261016C00327500,GOOGL,2026-10-16,14,C,327.5,-4.66,343.5,17.45,19.1,18.275,18.74,9.0,0.3282537878417968,0.78756,0.01314,-0.25638,0.1952,19.2509,76.8,119,146
GOOGL261016C00330000,GOOGL,2026-10-16,14,C,330.0,-3.93,343.5,15.25,16.2,15.725,16.12,6.0,0.2799144274902343,0.78429,0.01555,-0.22461,0.19694,16.3856,76.8,509,3455
GOOGL261016C00332500,GOOGL,2026-10-16,14,C,332.5,-3.2,343.5,14.1,14.5,14.3,14.3,2.8,0.2852244329833984,0.73828,0.01696,-0.24923,0.21895,14.6389,72.0,20,88
GOOGL261016C00335000,GOOGL,2026-10-16,14,C,335.0,-2.47,343.5,12.15,12.5,12.325,12.38,2.8,0.2732006274414062,0.69977,0.01892,-0.25327,0.23399,12.6172,68.1,151,2434
GOOGL261016C00337500,GOOGL,2026-10-16,14,C,337.5,-1.75,343.5,10.4,10.7,10.55,10.7,2.8,0.2655102746582031,0.65335,0.02066,-0.25886,0.2483,10.7896,63.4,117,168
GOOGL261016C00340000,GOOGL,2026-10-16,14,C,340.0,-1.02,343.5,9.05,9.35,9.2,9.2,3.3,0.27027096923828126,0.59829,0.02127,-0.27265,0.26019,9.3986,57.8,1142,7295
GOOGL261016C00342500,GOOGL,2026-10-16,14,C,342.5,-0.29,343.5,7.6,7.95,7.775,7.9,4.5,0.26819579467773436,0.54418,0.02198,-0.2751,0.26673,7.9694,52.3,283,694
GOOGL261016C00345000,GOOGL,2026-10-16,14,C,345.0,0.44,343.5,6.5,6.75,6.625,6.7,3.8,0.26856200195312496,0.48908,0.02207,-0.27499,0.26828,6.7419,46.8,1050,6248
GOOGL261016C00347500,GOOGL,2026-10-16,14,C,347.5,1.16,343.5,5.4,5.8,5.6,5.66,7.1,0.2732006274414062,0.43607,0.02143,-0.27428,0.26493,5.7641,41.5,177,1590
GOOGL261016C00350000,GOOGL,2026-10-16,14,C,350.0,1.89,343.5,4.5,4.65,4.575,4.62,3.3,0.26581544738769536,0.38034,0.0213,-0.25705,0.25622,4.603,36.1,6664,11642
GOOGL261016C00352500,GOOGL,2026-10-16,14,C,352.5,2.62,343.5,3.65,3.85,3.75,3.79,5.3,0.2667920001220704,0.33015,0.02018,-0.24419,0.24367,3.7893,31.1,141,425
GOOGL261016C00355000,GOOGL,2026-10-16,14,C,355.0,3.35,343.5,3.1,3.15,3.125,3.1,1.6,0.2672192419433594,0.28307,0.01882,-0.22758,0.22765,3.08,26.6,2496,7814
GOOGL261016C00357500,GOOGL,2026-10-16,14,C,357.5,4.08,343.5,2.41,2.64,2.525,2.56,9.1,0.27161372924804683,0.24336,0.01714,-0.21329,0.21072,2.5625,22.7,141,1296
GOOGL261016C00360000,GOOGL,2026-10-16,14,C,360.0,4.8,343.5,2.0,2.09,2.045,2.05,4.4,0.2700268310546875,0.20279,0.01554,-0.19056,0.18991,2.0134,18.8,5140,17198
GOOGL261016C00362500,GOOGL,2026-10-16,14,C,362.5,5.53,343.5,1.63,1.71,1.67,1.69,4.8,0.27283442016601556,0.17052,0.01381,-0.17244,0.17057,1.6337,15.7,75,212
GOOGL261016C00365000,GOOGL,2026-10-16,14,C,365.0,6.26,343.5,1.34,1.4,1.37,1.37,4.4,0.27600821655273433,0.14283,0.01215,-0.15485,0.15178,1.3258,13.1,962,8656
GOOGL261016C00367500,GOOGL,2026-10-16,14,C,367.5,6.99,343.5,1.09,1.2,1.145,1.1,9.6,0.28321029296874994,0.12257,0.01066,-0.14265,0.1366,1.1274,11.2,302,230
GOOGL261016C00370000,GOOGL,2026-10-16,14,C,370.0,7.71,343.5,0.9,0.96,0.93,0.93,6.5,0.2845530529785155,0.1006,0.00921,-0.1242,0.11858,0.8921,9.1,3121,39049
GOOGL261016C00372500,GOOGL,2026-10-16,14,C,372.5,8.44,343.5,0.74,0.9,0.82,0.84,19.5,0.2981027221679687,0.0913,0.00818,-0.1209,0.11042,0.8313,8.2,74,418
GOOGL261016C00375000,GOOGL,2026-10-16,14,C,375.0,9.17,343.5,0.63,0.69,0.66,0.65,9.1,0.2962716857910156,0.07261,0.00693,-0.10096,0.0929,0.6299,6.5,2405,69894
GOOGL261016C00380000,GOOGL,2026-10-16,14,C,380.0,10.63,343.5,0.46,0.52,0.49,0.49,12.2,0.3100654931640625,0.05399,0.00526,-0.08365,0.07375,0.4658,4.8,948,12981
GOOGL261016C00385000,GOOGL,2026-10-16,14,C,385.0,12.08,343.5,0.36,0.38,0.37,0.37,5.4,0.3210517114257812,0.03936,0.00394,-0.06706,0.05722,0.3347,3.4,664,7370
GOOGL261016C00390000,GOOGL,2026-10-16,14,C,390.0,13.54,343.5,0.29,0.31,0.3,0.29,6.7,0.33740896972656254,0.03109,0.00309,-0.05795,0.04715,0.2684,2.7,174,9231
GOOGL261016C00395000,GOOGL,2026-10-16,14,C,395.0,14.99,343.5,0.25,0.26,0.255,0.25,3.9,0.3544986425781249,0.02527,0.00247,-0.05116,0.03968,0.2227,2.1,52,2078
GOOGL261016C00400000,GOOGL,2026-10-16,14,C,400.0,16.45,343.5,0.21,0.22,0.215,0.22,4.7,0.3706117626953125,0.02065,0.002,-0.04505,0.03347,0.1852,1.7,3937,23729
GOOGL261016C00405000,GOOGL,2026-10-16,14,C,405.0,17.9,343.5,0.2,0.22,0.21,0.21,9.5,0.39551385742187506,0.01933,0.00177,-0.04541,0.03165,0.1833,1.6,53,2750
GOOGL261016C00410000,GOOGL,2026-10-16,14,C,410.0,19.36,343.5,0.15,0.2,0.175,0.2,28.6,0.414068359375,0.01688,0.0015,-0.04232,0.0282,0.1647,1.4,1477,33048
GOOGL261016C00415000,GOOGL,2026-10-16,14,C,415.0,20.82,343.5,0.12,0.17,0.145,0.2,34.5,0.4282283740234375,0.0141,0.00125,-0.03746,0.02416,0.1393,1.1,30,2382
GOOGL261016C00420000,GOOGL,2026-10-16,14,C,420.0,22.27,343.5,0.11,0.14,0.125,0.13,24.0,0.43945873046875,0.01144,0.00101,-0.03206,0.02016,0.1132,0.9,123,9000
GOOGL261016C00425000,GOOGL,2026-10-16,14,C,425.0,23.73,343.5,0.1,0.12,0.11,0.12,18.2,0.45215391601562505,0.00957,0.00084,-0.02822,0.01726,0.0956,0.8,27,5403
GOOGL261016P00260000,GOOGL,2026-10-16,14,P,260.0,-24.31,343.5,0.03,0.07,0.05,0.04,80.0,0.5312546875,-0.00304,0.00026,-0.0117,0.00623,0.0338,0.4,2,957
GOOGL261016P00265000,GOOGL,2026-10-16,14,P,265.0,-22.85,343.5,0.04,0.07,0.055,0.07,54.5,0.5039112109375,-0.00353,0.00031,-0.01269,0.00713,0.0377,0.5,7,2237
GOOGL261016P00270000,GOOGL,2026-10-16,14,P,270.0,-21.4,343.5,0.06,0.09,0.075,0.08,40.0,0.500005,-0.00581,0.00049,-0.01963,0.01112,0.0646,0.8,42,4587
GOOGL261016P00275000,GOOGL,2026-10-16,14,P,275.0,-19.94,343.5,0.05,0.11,0.08,0.07,75.0,0.477544287109375,-0.00732,0.00063,-0.02297,0.01363,0.0794,0.9,14,4049
GOOGL261016P00280000,GOOGL,2026-10-16,14,P,280.0,-18.49,343.5,0.09,0.12,0.105,0.11,28.6,0.44824770507812495,-0.00843,0.00076,-0.0244,0.01544,0.087,1.1,10,2276
GOOGL261016P00285000,GOOGL,2026-10-16,14,P,285.0,-17.03,343.5,0.11,0.13,0.12,0.14,16.7,0.418951123046875,-0.00977,0.00093,-0.02591,0.01757,0.0955,1.2,68,3628
GOOGL261016P00290000,GOOGL,2026-10-16,14,P,290.0,-15.57,343.5,0.14,0.17,0.155,0.15,19.4,0.39942006835937505,-0.01311,0.00125,-0.03184,0.02268,0.1261,1.6,46,4919
GOOGL261016P00295000,GOOGL,2026-10-16,14,P,295.0,-14.12,343.5,0.17,0.19,0.18,0.19,11.1,0.3711000390625,-0.01571,0.00158,-0.03452,0.02651,0.1432,1.9,24,4758
GOOGL261016P00300000,GOOGL,2026-10-16,14,P,300.0,-12.66,343.5,0.22,0.24,0.23,0.23,8.7,0.348639326171875,-0.02069,0.00212,-0.04094,0.03352,0.1831,2.4,362,7367
GOOGL261016P00305000,GOOGL,2026-10-16,14,P,305.0,-11.21,343.5,0.26,0.34,0.3,0.3,26.7,0.33228206787109377,-0.02986,0.00303,-0.05296,0.0456,0.2644,3.5,100,3471
GOOGL261016P00310000,GOOGL,2026-10-16,14,P,310.0,-9.75,343.5,0.39,0.41,0.4,0.4,5.0,0.30542686767578126,-0.03828,0.00405,-0.05953,0.05593,0.3224,4.4,203,6500
GOOGL261016P00315000,GOOGL,2026-10-16,14,P,315.0,-8.3,343.5,0.6,0.61,0.605,0.64,1.7,0.29090064575195307,-0.05755,0.00589,-0.07835,0.07755,0.4922,6.4,1205,6768
GOOGL261016P00317500,GOOGL,2026-10-16,14,P,317.5,-7.57,343.5,0.74,0.83,0.785,0.78,11.5,0.2915109912109374,-0.07578,0.00728,-0.097,0.09598,0.6823,8.4,56,182
GOOGL261016P00320000,GOOGL,2026-10-16,14,P,320.0,-6.84,343.5,0.93,0.98,0.955,0.97,5.2,0.2819896020507812,-0.09035,0.00859,-0.10685,0.10957,0.8135,10.0,517,11401
GOOGL261016P00322500,GOOGL,2026-10-16,14,P,322.5,-6.11,343.5,1.13,1.25,1.19,1.25,10.1,0.2788158056640625,-0.11301,0.01022,-0.12405,0.12897,1.0538,12.4,154,750
GOOGL261016P00325000,GOOGL,2026-10-16,14,P,325.0,-5.39,343.5,1.46,1.58,1.52,1.55,7.9,0.2755199401855468,-0.13976,0.01199,-0.14176,0.14956,1.3514,15.2,882,7466
GOOGL261016P00327500,GOOGL,2026-10-16,14,P,327.5,-4.66,343.5,1.84,1.99,1.915,1.91,7.8,0.27259028198242186,-0.17133,0.01387,-0.15993,0.17109,1.7246,18.5,187,2601
GOOGL261016P00330000,GOOGL,2026-10-16,14,P,330.0,-3.93,343.5,2.36,2.48,2.42,2.41,5.0,0.2695385546875,-0.20754,0.01578,-0.1773,0.19254,2.1776,22.3,804,9881
GOOGL261016P00332500,GOOGL,2026-10-16,14,P,332.5,-3.2,343.5,2.9,3.3,3.1,3.02,12.9,0.2766795965576171,-0.25589,0.01728,-0.2039,0.21642,2.9431,27.4,116,517
GOOGL261016P00335000,GOOGL,2026-10-16,14,P,335.0,-2.47,343.5,3.7,3.9,3.8,3.75,5.3,0.26923338195800783,-0.29783,0.01913,-0.21257,0.23313,3.511,31.6,1051,4104
GOOGL261016P00337500,GOOGL,2026-10-16,14,P,337.5,-1.75,343.5,4.45,4.8,4.625,4.64,7.6,0.2694164855957031,-0.34848,0.0204,-0.22578,0.24878,4.3692,36.8,504,2133
GOOGL261016P00340000,GOOGL,2026-10-16,14,P,340.0,-1.02,343.5,5.55,5.75,5.65,5.72,3.5,0.266608896484375,-0.40066,0.02155,-0.23192,0.26002,5.2821,42.1,766,10748
GOOGL261016P00342500,GOOGL,2026-10-16,14,P,342.5,-0.29,343.5,6.55,7.0,6.775,6.86,6.6,0.2700268310546875,-0.45597,0.02183,-0.23937,0.26675,6.4932,47.7,79,807
GOOGL261016P00345000,GOOGL,2026-10-16,14,P,345.0,0.44,343.5,7.9,8.3,8.1,8.1,4.9,0.2703930383300781,-0.5107,0.02192,-0.23901,0.26829,7.7622,53.2,398,7553
GOOGL261016P00347500,GOOGL,2026-10-16,14,P,347.5,1.16,343.5,9.25,9.7,9.475,9.58,4.7,0.26959958923339844,-0.56506,0.0217,-0.2327,0.26481,9.136,58.6,77,1200
GOOGL261016P00350000,GOOGL,2026-10-16,14,P,350.0,1.89,343.5,10.95,11.3,11.125,11.22,3.1,0.2715526947021484,-0.61678,0.0209,-0.22466,0.2568,10.7136,63.7,328,6121
GOOGL261016P00352500,GOOGL,2026-10-16,14,P,352.5,2.62,343.5,12.5,12.95,12.725,12.4,3.5,0.27082028015136717,-0.6672,0.01994,-0.20997,0.24445,12.3472,68.6,16,486
GOOGL261016P00355000,GOOGL,2026-10-16,14,P,355.0,3.35,343.5,14.25,15.0,14.625,15.45,5.1,0.2820506365966796,-0.70566,0.01817,-0.20544,0.23188,14.3766,72.4,20,3008
GOOGL261016P00357500,GOOGL,2026-10-16,14,P,357.5,4.08,343.5,16.2,17.05,16.625,16.45,5.1,0.2902292657470703,-0.74131,0.01657,-0.19589,0.21764,16.4133,75.9,25,216
GOOGL261016P00360000,GOOGL,2026-10-16,14,P,360.0,4.8,343.5,18.2,19.05,18.625,18.43,4.6,0.292853751220703,-0.77715,0.01514,-0.17861,0.20067,18.4076,79.4,29,2512
GOOGL261016P00362500,GOOGL,2026-10-16,14,P,362.5,5.53,343.5,20.2,21.05,20.625,20.15,4.1,0.2915109912109374,-0.81262,0.01372,-0.15562,0.181,20.4065,82.8,1,132
GOOGL261016P00365000,GOOGL,2026-10-16,14,P,365.0,6.26,343.5,22.5,23.25,22.875,22.3,3.3,0.29724823852539056,-0.83828,0.01225,-0.14095,0.16483,22.6028,85.2,7,1274
GOOGL261016P00367500,GOOGL,2026-10-16,14,P,367.5,6.99,343.5,24.8,26.4,25.6,23.2,6.2,0.35559726440429684,-0.81935,0.01099,-0.19103,0.17692,25.7091,83.7,4,7
GOOGL261016P00370000,GOOGL,2026-10-16,14,P,370.0,7.71,343.5,26.75,27.8,27.275,26.33,3.8,0.3099434240722656,-0.87873,0.00967,-0.11402,0.13558,27.148,89.1,9,1051
GOOGL261016P00372500,GOOGL,2026-10-16,14,P,372.5,8.44,343.5,28.65,31.25,29.95,30.3,8.7,0.39038695556640624,-0.84178,0.0092,-0.19152,0.16249,30.5365,86.0,1,33
GOOGL261016P00375000,GOOGL,2026-10-16,14,P,375.0,9.17,343.5,31.15,33.75,32.45,31.6,8.0,0.411138701171875,-0.84857,0.00848,-0.19621,0.15785,33.0235,86.7,1,458
GOOGL261016P00380000,GOOGL,2026-10-16,14,P,380.0,10.63,343.5,35.9,38.25,37.075,35.43,6.3,0.41834077758789057,-0.87957,0.00713,-0.16434,0.13491,37.5294,89.5,132,2564
GOOGL261016P00385000,GOOGL,2026-10-16,14,P,385.0,12.08,343.5,40.8,42.8,41.8,41.72,4.8,0.4206600903320313,-0.90735,0.00586,-0.12893,0.11162,42.0921,92.0,3,325
GOOGL261016P00390000,GOOGL,2026-10-16,14,P,390.0,13.54,343.5,45.8,47.7,46.75,45.55,4.1,0.44605046142578125,-0.91805,0.00505,-0.12254,0.10185,46.9836,93.0,25,227
GOOGL261016P00395000,GOOGL,2026-10-16,14,P,395.0,14.99,343.5,50.95,52.8,51.875,54.52,3.6,0.48816429809570316,-0.91885,0.00458,-0.13597,0.1011,52.0608,93.2,6,73
GOOGL261016P00400000,GOOGL,2026-10-16,14,P,400.0,16.45,343.5,55.8,58.45,57.125,56.05,4.6,0.576054044189453,-0.89968,0.00454,-0.20327,0.11834,57.6457,91.8,1,807
GOOGL261016P00405000,GOOGL,2026-10-16,14,P,405.0,17.9,343.5,60.75,63.2,61.975,48.8,4.0,0.5886271606445312,-0.91273,0.00401,-0.18326,0.10677,62.4002,93.0,7,0
GOOGL261016P00410000,GOOGL,2026-10-16,14,P,410.0,19.36,343.5,65.7,68.25,66.975,71.73,3.8,0.6247596118164063,-0.91506,0.0037,-0.19161,0.10462,67.4304,93.3,2,6
GOOGL261016P00415000,GOOGL,2026-10-16,14,P,415.0,20.82,343.5,70.9,73.35,72.125,73.09,3.4,0.5280808911132813,-0.96095,0.00238,-0.06323,0.05685,71.4016,96.9,1,6
GOOGL261016P00420000,GOOGL,2026-10-16,14,P,420.0,22.27,343.5,75.7,78.3,77.0,76.39,3.4,0.53320779296875,-0.96845,0.00198,-0.04606,0.04772,76.2817,97.5,2,2
GOOGL261016P00425000,GOOGL,2026-10-16,14,P,425.0,23.73,343.5,80.7,83.45,82.075,78.51,3.4,0.5720257641601563,-0.96643,0.00194,-0.05733,0.05023,81.3372,97.4,19,0
GOOGL261023C00270000,GOOGL,2026-10-23,21,C,270.0,-21.4,343.5,72.15,75.8,73.975,68.7,4.9,0.52539537109375,0.9768,0.00127,-0.08518,0.04522,74.5132,96.9,0,1
GOOGL261023C00275000,GOOGL,2026-10-23,21,C,275.0,-19.94,343.5,67.05,70.8,68.925,71.0,5.4,0.6899445068359377,0.92515,0.00249,-0.21832,0.11645,71.1699,89.9,2,2
GOOGL261023C00280000,GOOGL,2026-10-23,21,C,280.0,-18.49,343.5,62.15,66.05,64.1,73.0,6.1,0.665286550292969,0.91545,0.00283,-0.22947,0.12771,66.4119,88.8,6,6
GOOGL261023C00285000,GOOGL,2026-10-23,21,C,285.0,-17.03,343.5,57.2,61.0,59.1,55.45,6.4,0.6181678808593751,0.9113,0.00315,-0.22239,0.13236,61.377,88.5,1,2
GOOGL261023C00290000,GOOGL,2026-10-23,21,C,290.0,-15.57,343.5,53.15,55.2,54.175,54.45,3.8,0.5173388110351562,0.92577,0.0033,-0.17129,0.11572,55.6539,90.7,1,3
GOOGL261023C00295000,GOOGL,2026-10-23,21,C,295.0,-14.12,343.5,48.15,50.3,49.225,47.55,4.4,0.4846242944335938,0.91733,0.00382,-0.17385,0.12556,50.7571,89.8,1,11
GOOGL261023C00300000,GOOGL,2026-10-23,21,C,300.0,-12.66,343.5,43.4,45.1,44.25,39.9,3.8,0.4299373413085938,0.91726,0.0043,-0.15815,0.12564,45.5842,90.0,16,210
GOOGL261023C00305000,GOOGL,2026-10-23,21,C,305.0,-11.21,343.5,38.3,40.6,39.45,40.07,5.8,0.42236905761718746,0.89375,0.00527,-0.1811,0.1511,41.0519,87.4,1,9
GOOGL261023C00310000,GOOGL,2026-10-23,21,C,310.0,-9.75,343.5,33.55,35.85,34.7,33.97,6.6,0.39465937377929694,0.87608,0.00629,-0.18741,0.16858,36.2938,85.6,1,15
GOOGL261023C00315000,GOOGL,2026-10-23,21,C,315.0,-8.3,343.5,29.7,31.2,30.45,26.82,4.9,0.36914693359375,0.85279,0.00757,-0.19538,0.18971,31.6272,83.1,11,16
GOOGL261023C00320000,GOOGL,2026-10-23,21,C,320.0,-6.84,343.5,25.05,25.85,25.45,27.3,3.1,0.3079292840576171,0.84792,0.00927,-0.17118,0.19388,26.3093,83.0,4,247
GOOGL261023C00325000,GOOGL,2026-10-23,21,C,325.0,-5.39,343.5,20.7,21.9,21.3,22.5,5.6,0.3073189385986328,0.79364,0.01127,-0.1994,0.23502,22.2968,77.2,5,98
GOOGL261023C00330000,GOOGL,2026-10-23,21,C,330.0,-3.93,343.5,16.9,18.35,17.625,18.09,8.2,0.3096992858886719,0.72836,0.013,-0.22686,0.27325,18.6749,70.3,6,240
GOOGL261023C00335000,GOOGL,2026-10-23,21,C,335.0,-2.47,343.5,13.8,14.4,14.1,14.75,4.3,0.2876047802734374,0.66679,0.01534,-0.22861,0.29954,14.6826,64.1,104,472
GOOGL261023C00340000,GOOGL,2026-10-23,21,C,340.0,-1.02,343.5,10.9,11.3,11.1,11.1,3.6,0.282233740234375,0.58672,0.01675,-0.23647,0.3209,11.5159,56.0,115,1235
GOOGL261023C00345000,GOOGL,2026-10-23,21,C,345.0,0.44,343.5,8.3,8.8,8.55,8.61,5.8,0.2827220166015625,0.50143,0.01713,-0.23916,0.3287,8.9517,47.4,310,1559
GOOGL261023C00350000,GOOGL,2026-10-23,21,C,350.0,1.89,343.5,6.35,6.5,6.425,6.4,2.3,0.2766795965576171,0.41504,0.0171,-0.22651,0.32122,6.6004,38.9,662,3998
GOOGL261023C00355000,GOOGL,2026-10-23,21,C,355.0,3.35,343.5,4.55,4.85,4.7,4.85,6.4,0.2782054602050781,0.33519,0.0159,-0.21095,0.30024,4.9039,31.1,291,700
GOOGL261023C00360000,GOOGL,2026-10-23,21,C,360.0,4.8,343.5,3.35,3.6,3.475,3.55,7.2,0.2815623602294921,0.26538,0.01413,-0.19064,0.27007,3.6201,24.4,307,3051
GOOGL261023C00365000,GOOGL,2026-10-23,21,C,365.0,6.26,343.5,2.25,2.59,2.42,2.5,14.0,0.2829661547851562,0.20423,0.01216,-0.16477,0.23357,2.5893,18.6,151,700
GOOGL261023C00370000,GOOGL,2026-10-23,21,C,370.0,7.71,343.5,1.7,1.83,1.765,1.76,7.4,0.2843089147949218,0.15341,0.0101,-0.13758,0.195,1.8158,13.8,320,2138
GOOGL261023C00375000,GOOGL,2026-10-23,21,C,375.0,9.17,343.5,1.22,1.31,1.265,1.27,7.1,0.2880930566406249,0.11471,0.00816,-0.11368,0.15964,1.2887,10.2,200,1144
GOOGL261023C00380000,GOOGL,2026-10-23,21,C,380.0,10.63,343.5,0.86,1.0,0.93,0.86,15.1,0.2971261694335937,0.08867,0.00656,-0.09684,0.13232,0.975,7.8,455,2147
GOOGL261023C00385000,GOOGL,2026-10-23,21,C,385.0,12.08,343.5,0.64,0.76,0.7,0.75,17.1,0.3053047985839844,0.06819,0.00523,-0.08129,0.10841,0.7341,5.9,27,1470
GOOGL261023C00390000,GOOGL,2026-10-23,21,C,390.0,13.54,343.5,0.5,0.57,0.535,0.53,13.1,0.3122627368164062,0.05188,0.00413,-0.06696,0.08751,0.5457,4.4,174,1708
GOOGL261023C00395000,GOOGL,2026-10-23,21,C,395.0,14.99,343.5,0.37,0.45,0.41,0.44,19.5,0.3217841259765625,0.0408,0.0033,-0.05676,0.07215,0.4259,3.4,19,387
GOOGL261023C00400000,GOOGL,2026-10-23,21,C,400.0,16.45,343.5,0.31,0.36,0.335,0.34,14.9,0.3315496533203125,0.03244,0.00266,-0.0484,0.05981,0.3374,2.7,97,1125
GOOGL261023C00405000,GOOGL,2026-10-23,21,C,405.0,17.9,343.5,0.25,0.32,0.285,0.34,24.6,0.34668622070312494,0.02798,0.00225,-0.04469,0.05291,0.2979,2.3,2,84
GOOGL261023C00410000,GOOGL,2026-10-23,21,C,410.0,19.36,343.5,0.13,0.31,0.22,0.28,81.8,0.36597313720703123,0.02583,0.00199,-0.04407,0.0495,0.2869,2.1,4,602
GOOGL261023C00415000,GOOGL,2026-10-23,21,C,415.0,20.82,343.5,0.18,0.25,0.215,0.22,32.6,0.37402969726562496,0.02082,0.00163,-0.03751,0.04127,0.2298,1.7,57,68
GOOGL261023C00420000,GOOGL,2026-10-23,21,C,420.0,22.27,343.5,0.15,0.28,0.215,0.22,60.5,0.40039662109375,0.02161,0.00157,-0.04139,0.04259,0.256,1.7,13,443
GOOGL261023C00425000,GOOGL,2026-10-23,21,C,425.0,23.73,343.5,0.01,0.31,0.16,0.16,187.5,0.42627526855468756,0.02229,0.00151,-0.04519,0.04373,0.2816,1.7,1,251
GOOGL261023P00260000,GOOGL,2026-10-23,21,P,260.0,-24.31,343.5,0.02,0.16,0.09,0.07,155.6,0.50586431640625,-0.00878,0.00057,-0.02325,0.01959,0.127,1.2,14,47
GOOGL261023P00265000,GOOGL,2026-10-23,21,P,265.0,-22.85,343.5,0.01,0.18,0.095,0.12,178.9,0.48242705078125003,-0.01017,0.00068,-0.0252,0.02229,0.1424,1.4,1,38
GOOGL261023P00270000,GOOGL,2026-10-23,21,P,270.0,-21.4,343.5,0.09,0.16,0.125,0.09,56.0,0.44482977050781247,-0.00987,0.00072,-0.0226,0.0217,0.1266,1.3,5,111
GOOGL261023P00275000,GOOGL,2026-10-23,21,P,275.0,-19.94,343.5,0.1,0.28,0.19,0.15,94.7,0.4506890869140625,-0.01647,0.00111,-0.03564,0.03381,0.2274,2.1,1,71
GOOGL261023P00280000,GOOGL,2026-10-23,21,P,280.0,-18.49,343.5,0.12,0.23,0.175,0.17,62.9,0.4062559375,-0.01501,0.00113,-0.02961,0.03122,0.184,1.9,40,83
GOOGL261023P00285000,GOOGL,2026-10-23,21,P,285.0,-17.03,343.5,0.16,0.25,0.205,0.22,43.9,0.38086556640624997,-0.01724,0.00136,-0.0312,0.03515,0.201,2.2,2,497
GOOGL261023P00290000,GOOGL,2026-10-23,21,P,290.0,-15.57,343.5,0.23,0.31,0.27,0.26,29.6,0.3627993408203125,-0.02193,0.00175,-0.0364,0.04312,0.2508,2.7,26,256
GOOGL261023P00295000,GOOGL,2026-10-23,21,P,295.0,-14.12,343.5,0.31,0.38,0.345,0.34,20.3,0.3437565625,-0.02774,0.00225,-0.04191,0.05252,0.3098,3.3,19,3919
GOOGL261023P00300000,GOOGL,2026-10-23,21,P,300.0,-12.66,343.5,0.42,0.48,0.45,0.45,13.3,0.32617861328125,-0.03599,0.00294,-0.04919,0.06514,0.3955,4.3,230,3159
GOOGL261023P00305000,GOOGL,2026-10-23,21,P,305.0,-11.21,343.5,0.58,0.66,0.62,0.61,12.9,0.31372756591796874,-0.04969,0.00397,-0.06123,0.08455,0.5516,5.8,48,779
GOOGL261023P00310000,GOOGL,2026-10-23,21,P,310.0,-9.75,343.5,0.81,0.91,0.86,0.9,11.6,0.3012765185546875,-0.06838,0.00531,-0.07528,0.10865,0.7694,7.8,105,3851
GOOGL261023P00315000,GOOGL,2026-10-23,21,P,315.0,-8.3,343.5,1.2,1.37,1.285,1.25,13.2,0.29651582397460935,-0.09927,0.00715,-0.09767,0.14382,1.1812,11.2,121,1753
GOOGL261023P00320000,GOOGL,2026-10-23,21,P,320.0,-6.84,343.5,1.73,1.85,1.79,1.84,6.7,0.28321029296874994,-0.13328,0.00922,-0.11437,0.17732,1.6143,14.8,236,2572
GOOGL261023P00325000,GOOGL,2026-10-23,21,P,325.0,-5.39,343.5,2.53,2.76,2.645,2.66,8.7,0.28113511840820304,-0.18705,0.0116,-0.14091,0.22144,2.4515,20.6,152,2402
GOOGL261023P00330000,GOOGL,2026-10-23,21,P,330.0,-3.93,343.5,3.6,3.95,3.775,3.75,9.3,0.2778392529296875,-0.25159,0.01393,-0.16393,0.26271,3.5618,27.3,313,1651
GOOGL261023P00335000,GOOGL,2026-10-23,21,P,335.0,-2.47,343.5,5.1,5.5,5.3,5.25,7.5,0.2747875256347656,-0.32707,0.01594,-0.18165,0.29731,5.03,35.1,114,1203
GOOGL261023P00340000,GOOGL,2026-10-23,21,P,340.0,-1.02,343.5,7.15,7.6,7.375,7.4,6.1,0.27625235473632803,-0.41199,0.0171,-0.19464,0.32067,7.0425,43.8,35,945
GOOGL261023P00345000,GOOGL,2026-10-23,21,P,345.0,0.44,343.5,9.45,10.0,9.725,9.8,5.7,0.27387200744628903,-0.49938,0.01768,-0.19451,0.3287,9.3677,52.6,564,544
GOOGL261023P00350000,GOOGL,2026-10-23,21,P,350.0,1.89,343.5,12.35,12.9,12.625,12.66,4.4,0.27362786926269533,-0.58618,0.01728,-0.18573,0.321,12.1978,61.2,152,643
GOOGL261023P00355000,GOOGL,2026-10-23,21,P,355.0,3.35,343.5,15.75,17.35,16.55,16.15,9.7,0.31073687316894527,-0.64568,0.01453,-0.20067,0.30653,16.5754,67.3,11,299
GOOGL261023P00360000,GOOGL,2026-10-23,21,P,360.0,4.8,343.5,18.7,21.05,19.875,19.03,11.8,0.31555860229492183,-0.70939,0.01318,-0.18319,0.28231,20.2326,73.5,39,242
GOOGL261023P00365000,GOOGL,2026-10-23,21,P,365.0,6.26,343.5,23.6,25.15,24.375,27.75,6.4,0.325629302368164,-0.76076,0.01157,-0.16694,0.25569,24.2965,78.4,2,68
GOOGL261023P00370000,GOOGL,2026-10-23,21,P,370.0,7.71,343.5,26.8,28.8,27.8,27.32,7.2,0.3071968695068359,-0.82652,0.01013,-0.12032,0.21122,27.9306,84.5,20,31
GOOGL261023P00375000,GOOGL,2026-10-23,21,P,375.0,9.17,343.5,31.6,34.3,32.95,32.4,8.2,0.3657289990234375,-0.82383,0.00859,-0.15106,0.21329,33.3892,84.6,1,12
GOOGL261023P00380000,GOOGL,2026-10-23,21,P,380.0,10.63,343.5,36.15,38.85,37.5,42.5,7.2,0.37793590820312495,-0.85158,0.00743,-0.13543,0.19075,37.9209,87.2,2,162
GOOGL261023P00385000,GOOGL,2026-10-23,21,P,385.0,12.08,343.5,41.15,44.1,42.625,42.09,6.9,0.4232235412597656,-0.85317,0.00659,-0.154,0.18939,43.1389,87.5,1,0
GOOGL261023P00390000,GOOGL,2026-10-23,21,P,390.0,13.54,343.5,45.8,48.75,47.275,61.25,6.2,0.43555251953125,-0.87306,0.0058,-0.13969,0.17144,47.7743,89.4,0,5
GOOGL261023P00400000,GOOGL,2026-10-23,21,P,400.0,16.45,343.5,55.7,58.8,57.25,56.19,5.4,0.4974415490722657,-0.8844,0.00475,-0.15049,0.16052,57.7804,90.6,1,2
GOOGL261023P00410000,GOOGL,2026-10-23,21,P,410.0,19.36,343.5,65.65,68.85,67.25,66.41,4.8,0.5564009204101563,-0.89289,0.00402,-0.16031,0.15199,67.7896,91.6,1,0
GOOGL261030C00260000,GOOGL,2026-10-30,28,C,260.0,-24.31,343.5,82.3,86.0,84.15,79.25,4.4,0.5473678076171876,0.97339,0.00118,-0.08461,0.05859,84.8537,96.3,1,1
GOOGL261030C00265000,GOOGL,2026-10-30,28,C,265.0,-22.85,343.5,77.45,81.1,79.275,79.02,4.6,0.5327195166015625,0.96806,0.00141,-0.09253,0.06818,79.9789,95.6,1,2
GOOGL261030C00270000,GOOGL,2026-10-30,28,C,270.0,-21.4,343.5,72.5,76.05,74.275,75.37,4.8,0.5007374145507812,0.96619,0.00158,-0.09205,0.07146,74.9945,95.4,2,1
GOOGL261030C00275000,GOOGL,2026-10-30,28,C,275.0,-19.94,343.5,67.6,70.6,69.1,80.07,4.3,0.5867961242675781,0.92904,0.00243,-0.16244,0.12909,71.2184,90.4,1,2
GOOGL261030C00280000,GOOGL,2026-10-30,28,C,280.0,-18.49,343.5,63.2,65.65,64.425,63.95,3.8,0.5532271240234375,0.92373,0.00272,-0.16227,0.13641,66.2778,89.9,29,80
GOOGL261030C00285000,GOOGL,2026-10-30,28,C,285.0,-17.03,343.5,58.0,60.9,59.45,58.83,4.9,0.532231240234375,0.91325,0.00312,-0.17051,0.15032,61.523,88.8,1,4
GOOGL261030C00290000,GOOGL,2026-10-30,28,C,290.0,-15.57,343.5,53.8,56.05,54.925,56.0,4.1,0.5036670727539063,0.90412,0.00355,-0.17343,0.16189,56.676,87.8,1,10
GOOGL261030C00295000,GOOGL,2026-10-30,28,C,295.0,-14.12,343.5,48.8,51.3,50.05,50.5,5.0,0.47949739257812496,0.8917,0.00408,-0.17935,0.1769,51.9217,86.5,2,6
GOOGL261030C00300000,GOOGL,2026-10-30,28,C,300.0,-12.66,343.5,44.55,46.7,45.625,46.0,4.7,0.46082082153320314,0.87467,0.0047,-0.1892,0.19621,47.3071,84.6,2,208
GOOGL261030C00305000,GOOGL,2026-10-30,28,C,305.0,-11.21,343.5,39.75,41.85,40.8,41.64,5.1,0.42828940856933595,0.86155,0.00542,-0.18851,0.21016,42.4584,83.4,1,24
GOOGL261030C00310000,GOOGL,2026-10-30,28,C,310.0,-9.75,343.5,36.0,36.9,36.45,39.1,2.5,0.39063109375,0.84871,0.00631,-0.18346,0.2231,37.516,82.2,2,216
GOOGL261030C00315000,GOOGL,2026-10-30,28,C,315.0,-8.3,343.5,31.85,33.15,32.5,33.0,4.0,0.39777213562011715,0.80761,0.00723,-0.2115,0.26016,33.7043,77.6,2,30
GOOGL261030C00320000,GOOGL,2026-10-30,28,C,320.0,-6.84,343.5,26.9,29.65,28.275,28.49,9.7,0.40442490112304685,0.76302,0.00802,-0.23754,0.29372,30.1412,72.7,9,76
GOOGL261030C00325000,GOOGL,2026-10-30,28,C,325.0,-5.39,343.5,24.1,25.95,25.025,25.0,7.4,0.39691765197753903,0.72122,0.0089,-0.25077,0.31958,26.3944,68.3,5,163
GOOGL261030C00330000,GOOGL,2026-10-30,28,C,330.0,-3.93,343.5,21.05,21.85,21.45,21.5,3.7,0.372076591796875,0.68095,0.01009,-0.24897,0.3398,22.2666,64.3,95,559
GOOGL261030C00335000,GOOGL,2026-10-30,28,C,335.0,-2.47,343.5,17.4,18.65,18.025,18.4,6.9,0.36688865539550786,0.62839,0.01083,-0.25725,0.35972,19.0114,58.9,96,589
GOOGL261030C00340000,GOOGL,2026-10-30,28,C,340.0,-1.02,343.5,15.0,15.65,15.325,15.41,4.2,0.35999175170898434,0.57274,0.01145,-0.25974,0.37322,15.959,53.3,306,1697
GOOGL261030C00345000,GOOGL,2026-10-30,28,C,345.0,0.44,343.5,12.75,13.0,12.875,12.95,1.9,0.3549869189453124,0.51438,0.0118,-0.25835,0.3793,13.2565,47.5,268,1312
GOOGL261030C00350000,GOOGL,2026-10-30,28,C,350.0,1.89,343.5,10.5,10.75,10.625,10.55,2.4,0.3529117443847656,0.4556,0.01181,-0.25366,0.3772,10.9545,41.7,1542,3911
GOOGL261030C00355000,GOOGL,2026-10-30,28,C,355.0,3.35,343.5,8.5,8.85,8.675,8.9,4.0,0.35272864074707033,0.39866,0.0115,-0.24533,0.36724,9.0084,36.1,307,1114
GOOGL261030C00360000,GOOGL,2026-10-30,28,C,360.0,4.8,343.5,6.95,7.15,7.05,7.12,2.8,0.35071450073242183,0.34353,0.01102,-0.23131,0.34997,7.2675,30.9,799,1034
GOOGL261030C00365000,GOOGL,2026-10-30,28,C,365.0,6.26,343.5,5.55,5.8,5.675,5.7,4.4,0.3517520880126953,0.29358,0.01029,-0.21614,0.32753,5.8852,26.1,236,966
GOOGL261030C00370000,GOOGL,2026-10-30,28,C,370.0,7.71,343.5,4.4,4.65,4.525,4.55,5.5,0.35217932983398437,0.24773,0.00944,-0.19802,0.30087,4.7071,21.8,426,1602
GOOGL261030C00375000,GOOGL,2026-10-30,28,C,375.0,9.17,343.5,3.4,3.7,3.55,3.62,8.5,0.35278967529296873,0.20677,0.00851,-0.17854,0.2717,3.7349,18.0,378,1518
GOOGL261030C00380000,GOOGL,2026-10-30,28,C,380.0,10.63,343.5,2.81,2.9,2.855,2.92,3.2,0.3526065716552734,0.1701,0.00755,-0.15773,0.24084,2.9185,14.7,542,2166
GOOGL261030C00385000,GOOGL,2026-10-30,28,C,385.0,12.08,343.5,2.22,2.3,2.26,2.28,3.5,0.35474278076171867,0.13996,0.00659,-0.13913,0.21172,2.3063,11.9,107,901
GOOGL261030C00390000,GOOGL,2026-10-30,28,C,390.0,13.54,343.5,1.7,1.83,1.765,1.81,7.4,0.35767243896484374,0.11486,0.0057,-0.12197,0.18451,1.8275,9.7,282,840
GOOGL261030C00395000,GOOGL,2026-10-30,28,C,395.0,14.99,343.5,1.27,1.5,1.385,1.41,16.6,0.36365382446289063,0.09575,0.00491,-0.10847,0.16174,1.4924,8.0,294,515
GOOGL261030C00400000,GOOGL,2026-10-30,28,C,400.0,16.45,343.5,1.1,1.18,1.14,1.1,7.0,0.3658510681152344,0.07754,0.00417,-0.09303,0.13813,1.1687,6.4,686,1296
GOOGL261030C00405000,GOOGL,2026-10-30,28,C,405.0,17.9,343.5,0.85,0.91,0.88,0.9,6.8,0.3667055517578125,0.06171,0.00349,-0.07808,0.11585,0.8963,5.0,81,213
GOOGL261030C00410000,GOOGL,2026-10-30,28,C,410.0,19.36,343.5,0.65,0.85,0.75,0.71,26.7,0.38233039550781245,0.056,0.0031,-0.07531,0.10735,0.8334,4.5,17,300
GOOGL261030C00415000,GOOGL,2026-10-30,28,C,415.0,20.82,343.5,0.52,0.61,0.565,0.68,15.9,0.37793590820312495,0.04228,0.00251,-0.0594,0.08576,0.596,3.4,3,156
GOOGL261030C00420000,GOOGL,2026-10-30,28,C,420.0,22.27,343.5,0.44,0.47,0.455,0.47,6.6,0.37915659912109373,0.03341,0.00206,-0.04911,0.07075,0.4567,2.6,43,251
GOOGL261030C00425000,GOOGL,2026-10-30,28,C,425.0,23.73,343.5,0.2,0.4,0.3,0.36,66.7,0.38672488281249995,0.02836,0.00176,-0.04369,0.06178,0.3865,2.2,2,430
GOOGL261030P00260000,GOOGL,2026-10-30,28,P,260.0,-24.31,343.5,0.09,0.3,0.195,0.18,107.7,0.4819387744140625,-0.01477,0.00082,-0.03002,0.03556,0.2505,2.1,4,9
GOOGL261030P00265000,GOOGL,2026-10-30,28,P,265.0,-22.85,343.5,0.14,0.29,0.215,0.26,69.8,0.4506890869140625,-0.01517,0.00089,-0.02869,0.03639,0.2408,2.1,5,91
GOOGL261030P00270000,GOOGL,2026-10-30,28,P,270.0,-21.4,343.5,0.22,0.35,0.285,0.33,45.6,0.43506424316406256,-0.01859,0.0011,-0.0329,0.04329,0.2916,2.5,5,283
GOOGL261030P00275000,GOOGL,2026-10-30,28,P,275.0,-19.94,343.5,0.27,0.42,0.345,0.45,43.5,0.41919526123046874,-0.02274,0.00135,-0.03755,0.05135,0.3524,3.0,11,233
GOOGL261030P00280000,GOOGL,2026-10-30,28,P,280.0,-18.49,343.5,0.37,0.53,0.45,0.51,35.6,0.4067442138671875,-0.02885,0.0017,-0.04439,0.06267,0.4476,3.7,11,110
GOOGL261030P00285000,GOOGL,2026-10-30,28,P,285.0,-17.03,343.5,0.49,0.69,0.59,0.66,33.9,0.3969786865234375,-0.03747,0.00216,-0.05362,0.07773,0.5889,4.7,13,306
GOOGL261030P00290000,GOOGL,2026-10-30,28,P,290.0,-15.57,343.5,0.8,0.91,0.855,0.85,12.9,0.38843385009765624,-0.04886,0.00274,-0.06489,0.09633,0.783,6.1,79,1742
GOOGL261030P00295000,GOOGL,2026-10-30,28,P,295.0,-14.12,343.5,1.02,1.16,1.09,1.1,12.8,0.37756970092773434,-0.06213,0.00341,-0.07607,0.11646,1.0072,7.6,51,4240
GOOGL261030P00300000,GOOGL,2026-10-30,28,P,300.0,-12.66,343.5,1.4,1.5,1.45,1.48,6.9,0.36817038085937503,-0.07943,0.00422,-0.08935,0.14067,1.3127,9.6,135,937
GOOGL261030P00305000,GOOGL,2026-10-30,28,P,305.0,-11.21,343.5,1.84,1.94,1.89,1.93,5.3,0.35938140625,-0.10118,0.00518,-0.10407,0.1684,1.7123,12.0,71,6812
GOOGL261030P00310000,GOOGL,2026-10-30,28,P,310.0,-9.75,343.5,2.5,2.57,2.535,2.55,2.8,0.3541324353027343,-0.12997,0.00628,-0.12211,0.20123,2.2906,15.2,181,1166
GOOGL261030P00315000,GOOGL,2026-10-30,28,P,315.0,-8.3,343.5,3.25,3.45,3.35,3.39,6.0,0.3523624334716796,-0.16659,0.00745,-0.14291,0.23763,3.1067,19.2,242,1394
GOOGL261030P00320000,GOOGL,2026-10-30,28,P,320.0,-6.84,343.5,4.3,4.45,4.375,4.39,3.4,0.3473576007080078,-0.20708,0.00865,-0.16044,0.27194,4.0428,23.6,212,2030
GOOGL261030P00325000,GOOGL,2026-10-30,28,P,325.0,-5.39,343.5,5.45,5.75,5.6,5.67,5.4,0.3448551843261719,-0.25479,0.00978,-0.17788,0.30537,5.2695,28.6,252,1082
GOOGL261030P00330000,GOOGL,2026-10-30,28,P,330.0,-3.93,343.5,7.05,7.35,7.2,7.25,4.2,0.3435124243164062,-0.3081,0.01077,-0.19299,0.33474,6.7919,34.2,332,2026
GOOGL261030P00335000,GOOGL,2026-10-30,28,P,335.0,-2.47,343.5,8.9,9.25,9.075,9.07,3.9,0.3425969061279296,-0.36548,0.01154,-0.20417,0.35776,8.6135,40.2,177,1075
GOOGL261030P00340000,GOOGL,2026-10-30,28,P,340.0,-1.02,343.5,11.15,11.5,11.325,11.1,3.1,0.3430241479492187,-0.4256,0.01201,-0.21123,0.37293,10.7843,46.3,371,3526
GOOGL261030P00345000,GOOGL,2026-10-30,28,P,345.0,0.44,343.5,13.45,13.95,13.7,13.8,3.6,0.340826904296875,-0.48662,0.0123,-0.21111,0.37934,13.1623,52.4,63,514
GOOGL261030P00350000,GOOGL,2026-10-30,28,P,350.0,1.89,343.5,16.15,16.85,16.5,16.5,4.2,0.3425358715820312,-0.54689,0.01216,-0.20821,0.37693,15.9909,58.4,79,10835
GOOGL261030P00355000,GOOGL,2026-10-30,28,P,355.0,3.35,343.5,19.3,19.95,19.625,19.6,3.3,0.3419865606689453,-0.60561,0.01183,-0.19873,0.36617,19.0268,64.2,10,321
GOOGL261030P00360000,GOOGL,2026-10-30,28,P,360.0,4.8,343.5,22.3,23.45,22.875,24.07,5.0,0.34516035705566406,-0.65942,0.01117,-0.18772,0.34883,22.4705,69.4,52,149
GOOGL261030P00365000,GOOGL,2026-10-30,28,P,365.0,6.26,343.5,26.3,28.0,27.15,25.9,6.3,0.37280900634765624,-0.69379,0.00989,-0.19318,0.33384,26.9635,72.9,1,67
GOOGL261030P00370000,GOOGL,2026-10-30,28,P,370.0,7.71,343.5,29.45,32.2,30.825,30.38,8.9,0.38611453735351553,-0.72998,0.009,-0.18601,0.31458,31.1187,76.4,1,89
GOOGL261030P00375000,GOOGL,2026-10-30,28,P,375.0,9.17,343.5,33.25,35.95,34.6,35.9,7.8,0.37964487548828124,-0.77417,0.00832,-0.16088,0.28593,34.8353,80.5,24,34
GOOGL261030P00380000,GOOGL,2026-10-30,28,P,380.0,10.63,343.5,37.55,40.25,38.9,38.9,6.9,0.3862976409912109,-0.80556,0.00749,-0.14602,0.26185,39.1022,83.4,1,88
GOOGL261030P00385000,GOOGL,2026-10-30,28,P,385.0,12.08,343.5,42.25,44.05,43.15,43.42,4.2,0.36640037902832034,-0.85151,0.00664,-0.10741,0.22033,42.8786,87.4,2,37
GOOGL261030P00390000,GOOGL,2026-10-30,28,P,390.0,13.54,343.5,46.5,49.55,48.025,47.97,6.4,0.4163876721191406,-0.84533,0.00601,-0.13121,0.22639,48.3441,87.1,4,1
GOOGL261030P00395000,GOOGL,2026-10-30,28,P,395.0,14.99,343.5,50.6,54.15,52.375,41.93,6.8,0.42517664672851563,-0.86463,0.00538,-0.11878,0.20695,52.9216,88.9,0,1
GOOGL261030P00400000,GOOGL,2026-10-30,28,P,400.0,16.45,343.5,56.0,58.5,57.25,56.9,4.4,0.41712008666992184,-0.89135,0.0047,-0.09224,0.17731,57.2543,91.1,2,3
GOOGL261106C00290000,GOOGL,2026-11-06,35,C,290.0,-15.57,343.5,54.6,56.6,55.6,52.3,3.6,0.4792532543945312,0.89267,0.00362,-0.16185,0.1965,57.4122,86.3,1,2
GOOGL261106C00300000,GOOGL,2026-11-06,35,C,300.0,-12.66,343.5,44.95,47.5,46.225,47.75,5.5,0.44653873779296877,0.85906,0.00471,-0.17876,0.23783,48.2854,82.6,1,9
GOOGL261106C00320000,GOOGL,2026-11-06,35,C,320.0,-6.84,343.5,28.45,29.95,29.2,27.5,5.1,0.3717103845214844,0.76007,0.00786,-0.20082,0.33062,30.6475,72.3,3,50
GOOGL261106C00330000,GOOGL,2026-11-06,35,C,330.0,-3.93,343.5,21.65,23.8,22.725,24.25,9.5,0.383245913696289,0.66622,0.00892,-0.23427,0.38696,24.3618,62.2,9,34
GOOGL261106C00335000,GOOGL,2026-11-06,35,C,335.0,-2.47,343.5,18.8,20.0,19.4,19.75,6.2,0.3619448571777344,0.62317,0.00986,-0.23008,0.40396,20.5232,58.0,27,73
GOOGL261106C00340000,GOOGL,2026-11-06,35,C,340.0,-1.02,343.5,16.45,17.15,16.8,16.8,4.2,0.35834381896972656,0.57234,0.01029,-0.23327,0.41735,17.6143,52.8,54,224
GOOGL261106C00345000,GOOGL,2026-11-06,35,C,345.0,0.44,343.5,14.1,14.7,14.4,14.4,4.2,0.35809968078613286,0.52023,0.01046,-0.23473,0.4238,15.1027,47.6,201,245
GOOGL261106C00350000,GOOGL,2026-11-06,35,C,350.0,1.89,343.5,11.9,12.4,12.15,12.2,4.1,0.3554141607666015,0.46794,0.01052,-0.23098,0.42298,12.7466,42.4,574,146
GOOGL261106C00355000,GOOGL,2026-11-06,35,C,355.0,3.35,343.5,9.95,10.3,10.125,10.2,3.5,0.35144691528320304,0.41569,0.01043,-0.22276,0.41484,10.5926,37.4,13,65
GOOGL261106C00360000,GOOGL,2026-11-06,35,C,360.0,4.8,343.5,8.3,8.7,8.5,8.45,4.7,0.3537357107543945,0.36748,0.01001,-0.21535,0.40072,8.9421,32.7,297,248
GOOGL261106C00365000,GOOGL,2026-11-06,35,C,365.0,6.26,343.5,6.55,7.2,6.875,7.09,9.5,0.3530338134765625,0.32075,0.00953,-0.20329,0.38076,7.3975,28.3,45,109
GOOGL261106C00370000,GOOGL,2026-11-06,35,C,370.0,7.71,343.5,5.35,5.9,5.625,5.7,9.8,0.3521182952880859,0.27697,0.00894,-0.18892,0.35617,6.0594,24.2,38,69
GOOGL261106C00375000,GOOGL,2026-11-06,35,C,375.0,9.17,343.5,4.45,4.75,4.6,4.65,6.5,0.3498600170898437,0.23567,0.00827,-0.17197,0.32739,4.8746,20.4,21,94
GOOGL261106C00380000,GOOGL,2026-11-06,35,C,380.0,10.63,343.5,3.65,3.85,3.75,3.8,5.3,0.34998208618164056,0.19983,0.00752,-0.1559,0.29764,3.9473,17.1,133,172
GOOGL261106C00385000,GOOGL,2026-11-06,35,C,385.0,12.08,343.5,2.94,3.2,3.07,3.07,8.5,0.35388829711914055,0.1708,0.00674,-0.14256,0.26998,3.2744,14.4,217,95
GOOGL261106C00390000,GOOGL,2026-11-06,35,C,390.0,13.54,343.5,2.35,2.69,2.52,2.44,13.5,0.3591372680664062,0.14651,0.00601,-0.13047,0.24413,2.746,12.2,35,75
GOOGL261106C00395000,GOOGL,2026-11-06,35,C,395.0,14.99,343.5,1.88,2.08,1.98,1.83,10.1,0.35584140258789054,0.11942,0.00527,-0.11206,0.21206,2.121,9.9,13,108
GOOGL261106C00400000,GOOGL,2026-11-06,35,C,400.0,16.45,343.5,1.55,1.63,1.59,1.55,5.0,0.3548648498535155,0.0975,0.00456,-0.09639,0.18326,1.6579,8.0,170,290
GOOGL261106C00405000,GOOGL,2026-11-06,35,C,405.0,17.9,343.5,1.19,1.31,1.25,1.41,9.6,0.35681795532226557,0.08066,0.00394,-0.084,0.15912,1.3306,6.5,3,95
GOOGL261106C00410000,GOOGL,2026-11-06,35,C,410.0,19.36,343.5,0.95,1.07,1.01,1.13,11.9,0.3601138208007812,0.06722,0.0034,-0.07362,0.13842,1.0834,5.4,13,77
GOOGL261106C00420000,GOOGL,2026-11-06,35,C,420.0,22.27,343.5,0.64,0.73,0.685,0.78,13.1,0.36817038085937503,0.04717,0.00251,-0.05676,0.1047,0.7336,3.7,14,25
GOOGL261106P00260000,GOOGL,2026-11-06,35,P,260.0,-24.31,343.5,0.24,0.45,0.345,0.28,60.9,0.4611870288085938,-0.02026,0.001,-0.0335,0.05207,0.3838,2.8,6,4
GOOGL261106P00270000,GOOGL,2026-11-06,35,P,270.0,-21.4,343.5,0.4,0.49,0.445,0.67,20.2,0.4133359448242187,-0.02413,0.00129,-0.03468,0.06035,0.4172,3.2,6,33
GOOGL261106P00275000,GOOGL,2026-11-06,35,P,275.0,-19.94,343.5,0.5,0.6,0.55,0.6,18.2,0.4008848974609375,-0.02974,0.00158,-0.03997,0.07185,0.5127,3.9,3,61
GOOGL261106P00280000,GOOGL,2026-11-06,35,P,280.0,-18.49,343.5,0.64,0.76,0.7,0.76,17.1,0.39124143920898435,-0.03759,0.00197,-0.04722,0.08714,0.6542,4.9,7,118
GOOGL261106P00285000,GOOGL,2026-11-06,35,P,285.0,-17.03,343.5,0.71,0.94,0.825,0.91,27.9,0.379889013671875,-0.04663,0.00241,-0.05446,0.10374,0.814,5.9,2,133
GOOGL261106P00290000,GOOGL,2026-11-06,35,P,290.0,-15.57,343.5,1.06,1.22,1.14,1.15,14.0,0.3726869372558594,-0.05962,0.00299,-0.06477,0.12608,1.0635,7.5,4,317
GOOGL261106P00295000,GOOGL,2026-11-06,35,P,295.0,-14.12,343.5,1.39,1.59,1.49,1.51,13.4,0.3665834826660156,-0.07615,0.00367,-0.07676,0.15233,1.3965,9.4,20,143
GOOGL261106P00300000,GOOGL,2026-11-06,35,P,300.0,-12.66,343.5,1.88,2.05,1.965,1.9,8.7,0.36035795898437495,-0.09619,0.00445,-0.08958,0.18143,1.8151,11.7,43,1911
GOOGL261106P00305000,GOOGL,2026-11-06,35,P,305.0,-11.21,343.5,2.39,2.57,2.48,2.5,7.3,0.3518131225585937,-0.11883,0.00531,-0.10148,0.21132,2.2895,14.2,29,803
GOOGL261106P00310000,GOOGL,2026-11-06,35,P,310.0,-9.75,343.5,3.1,3.3,3.2,3.19,6.2,0.3468693243408203,-0.14807,0.00626,-0.11594,0.24587,2.962,17.4,56,689
GOOGL261106P00315000,GOOGL,2026-11-06,35,P,315.0,-8.3,343.5,4.0,4.3,4.15,4.19,7.2,0.34552656433105466,-0.18436,0.00725,-0.13248,0.28332,3.8921,21.4,43,761
GOOGL261106P00320000,GOOGL,2026-11-06,35,P,320.0,-6.84,343.5,5.25,5.45,5.35,5.3,3.7,0.3423527679443359,-0.22433,0.00822,-0.14677,0.31847,4.969,25.7,43,590
GOOGL261106P00325000,GOOGL,2026-11-06,35,P,325.0,-5.39,343.5,6.7,6.85,6.775,6.76,2.2,0.34003345520019534,-0.26933,0.00913,-0.1598,0.35126,6.2906,30.5,45,133
GOOGL261106P00330000,GOOGL,2026-11-06,35,P,330.0,-3.93,343.5,8.1,8.55,8.325,8.27,5.4,0.3391179370117187,-0.31888,0.0099,-0.17114,0.37983,7.9057,35.7,35,417
GOOGL261106P00335000,GOOGL,2026-11-06,35,P,335.0,-2.47,343.5,10.0,10.55,10.275,10.37,5.4,0.3390569024658203,-0.37158,0.01048,-0.17973,0.40217,9.8181,41.2,63,845
GOOGL261106P00340000,GOOGL,2026-11-06,35,P,340.0,-1.02,343.5,12.25,12.75,12.5,12.52,4.0,0.33728690063476563,-0.42583,0.01093,-0.18359,0.41699,11.9342,46.7,27,170
GOOGL261106P00345000,GOOGL,2026-11-06,35,P,345.0,0.44,343.5,14.75,15.25,15.0,14.9,3.3,0.33609672698974613,-0.48125,0.01115,-0.18383,0.42388,14.3494,52.3,67,198
GOOGL261106P00350000,GOOGL,2026-11-06,35,P,350.0,1.89,343.5,17.4,18.15,17.775,17.4,4.2,0.33792776336669916,-0.53592,0.01105,-0.18197,0.42263,17.1674,57.7,17,64
GOOGL261106P00355000,GOOGL,2026-11-06,35,P,355.0,3.35,343.5,20.4,21.15,20.775,20.85,3.6,0.335944140625,-0.59005,0.01088,-0.17403,0.41349,20.0915,63.0,41,39
GOOGL261106P00360000,GOOGL,2026-11-06,35,P,360.0,4.8,343.5,23.65,24.5,24.075,25.29,3.5,0.33637138244628906,-0.64114,0.01044,-0.16432,0.39751,23.3708,67.9,4,26
GOOGL261106P00370000,GOOGL,2026-11-06,35,P,370.0,7.71,343.5,30.05,31.95,31.0,32.54,6.1,0.3394841442871094,-0.73167,0.00913,-0.13913,0.35061,30.6964,76.5,1,7
GOOGL261106P00390000,GOOGL,2026-11-06,35,P,390.0,13.54,343.5,47.5,49.0,48.25,48.6,3.1,0.3513858807373046,-0.85929,0.00598,-0.08169,0.23757,47.5662,88.2,2,2
GOOGL261106P00395000,GOOGL,2026-11-06,35,P,395.0,14.99,343.5,51.5,53.6,52.55,55.57,4.0,0.3569400244140625,-0.87979,0.00528,-0.0698,0.21305,52.1322,90.1,1,1
GOOGL261120C00260000,GOOGL,2026-11-20,49,C,260.0,-24.31,343.5,84.2,86.25,85.225,81.62,2.4,0.5085498364257812,0.94702,0.00169,-0.09671,0.13591,86.4299,92.4,1,262
GOOGL261120C00265000,GOOGL,2026-11-20,49,C,265.0,-22.85,343.5,79.4,81.85,80.625,79.9,3.0,0.5053760400390624,0.93609,0.00197,-0.10749,0.15749,81.8243,90.9,60,112
GOOGL261120C00270000,GOOGL,2026-11-20,49,C,270.0,-21.4,343.5,74.8,76.65,75.725,75.08,2.4,0.5295457202148439,0.91397,0.00236,-0.13267,0.19763,77.804,87.9,44,744
GOOGL261120C00275000,GOOGL,2026-11-20,49,C,275.0,-19.94,343.5,70.15,71.2,70.675,68.9,1.5,0.4777273907470704,0.91756,0.00253,-0.1199,0.19139,72.402,88.8,1,78
GOOGL261120C00280000,GOOGL,2026-11-20,49,C,280.0,-18.49,343.5,65.4,66.45,65.925,67.38,1.6,0.45978323425292966,0.90814,0.00285,-0.12412,0.2075,67.6556,87.7,1,547
GOOGL261120C00285000,GOOGL,2026-11-20,49,C,285.0,-17.03,343.5,60.15,62.5,61.325,67.55,3.8,0.4726615234375,0.88408,0.00328,-0.1448,0.24568,63.6597,84.7,17,183
GOOGL261120C00290000,GOOGL,2026-11-20,49,C,290.0,-15.57,343.5,56.1,57.1,56.6,53.25,1.8,0.426336303100586,0.88422,0.00363,-0.13369,0.24547,58.3008,85.1,33,461
GOOGL261120C00295000,GOOGL,2026-11-20,49,C,295.0,-14.12,343.5,50.95,52.6,51.775,53.15,3.2,0.41358008300781246,0.86772,0.00411,-0.14049,0.26946,53.7857,83.3,8,230
GOOGL261120C00300000,GOOGL,2026-11-20,49,C,300.0,-12.66,343.5,47.3,48.75,48.025,48.0,3.0,0.41919526123046874,0.83973,0.00462,-0.15728,0.30656,49.8884,79.9,47,1082
GOOGL261120C00305000,GOOGL,2026-11-20,49,C,305.0,-11.21,343.5,42.8,44.0,43.4,44.35,2.8,0.39349971740722656,0.82481,0.00521,-0.15646,0.32466,45.1366,78.5,20,384
GOOGL261120C00310000,GOOGL,2026-11-20,49,C,310.0,-9.75,343.5,39.2,40.3,39.75,40.0,2.8,0.3953307537841797,0.7933,0.00574,-0.17029,0.35935,41.3822,75.0,51,553
GOOGL261120C00315000,GOOGL,2026-11-20,49,C,315.0,-8.3,343.5,35.25,36.5,35.875,35.62,3.5,0.39002074829101563,0.76274,0.00629,-0.17934,0.38881,37.5372,71.6,6,386
GOOGL261120C00320000,GOOGL,2026-11-20,49,C,320.0,-6.84,343.5,31.6,32.8,32.2,31.77,3.7,0.38327643096923825,0.73009,0.00685,-0.18651,0.41607,33.7879,68.2,12,1258
GOOGL261120C00325000,GOOGL,2026-11-20,49,C,325.0,-5.39,343.5,28.0,28.9,28.45,28.94,3.2,0.3685060708618164,0.69753,0.00752,-0.18814,0.43922,29.8459,64.9,53,1934
GOOGL261120C00330000,GOOGL,2026-11-20,49,C,330.0,-3.93,343.5,25.0,25.45,25.225,25.97,1.8,0.3601748553466796,0.65928,0.00809,-0.19155,0.46153,26.3399,61.0,106,3403
GOOGL261120C00335000,GOOGL,2026-11-20,49,C,335.0,-2.47,343.5,21.8,22.6,22.2,22.0,3.6,0.3602053726196288,0.61659,0.00842,-0.19726,0.4805,23.4192,56.5,588,2218
GOOGL261120C00340000,GOOGL,2026-11-20,49,C,340.0,-1.02,343.5,19.2,19.6,19.4,19.4,2.1,0.3528507098388671,0.57354,0.00883,-0.19706,0.49354,20.3553,52.2,699,6364
GOOGL261120C00345000,GOOGL,2026-11-20,49,C,345.0,0.44,343.5,16.8,17.35,17.075,17.05,3.2,0.3561160580444336,0.5291,0.00888,-0.19991,0.50076,18.0332,47.7,264,6069
GOOGL261120C00350000,GOOGL,2026-11-20,49,C,350.0,1.89,343.5,14.55,14.85,14.7,14.69,2.0,0.3500736380004882,0.48399,0.00905,-0.19574,0.50169,15.4665,43.3,1579,6463
GOOGL261120C00355000,GOOGL,2026-11-20,49,C,355.0,3.35,343.5,12.55,12.95,12.75,12.7,3.1,0.35166053619384763,0.44059,0.00891,-0.19328,0.49652,13.4989,39.0,1141,30688
GOOGL261120C00360000,GOOGL,2026-11-20,49,C,360.0,4.8,343.5,10.75,11.0,10.875,10.77,2.3,0.3480594979858398,0.39665,0.0088,-0.18598,0.48515,11.4853,34.8,2464,10370
GOOGL261120C00365000,GOOGL,2026-11-20,49,C,365.0,6.26,343.5,9.15,9.5,9.325,9.37,3.8,0.34967691345214835,0.35648,0.00847,-0.17976,0.46925,9.9265,31.0,556,2912
GOOGL261120C00370000,GOOGL,2026-11-20,49,C,370.0,7.71,343.5,7.85,7.9,7.875,7.9,0.6,0.34503828796386715,0.31485,0.00818,-0.16833,0.447,8.269,27.1,2205,33630
GOOGL261120C00375000,GOOGL,2026-11-20,49,C,375.0,9.17,343.5,6.55,6.85,6.7,6.75,4.5,0.34894449890136714,0.28085,0.00768,-0.16086,0.42429,7.1704,23.9,235,3140
GOOGL261120C00380000,GOOGL,2026-11-20,49,C,380.0,10.63,343.5,5.5,5.7,5.6,5.55,3.6,0.34680828979492184,0.24544,0.00721,-0.14873,0.39603,5.9731,20.7,1272,7994
GOOGL261120C00385000,GOOGL,2026-11-20,49,C,385.0,12.08,343.5,4.6,4.8,4.7,4.75,4.3,0.34729656616210935,0.21462,0.00668,-0.13771,0.36736,5.0316,17.9,115,1716
GOOGL261120C00390000,GOOGL,2026-11-20,49,C,390.0,13.54,343.5,3.85,4.0,3.925,4.0,3.8,0.34705242797851554,0.18603,0.00613,-0.12593,0.33711,4.1954,15.4,407,3380
GOOGL261120C00395000,GOOGL,2026-11-20,49,C,395.0,14.99,343.5,3.2,3.35,3.275,3.3,4.6,0.3479069116210937,0.16107,0.00558,-0.11487,0.30757,3.5134,13.2,54,2579
GOOGL261120C00400000,GOOGL,2026-11-20,49,C,400.0,16.45,343.5,2.7,2.82,2.76,2.75,4.3,0.34967691345214835,0.1395,0.00505,-0.10464,0.27945,2.9574,11.3,1463,9962
GOOGL261120C00405000,GOOGL,2026-11-20,49,C,405.0,17.9,343.5,2.2,2.38,2.29,2.29,7.9,0.3518741571044921,0.12073,0.00454,-0.09505,0.25284,2.4952,9.7,74,1926
GOOGL261120C00410000,GOOGL,2026-11-20,49,C,410.0,19.36,343.5,1.87,1.99,1.93,1.91,6.2,0.3532779516601562,0.10366,0.00405,-0.08541,0.22673,2.0847,8.2,131,4241
GOOGL261120C00415000,GOOGL,2026-11-20,49,C,415.0,20.82,343.5,1.57,1.7,1.635,1.58,8.0,0.3566958862304687,0.09006,0.00362,-0.07762,0.20447,1.7791,7.1,44,1297
GOOGL261120C00420000,GOOGL,2026-11-20,49,C,420.0,22.27,343.5,1.3,1.39,1.345,1.34,6.7,0.35657381713867187,0.07599,0.00319,-0.06817,0.17994,1.4551,5.9,213,32017
GOOGL261120C00425000,GOOGL,2026-11-20,49,C,425.0,23.73,343.5,1.11,1.23,1.17,1.2,10.3,0.3626772717285156,0.06742,0.00286,-0.06315,0.16416,1.2851,5.2,539,1561
GOOGL261120P00260000,GOOGL,2026-11-20,49,P,260.0,-24.31,343.5,0.5,0.59,0.545,0.53,16.5,0.40991801025390623,-0.0247,0.00112,-0.02947,0.07281,0.5066,3.5,196,1868
GOOGL261120P00265000,GOOGL,2026-11-20,49,P,265.0,-22.85,343.5,0.62,0.66,0.64,0.61,6.3,0.3940490283203125,-0.0283,0.00131,-0.03167,0.08158,0.5675,3.9,37,928
GOOGL261120P00270000,GOOGL,2026-11-20,49,P,270.0,-21.4,343.5,0.75,0.81,0.78,0.8,7.7,0.38477177734374995,-0.03466,0.00158,-0.03649,0.09646,0.6983,4.7,46,1281
GOOGL261120P00275000,GOOGL,2026-11-20,49,P,275.0,-19.94,343.5,0.93,0.99,0.96,0.97,6.2,0.3754945263671875,-0.04231,0.00191,-0.04181,0.11351,0.857,5.6,16,2402
GOOGL261120P00280000,GOOGL,2026-11-20,49,P,280.0,-18.49,343.5,1.17,1.23,1.2,1.18,5.0,0.36780417358398443,-0.05219,0.00231,-0.04833,0.13431,1.0706,6.8,158,2505
GOOGL261120P00285000,GOOGL,2026-11-20,49,P,285.0,-17.03,343.5,1.44,1.6,1.52,1.5,10.5,0.3645083081054688,-0.06618,0.0028,-0.05754,0.16181,1.4021,8.5,46,1841
GOOGL261120P00290000,GOOGL,2026-11-20,49,P,290.0,-15.57,343.5,1.82,1.91,1.865,1.86,4.8,0.35394933166503895,-0.07901,0.00331,-0.06379,0.18535,1.6782,10.0,84,12490
GOOGL261120P00295000,GOOGL,2026-11-20,49,P,295.0,-14.12,343.5,2.27,2.34,2.305,2.31,3.0,0.3460758752441406,-0.09575,0.0039,-0.07173,0.21396,2.0646,11.9,142,2371
GOOGL261120P00300000,GOOGL,2026-11-20,49,P,300.0,-12.66,343.5,2.86,3.05,2.955,2.97,6.4,0.34552656433105466,-0.11994,0.0046,-0.08393,0.25168,2.7125,14.7,214,7625
GOOGL261120P00305000,GOOGL,2026-11-20,49,P,305.0,-11.21,343.5,3.55,3.75,3.65,3.65,5.5,0.33960621337890623,-0.14441,0.00532,-0.09333,0.28607,3.352,17.5,338,3366
GOOGL261120P00310000,GOOGL,2026-11-20,49,P,310.0,-9.75,343.5,4.5,4.65,4.575,4.58,3.3,0.33570000244140624,-0.17376,0.00607,-0.10363,0.32296,4.1806,20.7,434,6716
GOOGL261120P00315000,GOOGL,2026-11-20,49,P,315.0,-8.3,343.5,5.55,5.8,5.675,5.65,4.4,0.33411310424804685,-0.20822,0.00682,-0.11463,0.36091,5.2493,24.5,179,4719
GOOGL261120P00320000,GOOGL,2026-11-20,49,P,320.0,-6.84,343.5,6.85,7.0,6.925,7.0,2.2,0.3289251678466796,-0.24421,0.00758,-0.12267,0.39496,6.3662,28.4,303,5968
GOOGL261120P00325000,GOOGL,2026-11-20,49,P,325.0,-5.39,343.5,8.45,8.75,8.6,8.55,3.5,0.3318853433227539,-0.28766,0.00816,-0.13364,0.42917,8.0144,33.0,321,2656
GOOGL261120P00330000,GOOGL,2026-11-20,49,P,330.0,-3.93,343.5,10.2,10.45,10.325,10.33,2.4,0.3284979260253906,-0.33072,0.00877,-0.13941,0.45619,9.6186,37.5,291,8610
GOOGL261120P00335000,GOOGL,2026-11-20,49,P,335.0,-2.47,343.5,12.1,12.45,12.275,12.25,2.9,0.3266668896484375,-0.37674,0.00924,-0.14387,0.47794,11.5177,42.3,313,4432
GOOGL261120P00340000,GOOGL,2026-11-20,49,P,340.0,-1.02,343.5,14.3,14.75,14.525,14.48,3.1,0.32605654418945307,-0.42449,0.00955,-0.14657,0.49308,13.7126,47.2,307,6814
GOOGL261120P00345000,GOOGL,2026-11-20,49,P,345.0,0.44,343.5,16.9,17.3,17.1,16.91,2.3,0.325629302368164,-0.47284,0.00971,-0.14688,0.50093,16.1586,52.0,189,6949
GOOGL261120P00350000,GOOGL,2026-11-20,49,P,350.0,1.89,343.5,19.55,19.9,19.725,19.81,1.8,0.3214789532470703,-0.5218,0.00985,-0.14277,0.50135,18.658,56.8,148,3951
GOOGL261120P00355000,GOOGL,2026-11-20,49,P,355.0,3.35,343.5,22.5,23.05,22.775,22.75,2.4,0.3236151623535155,-0.56874,0.00965,-0.13955,0.49463,21.7077,61.5,73,1668
GOOGL261120P00360000,GOOGL,2026-11-20,49,P,360.0,4.8,343.5,25.7,26.25,25.975,25.65,2.1,0.32227240234374993,-0.61517,0.00942,-0.13231,0.48103,24.8114,65.9,15,4711
GOOGL261120P00365000,GOOGL,2026-11-20,49,P,365.0,6.26,343.5,29.05,29.7,29.375,29.34,2.2,0.3216925741577148,-0.65931,0.00906,-0.12359,0.46151,28.169,70.1,9,1553
GOOGL261120P00370000,GOOGL,2026-11-20,49,P,370.0,7.71,343.5,32.4,33.0,32.7,32.98,1.8,0.3130561859130859,-0.70669,0.00873,-0.10831,0.4331,31.3791,74.5,15,1337
GOOGL261120P00375000,GOOGL,2026-11-20,49,P,375.0,9.17,343.5,36.5,37.3,36.9,38.14,2.2,0.3236151623535155,-0.73741,0.008,-0.10383,0.41032,35.6045,77.5,4,740
GOOGL261120P00380000,GOOGL,2026-11-20,49,P,380.0,10.63,343.5,40.45,41.7,41.075,40.6,3.0,0.33399103515625,-0.76428,0.00732,-0.09889,0.38741,39.9359,80.0,16,510
GOOGL261120P00385000,GOOGL,2026-11-20,49,P,385.0,12.08,343.5,44.6,45.85,45.225,44.5,2.8,0.33484551879882807,-0.79519,0.00674,-0.08736,0.3574,44.0185,82.8,1,402
GOOGL261120P00390000,GOOGL,2026-11-20,49,P,390.0,13.54,343.5,48.55,50.05,49.3,53.93,3.0,0.33338068969726564,-0.82494,0.00615,-0.07406,0.3245,48.1544,85.5,1,807
GOOGL261120P00395000,GOOGL,2026-11-20,49,P,395.0,14.99,343.5,53.1,54.55,53.825,56.27,2.7,0.33801931518554684,-0.84677,0.00556,-0.06502,0.29763,52.5987,87.4,1,354
GOOGL261120P00400000,GOOGL,2026-11-20,49,P,400.0,16.45,343.5,57.75,58.95,58.35,57.85,2.1,0.335944140625,-0.87118,0.00497,-0.05166,0.26457,56.9416,89.5,51,808
GOOGL261120P00405000,GOOGL,2026-11-20,49,P,405.0,17.9,343.5,61.85,63.5,62.675,69.3,2.6,0.33612724426269536,-0.89105,0.00441,-0.04034,0.23503,61.442,91.2,7,153
GOOGL261120P00410000,GOOGL,2026-11-20,49,P,410.0,19.36,343.5,66.25,68.5,67.375,66.93,3.3,0.3540103662109374,-0.89583,0.00406,-0.0412,0.22755,66.4056,91.7,100,130
GOOGL261120P00415000,GOOGL,2026-11-20,49,P,415.0,20.82,343.5,71.0,73.7,72.35,72.7,3.7,0.38049935913085936,-0.894,0.00382,-0.04797,0.23042,71.5745,91.7,1,153
GOOGL261120P00420000,GOOGL,2026-11-20,49,P,420.0,22.27,343.5,76.15,77.75,76.95,80.9,2.1,0.3487613952636719,-0.92889,0.0031,-0.01762,0.17104,75.5687,94.5,20,106
GOOGL261120P00425000,GOOGL,2026-11-20,49,P,425.0,23.73,343.5,80.8,82.65,81.725,86.4,2.3,0.3579165771484375,-0.93536,0.0028,-0.014,0.15889,80.4322,95.0,100,164
GOOGL261218C00260000,GOOGL,2026-12-18,77,C,260.0,-24.31,343.5,85.5,87.7,86.6,82.8,2.5,0.5139208764648437,0.90884,0.00202,-0.11072,0.25865,89.483,86.4,1,1353
GOOGL261218C00265000,GOOGL,2026-12-18,77,C,265.0,-22.85,343.5,80.5,82.95,81.725,94.62,3.0,0.49622085815429695,0.90137,0.00222,-0.11297,0.27411,84.7486,85.6,8,851
GOOGL261218C00270000,GOOGL,2026-12-18,77,C,270.0,-21.4,343.5,76.1,78.25,77.175,70.78,2.8,0.47961946166992186,0.89277,0.00244,-0.11555,0.29127,80.0595,84.6,44,2048
GOOGL261218C00275000,GOOGL,2026-12-18,77,C,275.0,-19.94,343.5,71.8,73.6,72.7,67.08,2.5,0.46393358337402346,0.88296,0.00269,-0.11839,0.31008,75.4177,83.6,88,201
GOOGL261218C00280000,GOOGL,2026-12-18,77,C,280.0,-18.49,343.5,67.1,69.0,68.05,68.65,2.8,0.4487970159912109,0.87193,0.00296,-0.12132,0.3303,70.8193,82.4,2,2038
GOOGL261218C00285000,GOOGL,2026-12-18,77,C,285.0,-17.03,343.5,62.1,64.45,63.275,62.02,3.7,0.434148724975586,0.85955,0.00326,-0.12431,0.35193,66.2687,81.0,1,587
GOOGL261218C00290000,GOOGL,2026-12-18,77,C,290.0,-15.57,343.5,58.35,59.8,59.075,64.83,2.5,0.4158993957519531,0.84755,0.00359,-0.12557,0.37184,61.6208,79.8,20,2507
GOOGL261218C00295000,GOOGL,2026-12-18,77,C,295.0,-14.12,343.5,54.35,55.35,54.85,55.0,1.8,0.40170886383056637,0.83222,0.00396,-0.12833,0.39589,57.1588,78.2,5,279
GOOGL261218C00300000,GOOGL,2026-12-18,77,C,300.0,-12.66,343.5,50.1,51.4,50.75,50.5,2.6,0.3974974801635742,0.81034,0.00432,-0.13506,0.42766,53.17,75.7,24,17996
GOOGL261218C00305000,GOOGL,2026-12-18,77,C,305.0,-11.21,343.5,45.55,47.2,46.375,46.85,3.6,0.38556522644042956,0.7903,0.00473,-0.13813,0.45431,48.9426,73.6,2,2370
GOOGL261218C00310000,GOOGL,2026-12-18,77,C,310.0,-9.75,343.5,42.45,43.05,42.75,42.9,1.4,0.37296159271240237,0.76851,0.00518,-0.14047,0.4808,44.7606,71.3,53,15703
GOOGL261218C00315000,GOOGL,2026-12-18,77,C,315.0,-8.3,343.5,38.0,39.75,38.875,40.12,4.5,0.3746705599975586,0.73839,0.0055,-0.14816,0.51338,41.3929,68.0,11,725
GOOGL261218C00320000,GOOGL,2026-12-18,77,C,320.0,-6.84,343.5,35.6,36.0,35.8,36.7,1.1,0.36511865356445317,0.71115,0.00593,-0.15045,0.53905,37.5901,65.1,24,4054
GOOGL261218C00325000,GOOGL,2026-12-18,77,C,325.0,-5.39,343.5,31.9,32.75,32.325,33.03,2.6,0.36203640899658207,0.67969,0.00626,-0.15452,0.56444,34.2724,61.8,33,1709
GOOGL261218C00330000,GOOGL,2026-12-18,77,C,330.0,-3.93,343.5,28.95,29.55,29.25,29.35,2.1,0.35703157623291015,0.64727,0.00659,-0.15683,0.58603,31.0021,58.5,303,2716
GOOGL261218C00335000,GOOGL,2026-12-18,77,C,335.0,-2.47,343.5,26.05,26.65,26.35,26.35,2.3,0.35425450439453116,0.61302,0.00685,-0.15894,0.60398,28.0248,55.0,340,1642
GOOGL261218C00340000,GOOGL,2026-12-18,77,C,340.0,-1.02,343.5,23.4,23.9,23.65,23.54,2.1,0.35108070800781244,0.57788,0.00706,-0.15974,0.61738,25.194,51.4,204,3743
GOOGL261218C00345000,GOOGL,2026-12-18,77,C,345.0,0.44,343.5,20.75,21.25,21.0,21.0,2.4,0.34671673797607416,0.54191,0.00725,-0.15886,0.62594,22.462,47.8,626,1898
GOOGL261218C00350000,GOOGL,2026-12-18,77,C,350.0,1.89,343.5,18.75,19.15,18.95,18.75,2.1,0.3482731188964844,0.5062,0.00726,-0.15916,0.62934,20.2769,44.3,577,7061
GOOGL261218C00355000,GOOGL,2026-12-18,77,C,355.0,3.35,343.5,16.6,16.85,16.725,16.5,1.5,0.3438786315917969,0.46967,0.00733,-0.15586,0.62759,17.8933,40.7,127,2352
GOOGL261218C00360000,GOOGL,2026-12-18,77,C,360.0,4.8,343.5,14.65,15.1,14.875,14.85,3.0,0.34552656433105466,0.43522,0.00722,-0.15398,0.6211,16.0602,37.4,227,4201
GOOGL261218C00365000,GOOGL,2026-12-18,77,C,365.0,6.26,343.5,12.95,13.25,13.1,13.0,2.3,0.3429325961303711,0.40009,0.00714,-0.14925,0.60957,14.1297,34.1,65,2222
GOOGL261218C00370000,GOOGL,2026-12-18,77,C,370.0,7.71,343.5,11.35,11.65,11.5,11.7,2.6,0.34180345703125,0.3665,0.00698,-0.14423,0.59384,12.4513,30.9,183,4025
GOOGL261218C00375000,GOOGL,2026-12-18,77,C,375.0,9.17,343.5,10.0,10.2,10.1,10.11,2.0,0.34064380065917965,0.3341,0.00677,-0.13839,0.57417,10.9255,27.9,90,3254
GOOGL261218C00380000,GOOGL,2026-12-18,77,C,380.0,10.63,343.5,8.7,8.95,8.825,8.69,2.8,0.3405522488403321,0.30382,0.00651,-0.13238,0.55168,9.6054,25.1,290,14326
GOOGL261218C00385000,GOOGL,2026-12-18,77,C,385.0,12.08,343.5,7.6,7.8,7.7,7.75,2.6,0.33991138610839844,0.27477,0.00622,-0.12557,0.52622,8.3898,22.5,57,2729
GOOGL261218C00390000,GOOGL,2026-12-18,77,C,390.0,13.54,343.5,6.55,6.8,6.675,6.75,3.7,0.33978931701660153,0.24781,0.0059,-0.11863,0.49902,7.3272,20.1,71,7723
GOOGL261218C00395000,GOOGL,2026-12-18,77,C,395.0,14.99,343.5,5.7,5.9,5.8,5.7,3.4,0.33945362701416015,0.22245,0.00556,-0.1113,0.47012,6.3697,17.9,25,2255
GOOGL261218C00400000,GOOGL,2026-12-18,77,C,400.0,16.45,343.5,5.0,5.15,5.075,5.0,3.0,0.3402165588378906,0.19979,0.00521,-0.10443,0.44142,5.5678,15.9,430,15186
GOOGL261218C00405000,GOOGL,2026-12-18,77,C,405.0,17.9,343.5,4.25,4.5,4.375,4.45,5.7,0.3413151806640625,0.17921,0.00486,-0.09771,0.41284,4.8714,14.1,30,2444
GOOGL261218C00410000,GOOGL,2026-12-18,77,C,410.0,19.36,343.5,3.65,3.9,3.775,3.77,6.6,0.34171190521240236,0.15979,0.00451,-0.09066,0.38354,4.2291,12.5,70,4362
GOOGL261218C00415000,GOOGL,2026-12-18,77,C,415.0,20.82,343.5,3.15,3.35,3.25,3.45,6.2,0.3414372497558594,0.14151,0.00416,-0.08336,0.35373,3.6398,10.9,7,5707
GOOGL261218C00420000,GOOGL,2026-12-18,77,C,420.0,22.27,343.5,2.58,2.91,2.745,2.95,12.0,0.34241380249023434,0.12586,0.00383,-0.07695,0.32633,3.1642,9.6,58,3467
GOOGL261218C00425000,GOOGL,2026-12-18,77,C,425.0,23.73,343.5,2.42,2.52,2.47,2.57,4.0,0.34326828613281246,0.11161,0.00351,-0.07072,0.29977,2.7436,8.4,14,2040
GOOGL261218P00260000,GOOGL,2026-12-18,77,P,260.0,-24.31,343.5,1.02,1.15,1.085,1.09,12.0,0.37280900634765624,-0.03909,0.00144,-0.03072,0.13343,0.9857,5.6,24,2518
GOOGL261218P00265000,GOOGL,2026-12-18,77,P,265.0,-22.85,343.5,1.24,1.32,1.28,1.29,6.3,0.362311064453125,-0.04522,0.00166,-0.0335,0.15014,1.1324,6.3,22,2292
GOOGL261218P00270000,GOOGL,2026-12-18,77,P,270.0,-21.4,343.5,1.51,1.59,1.55,1.61,5.2,0.35584140258789054,-0.05409,0.00196,-0.03783,0.17319,1.3692,7.5,11,4286
GOOGL261218P00275000,GOOGL,2026-12-18,77,P,275.0,-19.94,343.5,1.85,1.92,1.885,1.94,3.7,0.3498600170898437,-0.06464,0.00229,-0.04263,0.19917,1.6589,8.8,171,2829
GOOGL261218P00280000,GOOGL,2026-12-18,77,P,280.0,-18.49,343.5,2.23,2.34,2.285,2.26,4.8,0.34516035705566406,-0.07754,0.00267,-0.0482,0.22907,2.0304,10.3,33,6638
GOOGL261218P00285000,GOOGL,2026-12-18,77,P,285.0,-17.03,343.5,2.7,2.84,2.77,2.83,5.1,0.34064380065917965,-0.09251,0.00308,-0.05409,0.26149,2.4752,12.1,11,1207
GOOGL261218P00290000,GOOGL,2026-12-18,77,P,290.0,-15.57,343.5,3.25,3.45,3.35,3.4,6.0,0.33685965881347657,-0.11007,0.00354,-0.06045,0.29679,3.0211,14.2,18,6236
GOOGL261218P00295000,GOOGL,2026-12-18,77,P,295.0,-14.12,343.5,3.95,4.2,4.075,4.2,6.1,0.3340520697021484,-0.13056,0.00403,-0.06729,0.33474,3.6949,16.6,16,1493
GOOGL261218P00300000,GOOGL,2026-12-18,77,P,300.0,-12.66,343.5,4.85,4.95,4.9,4.85,2.0,0.3282232705688476,-0.15161,0.00453,-0.07278,0.37049,4.3702,19.0,265,10876
GOOGL261218P00305000,GOOGL,2026-12-18,77,P,305.0,-11.21,343.5,5.8,6.05,5.925,5.95,4.2,0.327857063293457,-0.17859,0.00505,-0.08039,0.41195,5.3722,22.1,528,3131
GOOGL261218P00310000,GOOGL,2026-12-18,77,P,310.0,-9.75,343.5,7.0,7.15,7.075,7.1,2.1,0.32404240417480457,-0.20594,0.00557,-0.08613,0.44949,6.3757,25.1,111,3669
GOOGL261218P00315000,GOOGL,2026-12-18,77,P,315.0,-8.3,343.5,8.25,8.5,8.375,8.45,3.0,0.3221808505249023,-0.23689,0.00607,-0.09213,0.48698,7.6158,28.5,21,3199
GOOGL261218P00320000,GOOGL,2026-12-18,77,P,320.0,-6.84,343.5,9.75,9.95,9.85,9.77,2.0,0.3189765368652343,-0.26942,0.00656,-0.09681,0.5211,8.9526,32.0,321,8378
GOOGL261218P00325000,GOOGL,2026-12-18,77,P,325.0,-5.39,343.5,11.4,11.65,11.525,11.47,2.2,0.3170844659423828,-0.30471,0.007,-0.10112,0.5524,10.5295,35.7,47,3260
GOOGL261218P00330000,GOOGL,2026-12-18,77,P,330.0,-3.93,343.5,13.25,13.55,13.4,13.45,2.2,0.31537549865722647,-0.34183,0.00738,-0.10441,0.57927,12.3012,39.6,119,6602
GOOGL261218P00335000,GOOGL,2026-12-18,77,P,335.0,-2.47,343.5,15.35,15.65,15.5,15.55,1.9,0.31372756591796874,-0.38037,0.00769,-0.10653,0.6009,14.2679,43.6,66,2652
GOOGL261218P00340000,GOOGL,2026-12-18,77,P,340.0,-1.02,343.5,17.65,17.95,17.8,17.68,1.7,0.31211015045166013,-0.41996,0.00794,-0.10738,0.6167,16.4323,47.7,148,3842
GOOGL261218P00345000,GOOGL,2026-12-18,77,P,345.0,0.44,343.5,20.15,20.6,20.375,20.2,2.2,0.31284256500244134,-0.46007,0.00804,-0.10783,0.62626,18.9421,51.7,171,3303
GOOGL261218P00350000,GOOGL,2026-12-18,77,P,350.0,1.89,343.5,22.65,23.15,22.9,22.6,2.2,0.3088753195190429,-0.50069,0.00819,-0.10505,0.62941,21.3563,55.7,25,6506
GOOGL261218P00355000,GOOGL,2026-12-18,77,P,355.0,3.35,343.5,25.55,26.1,25.825,26.6,2.1,0.30811238769531246,-0.54075,0.00816,-0.10227,0.62613,24.1681,59.6,46,1111
GOOGL261218P00360000,GOOGL,2026-12-18,77,P,360.0,4.8,343.5,28.5,29.2,28.85,29.0,2.4,0.30667807586669915,-0.58033,0.00808,-0.09797,0.61661,27.1304,63.4,52,1606
GOOGL261218P00365000,GOOGL,2026-12-18,77,P,365.0,6.26,343.5,31.85,33.0,32.425,32.3,3.5,0.3139411868286133,-0.61425,0.00772,-0.09651,0.60342,30.804,66.8,8,1595
GOOGL261218P00370000,GOOGL,2026-12-18,77,P,370.0,7.71,343.5,35.15,36.0,35.575,35.0,2.4,0.3048165222167969,-0.65562,0.00766,-0.08661,0.5809,33.6684,70.6,117,1007
GOOGL261218P00375000,GOOGL,2026-12-18,77,P,375.0,9.17,343.5,38.75,39.55,39.15,39.85,2.0,0.3020089331054688,-0.69228,0.00738,-0.07868,0.55481,37.0914,73.9,2,657
GOOGL261218P00380000,GOOGL,2026-12-18,77,P,380.0,10.63,343.5,42.7,43.9,43.3,45.95,2.8,0.3114998049926757,-0.71746,0.00688,-0.07636,0.53341,41.335,76.4,6,1366
GOOGL261218P00385000,GOOGL,2026-12-18,77,P,385.0,12.08,343.5,46.55,48.55,47.55,46.97,4.2,0.32529361236572263,-0.73637,0.00637,-0.07612,0.5154,45.8933,78.3,40,401
GOOGL261218P00390000,GOOGL,2026-12-18,77,P,390.0,13.54,343.5,50.75,52.1,51.425,51.04,2.6,0.3145820495605468,-0.77278,0.00608,-0.0627,0.4758,49.3206,81.4,5,634
GOOGL261218P00395000,GOOGL,2026-12-18,77,P,395.0,14.99,343.5,53.9,56.85,55.375,52.8,5.3,0.32739930419921875,-0.78748,0.00562,-0.06179,0.45789,53.9912,82.8,2,620
GOOGL261218P00400000,GOOGL,2026-12-18,77,P,400.0,16.45,343.5,58.45,61.0,59.725,59.6,4.3,0.32483585327148434,-0.81313,0.00524,-0.05242,0.42377,58.0411,85.1,5,1078
GOOGL261218P00405000,GOOGL,2026-12-18,77,P,405.0,17.9,343.5,63.1,65.5,64.3,68.35,3.7,0.32874206420898433,-0.83132,0.00485,-0.04666,0.39725,62.4589,86.7,1,299
GOOGL261218P00410000,GOOGL,2026-12-18,77,P,410.0,19.36,343.5,67.8,69.2,68.5,71.5,2.0,0.3070137658691406,-0.86963,0.00438,-0.02669,0.33441,66.0357,89.7,2,108
GOOGL261218P00415000,GOOGL,2026-12-18,77,P,415.0,20.82,343.5,72.55,74.55,73.55,65.6,2.7,0.33264827514648443,-0.86564,0.00412,-0.03335,0.34144,71.3471,89.6,25,247
GOOGL261218P00420000,GOOGL,2026-12-18,77,P,420.0,22.27,343.5,76.65,79.15,77.9,81.85,3.2,0.33423517333984376,-0.88061,0.00378,-0.02679,0.31448,75.873,90.8,61,108
GOOGL261218P00425000,GOOGL,2026-12-18,77,P,425.0,23.73,343.5,81.25,83.9,82.575,85.22,3.2,0.3393620751953125,-0.89137,0.00348,-0.02241,0.29401,80.5565,91.8,2,15
GOOGL270115C00260000,GOOGL,2027-01-15,105,C,260.0,-24.31,343.5,87.35,89.15,88.25,88.95,2.0,0.4833425689697266,0.89404,0.00206,-0.10124,0.33721,91.5397,83.9,3,2909
GOOGL270115C00265000,GOOGL,2027-01-15,105,C,265.0,-22.85,343.5,82.55,84.7,83.625,83.1,2.6,0.4738822143554688,0.8836,0.00224,-0.10511,0.3607,87.0949,82.6,1,5016
GOOGL270115C00270000,GOOGL,2027-01-15,105,C,270.0,-21.4,343.5,78.0,79.9,78.95,80.75,2.4,0.45465633239746095,0.87625,0.00244,-0.1055,0.3766,82.3196,81.9,35,2361
GOOGL270115C00275000,GOOGL,2027-01-15,105,C,275.0,-19.94,343.5,74.0,74.7,74.35,73.78,0.9,0.4256038885498047,0.87263,0.00266,-0.10227,0.38426,77.1662,81.9,1,2671
GOOGL270115C00280000,GOOGL,2027-01-15,105,C,280.0,-18.49,343.5,69.35,70.45,69.9,71.75,1.6,0.41913422668457034,0.85832,0.00291,-0.10683,0.41339,72.9028,80.2,80,2951
GOOGL270115C00285000,GOOGL,2027-01-15,105,C,285.0,-17.03,343.5,65.25,66.6,65.925,67.5,2.0,0.4195614685058594,0.83972,0.00315,-0.11371,0.44878,69.0144,77.9,1,743
GOOGL270115C00290000,GOOGL,2027-01-15,105,C,290.0,-15.57,343.5,61.45,62.1,61.775,63.89,1.1,0.4046690393066406,0.8268,0.00343,-0.11497,0.47181,64.5116,76.6,6,1741
GOOGL270115C00295000,GOOGL,2027-01-15,105,C,295.0,-14.12,343.5,57.15,58.3,57.725,58.91,2.0,0.4023192092895508,0.80692,0.0037,-0.12046,0.5049,60.6694,74.2,1,1543
GOOGL270115C00300000,GOOGL,2027-01-15,105,C,300.0,-12.66,343.5,53.1,53.65,53.375,53.45,1.0,0.38266608551025383,0.79344,0.00405,-0.11955,0.52582,56.0169,73.0,57,6999
GOOGL270115C00305000,GOOGL,2027-01-15,105,C,305.0,-11.21,343.5,49.25,50.05,49.65,50.5,1.6,0.3806214282226562,0.77058,0.00432,-0.12452,0.55865,52.3608,70.4,1,1940
GOOGL270115C00310000,GOOGL,2027-01-15,105,C,310.0,-9.75,343.5,45.55,46.85,46.2,46.18,2.8,0.3830017755126953,0.74481,0.00455,-0.1306,0.59183,49.0898,67.5,4,4587
GOOGL270115C00315000,GOOGL,2027-01-15,105,C,315.0,-8.3,343.5,42.2,43.45,42.825,44.0,2.9,0.3797974618530273,0.72023,0.00481,-0.13423,0.61993,45.6266,64.8,3,2148
GOOGL270115C00320000,GOOGL,2027-01-15,105,C,320.0,-6.84,343.5,38.7,39.4,39.05,40.14,1.8,0.3648745153808594,0.69804,0.00519,-0.13335,0.64246,41.5337,62.7,42,4068
GOOGL270115C00325000,GOOGL,2027-01-15,105,C,325.0,-5.39,343.5,35.2,36.3,35.75,35.9,3.1,0.36255520263671875,0.67043,0.00542,-0.13616,0.66686,38.3564,59.7,6,1615
GOOGL270115C00330000,GOOGL,2027-01-15,105,C,330.0,-3.93,343.5,32.6,33.15,32.875,32.95,1.7,0.3574588180541992,0.64245,0.00567,-0.13738,0.68763,35.1286,56.9,129,3415
GOOGL270115C00335000,GOOGL,2027-01-15,105,C,335.0,-2.47,343.5,29.75,30.1,29.925,29.96,1.2,0.3518283811950683,0.61337,0.0059,-0.13772,0.70511,31.9968,54.0,243,1673
GOOGL270115C00340000,GOOGL,2027-01-15,105,C,340.0,-1.02,343.5,27.05,27.45,27.25,27.25,1.5,0.3497379479980468,0.58306,0.00606,-0.13849,0.71901,29.2568,50.9,294,4897
GOOGL270115C00345000,GOOGL,2027-01-15,105,C,345.0,0.44,343.5,24.55,24.9,24.725,24.7,1.4,0.3469303588867187,0.55229,0.00619,-0.13825,0.72867,26.614,47.8,350,2191
GOOGL270115C00350000,GOOGL,2027-01-15,105,C,350.0,1.89,343.5,22.25,22.6,22.425,22.43,1.6,0.3454655297851562,0.52136,0.00626,-0.13771,0.73394,24.2189,44.8,2214,25111
GOOGL270115C00355000,GOOGL,2027-01-15,105,C,355.0,3.35,343.5,20.2,20.45,20.325,20.25,1.2,0.3439854420471191,0.49048,0.00629,-0.13642,0.73479,21.9725,41.7,41,2617
GOOGL270115C00360000,GOOGL,2027-01-15,105,C,360.0,4.8,343.5,18.1,18.3,18.2,18.15,1.1,0.34049121429443363,0.45915,0.00633,-0.13367,0.73114,19.7264,38.8,161,15104
GOOGL270115C00365000,GOOGL,2027-01-15,105,C,365.0,6.26,343.5,16.25,16.85,16.55,16.4,3.6,0.34467208068847655,0.43104,0.00619,-0.13306,0.72399,18.1835,36.0,277,2607
GOOGL270115C00370000,GOOGL,2027-01-15,105,C,370.0,7.71,343.5,14.65,14.8,14.725,14.75,1.0,0.3385686260986328,0.39933,0.00619,-0.12798,0.71147,16.0373,33.1,88,9683
GOOGL270115C00375000,GOOGL,2027-01-15,105,C,375.0,9.17,343.5,13.05,13.4,13.225,13.25,2.6,0.3397587997436523,0.37175,0.00604,-0.12512,0.69668,14.5489,30.5,162,3854
GOOGL270115C00380000,GOOGL,2027-01-15,105,C,380.0,10.63,343.5,11.65,11.8,11.725,11.8,1.3,0.3361577615356446,0.34233,0.00593,-0.11982,0.67681,12.8585,27.9,237,12508
GOOGL270115C00385000,GOOGL,2027-01-15,105,C,385.0,12.08,343.5,10.3,10.65,10.475,10.56,3.3,0.337470004272461,0.31701,0.00573,-0.11612,0.65625,11.626,25.6,47,1955
GOOGL270115C00390000,GOOGL,2027-01-15,105,C,390.0,13.54,343.5,9.25,9.6,9.425,9.28,3.7,0.33875172973632806,0.29302,0.00551,-0.1121,0.6337,10.4998,23.4,86,9110
GOOGL270115C00395000,GOOGL,2027-01-15,105,C,395.0,14.99,343.5,8.15,8.4,8.275,8.5,3.0,0.3358220715332031,0.26709,0.00532,-0.10593,0.60585,9.2184,21.1,17,2080
GOOGL270115C00400000,GOOGL,2027-01-15,105,C,400.0,16.45,343.5,7.25,7.45,7.35,7.35,2.7,0.3353643124389648,0.24426,0.00508,-0.10064,0.57823,8.1964,19.1,2621,25300
GOOGL270115C00405000,GOOGL,2027-01-15,105,C,405.0,17.9,343.5,6.4,6.6,6.5,6.46,3.1,0.33505913970947265,0.22285,0.00483,-0.09527,0.54954,7.279,17.3,73,4163
GOOGL270115C00410000,GOOGL,2027-01-15,105,C,410.0,19.36,343.5,5.65,5.85,5.75,5.75,3.5,0.3350896569824219,0.20305,0.00458,-0.08999,0.52049,6.4678,15.6,118,9612
GOOGL270115C00415000,GOOGL,2027-01-15,105,C,415.0,20.82,343.5,4.95,5.25,5.1,5.17,5.9,0.33667655517578127,0.18589,0.00432,-0.08544,0.49325,5.8132,14.1,629,2407
GOOGL270115C00420000,GOOGL,2027-01-15,105,C,420.0,22.27,343.5,4.3,4.7,4.5,4.55,8.9,0.33801931518554684,0.16981,0.00406,-0.08081,0.46587,5.2123,12.8,69,4611
GOOGL270115C00425000,GOOGL,2027-01-15,105,C,425.0,23.73,343.5,3.9,4.05,3.975,4.0,3.8,0.3355779333496094,0.15175,0.0038,-0.0744,0.4329,4.5068,11.3,16,2005
GOOGL270115P00260000,GOOGL,2027-01-15,105,P,260.0,-24.31,343.5,1.63,1.71,1.67,1.77,4.8,0.3487613952636719,-0.0501,0.00161,-0.02956,0.19031,1.4461,7.3,3,5022
GOOGL270115P00265000,GOOGL,2027-01-15,105,P,265.0,-22.85,343.5,1.95,2.05,2.0,2.5,5.0,0.34418380432128903,-0.05937,0.00186,-0.03325,0.21765,1.7404,8.4,6,8703
GOOGL270115P00270000,GOOGL,2027-01-15,105,P,270.0,-21.4,343.5,2.34,2.44,2.39,2.4,4.2,0.3393620751953125,-0.06984,0.00214,-0.03705,0.24693,2.078,9.8,7,4223
GOOGL270115P00275000,GOOGL,2027-01-15,105,P,275.0,-19.94,343.5,2.8,2.91,2.855,2.9,3.9,0.33515069152832033,-0.08208,0.00245,-0.04121,0.27926,2.4869,11.3,6,3379
GOOGL270115P00280000,GOOGL,2027-01-15,105,P,280.0,-18.49,343.5,3.25,3.65,3.45,3.2,11.6,0.33661552062988287,-0.0992,0.00281,-0.04745,0.32144,3.1413,13.4,4,9383
GOOGL270115P00285000,GOOGL,2027-01-15,105,P,285.0,-17.03,343.5,3.9,4.35,4.125,3.95,10.9,0.33386896606445315,-0.11577,0.00317,-0.05236,0.35931,3.7612,15.5,13,5599
GOOGL270115P00290000,GOOGL,2027-01-15,105,P,290.0,-15.57,343.5,4.65,5.1,4.875,4.7,9.2,0.3299017205810546,-0.13343,0.00354,-0.05683,0.3968,4.4256,17.5,103,4612
GOOGL270115P00295000,GOOGL,2027-01-15,105,P,295.0,-14.12,343.5,5.4,5.75,5.575,5.6,6.3,0.3216010223388671,-0.15024,0.00394,-0.05965,0.43003,4.9947,19.4,6,3007
GOOGL270115P00300000,GOOGL,2027-01-15,105,P,300.0,-12.66,343.5,6.45,6.75,6.6,6.6,4.5,0.3187629159545897,-0.17239,0.00435,-0.06427,0.47039,5.8884,22.0,102,16810
GOOGL270115P00305000,GOOGL,2027-01-15,105,P,305.0,-11.21,343.5,7.55,8.0,7.775,7.69,5.8,0.3181525704956054,-0.19783,0.00474,-0.06942,0.51241,7.0148,24.9,29,4183
GOOGL270115P00310000,GOOGL,2027-01-15,105,P,310.0,-9.75,343.5,8.9,9.15,9.025,9.0,2.8,0.31320877227783206,-0.22263,0.00517,-0.07265,0.54924,8.0477,27.6,63,7713
GOOGL270115P00315000,GOOGL,2027-01-15,105,P,315.0,-8.3,343.5,10.05,10.6,10.325,10.45,5.3,0.3110115286254882,-0.25091,0.00556,-0.0764,0.58659,9.3623,30.7,28,4239
GOOGL270115P00320000,GOOGL,2027-01-15,105,P,320.0,-6.84,343.5,11.65,12.2,11.925,12.0,4.6,0.3087227331542969,-0.28087,0.00593,-0.07955,0.62111,10.8201,33.9,169,7837
GOOGL270115P00325000,GOOGL,2027-01-15,105,P,325.0,-5.39,343.5,13.75,14.4,14.075,14.05,4.6,0.31287308227539057,-0.31477,0.00616,-0.08422,0.65427,12.8538,37.7,103,5100
GOOGL270115P00330000,GOOGL,2027-01-15,105,P,330.0,-3.93,343.5,15.7,16.2,15.95,15.8,3.1,0.3085091122436523,-0.34658,0.00649,-0.08525,0.67995,14.5045,40.9,105,11429
GOOGL270115P00335000,GOOGL,2027-01-15,105,P,335.0,-2.47,343.5,17.75,18.05,17.9,17.95,1.7,0.3025887612915039,-0.37964,0.00683,-0.08498,0.70128,16.2007,44.3,15,2401
GOOGL270115P00340000,GOOGL,2027-01-15,105,P,340.0,-1.02,343.5,20.05,20.45,20.25,20.26,2.0,0.3019478985595704,-0.41478,0.00701,-0.08563,0.71816,18.4324,47.9,42,4915
GOOGL270115P00345000,GOOGL,2027-01-15,105,P,345.0,0.44,343.5,22.55,23.35,22.95,22.7,3.5,0.305671005859375,-0.45003,0.00703,-0.08688,0.72922,21.1593,51.5,23,2177
GOOGL270115P00350000,GOOGL,2027-01-15,105,P,350.0,1.89,343.5,25.15,25.8,25.475,25.33,2.6,0.3009103112792969,-0.4857,0.00719,-0.0844,0.73452,23.4432,55.0,27,5742
GOOGL270115P00355000,GOOGL,2027-01-15,105,P,355.0,3.35,343.5,28.0,28.4,28.2,28.26,1.4,0.2957834094238281,-0.52222,0.00731,-0.08087,0.73386,25.871,58.5,18,3354
GOOGL270115P00360000,GOOGL,2027-01-15,105,P,360.0,4.8,343.5,30.7,31.45,31.075,31.33,2.4,0.29444064941406245,-0.55775,0.00728,-0.07783,0.72728,28.7488,61.9,14,3340
GOOGL270115P00365000,GOOGL,2027-01-15,105,P,365.0,6.26,343.5,34.05,34.7,34.375,34.35,1.9,0.29358616577148433,-0.59241,0.00718,-0.0742,0.71519,31.8295,65.2,4,1067
GOOGL270115P00370000,GOOGL,2027-01-15,105,P,370.0,7.71,343.5,37.45,38.1,37.775,37.84,1.7,0.2926096130371093,-0.62617,0.00703,-0.06983,0.69792,35.0631,68.4,24,3811
GOOGL270115P00375000,GOOGL,2027-01-15,105,P,375.0,9.17,343.5,40.95,41.6,41.275,40.77,1.6,0.2908396112060546,-0.65935,0.00684,-0.06453,0.67555,38.3982,71.5,19,1175
GOOGL270115P00380000,GOOGL,2027-01-15,105,P,380.0,10.63,343.5,44.65,45.3,44.975,44.87,1.4,0.28992409301757804,-0.69064,0.0066,-0.05906,0.64939,41.9408,74.3,12,3743
GOOGL270115P00385000,GOOGL,2027-01-15,105,P,385.0,12.08,343.5,48.25,49.1,48.675,48.77,1.7,0.28839822937011705,-0.72094,0.00633,-0.0529,0.61917,45.5854,77.0,2,1018
GOOGL270115P00390000,GOOGL,2027-01-15,105,P,390.0,13.54,343.5,52.4,53.15,52.775,56.2,1.4,0.28900857482910147,-0.74771,0.006,-0.04739,0.58829,49.4908,79.5,19,1223
GOOGL270115P00395000,GOOGL,2027-01-15,105,P,395.0,14.99,343.5,56.35,57.15,56.75,52.5,1.4,0.2866587448120117,-0.77544,0.00567,-0.0403,0.55193,53.3447,81.9,2,368
GOOGL270115P00400000,GOOGL,2027-01-15,105,P,400.0,16.45,343.5,60.5,61.2,60.85,59.55,1.2,0.28290512023925773,-0.80286,0.00532,-0.03239,0.51134,57.2507,84.2,4,1170
GOOGL270115P00405000,GOOGL,2027-01-15,105,P,405.0,17.9,343.5,64.9,65.95,65.425,68.98,1.6,0.29196875030517566,-0.81593,0.00495,-0.03066,0.49024,61.8988,85.5,1,411
GOOGL270115P00410000,GOOGL,2027-01-15,105,P,410.0,19.36,343.5,68.7,69.85,69.275,69.72,1.7,0.2802196002197265,-0.8475,0.00457,-0.01886,0.43431,65.6433,88.0,11,615
GOOGL270115P00415000,GOOGL,2027-01-15,105,P,415.0,20.82,343.5,73.1,75.45,74.275,66.7,3.2,0.3078072149658203,-0.83967,0.0043,-0.02638,0.44886,71.2035,87.7,3,77
GOOGL270115P00420000,GOOGL,2027-01-15,105,P,420.0,22.27,343.5,78.0,79.9,78.95,80.43,2.4,0.307074800415039,-0.85737,0.00398,-0.02017,0.41526,75.5415,89.1,1,252
GOOGL270115P00425000,GOOGL,2027-01-15,105,P,425.0,23.73,343.5,82.35,84.7,83.525,82.95,2.8,0.31409377319335935,-0.86677,0.00372,-0.01787,0.3964,80.2529,90.0,4,259
GOOGL270219C00260000,GOOGL,2027-02-19,140,C,260.0,-24.31,343.5,89.75,91.95,90.85,90.31,2.4,0.48175567077636716,0.87161,0.00205,-0.09916,0.44616,94.9924,79.8,2,472
GOOGL270219C00265000,GOOGL,2027-02-19,140,C,265.0,-22.85,343.5,86.25,87.6,86.925,87.05,1.6,0.47211221252441404,0.86127,0.0022,-0.10183,0.47058,90.6489,78.6,10,67
GOOGL270219C00270000,GOOGL,2027-02-19,140,C,270.0,-21.4,343.5,81.65,82.45,82.05,77.9,1.0,0.446294599609375,0.85651,0.00238,-0.09961,0.48146,85.5521,78.5,2,195
GOOGL270219C00275000,GOOGL,2027-02-19,140,C,275.0,-19.94,343.5,76.55,78.4,77.475,75.2,2.4,0.4414423532104492,0.84288,0.00256,-0.10344,0.5115,81.4876,76.8,4,112
GOOGL270219C00280000,GOOGL,2027-02-19,140,C,280.0,-18.49,343.5,72.9,75.05,73.975,74.51,2.9,0.44739322143554683,0.82423,0.00272,-0.11034,0.54992,78.0814,74.4,4,656
GOOGL270219C00285000,GOOGL,2027-02-19,140,C,285.0,-17.03,343.5,69.25,70.5,69.875,65.8,1.8,0.43124958404541025,0.81327,0.00293,-0.11052,0.57115,73.5401,73.3,1,17
GOOGL270219C00290000,GOOGL,2027-02-19,140,C,290.0,-15.57,343.5,64.55,65.9,65.225,72.32,2.1,0.41394629028320307,0.8019,0.00316,-0.11018,0.59216,68.9478,72.3,2,67
GOOGL270219C00295000,GOOGL,2027-02-19,140,C,295.0,-14.12,343.5,60.65,62.55,61.6,62.5,3.1,0.41547215393066406,0.78225,0.00333,-0.11518,0.62618,65.5387,69.9,10,124
GOOGL270219C00300000,GOOGL,2027-02-19,140,C,300.0,-12.66,343.5,57.55,58.55,58.05,58.2,1.7,0.4056761093139648,0.76597,0.00355,-0.1166,0.65226,61.5104,68.2,23,249
GOOGL270219C00305000,GOOGL,2027-02-19,140,C,305.0,-11.21,343.5,53.75,55.25,54.5,50.32,2.8,0.40479110839843746,0.74561,0.00372,-0.12033,0.68227,58.1485,65.9,32,119
GOOGL270219C00310000,GOOGL,2027-02-19,140,C,310.0,-9.75,343.5,50.7,51.2,50.95,48.0,1.0,0.3921264401245117,0.72812,0.00398,-0.12033,0.70585,54.0653,64.2,2,83
GOOGL270219C00315000,GOOGL,2027-02-19,140,C,315.0,-8.3,343.5,46.65,48.1,47.375,44.73,3.1,0.39113462875366206,0.7061,0.00414,-0.12336,0.73276,50.8918,61.8,21,113
GOOGL270219C00320000,GOOGL,2027-02-19,140,C,320.0,-6.84,343.5,44.15,45.0,44.575,45.18,1.9,0.3885864364624023,0.68387,0.0043,-0.12555,0.75688,47.7184,59.4,2,172
GOOGL270219C00325000,GOOGL,2027-02-19,140,C,325.0,-5.39,343.5,41.0,41.9,41.45,43.56,2.2,0.38458867370605465,0.66127,0.00447,-0.12692,0.77837,44.5442,57.1,6,41
GOOGL270219C00330000,GOOGL,2027-02-19,140,C,330.0,-3.93,343.5,37.7,39.65,38.675,39.5,5.0,0.38959350646972657,0.63698,0.00453,-0.13041,0.79817,42.1966,54.3,34,614
GOOGL270219C00335000,GOOGL,2027-02-19,140,C,335.0,-2.47,343.5,35.45,35.9,35.675,35.85,1.3,0.3748841809082031,0.61413,0.0048,-0.12786,0.81373,38.3846,52.3,33,338
GOOGL270219C00340000,GOOGL,2027-02-19,140,C,340.0,-1.02,343.5,32.8,33.3,33.05,32.99,1.5,0.37271745452880856,0.5895,0.0049,-0.1284,0.82725,35.6925,49.8,30,549
GOOGL270219C00345000,GOOGL,2027-02-19,140,C,345.0,0.44,343.5,30.55,30.95,30.75,31.08,1.3,0.372076591796875,0.5647,0.00497,-0.12891,0.83752,33.2481,47.3,170,721
GOOGL270219C00350000,GOOGL,2027-02-19,140,C,350.0,1.89,343.5,28.0,28.75,28.375,28.3,2.6,0.37174090179443364,0.53996,0.00502,-0.12905,0.84444,30.9517,44.8,48,1609
GOOGL270219C00355000,GOOGL,2027-02-19,140,C,355.0,3.35,343.5,25.75,26.3,26.025,27.23,2.1,0.3670412417602539,0.51447,0.00511,-0.12743,0.84814,28.4056,42.4,5,463
GOOGL270219C00360000,GOOGL,2027-02-19,140,C,360.0,4.8,343.5,23.8,24.25,24.025,24.5,1.9,0.3656374472045898,0.48955,0.00513,-0.12634,0.84841,26.2567,40.0,44,1285
GOOGL270219C00365000,GOOGL,2027-02-19,140,C,365.0,6.26,343.5,21.85,22.35,22.1,23.4,2.3,0.36463037719726565,0.46494,0.00512,-0.12494,0.84542,24.2585,37.7,5,609
GOOGL270219C00370000,GOOGL,2027-02-19,140,C,370.0,7.71,343.5,20.05,20.5,20.275,21.0,2.2,0.36286037536621096,0.44036,0.00511,-0.12289,0.8392,22.3105,35.4,6,435
GOOGL270219C00375000,GOOGL,2027-02-19,140,C,375.0,9.17,343.5,18.35,18.8,18.575,19.02,2.4,0.36154813262939456,0.4163,0.00507,-0.12059,0.82995,20.5134,33.2,38,331
GOOGL270219C00380000,GOOGL,2027-02-19,140,C,380.0,10.63,343.5,16.8,17.15,16.975,17.02,2.1,0.35951873397827144,0.39231,0.00502,-0.11769,0.81759,18.7667,31.0,9,1474
GOOGL270219C00385000,GOOGL,2027-02-19,140,C,385.0,12.08,343.5,15.4,15.8,15.6,14.67,2.6,0.3599307171630859,0.37018,0.00493,-0.11531,0.80336,17.3242,29.0,8,199
GOOGL270219C00390000,GOOGL,2027-02-19,140,C,390.0,13.54,343.5,14.05,14.4,14.225,14.74,2.5,0.3584964053344727,0.34764,0.00484,-0.11199,0.78602,15.8334,27.0,2,549
GOOGL270219C00395000,GOOGL,2027-02-19,140,C,395.0,14.99,343.5,12.5,13.2,12.85,13.85,5.4,0.35843537078857424,0.32664,0.00473,-0.10892,0.76725,14.547,25.1,20,304
GOOGL270219C00400000,GOOGL,2027-02-19,140,C,400.0,16.45,343.5,11.7,12.05,11.875,11.98,2.9,0.35785554260253905,0.30606,0.00461,-0.10545,0.74632,13.3115,23.3,61,2638
GOOGL270219C00410000,GOOGL,2027-02-19,140,C,410.0,19.36,343.5,9.7,9.95,9.825,9.95,2.5,0.35596347167968745,0.26667,0.00434,-0.0977,0.69903,11.0474,20.0,7,947
GOOGL270219C00420000,GOOGL,2027-02-19,140,C,420.0,22.27,343.5,8.0,8.25,8.125,8.12,3.1,0.3555362298583984,0.23167,0.00403,-0.09007,0.64858,9.2013,17.0,30,1119
GOOGL270219P00260000,GOOGL,2027-02-19,140,P,260.0,-24.31,343.5,2.99,3.15,3.07,3.13,5.2,0.3523624334716796,-0.07275,0.00184,-0.03399,0.2942,2.6557,10.8,2,1507
GOOGL270219P00265000,GOOGL,2027-02-19,140,P,265.0,-22.85,343.5,3.4,3.85,3.625,3.65,12.4,0.35352208984374994,-0.08619,0.00209,-0.03863,0.33451,3.2674,12.6,2,857
GOOGL270219P00270000,GOOGL,2027-02-19,140,P,270.0,-21.4,343.5,4.0,4.3,4.15,4.21,7.2,0.34589277160644527,-0.09635,0.00232,-0.04085,0.36331,3.6513,13.8,105,476
GOOGL270219P00275000,GOOGL,2027-02-19,140,P,275.0,-19.94,343.5,4.7,5.0,4.85,4.89,6.2,0.34290207885742185,-0.11015,0.00258,-0.04442,0.40041,4.2595,15.5,7,580
GOOGL270219P00280000,GOOGL,2027-02-19,140,P,280.0,-18.49,343.5,5.45,5.8,5.625,5.73,6.2,0.34027759338378905,-0.12547,0.00285,-0.04809,0.43908,4.9607,17.4,3,2385
GOOGL270219P00285000,GOOGL,2027-02-19,140,P,285.0,-17.03,343.5,6.3,6.7,6.5,6.41,6.2,0.3377141424560547,-0.14218,0.00313,-0.05173,0.4785,5.7505,19.5,2,1227
GOOGL270219P00290000,GOOGL,2027-02-19,140,P,290.0,-15.57,343.5,7.35,7.8,7.575,7.5,5.9,0.33695121063232425,-0.16129,0.00341,-0.05581,0.52034,6.7263,21.8,9,2552
GOOGL270219P00295000,GOOGL,2027-02-19,140,P,295.0,-14.12,343.5,8.4,8.85,8.625,8.39,5.2,0.3333196551513672,-0.18013,0.0037,-0.05886,0.55847,7.6548,23.9,2,2431
GOOGL270219P00300000,GOOGL,2027-02-19,140,P,300.0,-12.66,343.5,9.65,10.2,9.925,9.65,5.5,0.3327398269653321,-0.20198,0.00398,-0.06262,0.59912,8.862,26.5,5,3229
GOOGL270219P00305000,GOOGL,2027-02-19,140,P,305.0,-11.21,343.5,11.0,11.45,11.225,11.5,4.0,0.3286810296630859,-0.22329,0.00427,-0.06507,0.63527,9.9735,28.9,3,1379
GOOGL270219P00310000,GOOGL,2027-02-19,140,P,310.0,-9.75,343.5,12.3,12.85,12.575,12.45,4.4,0.3251715432739257,-0.24622,0.00456,-0.06738,0.67056,11.2269,31.4,2,1555
GOOGL270219P00315000,GOOGL,2027-02-19,140,P,315.0,-8.3,343.5,13.9,14.85,14.375,14.3,6.6,0.32807068420410157,-0.27312,0.00476,-0.07118,0.70745,13.0475,34.5,4,1107
GOOGL270219P00320000,GOOGL,2027-02-19,140,P,320.0,-6.84,343.5,15.8,16.55,16.175,16.0,4.6,0.3249579223632812,-0.29841,0.00502,-0.07281,0.73789,14.585,37.2,5,885
GOOGL270219P00325000,GOOGL,2027-02-19,140,P,325.0,-5.39,343.5,17.4,18.55,17.975,18.02,6.4,0.3239355937194824,-0.32537,0.00523,-0.07458,0.76603,16.4087,40.0,2,526
GOOGL270219P00330000,GOOGL,2027-02-19,140,P,330.0,-3.93,343.5,19.8,20.2,20.0,19.8,2.0,0.316840327758789,-0.35174,0.00551,-0.07412,0.7894,17.8931,42.7,5,704
GOOGL270219P00335000,GOOGL,2027-02-19,140,P,335.0,-2.47,343.5,21.35,22.45,21.9,22.62,5.0,0.3154365332031249,-0.38038,0.00568,-0.07477,0.81026,19.9556,45.7,7,791
GOOGL270219P00340000,GOOGL,2027-02-19,140,P,340.0,-1.02,343.5,24.2,24.75,24.475,24.13,2.2,0.31287308227539057,-0.40947,0.00584,-0.07455,0.82675,22.066,48.6,11,1631
GOOGL270219P00345000,GOOGL,2027-02-19,140,P,345.0,0.44,343.5,26.85,27.35,27.1,26.67,1.8,0.31212540908813474,-0.43901,0.00594,-0.07429,0.83876,24.4704,51.6,1,681
GOOGL270219P00350000,GOOGL,2027-02-19,140,P,350.0,1.89,343.5,28.6,30.6,29.6,30.06,6.8,0.3172828282165527,-0.46775,0.00589,-0.07523,0.84593,27.52,54.6,5,605
GOOGL270219P00355000,GOOGL,2027-02-19,140,P,355.0,3.35,343.5,32.0,32.7,32.35,36.05,2.2,0.3072273867797851,-0.49892,0.0061,-0.07112,0.8487,29.4254,57.4,1,211
GOOGL270219P00360000,GOOGL,2027-02-19,140,P,360.0,4.8,343.5,34.85,36.45,35.65,40.25,4.5,0.31497877410888664,-0.52564,0.00594,-0.07187,0.84695,32.9807,60.2,5,1206
GOOGL270219P00365000,GOOGL,2027-02-19,140,P,365.0,6.26,343.5,37.65,39.6,38.625,34.93,5.0,0.3140632559204102,-0.55409,0.00592,-0.06952,0.84089,35.9364,62.9,10,265
GOOGL270219P00370000,GOOGL,2027-02-19,140,P,370.0,7.71,343.5,41.0,42.45,41.725,45.97,3.5,0.3078682495117187,-0.58471,0.00595,-0.06497,0.82949,38.5863,65.7,1,146
GOOGL270219P00375000,GOOGL,2027-02-19,140,P,375.0,9.17,343.5,44.4,45.95,45.175,45.18,3.4,0.30799031860351556,-0.61186,0.00585,-0.06204,0.81512,41.8951,68.3,4,42
GOOGL270219P00380000,GOOGL,2027-02-19,140,P,380.0,10.63,343.5,47.9,48.95,48.425,42.12,2.2,0.30011686218261713,-0.6435,0.00584,-0.0559,0.79319,44.6903,71.0,1,40
GOOGL270219P00385000,GOOGL,2027-02-19,140,P,385.0,12.08,343.5,51.6,52.15,51.875,48.72,1.1,0.29279271667480455,-0.67498,0.00578,-0.04943,0.76569,47.6826,73.7,13,16
GOOGL270219P00390000,GOOGL,2027-02-19,140,P,390.0,13.54,343.5,0.0,0.0,58.9,58.9,,1.0000000000000003e-05,-1.0,0.0,0.04209,0.0,40.5621,100.0,41,0
GOOGL270219P00395000,GOOGL,2027-02-19,140,P,395.0,14.99,343.5,58.4,61.15,59.775,55.89,4.6,0.309577216796875,-0.70978,0.0052,-0.04765,0.72847,56.3726,77.2,13,18
GOOGL270219P00400000,GOOGL,2027-02-19,140,P,400.0,16.45,343.5,62.25,64.25,63.25,68.47,3.2,0.29566134033203123,-0.74418,0.00511,-0.03775,0.68427,59.2564,79.9,4,33
GOOGL270219P00410000,GOOGL,2027-02-19,140,P,410.0,19.36,343.5,70.8,73.35,72.075,84.25,3.5,0.30774618041992186,-0.77419,0.00459,-0.03366,0.63932,68.0698,82.7,18,21
GOOGL270319C00260000,GOOGL,2027-03-19,168,C,260.0,-24.31,343.5,91.3,92.95,92.125,93.0,1.8,0.45889823333740243,0.86636,0.00202,-0.09066,0.50246,96.5621,78.8,2,228
GOOGL270319C00265000,GOOGL,2027-03-19,168,C,265.0,-22.85,343.5,87.55,88.75,88.15,90.5,1.4,0.4518487432861329,0.85536,0.00216,-0.09339,0.53026,92.3644,77.4,2,131
GOOGL270319C00270000,GOOGL,2027-03-19,168,C,270.0,-21.4,343.5,83.45,84.3,83.875,81.65,1.0,0.43970286865234376,0.84565,0.00232,-0.09467,0.55376,87.93,76.4,2,415
GOOGL270319C00275000,GOOGL,2027-03-19,168,C,275.0,-19.94,343.5,78.95,80.35,79.65,79.97,1.8,0.4351863122558594,0.8323,0.00247,-0.09784,0.58458,83.9614,74.8,1,153
GOOGL270319C00280000,GOOGL,2027-03-19,168,C,280.0,-18.49,343.5,75.4,76.85,76.125,72.34,1.9,0.4364527790832519,0.81608,0.00261,-0.10242,0.6198,80.4169,72.7,5,1219
GOOGL270319C00285000,GOOGL,2027-03-19,168,C,285.0,-17.03,343.5,71.75,73.1,72.425,69.02,1.9,0.43243975769042964,0.80117,0.00277,-0.10543,0.65013,76.6352,71.0,1,271
GOOGL270319C00290000,GOOGL,2027-03-19,168,C,290.0,-15.57,343.5,67.7,68.95,68.325,68.55,1.8,0.4217281948852539,0.7879,0.00295,-0.10651,0.67556,72.4747,69.6,1,480
GOOGL270319C00295000,GOOGL,2027-03-19,168,C,295.0,-14.12,343.5,63.55,64.85,64.2,63.6,2.0,0.4110166320800781,0.77377,0.00314,-0.1074,0.70109,68.3556,68.2,1,107
GOOGL270319C00300000,GOOGL,2027-03-19,168,C,300.0,-12.66,343.5,60.4,61.2,60.8,61.85,1.3,0.40552352294921873,0.75699,0.00331,-0.10944,0.72939,64.6613,66.3,15,1099
GOOGL270319C00305000,GOOGL,2027-03-19,168,C,305.0,-11.21,343.5,56.9,57.7,57.3,58.3,1.4,0.4008848974609375,0.73916,0.00348,-0.11147,0.75716,61.1079,64.4,3,312
GOOGL270319C00310000,GOOGL,2027-03-19,168,C,310.0,-9.75,343.5,53.4,54.3,53.85,55.17,1.7,0.3963835997009278,0.72056,0.00364,-0.11326,0.78371,57.6495,62.4,3,373
GOOGL270319C00315000,GOOGL,2027-03-19,168,C,315.0,-8.3,343.5,50.15,51.0,50.575,49.88,1.7,0.39194333648681634,0.70122,0.0038,-0.11479,0.80877,54.2837,60.3,8,494
GOOGL270319C00320000,GOOGL,2027-03-19,168,C,320.0,-6.84,343.5,47.4,48.1,47.75,45.5,1.5,0.39102781829833977,0.68053,0.00392,-0.11692,0.83281,51.3022,58.1,3,616
GOOGL270319C00325000,GOOGL,2027-03-19,168,C,325.0,-5.39,343.5,44.05,44.85,44.45,45.0,1.8,0.3848633291625976,0.66023,0.00408,-0.11738,0.85367,47.9812,56.0,15,651
GOOGL270319C00330000,GOOGL,2027-03-19,168,C,330.0,-3.93,343.5,41.2,41.9,41.55,42.7,1.7,0.3809876354980468,0.63892,0.00422,-0.11809,0.87275,44.9489,53.9,10,708
GOOGL270319C00335000,GOOGL,2027-03-19,168,C,335.0,-2.47,343.5,38.05,39.35,38.7,39.0,3.4,0.3803467727661133,0.61695,0.00431,-0.11927,0.88947,42.3045,51.6,18,1055
GOOGL270319C00340000,GOOGL,2027-03-19,168,C,340.0,-1.02,343.5,36.05,36.6,36.325,36.22,1.5,0.3763032341003418,0.59479,0.00442,-0.11923,0.90334,39.464,49.4,99,1563
GOOGL270319C00345000,GOOGL,2027-03-19,168,C,345.0,0.44,343.5,33.55,34.1,33.825,33.85,1.6,0.3738008177185058,0.57229,0.0045,-0.11923,0.9144,36.8671,47.2,26,931
GOOGL270319C00350000,GOOGL,2027-03-19,168,C,350.0,1.89,343.5,31.2,31.5,31.35,31.6,1.0,0.3690553817749024,0.54928,0.0046,-0.11827,0.9226,34.17,45.0,780,2774
GOOGL270319C00355000,GOOGL,2027-03-19,168,C,355.0,3.35,343.5,28.9,29.4,29.15,29.35,1.7,0.3685060708618164,0.52668,0.00464,-0.11806,0.92762,31.9668,42.7,56,1256
GOOGL270319C00360000,GOOGL,2027-03-19,168,C,360.0,4.8,343.5,26.35,27.2,26.775,27.3,3.2,0.36569848175048825,0.50365,0.00468,-0.11689,0.92967,29.6618,40.6,27,1399
GOOGL270319C00365000,GOOGL,2027-03-19,168,C,365.0,6.26,343.5,24.9,25.4,25.15,25.25,2.0,0.36606468902587885,0.4816,0.00467,-0.11627,0.92872,27.7577,38.4,27,992
GOOGL270319C00370000,GOOGL,2027-03-19,168,C,370.0,7.71,343.5,23.0,23.5,23.25,23.5,2.2,0.3642336526489258,0.45911,0.00468,-0.11471,0.92482,25.7536,36.3,159,1444
GOOGL270319C00375000,GOOGL,2027-03-19,168,C,375.0,9.17,343.5,21.15,21.8,21.475,21.64,3.0,0.3634707208251954,0.43729,0.00465,-0.11316,0.91819,23.9503,34.3,11,996
GOOGL270319C00380000,GOOGL,2027-03-19,168,C,380.0,10.63,343.5,19.7,20.15,19.925,19.9,2.3,0.36215847808837887,0.41558,0.00462,-0.11117,0.90881,22.1958,32.3,41,1572
GOOGL270319C00385000,GOOGL,2027-03-19,168,C,385.0,12.08,343.5,18.15,18.55,18.35,18.7,2.2,0.36034270034790034,0.39396,0.00458,-0.10875,0.89667,20.4932,30.4,3,1042
GOOGL270319C00390000,GOOGL,2027-03-19,168,C,390.0,13.54,343.5,16.7,17.2,16.95,17.09,2.9,0.3603274417114257,0.3738,0.00451,-0.10665,0.88279,19.0455,28.6,14,1926
GOOGL270319C00395000,GOOGL,2027-03-19,168,C,395.0,14.99,343.5,14.95,15.85,15.4,15.8,5.8,0.35928985443115236,0.35357,0.00444,-0.10402,0.86635,17.5967,26.8,7,1342
GOOGL270319C00400000,GOOGL,2027-03-19,168,C,400.0,16.45,343.5,14.1,14.55,14.325,14.45,3.1,0.3578250253295898,0.33358,0.00436,-0.10105,0.84759,16.1992,25.1,200,7414
GOOGL270319C00405000,GOOGL,2027-03-19,168,C,405.0,17.9,343.5,12.9,13.45,13.175,13.5,4.2,0.3578250253295898,0.31518,0.00426,-0.0984,0.82805,15.009,23.5,5,890
GOOGL270319C00410000,GOOGL,2027-03-19,168,C,410.0,19.36,343.5,11.7,12.4,12.05,12.35,5.8,0.35751985260009767,0.29721,0.00416,-0.09552,0.80684,13.8708,21.9,36,967
GOOGL270319C00415000,GOOGL,2027-03-19,168,C,415.0,20.82,343.5,11.1,11.4,11.25,11.22,2.7,0.3569400244140625,0.2797,0.00404,-0.09242,0.78406,12.7853,20.4,16,354
GOOGL270319C00420000,GOOGL,2027-03-19,168,C,420.0,22.27,343.5,10.2,10.5,10.35,10.57,2.9,0.3567569207763671,0.26316,0.00393,-0.08937,0.7606,11.8018,19.1,173,2583
GOOGL270319C00425000,GOOGL,2027-03-19,168,C,425.0,23.73,343.5,9.1,10.0,9.55,9.9,9.4,0.3613955462646484,0.25122,0.00378,-0.08808,0.74247,11.2415,18.0,14,461
GOOGL270319P00260000,GOOGL,2027-03-19,168,P,260.0,-24.31,343.5,3.95,4.1,4.025,4.05,3.7,0.34680828979492184,-0.08386,0.00191,-0.03352,0.35897,3.4212,12.6,45,5945
GOOGL270319P00265000,GOOGL,2027-03-19,168,P,265.0,-22.85,343.5,4.4,4.75,4.575,5.29,7.7,0.34418380432128903,-0.09565,0.00212,-0.03651,0.39587,3.9791,14.2,1103,2162
GOOGL270319P00270000,GOOGL,2027-03-19,168,P,270.0,-21.4,343.5,5.1,5.45,5.275,5.4,6.6,0.3409489733886719,-0.10821,0.00234,-0.03937,0.43306,4.5787,15.7,5,8213
GOOGL270319P00275000,GOOGL,2027-03-19,168,P,275.0,-19.94,343.5,6.05,6.25,6.15,6.25,3.3,0.3382024188232422,-0.12215,0.00257,-0.04234,0.47203,5.2699,17.5,17,1187
GOOGL270319P00280000,GOOGL,2027-03-19,168,P,280.0,-18.49,343.5,6.8,7.2,7.0,7.05,5.7,0.3365544860839844,-0.13786,0.00281,-0.04556,0.51329,6.0948,19.4,171,5559
GOOGL270319P00285000,GOOGL,2027-03-19,168,P,285.0,-17.03,343.5,7.8,8.15,7.975,8.1,4.4,0.3332586206054688,-0.15381,0.00305,-0.04825,0.55249,6.9201,21.4,8,1919
GOOGL270319P00290000,GOOGL,2027-03-19,168,P,290.0,-15.57,343.5,9.0,9.25,9.125,9.1,2.7,0.3308477560424804,-0.17143,0.0033,-0.05106,0.59289,7.8814,23.5,202,5360
GOOGL270319P00295000,GOOGL,2027-03-19,168,P,295.0,-14.12,343.5,10.05,10.45,10.25,10.25,3.9,0.3283758569335937,-0.19017,0.00355,-0.0537,0.63275,8.9344,25.6,19,3180
GOOGL270319P00300000,GOOGL,2027-03-19,168,P,300.0,-12.66,343.5,11.55,11.75,11.65,11.6,1.7,0.32578188873291014,-0.20999,0.0038,-0.05611,0.67162,10.0792,27.9,125,8608
GOOGL270319P00305000,GOOGL,2027-03-19,168,P,305.0,-11.21,343.5,12.85,13.55,13.2,13.15,5.3,0.32831482238769527,-0.23339,0.004,-0.05964,0.71343,11.6926,30.7,273,2507
GOOGL270319P00310000,GOOGL,2027-03-19,168,P,310.0,-9.75,343.5,14.25,14.7,14.475,14.55,3.1,0.32068550415039054,-0.25301,0.00428,-0.06021,0.74525,12.6919,32.7,55,3765
GOOGL270319P00315000,GOOGL,2027-03-19,168,P,315.0,-8.3,343.5,15.6,16.45,16.025,16.65,5.3,0.3192969682312011,-0.27654,0.0045,-0.06213,0.77974,14.256,35.3,8,3427
GOOGL270319P00320000,GOOGL,2027-03-19,168,P,320.0,-6.84,343.5,17.3,18.2,17.75,18.09,5.1,0.3163520513916015,-0.30039,0.00472,-0.06329,0.81075,15.8182,37.9,88,4958
GOOGL270319P00325000,GOOGL,2027-03-19,168,P,325.0,-5.39,343.5,19.25,20.2,19.725,20.05,4.8,0.31485670501708973,-0.32557,0.00491,-0.06447,0.83936,17.6202,40.6,26,1678
GOOGL270319P00330000,GOOGL,2027-03-19,168,P,330.0,-3.93,343.5,21.9,22.2,22.05,22.05,1.4,0.3118354949951171,-0.35111,0.0051,-0.06486,0.86418,19.4192,43.2,61,2909
GOOGL270319P00335000,GOOGL,2027-03-19,168,P,335.0,-2.47,343.5,24.05,24.45,24.25,24.05,1.6,0.31012652770996096,-0.3776,0.00526,-0.06517,0.88559,21.4585,46.0,5,1535
GOOGL270319P00340000,GOOGL,2027-03-19,168,P,340.0,-1.02,343.5,26.4,26.8,26.6,26.7,1.5,0.3080208358764648,-0.40455,0.0054,-0.06496,0.90296,23.5934,48.7,9,2464
GOOGL270319P00345000,GOOGL,2027-03-19,168,P,345.0,0.44,343.5,28.75,29.35,29.05,29.1,2.1,0.3066170413208008,-0.43189,0.0055,-0.0645,0.91612,25.9239,51.5,5,1467
GOOGL270319P00350000,GOOGL,2027-03-19,168,P,350.0,1.89,343.5,31.5,32.1,31.8,32.1,1.9,0.30591514404296877,-0.45932,0.00557,-0.0638,0.92487,28.4525,54.2,3,3523
GOOGL270319P00355000,GOOGL,2027-03-19,168,P,355.0,3.35,343.5,34.1,35.1,34.6,34.45,2.9,0.30643393768310545,-0.4864,0.00558,-0.06301,0.92916,31.2276,56.9,7,573
GOOGL270319P00360000,GOOGL,2027-03-19,168,P,360.0,4.8,343.5,36.85,38.6,37.725,37.2,4.6,0.31096575271606436,-0.51182,0.0055,-0.06296,0.9293,34.5065,59.5,9,1806
GOOGL270319P00365000,GOOGL,2027-03-19,168,P,365.0,6.26,343.5,39.95,41.55,40.75,41.0,3.9,0.30820393951416014,-0.53893,0.00553,-0.0605,0.92527,37.234,62.1,6,2273
GOOGL270319P00370000,GOOGL,2027-03-19,168,P,370.0,7.71,343.5,42.55,45.0,43.775,44.0,5.6,0.3095924754333496,-0.56401,0.00546,-0.05889,0.91771,40.4679,64.5,4,1055
GOOGL270319P00375000,GOOGL,2027-03-19,168,P,375.0,9.17,343.5,45.65,48.15,46.9,46.57,5.3,0.30634238586425777,-0.59082,0.00544,-0.05556,0.90551,43.3964,66.9,6,738
GOOGL270319P00380000,GOOGL,2027-03-19,168,P,380.0,10.63,343.5,49.8,50.95,50.375,50.0,2.3,0.297583928527832,-0.62098,0.00549,-0.05011,0.88662,45.959,69.5,6,2043
GOOGL270319P00385000,GOOGL,2027-03-19,168,P,385.0,12.08,343.5,53.35,54.3,53.825,56.05,1.8,0.29363194168090817,-0.64822,0.00542,-0.04579,0.86478,49.0833,71.9,7,220
GOOGL270319P00390000,GOOGL,2027-03-19,168,P,390.0,13.54,343.5,57.0,58.85,57.925,60.39,3.2,0.3029244512939453,-0.66474,0.00516,-0.04569,0.84927,53.4513,73.6,2,327
GOOGL270319P00395000,GOOGL,2027-03-19,168,P,395.0,14.99,343.5,59.85,62.6,61.225,51.8,4.5,0.30145962219238287,-0.68821,0.00503,-0.0418,0.82422,56.9924,75.7,10,279
GOOGL270319P00400000,GOOGL,2027-03-19,168,P,400.0,16.45,343.5,63.7,66.25,64.975,64.15,3.9,0.2973703076171874,-0.71317,0.00491,-0.03677,0.79359,60.4274,77.8,20,332
GOOGL270319P00405000,GOOGL,2027-03-19,168,P,405.0,17.9,343.5,67.65,70.3,68.975,63.35,3.8,0.29724823852539056,-0.73388,0.00474,-0.033,0.76496,64.28,79.6,6,25
GOOGL270319P00410000,GOOGL,2027-03-19,168,P,410.0,19.36,343.5,0.0,0.0,77.1,77.1,,1.0000000000000003e-05,-1.0,0.0,0.04411,0.0,59.0206,100.0,14,0
GOOGL270319P00415000,GOOGL,2027-03-19,168,P,415.0,20.82,343.5,75.85,78.4,77.125,80.16,3.3,0.29340306213378897,-0.77575,0.00438,-0.02382,0.6976,71.9853,83.1,0,51
GOOGL270319P00420000,GOOGL,2027-03-19,168,P,420.0,22.27,343.5,80.85,82.05,81.45,74.45,1.5,0.2827525338745117,-0.80408,0.0042,-0.01569,0.64437,75.4022,85.3,1,75
GOOGL270319P00425000,GOOGL,2027-03-19,168,P,425.0,23.73,343.5,85.05,87.05,86.05,86.8,2.3,0.29328099304199207,-0.81003,0.00397,-0.0159,0.63234,80.2763,85.9,3,2
GOOGL270416C00270000,GOOGL,2027-04-16,196,C,270.0,-21.4,343.5,84.9,87.25,86.075,81.79,2.7,0.45203184692382814,0.8308,0.00222,-0.0945,0.63506,91.3133,73.4,2,5
GOOGL270416C00280000,GOOGL,2027-04-16,196,C,280.0,-18.49,343.5,76.7,78.9,77.8,75.05,2.8,0.4327144131469727,0.80809,0.00251,-0.09719,0.68726,82.9656,71.0,1,6
GOOGL270416C00285000,GOOGL,2027-04-16,196,C,285.0,-17.03,343.5,73.3,74.6,73.95,71.38,1.8,0.42056853851318365,0.79661,0.00267,-0.09774,0.71183,78.6678,69.9,2,24
GOOGL270416C00290000,GOOGL,2027-04-16,196,C,290.0,-15.57,343.5,69.25,71.6,70.425,75.3,3.3,0.4245815599060059,0.77898,0.00278,-0.10198,0.74728,75.5954,67.6,1,1
GOOGL270416C00295000,GOOGL,2027-04-16,196,C,295.0,-14.12,343.5,65.55,67.85,66.7,72.01,3.4,0.41786775985717767,0.76434,0.00293,-0.10349,0.77472,71.8128,66.1,1,4
GOOGL270416C00300000,GOOGL,2027-04-16,196,C,300.0,-12.66,343.5,62.7,64.55,63.625,64.6,2.9,0.41571629211425776,0.74771,0.00305,-0.10588,0.80375,68.4566,64.2,5,40
GOOGL270416C00305000,GOOGL,2027-04-16,196,C,305.0,-11.21,343.5,58.65,60.4,59.525,58.55,2.9,0.4026854165649414,0.73342,0.00324,-0.10551,0.82697,64.2859,62.9,2,4
GOOGL270416C00310000,GOOGL,2027-04-16,196,C,310.0,-9.75,343.5,55.75,57.05,56.4,55.0,2.3,0.3981688601684571,0.71607,0.00338,-0.10693,0.85304,60.8755,61.0,1,15
GOOGL270416C00315000,GOOGL,2027-04-16,196,C,315.0,-8.3,343.5,52.85,53.95,53.4,51.5,2.1,0.395437564239502,0.69774,0.0035,-0.10853,0.87816,57.7021,59.0,3,12
GOOGL270416C00320000,GOOGL,2027-04-16,196,C,320.0,-6.84,343.5,49.75,50.75,50.25,52.2,2.0,0.39063109375,0.6793,0.00364,-0.10939,0.90099,54.4324,57.1,5,100
GOOGL270416C00325000,GOOGL,2027-04-16,196,C,325.0,-5.39,343.5,46.8,47.9,47.35,54.5,2.3,0.3885406605529785,0.65992,0.00375,-0.11062,0.92239,51.4965,55.1,1,19
GOOGL270416C00330000,GOOGL,2027-04-16,196,C,330.0,-3.93,343.5,43.85,44.9,44.375,44.4,2.4,0.38388677642822266,0.6404,0.00387,-0.11099,0.94134,48.4153,53.1,4,63
GOOGL270416C00335000,GOOGL,2027-04-16,196,C,335.0,-2.47,343.5,41.15,42.3,41.725,43.11,2.8,0.38234565414428706,0.62027,0.00396,-0.1118,0.95821,45.7204,51.0,4,45
GOOGL270416C00340000,GOOGL,2027-04-16,196,C,340.0,-1.02,343.5,38.0,39.95,38.975,39.0,5.0,0.3822998782348632,0.59998,0.00401,-0.11269,0.97249,43.27,48.9,24,214
GOOGL270416C00345000,GOOGL,2027-04-16,196,C,345.0,0.44,343.5,35.65,37.45,36.55,37.7,4.9,0.37970591003417964,0.57952,0.00409,-0.11269,0.98418,40.6712,46.9,24,65
GOOGL270416C00350000,GOOGL,2027-04-16,196,C,350.0,1.89,343.5,33.95,34.6,34.275,35.3,1.9,0.3726564199829102,0.55826,0.00421,-0.11133,0.99347,37.7258,45.0,40,265
GOOGL270416C00355000,GOOGL,2027-04-16,196,C,355.0,3.35,343.5,31.1,33.3,32.2,32.2,6.8,0.38004160003662113,0.53908,0.00415,-0.1132,0.99937,36.3138,42.8,5,141
GOOGL270416C00360000,GOOGL,2027-04-16,196,C,360.0,4.8,343.5,28.8,30.25,29.525,30.25,4.9,0.36904012313842777,0.51641,0.00429,-0.11026,1.00335,33.1617,40.9,7,1161
GOOGL270416C00365000,GOOGL,2027-04-16,196,C,365.0,6.26,343.5,27.65,28.15,27.9,28.35,1.8,0.3665071894836425,0.4953,0.00432,-0.10914,1.00413,30.9526,39.0,3,294
GOOGL270416C00370000,GOOGL,2027-04-16,196,C,370.0,7.71,343.5,25.05,27.15,26.1,26.25,8.0,0.37402969726562496,0.47778,0.00423,-0.11038,1.00264,29.8475,37.1,4,89
GOOGL270416C00375000,GOOGL,2027-04-16,196,C,375.0,9.17,343.5,23.65,24.4,24.025,25.18,3.1,0.36304347900390627,0.45381,0.00434,-0.1065,0.99746,26.9816,35.1,51,189
GOOGL270416C00380000,GOOGL,2027-04-16,196,C,380.0,10.63,343.5,22.2,22.95,22.575,22.75,3.3,0.3642336526489258,0.4347,0.00429,-0.10563,0.99071,25.4258,33.3,2,61
GOOGL270416C00385000,GOOGL,2027-04-16,196,C,385.0,12.08,343.5,20.7,21.2,20.95,21.15,2.4,0.36144132217407227,0.41407,0.00428,-0.10344,0.98081,23.565,31.5,2,59
GOOGL270416C00390000,GOOGL,2027-04-16,196,C,390.0,13.54,343.5,19.3,19.8,19.55,19.95,2.6,0.3613802876281738,0.39516,0.00423,-0.10182,0.96932,22.06,29.8,4,60
GOOGL270416C00395000,GOOGL,2027-04-16,196,C,395.0,14.99,343.5,17.9,18.4,18.15,18.35,2.8,0.36044951080322263,0.37619,0.00418,-0.09976,0.95544,20.5542,28.1,2,64
GOOGL270416C00400000,GOOGL,2027-04-16,196,C,400.0,16.45,343.5,16.7,17.1,16.9,17.0,2.4,0.3597476135253906,0.3578,0.00412,-0.09761,0.93971,19.1517,26.5,17,241
GOOGL270416C00410000,GOOGL,2027-04-16,196,C,410.0,19.36,343.5,14.5,14.75,14.625,14.6,1.7,0.3586184744262696,0.32265,0.00398,-0.09296,0.90326,16.6036,23.5,3,451
GOOGL270416C00420000,GOOGL,2027-04-16,196,C,420.0,22.27,343.5,12.25,12.7,12.475,12.72,3.6,0.35776399078369137,0.28981,0.0038,-0.08795,0.86137,14.367,20.7,50,929
GOOGL270416P00260000,GOOGL,2027-04-16,196,P,260.0,-24.31,343.5,4.55,4.85,4.7,5.5,6.4,0.3379582806396484,-0.09092,0.00192,-0.03165,0.41185,3.9927,13.8,92,293
GOOGL270416P00265000,GOOGL,2027-04-16,196,P,265.0,-22.85,343.5,5.4,5.7,5.55,5.55,5.4,0.3380803497314453,-0.10422,0.00213,-0.03482,0.45525,4.7185,15.6,8,126
GOOGL270416P00270000,GOOGL,2027-04-16,196,P,270.0,-21.4,343.5,6.0,6.35,6.175,7.15,5.7,0.3327398269653321,-0.11557,0.00233,-0.03669,0.4903,5.2643,17.0,7,1657
GOOGL270416P00275000,GOOGL,2027-04-16,196,P,275.0,-19.94,343.5,7.05,7.25,7.15,7.15,2.8,0.33066465240478515,-0.12972,0.00254,-0.03931,0.5317,6.0341,18.8,3,501
GOOGL270416P00280000,GOOGL,2027-04-16,196,P,280.0,-18.49,343.5,7.9,8.2,8.05,8.15,3.7,0.32791809783935544,-0.14454,0.00276,-0.0417,0.57249,6.8464,20.6,4,2170
GOOGL270416P00285000,GOOGL,2027-04-16,196,P,285.0,-17.03,343.5,9.0,9.5,9.25,9.2,5.4,0.3290472369384765,-0.16258,0.00297,-0.04495,0.61887,7.9777,22.9,256,563
GOOGL270416P00290000,GOOGL,2027-04-16,196,P,290.0,-15.57,343.5,10.2,10.45,10.325,10.34,2.4,0.3235236105346678,-0.17793,0.0032,-0.04646,0.65571,8.7878,24.6,5,2134
GOOGL270416P00295000,GOOGL,2027-04-16,196,P,295.0,-14.12,343.5,11.35,12.0,11.675,11.35,5.6,0.3249426637268066,-0.19808,0.0034,-0.04951,0.70062,10.149,27.1,205,69
GOOGL270416P00300000,GOOGL,2027-04-16,196,P,300.0,-12.66,343.5,12.8,13.15,12.975,12.85,2.7,0.31961739959716784,-0.21566,0.00364,-0.05074,0.73679,11.1387,29.0,3,1801
GOOGL270416P00305000,GOOGL,2027-04-16,196,P,305.0,-11.21,343.5,14.15,14.9,14.525,14.4,5.2,0.32047188323974607,-0.23728,0.00383,-0.05325,0.77765,12.6855,31.6,6,644
GOOGL270416P00310000,GOOGL,2027-04-16,196,P,310.0,-9.75,343.5,15.95,16.65,16.3,16.15,4.3,0.31976998596191397,-0.2589,0.00402,-0.05515,0.81469,14.2334,34.0,34,1815
GOOGL270416P00315000,GOOGL,2027-04-16,196,P,315.0,-8.3,343.5,17.4,18.0,17.7,18.0,3.4,0.31317825500488283,-0.27902,0.00426,-0.05539,0.84589,15.4005,36.1,11,168
GOOGL270416P00320000,GOOGL,2027-04-16,196,P,320.0,-6.84,343.5,19.35,20.3,19.825,19.7,4.8,0.3158942922973632,-0.30339,0.00439,-0.05755,0.87963,17.4686,38.9,7,74
GOOGL270416P00325000,GOOGL,2027-04-16,196,P,325.0,-5.39,343.5,20.85,22.35,21.6,21.6,6.9,0.3144294631958008,-0.32682,0.00456,-0.05842,0.90803,19.3002,41.4,5,96
GOOGL270416P00330000,GOOGL,2027-04-16,196,P,330.0,-3.93,343.5,23.55,24.0,23.775,23.75,1.9,0.30750204223632804,-0.34978,0.00478,-0.05768,0.93213,20.7417,43.6,10,155
GOOGL270416P00335000,GOOGL,2027-04-16,196,P,335.0,-2.47,343.5,25.15,26.75,25.95,26.1,6.2,0.3106758386230468,-0.37515,0.00485,-0.05899,0.95461,23.244,46.4,2,41
GOOGL270416P00340000,GOOGL,2027-04-16,196,P,340.0,-1.02,343.5,28.05,28.5,28.275,28.65,1.6,0.30240565765380856,-0.39977,0.00507,-0.05725,0.97233,24.7736,48.7,3,18
GOOGL270416P00345000,GOOGL,2027-04-16,196,P,345.0,0.44,343.5,30.4,31.7,31.05,28.7,4.2,0.3074410076904296,-0.42519,0.00506,-0.05833,0.98649,27.7185,51.5,11,143
GOOGL270416P00350000,GOOGL,2027-04-16,196,P,350.0,1.89,343.5,33.25,33.8,33.525,33.5,1.6,0.30023893127441403,-0.45128,0.00524,-0.05611,0.9967,29.5816,53.9,4,490
GOOGL270416P00355000,GOOGL,2027-04-16,196,P,355.0,3.35,343.5,35.2,37.25,36.225,34.2,5.7,0.3052132467651367,-0.47583,0.00518,-0.05654,1.00235,32.7799,56.5,13,31
GOOGL270416P00360000,GOOGL,2027-04-16,196,P,360.0,4.8,343.5,38.6,39.5,39.05,41.75,2.3,0.29703461761474603,-0.5032,0.00534,-0.05334,1.00416,34.7826,58.9,1,11
GOOGL270416P00365000,GOOGL,2027-04-16,196,P,365.0,6.26,343.5,40.95,43.25,42.1,44.12,5.5,0.30261927856445314,-0.52632,0.00523,-0.05335,1.00201,38.286,61.3,1,12
GOOGL270416P00375000,GOOGL,2027-04-16,196,P,375.0,9.17,343.5,47.9,49.85,48.875,48.21,4.0,0.30141384628295903,-0.57517,0.00516,-0.04932,0.98632,44.3956,65.9,0,20
GOOGL270416P00380000,GOOGL,2027-04-16,196,P,380.0,10.63,343.5,51.3,53.15,52.225,53.05,3.5,0.2990792749023437,-0.59994,0.00513,-0.04642,0.97252,47.4481,68.2,1,8
GOOGL270416P00385000,GOOGL,2027-04-16,196,P,385.0,12.08,343.5,54.25,56.65,55.45,51.76,4.3,0.2977059976196288,-0.62373,0.00507,-0.04353,0.95551,50.7044,70.3,4,2
GOOGL270416P00390000,GOOGL,2027-04-16,196,P,390.0,13.54,343.5,57.5,60.35,58.925,69.75,4.8,0.29741608352661125,-0.64617,0.00497,-0.04076,0.93601,54.1679,72.3,0,20
GOOGL270416P00395000,GOOGL,2027-04-16,196,P,395.0,14.99,343.5,61.05,63.95,62.5,58.4,4.6,0.29489840850830074,-0.66967,0.00488,-0.03709,0.91194,57.5255,74.4,12,20
GOOGL270416P00400000,GOOGL,2027-04-16,196,P,400.0,16.45,343.5,64.9,67.75,66.325,61.95,4.3,0.2935556484985351,-0.69163,0.00476,-0.03362,0.88599,61.0918,76.3,1,2
