contract,ticker,expiry,dte,type,strike,moneyness_pct,spot,bid,ask,mid,last,spread_pct,iv,delta,gamma,theta,vega,theo,prob_itm,volume,oi
TLT261016C00060000,TLT,2026-10-16,14,C,60.0,-22.56,77.4800033569336,17.3,17.55,17.425,18.0,1.4,0.6250037500000001,0.98471,0.00406,-0.01947,0.00584,17.6257,97.9,102,93
TLT261016C00065000,TLT,2026-10-16,14,C,65.0,-16.11,77.4800033569336,12.4,12.55,12.475,12.55,1.2,0.45313046875,0.97936,0.00723,-0.01914,0.00755,12.6336,97.5,44,44
TLT261016C00067000,TLT,2026-10-16,14,C,67.0,-13.53,77.4800033569336,10.45,10.6,10.525,10.6,1.4,0.42676354492187507,0.96398,0.01222,-0.02531,0.012,10.6783,95.7,315,0
TLT261016C00068000,TLT,2026-10-16,14,C,68.0,-12.24,77.4800033569336,9.35,9.6,9.475,9.6,2.6,0.39063109375,0.96116,0.0142,-0.02491,0.01277,9.6794,95.4,305,0
TLT261016C00069000,TLT,2026-10-16,14,C,69.0,-10.94,77.4800033569336,8.45,8.6,8.525,11.82,1.8,0.35547519531249994,0.95745,0.0168,-0.02463,0.01375,8.6817,95.1,0,0
TLT261016C00070000,TLT,2026-10-16,14,C,70.0,-9.65,77.4800033569336,7.4,7.6,7.5,7.65,2.7,0.3193427441406249,0.95343,0.02011,-0.02412,0.01478,7.6828,94.7,406,308
TLT261016C00071000,TLT,2026-10-16,14,C,71.0,-8.36,77.4800033569336,6.45,6.65,6.55,6.65,3.1,0.30762411132812495,0.93387,0.02753,-0.02861,0.0195,6.7273,92.6,46,11
TLT261016C00072000,TLT,2026-10-16,14,C,72.0,-7.07,77.4800033569336,5.45,5.6,5.525,6.2,2.7,0.247077841796875,0.942,0.03094,-0.02291,0.0176,5.6852,93.6,49,28
TLT261016C00073000,TLT,2026-10-16,14,C,73.0,-5.78,77.4800033569336,4.5,4.65,4.575,4.33,3.3,0.2309647216796875,0.91516,0.04434,-0.0267,0.02358,4.7307,90.8,141,141
TLT261016C00074000,TLT,2026-10-16,14,C,74.0,-4.49,77.4800033569336,3.5,3.65,3.575,3.65,4.2,0.1914143359375,0.9007,0.06011,-0.02535,0.0265,3.732,89.4,97,430
TLT261016C00075000,TLT,2026-10-16,14,C,75.0,-3.2,77.4800033569336,2.6,2.72,2.66,2.75,4.5,0.16895362304687503,0.85224,0.09004,-0.02807,0.03503,2.7934,84.4,301,851
TLT261016C00076000,TLT,2026-10-16,14,C,76.0,-1.91,77.4800033569336,1.84,1.88,1.86,1.9,2.2,0.15528188476562502,0.75799,0.13253,-0.0325,0.04739,1.9384,74.8,199,1866
TLT261016C00076500,TLT,2026-10-16,14,C,76.5,-1.26,77.4800033569336,1.48,1.5,1.49,1.6,1.3,0.14917843017578125,0.69245,0.15531,-0.03413,0.05335,1.5501,68.2,182,1148
TLT261016C00077000,TLT,2026-10-16,14,C,77.0,-0.62,77.4800033569336,1.16,1.18,1.17,1.17,1.7,0.14722532470703126,0.61147,0.17156,-0.03564,0.05816,1.2187,60.0,1057,3502
TLT261016C00077500,TLT,2026-10-16,14,C,77.5,0.03,77.4800033569336,0.89,0.9,0.895,0.89,1.1,0.1450280810546875,0.52358,0.18096,-0.03564,0.06043,0.9277,51.2,1397,3323
TLT261016C00078000,TLT,2026-10-16,14,C,78.0,0.67,77.4800033569336,0.65,0.66,0.655,0.66,1.5,0.14258669921875,0.43226,0.18172,-0.03398,0.05966,0.6799,42.1,3853,11853
TLT261016C00078500,TLT,2026-10-16,14,C,78.5,1.32,77.4800033569336,0.47,0.48,0.475,0.48,2.1,0.14258669921875,0.34478,0.17025,-0.03134,0.05589,0.4915,33.5,7901,10303
TLT261016C00079000,TLT,2026-10-16,14,C,79.0,1.96,77.4800033569336,0.33,0.34,0.335,0.34,3.0,0.14283083740234376,0.26576,0.15135,-0.02761,0.04977,0.3456,25.7,4400,28606
TLT261016C00079500,TLT,2026-10-16,14,C,79.5,2.61,77.4800033569336,0.23,0.24,0.235,0.24,4.3,0.1445398046875,0.20022,0.12773,-0.02362,0.04251,0.2419,19.2,1131,6034
TLT261016C00080000,TLT,2026-10-16,14,C,80.0,3.25,77.4800033569336,0.16,0.17,0.165,0.17,6.1,0.1469811865234375,0.1482,0.1037,-0.01966,0.0351,0.1685,14.2,30382,160206
TLT261016C00080500,TLT,2026-10-16,14,C,80.5,3.9,77.4800033569336,0.11,0.12,0.115,0.13,8.7,0.15039912109375003,0.1091,0.08191,-0.01615,0.02836,0.1185,10.4,689,5001
TLT261016C00081000,TLT,2026-10-16,14,C,81.0,4.54,77.4800033569336,0.08,0.09,0.085,0.08,11.8,0.15528188476562502,0.08147,0.06396,-0.01337,0.02287,0.0862,7.7,12499,65198
TLT261016C00081500,TLT,2026-10-16,14,C,81.5,5.19,77.4800033569336,0.06,0.07,0.065,0.07,15.4,0.16211775390625,0.06314,0.05039,-0.01142,0.01881,0.0666,5.9,8764,10505
TLT261016C00082000,TLT,2026-10-16,14,C,82.0,5.83,77.4800033569336,0.05,0.06,0.055,0.06,18.2,0.17188328125000002,0.05241,0.04105,-0.01041,0.01625,0.0568,4.9,8253,110376
TLT261016C00082500,TLT,2026-10-16,14,C,82.5,6.48,77.4800033569336,0.04,0.05,0.045,0.05,22.2,0.179695703125,0.04248,0.03318,-0.00917,0.01373,0.0466,3.9,2911,37361
TLT261016C00083000,TLT,2026-10-16,14,C,83.0,7.12,77.4800033569336,0.03,0.04,0.035,0.04,28.6,0.18555501953124998,0.03337,0.02639,-0.00775,0.01128,0.0365,3.1,2868,185191
TLT261016C00083500,TLT,2026-10-16,14,C,83.5,7.77,77.4800033569336,0.02,0.03,0.025,0.02,40.0,0.18946123046875002,0.02519,0.02046,-0.00625,0.00893,0.027,2.3,10986,7505
TLT261016C00084000,TLT,2026-10-16,14,C,84.0,8.42,77.4800033569336,0.02,0.03,0.025,0.02,40.0,0.20117986328124998,0.02318,0.01797,-0.00618,0.00832,0.0261,2.1,4186,80271
TLT261016C00084500,TLT,2026-10-16,14,C,84.5,9.06,77.4800033569336,0.02,0.03,0.025,0.03,40.0,0.2148516015625,0.02255,0.01644,-0.00643,0.00813,0.027,2.0,238,13845
TLT261016C00085000,TLT,2026-10-16,14,C,85.0,9.71,77.4800033569336,0.01,0.02,0.015,0.02,66.7,0.21289849609375,0.01523,0.01188,-0.00456,0.00582,0.0172,1.4,837,65282
TLT261016C00085500,TLT,2026-10-16,14,C,85.5,10.35,77.4800033569336,0.01,0.02,0.015,0.03,66.7,0.22461712890624996,0.01455,0.01082,-0.00461,0.0056,0.0173,1.3,200,569
TLT261016C00086000,TLT,2026-10-16,14,C,86.0,11.0,77.4800033569336,0.01,0.02,0.015,0.01,66.7,0.23438265625,0.01333,0.00962,-0.00446,0.00519,0.0163,1.2,73,38026
TLT261016C00086500,TLT,2026-10-16,14,C,86.5,11.64,77.4800033569336,0.01,0.02,0.015,0.02,66.7,0.2461012890625,0.01291,0.00891,-0.00455,0.00505,0.0165,1.1,153,613
TLT261016C00087000,TLT,2026-10-16,14,C,87.0,12.29,77.4800033569336,0.01,0.02,0.015,0.01,66.7,0.257819921875,0.01256,0.00831,-0.00465,0.00493,0.0168,1.1,365,73698
TLT261016C00088000,TLT,2026-10-16,14,C,88.0,13.58,77.4800033569336,0.0,0.01,0.01,0.01,,0.257819921875,0.00683,0.00488,-0.00272,0.0029,0.0086,0.6,1579,51697
TLT261016C00089000,TLT,2026-10-16,14,C,89.0,14.87,77.4800033569336,0.0,0.01,0.01,0.01,,0.273444765625,0.00566,0.00389,-0.00244,0.00245,0.0074,0.5,580,15804
TLT261016C00090000,TLT,2026-10-16,14,C,90.0,16.16,77.4800033569336,0.0,0.01,0.01,0.01,,0.29688203124999996,0.00586,0.00369,-0.00273,0.00252,0.0083,0.5,229,55251
TLT261016C00091000,TLT,2026-10-16,14,C,91.0,17.45,77.4800033569336,0.0,0.01,0.01,0.01,,0.31250687499999996,0.00505,0.00308,-0.00251,0.00221,0.0074,0.4,4,11417
TLT261016C00092000,TLT,2026-10-16,14,C,92.0,18.74,77.4800033569336,0.0,0.01,0.01,0.01,,0.335944140625,0.00532,0.003,-0.00282,0.00232,0.0085,0.4,1,10854
TLT261016C00093000,TLT,2026-10-16,14,C,93.0,20.03,77.4800033569336,0.0,0.01,0.01,0.01,,0.35156898437499995,0.00473,0.00258,-0.00266,0.00209,0.0078,0.4,3,9849
TLT261016C00094000,TLT,2026-10-16,14,C,94.0,21.32,77.4800033569336,0.0,0.01,0.01,0.01,,0.367193828125,0.00427,0.00225,-0.00253,0.0019,0.0073,0.3,3,35823
TLT261016C00095000,TLT,2026-10-16,14,C,95.0,22.61,77.4800033569336,0.0,0.01,0.01,0.01,,0.39063109375,0.00458,0.00225,-0.00287,0.00203,0.0083,0.4,791,20065
TLT261016C00096000,TLT,2026-10-16,14,C,96.0,23.9,77.4800033569336,0.0,0.01,0.01,0.01,,0.4062559375,0.00421,0.00201,-0.00277,0.00188,0.0079,0.3,15,2465
TLT261016P00060000,TLT,2026-10-16,14,P,60.0,-22.56,77.4800033569336,0.0,0.01,0.01,0.01,,0.48438015625,-0.0029,0.00121,-0.0023,0.00135,0.0066,0.4,1,12271
TLT261016P00065000,TLT,2026-10-16,14,P,65.0,-16.11,77.4800033569336,0.0,0.01,0.01,0.01,,0.3437565625,-0.00385,0.00219,-0.0021,0.00174,0.0063,0.5,3,1661
TLT261016P00067000,TLT,2026-10-16,14,P,67.0,-13.53,77.4800033569336,0.0,0.01,0.01,0.01,,0.2929758203124999,-0.00482,0.00315,-0.00218,0.00213,0.0069,0.6,1,287
TLT261016P00068000,TLT,2026-10-16,14,P,68.0,-12.24,77.4800033569336,0.0,0.01,0.01,0.01,,0.26563234375,-0.00517,0.0037,-0.0021,0.00226,0.0067,0.6,10,604
TLT261016P00069000,TLT,2026-10-16,14,P,69.0,-10.94,77.4800033569336,0.01,0.02,0.015,0.01,66.7,0.2617261328125,-0.01025,0.00686,-0.00378,0.00413,0.0141,1.2,694,701
TLT261016P00070000,TLT,2026-10-16,14,P,70.0,-9.65,77.4800033569336,0.01,0.02,0.015,0.01,66.7,0.23438265625,-0.01166,0.00857,-0.00377,0.00462,0.0145,1.3,7,16705
TLT261016P00071000,TLT,2026-10-16,14,P,71.0,-8.36,77.4800033569336,0.02,0.03,0.025,0.02,40.0,0.21875781249999998,-0.01805,0.01337,-0.0051,0.00673,0.022,2.0,502,2014
TLT261016P00072000,TLT,2026-10-16,14,P,72.0,-7.07,77.4800033569336,0.03,0.04,0.035,0.04,28.6,0.19727365234375,-0.02514,0.01961,-0.00606,0.00891,0.0288,2.7,41,1694
TLT261016P00073000,TLT,2026-10-16,14,P,73.0,-5.78,77.4800033569336,0.05,0.06,0.055,0.06,18.2,0.180672255859375,-0.04055,0.03178,-0.00818,0.01322,0.0456,4.4,11,1717
TLT261016P00074000,TLT,2026-10-16,14,P,74.0,-4.49,77.4800033569336,0.1,0.11,0.105,0.1,9.5,0.16993017578125003,-0.07443,0.05458,-0.01232,0.02136,0.087,7.9,120,16590
TLT261016P00075000,TLT,2026-10-16,14,P,75.0,-3.2,77.4800033569336,0.19,0.2,0.195,0.2,5.1,0.15869981933593752,-0.13316,0.08931,-0.01735,0.03264,0.1637,14.0,16679,29154
TLT261016P00076000,TLT,2026-10-16,14,P,76.0,-1.91,77.4800033569336,0.38,0.4,0.39,0.37,5.1,0.15552602294921875,-0.24234,0.13242,-0.02425,0.04742,0.3431,25.2,2563,16911
TLT261016P00076500,TLT,2026-10-16,14,P,76.5,-1.26,77.4800033569336,0.52,0.54,0.53,0.51,3.8,0.15284050292968754,-0.31155,0.15245,-0.02659,0.05365,0.4724,32.2,2913,3382
TLT261016P00077000,TLT,2026-10-16,14,P,77.0,-0.62,77.4800033569336,0.7,0.72,0.71,0.71,2.8,0.1506432592773438,-0.39074,0.16794,-0.02795,0.05825,0.6405,40.2,2248,28988
TLT261016P00077500,TLT,2026-10-16,14,P,77.5,0.03,77.4800033569336,0.92,0.94,0.93,0.88,2.2,0.148446015625,-0.4767,0.1768,-0.0279,0.06043,0.8495,48.8,1528,6484
TLT261016P00078000,TLT,2026-10-16,14,P,78.0,0.67,77.4800033569336,1.19,1.21,1.2,1.2,1.7,0.147469462890625,-0.56515,0.1759,-0.02654,0.05973,1.1094,57.6,3348,33108
TLT261016P00078500,TLT,2026-10-16,14,P,78.5,1.32,77.4800033569336,1.51,1.53,1.52,1.5,1.3,0.14795773925781253,-0.64948,0.16507,-0.02405,0.05624,1.4212,66.0,517,3442
TLT261016P00079000,TLT,2026-10-16,14,P,79.0,1.96,77.4800033569336,1.87,1.93,1.9,1.81,3.2,0.15650257568359377,-0.71514,0.14292,-0.02252,0.0515,1.8138,72.5,814,61263
TLT261016P00079500,TLT,2026-10-16,14,P,79.5,2.61,77.4800033569336,2.26,2.34,2.3,2.22,3.5,0.16211775390625,-0.77229,0.12274,-0.01973,0.04582,2.2178,78.2,225,2431
TLT261016P00080000,TLT,2026-10-16,14,P,80.0,3.25,77.4800033569336,2.71,2.75,2.73,2.72,1.5,0.16309430664062502,-0.82589,0.10382,-0.01541,0.03899,2.6257,83.4,3178,42040
TLT261016P00080500,TLT,2026-10-16,14,P,80.5,3.9,77.4800033569336,3.1,3.25,3.175,3.15,4.7,0.18311363769531247,-0.84267,0.0866,-0.01638,0.03651,3.122,85.1,17,377
TLT261016P00081000,TLT,2026-10-16,14,P,81.0,4.54,77.4800033569336,3.6,3.7,3.65,3.65,2.7,0.187508125,-0.87487,0.0724,-0.01311,0.03126,3.5699,88.2,1573,53976
TLT261016P00081500,TLT,2026-10-16,14,P,81.5,5.19,77.4800033569336,4.05,4.2,4.125,4.1,3.6,0.20557435058593748,-0.88457,0.06239,-0.01373,0.02953,4.0678,89.2,20,1726
TLT261016P00082000,TLT,2026-10-16,14,P,82.0,5.83,77.4800033569336,4.55,4.75,4.65,4.64,4.3,0.23926541992187497,-0.87571,0.05647,-0.01864,0.03111,4.6136,88.5,505,33136
TLT261016P00082500,TLT,2026-10-16,14,P,82.5,6.48,77.4800033569336,5.0,5.2,5.1,5.09,3.9,0.23975369628906246,-0.89987,0.04828,-0.01463,0.02665,5.0627,90.8,7,1156
TLT261016P00083000,TLT,2026-10-16,14,P,83.0,7.12,77.4800033569336,5.55,5.7,5.625,5.57,2.7,0.2563550927734375,-0.90576,0.04319,-0.01504,0.0255,5.5608,91.4,169,13293
TLT261016P00083500,TLT,2026-10-16,14,P,83.5,7.77,77.4800033569336,6.05,6.2,6.125,6.04,2.4,0.27246821289062495,-0.91098,0.03896,-0.01539,0.02444,6.0586,91.9,8,6
TLT261016P00084000,TLT,2026-10-16,14,P,84.0,8.42,77.4800033569336,6.5,6.75,6.625,6.56,3.8,0.30762411132812495,-0.90069,0.03741,-0.02074,0.0265,6.605,91.1,121,41488
TLT261016P00084500,TLT,2026-10-16,14,P,84.5,9.06,77.4800033569336,7.05,7.2,7.125,7.11,2.1,0.3042061767578125,-0.91928,0.03243,-0.0161,0.02271,7.0557,92.8,24,0
TLT261016P00085000,TLT,2026-10-16,14,P,85.0,9.71,77.4800033569336,7.55,7.7,7.625,7.56,2.0,0.3193427441406249,-0.92296,0.02981,-0.01634,0.02192,7.5536,93.2,244,3325
TLT261016P00086000,TLT,2026-10-16,14,P,86.0,11.0,77.4800033569336,8.55,8.7,8.625,8.55,1.7,0.34961587890624996,-0.92882,0.02564,-0.01695,0.02064,8.5513,93.8,90,129
TLT261016P00087000,TLT,2026-10-16,14,P,87.0,12.29,77.4800033569336,9.55,9.7,9.625,8.9,1.6,0.3789124609375,-0.93369,0.0224,-0.01747,0.01954,9.5489,94.3,2,33
TLT261016P00088000,TLT,2026-10-16,14,P,88.0,13.58,77.4800033569336,10.55,10.7,10.625,10.6,1.4,0.407232490234375,-0.93788,0.01981,-0.01789,0.01857,10.5464,94.7,2,199
TLT261016P00089000,TLT,2026-10-16,14,P,89.0,14.87,77.4800033569336,11.55,11.7,11.625,11.34,1.3,0.43457596679687505,-0.94157,0.01769,-0.01822,0.0177,11.5435,95.1,6023,0
TLT261016P00090000,TLT,2026-10-16,14,P,90.0,16.16,77.4800033569336,12.55,12.7,12.625,12.61,1.2,0.46094289062500005,-0.94488,0.01593,-0.01844,0.01691,12.5403,95.4,10,101
TLT261016P00091000,TLT,2026-10-16,14,P,91.0,17.45,77.4800033569336,13.55,13.7,13.625,13.63,1.1,0.48730981445312505,-0.94754,0.01449,-0.01877,0.01626,13.5382,95.7,3,0
TLT261016P00092000,TLT,2026-10-16,14,P,92.0,18.74,77.4800033569336,14.55,14.8,14.675,14.64,1.7,0.5634809277343751,-0.93155,0.01544,-0.03079,0.02003,14.6261,94.5,2,21
TLT261016P00093000,TLT,2026-10-16,14,P,93.0,20.03,77.4800033569336,15.55,15.7,15.625,15.66,1.0,0.5380905566406251,-0.95207,0.01221,-0.01929,0.01513,15.5337,96.2,2,0
TLT261016P00094000,TLT,2026-10-16,14,P,94.0,21.32,77.4800033569336,16.55,16.7,16.625,16.4,0.9,0.5097705273437501,-0.9693,0.00897,-0.00913,0.01052,16.465,97.6,420,0
TLT261016P00095000,TLT,2026-10-16,14,P,95.0,22.61,77.4800033569336,17.55,17.7,17.625,17.4,0.9,0.53320779296875,-0.9703,0.00834,-0.00935,0.01024,17.464,97.7,1504,0
TLT261016P00096000,TLT,2026-10-16,14,P,96.0,23.9,77.4800033569336,18.55,18.7,18.625,18.45,0.8,0.5546919531250001,-0.97158,0.00773,-0.00928,0.00987,18.4614,97.8,116,0
TLT261023C00070000,TLT,2026-10-23,21,C,70.0,-9.65,77.4800033569336,7.5,7.7,7.6,8.03,2.6,0.30371790039062496,0.92808,0.02429,-0.02545,0.02548,7.8267,91.8,2,8
TLT261023C00075000,TLT,2026-10-23,21,C,75.0,-3.2,77.4800033569336,2.85,2.92,2.885,3.03,2.4,0.17774259765625,0.79908,0.08499,-0.02853,0.05217,3.031,78.7,123,204
TLT261023C00076000,TLT,2026-10-23,21,C,76.0,-1.91,77.4800033569336,2.07,2.1,2.085,2.18,1.4,0.16211775390625,0.71722,0.11226,-0.03011,0.06286,2.1951,70.4,72,712
TLT261023C00076500,TLT,2026-10-23,21,C,76.5,-1.26,77.4800033569336,1.74,1.76,1.75,1.83,1.1,0.1601646484375,0.65926,0.1232,-0.03139,0.06815,1.8455,64.5,180,793
TLT261023C00077000,TLT,2026-10-23,21,C,77.0,-0.62,77.4800033569336,1.41,1.43,1.42,1.43,1.4,0.15528188476562502,0.59765,0.13408,-0.0315,0.07191,1.5047,58.3,550,1231
TLT261023C00077500,TLT,2026-10-23,21,C,77.5,0.03,77.4800033569336,1.14,1.15,1.145,1.19,0.9,0.15284050292968754,0.52952,0.14006,-0.03127,0.07394,1.2128,51.5,1633,1067
TLT261023C00078000,TLT,2026-10-23,21,C,78.0,0.67,77.4800033569336,0.89,0.9,0.895,0.94,1.1,0.14991084472656252,0.45857,0.14242,-0.03011,0.07374,0.9518,44.4,1968,3822
TLT261023C00078500,TLT,2026-10-23,21,C,78.5,1.32,77.4800033569336,0.68,0.7,0.69,0.72,2.9,0.1489342919921875,0.38827,0.13844,-0.02847,0.07121,0.7405,37.5,619,3449
TLT261023C00079000,TLT,2026-10-23,21,C,79.0,1.96,77.4800033569336,0.51,0.53,0.52,0.52,3.8,0.147469462890625,0.32043,0.13056,-0.02601,0.0665,0.5603,30.8,2151,1829
TLT261023C00079500,TLT,2026-10-23,21,C,79.5,2.61,77.4800033569336,0.38,0.4,0.39,0.4,5.1,0.14771360107421877,0.25987,0.11813,-0.02336,0.06027,0.4234,24.9,198,8305
TLT261023C00080000,TLT,2026-10-23,21,C,80.0,3.25,77.4800033569336,0.28,0.3,0.29,0.3,6.9,0.148446015625,0.20712,0.10362,-0.0205,0.05313,0.3167,19.7,1305,4551
TLT261023C00080500,TLT,2026-10-23,21,C,80.5,3.9,77.4800033569336,0.21,0.22,0.215,0.22,4.7,0.1489342919921875,0.16156,0.08846,-0.01748,0.04551,0.2321,15.3,691,3998
TLT261023C00081000,TLT,2026-10-23,21,C,81.0,4.54,77.4800033569336,0.16,0.17,0.165,0.18,6.1,0.15235222656250003,0.12828,0.07403,-0.0152,0.03895,0.1785,12.1,3143,4238
TLT261023C00081500,TLT,2026-10-23,21,C,81.5,5.19,77.4800033569336,0.12,0.13,0.125,0.13,8.0,0.15528188476562502,0.10069,0.06112,-0.01296,0.03278,0.1356,9.4,302,5738
TLT261023C00082000,TLT,2026-10-23,21,C,82.0,5.83,77.4800033569336,0.1,0.11,0.105,0.1,9.5,0.16211775390625,0.08388,0.05113,-0.01175,0.02863,0.1138,7.8,1229,5428
TLT261023C00082500,TLT,2026-10-23,21,C,82.5,6.48,77.4800033569336,0.08,0.09,0.085,0.09,11.8,0.16700051757812504,0.06815,0.04238,-0.01029,0.02444,0.0917,6.3,76,1959
TLT261023C00083000,TLT,2026-10-23,21,C,83.0,7.12,77.4800033569336,0.06,0.07,0.065,0.06,15.4,0.16993017578125003,0.05352,0.03447,-0.00863,0.02023,0.0703,4.9,592,26800
TLT261023C00083500,TLT,2026-10-23,21,C,83.5,7.77,77.4800033569336,0.05,0.06,0.055,0.07,18.2,0.176766044921875,0.04558,0.02915,-0.00787,0.0178,0.0607,4.2,170,2005
TLT261023C00084000,TLT,2026-10-23,21,C,84.0,8.42,77.4800033569336,0.04,0.05,0.045,0.05,22.2,0.18164880859375,0.03756,0.02425,-0.00689,0.01521,0.0499,3.4,375,1796
TLT261023C00084500,TLT,2026-10-23,21,C,84.5,9.06,77.4800033569336,0.03,0.04,0.035,0.05,28.6,0.18555501953124998,0.03042,0.01996,-0.0059,0.01279,0.0401,2.7,290,800
TLT261023C00085000,TLT,2026-10-23,21,C,85.0,9.71,77.4800033569336,0.03,0.04,0.035,0.03,28.6,0.195320546875,0.02841,0.01792,-0.00586,0.01209,0.039,2.5,567,1596
TLT261023C00085500,TLT,2026-10-23,21,C,85.5,10.35,77.4800033569336,0.02,0.03,0.025,0.03,40.0,0.19727365234375,0.02225,0.01446,-0.00481,0.00985,0.0299,2.0,61,1843
TLT261023C00086000,TLT,2026-10-23,21,C,86.0,11.0,77.4800033569336,0.02,0.03,0.025,0.03,40.0,0.20703917968749996,0.0212,0.01322,-0.00484,0.00945,0.0297,1.9,1,1439
TLT261023C00086500,TLT,2026-10-23,21,C,86.5,11.64,77.4800033569336,0.02,0.03,0.025,0.02,40.0,0.21680470703125,0.02031,0.01217,-0.00488,0.00912,0.0296,1.8,3,349
TLT261023C00087000,TLT,2026-10-23,21,C,87.0,12.29,77.4800033569336,0.01,0.02,0.015,0.03,66.7,0.21289849609375,0.01395,0.00899,-0.00347,0.00661,0.0191,1.2,203,1195
TLT261023C00087500,TLT,2026-10-23,21,C,87.5,12.93,77.4800033569336,0.01,0.02,0.015,0.02,66.7,0.22266402343749997,0.01365,0.00844,-0.00355,0.00649,0.0195,1.2,4,361
TLT261023C00088000,TLT,2026-10-23,21,C,88.0,13.58,77.4800033569336,0.01,0.02,0.015,0.01,66.7,0.2304764453125,0.01275,0.00769,-0.00346,0.00612,0.0187,1.1,1,490
TLT261023C00088500,TLT,2026-10-23,21,C,88.5,14.22,77.4800033569336,0.01,0.02,0.015,0.02,66.7,0.23828886718749998,0.01198,0.00704,-0.00339,0.0058,0.018,1.0,100,779
TLT261023C00089000,TLT,2026-10-23,21,C,89.0,14.87,77.4800033569336,0.01,0.02,0.015,0.02,66.7,0.24805439453125,0.01187,0.00671,-0.00349,0.00575,0.0185,1.0,100,302
TLT261023C00090000,TLT,2026-10-23,21,C,90.0,16.16,77.4800033569336,0.01,0.02,0.015,0.01,66.7,0.26563234375,0.01122,0.00597,-0.00356,0.00547,0.0186,0.9,1,141
TLT261023C00091000,TLT,2026-10-23,21,C,91.0,17.45,77.4800033569336,0.0,0.02,0.02,0.02,,0.28125718749999995,0.01027,0.00522,-0.00348,0.00507,0.0179,0.9,4,100
TLT261023C00092000,TLT,2026-10-23,21,C,92.0,18.74,77.4800033569336,0.0,0.01,0.01,0.01,,0.273444765625,0.00537,0.00303,-0.00191,0.00286,0.0085,0.4,9,415
TLT261023C00093000,TLT,2026-10-23,21,C,93.0,20.03,77.4800033569336,0.0,0.01,0.02,0.02,,0.2890696093749999,0.00515,0.00277,-0.00194,0.00276,0.0086,0.4,1,1
TLT261023C00095000,TLT,2026-10-23,21,C,95.0,22.61,77.4800033569336,0.0,0.01,0.01,0.01,,0.32031929687499994,0.00487,0.00237,-0.00204,0.00263,0.0089,0.4,1067,1437
TLT261023C00096000,TLT,2026-10-23,21,C,96.0,23.9,77.4800033569336,0.0,0.01,0.01,0.01,,0.335944140625,0.00479,0.00223,-0.00211,0.00258,0.0092,0.4,1067,1071
TLT261023P00065000,TLT,2026-10-23,21,P,65.0,-16.11,77.4800033569336,0.0,0.01,0.01,0.01,,0.2890696093749999,-0.00465,0.00252,-0.00169,0.00252,0.008,0.6,1,188
TLT261023P00070000,TLT,2026-10-23,21,P,70.0,-9.65,77.4800033569336,0.03,0.04,0.035,0.03,28.6,0.2148516015625,-0.02065,0.01246,-0.00455,0.00925,0.0309,2.3,63,766
TLT261023P00075000,TLT,2026-10-23,21,P,75.0,-3.2,77.4800033569336,0.32,0.34,0.33,0.31,6.1,0.1596763720703125,-0.17654,0.08735,-0.01678,0.04817,0.2878,18.7,1923,4616
TLT261023P00076000,TLT,2026-10-23,21,P,76.0,-1.91,77.4800033569336,0.55,0.56,0.555,0.52,1.8,0.15332877929687502,-0.27247,0.11656,-0.02017,0.06173,0.4856,28.5,1646,2066
TLT261023P00076500,TLT,2026-10-23,21,P,76.5,-1.26,77.4800033569336,0.7,0.72,0.71,0.7,2.8,0.15161981201171876,-0.33306,0.129,-0.02149,0.06755,0.6317,34.6,745,1362
TLT261023P00077000,TLT,2026-10-23,21,P,77.0,-0.62,77.4800033569336,0.89,0.9,0.895,0.9,1.1,0.148446015625,-0.3986,0.13991,-0.02188,0.07173,0.7986,41.2,655,2753
TLT261023P00077500,TLT,2026-10-23,21,P,77.5,0.03,77.4800033569336,1.11,1.13,1.12,1.1,1.8,0.14771360107421877,-0.46995,0.14491,-0.0219,0.07393,1.0167,48.4,618,1977
TLT261023P00078000,TLT,2026-10-23,21,P,78.0,0.67,77.4800033569336,1.36,1.39,1.375,1.29,2.2,0.14600463378906248,-0.54291,0.14617,-0.02088,0.07371,1.2637,55.7,702,6607
TLT261023P00078500,TLT,2026-10-23,21,P,78.5,1.32,77.4800033569336,1.66,1.69,1.675,1.61,1.8,0.14478394287109375,-0.61523,0.14204,-0.01909,0.07103,1.5505,62.8,31,2232
TLT261023P00079000,TLT,2026-10-23,21,P,79.0,1.96,77.4800033569336,2.0,2.04,2.02,1.96,2.0,0.14624877197265623,-0.68107,0.13139,-0.01712,0.06637,1.8906,69.3,69,1865
TLT261023P00079500,TLT,2026-10-23,21,P,79.5,2.61,77.4800033569336,2.37,2.42,2.395,2.38,2.1,0.14771360107421877,-0.74013,0.11813,-0.01466,0.06027,2.2606,75.1,147,2059
TLT261023P00080000,TLT,2026-10-23,21,P,80.0,3.25,77.4800033569336,2.79,2.85,2.82,2.8,2.1,0.15430533203125002,-0.7835,0.1023,-0.01308,0.05452,2.6843,79.4,195,2334
TLT261023P00080500,TLT,2026-10-23,21,P,80.5,3.9,77.4800033569336,3.15,3.25,3.2,3.25,3.1,0.15137567382812503,-0.83437,0.08846,-0.00925,0.04625,3.0783,84.3,13,1108
TLT261023P00081000,TLT,2026-10-23,21,P,81.0,4.54,77.4800033569336,3.6,3.75,3.675,3.68,4.1,0.16700051757812504,-0.84889,0.0755,-0.00972,0.04355,3.5729,85.8,90,1894
TLT261023P00081500,TLT,2026-10-23,21,P,81.5,5.19,77.4800033569336,4.05,4.2,4.125,3.95,3.6,0.16993017578125003,-0.87782,0.06415,-0.00734,0.03765,4.02,88.6,31,686
TLT261023P00082000,TLT,2026-10-23,21,P,82.0,5.83,77.4800033569336,4.6,4.7,4.65,4.65,2.2,0.1840901904296875,-0.88683,0.05609,-0.00761,0.03566,4.5161,89.5,60,981
TLT261023P00082500,TLT,2026-10-23,21,P,82.5,6.48,77.4800033569336,5.1,5.25,5.175,5.14,2.9,0.21192194335937498,-0.87785,0.05143,-0.01099,0.03764,5.0629,88.8,52,731
TLT261023P00083000,TLT,2026-10-23,21,P,83.0,7.12,77.4800033569336,5.55,5.75,5.65,5.41,3.5,0.2260819580078125,-0.88484,0.04624,-0.01131,0.03611,5.5598,89.5,2,192
TLT261023P00083500,TLT,2026-10-23,21,P,83.5,7.77,77.4800033569336,6.05,6.25,6.15,5.8,3.3,0.24024197265624997,-0.89061,0.04195,-0.01168,0.03481,6.058,90.1,18,18
TLT261023P00084000,TLT,2026-10-23,21,P,84.0,8.42,77.4800033569336,6.55,6.75,6.65,6.45,3.0,0.25391371093750004,-0.89587,0.0383,-0.01198,0.03359,6.5556,90.6,246,0
TLT261023P00084500,TLT,2026-10-23,21,P,84.5,9.06,77.4800033569336,7.0,7.25,7.125,6.76,3.5,0.26709717285156254,-0.90075,0.03516,-0.01221,0.03244,7.0526,91.1,10,2
TLT261023P00085000,TLT,2026-10-23,21,P,85.0,9.71,77.4800033569336,7.55,7.75,7.65,7.4,2.6,0.2802806347656249,-0.9049,0.03247,-0.01247,0.03144,7.5505,91.6,32,0
TLT261023P00085500,TLT,2026-10-23,21,P,85.5,10.35,77.4800033569336,8.05,8.25,8.15,7.87,2.5,0.2934640966796874,-0.90847,0.03015,-0.01276,0.03056,8.0491,92.0,37,0
TLT261023P00086000,TLT,2026-10-23,21,P,86.0,11.0,77.4800033569336,8.5,8.75,8.625,8.3,2.9,0.3061592822265625,-0.91191,0.02809,-0.01297,0.0297,8.547,92.3,49,0
TLT261023P00086500,TLT,2026-10-23,21,P,86.5,11.64,77.4800033569336,9.0,9.25,9.125,8.74,2.7,0.31836619140624994,-0.91524,0.02624,-0.01311,0.02886,9.044,92.6,29,0
TLT261023P00087000,TLT,2026-10-23,21,P,87.0,12.29,77.4800033569336,9.55,9.75,9.65,9.21,2.1,0.331061376953125,-0.91784,0.02465,-0.01338,0.02819,9.5431,92.9,51,0
TLT261023P00087500,TLT,2026-10-23,21,P,87.5,12.93,77.4800033569336,10.0,10.25,10.125,9.95,2.5,0.34278000976562495,-0.92074,0.02317,-0.01347,0.02743,10.04,93.2,26,0
TLT261023P00088000,TLT,2026-10-23,21,P,88.0,13.58,77.4800033569336,10.55,10.75,10.65,10.31,1.9,0.3549869189453124,-0.92301,0.02189,-0.01369,0.02684,10.5388,93.5,1,0
TLT261023P00089000,TLT,2026-10-23,21,P,89.0,14.87,77.4800033569336,11.55,11.75,11.65,11.25,1.7,0.3789124609375,-0.92708,0.01967,-0.01409,0.02575,11.5363,93.9,117,0
TLT261023P00090000,TLT,2026-10-23,21,P,90.0,16.16,77.4800033569336,12.5,12.8,12.65,11.95,2.4,0.41992767578125,-0.9213,0.01881,-0.01808,0.02729,12.5799,93.5,20,0
TLT261023P00092000,TLT,2026-10-23,21,P,92.0,18.74,77.4800033569336,14.55,14.8,14.675,10.59,1.7,0.46582565429687506,-0.92797,0.01585,-0.01881,0.02551,14.574,94.2,1,0
TLT261023P00095000,TLT,2026-10-23,21,P,95.0,22.61,77.4800033569336,17.55,17.8,17.675,13.5,1.4,0.5302781347656251,-0.93587,0.01273,-0.01957,0.02332,17.5639,95.0,1,0
TLT261030C00065000,TLT,2026-10-30,28,C,65.0,-16.11,77.4800033569336,12.5,12.7,12.6,12.9,1.6,0.4062559375,0.94996,0.01184,-0.02272,0.02215,12.8695,93.7,1,1
TLT261030C00070000,TLT,2026-10-30,28,C,70.0,-9.65,77.4800033569336,7.6,7.8,7.7,8.48,2.6,0.2924875439453124,0.90851,0.02619,-0.02527,0.03528,7.9707,89.4,6,132
TLT261030C00075000,TLT,2026-10-30,28,C,75.0,-3.2,77.4800033569336,3.0,3.1,3.05,3.13,3.3,0.18140467041015623,0.76843,0.0783,-0.02736,0.06541,3.2482,75.3,34,1302
TLT261030C00076000,TLT,2026-10-30,28,C,76.0,-1.91,77.4800033569336,2.3,2.32,2.31,2.31,0.9,0.1694418994140625,0.6914,0.09683,-0.02846,0.07556,2.4506,67.5,726,871
TLT261030C00077000,TLT,2026-10-30,28,C,77.0,-0.62,77.4800033569336,1.66,1.68,1.67,1.7,1.2,0.16431499755859375,0.58968,0.11027,-0.02929,0.08344,1.7871,57.2,1643,3897
TLT261030C00078000,TLT,2026-10-30,28,C,78.0,0.67,77.4800033569336,1.13,1.15,1.14,1.15,1.8,0.15943223388671873,0.47611,0.11639,-0.02824,0.08546,1.2314,45.9,3405,6568
TLT261030C00079000,TLT,2026-10-30,28,C,79.0,1.96,77.4800033569336,0.72,0.73,0.725,0.73,1.4,0.15430533203125002,0.35889,0.11286,-0.02506,0.0802,0.7892,34.3,5639,7175
TLT261030C00080000,TLT,2026-10-30,28,C,80.0,3.25,77.4800033569336,0.44,0.45,0.445,0.44,2.2,0.15284050292968754,0.25385,0.09767,-0.02086,0.06875,0.4887,24.0,12146,20795
TLT261030C00081000,TLT,2026-10-30,28,C,81.0,4.54,77.4800033569336,0.26,0.27,0.265,0.27,3.8,0.15332877929687502,0.17037,0.07701,-0.0163,0.05438,0.294,16.0,1959,5295
TLT261030C00082000,TLT,2026-10-30,28,C,82.0,5.83,77.4800033569336,0.16,0.17,0.165,0.16,6.1,0.1577232666015625,0.11394,0.05697,-0.0126,0.04138,0.1842,10.6,3642,12595
TLT261030C00083000,TLT,2026-10-30,28,C,83.0,7.12,77.4800033569336,0.1,0.11,0.105,0.11,9.5,0.16358258300781253,0.07656,0.04096,-0.00965,0.03086,0.1187,7.0,1041,5713
TLT261030C00084000,TLT,2026-10-30,28,C,84.0,8.42,77.4800033569336,0.07,0.08,0.075,0.07,13.3,0.17285983398437502,0.05485,0.02992,-0.00781,0.02382,0.0848,5.0,449,5387
TLT261030C00085000,TLT,2026-10-30,28,C,85.0,9.71,77.4800033569336,0.05,0.06,0.055,0.06,18.2,0.18262536132812499,0.04046,0.02219,-0.00642,0.01867,0.063,3.6,873,8646
TLT261030C00086000,TLT,2026-10-30,28,C,86.0,11.0,77.4800033569336,0.03,0.04,0.035,0.05,28.6,0.187508125,0.02719,0.01558,-0.00473,0.01345,0.0411,2.4,1299,2342
TLT261030C00087000,TLT,2026-10-30,28,C,87.0,12.29,77.4800033569336,0.02,0.03,0.025,0.03,40.0,0.19727365234375,0.0208,0.01182,-0.00396,0.01074,0.0319,1.8,35,949
TLT261030C00088000,TLT,2026-10-30,28,C,88.0,13.58,77.4800033569336,0.02,0.03,0.025,0.02,40.0,0.21289849609375,0.01887,0.01009,-0.00392,0.00989,0.0308,1.6,374,895
TLT261030C00089000,TLT,2026-10-30,28,C,89.0,14.87,77.4800033569336,0.01,0.02,0.015,0.02,66.7,0.2148516015625,0.01229,0.00691,-0.00273,0.00684,0.0193,1.1,103,501
TLT261030C00090000,TLT,2026-10-30,28,C,90.0,16.16,77.4800033569336,0.01,0.02,0.015,0.02,66.7,0.2304764453125,0.01171,0.00618,-0.0028,0.00656,0.0196,1.0,32,27893
TLT261030C00091000,TLT,2026-10-30,28,C,91.0,17.45,77.4800033569336,0.01,0.02,0.015,0.02,66.7,0.2461012890625,0.01129,0.00561,-0.00289,0.00636,0.02,0.9,20,118
TLT261030C00092000,TLT,2026-10-30,28,C,92.0,18.74,77.4800033569336,0.01,0.02,0.015,0.03,66.7,0.2617261328125,0.01098,0.00515,-0.00299,0.00621,0.0206,0.9,2,106
TLT261030C00093000,TLT,2026-10-30,28,C,93.0,20.03,77.4800033569336,0.01,0.02,0.015,0.02,66.7,0.273444765625,0.00984,0.00448,-0.00284,0.00564,0.0191,0.8,1,2
TLT261030C00094000,TLT,2026-10-30,28,C,94.0,21.32,77.4800033569336,0.0,0.01,0.01,0.01,,0.26563234375,0.00541,0.00272,-0.00162,0.00333,0.0096,0.4,1865,14
TLT261030C00095000,TLT,2026-10-30,28,C,95.0,22.61,77.4800033569336,0.0,0.01,0.01,0.01,,0.28125718749999995,0.00557,0.00264,-0.00176,0.00341,0.0105,0.4,11,1564
TLT261030P00060000,TLT,2026-10-30,28,P,60.0,-22.56,77.4800033569336,0.0,0.01,0.01,0.01,,0.35156898437499995,-0.00341,0.00136,-0.00135,0.0022,0.0081,0.5,50,177
TLT261030P00065000,TLT,2026-10-30,28,P,65.0,-16.11,77.4800033569336,0.01,0.02,0.015,0.03,66.7,0.2695385546875,-0.00753,0.00359,-0.00208,0.00446,0.0147,0.9,32,697
TLT261030P00070000,TLT,2026-10-30,28,P,70.0,-9.65,77.4800033569336,0.06,0.07,0.065,0.06,15.4,0.20606262695312497,-0.03136,0.01596,-0.0053,0.01515,0.0551,3.6,2250,11368
TLT261030P00075000,TLT,2026-10-30,28,P,75.0,-3.2,77.4800033569336,0.47,0.48,0.475,0.48,2.1,0.16089706298828127,-0.20578,0.08247,-0.01577,0.06111,0.4085,21.9,1138,9615
TLT261030P00076000,TLT,2026-10-30,28,P,76.0,-1.91,77.4800033569336,0.71,0.73,0.72,0.7,2.8,0.15552602294921875,-0.29442,0.10329,-0.01798,0.07398,0.6336,30.9,1363,2730
TLT261030P00077000,TLT,2026-10-30,28,P,77.0,-0.62,77.4800033569336,1.07,1.09,1.08,1.06,1.9,0.15161981201171876,-0.40437,0.11907,-0.01897,0.08314,0.9654,42.1,6831,8422
TLT261030P00078000,TLT,2026-10-30,28,P,78.0,0.67,77.4800033569336,1.54,1.57,1.555,1.53,1.9,0.14795773925781253,-0.52705,0.12536,-0.01794,0.08541,1.4144,54.3,3744,8952
TLT261030P00079000,TLT,2026-10-30,28,P,79.0,1.96,77.4800033569336,2.14,2.16,2.15,2.15,0.9,0.14283083740234376,-0.65312,0.12045,-0.01444,0.07923,1.9757,66.8,680,43234
TLT261030P00080000,TLT,2026-10-30,28,P,80.0,3.25,77.4800033569336,2.86,2.93,2.895,2.9,2.4,0.1469811865234375,-0.75506,0.09965,-0.01099,0.06745,2.7237,76.8,919,20770
TLT261030P00081000,TLT,2026-10-30,28,P,81.0,4.54,77.4800033569336,3.65,3.8,3.725,3.66,4.0,0.15528188476562502,-0.82644,0.07695,-0.00785,0.05503,3.5765,83.7,656,2590
TLT261030P00082000,TLT,2026-10-30,28,P,82.0,5.83,77.4800033569336,4.6,4.7,4.65,4.57,2.2,0.1601646484375,-0.88234,0.0574,-0.00413,0.04233,4.4632,89.1,9,4062
TLT261030P00083000,TLT,2026-10-30,28,P,83.0,7.12,77.4800033569336,5.55,5.8,5.675,4.7,4.4,0.20850400878906244,-0.86644,0.04817,-0.00925,0.04625,5.5595,87.8,53,1270
TLT261030P00084000,TLT,2026-10-30,28,P,84.0,8.42,77.4800033569336,6.55,6.75,6.65,6.11,3.0,0.2211991943359375,-0.89216,0.03905,-0.00743,0.03978,6.5026,90.3,6,18
TLT261030P00085000,TLT,2026-10-30,28,P,85.0,9.71,77.4800033569336,7.55,7.75,7.65,7.31,2.6,0.24414818359375,-0.90159,0.03311,-0.00775,0.03722,7.4962,91.3,39,8
TLT261030P00086000,TLT,2026-10-30,28,P,86.0,11.0,77.4800033569336,8.55,8.75,8.65,8.3,2.3,0.266608896484375,-0.90896,0.02863,-0.00808,0.03515,8.4914,92.0,39,0
TLT261030P00087000,TLT,2026-10-30,28,P,87.0,12.29,77.4800033569336,9.55,9.75,9.65,9.01,2.1,0.2880930566406249,-0.91528,0.02511,-0.00833,0.03331,9.4859,92.7,5,20
TLT261030P00088000,TLT,2026-10-30,28,P,88.0,13.58,77.4800033569336,10.5,10.8,10.65,10.0,2.8,0.3242255078124999,-0.90967,0.0234,-0.01135,0.03494,10.5316,92.3,5,0
TLT261030P00090000,TLT,2026-10-30,28,P,90.0,16.16,77.4800033569336,12.55,12.8,12.675,12.03,2.0,0.3657289990234375,-0.91891,0.01914,-0.01187,0.03223,12.5221,93.3,20,0
TLT261106C00075000,TLT,2026-11-06,35,C,75.0,-3.2,77.4800033569336,3.15,3.2,3.175,3.2,1.6,0.17554535400390625,0.75685,0.07434,-0.02489,0.07512,3.3896,74.0,151,442
TLT261106C00075500,TLT,2026-11-06,35,C,75.5,-2.56,77.4800033569336,2.77,2.81,2.79,2.89,1.4,0.17041845214843754,0.72228,0.082,-0.02539,0.08044,2.9899,70.4,24,271
TLT261106C00076500,TLT,2026-11-06,35,C,76.5,-1.26,77.4800033569336,2.09,2.12,2.105,2.18,1.4,0.16407085937500002,0.63737,0.09528,-0.02625,0.08998,2.2758,61.8,426,158
TLT261106C00077000,TLT,2026-11-06,35,C,77.0,-0.62,77.4800033569336,1.79,1.81,1.8,1.89,1.1,0.16089706298828127,0.58964,0.10072,-0.02624,0.09329,1.9506,57.0,133,945
TLT261106C00077500,TLT,2026-11-06,35,C,77.5,0.03,77.4800033569336,1.51,1.54,1.525,1.59,2.0,0.1596763720703125,0.53867,0.10364,-0.02612,0.09527,1.6678,51.9,3085,1114
TLT261106C00078000,TLT,2026-11-06,35,C,78.0,0.67,77.4800033569336,1.27,1.29,1.28,1.29,1.6,0.1577232666015625,0.48644,0.10536,-0.02553,0.09566,1.4036,46.7,19648,13515
TLT261106C00078500,TLT,2026-11-06,35,C,78.5,1.32,77.4800033569336,1.04,1.06,1.05,1.08,1.9,0.1550377465820313,0.43309,0.10574,-0.02445,0.09437,1.1585,41.4,873,1696
TLT261106C00079000,TLT,2026-11-06,35,C,79.0,1.96,77.4800033569336,0.84,0.87,0.855,0.91,3.5,0.15406119384765626,0.38095,0.10309,-0.02325,0.09142,0.9559,36.3,304,2083
TLT261106C00079500,TLT,2026-11-06,35,C,79.5,2.61,77.4800033569336,0.69,0.7,0.695,0.7,1.4,0.15235222656250003,0.32973,0.09904,-0.02162,0.08686,0.7725,31.3,339,2680
TLT261106C00080000,TLT,2026-11-06,35,C,80.0,3.25,77.4800033569336,0.55,0.57,0.56,0.57,3.6,0.15259636474609378,0.28348,0.09249,-0.02005,0.08125,0.6301,26.8,1809,5385
TLT261106C00080500,TLT,2026-11-06,35,C,80.5,3.9,77.4800033569336,0.43,0.45,0.44,0.45,4.5,0.15161981201171876,0.23909,0.08528,-0.0181,0.07443,0.5,22.5,894,1337
TLT261106C00081000,TLT,2026-11-06,35,C,81.0,4.54,77.4800033569336,0.34,0.36,0.35,0.35,5.7,0.15210808837890627,0.20094,0.07693,-0.0163,0.06736,0.4009,18.8,162,2403
TLT261106C00081500,TLT,2026-11-06,35,C,81.5,5.19,77.4800033569336,0.27,0.29,0.28,0.3,7.1,0.15332877929687502,0.16832,0.06835,-0.01461,0.06033,0.323,15.7,18600,34382
TLT261106C00082000,TLT,2026-11-06,35,C,82.0,5.83,77.4800033569336,0.22,0.23,0.225,0.22,4.4,0.15430533203125002,0.13953,0.05998,-0.0129,0.05328,0.2575,12.9,897,2928
TLT261106C00082500,TLT,2026-11-06,35,C,82.5,6.48,77.4800033569336,0.17,0.19,0.18,0.2,11.1,0.15699085205078128,0.11739,0.05229,-0.01157,0.04725,0.2121,10.8,30,895
TLT261106C00083000,TLT,2026-11-06,35,C,83.0,7.12,77.4800033569336,0.14,0.16,0.15,0.15,13.3,0.1606529248046875,0.10002,0.04554,-0.0105,0.04211,0.1788,9.2,101,1472
TLT261106C00083500,TLT,2026-11-06,35,C,83.5,7.77,77.4800033569336,0.12,0.13,0.125,0.12,8.0,0.1626060302734375,0.08307,0.03921,-0.00921,0.0367,0.145,7.6,149,437
TLT261106C00084000,TLT,2026-11-06,35,C,84.0,8.42,77.4800033569336,0.1,0.11,0.105,0.11,9.5,0.16602396484375004,0.07061,0.03393,-0.00828,0.03243,0.1221,6.4,337,606
TLT261106C00084500,TLT,2026-11-06,35,C,84.5,9.06,77.4800033569336,0.08,0.09,0.085,0.11,11.8,0.16797707031250003,0.05848,0.02897,-0.00721,0.02801,0.0991,5.3,41,537
TLT261106C00085000,TLT,2026-11-06,35,C,85.0,9.71,77.4800033569336,0.07,0.08,0.075,0.07,13.3,0.17285983398437502,0.05133,0.02539,-0.00667,0.02527,0.0876,4.6,142,1211
TLT261106C00085500,TLT,2026-11-06,35,C,85.5,10.35,77.4800033569336,0.06,0.07,0.065,0.07,15.4,0.17774259765625,0.04529,0.02234,-0.00618,0.02286,0.0779,4.0,10,862
TLT261106C00086000,TLT,2026-11-06,35,C,86.0,11.0,77.4800033569336,0.05,0.06,0.055,0.05,18.2,0.180672255859375,0.03851,0.01928,-0.00549,0.02005,0.0657,3.4,158,5995
TLT261106C00087000,TLT,2026-11-06,35,C,87.0,12.29,77.4800033569336,0.04,0.05,0.045,0.05,22.2,0.1914143359375,0.03139,0.01538,-0.00489,0.01695,0.055,2.7,209,228
TLT261106C00088000,TLT,2026-11-06,35,C,88.0,13.58,77.4800033569336,0.03,0.04,0.035,0.04,28.6,0.1992267578125,0.02438,0.01197,-0.00411,0.01373,0.043,2.1,14,356
TLT261106C00089000,TLT,2026-11-06,35,C,89.0,14.87,77.4800033569336,0.02,0.03,0.025,0.02,40.0,0.20508607421874997,0.01828,0.00912,-0.00331,0.01076,0.032,1.6,1,182
TLT261106P00065000,TLT,2026-11-06,35,P,65.0,-16.11,77.4800033569336,0.02,0.03,0.025,0.04,40.0,0.257819921875,-0.01107,0.00471,-0.00248,0.00699,0.0241,1.4,5,1229
TLT261106P00070000,TLT,2026-11-06,35,P,70.0,-9.65,77.4800033569336,0.11,0.12,0.115,0.12,8.7,0.20606262695312497,-0.04618,0.01958,-0.00643,0.02322,0.0965,5.3,118,1004
TLT261106P00074500,TLT,2026-11-06,35,P,74.5,-3.85,77.4800033569336,0.57,0.58,0.575,0.58,1.7,0.17456880126953128,-0.20511,0.06786,-0.01521,0.06819,0.4957,22.1,282,2658
TLT261106P00075000,TLT,2026-11-06,35,P,75.0,-3.2,77.4800033569336,0.7,0.71,0.705,0.68,1.4,0.17432466308593753,-0.24175,0.07462,-0.01653,0.07488,0.6133,25.9,759,2832
TLT261106P00075500,TLT,2026-11-06,35,P,75.5,-2.56,77.4800033569336,0.83,0.85,0.84,0.82,2.4,0.17285983398437502,-0.28027,0.0812,-0.01749,0.0808,0.7406,29.9,420,962
TLT261106P00076000,TLT,2026-11-06,35,P,76.0,-1.91,77.4800033569336,1.0,1.02,1.01,0.97,2.0,0.17237155761718753,-0.3228,0.08678,-0.01837,0.08611,0.896,34.2,275,1429
TLT261106P00076500,TLT,2026-11-06,35,P,76.5,-1.26,77.4800033569336,1.18,1.21,1.195,1.16,2.5,0.17151707397460939,-0.36752,0.09155,-0.01891,0.09039,1.0701,38.8,210,2562
TLT261106P00077000,TLT,2026-11-06,35,P,77.0,-0.62,77.4800033569336,1.39,1.41,1.4,1.4,1.4,0.1694418994140625,-0.4138,0.09583,-0.01898,0.09347,1.2557,43.4,576,1762
TLT261106P00077500,TLT,2026-11-06,35,P,77.5,0.03,77.4800033569336,1.62,1.65,1.635,1.58,1.8,0.16895362304687503,-0.46234,0.09798,-0.01891,0.09529,1.4795,48.3,575,1339
TLT261106P00078000,TLT,2026-11-06,35,P,78.0,0.67,77.4800033569336,1.88,1.9,1.89,1.87,1.1,0.16700051757812504,-0.51169,0.09952,-0.01829,0.09568,1.7137,53.2,6693,16743
TLT261106P00078500,TLT,2026-11-06,35,P,78.5,1.32,77.4800033569336,2.17,2.2,2.185,2.16,1.4,0.16797707031250003,-0.56028,0.09786,-0.01773,0.09462,2.0003,58.1,322,1300
TLT261106P00079000,TLT,2026-11-06,35,P,79.0,1.96,77.4800033569336,2.48,2.52,2.5,2.38,1.6,0.16846534667968754,-0.6075,0.0951,-0.01678,0.09222,2.3058,62.7,250,1337
TLT261106P00079500,TLT,2026-11-06,35,P,79.5,2.61,77.4800033569336,2.82,2.85,2.835,2.83,1.1,0.16748879394531252,-0.65408,0.09178,-0.01533,0.08849,2.6209,67.3,1271,1441
TLT261106P00080000,TLT,2026-11-06,35,P,80.0,3.25,77.4800033569336,3.15,3.25,3.2,3.18,3.1,0.1726156958007813,-0.69157,0.085,-0.01462,0.08446,3.0099,71.0,464,368
TLT261106P00080500,TLT,2026-11-06,35,P,80.5,3.9,77.4800033569336,3.5,3.65,3.575,3.55,4.2,0.1757894921875,-0.72733,0.07878,-0.01347,0.07972,3.3985,74.5,9,253
TLT261106P00081000,TLT,2026-11-06,35,P,81.0,4.54,77.4800033569336,3.95,4.05,4.0,3.95,2.5,0.17701018310546873,-0.76213,0.07284,-0.01188,0.07422,3.7876,77.9,9,234
TLT261106P00081500,TLT,2026-11-06,35,P,81.5,5.19,77.4800033569336,4.35,4.5,4.425,3.8,3.4,0.18384605224609374,-0.78602,0.06606,-0.01122,0.06991,4.2307,80.2,6,256
TLT261106P00082000,TLT,2026-11-06,35,P,82.0,5.83,77.4800033569336,4.8,4.95,4.875,4.8,3.1,0.18921709228515626,-0.80865,0.06004,-0.0103,0.06539,4.6722,82.4,58,860
TLT261106P00082500,TLT,2026-11-06,35,P,82.5,6.48,77.4800033569336,5.25,5.4,5.325,5.12,2.8,0.19361157958984376,-0.82974,0.05453,-0.0092,0.06077,5.1156,84.4,1,133
TLT261106P00083000,TLT,2026-11-06,35,P,83.0,7.12,77.4800033569336,5.75,5.9,5.825,5.75,2.6,0.20581848876953124,-0.83837,0.0496,-0.00955,0.05877,5.6115,85.3,100,466
TLT261106P00086000,TLT,2026-11-06,35,P,86.0,11.0,77.4800033569336,8.6,8.8,8.7,8.17,2.3,0.2514723291015625,-0.89463,0.03021,-0.00719,0.04374,8.4854,90.8,7,202
TLT261106P00091000,TLT,2026-11-06,35,P,91.0,17.45,77.4800033569336,13.55,13.75,13.65,11.46,1.5,0.3315496533203125,-0.93028,0.01683,-0.00584,0.03211,13.4072,94.3,16,0
TLT261120C00060000,TLT,2026-11-20,49,C,60.0,-22.56,77.4800033569336,17.45,17.7,17.575,17.85,1.4,0.418951123046875,0.96224,0.00691,-0.01618,0.02334,17.9915,94.8,95,0
TLT261120C00065000,TLT,2026-11-20,49,C,65.0,-16.11,77.4800033569336,12.45,12.7,12.575,13.1,2.0,0.3090889404296875,0.95103,0.01156,-0.01573,0.0288,13.0149,93.8,1,1
TLT261120C00069000,TLT,2026-11-20,49,C,69.0,-10.94,77.4800033569336,8.6,8.8,8.7,10.25,2.3,0.2456130126953125,0.91815,0.02169,-0.01756,0.04294,9.1191,90.4,40,40
TLT261120C00070000,TLT,2026-11-20,49,C,70.0,-9.65,77.4800033569336,7.65,7.8,7.725,8.4,1.9,0.22266402343749997,0.91166,0.02534,-0.01718,0.04547,8.1216,89.8,10,85
TLT261120C00072000,TLT,2026-11-20,49,C,72.0,-7.07,77.4800033569336,5.8,5.95,5.875,5.99,2.6,0.20020331054687499,0.86647,0.03791,-0.01917,0.06117,6.2607,85.0,58,23
TLT261120C00073000,TLT,2026-11-20,49,C,73.0,-5.78,77.4800033569336,4.95,5.05,5.0,5.45,2.0,0.18799640136718748,0.83574,0.04638,-0.01999,0.07027,5.3503,81.8,75,160
TLT261120C00074000,TLT,2026-11-20,49,C,74.0,-4.49,77.4800033569336,4.1,4.2,4.15,4.26,2.4,0.17847501220703127,0.7932,0.05637,-0.02101,0.08108,4.4857,77.4,1,213
TLT261120C00075000,TLT,2026-11-20,49,C,75.0,-3.2,77.4800033569336,3.35,3.4,3.375,3.45,1.5,0.1695639685058594,0.73928,0.06748,-0.02183,0.09221,3.6652,71.9,583,961
TLT261120C00076000,TLT,2026-11-20,49,C,76.0,-1.91,77.4800033569336,2.69,2.72,2.705,2.69,1.1,0.16663431030273443,0.66799,0.07674,-0.02287,0.10306,2.9573,64.6,597,1553
TLT261120C00077000,TLT,2026-11-20,49,C,77.0,-0.62,77.4800033569336,2.08,2.11,2.095,2.1,1.4,0.16309430664062502,0.58852,0.08404,-0.02313,0.11045,2.3168,56.5,878,3624
TLT261120C00078000,TLT,2026-11-20,49,C,78.0,0.67,77.4800033569336,1.56,1.58,1.57,1.56,1.3,0.159188095703125,0.50261,0.08828,-0.02247,0.11325,1.7531,47.9,4778,15028
TLT261120C00079000,TLT,2026-11-20,49,C,79.0,1.96,77.4800033569336,1.14,1.16,1.15,1.15,1.7,0.15747912841796874,0.41496,0.0872,-0.02116,0.11067,1.3004,39.3,4068,17399
TLT261120C00080000,TLT,2026-11-20,49,C,80.0,3.25,77.4800033569336,0.8,0.82,0.81,0.81,2.5,0.15552602294921875,0.33035,0.08206,-0.01903,0.10285,0.9306,31.0,10522,38080
TLT261120C00081000,TLT,2026-11-20,49,C,81.0,4.54,77.4800033569336,0.55,0.57,0.56,0.57,3.6,0.15479360839843753,0.25452,0.073,-0.01647,0.09107,0.6525,23.7,24500,31993
TLT261120C00082000,TLT,2026-11-20,49,C,82.0,5.83,77.4800033569336,0.38,0.39,0.385,0.39,2.6,0.1550377465820313,0.19073,0.0618,-0.01379,0.07722,0.4504,17.6,6071,41436
TLT261120C00083000,TLT,2026-11-20,49,C,83.0,7.12,77.4800033569336,0.26,0.27,0.265,0.26,3.8,0.15699085205078128,0.14134,0.05027,-0.01135,0.06359,0.3137,12.9,21214,40304
TLT261120C00084000,TLT,2026-11-20,49,C,84.0,8.42,77.4800033569336,0.18,0.2,0.19,0.2,10.5,0.16211775390625,0.10746,0.04018,-0.00957,0.05249,0.2319,9.7,30764,25808
TLT261120C00085000,TLT,2026-11-20,49,C,85.0,9.71,77.4800033569336,0.13,0.14,0.135,0.13,7.4,0.165047412109375,0.07886,0.03139,-0.00768,0.04175,0.1631,7.0,434,36942
TLT261120C00086000,TLT,2026-11-20,49,C,86.0,11.0,77.4800033569336,0.1,0.11,0.105,0.11,9.5,0.17188328125000002,0.0618,0.02498,-0.00658,0.03461,0.1274,5.4,1367,32122
TLT261120C00087000,TLT,2026-11-20,49,C,87.0,12.29,77.4800033569336,0.08,0.09,0.085,0.09,11.8,0.179695703125,0.04992,0.02019,-0.00577,0.02924,0.1038,4.3,777,18817
TLT261120C00088000,TLT,2026-11-20,49,C,88.0,13.58,77.4800033569336,0.06,0.07,0.065,0.06,15.4,0.18555501953124998,0.03923,0.0161,-0.00488,0.02408,0.0812,3.4,273,25690
TLT261120C00089000,TLT,2026-11-20,49,C,89.0,14.87,77.4800033569336,0.05,0.06,0.055,0.05,18.2,0.19336744140625,0.0325,0.01324,-0.00434,0.02064,0.0682,2.8,10,23079
TLT261120C00090000,TLT,2026-11-20,49,C,90.0,16.16,77.4800033569336,0.04,0.05,0.045,0.05,22.2,0.20020331054687499,0.02667,0.01086,-0.0038,0.01751,0.0563,2.2,96,36759
TLT261120C00091000,TLT,2026-11-20,49,C,91.0,17.45,77.4800033569336,0.03,0.04,0.035,0.03,28.6,0.20508607421874997,0.02111,0.0087,-0.00319,0.01439,0.0443,1.8,134,11986
TLT261120C00092000,TLT,2026-11-20,49,C,92.0,18.74,77.4800033569336,0.03,0.04,0.035,0.04,28.6,0.21680470703125,0.01994,0.00785,-0.0032,0.01371,0.0439,1.6,16,22105
TLT261120C00093000,TLT,2026-11-20,49,C,93.0,20.03,77.4800033569336,0.02,0.03,0.025,0.04,40.0,0.22071091796874998,0.01574,0.0063,-0.00265,0.01121,0.0343,1.3,37,6784
TLT261120C00094000,TLT,2026-11-20,49,C,94.0,21.32,77.4800033569336,0.02,0.03,0.025,0.02,40.0,0.2304764453125,0.01452,0.00563,-0.00258,0.01045,0.0327,1.2,8,3156
TLT261120C00095000,TLT,2026-11-20,49,C,95.0,22.61,77.4800033569336,0.02,0.03,0.025,0.03,40.0,0.242195078125,0.01418,0.00525,-0.00265,0.01024,0.0334,1.1,26,4451
TLT261120C00096000,TLT,2026-11-20,49,C,96.0,23.9,77.4800033569336,0.01,0.03,0.02,0.03,100.0,0.25196060546875,0.0133,0.00477,-0.0026,0.00969,0.0323,1.0,10,1407
TLT261120P00060000,TLT,2026-11-20,49,P,60.0,-22.56,77.4800033569336,0.01,0.02,0.015,0.02,66.7,0.2890696093749999,-0.00591,0.00204,-0.00135,0.00476,0.0161,0.8,49,2353
TLT261120P00065000,TLT,2026-11-20,49,P,65.0,-16.11,77.4800033569336,0.04,0.05,0.045,0.05,22.2,0.23535920898437498,-0.01609,0.00602,-0.0026,0.01142,0.0396,2.0,6,3280
TLT261120P00066000,TLT,2026-11-20,49,P,66.0,-14.82,77.4800033569336,0.06,0.07,0.065,0.06,15.4,0.2304764453125,-0.02249,0.00817,-0.00337,0.01518,0.0565,2.7,25,1113
TLT261120P00067000,TLT,2026-11-20,49,P,67.0,-13.53,77.4800033569336,0.07,0.08,0.075,0.07,13.3,0.21680470703125,-0.02639,0.00993,-0.00361,0.01736,0.0635,3.2,27,448
TLT261120P00068000,TLT,2026-11-20,49,P,68.0,-12.24,77.4800033569336,0.1,0.11,0.105,0.11,9.5,0.21094539062499998,-0.03619,0.01326,-0.00454,0.02254,0.0886,4.3,14,800
TLT261120P00069000,TLT,2026-11-20,49,P,69.0,-10.94,77.4800033569336,0.13,0.14,0.135,0.13,7.4,0.20117986328124998,-0.04626,0.01697,-0.00524,0.02751,0.1121,5.4,65,1792
TLT261120P00070000,TLT,2026-11-20,49,P,70.0,-9.65,77.4800033569336,0.17,0.18,0.175,0.18,5.7,0.19190261230468753,-0.05992,0.02184,-0.00609,0.03378,0.1444,6.9,873,10728
TLT261120P00071000,TLT,2026-11-20,49,P,71.0,-8.36,77.4800033569336,0.23,0.24,0.235,0.23,4.3,0.18433432861328125,-0.0798,0.02835,-0.00722,0.04212,0.1944,9.0,89,19506
TLT261120P00072000,TLT,2026-11-20,49,P,72.0,-7.07,77.4800033569336,0.32,0.33,0.325,0.33,3.1,0.1782308740234375,-0.10783,0.03663,-0.00862,0.05262,0.2697,12.0,976,16665
TLT261120P00073000,TLT,2026-11-20,49,P,73.0,-5.78,77.4800033569336,0.46,0.47,0.465,0.46,2.2,0.174812939453125,-0.14784,0.04653,-0.01039,0.06555,0.3898,16.3,1381,14770
TLT261120P00074000,TLT,2026-11-20,49,P,74.0,-4.49,77.4800033569336,0.65,0.66,0.655,0.65,1.5,0.17163914306640626,-0.19834,0.05717,-0.01211,0.07908,0.5547,21.6,1190,15675
TLT261120P00075000,TLT,2026-11-20,49,P,75.0,-3.2,77.4800033569336,0.89,0.91,0.9,0.88,2.2,0.1687094848632813,-0.25977,0.06769,-0.01355,0.09204,0.7757,28.0,18022,40300
TLT261120P00076000,TLT,2026-11-20,49,P,76.0,-1.91,77.4800033569336,1.21,1.23,1.22,1.18,1.6,0.16577982666015628,-0.33131,0.07707,-0.01449,0.10297,1.0615,35.4,1020,36710
TLT261120P00077000,TLT,2026-11-20,49,P,77.0,-0.62,77.4800033569336,1.62,1.64,1.63,1.59,1.2,0.16407085937500002,-0.41186,0.08355,-0.01484,0.11048,1.4352,43.5,13860,75386
TLT261120P00078000,TLT,2026-11-20,49,P,78.0,0.67,77.4800033569336,2.11,2.14,2.125,2.06,1.4,0.16285016845703126,-0.49692,0.08629,-0.01439,0.11325,1.8969,52.1,1202,26313
TLT261120P00079000,TLT,2026-11-20,49,P,79.0,1.96,77.4800033569336,2.69,2.73,2.71,2.65,1.5,0.16211775390625,-0.58198,0.08485,-0.01313,0.11085,2.4487,60.5,1466,35643
TLT261120P00080000,TLT,2026-11-20,49,P,80.0,3.25,77.4800033569336,3.35,3.45,3.4,3.35,2.9,0.16651224121093755,-0.65766,0.07772,-0.01179,0.10429,3.136,68.0,377,19774
TLT261120P00081000,TLT,2026-11-20,49,P,81.0,4.54,77.4800033569336,4.1,4.2,4.15,4.07,2.4,0.16748879394531252,-0.72768,0.06984,-0.00951,0.09427,3.8564,74.8,334,23357
TLT261120P00082000,TLT,2026-11-20,49,P,82.0,5.83,77.4800033569336,4.9,4.95,4.925,4.89,1.0,0.1606529248046875,-0.80027,0.06134,-0.00572,0.07941,4.5752,81.6,542,47250
TLT261120P00083000,TLT,2026-11-20,49,P,83.0,7.12,77.4800033569336,5.8,5.95,5.875,5.8,2.6,0.18189294677734374,-0.82089,0.05066,-0.0062,0.07426,5.5614,83.8,314,21205
TLT261120P00084000,TLT,2026-11-20,49,P,84.0,8.42,77.4800033569336,6.7,6.85,6.775,6.77,2.2,0.186531572265625,-0.85757,0.04253,-0.00418,0.06393,6.4446,87.2,747,6874
TLT261120P00085000,TLT,2026-11-20,49,P,85.0,9.71,77.4800033569336,7.7,7.8,7.75,7.75,1.3,0.1958088232421875,-0.88108,0.03576,-0.00298,0.05643,7.3797,89.5,1877,24094
TLT261120P00086000,TLT,2026-11-20,49,P,86.0,11.0,77.4800033569336,8.6,8.8,8.7,8.7,2.3,0.2133867724609375,-0.89001,0.03104,-0.00315,0.05338,8.3708,90.4,1286,19109
TLT261120P00087000,TLT,2026-11-20,49,P,87.0,12.29,77.4800033569336,9.6,9.8,9.7,9.61,2.1,0.2304764453125,-0.89734,0.02734,-0.0033,0.05078,9.3629,91.2,76,11367
TLT261120P00088000,TLT,2026-11-20,49,P,88.0,13.58,77.4800033569336,10.55,10.75,10.65,10.6,1.9,0.23584748535156247,-0.91434,0.02338,-0.0018,0.04443,10.3031,92.7,235,23047
TLT261120P00089000,TLT,2026-11-20,49,P,89.0,14.87,77.4800033569336,11.55,11.8,11.675,11.62,2.1,0.26319096191406255,-0.90882,0.02194,-0.00354,0.04655,11.3479,92.4,5,1086
TLT261120P00090000,TLT,2026-11-20,49,P,90.0,16.16,77.4800033569336,12.55,12.8,12.675,12.54,2.0,0.2788158056640625,-0.9135,0.01992,-0.00362,0.04476,12.3404,92.9,1341,1907
TLT261120P00091000,TLT,2026-11-20,49,P,91.0,17.45,77.4800033569336,13.55,13.8,13.675,12.65,1.8,0.29395237304687494,-0.91768,0.0182,-0.00368,0.04312,13.3326,93.3,50,2676
TLT261120P00092000,TLT,2026-11-20,49,P,92.0,18.74,77.4800033569336,14.55,14.75,14.65,14.0,1.4,0.295905478515625,-0.93064,0.01587,-0.00196,0.03785,14.2741,94.4,2,82
TLT261120P00093000,TLT,2026-11-20,49,P,93.0,20.03,77.4800033569336,15.55,15.75,15.65,15.27,1.3,0.3100654931640625,-0.93359,0.01465,-0.00198,0.0366,15.2672,94.7,8,0
TLT261120P00094000,TLT,2026-11-20,49,P,94.0,21.32,77.4800033569336,16.5,16.8,16.65,17.1,1.8,0.33789724609375,-0.92728,0.01441,-0.00387,0.03925,16.3127,94.3,1,1
TLT261120P00095000,TLT,2026-11-20,49,P,95.0,22.61,77.4800033569336,17.5,17.8,17.65,17.55,1.7,0.35205726074218746,-0.92979,0.01346,-0.00393,0.0382,17.3067,94.6,5,19
TLT261120P00096000,TLT,2026-11-20,49,P,96.0,23.9,77.4800033569336,18.5,18.8,18.65,18.4,1.6,0.3657289990234375,-0.9322,0.01262,-0.00396,0.03719,18.3,94.8,2,8
TLT261130C00075000,TLT,2026-11-30,59,C,75.0,-3.2,77.4800033569336,3.5,3.55,3.525,3.6,1.4,0.16846534667968754,0.72895,0.06313,-0.0205,0.1032,3.8659,70.6,92,406
TLT261130C00076000,TLT,2026-11-30,59,C,76.0,-1.91,77.4800033569336,2.83,2.86,2.845,2.91,1.1,0.16394879028320314,0.66409,0.07141,-0.02108,0.11361,3.1476,64.0,116,164
TLT261130C00077000,TLT,2026-11-30,59,C,77.0,-0.62,77.4800033569336,2.23,2.26,2.245,2.3,1.3,0.16089706298828127,0.59032,0.07755,-0.02125,0.12108,2.5127,56.5,388,1145
TLT261130C00078000,TLT,2026-11-30,59,C,78.0,0.67,77.4800033569336,1.72,1.73,1.725,1.75,0.6,0.1573570593261719,0.51121,0.08135,-0.02069,0.12422,1.9468,48.6,1829,1287
TLT261130C00079000,TLT,2026-11-30,59,C,79.0,1.96,77.4800033569336,1.27,1.3,1.285,1.33,2.3,0.15552602294921875,0.43013,0.08108,-0.01962,0.12236,1.4813,40.6,340,2685
TLT261130C00080000,TLT,2026-11-30,59,C,80.0,3.25,77.4800033569336,0.93,0.95,0.94,0.96,2.1,0.15369498657226563,0.35107,0.07745,-0.01791,0.11551,1.0951,32.8,230,4938
TLT261130C00081000,TLT,2026-11-30,59,C,81.0,4.54,77.4800033569336,0.66,0.68,0.67,0.69,3.0,0.15259636474609378,0.27823,0.0706,-0.01579,0.10454,0.7923,25.8,170,3332
TLT261130C00082000,TLT,2026-11-30,59,C,82.0,5.83,77.4800033569336,0.47,0.49,0.48,0.47,4.2,0.1538170556640625,0.21729,0.06136,-0.01372,0.09158,0.5778,20.0,354,3500
TLT261130C00083000,TLT,2026-11-30,59,C,83.0,7.12,77.4800033569336,0.33,0.34,0.335,0.33,3.0,0.1538170556640625,0.16419,0.05164,-0.0114,0.07708,0.4053,14.9,2653,94756
TLT261130C00084000,TLT,2026-11-30,59,C,84.0,8.42,77.4800033569336,0.23,0.25,0.24,0.24,8.3,0.157234990234375,0.12627,0.04232,-0.00964,0.06458,0.2995,11.4,147,14764
TLT261130C00085000,TLT,2026-11-30,59,C,85.0,9.71,77.4800033569336,0.17,0.18,0.175,0.17,5.7,0.1596763720703125,0.09508,0.034,-0.00791,0.05268,0.2159,8.5,953,530
TLT261130C00086000,TLT,2026-11-30,59,C,86.0,11.0,77.4800033569336,0.12,0.13,0.125,0.13,8.0,0.1626060302734375,0.07157,0.02696,-0.00645,0.04254,0.1569,6.3,88,343
TLT261130C00087000,TLT,2026-11-30,59,C,87.0,12.29,77.4800033569336,0.09,0.1,0.095,0.11,10.5,0.16748879394531252,0.05577,0.02156,-0.00543,0.03504,0.1207,4.9,12,343
TLT261130C00088000,TLT,2026-11-30,59,C,88.0,13.58,77.4800033569336,0.07,0.08,0.075,0.09,13.3,0.17285983398437502,0.04418,0.01734,-0.00463,0.02909,0.095,3.8,350,2486
TLT261130C00089000,TLT,2026-11-30,59,C,89.0,14.87,77.4800033569336,0.06,0.07,0.065,0.06,15.4,0.18164880859375,0.03812,0.01464,-0.00429,0.02581,0.0842,3.2,199,244
TLT261130C00090000,TLT,2026-11-30,59,C,90.0,16.16,77.4800033569336,0.05,0.06,0.055,0.06,18.2,0.188484677734375,0.03191,0.0122,-0.00383,0.02231,0.0713,2.7,199,1384
TLT261130C00091000,TLT,2026-11-30,59,C,91.0,17.45,77.4800033569336,0.04,0.05,0.045,0.04,22.2,0.194343994140625,0.02639,0.0101,-0.00336,0.01905,0.0592,2.2,198,242
TLT261130C00092000,TLT,2026-11-30,59,C,92.0,18.74,77.4800033569336,0.03,0.04,0.035,0.05,28.6,0.1992267578125,0.0215,0.00829,-0.00288,0.01604,0.0481,1.8,2,296
TLT261130C00093000,TLT,2026-11-30,59,C,93.0,20.03,77.4800033569336,0.03,0.04,0.035,0.04,28.6,0.20899228515624996,0.01999,0.00743,-0.00283,0.01508,0.0465,1.6,6,332
TLT261130C00094000,TLT,2026-11-30,59,C,94.0,21.32,77.4800033569336,0.03,0.04,0.035,0.05,28.6,0.21875781249999998,0.01876,0.00673,-0.0028,0.01429,0.0452,1.5,2,122
TLT261130C00095000,TLT,2026-11-30,59,C,95.0,22.61,77.4800033569336,0.02,0.03,0.025,0.02,40.0,0.22071091796874998,0.01463,0.00539,-0.00228,0.01154,0.0346,1.2,4,130
TLT261130P00065000,TLT,2026-11-30,59,P,65.0,-16.11,77.4800033569336,0.05,0.07,0.06,0.06,33.3,0.22657023437499998,-0.02045,0.00699,-0.00277,0.01537,0.0548,2.5,3,227
TLT261130P00066000,TLT,2026-11-30,59,P,66.0,-14.82,77.4800033569336,0.07,0.08,0.075,0.07,13.3,0.2148516015625,-0.02416,0.00849,-0.00301,0.01769,0.0627,3.0,5,234
TLT261130P00067000,TLT,2026-11-30,59,P,67.0,-13.53,77.4800033569336,0.09,0.1,0.095,0.1,10.5,0.20606262695312497,-0.03049,0.01074,-0.00348,0.02148,0.0782,3.7,30,237
TLT261130P00068000,TLT,2026-11-30,59,P,68.0,-12.24,77.4800033569336,0.11,0.13,0.12,0.11,16.7,0.19873848144531248,-0.03969,0.01383,-0.00414,0.02668,0.102,4.7,4,288
TLT261130P00069000,TLT,2026-11-30,59,P,69.0,-10.94,77.4800033569336,0.15,0.16,0.155,0.16,6.5,0.1889729541015625,-0.0496,0.01741,-0.00468,0.03192,0.1254,5.8,11,233
TLT261130P00070000,TLT,2026-11-30,59,P,70.0,-9.65,77.4800033569336,0.2,0.21,0.205,0.2,4.9,0.1821370849609375,-0.06535,0.02244,-0.00555,0.03966,0.1668,7.5,333,1191
TLT261130P00071000,TLT,2026-11-30,59,P,71.0,-8.36,77.4800033569336,0.28,0.29,0.285,0.29,3.5,0.1772543212890625,-0.0882,0.02897,-0.00671,0.04983,0.2316,10.0,22,359
TLT261130P00072000,TLT,2026-11-30,59,P,72.0,-7.07,77.4800033569336,0.38,0.39,0.385,0.41,2.6,0.17163914306640626,-0.11679,0.0367,-0.00787,0.06113,0.3147,13.1,2,498
TLT261130P00073000,TLT,2026-11-30,59,P,73.0,-5.78,77.4800033569336,0.53,0.54,0.535,0.53,1.9,0.1682212084960938,-0.15623,0.04571,-0.00926,0.07462,0.4417,17.3,80,2789
TLT261130P00074000,TLT,2026-11-30,59,P,74.0,-4.49,77.4800033569336,0.72,0.73,0.725,0.76,1.4,0.16407085937500002,-0.20393,0.05542,-0.01047,0.08823,0.6039,22.3,166,661
TLT261130P00075000,TLT,2026-11-30,59,P,75.0,-3.2,77.4800033569336,0.98,1.0,0.99,0.97,2.0,0.16236189208984375,-0.26433,0.06468,-0.01168,0.1019,0.8399,28.6,120,4275
TLT261130P00076000,TLT,2026-11-30,59,P,76.0,-1.91,77.4800033569336,1.3,1.33,1.315,1.31,2.3,0.15979844116210937,-0.33252,0.07297,-0.01238,0.11316,1.1307,35.6,169,3822
TLT261130P00077000,TLT,2026-11-30,59,P,77.0,-0.62,77.4800033569336,1.7,1.73,1.715,1.67,1.7,0.15699085205078128,-0.40809,0.0794,-0.01246,0.12096,1.4892,43.3,145,2136
TLT261130P00078000,TLT,2026-11-30,59,P,78.0,0.67,77.4800033569336,2.2,2.24,2.22,2.18,1.8,0.15674671386718753,-0.48884,0.08167,-0.01214,0.12423,1.9565,51.4,174,7399
TLT261130P00079000,TLT,2026-11-30,59,P,79.0,1.96,77.4800033569336,2.77,2.81,2.79,2.33,1.4,0.15479360839843753,-0.57031,0.08145,-0.01093,0.12234,2.4832,59.5,6,576
TLT261130P00080000,TLT,2026-11-30,59,P,80.0,3.25,77.4800033569336,3.45,3.5,3.475,2.99,1.4,0.15650257568359377,-0.64597,0.07629,-0.00954,0.11586,3.132,66.9,1,1923
TLT261130P00081000,TLT,2026-11-30,59,P,81.0,4.54,77.4800033569336,4.15,4.25,4.2,3.77,2.4,0.1577232666015625,-0.71463,0.06914,-0.00766,0.10582,3.8442,73.6,6,1095
TLT261130P00082000,TLT,2026-11-30,59,P,82.0,5.83,77.4800033569336,4.95,5.1,5.025,4.85,3.0,0.16407085937500002,-0.76686,0.05986,-0.00623,0.09531,4.6652,78.7,4,1297
TLT261130P00083000,TLT,2026-11-30,59,P,83.0,7.12,77.4800033569336,5.85,6.0,5.925,5.72,2.5,0.17237155761718753,-0.80651,0.0511,-0.00503,0.08548,5.5415,82.5,203,1234
TLT261130P00084000,TLT,2026-11-30,59,P,84.0,8.42,77.4800033569336,6.75,6.9,6.825,6.3,2.2,0.17749845947265624,-0.84277,0.0435,-0.00341,0.07493,6.4199,85.9,81,104
TLT261130P00085000,TLT,2026-11-30,59,P,85.0,9.71,77.4800033569336,7.7,7.85,7.775,6.95,1.9,0.18726398681640627,-0.86581,0.03707,-0.00253,0.06735,7.3545,88.1,4,21
TLT261130P00089000,TLT,2026-11-30,59,P,89.0,14.87,77.4800033569336,11.55,11.8,11.675,11.8,2.1,0.24024197265624997,-0.90656,0.02231,-0.00166,0.05201,11.2605,92.2,8,6
TLT261130P00093000,TLT,2026-11-30,59,P,93.0,20.03,77.4800033569336,15.5,15.75,15.625,13.52,1.6,0.28321029296874994,-0.93186,0.01491,-0.00026,0.04097,15.1739,94.6,1,0
TLT261218C00060000,TLT,2026-12-18,77,C,60.0,-22.56,77.4800033569336,15.7,19.65,17.675,22.35,22.3,0.6423375610351563,0.85146,0.01013,-0.03942,0.08243,20.0001,77.3,50,2
TLT261218C00065000,TLT,2026-12-18,77,C,65.0,-16.11,77.4800033569336,12.2,14.7,13.45,12.67,18.6,0.5114794946289063,0.8162,0.01461,-0.0367,0.09461,15.0721,74.7,20,0
TLT261218C00070000,TLT,2026-12-18,77,C,70.0,-9.65,77.4800033569336,7.7,8.45,8.075,8.32,9.3,0.2585523364257813,0.83777,0.02668,-0.02081,0.08737,8.9011,80.7,26,722
TLT261218C00071000,TLT,2026-12-18,77,C,71.0,-8.36,77.4800033569336,6.7,7.5,7.1,7.26,11.3,0.24073024902343748,0.82161,0.03046,-0.02062,0.09285,7.9479,79.1,2,7
TLT261218C00072000,TLT,2026-12-18,77,C,72.0,-7.07,77.4800033569336,5.75,6.65,6.2,6.35,14.5,0.231452998046875,0.79462,0.03453,-0.02118,0.10122,7.087,76.3,4,51
TLT261218C00073000,TLT,2026-12-18,77,C,73.0,-5.78,77.4800033569336,5.15,5.4,5.275,5.1,4.7,0.18457846679687498,0.8008,0.04252,-0.01807,0.09939,5.8534,77.6,1,53
TLT261218C00074000,TLT,2026-12-18,77,C,74.0,-4.49,77.4800033569336,4.4,4.45,4.425,4.5,1.1,0.16492534301757814,0.77515,0.05108,-0.01747,0.10669,4.8929,75.2,36,239
TLT261218C00075000,TLT,2026-12-18,77,C,75.0,-3.2,77.4800033569336,3.65,3.75,3.7,3.73,2.7,0.16358258300781253,0.72001,0.05782,-0.01838,0.11979,4.1603,69.4,65,1559
TLT261218C00076000,TLT,2026-12-18,77,C,76.0,-1.91,77.4800033569336,3.0,3.1,3.05,3.07,3.3,0.16138533935546873,0.6595,0.06384,-0.01889,0.13047,3.4748,63.2,99,1642
TLT261218C00077000,TLT,2026-12-18,77,C,77.0,-0.62,77.4800033569336,2.45,2.48,2.465,2.45,1.2,0.15662464477539065,0.5947,0.06955,-0.01877,0.13795,2.8161,56.7,551,4098
TLT261218C00078000,TLT,2026-12-18,77,C,78.0,0.67,77.4800033569336,1.94,1.97,1.955,1.96,1.5,0.15479360839843753,0.52398,0.07229,-0.01845,0.14171,2.2636,49.6,7474,29645
TLT261218C00079000,TLT,2026-12-18,77,C,79.0,1.96,77.4800033569336,1.51,1.54,1.525,1.52,2.0,0.15369498657226563,0.45209,0.07241,-0.01771,0.14095,1.792,42.4,11042,9127
TLT261218C00080000,TLT,2026-12-18,77,C,80.0,3.25,77.4800033569336,1.16,1.18,1.17,1.17,1.7,0.15259636474609378,0.38162,0.07021,-0.01653,0.13567,1.3906,35.5,69988,59252
TLT261218C00081000,TLT,2026-12-18,77,C,81.0,4.54,77.4800033569336,0.88,0.89,0.885,0.89,1.1,0.1518639501953125,0.31522,0.06575,-0.01503,0.12645,1.0611,29.1,2459,13182
TLT261218C00082000,TLT,2026-12-18,77,C,82.0,5.83,77.4800033569336,0.65,0.67,0.66,0.66,3.0,0.1524742956542969,0.25652,0.05936,-0.01344,0.11463,0.8087,23.4,16691,81193
TLT261218C00083000,TLT,2026-12-18,77,C,83.0,7.12,77.4800033569336,0.49,0.5,0.495,0.51,2.0,0.15332877929687502,0.20548,0.05214,-0.01176,0.10125,0.61,18.6,1921,55861
TLT261218C00084000,TLT,2026-12-18,77,C,84.0,8.42,77.4800033569336,0.36,0.38,0.37,0.37,5.4,0.15552602294921875,0.16423,0.04471,-0.01024,0.08807,0.4662,14.7,57967,56429
TLT261218C00085000,TLT,2026-12-18,77,C,85.0,9.71,77.4800033569336,0.27,0.28,0.275,0.27,3.6,0.15674671386718753,0.12851,0.03762,-0.00865,0.07468,0.3472,11.4,3394,51328
TLT261218C00086000,TLT,2026-12-18,77,C,86.0,11.0,77.4800033569336,0.2,0.21,0.205,0.22,4.9,0.15869981933593752,0.10044,0.03117,-0.00728,0.06265,0.2609,8.8,1006,63176
TLT261218C00087000,TLT,2026-12-18,77,C,87.0,12.29,77.4800033569336,0.16,0.17,0.165,0.16,6.1,0.1638267211914063,0.08221,0.02603,-0.00642,0.054,0.2119,7.1,393,58790
TLT261218C00088000,TLT,2026-12-18,77,C,88.0,13.58,77.4800033569336,0.12,0.13,0.125,0.13,8.0,0.16651224121093755,0.06474,0.02133,-0.0054,0.04498,0.1625,5.6,1159,43333
TLT261218C00089000,TLT,2026-12-18,77,C,89.0,14.87,77.4800033569336,0.1,0.11,0.105,0.11,9.5,0.17237155761718753,0.05428,0.01795,-0.00483,0.03918,0.1369,4.6,251,34152
TLT261218C00090000,TLT,2026-12-18,77,C,90.0,16.16,77.4800033569336,0.08,0.09,0.085,0.09,11.8,0.176766044921875,0.04453,0.01494,-0.0042,0.03345,0.1116,3.7,3386,331820
TLT261218C00091000,TLT,2026-12-18,77,C,91.0,17.45,77.4800033569336,0.07,0.08,0.075,0.08,13.3,0.18360191406249998,0.03878,0.01286,-0.00388,0.0299,0.0988,3.2,340,41154
TLT261218C00092000,TLT,2026-12-18,77,C,92.0,18.74,77.4800033569336,0.06,0.07,0.065,0.06,15.4,0.18946123046875002,0.03337,0.01102,-0.00353,0.02644,0.0858,2.7,249,13910
TLT261218C00093000,TLT,2026-12-18,77,C,93.0,20.03,77.4800033569336,0.05,0.06,0.055,0.05,18.2,0.194343994140625,0.02831,0.00938,-0.00314,0.02307,0.0729,2.3,149,12248
TLT261218C00094000,TLT,2026-12-18,77,C,94.0,21.32,77.4800033569336,0.04,0.06,0.05,0.06,40.0,0.20410952148437497,0.02713,0.00862,-0.00317,0.02227,0.0729,2.2,20,10378
TLT261218C00095000,TLT,2026-12-18,77,C,95.0,22.61,77.4800033569336,0.04,0.05,0.045,0.04,22.2,0.20801573242187496,0.02288,0.00733,-0.0028,0.01931,0.0613,1.8,136,19816
TLT261218C00096000,TLT,2026-12-18,77,C,96.0,23.9,77.4800033569336,0.04,0.05,0.045,0.05,22.2,0.21680470703125,0.02181,0.00675,-0.00279,0.01854,0.0604,1.7,13,13760
TLT261218P00060000,TLT,2026-12-18,77,P,60.0,-22.56,77.4800033569336,0.03,0.05,0.04,0.05,50.0,0.260749580078125,-0.01175,0.00331,-0.00174,0.01091,0.0391,1.6,41,3200
TLT261218P00065000,TLT,2026-12-18,77,P,65.0,-16.11,77.4800033569336,0.1,0.11,0.105,0.1,9.5,0.2153398779296875,-0.02803,0.00839,-0.00295,0.02289,0.0854,3.5,20,2434
TLT261218P00070000,TLT,2026-12-18,77,P,70.0,-9.65,77.4800033569336,0.36,0.37,0.365,0.35,2.7,0.1860432958984375,-0.09183,0.0249,-0.00627,0.05866,0.2932,10.7,806,12682
TLT261218P00071000,TLT,2026-12-18,77,P,71.0,-8.36,77.4800033569336,0.47,0.48,0.475,0.49,2.1,0.18164880859375,-0.11708,0.03041,-0.00722,0.06996,0.384,13.4,515,5407
TLT261218P00072000,TLT,2026-12-18,77,P,72.0,-7.07,77.4800033569336,0.61,0.64,0.625,0.61,4.8,0.17945156494140624,-0.15067,0.03662,-0.00836,0.08322,0.5179,17.1,214,6052
TLT261218P00073000,TLT,2026-12-18,77,P,73.0,-5.78,77.4800033569336,0.81,0.82,0.815,0.82,1.2,0.1753012158203125,-0.18813,0.04324,-0.00926,0.09598,0.6693,21.1,30637,133522
TLT261218P00074000,TLT,2026-12-18,77,P,74.0,-4.49,77.4800033569336,1.06,1.08,1.07,1.04,1.9,0.1744467321777344,-0.23609,0.04963,-0.01032,0.10964,0.8941,26.1,1876,10528
TLT261218P00075000,TLT,2026-12-18,77,P,75.0,-3.2,77.4800033569336,1.36,1.37,1.365,1.35,0.7,0.17151707397460939,-0.28792,0.05589,-0.01095,0.1214,1.1458,31.5,1650,27616
TLT261218P00076000,TLT,2026-12-18,77,P,76.0,-1.91,77.4800033569336,1.72,1.75,1.735,1.71,1.7,0.17090672851562502,-0.34737,0.06073,-0.01148,0.13145,1.4809,37.7,131,22844
TLT261218P00077000,TLT,2026-12-18,77,P,77.0,-0.62,77.4800033569336,2.15,2.18,2.165,2.17,1.4,0.1694418994140625,-0.41014,0.06448,-0.01154,0.13835,1.8661,44.1,3814,37479
TLT261218P00078000,TLT,2026-12-18,77,P,78.0,0.67,77.4800033569336,2.66,2.7,2.68,2.64,1.5,0.16968603759765627,-0.47551,0.06594,-0.01132,0.1417,2.3392,50.7,1226,44935
TLT261218P00079000,TLT,2026-12-18,77,P,79.0,1.96,77.4800033569336,3.25,3.3,3.275,3.23,1.5,0.1710287976074219,-0.54007,0.06522,-0.01078,0.14125,2.8928,57.1,359,23497
TLT261218P00080000,TLT,2026-12-18,77,P,80.0,3.25,77.4800033569336,3.9,3.95,3.925,3.85,1.3,0.17163914306640626,-0.60239,0.06315,-0.0098,0.13727,3.4984,63.2,1271,37076
TLT261218P00081000,TLT,2026-12-18,77,P,81.0,4.54,77.4800033569336,4.65,4.7,4.675,4.65,1.1,0.17566742309570313,-0.65753,0.05877,-0.00887,0.13075,4.207,68.7,1872,28869
TLT261218P00082000,TLT,2026-12-18,77,P,82.0,5.83,77.4800033569336,5.35,5.45,5.4,5.4,1.9,0.17603363037109376,-0.71106,0.05455,-0.00732,0.12161,4.9184,73.8,2014,39466
TLT261218P00083000,TLT,2026-12-18,77,P,83.0,7.12,77.4800033569336,6.15,6.35,6.25,6.18,3.2,0.18628743408203124,-0.74631,0.04831,-0.00681,0.11396,5.7889,77.3,2015,21104
TLT261218P00084000,TLT,2026-12-18,77,P,84.0,8.42,77.4800033569336,7.05,7.3,7.175,7.15,3.5,0.1997150341796875,-0.77125,0.04259,-0.00669,0.10773,6.717,79.8,309,24596
TLT261218P00085000,TLT,2026-12-18,77,P,85.0,9.71,77.4800033569336,7.95,8.1,8.025,7.99,1.9,0.195320546875,-0.81424,0.0385,-0.00434,0.09523,7.4835,83.7,1340,27110
TLT261218P00086000,TLT,2026-12-18,77,P,86.0,11.0,77.4800033569336,8.85,9.0,8.925,8.9,1.7,0.19898261962890623,-0.84219,0.03405,-0.00302,0.08581,8.3601,86.3,1466,14721
TLT261218P00087000,TLT,2026-12-18,77,P,87.0,12.29,77.4800033569336,9.75,9.95,9.85,9.84,2.0,0.20703917968749996,-0.86046,0.03014,-0.0023,0.07903,9.2912,88.0,127,15827
TLT261218P00088000,TLT,2026-12-18,77,P,88.0,13.58,77.4800033569336,10.75,10.95,10.85,10.75,1.8,0.2211991943359375,-0.86849,0.02709,-0.0024,0.07588,10.2783,88.9,30,16429
TLT261218P00089000,TLT,2026-12-18,77,P,89.0,14.87,77.4800033569336,11.35,11.95,11.65,11.7,5.2,0.2348709326171875,-0.8755,0.02456,-0.00247,0.07305,11.2652,89.6,5,7477
TLT261218P00090000,TLT,2026-12-18,77,P,90.0,16.16,77.4800033569336,12.65,12.9,12.775,12.72,2.0,0.24048611083984373,-0.88961,0.02203,-0.00159,0.06708,12.1998,90.9,11,3351
TLT261218P00091000,TLT,2026-12-18,77,P,91.0,17.45,77.4800033569336,13.05,13.9,13.475,13.55,6.3,0.2534254345703125,-0.89455,0.02022,-0.00164,0.06491,13.1892,91.4,1,320
TLT261218P00092000,TLT,2026-12-18,77,P,92.0,18.74,77.4800033569336,14.55,14.95,14.75,14.2,2.7,0.27417718017578124,-0.8914,0.01909,-0.00268,0.0663,14.2314,91.3,2,295
TLT261218P00093000,TLT,2026-12-18,77,P,93.0,20.03,77.4800033569336,15.1,15.95,15.525,15.41,5.5,0.2866282275390625,-0.89561,0.01775,-0.00272,0.06444,15.2204,91.8,8,606
TLT261218P00094000,TLT,2026-12-18,77,P,94.0,21.32,77.4800033569336,14.7,17.1,15.9,15.25,15.1,0.32227240234374993,-0.87994,0.01745,-0.00564,0.07121,16.367,90.7,10,433
TLT261218P00095000,TLT,2026-12-18,77,P,95.0,22.61,77.4800033569336,17.4,17.95,17.675,16.95,3.1,0.31055376953124997,-0.90298,0.01553,-0.00277,0.06109,17.198,92.5,1,237
TLT261218P00096000,TLT,2026-12-18,77,P,96.0,23.9,77.4800033569336,17.0,18.8,17.9,15.43,10.1,0.2929758203124999,-0.92823,0.01313,0.00059,0.04871,18.029,94.5,16,817
TLT261231C00060000,TLT,2026-12-31,90,C,60.0,-22.56,77.4800033569336,15.7,19.7,17.7,17.33,22.6,0.6001016552734376,0.85085,0.01006,-0.03481,0.08936,20.1187,77.1,3,3
TLT261231C00065000,TLT,2026-12-31,90,C,65.0,-16.11,77.4800033569336,11.5,14.7,13.1,12.5,24.4,0.4733939379882813,0.8177,0.01452,-0.03205,0.10176,15.1437,74.9,10,9
TLT261231C00069000,TLT,2026-12-31,90,C,69.0,-10.94,77.4800033569336,8.25,10.6,9.425,13.95,24.9,0.36536279174804687,0.78347,0.02087,-0.02835,0.11288,11.0604,72.7,65,0
TLT261231C00070000,TLT,2026-12-31,90,C,70.0,-9.65,77.4800033569336,7.75,8.45,8.1,8.05,8.6,0.2395095581054687,0.84038,0.02636,-0.01859,0.09346,8.9843,81.0,1,146
TLT261231C00072000,TLT,2026-12-31,90,C,72.0,-7.07,77.4800033569336,5.95,6.4,6.175,6.15,7.3,0.192390888671875,0.82091,0.03534,-0.01697,0.10063,6.9378,79.5,1,4
TLT261231C00073000,TLT,2026-12-31,90,C,73.0,-5.78,77.4800033569336,5.25,5.4,5.325,5.35,2.8,0.17078465942382814,0.80539,0.04191,-0.01624,0.10595,5.9343,78.1,2,16
TLT261231C00074000,TLT,2026-12-31,90,C,74.0,-4.49,77.4800033569336,4.45,4.55,4.5,4.62,2.2,0.16053085571289064,0.77038,0.04912,-0.0164,0.11672,5.0637,74.5,1,11
TLT261231C00075000,TLT,2026-12-31,90,C,75.0,-3.2,77.4800033569336,3.75,3.85,3.8,3.88,2.6,0.15869981933593752,0.71816,0.05531,-0.01708,0.12992,4.3295,69.1,62,439
TLT261231C00076000,TLT,2026-12-31,90,C,76.0,-1.91,77.4800033569336,3.1,3.2,3.15,3.7,3.2,0.15613636840820314,0.66083,0.06094,-0.01743,0.14084,3.6393,63.2,13,652
TLT261231C00077000,TLT,2026-12-31,90,C,77.0,-0.62,77.4800033569336,2.54,2.58,2.56,2.62,1.6,0.1514977429199219,0.59922,0.06632,-0.01728,0.14872,2.9765,57.0,185,894
TLT261231C00078000,TLT,2026-12-31,90,C,78.0,0.67,77.4800033569336,2.05,2.08,2.065,2.06,1.5,0.1505211901855469,0.53182,0.06867,-0.01704,0.153,2.431,50.2,375,4486
TLT261231C00079000,TLT,2026-12-31,90,C,79.0,1.96,77.4800033569336,1.62,1.65,1.635,1.68,1.8,0.14954463745117189,0.46348,0.06905,-0.01642,0.15284,1.9526,43.4,235,3355
TLT261231C00080000,TLT,2026-12-31,90,C,80.0,3.25,77.4800033569336,1.27,1.28,1.275,1.27,0.8,0.14832394653320313,0.39596,0.06752,-0.01541,0.14824,1.5373,36.8,1398,7568
TLT261231C00081000,TLT,2026-12-31,90,C,81.0,4.54,77.4800033569336,0.97,0.99,0.98,1.0,2.0,0.14832394653320313,0.33269,0.06367,-0.01421,0.13978,1.2039,30.6,440,1826
TLT261231C00082000,TLT,2026-12-31,90,C,82.0,5.83,77.4800033569336,0.74,0.76,0.75,0.77,2.7,0.14881222290039062,0.27529,0.05831,-0.01285,0.12844,0.935,25.1,265,3881
TLT261231C00083000,TLT,2026-12-31,90,C,83.0,7.12,77.4800033569336,0.56,0.58,0.57,0.59,3.5,0.14966670654296876,0.22478,0.05206,-0.01142,0.11532,0.721,20.3,182,2013
TLT261231C00084000,TLT,2026-12-31,90,C,84.0,8.42,77.4800033569336,0.42,0.44,0.43,0.44,4.7,0.15088739746093754,0.1816,0.04545,-0.00999,0.10152,0.5538,16.3,150,2768
TLT261231C00085000,TLT,2026-12-31,90,C,85.0,9.71,77.4800033569336,0.32,0.34,0.33,0.34,6.1,0.1530846411132813,0.14667,0.039,-0.00871,0.08837,0.4304,13.0,413,15984
TLT261231C00086000,TLT,2026-12-31,90,C,86.0,11.0,77.4800033569336,0.25,0.26,0.255,0.26,3.9,0.1550377465820313,0.11731,0.033,-0.00748,0.07574,0.3317,10.3,55,4390
TLT261231C00087000,TLT,2026-12-31,90,C,87.0,12.29,77.4800033569336,0.2,0.21,0.205,0.23,4.9,0.159188095703125,0.0965,0.02792,-0.00661,0.06578,0.269,8.4,135,4290
TLT261231C00088000,TLT,2026-12-31,90,C,88.0,13.58,77.4800033569336,0.16,0.17,0.165,0.18,6.1,0.16309430664062502,0.0793,0.02354,-0.0058,0.05682,0.2181,6.8,114,3035
TLT261231C00089000,TLT,2026-12-31,90,C,89.0,14.87,77.4800033569336,0.13,0.14,0.135,0.14,7.4,0.16748879394531252,0.06597,0.0199,-0.00513,0.04934,0.1802,5.6,277,7106
TLT261231C00090000,TLT,2026-12-31,90,C,90.0,16.16,77.4800033569336,0.1,0.12,0.11,0.11,18.2,0.17285983398437502,0.05623,0.01702,-0.00464,0.04355,0.1542,4.7,1619,38863
TLT261231C00091000,TLT,2026-12-31,90,C,91.0,17.45,77.4800033569336,0.09,0.1,0.095,0.09,10.5,0.176766044921875,0.04686,0.0144,-0.00408,0.03767,0.1276,3.9,10,3771
TLT261231C00092000,TLT,2026-12-31,90,C,92.0,18.74,77.4800033569336,0.08,0.09,0.085,0.09,11.8,0.18311363769531247,0.04136,0.01257,-0.0038,0.03407,0.1144,3.4,1,15072
TLT261231C00093000,TLT,2026-12-31,90,C,93.0,20.03,77.4800033569336,0.06,0.08,0.07,0.07,28.6,0.188484677734375,0.03604,0.01092,-0.00348,0.03045,0.1005,2.9,6,3143
TLT261231C00094000,TLT,2026-12-31,90,C,94.0,21.32,77.4800033569336,0.06,0.07,0.065,0.06,15.4,0.19336744140625,0.03129,0.00947,-0.00317,0.02711,0.0877,2.5,10,929
TLT261231C00095000,TLT,2026-12-31,90,C,95.0,22.61,77.4800033569336,0.05,0.07,0.06,0.06,33.3,0.20215641601562498,0.0299,0.00872,-0.00318,0.0261,0.0869,2.4,149,2127
TLT261231C00096000,TLT,2026-12-31,90,C,96.0,23.9,77.4800033569336,0.05,0.06,0.055,0.05,18.2,0.20606262695312497,0.02576,0.00756,-0.00285,0.02306,0.0748,2.0,1,488
TLT261231P00060000,TLT,2026-12-31,90,P,60.0,-22.56,77.4800033569336,0.04,0.05,0.045,0.05,22.2,0.241218525390625,-0.0114,0.00322,-0.00144,0.01149,0.0378,1.6,1248,1625
TLT261231P00065000,TLT,2026-12-31,90,P,65.0,-16.11,77.4800033569336,0.12,0.13,0.125,0.11,8.0,0.20557435058593748,-0.03087,0.00881,-0.00279,0.0268,0.0985,3.9,103,2031
TLT261231P00066000,TLT,2026-12-31,90,P,66.0,-14.82,77.4800033569336,0.15,0.16,0.155,0.15,6.5,0.1992267578125,-0.03835,0.01086,-0.00321,0.03204,0.1223,4.7,3,238
TLT261231P00067000,TLT,2026-12-31,90,P,67.0,-13.53,77.4800033569336,0.19,0.2,0.195,0.19,5.1,0.19312330322265625,-0.04783,0.0134,-0.00369,0.0383,0.1529,5.8,74,2078
TLT261231P00068000,TLT,2026-12-31,90,P,68.0,-12.24,77.4800033569336,0.24,0.26,0.25,0.26,8.0,0.1889729541015625,-0.06143,0.01669,-0.00436,0.04668,0.2003,7.4,24,751
TLT261231P00069000,TLT,2026-12-31,90,P,69.0,-10.94,77.4800033569336,0.31,0.33,0.32,0.32,6.3,0.18384605224609374,-0.07731,0.02048,-0.00501,0.05573,0.2556,9.1,33,161
TLT261231P00070000,TLT,2026-12-31,90,P,70.0,-9.65,77.4800033569336,0.41,0.43,0.42,0.42,4.8,0.1801839794921875,-0.09858,0.02505,-0.00582,0.06682,0.335,11.5,38,4496
TLT261231P00071000,TLT,2026-12-31,90,P,71.0,-8.36,77.4800033569336,0.53,0.56,0.545,0.64,5.5,0.1772543212890625,-0.12541,0.03025,-0.0067,0.07938,0.4417,14.4,800,904
TLT261231P00072000,TLT,2026-12-31,90,P,72.0,-7.07,77.4800033569336,0.7,0.71,0.705,0.7,1.4,0.17310397216796874,-0.15598,0.03593,-0.00747,0.09206,0.565,17.7,11,1424
TLT261231P00073000,TLT,2026-12-31,90,P,73.0,-5.78,77.4800033569336,0.9,0.92,0.91,0.9,2.2,0.17090672851562502,-0.19477,0.0419,-0.00833,0.106,0.7391,21.9,106,1052
TLT261231P00074000,TLT,2026-12-31,90,P,74.0,-4.49,77.4800033569336,1.15,1.18,1.165,1.14,2.6,0.16919776123046876,-0.23998,0.04775,-0.0091,0.1196,0.9599,26.7,124,2440
TLT261231P00075000,TLT,2026-12-31,90,P,75.0,-3.2,77.4800033569336,1.47,1.48,1.475,1.45,0.7,0.16663431030273443,-0.28988,0.05338,-0.00959,0.13167,1.2172,31.9,792,1942
TLT261231P00076000,TLT,2026-12-31,90,P,76.0,-1.91,77.4800033569336,1.83,1.85,1.84,1.8,1.1,0.165047412109375,-0.34581,0.05807,-0.0099,0.14188,1.5394,37.6,338,1636
TLT261231P00077000,TLT,2026-12-31,90,P,77.0,-0.62,77.4800033569336,2.27,2.31,2.29,2.26,1.7,0.16541361938476565,-0.4064,0.06095,-0.01005,0.14924,1.9481,43.9,300,1941
TLT261231P00078000,TLT,2026-12-31,90,P,78.0,0.67,77.4800033569336,2.77,2.81,2.79,2.73,1.4,0.1641929284667969,-0.46824,0.06295,-0.00972,0.153,2.3946,50.1,35,3276
TLT261231P00079000,TLT,2026-12-31,90,P,79.0,1.96,77.4800033569336,3.35,3.4,3.375,3.3,1.5,0.16492534301757814,-0.53023,0.06269,-0.0092,0.15305,2.9325,56.3,120,1673
TLT261231P00080000,TLT,2026-12-31,90,P,80.0,3.25,77.4800033569336,4.0,4.05,4.025,3.95,1.2,0.16577982666015628,-0.59011,0.06095,-0.00838,0.14956,3.5321,62.2,188,2995
TLT261231P00081000,TLT,2026-12-31,90,P,81.0,4.54,77.4800033569336,4.7,4.8,4.75,4.55,2.1,0.16993017578125003,-0.64336,0.05704,-0.00762,0.14347,4.2352,67.4,80,1036
TLT261231P00082000,TLT,2026-12-31,90,P,82.0,5.83,77.4800033569336,5.35,5.55,5.45,5.49,3.7,0.17090672851562502,-0.69478,0.05329,-0.00636,0.13481,4.9414,72.4,68,4166
TLT261231P00083000,TLT,2026-12-31,90,P,83.0,7.12,77.4800033569336,6.2,6.4,6.3,6.2,3.2,0.176766044921875,-0.73493,0.04817,-0.00551,0.12603,5.7545,76.3,32,4289
TLT261231P00084000,TLT,2026-12-31,90,P,84.0,8.42,77.4800033569336,7.0,7.25,7.125,7.13,3.5,0.1801839794921875,-0.77279,0.0435,-0.00433,0.11603,6.5695,79.9,10,2969
TLT261231P00085000,TLT,2026-12-31,90,P,85.0,9.71,77.4800033569336,7.85,8.15,8.0,7.78,3.8,0.1860432958984375,-0.80227,0.03885,-0.00343,0.10697,7.4401,82.7,50,2855
TLT261231P00086000,TLT,2026-12-31,90,P,86.0,11.0,77.4800033569336,8.8,9.15,8.975,8.8,3.9,0.20093572509765623,-0.8151,0.03452,-0.00362,0.10266,8.4219,84.1,6,1888
TLT261231P00087000,TLT,2026-12-31,90,P,87.0,12.29,77.4800033569336,9.05,10.1,9.575,9.55,11.0,0.20972469970703123,-0.83298,0.03101,-0.00312,0.09626,9.3503,85.8,162,2668
TLT261231P00088000,TLT,2026-12-31,90,P,88.0,13.58,77.4800033569336,10.7,10.95,10.825,10.0,2.3,0.2048419360351562,-0.86517,0.02753,-0.00104,0.08346,10.17,88.6,1,265
TLT261231P00089000,TLT,2026-12-31,90,P,89.0,14.87,77.4800033569336,11.7,11.95,11.825,10.27,2.1,0.21753712158203126,-0.87242,0.02495,-0.00108,0.08033,11.1551,89.4,4,200
TLT261231P00090000,TLT,2026-12-31,90,P,90.0,16.16,77.4800033569336,12.65,13.2,12.925,12.4,4.3,0.2617261328125,-0.84415,0.02375,-0.00485,0.09201,12.4115,87.3,73,225
TLT261231P00091000,TLT,2026-12-31,90,P,91.0,17.45,77.4800033569336,7.95,10.45,9.2,8.81,27.2,1.0000000000000003e-05,-1.0,0.0,0.00987,0.0,12.6269,100.0,5,81
TLT261231P00092000,TLT,2026-12-31,90,P,92.0,18.74,77.4800033569336,13.6,15.75,14.675,13.9,14.7,0.34668622070312494,-0.80356,0.02076,-0.01206,0.10655,14.9618,84.8,2,75
TLT261231P00093000,TLT,2026-12-31,90,P,93.0,20.03,77.4800033569336,14.4,16.2,15.3,14.95,11.8,0.2995675512695312,-0.86142,0.01918,-0.00515,0.08504,15.3689,89.2,122,176
TLT261231P00094000,TLT,2026-12-31,90,P,94.0,21.32,77.4800033569336,14.75,17.95,16.35,15.79,19.6,0.3930724755859375,-0.80013,0.01851,-0.01484,0.10767,17.1399,85.0,1,57
TLT261231P00095000,TLT,2026-12-31,90,P,95.0,22.61,77.4800033569336,17.55,17.85,17.7,17.11,1.7,0.270515107421875,-0.91575,0.01485,0.0007,0.05947,16.9682,93.5,5,124
TLT261231P00096000,TLT,2026-12-31,90,P,96.0,23.9,77.4800033569336,12.7,15.3,14.0,12.65,18.6,1.0000000000000003e-05,-1.0,0.0,0.01042,0.0,17.5778,100.0,1,101
TLT270115C00060000,TLT,2027-01-15,105,C,60.0,-22.56,77.4800033569336,15.55,19.7,17.625,17.31,23.5,0.5560347131347658,0.85199,0.01,-0.03045,0.09603,20.1983,77.2,120,222
TLT270115C00062000,TLT,2027-01-15,105,C,62.0,-19.98,77.4800033569336,13.65,17.75,15.7,20.35,26.1,0.5133105310058592,0.83867,0.01147,-0.02997,0.10166,18.2588,76.2,45,0
TLT270115C00064000,TLT,2027-01-15,105,C,64.0,-17.4,77.4800033569336,12.5,14.55,13.525,18.35,15.2,0.3491276025390625,0.88016,0.01377,-0.01962,0.08305,15.1413,83.9,15,0
TLT270115C00065000,TLT,2027-01-15,105,C,65.0,-16.11,77.4800033569336,11.9,14.45,13.175,12.5,19.4,0.41663181030273433,0.82874,0.01469,-0.02636,0.10566,14.9904,76.6,34,65
TLT270115C00067000,TLT,2027-01-15,105,C,67.0,-13.53,77.4800033569336,9.65,12.65,11.15,13.93,26.9,0.38843385009765624,0.80427,0.01712,-0.02662,0.11484,13.1886,74.2,1,1
TLT270115C00069000,TLT,2027-01-15,105,C,69.0,-10.94,77.4800033569336,8.45,10.15,9.3,14.11,18.3,0.30249720947265624,0.80689,0.0218,-0.02208,0.1139,10.7214,75.9,0,1
TLT270115C00070000,TLT,2027-01-15,105,C,70.0,-9.65,77.4800033569336,7.75,8.25,8.0,8.25,6.2,0.20313296874999998,0.86257,0.02604,-0.01518,0.09134,8.8989,83.7,12,1002
TLT270115C00071000,TLT,2027-01-15,105,C,71.0,-8.36,77.4800033569336,6.85,8.35,7.6,10.87,19.7,0.2739330419921875,0.77224,0.02653,-0.02195,0.12549,8.9106,72.6,1,1
TLT270115C00072000,TLT,2027-01-15,105,C,72.0,-7.07,77.4800033569336,6.0,6.35,6.175,6.2,5.7,0.17408052490234377,0.83035,0.03493,-0.01499,0.10502,6.9884,80.6,1784,1948
TLT270115C00073000,TLT,2027-01-15,105,C,73.0,-5.78,77.4800033569336,5.35,5.45,5.4,5.65,1.9,0.16211775390625,0.80532,0.04088,-0.01501,0.11446,6.0728,78.0,2,57
TLT270115C00074000,TLT,2027-01-15,105,C,74.0,-4.49,77.4800033569336,4.65,4.7,4.675,4.85,1.1,0.15943223388671873,0.76261,0.04664,-0.01564,0.12842,5.2904,73.5,12,663
TLT270115C00075000,TLT,2027-01-15,105,C,75.0,-3.2,77.4800033569336,3.95,4.0,3.975,3.98,1.3,0.1568687829589844,0.71413,0.05216,-0.01612,0.14129,4.5534,68.5,539,10218
TLT270115C00076000,TLT,2027-01-15,105,C,76.0,-1.91,77.4800033569336,3.3,3.35,3.325,3.4,1.5,0.15406119384765626,0.66055,0.0572,-0.01635,0.15217,3.8619,63.0,45,343
TLT270115C00077000,TLT,2027-01-15,105,C,77.0,-0.62,77.4800033569336,2.76,2.79,2.775,2.78,1.1,0.1530846411132813,0.60137,0.06068,-0.01644,0.16041,3.2537,56.9,945,2937
TLT270115C00078000,TLT,2027-01-15,105,C,78.0,0.67,77.4800033569336,2.26,2.28,2.27,2.27,0.9,0.1514977429199219,0.5398,0.06305,-0.01619,0.16496,2.6955,50.7,1523,6414
TLT270115C00079000,TLT,2027-01-15,105,C,79.0,1.96,77.4800033569336,1.8,1.84,1.82,1.85,2.2,0.15027705200195315,0.47688,0.06377,-0.01565,0.16551,2.2046,44.5,2047,15400
TLT270115C00080000,TLT,2027-01-15,105,C,80.0,3.25,77.4800033569336,1.45,1.47,1.46,1.46,1.4,0.14966670654296876,0.41479,0.06267,-0.01487,0.16199,1.7852,38.4,3031,71498
TLT270115C00081000,TLT,2027-01-15,105,C,81.0,4.54,77.4800033569336,1.13,1.15,1.14,1.19,1.8,0.1485680847167969,0.35446,0.06027,-0.01379,0.15463,1.4175,32.5,207,9832
TLT270115C00082000,TLT,2027-01-15,105,C,82.0,5.83,77.4800033569336,0.89,0.9,0.895,0.9,1.1,0.14869015380859374,0.29917,0.0562,-0.01263,0.14431,1.1245,27.2,2538,29971
TLT270115C00083000,TLT,2027-01-15,105,C,83.0,7.12,77.4800033569336,0.69,0.7,0.695,0.69,1.4,0.14905636108398437,0.24922,0.05122,-0.01138,0.13184,0.8846,22.5,244,31438
TLT270115C00084000,TLT,2027-01-15,105,C,84.0,8.42,77.4800033569336,0.53,0.55,0.54,0.55,3.7,0.1506432592773438,0.20691,0.04564,-0.0102,0.11872,0.7027,18.5,82,14984
TLT270115C00085000,TLT,2027-01-15,105,C,85.0,9.71,77.4800033569336,0.41,0.43,0.42,0.43,4.8,0.15210808837890627,0.17015,0.04006,-0.00901,0.10522,0.554,15.0,1729,130394
TLT270115C00086000,TLT,2027-01-15,105,C,86.0,11.0,77.4800033569336,0.33,0.34,0.335,0.33,3.0,0.15430533203125002,0.14004,0.03472,-0.00794,0.09251,0.4414,12.2,157,26225
TLT270115C00087000,TLT,2027-01-15,105,C,87.0,12.29,77.4800033569336,0.25,0.26,0.255,0.26,3.9,0.15528188476562502,0.11282,0.02967,-0.0068,0.07957,0.3414,9.8,816,36005
TLT270115C00088000,TLT,2027-01-15,105,C,88.0,13.58,77.4800033569336,0.2,0.21,0.205,0.21,4.9,0.15821154296875,0.09303,0.02531,-0.00597,0.06916,0.2758,8.0,262,23604
TLT270115C00089000,TLT,2027-01-15,105,C,89.0,14.87,77.4800033569336,0.17,0.18,0.175,0.17,5.7,0.16309430664062502,0.07937,0.0218,-0.00542,0.06141,0.2352,6.7,96,11392
TLT270115C00090000,TLT,2027-01-15,105,C,90.0,16.16,77.4800033569336,0.14,0.15,0.145,0.15,6.9,0.16700051757812504,0.06693,0.01869,-0.00483,0.0539,0.1969,5.6,3030,146821
TLT270115C00091000,TLT,2027-01-15,105,C,91.0,17.45,77.4800033569336,0.12,0.13,0.125,0.14,8.0,0.17188328125000002,0.05777,0.01619,-0.00441,0.04806,0.1705,4.8,158,16430
TLT270115C00092000,TLT,2027-01-15,105,C,92.0,18.74,77.4800033569336,0.1,0.11,0.105,0.11,9.5,0.1757894921875,0.0492,0.01394,-0.00394,0.04231,0.1447,4.0,506,40295
TLT270115C00093000,TLT,2027-01-15,105,C,93.0,20.03,77.4800033569336,0.08,0.1,0.09,0.08,22.2,0.18164880859375,0.04389,0.01231,-0.0037,0.03861,0.1309,3.6,8253,14886
TLT270115C00094000,TLT,2027-01-15,105,C,94.0,21.32,77.4800033569336,0.07,0.08,0.075,0.08,13.3,0.18311363769531247,0.0358,0.01034,-0.00314,0.03271,0.1045,2.9,205,8974
TLT270115C00095000,TLT,2027-01-15,105,C,95.0,22.61,77.4800033569336,0.06,0.08,0.07,0.07,28.6,0.1914143359375,0.03421,0.00953,-0.00315,0.03151,0.1036,2.7,1346,76439
TLT270115C00096000,TLT,2027-01-15,105,C,96.0,23.9,77.4800033569336,0.06,0.07,0.065,0.07,15.4,0.195320546875,0.0298,0.00834,-0.00286,0.02812,0.0903,2.3,205,18818
TLT270115P00060000,TLT,2027-01-15,105,P,60.0,-22.56,77.4800033569336,0.05,0.07,0.06,0.07,33.3,0.23535920898437498,-0.01464,0.00379,-0.0016,0.01541,0.0528,2.0,1,27364
TLT270115P00061000,TLT,2027-01-15,105,P,61.0,-21.27,77.4800033569336,0.06,0.08,0.07,0.08,28.6,0.22657023437499998,-0.01686,0.00445,-0.00173,0.0174,0.0594,2.3,111,254
TLT270115P00062000,TLT,2027-01-15,105,P,62.0,-19.98,77.4800033569336,0.08,0.09,0.085,0.1,11.8,0.21778125976562498,-0.01946,0.00523,-0.00187,0.01966,0.067,2.6,122,132
TLT270115P00063000,TLT,2027-01-15,105,P,63.0,-18.69,77.4800033569336,0.09,0.11,0.1,0.11,20.0,0.21192194335937498,-0.02395,0.0064,-0.00215,0.02343,0.0824,3.1,5,116
TLT270115P00064000,TLT,2027-01-15,105,P,64.0,-17.4,77.4800033569336,0.12,0.13,0.125,0.16,8.0,0.20459779785156246,-0.02862,0.0077,-0.0024,0.02719,0.0973,3.7,305,599
TLT270115P00065000,TLT,2027-01-15,105,P,65.0,-16.11,77.4800033569336,0.15,0.16,0.155,0.15,6.5,0.19873848144531248,-0.03523,0.00941,-0.00274,0.03228,0.1198,4.4,33,14088
TLT270115P00066000,TLT,2027-01-15,105,P,66.0,-14.82,77.4800033569336,0.18,0.2,0.19,0.24,10.5,0.19336744140625,-0.04372,0.01152,-0.00316,0.03849,0.1494,5.4,1974,1742
TLT270115P00067000,TLT,2027-01-15,105,P,67.0,-13.53,77.4800033569336,0.23,0.25,0.24,0.24,8.3,0.188484677734375,-0.05459,0.01412,-0.00364,0.04595,0.1884,6.7,20,95
TLT270115P00068000,TLT,2027-01-15,105,P,68.0,-12.24,77.4800033569336,0.29,0.31,0.3,0.3,6.7,0.18311363769531247,-0.06744,0.01714,-0.00413,0.05422,0.2345,8.1,57,796
TLT270115P00069000,TLT,2027-01-15,105,P,69.0,-10.94,77.4800033569336,0.38,0.4,0.39,0.34,5.1,0.179695703125,-0.0853,0.02089,-0.00479,0.06484,0.3041,10.1,10,253
TLT270115P00070000,TLT,2027-01-15,105,P,70.0,-9.65,77.4800033569336,0.48,0.5,0.49,0.49,4.1,0.17517914672851562,-0.10565,0.02509,-0.00539,0.0759,0.3833,12.4,1264,89292
TLT270115P00071000,TLT,2027-01-15,105,P,71.0,-8.36,77.4800033569336,0.62,0.64,0.63,0.61,3.2,0.17212741943359378,-0.13203,0.02989,-0.00611,0.08886,0.4945,15.3,2566,1513
TLT270115P00072000,TLT,2027-01-15,105,P,72.0,-7.07,77.4800033569336,0.79,0.81,0.8,0.79,2.5,0.1690756921386719,-0.16326,0.03509,-0.00679,0.10245,0.6327,18.7,18,456
TLT270115P00073000,TLT,2027-01-15,105,P,73.0,-5.78,77.4800033569336,1.01,1.03,1.02,1.0,2.0,0.16700051757812504,-0.20096,0.04046,-0.00748,0.11668,0.814,22.7,100,10862
TLT270115P00074000,TLT,2027-01-15,105,P,74.0,-4.49,77.4800033569336,1.27,1.29,1.28,1.27,1.6,0.1645591357421875,-0.24347,0.04582,-0.00802,0.1302,1.0301,27.2,456,9154
TLT270115P00075000,TLT,2027-01-15,105,P,75.0,-3.2,77.4800033569336,1.59,1.61,1.6,1.61,1.3,0.16297223754882814,-0.29201,0.05071,-0.00845,0.14271,1.302,32.3,639,52168
TLT270115P00076000,TLT,2027-01-15,105,P,76.0,-1.91,77.4800033569336,1.96,1.99,1.975,1.97,1.5,0.16162947753906248,-0.34511,0.05486,-0.00868,0.15313,1.628,37.8,30,5712
TLT270115P00077000,TLT,2027-01-15,105,P,77.0,-0.62,77.4800033569336,2.39,2.42,2.405,2.4,1.2,0.15992051025390625,-0.40149,0.05819,-0.00861,0.16071,2.0025,43.5,164,63248
TLT270115P00078000,TLT,2027-01-15,105,P,78.0,0.67,77.4800033569336,2.9,2.93,2.915,2.87,1.0,0.15943223388671873,-0.46053,0.05992,-0.00835,0.16497,2.454,49.5,343,19425
TLT270115P00079000,TLT,2027-01-15,105,P,79.0,1.96,77.4800033569336,3.45,3.5,3.475,3.41,1.4,0.15894395751953128,-0.52006,0.06032,-0.00779,0.16558,2.9642,55.4,117,12103
TLT270115P00080000,TLT,2027-01-15,105,P,80.0,3.25,77.4800033569336,4.1,4.15,4.125,4.07,1.2,0.15992051025390625,-0.57774,0.05889,-0.00709,0.16263,3.5563,61.1,538,122579
TLT270115P00081000,TLT,2027-01-15,105,P,81.0,4.54,77.4800033569336,4.8,4.85,4.825,4.75,1.0,0.16089706298828127,-0.63245,0.05635,-0.00616,0.15656,4.2027,66.4,720,13109
TLT270115P00082000,TLT,2027-01-15,105,P,82.0,5.83,77.4800033569336,5.4,5.6,5.5,5.5,3.6,0.16199568481445312,-0.68321,0.0529,-0.00508,0.14798,4.9009,71.3,2776,37170
TLT270115P00083000,TLT,2027-01-15,105,P,83.0,7.12,77.4800033569336,6.25,6.5,6.375,6.25,3.9,0.17163914306640626,-0.71788,0.04737,-0.00475,0.1404,5.7629,74.8,2101,13206
TLT270115P00084000,TLT,2027-01-15,105,P,84.0,8.42,77.4800033569336,7.1,7.3,7.2,7.03,2.8,0.17127293579101563,-0.76064,0.04361,-0.00335,0.129,6.5177,78.8,74,31910
TLT270115P00085000,TLT,2027-01-15,105,P,85.0,9.71,77.4800033569336,8.0,8.35,8.175,7.9,4.3,0.19043778320312502,-0.77131,0.03825,-0.00403,0.12578,7.5475,80.1,833,117074
TLT270115P00086000,TLT,2027-01-15,105,P,86.0,11.0,77.4800033569336,8.9,9.15,9.025,8.94,2.8,0.18628743408203124,-0.81031,0.03502,-0.0022,0.11266,8.3075,83.6,46,12366
TLT270115P00087000,TLT,2027-01-15,105,P,87.0,12.29,77.4800033569336,9.9,10.0,9.95,9.8,1.0,0.18360191406249998,-0.84393,0.03137,-0.00053,0.09947,9.1208,86.6,81,24615
TLT270115P00088000,TLT,2027-01-15,105,P,88.0,13.58,77.4800033569336,10.65,11.15,10.9,10.7,4.6,0.2124102197265625,-0.83136,0.02852,-0.0024,0.10462,10.2675,85.8,20,14211
TLT270115P00089000,TLT,2027-01-15,105,P,89.0,14.87,77.4800033569336,11.7,11.95,11.825,11.78,2.1,0.2016681396484375,-0.86887,0.02539,9e-05,0.08844,11.0283,89.1,76,3884
TLT270115P00090000,TLT,2027-01-15,105,P,90.0,16.16,77.4800033569336,12.75,12.9,12.825,12.8,1.2,0.20655090332031245,-0.88353,0.02282,0.00081,0.08139,11.9569,90.4,134,50478
TLT270115P00091000,TLT,2027-01-15,105,P,91.0,17.45,77.4800033569336,13.65,13.95,13.8,13.71,2.2,0.2243729907226562,-0.88114,0.02131,8e-05,0.08257,12.9962,90.3,18,9318
TLT270115P00092000,TLT,2027-01-15,105,P,92.0,18.74,77.4800033569336,14.65,14.85,14.75,14.72,1.4,0.22071091796874998,-0.90227,0.01881,0.00164,0.07171,13.87,92.1,15,2622
TLT270115P00093000,TLT,2027-01-15,105,P,93.0,20.03,77.4800033569336,14.45,15.95,15.2,15.66,9.9,0.24585715087890625,-0.89091,0.01829,0.00011,0.07767,14.9648,91.4,20,1902
TLT270115P00094000,TLT,2027-01-15,105,P,94.0,21.32,77.4800033569336,14.85,16.9,15.875,16.64,12.9,0.249030947265625,-0.90218,0.01669,0.00089,0.07176,15.8966,92.3,38,288
TLT270115P00095000,TLT,2027-01-15,105,P,95.0,22.61,77.4800033569336,17.45,17.95,17.7,17.64,2.8,0.266608896484375,-0.89861,0.016,0.00013,0.07367,16.9363,92.2,168,8502
TLT270115P00096000,TLT,2027-01-15,105,P,96.0,23.9,77.4800033569336,18.65,18.9,18.775,18.65,1.3,0.2688061401367187,-0.90901,0.01466,0.00097,0.06803,17.8674,93.0,4,2906
TLT270219C00064000,TLT,2027-02-19,140,C,64.0,-17.4,77.4800033569336,12.5,15.75,14.125,19.71,23.0,0.40430283203125,0.8289,0.0131,-0.02284,0.12193,16.4587,75.8,0,0
TLT270219C00065000,TLT,2027-02-19,140,C,65.0,-16.11,77.4800033569336,15.0,19.9,17.45,17.0,28.1,0.5701947277832031,0.76343,0.01127,-0.03464,0.148,18.0455,64.2,5,0
TLT270219C00070000,TLT,2027-02-19,140,C,70.0,-9.65,77.4800033569336,7.95,8.5,8.225,8.25,6.7,0.19617503051757812,0.84676,0.02512,-0.01412,0.11348,9.3399,81.6,2,23
TLT270219C00072000,TLT,2027-02-19,140,C,72.0,-7.07,77.4800033569336,6.4,6.8,6.6,6.69,6.1,0.18225915405273438,0.80017,0.032,-0.0147,0.13427,7.6064,76.7,11,42
TLT270219C00073000,TLT,2027-02-19,140,C,73.0,-5.78,77.4800033569336,5.65,5.8,5.725,5.45,2.6,0.16358258300781253,0.78523,0.0372,-0.01413,0.14012,6.6009,75.4,40,72
TLT270219C00074000,TLT,2027-02-19,140,C,74.0,-4.49,77.4800033569336,4.95,5.05,5.0,5.05,2.0,0.15943223388671873,0.74862,0.04166,-0.01443,0.15293,5.8156,71.6,11,291
TLT270219C00075000,TLT,2027-02-19,140,C,75.0,-3.2,77.4800033569336,4.3,4.35,4.325,4.8,1.2,0.1557701611328125,0.70695,0.04602,-0.01463,0.16506,5.073,67.3,26,584
TLT270219C00076000,TLT,2027-02-19,140,C,76.0,-1.91,77.4800033569336,3.65,3.75,3.7,3.79,2.7,0.1550377465820313,0.6586,0.04933,-0.01486,0.1761,4.4223,62.3,15,94
TLT270219C00077000,TLT,2027-02-19,140,C,77.0,-0.62,77.4800033569336,3.1,3.2,3.15,3.2,3.2,0.15418326293945314,0.60776,0.05194,-0.0149,0.18441,3.8192,57.1,24,625
TLT270219C00078000,TLT,2027-02-19,140,C,78.0,0.67,77.4800033569336,2.63,2.67,2.65,2.7,1.5,0.15161981201171876,0.55532,0.05431,-0.01463,0.18959,3.235,51.8,162,1747
TLT270219C00079000,TLT,2027-02-19,140,C,79.0,1.96,77.4800033569336,2.19,2.23,2.21,2.22,1.8,0.15088739746093754,0.5012,0.0551,-0.01427,0.19143,2.7375,46.4,25,2978
TLT270219C00080000,TLT,2027-02-19,140,C,80.0,3.25,77.4800033569336,1.8,1.83,1.815,1.82,1.7,0.14954463745117189,0.44685,0.0551,-0.01368,0.18973,2.2814,41.1,134,2682
TLT270219C00081000,TLT,2027-02-19,140,C,81.0,4.54,77.4800033569336,1.46,1.5,1.48,1.51,2.7,0.14917843017578125,0.39411,0.05376,-0.01298,0.18465,1.8958,35.9,11,16664
TLT270219C00082000,TLT,2027-02-19,140,C,82.0,5.83,77.4800033569336,1.19,1.22,1.205,1.24,2.5,0.1489342919921875,0.34375,0.05148,-0.01214,0.17656,1.562,31.0,57,6876
TLT270219C00083000,TLT,2027-02-19,140,C,83.0,7.12,77.4800033569336,0.98,1.0,0.99,1.0,2.0,0.14991084472656252,0.2982,0.0482,-0.0113,0.16639,1.2948,26.7,29,6705
TLT270219C00084000,TLT,2027-02-19,140,C,84.0,8.42,77.4800033569336,0.78,0.81,0.795,0.89,3.8,0.1505211901855469,0.25606,0.04455,-0.01036,0.15442,1.0618,22.7,37,1697
TLT270219C00085000,TLT,2027-02-19,140,C,85.0,9.71,77.4800033569336,0.64,0.66,0.65,0.67,3.1,0.15174188110351564,0.21904,0.04056,-0.00944,0.14173,0.8738,19.2,71,2688
TLT270219C00086000,TLT,2027-02-19,140,C,86.0,11.0,77.4800033569336,0.51,0.54,0.525,0.52,5.7,0.15332877929687502,0.18684,0.0365,-0.00856,0.12888,0.7209,16.2,20,858
TLT270219C00087000,TLT,2027-02-19,140,C,87.0,12.29,77.4800033569336,0.42,0.44,0.43,0.42,4.7,0.15479360839843753,0.15845,0.03255,-0.00769,0.11601,0.5921,13.6,142,4079
TLT270219C00088000,TLT,2027-02-19,140,C,88.0,13.58,77.4800033569336,0.34,0.37,0.355,0.36,8.5,0.1577232666015625,0.13622,0.02886,-0.00701,0.10483,0.5004,11.6,818,10524
TLT270219C00089000,TLT,2027-02-19,140,C,89.0,14.87,77.4800033569336,0.29,0.3,0.295,0.32,3.4,0.159188095703125,0.11486,0.02539,-0.00622,0.09306,0.4103,9.7,80,8715
TLT270219C00090000,TLT,2027-02-19,140,C,90.0,16.16,77.4800033569336,0.24,0.25,0.245,0.24,4.1,0.16162947753906248,0.09799,0.02229,-0.00558,0.08297,0.344,8.2,272,26065
TLT270219C00091000,TLT,2027-02-19,140,C,91.0,17.45,77.4800033569336,0.2,0.21,0.205,0.21,4.9,0.16407085937500002,0.08363,0.01953,-0.005,0.07376,0.289,6.9,85,29168
TLT270219C00092000,TLT,2027-02-19,140,C,92.0,18.74,77.4800033569336,0.17,0.18,0.175,0.2,5.7,0.16724465576171876,0.07236,0.01716,-0.00453,0.06609,0.2482,5.9,1,9547
TLT270219C00093000,TLT,2027-02-19,140,C,93.0,20.03,77.4800033569336,0.14,0.16,0.15,0.16,13.3,0.1713950048828125,0.06395,0.01522,-0.0042,0.06008,0.2199,5.2,127,13430
TLT270219C00094000,TLT,2027-02-19,140,C,94.0,21.32,77.4800033569336,0.12,0.14,0.13,0.14,15.4,0.174812939453125,0.05599,0.01345,-0.00383,0.05414,0.192,4.5,174,9897
TLT270219C00095000,TLT,2027-02-19,140,C,95.0,22.61,77.4800033569336,0.1,0.12,0.11,0.13,18.2,0.17774259765625,0.04871,0.01184,-0.00347,0.04847,0.166,3.9,129,5863
TLT270219C00096000,TLT,2027-02-19,140,C,96.0,23.9,77.4800033569336,0.09,0.11,0.1,0.11,20.0,0.1821370849609375,0.04385,0.01062,-0.00325,0.04455,0.1506,3.4,100,1975
TLT270219P00060000,TLT,2027-02-19,140,P,60.0,-22.56,77.4800033569336,0.1,0.11,0.105,0.11,9.5,0.21973436523437498,-0.01972,0.00454,-0.00163,0.02296,0.0798,2.7,11,224
TLT270219P00061000,TLT,2027-02-19,140,P,61.0,-21.27,77.4800033569336,0.11,0.13,0.12,0.13,16.7,0.213875048828125,-0.02343,0.00539,-0.00182,0.02656,0.0943,3.2,312,322
TLT270219P00063000,TLT,2027-02-19,140,P,63.0,-18.69,77.4800033569336,0.16,0.18,0.17,0.19,11.8,0.2016681396484375,-0.03276,0.00756,-0.00224,0.03511,0.13,4.3,309,329
TLT270219P00064000,TLT,2027-02-19,140,P,64.0,-17.4,77.4800033569336,0.19,0.21,0.2,0.23,10.0,0.195320546875,-0.03858,0.00893,-0.00246,0.04015,0.1518,5.0,264,357
TLT270219P00065000,TLT,2027-02-19,140,P,65.0,-16.11,77.4800033569336,0.24,0.25,0.245,0.22,4.1,0.18946123046875002,-0.04588,0.01059,-0.00272,0.04619,0.1797,5.8,100,590
TLT270219P00066000,TLT,2027-02-19,140,P,66.0,-14.82,77.4800033569336,0.29,0.31,0.3,0.26,6.7,0.18579915771484373,-0.05654,0.01275,-0.00312,0.05456,0.2247,7.1,2,104
TLT270219P00067000,TLT,2027-02-19,140,P,67.0,-13.53,77.4800033569336,0.36,0.38,0.37,0.42,5.4,0.18164880859375,-0.06885,0.01521,-0.00351,0.06361,0.2768,8.5,95,107
TLT270219P00068000,TLT,2027-02-19,140,P,68.0,-12.24,77.4800033569336,0.44,0.47,0.455,0.52,6.6,0.1782308740234375,-0.08433,0.01809,-0.00397,0.07422,0.3455,10.3,95,151
TLT270219P00069000,TLT,2027-02-19,140,P,69.0,-10.94,77.4800033569336,0.55,0.58,0.565,0.54,5.3,0.174812939453125,-0.10267,0.02133,-0.00444,0.08585,0.4292,12.3,2,170
TLT270219P00070000,TLT,2027-02-19,140,P,70.0,-9.65,77.4800033569336,0.69,0.72,0.705,0.69,4.3,0.1720053503417969,-0.125,0.02494,-0.00495,0.09878,0.5368,14.8,108,578
TLT270219P00071000,TLT,2027-02-19,140,P,71.0,-8.36,77.4800033569336,0.85,0.88,0.865,0.84,3.5,0.1687094848632813,-0.15034,0.02884,-0.0054,0.11205,0.6615,17.6,6,227
TLT270219P00072000,TLT,2027-02-19,140,P,72.0,-7.07,77.4800033569336,1.05,1.08,1.065,1.04,2.8,0.16602396484375004,-0.18035,0.03298,-0.00585,0.12607,0.8186,20.9,14,1382
TLT270219P00073000,TLT,2027-02-19,140,P,73.0,-5.78,77.4800033569336,1.28,1.33,1.305,1.14,3.8,0.16431499755859375,-0.21566,0.03712,-0.0063,0.14046,1.0197,24.7,1,396
TLT270219P00074000,TLT,2027-02-19,140,P,74.0,-4.49,77.4800033569336,1.57,1.6,1.585,1.58,1.9,0.16138533935546873,-0.25358,0.04134,-0.00657,0.15364,1.2388,28.7,50,454
TLT270219P00075000,TLT,2027-02-19,140,P,75.0,-3.2,77.4800033569336,1.9,1.93,1.915,1.92,1.6,0.15931016479492188,-0.29648,0.04524,-0.00676,0.16595,1.5097,33.1,39,2655
TLT270219P00076000,TLT,2027-02-19,140,P,76.0,-1.91,77.4800033569336,2.28,2.32,2.3,2.26,1.7,0.1579063702392578,-0.34348,0.04854,-0.00684,0.1765,1.8358,38.0,4,1481
TLT270219P00077000,TLT,2027-02-19,140,P,77.0,-0.62,77.4800033569336,2.72,2.77,2.745,2.72,1.8,0.15699085205078128,-0.39345,0.05106,-0.00676,0.18456,2.2186,43.1,37,21485
TLT270219P00078000,TLT,2027-02-19,140,P,78.0,0.67,77.4800033569336,3.2,3.25,3.225,3.2,1.6,0.1549156774902344,-0.44505,0.05316,-0.00642,0.18961,2.6299,48.3,72,9145
TLT270219P00079000,TLT,2027-02-19,140,P,79.0,1.96,77.4800033569336,3.75,3.85,3.8,3.75,2.6,0.15631947204589847,-0.49752,0.05318,-0.00612,0.19143,3.1587,53.6,23,870
TLT270219P00080000,TLT,2027-02-19,140,P,80.0,3.25,77.4800033569336,4.35,4.45,4.4,4.4,2.3,0.1550377465820313,-0.54995,0.0532,-0.00544,0.18993,3.6876,58.8,6,19674
TLT270219P00081000,TLT,2027-02-19,140,P,81.0,4.54,77.4800033569336,5.05,5.15,5.1,4.99,2.0,0.15674671386718753,-0.59913,0.05139,-0.00482,0.18549,4.3226,63.6,251,8935
TLT270219P00082000,TLT,2027-02-19,140,P,82.0,5.83,77.4800033569336,5.8,5.9,5.85,5.75,1.7,0.1588218884277344,-0.64478,0.04886,-0.00411,0.17868,5.0091,68.1,72,1892
TLT270219P00083000,TLT,2027-02-19,140,P,83.0,7.12,77.4800033569336,6.4,6.65,6.525,6.49,3.8,0.15857775024414064,-0.68985,0.04637,-0.00311,0.16932,5.6966,72.4,964,5546
TLT270219P00084000,TLT,2027-02-19,140,P,84.0,8.42,77.4800033569336,7.15,7.6,7.375,7.36,6.1,0.1695639685058594,-0.71593,0.04166,-0.00305,0.16266,6.6052,75.0,41,5543
TLT270219P00085000,TLT,2027-02-19,140,P,85.0,9.71,77.4800033569336,7.5,8.45,7.975,7.73,11.9,0.1724936267089844,-0.74859,0.03851,-0.00225,0.15294,7.406,78.1,5,2356
TLT270219P00086000,TLT,2027-02-19,140,P,86.0,11.0,77.4800033569336,8.75,9.35,9.05,9.25,6.6,0.17774259765625,-0.77437,0.03522,-0.00167,0.14414,8.2659,80.6,10,1570
TLT270219P00087000,TLT,2027-02-19,140,P,87.0,12.29,77.4800033569336,9.9,10.15,10.025,9.45,2.5,0.17310397216796874,-0.81172,0.03249,-0.00013,0.12949,9.0127,83.9,1,6566
TLT270219P00088000,TLT,2027-02-19,140,P,88.0,13.58,77.4800033569336,9.85,11.2,10.525,10.85,12.8,0.18872881591796875,-0.81582,0.02939,-0.00058,0.12773,10.0431,84.5,20,937
TLT270219P00089000,TLT,2027-02-19,140,P,89.0,14.87,77.4800033569336,10.6,12.75,11.675,11.55,18.4,0.24414818359375,-0.77025,0.0259,-0.00488,0.14562,11.6204,81.4,2,192
TLT270219P00090000,TLT,2027-02-19,140,P,90.0,16.16,77.4800033569336,12.7,13.1,12.9,12.27,3.1,0.20069158691406247,-0.84603,0.02464,0.00033,0.11384,11.8815,87.4,1,259
TLT270219P00091000,TLT,2027-02-19,140,P,91.0,17.45,77.4800033569336,12.55,15.0,13.775,9.88,17.8,0.28601788208007806,-0.76816,0.02222,-0.00691,0.14635,13.8389,81.9,2,218
TLT270219P00092000,TLT,2027-02-19,140,P,92.0,18.74,77.4800033569336,14.5,15.65,15.075,10.05,7.6,0.270515107421875,-0.80231,0.02142,-0.00449,0.1334,14.4412,84.6,1,37
TLT270219P00093000,TLT,2027-02-19,140,P,93.0,20.03,77.4800033569336,13.75,16.25,15.0,11.0,16.7,0.24585715087890625,-0.84666,0.02006,-0.00114,0.11353,14.9854,88.0,2,207
TLT270219P00094000,TLT,2027-02-19,140,P,94.0,21.32,77.4800033569336,14.75,17.85,16.3,15.83,19.0,0.30811238769531246,-0.79872,0.01901,-0.00624,0.13486,16.6132,84.8,5,15
TLT270219P00095000,TLT,2027-02-19,140,P,95.0,22.61,77.4800033569336,17.4,17.95,17.675,18.17,3.1,0.23120885986328127,-0.89342,0.01657,0.00212,0.0882,16.6085,91.7,13,168
TLT270219P00096000,TLT,2027-02-19,140,P,96.0,23.9,77.4800033569336,12.75,15.3,14.025,12.74,18.2,1.0000000000000003e-05,-1.0,0.0,0.01036,0.0,17.0584,100.0,1,4
TLT270319C00060000,TLT,2027-03-19,168,C,60.0,-22.56,77.4800033569336,15.7,19.65,17.675,18.35,22.3,0.43628493408203123,0.85859,0.00977,-0.02034,0.1178,20.476,78.2,2,5
TLT270319C00065000,TLT,2027-03-19,168,C,65.0,-16.11,77.4800033569336,12.55,13.05,12.8,13.0,3.9,0.21363091064453127,0.92092,0.01312,-0.0112,0.07746,14.092,89.7,1,1
TLT270319C00070000,TLT,2027-03-19,168,C,70.0,-9.65,77.4800033569336,8.1,8.7,8.4,8.75,7.1,0.19300123413085937,0.83681,0.02429,-0.01349,0.12955,9.6876,80.2,11,67
TLT270319C00071000,TLT,2027-03-19,168,C,71.0,-8.36,77.4800033569336,7.3,7.95,7.625,7.7,8.5,0.19263502685546874,0.80908,0.02688,-0.0141,0.14307,8.9098,77.2,1,30
TLT270319C00072000,TLT,2027-03-19,168,C,72.0,-7.07,77.4800033569336,6.6,6.7,6.65,6.72,1.5,0.16028671752929688,0.81547,0.03163,-0.01276,0.14009,7.6875,78.5,5,98
TLT270319C00073000,TLT,2027-03-19,168,C,73.0,-5.78,77.4800033569336,5.85,5.95,5.9,6.25,1.7,0.15796740478515625,0.78264,0.03541,-0.01316,0.15457,6.8996,75.0,2,2
TLT270319C00074000,TLT,2027-03-19,168,C,74.0,-4.49,77.4800033569336,5.15,5.25,5.2,5.78,1.9,0.1563805065917969,0.74529,0.03904,-0.0135,0.16869,6.157,71.0,20,203
TLT270319C00075000,TLT,2027-03-19,168,C,75.0,-3.2,77.4800033569336,4.5,4.6,4.55,4.65,2.2,0.1550377465820313,0.70434,0.04238,-0.01376,0.18156,5.4573,66.7,31,806
TLT270319C00076000,TLT,2027-03-19,168,C,76.0,-1.91,77.4800033569336,3.9,4.0,3.95,4.4,2.5,0.15387809020996096,0.66031,0.04528,-0.0139,0.19254,4.803,62.1,13,225
TLT270319C00077000,TLT,2027-03-19,168,C,77.0,-0.62,77.4800033569336,3.35,3.45,3.4,3.49,2.9,0.15284050292968754,0.61384,0.04762,-0.0139,0.20111,4.1958,57.4,256,411
TLT270319C00078000,TLT,2027-03-19,168,C,78.0,0.67,77.4800033569336,2.87,2.92,2.895,2.93,1.7,0.15039912109375003,0.56588,0.04977,-0.01367,0.20684,3.6063,52.5,677,4153
TLT270319C00079000,TLT,2027-03-19,168,C,79.0,1.96,77.4800033569336,2.43,2.47,2.45,2.5,1.6,0.14936153381347655,0.5162,0.05077,-0.01336,0.20953,3.0932,47.6,1214,1190
TLT270319C00080000,TLT,2027-03-19,168,C,80.0,3.25,77.4800033569336,2.03,2.07,2.05,2.08,2.0,0.148446015625,0.46627,0.05094,-0.0129,0.20895,2.6311,42.6,1442,12748
TLT270319C00081000,TLT,2027-03-19,168,C,81.0,4.54,77.4800033569336,1.69,1.73,1.71,1.8,2.3,0.1480798083496094,0.41732,0.05015,-0.01234,0.20518,2.2285,37.9,3,10243
TLT270319C00082000,TLT,2027-03-19,168,C,82.0,5.83,77.4800033569336,1.41,1.45,1.43,1.45,2.8,0.14869015380859374,0.37103,0.04835,-0.01173,0.19865,1.8915,33.4,198,11589
TLT270319C00083000,TLT,2027-03-19,168,C,83.0,7.12,77.4800033569336,1.17,1.2,1.185,1.2,2.5,0.14881222290039062,0.32678,0.04611,-0.011,0.18961,1.5874,29.1,430,4775
TLT270319C00084000,TLT,2027-03-19,168,C,84.0,8.42,77.4800033569336,0.97,1.01,0.99,1.04,4.0,0.15039912109375003,0.28761,0.04313,-0.01032,0.17923,1.3494,25.4,405,3136
TLT270319C00085000,TLT,2027-03-19,168,C,85.0,9.71,77.4800033569336,0.8,0.83,0.815,0.83,3.7,0.1506432592773438,0.2498,0.04011,-0.00948,0.16697,1.1221,21.8,1039,12423
TLT270319C00086000,TLT,2027-03-19,168,C,86.0,11.0,77.4800033569336,0.68,0.71,0.695,0.72,4.3,0.15332877929687502,0.21949,0.03669,-0.00885,0.15543,0.9652,19.0,500,5703
TLT270319C00087000,TLT,2027-03-19,168,C,87.0,12.29,77.4800033569336,0.57,0.59,0.58,0.59,3.4,0.15454947021484378,0.19018,0.03342,-0.00809,0.14273,0.8104,16.3,31,14182
TLT270319C00088000,TLT,2027-03-19,168,C,88.0,13.58,77.4800033569336,0.49,0.49,0.49,0.49,0.0,0.1557701611328125,0.16411,0.03021,-0.00735,0.13003,0.6789,13.9,63,9513
TLT270319C00089000,TLT,2027-03-19,168,C,89.0,14.87,77.4800033569336,0.4,0.42,0.41,0.41,4.9,0.15845568115234376,0.14357,0.02718,-0.00677,0.11901,0.5849,12.1,870,2865
TLT270319C00090000,TLT,2027-03-19,168,C,90.0,16.16,77.4800033569336,0.35,0.36,0.355,0.34,2.8,0.16089706298828127,0.12528,0.02438,-0.0062,0.10838,0.5025,10.4,1819,25347
TLT270319C00091000,TLT,2027-03-19,168,C,91.0,17.45,77.4800033569336,0.29,0.31,0.3,0.33,6.7,0.16358258300781253,0.10975,0.02183,-0.00569,0.09868,0.435,9.0,160,6889
TLT270319C00092000,TLT,2027-03-19,168,C,92.0,18.74,77.4800033569336,0.25,0.27,0.26,0.2,7.7,0.16651224121093755,0.09662,0.01955,-0.00524,0.08996,0.3798,7.9,25,12203
TLT270319C00093000,TLT,2027-03-19,168,C,93.0,20.03,77.4800033569336,0.21,0.24,0.225,0.21,13.3,0.16993017578125003,0.08591,0.01756,-0.00486,0.08245,0.3368,6.9,15,15767
TLT270319C00094000,TLT,2027-03-19,168,C,94.0,21.32,77.4800033569336,0.18,0.21,0.195,0.2,15.4,0.17285983398437502,0.07601,0.01574,-0.00448,0.07517,0.2962,6.1,36,2623
TLT270319C00095000,TLT,2027-03-19,168,C,95.0,22.61,77.4800033569336,0.17,0.18,0.175,0.18,5.7,0.174812939453125,0.06625,0.014,-0.00405,0.06764,0.2548,5.2,2,2648
TLT270319C00096000,TLT,2027-03-19,168,C,96.0,23.9,77.4800033569336,0.14,0.16,0.15,0.15,13.3,0.17774259765625,0.05886,0.01256,-0.00374,0.06168,0.2256,4.6,110,1709
TLT270319P00060000,TLT,2027-03-19,168,P,60.0,-22.56,77.4800033569336,0.14,0.15,0.145,0.15,6.9,0.21192194335937498,-0.02395,0.00506,-0.00165,0.02964,0.1054,3.3,517,2198
TLT270319P00065000,TLT,2027-03-19,168,P,65.0,-16.11,77.4800033569336,0.33,0.34,0.335,0.34,3.0,0.18628743408203124,-0.05496,0.01135,-0.00275,0.05844,0.2398,7.0,189,3126
TLT270319P00069000,TLT,2027-03-19,168,P,69.0,-10.94,77.4800033569336,0.7,0.73,0.715,0.7,4.2,0.17237155761718753,-0.1137,0.02125,-0.00417,0.10121,0.527,13.8,135,364
TLT270319P00070000,TLT,2027-03-19,168,P,70.0,-9.65,77.4800033569336,0.86,0.89,0.875,0.87,3.4,0.1700522448730469,-0.13626,0.02444,-0.00458,0.11486,0.6494,16.3,1206,3831
TLT270319P00071000,TLT,2027-03-19,168,P,71.0,-8.36,77.4800033569336,1.03,1.06,1.045,1.03,2.9,0.16639017211914067,-0.1603,0.02785,-0.00489,0.12805,0.7777,18.9,5,487
TLT270319P00072000,TLT,2027-03-19,168,P,72.0,-7.07,77.4800033569336,1.24,1.28,1.26,1.28,3.2,0.1641929284667969,-0.18957,0.0314,-0.00525,0.14245,0.9492,22.1,933,1637
TLT270319P00073000,TLT,2027-03-19,168,P,73.0,-5.78,77.4800033569336,1.5,1.54,1.52,1.44,2.6,0.16223982299804687,-0.22261,0.03495,-0.00555,0.15669,1.1544,25.7,100,243
TLT270319P00074000,TLT,2027-03-19,168,P,74.0,-4.49,77.4800033569336,1.79,1.84,1.815,1.81,2.8,0.16028671752929688,-0.25905,0.03843,-0.00577,0.17018,1.3932,29.5,195,1155
TLT270319P00075000,TLT,2027-03-19,168,P,75.0,-3.2,77.4800033569336,2.12,2.17,2.145,2.13,2.3,0.1577232666015625,-0.2982,0.04182,-0.00584,0.18227,1.6579,33.6,100,4932
TLT270319P00076000,TLT,2027-03-19,168,P,76.0,-1.91,77.4800033569336,2.52,2.57,2.545,2.49,2.0,0.15650257568359377,-0.34159,0.04462,-0.00587,0.19295,1.9871,38.1,1058,1567
TLT270319P00077000,TLT,2027-03-19,168,P,77.0,-0.62,77.4800033569336,2.96,3.0,2.98,2.95,1.3,0.1544274011230469,-0.38689,0.04716,-0.00571,0.20122,2.3431,42.8,1775,47343
TLT270319P00078000,TLT,2027-03-19,168,P,78.0,0.67,77.4800033569336,3.45,3.5,3.475,3.47,1.4,0.15338981384277345,-0.4346,0.04881,-0.00545,0.20688,2.7652,47.6,239,11515
TLT270319P00079000,TLT,2027-03-19,168,P,79.0,1.96,77.4800033569336,4.0,4.05,4.025,3.97,1.2,0.15241326110839848,-0.4833,0.04975,-0.00505,0.20952,3.236,52.5,255,6012
TLT270319P00080000,TLT,2027-03-19,168,P,80.0,3.25,77.4800033569336,4.6,4.7,4.65,4.63,2.2,0.1540001593017578,-0.53104,0.04913,-0.00466,0.20907,3.8078,57.2,128,37125
TLT270319P00081000,TLT,2027-03-19,168,P,81.0,4.54,77.4800033569336,5.25,5.35,5.3,5.29,1.9,0.1534508483886719,-0.57843,0.0485,-0.004,0.20564,4.3812,61.9,307,5861
TLT270319P00082000,TLT,2027-03-19,168,P,82.0,5.83,77.4800033569336,5.95,6.05,6.0,5.95,1.7,0.15320671020507814,-0.62415,0.04712,-0.00325,0.19947,5.0055,66.3,1080,16380
TLT270319P00083000,TLT,2027-03-19,168,P,83.0,7.12,77.4800033569336,6.6,6.85,6.725,6.68,3.7,0.1563805065917969,-0.66352,0.0444,-0.00267,0.19183,5.7376,70.1,12,3176
TLT270319P00084000,TLT,2027-03-19,168,P,84.0,8.42,77.4800033569336,7.35,7.75,7.55,7.4,5.3,0.16394879028320314,-0.69331,0.04074,-0.0024,0.18457,6.5837,73.1,2,4007
TLT270319P00085000,TLT,2027-03-19,168,P,85.0,9.71,77.4800033569336,8.25,8.5,8.375,8.22,3.0,0.16089706298828127,-0.73413,0.03879,-0.00123,0.17246,7.2656,76.9,288,879
TLT270319P00086000,TLT,2027-03-19,168,P,86.0,11.0,77.4800033569336,8.95,9.5,9.225,9.0,6.0,0.1726156958007813,-0.75019,0.03501,-0.00131,0.16697,8.2278,78.6,405,11649
TLT270319P00087000,TLT,2027-03-19,168,P,87.0,12.29,77.4800033569336,9.95,10.3,10.125,10.07,3.5,0.16968603759765627,-0.785,0.03276,-0.00011,0.15359,8.9678,81.7,418,1895
TLT270319P00088000,TLT,2027-03-19,168,P,88.0,13.58,77.4800033569336,10.6,11.25,10.925,10.3,5.9,0.1763998376464844,-0.80238,0.02998,0.00023,0.1461,9.879,83.4,100,2502
TLT270319P00089000,TLT,2027-03-19,168,P,89.0,14.87,77.4800033569336,11.25,12.15,11.7,11.38,7.7,0.1782308740234375,-0.82476,0.02754,0.00099,0.13562,10.7337,85.4,1000,1135
TLT270319P00090000,TLT,2027-03-19,168,P,90.0,16.16,77.4800033569336,12.65,13.05,12.85,12.65,3.1,0.178719150390625,-0.84683,0.02517,0.00185,0.12428,11.5884,87.4,423,744
TLT270319P00091000,TLT,2027-03-19,168,P,91.0,17.45,77.4800033569336,12.95,14.1,13.525,12.85,8.5,0.19263502685546874,-0.84719,0.02331,0.00146,0.12408,12.6201,87.6,50,0
TLT270319P00092000,TLT,2027-03-19,168,P,92.0,18.74,77.4800033569336,13.55,15.7,14.625,13.1,14.7,0.25086198364257806,-0.79274,0.02169,-0.00293,0.15032,14.2656,83.8,2,357
TLT270319P00093000,TLT,2027-03-19,168,P,93.0,20.03,77.4800033569336,14.5,17.15,15.825,12.39,16.7,0.2921213366699218,-0.76708,0.01991,-0.00574,0.16074,15.7234,82.3,8,286
TLT270319P00094000,TLT,2027-03-19,168,P,94.0,21.32,77.4800033569336,14.75,16.9,15.825,15.2,13.6,0.19727365234375,-0.89244,0.01784,0.00355,0.09726,15.3125,91.5,100,18
TLT270319P00095000,TLT,2027-03-19,168,P,95.0,22.61,77.4800033569336,15.95,18.6,17.275,17.21,15.3,0.27197993652343744,-0.81931,0.0184,-0.00236,0.13826,17.0779,86.4,13,145
TLT270319P00096000,TLT,2027-03-19,168,P,96.0,23.9,77.4800033569336,0.0,0.0,11.27,11.27,,1.0000000000000003e-05,-1.0,0.0,0.01033,0.0,16.7687,100.0,0,0
TLT270331C00065000,TLT,2027-03-31,180,C,65.0,-16.11,77.4800033569336,11.6,14.85,13.225,13.57,24.6,0.3455875988769531,0.82286,0.01381,-0.01883,0.14134,15.7728,75.3,2,5
TLT270331C00070000,TLT,2027-03-31,180,C,70.0,-9.65,77.4800033569336,8.25,9.85,9.05,8.35,17.7,0.2557447473144532,0.77784,0.0214,-0.01693,0.16201,10.7942,72.1,2,125
TLT270331C00072000,TLT,2027-03-31,180,C,72.0,-7.07,77.4800033569336,6.7,6.8,6.75,6.83,1.5,0.1607749938964844,0.81081,0.03094,-0.0126,0.14726,7.8467,77.9,1,34
TLT270331C00073000,TLT,2027-03-31,180,C,73.0,-5.78,77.4800033569336,5.95,6.05,6.0,6.22,1.7,0.15821154296875,0.77911,0.03448,-0.01294,0.16148,7.06,74.5,1,150
TLT270331C00074000,TLT,2027-03-31,180,C,74.0,-4.49,77.4800033569336,5.3,5.35,5.325,5.4,0.9,0.1562584375,0.74326,0.0379,-0.01323,0.17534,6.3153,70.7,17,32
TLT270331C00075000,TLT,2027-03-31,180,C,75.0,-3.2,77.4800033569336,4.65,4.75,4.7,4.7,2.1,0.15711292114257813,0.70153,0.04058,-0.01357,0.18874,5.6597,66.2,7,125
TLT270331C00076000,TLT,2027-03-31,180,C,76.0,-1.91,77.4800033569336,4.05,4.1,4.075,4.0,1.2,0.15338981384277345,0.66131,0.04384,-0.01355,0.19907,4.9581,62.1,2,44
TLT270331C00077000,TLT,2027-03-31,180,C,77.0,-0.62,77.4800033569336,3.5,3.55,3.525,3.55,1.4,0.15223015747070315,0.61643,0.0461,-0.01354,0.20775,4.348,57.5,111,205
TLT270331C00078000,TLT,2027-03-31,180,C,78.0,0.67,77.4800033569336,3.0,3.05,3.025,3.23,1.7,0.15125360473632815,0.56979,0.04773,-0.0134,0.21373,3.7867,52.8,24,891
TLT270331C00079000,TLT,2027-03-31,180,C,79.0,1.96,77.4800033569336,2.54,2.6,2.57,2.75,2.3,0.15033808654785158,0.52217,0.0487,-0.01313,0.21673,3.2729,48.0,21,1670
TLT270331C00080000,TLT,2027-03-31,180,C,80.0,3.25,77.4800033569336,2.15,2.2,2.175,2.19,2.3,0.14954463745117189,0.47431,0.04893,-0.01272,0.21661,2.8082,43.3,80,1107
TLT270331C00081000,TLT,2027-03-31,180,C,81.0,4.54,77.4800033569336,1.8,1.85,1.825,2.12,2.7,0.14905636108398437,0.42714,0.04837,-0.0122,0.21343,2.3962,38.7,22,398
TLT270331C00082000,TLT,2027-03-31,180,C,82.0,5.83,77.4800033569336,1.51,1.55,1.53,1.57,2.6,0.14887325744628904,0.38156,0.04706,-0.01159,0.20743,2.0352,34.2,33,786
TLT270331C00083000,TLT,2027-03-31,180,C,83.0,7.12,77.4800033569336,1.26,1.31,1.285,1.33,3.9,0.14984981018066407,0.33946,0.04491,-0.01099,0.19924,1.7395,30.2,19,1339
TLT270331C00084000,TLT,2027-03-31,180,C,84.0,8.42,77.4800033569336,1.06,1.1,1.08,1.13,3.7,0.1506432592773438,0.3,0.04242,-0.0103,0.18918,1.4777,26.4,1,1854
TLT270331C00085000,TLT,2027-03-31,180,C,85.0,9.71,77.4800033569336,0.89,0.93,0.91,0.95,4.4,0.15210808837890627,0.26464,0.03955,-0.00963,0.17809,1.2621,23.1,83,2596
TLT270331C00086000,TLT,2027-03-31,180,C,86.0,11.0,77.4800033569336,0.75,0.78,0.765,0.81,3.9,0.1530846411132813,0.23171,0.03661,-0.00891,0.1659,1.0678,20.0,5,1458
TLT270331C00087000,TLT,2027-03-31,180,C,87.0,12.29,77.4800033569336,0.63,0.66,0.645,0.69,4.7,0.15479360839843753,0.20319,0.03356,-0.00824,0.15378,0.912,17.4,150,959
TLT270331C00088000,TLT,2027-03-31,180,C,88.0,13.58,77.4800033569336,0.54,0.56,0.55,0.55,3.6,0.15650257568359377,0.17774,0.03057,-0.00758,0.14164,0.7784,15.1,1,8310
TLT270331C00089000,TLT,2027-03-31,180,C,89.0,14.87,77.4800033569336,0.46,0.48,0.47,0.49,4.3,0.1588218884277344,0.1562,0.02772,-0.007,0.13031,0.6721,13.1,9,3764
TLT270331C00090000,TLT,2027-03-31,180,C,90.0,16.16,77.4800033569336,0.4,0.41,0.405,0.4,2.5,0.16089706298828127,0.13684,0.02503,-0.00643,0.11924,0.5783,11.4,1121,44239
TLT270331C00091000,TLT,2027-03-31,180,C,91.0,17.45,77.4800033569336,0.33,0.36,0.345,0.36,8.7,0.1638267211914063,0.12119,0.0226,-0.00596,0.1096,0.5075,10.0,105,2091
TLT270331C00092000,TLT,2027-03-31,180,C,92.0,18.74,77.4800033569336,0.29,0.31,0.3,0.32,6.7,0.16602396484375004,0.10642,0.02033,-0.00546,0.0999,0.4394,8.7,70,3864
TLT270331C00093000,TLT,2027-03-31,180,C,93.0,20.03,77.4800033569336,0.25,0.27,0.26,0.26,7.7,0.16846534667968754,0.09385,0.01827,-0.00502,0.09114,0.3834,7.6,12,893
TLT270331C00094000,TLT,2027-03-31,180,C,94.0,21.32,77.4800033569336,0.22,0.24,0.23,0.21,8.7,0.17163914306640626,0.08386,0.01649,-0.00467,0.08381,0.3415,6.7,3,207
TLT270331C00095000,TLT,2027-03-31,180,C,95.0,22.61,77.4800033569336,0.19,0.21,0.2,0.2,10.0,0.17408052490234377,0.07422,0.01483,-0.00429,0.07641,0.2997,5.9,25,354
TLT270331C00096000,TLT,2027-03-31,180,C,96.0,23.9,77.4800033569336,0.17,0.19,0.18,0.18,11.1,0.17749845947265624,0.06695,0.01343,-0.00402,0.07059,0.2705,5.2,1000,1066
TLT270331P00065000,TLT,2027-03-31,180,P,65.0,-16.11,77.4800033569336,0.35,0.37,0.36,0.31,5.6,0.18384605224609374,-0.05731,0.01149,-0.00268,0.06253,0.2576,7.4,2,1059
TLT270331P00070000,TLT,2027-03-31,180,P,70.0,-9.65,77.4800033569336,0.9,0.94,0.92,0.92,4.3,0.16785500122070315,-0.13839,0.02418,-0.00435,0.12016,0.6772,16.6,10,123
TLT270331P00072000,TLT,2027-03-31,180,P,72.0,-7.07,77.4800033569336,1.31,1.34,1.325,1.41,2.3,0.16211775390625,-0.19092,0.03086,-0.00494,0.14809,0.9802,22.3,1,2611
TLT270331P00073000,TLT,2027-03-31,180,P,73.0,-5.78,77.4800033569336,1.56,1.6,1.58,1.55,2.5,0.16004257934570312,-0.22313,0.03428,-0.0052,0.16241,1.1837,25.8,13,99
TLT270331P00074000,TLT,2027-03-31,180,P,74.0,-4.49,77.4800033569336,1.85,1.9,1.875,1.85,2.7,0.15796740478515625,-0.25864,0.03764,-0.00537,0.17601,1.4199,29.6,5,72
TLT270331P00075000,TLT,2027-03-31,180,P,75.0,-3.2,77.4800033569336,2.2,2.25,2.225,2.2,2.2,0.15631947204589847,-0.29773,0.04074,-0.00547,0.18853,1.6997,33.7,30,5510
TLT270331P00076000,TLT,2027-03-31,180,P,76.0,-1.91,77.4800033569336,2.58,2.63,2.605,2.56,1.9,0.15406119384765626,-0.33918,0.04367,-0.00542,0.19918,2.0069,38.0,6,517
TLT270331P00077000,TLT,2027-03-31,180,P,77.0,-0.62,77.4800033569336,3.0,3.1,3.05,2.86,3.3,0.1538170556640625,-0.38432,0.04565,-0.00536,0.20787,2.3969,42.6,216,562
TLT270331P00078000,TLT,2027-03-31,180,P,78.0,0.67,77.4800033569336,3.5,3.6,3.55,3.15,2.8,0.15284050292968754,-0.43049,0.04724,-0.00511,0.21376,2.817,47.3,3,113
TLT270331P00079000,TLT,2027-03-31,180,P,79.0,1.96,77.4800033569336,4.05,4.15,4.1,4.06,2.4,0.15192498474121097,-0.47762,0.04819,-0.00473,0.21672,3.2842,52.0,43,408
TLT270331P00080000,TLT,2027-03-31,180,P,80.0,3.25,77.4800033569336,4.65,4.75,4.7,4.65,2.1,0.15119257019042973,-0.52495,0.0484,-0.00422,0.21664,3.8013,56.7,8,1313
TLT270331P00081000,TLT,2027-03-31,180,P,81.0,4.54,77.4800033569336,5.3,5.4,5.35,5.4,1.9,0.15070429382324224,-0.57162,0.04787,-0.00361,0.21356,4.3692,61.3,5,15038
TLT270331P00082000,TLT,2027-03-31,180,P,82.0,5.83,77.4800033569336,6.0,6.15,6.075,6.1,2.5,0.15320671020507814,-0.61404,0.04589,-0.00309,0.20814,5.0435,65.4,3,3531
TLT270331P00083000,TLT,2027-03-31,180,P,83.0,7.12,77.4800033569336,6.75,6.9,6.825,6.74,2.2,0.15393912475585939,-0.65546,0.04397,-0.00238,0.20037,5.72,69.4,1,680
TLT270331P00084000,TLT,2027-03-31,180,P,84.0,8.42,77.4800033569336,7.4,7.75,7.575,7.53,4.6,0.15845568115234376,-0.68906,0.04097,-0.0019,0.19221,6.5059,72.7,13,197
TLT270331P00085000,TLT,2027-03-31,180,P,85.0,9.71,77.4800033569336,8.2,8.65,8.425,7.35,5.3,0.16468120483398438,-0.71654,0.03779,-0.00154,0.18425,7.3497,75.4,5,91
TLT270331P00086000,TLT,2027-03-31,180,P,86.0,11.0,77.4800033569336,8.05,9.75,8.9,8.24,19.1,0.1825032922363281,-0.72442,0.03364,-0.00214,0.18174,8.4211,76.6,10,229
TLT270331P00087000,TLT,2027-03-31,180,P,87.0,12.29,77.4800033569336,8.9,10.95,9.925,9.14,20.7,0.20606262695312497,-0.72313,0.02986,-0.00323,0.18216,9.6022,76.9,11,89
TLT270331P00088000,TLT,2027-03-31,180,P,88.0,13.58,77.4800033569336,10.65,11.3,10.975,10.01,5.9,0.17420259399414065,-0.79341,0.03011,0.0003,0.1553,9.8428,82.7,7,11
TLT270331P00089000,TLT,2027-03-31,180,P,89.0,14.87,77.4800033569336,10.7,12.95,11.825,10.9,19.0,0.22827920166015625,-0.74585,0.02581,-0.00346,0.17441,11.5324,79.4,9,19
TLT270331P00090000,TLT,2027-03-31,180,P,90.0,16.16,77.4800033569336,11.65,14.45,13.05,11.91,21.5,0.26929441650390623,-0.72348,0.02283,-0.00605,0.18204,13.0372,78.3,6,19
TLT270331P00091000,TLT,2027-03-31,180,P,91.0,17.45,77.4800033569336,8.95,9.4,9.175,8.75,4.9,1.0000000000000003e-05,-1.0,0.0,0.00978,0.0,11.7425,100.0,1,6
TLT270331P00092000,TLT,2027-03-31,180,P,92.0,18.74,77.4800033569336,13.55,16.0,14.775,10.55,16.6,0.26270268554687504,-0.76789,0.02135,-0.00401,0.16606,14.4948,82.0,2,2
TLT270331P00093000,TLT,2027-03-31,180,P,93.0,20.03,77.4800033569336,13.8,17.05,15.425,14.69,21.1,0.2758861474609374,-0.77147,0.02016,-0.00436,0.16462,15.5197,82.6,40,54
TLT270331P00094000,TLT,2027-03-31,180,P,94.0,21.32,77.4800033569336,11.8,12.2,12.0,11.5,3.3,1.0000000000000003e-05,-1.0,0.0,0.0101,0.0,14.6839,100.0,2,6
TLT270331P00095000,TLT,2027-03-31,180,P,95.0,22.61,77.4800033569336,17.0,18.45,17.725,15.79,8.2,0.25110612182617187,-0.83047,0.01849,-0.00069,0.13744,16.8081,87.1,50,51
TLT270331P00096000,TLT,2027-03-31,180,P,96.0,23.9,77.4800033569336,16.75,20.05,18.4,14.8,17.9,0.3043282458496094,-0.78922,0.01744,-0.00456,0.15715,18.4362,84.6,1,9
TLT270416C00070000,TLT,2027-04-16,196,C,70.0,-9.65,77.4800033569336,8.2,8.8,8.5,8.1,7.1,0.18494467407226559,0.83531,0.02361,-0.01264,0.14077,9.9441,80.0,1,33
TLT270416C00072000,TLT,2027-04-16,196,C,72.0,-7.07,77.4800033569336,6.75,6.9,6.825,6.9,2.2,0.1596763720703125,0.80757,0.03017,-0.0123,0.15528,8.0293,77.4,1,3
TLT270416C00073000,TLT,2027-04-16,196,C,73.0,-5.78,77.4800033569336,6.05,6.15,6.1,6.05,1.6,0.15680774841308598,0.77718,0.0335,-0.01258,0.16934,7.2409,74.1,401,206
TLT270416C00075000,TLT,2027-04-16,196,C,75.0,-3.2,77.4800033569336,4.75,4.8,4.775,4.9,1.0,0.15296257202148442,0.70468,0.03975,-0.013,0.196,5.7923,66.5,105,296
TLT270416C00076000,TLT,2027-04-16,196,C,76.0,-1.91,77.4800033569336,4.15,4.2,4.175,4.41,1.2,0.15155877746582033,0.6637,0.0424,-0.01308,0.20716,5.1339,62.2,156,171
TLT270416C00077000,TLT,2027-04-16,196,C,77.0,-0.62,77.4800033569336,3.6,3.65,3.625,3.7,1.4,0.15039912109375003,0.62034,0.04458,-0.01306,0.21612,4.5219,57.8,81,276
TLT270416C00078000,TLT,2027-04-16,196,C,78.0,0.67,77.4800033569336,3.1,3.15,3.125,3.18,1.6,0.14936153381347655,0.57529,0.0462,-0.01293,0.22246,3.956,53.2,31,2539
TLT270416C00079000,TLT,2027-04-16,196,C,79.0,1.96,77.4800033569336,2.64,2.7,2.67,2.7,2.2,0.1485680847167969,0.52921,0.04717,-0.01268,0.2259,3.44,48.6,22,25305
TLT270416C00080000,TLT,2027-04-16,196,C,80.0,3.25,77.4800033569336,2.26,2.29,2.275,2.31,1.3,0.147469462890625,0.4827,0.0476,-0.01229,0.22629,2.9622,44.0,4618,12297
TLT270416C00081000,TLT,2027-04-16,196,C,81.0,4.54,77.4800033569336,1.9,1.94,1.92,1.94,2.1,0.14710325561523438,0.43683,0.04717,-0.01182,0.22366,2.5457,39.5,17,5922
TLT270416C00082000,TLT,2027-04-16,196,C,82.0,5.83,77.4800033569336,1.6,1.65,1.625,1.84,3.1,0.1475915319824219,0.39298,0.04588,-0.01132,0.21831,2.1912,35.2,112,1718
TLT270416C00083000,TLT,2027-04-16,196,C,83.0,7.12,77.4800033569336,1.35,1.39,1.37,1.37,2.9,0.14783567016601565,0.35092,0.04417,-0.01071,0.2105,1.8718,31.2,1,3859
TLT270416C00084000,TLT,2027-04-16,196,C,84.0,8.42,77.4800033569336,1.14,1.18,1.16,1.25,3.4,0.14887325744628904,0.31236,0.04188,-0.01011,0.20096,1.6064,27.5,3,9326
TLT270416C00085000,TLT,2027-04-16,196,C,85.0,9.71,77.4800033569336,0.97,1.0,0.985,1.12,3.0,0.1500329138183594,0.27686,0.0393,-0.00947,0.19008,1.3768,24.1,45,5977
TLT270416C00086000,TLT,2027-04-16,196,C,86.0,11.0,77.4800033569336,0.82,0.86,0.84,0.93,4.8,0.15210808837890627,0.24587,0.03647,-0.0089,0.17883,1.1934,21.2,20,4248
TLT270416C00087000,TLT,2027-04-16,196,C,87.0,12.29,77.4800033569336,0.7,0.73,0.715,0.67,4.2,0.15332877929687502,0.2165,0.0337,-0.00824,0.16657,1.0204,18.5,3,2262
TLT270416C00088000,TLT,2027-04-16,196,C,88.0,13.58,77.4800033569336,0.59,0.63,0.61,0.64,6.6,0.15552602294921875,0.19169,0.0309,-0.00768,0.15491,0.886,16.2,13,1487
TLT270416C00089000,TLT,2027-04-16,196,C,89.0,14.87,77.4800033569336,0.51,0.54,0.525,0.55,5.7,0.15747912841796874,0.16919,0.02822,-0.00711,0.14324,0.7667,14.2,85,4171
TLT270416C00090000,TLT,2027-04-16,196,C,90.0,16.16,77.4800033569336,0.44,0.47,0.455,0.46,6.6,0.15992051025390625,0.15003,0.02568,-0.0066,0.1324,0.6703,12.4,2150,40480
TLT270416C00091000,TLT,2027-04-16,196,C,91.0,17.45,77.4800033569336,0.38,0.41,0.395,0.39,7.6,0.16236189208984375,0.13311,0.02333,-0.00612,0.12208,0.5872,10.9,2233,12412
TLT270416C00092000,TLT,2027-04-16,196,C,92.0,18.74,77.4800033569336,0.33,0.36,0.345,0.36,8.7,0.16480327392578126,0.11819,0.02115,-0.00567,0.11237,0.5156,9.6,317,12975
TLT270416C00093000,TLT,2027-04-16,196,C,93.0,20.03,77.4800033569336,0.29,0.31,0.3,0.32,6.7,0.16651224121093755,0.10397,0.0191,-0.00519,0.1025,0.4462,8.4,1,866
TLT270416C00094000,TLT,2027-04-16,196,C,94.0,21.32,77.4800033569336,0.25,0.28,0.265,0.25,11.3,0.16993017578125003,0.09386,0.01736,-0.00488,0.09511,0.4026,7.5,50,134
TLT270416C00095000,TLT,2027-04-16,196,C,95.0,22.61,77.4800033569336,0.23,0.25,0.24,0.25,8.3,0.17285983398437502,0.08434,0.01576,-0.00455,0.08784,0.3604,6.6,50,2005
TLT270416C00096000,TLT,2027-04-16,196,C,96.0,23.9,77.4800033569336,0.2,0.22,0.21,0.18,9.5,0.17505707763671874,0.07505,0.01425,-0.00419,0.08041,0.3179,5.9,3,646
TLT270416P00060000,TLT,2027-04-16,196,P,60.0,-22.56,77.4800033569336,0.16,0.18,0.17,0.15,11.8,0.20313296874999998,-0.02641,0.00531,-0.00156,0.03475,0.1222,3.7,28,79
TLT270416P00061000,TLT,2027-04-16,196,P,61.0,-21.27,77.4800033569336,0.19,0.22,0.205,0.16,14.6,0.20020331054687499,-0.03217,0.00634,-0.0018,0.04093,0.1508,4.4,65,130
TLT270416P00062000,TLT,2027-04-16,196,P,62.0,-19.98,77.4800033569336,0.23,0.26,0.245,0.12,12.2,0.1958088232421875,-0.03797,0.00743,-0.002,0.04689,0.1783,5.1,10,13
TLT270416P00063000,TLT,2027-04-16,196,P,63.0,-18.69,77.4800033569336,0.27,0.3,0.285,0.22,10.5,0.19043778320312502,-0.04399,0.00861,-0.00217,0.05284,0.2053,5.9,12,98
TLT270416P00064000,TLT,2027-04-16,196,P,64.0,-17.4,77.4800033569336,0.33,0.35,0.34,0.35,5.9,0.18555501953124998,-0.05138,0.01,-0.00237,0.05984,0.2393,6.7,10,44
TLT270416P00065000,TLT,2027-04-16,196,P,65.0,-16.11,77.4800033569336,0.4,0.42,0.41,0.37,4.9,0.1821370849609375,-0.06135,0.01172,-0.00264,0.06882,0.289,7.9,100,137
TLT270416P00066000,TLT,2027-04-16,196,P,66.0,-14.82,77.4800033569336,0.48,0.5,0.49,0.39,4.1,0.17847501220703127,-0.07272,0.01364,-0.00292,0.0785,0.346,9.3,15,70
TLT270416P00067000,TLT,2027-04-16,196,P,67.0,-13.53,77.4800033569336,0.58,0.61,0.595,0.57,5.0,0.17615569946289064,-0.08743,0.01589,-0.00327,0.09023,0.4253,11.0,1,92
TLT270416P00068000,TLT,2027-04-16,196,P,68.0,-12.24,77.4800033569336,0.7,0.73,0.715,0.72,4.2,0.17310397216796874,-0.10354,0.01831,-0.00358,0.1022,0.5122,12.8,12,173
TLT270416P00069000,TLT,2027-04-16,196,P,69.0,-10.94,77.4800033569336,0.83,0.87,0.85,0.66,4.7,0.1700522448730469,-0.12204,0.02097,-0.00388,0.11493,0.6146,14.9,4,79
TLT270416P00070000,TLT,2027-04-16,196,P,70.0,-9.65,77.4800033569336,1.0,1.03,1.015,1.01,3.0,0.16687844848632816,-0.14298,0.02383,-0.00416,0.12819,0.7332,17.2,45,2218
TLT270416P00071000,TLT,2027-04-16,196,P,71.0,-8.36,77.4800033569336,1.19,1.23,1.21,1.31,3.3,0.1645591357421875,-0.16785,0.02686,-0.00446,0.14251,0.8838,20.0,1,19
TLT270416P00072000,TLT,2027-04-16,196,P,72.0,-7.07,77.4800033569336,1.42,1.46,1.44,1.4,2.8,0.16211775390625,-0.19554,0.03,-0.00471,0.1568,1.0573,23.0,2,128
TLT270416P00073000,TLT,2027-04-16,196,P,73.0,-5.78,77.4800033569336,1.68,1.73,1.705,1.76,2.9,0.1601646484375,-0.22688,0.03314,-0.00492,0.17108,1.2667,26.4,2,134
TLT270416P00074000,TLT,2027-04-16,196,P,74.0,-4.49,77.4800033569336,1.99,2.04,2.015,1.95,2.5,0.15821154296875,-0.26121,0.0362,-0.00507,0.18461,1.5078,30.0,1,53
TLT270416P00075000,TLT,2027-04-16,196,P,75.0,-3.2,77.4800033569336,2.34,2.4,2.37,2.3,2.5,0.1568687829589844,-0.29898,0.03898,-0.00515,0.1971,1.7953,34.0,49,2128
TLT270416P00076000,TLT,2027-04-16,196,P,76.0,-1.91,77.4800033569336,2.73,2.78,2.755,2.79,1.8,0.1544274011230469,-0.3384,0.04171,-0.00508,0.20766,2.0983,38.1,41,1329
TLT270416P00077000,TLT,2027-04-16,196,P,77.0,-0.62,77.4800033569336,3.15,3.25,3.2,3.2,3.1,0.15412222839355472,-0.38145,0.04356,-0.005,0.21643,2.4862,42.5,5,777
TLT270416P00078000,TLT,2027-04-16,196,P,78.0,0.67,77.4800033569336,3.65,3.75,3.7,3.31,2.7,0.1530846411132813,-0.42546,0.0451,-0.00476,0.22254,2.9013,47.0,5,583
TLT270416P00079000,TLT,2027-04-16,196,P,79.0,1.96,77.4800033569336,4.2,4.3,4.25,4.14,2.4,0.15229119201660157,-0.47043,0.04601,-0.00441,0.22588,3.3654,51.5,1,790
TLT270416P00080000,TLT,2027-04-16,196,P,80.0,3.25,77.4800033569336,4.75,4.9,4.825,4.8,3.1,0.15174188110351564,-0.51559,0.04627,-0.00396,0.22633,3.8789,56.0,9,2595
TLT270416P00081000,TLT,2027-04-16,196,P,81.0,4.54,77.4800033569336,5.45,5.55,5.5,5.45,1.8,0.1514977429199219,-0.5601,0.04585,-0.00341,0.22393,4.4427,60.3,100,4713
TLT270416P00082000,TLT,2027-04-16,196,P,82.0,5.83,77.4800033569336,6.15,6.25,6.2,5.95,1.6,0.15174188110351564,-0.60301,0.04475,-0.0028,0.21891,5.0593,64.5,201,52748
TLT270416P00083000,TLT,2027-04-16,196,P,83.0,7.12,77.4800033569336,6.85,7.0,6.925,6.88,2.2,0.15271843383789066,-0.64322,0.04301,-0.00216,0.21175,5.7311,68.4,6,3205
TLT270416P00084000,TLT,2027-04-16,196,P,84.0,8.42,77.4800033569336,7.55,7.85,7.7,7.52,3.9,0.1573570593261719,-0.67608,0.04023,-0.00174,0.20407,6.5132,71.6,31,712
TLT270416P00085000,TLT,2027-04-16,196,P,85.0,9.71,77.4800033569336,8.2,8.65,8.425,8.2,5.3,0.15796740478515625,-0.71116,0.03809,-0.00098,0.19398,7.2429,74.9,5,8913
TLT270416P00086000,TLT,2027-04-16,196,P,86.0,11.0,77.4800033569336,9.15,9.5,9.325,9.34,3.8,0.15992051025390625,-0.74163,0.03561,-0.00031,0.18357,8.0275,77.8,1,112
TLT270416P00087000,TLT,2027-04-16,196,P,87.0,12.29,77.4800033569336,10.0,10.4,10.2,10.15,3.9,0.16394879028320314,-0.766,0.03293,0.0002,0.17406,8.8726,80.1,1,19
TLT270416P00088000,TLT,2027-04-16,196,P,88.0,13.58,77.4800033569336,10.35,11.35,10.85,10.32,9.2,0.17054052124023442,-0.7836,0.03029,0.00048,0.16652,9.7776,81.8,5,201
TLT270416P00089000,TLT,2027-04-16,196,P,89.0,14.87,77.4800033569336,10.75,12.75,11.75,11.86,17.0,0.20667297241210933,-0.75732,0.02665,-0.0017,0.17757,11.193,80.2,85,128
TLT270416P00090000,TLT,2027-04-16,196,P,90.0,16.16,77.4800033569336,12.8,13.15,12.975,12.92,2.7,0.17408052490234377,-0.82692,0.0259,0.00182,0.14533,11.4746,85.8,5,216
TLT270416P00091000,TLT,2027-04-16,196,P,91.0,17.45,77.4800033569336,12.65,14.65,13.65,13.7,14.7,0.21973436523437498,-0.78377,0.0235,-0.00125,0.16645,13.0139,82.8,1,12
TLT270416P00092000,TLT,2027-04-16,196,P,92.0,18.74,77.4800033569336,13.6,15.9,14.75,13.54,15.6,0.24549094360351562,-0.77201,0.02168,-0.00263,0.17155,14.257,82.3,10,34
TLT270416P00093000,TLT,2027-04-16,196,P,93.0,20.03,77.4800033569336,13.85,17.1,15.475,12.2,21.0,0.26758544921875,-0.76533,0.02021,-0.00371,0.17434,15.4435,82.1,2,104
TLT270416P00094000,TLT,2027-04-16,196,P,94.0,21.32,77.4800033569336,11.9,12.35,12.125,10.15,3.7,1.0000000000000003e-05,-1.0,0.0,0.01008,0.0,14.5225,100.0,2,9
TLT270416P00095000,TLT,2027-04-16,196,P,95.0,22.61,77.4800033569336,11.85,14.45,13.15,11.8,19.8,1.0000000000000003e-05,-1.0,0.0,0.01019,0.0,15.5012,100.0,20,41
TLT270416P00096000,TLT,2027-04-16,196,P,96.0,23.9,77.4800033569336,13.7,14.25,13.975,11.94,3.9,1.0000000000000003e-05,-1.0,0.0,0.0103,0.0,16.48,100.0,1,4
